Image_ID,Clock_Cycle,Neuron_ID
0,648,5
0,728,25
0,748,30
0,828,50
0,876,62
0,972,86
0,1024,99
0,1084,114
0,1148,130
0,1196,142
0,1848,5
0,1928,25
0,1948,30
0,2028,50
0,2076,62
0,2172,86
0,2224,99
0,2284,114
0,2348,130
0,2396,142
0,3048,5
0,3128,25
0,3148,30
0,3228,50
0,3264,59
0,3276,62
0,3372,86
0,3424,99
0,3456,107
0,3484,114
0,3548,130
0,3596,142
0,3808,45
0,3812,46
0,3816,47
0,3820,48
0,3824,49
0,3832,51
0,3836,52
0,3844,54
0,3852,56
0,3856,57
0,4048,105
0,4052,106
0,4064,109
0,4068,110
0,4076,112
0,4080,113
0,4088,115
0,4092,116
0,4096,117
0,4100,118
0,4104,119
0,4248,5
0,4328,25
0,4348,30
0,4360,33
0,4372,36
0,4388,40
0,4392,41
0,4428,50
0,4440,53
0,4448,55
0,4460,58
0,4476,62
0,4572,86
0,4624,99
0,4660,108
0,4672,111
0,4684,114
0,4748,130
0,4796,142
0,4872,11
0,4952,31
0,4968,35
0,4976,37
0,4984,39
0,5004,44
0,5096,67
0,5104,69
0,5116,72
0,5120,73
0,5124,74
0,5136,77
0,5140,78
0,5152,81
0,5156,82
0,5168,85
0,5312,121
0,5316,122
0,5324,124
0,5328,125
0,5344,129
0,5356,132
0,5428,0
0,5432,1
0,5436,2
0,5440,3
0,5448,5
0,5452,6
0,5456,7
0,5464,9
0,5468,10
0,5476,12
0,5480,13
0,5528,25
0,5548,30
0,5556,32
0,5564,34
0,5580,38
0,5596,42
0,5600,43
0,5628,50
0,5668,60
0,5672,61
0,5676,62
0,5680,63
0,5684,64
0,5688,65
0,5692,66
0,5700,68
0,5708,70
0,5712,71
0,5728,75
0,5732,76
0,5744,79
0,5760,83
0,5764,84
0,5772,86
0,5776,87
0,5780,88
0,5784,89
0,5800,93
0,5824,99
0,5836,102
0,5848,105
0,5856,107
0,5864,109
0,5868,110
0,5876,112
0,5880,113
0,5884,114
0,5888,115
0,5892,116
0,5896,117
0,5900,118
0,5904,119
0,5908,120
0,5920,123
0,5932,126
0,5936,127
0,5940,128
0,5948,130
0,5952,131
0,5960,133
0,5964,134
0,5968,135
0,5972,136
0,5976,137
0,5980,138
0,5984,139
0,5988,140
0,5992,141
0,5996,142
0,6000,143
0,6004,144
0,6008,145
0,6012,146
0,6016,147
0,6020,148
0,6024,149
0,6044,4
0,6060,8
0,6084,14
0,6348,80
0,6388,90
0,6396,92
0,6404,94
0,6408,95
0,6412,96
0,6416,97
0,6420,98
0,6428,100
0,6432,101
0,6440,103
0,6444,104
0,6452,106
0,6460,108
0,6472,111
0,6648,5
0,6728,25
0,6736,27
0,6748,30
0,6808,45
0,6820,48
0,6828,50
0,6864,59
0,6876,62
0,6936,77
0,6952,81
0,6956,82
0,6972,86
0,6992,91
0,7024,99
0,7080,113
0,7084,114
0,7128,125
0,7144,129
0,7148,130
0,7196,142
0,7228,0
0,7264,9
0,7268,10
0,7272,11
0,7280,13
0,7288,15
0,7292,16
0,7296,17
0,7300,18
0,7304,19
0,7308,20
0,7312,21
0,7316,22
0,7320,23
0,7332,26
0,7340,28
0,7344,29
0,7360,33
0,7392,41
0,7412,46
0,7416,47
0,7424,49
0,7432,51
0,7436,52
0,7444,54
0,7452,56
0,7456,57
0,7528,75
0,7540,78
0,7560,83
0,7564,84
0,7568,85
0,7580,88
0,7648,105
0,7656,107
0,7664,109
0,7668,110
0,7676,112
0,7688,115
0,7692,116
0,7696,117
0,7700,118
0,7704,119
0,7712,121
0,7716,122
0,7724,124
0,7756,132
0,7768,135
0,7772,136
0,7776,137
0,7780,138
0,7784,139
0,7788,140
0,7792,141
0,7800,143
0,7804,144
0,7808,145
0,7812,146
0,7816,147
0,7820,148
0,7824,149
0,7832,1
0,7836,2
0,7840,3
0,7844,4
0,7848,5
0,7852,6
0,7856,7
0,7876,12
0,7924,24
0,7928,25
0,7948,30
0,7972,36
0,7988,40
0,8028,50
0,8040,53
0,8048,55
0,8060,58
0,8076,62
0,8132,76
0,8144,79
0,8148,80
0,8172,86
0,8176,87
0,8184,89
0,8224,99
0,8252,106
0,8260,108
0,8272,111
0,8284,114
0,8308,120
0,8332,126
0,8336,127
0,8348,130
0,8352,131
0,8360,133
0,8396,142
0,8460,8
0,8484,14
0,8536,27
0,8552,31
0,8556,32
0,8568,35
0,8576,37
0,8580,38
0,8584,39
0,8596,42
0,8604,44
0,8800,93
0,8832,101
0,8864,109
0,8880,113
0,8920,123
0,8940,128
0,8964,134
0,9048,5
0,9092,16
0,9096,17
0,9100,18
0,9104,19
0,9108,20
0,9112,21
0,9116,22
0,9120,23
0,9128,25
0,9132,26
0,9140,28
0,9144,29
0,9148,30
0,9164,34
0,9200,43
0,9208,45
0,9220,48
0,9228,50
0,9264,59
0,9276,62
0,9280,63
0,9296,67
0,9316,72
0,9320,73
0,9324,74
0,9328,75
0,9336,77
0,9352,81
0,9356,82
0,9372,86
0,9424,99
0,9436,102
0,9444,104
0,9448,105
0,9456,107
0,9468,110
0,9476,112
0,9484,114
0,9488,115
0,9492,116
0,9496,117
0,9500,118
0,9504,119
0,9528,125
0,9544,129
0,9548,130
0,9568,135
0,9572,136
0,9576,137
0,9580,138
0,9584,139
0,9588,140
0,9592,141
0,9596,142
0,9600,143
0,9604,144
0,9608,145
0,9612,146
0,9616,147
0,9620,148
0,9624,149
0,9628,0
0,9640,3
0,9664,9
0,9668,10
0,9672,11
0,9680,13
0,9688,15
0,9724,24
0,9760,33
0,9792,41
0,9812,46
0,9816,47
0,9824,49
0,9832,51
0,9836,52
0,9844,54
0,9852,56
0,9856,57
0,9868,60
0,9872,61
0,9884,64
0,9888,65
0,9892,66
0,9900,68
0,9904,69
0,9908,70
0,9912,71
0,9940,78
0,9960,83
0,9968,85
0,9980,88
0,9988,90
0,10012,96
0,10052,106
0,10060,108
0,10072,111
0,10232,1
0,10236,2
0,10244,4
0,10248,5
0,10252,6
0,10256,7
0,10276,12
0,10328,25
0,10348,30
0,10372,36
0,10388,40
0,10428,50
0,10440,53
0,10448,55
0,10460,58
0,10476,62
0,10532,76
0,10544,79
0,10564,84
0,10572,86
0,10576,87
0,10584,89
0,10596,92
0,10624,99
0,10664,109
0,10680,113
0,10684,114
0,10708,120
0,10712,121
0,10724,124
0,10732,126
0,10748,130
0,10756,132
0,10796,142
0,10860,8
0,10884,14
0,10952,31
0,10980,38
0,10984,39
0,11148,80
0,11216,97
0,11228,100
0,11248,105
0,11268,110
0,11288,115
0,11296,117
0,11316,122
0,11336,127
0,11340,128
0,11352,131
0,11360,133
0,11424,149
0,11448,5
0,11528,25
0,11548,30
0,11556,32
0,11568,35
0,11576,37
0,11604,44
0,11628,50
0,11676,62
0,11720,73
0,11772,86
0,11820,98
0,11824,99
0,11856,107
0,11876,112
0,11884,114
0,11892,116
0,11900,118
0,11904,119
0,11948,130
0,11996,142
0,12064,9
0,12068,10
0,12196,42
0,12296,67
0,12316,72
0,12324,74
0,12336,77
0,12408,95
0,12440,103
0,12452,106
0,12460,108
0,12472,111
0,12520,123
0,12528,125
0,12544,129
0,12564,134
0,12568,135
0,12572,136
0,12576,137
0,12580,138
0,12584,139
0,12592,141
0,12600,143
0,12612,146
0,12616,147
0,12620,148
0,12628,0
0,12640,3
0,12648,5
0,12672,11
0,12680,13
0,12728,25
0,12748,30
0,12800,43
0,12820,48
0,12828,50
0,12868,60
0,12876,62
0,12880,63
0,12884,64
0,12900,68
0,12904,69
0,12908,70
0,12928,75
0,12940,78
0,12952,81
0,12956,82
0,12960,83
0,12968,85
0,12972,86
0,12980,88
0,13004,94
0,13024,99
0,13048,105
0,13064,109
0,13068,110
0,13080,113
0,13084,114
0,13088,115
0,13148,130
0,13188,140
0,13196,142
0,13204,144
0,13208,145
0,13232,1
0,13236,2
0,13244,4
0,13252,6
0,13256,7
0,13276,12
0,13364,34
0,13408,45
0,13416,47
0,13464,59
0,13472,61
0,13488,65
0,13492,66
0,13512,71
0,13532,76
0,13544,79
0,13564,84
0,13576,87
0,13584,89
0,13592,91
0,13656,107
0,13676,112
0,13692,116
0,13696,117
0,13700,118
0,13704,119
0,13708,120
0,13712,121
0,13724,124
0,13732,126
0,13756,132
0,13824,149
0,13848,5
0,13860,8
0,13884,14
0,13928,25
0,13948,30
0,14028,50
0,14076,62
0,14148,80
0,14172,86
0,14188,90
0,14212,96
0,14224,99
0,14232,101
0,14236,102
0,14244,104
0,14252,106
0,14260,108
0,14272,111
0,14284,114
0,14316,122
0,14336,127
0,14340,128
0,14348,130
0,14352,131
0,14360,133
0,14368,135
0,14372,136
0,14376,137
0,14380,138
0,14384,139
0,14392,141
0,14396,142
0,14400,143
0,14412,146
0,14416,147
0,14420,148
0,14464,9
0,14468,10
0,14500,18
0,14520,23
0,14536,27
0,14560,33
0,14632,51
0,14720,73
0,14728,75
0,14736,77
0,14740,78
0,14760,83
0,14768,85
0,14796,92
0,14800,93
0,14816,97
0,14820,98
0,14828,100
0,14840,103
0,14848,105
0,14864,109
0,14868,110
0,14880,113
0,14888,115
0,14920,123
0,14944,129
0,14964,134
0,14988,140
0,15004,144
0,15008,145
0,15028,0
0,15040,3
0,15048,5
0,15072,11
0,15080,13
0,15092,16
0,15096,17
0,15104,19
0,15108,20
0,15112,21
0,15116,22
0,15124,24
0,15128,25
0,15132,26
0,15140,28
0,15144,29
0,15148,30
0,15192,41
0,15224,49
0,15228,50
0,15236,52
0,15244,54
0,15252,56
0,15256,57
0,15276,62
0,15296,67
0,15324,74
0,15352,81
0,15356,82
0,15364,84
0,15372,86
0,15380,88
0,15404,94
0,15408,95
0,15424,99
0,15456,107
0,15472,111
0,15476,112
0,15484,114
0,15492,116
0,15496,117
0,15500,118
0,15504,119
0,15528,125
0,15548,130
0,15596,142
0,15632,1
0,15636,2
0,15644,4
0,15652,6
0,15656,7
0,15676,12
0,15688,15
0,15768,35
0,15772,36
0,15788,40
0,15812,46
0,15848,55
0,15860,58
0,15900,68
0,15916,72
0,15932,76
0,15944,79
0,15976,87
0,15984,89
0,15992,91
0,16052,106
0,16060,108
0,16224,149
0,16248,5
0,16260,8
0,16284,14
0,16296,17
0,16300,18
0,16308,20
0,16316,22
0,16320,23
0,16328,25
0,16336,27
0,16340,28
0,16348,30
0,16352,31
0,16356,32
0,16376,37
0,16380,38
0,16384,39
0,16396,42
0,16420,48
0,16428,50
0,16440,53
0,16476,62
0,16480,63
0,16572,86
0,16624,99
0,16648,105
0,16664,109
0,16668,110
0,16672,111
0,16680,113
0,16684,114
0,16688,115
0,16712,121
0,16724,124
0,16732,126
0,16748,130
0,16768,135
0,16776,137
0,16780,138
0,16784,139
0,16792,141
0,16796,142
0,16800,143
0,16816,147
0,16820,148
0,16892,16
0,16904,19
0,16912,21
0,16924,24
0,16932,26
0,16944,29
0,16964,34
0,17000,43
0,17004,44
0,17008,45
0,17016,47
0,17032,51
0,17064,59
0,17068,60
0,17084,64
0,17104,69
0,17108,70
0,17140,78
0,17148,80
0,17252,106
0,17256,107
0,17276,112
0,17292,116
0,17296,117
0,17300,118
0,17304,119
0,17308,120
0,17356,132
0,17372,136
0,17404,144
0,17408,145
0,17412,146
0,17448,5
0,17464,9
0,17528,25
0,17548,30
0,17624,49
0,17628,50
0,17636,52
0,17644,54
0,17656,57
0,17672,61
0,17676,62
0,17688,65
0,17692,66
0,17712,71
0,17736,77
0,17760,83
0,17772,86
0,17824,99
0,17860,108
0,17864,109
0,17868,110
0,17884,114
0,17916,122
0,17936,127
0,17940,128
0,17948,130
0,17952,131
0,17960,133
0,17988,140
0,17996,142
0,18028,0
0,18040,3
0,18068,10
0,18072,11
0,18076,12
0,18080,13
0,18160,33
0,18168,35
0,18188,40
0,18192,41
0,18248,55
0,18252,56
0,18260,58
0,18300,68
0,18316,72
0,18324,74
0,18328,75
0,18356,82
0,18368,85
0,18380,88
0,18448,105
0,18472,111
0,18480,113
0,18488,115
0,18520,123
0,18544,129
0,18564,134
0,18592,141
0,18616,147
0,18620,148
0,18632,1
0,18636,2
0,18644,4
0,18648,5
0,18652,6
0,18656,7
0,18660,8
0,18684,14
0,18688,15
0,18728,25
0,18748,30
0,18772,36
0,18796,42
0,18812,46
0,18828,50
0,18876,62
0,18880,63
0,18896,67
0,18920,73
0,18944,79
0,18964,84
0,18972,86
0,19024,99
0,19052,106
0,19056,107
0,19076,112
0,19084,114
0,19092,116
0,19096,117
0,19100,118
0,19104,119
0,19124,124
0,19128,125
0,19148,130
0,19176,137
0,19180,138
0,19184,139
0,19196,142
0,19200,143
0,19224,149
0,19352,31
0,19356,32
0,19364,34
0,19376,37
0,19380,38
0,19384,39
0,19440,53
0,19504,69
0,19552,81
0,19584,89
0,19708,120
0,19712,121
0,19732,126
0,19756,132
0,19768,135
0,19848,5
0,19864,9
0,19928,25
0,19948,30
0,20000,43
0,20004,44
0,20016,47
0,20020,48
0,20028,50
0,20068,60
0,20072,61
0,20076,62
0,20084,64
0,20108,70
0,20172,86
0,20176,87
0,20224,99
0,20260,108
0,20264,109
0,20268,110
0,20284,114
0,20340,128
0,20348,130
0,20352,131
0,20372,136
0,20396,142
0,20404,144
0,20408,145
0,20412,146
0,20428,0
0,20440,3
0,20468,10
0,20472,11
0,20476,12
0,20480,13
0,20664,59
0,20692,66
0,20712,71
0,20832,101
0,20872,111
0,20880,113
0,20916,122
0,20936,127
0,20944,129
0,20960,133
0,20964,134
0,21032,1
0,21036,2
0,21044,4
0,21048,5
0,21052,6
0,21056,7
0,21060,8
0,21084,14
0,21128,25
0,21148,30
0,21208,45
0,21228,50
0,21232,51
0,21276,62
0,21288,65
0,21332,76
0,21372,86
0,21388,90
0,21412,96
0,21424,99
0,21448,105
0,21452,106
0,21484,114
0,21488,115
0,21496,117
0,21504,119
0,21528,125
0,21548,130
0,21588,140
0,21596,142
0,21616,147
0,21740,28
0,21760,33
0,21768,35
0,21788,40
0,21792,41
0,21796,42
0,21836,52
0,21844,54
0,21856,57
0,21900,68
0,21916,72
0,21920,73
0,21924,74
0,22036,102
0,22056,107
0,22076,112
0,22092,116
0,22100,118
0,22108,120
0,22120,123
0,22124,124
0,22132,126
0,22156,132
0,22180,138
0,22192,141
0,22200,143
0,22220,148
0,22224,149
0,22248,5
0,22316,22
0,22328,25
0,22348,30
0,22352,31
0,22356,32
0,22364,34
0,22372,36
0,22376,37
0,22380,38
0,22384,39
0,22424,49
0,22428,50
0,22452,56
0,22476,62
0,22480,63
0,22484,64
0,22496,67
0,22504,69
0,22540,78
0,22572,86
0,22596,92
0,22616,97
0,22620,98
0,22624,99
0,22628,100
0,22660,108
0,22664,109
0,22668,110
0,22680,113
0,22684,114
0,22712,121
0,22740,128
0,22748,130
0,22752,131
0,22768,135
0,22772,136
0,22776,137
0,22784,139
0,22796,142
0,22812,146
0,22828,0
0,22864,9
0,22868,10
0,22876,12
0,22880,13
0,22896,17
0,23004,44
0,23060,58
0,23068,60
0,23072,61
0,23092,66
0,23108,70
0,23112,71
0,23244,104
0,23248,105
0,23252,106
0,23272,111
0,23288,115
0,23304,119
0,23316,122
0,23344,129
0,23360,133
0,23404,144
0,23408,145
0,23440,3
0,23448,5
0,23472,11
0,23528,25
0,23548,30
0,23600,43
0,23612,46
0,23628,50
0,23648,55
0,23676,62
0,23688,65
0,23716,72
0,23772,86
0,23800,93
0,23804,94
0,23824,99
0,23840,103
0,23856,107
0,23876,112
0,23884,114
0,23892,116
0,23896,117
0,23928,125
0,23936,127
0,23948,130
0,23964,134
0,23980,138
0,23988,140
0,23992,141
0,23996,142
0,24016,147
0,24100,18
0,24136,27
0,24216,47
0,24220,48
0,24240,53
0,24264,59
0,24320,73
0,24324,74
0,24392,91
0,24408,95
0,24460,108
0,24464,109
0,24468,110
0,24500,118
0,24600,143
0,24612,146
0,24620,148
0,24624,149
0,24632,1
0,24636,2
0,24644,4
0,24648,5
0,24652,6
0,24656,7
0,24660,8
0,24684,14
0,24708,20
0,24720,23
0,24728,25
0,24748,30
0,24768,35
0,24788,40
0,24792,41
0,24796,42
0,24828,50
0,24876,62
0,24880,63
0,24896,67
0,24900,68
0,24948,80
0,24960,83
0,24972,86
0,25024,99
0,25052,106
0,25080,113
0,25084,114
0,25108,120
0,25120,123
0,25124,124
0,25148,130
0,25156,132
0,25168,135
0,25172,136
0,25176,137
0,25184,139
0,25196,142
0,25304,19
0,25332,26
0,25352,31
0,25356,32
0,25360,33
0,25364,34
0,25372,36
0,25380,38
0,25384,39
0,25408,45
0,25432,51
0,25468,60
0,25472,61
0,25484,64
0,25492,66
0,25504,69
0,25508,70
0,25512,71
0,25528,75
0,25536,77
0,25544,79
0,25556,82
0,25568,85
0,25580,88
0,25588,90
0,25612,96
0,25616,97
0,25620,98
0,25632,101
0,25636,102
0,25648,105
0,25656,107
0,25672,111
0,25688,115
0,25704,119
0,25712,121
0,25732,126
0,25740,128
0,25744,129
0,25752,131
0,25760,133
0,25780,138
0,25788,140
0,25804,144
0,25808,145
0,25848,5
0,25928,25
0,25948,30
0,25976,37
0,26004,44
0,26024,49
0,26028,50
0,26036,52
0,26044,54
0,26052,56
0,26056,57
0,26076,62
0,26088,65
0,26116,72
0,26132,76
0,26152,81
0,26164,84
0,26172,86
0,26184,89
0,26196,92
0,26200,93
0,26204,94
0,26224,99
0,26228,100
0,26260,108
0,26276,112
0,26284,114
0,26292,116
0,26296,117
0,26300,118
0,26316,122
0,26336,127
0,26348,130
0,26392,141
0,26396,142
0,26400,143
0,26412,146
0,26416,147
0,26420,148
0,26424,149
0,26476,12
0,26600,43
0,26648,55
0,26660,58
0,26680,63
0,26696,67
0,26700,68
0,26720,73
0,26724,74
0,26776,87
0,26792,91
0,26808,95
0,26840,103
0,26844,104
0,26852,106
0,26864,109
0,26868,110
0,26880,113
0,26964,134
0,26968,135
0,26972,136
0,26976,137
0,26984,139
0,27048,5
0,27092,16
0,27128,25
0,27148,30
0,27188,40
0,27192,41
0,27196,42
0,27212,46
0,27216,47
0,27220,48
0,27228,50
0,27240,53
0,27264,59
0,27268,60
0,27272,61
0,27276,62
0,27284,64
0,27292,66
0,27304,69
0,27308,70
0,27312,71
0,27372,86
0,27424,99
0,27432,101
0,27448,105
0,27456,107
0,27472,111
0,27484,114
0,27488,115
0,27504,119
0,27528,125
0,27548,130
0,27556,132
0,27580,138
0,27588,140
0,27596,142
0,27604,144
0,27608,145
0,27628,0
0,27664,9
0,27680,13
0,27744,29
0,27752,31
0,27768,35
0,27772,36
0,27780,38
0,27832,51
0,27888,65
0,27916,72
0,27940,78
0,27988,90
0,28012,96
0,28016,97
0,28020,98
0,28036,102
0,28060,108
0,28076,112
0,28092,116
0,28096,117
0,28100,118
0,28108,120
0,28120,123
0,28124,124
0,28192,141
0,28200,143
0,28212,146
0,28216,147
0,28220,148
0,28224,149
0,28248,5
0,28268,10
0,28272,11
0,28312,21
0,28324,24
0,28328,25
0,28348,30
0,28356,32
0,28360,33
0,28364,34
0,28376,37
0,28384,39
0,28404,44
0,28408,45
0,28424,49
0,28428,50
0,28436,52
0,28444,54
0,28452,56
0,28472,61
0,28476,62
0,28480,63
0,28496,67
0,28500,68
0,28520,73
0,28524,74
0,28528,75
0,28536,77
0,28548,80
0,28560,83
0,28568,85
0,28572,86
0,28580,88
0,28592,91
0,28596,92
0,28600,93
0,28604,94
0,28608,95
0,28624,99
0,28628,100
0,28652,106
0,28664,109
0,28668,110
0,28680,113
0,28684,114
0,28712,121
0,28740,128
0,28744,129
0,28748,130
0,28752,131
0,28760,133
0,28768,135
0,28772,136
0,28776,137
0,28784,139
0,28796,142
0,28804,144
0,29048,55
0,29056,57
0,29060,58
0,29068,60
0,29084,64
0,29088,65
0,29092,66
0,29104,69
0,29108,70
0,29112,71
0,29144,79
0,29152,81
0,29156,82
0,29164,84
0,29176,87
0,29240,103
0,29244,104
0,29248,105
0,29256,107
0,29272,111
0,29288,115
0,29304,119
0,29316,122
0,29332,126
0,29336,127
0,29380,138
0,29388,140
0,29408,145
0,29412,146
0,29416,147
0,29420,148
0,29424,149
0,29440,3
0,29448,5
0,29528,25
0,29548,30
0,29588,40
0,29592,41
0,29600,43
0,29612,46
0,29616,47
0,29620,48
0,29628,50
0,29640,53
0,29664,59
0,29676,62
0,29680,63
0,29700,68
0,29716,72
0,29724,74
0,29732,76
0,29772,86
0,29784,89
0,29812,96
0,29824,99
0,29832,101
0,29860,108
0,29876,112
0,29884,114
0,29892,116
0,29896,117
0,29900,118
0,29948,130
0,29992,141
0,29996,142
0,30000,143
0,30152,31
0,30164,34
0,30168,35
0,30172,36
0,30180,38
0,30196,42
0,30232,51
0,30268,60
0,30272,61
0,30296,67
0,30320,73
0,30388,90
0,30416,97
0,30420,98
0,30436,102
0,30452,106
0,30464,109
0,30468,110
0,30480,113
0,30528,125
0,30556,132
0,30564,134
0,30568,135
0,30572,136
0,30576,137
0,30584,139
0,30604,144
0,30632,1
0,30648,5
0,30688,15
0,30728,25
0,30748,30
0,30756,32
0,30760,33
0,30776,37
0,30784,39
0,30804,44
0,30824,49
0,30828,50
0,30836,52
0,30844,54
0,30852,56
0,30876,62
0,30880,63
0,30884,64
0,30888,65
0,30892,66
0,30904,69
0,30908,70
0,30912,71
0,30936,77
0,30940,78
0,30948,80
0,30960,83
0,30968,85
0,30972,86
0,30980,88
0,30996,92
0,31000,93
0,31004,94
0,31008,95
0,31024,99
0,31048,105
0,31056,107
0,31072,111
0,31084,114
0,31088,115
0,31104,119
0,31108,120
0,31120,123
0,31124,124
0,31148,130
0,31180,138
0,31188,140
0,31196,142
0,31208,145
0,31212,146
0,31216,147
0,31220,148
0,31224,149
0,31236,2
0,31296,17
0,31300,18
0,31340,28
0,31392,41
0,31408,45
0,31460,58
0,31500,68
0,31516,72
0,31524,74
0,31544,79
0,31564,84
0,31592,91
0,31628,100
0,31644,104
0,31660,108
0,31676,112
0,31692,116
0,31696,117
0,31700,118
0,31712,121
0,31740,128
0,31752,131
0,31760,133
0,31792,141
0,31800,143
0,31848,5
0,31892,16
0,31916,22
0,31928,25
0,31936,27
0,31948,30
0,31952,31
0,31964,34
0,31980,38
0,31988,40
0,31996,42
0,32000,43
0,32028,50
0,32048,55
0,32056,57
0,32068,60
0,32072,61
0,32076,62
0,32096,67
0,32120,73
0,32128,75
0,32132,76
0,32152,81
0,32156,82
0,32172,86
0,32176,87
0,32224,99
0,32232,101
0,32240,103
0,32248,105
0,32252,106
0,32264,109
0,32268,110
0,32280,113
0,32284,114
0,32316,122
0,32336,127
0,32344,129
0,32348,130
0,32368,135
0,32372,136
0,32376,137
0,32384,139
0,32396,142
0,32404,144
0,32444,4
0,32452,6
0,32456,7
0,32460,8
0,32476,12
0,32484,14
0,32520,23
0,32556,32
0,32568,35
0,32572,36
0,32576,37
0,32584,39
0,32616,47
0,32640,53
0,32664,59
0,32680,63
0,32684,64
0,32688,65
0,32692,66
0,32704,69
0,32708,70
0,32712,71
0,32784,89
0,32788,90
0,32812,96
0,32816,97
0,32856,107
0,32872,111
0,32888,115
0,32904,119
0,32932,126
0,32980,138
0,32988,140
0,33008,145
0,33016,147
0,33024,149
0,33048,5
0,33064,9
0,33104,19
0,33108,20
0,33112,21
0,33128,25
0,33132,26
0,33144,29
0,33148,30
0,33160,33
0,33192,41
0,33204,44
0,33212,46
0,33220,48
0,33228,50
0,33276,62
0,33300,68
0,33316,72
0,33324,74
0,33372,86
0,33420,98
0,33424,99
0,33436,102
0,33460,108
0,33476,112
0,33484,114
0,33492,116
0,33496,117
0,33500,118
0,33520,123
0,33524,124
0,33528,125
0,33548,130
0,33556,132
0,33564,134
0,33592,141
0,33596,142
0,33600,143
0,33612,146
0,33620,148
0,33628,0
0,33764,34
0,33832,51
0,33868,60
0,33872,61
0,33896,67
0,33920,73
0,33940,78
0,33948,80
0,33960,83
0,33968,85
0,33980,88
0,33992,91
0,33996,92
0,34000,93
0,34004,94
0,34008,95
0,34044,104
0,34048,105
0,34052,106
0,34064,109
0,34068,110
0,34080,113
0,34108,120
0,34160,133
0,34168,135
0,34172,136
0,34184,139
0,34204,144
0,34248,5
0,34272,11
0,34280,13
0,34288,15
0,34324,24
0,34328,25
0,34340,28
0,34348,30
0,34352,31
0,34356,32
0,34368,35
0,34372,36
0,34376,37
0,34380,38
0,34388,40
0,34396,42
0,34400,43
0,34428,50
0,34476,62
0,34480,63
0,34484,64
0,34488,65
0,34504,69
0,34508,70
0,34532,76
0,34536,77
0,34544,79
0,34564,84
0,34572,86
0,34616,97
0,34624,99
0,34628,100
0,34632,101
0,34640,103
0,34656,107
0,34672,111
0,34684,114
0,34688,115
0,34704,119
0,34712,121
0,34748,130
0,34752,131
0,34776,137
0,34796,142
0,34824,149
0,34832,1
0,34840,3
0,34868,10
0,34892,16
0,34896,17
0,34900,18
0,34916,22
0,34936,27
0,34960,33
0,34984,39
0,34992,41
0,35008,45
0,35060,58
0,35092,66
0,35112,71
0,35116,72
0,35128,75
0,35156,82
0,35176,87
0,35188,90
0,35212,96
0,35220,98
0,35260,108
0,35276,112
0,35292,116
0,35296,117
0,35300,118
0,35316,122
0,35332,126
0,35336,127
0,35340,128
0,35344,129
0,35380,138
0,35388,140
0,35392,141
0,35408,145
0,35412,146
0,35416,147
0,35448,5
0,35520,23
0,35528,25
0,35548,30
0,35564,34
0,35604,44
0,35624,49
0,35628,50
0,35636,52
0,35644,54
0,35648,55
0,35652,56
0,35656,57
0,35676,62
0,35700,68
0,35724,74
0,35752,81
0,35772,86
0,35784,89
0,35792,91
0,35796,92
0,35800,93
0,35804,94
0,35808,95
0,35824,99
0,35836,102
0,35844,104
0,35852,106
0,35864,109
0,35868,110
0,35884,114
0,35948,130
0,35996,142
0,36000,143
0,36020,148
0,36028,0
0,36036,2
0,36044,4
0,36052,6
0,36056,7
0,36060,8
0,36076,12
0,36084,14
0,36104,19
0,36108,20
0,36112,21
0,36144,29
0,36152,31
0,36156,32
0,36176,37
0,36240,53
0,36268,60
0,36272,61
0,36296,67
0,36320,73
0,36416,97
0,36428,100
0,36432,101
0,36440,103
0,36448,105
0,36456,107
0,36480,113
0,36520,123
0,36524,124
0,36556,132
0,36568,135
0,36572,136
0,36584,139
0,36604,144
0,36648,5
0,36664,9
0,36672,11
0,36724,24
0,36728,25
0,36732,26
0,36740,28
0,36748,30
0,36760,33
0,36768,35
0,36772,36
0,36780,38
0,36784,39
0,36788,40
0,36796,42
0,36800,43
0,36812,46
0,36828,50
0,36864,59
0,36876,62
0,36880,63
0,36884,64
0,36888,65
0,36904,69
0,36940,78
0,36948,80
0,36960,83
0,36968,85
0,36972,86
0,36988,90
0,37012,96
0,37020,98
0,37024,99
0,37060,108
0,37072,111
0,37076,112
0,37084,114
0,37088,115
0,37096,117
0,37100,118
0,37104,119
0,37108,120
0,37128,125
0,37148,130
0,37164,134
0,37176,137
0,37196,142
0,37224,149
0,37268,10
0,37280,13
0,37288,15
0,37292,16
0,37296,17
0,37300,18
0,37316,22
0,37320,23
0,37336,27
0,37392,41
0,37416,47
0,37420,48
0,37432,51
0,37492,66
0,37508,70
0,37512,71
0,37516,72
0,37528,75
0,37532,76
0,37536,77
0,37544,79
0,37564,84
0,37576,87
0,37580,88
0,37592,91
0,37596,92
0,37600,93
0,37604,94
0,37608,95
0,37636,102
0,37644,104
0,37652,106
0,37664,109
0,37668,110
0,37692,116
0,37712,121
0,37752,131
0,37760,133
0,37780,138
0,37788,140
0,37792,141
0,37808,145
0,37812,146
0,37816,147
0,37832,1
0,37840,3
0,37848,5
0,37904,19
0,37928,25
0,37948,30
0,37964,34
0,38004,44
0,38008,45
0,38024,49
0,38028,50
0,38048,55
0,38056,57
0,38060,58
0,38076,62
0,38124,74
0,38152,81
0,38156,82
0,38172,86
0,38216,97
0,38224,99
0,38228,100
0,38232,101
0,38240,103
0,38248,105
0,38256,107
0,38284,114
0,38332,126
0,38336,127
0,38340,128
0,38344,129
0,38348,130
0,38396,142
0,38400,143
0,38420,148
0,38428,0
0,38436,2
0,38444,4
0,38452,6
0,38456,7
0,38460,8
0,38464,9
0,38476,12
0,38484,14
0,38508,20
0,38512,21
0,38544,29
0,38552,31
0,38556,32
0,38636,52
0,38640,53
0,38644,54
0,38652,56
0,38768,85
0,38784,89
0,38788,90
0,38812,96
0,38820,98
0,38860,108
0,38872,111
0,38876,112
0,38880,113
0,38888,115
0,38896,117
0,38900,118
0,38904,119
0,38916,122
0,38968,135
0,39048,5
0,39068,10
0,39072,11
0,39080,13
0,39088,15
0,39092,16
0,39096,17
0,39116,22
0,39124,24
0,39128,25
0,39132,26
0,39136,27
0,39140,28
0,39148,30
0,39160,33
0,39176,37
0,39212,46
0,39228,50
0,39232,51
0,39264,59
0,39268,60
0,39272,61
0,39276,62
0,39296,67
0,39300,68
0,39320,73
0,39332,76
0,39336,77
0,39340,78
0,39348,80
0,39360,83
0,39372,86
0,39376,87
0,39392,91
0,39396,92
0,39404,94
0,39408,95
0,39424,99
0,39436,102
0,39444,104
0,39484,114
0,39508,120
0,39520,123
0,39524,124
0,39528,125
0,39548,130
0,39556,132
0,39564,134
0,39572,136
0,39584,139
0,39596,142
0,39604,144
0,39640,3
0,39700,18
0,39720,23
0,39768,35
0,39772,36
0,39780,38
0,39784,39
0,39788,40
0,39796,42
0,39800,43
0,39808,45
0,39816,47
0,39820,48
0,39824,49
0,39848,55
0,39856,57
0,39860,58
0,39880,63
0,39884,64
0,39888,65
0,39904,69
0,39928,75
0,39944,79
0,39952,81
0,39956,82
0,39964,84
0,39980,88
0,40000,93
0,40032,101
0,40052,106
0,40064,109
0,40068,110
0,40092,116
0,40112,121
0,40132,126
0,40152,131
0,40160,133
0,40176,137
0,40224,149
0,40228,0
0,40232,1
0,40236,2
0,40244,4
0,40248,5
0,40252,6
0,40256,7
0,40260,8
0,40264,9
0,40276,12
0,40284,14
0,40304,19
0,40328,25
0,40348,30
0,40392,41
0,40428,50
0,40436,52
0,40440,53
0,40444,54
0,40452,56
0,40476,62
0,40492,66
0,40508,70
0,40568,85
0,40572,86
0,40584,89
0,40616,97
0,40624,99
0,40628,100
0,40640,103
0,40648,105
0,40656,107
0,40684,114
0,40716,122
0,40736,127
0,40740,128
0,40744,129
0,40748,130
0,40788,140
0,40792,141
0,40796,142
0,40808,145
0,40812,146
0,40816,147
0,40820,148
0,40868,10
0,40872,11
0,40880,13
0,40908,20
0,40912,21
0,40944,29
0,40964,34
0,41004,44
0,41012,46
0,41032,51
0,41064,59
0,41112,71
0,41116,72
0,41132,76
0,41136,77
0,41140,78
0,41148,80
0,41160,83
0,41176,87
0,41260,108
0,41272,111
0,41276,112
0,41280,113
0,41288,115
0,41296,117
0,41300,118
0,41304,119
0,41308,120
0,41320,123
0,41324,124
0,41328,125
0,41356,132
0,41364,134
0,41380,138
0,41440,3
0,41448,5
0,41488,15
0,41492,16
0,41496,17
0,41516,22
0,41524,24
0,41528,25
0,41532,26
0,41536,27
0,41540,28
0,41548,30
0,41608,45
0,41616,47
0,41620,48
0,41624,49
0,41628,50
0,41648,55
0,41656,57
0,41660,58
0,41676,62
0,41724,74
0,41728,75
0,41744,79
0,41752,81
0,41756,82
0,41764,84
0,41772,86
0,41780,88
0,41824,99
0,41884,114
0,41912,121
0,41948,130
0,41952,131
0,41968,135
0,41996,142
0,42000,143
0,42100,18
0,42120,23
0,42236,52
0,42240,53
0,42244,54
0,42252,56
0,42368,85
0,42464,109
0,42492,116
0,42516,122
0,42532,126
0,42536,127
0,42540,128
0,42544,129
0,42560,133
0,42572,136
0,42584,139
0,42628,0
0,42632,1
0,42636,2
0,42644,4
0,42648,5
0,42652,6
0,42656,7
0,42660,8
0,42664,9
0,42676,12
0,42684,14
0,42728,25
0,42748,30
0,42812,46
0,42828,50
0,42832,51
0,42876,62
0,42936,77
0,42948,80
0,42972,86
0,42976,87
0,42984,89
0,43024,99
0,43048,105
0,43052,106
0,43056,107
0,43068,110
0,43084,114
0,43108,120
0,43120,123
0,43124,124
0,43128,125
0,43148,130
0,43156,132
0,43164,134
0,43176,137
0,43196,142
0,43204,144
0,43280,13
0,43408,45
0,43464,59
0,43508,70
0,43532,76
0,43540,78
0,43560,83
0,43620,98
0,43672,111
0,43676,112
0,43680,113
0,43696,117
0,43700,118
0,43704,119
0,43712,121
0,43792,141
0,43820,148
0,43824,149
0,43848,5
0,43928,25
0,43944,29
0,43948,30
0,44020,48
0,44028,50
0,44048,55
0,44056,57
0,44060,58
0,44068,60
0,44076,62
0,44084,64
0,44120,73
0,44144,79
0,44152,81
0,44164,84
0,44172,86
0,44180,88
0,44188,90
0,44260,108
0,44284,114
0,44288,115
0,44316,122
0,44348,130
0,44388,140
0,44396,142
0,44408,145
0,44412,146
0,44416,147
0,44468,10
0,44472,11
0,44504,19
0,44616,47
0,44624,49
0,44652,56
0,44672,61
0,44680,63
0,44688,65
0,44700,68
0,44728,75
0,44756,82
0,44812,96
0,44864,109
0,44892,116
0,44932,126
0,44940,128
0,44952,131
0,44968,135
0,44980,138
0,45000,143
0,45048,5
0,45128,25
0,45152,31
0,45228,50
0,45240,53
0,45276,62
0,45304,69
0,45372,86
0,45484,114
0,45544,129
0,45548,130
0,45596,142
0,45748,30
0,45776,37
0,45836,52
0,45896,67
0,46052,106
0,46068,110
0,46072,111
0,46328,25
0,46384,39
0,46428,50
0,46444,54
0,46476,62
0,46568,85
0,46572,86
0,46624,99
0,46648,105
0,46656,107
0,46676,112
0,46684,114
0,46696,117
0,46700,118
0,46748,130
0,46760,133
0,46772,136
0,46796,142
0,46840,3
0,46848,5
0,46912,21
0,46956,32
0,47280,113
0,47288,115
0,47304,119
0,47336,127
0,47376,137
0,47384,139
0,47404,144
0,47420,148
0,47628,50
0,47676,62
0,47692,66
0,47772,86
0,47884,114
0,47948,130
0,47996,142
0,48188,40
0,48312,71
0,48316,72
0,48464,109
0,48592,141
0,48624,149
0,48692,16
0,48708,20
0,48876,62
0,48924,74
0,48972,86
1,49176,25
1,49188,28
1,49196,30
1,49244,42
1,49276,50
1,49472,99
1,49540,116
1,49696,5
1,49744,17
1,49808,33
1,49984,77
1,50020,86
1,50048,93
1,50080,101
1,50084,102
1,50092,104
1,50372,24
1,50376,25
1,50380,26
1,50396,30
1,50416,35
1,50476,50
1,50524,62
1,50624,87
1,50672,99
1,50796,130
1,50844,142
1,50896,5
1,50964,22
1,51220,86
1,51240,91
1,51244,92
1,51252,94
1,51308,108
1,51332,114
1,51368,123
1,51404,132
1,51576,25
1,51596,30
1,51612,34
1,51620,36
1,51676,50
1,51724,62
1,51780,76
1,51856,95
1,51872,99
1,51876,100
1,51996,130
1,52096,5
1,52136,15
1,52240,41
1,52420,86
1,52436,90
1,52468,98
1,52488,103
1,52636,140
1,52776,25
1,52784,27
1,52796,30
1,52848,43
1,52876,50
1,52924,62
1,53032,89
1,53060,96
1,53064,97
1,53072,99
1,53196,130
1,53248,143
1,53256,145
1,53260,146
1,53264,147
1,53296,5
1,53428,38
1,53452,44
1,53456,45
1,53460,46
1,53512,59
1,53596,80
1,53620,86
1,53720,111
1,53828,138
1,53976,25
1,53996,30
1,54004,32
1,54024,37
1,54076,50
1,54080,51
1,54124,62
1,54208,83
1,54272,99
1,54300,106
1,54356,120
1,54376,125
1,54396,130
1,54412,134
1,54496,5
1,54548,18
1,54568,23
1,54600,31
1,54632,39
1,54708,58
1,54788,78
1,54820,86
1,54904,107
1,54972,124
1,55108,8
1,55176,25
1,55196,30
1,55208,33
1,55216,35
1,55236,40
1,55244,42
1,55276,50
1,55296,55
1,55324,62
1,55400,81
1,55412,84
1,55448,93
1,55472,99
1,55560,121
1,55596,130
1,55644,142
1,55676,0
1,55696,5
1,55872,49
1,55900,56
1,55968,73
1,55992,79
1,56020,86
1,56028,88
1,56052,94
1,56080,101
1,56084,102
1,56096,105
1,56116,110
1,56124,112
1,56280,1
1,56300,6
1,56304,7
1,56332,14
1,56376,25
1,56392,29
1,56396,30
1,56412,34
1,56420,36
1,56428,38
1,56440,41
1,56448,43
1,56464,47
1,56468,48
1,56476,50
1,56520,61
1,56524,62
1,56556,70
1,56640,91
1,56672,99
1,56676,100
1,56692,104
1,56796,130
1,56844,142
1,56884,2
1,56896,5
1,56940,16
1,56980,26
1,57004,32
1,57024,37
1,57084,52
1,57088,53
1,57104,57
1,57216,85
1,57220,86
1,57236,90
1,57244,92
1,57264,97
1,57268,98
1,57288,103
1,57332,114
1,57380,126
1,57416,135
1,57512,9
1,57528,13
1,57556,20
1,57572,24
1,57576,25
1,57588,28
1,57596,30
1,57600,31
1,57608,33
1,57616,35
1,57632,39
1,57636,40
1,57652,44
1,57676,50
1,57724,62
1,57732,64
1,57776,75
1,57804,82
1,57856,95
1,57860,96
1,57872,99
1,57944,117
1,57948,118
1,57964,122
1,57988,128
1,57992,129
1,57996,130
1,58008,133
1,58044,142
1,58088,3
1,58092,4
1,58096,5
1,58120,11
1,58124,12
1,58152,19
1,58244,42
1,58256,45
1,58292,54
1,58316,60
1,58336,65
1,58348,68
1,58420,86
1,58776,25
1,58796,30
1,58860,46
1,58876,50
1,58880,51
1,58908,58
1,58912,59
1,58924,62
1,58928,63
1,58944,67
1,59048,93
1,59072,99
1,59132,114
1,59196,130
1,59244,142
1,59296,5
1,59316,10
1,59344,17
1,59364,22
1,59428,38
1,59448,43
1,59472,49
1,59496,55
1,59620,86
1,59736,115
1,59752,119
1,59784,127
1,59800,131
1,59960,21
1,59976,25
1,59996,30
1,60004,32
1,60012,34
1,60020,36
1,60040,41
1,60068,48
1,60076,50
1,60084,52
1,60100,56
1,60124,62
1,60152,69
1,60184,77
1,60272,99
1,60328,113
1,60332,114
1,60396,130
1,60432,139
1,60444,142
1,60496,5
1,60536,15
1,60600,31
1,60608,33
1,60616,35
1,60624,37
1,60636,40
1,60664,47
1,60688,53
1,60704,57
1,60760,71
1,60772,74
1,60820,86
1,60840,91
1,60880,101
1,61148,18
1,61176,25
1,61196,30
1,61232,39
1,61244,42
1,61252,44
1,61256,45
1,61260,46
1,61276,50
1,61280,51
1,61292,54
1,61312,59
1,61324,62
1,61424,87
1,61452,94
1,61472,99
1,61476,100
1,61484,102
1,61532,114
1,61576,125
1,61596,130
1,61604,132
1,61640,141
1,61644,142
1,61680,1
1,61696,5
1,61700,6
1,61708,8
1,61732,14
1,61740,16
1,61768,23
1,61784,27
1,61812,34
1,61828,38
1,61840,41
1,61848,43
1,61872,49
1,61884,52
1,61896,55
1,61908,58
1,61980,76
1,61988,78
1,62008,83
1,62012,84
1,62020,86
1,62032,89
1,62036,90
1,62044,92
1,62064,97
1,62068,98
1,62088,103
1,62092,104
1,62112,109
1,62156,120
1,62160,121
1,62168,123
1,62172,124
1,62212,134
1,62220,136
1,62276,0
1,62284,2
1,62292,4
1,62304,7
1,62312,9
1,62320,11
1,62328,13
1,62376,25
1,62380,26
1,62392,29
1,62396,30
1,62400,31
1,62404,32
1,62408,33
1,62416,35
1,62420,36
1,62424,37
1,62436,40
1,62464,47
1,62468,48
1,62476,50
1,62488,53
1,62500,56
1,62524,62
1,62540,66
1,62564,72
1,62576,75
1,62592,79
1,62596,80
1,62600,81
1,62616,85
1,62628,88
1,62660,96
1,62672,99
1,62732,114
1,62780,126
1,62784,127
1,62788,128
1,62796,130
1,62800,131
1,62808,133
1,62844,142
1,62852,144
1,62868,148
1,62888,3
1,62896,5
1,62916,10
1,62924,12
1,62936,15
1,62952,19
1,62972,24
1,63032,39
1,63044,42
1,63052,44
1,63056,45
1,63080,51
1,63104,57
1,63204,82
1,63220,86
1,63248,93
1,63256,95
1,63364,122
1,63392,129
1,63424,137
1,63544,17
1,63548,18
1,63556,20
1,63560,21
1,63564,22
1,63576,25
1,63588,28
1,63596,30
1,63612,34
1,63628,38
1,63640,41
1,63660,46
1,63676,50
1,63692,54
1,63712,59
1,63724,62
1,63840,91
1,63872,99
1,63876,100
1,63880,101
1,63932,114
1,63940,116
1,63976,125
1,63996,130
1,64004,132
1,64012,134
1,64044,142
1,64072,149
1,64096,5
1,64108,8
1,64248,43
1,64308,58
1,64384,77
1,64420,86
1,64776,25
1,64796,30
1,64800,31
1,64804,32
1,64820,36
1,64824,37
1,64872,49
1,64876,50
1,64884,52
1,64888,53
1,64896,55
1,64924,62
1,65052,94
1,65068,98
1,65072,99
1,65084,102
1,65132,114
1,65196,130
1,65244,142
1,65264,147
1,65280,1
1,65296,5
1,65332,14
1,65408,33
1,65416,35
1,65432,39
1,65436,40
1,65456,45
1,65464,47
1,65468,48
1,65500,56
1,65568,73
1,65588,78
1,65620,86
1,65624,87
1,65756,120
1,65760,121
1,65768,123
1,65772,124
1,65876,0
1,65884,2
1,65892,4
1,65900,6
1,65904,7
1,65912,9
1,65920,11
1,65928,13
1,65940,16
1,65968,23
1,65976,25
1,65980,26
1,65984,27
1,65996,30
1,66044,42
1,66052,44
1,66060,46
1,66076,50
1,66080,51
1,66092,54
1,66104,57
1,66108,58
1,66112,59
1,66120,61
1,66124,62
1,66132,64
1,66176,75
1,66180,76
1,66192,79
1,66196,80
1,66200,81
1,66208,83
1,66212,84
1,66228,88
1,66232,89
1,66236,90
1,66244,92
1,66260,96
1,66264,97
1,66272,99
1,66288,103
1,66292,104
1,66304,107
1,66320,111
1,66332,114
1,66380,126
1,66384,127
1,66388,128
1,66396,130
1,66408,133
1,66416,135
1,66428,138
1,66436,140
1,66444,142
1,66448,143
1,66456,145
1,66460,146
1,66488,3
1,66496,5
1,66516,10
1,66524,12
1,66536,15
1,66592,29
1,66604,32
1,66612,34
1,66620,36
1,66624,37
1,66628,38
1,66640,41
1,66648,43
1,66672,49
1,66684,52
1,66688,53
1,66696,55
1,66756,70
1,66804,82
1,66816,85
1,66820,86
1,66896,105
1,66900,106
1,66908,108
1,66964,122
1,66976,125
1,66992,129
1,67000,131
1,67004,132
1,67012,134
1,67080,1
1,67108,8
1,67132,14
1,67144,17
1,67148,18
1,67152,19
1,67156,20
1,67160,21
1,67164,22
1,67172,24
1,67176,25
1,67196,30
1,67200,31
1,67216,35
1,67236,40
1,67256,45
1,67264,47
1,67268,48
1,67276,50
1,67300,56
1,67316,60
1,67324,62
1,67328,63
1,67384,77
1,67472,99
1,67532,114
1,67556,120
1,67560,121
1,67568,123
1,67572,124
1,67596,130
1,67620,136
1,67624,137
1,67640,141
1,67644,142
1,67652,144
1,67696,5
1,67808,33
1,67860,46
1,67892,54
1,67904,57
1,67948,68
1,68020,86
1,68024,87
1,68056,95
1,68148,118
1,68232,139
1,68376,25
1,68388,28
1,68396,30
1,68432,39
1,68476,50
1,68480,51
1,68508,58
1,68512,59
1,68524,62
1,68536,65
1,68544,67
1,68560,71
1,68572,74
1,68588,78
1,68648,93
1,68672,99
1,68676,100
1,68716,110
1,68724,112
1,68732,114
1,68796,130
1,68844,142
1,68864,147
1,68872,149
1,68876,0
1,68896,5
1,68900,6
1,68920,11
1,69052,44
1,69140,66
1,69152,69
1,69200,81
1,69212,84
1,69220,86
1,69232,89
1,69280,101
1,69328,113
1,69336,115
1,69344,117
1,69352,119
1,69388,128
1,69408,133
1,69468,148
1,69484,2
1,69492,4
1,69504,7
1,69512,9
1,69528,13
1,69568,23
1,69576,25
1,69580,26
1,69584,27
1,69596,30
1,69612,34
1,69620,36
1,69624,37
1,69628,38
1,69640,41
1,69644,42
1,69664,47
1,69668,48
1,69672,49
1,69676,50
1,69684,52
1,69688,53
1,69696,55
1,69700,56
1,69724,62
1,69764,72
1,69776,75
1,69780,76
1,69792,79
1,69796,80
1,69808,83
1,69816,85
1,69828,88
1,69840,91
1,69852,94
1,69868,98
1,69872,99
1,69884,102
1,69912,109
1,69932,114
1,69940,116
1,69964,122
1,69976,125
1,69980,126
1,69984,127
1,69992,129
1,69996,130
1,70016,135
1,70036,140
1,70044,142
1,70060,146
1,70088,3
1,70096,5
1,70116,10
1,70124,12
1,70136,15
1,70140,16
1,70192,29
1,70204,32
1,70208,33
1,70236,40
1,70248,43
1,70256,45
1,70260,46
1,70292,54
1,70304,57
1,70384,77
1,70404,82
1,70420,86
1,70436,90
1,70444,92
1,70488,103
1,70492,104
1,70500,106
1,70504,107
1,70560,121
1,70572,124
1,70600,131
1,70604,132
1,70612,134
1,70620,136
1,70624,137
1,70628,138
1,70632,139
1,70640,141
1,70648,143
1,70652,144
1,70656,145
1,70672,149
1,70676,0
1,70680,1
1,70700,6
1,70708,8
1,70720,11
1,70732,14
1,70744,17
1,70748,18
1,70760,21
1,70764,22
1,70772,24
1,70776,25
1,70788,28
1,70796,30
1,70800,31
1,70816,35
1,70876,50
1,70880,51
1,70908,58
1,70912,59
1,70924,62
1,70988,78
1,71000,81
1,71012,84
1,71024,87
1,71032,89
1,71064,97
1,71072,99
1,71096,105
1,71108,108
1,71116,110
1,71120,111
1,71132,114
1,71148,118
1,71156,120
1,71168,123
1,71196,130
1,71208,133
1,71244,142
1,71264,147
1,71268,148
1,71284,2
1,71292,4
1,71296,5
1,71312,9
1,71328,13
1,71352,19
1,71356,20
1,71380,26
1,71384,27
1,71432,39
1,71452,44
1,71472,49
1,71484,52
1,71568,73
1,71576,75
1,71580,76
1,71592,79
1,71596,80
1,71608,83
1,71616,85
1,71620,86
1,71648,93
1,71656,95
1,71660,96
1,71676,100
1,71724,112
1,71728,113
1,71736,115
1,71744,117
1,71752,119
1,71788,128
1,71816,135
1,71836,140
1,71860,146
1,71888,3
1,71904,7
1,71916,10
1,71924,12
1,71936,15
1,71940,16
1,71968,23
1,71976,25
1,71992,29
1,71996,30
1,72020,36
1,72024,37
1,72044,42
1,72064,47
1,72068,48
1,72076,50
1,72088,53
1,72096,55
1,72100,56
1,72124,62
1,72228,88
1,72272,99
1,72280,101
1,72300,106
1,72304,107
1,72308,108
1,72312,109
1,72332,114
1,72340,116
1,72376,125
1,72380,126
1,72384,127
1,72392,129
1,72396,130
1,72420,136
1,72424,137
1,72428,138
1,72432,139
1,72440,141
1,72444,142
1,72448,143
1,72452,144
1,72456,145
1,72472,149
1,72496,5
1,72544,17
1,72548,18
1,72560,21
1,72564,22
1,72572,24
1,72588,28
1,72604,32
1,72612,34
1,72628,38
1,72640,41
1,72656,45
1,72660,46
1,72692,54
1,72704,57
1,72720,61
1,72728,63
1,72756,70
1,72784,77
1,72804,82
1,72820,86
1,72824,87
1,72868,98
1,72896,105
1,72916,110
1,72920,111
1,72948,118
1,72960,121
1,72964,122
1,72972,124
1,73000,131
1,73064,147
1,73068,148
1,73076,0
1,73080,1
1,73100,6
1,73108,8
1,73120,11
1,73132,14
1,73152,19
1,73156,20
1,73176,25
1,73196,30
1,73236,40
1,73276,50
1,73324,62
1,73348,68
1,73376,75
1,73380,76
1,73388,78
1,73396,80
1,73400,81
1,73412,84
1,73432,89
1,73440,91
1,73452,94
1,73472,99
1,73484,102
1,73492,104
1,73524,112
1,73528,113
1,73532,114
1,73536,115
1,73544,117
1,73552,119
1,73596,130
1,73604,132
1,73612,134
1,73616,135
1,73636,140
1,73644,142
1,73684,2
1,73692,4
1,73696,5
1,73712,9
1,73728,13
1,73740,16
1,73768,23
1,73780,26
1,73784,27
1,73792,29
1,73808,33
1,73880,51
1,73908,58
1,73912,59
1,73916,60
1,73972,74
1,73992,79
1,74008,83
1,74016,85
1,74020,86
1,74036,90
1,74044,92
1,74088,103
1,74100,106
1,74104,107
1,74108,108
1,74112,109
1,74120,111
1,74140,116
1,74156,120
1,74208,133
1,74228,138
1,74248,143
1,74256,145
1,74260,146
1,74288,3
1,74304,7
1,74316,10
1,74324,12
1,74336,15
1,74344,17
1,74348,18
1,74360,21
1,74364,22
1,74372,24
1,74376,25
1,74388,28
1,74396,30
1,74416,35
1,74448,43
1,74472,49
1,74476,50
1,74484,52
1,74524,62
1,74532,64
1,74628,88
1,74664,97
1,74672,99
1,74696,105
1,74716,110
1,74732,114
1,74748,118
1,74752,119
1,74768,123
1,74796,130
1,74820,136
1,74824,137
1,74832,139
1,74840,141
1,74844,142
1,74852,144
1,74872,149
1,74896,5
1,74952,19
1,74956,20
1,75000,31
1,75032,39
1,75052,44
1,75064,47
1,75068,48
1,75088,53
1,75096,55
1,75100,56
1,75140,66
1,75144,67
1,75184,77
1,75204,82
1,75220,86
1,75276,100
1,75300,106
1,75320,111
1,75324,112
1,75328,113
1,75336,115
1,75344,117
1,75388,128
1,75464,147
1,75468,148
1,75540,16
1,75568,23
1,75576,25
1,75580,26
1,75584,27
1,75592,29
1,75596,30
1,75656,45
1,75676,50
1,75692,54
1,75724,62
1,75736,65
1,75752,69
1,75760,71
1,75764,72
1,75788,78
1,75812,84
1,75824,87
1,75832,89
1,75848,93
1,75856,95
1,75860,96
1,75872,99
1,75904,107
1,75908,108
1,75912,109
1,75932,114
1,75940,116
1,75964,122
1,75980,126
1,75984,127
1,75992,129
1,75996,130
1,76044,142
1,76076,0
1,76080,1
1,76096,5
1,76108,8
1,76120,11
1,76132,14
1,76136,15
1,76144,17
1,76148,18
1,76160,21
1,76164,22
1,76172,24
1,76188,28
1,76244,42
1,76260,46
1,76304,57
1,76376,75
1,76380,76
1,76396,80
1,76400,81
1,76416,85
1,76420,86
1,76468,98
1,76480,101
1,76496,105
1,76516,110
1,76548,118
1,76552,119
1,76572,124
1,76576,125
1,76684,2
1,76692,4
1,76728,13
1,76740,16
1,76752,19
1,76756,20
1,76776,25
1,76780,26
1,76784,27
1,76792,29
1,76796,30
1,76820,36
1,76824,37
1,76872,49
1,76876,50
1,76880,51
1,76908,58
1,76912,59
1,76924,62
1,76992,79
1,77008,83
1,77072,99
1,77100,106
1,77132,114
1,77136,115
1,77160,121
1,77196,130
1,77200,131
1,77216,135
1,77236,140
1,77244,142
1,77256,145
1,77288,3
1,77296,5
1,77300,6
1,77312,9
1,77316,10
1,77484,52
1,77528,63
1,77548,68
1,77556,70
1,77568,73
1,77604,82
1,77620,86
1,77628,88
1,77640,91
1,77644,92
1,77652,94
1,77676,100
1,77684,102
1,77692,104
1,77720,111
1,77724,112
1,77744,117
1,77804,132
1,77812,134
1,77860,146
1,77904,7
1,77924,12
1,77944,17
1,77964,22
1,77968,23
1,77972,24
1,77976,25
1,77996,30
1,78064,47
1,78068,48
1,78076,50
1,78088,53
1,78096,55
1,78100,56
1,78124,62
1,78184,77
1,78188,78
1,78212,84
1,78236,90
1,78264,97
1,78272,99
1,78288,103
1,78328,113
1,78332,114
1,78356,120
1,78368,123
1,78396,130
1,78408,133
1,78444,142
1,78496,5
1,78536,15
1,78540,16
1,78548,18
1,78552,19
1,78560,21
1,78588,28
1,78604,32
1,78656,45
1,78660,46
1,78692,54
1,78704,57
1,78776,75
1,78780,76
1,78800,81
1,78816,85
1,78820,86
1,78824,87
1,78832,89
1,78860,96
1,78912,109
1,78940,116
1,79020,136
1,79024,137
1,79028,138
1,79144,17
1,79156,20
1,79164,22
1,79168,23
1,79172,24
1,79176,25
1,79180,26
1,79184,27
1,79192,29
1,79196,30
1,79212,34
1,79228,38
1,79236,40
1,79240,41
1,79248,43
1,79272,49
1,79276,50
1,79280,51
1,79308,58
1,79312,59
1,79316,60
1,79324,62
1,79340,66
1,79396,80
1,79408,83
1,79472,99
1,79504,107
1,79508,108
1,79532,114
1,79564,122
1,79584,127
1,79588,128
1,79592,129
1,79596,130
1,79644,142
1,79648,143
1,79672,149
1,79696,5
1,79808,33
1,79884,52
1,79896,55
1,79900,56
1,79920,61
1,79932,64
1,79972,74
1,79992,79
1,80020,86
1,80028,88
1,80048,93
1,80056,95
1,80068,98
1,80080,101
1,80148,118
1,80152,119
1,80160,121
1,80172,124
1,80176,125
1,80180,126
1,80200,131
1,80232,139
1,80252,144
1,80276,0
1,80280,1
1,80284,2
1,80292,4
1,80308,8
1,80320,11
1,80328,13
1,80376,25
1,80396,30
1,80460,46
1,80464,47
1,80468,48
1,80476,50
1,80488,53
1,80492,54
1,80524,62
1,80552,69
1,80584,77
1,80588,78
1,80600,81
1,80604,82
1,80612,84
1,80624,87
1,80644,92
1,80652,94
1,80672,99
1,80676,100
1,80696,105
1,80732,114
1,80756,120
1,80796,130
1,80804,132
1,80808,133
1,80812,134
1,80840,141
1,80844,142
1,80864,147
1,80896,5
1,80936,15
1,80940,16
1,80948,18
1,80952,19
1,80960,21
1,80988,28
1,81056,45
1,81072,49
1,81080,51
1,81104,57
1,81108,58
1,81176,75
1,81180,76
1,81196,80
1,81208,83
1,81216,85
1,81220,86
1,81232,89
1,81236,90
1,81240,91
1,81264,97
1,81284,102
1,81292,104
1,81316,110
1,81368,123
1,81392,129
1,81436,140
1,81544,17
1,81556,20
1,81564,22
1,81572,24
1,81576,25
1,81580,26
1,81584,27
1,81592,29
1,81596,30
1,81616,35
1,81676,50
1,81684,52
1,81696,55
1,81700,56
1,81712,59
1,81724,62
1,81744,67
1,81872,99
1,81888,103
1,81932,114
1,81964,122
1,81984,127
1,81988,128
1,81996,130
1,82044,142
1,82056,145
1,82068,148
1,82088,3
1,82096,5
1,82100,6
1,82112,9
1,82116,10
1,82132,14
1,82168,23
1,82232,39
1,82260,46
1,82264,47
1,82268,48
1,82288,53
1,82292,54
1,82328,63
1,82336,65
1,82348,68
1,82356,70
1,82360,71
1,82364,72
1,82384,77
1,82388,78
1,82392,79
1,82400,81
1,82404,82
1,82412,84
1,82420,86
1,82424,87
1,82428,88
1,82460,96
1,82468,98
1,82536,115
1,82560,121
1,82572,124
1,82576,125
1,82580,126
1,82600,131
1,82616,135
1,82776,25
1,82796,30
1,82856,45
1,82872,49
1,82876,50
1,82880,51
1,82904,57
1,82908,58
1,82924,62
1,82940,66
1,82968,73
1,82980,76
1,82996,80
1,83008,83
1,83016,85
1,83032,89
1,83048,93
1,83056,95
1,83072,99
1,83080,101
1,83132,114
1,83156,120
1,83196,130
1,83204,132
1,83208,133
1,83212,134
1,83220,136
1,83244,142
1,83260,146
1,83296,5
1,83336,15
1,83340,16
1,83348,18
1,83352,19
1,83360,21
1,83388,28
1,83452,44
1,83484,52
1,83496,55
1,83500,56
1,83512,59
1,83516,60
1,83576,75
1,83620,86
1,83644,92
1,83676,100
1,83724,112
1,83764,122
1,83768,123
1,83788,128
1,83792,129
1,83824,137
1,83828,138
1,83832,139
1,83848,143
1,83852,144
1,83872,149
1,83924,12
1,83976,25
1,83996,30
1,84000,31
1,84020,36
1,84024,37
1,84044,42
1,84064,47
1,84068,48
1,84076,50
1,84088,53
1,84092,54
1,84120,61
1,84124,62
1,84132,64
1,84152,69
1,84172,74
1,84184,77
1,84188,78
1,84192,79
1,84200,81
1,84204,82
1,84212,84
1,84224,87
1,84228,88
1,84236,90
1,84240,91
1,84252,94
1,84264,97
1,84272,99
1,84284,102
1,84288,103
1,84292,104
1,84332,114
1,84384,127
1,84396,130
1,84400,131
1,84436,140
1,84444,142
1,84496,5
1,84504,7
1,84604,32
1,84660,46
1,84672,49
1,84680,51
1,84736,65
1,84740,66
1,84744,67
1,84756,70
1,84764,72
1,84780,76
1,84796,80
1,84808,83
1,84816,85
1,84820,86
1,84832,89
1,84860,96
1,84868,98
1,84960,121
1,84972,124
1,84976,125
1,84980,126
1,85040,141
1,85056,145
1,85064,147
1,85068,148
1,85084,2
1,85176,25
1,85180,26
1,85184,27
1,85196,30
1,85212,34
1,85228,38
1,85240,41
1,85248,43
1,85256,45
1,85276,50
1,85300,56
1,85304,57
1,85308,58
1,85316,60
1,85324,62
1,85328,63
1,85348,68
1,85360,71
1,85368,73
1,85376,75
1,85456,95
1,85472,99
1,85480,101
1,85500,106
1,85520,111
1,85532,114
1,85544,117
1,85556,120
1,85596,130
1,85604,132
1,85608,133
1,85612,134
1,85616,135
1,85620,136
1,85644,142
1,85660,146
1,85696,5
1,85744,17
1,85756,20
1,85764,22
1,85768,23
1,85772,24
1,85792,29
1,85808,33
1,85836,40
1,85864,47
1,85884,52
1,85888,53
1,85896,55
1,85912,59
1,85932,64
1,85984,77
1,85988,78
1,85992,79
1,86000,81
1,86004,82
1,86012,84
1,86020,86
1,86024,87
1,86028,88
1,86044,92
1,86048,93
1,86076,100
1,86164,122
1,86168,123
1,86184,127
1,86188,128
1,86192,129
1,86200,131
1,86224,137
1,86228,138
1,86232,139
1,86248,143
1,86252,144
1,86272,149
1,86276,0
1,86280,1
1,86292,4
1,86308,8
1,86320,11
1,86376,25
1,86396,30
1,86416,35
1,86432,39
1,86468,48
1,86476,50
1,86520,61
1,86524,62
1,86540,66
1,86552,69
1,86564,72
1,86572,74
1,86596,80
1,86636,90
1,86640,91
1,86652,94
1,86664,97
1,86672,99
1,86684,102
1,86688,103
1,86692,104
1,86732,114
1,86796,130
1,86836,140
1,86844,142
1,86896,5
1,86900,6
1,86928,13
1,86932,14
1,87000,31
1,87044,42
1,87060,46
1,87092,54
1,87116,60
1,87128,63
1,87136,65
1,87144,67
1,87148,68
1,87156,70
1,87160,71
1,87168,73
1,87180,76
1,87208,83
1,87216,85
1,87220,86
1,87256,95
1,87260,96
1,87268,98
1,87280,101
1,87360,121
1,87372,124
1,87376,125
1,87416,135
1,87420,136
1,87440,141
1,87456,145
1,87464,147
1,87468,148
1,87516,10
1,87540,16
1,87560,21
1,87576,25
1,87588,28
1,87596,30
1,87612,34
1,87620,36
1,87624,37
1,87652,44
1,87672,49
1,87676,50
1,87680,51
1,87720,61
1,87724,62
1,87732,64
1,87832,89
1,87844,92
1,87872,99
1,87908,108
1,87912,109
1,87928,113
1,87932,114
1,87956,120
1,87980,126
1,87996,130
1,88004,132
1,88008,133
1,88032,139
1,88044,142
1,88048,143
1,88052,144
1,88060,146
1,88096,5
1,88136,15
1,88148,18
1,88152,19
1,88180,26
1,88184,27
1,88204,32
1,88228,38
1,88240,41
1,88248,43
1,88256,45
1,88300,56
1,88304,57
1,88308,58
1,88340,66
1,88352,69
1,88364,72
1,88372,74
1,88376,75
1,88384,77
1,88392,79
1,88404,82
1,88420,86
1,88428,88
1,88440,91
1,88448,93
1,88476,100
1,88488,103
1,88504,107
1,88540,116
1,88588,128
1,88592,129
1,88600,131
1,88612,134
1,88624,137
1,88628,138
1,88636,140
1,88672,149
1,88688,3
1,88712,9
1,88776,25
1,88796,30
1,88808,33
1,88836,40
1,88876,50
1,88916,60
1,88924,62
1,88928,63
1,88936,65
1,88944,67
1,88948,68
1,88956,70
1,88960,71
1,88968,73
1,89000,81
1,89012,84
1,89036,90
1,89052,94
1,89064,97
1,89072,99
1,89084,102
1,89092,104
1,89132,114
1,89168,123
1,89184,127
1,89196,130
1,89244,142
1,89268,148
1,89284,2
1,89296,5
1,89324,12
1,89400,31
1,89416,35
1,89432,39
1,89444,42
1,89488,53
1,89496,55
1,89520,61
1,89532,64
1,89588,78
1,89620,86
1,89624,87
1,89644,92
1,89656,95
1,89660,96
1,89668,98
1,89680,101
1,89716,110
1,89764,122
1,89772,124
1,89776,125
1,89816,135
1,89820,136
1,89840,141
1,89856,145
1,89864,147
1,89904,7
1,89976,25
1,89996,30
1,90012,34
1,90020,36
1,90024,37
1,90052,44
1,90076,50
1,90124,62
1,90140,66
1,90152,69
1,90164,72
1,90172,74
1,90196,80
1,90240,91
1,90248,93
1,90272,99
1,90276,100
1,90288,103
1,90332,114
1,90356,120
1,90360,121
1,90396,130
1,90404,132
1,90408,133
1,90432,139
1,90444,142
1,90448,143
1,90452,144
1,90460,146
1,90496,5
1,90560,21
1,90564,22
1,90592,29
1,90604,32
1,90628,38
1,90640,41
1,90648,43
1,90668,48
1,90716,60
1,90728,63
1,90736,65
1,90744,67
1,90748,68
1,90756,70
1,90760,71
1,90768,73
1,90820,86
1,90864,97
1,90884,102
1,90968,123
1,90980,126
1,90984,127
1,90988,128
1,90992,129
1,91000,131
1,91012,134
1,91024,137
1,91028,138
1,91072,149
1,91092,4
1,91108,8
1,91120,11
1,91128,13
1,91172,24
1,91176,25
1,91196,30
1,91200,31
1,91208,33
1,91232,39
1,91236,40
1,91276,50
1,91284,52
1,91324,62
1,91332,64
1,91408,83
1,91416,85
1,91436,90
1,91452,94
1,91472,99
1,91492,104
1,91532,114
1,91536,115
1,91552,119
1,91596,130
1,91636,140
1,91644,142
1,91676,0
1,91680,1
1,91696,5
1,91700,6
1,91732,14
1,91756,20
1,91768,23
1,91816,35
1,91820,36
1,91844,42
1,91864,47
1,91912,59
1,91920,61
1,91980,76
1,92020,86
1,92044,92
1,92056,95
1,92060,96
1,92068,98
1,92080,101
1,92088,103
1,92096,105
1,92148,118
1,92164,122
1,92312,9
1,92316,10
1,92344,17
1,92352,19
1,92376,25
1,92384,27
1,92396,30
1,92404,32
1,92412,34
1,92424,37
1,92452,44
1,92476,50
1,92524,62
1,92540,66
1,92552,69
1,92564,72
1,92572,74
1,92632,89
1,92640,91
1,92648,93
1,92672,99
1,92676,100
1,92732,114
1,92760,121
1,92772,124
1,92776,125
1,92796,130
1,92816,135
1,92844,142
1,92868,148
1,92896,5
1,92936,15
1,92948,18
1,92988,28
1,93000,31
1,93028,38
1,93040,41
1,93048,43
1,93144,67
1,93148,68
1,93156,70
1,93160,71
1,93220,86
1,93236,90
1,93252,94
1,93264,97
1,93284,102
1,93292,104
1,93356,120
1,93404,132
1,93408,133
1,93420,136
1,93432,139
1,93456,145
1,93464,147
1,93484,2
1,93488,3
1,93524,12
1,93576,25
1,93596,30
1,93608,33
1,93632,39
1,93636,40
1,93644,42
1,93660,46
1,93676,50
1,93716,60
1,93724,62
1,93728,63
1,93736,65
1,93768,73
1,93792,79
1,93844,92
1,93856,95
1,93868,98
1,93872,99
1,93888,103
1,93932,114
1,93980,126
1,93984,127
1,93996,130
1,94000,131
1,94012,134
1,94040,141
1,94044,142
1,94060,146
1,94096,5
1,94104,7
1,94128,13
1,94140,16
1,94216,35
1,94220,36
1,94224,37
1,94252,44
1,94292,54
1,94376,75
1,94420,86
1,94460,96
1,94480,101
1,94564,122
1,94568,123
1,94588,128
1,94592,129
1,94648,143
1,94652,144
1,94692,4
1,94776,25
1,94796,30
1,94804,32
1,94812,34
1,94840,41
1,94848,43
1,94876,50
1,94880,51
1,94924,62
1,94932,64
1,95036,90
1,95040,91
1,95048,93
1,95052,94
1,95072,99
1,95076,100
1,95084,102
1,95092,104
1,95132,114
1,95172,124
1,95176,125
1,95196,130
1,95244,142
1,95276,0
1,95280,1
1,95296,5
1,95300,6
1,95308,8
1,95312,9
1,95316,10
1,95320,11
1,95332,14
1,95400,31
1,95428,38
1,95432,39
1,95436,40
1,95444,42
1,95504,57
1,95584,77
1,95604,82
1,95620,86
1,95628,88
1,95664,97
1,95688,103
1,95760,121
1,95824,137
1,95888,3
1,95976,25
1,95980,26
1,95996,30
1,96008,33
1,96016,35
1,96020,36
1,96076,50
1,96124,62
1,96200,81
1,96212,84
1,96244,92
1,96256,95
1,96268,98
1,96272,99
1,96332,114
1,96344,117
1,96356,120
1,96380,126
1,96384,127
1,96396,130
1,96400,131
1,96404,132
1,96408,133
1,96412,134
1,96444,142
1,96484,2
1,96496,5
1,96524,12
1,96560,21
1,96612,34
1,96624,37
1,96652,44
1,96700,56
1,96788,78
1,96796,80
1,96820,86
1,96824,87
1,96836,90
1,96848,93
1,96852,94
1,96860,96
1,96880,101
1,96892,104
1,96900,106
1,96912,109
1,96924,112
1,96968,123
1,96988,128
1,97104,7
1,97128,13
1,97172,24
1,97176,25
1,97192,29
1,97196,30
1,97204,32
1,97240,41
1,97248,43
1,97256,45
1,97276,50
1,97320,61
1,97324,62
1,97416,85
1,97472,99
1,97520,111
1,97532,114
1,97592,129
1,97596,130
1,97644,142
1,97696,5
1,97756,20
1,97800,31
1,97836,40
1,97872,49
1,97888,53
1,98020,86
1,98040,91
1,98228,138
1,98364,22
1,98368,23
1,98396,30
1,98428,38
1,98432,39
1,98476,50
1,98508,58
1,98524,62
1,98564,72
1,98672,99
1,98676,100
1,98684,102
1,98764,122
1,98796,130
1,98844,142
1,98896,5
1,98952,19
1,98976,25
1,99044,42
1,99220,86
1,99288,103
1,99332,114
1,99476,0
1,99492,4
1,99500,6
1,99596,30
1,99608,33
1,99616,35
1,99620,36
1,99664,47
1,99668,48
1,99780,76
1,99792,79
1,99808,83
1,99832,89
1,99864,97
1,99872,99
1,99940,116
1,99972,124
1,99976,125
1,99996,130
1,100044,142
1,100080,1
1,100088,3
1,100096,5
1,100108,8
1,100112,9
1,100116,10
1,100120,11
1,100132,14
1,100144,17
1,100148,18
1,100176,25
1,100204,32
1,100224,37
1,100248,43
1,100252,44
1,100276,50
1,100284,52
1,100296,55
1,100312,59
1,100324,62
1,100372,74
1,100376,75
1,100420,86
1,100428,88
1,100504,107
1,100532,114
1,100560,121
1,100600,131
1,100672,149
1,100684,2
1,100704,7
1,100724,12
1,100728,13
1,100736,15
1,100740,16
1,100784,27
1,100788,28
1,100796,30
1,100800,31
1,100812,34
1,100828,38
1,100832,39
1,100836,40
1,100840,41
1,100844,42
1,100860,46
1,100880,51
1,100892,54
1,100904,57
1,100940,66
1,100984,77
1,101004,82
1,101044,92
1,101056,95
1,101068,98
1,101072,99
1,101092,104
1,101128,113
1,101156,120
1,101180,126
1,101184,127
1,101196,130
1,101204,132
1,101208,133
1,101212,134
1,101236,140
1,101244,142
1,101296,5
1,101376,25
1,101380,26
1,101408,33
1,101416,35
1,101420,36
1,101476,50
1,101524,62
1,101588,78
1,101612,84
1,101616,85
1,101620,86
1,101624,87
1,101636,90
1,101640,91
1,101648,93
1,101652,94
1,101660,96
1,101664,97
1,101676,100
1,101680,101
1,101684,102
1,101688,103
1,101708,108
1,101716,110
1,101732,114
1,101768,123
1,101788,128
1,101792,129
1,101876,0
1,101892,4
1,101900,6
1,101948,18
1,101952,19
1,101956,20
1,101960,21
1,101964,22
1,101968,23
1,101972,24
1,101992,29
1,101996,30
1,102004,32
1,102024,37
1,102048,43
1,102052,44
1,102116,60
1,102152,69
1,102156,70
1,102168,73
1,102196,80
1,102200,81
1,102244,92
1,102268,98
1,102272,99
1,102296,105
1,102336,115
1,102348,118
1,102352,119
1,102364,122
1,102376,125
1,102396,130
1,102432,139
1,102444,142
1,102496,5
1,102508,8
1,102516,10
1,102520,11
1,102540,16
1,102544,17
1,102576,25
1,102584,27
1,102588,28
1,102600,31
1,102612,34
1,102628,38
1,102632,39
1,102636,40
1,102640,41
1,102644,42
1,102676,50
1,102688,53
1,102724,62
1,102728,63
1,102736,65
1,102744,67
1,102748,68
1,102760,71
1,102780,76
1,102820,86
1,102832,89
1,102840,91
1,102856,95
1,102880,101
1,102892,104
1,102900,106
1,102912,109
1,102920,111
1,102932,114
1,102944,117
1,102960,121
1,102972,124
1,103000,131
1,103016,135
1,103040,141
1,103052,144
1,103064,147
1,103068,148
1,103080,1
1,103088,3
1,103112,9
1,103124,12
1,103132,14
1,103136,15
1,103180,26
1,103196,30
1,103208,33
1,103216,35
1,103220,36
1,103256,45
1,103268,48
1,103272,49
1,103300,56
1,103308,58
1,103320,61
1,103332,64
1,103376,75
1,103392,79
1,103408,83
1,103436,90
1,103448,93
1,103452,94
1,103460,96
1,103464,97
1,103468,98
1,103472,99
1,103476,100
1,103484,102
1,103488,103
1,103504,107
1,103508,108
1,103516,110
1,103524,112
1,103540,116
1,103596,130
1,103620,136
1,103624,137
1,103644,142
1,103648,143
1,103656,145
1,103660,146
1,103684,2
1,103696,5
1,103704,7
1,103728,13
1,103752,19
1,103756,20
1,103760,21
1,103764,22
1,103768,23
1,103772,24
1,103776,25
1,103864,47
1,103876,50
1,103880,51
1,103884,52
1,103896,55
1,103912,59
1,103924,62
1,103964,72
1,103972,74
1,104004,82
1,104016,85
1,104020,86
1,104024,87
1,104028,88
1,104044,92
1,104096,105
1,104128,113
1,104132,114
1,104136,115
1,104148,118
1,104152,119
1,104156,120
1,104184,127
1,104208,133
1,104212,134
1,104228,138
1,104236,140
1,104272,149
1,104276,0
1,104292,4
1,104300,6
1,104348,18
1,104392,29
1,104396,30
1,104404,32
1,104424,37
1,104448,43
1,104452,44
1,104460,46
1,104492,54
1,104504,57
1,104540,66
1,104584,77
1,104588,78
1,104600,81
1,104612,84
1,104640,91
1,104648,93
1,104656,95
1,104672,99
1,104680,101
1,104684,102
1,104692,104
1,104780,126
1,104788,128
1,104792,129
1,104796,130
1,104804,132
1,104844,142
1,104896,5
1,104908,8
1,104916,10
1,104920,11
1,104932,14
1,104976,25
1,105000,31
1,105008,33
1,105028,38
1,105032,39
1,105040,41
1,105044,42
1,105068,48
1,105072,49
1,105076,50
1,105088,53
1,105108,58
1,105116,60
1,105124,62
1,105136,65
1,105152,69
1,105160,71
1,105168,73
1,105176,75
1,105180,76
1,105192,79
1,105196,80
1,105220,86
1,105232,89
1,105236,90
1,105252,94
1,105260,96
1,105264,97
1,105268,98
1,105276,100
1,105288,103
1,105300,106
1,105320,111
1,105332,114
1,105344,117
1,105368,123
1,105376,125
1,105416,135
1,105432,139
1,105440,141
1,105468,148
1,105480,1
1,105488,3
1,105512,9
1,105524,12
1,105596,30
1,105612,34
1,105616,35
1,105620,36
1,105636,40
1,105656,45
1,105664,47
1,105680,51
1,105684,52
1,105700,56
1,105712,59
1,105728,63
1,105756,70
1,105804,82
1,105808,83
1,105844,92
1,105872,99
1,105960,121
1,105996,130
1,106044,142
1,106048,143
1,106052,144
1,106060,146
1,106064,147
1,106084,2
1,106096,5
1,106104,7
1,106128,13
1,106176,25
1,106184,27
1,106276,50
1,106296,55
1,106320,61
1,106324,62
1,106416,85
1,106420,86
1,106424,87
1,106428,88
1,106512,109
1,106524,112
1,106532,114
1,106564,122
1,106572,124
1,106620,136
1,106656,145
1,106700,6
1,106796,30
1,106804,32
1,106824,37
1,106848,43
1,106852,44
1,106860,46
1,106892,54
1,106904,57
1,106944,67
1,106948,68
1,107072,99
1,107092,104
1,107196,130
1,107200,131
1,107244,142
1,107292,4
1,107296,5
1,107344,17
1,107376,25
1,107388,28
1,107432,39
1,107476,50
1,107524,62
1,107532,64
1,107588,78
1,107600,81
1,107620,86
1,107648,93
1,107684,102
1,107732,114
1,107876,0
1,107996,30
1,108000,31
1,108008,33
1,108028,38
1,108040,41
1,108044,42
1,108212,84
1,108272,99
1,108304,107
1,108396,130
1,108444,142
1,108496,5
1,108576,25
1,108612,34
1,108672,49
1,108676,50
1,108724,62
1,108820,86
1,108856,95
1,108880,101
1,108932,114
1,108956,120
1,109028,138
1,109196,30
1,109236,40
1,109472,99
1,109508,108
1,109596,130
1,109644,142
1,109740,16
1,109868,48
1,109972,74
1,110020,86
1,110040,91
1,110296,5
1,110396,30
1,110488,53
1,110508,58
1,110584,77
1,110716,110
1,110740,116
1,110880,1
1,110908,8
1,110912,9
1,110916,10
1,110920,11
1,110924,12
1,110932,14
1,110976,25
1,111016,35
1,111020,36
1,111048,43
1,111076,50
1,111112,59
1,111124,62
1,111176,75
1,111180,76
1,111192,79
1,111196,80
1,111208,83
1,111220,86
1,111232,89
1,111272,99
1,111328,113
1,111332,114
1,111384,127
1,111388,128
1,111392,129
1,111396,130
1,111408,133
1,111412,134
1,111424,137
1,111444,142
1,111484,2
1,111488,3
1,111496,5
1,111504,7
1,111528,13
1,111552,19
1,111568,23
1,111580,26
1,111596,30
1,111604,32
1,111624,37
1,111628,38
1,111632,39
1,111652,44
1,111656,45
1,111664,47
1,111680,51
1,111684,52
1,111700,56
1,111800,81
1,111804,82
1,111824,87
1,111828,88
1,111836,90
1,111852,94
1,111864,97
1,111888,103
1,111968,123
1,111976,125
1,111980,126
1,112004,132
1,112036,140
1,112076,0
1,112092,4
1,112100,6
1,112136,15
1,112148,18
1,112160,21
1,112164,22
1,112172,24
1,112176,25
1,112192,29
1,112200,31
1,112208,33
1,112212,34
1,112236,40
1,112240,41
1,112244,42
1,112260,46
1,112276,50
1,112296,55
1,112304,57
1,112324,62
1,112364,72
1,112388,78
1,112412,84
1,112416,85
1,112420,86
1,112460,96
1,112468,98
1,112472,99
1,112476,100
1,112496,105
1,112532,114
1,112548,118
1,112552,119
1,112560,121
1,112564,122
1,112572,124
1,112596,130
1,112600,131
1,112644,142
1,112680,1
1,112696,5
1,112708,8
1,112712,9
1,112716,10
1,112720,11
1,112732,14
1,112744,17
1,112756,20
1,112784,27
1,112788,28
1,112796,30
1,112816,35
1,112820,36
1,112848,43
1,112868,48
1,112872,49
1,112888,53
1,112892,54
1,112908,58
1,112976,75
1,112980,76
1,112984,77
1,112992,79
1,113008,83
1,113044,92
1,113092,104
1,113156,120
1,113272,149
1,113284,2
1,113288,3
1,113304,7
1,113324,12
1,113328,13
1,113340,16
1,113376,25
1,113380,26
1,113404,32
1,113424,37
1,113428,38
1,113476,50
1,113512,59
1,113524,62
1,113540,66
1,113596,80
1,113604,82
1,113620,86
1,113624,87
1,113632,89
1,113640,91
1,113648,93
1,113656,95
1,113672,99
1,113680,101
1,113684,102
1,113700,106
1,113712,109
1,113720,111
1,113732,114
1,113736,115
1,113744,117
1,113784,127
1,113788,128
1,113792,129
1,113796,130
1,113808,133
1,113812,134
1,113840,141
1,113844,142
1,113876,0
1,113892,4
1,113896,5
1,113900,6
1,113936,15
1,113948,18
1,113952,19
1,113960,21
1,113964,22
1,113968,23
1,113996,30
1,114008,33
1,114032,39
1,114052,44
1,114056,45
1,114064,47
1,114080,51
1,114084,52
1,114100,56
1,114104,57
1,114128,63
1,114136,65
1,114144,67
1,114152,69
1,114156,70
1,114160,71
1,114168,73
1,114200,81
1,114216,85
1,114228,88
1,114236,90
1,114252,94
1,114260,96
1,114264,97
1,114268,98
1,114276,100
1,114288,103
1,114304,107
1,114308,108
1,114316,110
1,114324,112
1,114340,116
1,114368,123
1,114376,125
1,114380,126
1,114404,132
1,114416,135
1,114448,143
1,114456,145
1,114460,146
1,114468,148
1,114480,1
1,114508,8
1,114512,9
1,114516,10
1,114520,11
1,114544,17
1,114556,20
1,114572,24
1,114576,25
1,114584,27
1,114588,28
1,114592,29
1,114600,31
1,114612,34
1,114636,40
1,114640,41
1,114644,42
1,114660,46
1,114676,50
1,114696,55
1,114716,60
1,114720,61
1,114724,62
1,114732,64
1,114776,75
1,114780,76
1,114784,77
1,114788,78
1,114792,79
1,114808,83
1,114812,84
1,114820,86
1,114844,92
1,114872,99
1,114892,104
1,114896,105
1,114928,113
1,114932,114
1,114948,118
1,114952,119
1,114960,121
1,114964,122
1,114996,130
1,115000,131
1,115020,136
1,115032,139
1,115044,142
1,115052,144
1,115064,147
1,115084,2
1,115088,3
1,115096,5
1,115124,12
1,115128,13
1,115132,14
1,115140,16
1,115196,30
1,115268,48
1,115272,49
1,115288,53
1,115292,54
1,115308,58
1,115312,59
1,115348,68
1,115372,74
1,115404,82
1,115424,87
1,115440,91
1,115456,95
1,115480,101
1,115484,102
1,115556,120
1,115572,124
1,115628,138
1,115636,140
1,115676,0
1,115700,6
1,115704,7
1,115776,25
1,115780,26
1,115816,35
1,115820,36
1,115848,43
1,115856,45
1,115864,47
1,115876,50
1,115880,51
1,115900,56
1,115904,57
1,115924,62
1,115964,72
1,115996,80
1,116000,81
1,116016,85
1,116020,86
1,116028,88
1,116032,89
1,116048,93
1,116052,94
1,116060,96
1,116064,97
1,116068,98
1,116072,99
1,116076,100
1,116088,103
1,116112,109
1,116120,111
1,116132,114
1,116136,115
1,116144,117
1,116184,127
1,116188,128
1,116192,129
1,116196,130
1,116208,133
1,116212,134
1,116224,137
1,116244,142
1,116272,149
1,116292,4
1,116296,5
1,116316,10
1,116396,30
1,116404,32
1,116424,37
1,116428,38
1,116452,44
1,116460,46
1,116484,52
1,116496,55
1,116540,66
1,116588,78
1,116636,90
1,116700,106
1,116768,123
1,116776,125
1,116780,126
1,116840,141
1,116868,148
1,116880,1
1,116908,8
1,116912,9
1,116920,11
1,116976,25
1,117008,33
1,117032,39
1,117072,49
1,117076,50
1,117108,58
1,117124,62
1,117168,73
1,117176,75
1,117180,76
1,117184,77
1,117192,79
1,117208,83
1,117212,84
1,117220,86
1,117272,99
1,117324,112
1,117332,114
1,117364,122
1,117396,130
1,117404,132
1,117444,142
1,117496,5
1,117528,13
1,117596,30
1,117612,34
1,117668,48
1,117688,53
1,117692,54
1,117712,59
1,117736,65
1,117744,67
1,117752,69
1,117756,70
1,117804,82
1,117844,92
1,117904,107
1,117960,121
1,118056,145
1,118060,146
1,118088,3
1,118124,12
1,118176,25
1,118236,40
1,118240,41
1,118244,42
1,118276,50
1,118304,57
1,118324,62
1,118328,63
1,118360,71
1,118420,86
1,118424,87
1,118472,99
1,118492,104
1,118508,108
1,118532,114
1,118540,116
1,118596,130
1,118600,131
1,118644,142
1,118696,5
1,118764,22
1,118796,30
1,118800,31
1,118900,56
1,118916,60
1,119248,143
1,119332,14
1,119368,23
1,119376,25
1,119456,45
1,119476,50
1,119480,51
1,119524,62
1,119600,81
1,119620,86
1,119672,99
1,119732,114
1,119748,118
1,119752,119
1,119796,130
1,119816,135
1,119820,136
1,119832,139
1,119844,142
1,119884,2
1,119896,5
1,119904,7
1,119936,15
1,119996,30
1,120016,35
1,120048,43
1,120064,47
1,120132,64
1,120196,80
1,120216,85
1,120256,95
1,120328,113
1,120464,147
1,120552,19
1,120560,21
1,120676,50
1,120724,62
1,120820,86
1,120872,99
1,120916,110
1,120956,120
1,120996,130
1,121044,142
1,121144,17
1,121176,25
1,121196,30
1,121220,36
1,121252,44
1,121320,61
1,121480,101
1,121572,124
1,121628,138
1,121652,144
1,121676,0
1,121696,5
1,121700,6
1,121748,18
1,121772,24
1,121784,27
1,121788,28
1,121792,29
1,121804,32
1,121808,33
1,121824,37
1,121828,38
1,121860,46
1,121884,52
1,121896,55
1,121972,74
1,122020,86
1,122028,88
1,122032,89
1,122072,99
1,122084,102
1,122096,105
1,122132,114
1,122180,126
1,122184,127
1,122188,128
1,122192,129
1,122196,130
1,122208,133
1,122212,134
1,122244,142
1,122280,1
1,122292,4
1,122312,9
1,122316,10
1,122320,11
1,122340,16
1,122376,25
1,122396,30
1,122468,48
1,122472,49
1,122476,50
1,122500,56
1,122504,57
1,122508,58
1,122524,62
1,122548,68
1,122576,75
1,122580,76
1,122584,77
1,122588,78
1,122592,79
1,122608,83
1,122612,84
1,122640,91
1,122768,123
1,122776,125
1,122884,2
1,122888,3
1,122896,5
1,122904,7
1,122908,8
1,122924,12
1,122928,13
1,122932,14
1,122956,20
1,122968,23
1,123000,31
1,123012,34
1,123032,39
1,123036,40
1,123040,41
1,123056,45
1,123064,47
1,123080,51
1,123088,53
1,123092,54
1,123112,59
1,123196,80
1,123200,81
1,123204,82
1,123216,85
1,123220,86
1,123224,87
1,123268,98
1,123272,99
1,123312,109
1,123320,111
1,123332,114
1,123356,120
1,123360,121
1,123364,122
1,123396,130
1,123400,131
1,123404,132
1,123424,137
1,123436,140
1,123444,142
1,123472,149
1,123476,0
1,123500,6
1,123536,15
1,123544,17
1,123552,19
1,123560,21
1,123564,22
1,123576,25
1,123580,26
1,123596,30
1,123644,42
1,123648,43
1,123652,44
1,123660,46
1,123676,50
1,123684,52
1,123696,55
1,123724,62
1,123828,88
1,123832,89
1,123848,93
1,123852,94
1,123864,97
1,123888,103
1,123900,106
1,123924,112
1,123928,113
1,123936,115
1,123940,116
1,123944,117
1,123948,118
1,123972,124
1,123980,126
1,123984,127
1,123988,128
1,124008,133
1,124012,134
1,124080,1
1,124092,4
1,124096,5
1,124112,9
1,124116,10
1,124120,11
1,124148,18
1,124172,24
1,124184,27
1,124188,28
1,124192,29
1,124216,35
1,124268,48
1,124272,49
1,124300,56
1,124304,57
1,124308,58
1,124336,65
1,124340,66
1,124364,72
1,124376,75
1,124380,76
1,124384,77
1,124388,78
1,124392,79
1,124408,83
1,124412,84
1,124420,86
1,124436,90
1,124472,99
1,124476,100
1,124496,105
1,124504,107
1,124508,108
1,124532,114
1,124552,119
1,124568,123
1,124576,125
1,124592,129
1,124596,130
1,124644,142
1,124668,148
1,124684,2
1,124688,3
1,124704,7
1,124708,8
1,124724,12
1,124728,13
1,124732,14
1,124740,16
1,124768,23
1,124776,25
1,124796,30
1,124820,36
1,124824,37
1,124856,45
1,124864,47
1,124876,50
1,124880,51
1,124888,53
1,124892,54
1,124912,59
1,124924,62
1,124928,63
1,124956,70
1,124960,71
1,124968,73
1,124996,80
1,125000,81
1,125004,82
1,125016,85
1,125024,87
1,125060,96
1,125112,109
1,125116,110
1,125156,120
1,125160,121
1,125164,122
1,125200,131
1,125204,132
1,125232,139
1,125240,141
1,125256,145
1,125260,146
1,125296,5
1,125300,6
1,125356,20
1,125408,33
1,125460,46
1,125484,52
1,125496,55
1,125516,60
1,125520,61
1,125532,64
1,125544,67
1,125552,69
1,125620,86
1,125628,88
1,125632,89
1,125644,92
1,125672,99
1,125692,104
1,125720,111
1,125732,114
1,125772,124
1,125780,126
1,125784,127
1,125788,128
1,125796,130
1,125812,134
1,125816,135
1,125820,136
1,125824,137
1,125828,138
1,125844,142
1,125848,143
1,125864,147
1,125876,0
1,125920,11
1,125960,21
1,125976,25
1,125980,26
1,125996,30
1,126004,32
1,126028,38
1,126068,48
1,126072,49
1,126076,50
1,126100,56
1,126104,57
1,126108,58
1,126124,62
1,126176,75
1,126180,76
1,126192,79
1,126208,83
1,126212,84
1,126256,95
1,126324,112
1,126340,116
1,126344,117
1,126348,118
1,126376,125
1,126408,133
1,126436,140
1,126452,144
1,126480,1
1,126492,4
1,126496,5
1,126512,9
1,126656,45
1,126680,51
1,126748,68
1,126772,74
1,126784,77
1,126788,78
1,126820,86
1,126824,87
1,126872,99
1,126880,101
1,126900,106
1,126932,114
1,126936,115
1,126968,123
1,126992,129
1,126996,130
1,127044,142
1,127176,25
1,127196,30
1,127232,39
1,127236,40
1,127240,41
1,127264,47
1,127276,50
1,127288,53
1,127292,54
1,127312,59
1,127324,62
1,127340,66
1,127364,72
1,127396,80
1,127400,81
1,127416,85
1,127508,108
1,127528,113
1,127552,119
1,127560,121
1,127604,132
1,127672,149
1,127688,3
1,127696,5
1,127716,10
1,127744,17
1,127764,22
1,127800,31
1,127812,34
1,127852,44
1,128004,82
1,128020,86
1,128040,91
1,128072,99
2,128132,2
2,128152,7
2,128156,8
2,128172,12
2,128180,14
2,128184,15
2,128224,25
2,128244,30
2,128264,35
2,128292,42
2,128324,50
2,128332,52
2,128344,55
2,128372,62
2,128376,63
2,128500,94
2,128532,102
2,128604,120
2,128612,122
2,128644,130
2,128692,142
2,128744,5
2,128776,13
2,128800,19
2,128832,27
2,128836,28
2,128840,29
2,128896,43
2,128908,46
2,129068,86
2,129116,98
2,129120,99
2,129124,100
2,129136,103
2,129152,107
2,129248,131
2,129316,148
2,129348,6
2,129396,18
2,129416,23
2,129420,24
2,129424,25
2,129444,30
2,129456,33
2,129468,36
2,129472,37
2,129476,38
2,129516,48
2,129520,49
2,129524,50
2,129548,56
2,129552,57
2,129556,58
2,129572,62
2,129608,71
2,129628,76
2,129676,88
2,129680,89
2,129696,93
2,129708,96
2,129712,97
2,129740,104
2,129780,114
2,129820,124
2,129828,126
2,129832,127
2,129836,128
2,129844,130
2,129860,134
2,129892,142
2,129924,0
2,129928,1
2,129944,5
2,129968,11
2,129988,16
2,130028,26
2,130048,31
2,130052,32
2,130080,39
2,130084,40
2,130088,41
2,130128,51
2,130180,64
2,130184,65
2,130224,75
2,130240,79
2,130268,86
2,130284,90
2,130292,92
2,130320,99
2,130344,105
2,130540,4
2,130560,9
2,130564,10
2,130604,20
2,130608,21
2,130624,25
2,130644,30
2,130660,34
2,130692,42
2,130700,44
2,130704,45
2,130724,50
2,130736,53
2,130740,54
2,130764,60
2,130768,61
2,130772,62
2,130800,69
2,130816,73
2,130832,77
2,130836,78
2,130844,80
2,130856,83
2,130860,84
2,130888,91
2,130904,95
2,130928,101
2,130980,114
2,131016,123
2,131024,125
2,131040,129
2,131044,130
2,131056,133
2,131092,142
2,131132,2
2,131136,3
2,131144,5
2,131152,7
2,131156,8
2,131172,12
2,131176,13
2,131180,14
2,131184,15
2,131192,17
2,131212,22
2,131232,27
2,131264,35
2,131268,36
2,131272,37
2,131296,43
2,131308,46
2,131312,47
2,131332,52
2,131344,55
2,131352,57
2,131360,59
2,131392,67
2,131448,81
2,131452,82
2,131464,85
2,131468,86
2,131472,87
2,131500,94
2,131520,99
2,131604,120
2,131608,121
2,131612,122
2,131648,131
2,131652,132
2,131672,137
2,131680,139
2,131688,141
2,131704,145
2,131708,146
2,131724,0
2,131748,6
2,131768,11
2,131796,18
2,131800,19
2,131816,23
2,131820,24
2,131824,25
2,131836,28
2,131840,29
2,131844,30
2,131856,33
2,131876,38
2,131884,40
2,131916,48
2,131920,49
2,131924,50
2,131948,56
2,131956,58
2,131972,62
2,132004,70
2,132076,88
2,132080,89
2,132116,98
2,132132,102
2,132180,114
2,132220,124
2,132228,126
2,132232,127
2,132236,128
2,132244,130
2,132260,134
2,132268,136
2,132276,138
2,132292,142
2,132296,143
2,132300,144
2,132312,147
2,132328,1
2,132340,4
2,132344,5
2,132360,9
2,132364,10
2,132428,26
2,132448,31
2,132452,32
2,132460,34
2,132480,39
2,132488,41
2,132492,42
2,132500,44
2,132504,45
2,132528,51
2,132536,53
2,132540,54
2,132588,66
2,132620,74
2,132624,75
2,132628,76
2,132640,79
2,132656,83
2,132660,84
2,132668,86
2,132696,93
2,132720,99
2,132724,100
2,132736,103
2,132760,109
2,132764,110
2,132816,123
2,132824,125
2,132840,129
2,132856,133
2,132864,135
2,132884,140
2,132920,149
2,132932,2
2,132936,3
2,132952,7
2,132956,8
2,132972,12
2,132980,14
2,132988,16
2,133004,20
2,133008,21
2,133024,25
2,133032,27
2,133044,30
2,133064,35
2,133108,46
2,133112,47
2,133124,50
2,133132,52
2,133144,55
2,133152,57
2,133172,62
2,133212,72
2,133232,77
2,133236,78
2,133244,80
2,133248,81
2,133252,82
2,133272,87
2,133368,111
2,133380,114
2,133388,116
2,133396,118
2,133404,120
2,133412,122
2,133444,130
2,133448,131
2,133480,139
2,133488,141
2,133492,142
2,133516,148
2,133544,5
2,133548,6
2,133576,13
2,133584,15
2,133592,17
2,133596,18
2,133600,19
2,133612,22
2,133616,23
2,133620,24
2,133636,28
2,133640,29
2,133668,36
2,133672,37
2,133696,43
2,133720,49
2,133756,58
2,133760,59
2,133864,85
2,133868,86
2,133876,88
2,133880,89
2,133908,96
2,133920,99
2,133940,104
2,133944,105
2,133948,106
2,133952,107
2,133956,108
2,133972,112
2,133976,113
2,133984,115
2,133992,117
2,134000,119
2,134008,121
2,134020,124
2,134052,132
2,134068,136
2,134072,137
2,134076,138
2,134096,143
2,134100,144
2,134104,145
2,134108,146
2,134112,147
2,134124,0
2,134128,1
2,134160,9
2,134168,11
2,134224,25
2,134228,26
2,134244,30
2,134252,32
2,134256,33
2,134276,38
2,134284,40
2,134316,48
2,134324,50
2,134340,54
2,134348,56
2,134372,62
2,134376,63
2,134396,68
2,134424,75
2,134484,90
2,134512,97
2,134560,109
2,134564,110
2,134580,114
2,134628,126
2,134636,128
2,134644,130
2,134660,134
2,134664,135
2,134684,140
2,134692,142
2,134720,149
2,134740,4
2,134744,5
2,134764,10
2,134788,16
2,134792,17
2,134804,20
2,134808,21
2,134820,24
2,134832,27
2,134836,28
2,134888,41
2,134904,45
2,134928,51
2,134936,53
2,135028,76
2,135040,79
2,135056,83
2,135060,84
2,135068,86
2,135092,92
2,135100,94
2,135120,99
2,135128,101
2,135168,111
2,135188,116
2,135196,118
2,135232,127
2,135280,139
2,135316,148
2,135332,2
2,135336,3
2,135352,7
2,135384,15
2,135396,18
2,135400,19
2,135412,22
2,135416,23
2,135424,25
2,135440,29
2,135444,30
2,135448,31
2,135460,34
2,135480,39
2,135492,42
2,135500,44
2,135512,47
2,135524,50
2,135532,52
2,135544,55
2,135552,57
2,135564,60
2,135572,62
2,135632,77
2,135636,78
2,135644,80
2,135648,81
2,135672,87
2,135704,95
2,135744,105
2,135748,106
2,135752,107
2,135756,108
2,135772,112
2,135776,113
2,135780,114
2,135784,115
2,135792,117
2,135800,119
2,135816,123
2,135824,125
2,135840,129
2,135844,130
2,135888,141
2,135892,142
2,135896,143
2,135904,145
2,135912,147
2,135944,5
2,135956,8
2,135972,12
2,135992,17
2,136004,20
2,136008,21
2,136028,26
2,136032,27
2,136108,46
2,136120,49
2,136160,59
2,136184,65
2,136252,82
2,136268,86
2,136280,89
2,136288,91
2,136316,98
2,136320,99
2,136360,109
2,136364,110
2,136456,133
2,136468,136
2,136472,137
2,136476,138
2,136500,144
2,136580,14
2,136588,16
2,136596,18
2,136600,19
2,136620,24
2,136624,25
2,136636,28
2,136640,29
2,136644,30
2,136664,35
2,136668,36
2,136696,43
2,136716,48
2,136724,50
2,136736,53
2,136740,54
2,136748,56
2,136756,58
2,136768,61
2,136772,62
2,136780,64
2,136788,66
2,136792,67
2,136808,71
2,136816,73
2,136876,88
2,136968,111
2,136980,114
2,136988,116
2,136996,118
2,137004,120
2,137044,130
2,137092,142
2,137108,146
2,137144,5
2,137148,6
2,137176,13
2,137184,15
2,137192,17
2,137212,22
2,137216,23
2,137228,26
2,137304,45
2,137312,47
2,137328,51
2,137332,52
2,137344,55
2,137352,57
2,137464,85
2,137468,86
2,137520,99
2,137524,100
2,137608,121
2,137612,122
2,137648,131
2,137652,132
2,137664,135
2,137788,16
2,137796,18
2,137800,19
2,137804,20
2,137808,21
2,137820,24
2,137824,25
2,137832,27
2,137836,28
2,137840,29
2,137844,30
2,137856,33
2,137872,37
2,137908,46
2,137920,49
2,137924,50
2,137960,59
2,137972,62
2,138000,69
2,138004,70
2,138024,75
2,138040,79
2,138056,83
2,138132,102
2,138172,112
2,138180,114
2,138184,115
2,138220,124
2,138244,130
2,138284,140
2,138292,142
2,138320,149
2,138344,5
2,138368,11
2,138384,15
2,138412,22
2,138416,23
2,138452,32
2,138476,38
2,138484,40
2,138516,48
2,138540,54
2,138548,56
2,138556,58
2,138596,68
2,138612,72
2,138620,74
2,138628,76
2,138636,78
2,138660,84
2,138668,86
2,138720,99
2,138744,105
2,138748,106
2,138752,107
2,138756,108
2,138776,113
2,138792,117
2,138800,119
2,138828,126
2,138836,128
2,138860,134
2,138880,139
2,138916,148
2,138928,1
2,138988,16
2,138992,17
2,138996,18
2,139000,19
2,139004,20
2,139008,21
2,139020,24
2,139024,25
2,139028,26
2,139032,27
2,139040,29
2,139044,30
2,139088,41
2,139104,45
2,139112,47
2,139124,50
2,139128,51
2,139132,52
2,139136,53
2,139144,55
2,139152,57
2,139172,62
2,139232,77
2,139244,80
2,139248,81
2,139280,89
2,139380,114
2,139424,125
2,139432,127
2,139440,129
2,139444,130
2,139456,133
2,139492,142
2,139504,145
2,139544,5
2,139584,15
2,139612,22
2,139616,23
2,139636,28
2,139648,31
2,139660,34
2,139680,39
2,139692,42
2,139700,44
2,139708,46
2,139720,49
2,139760,59
2,139776,63
2,139868,86
2,139872,87
2,139876,88
2,139908,96
2,139912,97
2,139920,99
2,139936,103
2,139940,104
2,139964,110
2,140004,120
2,140012,122
2,140016,123
2,140052,132
2,140068,136
2,140088,141
2,140096,143
2,140112,147
2,140204,20
2,140224,25
2,140228,26
2,140244,30
2,140264,35
2,140268,36
2,140316,48
2,140324,50
2,140340,54
2,140348,56
2,140356,58
2,140364,60
2,140372,62
2,140384,65
2,140408,71
2,140452,82
2,140496,93
2,140560,109
2,140568,111
2,140580,114
2,140608,121
2,140620,124
2,140644,130
2,140648,131
2,140672,137
2,140676,138
2,140692,142
2,140700,144
2,140708,146
2,140724,0
2,140740,4
2,140744,5
2,140784,15
2,140788,16
2,140792,17
2,140796,18
2,140800,19
2,140808,21
2,140812,22
2,140816,23
2,140820,24
2,140832,27
2,140840,29
2,140896,43
2,140904,45
2,140912,47
2,140928,51
2,140932,52
2,140936,53
2,140944,55
2,140952,57
2,140968,61
2,140980,64
2,141016,73
2,141024,75
2,141028,76
2,141036,78
2,141056,83
2,141064,85
2,141068,86
2,141092,92
2,141120,99
2,141188,116
2,141196,118
2,141224,125
2,141228,126
2,141236,128
2,141240,129
2,141256,133
2,141260,134
2,141264,135
2,141280,139
2,141284,140
2,141304,145
2,141316,148
2,141320,149
2,141404,20
2,141424,25
2,141428,26
2,141436,28
2,141444,30
2,141456,33
2,141472,37
2,141484,40
2,141508,46
2,141520,49
2,141524,50
2,141560,59
2,141572,62
2,141588,66
2,141592,67
2,141596,68
2,141600,69
2,141604,70
2,141612,72
2,141632,77
2,141640,79
2,141644,80
2,141648,81
2,141660,84
2,141680,89
2,141684,90
2,141688,91
2,141700,94
2,141704,95
2,141716,98
2,141724,100
2,141728,101
2,141772,112
2,141780,114
2,141804,120
2,141812,122
2,141816,123
2,141832,127
2,141844,130
2,141852,132
2,141868,136
2,141892,142
2,141912,147
2,141944,5
2,141960,9
2,141984,15
2,141988,16
2,141992,17
2,141996,18
2,142000,19
2,142008,21
2,142012,22
2,142016,23
2,142020,24
2,142032,27
2,142040,29
2,142048,31
2,142076,38
2,142088,41
2,142116,48
2,142140,54
2,142148,56
2,142156,58
2,142220,74
2,142268,86
2,142272,87
2,142276,88
2,142320,99
2,142332,102
2,142408,121
2,142420,124
2,142448,131
2,142476,138
2,142488,141
2,142496,143
2,142604,20
2,142624,25
2,142628,26
2,142636,28
2,142644,30
2,142652,32
2,142660,34
2,142680,39
2,142692,42
2,142700,44
2,142712,47
2,142724,50
2,142728,51
2,142732,52
2,142736,53
2,142744,55
2,142752,57
2,142772,62
2,142776,63
2,142852,82
2,142896,93
2,142908,96
2,142912,97
2,142936,103
2,142940,104
2,142956,108
2,142980,114
2,142992,117
2,143024,125
2,143028,126
2,143036,128
2,143040,129
2,143044,130
2,143056,133
2,143060,134
2,143072,137
2,143080,139
2,143092,142
2,143100,144
2,143108,146
2,143116,148
2,143120,149
2,143144,5
2,143184,15
2,143188,16
2,143192,17
2,143196,18
2,143200,19
2,143208,21
2,143212,22
2,143216,23
2,143220,24
2,143232,27
2,143240,29
2,143264,35
2,143268,36
2,143296,43
2,143304,45
2,143308,46
2,143320,49
2,143360,59
2,143364,60
2,143368,61
2,143380,64
2,143384,65
2,143408,71
2,143416,73
2,143424,75
2,143428,76
2,143432,77
2,143436,78
2,143440,79
2,143456,83
2,143464,85
2,143468,86
2,143492,92
2,143520,99
2,143548,106
2,143552,107
2,143576,113
2,143584,115
2,143604,120
2,143612,122
2,143616,123
2,143632,127
2,143652,132
2,143664,135
2,143668,136
2,143684,140
2,143704,145
2,143804,20
2,143824,25
2,143828,26
2,143836,28
2,143844,30
2,143856,33
2,143872,37
2,143888,41
2,143924,50
2,143972,62
2,143988,66
2,143992,67
2,143996,68
2,144000,69
2,144004,70
2,144012,72
2,144020,74
2,144044,80
2,144060,84
2,144080,89
2,144084,90
2,144088,91
2,144100,94
2,144104,95
2,144116,98
2,144124,100
2,144128,101
2,144180,114
2,144208,121
2,144220,124
2,144244,130
2,144248,131
2,144276,138
2,144288,141
2,144292,142
2,144296,143
2,144312,147
2,144344,5
2,144384,15
2,144388,16
2,144392,17
2,144396,18
2,144400,19
2,144408,21
2,144412,22
2,144416,23
2,144420,24
2,144432,27
2,144440,29
2,144448,31
2,144452,32
2,144476,38
2,144480,39
2,144484,40
2,144492,42
2,144516,48
2,144540,54
2,144548,56
2,144556,58
2,144576,63
2,144648,81
2,144668,86
2,144672,87
2,144708,96
2,144720,99
2,144732,102
2,144744,105
2,144764,110
2,144800,119
2,144824,125
2,144828,126
2,144836,128
2,144840,129
2,144856,133
2,144860,134
2,144872,137
2,144880,139
2,144900,144
2,144908,146
2,144916,148
2,144920,149
2,145004,20
2,145024,25
2,145028,26
2,145036,28
2,145044,30
2,145060,34
2,145064,35
2,145096,43
2,145100,44
2,145112,47
2,145124,50
2,145128,51
2,145132,52
2,145136,53
2,145164,60
2,145168,61
2,145172,62
2,145180,64
2,145184,65
2,145204,70
2,145208,71
2,145216,73
2,145252,82
2,145276,88
2,145296,93
2,145312,97
2,145336,103
2,145340,104
2,145360,109
2,145368,111
2,145380,114
2,145396,118
2,145404,120
2,145412,122
2,145416,123
2,145432,127
2,145444,130
2,145452,132
2,145464,135
2,145468,136
2,145484,140
2,145492,142
2,145504,145
2,145544,5
2,145588,16
2,145592,17
2,145596,18
2,145600,19
2,145612,22
2,145616,23
2,145632,27
2,145640,29
2,145656,33
2,145668,36
2,145672,37
2,145688,41
2,145744,55
2,145752,57
2,145788,66
2,145792,67
2,145796,68
2,145800,69
2,145812,72
2,145820,74
2,145868,86
2,145888,91
2,145892,92
2,145900,94
2,145916,98
2,145920,99
2,145988,116
2,146008,121
2,146020,124
2,146048,131
2,146076,138
2,146088,141
2,146096,143
2,146112,147
2,146184,15
2,146204,20
2,146208,21
2,146220,24
2,146224,25
2,146228,26
2,146236,28
2,146244,30
2,146248,31
2,146252,32
2,146276,38
2,146280,39
2,146284,40
2,146292,42
2,146324,50
2,146372,62
2,146376,63
2,146428,76
2,146432,77
2,146436,78
2,146440,79
2,146456,83
2,146464,85
2,146484,90
2,146504,95
2,146524,100
2,146528,101
2,146556,108
2,146576,113
2,146580,114
2,146584,115
2,146624,125
2,146628,126
2,146636,128
2,146640,129
2,146644,130
2,146656,133
2,146660,134
2,146692,142
2,146716,148
2,146720,149
2,146744,5
2,146752,7
2,146756,8
2,146764,10
2,146792,17
2,146800,19
2,146812,22
2,146816,23
2,146832,27
2,146860,34
2,146864,35
2,146896,43
2,146900,44
2,146964,60
2,146968,61
2,146980,64
2,146984,65
2,147004,70
2,147008,71
2,147016,73
2,147068,86
2,147080,89
2,147108,96
2,147120,99
2,147132,102
2,147136,103
2,147148,106
2,147172,112
2,147192,117
2,147204,120
2,147212,122
2,147216,123
2,147232,127
2,147252,132
2,147272,137
2,147280,139
2,147300,144
2,147384,15
2,147388,16
2,147396,18
2,147404,20
2,147420,24
2,147424,25
2,147436,28
2,147440,29
2,147444,30
2,147456,33
2,147468,36
2,147472,37
2,147488,41
2,147504,45
2,147524,50
2,147560,59
2,147572,62
2,147588,66
2,147592,67
2,147596,68
2,147600,69
2,147612,72
2,147620,74
2,147624,75
2,147644,80
2,147672,87
2,147696,93
2,147700,94
2,147712,97
2,147740,104
2,147744,105
2,147752,107
2,147780,114
2,147808,121
2,147820,124
2,147844,130
2,147848,131
2,147864,135
2,147868,136
2,147892,142
2,147904,145
2,147908,146
2,147932,2
2,147936,3
2,147944,5
2,147992,17
2,148000,19
2,148008,21
2,148012,22
2,148016,23
2,148028,26
2,148032,27
2,148048,31
2,148076,38
2,148080,39
2,148084,40
2,148092,42
2,148120,49
2,148248,81
2,148260,84
2,148268,86
2,148288,91
2,148292,92
2,148316,98
2,148320,99
2,148360,109
2,148364,110
2,148400,119
2,148436,128
2,148476,138
2,148484,140
2,148584,15
2,148588,16
2,148604,20
2,148620,24
2,148624,25
2,148640,29
2,148644,30
2,148652,32
2,148660,34
2,148664,35
2,148696,43
2,148700,44
2,148724,50
2,148772,62
2,148884,90
2,148904,95
2,148924,100
2,148928,101
2,148936,103
2,148968,111
2,148980,114
2,148988,116
2,148996,118
2,149004,120
2,149024,125
2,149028,126
2,149040,129
2,149044,130
2,149056,133
2,149060,134
2,149092,142
2,149096,143
2,149112,147
2,149144,5
2,149172,12
2,149192,17
2,149196,18
2,149200,19
2,149208,21
2,149212,22
2,149216,23
2,149236,28
2,149256,33
2,149268,36
2,149272,37
2,149288,41
2,149364,60
2,149384,65
2,149404,70
2,149408,71
2,149468,86
2,149508,96
2,149512,97
2,149520,99
2,149532,102
2,149556,108
2,149584,115
2,149612,122
2,149616,123
2,149632,127
2,149652,132
2,149688,141
2,149716,148
2,149784,15
2,149788,16
2,149820,24
2,149824,25
2,149828,26
2,149832,27
2,149844,30
2,149848,31
2,149876,38
2,149880,39
2,149884,40
2,149892,42
2,149908,46
2,149924,50
2,149968,61
2,149972,62
2,149976,63
2,149980,64
2,149988,66
2,149992,67
2,149996,68
2,150000,69
2,150016,73
2,150076,88
2,150096,93
2,150100,94
2,150140,104
2,150148,106
2,150172,112
2,150176,113
2,150180,114
2,150192,117
2,150244,130
2,150272,137
2,150292,142
2,150300,144
2,150320,149
2,150344,5
2,150380,14
2,150392,17
2,150404,20
2,150440,29
2,150452,32
2,150460,34
2,150464,35
2,150496,43
2,150500,44
2,150612,72
2,150620,74
2,150668,86
2,150684,90
2,150688,91
2,150692,92
2,150704,95
2,150716,98
2,150720,99
2,150728,101
2,150736,103
2,150744,105
2,150752,107
2,150760,109
2,150808,121
2,150820,124
2,150848,131
2,150880,139
2,150928,1
2,150948,6
2,150976,13
2,150996,18
2,151000,19
2,151008,21
2,151012,22
2,151016,23
2,151024,25
2,151036,28
2,151044,30
2,151056,33
2,151068,36
2,151072,37
2,151088,41
2,151124,50
2,151172,62
2,151252,82
2,151256,83
2,151308,96
2,151312,97
2,151324,100
2,151332,102
2,151364,110
2,151368,111
2,151380,114
2,151388,116
2,151396,118
2,151400,119
2,151436,128
2,151444,130
2,151492,142
2,151504,145
2,151508,146
2,151524,0
2,151540,4
2,151544,5
2,151568,11
2,151584,15
2,151588,16
2,151620,24
2,151628,26
2,151632,27
2,151648,31
2,151676,38
2,151680,39
2,151684,40
2,151692,42
2,151748,56
2,151836,78
2,151864,85
2,151868,86
2,151880,89
2,151892,92
2,151896,93
2,151900,94
2,151920,99
2,151940,104
2,151956,108
2,151984,115
2,152056,133
2,152060,134
2,152068,136
2,152156,8
2,152160,9
2,152192,17
2,152204,20
2,152224,25
2,152240,29
2,152244,30
2,152252,32
2,152260,34
2,152296,43
2,152300,44
2,152316,48
2,152324,50
2,152336,53
2,152340,54
2,152356,58
2,152364,60
2,152372,62
2,152384,65
2,152404,70
2,152424,75
2,152428,76
2,152432,77
2,152440,79
2,152444,80
2,152448,81
2,152460,84
2,152472,87
2,152484,90
2,152488,91
2,152504,95
2,152516,98
2,152528,101
2,152536,103
2,152548,106
2,152576,113
2,152580,114
2,152592,117
2,152604,120
2,152624,125
2,152640,129
2,152644,130
2,152664,135
2,152676,138
2,152684,140
2,152692,142
2,152712,147
2,152732,2
2,152736,3
2,152744,5
2,152752,7
2,152764,10
2,152772,12
2,152780,14
2,152796,18
2,152800,19
2,152808,21
2,152812,22
2,152816,23
2,152836,28
2,152856,33
2,152864,35
2,152868,36
2,152872,37
2,152912,47
2,152928,51
2,152932,52
2,152944,55
2,152952,57
2,153068,86
2,153108,96
2,153112,97
2,153120,99
2,153124,100
2,153132,102
2,153144,105
2,153152,107
2,153160,109
2,153172,112
2,153212,122
2,153216,123
2,153228,126
2,153232,127
2,153252,132
2,153316,148
2,153328,1
2,153340,4
2,153348,6
2,153368,11
2,153376,13
2,153384,15
2,153388,16
2,153424,25
2,153428,26
2,153432,27
2,153444,30
2,153476,38
2,153488,41
2,153504,45
2,153520,49
2,153524,50
2,153560,59
2,153572,62
2,153608,71
2,153652,82
2,153656,83
2,153676,88
2,153692,92
2,153696,93
2,153700,94
2,153740,104
2,153764,110
2,153780,114
2,153788,116
2,153796,118
2,153800,119
2,153808,121
2,153844,130
2,153848,131
2,153888,141
2,153892,142
2,153896,143
2,153900,144
2,153924,0
2,153944,5
2,153960,9
2,153992,17
2,154004,20
2,154020,24
2,154048,31
2,154080,39
2,154084,40
2,154092,42
2,154108,46
2,154168,61
2,154176,63
2,154188,66
2,154192,67
2,154200,69
2,154216,73
2,154220,74
2,154224,75
2,154232,77
2,154236,78
2,154240,79
2,154264,85
2,154268,86
2,154272,87
2,154280,89
2,154284,90
2,154288,91
2,154304,95
2,154316,98
2,154320,99
2,154328,101
2,154336,103
2,154356,108
2,154368,111
2,154384,115
2,154420,124
2,154436,128
2,154456,133
2,154472,137
2,154520,149
2,154532,2
2,154552,7
2,154556,8
2,154564,10
2,154572,12
2,154596,18
2,154600,19
2,154612,22
2,154616,23
2,154624,25
2,154636,28
2,154640,29
2,154644,30
2,154652,32
2,154660,34
2,154696,43
2,154700,44
2,154716,48
2,154724,50
2,154728,51
2,154732,52
2,154736,53
2,154740,54
2,154748,56
2,154752,57
2,154756,58
2,154772,62
2,154780,64
2,154812,72
2,154828,76
2,154844,80
2,154848,81
2,154860,84
2,154948,106
2,154976,113
2,154980,114
2,154992,117
2,155004,120
2,155012,122
2,155024,125
2,155040,129
2,155044,130
2,155060,134
2,155080,139
2,155092,142
2,155128,1
2,155136,3
2,155140,4
2,155144,5
2,155148,6
2,155168,11
2,155176,13
2,155180,14
2,155208,21
2,155232,27
2,155256,33
2,155272,37
2,155304,45
2,155312,47
2,155320,49
2,155344,55
2,155360,59
2,155396,68
2,155452,82
2,155456,83
2,155468,86
2,155512,97
2,155520,99
2,155532,102
2,155544,105
2,155552,107
2,155560,109
2,155572,112
2,155608,121
2,155616,123
2,155628,126
2,155632,127
2,155652,132
2,155704,145
2,155724,0
2,155760,9
2,155784,15
2,155788,16
2,155792,17
2,155824,25
2,155828,26
2,155844,30
2,155864,35
2,155908,46
2,155924,50
2,155972,62
2,155984,65
2,156004,70
2,156024,75
2,156032,77
2,156036,78
2,156040,79
2,156064,85
2,156072,87
2,156076,88
2,156080,89
2,156108,96
2,156124,100
2,156164,110
2,156180,114
2,156188,116
2,156196,118
2,156200,119
2,156220,124
2,156236,128
2,156244,130
2,156248,131
2,156256,133
2,156268,136
2,156284,140
2,156292,142
2,156308,146
2,156316,148
2,156332,2
2,156344,5
2,156356,8
2,156364,10
2,156372,12
2,156404,20
2,156420,24
2,156488,41
2,156516,48
2,156528,51
2,156532,52
2,156536,53
2,156540,54
2,156548,56
2,156552,57
2,156556,58
2,156628,76
2,156644,80
2,156668,86
2,156720,99
2,156756,108
2,156768,111
2,156784,115
2,156804,120
2,156812,122
2,156824,125
2,156840,129
2,156860,134
2,156876,138
2,156912,147
2,156936,3
2,156952,7
2,156976,13
2,156996,18
2,157012,22
2,157016,23
2,157024,25
2,157036,28
2,157040,29
2,157044,30
2,157104,45
2,157112,47
2,157120,49
2,157124,50
2,157144,55
2,157164,60
2,157172,62
2,157248,81
2,157252,82
2,157256,83
2,157260,84
2,157360,109
3,157376,1
3,157392,5
3,157428,14
3,157496,31
3,157516,36
3,157524,38
3,157528,39
3,157532,40
3,157608,59
3,157716,86
3,157748,94
3,157768,99
3,157788,104
3,157828,114
3,157840,117
3,157892,130
3,157912,135
3,157940,142
3,157996,6
3,158016,11
3,158072,25
3,158092,30
3,158108,34
3,158140,42
3,158144,43
3,158156,46
3,158172,50
3,158220,62
3,158340,92
3,158344,93
3,158588,4
3,158592,5
3,158648,19
3,158656,21
3,158676,26
3,158680,27
3,158700,32
3,158704,33
3,158720,37
3,158748,44
3,158912,85
3,158916,86
3,158932,90
3,158960,97
3,158964,98
3,158968,99
3,158976,101
3,158984,103
3,158996,106
3,159000,107
3,159080,127
3,159092,130
3,159140,142
3,159172,0
3,159232,15
3,159236,16
3,159240,17
3,159272,25
3,159292,30
3,159312,35
3,159336,41
3,159364,48
3,159372,50
3,159376,51
3,159380,52
3,159384,53
3,159388,54
3,159396,56
3,159400,57
3,159404,58
3,159420,62
3,159424,63
3,159436,66
3,159456,71
3,159480,77
3,159484,78
3,159520,87
3,159524,88
3,159536,91
3,159552,95
3,159592,105
3,159624,113
3,159628,114
3,159656,121
3,159676,126
3,159700,132
3,159736,141
3,159780,2
3,159792,5
3,159808,9
3,159896,31
3,159916,36
3,159924,38
3,159928,39
3,159932,40
3,159944,43
3,159952,45
3,159960,47
3,159968,49
3,159992,55
3,160072,75
3,160088,79
3,160116,86
3,160128,89
3,160156,96
3,160168,99
3,160172,100
3,160180,102
3,160264,123
3,160268,124
3,160284,128
3,160292,130
3,160296,131
3,160304,133
3,160340,142
3,160344,143
3,160376,1
3,160384,3
3,160400,7
3,160404,8
3,160412,10
3,160420,12
3,160428,14
3,160444,18
3,160452,20
3,160468,24
3,160472,25
3,160488,29
3,160492,30
3,160500,32
3,160504,33
3,160508,34
3,160520,37
3,160540,42
3,160548,44
3,160556,46
3,160572,50
3,160608,59
3,160620,62
3,160692,80
3,160748,94
3,160788,104
3,160828,114
3,160920,137
3,160992,5
3,160996,6
3,161016,11
3,161024,13
3,161060,22
3,161064,23
3,161076,26
3,161084,28
3,161112,35
3,161136,41
3,161164,48
3,161176,51
3,161180,52
3,161216,61
3,161264,73
3,161276,76
3,161300,82
3,161316,86
3,161340,92
3,161344,93
3,161368,99
3,161384,103
3,161452,120
3,161460,122
3,161472,125
3,161480,127
3,161488,129
3,161492,130
3,161508,134
3,161540,142
3,161572,0
3,161588,4
3,161656,21
3,161672,25
3,161680,27
3,161692,30
3,161696,31
3,161716,36
3,161724,38
3,161732,40
3,161744,43
3,161752,45
3,161760,47
3,161768,49
3,161772,50
3,161784,53
3,161788,54
3,161796,56
3,161800,57
3,161804,58
3,161820,62
3,161860,72
3,161868,74
3,161896,81
3,161904,83
3,161908,84
3,161932,90
3,161960,97
3,161964,98
3,161976,101
3,162028,114
3,162056,121
3,162076,126
3,162100,132
3,162128,139
3,162148,144
3,162168,149
3,162180,2
3,162192,5
3,162208,9
3,162232,15
3,162240,17
3,162248,19
3,162300,32
3,162304,33
3,162320,37
3,162328,39
3,162356,46
3,162392,55
3,162408,59
3,162440,67
3,162448,69
3,162484,78
3,162512,85
3,162516,86
3,162520,87
3,162524,88
3,162536,91
3,162552,95
3,162568,99
3,162572,100
3,162580,102
3,162664,123
3,162668,124
3,162684,128
3,162692,130
3,162696,131
3,162704,133
3,162740,142
3,162752,145
3,162776,1
3,162784,3
3,162800,7
3,162804,8
3,162812,10
3,162820,12
3,162828,14
3,162836,16
3,162872,25
3,162892,30
3,162908,34
3,162912,35
3,162936,41
3,162940,42
3,162948,44
3,162964,48
3,162972,50
3,162976,51
3,162980,52
3,163020,62
3,163028,64
3,163072,75
3,163080,77
3,163088,79
3,163092,80
3,163148,94
3,163156,96
3,163188,104
3,163220,112
3,163228,114
3,163252,120
3,163280,127
3,163308,134
3,163332,140
3,163364,148
3,163372,0
3,163392,5
3,163396,6
3,163416,11
3,163424,13
3,163444,18
3,163452,20
3,163464,23
3,163496,31
3,163516,36
3,163524,38
3,163532,40
3,163552,45
3,163560,47
3,163568,49
3,163584,53
3,163588,54
3,163596,56
3,163600,57
3,163604,58
3,163652,70
3,163676,76
3,163700,82
3,163708,84
3,163716,86
3,163728,89
3,163740,92
3,163768,99
3,163784,103
3,163856,121
3,163860,122
3,163872,125
3,163876,126
3,163888,129
3,163892,130
3,163900,132
3,163912,135
3,163916,136
3,163924,138
3,163936,141
3,163940,142
3,163956,146
3,163960,147
3,163980,2
3,163988,4
3,164008,9
3,164040,17
3,164056,21
3,164060,22
3,164068,24
3,164072,25
3,164076,26
3,164080,27
3,164084,28
3,164088,29
3,164092,30
3,164100,32
3,164104,33
3,164120,37
3,164128,39
3,164144,43
3,164156,46
3,164172,50
3,164192,55
3,164208,59
3,164220,62
3,164244,68
3,164296,81
3,164304,83
3,164312,85
3,164344,93
3,164364,98
3,164376,101
3,164428,114
3,164436,116
3,164464,123
3,164468,124
3,164484,128
3,164496,131
3,164504,133
3,164520,137
3,164544,143
3,164592,5
3,164740,42
3,164764,48
3,164776,51
3,164780,52
3,164812,60
3,164832,65
3,164884,78
3,164916,86
3,164920,87
3,164924,88
3,164932,90
3,164960,97
3,164968,99
3,164972,100
3,165004,108
3,165008,109
3,165044,118
3,165048,119
3,165052,120
3,165080,127
3,165092,130
3,165128,139
3,165140,142
3,165168,149
3,165176,1
3,165184,3
3,165200,7
3,165204,8
3,165212,10
3,165220,12
3,165228,14
3,165232,15
3,165272,25
3,165292,30
3,165308,34
3,165312,35
3,165316,36
3,165336,41
3,165348,44
3,165360,47
3,165368,49
3,165372,50
3,165384,53
3,165388,54
3,165400,57
3,165420,62
3,165436,66
3,165480,77
3,165488,79
3,165492,80
3,165552,95
3,165580,102
3,165596,106
3,165612,110
3,165616,111
3,165628,114
3,165632,115
3,165640,117
3,165660,122
3,165708,134
3,165748,144
3,165752,145
3,165772,0
3,165792,5
3,165796,6
3,165816,11
3,165824,13
3,165848,19
3,165924,38
3,165952,45
3,165996,56
3,166004,58
3,166024,63
3,166056,71
3,166072,75
3,166076,76
3,166100,82
3,166108,84
3,166116,86
3,166128,89
3,166136,91
3,166148,94
3,166168,99
3,166192,105
3,166200,107
3,166256,121
3,166272,125
3,166276,126
3,166288,129
3,166292,130
3,166300,132
3,166312,135
3,166316,136
3,166332,140
3,166336,141
3,166340,142
3,166360,147
3,166364,148
3,166380,2
3,166388,4
3,166408,9
3,166436,16
3,166472,25
3,166492,30
3,166496,31
3,166500,32
3,166520,37
3,166532,40
3,166544,43
3,166556,46
3,166564,48
3,166572,50
3,166592,55
3,166608,59
3,166620,62
3,166640,67
3,166664,73
3,166696,81
3,166704,83
3,166712,85
3,166740,92
3,166756,96
3,166784,103
3,166788,104
3,166820,112
3,166824,113
3,166828,114
3,166864,123
3,166868,124
3,166884,128
3,166896,131
3,166904,133
3,166924,138
3,166944,143
3,166956,146
3,166992,5
3,167004,8
3,167012,10
3,167020,12
3,167044,18
3,167064,23
3,167104,33
3,167128,39
3,167140,42
3,167160,47
3,167176,51
3,167180,52
3,167200,57
3,167216,61
3,167248,69
3,167260,72
3,167268,74
3,167280,77
3,167284,78
3,167288,79
3,167292,80
3,167316,86
3,167320,87
3,167324,88
3,167344,93
3,167360,97
3,167364,98
3,167368,99
3,167432,115
3,167436,116
3,167448,119
3,167452,120
3,167460,122
3,167480,127
3,167492,130
3,167508,134
3,167520,137
3,167528,139
3,167540,142
3,167548,144
3,167568,149
3,167572,0
3,167576,1
3,167584,3
3,167596,6
3,167600,7
3,167616,11
3,167624,13
3,167628,14
3,167640,17
3,167652,20
3,167656,21
3,167660,22
3,167668,24
3,167672,25
3,167676,26
3,167680,27
3,167684,28
3,167692,30
3,167708,34
3,167712,35
3,167716,36
3,167736,41
3,167748,44
3,167752,45
3,167768,49
3,167772,50
3,167784,53
3,167788,54
3,167796,56
3,167820,62
3,167828,64
3,167872,75
3,167876,76
3,167900,82
3,167908,84
3,167928,89
3,167932,90
3,167952,95
3,167972,100
3,167976,101
3,167980,102
3,167996,106
3,168004,108
3,168008,109
3,168012,110
3,168028,114
3,168040,117
3,168044,118
3,168056,121
3,168072,125
3,168088,129
3,168100,132
3,168112,135
3,168116,136
3,168132,140
3,168136,141
3,168152,145
3,168160,147
3,168164,148
3,168180,2
3,168188,4
3,168192,5
3,168208,9
3,168232,15
3,168248,19
3,168288,29
3,168320,37
3,168324,38
3,168332,40
3,168356,46
3,168364,48
3,168392,55
3,168404,58
3,168496,81
3,168512,85
3,168516,86
3,168548,94
3,168568,99
3,168592,105
3,168600,107
3,168616,111
3,168668,124
3,168676,126
3,168692,130
3,168704,133
3,168724,138
3,168740,142
3,168744,143
3,168756,146
3,168768,149
3,168812,10
3,168820,12
3,168836,16
3,168844,18
3,168864,23
3,168872,25
3,168892,30
3,168896,31
3,168900,32
3,168940,42
3,168944,43
3,168960,47
3,168972,50
3,168976,51
3,168980,52
3,169000,57
3,169008,59
3,169020,62
3,169032,65
3,169044,68
3,169084,78
3,169088,79
3,169092,80
3,169104,83
3,169124,88
3,169224,113
3,169228,114
3,169264,123
3,169284,128
3,169296,131
3,169308,134
3,169320,137
3,169328,139
3,169348,144
3,169376,1
3,169384,3
3,169392,5
3,169404,8
3,169504,33
3,169612,60
3,169652,70
3,169680,77
3,169708,84
3,169716,86
3,169720,87
3,169768,99
3,169784,103
3,169820,112
3,169832,115
3,169836,116
3,169848,119
3,169852,120
3,169860,122
3,169880,127
3,169892,130
3,169912,135
3,169916,136
3,169932,140
3,169936,141
3,169940,142
3,169952,145
3,169960,147
3,169964,148
3,169972,0
3,169996,6
3,170000,7
3,170016,11
3,170024,13
3,170028,14
3,170072,25
3,170092,30
3,170112,35
3,170128,39
3,170136,41
3,170152,45
3,170168,49
3,170172,50
3,170188,54
3,170220,62
3,170236,66
3,170256,71
3,170264,73
3,170272,75
3,170276,76
3,170300,82
3,170328,89
3,170336,91
3,170340,92
3,170344,93
3,170356,96
3,170364,98
3,170388,104
3,170392,105
3,170396,106
3,170400,107
3,170404,108
3,170408,109
3,170412,110
3,170428,114
3,170440,117
3,170444,118
3,170456,121
3,170472,125
3,170488,129
3,170500,132
3,170556,146
3,170580,2
3,170588,4
3,170592,5
3,170608,9
3,170708,34
3,170716,36
3,170748,44
3,170764,48
3,170784,53
3,170796,56
3,170816,61
3,170824,63
3,170868,74
3,170896,81
3,170912,85
3,170916,86
3,170952,95
3,170968,99
3,170972,100
3,171016,111
3,171024,113
3,171068,124
3,171076,126
3,171092,130
3,171104,133
3,171124,138
3,171128,139
3,171140,142
3,171144,143
3,171148,144
3,171168,149
3,171204,8
3,171212,10
3,171220,12
3,171240,17
3,171256,21
3,171260,22
3,171268,24
3,171272,25
3,171276,26
3,171280,27
3,171292,30
3,171324,38
3,171356,46
3,171372,50
3,171392,55
3,171404,58
3,171420,62
3,171440,67
3,171448,69
3,171460,72
3,171480,77
3,171484,78
3,171488,79
3,171492,80
3,171504,83
3,171508,84
3,171524,88
3,171532,90
3,171548,94
3,171560,97
3,171576,101
3,171580,102
3,171620,112
3,171628,114
3,171632,115
3,171636,116
3,171648,119
3,171664,123
3,171684,128
3,171696,131
3,171708,134
3,171712,135
3,171716,136
3,171720,137
3,171732,140
3,171736,141
3,171752,145
3,171760,147
3,171764,148
3,171772,0
3,171776,1
3,171784,3
3,171792,5
3,171816,11
3,171824,13
3,171828,14
3,171848,19
3,171852,20
3,171884,28
3,171888,29
3,171920,37
3,171932,40
3,171940,42
3,171960,47
3,171976,51
3,172028,64
3,172032,65
3,172072,75
3,172100,82
3,172116,86
3,172120,87
3,172168,99
3,172184,103
3,172192,105
3,172196,106
3,172200,107
3,172204,108
3,172208,109
3,172212,110
3,172240,117
3,172244,118
3,172252,120
3,172260,122
3,172280,127
3,172292,130
3,172340,142
3,172356,146
3,172388,4
3,172396,6
3,172400,7
3,172432,15
3,172436,16
3,172444,18
3,172472,25
3,172492,30
3,172496,31
3,172500,32
3,172504,33
3,172544,43
3,172572,50
3,172580,52
3,172600,57
3,172608,59
3,172620,62
3,172676,76
3,172696,81
3,172728,89
3,172736,91
3,172764,98
3,172788,104
3,172816,111
3,172824,113
3,172828,114
3,172832,115
3,172856,121
3,172872,125
3,172888,129
3,172924,138
3,172928,139
3,172944,143
3,172948,144
3,172968,149
3,172980,2
3,172992,5
3,173008,9
3,173012,10
3,173040,17
3,173056,21
3,173060,22
3,173064,23
3,173068,24
3,173076,26
3,173080,27
3,173136,41
3,173152,45
3,173168,49
3,173188,54
3,173244,68
3,173252,70
3,173292,80
3,173312,85
3,173316,86
3,173340,92
3,173344,93
3,173356,96
3,173368,99
3,173396,106
3,173408,109
3,173420,112
3,173436,116
3,173448,119
3,173476,126
3,173492,130
3,173500,132
3,173512,135
3,173516,136
3,173520,137
3,173532,140
3,173536,141
3,173540,142
3,173552,145
3,173560,147
3,173564,148
3,173604,8
3,173620,12
3,173648,19
3,173652,20
3,173672,25
3,173684,28
3,173688,29
3,173692,30
3,173708,34
3,173712,35
3,173716,36
3,173728,39
3,173748,44
3,173756,46
3,173764,48
3,173772,50
3,173784,53
3,173792,55
3,173796,56
3,173804,58
3,173812,60
3,173820,62
3,173872,75
3,173880,77
3,173884,78
3,173888,79
3,173904,83
3,173908,84
3,173924,88
3,173992,105
3,174000,107
3,174004,108
3,174012,110
3,174028,114
3,174040,117
3,174044,118
3,174068,124
3,174104,133
3,174156,146
3,174172,0
3,174176,1
3,174184,3
3,174192,5
3,174216,11
3,174224,13
3,174228,14
3,174324,38
3,174332,40
3,174340,42
3,174360,47
3,174376,51
3,174424,63
3,174436,66
3,174440,67
3,174456,71
3,174464,73
3,174500,82
3,174516,86
3,174520,87
3,174568,99
3,174616,111
3,174624,113
3,174632,115
3,174664,123
3,174684,128
3,174692,130
3,174696,131
3,174708,134
3,174724,138
3,174728,139
3,174740,142
3,174744,143
3,174748,144
3,174768,149
3,174788,4
3,174796,6
3,174800,7
3,174812,10
3,174844,18
3,174872,25
3,174892,30
3,174896,31
3,174900,32
3,174920,37
3,174944,43
3,174972,50
3,174980,52
3,175016,61
3,175020,62
3,175060,72
3,175068,74
3,175076,76
3,175096,81
3,175128,89
3,175152,95
3,175172,100
3,175196,106
3,175208,109
3,175220,112
3,175228,114
3,175236,116
3,175248,119
3,175252,120
3,175256,121
3,175272,125
3,175280,127
3,175336,141
3,175380,2
3,175392,5
3,175408,9
3,175504,33
3,175600,57
3,175608,59
3,175628,64
3,175632,65
3,175644,68
3,175648,69
3,175652,70
3,175692,80
3,175716,86
3,175732,90
3,175760,97
3,175768,99
3,175776,101
3,175792,105
3,175800,107
3,175804,108
3,175812,110
3,175840,117
3,175844,118
3,175860,122
3,175876,126
3,175888,129
3,175892,130
3,175912,135
3,175916,136
3,175920,137
3,175932,140
3,175940,142
3,175952,145
3,175956,146
3,175960,147
3,175964,148
3,176004,8
3,176020,12
3,176032,15
3,176036,16
3,176072,25
3,176092,30
3,176172,50
3,176220,62
3,176280,77
3,176284,78
3,176288,79
3,176304,83
3,176312,85
3,176348,94
3,176380,102
3,176416,111
3,176420,112
3,176424,113
3,176428,114
3,176432,115
3,176468,124
3,176500,132
3,176504,133
3,176524,138
3,176528,139
3,176544,143
3,176548,144
3,176568,149
3,176572,0
3,176576,1
3,176584,3
3,176592,5
3,176600,7
3,176616,11
3,176624,13
3,176628,14
3,176736,41
3,176752,45
3,176768,49
3,176812,60
3,176840,67
3,176872,75
3,176908,84
3,176916,86
3,176920,87
3,176924,88
3,176928,89
3,176940,92
3,176956,96
3,176964,98
3,176968,99
3,176984,103
3,176988,104
3,176996,106
3,177008,109
3,177036,116
3,177044,118
3,177048,119
3,177084,128
3,177092,130
3,177096,131
3,177108,134
3,177136,141
3,177140,142
3,177180,2
3,177188,4
3,177196,6
3,177212,10
3,177240,17
3,177264,23
3,177272,25
3,177292,30
3,177312,35
3,177372,50
3,177420,62
3,177424,63
3,177456,71
3,177464,73
3,177476,76
3,177496,81
3,177500,82
3,177536,91
3,177544,93
3,177572,100
3,177592,105
3,177600,107
3,177604,108
3,177612,110
3,177616,111
3,177628,114
3,177640,117
3,177652,120
3,177656,121
3,177664,123
3,177680,127
3,177712,135
3,177716,136
3,177732,140
3,177752,145
3,177764,148
3,177792,5
3,177804,8
3,177808,9
3,177848,19
3,177856,21
3,177860,22
3,177868,24
3,177876,26
3,177880,27
3,177884,28
3,177888,29
3,177908,34
3,177964,48
3,177988,54
3,177996,56
3,178004,58
3,178036,66
3,178068,74
3,178084,78
3,178092,80
3,178116,86
3,178132,90
3,178152,95
3,178160,97
3,178168,99
3,178176,101
3,178220,112
3,178224,113
3,178232,115
3,178272,125
3,178292,130
3,178320,137
3,178340,142
3,178344,143
3,178356,146
3,178360,147
3,178420,12
3,178432,15
3,178436,16
3,178440,17
3,178444,18
3,178452,20
3,178472,25
3,178492,30
3,178516,36
3,178528,39
3,178540,42
3,178548,44
3,178556,46
3,178572,50
3,178584,53
3,178592,55
3,178620,62
3,178644,68
3,178660,72
3,178680,77
3,178688,79
3,178704,83
3,178712,85
3,178796,106
3,178808,109
3,178828,114
3,178836,116
3,178844,118
3,178848,119
3,178860,122
3,178876,126
3,178888,129
3,178924,138
3,178928,139
3,178948,144
3,178968,149
3,178976,1
3,178984,3
3,178992,5
3,179000,7
3,179028,14
3,179060,22
3,179064,23
3,179084,28
3,179160,47
3,179176,51
3,179180,52
3,179208,59
3,179216,61
3,179308,84
3,179316,86
3,179324,88
3,179328,89
3,179368,99
3,179392,105
3,179400,107
3,179404,108
3,179412,110
3,179416,111
3,179440,117
3,179468,124
3,179492,130
3,179536,141
3,179540,142
3,179572,0
3,179616,11
3,179624,13
3,179648,19
3,179656,21
3,179668,24
3,179672,25
3,179676,26
3,179680,27
3,179688,29
3,179692,30
3,179696,31
3,179700,32
3,179720,37
3,179724,38
3,179732,40
3,179744,43
3,179752,45
3,179768,49
3,179772,50
3,179800,57
3,179820,62
3,179828,64
3,179832,65
3,179848,69
3,179852,70
3,179872,75
3,179920,87
3,179980,102
3,179996,106
3,180008,109
3,180020,112
3,180024,113
3,180028,114
3,180032,115
3,180100,132
3,180104,133
3,180112,135
3,180116,136
3,180152,145
3,180164,148
3,180180,2
3,180188,4
3,180192,5
3,180196,6
3,180252,20
3,180304,33
3,180308,34
3,180312,35
3,180364,48
3,180388,54
3,180404,58
3,180424,63
3,180476,76
3,180500,82
3,180516,86
3,180548,94
3,180568,99
3,180600,107
3,180612,110
3,180636,116
3,180644,118
3,180648,119
3,180652,120
3,180684,128
3,180692,130
3,180696,131
3,180708,134
3,180720,137
3,180732,140
3,180740,142
3,180744,143
3,180756,146
3,180760,147
3,180804,8
3,180808,9
3,180812,10
3,180820,12
3,180844,18
3,180872,25
3,180892,30
3,180936,41
3,180940,42
3,180972,50
3,180984,53
3,180992,55
3,180996,56
3,181012,60
3,181016,61
3,181020,62
3,181036,66
3,181040,67
3,181044,68
3,181056,71
3,181060,72
3,181068,74
3,181084,78
3,181096,81
3,181192,105
3,181204,108
3,181216,111
3,181228,114
3,181240,117
3,181256,121
3,181264,123
3,181280,127
3,181324,138
3,181328,139
3,181336,141
3,181348,144
3,181376,1
3,181384,3
3,181392,5
3,181400,7
3,181428,14
3,181516,36
3,181548,44
3,181664,73
3,181688,79
3,181692,80
3,181704,83
3,181716,86
3,181740,92
3,181768,99
3,181796,106
3,181808,109
3,181820,112
3,181824,113
3,181832,115
3,181860,122
3,181872,125
3,181888,129
3,181892,130
3,181940,142
3,181952,145
3,181964,148
3,181968,149
3,181972,0
3,182016,11
3,182024,13
3,182032,15
3,182036,16
3,182040,17
3,182072,25
3,182092,30
3,182128,39
3,182156,46
3,182160,47
3,182172,50
3,182220,62
3,182228,64
3,182232,65
3,182248,69
3,182252,70
3,182280,77
3,182308,84
3,182312,85
3,182324,88
3,182328,89
3,182336,91
3,182356,96
3,182364,98
3,182372,100
3,182384,103
3,182388,104
3,182412,110
3,182428,114
3,182436,116
3,182444,118
3,182448,119
3,182468,124
3,182476,126
3,182500,132
3,182512,135
3,182516,136
3,182560,147
3,182580,2
3,182592,5
3,182596,6
3,182776,51
3,182780,52
3,182812,60
3,182824,63
3,182840,67
3,182872,75
3,182876,76
3,182884,78
3,182896,81
3,182900,82
3,182916,86
3,182920,87
3,182932,90
3,182944,93
3,182952,95
3,182968,99
3,183000,107
3,183016,111
3,183040,117
3,183052,120
3,183084,128
3,183092,130
3,183096,131
3,183104,133
3,183108,134
3,183120,137
3,183124,138
3,183128,139
3,183132,140
3,183140,142
3,183144,143
3,183148,144
3,183156,146
3,183184,3
3,183188,4
3,183204,8
3,183208,9
3,183212,10
3,183220,12
3,183228,14
3,183272,25
3,183292,30
3,183372,50
3,183408,59
3,183416,61
3,183420,62
3,183444,68
3,183456,71
3,183460,72
3,183488,79
3,183504,83
3,183548,94
3,183560,97
3,183576,101
3,183580,102
3,183592,105
3,183596,106
3,183604,108
3,183608,109
3,183620,112
3,183624,113
3,183628,114
3,183656,121
3,183664,123
3,183736,141
3,183752,145
3,183764,148
3,183776,1
3,183792,5
3,183800,7
3,183884,28
3,183900,32
3,183932,40
3,183952,45
3,184000,57
3,184036,66
3,184068,74
3,184092,80
3,184112,85
3,184116,86
3,184140,92
3,184168,99
3,184232,115
3,184248,119
3,184288,129
3,184292,130
3,184340,142
3,184368,149
3,184372,0
3,184416,11
3,184424,13
3,184448,19
3,184456,21
3,184460,22
3,184464,23
3,184468,24
3,184472,25
3,184476,26
3,184480,27
3,184488,29
3,184492,30
3,184520,37
3,184524,38
3,184568,49
3,184572,50
3,184588,54
3,184620,62
3,184680,77
3,184708,84
3,184724,88
3,184736,91
3,184756,96
3,184764,98
3,184772,100
3,184788,104
3,184812,110
3,184828,114
3,184836,116
3,184844,118
3,184860,122
3,184872,125
3,184880,127
3,184992,5
3,185032,15
3,185036,16
3,185040,17
3,185044,18
3,185052,20
3,185096,31
3,185144,43
3,185164,48
3,185192,55
3,185204,58
3,185264,73
3,185276,76
3,185284,78
3,185296,81
3,185300,82
3,185316,86
3,185328,89
3,185368,99
3,185396,106
3,185400,107
3,185416,111
3,185440,117
3,185468,124
3,185476,126
3,185492,130
3,185516,136
3,185540,142
3,185580,2
3,185672,25
3,185684,28
3,185692,30
3,185704,33
3,185708,34
3,185756,46
3,185760,47
3,185772,50
3,185776,51
3,185780,52
3,185784,53
3,185796,56
3,185808,59
3,185820,62
3,185828,64
3,185832,65
3,185848,69
3,185852,70
3,185984,103
3,185992,105
3,186004,108
3,186008,109
3,186020,112
3,186024,113
3,186028,114
3,186032,115
3,186048,119
3,186100,132
3,186112,135
3,186120,137
3,186132,140
3,186160,147
3,186192,5
3,186248,19
3,186256,21
3,186260,22
3,186268,24
3,186312,35
3,186316,36
3,186336,41
3,186340,42
3,186348,44
3,186352,45
3,186400,57
3,186412,60
3,186424,63
3,186436,66
3,186440,67
3,186472,75
3,186516,86
3,186520,87
3,186568,99
3,186612,110
3,186636,116
3,186644,118
3,186652,120
3,186664,123
3,186692,130
3,186696,131
3,186704,133
3,186708,134
3,186724,138
3,186728,139
3,186740,142
3,186744,143
3,186748,144
3,186752,145
3,186756,146
3,186784,3
3,186788,4
3,186796,6
3,186804,8
3,186808,9
3,186812,10
3,186820,12
3,186828,14
3,186872,25
3,186876,26
3,186892,30
3,186920,37
3,186924,38
3,186928,39
3,186932,40
3,186968,49
3,186972,50
3,186988,54
3,187016,61
3,187020,62
3,187044,68
3,187056,71
3,187060,72
3,187064,73
3,187068,74
3,187088,79
3,187196,106
3,187200,107
3,187216,111
3,187228,114
3,187240,117
3,187256,121
3,187284,128
3,187288,129
3,187316,136
3,187336,141
3,187364,148
3,187368,149
3,187372,0
3,187376,1
3,187392,5
3,187400,7
3,187416,11
3,187496,31
3,187500,32
3,187544,43
3,187716,86
3,187768,99
3,187792,105
3,187804,108
3,187808,109
3,187820,112
3,187824,113
3,187832,115
3,187848,119
3,187860,122
3,187868,124
3,187872,125
3,187876,126
3,187892,130
3,187940,142
3,187980,2
3,188024,13
3,188072,25
3,188080,27
3,188088,29
3,188092,30
3,188172,50
3,188220,62
3,188228,64
3,188248,69
3,188252,70
3,188292,80
3,188304,83
3,188312,85
3,188332,90
3,188344,93
3,188360,97
3,188428,114
3,188480,127
3,188512,135
3,188520,137
3,188532,140
3,188560,147
3,188592,5
3,188596,6
3,188664,23
3,188804,58
3,188812,60
3,188832,65
3,188836,66
3,188840,67
3,188900,82
3,188916,86
3,188952,95
3,188968,99
3,188976,101
3,188980,102
3,189012,110
3,189036,116
3,189044,118
3,189092,130
3,189096,131
3,189100,132
3,189124,138
3,189128,139
3,189140,142
3,189144,143
3,189148,144
3,189152,145
3,189156,146
3,189184,3
3,189188,4
3,189204,8
3,189208,9
3,189212,10
3,189220,12
3,189228,14
3,189272,25
3,189292,30
3,189364,48
3,189372,50
3,189416,61
3,189420,62
3,189424,63
3,189444,68
3,189456,71
3,189460,72
3,189464,73
3,189468,74
3,189472,75
3,189476,76
3,189480,77
3,189484,78
3,189496,81
3,189508,84
3,189524,88
3,189528,89
3,189540,92
3,189548,94
3,189564,98
3,189572,100
3,189596,106
3,189616,111
3,189628,114
3,189640,117
3,189652,120
3,189704,133
3,189708,134
3,189716,136
3,189736,141
3,189764,148
3,189768,149
3,189772,0
3,189776,1
3,189792,5
3,189800,7
3,189816,11
3,189992,55
3,189996,56
3,190052,70
3,190088,79
3,190104,83
3,190116,86
3,190120,87
3,190136,91
3,190156,96
3,190168,99
3,190200,107
3,190256,121
3,190264,123
3,190284,128
3,190288,129
3,190292,130
3,190312,135
3,190320,137
3,190340,142
3,190360,147
3,190380,2
3,190424,13
3,190472,25
3,190492,30
3,190556,46
3,190560,47
3,190572,50
3,190576,51
3,190580,52
3,190584,53
3,190620,62
3,190628,64
3,190648,69
3,190692,80
3,190700,82
3,190712,85
3,190732,90
3,190744,93
3,190760,97
3,190780,102
3,190784,103
3,190788,104
3,190804,108
3,190808,109
3,190824,113
3,190828,114
3,190832,115
3,190860,122
3,190868,124
3,190872,125
3,190876,126
3,190880,127
3,190932,140
3,190992,5
3,191032,15
3,191036,16
3,191040,17
3,191044,18
3,191152,45
3,191200,57
3,191208,59
3,191232,65
3,191272,75
3,191276,76
3,191284,78
3,191296,81
3,191308,84
3,191316,86
3,191324,88
3,191352,95
3,191368,99
3,191376,101
3,191392,105
3,191420,112
3,191448,119
3,191492,130
3,191540,142
3,191596,6
3,191672,25
3,191692,30
3,191704,33
3,191708,34
3,191716,36
3,191740,42
3,191768,49
3,191772,50
3,191788,54
3,191812,60
3,191820,62
3,191836,66
3,191840,67
3,191844,68
3,191856,71
3,191880,77
3,191928,89
3,191940,92
3,191948,94
3,192012,110
3,192028,114
3,192036,116
3,192044,118
3,192052,120
3,192096,131
3,192100,132
3,192104,133
3,192108,134
3,192124,138
3,192128,139
3,192144,143
3,192148,144
3,192152,145
3,192156,146
3,192192,5
3,192208,9
3,192212,10
3,192220,12
3,192260,22
3,192284,28
3,192312,35
3,192320,37
3,192324,38
3,192328,39
3,192332,40
3,192336,41
3,192348,44
3,192424,63
3,192460,72
3,192464,73
3,192468,74
3,192516,86
3,192564,98
3,192568,99
3,192572,100
3,192596,106
3,192600,107
3,192616,111
3,192640,117
3,192656,121
3,192664,123
3,192684,128
3,192688,129
3,192692,130
3,192712,135
3,192716,136
3,192736,141
3,192740,142
3,192764,148
3,192768,149
3,192784,3
3,192788,4
3,192800,7
3,192804,8
3,192816,11
3,192828,14
3,192872,25
3,192892,30
3,192896,31
3,192900,32
3,192944,43
3,192972,50
3,192996,56
3,193016,61
3,193020,62
3,193028,64
3,193052,70
3,193192,105
3,193204,108
3,193208,109
3,193220,112
3,193224,113
3,193228,114
3,193232,115
3,193248,119
3,193320,137
3,193360,147
3,193372,0
3,193376,1
3,193392,5
3,193424,13
3,193564,48
3,193592,55
3,193648,69
3,193716,86
3,193768,99
3,193860,122
3,193868,124
3,193872,125
3,193892,130
3,193932,140
3,193940,142
3,193980,2
3,193996,6
3,194072,25
3,194092,30
3,194172,50
3,194204,58
3,194220,62
3,194232,65
3,194288,79
3,194304,83
3,194336,91
3,194356,96
3,194428,114
3,194480,127
3,194524,138
3,194556,146
3,194592,5
3,194608,9
3,194612,10
3,194620,12
3,194652,20
3,194668,24
3,194812,60
3,194836,66
3,194840,67
3,194844,68
3,194856,71
3,194860,72
3,194868,74
3,194892,80
3,194900,82
3,194912,85
3,194916,86
3,194920,87
3,194960,97
3,194968,99
3,194980,102
3,195012,110
3,195036,116
3,195044,118
3,195076,126
3,195092,130
3,195104,133
3,195128,139
3,195136,141
3,195140,142
3,195144,143
3,195148,144
3,195152,145
3,195184,3
3,195188,4
3,195200,7
3,195204,8
3,195216,11
3,195228,14
3,195272,25
3,195292,30
3,195352,45
3,195360,47
3,195372,50
3,195384,53
3,195416,61
3,195420,62
3,195424,63
3,195428,64
3,195448,69
3,195452,70
3,195464,73
3,195472,75
3,195476,76
3,195480,77
3,195484,78
3,195496,81
3,195508,84
3,195524,88
3,195528,89
3,195532,90
3,195540,92
3,195544,93
3,195548,94
3,195552,95
3,195576,101
3,195584,103
3,195588,104
3,195628,114
3,195640,117
3,195652,120
3,195696,131
3,195700,132
3,195708,134
3,195712,135
3,195716,136
3,195720,137
3,195732,140
3,195760,147
3,195764,148
3,195768,149
3,195772,0
3,195776,1
3,195792,5
3,195824,13
3,195848,19
3,195856,21
3,195956,46
3,195976,51
3,195980,52
3,196000,57
3,196008,59
3,196032,65
3,196088,79
3,196104,83
3,196116,86
3,196164,98
3,196168,99
3,196172,100
3,196216,111
3,196256,121
3,196264,123
3,196284,128
3,196288,129
3,196292,130
3,196340,142
3,196396,6
3,196472,25
3,196476,26
3,196492,30
3,196568,49
3,196572,50
3,196620,62
3,196644,68
3,196656,71
3,196660,72
3,196668,74
3,196692,80
3,196736,91
3,196756,96
3,196792,105
3,196796,106
3,196800,107
3,196804,108
3,196808,109
3,196820,112
3,196824,113
3,196828,114
3,196832,115
3,196848,119
3,196860,122
3,196872,125
3,196880,127
3,196924,138
3,196928,139
3,196952,145
3,196956,146
3,196980,2
3,196992,5
3,197108,34
3,197112,35
3,197116,36
3,197140,42
3,197148,44
3,197196,56
3,197212,60
3,197236,66
3,197240,67
3,197248,69
3,197252,70
3,197316,86
3,197320,87
3,197360,97
3,197368,99
3,197380,102
3,197412,110
3,197468,124
3,197476,126
3,197492,130
3,197504,133
3,197516,136
3,197532,140
3,197540,142
3,197544,143
3,197548,144
3,197608,9
3,197612,10
3,197620,12
3,197664,23
3,197672,25
3,197692,30
3,197704,33
3,197724,38
3,197728,39
3,197736,41
3,197772,50
3,197816,61
3,197820,62
3,197824,63
3,197864,73
3,197912,85
3,197932,90
3,198028,114
3,198036,116
3,198040,117
3,198044,118
3,198096,131
3,198112,135
3,198120,137
3,198136,141
3,198160,147
3,198164,148
3,198168,149
3,198184,3
3,198188,4
3,198192,5
3,198204,8
3,198216,11
3,198228,14
3,198280,27
3,198320,37
3,198332,40
3,198388,54
3,198392,55
3,198428,64
3,198516,86
3,198540,92
3,198544,93
3,198548,94
3,198568,99
3,198576,101
3,198584,103
3,198692,130
3,198740,142
3,198772,0
3,198776,1
3,198796,6
3,198800,7
3,198824,13
3,198872,25
3,198892,30
3,198900,32
3,198964,48
3,198972,50
3,199004,58
3,199020,62
3,199032,65
3,199076,76
3,199096,81
3,199100,82
3,199152,95
3,199188,104
3,199216,111
3,199228,114
3,199252,120
3,199308,134
3,199380,2
3,199392,5
3,199612,60
3,199640,67
3,199644,68
3,199648,69
3,199652,70
3,199656,71
3,199660,72
3,199668,74
3,199672,75
3,199680,77
3,199684,78
3,199708,84
3,199716,86
3,199724,88
3,199728,89
3,199736,91
3,199764,98
3,199768,99
3,199772,100
3,199800,107
3,199856,121
3,199864,123
3,199884,128
3,199892,130
3,199900,132
3,199924,138
3,199928,139
3,199940,142
3,199952,145
3,199956,146
3,200008,9
3,200012,10
3,200020,12
3,200040,17
3,200072,25
3,200088,29
3,200092,30
3,200096,31
3,200144,43
3,200152,45
3,200160,47
3,200172,50
3,200184,53
3,200208,59
3,200216,61
3,200220,62
3,200224,63
3,200228,64
3,200236,66
3,200264,73
3,200288,79
3,200292,80
3,200304,83
3,200312,85
3,200320,87
3,200356,96
3,200360,97
3,200380,102
3,200396,106
3,200404,108
3,200428,114
3,200488,129
3,200512,135
3,200516,136
3,200520,137
3,200532,140
3,200536,141
3,200544,143
3,200548,144
3,200560,147
3,200588,4
3,200592,5
3,200604,8
3,200616,11
3,200628,14
3,200776,51
3,200780,52
3,200832,65
3,200916,86
3,200932,90
3,200940,92
3,200944,93
3,200948,94
3,200968,99
3,200976,101
3,200984,103
3,200988,104
3,200992,105
3,201008,109
3,201020,112
3,201024,113
3,201032,115
3,201048,119
3,201080,127
3,201092,130
3,201140,142
3,201164,148
3,201168,149
3,201176,1
3,201184,3
3,201200,7
3,201224,13
3,201272,25
3,201292,30
3,201356,46
3,201372,50
3,201420,62
3,201456,71
3,201500,82
3,201552,95
3,201628,114
3,201672,125
3,201772,0
3,201792,5
3,201796,6
3,201844,18
3,202000,57
3,202076,76
3,202116,86
3,202136,91
3,202164,98
3,202168,99
3,202172,100
3,202212,110
3,202260,122
3,202292,130
3,202340,142
3,202380,2
3,202408,9
3,202420,12
3,202472,25
3,202492,30
3,202572,50
3,202612,60
3,202620,62
3,202640,67
3,202644,68
3,202648,69
3,202652,70
3,202660,72
3,202664,73
3,202668,74
3,202828,114
3,202836,116
3,202844,118
3,202876,126
3,202956,146
3,202988,4
3,202992,5
3,203004,8
3,203012,10
3,203016,11
3,203028,14
3,203168,49
3,203196,56
3,203216,61
3,203224,63
3,203228,64
3,203232,65
3,203236,66
3,203256,71
3,203272,75
3,203280,77
3,203284,78
3,203296,81
3,203308,84
3,203316,86
3,203324,88
3,203332,90
3,203344,93
3,203356,96
3,203360,97
3,203368,99
3,203380,102
3,203384,103
3,203440,117
3,203492,130
3,203504,133
3,203512,135
3,203516,136
3,203520,137
3,203524,138
3,203528,139
3,203540,142
3,203544,143
3,203548,144
3,203552,145
3,203560,147
3,203672,25
3,203692,30
3,203712,35
3,203716,36
3,203724,38
3,203736,41
3,203748,44
3,203764,48
3,203772,50
3,203788,54
3,203792,55
3,203804,58
3,203820,62
3,203912,85
3,203928,89
3,203940,92
3,203948,94
3,203952,95
3,203976,101
3,203988,104
3,204000,107
3,204016,111
3,204028,114
3,204052,120
3,204068,124
3,204096,131
3,204132,140
3,204136,141
3,204172,0
3,204176,1
3,204184,3
3,204192,5
3,204196,6
3,204200,7
3,204224,13
3,204232,15
3,204308,34
3,204328,39
3,204340,42
3,204516,86
3,204536,91
3,204564,98
3,204568,99
3,204572,100
3,204604,108
3,204692,130
3,204740,142
3,204764,148
3,204780,2
3,204808,9
3,204820,12
3,204892,30
3,204900,32
3,204932,40
3,204972,50
3,205020,62
3,205040,67
3,205052,70
3,205064,73
3,205196,106
3,205228,114
3,205368,149
3,205392,5
3,205404,8
3,205416,11
3,205428,14
3,205448,19
3,205472,25
3,205504,33
3,205612,60
3,205644,68
3,205648,69
3,205692,80
3,205716,86
3,205732,90
3,205760,97
3,205768,99
3,205780,102
3,205784,103
3,205892,130
3,205908,134
3,205940,142
3,205972,0
3,205988,4
3,206012,10
3,206036,16
3,206060,22
3,206092,30
3,206096,31
3,206172,50
3,206184,53
3,206220,62
3,206228,64
3,206256,71
3,206260,72
3,206268,74
3,206320,87
3,206428,114
3,206432,115
3,206456,121
3,206576,1
3,206584,3
3,206592,5
3,206596,6
3,206600,7
3,206624,13
3,206672,25
3,206684,28
3,206720,37
3,206744,43
3,206756,46
3,206816,61
3,206824,63
3,206832,65
3,206836,66
3,206888,79
3,206900,82
3,206904,83
3,206916,86
3,206944,93
3,206952,95
3,206956,96
3,206968,99
3,206976,101
3,206988,104
3,207092,130
3,207140,142
3,207156,146
3,207180,2
3,207208,9
3,207220,12
3,207256,21
3,207268,24
3,207292,30
3,207352,45
3,207360,47
3,207372,50
3,207408,59
3,207412,60
3,207420,62
3,207440,67
3,207444,68
3,207448,69
3,207452,70
3,207464,73
3,207476,76
3,207540,92
3,207548,94
3,207564,98
3,207572,100
3,207592,105
3,207624,113
3,207628,114
3,207648,119
3,207684,128
3,207700,132
3,207712,135
3,207716,136
3,207720,137
3,207724,138
3,207728,139
3,207744,143
3,207748,144
3,207752,145
3,207760,147
3,207792,5
3,207804,8
3,207816,11
3,207828,14
3,207872,25
3,207968,49
3,207976,51
3,207980,52
3,207996,56
3,208000,57
3,208028,64
3,208056,71
3,208060,72
3,208068,74
3,208072,75
3,208080,77
3,208084,78
3,208096,81
3,208108,84
3,208112,85
3,208116,86
3,208124,88
3,208132,90
3,208136,91
3,208168,99
3,208208,109
3,208212,110
3,208220,112
3,208236,116
3,208240,117
3,208264,123
3,208288,129
3,208292,130
3,208332,140
3,208336,141
3,208340,142
3,208364,148
3,208492,30
3,208512,35
3,208564,48
3,208572,50
3,208592,55
3,208604,58
3,208616,61
3,208620,62
3,208624,63
3,208632,65
3,208636,66
3,208744,93
3,208760,97
3,208776,101
3,208780,102
3,208784,103
3,208828,114
3,208844,118
3,208968,149
3,208972,0
3,208976,1
3,208988,4
3,208992,5
3,208996,6
3,209012,10
3,209108,34
3,209116,36
3,209128,39
3,209148,44
3,209188,54
3,209248,69
3,209316,86
3,209340,92
3,209352,95
3,209356,96
3,209368,99
3,209388,104
3,209492,130
3,209540,142
3,209556,146
3,209584,3
3,209600,7
3,209624,13
3,209652,20
3,209672,25
3,209692,30
3,209724,38
3,209736,41
3,209772,50
3,209820,62
3,209852,70
3,209888,79
3,209892,80
3,209948,94
3,209964,98
3,209972,100
3,210000,107
3,210016,111
3,210028,114
3,210180,2
3,210192,5
3,210204,8
3,210208,9
3,210216,11
3,210220,12
3,210228,14
3,210300,32
3,210304,33
3,210332,40
3,210340,42
3,210356,46
3,210412,60
3,210440,67
3,210444,68
3,210460,72
3,210464,73
3,210516,86
3,210568,99
3,210672,125
3,210692,130
3,210740,142
3,210872,25
3,210892,30
3,210896,31
3,210944,43
3,210972,50
3,211020,62
3,211024,63
3,211028,64
3,211036,66
3,211056,71
3,211068,74
3,211128,89
3,211132,90
3,211136,91
3,211144,93
3,211160,97
3,211180,102
3,211204,108
3,211228,114
3,211348,144
3,211372,0
3,211376,1
3,211388,4
3,211392,5
3,211396,6
3,211412,10
3,211424,13
3,211464,23
3,211476,26
3,211480,27
3,211520,37
3,211560,47
3,211584,53
3,211616,61
3,211632,65
3,211648,69
3,211652,70
3,211700,82
3,211716,86
3,211720,87
3,211740,92
3,211752,95
3,211756,96
3,211768,99
3,211776,101
3,211784,103
3,211796,106
3,211860,122
3,211880,127
3,211892,130
3,211912,135
3,211916,136
3,211920,137
3,211924,138
3,211928,139
3,211940,142
3,211952,145
3,211984,3
3,212000,7
3,212072,25
3,212092,30
3,212116,36
3,212152,45
3,212172,50
3,212176,51
3,212200,57
3,212208,59
3,212212,60
3,212220,62
3,212240,67
3,212260,72
3,212296,81
3,212304,83
3,212348,94
3,212364,98
3,212372,100
3,212388,104
3,212428,114
3,212432,115
3,212448,119
3,212468,124
3,212476,126
3,212496,131
3,212504,133
3,212536,141
3,212544,143
3,212560,147
3,212564,148
3,212580,2
3,212592,5
3,212628,14
3,212708,34
3,212724,38
3,212748,44
3,212764,48
3,212768,49
3,212780,52
3,212792,55
3,212796,56
3,212804,58
3,212828,64
3,212844,68
3,212856,71
3,212864,73
3,212872,75
3,212876,76
3,212880,77
3,212908,84
3,212916,86
3,212924,88
3,212944,93
3,212968,99
3,212992,105
3,213024,113
3,213052,120
3,213092,130
3,213132,140
3,213140,142
3,213204,8
3,213208,9
3,213216,11
3,213220,12
3,213272,25
3,213292,30
3,213300,32
3,213312,35
3,213336,41
3,213372,50
3,213388,54
3,213420,62
3,213424,63
3,213436,66
3,213468,74
3,213484,78
3,213512,85
3,213532,90
3,213536,91
3,213560,97
3,213580,102
3,213608,109
3,213628,114
3,213756,146
3,213768,149
3,213792,5
3,213796,6
3,213800,7
3,213812,10
3,213824,13
3,213904,33
3,213940,42
3,213956,46
3,214116,86
3,214140,92
3,214152,95
3,214156,96
3,214168,99
3,214176,101
3,214184,103
3,214220,112
3,214236,116
3,214240,117
3,214284,128
3,214292,130
3,214340,142
3,214372,0
3,214376,1
3,214384,3
3,214388,4
3,214472,25
3,214488,29
3,214492,30
3,214496,31
3,214528,39
3,214532,40
3,214572,50
3,214616,61
3,214620,62
3,214632,65
3,214764,98
3,214828,114
3,214856,121
3,214900,132
3,214980,2
3,214992,5
3,215028,14
3,215144,43
3,215184,53
3,215248,69
3,215252,70
3,215288,79
3,215316,86
3,215348,94
3,215368,99
3,215372,100
3,215388,104
3,215412,110
3,215492,130
3,215508,134
3,215540,142
3,215604,8
3,215608,9
3,215616,11
3,215620,12
3,215672,25
3,215692,30
3,215716,36
3,215720,37
3,215772,50
3,215812,60
3,215820,62
3,215840,67
3,215860,72
3,215892,80
3,215928,89
3,215932,90
3,215944,93
3,215960,97
3,216028,114
3,216088,129
3,216148,144
3,216192,5
3,216224,13
3,216240,17
3,216244,18
3,216300,32
3,216304,33
3,216308,34
3,216312,35
3,216324,38
3,216332,40
3,216336,41
3,216340,42
3,216348,44
3,216352,45
3,216360,47
3,216376,51
3,216424,63
3,216428,64
3,216436,66
3,216444,68
3,216456,71
3,216464,73
3,216468,74
3,216516,86
3,216520,87
3,216536,91
3,216568,99
3,216580,102
3,216584,103
3,216596,106
3,216600,107
3,216604,108
3,216644,118
3,216648,119
3,216664,123
3,216672,125
3,216692,130
3,216712,135
3,216716,136
3,216720,137
3,216724,138
3,216728,139
3,216740,142
3,216752,145
3,216776,1
3,216872,25
3,216892,30
3,216896,31
3,216928,39
3,216964,48
3,216972,50
3,217000,57
3,217016,61
3,217020,62
3,217032,65
3,217048,69
3,217052,70
3,217076,76
3,217100,82
3,217104,83
3,217140,92
3,217152,95
3,217156,96
3,217164,98
3,217176,101
3,217192,105
3,217216,111
3,217224,113
3,217228,114
3,217232,115
3,217240,117
3,217252,120
3,217260,122
3,217280,127
3,217304,133
3,217332,140
3,217336,141
3,217344,143
3,217356,146
3,217360,147
3,217364,148
3,217368,149
3,217372,0
3,217388,4
3,217392,5
3,217396,6
3,217400,7
3,217412,10
3,217544,43
3,217568,49
3,217580,52
3,217592,55
3,217596,56
3,217604,58
3,217608,59
3,217612,60
3,217640,67
3,217660,72
3,217672,75
3,217680,77
3,217696,81
3,217708,84
3,217712,85
3,217716,86
3,217724,88
3,217748,94
3,217768,99
3,217772,100
3,217788,104
3,217820,112
3,217868,124
3,217876,126
3,217892,130
3,217940,142
3,217980,2
3,217984,3
3,218028,14
3,218032,15
3,218056,21
3,218072,25
3,218092,30
3,218120,37
3,218156,46
3,218172,50
3,218184,53
3,218188,54
3,218220,62
3,218284,78
3,218288,79
3,218292,80
3,218332,90
3,218344,93
3,218360,97
3,218412,110
3,218428,114
3,218496,131
3,218500,132
3,218592,5
3,218604,8
3,218608,9
3,218616,11
3,218620,12
3,218660,22
3,218708,34
3,218752,45
3,218916,86
3,218920,87
3,218928,89
3,218936,91
3,218968,99
3,218980,102
3,218984,103
3,219008,109
3,219036,116
3,219056,121
3,219084,128
3,219092,130
3,219140,142
3,219148,144
3,219172,0
3,219176,1
3,219224,13
3,219272,25
3,219292,30
3,219300,32
3,219312,35
3,219316,36
3,219324,38
3,219332,40
3,219336,41
3,219340,42
3,219348,44
3,219360,47
3,219372,50
3,219376,51
3,219420,62
3,219436,66
3,219444,68
3,219456,71
3,219540,92
3,219552,95
3,219556,96
3,219564,98
3,219576,101
3,219628,114
3,219788,4
3,219792,5
3,219796,6
3,219800,7
3,219812,10
3,219848,19
3,219896,31
3,219904,33
3,219928,39
3,220024,63
3,220028,64
3,220068,74
3,220104,83
3,220116,86
3,220168,99
3,220172,100
3,220188,104
3,220292,130
3,220308,134
3,220340,142
3,220380,2
3,220384,3
3,220408,9
3,220428,14
3,220436,16
3,220468,24
3,220472,25
3,220484,28
3,220492,30
3,220520,37
3,220544,43
3,220572,50
3,220620,62
3,220664,73
3,220676,76
3,220732,90
3,220744,93
3,220748,94
3,220760,97
3,220828,114
3,220888,129
3,220916,136
3,220928,139
3,220992,5
3,221020,12
3,221052,20
3,221064,23
3,221076,26
3,221080,27
3,221108,34
3,221112,35
3,221136,41
3,221148,44
3,221216,61
3,221232,65
3,221252,70
3,221260,72
3,221316,86
3,221336,91
3,221368,99
3,221384,103
3,221396,106
3,221400,107
3,221404,108
3,221444,118
3,221448,119
3,221460,122
3,221464,123
3,221472,125
3,221480,127
3,221492,130
3,221512,135
3,221520,137
3,221524,138
3,221536,141
3,221540,142
3,221544,143
3,221552,145
3,221604,8
3,221616,11
3,221672,25
3,221692,30
3,221700,32
3,221716,36
3,221724,38
3,221728,39
3,221732,40
3,221740,42
3,221764,48
3,221772,50
3,221780,52
3,221792,55
3,221796,56
3,221800,57
3,221804,58
3,221808,59
3,221812,60
3,221820,62
3,221840,67
3,221844,68
3,221848,69
3,221872,75
3,221900,82
3,221912,85
3,221924,88
3,221940,92
3,221952,95
3,221956,96
3,221964,98
3,221976,101
3,221980,102
3,221992,105
3,222016,111
3,222020,112
3,222024,113
3,222028,114
3,222032,115
3,222040,117
3,222056,121
3,222068,124
3,222076,126
3,222096,131
3,222104,133
3,222132,140
3,222156,146
3,222160,147
3,222164,148
3,222168,149
3,222172,0
3,222176,1
3,222192,5
3,222224,13
3,222296,31
3,222304,33
3,222344,43
3,222356,46
3,222368,49
3,222384,53
3,222424,63
3,222428,64
3,222436,66
3,222456,71
3,222464,73
3,222468,74
3,222480,77
3,222488,79
3,222492,80
3,222496,81
3,222508,84
3,222516,86
3,222528,89
3,222568,99
3,222572,100
3,222588,104
3,222608,109
3,222612,110
3,222636,116
3,222652,120
3,222692,130
3,222700,132
3,222716,136
3,222740,142
3,222748,144
3,222788,4
3,222872,25
3,222892,30
3,222920,37
3,222952,45
3,222972,50
3,222976,51
3,222988,54
3,223020,62
3,223032,65
3,223076,76
3,223084,78
3,223104,83
3,223120,87
3,223132,90
3,223136,91
3,223144,93
3,223148,94
3,223160,97
3,223228,114
3,223284,128
3,223308,134
3,223380,2
3,223392,5
3,223396,6
3,223400,7
3,223408,9
3,223412,10
3,223420,12
3,223508,34
3,223512,35
3,223536,41
3,223548,44
3,223560,47
3,223596,56
3,223716,86
3,223752,95
3,223756,96
3,223764,98
3,223768,99
3,223776,101
3,223784,103
3,223888,129
3,223892,130
3,223928,139
3,223940,142
3,223984,3
3,224004,8
3,224028,14
3,224072,25
3,224088,29
3,224092,30
3,224124,38
3,224128,39
3,224140,42
3,224164,48
3,224172,50
3,224180,52
3,224200,57
3,224204,58
3,224208,59
3,224220,62
3,224272,75
3,224324,88
3,224340,92
3,224380,102
3,224428,114
3,224512,135
3,224536,141
3,224572,0
3,224576,1
3,224592,5
3,224616,11
3,224624,13
3,224696,31
3,224700,32
3,224704,33
3,224716,36
3,224732,40
3,224756,46
3,224792,55
3,224852,70
3,224860,72
3,224912,85
3,224916,86
3,224968,99
3,224972,100
3,224988,104
3,225080,127
3,225092,130
3,225140,142
3,225188,4
3,225200,7
3,225232,15
3,225272,25
3,225292,30
3,225320,37
3,225344,43
3,225368,49
3,225372,50
3,225420,62
3,225480,77
3,225492,80
3,225496,81
3,225500,82
3,225508,84
3,225528,89
3,225628,114
3,225644,118
3,225664,123
3,225724,138
3,225752,145
3,225780,2
3,225784,3
3,225792,5
3,225796,6
3,225812,10
3,225820,12
3,225908,34
3,225912,35
3,225936,41
3,225948,44
3,225984,53
3,226084,78
3,226088,79
3,226116,86
3,226132,90
3,226136,91
3,226144,93
3,226148,94
3,226160,97
3,226168,99
3,226248,119
3,226256,121
3,226260,122
3,226268,124
3,226272,125
3,226276,126
3,226292,130
3,226296,131
3,226304,133
3,226320,137
3,226340,142
3,226344,143
3,226404,8
3,226408,9
3,226428,14
3,226436,16
3,226440,17
3,226444,18
3,226448,19
3,226456,21
3,226460,22
3,226472,25
3,226476,26
3,226480,27
3,226484,28
3,226492,30
3,226496,31
3,226504,33
3,226516,36
3,226524,38
3,226528,39
3,226532,40
3,226540,42
3,226572,50
3,226616,61
3,226620,62
3,226676,76
3,226752,95
3,226756,96
3,226764,98
3,226776,101
3,226784,103
3,226788,104
3,226796,106
3,226804,108
3,226828,114
3,226992,5
3,227032,15
3,227052,20
3,227064,23
3,227068,24
3,227088,29
3,227100,32
3,227120,37
3,227144,43
3,227188,54
3,227212,60
3,227240,67
3,227248,69
3,227304,83
3,227316,86
3,227320,87
3,227340,92
3,227368,99
3,227372,100
3,227380,102
3,227392,105
3,227400,107
3,227408,109
3,227416,111
3,227440,117
3,227452,120
3,227484,128
3,227488,129
3,227492,130
3,227500,132
3,227508,134
3,227540,142
3,227556,146
3,227560,147
3,227564,148
3,227576,1
3,227672,25
3,227692,30
3,227708,34
3,227736,41
3,227748,44
3,227752,45
3,227772,50
3,227776,51
3,227820,62
3,227824,63
3,227832,65
3,227844,68
3,227856,71
3,227864,73
3,227868,74
3,227924,88
3,227932,90
3,227936,91
3,227944,93
3,227948,94
3,227960,97
3,228012,110
3,228020,112
3,228024,113
3,228028,114
3,228032,115
3,228036,116
3,228132,140
3,228148,144
3,228168,149
3,228172,0
3,228192,5
3,228216,11
3,228224,13
3,228236,16
3,228240,17
3,228244,18
3,228248,19
3,228256,21
3,228260,22
3,228276,26
3,228280,27
3,228284,28
3,228304,33
3,228312,35
3,228324,38
3,228328,39
3,228332,40
3,228340,42
3,228428,64
3,228436,66
3,228452,70
3,228460,72
3,228472,75
3,228512,85
3,228516,86
3,228552,95
3,228556,96
3,228564,98
3,228568,99
3,228576,101
3,228584,103
3,228588,104
3,228596,106
3,228604,108
3,228644,118
3,228648,119
3,228664,123
3,228680,127
3,228692,130
3,228716,136
3,228728,139
3,228736,141
3,228740,142
3,228788,4
3,228800,7
3,228872,25
3,228892,30
3,228896,31
3,228900,32
3,228916,36
3,228920,37
3,228960,47
3,228972,50
3,228996,56
3,229016,61
3,229020,62
3,229048,69
3,229080,77
3,229092,80
3,229100,82
3,229108,84
3,229128,89
3,229140,92
3,229172,100
3,229180,102
3,229200,107
3,229208,109
3,229216,111
3,229228,114
3,229240,117
3,229260,122
3,229268,124
3,229276,126
3,229296,131
3,229304,133
3,229312,135
3,229320,137
3,229324,138
3,229344,143
3,229352,145
3,229384,3
3,229392,5
3,229396,6
3,229404,8
3,229412,10
3,229420,12
3,229428,14
3,229536,41
3,229544,43
3,229556,46
3,229564,48
3,229568,49
3,229580,52
3,229592,55
3,229600,57
3,229604,58
3,229608,59
3,229612,60
3,229640,67
3,229676,76
3,229684,78
3,229688,79
3,229696,81
3,229716,86
3,229732,90
3,229736,91
3,229744,93
3,229748,94
3,229760,97
3,229768,99
3,229792,105
3,229856,121
3,229872,125
3,229892,130
3,229940,142
3,229956,146
3,229964,148
3,229976,1
3,229980,2
3,230008,9
3,230072,25
3,230092,30
3,230108,34
3,230148,44
3,230152,45
3,230172,50
3,230176,51
3,230184,53
3,230188,54
3,230220,62
3,230244,68
3,230264,73
3,230304,83
3,230320,87
3,230324,88
3,230352,95
3,230356,96
3,230364,98
3,230376,101
3,230384,103
3,230388,104
3,230428,114
3,230488,129
3,230500,132
3,230508,134
3,230548,144
3,230572,0
3,230592,5
3,230616,11
3,230624,13
3,230704,33
3,230712,35
3,230728,39
3,230732,40
3,230740,42
3,230760,47
3,230824,63
3,230856,71
3,230868,74
3,230872,75
3,230916,86
3,230940,92
3,230968,99
3,230972,100
3,230980,102
3,231052,120
3,231084,128
3,231092,130
3,231132,140
3,231140,142
3,231160,147
3,231188,4
3,231200,7
3,231272,25
3,231292,30
3,231300,32
3,231316,36
3,231320,37
3,231324,38
3,231372,50
3,231396,56
3,231420,62
3,231480,77
3,231512,85
3,231620,112
3,231628,114
3,231664,123
3,231784,3
3,231792,5
3,231796,6
3,231804,8
3,231812,10
3,231820,12
3,231828,14
3,231864,23
3,231888,29
3,231896,31
3,231936,41
3,231944,43
3,232076,76
3,232084,78
3,232088,79
3,232092,80
3,232096,81
3,232100,82
3,232108,84
3,232116,86
3,232128,89
3,232168,99
3,232212,110
3,232232,115
3,232292,130
3,232340,142
3,232368,149
3,232372,0
3,232376,1
3,232380,2
3,232408,9
3,232468,24
3,232472,25
3,232492,30
3,232508,34
3,232512,35
3,232528,39
3,232548,44
3,232556,46
3,232572,50
3,232576,51
3,232580,52
3,232592,55
3,232600,57
3,232608,59
3,232620,62
3,232724,88
3,232732,90
3,232736,91
3,232748,94
3,232760,97
3,232828,114
3,232836,116
3,232860,122
3,232868,124
3,232880,127
3,232896,131
3,232988,4
3,232992,5
3,233000,7
3,233016,11
3,233024,13
3,233032,15
3,233052,20
3,233100,32
3,233104,33
3,233116,36
3,233120,37
3,233124,38
3,233132,40
3,233140,42
3,233164,48
3,233168,49
3,233204,58
3,233316,86
3,233320,87
3,233344,93
3,233352,95
3,233356,96
3,233364,98
3,233368,99
3,233376,101
3,233384,103
3,233388,104
3,233424,113
3,233452,120
3,233456,121
3,233472,125
3,233476,126
3,233492,130
3,233504,133
3,233540,142
3,233640,17
3,233644,18
3,233648,19
3,233656,21
3,233660,22
3,233672,25
3,233684,28
3,233692,30
3,233696,31
3,233736,41
3,233744,43
3,233752,45
3,233772,50
3,233784,53
3,233788,54
3,233820,62
3,233832,65
3,233872,75
3,233904,83
3,233940,92
3,233972,100
3,233980,102
3,234028,114
3,234064,123
3,234084,128
3,234088,129
3,234100,132
3,234108,134
3,234116,136
3,234136,141
3,234184,3
3,234192,5
3,234196,6
3,234204,8
3,234212,10
3,234220,12
3,234228,14
3,234236,16
3,234268,24
3,234276,26
3,234280,27
3,234288,29
3,234308,34
3,234328,39
3,234348,44
3,234416,61
3,234436,66
3,234460,72
3,234480,77
3,234512,85
3,234516,86
3,234532,90
3,234536,91
3,234548,94
3,234560,97
3,234564,98
3,234568,99
3,234596,106
3,234604,108
3,234648,119
3,234692,130
3,234728,139
3,234740,142
3,234852,20
3,234864,23
3,234872,25
3,234892,30
3,234900,32
3,234904,33
3,234912,35
3,234916,36
3,234920,37
3,234924,38
3,234932,40
3,234940,42
3,234960,47
3,234972,50
3,235020,62
3,235028,64
3,235052,70
3,235076,76
3,235084,78
3,235100,82
3,235108,84
3,235128,89
3,235140,92
3,235144,93
3,235152,95
3,235156,96
3,235176,101
3,235184,103
3,235188,104
3,235192,105
3,235200,107
3,235208,109
3,235216,111
3,235228,114
3,235240,117
3,235244,118
3,235296,131
3,235324,138
3,235372,0
3,235376,1
3,235380,2
3,235392,5
3,235408,9
3,235416,11
3,235432,15
3,235440,17
3,235444,18
3,235448,19
3,235456,21
3,235460,22
3,235484,28
3,235496,31
3,235536,41
3,235544,43
3,235596,56
3,235612,60
3,235624,63
3,235640,67
3,235648,69
3,235688,79
3,235692,80
3,235696,81
3,235716,86
3,235764,98
3,235768,99
3,235772,100
3,235780,102
3,235812,110
3,235820,112
3,235832,115
3,235836,116
3,235868,124
3,235880,127
3,235892,130
3,235912,135
3,235920,137
3,235932,140
3,235940,142
3,235944,143
3,235948,144
3,235952,145
3,235956,146
3,235968,149
3,235988,4
3,236000,7
3,236024,13
3,236068,24
3,236072,25
3,236080,27
3,236092,30
3,236128,39
3,236172,50
3,236176,51
3,236180,52
3,236192,55
3,236200,57
3,236208,59
3,236220,62
3,236256,71
3,236264,73
3,236268,74
3,236272,75
3,236304,83
3,236320,87
3,236324,88
3,236332,90
3,236336,91
3,236348,94
3,236360,97
3,236396,106
3,236404,108
3,236424,113
3,236428,114
3,236448,119
3,236452,120
3,236456,121
3,236460,122
3,236472,125
3,236504,133
3,236560,147
3,236564,148
3,236584,3
3,236592,5
3,236596,6
3,236604,8
3,236612,10
3,236620,12
3,236628,14
3,236636,16
3,236676,26
3,236688,29
3,236708,34
3,236748,44
3,236752,45
3,236756,46
3,236764,48
3,236768,49
3,236784,53
3,236788,54
3,236804,58
3,236816,61
3,236832,65
3,236844,68
3,236860,72
3,236912,85
3,236916,86
3,236940,92
3,236944,93
3,236952,95
3,236956,96
3,236968,99
3,236976,101
3,236980,102
3,236984,103
3,236988,104
3,237000,107
3,237076,126
3,237084,128
3,237088,129
3,237092,130
3,237108,134
3,237136,141
3,237140,142
3,237272,25
3,237292,30
3,237300,32
3,237304,33
3,237312,35
3,237316,36
3,237320,37
3,237324,38
3,237340,42
3,237360,47
3,237372,50
3,237420,62
3,237436,66
3,237476,76
3,237480,77
3,237484,78
3,237488,79
3,237496,81
3,237500,82
3,237508,84
3,237528,89
3,237564,98
3,237572,100
3,237592,105
3,237616,111
3,237628,114
3,237640,117
3,237644,118
3,237664,123
3,237700,132
3,237716,136
3,237724,138
3,237728,139
3,237772,0
3,237776,1
3,237780,2
3,237792,5
3,237808,9
3,237816,11
3,237864,23
3,237896,31
3,237932,40
3,237936,41
3,237944,43
3,237976,51
3,237980,52
3,237996,56
3,238008,59
3,238028,64
3,238072,75
3,238092,80
3,238116,86
3,238132,90
3,238148,94
3,238160,97
3,238168,99
3,238292,130
3,238340,142
3,238344,143
3,238356,146
3,238388,4
3,238400,7
3,238424,13
3,238472,25
3,238492,30
3,238528,39
3,238564,48
3,238572,50
3,238592,55
3,238600,57
3,238620,62
3,238652,70
3,238704,83
3,238720,87
3,238724,88
3,238736,91
3,238808,109
3,238820,112
3,238828,114
3,238952,145
3,238984,3
3,238992,5
3,238996,6
3,239004,8
3,239012,10
3,239020,12
3,239028,14
3,239108,34
3,239148,44
3,239152,45
3,239156,46
3,239168,49
3,239184,53
3,239188,54
3,239204,58
3,239212,60
3,239316,86
3,239368,99
3,239388,104
3,239452,120
3,239456,121
3,239468,124
3,239480,127
3,239492,130
3,239496,131
3,239532,140
3,239540,142
3,239608,9
3,239652,20
3,239672,25
3,239692,30
3,239700,32
3,239704,33
3,239712,35
3,239716,36
3,239720,37
3,239724,38
3,239740,42
3,239760,47
3,239772,50
3,239820,62
3,239848,69
3,239876,76
3,239880,77
3,239884,78
3,239888,79
3,239896,81
3,239900,82
3,239908,84
3,239912,85
3,239944,93
3,239952,95
3,239980,102
3,239984,103
3,240028,114
3,240060,122
3,240072,125
3,240076,126
3,240084,128
3,240088,129
3,240104,133
3,240112,135
3,240172,0
3,240176,1
3,240180,2
3,240188,4
3,240192,5
3,240200,7
3,240216,11
3,240224,13
3,240240,17
3,240244,18
3,240248,19
3,240284,28
3,240296,31
3,240328,39
3,240332,40
3,240336,41
3,240344,43
3,240376,51
3,240380,52
3,240396,56
3,240408,59
3,240424,63
3,240472,75
3,240492,80
3,240504,83
3,240516,86
3,240528,89
3,240540,92
3,240556,96
3,240568,99
3,240576,101
3,240612,110
3,240636,116
3,240664,123
3,240692,130
3,240708,134
3,240740,142
3,240768,149
3,240784,3
3,240796,6
3,240804,8
3,240812,10
3,240828,14
3,240832,15
3,240856,21
3,240860,22
3,240868,24
3,240872,25
3,240876,26
3,240880,27
3,240888,29
3,240892,30
3,240948,44
3,240964,48
3,240972,50
3,240992,55
3,241000,57
3,241020,62
3,241040,67
3,241120,87
3,241124,88
3,241132,90
3,241148,94
3,241160,97
3,241164,98
3,241172,100
3,241224,113
3,241228,114
3,241232,115
3,241300,132
3,241348,144
3,241392,5
3,241408,9
3,241420,12
3,241436,16
3,241452,20
3,241464,23
3,241500,32
3,241504,33
3,241508,34
3,241512,35
3,241520,37
3,241524,38
3,241540,42
3,241552,45
3,241556,46
3,241568,49
3,241584,53
3,241604,58
3,241664,73
3,241668,74
3,241680,77
3,241688,79
3,241700,82
3,241716,86
3,241736,91
3,241768,99
3,241780,102
3,241788,104
3,241796,106
3,241804,108
3,241848,119
3,241852,120
3,241856,121
3,241868,124
3,241880,127
3,241892,130
3,241896,131
3,241940,142
3,241964,148
3,241972,0
3,241976,1
3,241980,2
3,241988,4
3,242000,7
3,242016,11
3,242040,17
3,242044,18
3,242048,19
3,242072,25
3,242084,28
3,242092,30
3,242116,36
3,242160,47
3,242172,50
3,242188,54
3,242216,61
3,242220,62
3,242232,65
3,242256,71
3,242272,75
3,242276,76
3,242284,78
3,242296,81
3,242304,83
3,242308,84
3,242312,85
3,242344,93
3,242352,95
3,242356,96
3,242376,101
3,242384,103
3,242392,105
3,242400,107
3,242408,109
3,242416,111
3,242420,112
3,242428,114
3,242440,117
3,242444,118
3,242460,122
3,242472,125
3,242476,126
3,242488,129
3,242504,133
3,242520,137
3,242536,141
3,242560,147
3,242592,5
3,242596,6
3,242604,8
3,242612,10
3,242624,13
3,242632,15
3,242656,21
3,242660,22
3,242676,26
3,242680,27
3,242696,31
3,242732,40
3,242736,41
3,242744,43
3,242776,51
3,242780,52
3,242796,56
3,242800,57
3,242808,59
3,242836,66
3,242852,70
3,242860,72
3,242892,80
3,242916,86
3,242920,87
3,242928,89
3,242932,90
3,242940,92
3,242948,94
3,242960,97
3,242964,98
3,242968,99
3,242972,100
3,243012,110
3,243036,116
3,243064,123
3,243084,128
3,243092,130
3,243108,134
3,243116,136
3,243140,142
3,243156,146
3,243184,3
3,243208,9
3,243220,12
3,243228,14
3,243236,16
3,243268,24
3,243272,25
3,243288,29
3,243292,30
3,243328,39
3,243348,44
3,243356,46
3,243364,48
3,243368,49
3,243372,50
3,243384,53
3,243392,55
3,243404,58
3,243420,62
3,243428,64
3,243444,68
3,243448,69
3,243480,77
3,243500,82
3,243524,88
3,243536,91
3,243580,102
3,243588,104
3,243624,113
3,243628,114
3,243632,115
3,243648,119
3,243700,132
3,243724,138
3,243728,139
3,243732,140
3,243744,143
3,243752,145
3,243772,0
3,243792,5
3,243816,11
3,243908,34
3,243952,45
3,243960,47
3,244012,60
3,244024,63
3,244040,67
3,244076,76
3,244084,78
3,244088,79
3,244096,81
3,244112,85
3,244116,86
3,244152,95
3,244156,96
3,244168,99
3,244176,101
3,244184,103
3,244204,108
3,244244,118
3,244252,120
3,244280,127
3,244292,130
3,244296,131
3,244340,142
3,244348,144
3,244364,148
3,244368,149
3,244376,1
3,244380,2
3,244388,4
3,244396,6
3,244400,7
3,244412,10
3,244464,23
3,244472,25
3,244492,30
3,244500,32
3,244504,33
3,244520,37
3,244524,38
3,244540,42
3,244572,50
3,244576,51
3,244580,52
3,244588,54
3,244596,56
3,244600,57
3,244608,59
3,244620,62
3,244664,73
3,244668,74
3,244672,75
3,244692,80
3,244704,83
3,244708,84
3,244720,87
3,244744,93
3,244748,94
3,244796,106
3,244828,114
3,244856,121
3,244860,122
3,244868,124
3,244872,125
3,244876,126
3,244888,129
3,244904,133
3,244912,135
3,244992,5
3,245004,8
3,245024,13
3,245040,17
3,245052,20
3,245084,28
3,245112,35
3,245156,46
3,245164,48
3,245168,49
3,245192,55
3,245204,58
3,245316,86
3,245324,88
3,245328,89
3,245368,99
3,245416,111
3,245464,123
3,245484,128
3,245492,130
3,245508,134
3,245536,141
3,245540,142
3,245584,3
3,245608,9
3,245616,11
3,245620,12
3,245628,14
3,245644,18
3,245648,19
3,245660,22
3,245672,25
3,245692,30
3,245716,36
3,245744,43
3,245748,44
3,245752,45
3,245760,47
3,245772,50
3,245784,53
3,245820,62
3,245832,65
3,245880,77
3,245900,82
3,245932,90
3,245960,97
3,245964,98
3,245992,105
3,246000,107
3,246008,109
3,246020,112
3,246028,114
3,246040,117
3,246100,132
3,246120,137
3,246160,147
3,246172,0
3,246176,1
3,246180,2
3,246188,4
3,246192,5
3,246196,6
3,246200,7
3,246212,10
3,246232,15
3,246256,21
3,246280,27
3,246296,31
3,246308,34
3,246328,39
3,246332,40
3,246336,41
3,246376,51
3,246380,52
3,246388,54
3,246396,56
3,246400,57
3,246408,59
3,246456,71
3,246476,76
3,246484,78
3,246488,79
3,246492,80
3,246496,81
3,246504,83
3,246508,84
3,246512,85
3,246516,86
3,246520,87
3,246540,92
3,246568,99
3,246572,100
3,246636,116
3,246652,120
3,246656,121
3,246660,122
3,246676,126
3,246680,127
3,246692,130
3,246696,131
3,246704,133
3,246740,142
3,246804,8
3,246824,13
3,246836,16
3,246864,23
3,246868,24
3,246872,25
3,246876,26
3,246888,29
3,246892,30
3,246956,46
3,246964,48
3,246968,49
3,246972,50
3,246992,55
3,247004,58
3,247016,61
3,247020,62
3,247036,66
3,247052,70
3,247072,75
3,247124,88
3,247128,89
3,247212,110
3,247224,113
3,247228,114
3,247248,119
3,247264,123
3,247268,124
3,247272,125
3,247284,128
3,247288,129
3,247308,134
3,247316,136
3,247384,3
3,247392,5
3,247408,9
3,247416,11
3,247420,12
3,247428,14
3,247440,17
3,247452,20
3,247484,28
3,247500,32
3,247504,33
3,247520,37
3,247524,38
3,247552,45
3,247560,47
3,247584,53
3,247648,69
3,247660,72
3,247680,77
3,247700,82
3,247716,86
3,247768,99
3,247780,102
3,247788,104
3,247796,106
3,247804,108
3,247808,109
3,247832,115
3,247844,118
3,247892,130
3,247900,132
3,247928,139
3,247932,140
3,247940,142
3,247956,146
3,247972,0
3,247976,1
3,247980,2
3,247988,4
3,247996,6
3,248000,7
3,248012,10
3,248044,18
3,248048,19
3,248056,21
3,248060,22
3,248072,25
3,248092,30
3,248172,50
3,248176,51
3,248180,52
3,248188,54
3,248196,56
3,248200,57
3,248208,59
3,248220,62
3,248224,63
3,248228,64
3,248244,68
3,248276,76
3,248284,78
3,248288,79
3,248292,80
3,248296,81
3,248304,83
3,248308,84
3,248312,85
3,248320,87
3,248336,91
3,248376,101
3,248392,105
3,248400,107
3,248416,111
3,248420,112
3,248428,114
3,248440,117
3,248452,120
3,248456,121
3,248460,122
3,248476,126
3,248480,127
3,248496,131
3,248524,138
3,248544,143
3,248552,145
3,248564,148
3,248568,149
3,248592,5
3,248604,8
3,248624,13
3,248632,15
3,248680,27
3,248740,42
3,248756,46
3,248764,48
3,248768,49
3,248792,55
3,248804,58
3,248812,60
3,248832,65
3,248840,67
3,248872,75
3,248916,86
3,248924,88
3,248928,89
3,248952,95
3,248968,99
3,248984,103
3,249036,116
3,249064,123
3,249068,124
3,249072,125
3,249084,128
3,249092,130
3,249104,133
3,249108,134
3,249112,135
3,249120,137
3,249136,141
3,249140,142
3,249148,144
3,249160,147
3,249216,11
3,249228,14
3,249236,16
3,249264,23
3,249272,25
3,249276,26
3,249292,30
3,249312,35
3,249348,44
3,249352,45
3,249360,47
3,249372,50
3,249384,53
3,249420,62
3,249464,73
3,249468,74
3,249612,110
3,249628,114
3,249648,119
3,249688,129
3,249700,132
3,249784,3
3,249792,5
3,249808,9
3,249820,12
3,249868,24
3,249888,29
3,249944,43
3,249976,51
3,249980,52
3,249996,56
3,250000,57
3,250008,59
3,250036,66
3,250056,71
3,250076,76
3,250080,77
3,250100,82
3,250104,83
3,250116,86
3,250120,87
3,250168,99
3,250224,113
3,250256,121
3,250280,127
3,250292,130
3,250316,136
3,250340,142
3,250372,0
3,250376,1
3,250380,2
3,250388,4
3,250396,6
3,250400,7
3,250412,10
3,250452,20
3,250472,25
3,250484,28
3,250492,30
3,250528,39
3,250556,46
3,250564,48
3,250568,49
3,250572,50
3,250588,54
3,250592,55
3,250604,58
3,250620,62
3,250652,70
3,250660,72
3,250672,75
3,250684,78
3,250688,79
3,250692,80
3,250696,81
3,250708,84
3,250712,85
3,250804,108
3,250808,109
3,250828,114
3,250832,115
3,250840,117
3,250844,118
3,250852,120
3,250860,122
3,250864,123
3,250872,125
3,250876,126
3,250884,128
3,250896,131
3,250904,133
3,250908,134
3,250928,139
3,250932,140
3,250956,146
3,250992,5
3,251024,13
3,251040,17
3,251044,18
3,251152,45
3,251160,47
3,251184,53
3,251216,61
3,251316,86
3,251324,88
3,251328,89
3,251348,94
3,251368,99
3,251392,105
3,251396,106
3,251400,107
4,251452,8
4,251464,11
4,251504,21
4,251520,25
4,251540,30
4,251544,31
4,251556,34
4,251564,36
4,251580,40
4,251584,41
4,251620,50
4,251624,51
4,251628,52
4,251648,57
4,251668,62
4,251792,93
4,251804,96
4,251916,124
4,251940,130
4,251988,142
4,252040,5
4,252148,32
4,252152,33
4,252168,37
4,252172,38
4,252244,56
4,252256,59
4,252276,64
4,252296,69
4,252364,86
4,252408,97
4,252416,99
4,252420,100
4,252468,112
4,252476,114
4,252548,132
4,252632,3
4,252676,14
4,252720,25
4,252740,30
4,252760,35
4,252788,42
4,252800,45
4,252804,46
4,252812,48
4,252816,49
4,252820,50
4,252836,54
4,252840,55
4,252852,58
4,252868,62
4,252872,63
4,252924,76
4,252928,77
4,252952,83
4,252980,90
4,252988,92
4,253012,98
4,253136,129
4,253140,130
4,253188,142
4,253212,148
4,253240,5
4,253256,9
4,253268,12
4,253280,15
4,253284,16
4,253296,19
4,253308,22
4,253312,23
4,253324,26
4,253328,27
4,253376,39
4,253392,43
4,253408,47
4,253432,53
4,253460,60
4,253492,68
4,253540,80
4,253544,81
4,253548,82
4,253556,84
4,253560,85
4,253564,86
4,253568,87
4,253616,99
4,253664,111
4,253676,114
4,253704,121
4,253728,127
4,253772,138
4,253792,143
4,253820,0
4,253824,1
4,253828,2
4,253836,4
4,253844,6
4,253860,10
4,253920,25
4,253936,29
4,253940,30
4,253980,40
4,253996,44
4,254020,50
4,254068,62
4,254112,73
4,254116,74
4,254120,75
4,254132,78
4,254136,79
4,254172,88
4,254284,116
4,254340,130
4,254388,142
4,254440,5
4,254448,7
4,254472,13
4,254544,31
4,254556,34
4,254564,36
4,254624,51
4,254628,52
4,254648,57
4,254656,59
4,254688,67
4,254704,71
4,254764,86
4,254816,99
4,254860,110
4,254876,114
4,254896,119
4,254900,120
4,254908,122
4,254912,123
4,254916,124
4,254920,125
4,254932,128
4,254944,131
4,254952,133
4,254956,134
4,254960,135
4,255000,145
4,255052,8
4,255064,11
4,255120,25
4,255140,30
4,255148,32
4,255168,37
4,255172,38
4,255184,41
4,255216,49
4,255220,50
4,255236,54
4,255244,56
4,255268,62
4,255280,65
4,255300,70
4,255324,76
4,255352,83
4,255376,89
4,255424,101
4,255428,102
4,255436,104
4,255472,113
4,255492,118
4,255524,126
4,255540,130
4,255548,132
4,255564,136
4,255568,137
4,255584,141
4,255588,142
4,255608,147
4,255616,149
4,255632,3
4,255640,5
4,255668,12
4,255676,14
4,255716,24
4,255752,33
4,255760,35
4,255788,42
4,255800,45
4,255804,46
4,255812,48
4,255832,53
4,255840,55
4,255852,58
4,255864,61
4,255876,64
4,255884,66
4,255908,72
4,255928,77
4,255956,84
4,255964,86
4,255968,87
4,255984,91
4,256016,99
4,256052,108
4,256056,109
4,256076,114
4,256128,127
4,256136,129
4,256220,0
4,256224,1
4,256236,4
4,256244,6
4,256256,9
4,256300,20
4,256320,25
4,256340,30
4,256392,43
4,256408,47
4,256420,50
4,256468,62
4,256472,63
4,256496,69
4,256520,75
4,256532,78
4,256536,79
4,256540,80
4,256544,81
4,256548,82
4,256560,85
4,256600,95
4,256632,103
4,256640,105
4,256668,112
4,256680,115
4,256704,121
4,256740,130
4,256788,142
4,256796,144
4,256828,2
4,256840,5
4,256848,7
4,256860,10
4,256872,13
4,256888,17
4,256980,40
4,256996,44
4,257092,68
4,257112,73
4,257116,74
4,257164,86
4,257172,88
4,257216,99
4,257244,106
4,257248,107
4,257264,111
4,257276,114
4,257284,116
4,257288,117
4,257296,119
4,257300,120
4,257316,124
4,257320,125
4,257332,128
4,257344,131
4,257352,133
4,257356,134
4,257376,139
4,257380,140
4,257404,146
4,257452,8
4,257464,11
4,257504,21
4,257520,25
4,257532,28
4,257540,30
4,257564,36
4,257576,39
4,257620,50
4,257624,51
4,257660,60
4,257668,62
4,257680,65
4,257704,71
4,257724,76
4,257752,83
4,257776,89
4,257792,93
4,257796,94
4,257804,96
4,257808,97
4,257820,100
4,257860,110
4,257872,113
4,257892,118
4,257908,122
4,257912,123
4,257924,126
4,257940,130
4,257948,132
4,257960,135
4,257972,138
4,257988,142
4,257992,143
4,258000,145
4,258012,148
4,258024,1
4,258032,3
4,258040,5
4,258068,12
4,258076,14
4,258144,31
4,258156,34
4,258172,38
4,258184,41
4,258228,52
4,258236,54
4,258248,57
4,258256,59
4,258264,61
4,258288,67
4,258300,70
4,258356,84
4,258364,86
4,258368,87
4,258416,99
4,258440,105
4,258452,108
4,258456,109
4,258468,112
4,258476,114
4,258480,115
4,258528,127
4,258536,129
4,258564,136
4,258568,137
4,258584,141
4,258608,147
4,258616,149
4,258620,0
4,258636,4
4,258644,6
4,258648,7
4,258656,9
4,258720,25
4,258740,30
4,258748,32
4,258752,33
4,258760,35
4,258768,37
4,258800,45
4,258816,49
4,258820,50
4,258868,62
4,258876,64
4,258896,69
4,258908,72
4,258920,75
4,258928,77
4,258936,79
4,258944,81
4,258960,85
4,258988,92
4,259048,107
4,259084,116
4,259088,117
4,259096,119
4,259140,130
4,259188,142
4,259228,2
4,259240,5
4,259260,10
4,259272,13
4,259308,22
4,259388,42
4,259392,43
4,259408,47
4,259412,48
4,259444,56
4,259484,66
4,259512,73
4,259516,74
4,259532,78
4,259540,80
4,259548,82
4,259564,86
4,259572,88
4,259616,99
4,259644,106
4,259660,110
4,259664,111
4,259676,114
4,259704,121
4,259716,124
4,259720,125
4,259776,139
4,259780,140
4,259796,144
4,259804,146
4,259852,8
4,259864,11
4,259892,18
4,259920,25
4,259940,30
4,260020,50
4,260068,62
4,260072,63
4,260092,68
4,260124,76
4,260152,83
4,260180,90
4,260212,98
4,260240,105
4,260252,108
4,260256,109
4,260268,112
4,260272,113
4,260280,115
4,260292,118
4,260300,120
4,260308,122
4,260324,126
4,260332,128
4,260340,130
4,260344,131
4,260352,133
4,260356,134
4,260372,138
4,260388,142
4,260392,143
4,260424,1
4,260432,3
4,260440,5
4,260468,12
4,260476,14
4,260528,27
4,260580,40
4,260596,44
4,260632,53
4,260640,55
4,260652,58
4,260660,60
4,260680,65
4,260688,67
4,260700,70
4,260704,71
4,260764,86
4,260816,99
4,260848,107
4,260876,114
4,260884,116
4,260888,117
4,260896,119
4,260912,123
4,260928,127
4,260936,129
4,260948,132
4,260960,135
4,260968,137
4,260984,141
4,261000,145
4,261008,147
4,261012,148
4,261016,149
4,261020,0
4,261044,6
4,261048,7
4,261056,9
4,261096,19
4,261120,25
4,261140,30
4,261176,39
4,261204,46
4,261220,50
4,261264,61
4,261268,62
4,261276,64
4,261296,69
4,261308,72
4,261356,84
4,261376,89
4,261444,106
4,261460,110
4,261464,111
4,261540,130
4,261564,136
4,261588,142
4,261628,2
4,261636,4
4,261640,5
4,261660,10
4,261672,13
4,261680,15
4,261756,34
4,261764,36
4,261824,51
4,261916,74
4,261944,81
4,261964,86
4,261968,87
4,262016,99
4,262024,101
4,262028,102
4,262036,104
4,262052,108
4,262056,109
4,262076,114
4,262080,115
4,262104,121
4,262116,124
4,262176,139
4,262196,144
4,262204,146
4,262252,8
4,262264,11
4,262320,25
4,262324,26
4,262340,30
4,262384,41
4,262420,50
4,262468,62
4,262472,63
4,262484,66
4,262492,68
4,262512,73
4,262520,75
4,262528,77
4,262536,79
4,262540,80
4,262560,85
4,262584,91
4,262600,95
4,262640,105
4,262648,107
4,262668,112
4,262672,113
4,262688,117
4,262692,118
4,262696,119
4,262720,125
4,262740,130
4,262744,131
4,262756,134
4,262772,138
4,262780,140
4,262788,142
4,262824,1
4,262832,3
4,262840,5
4,262876,14
4,262936,29
4,262944,31
4,262948,32
4,262952,33
4,262960,35
4,262968,37
4,262972,38
4,262988,42
4,263008,47
4,263036,54
4,263048,57
4,263060,60
4,263088,67
4,263100,70
4,263104,71
4,263132,78
4,263164,86
4,263172,88
4,263216,99
4,263232,103
4,263244,106
4,263276,114
4,263284,116
4,263300,120
4,263308,122
4,263324,126
4,263332,128
4,263352,133
4,263384,141
4,263392,143
4,263400,145
4,263408,147
4,263444,6
4,263448,7
4,263468,12
4,263484,16
4,263520,25
4,263540,30
4,263592,43
4,263620,50
4,263628,52
4,263656,59
4,263668,62
4,263676,64
4,263748,82
4,263852,108
4,263860,110
4,263864,111
4,263936,129
4,263940,130
4,263948,132
4,263960,135
4,263968,137
4,263988,142
4,264012,148
4,264016,149
4,264020,0
4,264028,2
4,264040,5
4,264056,9
4,264072,13
4,264264,61
4,264280,65
4,264296,69
4,264308,72
4,264352,83
4,264364,86
4,264416,99
4,264420,100
4,264456,109
4,264476,114
4,264480,115
4,264512,123
4,264564,136
4,264596,144
4,264636,4
4,264652,8
4,264660,10
4,264720,25
4,264740,30
4,264816,49
4,264820,50
4,264868,62
4,264912,73
4,264916,74
4,264976,89
4,264988,92
4,264992,93
4,265008,97
4,265048,107
4,265072,113
4,265088,117
4,265096,119
4,265104,121
4,265116,124
4,265128,127
4,265140,130
4,265176,139
4,265188,142
4,265204,146
4,265224,1
4,265232,3
4,265240,5
4,265264,11
4,265312,23
4,265444,56
4,265460,60
4,265472,63
4,265484,66
4,265492,68
4,265524,76
4,265544,81
4,265556,84
4,265564,86
4,265596,94
4,265604,96
4,265616,99
4,265640,105
4,265644,106
4,265668,112
4,265676,114
4,265692,118
4,265720,125
4,265744,131
4,265768,137
4,265772,138
4,265780,140
4,265792,143
4,265808,147
4,265876,14
4,265916,24
4,265920,25
4,265940,30
4,265980,40
4,265996,44
4,266000,45
4,266012,48
4,266020,50
4,266032,53
4,266068,62
4,266076,64
4,266088,67
4,266100,70
4,266104,71
4,266108,72
4,266212,98
4,266224,101
4,266252,108
4,266260,110
4,266264,111
4,266284,116
4,266300,120
4,266308,122
4,266340,130
4,266356,134
4,266360,135
4,266364,136
4,266384,141
4,266388,142
4,266400,145
4,266412,148
4,266416,149
4,266440,5
4,266444,6
4,266448,7
4,266468,12
4,266556,34
4,266564,36
4,266576,39
4,266664,61
4,266680,65
4,266696,69
4,266716,74
4,266720,75
4,266764,86
4,266816,99
4,266828,102
4,266856,109
4,266872,113
4,266876,114
4,266880,115
4,266888,117
4,266896,119
4,266924,126
4,266932,128
4,266936,129
4,266952,133
4,266976,139
4,266996,144
4,267004,146
4,267020,0
4,267028,2
4,267056,9
4,267060,10
4,267072,13
4,267120,25
4,267132,28
4,267140,30
4,267144,31
4,267148,32
4,267172,38
4,267184,41
4,267188,42
4,267220,50
4,267252,58
4,267268,62
4,267284,66
4,267312,73
4,267328,77
4,267380,90
4,267440,105
4,267444,106
4,267448,107
4,267468,112
4,267504,121
4,267512,123
4,267516,124
4,267540,130
4,267548,132
4,267572,138
4,267588,142
4,267636,4
4,267640,5
4,267652,8
4,267688,17
4,267768,37
4,267840,55
4,267872,63
4,267892,68
4,267932,78
4,267964,86
4,267968,87
4,268016,99
4,268076,114
4,268092,118
4,268128,127
4,268168,137
4,268180,140
4,268192,143
4,268208,147
4,268232,3
4,268264,11
4,268276,14
4,268300,20
4,268320,25
4,268340,30
4,268392,43
4,268420,50
4,268460,60
4,268468,62
4,268488,67
4,268500,70
4,268504,71
4,268508,72
4,268540,80
4,268548,82
4,268560,85
4,268572,88
4,268576,89
4,268600,95
4,268740,130
4,268760,135
4,268764,136
4,268784,141
4,268788,142
4,268812,148
4,268824,1
4,268840,5
4,268844,6
4,268848,7
4,268868,12
4,268960,35
4,269004,46
4,269064,61
4,269076,64
4,269080,65
4,269096,69
4,269116,74
4,269136,79
4,269144,81
4,269152,83
4,269164,86
4,269184,91
4,269188,92
4,269192,93
4,269208,97
4,269216,99
4,269220,100
4,269232,103
4,269236,104
4,269264,111
4,269276,114
4,269284,116
4,269320,125
4,269344,131
4,269376,139
4,269400,145
4,269404,146
4,269416,149
4,269420,0
4,269504,21
4,269520,25
4,269540,30
4,269552,33
4,269608,47
4,269620,50
4,269624,51
4,269636,54
4,269648,57
4,269656,59
4,269668,62
4,269684,66
4,269692,68
4,269712,73
4,269724,76
4,269796,94
4,269852,108
4,269856,109
4,269860,110
4,269872,113
4,269880,115
4,269888,117
4,269896,119
4,269900,120
4,269908,122
4,269940,130
4,269952,133
4,269968,137
4,269972,138
4,269980,140
4,269988,142
4,269992,143
4,269996,144
4,270008,147
4,270028,2
4,270040,5
4,270056,9
4,270072,13
4,270108,22
4,270180,40
4,270196,44
4,270228,52
4,270244,56
4,270260,60
4,270272,63
4,270288,67
4,270300,70
4,270304,71
4,270308,72
4,270364,86
4,270380,90
4,270404,96
4,270412,98
4,270416,99
4,270424,101
4,270428,102
4,270440,105
4,270444,106
4,270448,107
4,270468,112
4,270476,114
4,270492,118
4,270524,126
4,270532,128
4,270536,129
4,270556,134
4,270560,135
4,270564,136
4,270636,4
4,270652,8
4,270660,10
4,270720,25
4,270740,30
4,270800,45
4,270816,49
4,270820,50
4,270868,62
4,270956,84
4,271140,130
4,271184,141
4,271188,142
4,271212,148
4,271232,3
4,271240,5
4,271264,11
4,271276,14
4,271464,61
4,271476,64
4,271480,65
4,271484,66
4,271496,69
4,271516,74
4,271520,75
4,271528,77
4,271532,78
4,271560,85
4,271564,86
4,271568,87
4,271616,99
4,271664,111
4,271676,114
4,271684,116
4,271704,121
4,271776,139
4,271800,145
4,271804,146
4,271816,149
4,271920,25
4,271940,30
4,271944,31
4,271948,32
4,271956,34
4,271964,36
4,271972,38
4,271976,39
4,271988,42
4,272012,48
4,272020,50
4,272032,53
4,272060,60
4,272068,62
4,272072,63
4,272088,67
4,272092,68
4,272100,70
4,272104,71
4,272108,72
4,272112,73
4,272140,80
4,272148,82
4,272176,89
4,272184,91
4,272188,92
4,272200,95
4,272208,97
4,272280,115
4,272288,117
4,272312,123
4,272316,124
4,272320,125
4,272328,127
4,272340,130
4,272348,132
4,272360,135
4,272364,136
4,272368,137
4,272372,138
4,272380,140
4,272388,142
4,272392,143
4,272396,144
4,272408,147
4,272424,1
4,272440,5
4,272468,12
4,272560,35
4,272568,37
4,272584,41
4,272592,43
4,272604,46
4,272640,55
4,272652,58
4,272744,81
4,272764,86
4,272772,88
4,272780,90
4,272792,93
4,272796,94
4,272816,99
4,272820,100
4,272832,103
4,272836,104
4,272840,105
4,272844,106
4,272852,108
4,272856,109
4,272860,110
4,272868,112
4,272872,113
4,272876,114
4,272892,118
4,272896,119
4,272944,131
4,272984,141
4,273012,148
4,273044,6
4,273048,7
4,273092,18
4,273096,19
4,273120,25
4,273140,30
4,273152,33
4,273208,47
4,273220,50
4,273264,61
4,273268,62
4,273276,64
4,273280,65
4,273284,66
4,273296,69
4,273316,74
4,273404,96
4,273412,98
4,273424,101
4,273428,102
4,273448,107
4,273464,111
4,273484,116
4,273500,120
4,273508,122
4,273540,130
4,273552,133
4,273576,139
4,273588,142
4,273600,145
4,273604,146
4,273616,149
4,273620,0
4,273628,2
4,273640,5
4,273656,9
4,273672,13
4,273872,63
4,273892,68
4,273912,73
4,273936,79
4,273964,86
4,274016,99
4,274076,114
4,274236,4
4,274252,8
4,274260,10
4,274320,25
4,274328,27
4,274340,30
4,274420,50
4,274424,51
4,274460,60
4,274468,62
4,274488,67
4,274500,70
4,274504,71
4,274508,72
4,274524,76
4,274552,83
4,274556,84
4,274724,126
4,274732,128
4,274740,130
4,274756,134
4,274760,135
4,274764,136
4,274768,137
4,274772,138
4,274780,140
4,274788,142
4,274792,143
4,274796,144
4,274808,147
4,274840,5
4,274924,26
4,274944,31
4,274980,40
4,274996,44
4,275000,45
4,275016,49
4,275028,52
4,275036,54
4,275044,56
4,275048,57
4,275056,59
4,275064,61
4,275076,64
4,275080,65
4,275084,66
4,275096,69
4,275116,74
4,275120,75
4,275128,77
4,275132,78
4,275160,85
4,275164,86
4,275168,87
4,275184,91
4,275188,92
4,275196,94
4,275200,95
4,275208,97
4,275216,99
4,275232,103
4,275236,104
4,275276,114
4,275280,115
4,275288,117
4,275296,119
4,275304,121
4,275336,129
4,275384,141
4,275404,146
4,275412,148
4,275416,149
4,275464,11
4,275468,12
4,275476,14
4,275480,15
4,275484,16
4,275520,25
4,275536,29
4,275540,30
4,275548,32
4,275556,34
4,275564,36
4,275572,38
4,275576,39
4,275588,42
4,275604,46
4,275612,48
4,275620,50
4,275632,53
4,275668,62
4,275672,63
4,275692,68
4,275712,73
4,275772,88
4,275780,90
4,275792,93
4,275820,100
4,275824,101
4,275840,105
4,275844,106
4,275848,107
4,275852,108
4,275856,109
4,275860,110
4,275864,111
4,275868,112
4,275872,113
4,275884,116
4,275892,118
4,275940,130
4,275976,139
4,275988,142
4,276000,145
4,276024,1
4,276032,3
4,276040,5
4,276184,41
4,276240,55
4,276252,58
4,276260,60
4,276288,67
4,276300,70
4,276304,71
4,276308,72
4,276348,82
4,276364,86
4,276404,96
4,276412,98
4,276416,99
4,276428,102
4,276476,114
4,276528,127
4,276548,132
4,276560,135
4,276568,137
4,276580,140
4,276592,143
4,276596,144
4,276608,147
4,276620,0
4,276644,6
4,276648,7
4,276656,9
4,276720,25
4,276740,30
4,276760,35
4,276792,43
4,276820,50
4,276864,61
4,276868,62
4,276876,64
4,276880,65
4,276884,66
4,276896,69
4,276916,74
4,276940,80
4,276944,81
4,277116,124
4,277140,130
4,277164,136
4,277172,138
4,277188,142
4,277228,2
4,277236,4
4,277240,5
4,277272,13
4,277352,33
4,277368,37
4,277472,63
4,277492,68
4,277564,86
4,277600,95
4,277616,99
4,277632,103
4,277636,104
4,277676,114
4,277712,123
4,277784,141
4,277804,146
4,277852,8
4,277860,10
4,277912,23
4,277920,25
4,277940,30
4,277996,44
4,278008,47
4,278020,50
4,278024,51
4,278060,60
4,278068,62
4,278088,67
4,278100,70
4,278104,71
4,278108,72
4,278112,73
4,278136,79
4,278152,83
4,278156,84
4,278160,85
4,278176,89
4,278180,90
4,278184,91
4,278188,92
4,278192,93
4,278196,94
4,278208,97
4,278280,115
4,278288,117
4,278296,119
4,278320,125
4,278340,130
4,278352,133
4,278376,139
4,278388,142
4,278400,145
4,278412,148
4,278416,149
4,278440,5
4,278464,11
4,278468,12
4,278488,17
4,278544,31
4,278564,36
4,278576,39
4,278580,40
4,278600,45
4,278604,46
4,278616,49
4,278628,52
4,278636,54
4,278644,56
4,278648,57
4,278656,59
4,278664,61
4,278672,63
4,278676,64
4,278680,65
4,278684,66
4,278692,68
4,278696,69
4,278716,74
4,278720,75
4,278724,76
4,278728,77
4,278732,78
4,278764,86
4,278768,87
4,278804,96
4,278816,99
4,278820,100
4,278824,101
4,278840,105
4,278844,106
4,278848,107
4,278852,108
4,278856,109
4,278860,110
4,278864,111
4,278868,112
4,278872,113
4,278876,114
4,278884,116
4,278892,118
4,278908,122
4,278944,131
4,278960,135
4,278964,136
4,278968,137
4,278972,138
4,278980,140
4,278992,143
4,278996,144
4,279008,147
4,279024,1
4,279032,3
4,279076,14
4,279120,25
4,279140,30
4,279148,32
4,279156,34
4,279172,38
4,279188,42
4,279212,48
4,279220,50
4,279232,53
4,279252,58
4,279268,62
4,279372,88
4,279412,98
4,279428,102
4,279500,120
4,279532,128
4,279540,130
4,279588,142
4,279604,146
4,279620,0
4,279640,5
4,279644,6
4,279648,7
4,279656,9
4,279716,24
4,279784,41
4,279792,43
4,279908,72
4,279964,86
4,279992,93
4,280016,99
4,280032,103
4,280076,114
4,280104,121
4,280184,141
4,280228,2
4,280236,4
4,280272,13
4,280320,25
4,280340,30
4,280352,33
4,280360,35
4,280420,50
4,280460,60
4,280468,62
4,280488,67
4,280500,70
4,280504,71
4,280512,73
4,280544,81
4,280588,92
4,280600,95
4,280608,97
4,280636,104
4,280740,130
4,280788,142
4,280840,5
4,280852,8
4,280860,10
4,280864,11
4,280900,20
4,280968,37
4,281024,51
4,281040,55
4,281064,61
4,281072,63
4,281076,64
4,281080,65
4,281084,66
4,281092,68
4,281096,69
4,281116,74
4,281140,80
4,281148,82
4,281164,86
4,281180,90
4,281184,91
4,281196,94
4,281204,96
4,281216,99
4,281220,100
4,281224,101
4,281276,114
4,281324,126
4,281376,139
4,281400,145
4,281468,12
4,281476,14
4,281520,25
4,281540,30
4,281544,31
4,281564,36
4,281580,40
4,281596,44
4,281620,50
4,281668,62
4,281708,72
4,281792,93
4,281812,98
4,281828,102
4,281832,103
4,281928,127
4,281936,129
4,281940,130
4,281948,132
4,281956,134
4,281960,135
4,281988,142
4,282012,148
4,282016,149
4,282032,3
4,282040,5
4,282104,21
4,282132,28
4,282148,32
4,282156,34
4,282172,38
4,282176,39
4,282184,41
4,282188,42
4,282192,43
4,282260,60
4,282288,67
4,282300,70
4,282304,71
4,282312,73
4,282336,79
4,282356,84
4,282364,86
4,282388,92
4,282400,95
4,282408,97
4,282416,99
4,282476,114
4,282512,123
4,282516,124
4,282552,133
4,282564,136
4,282568,137
4,282572,138
4,282580,140
4,282592,143
4,282596,144
4,282608,147
4,282680,15
4,282692,18
4,282696,19
4,282708,22
4,282720,25
4,282728,27
4,282736,29
4,282740,30
4,282752,33
4,282760,35
4,282808,47
4,282820,50
4,282864,61
4,282868,62
4,282872,63
4,282876,64
4,282880,65
4,282884,66
4,282892,68
4,282896,69
4,282916,74
4,282976,89
4,282984,91
4,283004,96
4,283020,100
4,283036,104
4,283100,120
4,283104,121
4,283108,122
4,283120,125
4,283132,128
4,283140,130
4,283144,131
4,283184,141
4,283188,142
4,283204,146
4,283224,1
4,283240,5
4,283284,16
4,283288,17
4,283300,20
4,283312,23
4,283316,24
4,283324,26
4,283344,31
4,283364,36
4,283368,37
4,283396,44
4,283448,57
4,283508,72
4,283552,83
4,283560,85
4,283564,86
4,283580,90
4,283596,94
4,283616,99
4,283624,101
4,283676,114
4,283680,115
4,283724,126
4,283728,127
4,283736,129
4,283748,132
4,283756,134
4,283776,139
4,283800,145
4,283848,7
4,283880,15
4,283892,18
4,283896,19
4,283904,21
4,283908,22
4,283920,25
4,283928,27
4,283932,28
4,283936,29
4,283940,30
4,283948,32
4,283956,34
4,283972,38
4,283976,39
4,283980,40
4,283984,41
4,283988,42
4,283992,43
4,284020,50
4,284060,60
4,284068,62
4,284088,67
4,284100,70
4,284104,71
4,284112,73
4,284120,75
4,284128,77
4,284132,78
4,284168,87
4,284192,93
4,284212,98
4,284228,102
4,284232,103
4,284256,109
4,284288,117
4,284296,119
4,284312,123
4,284316,124
4,284340,130
4,284352,133
4,284360,135
4,284364,136
4,284388,142
4,284416,149
4,284440,5
4,284484,16
4,284488,17
4,284500,20
4,284512,23
4,284516,24
4,284524,26
4,284552,33
4,284560,35
4,284600,45
4,284628,52
4,284644,56
4,284652,58
4,284664,61
4,284672,63
4,284676,64
4,284680,65
4,284684,66
4,284692,68
4,284696,69
4,284716,74
4,284724,76
4,284740,80
4,284744,81
4,284764,86
4,284772,88
4,284788,92
4,284800,95
4,284808,97
4,284816,99
4,284840,105
4,284844,106
4,284848,107
4,284852,108
4,284860,110
4,284864,111
4,284868,112
4,284872,113
4,284876,114
4,284884,116
4,284892,118
4,284900,120
4,284904,121
4,284908,122
4,284920,125
4,284932,128
4,284944,131
4,284968,137
4,284972,138
4,284980,140
4,284984,141
4,284992,143
4,284996,144
4,285008,147
4,285012,148
4,285120,25
4,285140,30
4,285144,31
4,285164,36
4,285168,37
4,285196,44
4,285204,46
4,285212,48
4,285220,50
4,285232,53
4,285236,54
4,285256,59
4,285260,60
4,285268,62
4,285288,67
4,285300,70
4,285308,72
4,285312,73
4,285336,79
4,285348,82
4,285384,91
4,285404,96
4,285420,100
4,285436,104
4,285524,126
4,285540,130
4,285548,132
4,285576,139
4,285588,142
4,285600,145
4,285604,146
4,285640,5
4,285644,6
4,285656,9
4,285756,34
4,285772,38
4,285776,39
4,285780,40
4,285788,42
4,285816,49
4,285824,51
4,285840,55
4,285872,63
4,285876,64
4,285896,69
4,285904,71
4,285956,84
4,285964,86
4,285976,89
4,285980,90
4,285996,94
4,286016,99
4,286024,101
4,286056,109
4,286076,114
4,286080,115
4,286088,117
4,286096,119
4,286128,127
4,286136,129
4,286156,134
4,286160,135
4,286164,136
4,286216,149
4,286220,0
4,286320,25
4,286340,30
4,286348,32
4,286384,41
4,286392,43
4,286408,47
4,286420,50
4,286448,57
4,286452,58
4,286464,61
4,286468,62
4,286480,65
4,286484,66
4,286492,68
4,286516,74
4,286528,77
4,286552,83
4,286560,85
4,286628,102
4,286644,106
4,286648,107
4,286652,108
4,286660,110
4,286664,111
4,286672,113
4,286684,116
4,286692,118
4,286740,130
4,286768,137
4,286772,138
4,286780,140
4,286784,141
4,286788,142
4,286792,143
4,286796,144
4,286808,147
4,286812,148
4,286828,2
4,286836,4
4,286840,5
4,286872,13
4,287000,45
4,287028,52
4,287044,56
4,287060,60
4,287088,67
4,287112,73
4,287120,75
4,287124,76
4,287164,86
4,287168,87
4,287172,88
4,287192,93
4,287208,97
4,287212,98
4,287216,99
4,287232,103
4,287240,105
4,287268,112
4,287276,114
4,287316,124
4,287352,133
4,287432,3
4,287452,8
4,287460,10
4,287464,11
4,287468,12
4,287476,14
4,287520,25
4,287540,30
4,287552,33
4,287560,35
4,287620,50
4,287668,62
4,287700,70
4,287708,72
4,287732,78
4,287740,80
4,287744,81
4,287784,91
4,287788,92
4,287800,95
4,287804,96
4,287836,104
4,287912,123
4,287940,130
4,287988,142
4,288004,146
4,288024,1
4,288040,5
4,288044,6
4,288048,7
4,288144,31
4,288164,36
4,288168,37
4,288180,40
4,288196,44
4,288212,48
4,288232,53
4,288256,59
4,288272,63
4,288276,64
4,288304,71
4,288336,79
4,288364,86
4,288380,90
4,288396,94
4,288416,99
4,288420,100
4,288424,101
4,288476,114
4,288500,120
4,288504,121
4,288544,131
4,288576,139
4,288600,145
4,288656,9
4,288720,25
4,288740,30
4,288748,32
4,288756,34
4,288772,38
4,288776,39
4,288784,41
4,288788,42
4,288804,46
4,288820,50
4,288864,61
4,288868,62
4,288880,65
4,288892,68
4,288896,69
4,289012,98
4,289028,102
4,289032,103
4,289108,122
4,289120,125
4,289132,128
4,289140,130
4,289188,142
4,289240,5
4,289304,21
4,289328,27
4,289332,28
4,289336,29
4,289392,43
4,289436,54
4,289484,66
4,289488,67
4,289516,74
4,289564,86
4,289584,91
4,289588,92
4,289592,93
4,289600,95
4,289604,96
4,289608,97
4,289616,99
4,289636,104
4,289676,114
4,289724,126
4,289728,127
4,289736,129
4,289748,132
4,289820,0
4,289880,15
4,289892,18
4,289896,19
4,289900,20
4,289908,22
4,289912,23
4,289916,24
4,289920,25
4,289940,30
4,289944,31
4,289952,33
4,289960,35
4,289964,36
4,289968,37
4,289980,40
4,289996,44
4,290020,50
4,290060,60
4,290068,62
4,290100,70
4,290108,72
4,290112,73
4,290176,89
4,290180,90
4,290196,94
4,290220,100
4,290224,101
4,290312,123
4,290316,124
4,290340,130
4,290352,133
4,290356,134
4,290360,135
4,290364,136
4,290388,142
4,290412,148
4,290416,149
4,290440,5
4,290484,16
4,290488,17
4,290524,26
4,290532,28
4,290556,34
4,290572,38
4,290576,39
4,290588,42
4,290704,71
4,290764,86
4,290816,99
4,290828,102
4,290832,103
4,290876,114
4,290880,115
4,290900,120
4,290904,121
4,290920,125
4,290932,128
4,290944,131
4,290968,137
4,290972,138
4,290992,143
4,290996,144
4,291008,147
4,291080,15
4,291096,19
4,291100,20
4,291104,21
4,291108,22
4,291112,23
4,291116,24
4,291120,25
4,291128,27
4,291136,29
4,291140,30
4,291148,32
4,291184,41
4,291192,43
4,291216,49
4,291220,50
4,291264,61
4,291268,62
4,291272,63
4,291276,64
4,291280,65
4,291284,66
4,291292,68
4,291296,69
4,291348,82
4,291352,83
4,291412,98
4,291448,107
4,291456,109
4,291460,110
4,291472,113
4,291484,116
4,291488,117
4,291496,119
4,291508,122
4,291540,130
4,291576,139
4,291580,140
4,291584,141
4,291588,142
4,291604,146
4,291640,5
4,291684,16
4,291692,18
4,291744,31
4,291752,33
4,291760,35
4,291764,36
4,291768,37
4,291780,40
4,291796,44
4,291824,51
4,291840,55
4,291860,60
4,291888,67
4,291900,70
4,291908,72
4,291916,74
4,291956,84
4,291964,86
4,291984,91
4,291988,92
4,291992,93
4,292000,95
4,292004,96
4,292008,97
4,292016,99
4,292036,104
4,292040,105
4,292044,106
4,292052,108
4,292064,111
4,292068,112
4,292076,114
4,292092,118
4,292124,126
4,292128,127
4,292136,129
4,292148,132
4,292200,145
4,292272,13
4,292320,25
4,292340,30
4,292356,34
4,292372,38
4,292376,39
4,292388,42
4,292420,50
4,292468,62
4,292504,71
4,292512,73
4,292520,75
4,292524,76
4,292528,77
4,292540,80
4,292560,85
4,292568,87
4,292580,90
4,292620,100
4,292680,115
4,292712,123
4,292716,124
4,292740,130
4,292752,133
4,292756,134
4,292760,135
4,292764,136
4,292772,138
4,292788,142
4,292792,143
4,292808,147
4,292812,148
4,292816,149
4,292828,2
4,292836,4
4,292840,5
4,292932,28
4,292948,32
4,292984,41
4,293000,45
4,293008,47
4,293048,57
4,293052,58
4,293064,61
4,293072,63
4,293076,64
4,293080,65
4,293084,66
4,293092,68
4,293096,69
4,293132,78
4,293136,79
4,293144,81
4,293164,86
4,293172,88
4,293196,94
4,293216,99
4,293224,101
4,293232,103
4,293248,107
4,293256,109
4,293260,110
4,293272,113
4,293276,114
4,293284,116
4,293288,117
4,293296,119
4,293300,120
4,293320,125
4,293368,137
4,293376,139
4,293380,140
4,293384,141
4,293396,144
4,293432,3
4,293468,12
4,293476,14
4,293520,25
4,293540,30
4,293592,43
4,293604,46
4,293612,48
4,293620,50
4,293628,52
4,293632,53
4,293644,56
4,293656,59
4,293660,60
4,293668,62
4,293688,67
4,293708,72
4,293716,74
4,293776,89
4,293828,102
4,293904,121
4,293932,128
4,293940,130
4,293988,142
4,294004,146
4,294024,1
4,294040,5
4,294052,8
4,294056,9
4,294060,10
4,294064,11
4,294144,31
4,294152,33
4,294160,35
4,294164,36
4,294168,37
4,294180,40
4,294196,44
4,294300,70
4,294352,83
4,294364,86
4,294384,91
4,294388,92
4,294392,93
4,294400,95
4,294404,96
4,294408,97
4,294412,98
4,294416,99
4,294436,104
4,294440,105
4,294468,112
4,294476,114
4,294492,118
4,294508,122
4,294544,131
4,294600,145
4,294620,0
4,294644,6
4,294688,17
4,294716,24
4,294720,25
4,294724,26
4,294728,27
4,294740,30
4,294756,34
4,294772,38
4,294776,39
4,294784,41
4,294788,42
4,294820,50
4,294868,62
4,294956,84
4,294980,90
4,294996,94
4,295020,100
4,295024,101
4,295032,103
4,295052,108
4,295116,124
4,295124,126
4,295128,127
4,295136,129
4,295140,130
4,295148,132
4,295156,134
4,295188,142
4,295240,5
4,295248,7
4,295280,15
4,295296,19
4,295300,20
4,295304,21
4,295308,22
4,295312,23
4,295336,29
4,295348,32
4,295392,43
4,295436,54
4,295440,55
4,295564,86
4,295616,99
4,295628,102
4,295644,106
4,295664,111
4,295676,114
4,295700,120
4,295712,123
4,295720,125
4,295752,133
4,295884,16
4,295888,17
4,295892,18
4,295916,24
4,295920,25
4,295932,28
4,295940,30
4,295944,31
4,295952,33
4,295960,35
4,295964,36
4,295968,37
4,295980,40
4,295996,44
4,296020,50
4,296068,62
4,296080,65
4,296104,71
4,296112,73
4,296148,82
4,296188,92
4,296192,93
4,296200,95
4,296204,96
4,296208,97
4,296212,98
4,296280,115
4,296332,128
4,296340,130
4,296372,138
4,296388,142
4,296392,143
4,296416,149
4,296440,5
4,296528,27
4,296556,34
4,296572,38
4,296576,39
4,296584,41
4,296588,42
4,296616,49
4,296664,61
4,296672,63
4,296676,64
4,296684,66
4,296692,68
4,296696,69
4,296740,80
4,296760,85
4,296764,86
4,296768,87
4,296780,90
4,296784,91
4,296816,99
4,296836,104
4,296856,109
4,296876,114
4,296884,116
4,296888,117
4,296896,119
4,296904,121
4,296908,122
4,296944,131
4,296960,135
4,296964,136
4,296968,137
4,296976,139
4,296980,140
4,296984,141
4,297008,147
4,297012,148
4,297072,13
4,297120,25
4,297124,26
4,297140,30
4,297148,32
4,297192,43
4,297220,50
4,297224,51
4,297252,58
4,297260,60
4,297268,62
4,297288,67
4,297300,70
4,297308,72
4,297316,74
4,297320,75
4,297324,76
4,297328,77
4,297372,88
4,297396,94
4,297420,100
4,297424,101
4,297432,103
4,297448,107
4,297452,108
4,297460,110
4,297472,113
4,297492,118
4,297540,130
4,297556,134
4,297588,142
4,297596,144
4,297600,145
4,297604,146
4,297628,2
4,297636,4
4,297640,5
4,297652,8
4,297800,45
4,297804,46
4,297808,47
4,297844,56
4,297848,57
4,297880,65
4,297932,78
4,297936,79
4,297944,81
4,297952,83
4,297964,86
4,297976,89
4,298000,95
4,298004,96
4,298012,98
4,298016,99
4,298028,102
4,298040,105
4,298044,106
4,298064,111
4,298068,112
4,298076,114
4,298116,124
4,298124,126
4,298128,127
4,298136,129
4,298148,132
4,298220,0
4,298224,1
4,298232,3
4,298256,9
4,298264,11
4,298268,12
4,298276,14
4,298320,25
4,298340,30
4,298344,31
4,298352,33
4,298360,35
4,298364,36
4,298368,37
4,298380,40
4,298396,44
4,298412,48
4,298420,50
4,298428,52
4,298432,53
4,298436,54
4,298456,59
4,298468,62
4,298504,71
4,298512,73
4,298556,84
4,298580,90
4,298584,91
4,298588,92
4,298592,93
4,298608,97
4,298636,104
4,298700,120
4,298740,130
4,298752,133
4,298772,138
4,298788,142
4,298792,143
4,298840,5
4,298844,6
4,298848,7
4,298860,10
4,298896,19
4,298956,34
4,298972,38
4,298976,39
4,298984,41
4,298988,42
4,299016,49
4,299040,55
4,299064,61
4,299096,69
4,299140,80
4,299148,82
4,299160,85
4,299164,86
4,299168,87
4,299196,94
4,299216,99
4,299220,100
4,299224,101
4,299232,103
4,299276,114
4,299280,115
4,299312,123
4,299360,135
4,299384,141
4,299416,149
4,299472,13
4,299508,22
4,299520,25
4,299540,30
4,299548,32
4,299592,43
4,299620,50
4,299624,51
4,299652,58
4,299660,60
4,299668,62
4,299676,64
4,299692,68
4,299720,75
4,299724,76
4,299728,77
4,299772,88
4,299800,95
4,299804,96
4,299812,98
4,299828,102
4,299904,121
4,299920,125
4,299932,128
4,299940,130
4,299964,136
4,299988,142
4,300012,148
4,300028,2
4,300036,4
4,300040,5
4,300052,8
4,300056,9
4,300076,14
4,300100,20
4,300104,21
4,300112,23
4,300200,45
4,300204,46
4,300208,47
4,300236,54
4,300244,56
4,300248,57
4,300272,63
4,300284,66
4,300288,67
4,300308,72
4,300316,74
4,300332,78
4,300336,79
4,300344,81
4,300352,83
4,300364,86
4,300376,89
4,300380,90
4,300384,91
4,300388,92
4,300392,93
4,300408,97
4,300416,99
4,300436,104
4,300476,114
4,300484,116
4,300496,119
4,300508,122
4,300544,131
4,300568,137
4,300576,139
4,300580,140
4,300596,144
4,300600,145
4,300604,146
4,300608,147
4,300620,0
4,300624,1
4,300632,3
4,300664,11
4,300668,12
4,300720,25
4,300740,30
4,300744,31
4,300752,33
4,300760,35
4,300764,36
4,300768,37
4,300780,40
4,300796,44
4,300812,48
4,300816,49
4,300820,50
4,300828,52
4,300832,53
4,300856,59
4,300868,62
4,300880,65
4,300900,70
4,300956,84
4,300968,87
4,300996,94
4,301020,100
4,301024,101
4,301032,103
4,301048,107
4,301056,109
4,301060,110
4,301088,117
4,301136,129
4,301140,130
4,301148,132
4,301156,134
4,301188,142
4,301240,5
4,301244,6
4,301248,7
4,301260,10
4,301280,15
4,301372,38
4,301376,39
4,301384,41
4,301388,42
4,301424,51
4,301440,55
4,301452,58
4,301504,71
4,301512,73
4,301520,75
4,301540,80
4,301548,82
4,301560,85
4,301564,86
4,301600,95
4,301604,96
4,301612,98
4,301616,99
4,301628,102
4,301644,106
4,301664,111
4,301668,112
4,301672,113
4,301676,114
4,301692,118
4,301700,120
4,301716,124
4,301724,126
4,301728,127
4,301792,143
4,301852,8
4,301872,13
4,301920,25
4,301932,28
4,301936,29
4,301940,30
4,301948,32
4,301956,34
4,301992,43
4,302004,46
4,302008,47
4,302020,50
4,302036,54
4,302044,56
4,302048,57
4,302064,61
4,302068,62
4,302096,69
4,302124,76
4,302128,77
4,302132,78
4,302136,79
4,302172,88
4,302192,93
4,302208,97
4,302236,104
4,302240,105
4,302252,108
4,302312,123
4,302340,130
4,302352,133
4,302372,138
4,302384,141
4,302388,142
4,302428,2
4,302436,4
4,302440,5
4,302456,9
4,302476,14
4,302600,45
4,302616,49
4,302632,53
4,302656,59
4,302660,60
4,302744,81
4,302752,83
4,302764,86
4,302776,89
4,302780,90
4,302788,92
4,302816,99
4,302876,114
4,302904,121
4,302920,125
4,302932,128
4,302964,136
4,303016,149
4,303020,0
4,303024,1
4,303032,3
4,303064,11
4,303068,12
4,303084,16
4,303120,25
4,303140,30
4,303212,48
4,303220,50
4,303228,52
4,303240,55
4,303252,58
4,303268,62
4,303276,64
4,303292,68
4,303340,80
4,303356,84
4,303368,87
4,303384,91
4,303424,101
4,303432,103
4,303540,130
4,303560,135
4,303588,142
4,303612,148
4,303640,5
4,303644,6
4,303648,7
4,303660,10
4,303688,17
4,303728,27
4,303768,37
4,303780,40
4,303796,44
4,303824,51
4,303844,56
4,303884,66
4,303888,67
4,303916,74
4,303920,75
4,303948,82
4,303960,85
4,303964,86
4,303996,94
4,304016,99
4,304076,114
4,304108,122
4,304116,124
4,304128,127
4,304136,129
4,304144,131
4,304148,132
4,304156,134
4,304180,140
4,304204,146
4,304316,24
4,304320,25
4,304340,30
4,304404,46
4,304408,47
4,304420,50
4,304436,54
4,304448,57
4,304468,62
4,304472,63
4,304480,65
4,304508,72
4,304524,76
4,304528,77
4,304532,78
4,304536,79
4,304572,88
4,304700,120
4,304724,126
4,304740,130
4,304768,137
4,304776,139
4,304788,142
4,304796,144
4,304808,147
4,304840,5
4,304852,8
4,304872,13
4,304892,18
4,304944,31
4,304952,33
4,304960,35
4,304964,36
4,304972,38
4,304976,39
4,304984,41
4,305000,45
4,305016,49
4,305032,53
4,305056,59
4,305100,70
4,305104,71
4,305112,73
4,305164,86
4,305216,99
4,305276,114
4,305280,115
4,305352,133
4,305400,145
4,305436,4
4,305476,14
4,305512,23
4,305520,25
4,305524,26
4,305540,30
4,305588,42
4,305612,48
4,305620,50
4,305640,55
4,305652,58
4,305668,62
4,305744,81
4,305752,83
4,305768,87
4,305776,89
4,305892,118
4,305896,119
4,305904,121
4,305912,123
4,305920,125
4,305940,130
4,305988,142
4,305992,143
4,306028,2
4,306040,5
4,306228,52
4,306264,61
4,306296,69
4,306340,80
4,306356,84
4,306364,86
4,306416,99
4,306476,114
4,306484,116
4,306488,117
4,306572,138
4,306720,25
4,306740,30
4,306748,32
4,306820,50
4,306824,51
4,306860,60
4,306868,62
4,307020,100
4,307060,110
4,307068,112
4,307072,113
4,307132,128
4,307140,130
4,307184,141
4,307188,142
4,307240,5
4,307256,9
4,307476,64
4,307488,67
4,307548,82
4,307564,86
4,307600,95
4,307640,105
4,307644,106
4,307656,109
5,307668,0
5,307672,1
5,307680,3
5,307712,11
5,307716,12
5,307744,19
5,307748,20
5,307752,21
5,307756,22
5,307768,25
5,307788,30
5,307804,34
5,307840,43
5,307852,46
5,307868,50
5,307884,54
5,307892,56
5,307896,57
5,307916,62
5,307968,75
5,308008,85
5,308020,88
5,308052,96
5,308060,98
5,308064,99
5,308076,102
5,308124,114
5,308156,122
5,308164,124
5,308176,127
5,308184,129
5,308204,134
5,308212,136
5,308288,5
5,308292,6
5,308296,7
5,308328,15
5,308380,28
5,308416,37
5,308428,40
5,308448,45
5,308456,47
5,308480,53
5,308532,66
5,308572,76
5,308576,77
5,308584,79
5,308612,86
5,308640,93
5,308684,104
5,308696,107
5,308700,108
5,308748,120
5,308772,126
5,308788,130
5,308792,131
5,308796,132
5,308800,133
5,308836,142
5,308864,149
5,308900,8
5,308908,10
5,308920,13
5,308932,16
5,308936,17
5,308940,18
5,308964,24
5,308968,25
5,308976,27
5,308984,29
5,308988,30
5,308992,31
5,309000,33
5,309008,35
5,309012,36
5,309020,38
5,309032,41
5,309036,42
5,309044,44
5,309060,48
5,309064,49
5,309068,50
5,309100,58
5,309104,59
5,309116,62
5,309180,78
5,309224,89
5,309228,90
5,309232,91
5,309236,92
5,309256,97
5,309264,99
5,309312,111
5,309324,114
5,309352,121
5,309452,146
5,309476,2
5,309484,4
5,309488,5
5,309504,9
5,309524,14
5,309560,23
5,309572,26
5,309596,32
5,309624,39
5,309672,51
5,309676,52
5,309688,55
5,309696,57
5,309740,68
5,309764,74
5,309788,80
5,309792,81
5,309796,82
5,309800,83
5,309804,84
5,309812,86
5,309816,87
5,309844,94
5,309872,101
5,309880,103
5,309960,123
5,309968,125
5,309980,128
5,309988,130
5,310008,135
5,310016,137
5,310028,140
5,310036,142
5,310044,144
5,310056,147
5,310060,148
5,310068,0
5,310072,1
5,310080,3
5,310096,7
5,310112,11
5,310116,12
5,310152,21
5,310156,22
5,310168,25
5,310188,30
5,310204,34
5,310216,37
5,310228,40
5,310240,43
5,310252,46
5,310256,47
5,310268,50
5,310284,54
5,310292,56
5,310316,62
5,310408,85
5,310420,88
5,310464,99
5,310524,114
5,310548,120
5,310556,122
5,310564,124
5,310572,126
5,310576,127
5,310584,129
5,310592,131
5,310600,133
5,310604,134
5,310688,5
5,310692,6
5,310700,8
5,310708,10
5,310728,15
5,310740,18
5,310744,19
5,310748,20
5,310780,28
5,310808,35
5,310836,42
5,310844,44
5,310848,45
5,310860,48
5,310864,49
5,310880,53
5,310904,59
5,310920,63
5,310928,65
5,310948,70
5,310952,71
5,310956,72
5,310960,73
5,310968,75
5,310972,76
5,310976,77
5,310984,79
5,311012,86
5,311024,89
5,311048,95
5,311068,100
5,311152,121
5,311188,130
5,311196,132
5,311224,139
5,311236,142
5,311276,2
5,311284,4
5,311304,9
5,311320,13
5,311324,14
5,311336,17
5,311364,24
5,311368,25
5,311376,27
5,311384,29
5,311388,30
5,311392,31
5,311400,33
5,311412,36
5,311420,38
5,311432,41
5,311468,50
5,311476,52
5,311500,58
5,311516,62
5,311580,78
5,311588,80
5,311660,98
5,311664,99
5,311676,102
5,311724,114
5,311760,123
5,311768,125
5,311780,128
5,311812,136
5,311820,138
5,311832,141
5,311840,143
5,311844,144
5,311848,145
5,311852,146
5,311864,149
5,311872,1
5,311880,3
5,311888,5
5,311912,11
5,311916,12
5,311932,16
5,311952,21
5,311960,23
5,311972,26
5,311996,32
5,312016,37
5,312024,39
5,312028,40
5,312072,51
5,312084,54
5,312088,55
5,312096,57
5,312112,61
5,312192,81
5,312196,82
5,312200,83
5,312204,84
5,312208,85
5,312212,86
5,312216,87
5,312240,93
5,312252,96
5,312328,115
5,312340,118
5,312364,124
5,312372,126
5,312388,130
5,312392,131
5,312404,134
5,312408,135
5,312416,137
5,312428,140
5,312436,142
5,312456,147
5,312460,148
5,312468,0
5,312492,6
5,312496,7
5,312508,10
5,312540,18
5,312556,22
5,312568,25
5,312588,30
5,312604,34
5,312608,35
5,312636,42
5,312640,43
5,312648,45
5,312652,46
5,312656,47
5,312660,48
5,312664,49
5,312668,50
5,312680,53
5,312692,56
5,312708,60
5,312716,62
5,312732,66
5,312744,69
5,312768,75
5,312772,76
5,312784,79
5,312820,88
5,312824,89
5,312864,99
5,312884,104
5,312888,105
5,312892,106
5,312896,107
5,312904,109
5,312908,110
5,312920,113
5,312924,114
5,312932,116
5,312936,117
5,312944,119
5,312948,120
5,312956,122
5,312976,127
5,312984,129
5,313000,133
5,313024,139
5,313076,2
5,313084,4
5,313088,5
5,313100,8
5,313104,9
5,313128,15
5,313144,19
5,313148,20
5,313176,27
5,313180,28
5,313244,44
5,313276,52
5,313300,58
5,313304,59
5,313324,64
5,313336,67
5,313376,77
5,313380,78
5,313388,80
5,313412,86
5,313428,90
5,313444,94
5,313480,103
5,313500,108
5,313512,111
5,313516,112
5,313552,121
5,313568,125
5,313588,130
5,313596,132
5,313612,136
5,313620,138
5,313632,141
5,313636,142
5,313640,143
5,313644,144
5,313648,145
5,313652,146
5,313664,149
5,313672,1
5,313680,3
5,313712,11
5,313716,12
5,313720,13
5,313724,14
5,313736,17
5,313760,23
5,313764,24
5,313768,25
5,313784,29
5,313788,30
5,313800,33
5,313812,36
5,313820,38
5,313832,41
5,313868,50
5,313916,62
5,313992,81
5,314000,83
5,314036,92
5,314056,97
5,314064,99
5,314124,114
5,314160,123
5,314180,128
5,314208,135
5,314228,140
5,314256,147
5,314260,148
5,314288,5
5,314296,7
5,314308,10
5,314332,16
5,314340,18
5,314352,21
5,314356,22
5,314372,26
5,314392,31
5,314396,32
5,314424,39
5,314428,40
5,314472,51
5,314484,54
5,314488,55
5,314496,57
5,314564,74
5,314572,76
5,314604,84
5,314608,85
5,314612,86
5,314616,87
5,314624,89
5,314688,105
5,314692,106
5,314696,107
5,314704,109
5,314708,110
5,314720,113
5,314728,115
5,314732,116
5,314736,117
5,314740,118
5,314744,119
5,314764,124
5,314772,126
5,314788,130
5,314792,131
5,314804,134
5,314816,137
5,314824,139
5,314836,142
5,314868,0
5,314892,6
5,314944,19
5,314948,20
5,314968,25
5,314976,27
5,314980,28
5,314988,30
5,315004,34
5,315008,35
5,315016,37
5,315036,42
5,315040,43
5,315048,45
5,315052,46
5,315056,47
5,315060,48
5,315064,49
5,315068,50
5,315080,53
5,315092,56
5,315116,62
5,315120,63
5,315128,65
5,315140,68
5,315148,70
5,315152,71
5,315156,72
5,315168,75
5,315184,79
5,315196,82
5,315220,88
5,315232,91
5,315264,99
5,315268,100
5,315272,101
5,315300,108
5,315312,111
5,315316,112
5,315324,114
5,315348,120
5,315384,129
5,315412,136
5,315420,138
5,315432,141
5,315440,143
5,315444,144
5,315448,145
5,315452,146
5,315464,149
5,315476,2
5,315484,4
5,315488,5
5,315500,8
5,315504,9
5,315528,15
5,315536,17
5,315560,23
5,315564,24
5,315584,29
5,315676,52
5,315700,58
5,315704,59
5,315760,73
5,315776,77
5,315780,78
5,315788,80
5,315812,86
5,315848,95
5,315860,98
5,315988,130
5,316000,133
5,316008,135
5,316028,140
5,316036,142
5,316056,147
5,316060,148
5,316072,1
5,316080,3
5,316112,11
5,316120,13
5,316132,16
5,316140,18
5,316148,20
5,316152,21
5,316156,22
5,316168,25
5,316172,26
5,316180,28
5,316188,30
5,316232,41
5,316244,44
5,316268,50
5,316308,60
5,316312,61
5,316316,62
5,316392,81
5,316464,99
5,316488,105
5,316492,106
5,316496,107
5,316504,109
5,316508,110
5,316512,111
5,316520,113
5,316524,114
5,316528,115
5,316532,116
5,316536,117
5,316540,118
5,316544,119
5,316552,121
5,316556,122
5,316576,127
5,316596,132
5,316688,5
5,316716,12
5,316724,14
5,316744,19
5,316776,27
5,316792,31
5,316800,33
5,316812,36
5,316820,38
5,316872,51
5,316884,54
5,316888,55
5,316896,57
5,316932,66
5,317000,83
5,317012,86
5,317024,89
5,317100,108
5,317116,112
5,317160,123
5,317168,125
5,317180,128
5,317188,130
5,317216,137
5,317224,139
5,317236,142
5,317296,7
5,317308,10
5,317328,15
5,317336,17
5,317360,23
5,317364,24
5,317368,25
5,317384,29
5,317388,30
5,317448,45
5,317452,46
5,317456,47
5,317460,48
5,317464,49
5,317468,50
5,317480,53
5,317516,62
5,317544,69
5,317572,76
5,317604,84
5,317608,85
5,317652,96
5,317664,99
5,317676,102
5,317724,114
5,317812,136
5,317820,138
5,317888,5
5,317932,16
5,317940,18
5,317944,19
5,317948,20
5,317952,21
5,317956,22
5,317972,26
5,317976,27
5,317980,28
5,317996,32
5,318028,40
5,318076,52
5,318092,56
5,318104,59
5,318136,67
5,318184,79
5,318196,82
5,318212,86
5,318216,87
5,318220,88
5,318284,104
5,318288,105
5,318292,106
5,318296,107
5,318304,109
5,318308,110
5,318312,111
5,318320,113
5,318328,115
5,318336,117
5,318344,119
5,318364,124
5,318388,130
5,318436,142
5,318440,143
5,318444,144
5,318448,145
5,318452,146
5,318460,148
5,318464,149
5,318468,0
5,318536,17
5,318568,25
5,318584,29
5,318588,30
5,318608,35
5,318616,37
5,318624,39
5,318636,42
5,318640,43
5,318668,50
5,318684,54
5,318700,58
5,318716,62
5,318724,64
5,318740,68
5,318780,78
5,318788,80
5,318864,99
5,318924,114
5,318932,116
5,318940,118
5,318972,126
5,318984,129
5,318992,131
5,319004,134
5,319008,135
5,319028,140
5,319032,141
5,319076,2
5,319088,5
5,319128,15
5,319160,23
5,319164,24
5,319204,34
5,319248,45
5,319252,46
5,319256,47
5,319264,49
5,319272,51
5,319280,53
5,319288,55
5,319296,57
5,319320,63
5,319328,65
5,319348,70
5,319356,72
5,319360,73
5,319364,74
5,319368,75
5,319412,86
5,319436,92
5,319500,108
5,319516,112
5,319548,120
5,319588,130
5,319600,133
5,319636,142
5,319656,147
5,319684,4
5,319692,6
5,319732,16
5,319740,18
5,319744,19
5,319752,21
5,319756,22
5,319768,25
5,319772,26
5,319776,27
5,319780,28
5,319788,30
5,319844,44
5,319860,48
5,319868,50
5,319876,52
5,319904,59
5,319916,62
5,319976,77
5,319992,81
5,320064,99
5,320068,100
5,320124,114
5,320128,115
5,320196,132
5,320272,1
5,320288,5
5,320300,8
5,320304,9
5,320328,15
5,320336,17
5,320348,20
5,320360,23
5,320364,24
5,320384,29
5,320412,36
5,320432,41
5,320484,54
5,320492,56
5,320500,58
5,320552,71
5,320600,83
5,320612,86
5,320624,89
5,320628,90
5,320640,93
5,320656,97
5,320688,105
5,320696,107
5,320712,111
5,320736,117
5,320744,119
5,320752,121
5,320756,122
5,320776,127
5,320788,130
5,320816,137
5,320824,139
5,320836,142
5,320912,11
5,320932,16
5,320944,19
5,320952,21
5,320956,22
5,320968,25
5,320976,27
5,320988,30
5,320992,31
5,320996,32
5,321000,33
5,321020,38
5,321028,40
5,321048,45
5,321052,46
5,321056,47
5,321064,49
5,321068,50
5,321072,51
5,321088,55
5,321096,57
5,321108,60
5,321112,61
5,321116,62
5,321132,66
5,321172,76
5,321244,94
5,321264,99
5,321292,106
5,321304,109
5,321308,110
5,321320,113
5,321324,114
5,321360,123
5,321368,125
5,321380,128
5,321412,136
5,321480,3
5,321488,5
5,321540,18
5,321548,20
5,321564,24
5,321572,26
5,321580,28
5,321584,29
5,321660,48
5,321676,52
5,321680,53
5,321704,59
5,321784,79
5,321804,84
5,321808,85
5,321812,86
5,321820,88
5,321880,103
5,321932,116
5,321964,124
5,321984,129
5,321988,130
5,321992,131
5,322004,134
5,322020,138
5,322036,142
5,322040,143
5,322048,145
5,322052,146
5,322060,148
5,322064,149
5,322120,13
5,322128,15
5,322132,16
5,322136,17
5,322144,19
5,322152,21
5,322156,22
5,322160,23
5,322168,25
5,322176,27
5,322188,30
5,322208,35
5,322224,39
5,322236,42
5,322268,50
5,322284,54
5,322292,56
5,322296,57
5,322300,58
5,322316,62
5,322324,64
5,322340,68
5,322344,69
5,322380,78
5,322388,80
5,322396,82
5,322416,87
5,322460,98
5,322464,99
5,322524,114
5,322540,118
5,322548,120
5,322572,126
5,322596,132
5,322600,133
5,322608,135
5,322628,140
5,322632,141
5,322644,144
5,322688,5
5,322748,20
5,322772,26
5,322804,34
5,322816,37
5,322840,43
5,322848,45
5,322852,46
5,322856,47
5,322864,49
5,322872,51
5,322888,55
5,322936,67
5,322968,75
5,322976,77
5,322992,81
5,323012,86
5,323032,91
5,323048,95
5,323052,96
5,323072,101
5,323100,108
5,323116,112
5,323152,121
5,323156,122
5,323168,125
5,323188,130
5,323224,139
5,323236,142
5,323256,147
5,323340,18
5,323364,24
5,323368,25
5,323380,28
5,323384,29
5,323388,30
5,323412,36
5,323444,44
5,323460,48
5,323468,50
5,323476,52
5,323480,53
5,323504,59
5,323516,62
5,323520,63
5,323528,65
5,323548,70
5,323560,73
5,323572,76
5,323600,83
5,323624,89
5,323664,99
5,323676,102
5,323724,114
5,323760,123
5,323776,127
5,323780,128
5,323888,5
5,323928,15
5,323932,16
5,323936,17
5,323944,19
5,323948,20
5,323952,21
5,323956,22
5,323960,23
5,323972,26
5,323976,27
5,324032,41
5,324064,49
5,324084,54
5,324092,56
5,324096,57
5,324100,58
5,324152,71
5,324156,72
5,324164,74
5,324188,80
5,324208,85
5,324212,86
5,324220,88
5,324268,100
5,324284,104
5,324348,120
5,324364,124
5,324372,126
5,324384,129
5,324388,130
5,324392,131
5,324396,132
5,324400,133
5,324404,134
5,324412,136
5,324416,137
5,324436,142
5,324440,143
5,324448,145
5,324460,148
5,324516,12
5,324540,18
5,324564,24
5,324568,25
5,324580,28
5,324584,29
5,324588,30
5,324592,31
5,324600,33
5,324620,38
5,324628,40
5,324648,45
5,324652,46
5,324656,47
5,324668,50
5,324672,51
5,324688,55
5,324704,59
5,324708,60
5,324712,61
5,324716,62
5,324768,75
5,324780,78
5,324784,79
5,324796,82
5,324804,84
5,324816,87
5,324836,92
5,324840,93
5,324856,97
5,324864,99
5,324924,114
5,324928,115
5,324936,117
5,324952,121
5,324956,122
5,324968,125
5,325008,135
5,325020,138
5,325028,140
5,325032,141
5,325044,144
5,325052,146
5,325064,149
5,325088,5
5,325124,14
5,325160,23
5,325196,32
5,325208,35
5,325224,39
5,325236,42
5,325260,48
5,325276,52
5,325280,53
5,325324,64
5,325332,66
5,325340,68
5,325344,69
5,325376,77
5,325392,81
5,325412,86
5,325428,90
5,325432,91
5,325444,94
5,325452,96
5,325460,98
5,325480,103
5,325488,105
5,325492,106
5,325496,107
5,325508,110
5,325512,111
5,325520,113
5,325544,119
5,325560,123
5,325576,127
5,325580,128
5,325588,130
5,325624,139
5,325636,142
5,325656,147
5,325728,15
5,325732,16
5,325736,17
5,325744,19
5,325748,20
5,325752,21
5,325756,22
5,325768,25
5,325772,26
5,325776,27
5,325788,30
5,325804,34
5,325840,43
5,325864,49
5,325868,50
5,325884,54
5,325892,56
5,325896,57
5,325900,58
5,325916,62
5,325920,63
5,325936,67
5,325948,70
5,325956,72
5,325960,73
5,325972,76
5,325988,80
5,326000,83
5,326024,89
5,326048,95
5,326064,99
5,326072,101
5,326124,114
5,326148,120
5,326164,124
5,326172,126
5,326184,129
5,326192,131
5,326196,132
5,326200,133
5,326204,134
5,326212,136
5,326240,143
5,326248,145
5,326260,148
5,326288,5
5,326340,18
5,326360,23
5,326364,24
5,326380,28
5,326384,29
5,326412,36
5,326416,37
5,326432,41
5,326444,44
5,326452,46
5,326456,47
5,326472,51
5,326488,55
5,326504,59
5,326512,61
5,326528,65
5,326552,71
5,326564,74
5,326608,85
5,326612,86
5,326620,88
5,326668,100
5,326676,102
5,326684,104
5,326752,121
5,326756,122
5,326768,125
5,326788,130
5,326816,137
5,326820,138
5,326828,140
5,326832,141
5,326836,142
5,326844,144
5,326852,146
5,326864,149
5,326928,15
5,326932,16
5,326936,17
5,326944,19
5,326948,20
5,326952,21
5,326956,22
5,326968,25
5,326972,26
5,326976,27
5,326988,30
5,326992,31
5,327000,33
5,327020,38
5,327048,45
5,327060,48
5,327068,50
5,327076,52
5,327080,53
5,327108,60
5,327116,62
5,327168,75
5,327176,77
5,327180,78
5,327184,79
5,327196,82
5,327204,84
5,327216,87
5,327236,92
5,327240,93
5,327256,97
5,327264,99
5,327300,108
5,327304,109
5,327324,114
5,327332,116
5,327340,118
5,327360,123
5,327376,127
5,327380,128
5,327408,135
5,327424,139
5,327488,5
5,327496,7
5,327540,18
5,327560,23
5,327564,24
5,327580,28
5,327584,29
5,327596,32
5,327608,35
5,327624,39
5,327628,40
5,327636,42
5,327720,63
5,327724,64
5,327732,66
5,327736,67
5,327740,68
5,327744,69
5,327748,70
5,327756,72
5,327760,73
5,327812,86
5,327828,90
5,327832,91
5,327844,94
5,327852,96
5,327860,98
5,327880,103
5,327948,120
5,327964,124
5,327972,126
5,327984,129
5,327988,130
5,327992,131
5,327996,132
5,328000,133
5,328004,134
5,328012,136
5,328036,142
5,328040,143
5,328048,145
5,328056,147
5,328060,148
5,328128,15
5,328132,16
5,328136,17
5,328144,19
5,328148,20
5,328152,21
5,328156,22
5,328168,25
5,328172,26
5,328176,27
5,328188,30
5,328204,34
5,328216,37
5,328232,41
5,328240,43
5,328264,49
5,328268,50
5,328284,54
5,328292,56
5,328296,57
5,328300,58
5,328312,61
5,328316,62
5,328328,65
5,328352,71
5,328364,74
5,328388,80
5,328392,81
5,328400,83
5,328424,89
5,328448,95
5,328464,99
5,328472,101
5,328516,112
5,328524,114
5,328552,121
5,328556,122
5,328568,125
5,328616,137
5,328620,138
5,328628,140
5,328632,141
5,328644,144
5,328652,146
5,328664,149
5,328688,5
5,328740,18
5,328760,23
5,328764,24
5,328780,28
5,328784,29
5,328792,31
5,328812,36
5,328820,38
5,328844,44
5,328856,47
5,328872,51
5,328904,59
5,328908,60
5,328948,70
5,328972,76
5,329008,85
5,329012,86
5,329068,100
5,329076,102
5,329084,104
5,329112,111
5,329128,115
5,329136,117
5,329160,123
5,329176,127
5,329180,128
5,329188,130
5,329208,135
5,329224,139
5,329236,142
5,329368,25
5,329388,30
5,329396,32
5,329400,33
5,329408,35
5,329424,39
5,329436,42
5,329452,46
5,329468,50
5,329488,55
5,329516,62
5,329520,63
5,329524,64
5,329532,66
5,329536,67
5,329540,68
5,329544,69
5,329556,72
5,329560,73
5,329596,82
5,329604,84
5,329620,88
5,329636,92
5,329640,93
5,329656,97
5,329664,99
5,329680,103
5,329724,114
5,329748,120
5,329764,124
5,329772,126
5,329784,129
5,329792,131
5,329796,132
5,329800,133
5,329804,134
5,329812,136
5,329840,143
5,329848,145
5,329856,147
5,329888,5
5,329928,15
5,329932,16
5,329936,17
5,329940,18
5,329944,19
5,329948,20
5,329952,21
5,329956,22
5,329972,26
5,329976,27
5,330004,34
5,330016,37
5,330028,40
5,330032,41
5,330040,43
5,330076,52
5,330112,61
5,330128,65
5,330152,71
5,330164,74
5,330176,77
5,330184,79
5,330212,86
5,330216,87
5,330228,90
5,330232,91
5,330244,94
5,330252,96
5,330260,98
5,330288,105
5,330292,106
5,330296,107
5,330308,110
5,330320,113
5,330344,119
5,330352,121
5,330356,122
5,330368,125
5,330388,130
5,330420,138
5,330432,141
5,330436,142
5,330460,148
5,330560,23
5,330564,24
5,330568,25
5,330580,28
5,330584,29
5,330588,30
5,330592,31
5,330612,36
5,330620,38
5,330644,44
5,330660,48
5,330668,50
5,330680,53
5,330708,60
5,330716,62
5,330748,70
5,330768,75
5,330780,78
5,330848,95
5,330864,99
5,330872,101
5,330900,108
5,330904,109
5,330924,114
5,330932,116
5,330960,123
5,330976,127
5,330980,128
5,331016,137
5,331028,140
5,331044,144
5,331052,146
5,331064,149
5,331088,5
5,331108,10
5,331132,16
5,331136,17
5,331148,20
5,331156,22
5,331172,26
5,331176,27
5,331196,32
5,331200,33
5,331208,35
5,331224,39
5,331236,42
5,331248,45
5,331320,63
5,331324,64
5,331332,66
5,331336,67
5,331340,68
5,331344,69
5,331356,72
5,331360,73
5,331364,74
5,331392,81
5,331412,86
5,331424,89
5,331468,100
5,331484,104
5,331540,118
5,331548,120
5,331564,124
5,331572,126
5,331584,129
5,331588,130
5,331592,131
5,331596,132
5,331600,133
5,331604,134
5,331608,135
5,331612,136
5,331624,139
5,331636,142
5,331640,143
5,331648,145
5,331668,0
5,331728,15
5,331740,18
5,331744,19
5,331752,21
5,331768,25
5,331788,30
5,331804,34
5,331816,37
5,331828,40
5,331832,41
5,331840,43
5,331868,50
5,331912,61
5,331916,62
5,331928,65
5,331952,71
5,332036,92
5,332040,93
5,332044,94
5,332056,97
5,332064,99
5,332076,102
5,332080,103
5,332116,112
5,332124,114
5,332152,121
5,332156,122
5,332168,125
5,332256,147
5,332288,5
5,332348,20
5,332360,23
5,332364,24
5,332380,28
5,332384,29
5,332392,31
5,332412,36
5,332420,38
5,332548,70
5,332588,80
5,332600,83
5,332612,86
5,332628,90
5,332632,91
5,332652,96
5,332660,98
5,332712,111
5,332720,113
5,332728,115
5,332736,117
5,332760,123
5,332780,128
5,332788,130
5,332820,138
5,332836,142
5,332860,148
5,332900,8
5,332928,15
5,332932,16
5,332936,17
5,332944,19
5,332952,21
5,332956,22
5,332968,25
5,332972,26
5,332976,27
5,332988,30
5,333000,33
5,333008,35
5,333024,39
5,333036,42
5,333044,44
5,333068,50
5,333108,60
5,333116,62
5,333132,66
5,333140,68
5,333208,85
5,333248,95
5,333264,99
5,333272,101
5,333288,105
5,333292,106
5,333296,107
5,333300,108
5,333304,109
5,333308,110
5,333324,114
5,333344,119
5,333348,120
5,333364,124
5,333376,127
5,333416,137
5,333428,140
5,333432,141
5,333444,144
5,333464,149
5,333484,4
5,333488,5
5,333540,18
5,333548,20
5,333560,23
5,333564,24
5,333584,29
5,333596,32
5,333604,34
5,333616,37
5,333628,40
5,333632,41
5,333640,43
5,333736,67
5,333744,69
5,333764,74
5,333812,86
5,333856,97
5,333868,100
5,333880,103
5,333884,104
5,333932,116
5,333972,126
5,333984,129
5,333988,130
5,333992,131
5,333996,132
5,334000,133
5,334004,134
5,334036,142
5,334052,146
5,334072,1
5,334076,2
5,334092,6
5,334128,15
5,334136,17
5,334144,19
5,334152,21
5,334156,22
5,334168,25
5,334180,28
5,334188,30
5,334192,31
5,334212,36
5,334220,38
5,334268,50
5,334296,57
5,334300,58
5,334316,62
5,334324,64
5,334328,65
5,334352,71
5,334356,72
5,334360,73
5,334372,76
5,334396,82
5,334404,84
5,334420,88
5,334428,90
5,334436,92
5,334440,93
5,334444,94
5,334460,98
5,334464,99
5,334476,102
5,334524,114
5,334552,121
5,334556,122
5,334688,5
5,334732,16
5,334740,18
5,334760,23
5,334764,24
5,334772,26
5,334776,27
5,334800,33
5,334808,35
5,334824,39
5,334836,42
5,334844,44
5,334892,56
5,334912,61
5,334920,63
5,334948,70
5,334984,79
5,335012,86
5,335016,87
5,335032,91
5,335052,96
5,335072,101
5,335112,111
5,335116,112
5,335120,113
5,335128,115
5,335136,117
5,335140,118
5,335160,123
5,335168,125
5,335180,128
5,335188,130
5,335208,135
5,335212,136
5,335224,139
5,335236,142
5,335240,143
5,335248,145
5,335304,9
5,335348,20
5,335368,25
5,335384,29
5,335388,30
5,335396,32
5,335404,34
5,335416,37
5,335428,40
5,335432,41
5,335440,43
5,335468,50
5,335516,62
5,335580,78
5,335648,95
5,335664,99
5,335668,100
5,335680,103
5,335724,114
5,335748,120
5,335776,127
5,335856,147
5,335860,148
5,335880,3
5,335888,5
5,335912,11
5,335920,13
5,335928,15
5,335936,17
5,335944,19
5,335952,21
5,335980,28
5,335992,31
5,336012,36
5,336020,38
5,336064,49
5,336132,66
5,336168,75
5,336176,77
5,336212,86
5,336228,90
5,336236,92
5,336240,93
5,336244,94
5,336256,97
5,336260,98
5,336276,102
5,336284,104
5,336288,105
5,336292,106
5,336300,108
5,336304,109
5,336344,119
5,336364,124
5,336388,130
5,336420,138
5,336436,142
5,336496,7
5,336516,12
5,336532,16
5,336540,18
5,336556,22
5,336560,23
5,336564,24
5,336568,25
5,336572,26
5,336576,27
5,336588,30
5,336600,33
5,336624,39
5,336636,42
5,336644,44
5,336668,50
5,336684,54
5,336708,60
5,336716,62
5,336740,68
5,336792,81
5,336824,89
5,336832,91
5,336852,96
5,336864,99
5,336872,101
5,336896,107
5,336908,110
5,336924,114
5,336932,116
5,336972,126
5,336984,129
5,336992,131
5,336996,132
5,337000,133
5,337004,134
5,337016,137
5,337044,144
5,337088,5
5,337124,14
5,337148,20
5,337184,29
5,337196,32
5,337204,34
5,337208,35
5,337216,37
5,337228,40
5,337232,41
5,337240,43
5,337272,51
5,337288,55
5,337304,59
5,337328,65
5,337336,67
5,337344,69
5,337356,72
5,337364,74
5,337400,83
5,337412,86
5,337448,95
5,337468,100
5,337480,103
5,337520,113
5,337556,122
5,337588,130
5,337628,140
5,337632,141
5,337636,142
5,337652,146
5,337664,149
5,337668,0
5,337708,10
5,337728,15
5,337736,17
5,337744,19
5,337752,21
5,337768,25
5,337780,28
5,337788,30
5,337812,36
5,337820,38
5,337856,47
5,337868,50
5,337876,52
5,337880,53
5,337916,62
5,337948,70
5,337988,80
5,338008,85
5,338020,88
5,338028,90
5,338036,92
5,338040,93
5,338044,94
5,338056,97
5,338060,98
5,338064,99
5,338076,102
5,338084,104
5,338112,111
5,338124,114
5,338128,115
5,338136,117
5,338152,121
5,338160,123
5,338168,125
5,338180,128
5,338272,1
5,338276,2
5,338284,4
5,338288,5
5,338292,6
5,338300,8
5,338332,16
5,338340,18
5,338356,22
5,338360,23
5,338364,24
5,338372,26
5,338376,27
5,338392,31
5,338400,33
5,338424,39
5,338436,42
5,338444,44
5,338452,46
5,338524,64
5,338552,71
5,338560,73
5,338572,76
5,338604,84
5,338612,86
5,338632,91
5,338652,96
5,338672,101
5,338688,105
5,338692,106
5,338704,109
5,338740,118
5,338776,127
5,338788,130
5,338836,142
5,338880,3
5,338912,11
5,338916,12
5,338948,20
5,338968,25
5,338984,29
5,338988,30
5,338996,32
5,339004,34
5,339008,35
5,339016,37
5,339028,40
5,339032,41
5,339040,43
5,339048,45
5,339060,48
5,339068,50
5,339112,61
5,339116,62
5,339120,63
5,339168,75
5,339180,78
5,339196,82
5,339216,87
5,339236,92
5,339248,95
5,339264,99
5,339268,100
5,339280,103
5,339296,107
5,339300,108
5,339308,110
5,339316,112
5,339324,114
5,339332,116
5,339344,119
5,339348,120
5,339424,139
5,339460,148
5,339488,5
5,339496,7
5,339504,9
5,339520,13
5,339524,14
5,339536,17
5,339544,19
5,339552,21
5,339580,28
5,339612,36
5,339620,38
5,339692,56
5,339776,77
5,339784,79
5,339792,81
5,339812,86
5,339824,89
5,339828,90
5,339840,93
5,339844,94
5,339856,97
5,339860,98
5,339876,102
5,339884,104
5,339964,124
5,339984,129
5,339988,130
5,339992,131
5,340000,133
5,340004,134
5,340008,135
5,340012,136
5,340036,142
5,340040,143
5,340048,145
5,340056,147
5,340068,0
5,340084,4
5,340108,10
5,340128,15
5,340132,16
5,340140,18
5,340156,22
5,340160,23
5,340168,25
5,340172,26
5,340176,27
5,340188,30
5,340200,33
5,340264,49
5,340268,50
5,340272,51
5,340280,53
5,340284,54
5,340288,55
5,340296,57
5,340300,58
5,340304,59
5,340308,60
5,340316,62
5,340388,80
5,340400,83
5,340408,85
5,340432,91
5,340452,96
5,340464,99
5,340472,101
5,340520,113
5,340524,114
5,340536,117
5,340572,126
5,340596,132
5,340620,138
5,340644,144
5,340672,1
5,340676,2
5,340680,3
5,340688,5
5,340692,6
5,340700,8
5,340712,11
5,340716,12
5,340748,20
5,340764,24
5,340792,31
5,340824,39
5,340836,42
5,340844,44
5,340852,46
5,340856,47
5,340876,52
5,340932,66
5,340944,69
5,340964,74
5,340968,75
5,340972,76
5,340996,82
5,341004,84
5,341012,86
5,341016,87
5,341020,88
5,341048,95
5,341068,100
5,341080,103
5,341088,105
5,341092,106
5,341104,109
5,341112,111
5,341128,115
5,341140,118
5,341152,121
5,341156,122
5,341160,123
5,341168,125
5,341180,128
5,341188,130
5,341216,137
5,341236,142
5,341296,7
5,341304,9
5,341336,17
5,341344,19
5,341368,25
5,341380,28
5,341384,29
5,341388,30
5,341396,32
5,341404,34
5,341408,35
5,341416,37
5,341428,40
5,341432,41
5,341440,43
5,341448,45
5,341460,48
5,341468,50
5,341516,62
5,341528,65
5,341536,67
5,341548,70
5,341576,77
5,341580,78
5,341584,79
5,341624,89
5,341636,92
5,341664,99
5,341700,108
5,341708,110
5,341724,114
5,341732,116
5,341744,119
5,341748,120
5,341776,127
5,341828,140
5,341864,149
5,341868,0
5,341884,4
5,341888,5
5,341908,10
5,341920,13
5,341924,14
5,341940,18
5,341952,21
5,341960,23
5,341976,27
5,342064,49
5,342072,51
5,342080,53
5,342084,54
5,342092,56
5,342096,57
5,342100,58
5,342104,59
5,342192,81
5,342200,83
5,342208,85
5,342212,86
5,342228,90
5,342256,97
5,342276,102
5,342284,104
5,342296,107
5,342316,112
5,342364,124
5,342372,126
5,342384,129
5,342388,130
5,342392,131
5,342400,133
5,342404,134
5,342432,141
5,342436,142
5,342460,148
5,342472,1
5,342476,2
5,342480,3
5,342492,6
5,342500,8
5,342512,11
5,342516,12
5,342528,15
5,342532,16
5,342556,22
5,342568,25
5,342572,26
5,342588,30
5,342620,38
5,342652,46
5,342656,47
5,342668,50
5,342676,52
5,342688,55
5,342716,62
5,342720,63
5,342740,68
5,342752,71
5,342756,72
5,342760,73
5,342768,75
5,342772,76
5,342788,80
5,342796,82
5,342804,84
5,342816,87
5,342820,88
5,342840,93
5,342844,94
5,342860,98
5,342864,99
5,342904,109
5,342920,113
5,342924,114
5,342936,117
5,342952,121
5,342956,122
5,342960,123
5,342968,125
5,342980,128
5,342996,132
5,343052,146
5,343088,5
5,343148,20
5,343164,24
5,343200,33
5,343248,45
5,343260,48
5,343324,64
5,343376,77
5,343380,78
5,343384,79
5,343412,86
5,343424,89
5,343488,105
5,343492,106
5,343512,111
5,343528,115
5,343540,118
5,343548,120
5,343576,127
5,343588,130
5,343612,136
5,343624,139
5,343636,142
5,343656,147
5,343696,7
5,343704,9
5,343708,10
5,343720,13
5,343736,17
5,343768,25
5,343780,28
5,343784,29
5,343788,30
5,343864,49
5,343868,50
5,343872,51
5,343880,53
5,343884,54
5,343892,56
5,343896,57
5,343900,58
5,343912,61
5,343916,62
5,343992,81
5,344000,83
5,344008,85
5,344064,99
5,344100,108
5,344124,114
5,344132,116
5,344164,124
5,344172,126
5,344184,129
5,344192,131
5,344200,133
5,344204,134
5,344208,135
5,344220,138
5,344240,143
5,344248,145
5,344268,0
5,344284,4
5,344288,5
5,344324,14
5,344340,18
5,344352,21
5,344360,23
5,344424,39
5,344452,46
5,344456,47
5,344476,52
5,344488,55
5,344504,59
5,344508,60
5,344548,70
5,344568,75
5,344588,80
5,344604,84
5,344612,86
5,344616,87
5,344620,88
5,344672,101
5,344696,107
5,344708,110
5,344716,112
5,344744,119
5,344752,121
5,344756,122
5,344760,123
5,344768,125
5,344780,128
5,344788,130
5,344796,132
5,344816,137
5,344828,140
5,344836,142
5,344844,144
5,344916,12
5,344944,19
5,344968,25
5,344988,30
5,345012,36
5,345068,50
5,345116,62
5,345132,66
5,345172,76
5,345196,82
5,345304,109
5,345320,113
5,345324,114
5,345336,117
5,345460,148
5,345464,149
5,345480,3
5,345488,5
5,345512,11
5,345648,45
5,345728,65
5,345764,74
5,345776,77
5,345784,79
5,345812,86
5,345864,99
5,345888,105
5,345892,106
6,345940,6
6,345948,8
6,346016,25
6,346024,27
6,346036,30
6,346040,31
6,346064,37
6,346084,42
6,346092,44
6,346108,48
6,346112,49
6,346116,50
6,346140,56
6,346164,62
6,346272,89
6,346280,91
6,346436,130
6,346484,142
6,346520,1
6,346524,2
6,346536,5
6,346580,16
6,346620,26
6,346644,32
6,346652,34
6,346656,35
6,346676,40
6,346680,41
6,346720,51
6,346724,52
6,346728,53
6,346732,54
6,346744,57
6,346748,58
6,346792,69
6,346828,78
6,346860,86
6,346900,96
6,346912,99
6,346972,114
6,346988,118
6,347024,127
6,347216,25
6,347236,30
6,347288,43
6,347316,50
6,347364,62
6,347456,85
6,347560,111
6,347636,130
6,347680,141
6,347684,142
6,347736,5
6,347868,38
6,347900,46
6,347936,55
6,347952,59
6,348060,86
6,348112,99
6,348172,114
6,348416,25
6,348436,30
6,348448,33
6,348460,36
6,348472,39
6,348496,45
6,348504,47
6,348516,50
6,348564,62
6,348648,83
6,348776,115
6,348780,116
6,348796,120
6,348812,124
6,348820,126
6,348832,129
6,348836,130
6,348848,133
6,348852,134
6,348884,142
6,348936,5
6,348968,13
6,349040,31
6,349064,37
6,349092,44
6,349108,48
6,349112,49
6,349140,56
6,349172,64
6,349200,71
6,349204,72
6,349208,73
6,349236,80
6,349240,81
6,349252,84
6,349260,86
6,349268,88
6,349296,95
6,349312,99
6,349316,100
6,349328,103
6,349348,108
6,349372,114
6,349440,131
6,349444,132
6,349500,146
6,349552,9
6,349556,10
6,349576,15
6,349616,25
6,349636,30
6,349684,42
6,349716,50
6,349724,52
6,349748,58
6,349760,61
6,349764,62
6,349768,63
6,349784,67
6,349788,68
6,349820,76
6,349844,82
6,349864,87
6,350004,122
6,350008,123
6,350036,130
6,350084,142
6,350136,5
6,350196,20
6,350204,22
6,350232,29
6,350276,40
6,350320,51
6,350328,53
6,350416,75
6,350424,77
6,350432,79
6,350460,86
6,350512,99
6,350572,114
6,350600,121
6,350616,125
6,350628,128
6,350660,136
6,350816,25
6,350836,30
6,350844,32
6,350852,34
6,350856,35
6,350888,43
6,350916,50
6,350932,54
6,350944,57
6,350952,59
6,350964,62
6,350996,70
6,351104,97
6,351124,102
6,351144,107
6,351236,130
6,351284,142
6,351304,147
6,351316,0
6,351336,5
6,351344,7
6,351360,11
6,351468,38
6,351480,41
6,351500,46
6,351536,55
6,351656,85
6,351660,86
6,351672,89
6,351676,90
6,351684,92
6,351692,94
6,351712,99
6,351756,110
6,351772,114
6,351792,119
6,351872,139
6,351888,143
6,351932,4
6,351940,6
6,352016,25
6,352036,30
6,352060,36
6,352096,45
6,352104,47
6,352116,50
6,352156,60
6,352164,62
6,352180,66
6,352192,69
6,352212,74
6,352228,78
6,352308,98
6,352320,101
6,352352,109
6,352364,112
6,352368,113
6,352388,118
6,352424,127
6,352436,130
6,352456,135
6,352484,142
6,352496,145
6,352524,2
6,352528,3
6,352536,5
6,352548,8
6,352564,12
6,352572,14
6,352612,24
6,352648,33
6,352708,48
6,352712,49
6,352740,56
6,352776,65
6,352820,76
6,352836,80
6,352840,81
6,352848,83
6,352852,84
6,352860,86
6,352912,99
6,352936,105
6,352972,114
6,352996,120
6,353012,124
6,353048,133
6,353120,1
6,353168,13
6,353200,21
6,353216,25
6,353236,30
6,353264,37
6,353272,39
6,353316,50
6,353324,52
6,353348,58
6,353364,62
6,353404,72
6,353408,73
6,353416,75
6,353444,82
6,353464,87
6,353468,88
6,353532,104
6,353580,116
6,353584,117
6,353608,123
6,353632,129
6,353636,130
6,353640,131
6,353644,132
6,353664,137
6,353676,140
6,353684,142
6,353736,5
6,353784,17
6,353828,28
6,353928,53
6,353988,68
6,354024,77
6,354060,86
6,354072,89
6,354112,99
6,354172,114
6,354204,122
6,354216,125
6,354220,126
6,354252,134
6,354268,138
6,354356,10
6,354408,23
6,354416,25
6,354436,30
6,354440,31
6,354456,35
6,354476,40
6,354492,44
6,354516,50
6,354520,51
6,354532,54
6,354560,61
6,354564,62
6,354568,63
6,354584,67
6,354600,71
6,354632,79
6,354656,85
6,354688,93
6,354740,106
6,354748,108
6,354760,111
6,354776,115
6,354800,121
6,354828,128
6,354836,130
6,354884,142
6,354912,149
6,354936,5
6,354952,9
6,354960,11
6,355144,57
6,355152,59
6,355172,64
6,355228,78
6,355260,86
6,355280,91
6,355312,99
6,355344,107
6,355356,110
6,355372,114
6,355392,119
6,355492,144
6,355516,0
6,355540,6
6,355544,7
6,355592,19
6,355616,25
6,355636,30
6,355652,34
6,355680,41
6,355684,42
6,355688,43
6,355716,50
6,355736,55
6,355756,60
6,355764,62
6,355796,70
6,355820,76
6,355852,84
6,355936,105
6,355964,112
6,355968,113
6,355984,117
6,355988,118
6,356024,127
6,356036,130
6,356080,141
6,356084,142
6,356124,2
6,356128,3
6,356132,4
6,356136,5
6,356164,12
6,356172,14
6,356224,27
6,356392,69
6,356412,74
6,356416,75
6,356436,80
6,356440,81
6,356448,83
6,356460,86
6,356512,99
6,356552,109
6,356572,114
6,356580,116
6,356596,120
6,356612,124
6,356648,133
6,356700,146
6,356708,148
6,356720,1
6,356816,25
6,356836,30
6,356844,32
6,356860,36
6,356896,45
6,356900,46
6,356916,50
6,356964,62
6,357064,87
6,357100,96
6,357176,115
6,357236,130
6,357240,131
6,357260,136
6,357284,142
6,357288,143
6,357336,5
6,357348,8
6,357376,15
6,357468,38
6,357512,49
6,357580,66
6,357608,73
6,357660,86
6,357668,88
6,357712,99
6,357740,106
6,357744,107
6,357748,108
6,357756,110
6,357760,111
6,357772,114
6,357804,122
6,357816,125
6,357832,129
6,357872,139
6,357956,10
6,357968,13
6,358016,25
6,358036,30
6,358104,47
6,358116,50
6,358164,62
6,358172,64
6,358176,65
6,358188,68
6,358200,71
6,358204,72
6,358224,77
6,358244,82
6,358272,89
6,358316,100
6,358364,112
6,358368,113
6,358380,116
6,358384,117
6,358388,118
6,358392,119
6,358420,126
6,358436,130
6,358444,132
6,358464,137
6,358476,140
6,358484,142
6,358496,145
6,358504,147
6,358512,149
6,358536,5
6,358540,6
6,358552,9
6,358560,11
6,358580,16
6,358588,18
6,358604,22
6,358620,26
6,358648,33
6,358664,37
6,358672,39
6,358676,40
6,358708,48
6,358724,52
6,358740,56
6,358760,61
6,358768,63
6,358784,67
6,358832,79
6,358860,86
6,358912,99
6,358936,105
6,358952,109
6,358972,114
6,358976,115
6,359000,121
6,359008,123
6,359028,128
6,359052,134
6,359056,135
6,359068,138
6,359092,144
6,359116,0
6,359124,2
6,359128,3
6,359144,7
6,359164,12
6,359172,14
6,359216,25
6,359236,30
6,359240,31
6,359252,34
6,359256,35
6,359280,41
6,359284,42
6,359292,44
6,359316,50
6,359320,51
6,359328,53
6,359332,54
6,359348,58
6,359356,60
6,359364,62
6,359396,70
6,359420,76
6,359456,85
6,359540,106
6,359544,107
6,359548,108
6,359556,110
6,359560,111
6,359596,120
6,359612,124
6,359624,127
6,359636,130
6,359680,141
6,359684,142
6,359720,1
6,359732,4
6,359736,5
6,359748,8
6,359944,57
6,359992,69
6,360012,74
6,360028,78
6,360052,84
6,360060,86
6,360112,99
6,360172,114
6,360232,129
6,360240,131
6,360288,143
6,360308,148
6,360356,10
6,360416,25
6,360436,30
6,360516,50
6,360564,62
6,360676,90
6,360768,113
6,360780,116
6,360784,117
6,360788,118
6,360792,119
6,360804,122
6,360836,130
6,360848,133
6,360860,136
6,360884,142
6,360900,146
6,360936,5
6,361188,68
6,361204,72
6,361208,73
6,361216,75
6,361240,81
6,361260,86
6,361304,97
6,361312,99
6,361324,102
6,361328,103
6,361364,112
6,361372,114
6,361416,125
6,361568,13
6,361616,25
6,361636,30
6,361716,50
6,361764,62
6,361800,71
6,361836,80
6,361848,83
6,361868,88
6,361872,89
6,361908,98
6,361920,101
6,361936,105
6,361952,109
6,361976,115
6,362036,130
6,362064,137
6,362072,139
6,362084,142
6,362136,5
6,362140,6
6,362152,9
6,362160,11
6,362212,24
6,362232,29
6,362244,32
6,362260,36
6,362268,38
6,362288,43
6,362312,49
6,362352,59
6,362360,61
6,362368,63
6,362372,64
6,362376,65
6,362380,66
6,362384,67
6,362460,86
6,362464,87
6,362492,94
6,362496,95
6,362512,99
6,362540,106
6,362544,107
6,362548,108
6,362556,110
6,362560,111
6,362572,114
6,362584,117
6,362592,119
6,362600,121
6,362620,126
6,362644,132
6,362652,134
6,362668,138
6,362676,140
6,362692,144
6,362696,145
6,362704,147
6,362712,149
6,362724,2
6,362728,3
6,362744,7
6,362772,14
6,362792,19
6,362816,25
6,362836,30
6,362848,33
6,362896,45
6,362904,47
6,362916,50
6,362936,55
6,362956,60
6,362964,62
6,362992,69
6,362996,70
6,363008,73
6,363012,74
6,363084,92
6,363164,112
6,363168,113
6,363180,116
6,363188,118
6,363196,120
6,363208,123
6,363212,124
6,363224,127
6,363228,128
6,363236,130
6,363256,135
6,363260,136
6,363280,141
6,363284,142
6,363308,148
6,363316,0
6,363320,1
6,363332,4
6,363336,5
6,363348,8
6,363356,10
6,363364,12
6,363396,20
6,363440,31
6,363452,34
6,363456,35
6,363464,37
6,363472,39
6,363476,40
6,363480,41
6,363492,44
6,363500,46
6,363660,86
6,363712,99
6,363736,105
6,363752,109
6,363772,114
6,363776,115
6,363804,122
6,363816,125
6,363832,129
6,363840,131
6,363848,133
6,363888,143
6,363900,146
6,364016,25
6,364028,28
6,364036,30
6,364116,50
6,364124,52
6,364164,62
6,364204,72
6,364288,93
6,364436,130
6,364484,142
6,364536,5
6,364684,42
6,364708,48
6,364788,68
6,364824,77
6,364844,82
6,364860,86
6,364912,99
6,364940,106
6,364948,108
6,364960,111
6,364972,114
6,364992,119
6,365064,137
6,365140,6
6,365168,13
6,365184,17
6,365216,25
6,365236,30
6,365316,50
6,365328,53
6,365340,56
6,365364,62
6,365372,64
6,365380,66
6,365400,71
6,365432,79
6,365532,104
6,365544,107
6,365556,110
6,365584,117
6,365636,130
6,365668,138
6,365672,139
6,365684,142
6,365704,147
6,365712,149
6,365736,5
6,365752,9
6,365760,11
6,365800,21
6,365808,23
6,365824,27
6,365888,43
6,365920,51
6,365932,54
6,365944,57
6,365948,58
6,365956,60
6,365960,61
6,365968,63
6,365976,65
6,365984,67
6,365996,70
6,366008,73
6,366012,74
6,366020,76
6,366060,86
6,366080,91
6,366112,99
6,366164,112
6,366168,113
6,366172,114
6,366180,116
6,366188,118
6,366200,121
6,366220,126
6,366252,134
6,366256,135
6,366260,136
6,366276,140
6,366280,141
6,366292,144
6,366296,145
6,366308,148
6,366324,2
6,366328,3
6,366376,15
6,366388,18
6,366404,22
6,366416,25
6,366436,30
6,366444,32
6,366460,36
6,366468,38
6,366516,50
6,366552,59
6,366564,62
6,366592,69
6,366604,72
6,366628,78
6,366640,81
6,366652,84
6,366700,96
6,366736,105
6,366740,106
6,366748,108
6,366752,109
6,366760,111
6,366776,115
6,366792,119
6,366796,120
6,366812,124
6,366824,127
6,366836,130
6,366844,132
6,366864,137
6,366884,142
6,366888,143
6,366900,146
6,366936,5
6,366944,7
6,366964,12
6,366972,14
6,367040,31
6,367048,33
6,367072,39
6,367076,40
6,367092,44
6,367112,49
6,367172,64
6,367180,66
6,367188,68
6,367200,71
6,367256,85
6,367260,86
6,367272,89
6,367312,99
6,367316,100
6,367344,107
6,367356,110
6,367372,114
6,367384,117
6,367404,122
6,367408,123
6,367416,125
6,367428,128
6,367432,129
6,367440,131
6,367448,133
6,367468,138
6,367472,139
6,367504,147
6,367512,149
6,367548,8
6,367580,16
6,367616,25
6,367636,30
6,367704,47
6,367716,50
6,367764,62
6,367816,75
6,367904,97
6,367924,102
6,367964,112
6,368036,130
6,368084,142
6,368116,0
6,368120,1
6,368132,4
6,368136,5
6,368156,10
6,368336,55
6,368376,65
6,368384,67
6,368412,74
6,368436,80
6,368448,83
6,368460,86
6,368464,87
6,368512,99
6,368520,101
6,368568,113
6,368572,114
6,368580,116
6,368656,135
6,368660,136
6,368676,140
6,368692,144
6,368768,13
6,368816,25
6,368836,30
6,368896,45
6,368916,50
6,368956,60
6,368960,61
6,368964,62
6,368968,63
6,368992,69
6,368996,70
6,369004,72
6,369008,73
6,369068,88
6,369088,93
6,369096,95
6,369108,98
6,369128,103
6,369188,118
6,369236,130
6,369264,137
6,369280,141
6,369284,142
6,369296,145
6,369300,146
6,369308,148
6,369324,2
6,369328,3
6,369336,5
6,369340,6
6,369352,9
6,369360,11
6,369372,14
6,369456,35
6,369464,37
6,369484,42
6,369500,46
6,369600,71
6,369620,76
6,369624,77
6,369632,79
6,369644,82
6,369660,86
6,369676,90
6,369684,92
6,369692,94
6,369712,99
6,369772,114
6,369792,119
6,369800,121
6,369888,143
6,369944,7
6,369948,8
6,369964,12
6,370016,25
6,370036,30
6,370052,34
6,370080,41
6,370108,48
6,370116,50
6,370124,52
6,370128,53
6,370140,56
6,370164,62
6,370172,64
6,370176,65
6,370180,66
6,370184,67
6,370188,68
6,370212,74
6,370216,75
6,370228,78
6,370240,81
6,370252,84
6,370256,85
6,370272,89
6,370280,91
6,370332,104
6,370336,105
6,370340,106
6,370360,111
6,370420,126
6,370424,127
6,370436,130
6,370452,134
6,370468,138
6,370472,139
6,370476,140
6,370484,142
6,370504,147
6,370512,149
6,370532,4
6,370536,5
6,370584,17
6,370592,19
6,370596,20
6,370600,21
6,370608,23
6,370612,24
6,370620,26
6,370628,28
6,370632,29
6,370732,54
6,370744,57
6,370748,58
6,370836,80
6,370848,83
6,370860,86
6,370864,87
6,370868,88
6,370900,96
6,370912,99
6,370924,102
6,370948,108
6,370952,109
6,370972,114
6,370984,117
6,370996,120
6,371004,122
6,371008,123
6,371012,124
6,371016,125
6,371028,128
6,371044,132
6,371048,133
6,371056,135
6,371060,136
6,371092,144
6,371116,0
6,371176,15
6,371180,16
6,371188,18
6,371204,22
6,371216,25
6,371224,27
6,371236,30
6,371288,43
6,371296,45
6,371300,46
6,371312,49
6,371316,50
6,371320,51
6,371336,55
6,371352,59
6,371356,60
6,371360,61
6,371364,62
6,371368,63
6,371392,69
6,371396,70
6,371400,71
6,371404,72
6,371408,73
6,371504,97
6,371516,100
6,371544,107
6,371556,110
6,371564,112
6,371576,115
6,371632,129
6,371636,130
6,371640,131
6,371664,137
6,371680,141
6,371684,142
6,371696,145
6,371700,146
6,371708,148
6,371720,1
6,371736,5
6,371844,32
6,371860,36
6,371868,38
6,371876,40
6,371892,44
6,371904,47
6,371908,48
6,371924,52
6,371928,53
6,371940,56
6,371988,68
6,372024,77
6,372044,82
6,372060,86
6,372088,93
6,372096,95
6,372108,98
6,372112,99
6,372120,101
6,372168,113
6,372172,114
6,372180,116
6,372200,121
6,372272,139
6,372276,140
6,372288,143
6,372312,149
6,372356,10
6,372416,25
6,372436,30
6,372440,31
6,372448,33
6,372452,34
6,372456,35
6,372464,37
6,372472,39
6,372480,41
6,372484,42
6,372516,50
6,372564,62
6,372572,64
6,372576,65
6,372580,66
6,372584,67
6,372612,74
6,372620,76
6,372632,79
6,372676,90
6,372684,92
6,372692,94
6,372728,103
6,372736,105
6,372740,106
6,372748,108
6,372752,109
6,372760,111
6,372784,117
6,372788,118
6,372792,119
6,372804,122
6,372812,124
6,372820,126
6,372824,127
6,372836,130
6,372844,132
6,372848,133
6,372852,134
6,372856,135
6,372860,136
6,372868,138
6,372884,142
6,372892,144
6,372896,145
6,372904,147
6,372936,5
6,373132,54
6,373144,57
6,373156,60
6,373160,61
6,373168,63
6,373192,69
6,373196,70
6,373200,71
6,373204,72
6,373208,73
6,373260,86
6,373312,99
6,373344,107
6,373356,110
6,373364,112
6,373372,114
6,373376,115
6,373396,120
6,373408,123
6,373416,125
6,373428,128
6,373464,137
6,373480,141
6,373500,146
6,373508,148
6,373524,2
6,373560,11
6,373568,13
6,373616,25
6,373636,30
6,373716,50
6,373748,58
6,373764,62
6,373840,81
6,374036,130
6,374040,131
6,374076,140
6,374084,142
6,374128,3
6,374132,4
6,374136,5
6,374140,6
6,374148,8
6,374152,9
6,374164,12
6,374172,14
6,374380,66
6,374388,68
6,374428,78
6,374452,84
6,374456,85
6,374460,86
6,374480,91
6,374504,97
6,374512,99
6,374524,102
6,374532,104
6,374572,114
6,374580,116
6,374632,129
6,374672,139
6,374688,143
6,374712,149
6,374716,0
6,374720,1
6,374744,7
6,374816,25
6,374836,30
6,374916,50
6,374936,55
6,374956,60
6,374960,61
6,374964,62
6,374968,63
6,374972,64
6,374976,65
6,374984,67
6,374996,70
6,375000,71
6,375004,72
6,375008,73
6,375012,74
6,375016,75
6,375036,80
6,375064,87
6,375068,88
6,375072,89
6,375100,96
6,375116,100
6,375120,101
6,375168,113
6,375236,130
6,375256,135
6,375260,136
6,375268,138
6,375284,142
6,375292,144
6,375296,145
6,375304,147
6,375336,5
6,375356,10
6,375496,45
6,375500,46
6,375512,49
6,375520,51
6,375552,59
6,375592,69
6,375620,76
6,375624,77
6,375632,79
6,375640,81
6,375644,82
6,375648,83
6,375660,86
6,375676,90
6,375684,92
6,375688,93
6,375692,94
6,375696,95
6,375708,98
6,375712,99
6,375728,103
6,375772,114
6,375864,137
6,375880,141
6,375900,146
6,375908,148
6,375960,11
6,375968,13
6,376016,25
6,376020,26
6,376036,30
6,376108,48
6,376116,50
6,376124,52
6,376128,53
6,376140,56
6,376164,62
6,376180,66
6,376188,68
6,376228,78
6,376252,84
6,376256,85
6,376304,97
6,376324,102
6,376332,104
6,376400,121
6,376420,126
6,376436,130
6,376444,132
6,376476,140
6,376484,142
6,376524,2
6,376536,5
6,376592,19
6,376596,20
6,376688,43
6,376704,47
6,376732,54
6,376736,55
6,376744,57
6,376748,58
6,376816,75
6,376836,80
6,376860,86
6,376864,87
6,376868,88
6,376872,89
6,376880,91
6,376912,99
6,376972,114
6,376996,120
6,377004,122
6,377008,123
6,377012,124
6,377016,125
6,377024,127
6,377028,128
6,377040,131
6,377048,133
6,377052,134
6,377088,143
6,377112,149
6,377176,15
6,377180,16
6,377184,17
6,377188,18
6,377200,21
6,377208,23
6,377212,24
6,377216,25
6,377224,27
6,377228,28
6,377232,29
6,377236,30
6,377244,32
6,377292,44
6,377296,45
6,377300,46
6,377312,49
6,377316,50
6,377320,51
6,377352,59
6,377360,61
6,377364,62
6,377396,70
6,377420,76
6,377424,77
6,377432,79
6,377440,81
6,377444,82
6,377448,83
6,377500,96
6,377516,100
6,377520,101
6,377536,105
6,377632,129
6,377636,130
6,377672,139
6,377684,142
6,377692,144
6,377736,5
6,377752,9
6,377792,19
6,377796,20
6,377804,22
6,377820,26
6,377868,38
6,377876,40
6,377908,48
6,377924,52
6,377928,53
6,377940,56
6,377956,60
6,377968,63
6,377972,64
6,377976,65
6,378000,71
6,378004,72
6,378008,73
6,378028,78
6,378052,84
6,378056,85
6,378060,86
6,378112,99
6,378128,103
6,378140,106
6,378172,114
6,378200,121
6,378220,126
6,378244,132
6,378256,135
6,378260,136
6,378296,145
6,378304,147
6,378348,8
6,378376,15
6,378380,16
6,378384,17
6,378388,18
6,378400,21
6,378408,23
6,378412,24
6,378416,25
6,378424,27
6,378428,28
6,378432,29
6,378436,30
6,378440,31
6,378448,33
6,378452,34
6,378460,36
6,378472,39
6,378480,41
6,378504,47
6,378516,50
6,378532,54
6,378536,55
6,378544,57
6,378548,58
6,378552,59
6,378564,62
6,378584,67
6,378612,74
6,378616,75
6,378636,80
6,378672,89
6,378684,92
6,378688,93
6,378692,94
6,378696,95
6,378708,98
6,378748,108
6,378784,117
6,378792,119
6,378796,120
6,378804,122
6,378808,123
6,378812,124
6,378816,125
6,378824,127
6,378828,128
6,378836,130
6,378840,131
6,378848,133
6,378852,134
6,378868,138
6,378876,140
6,378880,141
6,378884,142
6,378900,146
6,378908,148
6,378928,3
6,378936,5
6,378940,6
6,378972,14
6,379056,35
6,379064,37
6,379084,42
6,379096,45
6,379100,46
6,379112,49
6,379120,51
6,379180,66
6,379188,68
6,379192,69
6,379260,86
6,379264,87
6,379268,88
6,379276,90
6,379280,91
6,379304,97
6,379312,99
6,379324,102
6,379332,104
6,379344,107
6,379352,109
6,379356,110
6,379360,111
6,379364,112
6,379372,114
6,379376,115
6,379388,118
6,379432,129
6,379464,137
6,379488,143
6,379492,144
6,379512,149
6,379596,20
6,379604,22
6,379616,25
6,379636,30
6,379688,43
6,379692,44
6,379708,48
6,379716,50
6,379724,52
6,379728,53
6,379740,56
6,379756,60
6,379760,61
6,379764,62
6,379768,63
6,379772,64
6,379776,65
6,379796,70
6,379800,71
6,379804,72
6,379808,73
6,379820,76
6,379824,77
6,379832,79
6,379840,81
6,379848,83
6,379900,96
6,379916,100
6,379968,113
6,379980,116
6,380000,121
6,380020,126
6,380036,130
6,380044,132
6,380056,135
6,380060,136
6,380072,139
6,380084,142
6,380096,145
6,380104,147
6,380120,1
6,380132,4
6,380136,5
6,380164,12
6,380244,32
6,380268,38
6,380276,40
6,380336,55
6,380352,59
6,380384,67
6,380412,74
6,380444,82
6,380460,86
6,380496,95
6,380512,99
6,380520,101
6,380528,103
6,380536,105
6,380540,106
6,380548,108
6,380572,114
6,380584,117
6,380592,119
6,380596,120
6,380612,124
6,380624,127
6,380668,138
6,380676,140
6,380680,141
6,380692,144
6,380700,146
6,380708,148
6,380716,0
6,380792,19
6,380816,25
6,380836,30
6,380840,31
6,380848,33
6,380860,36
6,380904,47
6,380916,50
6,380944,57
6,380948,58
6,380964,62
6,380980,66
6,380988,68
6,380992,69
6,381028,78
6,381036,80
6,381052,84
6,381056,85
6,381076,90
6,381080,91
6,381084,92
6,381088,93
6,381092,94
6,381108,98
6,381204,122
6,381216,125
6,381228,128
6,381236,130
6,381240,131
6,381248,133
6,381252,134
6,381264,137
6,381284,142
6,381288,143
6,381312,149
6,381336,5
6,381344,7
6,381420,26
6,381452,34
6,381472,39
6,381532,54
6,381556,60
6,381560,61
6,381568,63
6,381572,64
6,381576,65
6,381596,70
6,381600,71
6,381604,72
6,381608,73
6,381616,75
6,381624,77
6,381660,86
6,381664,87
6,381668,88
6,381672,89
6,381700,96
6,381704,97
6,381712,99
6,381716,100
6,381724,102
6,381732,104
6,381744,107
6,381764,112
6,381772,114
6,381776,115
6,381808,123
6,381856,135
6,381860,136
6,381872,139
6,381904,147
6,381956,10
6,381968,13
6,382016,25
6,382036,30
6,382080,41
6,382084,42
6,382096,45
6,382100,46
6,382112,49
6,382116,50
6,382120,51
6,382164,62
6,382184,67
6,382212,74
6,382220,76
6,382232,79
6,382240,81
6,382244,82
6,382248,83
6,382296,95
6,382356,110
6,382432,129
6,382436,130
6,382484,142
6,382496,145
6,382500,146
6,382524,2
6,382536,5
6,382664,37
6,382708,48
6,382724,52
6,382728,53
6,382736,55
6,382740,56
6,382752,59
6,382780,66
6,382792,69
6,382828,78
6,382836,80
6,382852,84
6,382856,85
6,382860,86
6,382892,94
6,382908,98
6,382912,99
6,382920,101
6,382928,103
6,382972,114
6,382988,118
6,382996,120
6,383000,121
6,383012,124
6,383020,126
6,383044,132
6,383068,138
6,383076,140
6,383080,141
6,383092,144
6,383108,148
6,383176,15
6,383180,16
6,383184,17
6,383188,18
6,383200,21
6,383208,23
6,383212,24
6,383216,25
6,383224,27
6,383228,28
6,383232,29
6,383236,30
6,383256,35
6,383288,43
6,383304,47
6,383316,50
6,383344,57
6,383348,58
6,383364,62
6,383372,64
6,383388,68
6,383424,77
6,383464,87
6,383468,88
6,383472,89
6,383476,90
6,383480,91
6,383484,92
6,383488,93
6,383560,111
6,383604,122
6,383608,123
6,383616,125
6,383624,127
6,383628,128
6,383636,130
6,383640,131
6,383648,133
6,383652,134
6,383664,137
6,383684,142
6,383688,143
6,383712,149
6,383736,5
6,383792,19
6,383796,20
6,383804,22
6,383820,26
6,383840,31
6,383844,32
6,383892,44
6,383900,46
6,383912,49
6,383920,51
6,383932,54
6,383956,60
6,383960,61
6,383968,63
6,383976,65
6,383996,70
6,384000,71
6,384004,72
6,384008,73
6,384016,75
6,384032,79
6,384040,81
6,384044,82
6,384048,83
6,384060,86
6,384100,96
6,384104,97
6,384112,99
6,384116,100
6,384124,102
6,384132,104
6,384172,114
6,384232,129
6,384256,135
6,384260,136
6,384272,139
6,384304,147
6,384360,11
6,384372,14
6,384416,25
6,384436,30
6,384448,33
6,384452,34
6,384460,36
6,384468,38
6,384472,39
6,384476,40
6,384480,41
6,384496,45
6,384508,48
6,384516,50
6,384524,52
6,384528,53
6,384540,56
6,384552,59
6,384564,62
6,384580,66
6,384584,67
6,384592,69
6,384612,74
6,384620,76
6,384696,95
6,384752,109
6,384768,113
6,384780,116
6,384796,120
6,384800,121
6,384812,124
6,384820,126
6,384836,130
6,384844,132
6,384868,138
6,384876,140
6,384880,141
6,384884,142
6,384892,144
6,384896,145
6,384900,146
6,384908,148
6,384936,5
6,384940,6
6,385064,37
6,385084,42
6,385136,55
6,385148,58
6,385172,64
6,385188,68
6,385196,70
6,385204,72
6,385228,78
6,385236,80
6,385252,84
6,385256,85
6,385260,86
6,385284,92
6,385292,94
6,385308,98
6,385312,99
6,385320,101
6,385328,103
6,385336,105
6,385340,106
6,385344,107
6,385348,108
6,385364,112
6,385372,114
6,385376,115
6,385384,117
6,385388,118
6,385392,119
6,385404,122
6,385408,123
6,385424,127
6,385428,128
6,385440,131
6,385448,133
6,385452,134
6,385464,137
6,385472,139
6,385488,143
6,385504,147
6,385512,149
6,385548,8
6,385552,9
6,385564,12
6,385580,16
6,385588,18
6,385600,21
6,385612,24
6,385616,25
6,385636,30
6,385656,35
6,385688,43
6,385704,47
6,385716,50
6,385744,57
6,385756,60
6,385760,61
6,385764,62
6,385768,63
6,385776,65
6,385800,71
6,385808,73
6,385824,77
6,385864,87
6,385868,88
6,385876,90
6,385880,91
6,385888,93
6,385924,102
6,385932,104
6,385956,110
6,385960,111
6,386016,125
6,386036,130
6,386056,135
6,386060,136
6,386084,142
6,386128,3
6,386136,5
6,386184,17
6,386224,27
6,386240,31
6,386244,32
6,386272,39
6,386292,44
6,386300,46
6,386312,49
6,386320,51
6,386332,54
6,386380,66
6,386384,67
6,386392,69
6,386412,74
6,386416,75
6,386440,81
6,386460,86
6,386472,89
6,386496,95
6,386500,96
6,386504,97
6,386512,99
6,386516,100
6,386552,109
6,386568,113
6,386572,114
6,386580,116
6,386668,138
6,386676,140
6,386680,141
6,386692,144
6,386696,145
6,386700,146
6,386708,148
6,386776,15
6,386808,23
6,386816,25
6,386828,28
6,386832,29
6,386836,30
6,386848,33
6,386852,34
6,386860,36
6,386868,38
6,386876,40
6,386880,41
6,386896,45
6,386908,48
6,386916,50
6,386924,52
6,386928,53
6,386940,56
6,386952,59
6,386956,60
6,386960,61
6,386964,62
6,386968,63
6,386972,64
6,386976,65
6,386988,68
6,386996,70
6,387000,71
6,387004,72
6,387008,73
6,387032,79
6,387044,82
6,387048,83
6,387136,105
6,387140,106
6,387144,107
6,387148,108
6,387156,110
6,387164,112
6,387176,115
6,387184,117
6,387188,118
6,387192,119
6,387232,129
6,387236,130
6,387264,137
6,387272,139
6,387284,142
6,387288,143
6,387304,147
6,387312,149
6,387320,1
6,387336,5
6,387456,35
6,387464,37
6,387484,42
6,387548,58
6,387584,67
6,387592,69
6,387612,74
6,387620,76
6,387656,85
6,387660,86
6,387684,92
6,387688,93
6,387692,94
6,387708,98
6,387712,99
6,387720,101
6,387728,103
6,387760,111
6,387772,114
6,387796,120
6,387800,121
6,387804,122
6,387812,124
6,387820,126
6,387824,127
6,387828,128
6,387840,131
6,387844,132
6,387856,135
6,387860,136
6,388016,25
6,388036,30
6,388040,31
6,388072,39
6,388088,43
6,388116,50
6,388136,55
6,388144,57
6,388156,60
6,388160,61
6,388164,62
6,388168,63
6,388180,66
6,388188,68
6,388196,70
6,388208,73
6,388228,78
6,388236,80
6,388252,84
6,388268,88
6,388276,90
6,388280,91
6,388324,102
6,388332,104
6,388352,109
6,388368,113
6,388380,116
6,388408,123
6,388416,125
6,388436,130
6,388448,133
6,388452,134
6,388468,138
6,388476,140
6,388480,141
6,388484,142
6,388492,144
6,388496,145
6,388500,146
6,388508,148
6,388536,5
6,388576,15
6,388580,16
6,388584,17
6,388588,18
6,388592,19
6,388596,20
6,388600,21
6,388604,22
6,388608,23
6,388612,24
6,388620,26
6,388624,27
6,388628,28
6,388632,29
6,388644,32
6,388648,33
6,388652,34
6,388660,36
6,388668,38
6,388676,40
6,388680,41
6,388692,44
6,388772,64
6,388776,65
6,388784,67
6,388800,71
6,388804,72
6,388824,77
6,388860,86
6,388864,87
6,388896,95
6,388900,96
6,388904,97
6,388912,99
6,388916,100
6,388936,105
6,388940,106
6,388944,107
6,388948,108
6,388956,110
6,388964,112
6,388972,114
6,388976,115
6,388984,117
6,388988,118
6,388992,119
6,389064,137
6,389072,139
6,389088,143
6,389104,147
6,389112,149
6,389116,0
6,389132,4
6,389216,25
6,389236,30
6,389256,35
6,389264,37
6,389284,42
6,389316,50
6,389364,62
6,389392,69
6,389412,74
6,389440,81
6,389472,89
6,389560,111
6,389636,130
6,389656,135
6,389660,136
6,389684,142
6,389736,5
6,389840,31
6,389872,39
6,389888,43
6,389900,46
6,389904,47
6,389956,60
6,389960,61
6,389968,63
6,389980,66
6,389988,68
6,389996,70
6,390008,73
6,390016,75
6,390032,79
6,390044,82
6,390048,83
6,390060,86
6,390112,99
6,390128,103
6,390136,105
6,390152,109
6,390168,113
6,390172,114
6,390180,116
6,390196,120
6,390200,121
6,390204,122
6,390212,124
6,390224,127
6,390232,129
6,390244,132
6,390268,138
6,390276,140
6,390280,141
6,390300,146
6,390308,148
6,390416,25
6,390436,30
6,390448,33
6,390452,34
6,390460,36
6,390468,38
6,390476,40
6,390480,41
6,390492,44
6,390496,45
6,390512,49
6,390516,50
6,390520,51
6,390564,62
6,390572,64
6,390576,65
6,390584,67
6,390600,71
6,390604,72
6,390676,90
6,390684,92
6,390688,93
6,390692,94
6,390708,98
6,390720,101
6,390732,104
6,390740,106
6,390744,107
6,390748,108
6,390756,110
6,390764,112
6,390776,115
6,390784,117
6,390788,118
6,390792,119
6,390808,123
6,390816,125
6,390820,126
6,390828,128
6,390836,130
6,390840,131
6,390848,133
6,390864,137
6,390872,139
6,390884,142
6,390892,144
6,390896,145
6,390904,147
6,390912,149
6,390936,5
6,390976,15
6,390980,16
6,390984,17
6,390988,18
6,390992,19
6,390996,20
6,391000,21
6,391004,22
6,391008,23
6,391012,24
6,391020,26
6,391024,27
6,391028,28
6,391032,29
6,391044,32
6,391056,35
6,391064,37
6,391132,54
6,391192,69
6,391212,74
6,391220,76
6,391256,85
6,391260,86
6,391280,91
6,391312,99
6,391316,100
6,391324,102
6,391360,111
6,391372,114
6,391452,134
6,391460,136
6,391488,143
6,391524,2
6,391544,7
6,391556,10
6,391560,11
6,391568,13
6,391616,25
6,391636,30
6,391640,31
6,391672,39
6,391684,42
6,391688,43
6,391716,50
6,391728,53
6,391752,59
6,391756,60
6,391764,62
6,391768,63
6,391780,66
6,391788,68
6,391808,73
6,391828,78
6,391836,80
6,391852,84
6,391896,95
6,391900,96
6,391904,97
6,391936,105
6,391952,109
6,391968,113
6,391980,116
6,392036,130
6,392056,135
6,392076,140
6,392080,141
6,392084,142
6,392108,148
6,392128,3
6,392136,5
6,392248,33
6,392252,34
6,392260,36
6,392268,38
6,392276,40
6,392292,44
6,392340,56
6,392348,58
6,392360,61
6,392372,64
6,392376,65
6,392384,67
6,392396,70
6,392404,72
6,392460,86
6,392464,87
6,392468,88
6,392512,99
6,392528,103
6,392540,106
6,392544,107
6,392548,108
6,392556,110
6,392564,112
6,392572,114
6,392576,115
6,392584,117
6,392588,118
6,392592,119
6,392668,138
6,392672,139
6,392692,144
6,392700,146
6,392712,149
6,392740,6
6,392752,9
6,392764,12
6,392772,14
6,392816,25
6,392836,30
6,392844,32
6,392864,37
6,392880,41
6,392908,48
6,392916,50
6,392924,52
6,392936,55
6,392964,62
6,392992,69
6,393000,71
6,393016,75
6,393024,77
6,393048,83
6,393072,89
6,393076,90
6,393080,91
6,393084,92
6,393088,93
6,393092,94
6,393108,98
6,393116,100
6,393120,101
6,393132,104
6,393160,111
6,393200,121
6,393204,122
6,393212,124
6,393220,126
6,393224,127
6,393232,129
6,393236,130
6,393244,132
6,393260,136
6,393264,137
6,393284,142
6,393296,145
6,393304,147
6,393316,0
6,393320,1
6,393332,4
6,393336,5
6,393348,8
6,393376,15
6,393380,16
6,393384,17
6,393388,18
6,393392,19
6,393396,20
6,393400,21
6,393404,22
6,393408,23
6,393412,24
6,393424,27
6,393428,28
6,393432,29
6,393456,35
6,393472,39
6,393484,42
6,393612,74
6,393620,76
6,393632,79
6,393640,81
6,393644,82
6,393660,86
6,393696,95
6,393700,96
6,393704,97
6,393712,99
6,393724,102
6,393736,105
6,393752,109
6,393768,113
6,393772,114
6,393780,116
6,393796,120
6,393808,123
6,393816,125
6,393840,131
6,393848,133
6,393888,143
6,394016,25
6,394020,26
6,394036,30
6,394040,31
6,394048,33
6,394052,34
6,394088,43
6,394092,44
6,394096,45
6,394116,50
6,394144,57
6,394156,60
6,394164,62
6,394168,63
6,394256,85
6,394308,98
6,394328,103
6,394340,106
6,394344,107
6,394348,108
6,394356,110
6,394364,112
6,394376,115
6,394384,117
6,394388,118
6,394392,119
6,394436,130
6,394456,135
6,394476,140
6,394480,141
6,394484,142
6,394508,148
6,394528,3
6,394536,5
6,394544,7
6,394556,10
6,394560,11
6,394568,13
6,394660,36
6,394668,38
6,394676,40
6,394700,46
6,394704,47
6,394712,49
6,394720,51
6,394760,61
6,394772,64
6,394776,65
6,394780,66
6,394784,67
6,394788,68
6,394804,72
6,394808,73
6,394828,78
6,394836,80
6,394852,84
6,394860,86
6,394864,87
6,394876,90
6,394880,91
6,394884,92
6,394888,93
6,394892,94
6,394912,99
6,394916,100
6,394920,101
6,394932,104
6,394972,114
6,395028,128
6,395052,134
6,395068,138
6,395092,144
6,395100,146
6,395112,149
6,395124,2
6,395140,6
6,395152,9
6,395164,12
6,395172,14
6,395188,18
6,395192,19
6,395208,23
6,395212,24
6,395216,25
6,395224,27
6,395228,28
6,395236,30
6,395244,32
6,395264,37
6,395280,41
6,395316,50
6,395328,53
6,395332,54
6,395336,55
6,395340,56
6,395348,58
6,395352,59
6,395364,62
6,395396,70
6,395400,71
6,395416,75
6,395448,83
6,395468,88
6,395496,95
6,395500,96
6,395504,97
6,395524,102
6,395536,105
6,395552,109
6,395560,111
6,395636,130
6,395664,137
6,395672,139
6,395684,142
6,395696,145
6,395716,0
6,395720,1
6,395732,4
6,395736,5
6,395748,8
6,395776,15
6,395780,16
6,395784,17
6,395796,20
6,395800,21
6,395804,22
6,395832,29
6,395856,35
6,395872,39
6,395908,48
6,395924,52
6,395992,69
6,396012,74
6,396020,76
6,396024,77
6,396032,79
6,396040,81
6,396044,82
6,396056,85
6,396060,86
6,396072,89
6,396108,98
6,396112,99
6,396128,103
6,396148,108
6,396164,112
6,396168,113
6,396172,114
6,396176,115
6,396180,116
6,396184,117
6,396188,118
6,396192,119
6,396196,120
6,396200,121
6,396204,122
6,396220,126
6,396224,127
6,396232,129
6,396244,132
6,396260,136
6,396288,143
6,396304,147
6,396328,3
6,396356,10
6,396360,11
6,396368,13
6,396416,25
6,396420,26
6,396436,30
6,396448,33
6,396452,34
6,396484,42
6,396492,44
6,396496,45
6,396500,46
6,396512,49
6,396516,50
6,396520,51
6,396544,57
6,396564,62
6,396664,87
6,396676,90
6,396680,91
6,396684,92
6,396692,94
6,396716,100
6,396720,101
6,396732,104
6,396740,106
6,396744,107
6,396756,110
6,396808,123
6,396812,124
6,396816,125
6,396836,130
6,396840,131
6,396848,133
6,396876,140
6,396884,142
6,396908,148
6,396924,2
6,396936,5
6,396940,6
6,396944,7
6,396952,9
6,396964,12
6,396972,14
6,397024,27
6,397040,31
6,397104,47
6,397128,53
6,397132,54
6,397136,55
6,397140,56
6,397148,58
6,397152,59
6,397168,63
6,397216,75
6,397228,78
6,397236,80
6,397248,83
6,397252,84
6,397260,86
6,397268,88
6,397288,93
6,397300,96
6,397304,97
6,397312,99
6,397372,114
6,397428,128
6,397452,134
6,397456,135
6,397480,141
6,397500,146
6,397516,0
6,397520,1
6,397548,8
6,397588,18
6,397592,19
6,397608,23
6,397612,24
6,397616,25
6,397628,28
6,397636,30
6,397676,40
6,397688,43
6,397708,48
6,397716,50
6,397724,52
6,397756,60
6,397764,62
6,397772,64
6,397776,65
6,397780,66
6,397804,72
6,397808,73
6,397820,76
6,397824,77
6,397840,81
6,397844,82
6,397856,85
6,397872,89
6,397924,102
6,397936,105
6,397952,109
6,397960,111
6,397996,120
6,398004,122
6,398020,126
6,398024,127
6,398032,129
6,398036,130
6,398044,132
6,398068,138
6,398072,139
6,398084,142
6,398092,144
6,398112,149
6,398128,3
6,398132,4
6,398136,5
6,398156,10
6,398160,11
6,398168,13
6,398176,15
6,398180,16
6,398184,17
6,398196,20
6,398200,21
6,398296,45
6,398300,46
6,398312,49
6,398320,51
6,398344,57
6,398360,61
6,398384,67
6,398388,68
6,398396,70
6,398432,79
6,398460,86
6,398464,87
6,398496,95
6,398512,99
6,398548,108
6,398564,112
6,398568,113
6,398572,114
6,398576,115
6,398580,116
6,398584,117
6,398588,118
6,398592,119
6,398600,121
6,398608,123
6,398612,124
6,398616,125
6,398664,137
6,398696,145
6,398704,147
6,398772,14
6,398816,25
6,398820,26
6,398832,29
6,398836,30
6,398860,36
6,398864,37
6,398868,38
6,398904,47
6,398916,50
6,398928,53
6,398932,54
6,398936,55
6,398940,56
6,398948,58
6,398952,59
6,398964,62
6,399000,71
6,399016,75
6,399048,83
6,399052,84
6,399068,88
6,399144,107
6,399156,110
6,399236,130
6,399240,131
6,399248,133
6,399252,134
6,399260,136
6,399284,142
6,399308,148
6,399336,5
6,399340,6
6,399344,7
6,399352,9
6,399364,12
6,399404,22
6,399444,32
6,399480,41
6,399592,69
6,399612,74
6,399620,76
6,399628,78
6,399636,80
6,399660,86
6,399712,99
6,399740,106
6,399772,114
6,399876,140
6,399888,143
6,399924,2
6,400016,25
6,400036,30
6,400072,39
6,400108,48
6,400116,50
6,400124,52
6,400164,62
6,400168,63
6,400224,77
6,400240,81
6,400256,85
6,400272,89
6,400420,126
6,400428,128
6,400436,130
6,400444,132
6,400480,141
6,400484,142
6,400500,146
6,400516,0
6,400520,1
6,400536,5
6,400548,8
6,400696,45
6,400700,46
6,400712,49
6,400720,51
6,400744,57
6,400832,79
6,400844,82
6,400860,86
6,400864,87
6,400912,99
6,400972,114
6,400996,120
6,401000,121
6,401004,122
6,401012,124
6,401016,125
6,401024,127
6,401032,129
6,401128,3
6,401132,4
6,401160,11
6,401168,13
6,401216,25
6,401224,27
6,401236,30
6,401304,47
6,401316,50
6,401328,53
6,401332,54
6,401336,55
6,401340,56
6,401348,58
6,401352,59
6,401356,60
6,401364,62
6,401372,64
6,401380,66
6,401404,72
6,401416,75
6,401452,84
6,401468,88
6,401508,98
6,401536,105
6,401548,108
6,401552,109
6,401560,111
6,401588,118
6,401608,123
6,401636,130
6,401652,134
6,401656,135
6,401672,139
6,401684,142
6,401736,5
6,401756,10
6,401780,16
6,401788,18
6,401808,23
6,401828,28
6,401856,35
6,401892,44
6,401908,48
6,401960,61
6,401984,67
6,402008,73
6,402020,76
6,402028,78
6,402036,80
6,402048,83
6,402060,86
6,402072,89
6,402112,99
6,402164,112
6,402172,114
6,402176,115
6,402180,116
6,402192,119
6,402220,126
6,402228,128
6,402240,131
6,402244,132
6,402248,133
6,402264,137
6,402268,138
6,402292,144
6,402296,145
6,402304,147
6,402312,149
6,402364,12
6,402372,14
6,402412,24
6,402416,25
6,402436,30
6,402448,33
6,402484,42
6,402516,50
6,402524,52
6,402564,62
6,402576,65
6,402588,68
6,402596,70
6,402624,77
6,402640,81
6,402656,85
6,402728,103
6,402744,107
6,402768,113
6,402784,117
6,402836,130
6,402860,136
6,402884,142
6,402888,143
6,402936,5
6,402984,17
6,403000,21
6,403120,51
6,403200,71
6,403212,74
6,403244,82
6,403260,86
6,403312,99
6,403356,110
6,403372,114
6,403400,121
6,403404,122
6,403412,124
6,403416,125
6,403424,127
6,403432,129
6,403500,146
6,403508,148
6,403552,9
6,403596,20
6,403616,25
6,403636,30
6,403652,34
6,403696,45
6,403712,49
6,403716,50
6,403744,57
6,403764,62
6,403792,69
6,403832,79
6,403864,87
6,403892,94
6,403940,106
6,403996,120
6,404036,130
6,404076,140
6,404080,141
6,404084,142
6,404136,5
6,404140,6
6,404192,19
6,404232,29
6,404240,31
6,404300,46
6,404460,86
6,404532,104
7,404572,2
7,404592,7
7,404596,8
7,404664,25
7,404684,30
7,404712,37
7,404716,38
7,404724,40
7,404752,47
7,404756,48
7,404764,50
7,404776,53
7,404780,54
7,404784,55
7,404788,56
7,404796,58
7,404800,59
7,404812,62
7,404816,63
7,404864,75
7,404900,84
7,404916,88
7,404924,90
7,404928,91
7,404932,92
7,404960,99
7,404964,100
7,404968,101
7,405020,114
7,405056,123
7,405100,134
7,405164,0
7,405168,1
7,405180,4
7,405184,5
7,405216,13
7,405224,15
7,405252,22
7,405268,26
7,405292,32
7,405308,36
7,405328,41
7,405336,43
7,405368,51
7,405372,52
7,405404,60
7,405428,66
7,405468,76
7,405484,80
7,405508,86
7,405536,93
7,405548,96
7,405572,102
7,405600,109
7,405668,126
7,405676,128
7,405684,130
7,405688,131
7,405692,132
7,405696,133
7,405704,135
7,405720,139
7,405732,142
7,405776,3
7,405808,11
7,405812,12
7,405864,25
7,405884,30
7,405896,33
7,405904,35
7,405920,39
7,405944,45
7,405960,49
7,405964,50
7,405992,57
7,406012,62
7,406072,77
7,406076,78
7,406088,81
7,406096,83
7,406104,85
7,406112,87
7,406120,89
7,406144,95
7,406160,99
7,406196,108
7,406220,114
7,406236,118
7,406252,122
7,406260,124
7,406272,127
7,406312,137
7,406352,147
7,406384,5
7,406388,6
7,406404,10
7,406420,14
7,406500,34
7,406512,37
7,406532,42
7,406540,44
7,406548,46
7,406552,47
7,406556,48
7,406576,53
7,406580,54
7,406608,61
7,406620,64
7,406624,65
7,406632,67
7,406652,72
7,406656,73
7,406680,79
7,406692,82
7,406708,86
7,406752,97
7,406784,105
7,406808,111
7,406812,112
7,406824,115
7,406828,116
7,406840,119
7,406844,120
7,406848,121
7,406864,125
7,406880,129
7,406884,130
7,406916,138
7,406932,142
7,406936,143
7,406944,145
7,406960,149
7,406972,2
7,406996,8
7,407000,9
7,407064,25
7,407084,30
7,407088,31
7,407116,38
7,407164,50
7,407184,55
7,407188,56
7,407196,58
7,407200,59
7,407212,62
7,407264,75
7,407340,94
7,407356,98
7,407360,99
7,407376,103
7,407404,110
7,407416,113
7,407420,114
7,407432,117
7,407456,123
7,407508,136
7,407524,140
7,407528,141
7,407540,144
7,407548,146
7,407556,148
7,407568,1
7,407580,4
7,407584,5
7,407592,7
7,407608,11
7,407612,12
7,407616,13
7,407628,16
7,407632,17
7,407656,23
7,407672,27
7,407692,32
7,407708,36
7,407724,40
7,407728,41
7,407736,43
7,407768,51
7,407772,52
7,407792,57
7,407836,68
7,407844,70
7,407860,74
7,407868,76
7,407884,80
7,407900,84
7,407908,86
7,407916,88
7,407924,90
7,407928,91
7,407932,92
7,407964,100
7,407968,101
7,407980,104
7,407988,106
7,407992,107
7,408052,122
7,408060,124
7,408068,126
7,408076,128
7,408084,130
7,408088,131
7,408092,132
7,408096,133
7,408100,134
7,408104,135
7,408132,142
7,408164,0
7,408176,3
7,408248,21
7,408264,25
7,408276,28
7,408284,30
7,408304,35
7,408344,45
7,408360,49
7,408364,50
7,408412,62
7,408440,69
7,408448,71
7,408472,77
7,408476,78
7,408480,79
7,408488,81
7,408492,82
7,408496,83
7,408504,85
7,408520,89
7,408536,93
7,408560,99
7,408596,108
7,408600,109
7,408620,114
7,408624,115
7,408636,118
7,408640,119
7,408644,120
7,408648,121
7,408672,127
7,408712,137
7,408716,138
7,408720,139
7,408752,147
7,408784,5
7,408788,6
7,408804,10
7,408820,14
7,408896,33
7,408932,42
7,408956,48
7,408980,54
7,409004,60
7,409024,65
7,409064,75
7,409108,86
7,409112,87
7,409144,95
7,409148,96
7,409152,97
7,409172,102
7,409184,105
7,409204,110
7,409208,111
7,409212,112
7,409216,113
7,409228,116
7,409232,117
7,409264,125
7,409280,129
7,409284,130
7,409324,140
7,409328,141
7,409332,142
7,409336,143
7,409340,144
7,409344,145
7,409348,146
7,409356,148
7,409360,149
7,409372,2
7,409396,8
7,409400,9
7,409436,18
7,409464,25
7,409484,30
7,409500,34
7,409512,37
7,409520,39
7,409540,44
7,409552,47
7,409564,50
7,409576,53
7,409612,62
7,409616,63
7,409628,66
7,409656,73
7,409760,99
7,409788,106
7,409792,107
7,409820,114
7,409856,123
7,409904,135
7,409908,136
7,409964,0
7,409968,1
7,409980,4
7,409984,5
7,409992,7
7,410008,11
7,410012,12
7,410016,13
7,410040,19
7,410044,20
7,410060,24
7,410088,31
7,410116,38
7,410148,46
7,410196,58
7,410208,61
7,410220,64
7,410232,67
7,410268,76
7,410272,77
7,410284,80
7,410288,81
7,410292,82
7,410300,84
7,410308,86
7,410316,88
7,410320,89
7,410340,94
7,410356,98
7,410376,103
7,410396,108
7,410400,109
7,410416,113
7,410424,115
7,410436,118
7,410440,119
7,410452,122
7,410460,124
7,410468,126
7,410476,128
7,410484,130
7,410488,131
7,410492,132
7,410496,133
7,410500,134
7,410512,137
7,410516,138
7,410520,139
7,410532,142
7,410552,147
7,410576,3
7,410604,10
7,410620,14
7,410624,15
7,410652,22
7,410664,25
7,410668,26
7,410680,29
7,410684,30
7,410728,41
7,410764,50
7,410768,51
7,410784,55
7,410788,56
7,410800,59
7,410812,62
7,410852,72
7,410864,75
7,410876,78
7,410880,79
7,410896,83
7,410904,85
7,410924,90
7,410928,91
7,410932,92
7,410936,93
7,410960,99
7,410964,100
7,410968,101
7,410980,104
7,410984,105
7,411004,110
7,411008,111
7,411012,112
7,411020,114
7,411028,116
7,411032,117
7,411044,120
7,411048,121
7,411072,127
7,411124,140
7,411128,141
7,411136,143
7,411140,144
7,411144,145
7,411148,146
7,411156,148
7,411160,149
7,411184,5
7,411188,6
7,411272,27
7,411336,43
7,411392,57
7,411436,68
7,411444,70
7,411460,74
7,411508,86
7,411512,87
7,411544,95
7,411552,97
7,411588,106
7,411592,107
7,411664,125
7,411680,129
7,411684,130
7,411704,135
7,411708,136
7,411732,142
7,411772,2
7,411796,8
7,411800,9
7,411864,25
7,411884,30
7,411892,32
7,411904,35
7,411908,36
7,411924,40
7,411956,48
7,411964,50
7,411972,52
7,412012,62
7,412040,69
7,412048,71
7,412148,96
7,412160,99
7,412196,108
7,412200,109
7,412204,110
7,412216,113
7,412220,114
7,412224,115
7,412236,118
7,412240,119
7,412312,137
7,412316,138
7,412320,139
7,412352,147
7,412364,0
7,412368,1
7,412380,4
7,412384,5
7,412392,7
7,412408,11
7,412412,12
7,412416,13
7,412428,16
7,412432,17
7,412448,21
7,412532,42
7,412544,45
7,412560,49
7,412604,60
7,412616,63
7,412624,65
7,412632,67
7,412668,76
7,412672,77
7,412684,80
7,412688,81
7,412700,84
7,412708,86
7,412716,88
7,412720,89
7,412772,102
7,412784,105
7,412808,111
7,412812,112
7,412828,116
7,412832,117
7,412852,122
7,412856,123
7,412868,126
7,412884,130
7,412888,131
7,412896,133
7,412924,140
7,412932,142
7,412936,143
7,412940,144
7,412956,148
7,412960,149
7,412976,3
7,413004,10
7,413020,14
7,413064,25
7,413076,28
7,413084,30
7,413096,33
7,413112,37
7,413164,50
7,413212,62
7,413220,64
7,413228,66
7,413256,73
7,413264,75
7,413276,78
7,413280,79
7,413292,82
7,413296,83
7,413304,85
7,413324,90
7,413340,94
7,413356,98
7,413360,99
7,413376,103
7,413380,104
7,413388,106
7,413392,107
7,413420,114
7,413436,118
7,413444,120
7,413448,121
7,413460,124
7,413472,127
7,413476,128
7,413492,132
7,413500,134
7,413504,135
7,413508,136
7,413528,141
7,413544,145
7,413548,146
7,413572,2
7,413584,5
7,413588,6
7,413596,8
7,413636,18
7,413656,23
7,413808,61
7,413836,68
7,413844,70
7,413852,72
7,413908,86
7,413912,87
7,413928,91
7,413932,92
7,413936,93
7,413952,97
7,413964,100
7,413968,101
7,413984,105
7,413996,108
7,414000,109
7,414004,110
7,414008,111
7,414016,113
7,414024,115
7,414040,119
7,414080,129
7,414084,130
7,414116,138
7,414120,139
7,414132,142
7,414200,9
7,414240,19
7,414244,20
7,414260,24
7,414264,25
7,414284,30
7,414300,34
7,414320,39
7,414352,47
7,414364,50
7,414376,53
7,414380,54
7,414412,62
7,414460,74
7,414500,84
7,414544,95
7,414548,96
7,414560,99
7,414612,112
7,414620,114
7,414628,116
7,414632,117
7,414664,125
7,414712,137
7,414724,140
7,414736,143
7,414752,147
7,414764,0
7,414768,1
7,414780,4
7,414784,5
7,414792,7
7,414808,11
7,414812,12
7,414816,13
7,414824,15
7,414828,16
7,414832,17
7,414848,21
7,414852,22
7,414868,26
7,414872,27
7,414876,28
7,414880,29
7,414916,38
7,414940,44
7,414996,58
7,415068,76
7,415072,77
7,415084,80
7,415088,81
7,415108,86
7,415116,88
7,415120,89
7,415188,106
7,415192,107
7,415236,118
7,415240,119
7,415284,130
7,415332,142
7,415340,144
7,415356,148
7,415360,149
7,415376,3
7,415420,14
7,415436,18
7,415444,20
7,415456,23
7,415464,25
7,415484,30
7,415488,31
7,415548,46
7,415556,48
7,415560,49
7,415564,50
7,415568,51
7,415572,52
7,415584,55
7,415588,56
7,415592,57
7,415600,59
7,415612,62
7,415676,78
7,415680,79
7,415692,82
7,415696,83
7,415760,99
7,415784,105
7,415796,108
7,415800,109
7,415804,110
7,415808,111
7,415816,113
7,415820,114
7,415824,115
7,415852,122
7,415868,126
7,415904,135
7,415928,141
7,415944,145
7,415984,5
7,416004,10
7,416104,35
7,416128,41
7,416136,43
7,416144,45
7,416204,60
7,416216,63
7,416240,69
7,416248,71
7,416264,75
7,416304,85
7,416308,86
7,416372,102
7,416412,112
7,416428,116
7,416432,117
7,416456,123
7,416484,130
7,416488,131
7,416496,133
7,416508,136
7,416516,138
7,416520,139
7,416532,142
7,416548,146
7,416572,2
7,416588,6
7,416596,8
7,416640,19
7,416664,25
7,416684,30
7,416692,32
7,416764,50
7,416812,62
7,416820,64
7,416824,65
7,416828,66
7,416832,67
7,416836,68
7,416856,73
7,416912,87
7,416924,90
7,416932,92
7,416940,94
7,416960,99
7,416980,104
7,416988,106
7,416992,107
7,417020,114
7,417036,118
7,417040,119
7,417044,120
7,417048,121
7,417060,124
7,417076,128
7,417092,132
7,417100,134
7,417112,137
7,417124,140
7,417136,143
7,417152,147
7,417156,148
7,417164,0
7,417168,1
7,417176,3
7,417184,5
7,417192,7
7,417200,9
7,417208,11
7,417212,12
7,417216,13
7,417260,24
7,417308,36
7,417408,61
7,417444,70
7,417452,72
7,417468,76
7,417472,77
7,417476,78
7,417484,80
7,417488,81
7,417500,84
7,417508,86
7,417516,88
7,417520,89
7,417528,91
7,417552,97
7,417556,98
7,417564,100
7,417576,103
7,417600,109
7,417608,111
7,417616,113
7,417672,127
7,417680,129
7,417684,130
7,417732,142
7,417740,144
7,417744,145
7,417760,149
7,417780,4
7,417820,14
7,417864,25
7,417884,30
7,417924,40
7,417964,50
7,418012,62
7,418060,74
7,418064,75
7,418080,79
7,418092,82
7,418096,83
7,418104,85
7,418136,93
7,418144,95
7,418148,96
7,418160,99
7,418168,101
7,418184,105
7,418196,108
7,418204,110
7,418212,112
7,418220,114
7,418224,115
7,418228,116
7,418264,125
7,418268,126
7,418304,135
7,418308,136
7,418316,138
7,418328,141
7,418384,5
7,418404,10
7,418472,27
7,418476,28
7,418480,29
7,418532,42
7,418580,54
7,418604,60
7,418648,71
7,418708,86
7,418772,102
7,418788,106
7,418832,117
7,418840,119
7,418852,122
7,418856,123
7,418884,130
7,418920,139
7,418932,142
7,418948,146
7,418972,2
7,418996,8
7,419024,15
7,419028,16
7,419032,17
7,419048,21
7,419052,22
7,419064,25
7,419068,26
7,419084,30
7,419112,37
7,419152,47
7,419164,50
7,419176,53
7,419212,62
7,419240,69
7,419312,87
7,419324,90
7,419332,92
7,419360,99
7,419380,104
7,419392,107
7,419420,114
7,419436,118
7,419488,131
7,419496,133
7,419584,5
7,419636,18
7,419640,19
7,419644,20
7,419656,23
7,419660,24
7,419672,27
7,419680,29
7,419696,33
7,419744,45
7,419768,51
7,419772,52
7,419784,55
7,419792,57
7,419796,58
7,419800,59
7,419816,63
7,419868,76
7,419872,77
7,419876,78
7,419884,80
7,419888,81
7,419908,86
7,419940,94
7,419964,100
7,420000,109
7,420008,111
7,420016,113
7,420024,115
7,420048,121
7,420060,124
7,420084,130
7,420100,134
7,420124,140
7,420132,142
7,420188,6
7,420228,16
7,420232,17
7,420248,21
7,420264,25
7,420268,26
7,420276,28
7,420284,30
7,420300,34
7,420320,39
7,420348,46
7,420356,48
7,420360,49
7,420364,50
7,420380,54
7,420388,56
7,420412,62
7,420424,65
7,420428,66
7,420500,84
7,420516,88
7,420520,89
7,420560,99
7,420584,105
7,420596,108
7,420604,110
7,420612,112
7,420620,114
7,420628,116
7,420640,119
7,420644,120
7,420676,128
7,420680,129
7,420692,132
7,420712,137
7,420752,147
7,420756,148
7,420764,0
7,420768,1
7,420776,3
7,420780,4
7,420784,5
7,420792,7
7,420800,9
7,420808,11
7,420812,12
7,420816,13
7,420852,22
7,421020,64
7,421032,67
7,421036,68
7,421056,73
7,421092,82
7,421104,85
7,421108,86
7,421152,97
7,421156,98
7,421188,106
7,421232,117
7,421284,130
7,421308,136
7,421332,142
7,421336,143
7,421340,144
7,421344,145
7,421360,149
7,421420,14
7,421464,25
7,421484,30
7,421488,31
7,421536,43
7,421540,44
7,421564,50
7,421604,60
7,421608,61
7,421612,62
7,421644,70
7,421652,72
7,421664,75
7,421680,79
7,421696,83
7,421728,91
7,421760,99
7,421776,103
7,421792,107
7,421820,114
7,421836,118
7,421904,135
7,421916,138
7,421920,139
7,421928,141
7,421948,146
7,421972,2
7,421984,5
7,421996,8
7,422004,10
7,422024,15
7,422116,38
7,422240,69
7,422248,71
7,422260,74
7,422268,76
7,422272,77
7,422276,78
7,422288,81
7,422308,86
7,422312,87
7,422336,93
7,422344,95
7,422348,96
7,422368,101
7,422372,102
7,422400,109
7,422408,111
7,422424,115
7,422468,126
7,422472,127
7,422484,130
7,422512,137
7,422524,140
7,422532,142
7,422552,147
7,422588,6
7,422636,18
7,422640,19
7,422664,25
7,422684,30
7,422752,47
7,422764,50
7,422776,53
7,422812,62
7,422816,63
7,422824,65
7,422828,66
7,422884,80
7,422892,82
7,422900,84
7,422916,88
7,422920,89
7,422932,92
7,422960,99
7,423016,113
7,423020,114
7,423048,121
7,423052,122
7,423056,123
7,423064,125
7,423088,131
7,423100,134
7,423156,148
7,423184,5
7,423228,16
7,423244,20
7,423256,23
7,423260,24
7,423272,27
7,423280,29
7,423308,36
7,423344,45
7,423368,51
7,423372,52
7,423384,55
7,423388,56
7,423392,57
7,423396,58
7,423400,59
7,423464,75
7,423508,86
7,423540,94
7,423564,100
7,423596,108
7,423612,112
7,423628,116
7,423640,119
7,423644,120
7,423660,124
7,423684,130
7,423696,133
7,423732,142
7,423776,3
7,423780,4
7,423824,15
7,423832,17
7,423836,18
7,423840,19
7,423848,21
7,423852,22
7,423864,25
7,423868,26
7,423876,28
7,423884,30
7,423892,32
7,423924,40
7,423948,46
7,423956,48
7,423960,49
7,423964,50
7,423980,54
7,424012,62
7,424020,64
7,424056,73
7,424080,79
7,424096,83
7,424104,85
7,424152,97
7,424160,99
7,424180,104
7,424204,110
7,424220,114
7,424232,117
7,424276,128
7,424280,129
7,424292,132
7,424308,136
7,424336,143
7,424344,145
7,424360,149
7,424368,1
7,424384,5
7,424392,7
7,424408,11
7,424416,13
7,424428,16
7,424444,20
7,424456,23
7,424460,24
7,424472,27
7,424480,29
7,424504,35
7,424528,41
7,424532,42
7,424552,47
7,424632,67
7,424636,68
7,424708,86
7,424724,90
7,424784,105
7,424788,106
7,424884,130
7,424932,142
7,424940,144
7,425000,9
7,425012,12
7,425064,25
7,425084,30
7,425096,33
7,425112,37
7,425120,39
7,425144,45
7,425164,50
7,425168,51
7,425176,53
7,425184,55
7,425188,56
7,425192,57
7,425196,58
7,425200,59
7,425204,60
7,425208,61
7,425212,62
7,425244,70
7,425252,72
7,425268,76
7,425288,81
7,425356,98
7,425360,99
7,425392,107
7,425400,109
7,425408,111
7,425420,114
7,425436,118
7,425452,122
7,425472,127
7,425500,134
7,425504,135
7,425516,138
7,425520,139
7,425524,140
7,425528,141
7,425548,146
7,425552,147
7,425564,0
7,425584,5
7,425620,14
7,425816,63
7,425824,65
7,425828,66
7,425840,69
7,425848,71
7,425856,73
7,425860,74
7,425872,77
7,425876,78
7,425908,86
7,425920,89
7,425928,91
7,426012,112
7,426016,113
7,426024,115
7,426040,119
7,426048,121
7,426064,125
7,426068,126
7,426084,130
7,426096,133
7,426112,137
7,426132,142
7,426136,143
7,426156,148
7,426172,2
7,426188,6
7,426196,8
7,426264,25
7,426284,30
7,426364,50
7,426372,52
7,426412,62
7,426420,64
7,426432,67
7,426436,68
7,426464,75
7,426484,80
7,426492,82
7,426500,84
7,426512,87
7,426516,88
7,426548,96
7,426560,99
7,426568,101
7,426576,103
7,426596,108
7,426604,110
7,426620,114
7,426628,116
7,426632,117
7,426656,123
7,426688,131
7,426708,136
7,426744,145
7,426760,149
7,426780,4
7,426784,5
7,426804,10
7,426948,46
7,426956,48
7,427008,61
7,427044,70
7,427052,72
7,427080,79
7,427088,81
7,427096,83
7,427104,85
7,427108,86
7,427132,92
7,427136,93
7,427140,94
7,427144,95
7,427164,100
7,427172,102
7,427244,120
7,427260,124
7,427280,129
7,427284,130
7,427292,132
7,427316,138
7,427324,140
7,427332,142
7,427340,144
7,427376,3
7,427408,11
7,427424,15
7,427428,16
7,427432,17
7,427436,18
7,427440,19
7,427448,21
7,427452,22
7,427460,24
7,427464,25
7,427468,26
7,427476,28
7,427484,30
7,427488,31
7,427500,34
7,427508,36
7,427536,43
7,427560,49
7,427564,50
7,427580,54
7,427604,60
7,427612,62
7,427660,74
7,427668,76
7,427672,77
7,427676,78
7,427720,89
7,427752,97
7,427760,99
7,427780,104
7,427784,105
7,427820,114
7,427876,128
7,427904,135
7,427920,139
7,427928,141
7,427948,146
7,427952,147
7,427968,1
7,427984,5
7,428044,20
7,428056,23
7,428072,27
7,428080,29
7,428140,44
7,428144,45
7,428152,47
7,428168,51
7,428176,53
7,428184,55
7,428188,56
7,428192,57
7,428196,58
7,428200,59
7,428224,65
7,428248,71
7,428256,73
7,428308,86
7,428316,88
7,428324,90
7,428448,121
7,428452,122
7,428464,125
7,428472,127
7,428484,130
7,428496,133
7,428500,134
7,428532,142
7,428592,7
7,428616,13
7,428664,25
7,428668,26
7,428684,30
7,428692,32
7,428704,35
7,428716,38
7,428724,40
7,428748,46
7,428756,48
7,428764,50
7,428772,52
7,428812,62
7,428816,63
7,428828,66
7,428836,68
7,428840,69
7,428864,75
7,428884,80
7,428892,82
7,428900,84
7,428912,87
7,428928,91
7,428956,98
7,428960,99
7,428988,106
7,429020,114
7,429056,123
7,429068,126
7,429088,131
7,429112,137
7,429136,143
7,429144,145
7,429156,148
7,429184,5
7,429200,9
7,429212,12
7,429224,15
7,429228,16
7,429236,18
7,429240,19
7,429248,21
7,429252,22
7,429260,24
7,429276,28
7,429328,41
7,429332,42
7,429360,49
7,429380,54
7,429420,64
7,429432,67
7,429508,86
7,429592,107
7,429596,108
7,429600,109
7,429604,110
7,429608,111
7,429612,112
7,429616,113
7,429624,115
7,429632,117
7,429636,118
7,429644,120
7,429660,124
7,429680,129
7,429684,130
7,429692,132
7,429708,136
7,429720,139
7,429724,140
7,429728,141
7,429732,142
7,429740,144
7,429748,146
7,429760,149
7,429764,0
7,429820,14
7,429864,25
7,429884,30
7,429964,50
7,430004,60
7,430008,61
7,430012,62
7,430024,65
7,430044,70
7,430048,71
7,430052,72
7,430056,73
7,430060,74
7,430088,81
7,430104,85
7,430148,96
7,430160,99
7,430168,101
7,430176,103
7,430220,114
7,430228,116
7,430240,119
7,430276,128
7,430304,135
7,430316,138
7,430352,147
7,430372,2
7,430380,4
7,430384,5
7,430388,6
7,430396,8
7,430432,17
7,430520,39
7,430584,55
7,430616,63
7,430628,66
7,430636,68
7,430640,69
7,430668,76
7,430672,77
7,430676,78
7,430680,79
7,430696,83
7,430708,86
7,430720,89
7,430732,92
7,430736,93
7,430740,94
7,430744,95
7,430752,97
7,430764,100
7,430772,102
7,430780,104
7,430784,105
7,430884,130
7,430912,137
7,430932,142
7,430936,143
7,430944,145
7,430956,148
7,430968,1
7,430992,7
7,431064,25
7,431084,30
7,431096,33
7,431144,45
7,431164,50
7,431168,51
7,431176,53
7,431188,56
7,431192,57
7,431196,58
7,431200,59
7,431212,62
7,431220,64
7,431232,67
7,431264,75
7,431284,80
7,431292,82
7,431300,84
7,431312,87
7,431316,88
7,431324,90
7,431328,91
7,431356,98
7,431360,99
7,431420,114
7,431448,121
7,431452,122
7,431464,125
7,431472,127
7,431496,133
7,431500,134
7,431576,3
7,431584,5
7,431616,13
7,431644,20
7,431656,23
7,431668,26
7,431672,27
7,431680,29
7,431688,31
7,431700,34
7,431712,37
7,431736,43
7,431740,44
7,431748,46
7,431752,47
7,431756,48
7,431772,52
7,431804,60
7,431844,70
7,431848,71
7,431856,73
7,431904,85
7,431908,86
7,432056,123
7,432068,126
7,432084,130
7,432088,131
7,432104,135
7,432108,136
7,432120,139
7,432124,140
7,432128,141
7,432132,142
7,432140,144
7,432148,146
7,432160,149
7,432204,10
7,432224,15
7,432228,16
7,432232,17
7,432236,18
7,432240,19
7,432248,21
7,432252,22
7,432260,24
7,432264,25
7,432276,28
7,432284,30
7,432308,36
7,432324,40
7,432360,49
7,432364,50
7,432380,54
7,432384,55
7,432400,59
7,432408,61
7,432412,62
7,432452,72
7,432460,74
7,432468,76
7,432472,77
7,432476,78
7,432480,79
7,432488,81
7,432520,89
7,432548,96
7,432560,99
7,432576,103
7,432620,114
7,432644,120
7,432660,124
7,432676,128
7,432680,129
7,432692,132
7,432716,138
7,432752,147
7,432784,5
7,432800,9
7,432808,11
7,432856,23
7,432892,32
7,432904,35
7,432916,38
7,432944,45
7,432968,51
7,432976,53
7,432988,56
7,432992,57
7,432996,58
7,433016,63
7,433024,65
7,433028,66
7,433036,68
7,433040,69
7,433084,80
7,433096,83
7,433108,86
7,433132,92
7,433136,93
7,433140,94
7,433144,95
7,433152,97
7,433164,100
7,433168,101
7,433180,104
7,433188,106
7,433248,121
7,433252,122
7,433264,125
7,433272,127
7,433284,130
7,433296,133
7,433300,134
7,433312,137
7,433332,142
7,433336,143
7,433344,145
7,433356,148
7,433412,12
7,433444,20
7,433464,25
7,433472,27
7,433484,30
7,433496,33
7,433520,39
7,433528,41
7,433532,42
7,433548,46
7,433552,47
7,433556,48
7,433564,50
7,433572,52
7,433604,60
7,433612,62
7,433620,64
7,433632,67
7,433644,70
7,433648,71
7,433656,73
7,433664,75
7,433716,88
7,433728,91
7,433756,98
7,433760,99
7,433772,102
7,433792,107
7,433796,108
7,433800,109
7,433804,110
7,433808,111
7,433812,112
7,433816,113
7,433820,114
7,433824,115
7,433828,116
7,433832,117
7,433836,118
7,433840,119
7,433856,123
7,433868,126
7,433888,131
7,433904,135
7,433908,136
7,433920,139
7,433924,140
7,433928,141
7,433940,144
7,433948,146
7,433960,149
7,433964,0
7,433984,5
7,434020,14
7,434080,29
7,434088,31
7,434208,61
7,434252,72
7,434260,74
7,434292,82
7,434300,84
7,434304,85
7,434308,86
7,434312,87
7,434324,90
7,434384,105
7,434484,130
7,434516,138
7,434532,142
7,434552,147
7,434588,6
7,434596,8
7,434664,25
7,434684,30
7,434736,43
7,434764,50
7,434812,62
7,434816,63
7,434820,64
7,434824,65
7,434828,66
7,434832,67
7,434836,68
7,434840,69
7,434848,71
7,434856,73
7,434872,77
7,434948,96
7,434960,99
7,434976,103
7,435020,114
7,435112,137
7,435136,143
7,435144,145
7,435156,148
7,435172,2
7,435180,4
7,435184,5
7,435216,13
7,435300,34
7,435340,44
7,435360,49
7,435380,54
7,435384,55
7,435400,59
7,435404,60
7,435444,70
7,435468,76
7,435476,78
7,435480,79
7,435484,80
7,435488,81
7,435508,86
7,435520,89
7,435532,92
7,435536,93
7,435540,94
7,435544,95
7,435552,97
7,435556,98
7,435564,100
7,435568,101
7,435580,104
7,435644,120
7,435660,124
7,435676,128
7,435680,129
7,435684,130
7,435692,132
7,435732,142
7,435748,146
7,435768,1
7,435864,25
7,435868,26
7,435884,30
7,435908,36
7,435912,37
7,435944,45
7,435964,50
7,435968,51
7,435976,53
7,435988,56
7,435992,57
7,435996,58
7,436008,61
7,436012,62
7,436052,72
7,436060,74
7,436064,75
7,436092,82
7,436096,83
7,436100,84
7,436104,85
7,436116,88
7,436124,90
7,436128,91
7,436160,99
7,436172,102
7,436220,114
7,436248,121
7,436264,125
7,436272,127
7,436296,133
7,436300,134
7,436304,135
7,436308,136
7,436316,138
7,436320,139
7,436324,140
7,436328,141
7,436340,144
7,436360,149
7,436384,5
7,436424,15
7,436428,16
7,436432,17
7,436436,18
7,436440,19
7,436448,21
7,436452,22
7,436460,24
7,436476,28
7,436492,32
7,436516,38
7,436524,40
7,436548,46
7,436552,47
7,436556,48
7,436572,52
7,436620,64
7,436628,66
7,436640,69
7,436672,77
7,436708,86
7,436712,87
7,436852,122
7,436856,123
7,436868,126
7,436884,130
7,436888,131
7,436932,142
7,436952,147
7,437004,10
7,437044,20
7,437056,23
7,437064,25
7,437068,26
7,437072,27
7,437080,29
7,437084,30
7,437088,31
7,437096,33
7,437104,35
7,437120,39
7,437160,49
7,437164,50
7,437180,54
7,437212,62
7,437216,63
7,437224,65
7,437232,67
7,437236,68
7,437248,71
7,437256,73
7,437280,79
7,437288,81
7,437320,89
7,437348,96
7,437360,99
7,437376,103
7,437420,114
7,437444,120
7,437460,124
7,437476,128
7,437480,129
7,437492,132
7,437512,137
7,437536,143
7,437544,145
7,437556,148
7,437584,5
7,437612,12
7,437624,15
7,437628,16
7,437632,17
7,437636,18
7,437640,19
7,437648,21
7,437652,22
7,437660,24
7,437676,28
7,437728,41
7,437732,42
7,437736,43
7,437776,53
7,437784,55
7,437788,56
7,437796,58
7,437800,59
7,437804,60
7,437844,70
7,437860,74
7,437868,76
7,437876,78
7,437884,80
7,437896,83
7,437908,86
7,437932,92
7,437936,93
7,437940,94
7,437944,95
7,437952,97
7,437956,98
7,437964,100
7,437968,101
7,437980,104
7,438048,121
7,438064,125
7,438072,127
7,438084,130
7,438096,133
7,438100,134
7,438104,135
7,438108,136
7,438116,138
7,438120,139
7,438124,140
7,438128,141
7,438132,142
7,438140,144
7,438148,146
7,438160,149
7,438200,9
7,438208,11
7,438264,25
7,438284,30
7,438300,34
7,438308,36
7,438312,37
7,438340,44
7,438344,45
7,438348,46
7,438352,47
7,438356,48
7,438364,50
7,438368,51
7,438372,52
7,438392,57
7,438408,61
7,438412,62
7,438420,64
7,438428,66
7,438440,69
7,438452,72
7,438464,75
7,438472,77
7,438492,82
7,438500,84
7,438504,85
7,438516,88
7,438524,90
7,438528,91
7,438560,99
7,438572,102
7,438588,106
7,438592,107
7,438596,108
7,438600,109
7,438604,110
7,438608,111
7,438612,112
7,438620,114
7,438628,116
7,438632,117
7,438640,119
7,438652,122
7,438656,123
7,438668,126
7,438688,131
7,438752,147
7,438776,3
7,438784,5
7,438792,7
7,438892,32
7,438904,35
7,438916,38
7,438920,39
7,438924,40
7,438980,54
7,439016,63
7,439024,65
7,439032,67
7,439036,68
7,439044,70
7,439048,71
7,439056,73
7,439108,86
7,439112,87
7,439148,96
7,439184,105
7,439216,113
7,439224,115
7,439236,118
7,439244,120
7,439260,124
7,439276,128
7,439280,129
7,439284,130
7,439312,137
7,439320,139
7,439328,141
7,439332,142
7,439336,143
7,439340,144
7,439344,145
7,439356,148
7,439360,149
7,439364,0
7,439420,14
7,439464,25
7,439484,30
7,439488,31
7,439496,33
7,439560,49
7,439564,50
7,439604,60
7,439608,61
7,439612,62
7,439652,72
7,439660,74
7,439680,79
7,439688,81
7,439732,92
7,439736,93
7,439740,94
7,439744,95
7,439752,97
7,439760,99
7,439768,101
7,439776,103
7,439780,104
7,439820,114
7,439892,132
7,439904,135
7,439908,136
7,439916,138
7,439924,140
7,439948,146
7,439984,5
7,440128,41
7,440132,42
7,440136,43
7,440176,53
7,440184,55
7,440200,59
7,440220,64
7,440228,66
7,440236,68
7,440240,69
7,440256,73
7,440284,80
7,440308,86
7,440324,90
7,440328,91
7,440356,98
7,440364,100
7,440484,130
7,440532,142
7,440552,147
7,440664,25
7,440668,26
7,440684,30
7,440700,34
7,440764,50
7,440788,56
7,440796,58
7,440808,61
7,440812,62
7,440816,63
7,440824,65
7,440832,67
7,440844,70
7,440848,71
7,440864,75
7,440868,76
7,440872,77
7,440876,78
7,440892,82
7,440896,83
7,440900,84
7,440904,85
7,440916,88
7,440920,89
7,440948,96
7,440960,99
7,440972,102
7,441020,114
7,441048,121
7,441064,125
7,441072,127
7,441096,133
7,441100,134
7,441120,139
7,441128,141
7,441136,143
7,441140,144
7,441156,148
7,441184,5
7,441196,8
7,441244,20
7,441256,23
7,441272,27
7,441280,29
7,441308,36
7,441312,37
7,441316,38
7,441340,44
7,441344,45
7,441348,46
7,441368,51
7,441392,57
7,441404,60
7,441452,72
7,441460,74
7,441508,86
7,441576,103
7,441644,120
7,441652,122
7,441656,123
7,441660,124
7,441676,128
7,441680,129
7,441684,130
7,441688,131
7,441704,135
7,441708,136
7,441712,137
7,441724,140
7,441732,142
7,441744,145
7,441748,146
7,441760,149
7,441772,2
7,441824,15
7,441828,16
7,441836,18
7,441840,19
7,441848,21
7,441852,22
7,441860,24
7,441864,25
7,441876,28
7,441884,30
7,441888,31
7,441892,32
7,441896,33
7,441904,35
7,441920,39
7,441924,40
7,441952,47
7,441956,48
7,441964,50
7,441972,52
7,442012,62
7,442020,64
7,442028,66
7,442036,68
7,442040,69
7,442056,73
7,442080,79
7,442112,87
7,442132,92
7,442136,93
7,442140,94
7,442144,95
7,442152,97
7,442160,99
7,442168,101
7,442180,104
7,442220,114
7,442268,126
7,442292,132
7,442316,138
7,442352,147
7,442384,5
7,442388,6
7,442432,17
7,442444,20
7,442456,23
7,442468,26
7,442472,27
7,442480,29
7,442528,41
7,442532,42
7,442536,43
7,442580,54
7,442608,61
7,442616,63
7,442624,65
7,442632,67
7,442644,70
7,442648,71
7,442684,80
7,442688,81
7,442708,86
7,442724,90
7,442728,91
7,442756,98
7,442764,100
7,442800,109
7,442804,110
7,442832,117
7,442848,121
7,442864,125
7,442872,127
7,442884,130
7,442896,133
7,442900,134
7,442920,139
7,442932,142
7,442936,143
7,442940,144
7,442956,148
7,443064,25
7,443084,30
7,443100,34
7,443112,37
7,443116,38
7,443140,44
7,443160,49
7,443164,50
7,443176,53
7,443184,55
7,443200,59
7,443204,60
7,443212,62
7,443228,66
7,443252,72
7,443260,74
7,443264,75
7,443292,82
7,443300,84
7,443320,89
7,443348,96
7,443360,99
7,443372,102
7,443388,106
7,443392,107
7,443396,108
7,443408,111
7,443412,112
7,443420,114
7,443424,115
7,443428,116
7,443440,119
7,443444,120
7,443452,122
7,443456,123
7,443460,124
7,443476,128
7,443480,129
7,443488,131
7,443504,135
7,443508,136
7,443512,137
7,443524,140
7,443528,141
7,443544,145
7,443548,146
7,443560,149
7,443580,4
7,443584,5
7,443608,11
7,443704,35
7,443708,36
7,443720,39
7,443744,45
7,443768,51
7,443788,56
7,443792,57
7,443796,58
7,443808,61
7,443816,63
7,443820,64
7,443824,65
7,443832,67
7,443836,68
7,443840,69
7,443844,70
7,443848,71
7,443856,73
7,443868,76
7,443872,77
7,443876,78
7,443896,83
7,443904,85
7,443908,86
7,443916,88
7,443944,95
7,443976,103
7,443984,105
7,444004,110
7,444016,113
7,444036,118
7,444068,126
7,444084,130
7,444116,138
7,444120,139
7,444132,142
7,444140,144
7,444152,147
7,444156,148
7,444168,1
7,444204,10
7,444264,25
7,444284,30
7,444288,31
7,444292,32
7,444296,33
7,444324,40
7,444348,46
7,444352,47
7,444356,48
7,444364,50
7,444372,52
7,444404,60
7,444412,62
7,444460,74
7,444480,79
7,444512,87
7,444532,92
7,444536,93
7,444540,94
7,444552,97
7,444560,99
7,444568,101
7,444580,104
7,444600,109
7,444620,114
7,444632,117
7,444692,132
7,444736,143
7,444784,5
7,444800,9
7,444812,12
7,444816,13
7,444828,16
7,444840,19
7,444876,28
7,444928,41
7,444936,43
7,445028,66
7,445052,72
7,445108,86
7,445124,90
7,445128,91
7,445148,96
7,445156,98
7,445164,100
7,445264,125
7,445284,130
7,445304,135
7,445308,136
7,445312,137
7,445324,140
7,445328,141
7,445332,142
7,445344,145
7,445348,146
7,445360,149
7,445392,7
7,445424,15
7,445436,18
7,445448,21
7,445460,24
7,445464,25
7,445484,30
7,445500,34
7,445512,37
7,445516,38
7,445532,42
7,445540,44
7,445564,50
7,445580,54
7,445608,61
7,445612,62
7,445616,63
7,445620,64
7,445624,65
7,445632,67
7,445636,68
7,445640,69
7,445644,70
7,445648,71
7,445656,73
7,445684,80
7,445744,95
7,445760,99
7,445772,102
7,445788,106
7,445820,114
7,445848,121
7,445872,127
7,445896,133
7,445900,134
7,445976,3
7,445984,5
7,446052,22
7,446104,35
7,446108,36
7,446120,39
7,446204,60
7,446260,74
7,446288,81
7,446300,84
7,446308,86
7,446332,92
7,446336,93
7,446352,97
7,446376,103
7,446424,115
7,446428,116
7,446444,120
7,446452,122
7,446456,123
7,446460,124
7,446468,126
7,446476,128
7,446480,129
7,446484,130
7,446488,131
7,446516,138
7,446520,139
7,446532,142
7,446540,144
7,446552,147
7,446628,16
7,446632,17
7,446636,18
7,446640,19
7,446644,20
7,446656,23
7,446664,25
7,446668,26
7,446672,27
7,446676,28
7,446680,29
7,446684,30
7,446688,31
7,446692,32
7,446696,33
7,446724,40
7,446728,41
7,446736,43
7,446764,50
7,446776,53
7,446812,62
7,446828,66
7,446852,72
7,446928,91
7,446940,94
7,446960,99
7,446964,100
7,446968,101
7,446980,104
7,446992,107
7,446996,108
7,447008,111
7,447020,114
7,447040,119
7,447064,125
7,447092,132
7,447136,143
7,447156,148
7,447184,5
7,447224,15
7,447248,21
7,447300,34
7,447312,37
7,447316,38
7,447332,42
7,447340,44
7,447360,49
7,447384,55
7,447388,56
7,447392,57
7,447396,58
7,447400,59
7,447408,61
7,447416,63
7,447420,64
7,447424,65
7,447432,67
7,447436,68
7,447440,69
7,447444,70
7,447448,71
7,447456,73
7,447464,75
7,447468,76
7,447472,77
7,447492,82
7,447504,85
7,447508,86
7,447516,88
7,447520,89
7,447524,90
7,447548,96
7,447556,98
7,447584,105
7,447604,110
7,447612,112
7,447616,113
7,447636,118
7,447648,121
7,447672,127
7,447684,130
7,447696,133
7,447700,134
7,447704,135
7,447708,136
7,447712,137
7,447724,140
7,447728,141
7,447732,142
7,447744,145
7,447748,146
7,447760,149
7,447864,25
7,447884,30
7,447904,35
7,447908,36
7,447944,45
7,447964,50
7,447968,51
7,448004,60
7,448012,62
7,448060,74
7,448076,78
7,448080,79
7,448096,83
7,448144,95
7,448160,99
7,448188,106
7,448200,109
7,448220,114
7,448232,117
7,448252,122
7,448288,131
7,448316,138
7,448320,139
7,448340,144
7,448352,147
7,448364,0
7,448384,5
7,448460,24
7,448520,39
7,448548,46
7,448552,47
7,448556,48
7,448572,52
7,448628,66
7,448652,72
7,448684,80
7,448688,81
7,448708,86
7,448712,87
7,448752,97
7,448772,102
7,448792,107
7,448796,108
7,448808,111
7,448824,115
7,448828,116
7,448840,119
7,448860,124
7,448876,128
7,448884,130
7,448932,142
7,448936,143
7,448956,148
7,449064,25
7,449084,30
7,449088,31
7,449092,32
7,449096,33
7,449124,40
7,449128,41
7,449136,43
7,449164,50
7,449180,54
7,449212,62
7,449216,63
7,449220,64
7,449224,65
7,449232,67
7,449236,68
7,449240,69
7,449244,70
7,449256,73
7,449328,91
7,449332,92
7,449336,93
7,449340,94
7,449360,99
7,449364,100
7,449368,101
7,449376,103
7,449380,104
7,449420,114
7,449444,120
7,449456,123
7,449468,126
7,449480,129
7,449584,5
7,449652,22
7,449700,34
7,449712,37
7,449716,38
7,449732,42
7,449740,44
7,449808,61
7,449848,71
7,449900,84
7,449908,86
7,449924,90
7,449948,96
7,449956,98
7,450064,125
7,450084,130
7,450092,132
7,450096,133
7,450104,135
7,450108,136
7,450124,140
7,450132,142
7,450144,145
7,450148,146
7,450160,149
7,450172,2
7,450180,4
7,450188,6
7,450220,14
7,450264,25
7,450276,28
7,450284,30
7,450304,35
7,450308,36
7,450320,39
7,450360,49
7,450364,50
7,450376,53
7,450392,57
7,450396,58
7,450400,59
7,450404,60
7,450412,62
7,450460,74
7,450472,77
7,450516,88
7,450544,95
7,450552,97
7,450560,99
7,450572,102
7,450584,105
7,450616,113
7,450620,114
7,450636,118
7,450648,121
7,450660,124
7,450672,127
7,450688,131
7,450700,134
7,450712,137
7,450720,139
7,450728,141
7,450768,1
7,450784,5
7,450796,8
7,450800,9
7,450804,10
7,450808,11
7,450812,12
7,450944,45
7,450984,55
7,450988,56
7,451028,66
7,451036,68
7,451052,72
7,451064,75
7,451068,76
7,451092,82
7,451104,85
7,451108,86
7,451120,89
7,451140,94
7,451188,106
7,451204,110
7,451212,112
7,451252,122
7,451276,128
7,451284,130
7,451316,138
7,451332,142
7,451340,144
7,451352,147
7,451376,3
7,451392,7
7,451416,13
7,451424,15
7,451436,18
7,451464,25
7,451484,30
7,451488,31
7,451524,40
7,451528,41
7,451536,43
7,451564,50
7,451568,51
7,451612,62
7,451616,63
7,451620,64
7,451624,65
7,451632,67
7,451644,70
7,451676,78
7,451680,79
7,451696,83
7,451728,91
7,451732,92
7,451736,93
7,451760,99
7,451764,100
7,451768,101
7,451776,103
7,451780,104
7,451820,114
7,451832,117
7,451936,143
7,451964,0
7,451984,5
7,452040,19
7,452044,20
7,452092,32
7,452096,33
7,452100,34
7,452112,37
7,452116,38
7,452132,42
7,452148,46
7,452152,47
7,452156,48
7,452172,52
7,452180,54
7,452208,61
7,452240,69
7,452248,71
7,452256,73
7,452284,80
7,452308,86
7,452312,87
7,452324,90
7,452344,95
7,452348,96
7,452352,97
7,452356,98
7,452396,108
7,452408,111
7,452440,119
7,452484,130
7,452508,136
7,452532,142
7,452544,145
7,452556,148
7,452572,2
7,452580,4
7,452588,6
7,452656,23
7,452664,25
7,452672,27
7,452684,30
7,452720,39
7,452740,44
7,452760,49
7,452764,50
7,452776,53
7,452788,56
7,452792,57
7,452796,58
7,452800,59
7,452812,62
7,452888,81
7,452900,84
7,452916,88
7,452960,99
7,452972,102
7,453000,109
7,453020,114
7,453024,115
7,453028,116
7,453044,120
7,453068,126
7,453080,129
7,453104,135
7,453148,146
7,453168,1
7,453184,5
7,453196,8
7,453200,9
7,453204,10
7,453212,12
7,453220,14
7,453248,21
7,453268,26
7,453280,29
7,453304,35
7,453308,36
7,453344,45
7,453384,55
7,453464,75
7,453468,76
7,453472,77
7,453504,85
7,453508,86
7,453520,89
7,453528,91
7,453536,93
7,453540,94
7,453564,100
7,453568,101
7,453576,103
7,453656,123
7,453684,130
7,453724,140
7,453728,141
7,453732,142
7,453760,149
7,453776,3
7,453792,7
7,453808,11
7,453816,13
7,453832,17
7,453860,24
7,453864,25
7,453884,30
7,453888,31
7,453924,40
7,453928,41
7,453936,43
7,453952,47
7,453964,50
7,453968,51
7,454004,60
7,454012,62
7,454060,74
7,454080,79
7,454092,82
7,454124,90
7,454132,92
7,454144,95
7,454148,96
7,454152,97
7,454156,98
7,454160,99
7,454180,104
7,454192,107
7,454220,114
7,454292,132
7,454296,133
7,454300,134
7,454364,0
7,454384,5
7,454388,6
7,454492,32
7,454496,33
7,454548,46
7,454556,48
7,454572,52
7,454580,54
7,454676,78
7,454696,83
7,454708,86
7,454712,87
7,454772,102
7,454848,121
7,454884,130
7,454932,142
7,454972,2
7,454980,4
7,455028,16
7,455064,25
7,455084,30
7,455100,34
7,455112,37
7,455116,38
7,455120,39
7,455132,42
7,455140,44
7,455160,49
7,455164,50
7,455176,53
7,455188,56
7,455192,57
7,455196,58
7,455200,59
7,455212,62
7,455224,65
7,455284,80
7,455360,99
7,455420,114
7,455476,128
7,455512,137
7,455520,139
7,455568,1
7,455584,5
7,455596,8
7,455600,9
7,455708,36
7,455744,45
7,455784,55
7,455832,67
7,455888,81
7,455908,86
7,455916,88
7,455928,91
7,455940,94
7,455964,100
7,455968,101
7,455976,103
7,456060,124
7,456064,125
7,456072,127
7,456084,130
7,456116,138
7,456132,142
7,456204,10
7,456212,12
7,456220,14
7,456264,25
7,456284,30
7,456304,35
7,456324,40
7,456328,41
7,456336,43
7,456364,50
7,456412,62
7,456428,66
7,456436,68
7,456464,75
7,456536,93
7,456560,99
7,456620,114
7,456652,122
7,456688,131
7,456784,5
7,456792,7
7,456816,13
7,456888,31
7,456952,47
7,456968,51
7,457068,76
7,457072,77
7,457080,79
7,457100,84
7,457104,85
7,457108,86
7,457120,89
7,457284,130
7,457332,142
7,457352,147
7,457376,3
7,457408,11
7,457464,25
7,457484,30
7,457492,32
7,457496,33
7,457540,44
7,457556,48
7,457564,50
7,457572,52
7,457612,62
7,457616,63
7,457620,64
7,457644,70
7,457652,72
7,457752,97
7,457760,99
7,457780,104
7,457820,114
7,457868,126
7,457936,143
7,457984,5
7,458120,39
7,458132,42
7,458148,46
7,458308,86
7,458356,98
7,458484,130
7,458532,142
7,458664,25
7,458684,30
7,458700,34
7,458716,38
7,458764,50
7,458812,62
7,458840,69
7,458876,78
7,458892,82
7,458960,99
7,459020,114
7,459140,144
7,459184,5
7,459312,37
7,459380,54
7,459392,57
7,459408,61
7,459508,86
7,459524,90
7,459544,95
7,459584,105
7,459588,106
7,459684,130
7,459732,142
7,459744,145
7,459864,25
7,459884,30
7,459964,50
7,460012,62
7,460056,73
7,460160,99
7,460212,112
7,460220,114
7,460236,118
7,460384,5
7,460708,86
7,460712,87
7,460748,96
7,460816,113
7,460880,129
7,460884,130
7,460908,136
7,460932,142
7,460948,146
7,461084,30
7,461104,35
7,461108,36
7,461164,50
7,461212,62
7,461296,83
7,461420,114
7,461432,117
7,461444,120
7,461796,58
7,461848,71
7,461908,86
7,461932,92
7,462004,110
7,462084,130
7,462132,142
7,462360,49
7,462412,62
7,462620,114
7,462640,119
7,462788,6
7,462928,41
7,462988,56
8,463212,0
8,463232,5
8,463312,25
8,463324,28
8,463332,30
8,463412,50
8,463460,62
8,463532,80
8,463536,81
8,463556,86
8,463608,99
8,463704,123
8,463752,135
8,463900,22
8,463972,40
8,464024,53
8,464108,74
8,464332,130
8,464416,1
8,464420,2
8,464428,4
8,464432,5
8,464448,9
8,464472,15
8,464484,18
8,464488,19
8,464492,20
8,464496,21
8,464504,23
8,464508,24
8,464512,25
8,464516,26
8,464528,29
8,464532,30
8,464536,31
8,464584,43
8,464588,44
8,464592,45
8,464612,50
8,464632,55
8,464648,59
8,464660,62
8,464756,86
8,464764,88
8,464808,99
8,464820,102
8,464856,111
8,464896,121
8,464908,124
8,464912,125
8,464924,128
8,464940,132
8,464944,133
8,464948,134
8,464980,142
8,465008,149
8,465024,3
8,465040,7
8,465044,8
8,465052,10
8,465056,11
8,465060,12
8,465064,13
8,465068,14
8,465076,16
8,465080,17
8,465120,27
8,465140,32
8,465144,33
8,465148,34
8,465164,38
8,465168,39
8,465180,42
8,465216,51
8,465312,75
8,465316,76
8,465320,77
8,465368,89
8,465376,91
8,465384,93
8,465388,94
8,465416,101
8,465424,103
8,465468,114
8,465476,116
8,465500,122
8,465520,127
8,465532,130
8,465632,5
8,465712,25
8,465732,30
8,465756,36
8,465760,37
8,465772,40
8,465796,46
8,465800,47
8,465804,48
8,465812,50
8,465820,52
8,465828,54
8,465840,57
8,465852,60
8,465860,62
8,465924,78
8,465928,79
8,465940,82
8,465948,84
8,465952,85
8,465956,86
8,466004,98
8,466008,99
8,466012,100
8,466044,108
8,466116,126
8,466136,131
8,466172,140
8,466180,142
8,466212,0
8,466236,6
8,466352,35
8,466376,41
8,466472,65
8,466476,66
8,466480,67
8,466560,87
8,466628,104
8,466668,114
8,466692,120
8,466704,123
8,466728,129
8,466732,130
8,466776,141
8,466804,148
8,466832,5
8,466900,22
8,466912,25
8,466924,28
8,466932,30
8,467012,50
8,467024,53
8,467044,58
8,467060,62
8,467064,63
8,467132,80
8,467136,81
8,467144,83
8,467156,86
8,467192,95
8,467196,96
8,467200,97
8,467208,99
8,467240,107
8,467248,109
8,467272,115
8,467348,134
8,467380,142
8,467668,64
8,467684,68
8,467764,88
8,467780,92
8,467932,130
8,468020,2
8,468028,4
8,468032,5
8,468112,25
8,468132,30
8,468212,50
8,468236,56
8,468260,62
8,468300,72
8,468304,73
8,468356,86
8,468372,90
8,468408,99
8,468580,142
8,468684,18
8,468736,31
8,468856,61
8,468892,70
8,469108,124
8,469132,130
8,469144,133
8,469164,138
8,469232,5
8,469288,19
8,469304,23
8,469312,25
8,469384,43
8,469408,49
8,469460,62
8,469556,86
8,469568,89
8,469608,99
8,469696,121
8,469760,137
8,469816,1
8,469824,3
8,469844,8
8,469848,9
8,469856,11
8,469872,15
8,469896,21
8,469908,24
8,469932,30
8,469944,33
8,469964,38
8,469988,44
8,469992,45
8,470012,50
8,470032,55
8,470048,59
8,470088,69
8,470112,75
8,470116,76
8,470120,77
8,470124,78
8,470128,79
8,470140,82
8,470152,85
8,470220,102
8,470268,114
8,470300,122
8,470312,125
8,470320,127
8,470324,128
8,470332,130
8,470340,132
8,470368,139
8,470384,143
8,470412,0
8,470432,5
8,470440,7
8,470452,10
8,470460,12
8,470464,13
8,470468,14
8,470480,17
8,470492,20
8,470512,25
8,470516,26
8,470520,27
8,470528,29
8,470540,32
8,470548,34
8,470556,36
8,470560,37
8,470568,39
8,470572,40
8,470580,42
8,470596,46
8,470600,47
8,470604,48
8,470616,51
8,470620,52
8,470628,54
8,470640,57
8,470660,62
8,470696,71
8,470732,80
8,470736,81
8,470744,83
8,470748,84
8,470756,86
8,470760,87
8,470776,91
8,470788,94
8,470808,99
8,470816,101
8,470892,120
8,470904,123
8,470916,126
8,470928,129
8,470936,131
8,470948,134
8,470980,142
8,470992,145
8,471000,147
8,471020,2
8,471036,6
8,471076,16
8,471100,22
8,471132,30
8,471136,31
8,471152,35
8,471176,41
8,471208,49
8,471212,50
8,471224,53
8,471236,56
8,471244,58
8,471364,88
8,471380,92
8,471384,93
8,471392,95
8,471404,98
8,471412,100
8,471424,103
8,471436,106
8,471468,114
8,471496,121
8,471508,124
8,471532,130
8,471544,133
8,471552,135
8,471556,136
8,471588,144
8,471596,146
8,471608,149
8,471616,1
8,471624,3
8,471628,4
8,471632,5
8,471644,8
8,471648,9
8,471656,11
8,471684,18
8,471696,21
8,471704,23
8,471712,25
8,471724,28
8,471744,33
8,471784,43
8,471788,44
8,471792,45
8,471832,55
8,471848,59
8,471860,62
8,471940,82
8,471952,85
8,471956,86
8,471968,89
8,471996,96
8,472000,97
8,472008,99
8,472028,104
8,472032,105
8,472100,122
8,472112,125
8,472120,127
8,472124,128
8,472140,132
8,472160,137
8,472172,140
8,472176,141
8,472180,142
8,472204,148
8,472212,0
8,472240,7
8,472252,10
8,472260,12
8,472264,13
8,472268,14
8,472272,15
8,472280,17
8,472288,19
8,472308,24
8,472320,27
8,472332,30
8,472340,32
8,472348,34
8,472356,36
8,472360,37
8,472364,38
8,472372,40
8,472380,42
8,472396,46
8,472400,47
8,472404,48
8,472412,50
8,472416,51
8,472420,52
8,472428,54
8,472440,57
8,472508,74
8,472512,75
8,472516,76
8,472520,77
8,472524,78
8,472528,79
8,472544,83
8,472548,84
8,472572,90
8,472668,114
8,472692,120
8,472704,123
8,472716,126
8,472728,129
8,472732,130
8,472736,131
8,472748,134
8,472764,138
8,472832,5
8,472892,20
8,472912,25
8,472916,26
8,472928,29
8,472952,35
8,472968,39
8,473008,49
8,473024,53
8,473052,60
8,473060,62
8,473064,63
8,473076,66
8,473080,67
8,473132,80
8,473136,81
8,473156,86
8,473160,87
8,473208,99
8,473220,102
8,473260,112
8,473284,118
8,473296,121
8,473308,124
8,473344,133
8,473380,142
8,473420,2
8,473436,6
8,473448,9
8,473532,30
8,473536,31
8,473576,41
8,473612,50
8,473636,56
8,473644,58
8,473668,64
8,473672,65
8,473692,70
8,473704,73
8,473752,85
8,473764,88
8,473868,114
8,473932,130
8,473968,139
8,473984,143
8,474000,147
8,474016,1
8,474024,3
8,474028,4
8,474032,5
8,474044,8
8,474056,11
8,474100,22
8,474112,25
8,474260,62
8,474300,72
8,474340,82
8,474344,83
8,474356,86
8,474368,89
8,474408,99
8,474476,116
8,474500,122
8,474512,125
8,474520,127
8,474524,128
8,474540,132
8,474580,142
8,474676,16
8,474732,30
8,474812,50
8,474832,55
8,474856,61
8,474884,68
8,474888,69
8,474916,76
8,474920,77
8,474924,78
8,474928,79
8,474948,84
8,475064,113
8,475068,114
8,475092,120
8,475128,129
8,475132,130
8,475136,131
8,475148,134
8,475212,0
8,475232,5
8,475264,13
8,475284,18
8,475312,25
8,475372,40
8,475460,62
8,475512,75
8,475536,81
8,475556,86
8,475560,87
8,475608,99
8,475640,107
8,475680,117
8,475704,123
8,475780,142
8,475852,10
8,475904,23
8,475932,30
8,475944,33
8,475988,44
8,476012,50
8,476132,80
8,476244,108
8,476252,110
8,476268,114
8,476332,130
8,476392,145
8,476432,5
8,476460,12
8,476512,25
8,476556,36
8,476660,62
8,476756,86
8,476788,94
8,476808,99
8,476888,119
8,476988,144
8,477040,7
8,477068,14
8,477072,15
8,477108,24
8,477120,27
8,477124,28
8,477132,30
8,477140,32
8,477148,34
8,477160,37
8,477164,38
8,477180,42
8,477184,43
8,477192,45
8,477196,46
8,477204,48
8,477212,50
8,477216,51
8,477220,52
8,477228,54
8,477240,57
8,477248,59
8,477296,71
8,477340,82
8,477352,85
8,477364,88
8,477368,89
8,477376,91
8,477380,92
8,477404,98
8,477412,100
8,477416,101
8,477424,103
8,477448,109
8,477456,111
8,477468,114
8,477472,115
8,477496,121
8,477508,124
8,477516,126
8,477532,130
8,477544,133
8,477552,135
8,477556,136
8,477560,137
8,477572,140
8,477576,141
8,477580,142
8,477596,146
8,477604,148
8,477608,149
8,477620,2
8,477632,5
8,477636,6
8,477648,9
8,477656,11
8,477680,17
8,477688,19
8,477692,20
8,477696,21
8,477712,25
8,477728,29
8,477752,35
8,477768,39
8,477776,41
8,477800,47
8,477808,49
8,477824,53
8,477836,56
8,477860,62
8,477880,67
8,477908,74
8,477912,75
8,477916,76
8,477920,77
8,477936,81
8,477944,83
8,477948,84
8,477956,86
8,477984,93
8,477992,95
8,477996,96
8,478000,97
8,478008,99
8,478028,104
8,478092,120
8,478100,122
8,478124,128
8,478140,132
8,478164,138
8,478184,143
8,478200,147
8,478212,0
8,478216,1
8,478224,3
8,478228,4
8,478244,8
8,478252,10
8,478260,12
8,478264,13
8,478276,16
8,478300,22
8,478316,26
8,478332,30
8,478336,31
8,478344,33
8,478372,40
8,478412,50
8,478432,55
8,478444,58
8,478464,63
8,478524,78
8,478528,79
8,478532,80
8,478560,87
8,478572,90
8,478620,102
8,478632,105
8,478636,106
8,478660,112
8,478668,114
8,478684,118
8,478704,123
8,478712,125
8,478720,127
8,478728,129
8,478732,130
8,478736,131
8,478748,134
8,478752,135
8,478768,139
8,478780,142
8,478788,144
8,478792,145
8,478832,5
8,478840,7
8,478868,14
8,478884,18
8,478904,23
8,478908,24
8,478912,25
8,478956,36
8,478960,37
8,478988,44
8,478992,45
8,478996,46
8,479004,48
8,479016,51
8,479020,52
8,479028,54
8,479040,57
8,479060,62
8,479104,73
8,479140,82
8,479152,85
8,479156,86
8,479164,88
8,479168,89
8,479188,94
8,479208,99
8,479240,107
8,479244,108
8,479252,110
8,479264,113
8,479276,116
8,479280,117
8,479288,119
8,479296,121
8,479308,124
8,479344,133
8,479356,136
8,479360,137
8,479372,140
8,479376,141
8,479396,146
8,479404,148
8,479408,149
8,479420,2
8,479436,6
8,479448,9
8,479456,11
8,479472,15
8,479480,17
8,479496,21
8,479520,27
8,479524,28
8,479528,29
8,479532,30
8,479540,32
8,479548,34
8,479552,35
8,479564,38
8,479580,42
8,479584,43
8,479600,47
8,479608,49
8,479612,50
8,479624,53
8,479636,56
8,479648,59
8,479652,60
8,479668,64
8,479672,65
8,479676,66
8,479692,70
8,479700,72
8,479712,75
8,479716,76
8,479736,81
8,479744,83
8,479748,84
8,479848,109
8,479868,114
8,479872,115
8,479916,126
8,479924,128
8,479932,130
8,479964,138
8,479980,142
8,479984,143
8,480000,147
8,480016,1
8,480024,3
8,480028,4
8,480032,5
8,480044,8
8,480052,10
8,480060,12
8,480088,19
8,480092,20
8,480112,25
8,480168,39
8,480176,41
8,480232,55
8,480244,58
8,480256,61
8,480260,62
8,480284,68
8,480320,77
8,480324,78
8,480332,80
8,480356,86
8,480404,98
8,480408,99
8,480456,111
8,480492,120
8,480500,122
8,480512,125
8,480536,131
8,480540,132
8,480552,135
8,480568,139
8,480588,144
8,480592,145
8,480612,0
8,480640,7
8,480664,13
8,480668,14
8,480716,26
8,480732,30
8,480736,31
8,480772,40
8,480812,50
8,480828,54
8,480888,69
8,480928,79
8,480960,87
8,480964,88
8,481012,100
8,481024,103
8,481032,105
8,481060,112
8,481068,114
8,481104,123
8,481120,127
8,481128,129
8,481132,130
8,481148,134
8,481180,142
8,481232,5
8,481300,22
8,481312,25
8,481344,33
8,481388,44
8,481392,45
8,481416,51
8,481420,52
8,481440,57
8,481460,62
8,481496,71
8,481508,74
8,481512,75
8,481516,76
8,481544,83
8,481552,85
8,481556,86
8,481568,89
8,481608,99
8,481684,118
8,481696,121
8,481708,124
8,481744,133
8,481808,149
8,481820,2
8,481836,6
8,481848,9
8,481856,11
8,481932,30
8,481956,36
8,481996,46
8,482004,48
8,482012,50
8,482064,63
8,482136,81
8,482140,82
8,482148,84
8,482236,106
8,482268,114
8,482332,130
8,482356,136
8,482376,141
8,482380,142
8,482396,146
8,482432,5
8,482508,24
8,482512,25
8,482624,53
8,482660,62
8,482680,67
8,482704,73
8,482720,77
8,482724,78
8,482732,80
8,482756,86
8,482808,99
8,482852,110
8,482864,113
8,482888,119
8,482916,126
8,482924,128
8,482972,140
8,483024,3
8,483132,30
8,483164,38
8,483212,50
8,483292,70
8,483440,107
8,483444,108
8,483468,114
8,483476,116
8,483512,125
8,483532,130
8,483560,137
8,483580,142
8,483628,4
8,483632,5
8,483676,16
8,483712,25
8,483752,35
8,483860,62
8,483956,86
8,483960,87
8,483980,92
8,484008,99
8,484080,117
8,484136,131
8,484204,148
8,484216,1
8,484252,10
8,484260,12
8,484272,15
8,484284,18
8,484304,23
8,484332,30
8,484348,34
8,484360,37
8,484380,42
8,484400,47
8,484412,50
8,484436,56
8,484452,60
8,484456,61
8,484472,65
8,484476,66
8,484484,68
8,484500,72
8,484512,75
8,484564,88
8,484616,101
8,484648,109
8,484668,114
8,484672,115
8,484692,120
8,484700,122
8,484732,130
8,484740,132
8,484780,142
8,484812,0
8,484832,5
8,484840,7
8,484844,8
8,484864,13
8,484868,14
8,484896,21
8,484912,25
8,484972,40
8,484984,43
8,485008,49
8,485032,55
8,485044,58
8,485060,62
8,485068,64
8,485116,76
8,485128,79
8,485140,82
8,485144,83
8,485148,84
8,485152,85
8,485156,86
8,485168,89
8,485176,91
8,485184,93
8,485192,95
8,485196,96
8,485200,97
8,485208,99
8,485228,104
8,485232,105
8,485256,111
8,485260,112
8,485304,123
8,485320,127
8,485328,129
8,485364,138
8,485368,139
8,485384,143
8,485392,145
8,485400,147
8,485448,9
8,485456,11
8,485480,17
8,485488,19
8,485492,20
8,485520,27
8,485524,28
8,485528,29
8,485532,30
8,485540,32
8,485568,39
8,485576,41
8,485612,50
8,485648,59
8,485688,69
8,485720,77
8,485724,78
8,485732,80
8,485736,81
8,485772,90
8,485820,102
8,485836,106
8,485840,107
8,485844,108
8,485852,110
8,485864,113
8,485868,114
8,485872,115
8,485876,116
8,485880,117
8,485884,118
8,485888,119
8,485896,121
8,485908,124
8,485932,130
8,485944,133
8,485948,134
8,485952,135
8,485956,136
8,485960,137
8,485972,140
8,485976,141
8,485980,142
8,485988,144
8,485996,146
8,486004,148
8,486008,149
8,486016,1
8,486020,2
8,486024,3
8,486028,4
8,486032,5
8,486036,6
8,486076,16
8,486100,22
8,486108,24
8,486112,25
8,486116,26
8,486136,31
8,486188,44
8,486192,45
8,486216,51
8,486220,52
8,486228,54
8,486260,62
8,486312,75
8,486356,86
8,486360,87
8,486364,88
8,486388,94
8,486404,98
8,486408,99
8,486412,100
8,486424,103
8,486448,109
8,486516,126
8,486652,10
8,486660,12
8,486672,15
8,486684,18
8,486696,21
8,486704,23
8,486732,30
8,486744,33
8,486756,36
8,486796,46
8,486804,48
8,486812,50
8,486824,53
8,486840,57
8,486896,71
8,486908,74
8,487016,101
8,487032,105
8,487036,106
8,487056,111
8,487060,112
8,487068,114
8,487092,120
8,487112,125
8,487124,128
8,487132,130
8,487136,131
8,487164,138
8,487168,139
8,487180,142
8,487184,143
8,487192,145
8,487200,147
8,487212,0
8,487232,5
8,487240,7
8,487244,8
8,487264,13
8,487268,14
8,487280,17
8,487288,19
8,487292,20
8,487312,25
8,487320,27
8,487324,28
8,487328,29
8,487348,34
8,487352,35
8,487360,37
8,487364,38
8,487380,42
8,487400,47
8,487408,49
8,487432,55
8,487436,56
8,487444,58
8,487460,62
8,487464,63
8,487480,67
8,487492,70
8,487504,73
8,487516,76
8,487528,79
8,487536,81
8,487540,82
8,487544,83
8,487548,84
8,487552,85
8,487556,86
8,487568,89
8,487608,99
8,487640,107
8,487644,108
8,487652,110
8,487664,113
8,487672,115
8,487676,116
8,487680,117
8,487684,118
8,487688,119
8,487728,129
8,487740,132
8,487752,135
8,487756,136
8,487760,137
8,487772,140
8,487776,141
8,487788,144
8,487796,146
8,487804,148
8,487808,149
8,487848,9
8,487856,11
8,487932,30
8,487940,32
8,487984,43
8,488012,50
8,488120,77
8,488124,78
8,488132,80
8,488180,92
8,488248,109
8,488268,114
8,488300,122
8,488332,130
8,488380,142
8,488424,3
8,488432,5
8,488512,25
8,488572,40
8,488576,41
8,488652,60
8,488660,62
8,488684,68
8,488700,72
8,488756,86
8,488808,99
8,488828,104
8,488836,106
8,488856,111
8,488860,112
8,488896,121
8,488904,123
8,488908,124
8,488920,127
8,489016,1
8,489020,2
8,489028,4
8,489036,6
8,489108,24
8,489132,30
8,489136,31
8,489168,39
8,489188,44
8,489212,50
8,489248,59
8,489256,61
8,489268,64
8,489272,65
8,489276,66
8,489312,75
8,489360,87
8,489364,88
8,489384,93
8,489392,95
8,489396,96
8,489400,97
8,489432,105
8,489440,107
8,489444,108
8,489452,110
8,489464,113
8,489468,114
8,489472,115
8,489476,116
8,489480,117
8,489488,119
8,489516,126
8,489532,130
8,489544,133
8,489548,134
8,489564,138
8,489568,139
8,489580,142
8,489584,143
8,489592,145
8,489600,147
8,489632,5
8,489660,12
8,489712,25
8,489860,62
8,489888,69
8,489956,86
8,489972,90
8,490008,99
8,490048,109
8,490084,118
8,490092,120
8,490112,125
8,490208,149
8,490252,10
8,490332,30
8,490392,45
8,490412,50
8,490480,67
8,490492,70
8,490496,71
8,490504,73
8,490508,74
8,490568,89
8,490576,91
8,490636,106
8,490660,112
8,490668,114
8,490732,130
8,490736,131
8,490756,136
8,490760,137
8,490772,140
8,490776,141
8,490780,142
8,490788,144
8,490796,146
8,490804,148
8,490812,0
8,490832,5
8,490840,7
8,490844,8
8,490864,13
8,490868,14
8,490876,16
8,490912,25
8,491016,51
8,491020,52
8,491060,62
8,491064,63
8,491116,76
8,491124,78
8,491132,80
8,491136,81
8,491144,83
8,491148,84
8,491152,85
8,491156,86
8,491208,99
8,491220,102
8,491256,111
8,491288,119
8,491300,122
8,491324,128
8,491328,129
8,491340,132
8,491352,135
8,491424,3
8,491456,11
8,491532,30
8,491612,50
8,491628,54
8,491652,60
8,491700,72
8,491728,79
8,491844,108
8,491852,110
8,491868,114
8,491872,115
8,491876,116
8,491880,117
8,491896,121
8,491932,130
8,491980,142
8,492032,5
8,492048,9
8,492116,26
8,492204,48
8,492260,62
8,492284,68
8,492320,77
8,492340,82
8,492356,86
8,492388,94
8,492408,99
8,492412,100
8,492416,101
8,492432,105
8,492440,107
8,492464,113
8,492564,138
8,492616,1
8,492620,2
8,492628,4
8,492636,6
8,492700,22
8,492712,25
8,492732,30
8,492812,50
8,492856,61
8,492868,64
8,493004,98
8,493024,103
8,493048,109
8,493068,114
8,493084,118
8,493132,130
8,493168,139
8,493180,142
8,493184,143
8,493192,145
8,493200,147
8,493208,149
8,493232,5
8,493460,62
8,493472,65
8,493476,66
8,493556,86
8,493608,99
8,493708,124
8,493860,12
8,493932,30
8,493944,33
8,493956,36
8,494012,50
8,494180,92
8,494236,106
8,494260,112
8,494268,114
8,494332,130
8,494380,142
8,494396,146
8,494404,148
8,494432,5
8,494512,25
8,494660,62
8,494680,67
8,494688,69
8,494692,70
8,494696,71
8,494704,73
8,494708,74
8,494756,86
8,494760,87
8,494808,99
8,494904,123
8,494920,127
8,494956,136
8,494960,137
8,494972,140
8,494976,141
8,494988,144
8,495052,10
8,495132,30
8,495212,50
8,495224,53
8,495468,114
8,495488,119
8,495532,130
8,495548,134
8,495580,142
8,495612,0
8,495632,5
8,495640,7
8,495644,8
8,495664,13
8,495668,14
8,495748,34
8,495852,60
8,495860,62
8,495900,72
8,495912,75
8,495956,86
8,496008,99
8,496220,2
8,496224,3
8,496248,9
8,496256,11
8,496284,18
8,496312,25
8,496332,30
8,496408,49
8,496412,50
8,496464,63
8,496484,68
8,496564,88
8,496568,89
8,496584,93
8,496592,95
8,496644,108
8,496656,111
8,496668,114
8,496732,130
8,496752,135
8,496764,138
8,496780,142
8,496832,5
8,496904,23
8,496980,42
8,497056,61
8,497060,62
8,497068,64
8,497156,86
8,497208,99
8,497228,104
8,497416,1
8,497428,4
8,497436,6
8,497532,30
8,497552,35
8,497596,46
8,497612,50
8,497676,66
8,497716,76
8,497736,81
8,497796,96
8,497800,97
8,497852,110
8,497868,114
8,497876,116
8,497932,130
8,497980,142
8,497984,143
8,498032,5
8,498060,12
8,498096,21
8,498200,47
8,498260,62
8,498272,65
8,498280,67
8,498292,70
8,498332,80
8,498356,86
8,498408,99
8,498432,105
8,498440,107
8,498472,115
8,498480,117
8,498568,139
8,498600,147
8,498612,0
8,498640,7
8,498644,8
8,498652,10
8,498664,13
8,498668,14
8,498712,25
8,498728,29
8,498732,30
8,498784,43
8,498788,44
8,498812,50
8,498852,60
8,498864,63
8,498884,68
8,498888,69
8,498896,71
8,498900,72
8,498904,73
8,498908,74
8,498920,77
8,498924,78
8,498940,82
8,498948,84
8,498952,85
8,498972,90
8,498976,91
8,499068,114
8,499116,126
8,499132,130
8,499144,133
8,499176,141
8,499180,142
8,499188,144
8,499192,145
8,499196,146
8,499204,148
8,499208,149
8,499224,3
8,499232,5
8,499256,11
8,499280,17
8,499436,56
8,499460,62
8,499468,64
8,499544,83
8,499556,86
8,499608,99
8,499616,101
8,499664,113
8,499712,125
8,499820,2
8,499836,6
8,499848,9
8,499872,15
8,499932,30
8,499936,31
8,499960,37
8,499964,38
8,500012,50
8,500040,57
8,500056,61
8,500128,79
8,500188,94
8,500220,102
8,500224,103
8,500268,114
8,500332,130
8,500356,136
8,500372,140
8,500380,142
8,500416,1
8,500428,4
8,500432,5
8,500520,27
8,500644,58
8,500660,62
8,500672,65
8,500676,66
8,500756,86
8,500808,99
8,500960,137
8,500964,138
8,501012,0
8,501040,7
8,501052,10
8,501060,12
8,501088,19
8,501112,25
8,501132,30
8,501140,32
8,501168,39
8,501172,40
8,501176,41
8,501212,50
8,501252,60
8,501280,67
8,501284,68
8,501288,69
8,501292,70
8,501296,71
8,501304,73
8,501308,74
8,501404,98
8,501412,100
8,501428,104
8,501468,114
8,501492,120
8,501532,130
8,501552,135
8,501580,142
8,501624,3
8,501632,5
8,501644,8
8,501656,11
8,501664,13
8,501668,14
8,501724,28
8,501832,55
8,501848,59
8,501856,61
8,501860,62
8,501864,63
8,501868,64
8,501900,72
8,501912,75
8,501956,86
8,501960,87
8,501964,88
8,501980,92
8,501984,93
8,501992,95
8,501996,96
8,502000,97
8,502008,99
8,502036,106
8,502084,118
8,502100,122
8,502128,129
8,502136,131
8,502140,132
8,502168,139
8,502184,143
8,502200,147
8,502220,2
8,502236,6
8,502248,9
8,502312,25
8,502332,30
8,502412,50
8,502472,65
8,502476,66
8,502484,68
8,502504,73
8,502572,90
8,502576,91
8,502588,94
8,502616,101
8,502624,103
8,502668,114
8,502696,121
8,502724,128
8,502732,130
8,502756,136
8,502772,140
8,502776,141
8,502780,142
8,502788,144
8,502792,145
8,502796,146
8,502804,148
8,502808,149
8,502832,5
8,502876,16
8,502908,24
8,502944,33
8,502948,34
8,502952,35
8,502956,36
8,502980,42
8,502984,43
8,502992,45
8,503016,51
8,503024,53
8,503028,54
8,503052,60
8,503056,61
8,503060,62
8,503080,67
8,503088,69
8,503092,70
8,503096,71
8,503108,74
8,503116,76
8,503120,77
8,503132,80
8,503136,81
8,503140,82
8,503144,83
8,503148,84
8,503152,85
8,503156,86
8,503168,89
8,503204,98
8,503208,99
8,503220,102
8,503248,109
8,503304,123
8,503308,124
8,503320,127
8,503352,135
8,503360,137
8,503364,138
8,503492,20
8,503500,22
8,503512,25
8,503516,26
8,503532,30
8,503536,31
8,503560,37
8,503564,38
8,503588,44
8,503596,46
8,503604,48
8,503608,49
8,503612,50
8,503620,52
8,503664,63
8,503668,64
8,503700,72
8,503724,78
8,503728,79
8,503812,100
8,503828,104
8,503868,114
8,503892,120
8,503916,126
8,503932,130
8,503936,131
8,503944,133
8,503948,134
8,503980,142
8,503984,143
8,504028,4
8,504032,5
8,504072,15
8,504080,17
8,504084,18
8,504096,21
8,504104,23
8,504120,27
8,504124,28
8,504128,29
8,504140,32
8,504168,39
8,504172,40
8,504176,41
8,504240,57
8,504244,58
8,504260,62
8,504272,65
8,504276,66
8,504284,68
8,504304,73
8,504312,75
8,504356,86
8,504380,92
8,504384,93
8,504392,95
8,504396,96
8,504400,97
8,504408,99
8,504496,121
8,504500,122
8,504512,125
8,504524,128
8,504528,129
8,504540,132
8,504556,136
8,504568,139
8,504588,144
8,504592,145
8,504596,146
8,504600,147
8,504604,148
8,504608,149
8,504688,19
8,504712,25
8,504732,30
8,504752,35
8,504800,47
8,504812,50
8,504832,55
8,504836,56
8,504852,60
8,504856,61
8,504864,63
8,504868,64
8,504880,67
8,504888,69
8,504892,70
8,504896,71
8,504908,74
8,504960,87
8,504964,88
8,504972,90
8,504976,91
8,504988,94
8,505016,101
8,505024,103
8,505032,105
8,505040,107
8,505044,108
8,505052,110
8,505056,111
8,505060,112
8,505068,114
8,505072,115
8,505076,116
8,505080,117
8,505088,119
8,505104,123
8,505108,124
8,505120,127
8,505132,130
8,505152,135
8,505160,137
8,505164,138
8,505172,140
8,505176,141
8,505180,142
8,505216,1
8,505232,5
8,505308,24
8,505356,36
8,505380,42
8,505448,59
8,505460,62
8,505500,72
8,505556,86
8,505608,99
8,505840,7
8,505852,10
8,505860,12
8,505876,16
8,505932,30
8,505944,33
8,505948,34
8,505984,43
8,506012,50
8,506132,80
8,506204,98
8,506268,114
8,506332,130
8,506380,142
8,506412,0
8,506420,2
8,506424,3
8,506432,5
8,506444,8
8,506456,11
8,506464,13
8,506512,25
8,506564,38
8,506588,44
8,506660,62
8,506672,65
8,506676,66
8,506704,73
8,506740,82
8,506756,86
8,506808,99
8,506820,102
8,506864,113
8,507028,4
8,507036,6
8,507048,9
8,507068,14
8,507132,30
8,507136,31
8,507160,37
8,507192,45
8,507212,50
8,507284,68
8,507348,84
8,507396,96
8,507400,97
8,507412,100
8,507428,104
8,507468,114
8,507516,126
8,507532,130
8,507580,142
8,507584,143
8,507588,144
8,507616,1
8,507632,5
8,507692,20
8,507712,25
8,507740,32
8,507768,39
8,507776,41
8,507816,51
8,507824,53
8,507828,54
8,507852,60
8,507856,61
8,507860,62
8,507864,63
8,507868,64
8,507880,67
8,507888,69
8,507892,70
8,507896,71
8,507900,72
8,507920,77
8,507936,81
8,507944,83
8,507952,85
8,507956,86
8,507968,89
8,507980,92
8,507984,93
8,507992,95
8,508008,99
8,508016,101
8,508092,120
8,508136,131
8,508156,136
8,508168,139
8,508192,145
8,508196,146
8,508200,147
8,508204,148
8,508208,149
8,508240,7
8,508252,10
8,508332,30
8,508356,36
8,508372,40
8,508384,43
8,508412,50
8,508472,65
8,508476,66
8,508504,73
8,508508,74
8,508572,90
8,508576,91
8,508588,94
8,508604,98
8,508624,103
8,508648,109
8,508668,114
8,508732,130
8,508744,133
8,508748,134
8,508780,142
8,508832,5
8,508900,22
8,508912,25
8,508916,26
8,508944,33
8,508948,34
8,508952,35
8,508964,38
8,508980,42
8,508988,44
8,509004,48
8,509060,62
8,509084,68
8,509116,76
8,509124,78
8,509156,86
8,509196,96
8,509200,97
8,509208,99
8,509212,100
8,509220,102
8,509236,106
8,509296,121
8,509300,122
8,509312,125
8,509324,128
8,509328,129
8,509340,132
8,509352,135
8,509360,137
8,509364,138
8,509372,140
8,509376,141
8,509496,21
8,509520,27
8,509532,30
8,509536,31
8,509560,37
8,509568,39
8,509576,41
8,509612,50
8,509620,52
8,509652,60
8,509656,61
8,509664,63
8,509668,64
8,509680,67
8,509688,69
8,509692,70
8,509696,71
8,509700,72
8,509712,75
8,509728,79
8,509780,92
8,509784,93
8,509792,95
8,509828,104
8,509868,114
8,509884,118
8,509904,123
8,509908,124
8,509916,126
8,509920,127
8,509932,130
8,509980,142
8,509984,143
8,509988,144
8,510032,5
8,510072,15
8,510076,16
8,510080,17
8,510084,18
8,510088,19
8,510092,20
8,510100,22
8,510104,23
8,510108,24
8,510112,25
8,510124,28
8,510128,29
8,510140,32
8,510156,36
8,510184,43
8,510196,46
8,510208,49
8,510240,57
8,510244,58
8,510260,62
8,510272,65
8,510276,66
8,510304,73
8,510308,74
8,510356,86
8,510376,91
8,510408,99
8,510416,101
8,510492,120
8,510536,131
8,510544,133
8,510548,134
8,510556,136
8,510568,139
8,510592,145
8,510600,147
8,510608,149
8,510660,12
8,510696,21
8,510716,26
8,510720,27
8,510732,30
8,510744,33
8,510748,34
8,510752,35
8,510764,38
8,510772,40
8,510780,42
8,510788,44
8,510812,50
8,510884,68
8,510932,80
8,510964,88
8,510972,90
8,510988,94
8,511004,98
8,511024,103
8,511068,114
8,511096,121
8,511100,122
8,511112,125
8,511124,128
8,511128,129
8,511132,130
8,511140,132
8,511180,142
8,511196,146
8,511204,148
8,511232,5
8,511264,13
8,511276,16
8,511280,17
8,511292,20
8,511300,22
8,511304,23
8,511308,24
8,511312,25
8,511324,28
8,511328,29
8,511336,31
8,511360,37
8,511368,39
8,511376,41
8,511452,60
8,511456,61
8,511460,62
8,511464,63
8,511468,64
8,511480,67
8,511488,69
8,511492,70
8,511496,71
8,511500,72
8,511508,74
8,511540,82
8,511548,84
8,511556,86
8,511560,87
8,511568,89
8,511596,96
8,511600,97
8,511608,99
8,511612,100
8,511632,105
8,511640,107
8,511644,108
8,511652,110
8,511656,111
8,511660,112
8,511664,113
8,511672,115
8,511676,116
8,511680,117
8,511688,119
8,511704,123
8,511708,124
8,511716,126
8,511720,127
8,511752,135
8,511760,137
8,511764,138
8,511772,140
8,511776,141
8,511784,143
8,511872,15
8,511932,30
8,511940,32
8,511956,36
8,511984,43
8,512012,50
8,512032,55
8,512036,56
8,512072,65
8,512076,66
8,512084,68
8,512104,73
8,512120,77
8,512136,81
8,512152,85
8,512180,92
8,512184,93
8,512192,95
8,512220,102
8,512228,104
8,512236,106
8,512248,109
8,512268,114
8,512284,118
8,512332,130
8,512336,131
8,512344,133
8,512356,136
8,512368,139
8,512380,142
8,512388,144
8,512392,145
8,512400,147
8,512408,149
8,512420,2
8,512432,5
8,512456,11
8,512484,18
8,512512,25
8,512544,33
8,512548,34
8,512552,35
8,512564,38
8,512572,40
8,512580,42
8,512592,45
8,512600,47
8,512616,51
8,512624,53
8,512628,54
8,512648,59
8,512660,62
8,512664,63
8,512668,64
8,512680,67
8,512688,69
8,512716,76
8,512724,78
8,512728,79
8,512744,83
8,512756,86
8,512808,99
8,512816,101
8,512892,120
8,512948,134
8,512996,146
8,513004,148
8,513012,0
8,513024,3
8,513044,8
8,513088,19
8,513132,30
8,513188,44
8,513196,46
8,513204,48
8,513208,49
8,513212,50
8,513220,52
8,513240,57
8,513244,58
8,513252,60
8,513256,61
8,513292,70
8,513296,71
8,513300,72
8,513308,74
8,513312,75
8,513372,90
8,513376,91
8,513440,107
8,513444,108
8,513452,110
8,513456,111
8,513464,113
8,513468,114
8,513476,116
8,513480,117
8,513488,119
8,513496,121
8,513524,128
8,513532,130
8,513552,135
8,513560,137
8,513564,138
8,513572,140
8,513576,141
8,513580,142
8,513584,143
8,513628,4
8,513632,5
8,513636,6
8,513640,7
8,513648,9
8,513668,14
8,513712,25
8,513736,31
8,513760,37
8,513768,39
8,513776,41
8,513860,62
8,513872,65
8,513904,73
8,513932,80
8,513956,86
8,513964,88
8,513988,94
8,514004,98
8,514008,99
8,514024,103
8,514032,105
8,514216,1
8,514252,10
8,514260,12
8,514264,13
8,514332,30
8,514340,32
8,514356,36
8,514412,50
8,514476,66
8,514484,68
8,514568,89
8,514596,96
8,514600,97
8,514612,100
8,514660,112
8,514668,114
8,514672,115
8,514700,122
8,514732,130
8,514740,132
8,514780,142
8,514820,2
8,514832,5
8,514912,25
8,514972,40
8,514984,43
8,515060,62
8,515068,64
8,515156,86
8,515180,92
8,515184,93
8,515192,95
8,515208,99
8,515216,101
8,515220,102
8,515228,104
8,515312,125
8,515328,129
8,515392,145
8,515456,11
8,515532,30
8,515544,33
8,515548,34
8,515552,35
8,515564,38
8,515580,42
8,515588,44
8,515612,50
8,515664,63
8,515680,67
8,515688,69
8,515760,87
8,515772,90
8,515776,91
8,515788,94
8,515804,98
8,515824,103
8,515836,106
8,515868,114
8,515904,123
8,515908,124
8,515916,126
8,515920,127
8,515932,130
8,515956,136
8,515968,139
8,515980,142
8,515988,144
8,516000,147
8,516008,149
8,516012,0
8,516024,3
8,516032,5
8,516096,21
8,516112,25
8,516136,31
8,516140,32
8,516160,37
8,516168,39
8,516176,41
8,516252,60
8,516256,61
8,516260,62
8,516292,70
8,516296,71
8,516300,72
8,516308,74
8,516340,82
8,516356,86
8,516396,96
8,516400,97
8,516408,99
8,516412,100
8,516492,120
8,516496,121
8,516536,131
8,516544,133
8,516596,146
8,516604,148
8,516644,8
8,516672,15
8,516692,20
8,516704,23
8,516708,24
8,516716,26
8,516720,27
8,516724,28
8,516728,29
8,516732,30
8,516756,36
8,516772,40
8,516784,43
8,516812,50
8,516872,65
8,516876,66
8,516884,68
8,516904,73
8,516948,84
8,516980,92
8,516984,93
8,517016,101
8,517020,102
8,517028,104
8,517068,114
8,517084,118
8,517100,122
8,517112,125
8,517124,128
8,517132,130
8,517140,132
8,517148,134
8,517180,142
8,517232,5
8,517276,16
8,517280,17
8,517284,18
8,517288,19
8,517300,22
8,517312,25
8,517344,33
8,517348,34
8,517352,35
8,517364,38
8,517380,42
8,517388,44
8,517460,62
8,517520,77
8,517536,81
8,517552,85
8,517556,86
8,517592,95
8,517608,99
8,517624,103
8,517648,109
8,517704,123
8,517708,124
8,517716,126
8,517728,129
8,517752,135
8,517760,137
8,517764,138
8,517784,143
8,517872,15
8,517892,20
8,517896,21
8,517904,23
8,517908,24
8,517916,26
8,517920,27
8,517924,28
8,517928,29
8,517932,30
8,517936,31
8,517960,37
8,517968,39
8,517976,41
8,518012,50
8,518068,64
8,518080,67
8,518088,69
8,518096,71
8,518116,76
8,518128,79
8,518144,83
8,518172,90
8,518176,91
8,518188,94
8,518204,98
8,518264,113
8,518268,114
8,518292,120
8,518320,127
8,518332,130
8,518372,140
8,518376,141
8,518380,142
8,518432,5
8,518476,16
8,518512,25
8,518540,32
8,518556,36
8,518572,40
8,518584,43
8,518632,55
8,518636,56
8,518652,60
8,518656,61
8,518660,62
8,518664,63
8,518672,65
8,518676,66
8,518684,68
8,518692,70
8,518700,72
8,518708,74
8,518756,86
8,518796,96
8,518800,97
8,518808,99
8,518812,100
8,518832,105
8,518836,106
8,518840,107
8,518844,108
8,518852,110
8,518856,111
8,518860,112
8,518872,115
8,518876,116
8,518880,117
8,518888,119
8,518896,121
8,518936,131
8,518944,133
8,518956,136
8,518968,139
8,518988,144
8,518992,145
8,518996,146
8,519000,147
8,519004,148
8,519008,149
8,519048,9
8,519100,22
8,519132,30
8,519144,33
8,519148,34
8,519152,35
8,519164,38
8,519180,42
8,519188,44
8,519192,45
8,519212,50
8,519224,53
8,519248,59
8,519304,73
8,519312,75
8,519324,78
8,519332,80
8,519368,89
8,519380,92
8,519428,104
8,519448,109
8,519468,114
8,519484,118
8,519500,122
8,519512,125
8,519524,128
8,519532,130
8,519540,132
8,519548,134
8,519564,138
8,519580,142
8,519584,143
8,519616,1
8,519628,4
8,519632,5
8,519636,6
8,519668,14
8,519684,18
8,519712,25
8,519760,37
8,519768,39
8,519776,41
8,519800,47
8,519804,48
8,519816,51
8,519828,54
8,519860,62
8,519868,64
8,519880,67
8,519888,69
8,519896,71
8,519956,86
8,519960,87
8,519964,88
8,519984,93
8,519992,95
8,520008,99
8,520016,101
8,520020,102
8,520024,103
8,520064,113
8,520104,123
8,520108,124
8,520152,135
8,520160,137
8,520172,140
8,520176,141
8,520240,7
8,520260,12
8,520264,13
8,520288,19
8,520332,30
8,520336,31
8,520396,46
8,520408,49
8,520412,50
8,520420,52
8,520440,57
8,520444,58
8,520452,60
8,520456,61
8,520464,63
8,520472,65
8,520476,66
8,520484,68
8,520500,72
8,520508,74
8,520540,82
8,520548,84
8,520552,85
8,520572,90
8,520576,91
8,520588,94
8,520668,114
8,520680,117
8,520688,119
8,520716,126
8,520728,129
8,520732,130
8,520756,136
8,520768,139
8,520780,142
8,520808,149
8,520812,0
8,520820,2
8,520832,5
8,520852,10
8,520912,25
8,520972,40
8,520984,43
8,521032,55
8,521036,56
8,521060,62
8,521092,70
8,521116,76
8,521120,77
8,521144,83
8,521156,86
8,521196,96
8,521200,97
8,521204,98
8,521208,99
8,521232,105
8,521236,106
8,521244,108
8,521260,112
8,521272,115
8,521320,127
8,521392,145
8,521424,3
8,521480,17
8,521532,30
8,521540,32
8,521548,34
8,521552,35
8,521556,36
8,521580,42
8,521612,50
8,521728,79
8,521780,92
8,521784,93
8,521792,95
8,521812,100
8,521816,101
8,521820,102
8,521824,103
8,521828,104
8,521852,110
8,521856,111
8,521868,114
8,521892,120
8,521932,130
8,521944,133
8,521980,142
8,521996,146
8,522032,5
8,522044,8
8,522056,11
8,522072,15
8,522092,20
8,522096,21
8,522104,23
8,522108,24
8,522112,25
8,522116,26
8,522120,27
8,522124,28
8,522128,29
8,522144,33
8,522160,37
8,522164,38
8,522168,39
8,522176,41
8,522188,44
8,522248,59
8,522260,62
8,522336,81
8,522356,86
8,522372,90
8,522376,91
8,522408,99
8,522440,107
8,522476,116
8,522496,121
8,522500,122
8,522524,128
8,522536,131
8,522548,134
8,522588,144
8,522600,147
8,522604,148
8,522676,16
8,522680,17
8,522684,18
8,522688,19
8,522700,22
8,522732,30
8,522736,31
8,522772,40
8,522784,43
8,522812,50
8,522904,73
8,522932,80
8,522988,94
8,522996,96
8,523000,97
8,523004,98
8,523048,109
8,523068,114
8,523104,123
8,523112,125
8,523132,130
8,523140,132
8,523164,138
8,523180,142
8,523184,143
8,523232,5
8,523248,9
8,523272,15
8,523304,23
8,523308,24
8,523312,25
8,523316,26
8,523320,27
8,523340,32
8,523348,34
8,523352,35
8,523356,36
8,523380,42
8,523392,45
8,523424,53
8,523460,62
8,523468,64
8,523480,67
8,523488,69
8,523496,71
8,523512,75
8,523524,78
8,523556,86
8,523568,89
8,523608,99
8,523616,101
8,523684,118
8,523708,124
8,523716,126
8,523720,127
8,523760,137
8,523776,141
8,523892,20
8,523896,21
8,523924,28
8,523928,29
8,523932,30
8,523944,33
8,523960,37
8,523964,38
8,523968,39
8,523976,41
8,523988,44
8,524012,50
8,524052,60
8,524056,61
8,524064,63
8,524072,65
8,524076,66
8,524084,68
8,524092,70
8,524100,72
8,524108,74
8,524160,87
8,524180,92
8,524184,93
8,524192,95
8,524212,100
8,524220,102
8,524224,103
8,524228,104
8,524232,105
8,524236,106
8,524240,107
8,524244,108
8,524252,110
8,524256,111
8,524260,112
8,524264,113
8,524268,114
8,524272,115
8,524280,117
8,524288,119
8,524292,120
8,524328,129
8,524332,130
8,524344,133
8,524352,135
8,524368,139
8,524372,140
8,524380,142
8,524408,149
8,524416,1
8,524428,4
8,524432,5
8,524512,25
8,524536,31
8,524572,40
8,524584,43
8,524600,47
8,524616,51
8,524628,54
8,524660,62
8,524704,73
8,524748,84
8,524752,85
8,524756,86
8,524764,88
8,524772,90
8,524776,91
8,524808,99
8,524848,109
8,524876,116
8,524956,136
8,524988,144
8,524992,145
8,524996,146
8,525000,147
8,525004,148
8,525036,6
8,525060,12
8,525068,14
8,525132,30
8,525148,34
8,525152,35
8,525196,46
8,525204,48
8,525208,49
8,525212,50
8,525220,52
8,525244,58
8,525268,64
8,525280,67
8,525288,69
8,525316,76
8,525340,82
8,525344,83
8,525388,94
8,525396,96
8,525400,97
8,525404,98
8,525468,114
8,525484,118
8,525496,121
8,525500,122
8,525532,130
8,525536,131
8,525548,134
8,525564,138
8,525576,141
8,525580,142
8,525584,143
8,525612,0
8,525632,5
8,525640,7
8,525664,13
8,525676,16
8,525688,19
8,525712,25
8,525740,32
8,525756,36
8,525780,42
8,525832,55
8,525836,56
8,525840,57
8,525860,62
8,525872,65
8,525896,71
8,525912,75
8,525920,77
8,525928,79
8,525936,81
8,525956,86
8,525968,89
8,525992,95
8,526008,99
8,526012,100
8,526016,101
8,526124,128
8,526160,137
8,526220,2
8,526224,3
8,526244,8
8,526248,9
8,526252,10
8,526256,11
8,526332,30
8,526344,33
8,526364,38
8,526368,39
8,526376,41
8,526388,44
8,526392,45
8,526412,50
8,526424,53
8,526448,59
8,526452,60
8,526524,78
8,526532,80
8,526560,87
8,526572,90
8,526576,91
8,526580,92
8,526584,93
8,526620,102
8,526624,103
8,526628,104
8,526668,114
8,526704,123
8,526732,130
8,526740,132
8,526780,142
8,526832,5
8,526880,17
8,526884,18
8,526900,22
8,526912,25
8,526936,31
8,526960,37
8,526972,40
8,526984,43
8,527060,62
8,527092,70
8,527108,74
8,527156,86
8,527164,88
8,527188,94
8,527196,96
8,527200,97
8,527204,98
8,527208,99
8,527280,117
8,527288,119
8,527308,124
8,527312,125
8,527316,126
8,527320,127
8,527328,129
8,527344,133
8,527352,135
8,527416,1
8,527428,4
8,527436,6
8,527472,15
8,527492,20
8,527504,23
8,527508,24
8,527516,26
8,527520,27
8,527524,28
8,527532,30
8,527540,32
8,527548,34
8,527552,35
8,527612,50
8,527616,51
8,527628,54
8,527656,61
8,527664,63
8,527676,66
8,527684,68
8,527700,72
8,527752,85
8,527772,90
8,527792,95
8,527812,100
8,527816,101
8,527832,105
8,527836,106
8,527844,108
8,527856,111
8,527868,114
8,527932,130
8,527980,142
8,528008,149
8,528032,5
8,528060,12
8,528076,16
8,528080,17
8,528088,19
8,528096,21
8,528112,25
8,528128,29
8,528144,33
8,528156,36
8,528164,38
8,528168,39
8,528176,41
8,528180,42
8,528188,44
8,528260,62
8,528356,86
8,528376,91
8,528380,92
8,528384,93
8,528408,99
8,528420,102
8,528424,103
8,528428,104
8,528440,107
8,528448,109
8,528452,110
8,528460,112
8,528464,113
8,528472,115
8,528476,116
8,528492,120
8,528536,131
8,528572,140
8,528600,147
8,528668,14
8,528684,18
8,528700,22
8,528732,30
8,528760,37
8,528772,40
8,528784,43
8,528800,47
8,528808,49
8,528812,50
8,528888,69
8,528904,73
8,528916,76
8,528944,83
8,528948,84
8,528988,94
8,528996,96
8,529000,97
8,529004,98
8,529068,114
8,529096,121
8,529100,122
8,529132,130
8,529148,134
8,529156,136
8,529168,139
8,529180,142
8,529188,144
8,529192,145
8,529196,146
8,529204,148
8,529212,0
8,529232,5
8,529240,7
8,529264,13
8,529272,15
8,529304,23
8,529312,25
8,529324,28
8,529336,31
8,529340,32
8,529348,34
8,529396,46
8,529404,48
8,529420,52
8,529444,58
8,529452,60
8,529460,62
8,529468,64
8,529472,65
8,529480,67
8,529492,70
8,529512,75
8,529520,77
8,529524,78
8,529536,81
8,529540,82
8,529556,86
8,529568,89
8,529572,90
8,529592,95
8,529608,99
8,529612,100
8,529616,101
8,529636,106
8,529680,117
8,529684,118
8,529688,119
8,529704,123
8,529724,128
8,529740,132
8,529764,138
8,529776,141
8,529784,143
8,529824,3
8,529844,8
8,529848,9
8,529852,10
8,529920,27
8,529932,30
8,529952,35
8,529980,42
8,530012,50
8,530032,55
8,530036,56
8,530056,61
8,530096,71
8,530100,72
8,530108,74
8,530128,79
8,530132,80
8,530164,88
8,530176,91
8,530180,92
8,530184,93
8,530220,102
8,530224,103
8,530228,104
8,530232,105
8,530244,108
8,530256,111
8,530268,114
8,530308,124
8,530328,129
8,530332,130
8,530352,135
8,530360,137
8,530380,142
8,530416,1
8,530420,2
8,530428,4
8,530432,5
8,530436,6
8,530456,11
8,530512,25
8,530544,33
8,530556,36
8,530564,38
8,530568,39
8,530576,41
8,530588,44
8,530592,45
8,530616,51
8,530624,53
8,530628,54
8,530640,57
8,530648,59
8,530660,62
8,530664,63
8,530684,68
8,530752,85
8,530756,86
8,530760,87
8,530788,94
8,530796,96
8,530800,97
8,530804,98
8,530808,99
8,530912,125
8,530944,133
8,531060,12
8,531068,14
8,531132,30
8,531160,37
8,531172,40
8,531184,43
8,531196,46
8,531200,47
8,531208,49
8,531212,50
8,531276,66
8,531316,76
8,531372,90
8,531392,95
8,531412,100
8,531416,101
8,531452,110
8,531468,114
8,531516,126
8,531520,127
8,531532,130
8,531572,140
8,531580,142
8,531608,149
8,531612,0
8,531632,5
8,531640,7
8,531664,13
8,531676,16
8,531680,17
8,531692,20
8,531696,21
8,531708,24
8,531712,25
8,531716,26
8,531736,31
8,531740,32
8,531748,34
8,531860,62
8,531888,69
8,531904,73
8,531920,77
8,531944,83
8,531948,84
8,531956,86
8,531976,91
8,531980,92
8,531984,93
8,532008,99
8,532020,102
8,532024,103
8,532028,104
8,532040,107
8,532048,109
8,532064,113
8,532072,115
8,532076,116
8,532092,120
8,532096,121
8,532136,131
8,532244,8
8,532248,9
8,532252,10
8,532284,18
8,532288,19
8,532300,22
8,532324,28
8,532328,29
8,532332,30
8,532352,35
8,532368,39
8,532380,42
8,532404,48
8,532412,50
8,532444,58
8,532512,75
8,532524,78
8,532536,81
8,532540,82
8,532568,89
8,532588,94
8,532596,96
8,532600,97
8,532604,98
8,532616,101
8,532660,112
8,532668,114
8,532732,130
8,532748,134
8,532756,136
8,532780,142
8,532788,144
8,532792,145
8,532800,147
8,532824,3
8,532828,4
8,532832,5
8,532836,6
8,532856,11
8,532872,15
8,532904,23
8,532912,25
8,532920,27
8,532944,33
8,532956,36
8,532960,37
8,532964,38
8,532976,41
8,532984,43
8,532988,44
8,533020,52
8,533032,55
8,533036,56
8,533052,60
8,533056,61
8,533060,62
8,533080,67
8,533128,79
8,533156,86
8,533172,90
8,533192,95
8,533208,99
8,533212,100
8,533232,105
8,533236,106
8,533244,108
8,533252,110
8,533280,117
8,533284,118
8,533288,119
8,533300,122
8,533304,123
8,533324,128
8,533340,132
8,533364,138
8,533368,139
8,533384,143
8,533396,146
8,533404,148
8,533416,1
8,533420,2
8,533460,12
8,533468,14
8,533480,17
8,533492,20
8,533496,21
8,533508,24
8,533532,30
8,533572,40
8,533612,50
8,533616,51
8,533624,53
8,533628,54
8,533640,57
8,533648,59
8,533664,63
8,533668,64
8,533672,65
8,533692,70
8,533696,71
8,533700,72
8,533708,74
8,533732,80
8,533752,85
8,533760,87
8,533764,88
8,533776,91
8,533780,92
8,533784,93
8,533820,102
8,533824,103
8,533828,104
8,533840,107
8,533848,109
8,533856,111
8,533868,114
8,533872,115
8,533876,116
8,533928,129
8,533932,130
8,533952,135
8,533960,137
8,533972,140
8,533976,141
8,533980,142
8,534008,149
8,534012,0
8,534032,5
8,534064,13
8,534076,16
8,534112,25
8,534116,26
8,534136,31
8,534140,32
8,534148,34
8,534192,45
8,534196,46
8,534208,49
8,534260,62
8,534276,66
8,534284,68
8,534316,76
8,534344,83
8,534348,84
8,534356,86
8,534388,94
8,534396,96
8,534400,97
8,534404,98
8,534408,99
8,534416,101
8,534460,112
8,534464,113
8,534508,124
8,534512,125
8,534516,126
8,534520,127
8,534592,145
8,534640,7
8,534644,8
8,534648,9
8,534652,10
8,534732,30
8,534744,33
8,534752,35
8,534768,39
8,534780,42
8,534800,47
8,534804,48
8,534812,50
8,534844,58
8,534888,69
8,534904,73
8,534912,75
8,534920,77
8,534924,78
8,534928,79
8,534936,81
8,534940,82
8,534968,89
8,534972,90
8,534992,95
8,535012,100
8,535068,114
8,535092,120
8,535096,121
8,535132,130
8,535144,133
8,535156,136
8,535180,142
8,535224,3
8,535228,4
8,535232,5
8,535236,6
8,535256,11
8,535312,25
8,535356,36
8,535360,37
8,535364,38
8,535376,41
8,535384,43
8,535388,44
8,535416,51
8,535420,52
8,535424,53
8,535428,54
8,535432,55
8,535436,56
8,535448,59
8,535460,62
8,535556,86
8,535580,92
8,535584,93
8,535608,99
8,535620,102
8,535624,103
8,535628,104
8,535736,131
8,535784,143
8,535788,144
8,535796,146
8,535800,147
8,535816,1
8,535820,2
8,535860,12
8,535868,14
8,535888,19
8,535932,30
8,535972,40
8,536012,50
8,536040,57
8,536056,61
8,536132,80
8,536152,85
8,536160,87
8,536164,88
8,536176,91
8,536268,114
8,536324,128
8,536332,130
8,536348,134
8,536380,142
8,536412,0
8,536432,5
8,536464,13
8,536484,18
8,536500,22
8,536504,23
8,536512,25
8,536524,28
8,536528,29
8,536536,31
8,536540,32
8,536548,34
8,536592,45
8,536596,46
8,536608,49
8,536652,60
8,536660,62
8,536716,76
8,536744,83
8,536748,84
8,536756,86
8,536788,94
8,536796,96
8,536800,97
8,536804,98
8,536808,99
8,536816,101
8,536832,105
8,536836,106
8,536844,108
8,536852,110
8,536884,118
8,536900,122
8,536904,123
8,536928,129
8,536940,132
8,536964,138
8,537004,148
8,537040,7
8,537044,8
8,537048,9
8,537052,10
8,537072,15
8,537080,17
8,537092,20
8,537120,27
8,537132,30
8,537144,33
8,537152,35
8,537168,39
8,537200,47
8,537204,48
8,537212,50
8,537244,58
8,537272,65
8,537280,67
8,537292,70
8,537308,74
8,537312,75
8,537320,77
8,537324,78
8,537328,79
8,537336,81
8,537340,82
8,537368,89
8,537372,90
8,537392,95
8,537412,100
8,537420,102
8,537440,107
8,537456,111
8,537468,114
8,537480,117
8,537488,119
8,537512,125
8,537516,126
8,537532,130
8,537568,139
8,537576,141
8,537580,142
8,537616,1
8,537620,2
8,537624,3
8,537628,4
8,537632,5
8,537636,6
8,537656,11
8,537660,12
8,537676,16
8,537688,19
8,537696,21
8,537708,24
8,537712,25
8,537716,26
8,537776,41
8,537780,42
8,537784,43
8,537788,44
8,537816,51
8,537820,52
8,537824,53
8,537828,54
8,537832,55
8,537836,56
8,537840,57
8,537848,59
8,537860,62
8,537864,63
8,537868,64
8,537896,71
8,537900,72
8,537952,85
8,537956,86
8,537960,87
8,537976,91
8,537980,92
8,537984,93
8,538008,99
8,538024,103
8,538028,104
8,538048,109
8,538060,112
8,538064,113
8,538072,115
8,538076,116
8,538092,120
8,538096,121
8,538108,124
8,538120,127
8,538144,133
8,538152,135
8,538160,137
8,538172,140
8,538208,149
8,538212,0
8,538264,13
8,538268,14
8,538300,22
8,538324,28
8,538332,30
8,538356,36
8,538360,37
8,538364,38
8,538396,46
8,538408,49
8,538412,50
8,538476,66
8,538484,68
8,538488,69
8,538516,76
8,538532,80
8,538544,83
8,538564,88
8,538588,94
8,538596,96
8,538600,97
8,538604,98
8,538616,101
8,538668,114
8,538684,118
8,538700,122
8,538724,128
8,538732,130
8,538736,131
8,538748,134
8,538756,136
8,538780,142
8,538784,143
8,538792,145
8,538832,5
8,538844,8
8,538848,9
8,538852,10
8,538884,18
8,538912,25
8,538948,34
8,538972,40
8,538992,45
8,539000,47
8,539044,58
8,539060,62
8,539104,73
8,539120,77
8,539124,78
8,539136,81
8,539140,82
8,539148,84
8,539156,86
8,539168,89
8,539192,95
8,539208,99
8,539212,100
8,539220,102
8,539244,108
8,539252,110
8,539304,123
8,539328,129
8,539388,144
8,539396,146
8,539400,147
8,539404,148
8,539436,6
8,539440,7
8,539504,23
8,539532,30
8,539540,32
8,539604,48
8,539612,50
8,539616,51
8,539620,52
8,539624,53
8,539628,54
8,539632,55
8,539636,56
8,539640,57
8,539648,59
8,539652,60
8,539656,61
8,539712,75
8,539728,79
8,539752,85
8,539760,87
8,539772,90
8,539832,105
8,539836,106
8,539868,114
8,539888,119
8,539912,125
8,539916,126
8,539932,130
8,539940,132
8,539980,142
8,540016,1
8,540020,2
8,540024,3
8,540028,4
8,540032,5
8,540056,11
8,540060,12
8,540112,25
8,540136,31
8,540144,33
8,540168,39
8,540208,49
8,540260,62
8,540308,74
8,540332,80
8,540356,86
8,540384,93
8,540408,99
8,540456,111
8,540520,127
8,540544,133
8,540564,138
8,540568,139
8,540576,141
8,540612,0
8,540664,13
8,540668,14
8,540672,15
8,540680,17
8,540720,27
8,540728,29
8,540732,30
8,540752,35
8,540788,44
8,540792,45
8,540796,46
8,540812,50
8,540844,58
8,540872,65
8,540880,67
8,540892,70
8,540916,76
8,540944,83
8,540964,88
8,540976,91
8,540980,92
8,541024,103
8,541028,104
8,541040,107
8,541048,109
8,541064,113
8,541068,114
8,541072,115
8,541080,117
8,541092,120
8,541096,121
8,541100,122
8,541108,124
8,541132,130
8,541148,134
8,541160,137
8,541172,140
8,541180,142
8,541232,5
8,541244,8
8,541248,9
8,541252,10
8,541276,16
8,541292,20
8,541296,21
8,541308,24
8,541312,25
8,541316,26
8,541360,37
8,541376,41
8,541380,42
8,541400,47
8,541404,48
8,541416,51
8,541420,52
8,541424,53
8,541428,54
8,541432,55
8,541436,56
8,541440,57
8,541448,59
8,541460,62
8,541464,63
8,541468,64
8,541476,66
8,541496,71
8,541500,72
8,541512,75
8,541520,77
8,541524,78
8,541536,81
8,541540,82
8,541548,84
8,541552,85
8,541556,86
8,541568,89
8,541588,94
8,541600,97
8,541604,98
8,541608,99
8,541616,101
8,541660,112
8,541676,116
8,541684,118
8,541704,123
8,541724,128
8,541728,129
8,541736,131
8,541752,135
8,541756,136
8,541808,149
8,541816,1
8,541824,3
8,541836,6
8,541840,7
8,541856,11
8,541860,12
8,541888,19
8,541924,28
8,541932,30
8,541984,43
8,542008,49
8,542012,50
8,542084,68
8,542088,69
8,542128,79
8,542132,80
8,542160,87
8,542196,96
8,542232,105
8,542244,108
8,542252,110
8,542268,114
8,542288,119
8,542312,125
8,542316,126
8,542320,127
8,542332,130
8,542340,132
8,542380,142
8,542392,145
8,542396,146
8,542404,148
8,542420,2
8,542428,4
8,542432,5
8,542468,14
8,542504,23
8,542512,25
8,542564,38
8,542592,45
8,542596,46
8,542644,58
8,542660,62
8,542704,73
8,542716,76
8,542744,83
8,542756,86
8,542764,88
8,542808,99
8,542820,102
8,542836,106
8,542944,133
8,542948,134
8,542984,143
8,542988,144
8,543000,147
8,543012,0
8,543064,13
8,543084,18
8,543100,22
8,543132,30
8,543148,34
8,543156,36
8,543172,40
8,543212,50
8,543216,51
8,543236,56
8,543240,57
8,543256,61
8,543456,111
8,543468,114
8,543492,120
8,543496,121
8,543500,122
8,543508,124
8,543532,130
8,543564,138
8,543568,139
8,543576,141
8,543580,142
8,543632,5
8,543644,8
8,543712,25
8,543800,47
8,543804,48
8,543820,52
8,543824,53
8,543828,54
8,543832,55
8,543848,59
8,543852,60
8,543860,62
8,543880,67
8,543908,74
8,543912,75
8,543920,77
8,543924,78
8,543936,81
8,543940,82
8,543948,84
8,543952,85
8,543956,86
8,543960,87
8,543968,89
8,544008,99
8,544040,107
8,544080,117
8,544104,123
8,544124,128
8,544128,129
8,544160,137
8,544172,140
8,544248,9
8,544252,10
8,544276,16
8,544280,17
8,544328,29
8,544332,30
8,544340,32
8,544408,49
8,544412,50
8,544472,65
8,544476,66
8,544492,70
8,544528,79
8,544532,80
8,544592,95
8,544648,109
9,544664,1
9,544672,3
9,544680,5
9,544684,6
9,544688,7
9,544704,11
9,544708,12
9,544720,15
9,544740,20
9,544744,21
9,544756,24
9,544760,25
9,544764,26
9,544768,27
9,544784,31
9,544792,33
9,544808,37
9,544816,39
9,544840,45
9,544844,46
9,544892,58
9,544908,62
9,544916,64
9,544944,71
9,544948,72
9,544964,76
9,544992,83
9,545004,86
9,545012,88
9,545020,90
9,545056,99
9,545060,100
9,545092,108
9,545112,113
9,545116,114
9,545120,115
9,545132,118
9,545160,125
9,545164,126
9,545168,127
9,545180,130
9,545184,131
9,545188,132
9,545196,134
9,545200,135
9,545204,136
9,545228,142
9,545244,146
9,545256,149
9,545260,0
9,545268,2
9,545276,4
9,545312,13
9,545316,14
9,545332,18
9,545336,19
9,545348,22
9,545352,23
9,545372,28
9,545380,30
9,545400,35
9,545424,41
9,545428,42
9,545436,44
9,545452,48
9,545460,50
9,545464,51
9,545468,52
9,545476,54
9,545480,55
9,545484,56
9,545488,57
9,545512,63
9,545588,82
9,545596,84
9,545616,89
9,545632,93
9,545680,105
9,545684,106
9,545700,110
9,545708,112
9,545724,116
9,545736,119
9,545744,121
9,545756,124
9,545792,133
9,545812,138
9,545816,139
9,545824,141
9,545832,143
9,545836,144
9,545840,145
9,545848,147
9,545852,148
9,545880,5
9,545892,8
9,545896,9
9,545900,10
9,545928,17
9,545960,25
9,545976,29
9,545988,32
9,545996,34
9,546012,38
9,546020,40
9,546048,47
9,546056,49
9,546072,53
9,546096,59
9,546108,62
9,546160,75
9,546168,77
9,546172,78
9,546176,79
9,546180,80
9,546184,81
9,546200,85
9,546204,86
9,546208,87
9,546236,94
9,546256,99
9,546272,103
9,546276,104
9,546316,114
9,546340,120
9,546348,122
9,546372,128
9,546380,130
9,546408,137
9,546420,140
9,546428,142
9,546464,1
9,546472,3
9,546484,6
9,546488,7
9,546504,11
9,546508,12
9,546524,16
9,546568,27
9,546580,30
9,546604,36
9,546632,43
9,546640,45
9,546644,46
9,546660,50
9,546692,58
9,546704,61
9,546732,68
9,546736,69
9,546752,73
9,546764,76
9,546792,83
9,546812,88
9,546852,98
9,546888,107
9,546896,109
9,546904,111
9,546928,117
9,546952,123
9,546960,125
9,546976,129
9,546984,131
9,547000,135
9,547004,136
9,547044,146
9,547056,149
9,547060,0
9,547068,2
9,547080,5
9,547112,13
9,547116,14
9,547120,15
9,547144,21
9,547156,24
9,547160,25
9,547164,26
9,547184,31
9,547200,35
9,547208,37
9,547216,39
9,547300,60
9,547308,62
9,547356,74
9,547396,84
9,547404,86
9,547416,89
9,547424,91
9,547428,92
9,547444,96
9,547456,99
9,547464,101
9,547468,102
9,547492,108
9,547500,110
9,547512,113
9,547516,114
9,547520,115
9,547532,118
9,547564,126
9,547568,127
9,547580,130
9,547588,132
9,547596,134
9,547612,138
9,547616,139
9,547624,141
9,547628,142
9,547632,143
9,547636,144
9,547640,145
9,547648,147
9,547652,148
9,547676,4
9,547692,8
9,547696,9
9,547700,10
9,547740,20
9,547780,30
9,547792,33
9,547852,48
9,547860,50
9,547864,51
9,547868,52
9,547876,54
9,547880,55
9,547884,56
9,547888,57
9,547924,66
9,547948,72
9,547968,77
9,547984,81
9,547988,82
9,548040,95
9,548048,97
9,548080,105
9,548084,106
9,548108,112
9,548124,116
9,548136,119
9,548144,121
9,548148,122
9,548156,124
9,548192,133
9,548208,137
9,548220,140
9,548280,5
9,548304,11
9,548332,18
9,548336,19
9,548348,22
9,548352,23
9,548360,25
9,548372,28
9,548424,41
9,548428,42
9,548436,44
9,548448,47
9,548508,62
9,548512,63
9,548520,65
9,548528,67
9,548544,71
9,548560,75
9,548572,78
9,548576,79
9,548580,80
9,548592,83
9,548600,85
9,548604,86
9,548608,87
9,548612,88
9,548620,90
9,548656,99
9,548660,100
9,548688,107
9,548696,109
9,548704,111
9,548716,114
9,548720,115
9,548728,117
9,548740,120
9,548772,128
9,548780,130
9,548800,135
9,548804,136
9,548828,142
9,548844,146
9,548856,149
9,548860,0
9,548864,1
9,548872,3
9,548884,6
9,548888,7
9,548908,12
9,548924,16
9,548928,17
9,548944,21
9,548964,26
9,548968,27
9,548976,29
9,548980,30
9,548996,34
9,549012,38
9,549020,40
9,549056,49
9,549060,50
9,549072,53
9,549092,58
9,549096,59
9,549140,70
9,549164,76
9,549232,93
9,549236,94
9,549252,98
9,549272,103
9,549276,104
9,549292,108
9,549300,110
9,549312,113
9,549332,118
9,549360,125
9,549376,129
9,549384,131
9,549412,138
9,549416,139
9,549424,141
9,549432,143
9,549436,144
9,549440,145
9,549448,147
9,549452,148
9,549468,2
9,549480,5
9,549500,10
9,549512,13
9,549516,14
9,549520,15
9,549540,20
9,549556,24
9,549560,25
9,549588,32
9,549604,36
9,549640,45
9,549644,46
9,549708,62
9,549796,84
9,549804,86
9,549816,89
9,549856,99
9,549864,101
9,549880,105
9,549884,106
9,549896,109
9,549908,112
9,549916,114
9,549924,116
9,549936,119
9,549952,123
9,549964,126
9,549968,127
9,549980,130
9,550008,137
9,550020,140
9,550028,142
9,550076,4
9,550092,8
9,550096,9
9,550132,18
9,550136,19
9,550148,22
9,550152,23
9,550172,28
9,550180,30
9,550184,31
9,550208,37
9,550216,39
9,550232,43
9,550252,48
9,550260,50
9,550264,51
9,550268,52
9,550276,54
9,550280,55
9,550284,56
9,550288,57
9,550316,64
9,550360,75
9,550368,77
9,550384,81
9,550388,82
9,550488,107
9,550504,111
9,550520,115
9,550528,117
9,550588,132
9,550596,134
9,550600,135
9,550604,136
9,550644,146
9,550656,149
9,550672,3
9,550680,5
9,550704,11
9,550760,25
9,550792,33
9,550800,35
9,550824,41
9,550828,42
9,550836,44
9,550848,47
9,550904,61
9,550908,62
9,550932,68
9,550936,69
9,550952,73
9,550972,78
9,550976,79
9,550980,80
9,550992,83
9,551000,85
9,551004,86
9,551008,87
9,551012,88
9,551044,96
9,551056,99
9,551092,108
9,551100,110
9,551112,113
9,551116,114
9,551132,118
9,551144,121
9,551156,124
9,551172,128
9,551180,130
9,551192,133
9,551212,138
9,551216,139
9,551224,141
9,551228,142
9,551232,143
9,551236,144
9,551240,145
9,551248,147
9,551252,148
9,551260,0
9,551264,1
9,551284,6
9,551288,7
9,551300,10
9,551308,12
9,551312,13
9,551344,21
9,551376,29
9,551380,30
9,551396,34
9,551412,38
9,551420,40
9,551456,49
9,551460,50
9,551472,53
9,551492,58
9,551496,59
9,551500,60
9,551528,67
9,551540,70
9,551548,72
9,551556,74
9,551564,76
9,551628,92
9,551680,105
9,551684,106
9,551696,109
9,551708,112
9,551724,116
9,551736,119
9,551740,120
9,551748,122
9,551760,125
9,551776,129
9,551868,2
9,551876,4
9,551880,5
9,551896,9
9,551916,14
9,551924,16
9,551928,17
9,551960,25
9,551968,27
9,552040,45
9,552108,62
9,552112,63
9,552120,65
9,552124,66
9,552144,71
9,552196,84
9,552204,86
9,552216,89
9,552256,99
9,552316,114
9,552320,115
9,552328,117
9,552364,126
9,552380,130
9,552384,131
9,552408,137
9,552420,140
9,552428,142
9,552456,149
9,552492,8
9,552580,30
9,552588,32
9,552644,46
9,552660,50
9,552716,64
9,552824,91
9,552888,107
9,552904,111
9,552952,123
9,552968,127
9,553072,3
9,553080,5
9,553160,25
9,553164,26
9,553204,36
9,553232,43
9,553308,62
9,553360,75
9,553368,77
9,553380,80
9,553384,81
9,553388,82
9,553392,83
9,553404,86
9,553456,99
9,553468,102
9,553492,108
9,553500,110
9,553512,113
9,553516,114
9,553532,118
9,553580,130
9,553588,132
9,553596,134
9,553600,135
9,553604,136
9,553616,139
9,553628,142
9,553644,146
9,553660,0
9,553664,1
9,553684,6
9,553688,7
9,553700,10
9,553704,11
9,553708,12
9,553712,13
9,553780,30
9,553784,31
9,553808,37
9,553816,39
9,553852,48
9,553860,50
9,553928,67
9,553932,68
9,553936,69
9,553940,70
9,553952,73
9,553964,76
9,553972,78
9,553976,79
9,554000,85
9,554008,87
9,554012,88
9,554020,90
9,554040,95
9,554048,97
9,554060,100
9,554076,104
9,554080,105
9,554084,106
9,554096,109
9,554108,112
9,554120,115
9,554124,116
9,554136,119
9,554140,120
9,554144,121
9,554148,122
9,554156,124
9,554160,125
9,554172,128
9,554192,133
9,554212,138
9,554224,141
9,554232,143
9,554236,144
9,554240,145
9,554248,147
9,554252,148
9,554268,2
9,554276,4
9,554280,5
9,554296,9
9,554316,14
9,554360,25
9,554400,35
9,554428,42
9,554484,56
9,554488,57
9,554500,60
9,554504,61
9,554508,62
9,554548,72
9,554556,74
9,554596,84
9,554604,86
9,554616,89
9,554632,93
9,554636,94
9,554656,99
9,554688,107
9,554704,111
9,554716,114
9,554728,117
9,554732,118
9,554764,126
9,554776,129
9,554780,130
9,554808,137
9,554820,140
9,554828,142
9,554856,149
9,554892,8
9,554920,15
9,554940,20
9,554956,24
9,554980,30
9,555060,50
9,555064,51
9,555068,52
9,555076,54
9,555080,55
9,555112,63
9,555144,71
9,555160,75
9,555168,77
9,555192,83
9,555228,92
9,555244,96
9,555252,98
9,555264,101
9,555272,103
9,555280,105
9,555292,108
9,555300,110
9,555312,113
9,555352,123
9,555368,127
9,555384,131
9,555400,135
9,555404,136
9,555416,139
9,555472,3
9,555480,5
9,555524,16
9,555528,17
9,555532,18
9,555536,19
9,555544,21
9,555548,22
9,555552,23
9,555560,25
9,555572,28
9,555592,33
9,555648,47
9,555708,62
9,555720,65
9,555772,78
9,555780,80
9,555784,81
9,555788,82
9,555804,86
9,555824,91
9,555856,99
9,555868,102
9,555884,106
9,555896,109
9,555904,111
9,555908,112
9,555916,114
9,555920,115
9,555924,116
9,555936,119
9,555980,130
9,556028,142
9,556032,143
9,556044,146
9,556060,0
9,556064,1
9,556084,6
9,556088,7
9,556100,10
9,556104,11
9,556108,12
9,556112,13
9,556164,26
9,556168,27
9,556176,29
9,556180,30
9,556196,34
9,556212,38
9,556224,41
9,556236,44
9,556256,49
9,556260,50
9,556292,58
9,556296,59
9,556316,64
9,556324,66
9,556364,76
9,556376,79
9,556400,85
9,556408,87
9,556412,88
9,556488,107
9,556528,117
9,556532,118
9,556588,132
9,556596,134
9,556612,138
9,556624,141
9,556636,144
9,556640,145
9,556648,147
9,556652,148
9,556680,5
9,556716,14
9,556720,15
9,556728,17
9,556740,20
9,556748,22
9,556756,24
9,556760,25
9,556772,28
9,556820,40
9,556840,45
9,556872,53
9,556908,62
9,556996,84
9,557004,86
9,557016,89
9,557048,97
9,557056,99
9,557060,100
9,557080,105
9,557084,106
9,557092,108
9,557100,110
9,557104,111
9,557112,113
9,557116,114
9,557144,121
9,557148,122
9,557156,124
9,557180,130
9,557208,137
9,557220,140
9,557228,142
9,557256,149
9,557268,2
9,557276,4
9,557296,9
9,557324,16
9,557332,18
9,557336,19
9,557344,21
9,557352,23
9,557380,30
9,557388,32
9,557404,36
9,557432,43
9,557444,46
9,557452,48
9,557460,50
9,557464,51
9,557468,52
9,557476,54
9,557480,55
9,557484,56
9,557488,57
9,557532,68
9,557540,70
9,557620,90
9,557676,104
9,557696,109
9,557708,112
9,557720,115
9,557724,116
9,557736,119
9,557740,120
9,557772,128
9,557792,133
9,557800,135
9,557804,136
9,557816,139
9,557880,5
9,557892,8
9,557960,25
9,557984,31
9,558000,35
9,558008,37
9,558016,39
9,558028,42
9,558048,47
9,558104,61
9,558108,62
9,558112,63
9,558128,67
9,558136,69
9,558152,73
9,558156,74
9,558168,77
9,558192,83
9,558204,86
9,558240,95
9,558256,99
9,558288,107
9,558300,110
9,558316,114
9,558328,117
9,558332,118
9,558360,125
9,558364,126
9,558376,129
9,558380,130
9,558428,142
9,558432,143
9,558444,146
9,558448,147
9,558452,148
9,558460,0
9,558472,3
9,558508,12
9,558512,13
9,558564,26
9,558568,27
9,558576,29
9,558580,30
9,558592,33
9,558596,34
9,558656,49
9,558660,50
9,558692,58
9,558696,59
9,558700,60
9,558720,65
9,558724,66
9,558744,71
9,558748,72
9,558760,75
9,558772,78
9,558788,82
9,558880,105
9,558884,106
9,558892,108
9,558904,111
9,558912,113
9,558952,123
9,558968,127
9,558984,131
9,559012,138
9,559024,141
9,559036,144
9,559040,145
9,559064,1
9,559080,5
9,559084,6
9,559088,7
9,559100,10
9,559104,11
9,559116,14
9,559160,25
9,559212,38
9,559220,40
9,559224,41
9,559236,44
9,559308,62
9,559316,64
9,559376,79
9,559380,80
9,559404,86
9,559412,88
9,559456,99
9,559496,109
9,559508,112
9,559516,114
9,559520,115
9,559524,116
9,559536,119
9,559556,124
9,559580,130
9,559588,132
9,559596,134
9,559608,137
9,559620,140
9,559628,142
9,559668,2
9,559676,4
9,559696,9
9,559780,30
9,559840,45
9,559860,50
9,559872,53
9,559932,68
9,559984,81
9,560000,85
9,560140,120
9,560144,121
9,560148,122
9,560172,128
9,560256,149
9,560280,5
9,560292,8
9,560360,25
9,560388,32
9,560508,62
9,560604,86
9,560608,87
9,560656,99
9,560716,114
9,560728,117
9,560780,130
9,560828,142
9,560872,3
9,560980,30
9,561060,50
9,561104,61
9,561136,69
9,561140,70
9,561156,74
9,561196,84
9,561216,89
9,561236,94
9,561288,107
9,561292,108
9,561300,110
9,561332,118
9,561376,129
9,561392,133
9,561404,136
9,561416,139
9,561460,0
9,561480,5
9,561488,7
9,561508,12
9,561512,13
9,561516,14
9,561560,25
9,561604,36
9,561632,43
9,561708,62
9,561712,63
9,561728,67
9,561748,72
9,561752,73
9,561764,76
9,561804,86
9,561828,92
9,561832,93
9,561856,99
9,561880,105
9,561884,106
9,561904,111
9,561912,113
9,561916,114
9,561924,116
9,561936,119
9,561960,125
9,561964,126
9,561980,130
9,561984,131
9,562000,135
9,562028,142
9,562032,143
9,562044,146
9,562048,147
9,562052,148
9,562064,1
9,562084,6
9,562100,10
9,562104,11
9,562180,30
9,562260,50
9,562276,54
9,562288,57
9,562300,60
9,562320,65
9,562324,66
9,562344,71
9,562368,77
9,562372,78
9,562388,82
9,562392,83
9,562424,91
9,562444,96
9,562452,98
9,562464,101
9,562472,103
9,562496,109
9,562508,112
9,562520,115
9,562528,117
9,562552,123
9,562556,124
9,562568,127
9,562596,134
9,562608,137
9,562612,138
9,562620,140
9,562624,141
9,562636,144
9,562640,145
9,562668,2
9,562672,3
9,562676,4
9,562680,5
9,562692,8
9,562696,9
9,562760,25
9,562772,28
9,562828,42
9,562864,51
9,562868,52
9,562880,55
9,562908,62
9,562916,64
9,562932,68
9,562960,75
9,562976,79
9,562980,80
9,562984,81
9,563000,85
9,563004,86
9,563012,88
9,563020,90
9,563056,99
9,563060,100
9,563068,102
9,563076,104
9,563088,107
9,563116,114
9,563132,118
9,563140,120
9,563144,121
9,563180,130
9,563188,132
9,563204,136
9,563216,139
9,563228,142
9,563256,149
9,563316,14
9,563380,30
9,563384,31
9,563460,50
9,563484,56
9,563504,61
9,563540,70
9,563564,76
9,563596,84
9,563608,87
9,563616,89
9,563636,94
9,563640,95
9,563648,97
9,563680,105
9,563684,106
9,563692,108
9,563700,110
9,563704,111
9,563712,113
9,563724,116
9,563736,119
9,563748,122
9,563772,128
9,563776,129
9,563848,147
9,563852,148
9,563860,0
9,563880,5
9,563888,7
9,563908,12
9,563912,13
9,563920,15
9,563924,16
9,563928,17
9,563936,19
9,563940,20
9,563948,22
9,563956,24
9,563960,25
9,564008,37
9,564044,46
9,564048,47
9,564052,48
9,564108,62
9,564136,69
9,564156,74
9,564172,78
9,564188,82
9,564204,86
9,564228,92
9,564256,99
9,564308,112
9,564316,114
9,564364,126
9,564380,130
9,564392,133
9,564400,135
9,564428,142
9,564444,146
9,564464,1
9,564504,11
9,564532,18
9,564544,21
9,564552,23
9,564568,27
9,564580,30
9,564592,33
9,564596,34
9,564600,35
9,564616,39
9,564620,40
9,564640,45
9,564656,49
9,564660,50
9,564692,58
9,564696,59
9,564700,60
9,564712,63
9,564720,65
9,564728,67
9,564744,71
9,564748,72
9,564752,73
9,564792,83
9,564888,107
9,564896,109
9,564920,115
9,564928,117
9,564932,118
9,564960,125
9,564984,131
9,564996,134
9,565008,137
9,565012,138
9,565020,140
9,565024,141
9,565032,143
9,565040,145
9,565068,2
9,565076,4
9,565080,5
9,565084,6
9,565092,8
9,565100,10
9,565160,25
9,565188,32
9,565212,38
9,565224,41
9,565236,44
9,565272,53
9,565308,62
9,565324,66
9,565368,77
9,565404,86
9,565424,91
9,565432,93
9,565456,99
9,565480,105
9,565484,106
9,565492,108
9,565500,110
9,565504,111
9,565512,113
9,565516,114
9,565524,116
9,565536,119
9,565552,123
9,565556,124
9,565568,127
9,565580,130
9,565588,132
9,565628,142
9,565636,144
9,565656,149
9,565672,3
9,565696,9
9,565780,30
9,565860,50
9,565876,54
9,565888,57
9,565916,64
9,565932,68
9,565940,70
9,566000,85
9,566064,101
9,566108,112
9,566140,120
9,566144,121
9,566176,129
9,566204,136
9,566216,139
9,566248,147
9,566260,0
9,566280,5
9,566288,7
9,566316,14
9,566360,25
9,566364,26
9,566376,29
9,566404,36
9,566432,43
9,566464,51
9,566468,52
9,566508,62
9,566576,79
9,566604,86
9,566644,96
9,566652,98
9,566656,99
9,566672,103
9,566716,114
9,566748,122
9,566772,128
9,566780,130
9,566792,133
9,566800,135
9,566828,142
9,566864,1
9,566904,11
9,566908,12
9,566912,13
9,566980,30
9,567060,50
9,567104,61
9,567180,80
9,567364,126
9,567452,148
9,567468,2
9,567476,4
9,567480,5
9,567484,6
9,567560,25
9,567572,28
9,567608,37
9,567628,42
9,567708,62
9,567756,74
9,567760,75
9,567784,81
9,567804,86
9,567856,99
9,567860,100
9,567888,107
9,567896,109
9,567916,114
9,567928,117
9,567980,130
9,568028,142
9,568044,146
9,568092,8
9,568100,10
9,568180,30
9,568184,31
9,568260,50
9,568284,56
9,568300,60
9,568336,69
9,568344,71
9,568348,72
9,568352,73
9,568364,76
9,568412,88
9,568420,90
9,568468,102
9,568492,108
9,568512,113
9,568520,115
9,568532,118
9,568560,125
9,568584,131
9,568608,137
9,568612,138
9,568620,140
9,568624,141
9,568632,143
9,568660,0
9,568672,3
9,568680,5
9,568696,9
9,568760,25
9,568908,62
9,568912,63
9,568920,65
9,568924,66
9,568928,67
9,568972,78
9,568988,82
9,568996,84
9,569004,86
9,569008,87
9,569016,89
9,569048,97
9,569056,99
9,569076,104
9,569080,105
9,569084,106
9,569100,110
9,569104,111
9,569116,114
9,569136,119
9,569156,124
9,569180,130
9,569196,134
9,569204,136
9,569228,142
9,569236,144
9,569240,145
9,569248,147
9,569256,149
9,569264,1
9,569288,7
9,569308,12
9,569316,14
9,569380,30
9,569460,50
9,569480,55
9,569504,61
9,569516,64
9,569532,68
9,569540,70
9,569560,75
9,569568,77
9,569592,83
9,569632,93
9,569636,94
9,569640,95
9,569708,112
9,569724,116
9,569740,120
9,569744,121
9,569752,123
9,569768,127
9,569776,129
9,569800,135
9,569816,139
9,569852,148
9,569868,2
9,569876,4
9,569880,5
9,569884,6
9,569904,11
9,569912,13
9,569960,25
9,570044,46
9,570048,47
9,570052,48
9,570108,62
9,570144,71
9,570148,72
9,570156,74
9,570164,76
9,570176,79
9,570180,80
9,570184,81
9,570200,85
9,570204,86
9,570224,91
9,570228,92
9,570244,96
9,570252,98
9,570256,99
9,570260,100
9,570264,101
9,570272,103
9,570316,114
9,570328,117
9,570372,128
9,570380,130
9,570388,132
9,570408,137
9,570428,142
9,570432,143
9,570444,146
9,570492,8
9,570580,30
9,570596,34
9,570600,35
9,570616,39
9,570620,40
9,570660,50
9,570692,58
9,570696,59
9,570700,60
9,570720,65
9,570736,69
9,570752,73
9,570812,88
9,570868,102
9,570888,107
9,570892,108
9,570896,109
9,570900,110
9,570912,113
9,570932,118
9,570948,122
9,570960,125
9,570964,126
9,570984,131
9,570992,133
9,571004,136
9,571012,138
9,571020,140
9,571024,141
9,571036,144
9,571040,145
9,571048,147
9,571056,149
9,571072,3
9,571080,5
9,571100,10
9,571124,16
9,571160,25
9,571188,32
9,571224,41
9,571236,44
9,571240,45
9,571256,49
9,571272,53
9,571288,57
9,571308,62
9,571312,63
9,571324,66
9,571372,78
9,571388,82
9,571404,86
9,571408,87
9,571416,89
9,571420,90
9,571456,99
9,571480,105
9,571484,106
9,571504,111
9,571516,114
9,571520,115
9,571536,119
9,571556,124
9,571580,130
9,571628,142
9,571652,148
9,571660,0
9,571696,9
9,571708,12
9,571716,14
9,571720,15
9,571748,22
9,571756,24
9,571780,30
9,571832,43
9,571860,50
9,571916,64
9,571928,67
9,571940,70
9,571996,84
9,572196,134
9,572200,135
9,572216,139
9,572264,1
9,572280,5
9,572288,7
9,572360,25
9,572508,62
9,572604,86
9,572656,99
9,572716,114
9,572724,116
9,572780,130
9,572828,142
9,572876,4
9,572884,6
9,572892,8
9,572904,11
9,572912,13
9,572928,17
9,572936,19
9,572980,30
9,572992,33
9,573060,50
9,573064,51
9,573104,61
9,573132,68
9,573144,71
9,573148,72
9,573156,74
9,573340,120
9,573344,121
9,573468,2
9,573480,5
9,573500,10
9,573560,25
9,573612,38
9,573708,62
9,573768,77
9,573792,83
9,573804,86
9,573836,94
9,573840,95
9,573848,97
9,573856,99
9,573876,104
9,573908,112
9,573916,114
9,573928,117
9,573952,123
9,573968,127
9,573976,129
9,573980,130
9,574008,137
9,574012,138
9,574028,142
9,574032,143
9,574044,146
9,574060,0
9,574072,3
9,574096,9
9,574116,14
9,574132,18
9,574180,30
9,574228,42
9,574260,50
9,574268,52
9,574276,54
9,574284,56
9,574300,60
9,574320,65
9,574324,66
9,574328,67
9,574336,69
9,574340,70
9,574352,73
9,574360,75
9,574384,81
9,574400,85
9,574572,128
9,574588,132
9,574604,136
9,574620,140
9,574624,141
9,574636,144
9,574640,145
9,574648,147
9,574656,149
9,574680,5
9,574760,25
9,574768,27
9,574784,31
9,574804,36
9,574808,37
9,574844,46
9,574848,47
9,574904,61
9,574908,62
9,574912,63
9,574916,64
9,574932,68
9,574944,71
9,574948,72
9,574956,74
9,574964,76
9,574976,79
9,574980,80
9,574988,82
9,575004,86
9,575032,93
9,575044,96
9,575052,98
9,575056,99
9,575060,100
9,575064,101
9,575072,103
9,575080,105
9,575084,106
9,575088,107
9,575092,108
9,575096,109
9,575100,110
9,575104,111
9,575112,113
9,575116,114
9,575124,116
9,575132,118
9,575136,119
9,575148,122
9,575180,130
9,575184,131
9,575192,133
9,575200,135
9,575216,139
9,575228,142
9,575252,148
9,575308,12
9,575380,30
9,575400,35
9,575440,45
9,575452,48
9,575460,50
9,575480,55
9,575572,78
9,575616,89
9,575620,90
9,575624,91
9,575628,92
9,575668,102
9,575708,112
9,575720,115
9,575744,121
9,575756,124
9,575760,125
9,575764,126
9,575796,134
9,575808,137
9,575812,138
9,575832,143
9,575840,145
9,575844,146
9,575856,149
9,575864,1
9,575876,4
9,575880,5
9,575884,6
9,575888,7
9,575940,20
9,575960,25
9,575988,32
9,575996,34
9,576016,39
9,576020,40
9,576024,41
9,576036,44
9,576096,59
9,576100,60
9,576108,62
9,576120,65
9,576124,66
9,576128,67
9,576136,69
9,576140,70
9,576152,73
9,576204,86
9,576208,87
9,576248,97
9,576256,99
9,576316,114
9,576328,117
9,576340,120
9,576368,127
9,576376,129
9,576380,130
9,576404,136
9,576420,140
9,576424,141
9,576428,142
9,576436,144
9,576448,147
9,576492,8
9,576504,11
9,576512,13
9,576544,21
9,576552,23
9,576564,26
9,576580,30
9,576632,43
9,576656,49
9,576660,50
9,576672,53
9,576796,84
9,576836,94
9,576840,95
9,576884,106
9,576888,107
9,576952,123
9,577068,2
9,577080,5
9,577100,10
9,577160,25
9,577176,29
9,577192,33
9,577212,38
9,577308,62
9,577344,71
9,577404,86
9,577412,88
9,577456,99
9,577476,104
9,577480,105
9,577492,108
9,577496,109
9,577500,110
9,577512,113
9,577516,114
9,577524,116
9,577532,118
9,577536,119
9,577572,128
9,577580,130
9,577588,132
9,577600,135
9,577628,142
9,577652,148
9,577660,0
9,577672,3
9,577696,9
9,577716,14
9,577772,28
9,577780,30
9,577828,42
9,577860,50
9,577912,63
9,578104,111
9,578216,139
9,578264,1
9,578276,4
9,578280,5
9,578288,7
9,578308,12
9,578504,61
9,578508,62
9,578516,64
9,578532,68
9,578548,72
9,578556,74
9,578604,86
9,578656,99
9,578716,114
9,578780,130
9,578828,142
9,578884,6
9,578892,8
9,578912,13
9,578960,25
9,578980,30
9,579060,50
9,579084,56
9,579092,58
9,579168,77
9,579184,81
9,579224,91
9,579232,93
9,579260,100
9,579264,101
9,579384,131
9,579408,137
9,579412,138
9,579432,143
9,579440,145
9,579444,146
9,579468,2
9,579480,5
9,579500,10
9,579504,11
9,579664,51
9,579668,52
9,579676,54
9,579688,57
9,579700,60
9,579708,62
9,579712,63
9,579720,65
9,579724,66
9,579728,67
9,579736,69
9,579740,70
9,579744,71
9,579752,73
9,579760,75
9,579764,76
9,579776,79
9,579792,83
9,579800,85
9,579804,86
9,579820,90
9,579828,92
9,579844,96
9,579852,98
9,579856,99
9,579868,102
9,579872,103
9,579908,112
9,579916,114
9,579980,130
9,579992,133
9,580004,136
9,580020,140
9,580024,141
9,580028,142
9,580036,144
9,580048,147
9,580056,149
9,580060,0
9,580072,3
9,580088,7
9,580096,9
9,580116,14
9,580160,25
9,580180,30
9,580260,50
9,580304,61
9,580316,64
9,580332,68
9,580348,72
9,580356,74
9,580372,78
9,580380,80
9,580388,82
9,580396,84
9,580408,87
9,580412,88
9,580416,89
9,580436,94
9,580448,97
9,580476,104
9,580520,115
9,580544,121
9,580548,122
9,580564,126
9,580600,135
9,580616,139
9,580652,148
9,580664,1
9,580676,4
9,580680,5
9,580708,12
9,580804,36
9,580844,46
9,580848,47
9,580852,48
9,580856,49
9,580880,55
9,580908,62
9,580964,76
9,580968,77
9,580984,81
9,581004,86
9,581032,93
9,581040,95
9,581056,99
9,581060,100
9,581116,114
9,581140,120
9,581152,123
9,581156,124
9,581168,127
9,581176,129
9,581180,130
9,581196,134
9,581228,142
9,581360,25
9,581380,30
9,581384,31
9,581408,37
9,581440,45
9,581460,50
9,581472,53
9,581484,56
9,581492,58
9,581496,59
9,581560,75
9,581576,79
9,581592,83
9,581600,85
9,581624,91
9,581664,101
9,581668,102
9,581760,125
9,581772,128
9,581784,131
9,581788,132
9,581832,143
9,581840,145
9,581880,5
9,581920,15
9,581924,16
9,581928,17
9,581932,18
9,581936,19
9,581948,22
9,581956,24
9,581964,26
9,581968,27
9,582064,51
9,582068,52
9,582076,54
9,582088,57
9,582108,62
9,582140,70
9,582172,78
9,582180,80
9,582188,82
9,582196,84
9,582204,86
9,582208,87
9,582212,88
9,582216,89
9,582228,92
9,582244,96
9,582252,98
9,582256,99
9,582272,103
9,582316,114
9,582344,121
9,582348,122
9,582364,126
9,582380,130
9,582392,133
9,582408,137
9,582428,142
9,582436,144
9,582444,146
9,582540,20
9,582544,21
9,582552,23
9,582560,25
9,582572,28
9,582576,29
9,582580,30
9,582600,35
9,582620,40
9,582644,46
9,582648,47
9,582652,48
9,582656,49
9,582660,50
9,582680,55
9,582700,60
9,582712,63
9,582720,65
9,582724,66
9,582736,69
9,582744,71
9,582752,73
9,582764,76
9,582768,77
9,582820,90
9,582952,123
9,582956,124
9,582968,127
9,582976,129
9,582996,134
9,583004,136
9,583012,138
9,583020,140
9,583024,141
9,583048,147
9,583080,5
9,583092,8
9,583112,13
9,583120,15
9,583124,16
9,583128,17
9,583132,18
9,583136,19
9,583148,22
9,583156,24
9,583164,26
9,583168,27
9,583188,32
9,583196,34
9,583216,39
9,583224,41
9,583236,44
9,583240,45
9,583272,53
9,583284,56
9,583292,58
9,583296,59
9,583304,61
9,583308,62
9,583328,67
9,583348,72
9,583360,75
9,583376,79
9,583384,81
9,583404,86
9,583436,94
9,583448,97
9,583456,99
9,583460,100
9,583476,104
9,583488,107
9,583516,114
9,583528,117
9,583540,120
9,583560,125
9,583572,128
9,583580,130
9,583584,131
9,583588,132
9,583600,135
9,583616,139
9,583628,142
9,583652,148
9,583656,149
9,583684,6
9,583752,23
9,583760,25
9,583780,30
9,583792,33
9,583812,38
9,583828,42
9,583832,43
9,583860,50
9,583864,51
9,583868,52
9,583876,54
9,583888,57
9,583916,64
9,583932,68
9,583956,74
9,583980,80
9,583992,83
9,584000,85
9,584024,91
9,584032,93
9,584040,95
9,584080,105
9,584084,106
9,584092,108
9,584100,110
9,584112,113
9,584124,116
9,584136,119
9,584144,121
9,584148,122
9,584164,126
9,584192,133
9,584232,143
9,584236,144
9,584240,145
9,584244,146
9,584280,5
9,584340,20
9,584384,31
9,584404,36
9,584444,46
9,584448,47
9,584452,48
9,584456,49
9,584480,55
9,584500,60
9,584508,62
9,584512,63
9,584520,65
9,584524,66
9,584536,69
9,584540,70
9,584544,71
9,584552,73
9,584604,86
9,584612,88
9,584616,89
9,584628,92
9,584644,96
9,584652,98
9,584656,99
9,584664,101
9,584668,102
9,584672,103
9,584696,109
9,584704,111
9,584708,112
9,584716,114
9,584720,115
9,584732,118
9,584752,123
9,584756,124
9,584768,127
9,584776,129
9,584780,130
9,584796,134
9,584804,136
9,584808,137
9,584812,138
9,584820,140
9,584824,141
9,584828,142
9,584848,147
9,584960,25
9,584976,29
9,584980,30
9,585000,35
9,585008,37
9,585020,40
9,585060,50
9,585096,59
9,585104,61
9,585128,67
9,585148,72
9,585168,77
9,585172,78
9,585188,82
9,585196,84
9,585208,87
9,585220,90
9,585248,97
9,585288,107
9,585328,117
9,585340,120
9,585388,132
9,585400,135
9,585416,139
9,585436,144
9,585452,148
9,585456,149
9,585480,5
9,585588,32
9,585596,34
9,585616,39
9,585624,41
9,585672,53
9,585684,56
9,585692,58
9,585708,62
9,585716,64
9,585732,68
9,585756,74
9,585764,76
9,585804,86
9,585836,94
9,585840,95
9,585856,99
9,585860,100
9,585876,104
9,585880,105
9,585884,106
9,585892,108
9,585912,113
9,585916,114
9,585924,116
9,585936,119
9,585960,125
9,585972,128
9,585980,130
9,586028,142
9,586032,143
9,586040,145
9,586044,146
9,586064,1
9,586068,2
9,586096,9
9,586100,10
9,586104,11
9,586160,25
9,586180,30
9,586236,44
9,586240,45
9,586260,50
9,586424,91
9,586432,93
9,586464,101
9,586500,110
9,586584,131
9,586660,0
9,586672,3
9,586676,4
9,586680,5
9,586688,7
9,586708,12
9,586716,14
9,586744,21
9,586772,28
9,586812,38
9,586908,62
9,586944,71
9,587004,86
9,587052,98
9,587056,99
9,587072,103
9,587116,114
9,587180,130
9,587228,142
9,587284,6
9,587292,8
9,587312,13
9,587380,30
9,587460,50
9,587500,60
9,587504,61
9,587512,63
9,587520,65
9,587524,66
9,587536,69
9,587540,70
9,587552,73
9,587560,75
9,587628,92
9,587704,111
9,587708,112
9,587720,115
9,587732,118
9,587744,121
9,587804,136
9,587808,137
9,587812,138
9,587824,141
9,587848,147
9,587880,5
9,587960,25
9,587992,33
9,588032,43
9,588068,52
9,588108,62
9,588116,64
9,588128,67
9,588148,72
9,588156,74
9,588184,81
9,588200,85
9,588204,86
9,588244,96
9,588256,99
9,588268,102
9,588316,114
9,588380,130
9,588392,133
9,588420,140
9,588428,142
9,588436,144
9,588464,1
9,588468,2
9,588496,9
9,588500,10
9,588504,11
9,588580,30
9,588584,31
9,588628,42
9,588660,50
9,588664,51
9,588688,57
9,588732,68
9,588744,71
9,588752,73
9,588776,79
9,588780,80
9,588792,83
9,588812,88
9,588820,90
9,588840,95
9,588848,97
9,588860,100
9,588876,104
9,589000,135
9,589016,139
9,589032,143
9,589044,146
9,589052,148
9,589056,149
9,589060,0
9,589080,5
9,589108,12
9,589116,14
9,589160,25
9,589204,36
9,589244,46
9,589248,47
9,589252,48
9,589276,54
9,589280,55
9,589300,60
9,589304,61
9,589308,62
9,589312,63
9,589320,65
9,589324,66
9,589336,69
9,589340,70
9,589368,77
9,589372,78
9,589388,82
9,589396,84
9,589404,86
9,589408,87
9,589416,89
9,589424,91
9,589432,93
9,589436,94
9,589452,98
9,589456,99
9,589464,101
9,589472,103
9,589516,114
9,589548,122
9,589564,126
9,589580,130
9,589628,142
9,589640,145
9,589672,3
9,589684,6
9,589688,7
9,589780,30
9,589856,49
9,589860,50
9,589884,56
9,589892,58
9,589916,64
9,589928,67
9,589948,72
9,589956,74
9,589960,75
9,589964,76
9,590000,85
9,590028,92
9,590044,96
9,590068,102
9,590156,124
9,590168,127
9,590176,129
9,590196,134
9,590204,136
9,590208,137
9,590212,138
9,590224,141
9,590248,147
9,590276,4
9,590280,5
9,590328,17
9,590332,18
9,590336,19
9,590360,25
9,590368,27
9,590440,45
9,590472,53
9,590496,59
9,590508,62
9,590544,71
9,590576,79
9,590580,80
9,590584,81
9,590604,86
9,590612,88
9,590648,97
9,590656,99
9,590676,104
9,590696,109
9,590716,114
9,590740,120
9,590744,121
9,590752,123
9,590760,125
9,590772,128
9,590780,130
9,590784,131
9,590788,132
9,590820,140
9,590828,142
9,590836,144
9,590920,15
9,590924,16
9,590944,21
9,590948,22
9,590952,23
9,590956,24
9,590964,26
9,590980,30
9,590988,32
9,590996,34
9,591000,35
9,591008,37
9,591016,39
9,591024,41
9,591044,46
9,591048,47
9,591060,50
9,591064,51
9,591068,52
9,591080,55
9,591088,57
9,591132,68
9,591152,73
9,591168,77
9,591172,78
9,591188,82
9,591192,83
9,591196,84
9,591208,87
9,591216,89
9,591220,90
9,591240,95
9,591260,100
9,591288,107
9,591348,122
9,591364,126
9,591392,133
9,591400,135
9,591416,139
9,591432,143
9,591440,145
9,591444,146
9,591452,148
9,591456,149
9,591480,5
9,591528,17
9,591532,18
9,591536,19
9,591540,20
9,591560,25
9,591568,27
9,591572,28
9,591576,29
9,591584,31
9,591592,33
9,591612,38
9,591620,40
9,591632,43
9,591636,44
9,591652,48
9,591656,49
9,591676,54
9,591684,56
9,591692,58
9,591700,60
9,591704,61
9,591708,62
9,591712,63
9,591716,64
9,591720,65
9,591724,66
9,591736,69
9,591740,70
9,591804,86
9,591824,91
9,591832,93
9,591836,94
9,591852,98
9,591856,99
9,591864,101
9,591872,103
9,591916,114
9,591928,117
9,591956,124
9,591968,127
9,591976,129
9,591980,130
9,591996,134
9,592012,138
9,592028,142
9,592092,8
9,592112,13
9,592120,15
9,592124,16
9,592144,21
9,592148,22
9,592152,23
9,592156,24
9,592164,26
9,592180,30
9,592204,36
9,592228,42
9,592260,50
9,592272,53
9,592296,59
9,592328,67
9,592344,71
9,592348,72
9,592356,74
9,592360,75
9,592364,76
9,592376,79
9,592400,85
9,592428,92
9,592444,96
9,592468,102
9,592492,108
9,592524,116
9,592536,119
9,592540,120
9,592544,121
9,592552,123
9,592560,125
9,592572,128
9,592584,131
9,592588,132
9,592604,136
9,592608,137
9,592620,140
9,592624,141
9,592636,144
9,592648,147
9,592680,5
9,592760,25
9,592800,35
9,592840,45
9,592844,46
9,592848,47
9,592864,51
9,592868,52
9,592908,62
9,592932,68
9,592952,73
9,592968,77
9,592980,80
9,592984,81
9,593004,86
9,593012,88
9,593040,95
9,593048,97
9,593056,99
9,593060,100
9,593076,104
9,593080,105
9,593084,106
9,593100,110
9,593104,111
9,593108,112
9,593112,113
9,593116,114
9,593148,122
9,593164,126
9,593180,130
9,593192,133
9,593200,135
9,593216,139
9,593228,142
9,593232,143
9,593240,145
9,593244,146
9,593252,148
9,593256,149
9,593380,30
9,593388,32
9,593396,34
9,593408,37
9,593416,39
9,593424,41
9,593452,48
9,593460,50
9,593476,54
9,593480,55
9,593488,57
9,593492,58
9,593500,60
9,593504,61
9,593512,63
9,593516,64
9,593520,65
9,593524,66
9,593536,69
9,593540,70
9,593548,72
9,593572,78
9,593588,82
9,593592,83
9,593596,84
9,593608,87
9,593620,90
9,593624,91
9,593636,94
9,593664,101
9,593688,107
9,593696,109
9,593720,115
9,593728,117
9,593732,118
9,593756,124
9,593768,127
9,593776,129
9,593808,137
9,593812,138
9,593824,141
9,593836,144
9,593848,147
9,593880,5
9,593960,25
9,593984,31
9,593992,33
9,594012,38
9,594020,40
9,594032,43
9,594036,44
9,594056,49
9,594072,53
9,594084,56
9,594096,59
9,594108,62
9,594128,67
9,594144,71
9,594156,74
9,594204,86
9,594216,89
9,594232,93
9,594252,98
9,594256,99
9,594268,102
9,594272,103
9,594292,108
9,594316,114
9,594324,116
9,594336,119
9,594380,130
9,594396,134
9,594404,136
9,594420,140
9,594428,142
9,594468,2
9,594580,30
9,594604,36
9,594660,50
9,594732,68
9,594752,73
9,594800,85
9,594828,92
9,594844,96
9,594876,104
9,594880,105
9,594884,106
9,594900,110
9,594904,111
9,594908,112
9,594912,113
9,595000,135
9,595016,139
9,595032,143
9,595040,145
9,595044,146
9,595052,148
9,595056,149
9,595060,0
9,595064,1
9,595080,5
9,595096,9
9,595104,11
9,595108,12
9,595116,14
9,595136,19
9,595228,42
9,595244,46
9,595264,51
9,595308,62
9,595360,75
9,595404,86
9,595440,95
9,595448,97
9,595456,99
9,595460,100
9,595516,114
9,595544,121
9,595580,130
9,595628,142
9,595700,10
9,595760,25
9,595780,30
9,595800,35
9,595860,50
9,595900,60
9,595904,61
9,595912,63
9,595916,64
9,595920,65
9,595924,66
9,595936,69
9,595940,70
9,595948,72
9,595964,76
9,595968,77
9,595976,79
9,595984,81
9,596012,88
9,596020,90
9,596024,91
9,596036,94
9,596064,101
9,596072,103
9,596140,120
9,596152,123
9,596172,128
9,596184,131
9,596236,144
9,596248,147
9,596272,3
9,596276,4
9,596280,5
9,596284,6
9,596288,7
9,596292,8
9,596312,13
9,596368,27
9,596440,45
9,596468,52
9,596480,55
9,596508,62
9,596528,67
9,596532,68
9,596544,71
9,596552,73
9,596556,74
9,596580,80
9,596604,86
9,596628,92
9,596632,93
9,596644,96
9,596652,98
9,596656,99
9,596668,102
9,596716,114
9,596780,130
9,596788,132
9,596804,136
9,596808,137
9,596812,138
9,596820,140
9,596824,141
9,596828,142
9,596932,18
9,596940,20
9,596960,25
9,596972,28
9,596980,30
9,596988,32
9,596996,34
9,597012,38
9,597016,39
9,597024,41
9,597048,47
9,597060,50
9,597076,54
9,597088,57
9,597092,58
9,597104,61
9,597172,78
9,597188,82
9,597192,83
9,597196,84
9,597208,87
9,597240,95
9,597248,97
9,597276,104
9,597328,117
9,597348,122
9,597356,124
9,597360,125
9,597392,133
9,597400,135
9,597416,139
9,597432,143
9,597444,146
9,597452,148
9,597480,5
9,597528,17
9,597544,21
9,597548,22
9,597576,29
9,597584,31
9,597592,33
9,597608,37
9,597620,40
9,597628,42
9,597632,43
9,597636,44
9,597652,48
9,597656,49
9,597672,53
9,597684,56
9,597700,60
9,597708,62
9,597712,63
9,597716,64
9,597720,65
9,597724,66
9,597736,69
9,597740,70
9,597748,72
9,597760,75
9,597800,85
9,597804,86
9,597816,89
9,597824,91
9,597856,99
9,597860,100
9,597872,103
9,597896,109
9,597916,114
9,597920,115
9,597964,126
9,597968,127
9,597976,129
9,597980,130
9,597984,131
9,597996,134
9,598028,142
9,598036,144
9,598040,145
9,598056,149
9,598120,15
9,598124,16
9,598152,23
9,598156,24
9,598160,25
9,598164,26
9,598180,30
9,598200,35
9,598204,36
9,598260,50
9,598296,59
9,598328,67
9,598332,68
9,598344,71
9,598352,73
9,598356,74
9,598368,77
9,598376,79
9,598420,90
9,598436,94
9,598464,101
9,598540,120
9,598544,121
9,598552,123
9,598572,128
9,598588,132
9,598604,136
9,598608,137
9,598612,138
9,598648,147
9,598668,2
9,598680,5
9,598728,17
9,598732,18
9,598736,19
9,598740,20
9,598744,21
9,598748,22
9,598768,27
9,598772,28
9,598776,29
9,598812,38
9,598824,41
9,598844,46
9,598864,51
9,598904,61
9,598908,62
9,598964,76
9,598980,80
9,598984,81
9,599004,86
9,599012,88
9,599028,92
9,599032,93
9,599044,96
9,599052,98
9,599056,99
9,599068,102
9,599088,107
9,599092,108
9,599116,114
9,599132,118
9,599148,122
9,599156,124
9,599160,125
9,599180,130
9,599192,133
9,599200,135
9,599216,139
9,599220,140
9,599224,141
9,599228,142
9,599232,143
9,599244,146
9,599252,148
9,599320,15
9,599324,16
9,599352,23
9,599356,24
9,599360,25
9,599364,26
9,599380,30
9,599384,31
9,599388,32
9,599396,34
9,599408,37
9,599416,39
9,599428,42
9,599432,43
9,599436,44
9,599440,45
9,599460,50
9,599468,52
9,599480,55
9,599500,60
9,599512,63
9,599516,64
9,599520,65
9,599524,66
9,599536,69
9,599540,70
9,599548,72
9,599588,82
9,599592,83
9,599596,84
9,599608,87
9,599640,95
9,599648,97
9,599676,104
9,599700,110
9,599724,116
9,599736,119
9,599764,126
9,599768,127
9,599776,129
9,599784,131
9,599796,134
9,599836,144
9,599840,145
9,599856,149
9,599880,5
9,599992,33
9,600000,35
9,600004,36
9,600020,40
9,600048,47
9,600052,48
9,600076,54
9,600088,57
9,600092,58
9,600104,61
9,600108,62
9,600128,67
9,600132,68
9,600144,71
9,600152,73
9,600156,74
9,600172,78
9,600204,86
9,600216,89
9,600220,90
9,600224,91
9,600236,94
9,600256,99
9,600260,100
9,600272,103
9,600280,105
9,600284,106
9,600296,109
9,600304,111
9,600308,112
9,600312,113
9,600316,114
9,600320,115
9,600340,120
9,600344,121
9,600352,123
9,600372,128
9,600380,130
9,600388,132
9,600404,136
9,600408,137
9,600412,138
9,600428,142
9,600448,147
9,600560,25
9,600580,30
9,600656,49
9,600660,50
9,600672,53
9,600684,56
9,600696,59
9,600700,60
9,600712,63
9,600716,64
9,600720,65
9,600736,69
9,600740,70
9,600760,75
9,600776,79
9,600800,85
9,600832,93
9,600844,96
9,600864,101
9,600868,102
9,600888,107
9,600892,108
9,600900,110
9,600928,117
9,600932,118
9,600936,119
9,600960,125
9,601000,135
9,601016,139
9,601020,140
9,601024,141
9,601032,143
9,601036,144
9,601044,146
9,601052,148
9,601056,149
9,601064,1
9,601080,5
9,601104,11
9,601212,38
9,601224,41
9,601244,46
9,601264,51
9,601308,62
9,601324,66
9,601332,68
9,601348,72
9,601356,74
9,601364,76
9,601368,77
9,601380,80
9,601384,81
9,601404,86
9,601412,88
9,601428,92
9,601452,98
9,601456,99
9,601516,114
9,601524,116
9,601548,122
9,601556,124
9,601580,130
9,601592,133
9,601628,142
9,601640,145
9,601660,0
9,601696,9
9,601708,12
9,601716,14
9,601760,25
9,601780,30
9,601788,32
9,601796,34
9,601808,37
9,601816,39
9,601840,45
9,601860,50
9,601868,52
9,601880,55
9,601904,61
9,601928,67
9,601944,71
9,601952,73
9,601996,84
9,602040,95
9,602048,97
9,602076,104
9,602108,112
9,602204,136
9,602208,137
9,602212,138
9,602280,5
9,602300,10
9,602328,17
9,602332,18
9,602336,19
9,602340,20
9,602344,21
9,602348,22
9,602368,27
9,602372,28
9,602376,29
9,602384,31
9,602392,33
9,602400,35
9,602404,36
9,602420,40
9,602428,42
9,602432,43
9,602436,44
9,602452,48
9,602488,57
9,602500,60
9,602508,62
9,602512,63
9,602516,64
9,602520,65
9,602536,69
9,602540,70
9,602588,82
9,602592,83
9,602604,86
9,602608,87
9,602620,90
9,602624,91
9,602632,93
9,602636,94
9,602656,99
9,602660,100
9,602664,101
9,602672,103
9,602680,105
9,602684,106
9,602696,109
9,602704,111
9,602712,113
9,602716,114
9,602720,115
9,602764,126
9,602768,127
9,602776,129
9,602780,130
9,602784,131
9,602788,132
9,602828,142
9,602848,147
9,602920,15
9,602924,16
9,602952,23
9,602956,24
9,602960,25
9,602964,26
9,602980,30
9,603012,38
9,603048,47
9,603060,50
9,603076,54
9,603092,58
9,603124,66
9,603128,67
9,603132,68
9,603148,72
9,603156,74
9,603172,78
9,603176,79
9,603216,89
9,603244,96
9,603268,102
9,603292,108
9,603300,110
9,603324,116
9,603328,117
9,603332,118
9,603336,119
9,603340,120
9,603344,121
9,603352,123
9,603372,128
9,603396,134
9,603400,135
9,603416,139
9,603420,140
9,603424,141
9,603432,143
9,603436,144
9,603440,145
9,603444,146
9,603452,148
9,603456,149
9,603480,5
9,603588,32
9,603596,34
9,603608,37
9,603616,39
9,603624,41
9,603684,56
9,603700,60
9,603704,61
9,603708,62
9,603712,63
9,603736,69
9,603740,70
9,603744,71
9,603752,73
9,603800,85
9,603804,86
9,603828,92
9,603856,99
9,603888,107
9,603908,112
9,603916,114
9,603948,122
9,603956,124
9,603960,125
9,603980,130
9,603992,133
9,604004,136
9,604008,137
9,604012,138
9,604028,142
9,604084,6
9,604160,25
9,604180,30
9,604184,31
9,604192,33
9,604200,35
9,604204,36
9,604220,40
9,604228,42
9,604256,49
9,604260,50
9,604272,53
9,604296,59
9,604316,64
9,604320,65
9,604328,67
9,604360,75
9,604364,76
9,604368,77
9,604384,81
9,604412,88
9,604440,95
9,604448,97
9,604452,98
9,604476,104
9,604480,105
9,604484,106
9,604496,109
9,604504,111
9,604512,113
9,604520,115
9,604648,147
9,604668,2
9,604672,3
9,604676,4
9,604680,5
9,604688,7
9,604712,13
9,604832,43
9,604836,44
9,604840,45
9,604844,46
9,604864,51
9,604868,52
9,604888,57
9,604892,58
9,604908,62
9,604924,66
9,604932,68
9,604948,72
9,604956,74
9,604980,80
9,604996,84
9,605004,86
9,605020,90
9,605056,99
9,605064,101
9,605092,108
9,605100,110
9,605116,114
9,605124,116
9,605128,117
9,605132,118
9,605136,119
9,605180,130
9,605184,131
9,605200,135
9,605216,139
9,605220,140
9,605224,141
9,605228,142
9,605232,143
9,605236,144
9,605240,145
9,605244,146
9,605252,148
9,605256,149
9,605292,8
9,605328,17
9,605332,18
9,605340,20
9,605344,21
9,605360,25
9,605368,27
9,605372,28
9,605376,29
9,605380,30
9,605412,38
9,605460,50
9,605480,55
9,605500,60
9,605504,61
9,605536,69
9,605540,70
9,605544,71
9,605552,73
9,605592,83
9,605608,87
9,605624,91
9,605632,93
9,605636,94
9,605644,96
9,605660,100
9,605668,102
9,605672,103
9,605688,107
9,605744,121
9,605752,123
9,605764,126
9,605768,127
9,605776,129
9,605788,132
9,605880,5
9,605920,15
9,605924,16
9,605936,19
9,605948,22
9,605952,23
9,605956,24
9,605964,26
9,605984,31
9,605988,32
9,605996,34
9,606004,36
9,606008,37
9,606016,39
9,606020,40
9,606024,41
9,606028,42
9,606108,62
9,606112,63
9,606116,64
9,606120,65
9,606128,67
9,606176,79
9,606188,82
9,606204,86
9,606216,89
9,606228,92
9,606240,95
9,606256,99
9,606316,114
9,606340,120
9,606372,128
9,606380,130
9,606396,134
9,606404,136
9,606408,137
9,606412,138
9,606428,142
9,606560,25
9,606580,30
9,606592,33
9,606600,35
9,606632,43
9,606636,44
9,606652,48
9,606660,50
9,606724,66
9,606732,68
9,606748,72
9,606848,97
9,606852,98
9,606876,104
9,606880,105
9,606884,106
9,606896,109
9,606900,110
9,606904,111
9,606908,112
9,606912,113
9,606920,115
9,606928,117
9,606948,122
9,606956,124
9,606960,125
9,606992,133
9,607080,5
9,607144,21
9,607168,27
9,607176,29
9,607212,38
9,607248,47
9,607276,54
9,607300,60
9,607304,61
9,607308,62
9,607336,69
9,607340,70
9,607344,71
9,607352,73
9,607356,74
9,607372,78
9,607400,85
9,607404,86
9,607420,90
9,607456,99
9,607488,107
9,607492,108
9,607516,114
9,607524,116
9,607532,118
9,607536,119
9,607580,130
9,607600,135
9,607616,139
9,607620,140
9,607624,141
9,607628,142
9,607632,143
9,607636,144
9,607640,145
9,607644,146
9,607648,147
9,607652,148
9,607656,149
9,607664,1
9,607732,18
9,607740,20
9,607760,25
9,607772,28
9,607780,30
9,607788,32
9,607808,37
9,607816,39
9,607824,41
9,607856,49
9,607860,50
9,607872,53
9,607884,56
9,607896,59
9,607912,63
9,607916,64
9,607920,65
9,607928,67
9,607960,75
9,607964,76
9,607968,77
9,607980,80
9,607984,81
9,608012,88
9,608044,96
9,608064,101
9,608072,103
9,608152,123
9,608168,127
9,608184,131
9,608188,132
9,608204,136
9,608208,137
9,608212,138
9,608260,0
9,608280,5
9,608304,11
9,608328,17
9,608356,24
9,608384,31
9,608392,33
9,608396,34
9,608400,35
9,608404,36
9,608420,40
9,608428,42
9,608436,44
9,608508,62
9,608524,66
9,608596,84
9,608604,86
9,608624,91
9,608628,92
9,608632,93
9,608636,94
9,608640,95
9,608656,99
9,608660,100
9,608668,102
9,608716,114
9,608728,117
9,608740,120
9,608744,121
9,608764,126
9,608776,129
9,608780,130
9,608828,142
9,608920,15
9,608924,16
9,608936,19
9,608940,20
9,608944,21
9,608948,22
9,608952,23
9,608960,25
9,608964,26
9,608976,29
9,608980,30
9,609012,38
9,609032,43
9,609060,50
9,609132,68
9,609148,72
9,609192,83
9,609220,90
9,609248,97
9,609252,98
9,609276,104
9,609280,105
9,609284,106
9,609296,109
9,609300,110
9,609304,111
9,609308,112
9,609312,113
9,609320,115
9,609348,122
9,609372,128
9,609392,133
9,609396,134
9,609480,5
9,609496,9
9,609516,14
9,609528,17
9,609532,18
9,609556,24
9,609568,27
9,609572,28
9,609588,32
9,609608,37
9,609616,39
9,609624,41
9,609640,45
9,609704,61
9,609708,62
9,609740,70
9,609756,74
9,609804,86
9,609808,87
9,609856,99
9,609864,101
9,609892,108
9,609916,114
9,609924,116
9,609932,118
9,609936,119
9,609956,124
9,609960,125
9,609980,130
9,610028,142
9,610108,12
9,610160,25
9,610180,30
9,610184,31
9,610192,33
9,610196,34
9,610200,35
9,610204,36
9,610220,40
9,610228,42
9,610236,44
9,610260,50
9,610280,55
9,610300,60
9,610324,66
9,610336,69
9,610344,71
9,610352,73
9,610376,79
9,610388,82
9,610416,89
9,610444,96
9,610472,103
9,610488,107
9,610552,123
9,610568,127
9,610600,135
9,610608,137
9,610616,139
9,610620,140
9,610624,141
9,610632,143
9,610636,144
9,610640,145
9,610644,146
9,610648,147
9,610652,148
9,610656,149
9,610680,5
9,610700,10
9,610720,15
9,610812,38
9,610832,43
9,610864,51
9,610868,52
9,610892,58
9,610908,62
9,610912,63
9,610916,64
9,610920,65
9,610928,67
9,610932,68
9,610948,72
9,610972,78
9,611000,85
9,611004,86
9,611024,91
9,611028,92
9,611032,93
9,611036,94
9,611040,95
9,611056,99
9,611060,100
9,611068,102
9,611080,105
9,611084,106
9,611096,109
9,611100,110
9,611104,111
9,611108,112
9,611112,113
9,611116,114
9,611120,115
9,611128,117
9,611180,130
9,611184,131
9,611188,132
9,611204,136
9,611212,138
9,611228,142
9,611284,6
9,611324,16
9,611336,19
9,611340,20
9,611344,21
9,611348,22
9,611352,23
9,611360,25
9,611364,26
9,611376,29
9,611380,30
9,611388,32
9,611408,37
9,611416,39
9,611424,41
9,611444,46
9,611460,50
9,611564,76
9,611620,90
9,611648,97
9,611652,98
9,611676,104
9,611692,108
9,611732,118
9,611736,119
9,611744,121
9,611764,126
9,611776,129
9,611880,5
9,611928,17
9,611932,18
9,611956,24
9,611968,27
9,611972,28
9,611984,31
9,611992,33
9,611996,34
9,612004,36
9,612020,40
9,612028,42
9,612036,44
9,612088,57
9,612108,62
9,612140,70
9,612156,74
9,612204,86
9,612212,88
9,612244,96
9,612256,99
9,612264,101
9,612316,114
9,612324,116
9,612340,120
9,612348,122
9,612380,130
9,612392,133
9,612428,142
9,612468,2
9,612472,3
9,612476,4
9,612488,7
9,612492,8
9,612512,13
9,612520,15
9,612560,25
9,612580,30
9,612600,35
9,612612,38
9,612632,43
9,612660,50
9,612700,60
9,612704,61
9,612760,75
9,612784,81
9,612792,83
9,612796,84
9,612824,91
9,612828,92
9,612832,93
9,612836,94
9,612840,95
9,612860,100
9,612868,102
9,612872,103
9,612888,107
9,612896,109
9,612960,125
9,612972,128
9,612996,134
9,613036,144
9,613044,146
9,613052,148
9,613060,0
9,613064,1
9,613080,5
9,613124,16
9,613136,19
9,613144,21
9,613148,22
9,613152,23
9,613164,26
9,613176,29
9,613188,32
9,613208,37
9,613216,39
9,613224,41
9,613248,47
9,613252,48
9,613308,62
9,613320,65
9,613324,66
9,613336,69
9,613344,71
9,613348,72
9,613352,73
9,613368,77
9,613380,80
9,613404,86
9,613420,90
9,613448,97
9,613452,98
9,613456,99
9,613476,104
9,613480,105
9,613484,106
9,613492,108
9,613500,110
9,613504,111
9,613512,113
9,613516,114
9,613520,115
9,613528,117
9,613552,123
9,613556,124
9,613580,130
9,613600,135
9,613608,137
9,613616,139
9,613620,140
9,613624,141
9,613628,142
9,613632,143
9,613640,145
9,613648,147
9,613656,149
9,613704,11
9,613708,12
9,613728,17
9,613740,20
9,613760,25
9,613780,30
9,613792,33
9,613796,34
9,613804,36
9,613820,40
9,613828,42
9,613836,44
9,613860,50
9,613872,53
9,613876,54
9,613912,63
9,613988,82
9,614008,87
9,614016,89
9,614044,96
9,614064,101
9,614108,112
9,614132,118
9,614136,119
9,614168,127
9,614184,131
9,614188,132
9,614280,5
9,614296,9
9,614300,10
9,614316,14
9,614332,18
9,614356,24
9,614368,27
9,614372,28
9,614384,31
9,614412,38
9,614432,43
9,614456,49
9,614484,56
9,614496,59
9,614508,62
9,614516,64
9,614528,67
9,614564,76
9,614572,78
9,614600,85
9,614604,86
9,614624,91
9,614628,92
9,614632,93
9,614636,94
9,614640,95
9,614652,98
9,614656,99
9,614660,100
9,614668,102
9,614672,103
9,614716,114
9,614724,116
9,614744,121
9,614780,130
9,614804,136
9,614812,138
9,614828,142
9,614884,6
9,614920,15
9,614924,16
9,614936,19
9,614944,21
9,614948,22
9,614952,23
9,614960,25
9,614964,26
9,614976,29
9,614980,30
9,614988,32
9,615000,35
9,615008,37
9,615016,39
9,615024,41
9,615040,45
9,615060,50
9,615080,55
9,615132,68
9,615140,70
9,615156,74
9,615176,79
9,615220,90
9,615248,97
9,615264,101
9,615276,104
9,615288,107
9,615296,109
9,615364,126
9,615376,129
9,615460,0
9,615468,2
9,615472,3
9,615476,4
9,615480,5
9,615488,7
9,615492,8
9,615512,13
9,615528,17
9,615540,20
9,615592,33
9,615596,34
9,615604,36
9,615628,42
9,615636,44
9,615664,51
9,615668,52
9,615700,60
9,615704,61
9,615708,62
9,615760,75
9,615784,81
9,615792,83
9,615796,84
9,615804,86
9,615844,96
9,615852,98
9,615856,99
9,615880,105
9,615884,106
9,615892,108
9,615900,110
9,615904,111
9,615916,114
9,615920,115
9,615928,117
9,615932,118
9,615936,119
9,615940,120
9,615948,122
9,615960,125
9,615980,130
9,615992,133
9,615996,134
9,616028,142
9,616036,144
9,616064,1
9,616104,11
9,616108,12
9,616132,18
9,616156,24
9,616160,25
9,616168,27
9,616172,28
9,616180,30
9,616184,31
9,616220,40
9,616232,43
9,616244,46
9,616252,48
9,616260,50
9,616288,57
9,616292,58
9,616368,77
9,616380,80
9,616408,87
9,616412,88
9,616424,91
9,616428,92
9,616432,93
9,616436,94
9,616440,95
9,616460,100
9,616468,102
9,616472,103
9,616508,112
9,616512,113
9,616524,116
9,616552,123
9,616556,124
9,616572,128
9,616644,146
9,616652,148
9,616680,5
9,616684,6
9,616696,9
9,616700,10
9,616716,14
9,616720,15
9,616736,19
9,616744,21
9,616748,22
9,616752,23
9,616764,26
9,616776,29
9,616800,35
9,616808,37
9,616812,38
9,616848,47
9,616856,49
9,616872,53
9,616876,54
9,616908,62
9,616936,69
9,616972,78
9,616988,82
9,617000,85
9,617004,86
9,617016,89
9,617020,90
9,617048,97
9,617056,99
9,617064,101
9,617076,104
9,617088,107
9,617116,114
9,617168,127
9,617180,130
9,617184,131
9,617188,132
9,617228,142
9,617260,0
9,617268,2
9,617272,3
9,617276,4
9,617288,7
9,617324,16
9,617328,17
9,617340,20
9,617360,25
9,617380,30
9,617388,32
9,617392,33
9,617416,39
9,617424,41
9,617440,45
9,617460,50
9,617480,55
9,617484,56
9,617496,59
9,617512,63
9,617520,65
9,617524,66
9,617544,71
9,617548,72
9,617552,73
9,617560,75
9,617564,76
9,617576,79
9,617592,83
9,617644,96
9,617652,98
9,617696,109
9,617744,121
9,617764,126
9,617776,129
9,617800,135
9,617808,137
9,617820,140
9,617824,141
9,617832,143
9,617840,145
9,617848,147
9,617856,149
9,617864,1
9,617880,5
9,617892,8
9,617904,11
9,617908,12
9,617912,13
9,617932,18
9,617968,27
9,617972,28
9,617996,34
9,618028,42
9,618036,44
9,618044,46
9,618064,51
9,618068,52
9,618088,57
9,618108,62
9,618116,64
9,618128,67
9,618140,70
9,618168,77
9,618184,81
9,618196,84
9,618204,86
9,618208,87
9,618224,91
9,618228,92
9,618232,93
9,618236,94
9,618240,95
9,618256,99
9,618260,100
9,618268,102
9,618272,103
9,618280,105
9,618292,108
9,618300,110
9,618304,111
9,618316,114
9,618320,115
9,618328,117
9,618332,118
9,618336,119
9,618340,120
9,618348,122
9,618360,125
9,618380,130
9,618392,133
9,618396,134
9,618404,136
9,618412,138
9,618416,139
9,618428,142
9,618484,6
9,618496,9
9,618500,10
9,618520,15
9,618536,19
9,618544,21
9,618548,22
9,618556,24
9,618560,25
9,618580,30
9,618604,36
9,618632,43
9,618652,48
9,618660,50
9,618672,53
9,618692,58
9,618780,80
9,618788,82
9,618800,85
9,618812,88
9,618816,89
9,618884,106
9,618908,112
9,618952,123
9,618972,128
9,619060,0
9,619068,2
9,619072,3
9,619076,4
9,619080,5
9,619088,7
9,619116,14
9,619152,23
9,619164,26
9,619176,29
9,619184,31
9,619220,40
9,619240,45
9,619248,47
9,619256,49
9,619276,54
9,619280,55
9,619284,56
9,619296,59
9,619308,62
9,619356,74
9,619364,76
9,619372,78
9,619392,83
9,619404,86
9,619420,90
9,619448,97
9,619456,99
9,619464,101
9,619512,113
9,619516,114
9,619524,116
9,619544,121
9,619556,124
9,619568,127
9,619580,130
9,619584,131
9,619588,132
9,619628,142
9,619652,148
9,619664,1
9,619692,8
9,619704,11
9,619708,12
9,619712,13
9,619724,16
9,619728,17
9,619740,20
9,619760,25
9,619780,30
9,619800,35
9,619808,37
9,619812,38
9,619824,41
9,619844,46
9,619860,50
9,619864,51
9,619868,52
9,619888,57
9,619900,60
9,619904,61
9,619932,68
9,619960,75
9,619968,77
9,619976,79
9,619984,81
9,619996,84
9,620008,87
9,620076,104
9,620088,107
9,620096,109
9,620140,120
9,620148,122
9,620160,125
9,620164,126
9,620176,129
9,620192,133
9,620196,134
9,620280,5
9,620284,6
9,620296,9
9,620300,10
9,620332,18
9,620344,21
9,620368,27
9,620372,28
9,620392,33
9,620452,48
9,620472,53
9,620492,58
9,620508,62
9,620520,65
9,620580,80
9,620588,82
9,620600,85
9,620604,86
9,620612,88
9,620616,89
9,620656,99
9,620680,105
9,620692,108
9,620716,114
9,620728,117
9,620752,123
9,620772,128
9,620780,130
9,620828,142
9,620836,144
9,620844,146
9,620868,2
9,620872,3
9,620888,7
9,620920,15
9,620948,22
9,620956,24
9,620960,25
9,620980,30
9,621016,39
9,621036,44
9,621040,45
9,621048,47
9,621056,49
9,621060,50
9,621076,54
9,621080,55
9,621084,56
9,621096,59
9,621136,69
9,621284,106
9,621304,111
9,621308,112
9,621320,115
9,621332,118
9,621336,119
9,621356,124
9,621368,127
9,621460,0
9,621476,4
9,621480,5
9,621516,14
9,621536,19
9,621552,23
9,621588,32
9,621596,34
9,621644,46
9,621664,51
9,621668,52
9,621688,57
9,621708,62
9,621764,76
9,621772,78
9,621792,83
9,621804,86
9,621856,99
9,621900,110
9,621916,114
9,621944,121
9,621960,125
9,621980,130
9,621984,131
9,621988,132
9,622008,137
9,622020,140
9,622028,142
9,622056,149
9,622064,1
9,622092,8
9,622104,11
9,622108,12
9,622112,13
9,622160,25
9,622164,26
9,622176,29
9,622180,30
9,622260,50
9,622312,63
9,622324,66
9,622360,75
9,622368,77
9,622376,79
9,622384,81
9,622396,84
9,622408,87
9,622496,109
9,622512,113
9,622524,116
9,622540,120
9,622548,122
9,622564,126
9,622576,129
9,622592,133
9,622596,134
9,622600,135
9,622624,141
9,622632,143
9,622640,145
9,622648,147
9,622680,5
9,622684,6
9,622696,9
9,622700,10
9,622724,16
9,622740,20
9,622828,42
9,622840,45
9,622848,47
9,622852,48
9,622856,49
9,622872,53
9,622876,54
9,622880,55
9,622884,56
9,622892,58
9,622896,59
9,622908,62
9,622940,70
9,622948,72
9,622952,73
9,622980,80
9,622988,82
9,623000,85
9,623004,86
9,623012,88
9,623016,89
9,623052,98
9,623056,99
9,623088,107
9,623116,114
9,623128,117
9,623152,123
9,623168,127
9,623172,128
9,623180,130
9,623204,136
9,623212,138
9,623216,139
9,623228,142
9,623252,148
9,623328,17
9,623360,25
9,623380,30
9,623460,50
9,623544,71
9,623756,124
9,623868,2
9,623872,3
9,623880,5
9,623972,28
9,624044,46
9,624068,52
9,624088,57
9,624108,62
9,624204,86
9,624244,96
9,624280,105
9,624292,108
9,624304,111
9,624316,114
9,624320,115
9,624332,118
9,624336,119
9,624360,125
9,624380,130
9,624384,131
9,624388,132
9,624428,142
9,624488,7
9,624560,25
9,624580,30
9,624660,50
9,624664,51
9,624764,76
9,624884,106
9,624900,110
9,624908,112
9,624944,121
9,625080,5
9,625308,62
9,625316,64
9,625372,78
9,625392,83
9,625404,86
9,625496,109
9,625512,113
9,625516,114
9,625524,116
9,625548,122
9,625564,126
9,625580,130
9,625592,133
9,625596,134
9,625628,142
9,625636,144
9,625644,146
9,625732,18
9,625744,21
9,625760,25
9,625804,36
9,625860,50
9,625968,77
9,625976,79
9,626008,87
9,626128,117
9,626176,129
9,626240,145
9,626336,19
9,626356,24
9,626368,27
9,626380,30
9,626420,40
9,626432,43
9,626508,62
9,626528,67
9,626532,68
9,626556,74
9,626604,86
9,626716,114
9,626740,120
9,626780,130
9,626808,137
9,626828,142
9,626876,4
9,626880,5
9,627060,50
9,627196,84
9,627288,107
9,627304,111
9,627320,115
9,627400,135
9,627420,140
9,627424,141
9,627432,143
9,627448,147
9,627452,148
9,627456,149
9,627520,15
9,627560,25
9,627708,62
9,627804,86
9,627916,114
9,627932,118
9,627980,130
9,628028,142
9,628184,31
9,628320,65
9,628384,81
9,628480,105
9,628536,119
9,628860,50
9,628900,60
9,628960,75
9,629004,86
9,629032,93
9,629072,103
9,629092,108
