

================================================================
== Vitis HLS Report for 'process_pre_spike_aer_Pipeline_LTD_LOOP'
================================================================
* Date:           Tue Feb 10 18:59:25 2026

* Version:        2025.2 (Build 6295257 on Nov 14 2025)
* Project:        hls_csim_output
* Solution:       hls (Vivado IP Flow Target)
* Product family: zynq
* Target device:  xc7z020-clg400-1


================================================================
== Performance Estimates
================================================================
+ Timing: 
    * Summary: 
    +--------+----------+----------+------------+
    |  Clock |  Target  | Estimated| Uncertainty|
    +--------+----------+----------+------------+
    |ap_clk  |  10.00 ns|  7.063 ns|     2.70 ns|
    +--------+----------+----------+------------+

+ Latency: 
    * Summary: 
    +---------+---------+----------+----------+-----+-----+-------------------+
    |  Latency (cycles) |  Latency (absolute) |  Interval |      Pipeline     |
    |   min   |   max   |    min   |    max   | min | max |        Type       |
    +---------+---------+----------+----------+-----+-----+-------------------+
    |      264|      264|  2.640 us|  2.640 us|    0|    0|  loop pipeline stp|
    +---------+---------+----------+----------+-----+-----+-------------------+

    + Detail: 
        * Instance: 
        N/A

        * Loop: 
        +------------+---------+---------+----------+-----------+-----------+------+----------+
        |            |  Latency (cycles) | Iteration|  Initiation Interval  | Trip |          |
        |  Loop Name |   min   |   max   |  Latency |  achieved |   target  | Count| Pipelined|
        +------------+---------+---------+----------+-----------+-----------+------+----------+
        |- LTD_LOOP  |      262|      262|         9|          2|          2|   128|       yes|
        +------------+---------+---------+----------+-----------+-----------+------+----------+

============================================================
+ Verbose Summary: Synthesis Manager
============================================================
InlineROM: 1
ExposeGlobal: 0
============================================================
+ Verbose Summary: CDFG Model
============================================================
IsTopModel: 0
ResetActiveHigh: 1
IsCombinational: 0
IsDatapathOnly: 0
HasWiredReturn: 1
HasMFsm: 2
HasVarLatency: 1
IsPipeline: 0
IsRtlPipelined: 0
IsInstanceOverlapped: 0
IsDontTouch: 0
HasImplIP: 0
IsGatedGlobalClock: 0

+ Individual pipeline summary: 
  * Pipeline-0: initiation interval (II) = 2, depth = 9


============================================================
+ Verbose Summary: Schedule
============================================================
* Number of FSM states : 9
* Pipeline : 1
  Pipeline-0 : II = 2, D = 9, States = { 1 2 3 4 5 6 7 8 9 }
* Dataflow Pipeline: 0

* FSM state transitions: 
1 --> 2 
2 --> 3 
3 --> 4 
4 --> 5 
5 --> 6 
6 --> 7 
7 --> 8 
8 --> 9 
9 --> 

* FSM state operations: 

State 1 <SV = 0> <Delay = 4.99>
ST_1 : Operation 12 [1/1] (0.00ns)   --->   "%j = alloca i32 1" [src/snn_top_hls.cpp:367]   --->   Operation 12 'alloca' 'j' <Predicate = true> <Delay = 0.00>
ST_1 : Operation 13 [1/1] (0.00ns)   --->   "%specmemcore_ln0 = specmemcore void @_ssdm_op_SpecMemCore, i16 %post_traces_last_spike_time_0, i64 666, i64 22, i64 18446744073709551615, i1 0"   --->   Operation 13 'specmemcore' 'specmemcore_ln0' <Predicate = true> <Delay = 0.00>
ST_1 : Operation 14 [1/1] (0.00ns)   --->   "%specmemcore_ln0 = specmemcore void @_ssdm_op_SpecMemCore, i16 %post_traces_last_spike_time_1, i64 666, i64 22, i64 18446744073709551615, i1 0"   --->   Operation 14 'specmemcore' 'specmemcore_ln0' <Predicate = true> <Delay = 0.00>
ST_1 : Operation 15 [1/1] (0.00ns)   --->   "%specmemcore_ln0 = specmemcore void @_ssdm_op_SpecMemCore, i8 %post_traces_trace_0, i64 666, i64 22, i64 18446744073709551615, i1 0"   --->   Operation 15 'specmemcore' 'specmemcore_ln0' <Predicate = true> <Delay = 0.00>
ST_1 : Operation 16 [1/1] (0.00ns)   --->   "%specmemcore_ln0 = specmemcore void @_ssdm_op_SpecMemCore, i8 %post_traces_trace_1, i64 666, i64 22, i64 18446744073709551615, i1 0"   --->   Operation 16 'specmemcore' 'specmemcore_ln0' <Predicate = true> <Delay = 0.00>
ST_1 : Operation 17 [1/1] (0.00ns)   --->   "%specmemcore_ln0 = specmemcore void @_ssdm_op_SpecMemCore, i8 %p_ZL13weight_memory_0, i64 666, i64 22, i64 18446744073709551615, i1 0"   --->   Operation 17 'specmemcore' 'specmemcore_ln0' <Predicate = true> <Delay = 0.00>
ST_1 : Operation 18 [1/1] (0.00ns)   --->   "%specmemcore_ln0 = specmemcore void @_ssdm_op_SpecMemCore, i8 %p_ZL13weight_memory_1, i64 666, i64 22, i64 18446744073709551615, i1 0"   --->   Operation 18 'specmemcore' 'specmemcore_ln0' <Predicate = true> <Delay = 0.00>
ST_1 : Operation 19 [1/1] (0.00ns)   --->   "%pre_id_read = read i8 @_ssdm_op_Read.ap_auto.i8, i8 %pre_id"   --->   Operation 19 'read' 'pre_id_read' <Predicate = true> <Delay = 0.00>
ST_1 : Operation 20 [1/1] (0.00ns)   --->   "%current_time_read = read i16 @_ssdm_op_Read.ap_auto.i16, i16 %current_time"   --->   Operation 20 'read' 'current_time_read' <Predicate = true> <Delay = 0.00>
ST_1 : Operation 21 [1/1] (1.58ns)   --->   "%store_ln367 = store i9 0, i9 %j" [src/snn_top_hls.cpp:367]   --->   Operation 21 'store' 'store_ln367' <Predicate = true> <Delay = 1.58>
ST_1 : Operation 22 [1/1] (0.00ns)   --->   "%br_ln0 = br void %for.body"   --->   Operation 22 'br' 'br_ln0' <Predicate = true> <Delay = 0.00>
ST_1 : Operation 23 [1/1] (0.00ns)   --->   "%j_1 = load i9 %j" [src/snn_top_hls.cpp:367]   --->   Operation 23 'load' 'j_1' <Predicate = true> <Delay = 0.00>
ST_1 : Operation 24 [1/1] (0.00ns)   --->   "%tmp = bitselect i1 @_ssdm_op_BitSelect.i1.i9.i32, i9 %j_1, i32 8" [src/snn_top_hls.cpp:367]   --->   Operation 24 'bitselect' 'tmp' <Predicate = true> <Delay = 0.00>
ST_1 : Operation 25 [1/1] (0.00ns)   --->   "%speclooptripcount_ln0 = speclooptripcount void @_ssdm_op_SpecLoopTripCount, i64 128, i64 128, i64 128"   --->   Operation 25 'speclooptripcount' 'speclooptripcount_ln0' <Predicate = true> <Delay = 0.00>
ST_1 : Operation 26 [1/1] (0.00ns)   --->   "%br_ln367 = br i1 %tmp, void %for.body.split_ifconv, void %for.end.exitStub" [src/snn_top_hls.cpp:367]   --->   Operation 26 'br' 'br_ln367' <Predicate = true> <Delay = 0.00>
ST_1 : Operation 27 [1/1] (0.00ns)   --->   "%lshr_ln9 = partselect i7 @_ssdm_op_PartSelect.i7.i9.i32.i32, i9 %j_1, i32 1, i32 7" [src/snn_top_hls.cpp:367]   --->   Operation 27 'partselect' 'lshr_ln9' <Predicate = (!tmp)> <Delay = 0.00>
ST_1 : Operation 28 [1/1] (0.00ns)   --->   "%zext_ln367 = zext i7 %lshr_ln9" [src/snn_top_hls.cpp:367]   --->   Operation 28 'zext' 'zext_ln367' <Predicate = (!tmp)> <Delay = 0.00>
ST_1 : Operation 29 [1/1] (0.00ns)   --->   "%post_traces_trace_0_addr = getelementptr i8 %post_traces_trace_0, i64 0, i64 %zext_ln367" [src/snn_top_hls.cpp:372]   --->   Operation 29 'getelementptr' 'post_traces_trace_0_addr' <Predicate = (!tmp)> <Delay = 0.00>
ST_1 : Operation 30 [1/1] (0.00ns)   --->   "%post_traces_last_spike_time_0_addr = getelementptr i16 %post_traces_last_spike_time_0, i64 0, i64 %zext_ln367" [src/snn_top_hls.cpp:372]   --->   Operation 30 'getelementptr' 'post_traces_last_spike_time_0_addr' <Predicate = (!tmp)> <Delay = 0.00>
ST_1 : Operation 31 [2/2] (3.25ns)   --->   "%post_t_trace_1 = load i7 %post_traces_trace_0_addr" [src/snn_top_hls.cpp:372]   --->   Operation 31 'load' 'post_t_trace_1' <Predicate = (!tmp)> <Delay = 3.25> <CoreInst = "RAM_2P_BRAM">   --->   Core 90 'RAM_2P_BRAM' <Latency = 1> <II = 1> <Delay = 3.25> <Storage> <Opcode : 'load' 'store'> <Ports = 2> <Width = 8> <Depth = 128> <RAM>
ST_1 : Operation 32 [2/2] (3.25ns)   --->   "%post_t_last_spike_time_1 = load i7 %post_traces_last_spike_time_0_addr" [src/snn_top_hls.cpp:372]   --->   Operation 32 'load' 'post_t_last_spike_time_1' <Predicate = (!tmp)> <Delay = 3.25> <CoreInst = "RAM_2P_BRAM">   --->   Core 90 'RAM_2P_BRAM' <Latency = 1> <II = 1> <Delay = 3.25> <Storage> <Opcode : 'load' 'store'> <Ports = 2> <Width = 16> <Depth = 128> <RAM>
ST_1 : Operation 33 [1/1] (0.00ns)   --->   "%post_traces_last_spike_time_1_addr = getelementptr i16 %post_traces_last_spike_time_1, i64 0, i64 %zext_ln367" [src/snn_top_hls.cpp:372]   --->   Operation 33 'getelementptr' 'post_traces_last_spike_time_1_addr' <Predicate = (!tmp)> <Delay = 0.00>
ST_1 : Operation 34 [2/2] (3.25ns)   --->   "%post_t_last_spike_time = load i7 %post_traces_last_spike_time_1_addr" [src/snn_top_hls.cpp:372]   --->   Operation 34 'load' 'post_t_last_spike_time' <Predicate = (!tmp)> <Delay = 3.25> <CoreInst = "RAM_2P_BRAM">   --->   Core 90 'RAM_2P_BRAM' <Latency = 1> <II = 1> <Delay = 3.25> <Storage> <Opcode : 'load' 'store'> <Ports = 2> <Width = 16> <Depth = 128> <RAM>
ST_1 : Operation 35 [1/1] (1.82ns)   --->   "%add_ln367 = add i9 %j_1, i9 2" [src/snn_top_hls.cpp:367]   --->   Operation 35 'add' 'add_ln367' <Predicate = (!tmp)> <Delay = 1.82> <CoreInst = "Adder">   --->   Core 1 'Adder' <Latency = 0> <II = 1> <Delay = 1.82> <FuncUnit> <Opcode : 'add' 'sub'> <InPorts = 2> <OutPorts = 1>
ST_1 : Operation 36 [1/1] (1.58ns)   --->   "%store_ln367 = store i9 %add_ln367, i9 %j" [src/snn_top_hls.cpp:367]   --->   Operation 36 'store' 'store_ln367' <Predicate = (!tmp)> <Delay = 1.58>
ST_1 : Operation 37 [1/1] (0.00ns)   --->   "%br_ln367 = br void %for.body" [src/snn_top_hls.cpp:367]   --->   Operation 37 'br' 'br_ln367' <Predicate = (!tmp)> <Delay = 0.00>

State 2 <SV = 1> <Delay = 6.87>
ST_2 : Operation 38 [1/2] ( I:3.25ns O:3.25ns )   --->   "%post_t_trace_1 = load i7 %post_traces_trace_0_addr" [src/snn_top_hls.cpp:372]   --->   Operation 38 'load' 'post_t_trace_1' <Predicate = (!tmp)> <Delay = 3.25> <CoreInst = "RAM_2P_BRAM">   --->   Core 90 'RAM_2P_BRAM' <Latency = 1> <II = 1> <Delay = 3.25> <Storage> <Opcode : 'load' 'store'> <Ports = 2> <Width = 8> <Depth = 128> <RAM>
ST_2 : Operation 39 [1/2] ( I:3.25ns O:3.25ns )   --->   "%post_t_last_spike_time_1 = load i7 %post_traces_last_spike_time_0_addr" [src/snn_top_hls.cpp:372]   --->   Operation 39 'load' 'post_t_last_spike_time_1' <Predicate = (!tmp)> <Delay = 3.25> <CoreInst = "RAM_2P_BRAM">   --->   Core 90 'RAM_2P_BRAM' <Latency = 1> <II = 1> <Delay = 3.25> <Storage> <Opcode : 'load' 'store'> <Ports = 2> <Width = 16> <Depth = 128> <RAM>
ST_2 : Operation 40 [1/1] (2.07ns)   --->   "%dt = sub i16 %current_time_read, i16 %post_t_last_spike_time_1" [src/snn_top_hls.cpp:318->src/snn_top_hls.cpp:373]   --->   Operation 40 'sub' 'dt' <Predicate = (!tmp)> <Delay = 2.07> <CoreInst = "Adder">   --->   Core 1 'Adder' <Latency = 0> <II = 1> <Delay = 2.07> <FuncUnit> <Opcode : 'add' 'sub'> <InPorts = 2> <OutPorts = 1>
ST_2 : Operation 41 [1/1] (0.00ns)   --->   "%tmp_54 = partselect i12 @_ssdm_op_PartSelect.i12.i16.i32.i32, i16 %dt, i32 4, i32 15" [src/snn_top_hls.cpp:321->src/snn_top_hls.cpp:373]   --->   Operation 41 'partselect' 'tmp_54' <Predicate = (!tmp)> <Delay = 0.00>
ST_2 : Operation 42 [1/1] (1.54ns)   --->   "%icmp_ln321 = icmp_ne  i12 %tmp_54, i12 0" [src/snn_top_hls.cpp:321->src/snn_top_hls.cpp:373]   --->   Operation 42 'icmp' 'icmp_ln321' <Predicate = (!tmp)> <Delay = 1.54> <CoreInst = "Cmp">   --->   Core 9 'Cmp' <Latency = 0> <II = 1> <Delay = 1.54> <FuncUnit> <Opcode : 'seteq' 'setne' 'setle' 'setge' 'setlt' 'setgt'> <InPorts = 2> <OutPorts = 1>
ST_2 : Operation 43 [1/2] ( I:3.25ns O:3.25ns )   --->   "%post_t_last_spike_time = load i7 %post_traces_last_spike_time_1_addr" [src/snn_top_hls.cpp:372]   --->   Operation 43 'load' 'post_t_last_spike_time' <Predicate = (!tmp)> <Delay = 3.25> <CoreInst = "RAM_2P_BRAM">   --->   Core 90 'RAM_2P_BRAM' <Latency = 1> <II = 1> <Delay = 3.25> <Storage> <Opcode : 'load' 'store'> <Ports = 2> <Width = 16> <Depth = 128> <RAM>
ST_2 : Operation 44 [1/1] (2.07ns)   --->   "%dt_1 = sub i16 %current_time_read, i16 %post_t_last_spike_time" [src/snn_top_hls.cpp:318->src/snn_top_hls.cpp:373]   --->   Operation 44 'sub' 'dt_1' <Predicate = (!tmp)> <Delay = 2.07> <CoreInst = "Adder">   --->   Core 1 'Adder' <Latency = 0> <II = 1> <Delay = 2.07> <FuncUnit> <Opcode : 'add' 'sub'> <InPorts = 2> <OutPorts = 1>
ST_2 : Operation 45 [1/1] (0.00ns)   --->   "%tmp_55 = partselect i12 @_ssdm_op_PartSelect.i12.i16.i32.i32, i16 %dt_1, i32 4, i32 15" [src/snn_top_hls.cpp:321->src/snn_top_hls.cpp:373]   --->   Operation 45 'partselect' 'tmp_55' <Predicate = (!tmp)> <Delay = 0.00>
ST_2 : Operation 46 [1/1] (1.54ns)   --->   "%icmp_ln321_1 = icmp_ne  i12 %tmp_55, i12 0" [src/snn_top_hls.cpp:321->src/snn_top_hls.cpp:373]   --->   Operation 46 'icmp' 'icmp_ln321_1' <Predicate = (!tmp)> <Delay = 1.54> <CoreInst = "Cmp">   --->   Core 9 'Cmp' <Latency = 0> <II = 1> <Delay = 1.54> <FuncUnit> <Opcode : 'seteq' 'setne' 'setle' 'setge' 'setlt' 'setgt'> <InPorts = 2> <OutPorts = 1>

State 3 <SV = 2> <Delay = 3.25>
ST_3 : Operation 47 [1/1] (0.00ns)   --->   "%zext_ln325_1 = zext i16 %dt" [src/snn_top_hls.cpp:325->src/snn_top_hls.cpp:373]   --->   Operation 47 'zext' 'zext_ln325_1' <Predicate = true> <Delay = 0.00>
ST_3 : Operation 48 [1/1] (0.00ns)   --->   "%EXP_DECAY_LUT_addr = getelementptr i8 %EXP_DECAY_LUT, i64 0, i64 %zext_ln325_1" [src/snn_top_hls.cpp:325->src/snn_top_hls.cpp:373]   --->   Operation 48 'getelementptr' 'EXP_DECAY_LUT_addr' <Predicate = true> <Delay = 0.00>
ST_3 : Operation 49 [2/2] (2.32ns)   --->   "%EXP_DECAY_LUT_load = load i4 %EXP_DECAY_LUT_addr" [src/snn_top_hls.cpp:325->src/snn_top_hls.cpp:373]   --->   Operation 49 'load' 'EXP_DECAY_LUT_load' <Predicate = true> <Delay = 2.32> <CoreInst = "ROM">   --->   Core 94 'ROM' <Latency = 1> <II = 1> <Delay = 2.32> <Storage> <Opcode : 'load'> <Ports = 0> <Width = 8> <Depth = 16> <ROM>
ST_3 : Operation 50 [1/1] (0.00ns)   --->   "%post_traces_trace_1_addr = getelementptr i8 %post_traces_trace_1, i64 0, i64 %zext_ln367" [src/snn_top_hls.cpp:372]   --->   Operation 50 'getelementptr' 'post_traces_trace_1_addr' <Predicate = true> <Delay = 0.00>
ST_3 : Operation 51 [2/2] (3.25ns)   --->   "%post_t_trace = load i7 %post_traces_trace_1_addr" [src/snn_top_hls.cpp:372]   --->   Operation 51 'load' 'post_t_trace' <Predicate = true> <Delay = 3.25> <CoreInst = "RAM_2P_BRAM">   --->   Core 90 'RAM_2P_BRAM' <Latency = 1> <II = 1> <Delay = 3.25> <Storage> <Opcode : 'load' 'store'> <Ports = 2> <Width = 8> <Depth = 128> <RAM>

State 4 <SV = 3> <Delay = 6.49>
ST_4 : Operation 52 [1/1] (1.91ns)   --->   "%icmp_ln315 = icmp_eq  i8 %post_t_trace_1, i8 0" [src/snn_top_hls.cpp:315->src/snn_top_hls.cpp:373]   --->   Operation 52 'icmp' 'icmp_ln315' <Predicate = true> <Delay = 1.91> <CoreInst = "Cmp">   --->   Core 9 'Cmp' <Latency = 0> <II = 1> <Delay = 1.91> <FuncUnit> <Opcode : 'seteq' 'setne' 'setle' 'setge' 'setlt' 'setgt'> <InPorts = 2> <OutPorts = 1>
ST_4 : Operation 53 [1/1] (0.00ns)   --->   "%zext_ln325 = zext i8 %post_t_trace_1" [src/snn_top_hls.cpp:325->src/snn_top_hls.cpp:373]   --->   Operation 53 'zext' 'zext_ln325' <Predicate = true> <Delay = 0.00>
ST_4 : Operation 54 [1/2] ( I:2.32ns O:2.32ns )   --->   "%EXP_DECAY_LUT_load = load i4 %EXP_DECAY_LUT_addr" [src/snn_top_hls.cpp:325->src/snn_top_hls.cpp:373]   --->   Operation 54 'load' 'EXP_DECAY_LUT_load' <Predicate = true> <Delay = 2.32> <CoreInst = "ROM">   --->   Core 94 'ROM' <Latency = 1> <II = 1> <Delay = 2.32> <Storage> <Opcode : 'load'> <Ports = 0> <Width = 8> <Depth = 16> <ROM>
ST_4 : Operation 55 [1/1] (0.00ns)   --->   "%zext_ln325_2 = zext i8 %EXP_DECAY_LUT_load" [src/snn_top_hls.cpp:325->src/snn_top_hls.cpp:373]   --->   Operation 55 'zext' 'zext_ln325_2' <Predicate = true> <Delay = 0.00>
ST_4 : Operation 56 [1/1] (4.17ns)   --->   "%mul_ln325 = mul i16 %zext_ln325_2, i16 %zext_ln325" [src/snn_top_hls.cpp:325->src/snn_top_hls.cpp:373]   --->   Operation 56 'mul' 'mul_ln325' <Predicate = true> <Delay = 4.17> <CoreInst = "Multiplier">   --->   Core 3 'Multiplier' <Latency = 0> <II = 1> <Delay = 4.17> <FuncUnit> <Opcode : 'mul'> <InPorts = 2> <OutPorts = 1>
ST_4 : Operation 57 [1/2] ( I:3.25ns O:3.25ns )   --->   "%post_t_trace = load i7 %post_traces_trace_1_addr" [src/snn_top_hls.cpp:372]   --->   Operation 57 'load' 'post_t_trace' <Predicate = true> <Delay = 3.25> <CoreInst = "RAM_2P_BRAM">   --->   Core 90 'RAM_2P_BRAM' <Latency = 1> <II = 1> <Delay = 3.25> <Storage> <Opcode : 'load' 'store'> <Ports = 2> <Width = 8> <Depth = 128> <RAM>
ST_4 : Operation 58 [1/1] (0.00ns)   --->   "%zext_ln325_4 = zext i16 %dt_1" [src/snn_top_hls.cpp:325->src/snn_top_hls.cpp:373]   --->   Operation 58 'zext' 'zext_ln325_4' <Predicate = true> <Delay = 0.00>
ST_4 : Operation 59 [1/1] (0.00ns)   --->   "%EXP_DECAY_LUT_addr_1 = getelementptr i8 %EXP_DECAY_LUT, i64 0, i64 %zext_ln325_4" [src/snn_top_hls.cpp:325->src/snn_top_hls.cpp:373]   --->   Operation 59 'getelementptr' 'EXP_DECAY_LUT_addr_1' <Predicate = true> <Delay = 0.00>
ST_4 : Operation 60 [2/2] (2.32ns)   --->   "%EXP_DECAY_LUT_load_1 = load i4 %EXP_DECAY_LUT_addr_1" [src/snn_top_hls.cpp:325->src/snn_top_hls.cpp:373]   --->   Operation 60 'load' 'EXP_DECAY_LUT_load_1' <Predicate = true> <Delay = 2.32> <CoreInst = "ROM">   --->   Core 94 'ROM' <Latency = 1> <II = 1> <Delay = 2.32> <Storage> <Opcode : 'load'> <Ports = 0> <Width = 8> <Depth = 16> <ROM>

State 5 <SV = 4> <Delay = 6.49>
ST_5 : Operation 61 [1/1] (0.00ns)   --->   "%specpipeline_ln368 = specpipeline void @_ssdm_op_SpecPipeline, i32 2, i32 0, i32 0, i32 0, i32 4294967295, void @empty_3" [src/snn_top_hls.cpp:368]   --->   Operation 61 'specpipeline' 'specpipeline_ln368' <Predicate = true> <Delay = 0.00>
ST_5 : Operation 62 [1/1] (0.00ns)   --->   "%specloopname_ln367 = specloopname void @_ssdm_op_SpecLoopName, void @empty_22" [src/snn_top_hls.cpp:367]   --->   Operation 62 'specloopname' 'specloopname_ln367' <Predicate = true> <Delay = 0.00>
ST_5 : Operation 63 [1/1] (0.00ns)   --->   "%tmp_s = bitconcatenate i15 @_ssdm_op_BitConcatenate.i15.i8.i7, i8 %pre_id_read, i7 %lshr_ln9" [src/snn_top_hls.cpp:379]   --->   Operation 63 'bitconcatenate' 'tmp_s' <Predicate = true> <Delay = 0.00>
ST_5 : Operation 64 [1/1] (0.00ns)   --->   "%zext_ln379 = zext i15 %tmp_s" [src/snn_top_hls.cpp:379]   --->   Operation 64 'zext' 'zext_ln379' <Predicate = true> <Delay = 0.00>
ST_5 : Operation 65 [1/1] (0.00ns)   --->   "%p_ZL13weight_memory_0_addr = getelementptr i8 %p_ZL13weight_memory_0, i64 0, i64 %zext_ln379" [src/snn_top_hls.cpp:379]   --->   Operation 65 'getelementptr' 'p_ZL13weight_memory_0_addr' <Predicate = true> <Delay = 0.00>
ST_5 : Operation 66 [1/1] (0.00ns)   --->   "%p_ZL13weight_memory_1_addr = getelementptr i8 %p_ZL13weight_memory_1, i64 0, i64 %zext_ln379" [src/snn_top_hls.cpp:379]   --->   Operation 66 'getelementptr' 'p_ZL13weight_memory_1_addr' <Predicate = true> <Delay = 0.00>
ST_5 : Operation 67 [1/1] (0.00ns) (grouped into LUT with out node post_trace_val_1)   --->   "%post_trace_val = partselect i8 @_ssdm_op_PartSelect.i8.i16.i32.i32, i16 %mul_ln325, i32 8, i32 15" [src/snn_top_hls.cpp:327->src/snn_top_hls.cpp:373]   --->   Operation 67 'partselect' 'post_trace_val' <Predicate = true> <Delay = 0.00>
ST_5 : Operation 68 [1/1] (0.00ns) (grouped into LUT with out node post_trace_val_1)   --->   "%or_ln321 = or i1 %icmp_ln315, i1 %icmp_ln321" [src/snn_top_hls.cpp:321->src/snn_top_hls.cpp:373]   --->   Operation 68 'or' 'or_ln321' <Predicate = true> <Delay = 0.00> <CoreInst = "LogicGate">   --->   Core 74 'LogicGate' <Latency = 0> <II = 1> <Delay = 0.97> <FuncUnit> <Opcode : 'and' 'or' 'xor'> <InPorts = 2> <OutPorts = 1>
ST_5 : Operation 69 [1/1] (1.24ns) (out node of the LUT)   --->   "%post_trace_val_1 = select i1 %or_ln321, i8 0, i8 %post_trace_val" [src/snn_top_hls.cpp:321->src/snn_top_hls.cpp:373]   --->   Operation 69 'select' 'post_trace_val_1' <Predicate = true> <Delay = 1.24> <CoreInst = "Sel">   --->   Core 73 'Sel' <Latency = 0> <II = 1> <Delay = 1.24> <FuncUnit> <Opcode : 'select'> <InPorts = 3> <OutPorts = 1>
ST_5 : Operation 70 [1/1] (1.91ns)   --->   "%icmp_ln376 = icmp_eq  i8 %post_trace_val_1, i8 0" [src/snn_top_hls.cpp:376]   --->   Operation 70 'icmp' 'icmp_ln376' <Predicate = true> <Delay = 1.91> <CoreInst = "Cmp">   --->   Core 9 'Cmp' <Latency = 0> <II = 1> <Delay = 1.91> <FuncUnit> <Opcode : 'seteq' 'setne' 'setle' 'setge' 'setlt' 'setgt'> <InPorts = 2> <OutPorts = 1>
ST_5 : Operation 71 [1/1] (0.00ns)   --->   "%br_ln376 = br i1 %icmp_ln376, void %if.end, void %cleanup_ifconv" [src/snn_top_hls.cpp:376]   --->   Operation 71 'br' 'br_ln376' <Predicate = true> <Delay = 0.00>
ST_5 : Operation 72 [2/2] (3.25ns)   --->   "%current_w = load i15 %p_ZL13weight_memory_0_addr" [src/snn_top_hls.cpp:379]   --->   Operation 72 'load' 'current_w' <Predicate = (!icmp_ln376)> <Delay = 3.25> <CoreInst = "RAM_2P_BRAM">   --->   Core 90 'RAM_2P_BRAM' <Latency = 1> <II = 1> <Delay = 3.25> <Storage> <Opcode : 'load' 'store'> <Ports = 2> <Width = 8> <Depth = 32768> <RAM>
ST_5 : Operation 73 [1/1] (1.91ns)   --->   "%icmp_ln315_1 = icmp_eq  i8 %post_t_trace, i8 0" [src/snn_top_hls.cpp:315->src/snn_top_hls.cpp:373]   --->   Operation 73 'icmp' 'icmp_ln315_1' <Predicate = true> <Delay = 1.91> <CoreInst = "Cmp">   --->   Core 9 'Cmp' <Latency = 0> <II = 1> <Delay = 1.91> <FuncUnit> <Opcode : 'seteq' 'setne' 'setle' 'setge' 'setlt' 'setgt'> <InPorts = 2> <OutPorts = 1>
ST_5 : Operation 74 [1/1] (0.00ns)   --->   "%zext_ln325_3 = zext i8 %post_t_trace" [src/snn_top_hls.cpp:325->src/snn_top_hls.cpp:373]   --->   Operation 74 'zext' 'zext_ln325_3' <Predicate = true> <Delay = 0.00>
ST_5 : Operation 75 [1/2] ( I:2.32ns O:2.32ns )   --->   "%EXP_DECAY_LUT_load_1 = load i4 %EXP_DECAY_LUT_addr_1" [src/snn_top_hls.cpp:325->src/snn_top_hls.cpp:373]   --->   Operation 75 'load' 'EXP_DECAY_LUT_load_1' <Predicate = true> <Delay = 2.32> <CoreInst = "ROM">   --->   Core 94 'ROM' <Latency = 1> <II = 1> <Delay = 2.32> <Storage> <Opcode : 'load'> <Ports = 0> <Width = 8> <Depth = 16> <ROM>
ST_5 : Operation 76 [1/1] (0.00ns)   --->   "%zext_ln325_5 = zext i8 %EXP_DECAY_LUT_load_1" [src/snn_top_hls.cpp:325->src/snn_top_hls.cpp:373]   --->   Operation 76 'zext' 'zext_ln325_5' <Predicate = true> <Delay = 0.00>
ST_5 : Operation 77 [1/1] (4.17ns)   --->   "%mul_ln325_1 = mul i16 %zext_ln325_5, i16 %zext_ln325_3" [src/snn_top_hls.cpp:325->src/snn_top_hls.cpp:373]   --->   Operation 77 'mul' 'mul_ln325_1' <Predicate = true> <Delay = 4.17> <CoreInst = "Multiplier">   --->   Core 3 'Multiplier' <Latency = 0> <II = 1> <Delay = 4.17> <FuncUnit> <Opcode : 'mul'> <InPorts = 2> <OutPorts = 1>

State 6 <SV = 5> <Delay = 3.25>
ST_6 : Operation 78 [1/2] ( I:3.25ns O:3.25ns )   --->   "%current_w = load i15 %p_ZL13weight_memory_0_addr" [src/snn_top_hls.cpp:379]   --->   Operation 78 'load' 'current_w' <Predicate = (!icmp_ln376)> <Delay = 3.25> <CoreInst = "RAM_2P_BRAM">   --->   Core 90 'RAM_2P_BRAM' <Latency = 1> <II = 1> <Delay = 3.25> <Storage> <Opcode : 'load' 'store'> <Ports = 2> <Width = 8> <Depth = 32768> <RAM>
ST_6 : Operation 79 [1/1] (0.00ns)   --->   "%bit_sel = bitselect i1 @_ssdm_op_BitSelect.i1.i8.i8, i8 %current_w, i8 7" [src/snn_top_hls.cpp:383]   --->   Operation 79 'bitselect' 'bit_sel' <Predicate = (!icmp_ln376)> <Delay = 0.00>
ST_6 : Operation 80 [1/1] (0.00ns)   --->   "%trunc_ln383 = trunc i8 %current_w" [src/snn_top_hls.cpp:383]   --->   Operation 80 'trunc' 'trunc_ln383' <Predicate = (!icmp_ln376)> <Delay = 0.00>
ST_6 : Operation 81 [1/1] (0.00ns) (grouped into LUT with out node post_trace_val_3)   --->   "%post_trace_val_2 = partselect i8 @_ssdm_op_PartSelect.i8.i16.i32.i32, i16 %mul_ln325_1, i32 8, i32 15" [src/snn_top_hls.cpp:327->src/snn_top_hls.cpp:373]   --->   Operation 81 'partselect' 'post_trace_val_2' <Predicate = true> <Delay = 0.00>
ST_6 : Operation 82 [1/1] (0.00ns) (grouped into LUT with out node post_trace_val_3)   --->   "%or_ln321_1 = or i1 %icmp_ln315_1, i1 %icmp_ln321_1" [src/snn_top_hls.cpp:321->src/snn_top_hls.cpp:373]   --->   Operation 82 'or' 'or_ln321_1' <Predicate = true> <Delay = 0.00> <CoreInst = "LogicGate">   --->   Core 74 'LogicGate' <Latency = 0> <II = 1> <Delay = 0.97> <FuncUnit> <Opcode : 'and' 'or' 'xor'> <InPorts = 2> <OutPorts = 1>
ST_6 : Operation 83 [1/1] (1.24ns) (out node of the LUT)   --->   "%post_trace_val_3 = select i1 %or_ln321_1, i8 0, i8 %post_trace_val_2" [src/snn_top_hls.cpp:321->src/snn_top_hls.cpp:373]   --->   Operation 83 'select' 'post_trace_val_3' <Predicate = true> <Delay = 1.24> <CoreInst = "Sel">   --->   Core 73 'Sel' <Latency = 0> <II = 1> <Delay = 1.24> <FuncUnit> <Opcode : 'select'> <InPorts = 3> <OutPorts = 1>
ST_6 : Operation 84 [1/1] (1.91ns)   --->   "%icmp_ln376_1 = icmp_eq  i8 %post_trace_val_3, i8 0" [src/snn_top_hls.cpp:376]   --->   Operation 84 'icmp' 'icmp_ln376_1' <Predicate = true> <Delay = 1.91> <CoreInst = "Cmp">   --->   Core 9 'Cmp' <Latency = 0> <II = 1> <Delay = 1.91> <FuncUnit> <Opcode : 'seteq' 'setne' 'setle' 'setge' 'setlt' 'setgt'> <InPorts = 2> <OutPorts = 1>
ST_6 : Operation 85 [1/1] (0.00ns)   --->   "%br_ln376 = br i1 %icmp_ln376_1, void %if.end.1, void %cleanup.1" [src/snn_top_hls.cpp:376]   --->   Operation 85 'br' 'br_ln376' <Predicate = true> <Delay = 0.00>
ST_6 : Operation 86 [2/2] (3.25ns)   --->   "%current_w_1 = load i15 %p_ZL13weight_memory_1_addr" [src/snn_top_hls.cpp:379]   --->   Operation 86 'load' 'current_w_1' <Predicate = (!icmp_ln376_1)> <Delay = 3.25> <CoreInst = "RAM_2P_BRAM">   --->   Core 90 'RAM_2P_BRAM' <Latency = 1> <II = 1> <Delay = 3.25> <Storage> <Opcode : 'load' 'store'> <Ports = 2> <Width = 8> <Depth = 32768> <RAM>

State 7 <SV = 6> <Delay = 7.06>
ST_7 : Operation 87 [1/1] (0.00ns)   --->   "%sext_ln383 = sext i8 %current_w" [src/snn_top_hls.cpp:383]   --->   Operation 87 'sext' 'sext_ln383' <Predicate = (!icmp_ln376)> <Delay = 0.00>
ST_7 : Operation 88 [1/1] (0.97ns)   --->   "%xor_ln383 = xor i1 %bit_sel, i1 1" [src/snn_top_hls.cpp:383]   --->   Operation 88 'xor' 'xor_ln383' <Predicate = (!icmp_ln376)> <Delay = 0.97> <CoreInst = "LogicGate">   --->   Core 74 'LogicGate' <Latency = 0> <II = 1> <Delay = 0.97> <FuncUnit> <Opcode : 'and' 'or' 'xor'> <InPorts = 2> <OutPorts = 1>
ST_7 : Operation 89 [1/1] (0.00ns)   --->   "%distance = bitconcatenate i8 @_ssdm_op_BitConcatenate.i8.i1.i7, i1 %xor_ln383, i7 %trunc_ln383" [src/snn_top_hls.cpp:383]   --->   Operation 89 'bitconcatenate' 'distance' <Predicate = (!icmp_ln376)> <Delay = 0.00>
ST_7 : Operation 90 [1/1] (0.00ns)   --->   "%zext_ln384 = zext i8 %distance" [src/snn_top_hls.cpp:384]   --->   Operation 90 'zext' 'zext_ln384' <Predicate = (!icmp_ln376)> <Delay = 0.00>
ST_7 : Operation 91 [1/1] (0.00ns)   --->   "%zext_ln384_1 = zext i8 %post_trace_val_1" [src/snn_top_hls.cpp:384]   --->   Operation 91 'zext' 'zext_ln384_1' <Predicate = (!icmp_ln376)> <Delay = 0.00>
ST_7 : Operation 92 [1/1] (4.17ns)   --->   "%mul_ln384 = mul i16 %zext_ln384, i16 %zext_ln384_1" [src/snn_top_hls.cpp:384]   --->   Operation 92 'mul' 'mul_ln384' <Predicate = (!icmp_ln376)> <Delay = 4.17> <CoreInst = "Multiplier">   --->   Core 3 'Multiplier' <Latency = 0> <II = 1> <Delay = 4.17> <FuncUnit> <Opcode : 'mul'> <InPorts = 2> <OutPorts = 1>
ST_7 : Operation 93 [1/1] (0.00ns)   --->   "%tmp_34 = partselect i8 @_ssdm_op_PartSelect.i8.i16.i32.i32, i16 %mul_ln384, i32 8, i32 15" [src/snn_top_hls.cpp:387]   --->   Operation 93 'partselect' 'tmp_34' <Predicate = (!icmp_ln376)> <Delay = 0.00>
ST_7 : Operation 94 [1/1] (0.00ns)   --->   "%zext_ln387 = zext i8 %tmp_34" [src/snn_top_hls.cpp:387]   --->   Operation 94 'zext' 'zext_ln387' <Predicate = (!icmp_ln376)> <Delay = 0.00>
ST_7 : Operation 95 [1/1] (1.91ns)   --->   "%w = sub i10 %sext_ln383, i10 %zext_ln387" [src/snn_top_hls.cpp:387]   --->   Operation 95 'sub' 'w' <Predicate = (!icmp_ln376)> <Delay = 1.91> <CoreInst = "Adder">   --->   Core 1 'Adder' <Latency = 0> <II = 1> <Delay = 1.91> <FuncUnit> <Opcode : 'add' 'sub'> <InPorts = 2> <OutPorts = 1>
ST_7 : Operation 96 [1/1] (0.00ns)   --->   "%trunc_ln337 = trunc i10 %w" [src/snn_top_hls.cpp:337->src/snn_top_hls.cpp:387]   --->   Operation 96 'trunc' 'trunc_ln337' <Predicate = (!icmp_ln376)> <Delay = 0.00>
ST_7 : Operation 97 [1/2] ( I:3.25ns O:3.25ns )   --->   "%current_w_1 = load i15 %p_ZL13weight_memory_1_addr" [src/snn_top_hls.cpp:379]   --->   Operation 97 'load' 'current_w_1' <Predicate = (!icmp_ln376_1)> <Delay = 3.25> <CoreInst = "RAM_2P_BRAM">   --->   Core 90 'RAM_2P_BRAM' <Latency = 1> <II = 1> <Delay = 3.25> <Storage> <Opcode : 'load' 'store'> <Ports = 2> <Width = 8> <Depth = 32768> <RAM>
ST_7 : Operation 98 [1/1] (0.00ns)   --->   "%bit_sel1 = bitselect i1 @_ssdm_op_BitSelect.i1.i8.i8, i8 %current_w_1, i8 7" [src/snn_top_hls.cpp:383]   --->   Operation 98 'bitselect' 'bit_sel1' <Predicate = (!icmp_ln376_1)> <Delay = 0.00>
ST_7 : Operation 99 [1/1] (0.00ns)   --->   "%trunc_ln383_1 = trunc i8 %current_w_1" [src/snn_top_hls.cpp:383]   --->   Operation 99 'trunc' 'trunc_ln383_1' <Predicate = (!icmp_ln376_1)> <Delay = 0.00>
ST_7 : Operation 118 [1/1] (1.58ns)   --->   "%ret_ln0 = ret"   --->   Operation 118 'ret' 'ret_ln0' <Predicate = (tmp)> <Delay = 1.58>

State 8 <SV = 7> <Delay = 7.06>
ST_8 : Operation 100 [1/1] (1.73ns)   --->   "%icmp_ln336 = icmp_slt  i10 %w, i10 896" [src/snn_top_hls.cpp:336->src/snn_top_hls.cpp:387]   --->   Operation 100 'icmp' 'icmp_ln336' <Predicate = (!icmp_ln376)> <Delay = 1.73> <CoreInst = "Cmp">   --->   Core 9 'Cmp' <Latency = 0> <II = 1> <Delay = 1.73> <FuncUnit> <Opcode : 'seteq' 'setne' 'setle' 'setge' 'setlt' 'setgt'> <InPorts = 2> <OutPorts = 1>
ST_8 : Operation 101 [1/1] (1.24ns)   --->   "%select_ln335 = select i1 %icmp_ln336, i8 128, i8 %trunc_ln337" [src/snn_top_hls.cpp:335->src/snn_top_hls.cpp:387]   --->   Operation 101 'select' 'select_ln335' <Predicate = (!icmp_ln376)> <Delay = 1.24> <CoreInst = "Sel">   --->   Core 73 'Sel' <Latency = 0> <II = 1> <Delay = 1.24> <FuncUnit> <Opcode : 'select'> <InPorts = 3> <OutPorts = 1>
ST_8 : Operation 102 [1/1] ( I:3.25ns O:3.25ns )   --->   "%store_ln387 = store i8 %select_ln335, i15 %p_ZL13weight_memory_0_addr" [src/snn_top_hls.cpp:387]   --->   Operation 102 'store' 'store_ln387' <Predicate = (!icmp_ln376)> <Delay = 3.25> <CoreInst = "RAM_2P_BRAM">   --->   Core 90 'RAM_2P_BRAM' <Latency = 1> <II = 1> <Delay = 3.25> <Storage> <Opcode : 'load' 'store'> <Ports = 2> <Width = 8> <Depth = 32768> <RAM>
ST_8 : Operation 103 [1/1] (0.00ns)   --->   "%br_ln388 = br void %cleanup_ifconv" [src/snn_top_hls.cpp:388]   --->   Operation 103 'br' 'br_ln388' <Predicate = (!icmp_ln376)> <Delay = 0.00>
ST_8 : Operation 104 [1/1] (0.00ns)   --->   "%sext_ln383_1 = sext i8 %current_w_1" [src/snn_top_hls.cpp:383]   --->   Operation 104 'sext' 'sext_ln383_1' <Predicate = (!icmp_ln376_1)> <Delay = 0.00>
ST_8 : Operation 105 [1/1] (0.97ns)   --->   "%xor_ln383_1 = xor i1 %bit_sel1, i1 1" [src/snn_top_hls.cpp:383]   --->   Operation 105 'xor' 'xor_ln383_1' <Predicate = (!icmp_ln376_1)> <Delay = 0.97> <CoreInst = "LogicGate">   --->   Core 74 'LogicGate' <Latency = 0> <II = 1> <Delay = 0.97> <FuncUnit> <Opcode : 'and' 'or' 'xor'> <InPorts = 2> <OutPorts = 1>
ST_8 : Operation 106 [1/1] (0.00ns)   --->   "%distance_1 = bitconcatenate i8 @_ssdm_op_BitConcatenate.i8.i1.i7, i1 %xor_ln383_1, i7 %trunc_ln383_1" [src/snn_top_hls.cpp:383]   --->   Operation 106 'bitconcatenate' 'distance_1' <Predicate = (!icmp_ln376_1)> <Delay = 0.00>
ST_8 : Operation 107 [1/1] (0.00ns)   --->   "%zext_ln384_2 = zext i8 %distance_1" [src/snn_top_hls.cpp:384]   --->   Operation 107 'zext' 'zext_ln384_2' <Predicate = (!icmp_ln376_1)> <Delay = 0.00>
ST_8 : Operation 108 [1/1] (0.00ns)   --->   "%zext_ln384_3 = zext i8 %post_trace_val_3" [src/snn_top_hls.cpp:384]   --->   Operation 108 'zext' 'zext_ln384_3' <Predicate = (!icmp_ln376_1)> <Delay = 0.00>
ST_8 : Operation 109 [1/1] (4.17ns)   --->   "%mul_ln384_1 = mul i16 %zext_ln384_2, i16 %zext_ln384_3" [src/snn_top_hls.cpp:384]   --->   Operation 109 'mul' 'mul_ln384_1' <Predicate = (!icmp_ln376_1)> <Delay = 4.17> <CoreInst = "Multiplier">   --->   Core 3 'Multiplier' <Latency = 0> <II = 1> <Delay = 4.17> <FuncUnit> <Opcode : 'mul'> <InPorts = 2> <OutPorts = 1>
ST_8 : Operation 110 [1/1] (0.00ns)   --->   "%tmp_35 = partselect i8 @_ssdm_op_PartSelect.i8.i16.i32.i32, i16 %mul_ln384_1, i32 8, i32 15" [src/snn_top_hls.cpp:387]   --->   Operation 110 'partselect' 'tmp_35' <Predicate = (!icmp_ln376_1)> <Delay = 0.00>
ST_8 : Operation 111 [1/1] (0.00ns)   --->   "%zext_ln387_1 = zext i8 %tmp_35" [src/snn_top_hls.cpp:387]   --->   Operation 111 'zext' 'zext_ln387_1' <Predicate = (!icmp_ln376_1)> <Delay = 0.00>
ST_8 : Operation 112 [1/1] (1.91ns)   --->   "%w_1 = sub i10 %sext_ln383_1, i10 %zext_ln387_1" [src/snn_top_hls.cpp:387]   --->   Operation 112 'sub' 'w_1' <Predicate = (!icmp_ln376_1)> <Delay = 1.91> <CoreInst = "Adder">   --->   Core 1 'Adder' <Latency = 0> <II = 1> <Delay = 1.91> <FuncUnit> <Opcode : 'add' 'sub'> <InPorts = 2> <OutPorts = 1>
ST_8 : Operation 113 [1/1] (0.00ns)   --->   "%trunc_ln337_1 = trunc i10 %w_1" [src/snn_top_hls.cpp:337->src/snn_top_hls.cpp:387]   --->   Operation 113 'trunc' 'trunc_ln337_1' <Predicate = (!icmp_ln376_1)> <Delay = 0.00>

State 9 <SV = 8> <Delay = 6.23>
ST_9 : Operation 114 [1/1] (1.73ns)   --->   "%icmp_ln336_1 = icmp_slt  i10 %w_1, i10 896" [src/snn_top_hls.cpp:336->src/snn_top_hls.cpp:387]   --->   Operation 114 'icmp' 'icmp_ln336_1' <Predicate = (!icmp_ln376_1)> <Delay = 1.73> <CoreInst = "Cmp">   --->   Core 9 'Cmp' <Latency = 0> <II = 1> <Delay = 1.73> <FuncUnit> <Opcode : 'seteq' 'setne' 'setle' 'setge' 'setlt' 'setgt'> <InPorts = 2> <OutPorts = 1>
ST_9 : Operation 115 [1/1] (1.24ns)   --->   "%select_ln335_1 = select i1 %icmp_ln336_1, i8 128, i8 %trunc_ln337_1" [src/snn_top_hls.cpp:335->src/snn_top_hls.cpp:387]   --->   Operation 115 'select' 'select_ln335_1' <Predicate = (!icmp_ln376_1)> <Delay = 1.24> <CoreInst = "Sel">   --->   Core 73 'Sel' <Latency = 0> <II = 1> <Delay = 1.24> <FuncUnit> <Opcode : 'select'> <InPorts = 3> <OutPorts = 1>
ST_9 : Operation 116 [1/1] ( I:3.25ns O:3.25ns )   --->   "%store_ln387 = store i8 %select_ln335_1, i15 %p_ZL13weight_memory_1_addr" [src/snn_top_hls.cpp:387]   --->   Operation 116 'store' 'store_ln387' <Predicate = (!icmp_ln376_1)> <Delay = 3.25> <CoreInst = "RAM_2P_BRAM">   --->   Core 90 'RAM_2P_BRAM' <Latency = 1> <II = 1> <Delay = 3.25> <Storage> <Opcode : 'load' 'store'> <Ports = 2> <Width = 8> <Depth = 32768> <RAM>
ST_9 : Operation 117 [1/1] (0.00ns)   --->   "%br_ln388 = br void %cleanup.1" [src/snn_top_hls.cpp:388]   --->   Operation 117 'br' 'br_ln388' <Predicate = (!icmp_ln376_1)> <Delay = 0.00>


============================================================
+ Verbose Summary: Binding
============================================================
STG Binding: 
---------------- STG Properties BEGIN ----------------
- Is combinational: 0
- Is one-state seq: 0
- Is datapath-only: 0
- Is pipelined: 0
- Is top level: 0
Port [ Return ] is wired: 1; IO mode=ap_ctrl_hs:ce=0
Port [ current_time]:  wired=1; compound=0; hidden=0; nouse=0; global=0; static=0; extern=0; dir=0; type=0; pingpong=0; private_global=0; IO mode=ap_none:ce=0
Port [ pre_id]:  wired=1; compound=0; hidden=0; nouse=0; global=0; static=0; extern=0; dir=0; type=0; pingpong=0; private_global=0; IO mode=ap_none:ce=0
Port [ post_traces_trace_1]:  wired=1; compound=1; hidden=0; nouse=0; global=1; static=1; extern=0; dir=0; type=1; pingpong=0; private_global=0; MemPort=[13]; IO mode=ap_memory:ce=0
Port [ post_traces_last_spike_time_1]:  wired=1; compound=1; hidden=0; nouse=0; global=1; static=1; extern=0; dir=0; type=1; pingpong=0; private_global=0; MemPort=[13]; IO mode=ap_memory:ce=0
Port [ EXP_DECAY_LUT]:  wired=0; compound=1; hidden=1; nouse=0; global=1; static=1; extern=0; dir=0; type=1; pingpong=0; private_global=0; MemPort=[1]; IO mode=ap_memory:ce=0
Port [ post_traces_trace_0]:  wired=1; compound=1; hidden=0; nouse=0; global=1; static=1; extern=0; dir=0; type=1; pingpong=0; private_global=0; MemPort=[13]; IO mode=ap_memory:ce=0
Port [ post_traces_last_spike_time_0]:  wired=1; compound=1; hidden=0; nouse=0; global=1; static=1; extern=0; dir=0; type=1; pingpong=0; private_global=0; MemPort=[13]; IO mode=ap_memory:ce=0
Port [ p_ZL13weight_memory_0]:  wired=1; compound=1; hidden=0; nouse=0; global=1; static=1; extern=0; dir=2; type=1; pingpong=0; private_global=0; MemPort=[10]; IO mode=ap_memory:ce=0
Port [ p_ZL13weight_memory_1]:  wired=1; compound=1; hidden=0; nouse=0; global=1; static=1; extern=0; dir=2; type=1; pingpong=0; private_global=0; MemPort=[10]; IO mode=ap_memory:ce=0
---------------- STG Properties END ------------------

---------------- Datapath Model BEGIN ----------------

<LifeTime>
<method=bitvector/>
j                                  (alloca           ) [ 0100000000]
specmemcore_ln0                    (specmemcore      ) [ 0000000000]
specmemcore_ln0                    (specmemcore      ) [ 0000000000]
specmemcore_ln0                    (specmemcore      ) [ 0000000000]
specmemcore_ln0                    (specmemcore      ) [ 0000000000]
specmemcore_ln0                    (specmemcore      ) [ 0000000000]
specmemcore_ln0                    (specmemcore      ) [ 0000000000]
pre_id_read                        (read             ) [ 0111110000]
current_time_read                  (read             ) [ 0010000000]
store_ln367                        (store            ) [ 0000000000]
br_ln0                             (br               ) [ 0000000000]
j_1                                (load             ) [ 0000000000]
tmp                                (bitselect        ) [ 0111111100]
speclooptripcount_ln0              (speclooptripcount) [ 0000000000]
br_ln367                           (br               ) [ 0000000000]
lshr_ln9                           (partselect       ) [ 0111110000]
zext_ln367                         (zext             ) [ 0111000000]
post_traces_trace_0_addr           (getelementptr    ) [ 0010000000]
post_traces_last_spike_time_0_addr (getelementptr    ) [ 0010000000]
post_traces_last_spike_time_1_addr (getelementptr    ) [ 0010000000]
add_ln367                          (add              ) [ 0000000000]
store_ln367                        (store            ) [ 0000000000]
br_ln367                           (br               ) [ 0000000000]
post_t_trace_1                     (load             ) [ 0111100000]
post_t_last_spike_time_1           (load             ) [ 0000000000]
dt                                 (sub              ) [ 0101000000]
tmp_54                             (partselect       ) [ 0000000000]
icmp_ln321                         (icmp             ) [ 0111110000]
post_t_last_spike_time             (load             ) [ 0000000000]
dt_1                               (sub              ) [ 0111100000]
tmp_55                             (partselect       ) [ 0000000000]
icmp_ln321_1                       (icmp             ) [ 0111111000]
zext_ln325_1                       (zext             ) [ 0000000000]
EXP_DECAY_LUT_addr                 (getelementptr    ) [ 0010100000]
post_traces_trace_1_addr           (getelementptr    ) [ 0010100000]
icmp_ln315                         (icmp             ) [ 0100010000]
zext_ln325                         (zext             ) [ 0000000000]
EXP_DECAY_LUT_load                 (load             ) [ 0000000000]
zext_ln325_2                       (zext             ) [ 0000000000]
mul_ln325                          (mul              ) [ 0100010000]
post_t_trace                       (load             ) [ 0100010000]
zext_ln325_4                       (zext             ) [ 0000000000]
EXP_DECAY_LUT_addr_1               (getelementptr    ) [ 0100010000]
specpipeline_ln368                 (specpipeline     ) [ 0000000000]
specloopname_ln367                 (specloopname     ) [ 0000000000]
tmp_s                              (bitconcatenate   ) [ 0000000000]
zext_ln379                         (zext             ) [ 0000000000]
p_ZL13weight_memory_0_addr         (getelementptr    ) [ 0110001110]
p_ZL13weight_memory_1_addr         (getelementptr    ) [ 0110001111]
post_trace_val                     (partselect       ) [ 0000000000]
or_ln321                           (or               ) [ 0000000000]
post_trace_val_1                   (select           ) [ 0110001100]
icmp_ln376                         (icmp             ) [ 0110011110]
br_ln376                           (br               ) [ 0000000000]
icmp_ln315_1                       (icmp             ) [ 0010001000]
zext_ln325_3                       (zext             ) [ 0000000000]
EXP_DECAY_LUT_load_1               (load             ) [ 0000000000]
zext_ln325_5                       (zext             ) [ 0000000000]
mul_ln325_1                        (mul              ) [ 0010001000]
current_w                          (load             ) [ 0100000100]
bit_sel                            (bitselect        ) [ 0100000100]
trunc_ln383                        (trunc            ) [ 0100000100]
post_trace_val_2                   (partselect       ) [ 0000000000]
or_ln321_1                         (or               ) [ 0000000000]
post_trace_val_3                   (select           ) [ 0110000110]
icmp_ln376_1                       (icmp             ) [ 0110001111]
br_ln376                           (br               ) [ 0000000000]
sext_ln383                         (sext             ) [ 0000000000]
xor_ln383                          (xor              ) [ 0000000000]
distance                           (bitconcatenate   ) [ 0000000000]
zext_ln384                         (zext             ) [ 0000000000]
zext_ln384_1                       (zext             ) [ 0000000000]
mul_ln384                          (mul              ) [ 0000000000]
tmp_34                             (partselect       ) [ 0000000000]
zext_ln387                         (zext             ) [ 0000000000]
w                                  (sub              ) [ 0010000010]
trunc_ln337                        (trunc            ) [ 0010000010]
current_w_1                        (load             ) [ 0010000010]
bit_sel1                           (bitselect        ) [ 0010000010]
trunc_ln383_1                      (trunc            ) [ 0010000010]
icmp_ln336                         (icmp             ) [ 0000000000]
select_ln335                       (select           ) [ 0000000000]
store_ln387                        (store            ) [ 0000000000]
br_ln388                           (br               ) [ 0000000000]
sext_ln383_1                       (sext             ) [ 0000000000]
xor_ln383_1                        (xor              ) [ 0000000000]
distance_1                         (bitconcatenate   ) [ 0000000000]
zext_ln384_2                       (zext             ) [ 0000000000]
zext_ln384_3                       (zext             ) [ 0000000000]
mul_ln384_1                        (mul              ) [ 0000000000]
tmp_35                             (partselect       ) [ 0000000000]
zext_ln387_1                       (zext             ) [ 0000000000]
w_1                                (sub              ) [ 0100000001]
trunc_ln337_1                      (trunc            ) [ 0100000001]
icmp_ln336_1                       (icmp             ) [ 0000000000]
select_ln335_1                     (select           ) [ 0000000000]
store_ln387                        (store            ) [ 0000000000]
br_ln388                           (br               ) [ 0000000000]
ret_ln0                            (ret              ) [ 0000000000]
</LifeTime>

<model>

<comp_list>
<comp id="0" class="1000" name="current_time">
<pin_list>
<pin id="1" dir="1" index="0" bw="1" slack="0"/>
</pin_list>
<bind>
<StgValue><ssdm name="current_time"/></StgValue>
</bind>
</comp>

<comp id="2" class="1000" name="pre_id">
<pin_list>
<pin id="3" dir="1" index="0" bw="1" slack="0"/>
</pin_list>
<bind>
<StgValue><ssdm name="pre_id"/></StgValue>
</bind>
</comp>

<comp id="4" class="1000" name="post_traces_trace_1">
<pin_list>
<pin id="5" dir="1" index="0" bw="1" slack="0"/>
</pin_list>
<bind>
<StgValue><ssdm name="post_traces_trace_1"/><MemPortTyVec>1 3 </MemPortTyVec>
</StgValue>
</bind>
</comp>

<comp id="6" class="1000" name="post_traces_last_spike_time_1">
<pin_list>
<pin id="7" dir="1" index="0" bw="1" slack="0"/>
</pin_list>
<bind>
<StgValue><ssdm name="post_traces_last_spike_time_1"/><MemPortTyVec>1 3 </MemPortTyVec>
</StgValue>
</bind>
</comp>

<comp id="8" class="1000" name="EXP_DECAY_LUT">
<pin_list>
<pin id="9" dir="1" index="0" bw="1" slack="0"/>
</pin_list>
<bind>
<StgValue><ssdm name="EXP_DECAY_LUT"/><MemPortTyVec>1 </MemPortTyVec>
</StgValue>
</bind>
</comp>

<comp id="10" class="1000" name="post_traces_trace_0">
<pin_list>
<pin id="11" dir="1" index="0" bw="1" slack="0"/>
</pin_list>
<bind>
<StgValue><ssdm name="post_traces_trace_0"/><MemPortTyVec>1 3 </MemPortTyVec>
</StgValue>
</bind>
</comp>

<comp id="12" class="1000" name="post_traces_last_spike_time_0">
<pin_list>
<pin id="13" dir="1" index="0" bw="1" slack="0"/>
</pin_list>
<bind>
<StgValue><ssdm name="post_traces_last_spike_time_0"/><MemPortTyVec>1 3 </MemPortTyVec>
</StgValue>
</bind>
</comp>

<comp id="14" class="1000" name="p_ZL13weight_memory_0">
<pin_list>
<pin id="15" dir="1" index="0" bw="1" slack="0"/>
</pin_list>
<bind>
<StgValue><ssdm name="p_ZL13weight_memory_0"/><MemPortTyVec>1 0 </MemPortTyVec>
</StgValue>
</bind>
</comp>

<comp id="16" class="1000" name="p_ZL13weight_memory_1">
<pin_list>
<pin id="17" dir="1" index="0" bw="1" slack="0"/>
</pin_list>
<bind>
<StgValue><ssdm name="p_ZL13weight_memory_1"/><MemPortTyVec>1 0 </MemPortTyVec>
</StgValue>
</bind>
</comp>

<comp id="18" class="1001" name="const_18">
<pin_list>
<pin id="19" dir="1" index="0" bw="1" slack="0"/>
</pin_list>
<bind>
<StgValue><ssdm name=""/></StgValue>
</bind>
</comp>

<comp id="20" class="1001" name="const_20">
<pin_list>
<pin id="21" dir="1" index="0" bw="1" slack="2147483647"/>
</pin_list>
<bind>
<StgValue><ssdm name="_ssdm_op_SpecMemCore"/></StgValue>
</bind>
</comp>

<comp id="22" class="1001" name="const_22">
<pin_list>
<pin id="23" dir="1" index="0" bw="1" slack="2147483647"/>
</pin_list>
<bind>
<StgValue><ssdm name=""/></StgValue>
</bind>
</comp>

<comp id="24" class="1001" name="const_24">
<pin_list>
<pin id="25" dir="1" index="0" bw="1" slack="2147483647"/>
</pin_list>
<bind>
<StgValue><ssdm name=""/></StgValue>
</bind>
</comp>

<comp id="26" class="1001" name="const_26">
<pin_list>
<pin id="27" dir="1" index="0" bw="1" slack="2147483647"/>
</pin_list>
<bind>
<StgValue><ssdm name=""/></StgValue>
</bind>
</comp>

<comp id="28" class="1001" name="const_28">
<pin_list>
<pin id="29" dir="1" index="0" bw="1" slack="2147483647"/>
</pin_list>
<bind>
<StgValue><ssdm name=""/></StgValue>
</bind>
</comp>

<comp id="30" class="1001" name="const_30">
<pin_list>
<pin id="31" dir="1" index="0" bw="1" slack="0"/>
</pin_list>
<bind>
<StgValue><ssdm name="_ssdm_op_Read.ap_auto.i8"/></StgValue>
</bind>
</comp>

<comp id="32" class="1001" name="const_32">
<pin_list>
<pin id="33" dir="1" index="0" bw="1" slack="0"/>
</pin_list>
<bind>
<StgValue><ssdm name="_ssdm_op_Read.ap_auto.i16"/></StgValue>
</bind>
</comp>

<comp id="34" class="1001" name="const_34">
<pin_list>
<pin id="35" dir="1" index="0" bw="1" slack="0"/>
</pin_list>
<bind>
<StgValue><ssdm name=""/></StgValue>
</bind>
</comp>

<comp id="36" class="1001" name="const_36">
<pin_list>
<pin id="37" dir="1" index="0" bw="1" slack="0"/>
</pin_list>
<bind>
<StgValue><ssdm name="_ssdm_op_BitSelect.i1.i9.i32"/></StgValue>
</bind>
</comp>

<comp id="38" class="1001" name="const_38">
<pin_list>
<pin id="39" dir="1" index="0" bw="1" slack="0"/>
</pin_list>
<bind>
<StgValue><ssdm name=""/></StgValue>
</bind>
</comp>

<comp id="40" class="1001" name="const_40">
<pin_list>
<pin id="41" dir="1" index="0" bw="1" slack="2147483647"/>
</pin_list>
<bind>
<StgValue><ssdm name="_ssdm_op_SpecLoopTripCount"/></StgValue>
</bind>
</comp>

<comp id="42" class="1001" name="const_42">
<pin_list>
<pin id="43" dir="1" index="0" bw="1" slack="2147483647"/>
</pin_list>
<bind>
<StgValue><ssdm name=""/></StgValue>
</bind>
</comp>

<comp id="44" class="1001" name="const_44">
<pin_list>
<pin id="45" dir="1" index="0" bw="1" slack="0"/>
</pin_list>
<bind>
<StgValue><ssdm name="_ssdm_op_PartSelect.i7.i9.i32.i32"/></StgValue>
</bind>
</comp>

<comp id="46" class="1001" name="const_46">
<pin_list>
<pin id="47" dir="1" index="0" bw="1" slack="0"/>
</pin_list>
<bind>
<StgValue><ssdm name=""/></StgValue>
</bind>
</comp>

<comp id="48" class="1001" name="const_48">
<pin_list>
<pin id="49" dir="1" index="0" bw="1" slack="0"/>
</pin_list>
<bind>
<StgValue><ssdm name=""/></StgValue>
</bind>
</comp>

<comp id="50" class="1001" name="const_50">
<pin_list>
<pin id="51" dir="1" index="0" bw="1" slack="0"/>
</pin_list>
<bind>
<StgValue><ssdm name=""/></StgValue>
</bind>
</comp>

<comp id="52" class="1001" name="const_52">
<pin_list>
<pin id="53" dir="1" index="0" bw="1" slack="0"/>
</pin_list>
<bind>
<StgValue><ssdm name="_ssdm_op_PartSelect.i12.i16.i32.i32"/></StgValue>
</bind>
</comp>

<comp id="54" class="1001" name="const_54">
<pin_list>
<pin id="55" dir="1" index="0" bw="1" slack="0"/>
</pin_list>
<bind>
<StgValue><ssdm name=""/></StgValue>
</bind>
</comp>

<comp id="56" class="1001" name="const_56">
<pin_list>
<pin id="57" dir="1" index="0" bw="1" slack="0"/>
</pin_list>
<bind>
<StgValue><ssdm name=""/></StgValue>
</bind>
</comp>

<comp id="58" class="1001" name="const_58">
<pin_list>
<pin id="59" dir="1" index="0" bw="1" slack="0"/>
</pin_list>
<bind>
<StgValue><ssdm name=""/></StgValue>
</bind>
</comp>

<comp id="60" class="1001" name="const_60">
<pin_list>
<pin id="61" dir="1" index="0" bw="1" slack="0"/>
</pin_list>
<bind>
<StgValue><ssdm name=""/></StgValue>
</bind>
</comp>

<comp id="62" class="1001" name="const_62">
<pin_list>
<pin id="63" dir="1" index="0" bw="1" slack="2147483647"/>
</pin_list>
<bind>
<StgValue><ssdm name="_ssdm_op_SpecPipeline"/></StgValue>
</bind>
</comp>

<comp id="64" class="1001" name="const_64">
<pin_list>
<pin id="65" dir="1" index="0" bw="1" slack="2147483647"/>
</pin_list>
<bind>
<StgValue><ssdm name=""/></StgValue>
</bind>
</comp>

<comp id="66" class="1001" name="const_66">
<pin_list>
<pin id="67" dir="1" index="0" bw="1" slack="2147483647"/>
</pin_list>
<bind>
<StgValue><ssdm name=""/></StgValue>
</bind>
</comp>

<comp id="68" class="1001" name="const_68">
<pin_list>
<pin id="69" dir="1" index="0" bw="1" slack="2147483647"/>
</pin_list>
<bind>
<StgValue><ssdm name=""/></StgValue>
</bind>
</comp>

<comp id="70" class="1001" name="const_70">
<pin_list>
<pin id="71" dir="1" index="0" bw="1" slack="2147483647"/>
</pin_list>
<bind>
<StgValue><ssdm name="empty_3"/></StgValue>
</bind>
</comp>

<comp id="72" class="1001" name="const_72">
<pin_list>
<pin id="73" dir="1" index="0" bw="1" slack="2147483647"/>
</pin_list>
<bind>
<StgValue><ssdm name="_ssdm_op_SpecLoopName"/></StgValue>
</bind>
</comp>

<comp id="74" class="1001" name="const_74">
<pin_list>
<pin id="75" dir="1" index="0" bw="1" slack="2147483647"/>
</pin_list>
<bind>
<StgValue><ssdm name="empty_22"/></StgValue>
</bind>
</comp>

<comp id="76" class="1001" name="const_76">
<pin_list>
<pin id="77" dir="1" index="0" bw="1" slack="0"/>
</pin_list>
<bind>
<StgValue><ssdm name="_ssdm_op_BitConcatenate.i15.i8.i7"/></StgValue>
</bind>
</comp>

<comp id="78" class="1001" name="const_78">
<pin_list>
<pin id="79" dir="1" index="0" bw="1" slack="0"/>
</pin_list>
<bind>
<StgValue><ssdm name="_ssdm_op_PartSelect.i8.i16.i32.i32"/></StgValue>
</bind>
</comp>

<comp id="80" class="1001" name="const_80">
<pin_list>
<pin id="81" dir="1" index="0" bw="1" slack="0"/>
</pin_list>
<bind>
<StgValue><ssdm name="_ssdm_op_BitSelect.i1.i8.i8"/></StgValue>
</bind>
</comp>

<comp id="82" class="1001" name="const_82">
<pin_list>
<pin id="83" dir="1" index="0" bw="1" slack="0"/>
</pin_list>
<bind>
<StgValue><ssdm name=""/></StgValue>
</bind>
</comp>

<comp id="84" class="1001" name="const_84">
<pin_list>
<pin id="85" dir="1" index="0" bw="1" slack="0"/>
</pin_list>
<bind>
<StgValue><ssdm name=""/></StgValue>
</bind>
</comp>

<comp id="86" class="1001" name="const_86">
<pin_list>
<pin id="87" dir="1" index="0" bw="1" slack="0"/>
</pin_list>
<bind>
<StgValue><ssdm name="_ssdm_op_BitConcatenate.i8.i1.i7"/></StgValue>
</bind>
</comp>

<comp id="88" class="1001" name="const_88">
<pin_list>
<pin id="89" dir="1" index="0" bw="1" slack="0"/>
</pin_list>
<bind>
<StgValue><ssdm name=""/></StgValue>
</bind>
</comp>

<comp id="90" class="1001" name="const_90">
<pin_list>
<pin id="91" dir="1" index="0" bw="1" slack="0"/>
</pin_list>
<bind>
<StgValue><ssdm name=""/></StgValue>
</bind>
</comp>

<comp id="92" class="1004" name="j_fu_92">
<pin_list>
<pin id="93" dir="0" index="0" bw="1" slack="0"/>
<pin id="94" dir="1" index="1" bw="9" slack="0"/>
</pin_list>
<bind>
<opcode="alloca(26) " fcode="alloca"/>
<opset="j/1 "/>
</bind>
</comp>

<comp id="96" class="1004" name="pre_id_read_read_fu_96">
<pin_list>
<pin id="97" dir="0" index="0" bw="8" slack="0"/>
<pin id="98" dir="0" index="1" bw="8" slack="0"/>
<pin id="99" dir="1" index="2" bw="8" slack="4"/>
</pin_list>
<bind>
<opcode="read(1150) " fcode="read"/>
<opset="pre_id_read/1 "/>
</bind>
</comp>

<comp id="102" class="1004" name="current_time_read_read_fu_102">
<pin_list>
<pin id="103" dir="0" index="0" bw="16" slack="0"/>
<pin id="104" dir="0" index="1" bw="16" slack="0"/>
<pin id="105" dir="1" index="2" bw="16" slack="1"/>
</pin_list>
<bind>
<opcode="read(1150) " fcode="read"/>
<opset="current_time_read/1 "/>
</bind>
</comp>

<comp id="108" class="1004" name="post_traces_trace_0_addr_gep_fu_108">
<pin_list>
<pin id="109" dir="0" index="0" bw="8" slack="0"/>
<pin id="110" dir="0" index="1" bw="1" slack="0"/>
<pin id="111" dir="0" index="2" bw="7" slack="0"/>
<pin id="112" dir="1" index="3" bw="7" slack="0"/>
</pin_list>
<bind>
<opcode="getelementptr(29) " fcode="getelementptr"/>
<opset="post_traces_trace_0_addr/1 "/>
</bind>
</comp>

<comp id="115" class="1004" name="post_traces_last_spike_time_0_addr_gep_fu_115">
<pin_list>
<pin id="116" dir="0" index="0" bw="16" slack="0"/>
<pin id="117" dir="0" index="1" bw="1" slack="0"/>
<pin id="118" dir="0" index="2" bw="7" slack="0"/>
<pin id="119" dir="1" index="3" bw="7" slack="0"/>
</pin_list>
<bind>
<opcode="getelementptr(29) " fcode="getelementptr"/>
<opset="post_traces_last_spike_time_0_addr/1 "/>
</bind>
</comp>

<comp id="122" class="1004" name="grp_access_fu_122">
<pin_list>
<pin id="123" dir="0" index="0" bw="7" slack="0"/>
<pin id="124" dir="0" index="1" bw="8" slack="2147483647"/>
<pin id="125" dir="0" index="2" bw="0" slack="2147483647"/>
<pin id="126" dir="1" index="3" bw="8" slack="2"/>
</pin_list>
<bind>
<opcode="load(27) " fcode="load"/>
<opset="post_t_trace_1/1 "/>
</bind>
</comp>

<comp id="128" class="1004" name="grp_access_fu_128">
<pin_list>
<pin id="129" dir="0" index="0" bw="7" slack="0"/>
<pin id="130" dir="0" index="1" bw="16" slack="2147483647"/>
<pin id="131" dir="0" index="2" bw="0" slack="2147483647"/>
<pin id="132" dir="1" index="3" bw="16" slack="0"/>
</pin_list>
<bind>
<opcode="load(27) " fcode="load"/>
<opset="post_t_last_spike_time_1/1 "/>
</bind>
</comp>

<comp id="134" class="1004" name="post_traces_last_spike_time_1_addr_gep_fu_134">
<pin_list>
<pin id="135" dir="0" index="0" bw="16" slack="0"/>
<pin id="136" dir="0" index="1" bw="1" slack="0"/>
<pin id="137" dir="0" index="2" bw="7" slack="0"/>
<pin id="138" dir="1" index="3" bw="7" slack="0"/>
</pin_list>
<bind>
<opcode="getelementptr(29) " fcode="getelementptr"/>
<opset="post_traces_last_spike_time_1_addr/1 "/>
</bind>
</comp>

<comp id="141" class="1004" name="grp_access_fu_141">
<pin_list>
<pin id="142" dir="0" index="0" bw="7" slack="0"/>
<pin id="143" dir="0" index="1" bw="16" slack="2147483647"/>
<pin id="144" dir="0" index="2" bw="0" slack="2147483647"/>
<pin id="145" dir="1" index="3" bw="16" slack="0"/>
</pin_list>
<bind>
<opcode="load(27) " fcode="load"/>
<opset="post_t_last_spike_time/1 "/>
</bind>
</comp>

<comp id="147" class="1004" name="EXP_DECAY_LUT_addr_gep_fu_147">
<pin_list>
<pin id="148" dir="0" index="0" bw="8" slack="0"/>
<pin id="149" dir="0" index="1" bw="1" slack="0"/>
<pin id="150" dir="0" index="2" bw="16" slack="0"/>
<pin id="151" dir="1" index="3" bw="4" slack="0"/>
</pin_list>
<bind>
<opcode="getelementptr(29) " fcode="getelementptr"/>
<opset="EXP_DECAY_LUT_addr/3 "/>
</bind>
</comp>

<comp id="154" class="1004" name="grp_access_fu_154">
<pin_list>
<pin id="155" dir="0" index="0" bw="4" slack="0"/>
<pin id="156" dir="0" index="1" bw="8" slack="2147483647"/>
<pin id="157" dir="0" index="2" bw="0" slack="2147483647"/>
<pin id="158" dir="1" index="3" bw="8" slack="0"/>
</pin_list>
<bind>
<opcode="load(27) " fcode="load"/>
<opset="EXP_DECAY_LUT_load/3 EXP_DECAY_LUT_load_1/4 "/>
</bind>
</comp>

<comp id="160" class="1004" name="post_traces_trace_1_addr_gep_fu_160">
<pin_list>
<pin id="161" dir="0" index="0" bw="8" slack="0"/>
<pin id="162" dir="0" index="1" bw="1" slack="0"/>
<pin id="163" dir="0" index="2" bw="7" slack="2"/>
<pin id="164" dir="1" index="3" bw="7" slack="0"/>
</pin_list>
<bind>
<opcode="getelementptr(29) " fcode="getelementptr"/>
<opset="post_traces_trace_1_addr/3 "/>
</bind>
</comp>

<comp id="167" class="1004" name="grp_access_fu_167">
<pin_list>
<pin id="168" dir="0" index="0" bw="7" slack="0"/>
<pin id="169" dir="0" index="1" bw="8" slack="2147483647"/>
<pin id="170" dir="0" index="2" bw="0" slack="2147483647"/>
<pin id="171" dir="1" index="3" bw="8" slack="1"/>
</pin_list>
<bind>
<opcode="load(27) " fcode="load"/>
<opset="post_t_trace/3 "/>
</bind>
</comp>

<comp id="173" class="1004" name="EXP_DECAY_LUT_addr_1_gep_fu_173">
<pin_list>
<pin id="174" dir="0" index="0" bw="8" slack="0"/>
<pin id="175" dir="0" index="1" bw="1" slack="0"/>
<pin id="176" dir="0" index="2" bw="16" slack="0"/>
<pin id="177" dir="1" index="3" bw="4" slack="0"/>
</pin_list>
<bind>
<opcode="getelementptr(29) " fcode="getelementptr"/>
<opset="EXP_DECAY_LUT_addr_1/4 "/>
</bind>
</comp>

<comp id="181" class="1004" name="p_ZL13weight_memory_0_addr_gep_fu_181">
<pin_list>
<pin id="182" dir="0" index="0" bw="8" slack="0"/>
<pin id="183" dir="0" index="1" bw="1" slack="0"/>
<pin id="184" dir="0" index="2" bw="15" slack="0"/>
<pin id="185" dir="1" index="3" bw="15" slack="0"/>
</pin_list>
<bind>
<opcode="getelementptr(29) " fcode="getelementptr"/>
<opset="p_ZL13weight_memory_0_addr/5 "/>
</bind>
</comp>

<comp id="188" class="1004" name="p_ZL13weight_memory_1_addr_gep_fu_188">
<pin_list>
<pin id="189" dir="0" index="0" bw="8" slack="0"/>
<pin id="190" dir="0" index="1" bw="1" slack="0"/>
<pin id="191" dir="0" index="2" bw="15" slack="0"/>
<pin id="192" dir="1" index="3" bw="15" slack="1"/>
</pin_list>
<bind>
<opcode="getelementptr(29) " fcode="getelementptr"/>
<opset="p_ZL13weight_memory_1_addr/5 "/>
</bind>
</comp>

<comp id="195" class="1004" name="grp_access_fu_195">
<pin_list>
<pin id="196" dir="0" index="0" bw="15" slack="0"/>
<pin id="197" dir="0" index="1" bw="8" slack="2147483647"/>
<pin id="198" dir="0" index="2" bw="0" slack="3"/>
<pin id="206" dir="0" index="4" bw="15" slack="0"/>
<pin id="207" dir="0" index="5" bw="8" slack="2147483647"/>
<pin id="208" dir="0" index="6" bw="0" slack="2147483647"/>
<pin id="199" dir="1" index="3" bw="8" slack="0"/>
<pin id="209" dir="1" index="7" bw="8" slack="2147483647"/>
</pin_list>
<bind>
<opcode="load(27) store(28) " fcode="store"/>
<opset="current_w/5 store_ln387/8 "/>
</bind>
</comp>

<comp id="201" class="1004" name="grp_access_fu_201">
<pin_list>
<pin id="202" dir="0" index="0" bw="15" slack="1"/>
<pin id="203" dir="0" index="1" bw="8" slack="2147483647"/>
<pin id="204" dir="0" index="2" bw="0" slack="4"/>
<pin id="210" dir="0" index="4" bw="15" slack="0"/>
<pin id="211" dir="0" index="5" bw="8" slack="2147483647"/>
<pin id="212" dir="0" index="6" bw="0" slack="2147483647"/>
<pin id="205" dir="1" index="3" bw="8" slack="0"/>
<pin id="213" dir="1" index="7" bw="8" slack="2147483647"/>
</pin_list>
<bind>
<opcode="load(27) store(28) " fcode="store"/>
<opset="current_w_1/6 store_ln387/9 "/>
</bind>
</comp>

<comp id="214" class="1004" name="store_ln367_store_fu_214">
<pin_list>
<pin id="215" dir="0" index="0" bw="1" slack="0"/>
<pin id="216" dir="0" index="1" bw="9" slack="0"/>
<pin id="217" dir="1" index="2" bw="0" slack="2147483647"/>
</pin_list>
<bind>
<opcode="store(28) " fcode="store"/>
<opset="store_ln367/1 "/>
</bind>
</comp>

<comp id="219" class="1004" name="j_1_load_fu_219">
<pin_list>
<pin id="220" dir="0" index="0" bw="9" slack="0"/>
<pin id="221" dir="1" index="1" bw="9" slack="0"/>
</pin_list>
<bind>
<opcode="load(27) " fcode="load"/>
<opset="j_1/1 "/>
</bind>
</comp>

<comp id="222" class="1004" name="tmp_fu_222">
<pin_list>
<pin id="223" dir="0" index="0" bw="1" slack="0"/>
<pin id="224" dir="0" index="1" bw="9" slack="0"/>
<pin id="225" dir="0" index="2" bw="5" slack="0"/>
<pin id="226" dir="1" index="3" bw="1" slack="1"/>
</pin_list>
<bind>
<opcode="bitselect(1000) " fcode="bitselect"/>
<opset="tmp/1 "/>
</bind>
</comp>

<comp id="230" class="1004" name="lshr_ln9_fu_230">
<pin_list>
<pin id="231" dir="0" index="0" bw="7" slack="0"/>
<pin id="232" dir="0" index="1" bw="9" slack="0"/>
<pin id="233" dir="0" index="2" bw="1" slack="0"/>
<pin id="234" dir="0" index="3" bw="4" slack="0"/>
<pin id="235" dir="1" index="4" bw="7" slack="0"/>
</pin_list>
<bind>
<opcode="partselect(1002) " fcode="partselect"/>
<opset="lshr_ln9/1 "/>
</bind>
</comp>

<comp id="240" class="1004" name="zext_ln367_fu_240">
<pin_list>
<pin id="241" dir="0" index="0" bw="7" slack="0"/>
<pin id="242" dir="1" index="1" bw="64" slack="0"/>
</pin_list>
<bind>
<opcode="zext(34) " fcode="zext"/>
<opset="zext_ln367/1 "/>
</bind>
</comp>

<comp id="247" class="1004" name="add_ln367_fu_247">
<pin_list>
<pin id="248" dir="0" index="0" bw="9" slack="0"/>
<pin id="249" dir="0" index="1" bw="3" slack="0"/>
<pin id="250" dir="1" index="2" bw="9" slack="0"/>
</pin_list>
<bind>
<opcode="add(8) " fcode="add"/>
<opset="add_ln367/1 "/>
</bind>
</comp>

<comp id="253" class="1004" name="store_ln367_store_fu_253">
<pin_list>
<pin id="254" dir="0" index="0" bw="9" slack="0"/>
<pin id="255" dir="0" index="1" bw="9" slack="0"/>
<pin id="256" dir="1" index="2" bw="0" slack="2147483647"/>
</pin_list>
<bind>
<opcode="store(28) " fcode="store"/>
<opset="store_ln367/1 "/>
</bind>
</comp>

<comp id="258" class="1004" name="dt_fu_258">
<pin_list>
<pin id="259" dir="0" index="0" bw="16" slack="1"/>
<pin id="260" dir="0" index="1" bw="16" slack="0"/>
<pin id="261" dir="1" index="2" bw="16" slack="0"/>
</pin_list>
<bind>
<opcode="sub(10) " fcode="sub"/>
<opset="dt/2 "/>
</bind>
</comp>

<comp id="263" class="1004" name="tmp_54_fu_263">
<pin_list>
<pin id="264" dir="0" index="0" bw="12" slack="0"/>
<pin id="265" dir="0" index="1" bw="16" slack="0"/>
<pin id="266" dir="0" index="2" bw="4" slack="0"/>
<pin id="267" dir="0" index="3" bw="5" slack="0"/>
<pin id="268" dir="1" index="4" bw="12" slack="0"/>
</pin_list>
<bind>
<opcode="partselect(1002) " fcode="partselect"/>
<opset="tmp_54/2 "/>
</bind>
</comp>

<comp id="273" class="1004" name="icmp_ln321_fu_273">
<pin_list>
<pin id="274" dir="0" index="0" bw="12" slack="0"/>
<pin id="275" dir="0" index="1" bw="1" slack="0"/>
<pin id="276" dir="1" index="2" bw="1" slack="3"/>
</pin_list>
<bind>
<opcode="icmp(45) " fcode="icmp"/>
<opset="icmp_ln321/2 "/>
</bind>
</comp>

<comp id="279" class="1004" name="dt_1_fu_279">
<pin_list>
<pin id="280" dir="0" index="0" bw="16" slack="1"/>
<pin id="281" dir="0" index="1" bw="16" slack="0"/>
<pin id="282" dir="1" index="2" bw="16" slack="0"/>
</pin_list>
<bind>
<opcode="sub(10) " fcode="sub"/>
<opset="dt_1/2 "/>
</bind>
</comp>

<comp id="284" class="1004" name="tmp_55_fu_284">
<pin_list>
<pin id="285" dir="0" index="0" bw="12" slack="0"/>
<pin id="286" dir="0" index="1" bw="16" slack="0"/>
<pin id="287" dir="0" index="2" bw="4" slack="0"/>
<pin id="288" dir="0" index="3" bw="5" slack="0"/>
<pin id="289" dir="1" index="4" bw="12" slack="0"/>
</pin_list>
<bind>
<opcode="partselect(1002) " fcode="partselect"/>
<opset="tmp_55/2 "/>
</bind>
</comp>

<comp id="294" class="1004" name="icmp_ln321_1_fu_294">
<pin_list>
<pin id="295" dir="0" index="0" bw="12" slack="0"/>
<pin id="296" dir="0" index="1" bw="1" slack="0"/>
<pin id="297" dir="1" index="2" bw="1" slack="4"/>
</pin_list>
<bind>
<opcode="icmp(45) " fcode="icmp"/>
<opset="icmp_ln321_1/2 "/>
</bind>
</comp>

<comp id="300" class="1004" name="zext_ln325_1_fu_300">
<pin_list>
<pin id="301" dir="0" index="0" bw="16" slack="1"/>
<pin id="302" dir="1" index="1" bw="64" slack="0"/>
</pin_list>
<bind>
<opcode="zext(34) " fcode="zext"/>
<opset="zext_ln325_1/3 "/>
</bind>
</comp>

<comp id="304" class="1004" name="icmp_ln315_fu_304">
<pin_list>
<pin id="305" dir="0" index="0" bw="8" slack="2"/>
<pin id="306" dir="0" index="1" bw="1" slack="0"/>
<pin id="307" dir="1" index="2" bw="1" slack="1"/>
</pin_list>
<bind>
<opcode="icmp(45) " fcode="icmp"/>
<opset="icmp_ln315/4 "/>
</bind>
</comp>

<comp id="309" class="1004" name="zext_ln325_fu_309">
<pin_list>
<pin id="310" dir="0" index="0" bw="8" slack="2"/>
<pin id="311" dir="1" index="1" bw="16" slack="0"/>
</pin_list>
<bind>
<opcode="zext(34) " fcode="zext"/>
<opset="zext_ln325/4 "/>
</bind>
</comp>

<comp id="312" class="1004" name="zext_ln325_2_fu_312">
<pin_list>
<pin id="313" dir="0" index="0" bw="8" slack="0"/>
<pin id="314" dir="1" index="1" bw="16" slack="0"/>
</pin_list>
<bind>
<opcode="zext(34) " fcode="zext"/>
<opset="zext_ln325_2/4 "/>
</bind>
</comp>

<comp id="316" class="1004" name="mul_ln325_fu_316">
<pin_list>
<pin id="317" dir="0" index="0" bw="8" slack="0"/>
<pin id="318" dir="0" index="1" bw="8" slack="0"/>
<pin id="319" dir="1" index="2" bw="16" slack="1"/>
</pin_list>
<bind>
<opcode="mul(12) " fcode="mul"/>
<opset="mul_ln325/4 "/>
</bind>
</comp>

<comp id="322" class="1004" name="zext_ln325_4_fu_322">
<pin_list>
<pin id="323" dir="0" index="0" bw="16" slack="2"/>
<pin id="324" dir="1" index="1" bw="64" slack="0"/>
</pin_list>
<bind>
<opcode="zext(34) " fcode="zext"/>
<opset="zext_ln325_4/4 "/>
</bind>
</comp>

<comp id="326" class="1004" name="tmp_s_fu_326">
<pin_list>
<pin id="327" dir="0" index="0" bw="15" slack="0"/>
<pin id="328" dir="0" index="1" bw="8" slack="4"/>
<pin id="329" dir="0" index="2" bw="7" slack="4"/>
<pin id="330" dir="1" index="3" bw="15" slack="0"/>
</pin_list>
<bind>
<opcode="bitconcatenate(1004) " fcode="bitconcatenate"/>
<opset="tmp_s/5 "/>
</bind>
</comp>

<comp id="332" class="1004" name="zext_ln379_fu_332">
<pin_list>
<pin id="333" dir="0" index="0" bw="15" slack="0"/>
<pin id="334" dir="1" index="1" bw="64" slack="0"/>
</pin_list>
<bind>
<opcode="zext(34) " fcode="zext"/>
<opset="zext_ln379/5 "/>
</bind>
</comp>

<comp id="338" class="1004" name="post_trace_val_fu_338">
<pin_list>
<pin id="339" dir="0" index="0" bw="8" slack="0"/>
<pin id="340" dir="0" index="1" bw="16" slack="1"/>
<pin id="341" dir="0" index="2" bw="5" slack="0"/>
<pin id="342" dir="0" index="3" bw="5" slack="0"/>
<pin id="343" dir="1" index="4" bw="8" slack="0"/>
</pin_list>
<bind>
<opcode="partselect(1002) " fcode="partselect"/>
<opset="post_trace_val/5 "/>
</bind>
</comp>

<comp id="347" class="1004" name="or_ln321_fu_347">
<pin_list>
<pin id="348" dir="0" index="0" bw="1" slack="1"/>
<pin id="349" dir="0" index="1" bw="1" slack="3"/>
<pin id="350" dir="1" index="2" bw="1" slack="0"/>
</pin_list>
<bind>
<opcode="or(24) " fcode="or"/>
<opset="or_ln321/5 "/>
</bind>
</comp>

<comp id="351" class="1004" name="post_trace_val_1_fu_351">
<pin_list>
<pin id="352" dir="0" index="0" bw="1" slack="0"/>
<pin id="353" dir="0" index="1" bw="1" slack="0"/>
<pin id="354" dir="0" index="2" bw="8" slack="0"/>
<pin id="355" dir="1" index="3" bw="8" slack="0"/>
</pin_list>
<bind>
<opcode="select(49) " fcode="select"/>
<opset="post_trace_val_1/5 "/>
</bind>
</comp>

<comp id="359" class="1004" name="icmp_ln376_fu_359">
<pin_list>
<pin id="360" dir="0" index="0" bw="8" slack="0"/>
<pin id="361" dir="0" index="1" bw="1" slack="0"/>
<pin id="362" dir="1" index="2" bw="1" slack="1"/>
</pin_list>
<bind>
<opcode="icmp(45) " fcode="icmp"/>
<opset="icmp_ln376/5 "/>
</bind>
</comp>

<comp id="365" class="1004" name="icmp_ln315_1_fu_365">
<pin_list>
<pin id="366" dir="0" index="0" bw="8" slack="1"/>
<pin id="367" dir="0" index="1" bw="1" slack="0"/>
<pin id="368" dir="1" index="2" bw="1" slack="1"/>
</pin_list>
<bind>
<opcode="icmp(45) " fcode="icmp"/>
<opset="icmp_ln315_1/5 "/>
</bind>
</comp>

<comp id="370" class="1004" name="zext_ln325_3_fu_370">
<pin_list>
<pin id="371" dir="0" index="0" bw="8" slack="1"/>
<pin id="372" dir="1" index="1" bw="16" slack="0"/>
</pin_list>
<bind>
<opcode="zext(34) " fcode="zext"/>
<opset="zext_ln325_3/5 "/>
</bind>
</comp>

<comp id="373" class="1004" name="zext_ln325_5_fu_373">
<pin_list>
<pin id="374" dir="0" index="0" bw="8" slack="0"/>
<pin id="375" dir="1" index="1" bw="16" slack="0"/>
</pin_list>
<bind>
<opcode="zext(34) " fcode="zext"/>
<opset="zext_ln325_5/5 "/>
</bind>
</comp>

<comp id="377" class="1004" name="mul_ln325_1_fu_377">
<pin_list>
<pin id="378" dir="0" index="0" bw="8" slack="0"/>
<pin id="379" dir="0" index="1" bw="8" slack="0"/>
<pin id="380" dir="1" index="2" bw="16" slack="1"/>
</pin_list>
<bind>
<opcode="mul(12) " fcode="mul"/>
<opset="mul_ln325_1/5 "/>
</bind>
</comp>

<comp id="383" class="1004" name="bit_sel_fu_383">
<pin_list>
<pin id="384" dir="0" index="0" bw="1" slack="0"/>
<pin id="385" dir="0" index="1" bw="8" slack="0"/>
<pin id="386" dir="0" index="2" bw="4" slack="0"/>
<pin id="387" dir="1" index="3" bw="1" slack="1"/>
</pin_list>
<bind>
<opcode="bitselect(1000) " fcode="bitselect"/>
<opset="bit_sel/6 "/>
</bind>
</comp>

<comp id="391" class="1004" name="trunc_ln383_fu_391">
<pin_list>
<pin id="392" dir="0" index="0" bw="8" slack="0"/>
<pin id="393" dir="1" index="1" bw="7" slack="1"/>
</pin_list>
<bind>
<opcode="trunc(33) " fcode="trunc"/>
<opset="trunc_ln383/6 "/>
</bind>
</comp>

<comp id="395" class="1004" name="post_trace_val_2_fu_395">
<pin_list>
<pin id="396" dir="0" index="0" bw="8" slack="0"/>
<pin id="397" dir="0" index="1" bw="16" slack="1"/>
<pin id="398" dir="0" index="2" bw="5" slack="0"/>
<pin id="399" dir="0" index="3" bw="5" slack="0"/>
<pin id="400" dir="1" index="4" bw="8" slack="0"/>
</pin_list>
<bind>
<opcode="partselect(1002) " fcode="partselect"/>
<opset="post_trace_val_2/6 "/>
</bind>
</comp>

<comp id="404" class="1004" name="or_ln321_1_fu_404">
<pin_list>
<pin id="405" dir="0" index="0" bw="1" slack="1"/>
<pin id="406" dir="0" index="1" bw="1" slack="4"/>
<pin id="407" dir="1" index="2" bw="1" slack="0"/>
</pin_list>
<bind>
<opcode="or(24) " fcode="or"/>
<opset="or_ln321_1/6 "/>
</bind>
</comp>

<comp id="408" class="1004" name="post_trace_val_3_fu_408">
<pin_list>
<pin id="409" dir="0" index="0" bw="1" slack="0"/>
<pin id="410" dir="0" index="1" bw="1" slack="0"/>
<pin id="411" dir="0" index="2" bw="8" slack="0"/>
<pin id="412" dir="1" index="3" bw="8" slack="0"/>
</pin_list>
<bind>
<opcode="select(49) " fcode="select"/>
<opset="post_trace_val_3/6 "/>
</bind>
</comp>

<comp id="416" class="1004" name="icmp_ln376_1_fu_416">
<pin_list>
<pin id="417" dir="0" index="0" bw="8" slack="0"/>
<pin id="418" dir="0" index="1" bw="1" slack="0"/>
<pin id="419" dir="1" index="2" bw="1" slack="1"/>
</pin_list>
<bind>
<opcode="icmp(45) " fcode="icmp"/>
<opset="icmp_ln376_1/6 "/>
</bind>
</comp>

<comp id="422" class="1004" name="sext_ln383_fu_422">
<pin_list>
<pin id="423" dir="0" index="0" bw="8" slack="1"/>
<pin id="424" dir="1" index="1" bw="10" slack="0"/>
</pin_list>
<bind>
<opcode="sext(35) " fcode="sext"/>
<opset="sext_ln383/7 "/>
</bind>
</comp>

<comp id="425" class="1004" name="xor_ln383_fu_425">
<pin_list>
<pin id="426" dir="0" index="0" bw="1" slack="1"/>
<pin id="427" dir="0" index="1" bw="1" slack="0"/>
<pin id="428" dir="1" index="2" bw="1" slack="0"/>
</pin_list>
<bind>
<opcode="xor(25) " fcode="xor"/>
<opset="xor_ln383/7 "/>
</bind>
</comp>

<comp id="430" class="1004" name="distance_fu_430">
<pin_list>
<pin id="431" dir="0" index="0" bw="8" slack="0"/>
<pin id="432" dir="0" index="1" bw="1" slack="0"/>
<pin id="433" dir="0" index="2" bw="7" slack="1"/>
<pin id="434" dir="1" index="3" bw="8" slack="0"/>
</pin_list>
<bind>
<opcode="bitconcatenate(1004) " fcode="bitconcatenate"/>
<opset="distance/7 "/>
</bind>
</comp>

<comp id="437" class="1004" name="zext_ln384_fu_437">
<pin_list>
<pin id="438" dir="0" index="0" bw="8" slack="0"/>
<pin id="439" dir="1" index="1" bw="16" slack="0"/>
</pin_list>
<bind>
<opcode="zext(34) " fcode="zext"/>
<opset="zext_ln384/7 "/>
</bind>
</comp>

<comp id="441" class="1004" name="zext_ln384_1_fu_441">
<pin_list>
<pin id="442" dir="0" index="0" bw="8" slack="2"/>
<pin id="443" dir="1" index="1" bw="16" slack="0"/>
</pin_list>
<bind>
<opcode="zext(34) " fcode="zext"/>
<opset="zext_ln384_1/7 "/>
</bind>
</comp>

<comp id="444" class="1004" name="mul_ln384_fu_444">
<pin_list>
<pin id="445" dir="0" index="0" bw="8" slack="0"/>
<pin id="446" dir="0" index="1" bw="8" slack="0"/>
<pin id="447" dir="1" index="2" bw="16" slack="0"/>
</pin_list>
<bind>
<opcode="mul(12) " fcode="mul"/>
<opset="mul_ln384/7 "/>
</bind>
</comp>

<comp id="450" class="1004" name="tmp_34_fu_450">
<pin_list>
<pin id="451" dir="0" index="0" bw="8" slack="0"/>
<pin id="452" dir="0" index="1" bw="16" slack="0"/>
<pin id="453" dir="0" index="2" bw="5" slack="0"/>
<pin id="454" dir="0" index="3" bw="5" slack="0"/>
<pin id="455" dir="1" index="4" bw="8" slack="0"/>
</pin_list>
<bind>
<opcode="partselect(1002) " fcode="partselect"/>
<opset="tmp_34/7 "/>
</bind>
</comp>

<comp id="460" class="1004" name="zext_ln387_fu_460">
<pin_list>
<pin id="461" dir="0" index="0" bw="8" slack="0"/>
<pin id="462" dir="1" index="1" bw="10" slack="0"/>
</pin_list>
<bind>
<opcode="zext(34) " fcode="zext"/>
<opset="zext_ln387/7 "/>
</bind>
</comp>

<comp id="464" class="1004" name="w_fu_464">
<pin_list>
<pin id="465" dir="0" index="0" bw="8" slack="0"/>
<pin id="466" dir="0" index="1" bw="8" slack="0"/>
<pin id="467" dir="1" index="2" bw="10" slack="0"/>
</pin_list>
<bind>
<opcode="sub(10) " fcode="sub"/>
<opset="w/7 "/>
</bind>
</comp>

<comp id="470" class="1004" name="trunc_ln337_fu_470">
<pin_list>
<pin id="471" dir="0" index="0" bw="10" slack="0"/>
<pin id="472" dir="1" index="1" bw="8" slack="1"/>
</pin_list>
<bind>
<opcode="trunc(33) " fcode="trunc"/>
<opset="trunc_ln337/7 "/>
</bind>
</comp>

<comp id="474" class="1004" name="bit_sel1_fu_474">
<pin_list>
<pin id="475" dir="0" index="0" bw="1" slack="0"/>
<pin id="476" dir="0" index="1" bw="8" slack="0"/>
<pin id="477" dir="0" index="2" bw="4" slack="0"/>
<pin id="478" dir="1" index="3" bw="1" slack="1"/>
</pin_list>
<bind>
<opcode="bitselect(1000) " fcode="bitselect"/>
<opset="bit_sel1/7 "/>
</bind>
</comp>

<comp id="482" class="1004" name="trunc_ln383_1_fu_482">
<pin_list>
<pin id="483" dir="0" index="0" bw="8" slack="0"/>
<pin id="484" dir="1" index="1" bw="7" slack="1"/>
</pin_list>
<bind>
<opcode="trunc(33) " fcode="trunc"/>
<opset="trunc_ln383_1/7 "/>
</bind>
</comp>

<comp id="486" class="1004" name="icmp_ln336_fu_486">
<pin_list>
<pin id="487" dir="0" index="0" bw="10" slack="1"/>
<pin id="488" dir="0" index="1" bw="8" slack="0"/>
<pin id="489" dir="1" index="2" bw="1" slack="0"/>
</pin_list>
<bind>
<opcode="icmp(45) " fcode="icmp"/>
<opset="icmp_ln336/8 "/>
</bind>
</comp>

<comp id="491" class="1004" name="select_ln335_fu_491">
<pin_list>
<pin id="492" dir="0" index="0" bw="1" slack="0"/>
<pin id="493" dir="0" index="1" bw="8" slack="0"/>
<pin id="494" dir="0" index="2" bw="8" slack="1"/>
<pin id="495" dir="1" index="3" bw="8" slack="0"/>
</pin_list>
<bind>
<opcode="select(49) " fcode="select"/>
<opset="select_ln335/8 "/>
</bind>
</comp>

<comp id="499" class="1004" name="sext_ln383_1_fu_499">
<pin_list>
<pin id="500" dir="0" index="0" bw="8" slack="1"/>
<pin id="501" dir="1" index="1" bw="10" slack="0"/>
</pin_list>
<bind>
<opcode="sext(35) " fcode="sext"/>
<opset="sext_ln383_1/8 "/>
</bind>
</comp>

<comp id="502" class="1004" name="xor_ln383_1_fu_502">
<pin_list>
<pin id="503" dir="0" index="0" bw="1" slack="1"/>
<pin id="504" dir="0" index="1" bw="1" slack="0"/>
<pin id="505" dir="1" index="2" bw="1" slack="0"/>
</pin_list>
<bind>
<opcode="xor(25) " fcode="xor"/>
<opset="xor_ln383_1/8 "/>
</bind>
</comp>

<comp id="507" class="1004" name="distance_1_fu_507">
<pin_list>
<pin id="508" dir="0" index="0" bw="8" slack="0"/>
<pin id="509" dir="0" index="1" bw="1" slack="0"/>
<pin id="510" dir="0" index="2" bw="7" slack="1"/>
<pin id="511" dir="1" index="3" bw="8" slack="0"/>
</pin_list>
<bind>
<opcode="bitconcatenate(1004) " fcode="bitconcatenate"/>
<opset="distance_1/8 "/>
</bind>
</comp>

<comp id="514" class="1004" name="zext_ln384_2_fu_514">
<pin_list>
<pin id="515" dir="0" index="0" bw="8" slack="0"/>
<pin id="516" dir="1" index="1" bw="16" slack="0"/>
</pin_list>
<bind>
<opcode="zext(34) " fcode="zext"/>
<opset="zext_ln384_2/8 "/>
</bind>
</comp>

<comp id="518" class="1004" name="zext_ln384_3_fu_518">
<pin_list>
<pin id="519" dir="0" index="0" bw="8" slack="2"/>
<pin id="520" dir="1" index="1" bw="16" slack="0"/>
</pin_list>
<bind>
<opcode="zext(34) " fcode="zext"/>
<opset="zext_ln384_3/8 "/>
</bind>
</comp>

<comp id="521" class="1004" name="mul_ln384_1_fu_521">
<pin_list>
<pin id="522" dir="0" index="0" bw="8" slack="0"/>
<pin id="523" dir="0" index="1" bw="8" slack="0"/>
<pin id="524" dir="1" index="2" bw="16" slack="0"/>
</pin_list>
<bind>
<opcode="mul(12) " fcode="mul"/>
<opset="mul_ln384_1/8 "/>
</bind>
</comp>

<comp id="527" class="1004" name="tmp_35_fu_527">
<pin_list>
<pin id="528" dir="0" index="0" bw="8" slack="0"/>
<pin id="529" dir="0" index="1" bw="16" slack="0"/>
<pin id="530" dir="0" index="2" bw="5" slack="0"/>
<pin id="531" dir="0" index="3" bw="5" slack="0"/>
<pin id="532" dir="1" index="4" bw="8" slack="0"/>
</pin_list>
<bind>
<opcode="partselect(1002) " fcode="partselect"/>
<opset="tmp_35/8 "/>
</bind>
</comp>

<comp id="537" class="1004" name="zext_ln387_1_fu_537">
<pin_list>
<pin id="538" dir="0" index="0" bw="8" slack="0"/>
<pin id="539" dir="1" index="1" bw="10" slack="0"/>
</pin_list>
<bind>
<opcode="zext(34) " fcode="zext"/>
<opset="zext_ln387_1/8 "/>
</bind>
</comp>

<comp id="541" class="1004" name="w_1_fu_541">
<pin_list>
<pin id="542" dir="0" index="0" bw="8" slack="0"/>
<pin id="543" dir="0" index="1" bw="8" slack="0"/>
<pin id="544" dir="1" index="2" bw="10" slack="0"/>
</pin_list>
<bind>
<opcode="sub(10) " fcode="sub"/>
<opset="w_1/8 "/>
</bind>
</comp>

<comp id="547" class="1004" name="trunc_ln337_1_fu_547">
<pin_list>
<pin id="548" dir="0" index="0" bw="10" slack="0"/>
<pin id="549" dir="1" index="1" bw="8" slack="1"/>
</pin_list>
<bind>
<opcode="trunc(33) " fcode="trunc"/>
<opset="trunc_ln337_1/8 "/>
</bind>
</comp>

<comp id="551" class="1004" name="icmp_ln336_1_fu_551">
<pin_list>
<pin id="552" dir="0" index="0" bw="10" slack="1"/>
<pin id="553" dir="0" index="1" bw="8" slack="0"/>
<pin id="554" dir="1" index="2" bw="1" slack="0"/>
</pin_list>
<bind>
<opcode="icmp(45) " fcode="icmp"/>
<opset="icmp_ln336_1/9 "/>
</bind>
</comp>

<comp id="556" class="1004" name="select_ln335_1_fu_556">
<pin_list>
<pin id="557" dir="0" index="0" bw="1" slack="0"/>
<pin id="558" dir="0" index="1" bw="8" slack="0"/>
<pin id="559" dir="0" index="2" bw="8" slack="1"/>
<pin id="560" dir="1" index="3" bw="8" slack="0"/>
</pin_list>
<bind>
<opcode="select(49) " fcode="select"/>
<opset="select_ln335_1/9 "/>
</bind>
</comp>

<comp id="564" class="1005" name="j_reg_564">
<pin_list>
<pin id="565" dir="0" index="0" bw="9" slack="0"/>
<pin id="566" dir="1" index="1" bw="9" slack="0"/>
</pin_list>
<bind>
<opset="j "/>
</bind>
</comp>

<comp id="571" class="1005" name="pre_id_read_reg_571">
<pin_list>
<pin id="572" dir="0" index="0" bw="8" slack="4"/>
<pin id="573" dir="1" index="1" bw="8" slack="4"/>
</pin_list>
<bind>
<opset="pre_id_read "/>
</bind>
</comp>

<comp id="576" class="1005" name="current_time_read_reg_576">
<pin_list>
<pin id="577" dir="0" index="0" bw="16" slack="1"/>
<pin id="578" dir="1" index="1" bw="16" slack="1"/>
</pin_list>
<bind>
<opset="current_time_read "/>
</bind>
</comp>

<comp id="582" class="1005" name="tmp_reg_582">
<pin_list>
<pin id="583" dir="0" index="0" bw="1" slack="1"/>
<pin id="584" dir="1" index="1" bw="1" slack="2147483647"/>
</pin_list>
<bind>
<opset="tmp "/>
</bind>
</comp>

<comp id="586" class="1005" name="lshr_ln9_reg_586">
<pin_list>
<pin id="587" dir="0" index="0" bw="7" slack="4"/>
<pin id="588" dir="1" index="1" bw="7" slack="4"/>
</pin_list>
<bind>
<opset="lshr_ln9 "/>
</bind>
</comp>

<comp id="591" class="1005" name="zext_ln367_reg_591">
<pin_list>
<pin id="592" dir="0" index="0" bw="64" slack="2"/>
<pin id="593" dir="1" index="1" bw="64" slack="2"/>
</pin_list>
<bind>
<opset="zext_ln367 "/>
</bind>
</comp>

<comp id="596" class="1005" name="post_traces_trace_0_addr_reg_596">
<pin_list>
<pin id="597" dir="0" index="0" bw="7" slack="1"/>
<pin id="598" dir="1" index="1" bw="7" slack="1"/>
</pin_list>
<bind>
<opset="post_traces_trace_0_addr "/>
</bind>
</comp>

<comp id="601" class="1005" name="post_traces_last_spike_time_0_addr_reg_601">
<pin_list>
<pin id="602" dir="0" index="0" bw="7" slack="1"/>
<pin id="603" dir="1" index="1" bw="7" slack="1"/>
</pin_list>
<bind>
<opset="post_traces_last_spike_time_0_addr "/>
</bind>
</comp>

<comp id="606" class="1005" name="post_traces_last_spike_time_1_addr_reg_606">
<pin_list>
<pin id="607" dir="0" index="0" bw="7" slack="1"/>
<pin id="608" dir="1" index="1" bw="7" slack="1"/>
</pin_list>
<bind>
<opset="post_traces_last_spike_time_1_addr "/>
</bind>
</comp>

<comp id="611" class="1005" name="post_t_trace_1_reg_611">
<pin_list>
<pin id="612" dir="0" index="0" bw="8" slack="2"/>
<pin id="613" dir="1" index="1" bw="8" slack="2"/>
</pin_list>
<bind>
<opset="post_t_trace_1 "/>
</bind>
</comp>

<comp id="617" class="1005" name="dt_reg_617">
<pin_list>
<pin id="618" dir="0" index="0" bw="16" slack="1"/>
<pin id="619" dir="1" index="1" bw="16" slack="1"/>
</pin_list>
<bind>
<opset="dt "/>
</bind>
</comp>

<comp id="622" class="1005" name="icmp_ln321_reg_622">
<pin_list>
<pin id="623" dir="0" index="0" bw="1" slack="3"/>
<pin id="624" dir="1" index="1" bw="1" slack="3"/>
</pin_list>
<bind>
<opset="icmp_ln321 "/>
</bind>
</comp>

<comp id="627" class="1005" name="dt_1_reg_627">
<pin_list>
<pin id="628" dir="0" index="0" bw="16" slack="2"/>
<pin id="629" dir="1" index="1" bw="16" slack="2"/>
</pin_list>
<bind>
<opset="dt_1 "/>
</bind>
</comp>

<comp id="632" class="1005" name="icmp_ln321_1_reg_632">
<pin_list>
<pin id="633" dir="0" index="0" bw="1" slack="4"/>
<pin id="634" dir="1" index="1" bw="1" slack="4"/>
</pin_list>
<bind>
<opset="icmp_ln321_1 "/>
</bind>
</comp>

<comp id="637" class="1005" name="EXP_DECAY_LUT_addr_reg_637">
<pin_list>
<pin id="638" dir="0" index="0" bw="4" slack="1"/>
<pin id="639" dir="1" index="1" bw="4" slack="1"/>
</pin_list>
<bind>
<opset="EXP_DECAY_LUT_addr "/>
</bind>
</comp>

<comp id="642" class="1005" name="post_traces_trace_1_addr_reg_642">
<pin_list>
<pin id="643" dir="0" index="0" bw="7" slack="1"/>
<pin id="644" dir="1" index="1" bw="7" slack="1"/>
</pin_list>
<bind>
<opset="post_traces_trace_1_addr "/>
</bind>
</comp>

<comp id="647" class="1005" name="icmp_ln315_reg_647">
<pin_list>
<pin id="648" dir="0" index="0" bw="1" slack="1"/>
<pin id="649" dir="1" index="1" bw="1" slack="1"/>
</pin_list>
<bind>
<opset="icmp_ln315 "/>
</bind>
</comp>

<comp id="652" class="1005" name="mul_ln325_reg_652">
<pin_list>
<pin id="653" dir="0" index="0" bw="16" slack="1"/>
<pin id="654" dir="1" index="1" bw="16" slack="1"/>
</pin_list>
<bind>
<opset="mul_ln325 "/>
</bind>
</comp>

<comp id="657" class="1005" name="post_t_trace_reg_657">
<pin_list>
<pin id="658" dir="0" index="0" bw="8" slack="1"/>
<pin id="659" dir="1" index="1" bw="8" slack="1"/>
</pin_list>
<bind>
<opset="post_t_trace "/>
</bind>
</comp>

<comp id="663" class="1005" name="EXP_DECAY_LUT_addr_1_reg_663">
<pin_list>
<pin id="664" dir="0" index="0" bw="4" slack="1"/>
<pin id="665" dir="1" index="1" bw="4" slack="1"/>
</pin_list>
<bind>
<opset="EXP_DECAY_LUT_addr_1 "/>
</bind>
</comp>

<comp id="668" class="1005" name="p_ZL13weight_memory_0_addr_reg_668">
<pin_list>
<pin id="669" dir="0" index="0" bw="15" slack="1"/>
<pin id="670" dir="1" index="1" bw="15" slack="1"/>
</pin_list>
<bind>
<opset="p_ZL13weight_memory_0_addr "/>
</bind>
</comp>

<comp id="674" class="1005" name="p_ZL13weight_memory_1_addr_reg_674">
<pin_list>
<pin id="675" dir="0" index="0" bw="15" slack="1"/>
<pin id="676" dir="1" index="1" bw="15" slack="1"/>
</pin_list>
<bind>
<opset="p_ZL13weight_memory_1_addr "/>
</bind>
</comp>

<comp id="680" class="1005" name="post_trace_val_1_reg_680">
<pin_list>
<pin id="681" dir="0" index="0" bw="8" slack="2"/>
<pin id="682" dir="1" index="1" bw="8" slack="2"/>
</pin_list>
<bind>
<opset="post_trace_val_1 "/>
</bind>
</comp>

<comp id="685" class="1005" name="icmp_ln376_reg_685">
<pin_list>
<pin id="686" dir="0" index="0" bw="1" slack="1"/>
<pin id="687" dir="1" index="1" bw="1" slack="2147483647"/>
</pin_list>
<bind>
<opset="icmp_ln376 "/>
</bind>
</comp>

<comp id="689" class="1005" name="icmp_ln315_1_reg_689">
<pin_list>
<pin id="690" dir="0" index="0" bw="1" slack="1"/>
<pin id="691" dir="1" index="1" bw="1" slack="1"/>
</pin_list>
<bind>
<opset="icmp_ln315_1 "/>
</bind>
</comp>

<comp id="694" class="1005" name="mul_ln325_1_reg_694">
<pin_list>
<pin id="695" dir="0" index="0" bw="16" slack="1"/>
<pin id="696" dir="1" index="1" bw="16" slack="1"/>
</pin_list>
<bind>
<opset="mul_ln325_1 "/>
</bind>
</comp>

<comp id="699" class="1005" name="current_w_reg_699">
<pin_list>
<pin id="700" dir="0" index="0" bw="8" slack="1"/>
<pin id="701" dir="1" index="1" bw="8" slack="1"/>
</pin_list>
<bind>
<opset="current_w "/>
</bind>
</comp>

<comp id="704" class="1005" name="bit_sel_reg_704">
<pin_list>
<pin id="705" dir="0" index="0" bw="1" slack="1"/>
<pin id="706" dir="1" index="1" bw="1" slack="1"/>
</pin_list>
<bind>
<opset="bit_sel "/>
</bind>
</comp>

<comp id="709" class="1005" name="trunc_ln383_reg_709">
<pin_list>
<pin id="710" dir="0" index="0" bw="7" slack="1"/>
<pin id="711" dir="1" index="1" bw="7" slack="1"/>
</pin_list>
<bind>
<opset="trunc_ln383 "/>
</bind>
</comp>

<comp id="714" class="1005" name="post_trace_val_3_reg_714">
<pin_list>
<pin id="715" dir="0" index="0" bw="8" slack="2"/>
<pin id="716" dir="1" index="1" bw="8" slack="2"/>
</pin_list>
<bind>
<opset="post_trace_val_3 "/>
</bind>
</comp>

<comp id="719" class="1005" name="icmp_ln376_1_reg_719">
<pin_list>
<pin id="720" dir="0" index="0" bw="1" slack="1"/>
<pin id="721" dir="1" index="1" bw="1" slack="2147483647"/>
</pin_list>
<bind>
<opset="icmp_ln376_1 "/>
</bind>
</comp>

<comp id="723" class="1005" name="w_reg_723">
<pin_list>
<pin id="724" dir="0" index="0" bw="10" slack="1"/>
<pin id="725" dir="1" index="1" bw="10" slack="1"/>
</pin_list>
<bind>
<opset="w "/>
</bind>
</comp>

<comp id="728" class="1005" name="trunc_ln337_reg_728">
<pin_list>
<pin id="729" dir="0" index="0" bw="8" slack="1"/>
<pin id="730" dir="1" index="1" bw="8" slack="1"/>
</pin_list>
<bind>
<opset="trunc_ln337 "/>
</bind>
</comp>

<comp id="733" class="1005" name="current_w_1_reg_733">
<pin_list>
<pin id="734" dir="0" index="0" bw="8" slack="1"/>
<pin id="735" dir="1" index="1" bw="8" slack="1"/>
</pin_list>
<bind>
<opset="current_w_1 "/>
</bind>
</comp>

<comp id="738" class="1005" name="bit_sel1_reg_738">
<pin_list>
<pin id="739" dir="0" index="0" bw="1" slack="1"/>
<pin id="740" dir="1" index="1" bw="1" slack="1"/>
</pin_list>
<bind>
<opset="bit_sel1 "/>
</bind>
</comp>

<comp id="743" class="1005" name="trunc_ln383_1_reg_743">
<pin_list>
<pin id="744" dir="0" index="0" bw="7" slack="1"/>
<pin id="745" dir="1" index="1" bw="7" slack="1"/>
</pin_list>
<bind>
<opset="trunc_ln383_1 "/>
</bind>
</comp>

<comp id="748" class="1005" name="w_1_reg_748">
<pin_list>
<pin id="749" dir="0" index="0" bw="10" slack="1"/>
<pin id="750" dir="1" index="1" bw="10" slack="1"/>
</pin_list>
<bind>
<opset="w_1 "/>
</bind>
</comp>

<comp id="753" class="1005" name="trunc_ln337_1_reg_753">
<pin_list>
<pin id="754" dir="0" index="0" bw="8" slack="1"/>
<pin id="755" dir="1" index="1" bw="8" slack="1"/>
</pin_list>
<bind>
<opset="trunc_ln337_1 "/>
</bind>
</comp>

</comp_list>

<net_list>
<net id="95"><net_src comp="18" pin="0"/><net_sink comp="92" pin=0"/></net>

<net id="100"><net_src comp="30" pin="0"/><net_sink comp="96" pin=0"/></net>

<net id="101"><net_src comp="2" pin="0"/><net_sink comp="96" pin=1"/></net>

<net id="106"><net_src comp="32" pin="0"/><net_sink comp="102" pin=0"/></net>

<net id="107"><net_src comp="0" pin="0"/><net_sink comp="102" pin=1"/></net>

<net id="113"><net_src comp="10" pin="0"/><net_sink comp="108" pin=0"/></net>

<net id="114"><net_src comp="48" pin="0"/><net_sink comp="108" pin=1"/></net>

<net id="120"><net_src comp="12" pin="0"/><net_sink comp="115" pin=0"/></net>

<net id="121"><net_src comp="48" pin="0"/><net_sink comp="115" pin=1"/></net>

<net id="127"><net_src comp="108" pin="3"/><net_sink comp="122" pin=0"/></net>

<net id="133"><net_src comp="115" pin="3"/><net_sink comp="128" pin=0"/></net>

<net id="139"><net_src comp="6" pin="0"/><net_sink comp="134" pin=0"/></net>

<net id="140"><net_src comp="48" pin="0"/><net_sink comp="134" pin=1"/></net>

<net id="146"><net_src comp="134" pin="3"/><net_sink comp="141" pin=0"/></net>

<net id="152"><net_src comp="8" pin="0"/><net_sink comp="147" pin=0"/></net>

<net id="153"><net_src comp="48" pin="0"/><net_sink comp="147" pin=1"/></net>

<net id="159"><net_src comp="147" pin="3"/><net_sink comp="154" pin=0"/></net>

<net id="165"><net_src comp="4" pin="0"/><net_sink comp="160" pin=0"/></net>

<net id="166"><net_src comp="48" pin="0"/><net_sink comp="160" pin=1"/></net>

<net id="172"><net_src comp="160" pin="3"/><net_sink comp="167" pin=0"/></net>

<net id="178"><net_src comp="8" pin="0"/><net_sink comp="173" pin=0"/></net>

<net id="179"><net_src comp="48" pin="0"/><net_sink comp="173" pin=1"/></net>

<net id="180"><net_src comp="173" pin="3"/><net_sink comp="154" pin=0"/></net>

<net id="186"><net_src comp="14" pin="0"/><net_sink comp="181" pin=0"/></net>

<net id="187"><net_src comp="48" pin="0"/><net_sink comp="181" pin=1"/></net>

<net id="193"><net_src comp="16" pin="0"/><net_sink comp="188" pin=0"/></net>

<net id="194"><net_src comp="48" pin="0"/><net_sink comp="188" pin=1"/></net>

<net id="200"><net_src comp="181" pin="3"/><net_sink comp="195" pin=0"/></net>

<net id="218"><net_src comp="34" pin="0"/><net_sink comp="214" pin=0"/></net>

<net id="227"><net_src comp="36" pin="0"/><net_sink comp="222" pin=0"/></net>

<net id="228"><net_src comp="219" pin="1"/><net_sink comp="222" pin=1"/></net>

<net id="229"><net_src comp="38" pin="0"/><net_sink comp="222" pin=2"/></net>

<net id="236"><net_src comp="44" pin="0"/><net_sink comp="230" pin=0"/></net>

<net id="237"><net_src comp="219" pin="1"/><net_sink comp="230" pin=1"/></net>

<net id="238"><net_src comp="18" pin="0"/><net_sink comp="230" pin=2"/></net>

<net id="239"><net_src comp="46" pin="0"/><net_sink comp="230" pin=3"/></net>

<net id="243"><net_src comp="230" pin="4"/><net_sink comp="240" pin=0"/></net>

<net id="244"><net_src comp="240" pin="1"/><net_sink comp="108" pin=2"/></net>

<net id="245"><net_src comp="240" pin="1"/><net_sink comp="115" pin=2"/></net>

<net id="246"><net_src comp="240" pin="1"/><net_sink comp="134" pin=2"/></net>

<net id="251"><net_src comp="219" pin="1"/><net_sink comp="247" pin=0"/></net>

<net id="252"><net_src comp="50" pin="0"/><net_sink comp="247" pin=1"/></net>

<net id="257"><net_src comp="247" pin="2"/><net_sink comp="253" pin=0"/></net>

<net id="262"><net_src comp="128" pin="3"/><net_sink comp="258" pin=1"/></net>

<net id="269"><net_src comp="52" pin="0"/><net_sink comp="263" pin=0"/></net>

<net id="270"><net_src comp="258" pin="2"/><net_sink comp="263" pin=1"/></net>

<net id="271"><net_src comp="54" pin="0"/><net_sink comp="263" pin=2"/></net>

<net id="272"><net_src comp="56" pin="0"/><net_sink comp="263" pin=3"/></net>

<net id="277"><net_src comp="263" pin="4"/><net_sink comp="273" pin=0"/></net>

<net id="278"><net_src comp="58" pin="0"/><net_sink comp="273" pin=1"/></net>

<net id="283"><net_src comp="141" pin="3"/><net_sink comp="279" pin=1"/></net>

<net id="290"><net_src comp="52" pin="0"/><net_sink comp="284" pin=0"/></net>

<net id="291"><net_src comp="279" pin="2"/><net_sink comp="284" pin=1"/></net>

<net id="292"><net_src comp="54" pin="0"/><net_sink comp="284" pin=2"/></net>

<net id="293"><net_src comp="56" pin="0"/><net_sink comp="284" pin=3"/></net>

<net id="298"><net_src comp="284" pin="4"/><net_sink comp="294" pin=0"/></net>

<net id="299"><net_src comp="58" pin="0"/><net_sink comp="294" pin=1"/></net>

<net id="303"><net_src comp="300" pin="1"/><net_sink comp="147" pin=2"/></net>

<net id="308"><net_src comp="60" pin="0"/><net_sink comp="304" pin=1"/></net>

<net id="315"><net_src comp="154" pin="3"/><net_sink comp="312" pin=0"/></net>

<net id="320"><net_src comp="312" pin="1"/><net_sink comp="316" pin=0"/></net>

<net id="321"><net_src comp="309" pin="1"/><net_sink comp="316" pin=1"/></net>

<net id="325"><net_src comp="322" pin="1"/><net_sink comp="173" pin=2"/></net>

<net id="331"><net_src comp="76" pin="0"/><net_sink comp="326" pin=0"/></net>

<net id="335"><net_src comp="326" pin="3"/><net_sink comp="332" pin=0"/></net>

<net id="336"><net_src comp="332" pin="1"/><net_sink comp="181" pin=2"/></net>

<net id="337"><net_src comp="332" pin="1"/><net_sink comp="188" pin=2"/></net>

<net id="344"><net_src comp="78" pin="0"/><net_sink comp="338" pin=0"/></net>

<net id="345"><net_src comp="38" pin="0"/><net_sink comp="338" pin=2"/></net>

<net id="346"><net_src comp="56" pin="0"/><net_sink comp="338" pin=3"/></net>

<net id="356"><net_src comp="347" pin="2"/><net_sink comp="351" pin=0"/></net>

<net id="357"><net_src comp="60" pin="0"/><net_sink comp="351" pin=1"/></net>

<net id="358"><net_src comp="338" pin="4"/><net_sink comp="351" pin=2"/></net>

<net id="363"><net_src comp="351" pin="3"/><net_sink comp="359" pin=0"/></net>

<net id="364"><net_src comp="60" pin="0"/><net_sink comp="359" pin=1"/></net>

<net id="369"><net_src comp="60" pin="0"/><net_sink comp="365" pin=1"/></net>

<net id="376"><net_src comp="154" pin="3"/><net_sink comp="373" pin=0"/></net>

<net id="381"><net_src comp="373" pin="1"/><net_sink comp="377" pin=0"/></net>

<net id="382"><net_src comp="370" pin="1"/><net_sink comp="377" pin=1"/></net>

<net id="388"><net_src comp="80" pin="0"/><net_sink comp="383" pin=0"/></net>

<net id="389"><net_src comp="195" pin="3"/><net_sink comp="383" pin=1"/></net>

<net id="390"><net_src comp="82" pin="0"/><net_sink comp="383" pin=2"/></net>

<net id="394"><net_src comp="195" pin="3"/><net_sink comp="391" pin=0"/></net>

<net id="401"><net_src comp="78" pin="0"/><net_sink comp="395" pin=0"/></net>

<net id="402"><net_src comp="38" pin="0"/><net_sink comp="395" pin=2"/></net>

<net id="403"><net_src comp="56" pin="0"/><net_sink comp="395" pin=3"/></net>

<net id="413"><net_src comp="404" pin="2"/><net_sink comp="408" pin=0"/></net>

<net id="414"><net_src comp="60" pin="0"/><net_sink comp="408" pin=1"/></net>

<net id="415"><net_src comp="395" pin="4"/><net_sink comp="408" pin=2"/></net>

<net id="420"><net_src comp="408" pin="3"/><net_sink comp="416" pin=0"/></net>

<net id="421"><net_src comp="60" pin="0"/><net_sink comp="416" pin=1"/></net>

<net id="429"><net_src comp="84" pin="0"/><net_sink comp="425" pin=1"/></net>

<net id="435"><net_src comp="86" pin="0"/><net_sink comp="430" pin=0"/></net>

<net id="436"><net_src comp="425" pin="2"/><net_sink comp="430" pin=1"/></net>

<net id="440"><net_src comp="430" pin="3"/><net_sink comp="437" pin=0"/></net>

<net id="448"><net_src comp="437" pin="1"/><net_sink comp="444" pin=0"/></net>

<net id="449"><net_src comp="441" pin="1"/><net_sink comp="444" pin=1"/></net>

<net id="456"><net_src comp="78" pin="0"/><net_sink comp="450" pin=0"/></net>

<net id="457"><net_src comp="444" pin="2"/><net_sink comp="450" pin=1"/></net>

<net id="458"><net_src comp="38" pin="0"/><net_sink comp="450" pin=2"/></net>

<net id="459"><net_src comp="56" pin="0"/><net_sink comp="450" pin=3"/></net>

<net id="463"><net_src comp="450" pin="4"/><net_sink comp="460" pin=0"/></net>

<net id="468"><net_src comp="422" pin="1"/><net_sink comp="464" pin=0"/></net>

<net id="469"><net_src comp="460" pin="1"/><net_sink comp="464" pin=1"/></net>

<net id="473"><net_src comp="464" pin="2"/><net_sink comp="470" pin=0"/></net>

<net id="479"><net_src comp="80" pin="0"/><net_sink comp="474" pin=0"/></net>

<net id="480"><net_src comp="201" pin="3"/><net_sink comp="474" pin=1"/></net>

<net id="481"><net_src comp="82" pin="0"/><net_sink comp="474" pin=2"/></net>

<net id="485"><net_src comp="201" pin="3"/><net_sink comp="482" pin=0"/></net>

<net id="490"><net_src comp="88" pin="0"/><net_sink comp="486" pin=1"/></net>

<net id="496"><net_src comp="486" pin="2"/><net_sink comp="491" pin=0"/></net>

<net id="497"><net_src comp="90" pin="0"/><net_sink comp="491" pin=1"/></net>

<net id="498"><net_src comp="491" pin="3"/><net_sink comp="195" pin=4"/></net>

<net id="506"><net_src comp="84" pin="0"/><net_sink comp="502" pin=1"/></net>

<net id="512"><net_src comp="86" pin="0"/><net_sink comp="507" pin=0"/></net>

<net id="513"><net_src comp="502" pin="2"/><net_sink comp="507" pin=1"/></net>

<net id="517"><net_src comp="507" pin="3"/><net_sink comp="514" pin=0"/></net>

<net id="525"><net_src comp="514" pin="1"/><net_sink comp="521" pin=0"/></net>

<net id="526"><net_src comp="518" pin="1"/><net_sink comp="521" pin=1"/></net>

<net id="533"><net_src comp="78" pin="0"/><net_sink comp="527" pin=0"/></net>

<net id="534"><net_src comp="521" pin="2"/><net_sink comp="527" pin=1"/></net>

<net id="535"><net_src comp="38" pin="0"/><net_sink comp="527" pin=2"/></net>

<net id="536"><net_src comp="56" pin="0"/><net_sink comp="527" pin=3"/></net>

<net id="540"><net_src comp="527" pin="4"/><net_sink comp="537" pin=0"/></net>

<net id="545"><net_src comp="499" pin="1"/><net_sink comp="541" pin=0"/></net>

<net id="546"><net_src comp="537" pin="1"/><net_sink comp="541" pin=1"/></net>

<net id="550"><net_src comp="541" pin="2"/><net_sink comp="547" pin=0"/></net>

<net id="555"><net_src comp="88" pin="0"/><net_sink comp="551" pin=1"/></net>

<net id="561"><net_src comp="551" pin="2"/><net_sink comp="556" pin=0"/></net>

<net id="562"><net_src comp="90" pin="0"/><net_sink comp="556" pin=1"/></net>

<net id="563"><net_src comp="556" pin="3"/><net_sink comp="201" pin=4"/></net>

<net id="567"><net_src comp="92" pin="1"/><net_sink comp="564" pin=0"/></net>

<net id="568"><net_src comp="564" pin="1"/><net_sink comp="214" pin=1"/></net>

<net id="569"><net_src comp="564" pin="1"/><net_sink comp="219" pin=0"/></net>

<net id="570"><net_src comp="564" pin="1"/><net_sink comp="253" pin=1"/></net>

<net id="574"><net_src comp="96" pin="2"/><net_sink comp="571" pin=0"/></net>

<net id="575"><net_src comp="571" pin="1"/><net_sink comp="326" pin=1"/></net>

<net id="579"><net_src comp="102" pin="2"/><net_sink comp="576" pin=0"/></net>

<net id="580"><net_src comp="576" pin="1"/><net_sink comp="258" pin=0"/></net>

<net id="581"><net_src comp="576" pin="1"/><net_sink comp="279" pin=0"/></net>

<net id="585"><net_src comp="222" pin="3"/><net_sink comp="582" pin=0"/></net>

<net id="589"><net_src comp="230" pin="4"/><net_sink comp="586" pin=0"/></net>

<net id="590"><net_src comp="586" pin="1"/><net_sink comp="326" pin=2"/></net>

<net id="594"><net_src comp="240" pin="1"/><net_sink comp="591" pin=0"/></net>

<net id="595"><net_src comp="591" pin="1"/><net_sink comp="160" pin=2"/></net>

<net id="599"><net_src comp="108" pin="3"/><net_sink comp="596" pin=0"/></net>

<net id="600"><net_src comp="596" pin="1"/><net_sink comp="122" pin=0"/></net>

<net id="604"><net_src comp="115" pin="3"/><net_sink comp="601" pin=0"/></net>

<net id="605"><net_src comp="601" pin="1"/><net_sink comp="128" pin=0"/></net>

<net id="609"><net_src comp="134" pin="3"/><net_sink comp="606" pin=0"/></net>

<net id="610"><net_src comp="606" pin="1"/><net_sink comp="141" pin=0"/></net>

<net id="614"><net_src comp="122" pin="3"/><net_sink comp="611" pin=0"/></net>

<net id="615"><net_src comp="611" pin="1"/><net_sink comp="304" pin=0"/></net>

<net id="616"><net_src comp="611" pin="1"/><net_sink comp="309" pin=0"/></net>

<net id="620"><net_src comp="258" pin="2"/><net_sink comp="617" pin=0"/></net>

<net id="621"><net_src comp="617" pin="1"/><net_sink comp="300" pin=0"/></net>

<net id="625"><net_src comp="273" pin="2"/><net_sink comp="622" pin=0"/></net>

<net id="626"><net_src comp="622" pin="1"/><net_sink comp="347" pin=1"/></net>

<net id="630"><net_src comp="279" pin="2"/><net_sink comp="627" pin=0"/></net>

<net id="631"><net_src comp="627" pin="1"/><net_sink comp="322" pin=0"/></net>

<net id="635"><net_src comp="294" pin="2"/><net_sink comp="632" pin=0"/></net>

<net id="636"><net_src comp="632" pin="1"/><net_sink comp="404" pin=1"/></net>

<net id="640"><net_src comp="147" pin="3"/><net_sink comp="637" pin=0"/></net>

<net id="641"><net_src comp="637" pin="1"/><net_sink comp="154" pin=0"/></net>

<net id="645"><net_src comp="160" pin="3"/><net_sink comp="642" pin=0"/></net>

<net id="646"><net_src comp="642" pin="1"/><net_sink comp="167" pin=0"/></net>

<net id="650"><net_src comp="304" pin="2"/><net_sink comp="647" pin=0"/></net>

<net id="651"><net_src comp="647" pin="1"/><net_sink comp="347" pin=0"/></net>

<net id="655"><net_src comp="316" pin="2"/><net_sink comp="652" pin=0"/></net>

<net id="656"><net_src comp="652" pin="1"/><net_sink comp="338" pin=1"/></net>

<net id="660"><net_src comp="167" pin="3"/><net_sink comp="657" pin=0"/></net>

<net id="661"><net_src comp="657" pin="1"/><net_sink comp="365" pin=0"/></net>

<net id="662"><net_src comp="657" pin="1"/><net_sink comp="370" pin=0"/></net>

<net id="666"><net_src comp="173" pin="3"/><net_sink comp="663" pin=0"/></net>

<net id="667"><net_src comp="663" pin="1"/><net_sink comp="154" pin=0"/></net>

<net id="671"><net_src comp="181" pin="3"/><net_sink comp="668" pin=0"/></net>

<net id="672"><net_src comp="668" pin="1"/><net_sink comp="195" pin=0"/></net>

<net id="673"><net_src comp="668" pin="1"/><net_sink comp="195" pin=2"/></net>

<net id="677"><net_src comp="188" pin="3"/><net_sink comp="674" pin=0"/></net>

<net id="678"><net_src comp="674" pin="1"/><net_sink comp="201" pin=0"/></net>

<net id="679"><net_src comp="674" pin="1"/><net_sink comp="201" pin=2"/></net>

<net id="683"><net_src comp="351" pin="3"/><net_sink comp="680" pin=0"/></net>

<net id="684"><net_src comp="680" pin="1"/><net_sink comp="441" pin=0"/></net>

<net id="688"><net_src comp="359" pin="2"/><net_sink comp="685" pin=0"/></net>

<net id="692"><net_src comp="365" pin="2"/><net_sink comp="689" pin=0"/></net>

<net id="693"><net_src comp="689" pin="1"/><net_sink comp="404" pin=0"/></net>

<net id="697"><net_src comp="377" pin="2"/><net_sink comp="694" pin=0"/></net>

<net id="698"><net_src comp="694" pin="1"/><net_sink comp="395" pin=1"/></net>

<net id="702"><net_src comp="195" pin="3"/><net_sink comp="699" pin=0"/></net>

<net id="703"><net_src comp="699" pin="1"/><net_sink comp="422" pin=0"/></net>

<net id="707"><net_src comp="383" pin="3"/><net_sink comp="704" pin=0"/></net>

<net id="708"><net_src comp="704" pin="1"/><net_sink comp="425" pin=0"/></net>

<net id="712"><net_src comp="391" pin="1"/><net_sink comp="709" pin=0"/></net>

<net id="713"><net_src comp="709" pin="1"/><net_sink comp="430" pin=2"/></net>

<net id="717"><net_src comp="408" pin="3"/><net_sink comp="714" pin=0"/></net>

<net id="718"><net_src comp="714" pin="1"/><net_sink comp="518" pin=0"/></net>

<net id="722"><net_src comp="416" pin="2"/><net_sink comp="719" pin=0"/></net>

<net id="726"><net_src comp="464" pin="2"/><net_sink comp="723" pin=0"/></net>

<net id="727"><net_src comp="723" pin="1"/><net_sink comp="486" pin=0"/></net>

<net id="731"><net_src comp="470" pin="1"/><net_sink comp="728" pin=0"/></net>

<net id="732"><net_src comp="728" pin="1"/><net_sink comp="491" pin=2"/></net>

<net id="736"><net_src comp="201" pin="3"/><net_sink comp="733" pin=0"/></net>

<net id="737"><net_src comp="733" pin="1"/><net_sink comp="499" pin=0"/></net>

<net id="741"><net_src comp="474" pin="3"/><net_sink comp="738" pin=0"/></net>

<net id="742"><net_src comp="738" pin="1"/><net_sink comp="502" pin=0"/></net>

<net id="746"><net_src comp="482" pin="1"/><net_sink comp="743" pin=0"/></net>

<net id="747"><net_src comp="743" pin="1"/><net_sink comp="507" pin=2"/></net>

<net id="751"><net_src comp="541" pin="2"/><net_sink comp="748" pin=0"/></net>

<net id="752"><net_src comp="748" pin="1"/><net_sink comp="551" pin=0"/></net>

<net id="756"><net_src comp="547" pin="1"/><net_sink comp="753" pin=0"/></net>

<net id="757"><net_src comp="753" pin="1"/><net_sink comp="556" pin=2"/></net>

</net_list>

</model> 
---------------- Datapath Model END ------------------

* FSMD analyzer results:
  - Output states:
	Port: p_ZL13weight_memory_0 | {8 }
	Port: p_ZL13weight_memory_1 | {9 }
 - Input state : 
	Port: process_pre_spike_aer_Pipeline_LTD_LOOP : current_time | {1 }
	Port: process_pre_spike_aer_Pipeline_LTD_LOOP : pre_id | {1 }
	Port: process_pre_spike_aer_Pipeline_LTD_LOOP : post_traces_trace_1 | {3 4 }
	Port: process_pre_spike_aer_Pipeline_LTD_LOOP : post_traces_last_spike_time_1 | {1 2 }
	Port: process_pre_spike_aer_Pipeline_LTD_LOOP : EXP_DECAY_LUT | {3 4 5 }
	Port: process_pre_spike_aer_Pipeline_LTD_LOOP : post_traces_trace_0 | {1 2 }
	Port: process_pre_spike_aer_Pipeline_LTD_LOOP : post_traces_last_spike_time_0 | {1 2 }
	Port: process_pre_spike_aer_Pipeline_LTD_LOOP : p_ZL13weight_memory_0 | {5 6 }
	Port: process_pre_spike_aer_Pipeline_LTD_LOOP : p_ZL13weight_memory_1 | {6 7 }
  - Chain level:
	State 1
		store_ln367 : 1
		j_1 : 1
		tmp : 2
		br_ln367 : 3
		lshr_ln9 : 2
		zext_ln367 : 3
		post_traces_trace_0_addr : 4
		post_traces_last_spike_time_0_addr : 4
		post_t_trace_1 : 5
		post_t_last_spike_time_1 : 5
		post_traces_last_spike_time_1_addr : 4
		post_t_last_spike_time : 5
		add_ln367 : 2
		store_ln367 : 3
	State 2
		dt : 1
		tmp_54 : 2
		icmp_ln321 : 3
		dt_1 : 1
		tmp_55 : 2
		icmp_ln321_1 : 3
	State 3
		EXP_DECAY_LUT_addr : 1
		EXP_DECAY_LUT_load : 2
		post_t_trace : 1
	State 4
		zext_ln325_2 : 1
		mul_ln325 : 2
		EXP_DECAY_LUT_addr_1 : 1
		EXP_DECAY_LUT_load_1 : 2
	State 5
		zext_ln379 : 1
		p_ZL13weight_memory_0_addr : 2
		p_ZL13weight_memory_1_addr : 2
		icmp_ln376 : 1
		br_ln376 : 2
		current_w : 3
		zext_ln325_5 : 1
		mul_ln325_1 : 2
	State 6
		bit_sel : 1
		trunc_ln383 : 1
		icmp_ln376_1 : 1
		br_ln376 : 2
	State 7
		zext_ln384 : 1
		mul_ln384 : 2
		tmp_34 : 3
		zext_ln387 : 4
		w : 5
		trunc_ln337 : 6
		bit_sel1 : 1
		trunc_ln383_1 : 1
	State 8
		select_ln335 : 1
		store_ln387 : 2
		zext_ln384_2 : 1
		mul_ln384_1 : 2
		tmp_35 : 3
		zext_ln387_1 : 4
		w_1 : 5
		trunc_ln337_1 : 6
	State 9
		select_ln335_1 : 1
		store_ln387 : 2


============================================================
+ Verbose Summary: Datapath Resource usage 
============================================================

* Functional unit list:
|----------|-------------------------------|---------|---------|---------|
| Operation|        Functional Unit        |   DSP   |    FF   |   LUT   |
|----------|-------------------------------|---------|---------|---------|
|          |        mul_ln325_fu_316       |    0    |    0    |    41   |
|    mul   |       mul_ln325_1_fu_377      |    0    |    0    |    41   |
|          |        mul_ln384_fu_444       |    0    |    0    |    41   |
|          |       mul_ln384_1_fu_521      |    0    |    0    |    41   |
|----------|-------------------------------|---------|---------|---------|
|          |       icmp_ln321_fu_273       |    0    |    0    |    12   |
|          |      icmp_ln321_1_fu_294      |    0    |    0    |    12   |
|          |       icmp_ln315_fu_304       |    0    |    0    |    15   |
|   icmp   |       icmp_ln376_fu_359       |    0    |    0    |    15   |
|          |      icmp_ln315_1_fu_365      |    0    |    0    |    15   |
|          |      icmp_ln376_1_fu_416      |    0    |    0    |    15   |
|          |       icmp_ln336_fu_486       |    0    |    0    |    13   |
|          |      icmp_ln336_1_fu_551      |    0    |    0    |    13   |
|----------|-------------------------------|---------|---------|---------|
|          |           dt_fu_258           |    0    |    0    |    23   |
|    sub   |          dt_1_fu_279          |    0    |    0    |    23   |
|          |            w_fu_464           |    0    |    0    |    15   |
|          |           w_1_fu_541          |    0    |    0    |    15   |
|----------|-------------------------------|---------|---------|---------|
|          |    post_trace_val_1_fu_351    |    0    |    0    |    8    |
|  select  |    post_trace_val_3_fu_408    |    0    |    0    |    8    |
|          |      select_ln335_fu_491      |    0    |    0    |    8    |
|          |     select_ln335_1_fu_556     |    0    |    0    |    8    |
|----------|-------------------------------|---------|---------|---------|
|    add   |        add_ln367_fu_247       |    0    |    0    |    14   |
|----------|-------------------------------|---------|---------|---------|
|    or    |        or_ln321_fu_347        |    0    |    0    |    2    |
|          |       or_ln321_1_fu_404       |    0    |    0    |    2    |
|----------|-------------------------------|---------|---------|---------|
|    xor   |        xor_ln383_fu_425       |    0    |    0    |    2    |
|          |       xor_ln383_1_fu_502      |    0    |    0    |    2    |
|----------|-------------------------------|---------|---------|---------|
|   read   |     pre_id_read_read_fu_96    |    0    |    0    |    0    |
|          | current_time_read_read_fu_102 |    0    |    0    |    0    |
|----------|-------------------------------|---------|---------|---------|
|          |           tmp_fu_222          |    0    |    0    |    0    |
| bitselect|         bit_sel_fu_383        |    0    |    0    |    0    |
|          |        bit_sel1_fu_474        |    0    |    0    |    0    |
|----------|-------------------------------|---------|---------|---------|
|          |        lshr_ln9_fu_230        |    0    |    0    |    0    |
|          |         tmp_54_fu_263         |    0    |    0    |    0    |
|          |         tmp_55_fu_284         |    0    |    0    |    0    |
|partselect|     post_trace_val_fu_338     |    0    |    0    |    0    |
|          |    post_trace_val_2_fu_395    |    0    |    0    |    0    |
|          |         tmp_34_fu_450         |    0    |    0    |    0    |
|          |         tmp_35_fu_527         |    0    |    0    |    0    |
|----------|-------------------------------|---------|---------|---------|
|          |       zext_ln367_fu_240       |    0    |    0    |    0    |
|          |      zext_ln325_1_fu_300      |    0    |    0    |    0    |
|          |       zext_ln325_fu_309       |    0    |    0    |    0    |
|          |      zext_ln325_2_fu_312      |    0    |    0    |    0    |
|          |      zext_ln325_4_fu_322      |    0    |    0    |    0    |
|          |       zext_ln379_fu_332       |    0    |    0    |    0    |
|   zext   |      zext_ln325_3_fu_370      |    0    |    0    |    0    |
|          |      zext_ln325_5_fu_373      |    0    |    0    |    0    |
|          |       zext_ln384_fu_437       |    0    |    0    |    0    |
|          |      zext_ln384_1_fu_441      |    0    |    0    |    0    |
|          |       zext_ln387_fu_460       |    0    |    0    |    0    |
|          |      zext_ln384_2_fu_514      |    0    |    0    |    0    |
|          |      zext_ln384_3_fu_518      |    0    |    0    |    0    |
|          |      zext_ln387_1_fu_537      |    0    |    0    |    0    |
|----------|-------------------------------|---------|---------|---------|
|          |          tmp_s_fu_326         |    0    |    0    |    0    |
|bitconcatenate|        distance_fu_430        |    0    |    0    |    0    |
|          |       distance_1_fu_507       |    0    |    0    |    0    |
|----------|-------------------------------|---------|---------|---------|
|          |       trunc_ln383_fu_391      |    0    |    0    |    0    |
|   trunc  |       trunc_ln337_fu_470      |    0    |    0    |    0    |
|          |      trunc_ln383_1_fu_482     |    0    |    0    |    0    |
|          |      trunc_ln337_1_fu_547     |    0    |    0    |    0    |
|----------|-------------------------------|---------|---------|---------|
|   sext   |       sext_ln383_fu_422       |    0    |    0    |    0    |
|          |      sext_ln383_1_fu_499      |    0    |    0    |    0    |
|----------|-------------------------------|---------|---------|---------|
|   Total  |                               |    0    |    0    |   404   |
|----------|-------------------------------|---------|---------|---------|

Memories:
N/A

* Register list:
+------------------------------------------+--------+
|                                          |   FF   |
+------------------------------------------+--------+
|       EXP_DECAY_LUT_addr_1_reg_663       |    4   |
|        EXP_DECAY_LUT_addr_reg_637        |    4   |
|             bit_sel1_reg_738             |    1   |
|              bit_sel_reg_704             |    1   |
|         current_time_read_reg_576        |   16   |
|            current_w_1_reg_733           |    8   |
|             current_w_reg_699            |    8   |
|               dt_1_reg_627               |   16   |
|                dt_reg_617                |   16   |
|           icmp_ln315_1_reg_689           |    1   |
|            icmp_ln315_reg_647            |    1   |
|           icmp_ln321_1_reg_632           |    1   |
|            icmp_ln321_reg_622            |    1   |
|           icmp_ln376_1_reg_719           |    1   |
|            icmp_ln376_reg_685            |    1   |
|                 j_reg_564                |    9   |
|             lshr_ln9_reg_586             |    7   |
|            mul_ln325_1_reg_694           |   16   |
|             mul_ln325_reg_652            |   16   |
|    p_ZL13weight_memory_0_addr_reg_668    |   15   |
|    p_ZL13weight_memory_1_addr_reg_674    |   15   |
|          post_t_trace_1_reg_611          |    8   |
|           post_t_trace_reg_657           |    8   |
|         post_trace_val_1_reg_680         |    8   |
|         post_trace_val_3_reg_714         |    8   |
|post_traces_last_spike_time_0_addr_reg_601|    7   |
|post_traces_last_spike_time_1_addr_reg_606|    7   |
|     post_traces_trace_0_addr_reg_596     |    7   |
|     post_traces_trace_1_addr_reg_642     |    7   |
|            pre_id_read_reg_571           |    8   |
|                tmp_reg_582               |    1   |
|           trunc_ln337_1_reg_753          |    8   |
|            trunc_ln337_reg_728           |    8   |
|           trunc_ln383_1_reg_743          |    7   |
|            trunc_ln383_reg_709           |    7   |
|                w_1_reg_748               |   10   |
|                 w_reg_723                |   10   |
|            zext_ln367_reg_591            |   64   |
+------------------------------------------+--------+
|                   Total                  |   341  |
+------------------------------------------+--------+

* Multiplexer (MUX) list: 
|-------------------|------|------|------|--------||---------||---------||---------|
|        Comp       |  Pin | Size |  BW  | S x BW ||  Delay  ||    FF   ||   LUT   |
|-------------------|------|------|------|--------||---------||---------||---------|
| grp_access_fu_122 |  p0  |   2  |   7  |   14   ||    0    ||    9    |
| grp_access_fu_128 |  p0  |   2  |   7  |   14   ||    0    ||    9    |
| grp_access_fu_141 |  p0  |   2  |   7  |   14   ||    0    ||    9    |
| grp_access_fu_154 |  p0  |   4  |   4  |   16   ||    0    ||    20   |
| grp_access_fu_167 |  p0  |   2  |   7  |   14   ||    0    ||    9    |
| grp_access_fu_195 |  p0  |   2  |  15  |   30   ||    0    ||    9    |
|-------------------|------|------|------|--------||---------||---------||---------|
|       Total       |      |      |      |   102  ||  9.7666 ||    0    ||    65   |
|-------------------|------|------|------|--------||---------||---------||---------|



* Summary:
+-----------+--------+--------+--------+--------+
|           |   DSP  |  Delay |   FF   |   LUT  |
+-----------+--------+--------+--------+--------+
|  Function |    0   |    -   |    0   |   404  |
|   Memory  |    -   |    -   |    -   |    -   |
|Multiplexer|    -   |    9   |    0   |   65   |
|  Register |    -   |    -   |   341  |    -   |
+-----------+--------+--------+--------+--------+
|   Total   |    0   |    9   |   341  |   469  |
+-----------+--------+--------+--------+--------+
