

================================================================
== Vitis HLS Report for 'process_post_spike_aer_Pipeline_LTP_LOOP'
================================================================
* Date:           Tue Feb 10 18:59:26 2026

* Version:        2025.2 (Build 6295257 on Nov 14 2025)
* Project:        hls_csim_output
* Solution:       hls (Vivado IP Flow Target)
* Product family: zynq
* Target device:  xc7z020-clg400-1


================================================================
== Performance Estimates
================================================================
+ Timing: 
    * Summary: 
    +--------+----------+----------+------------+
    |  Clock |  Target  | Estimated| Uncertainty|
    +--------+----------+----------+------------+
    |ap_clk  |  10.00 ns|  6.878 ns|     2.70 ns|
    +--------+----------+----------+------------+

+ Latency: 
    * Summary: 
    +---------+---------+----------+----------+-----+-----+-------------------+
    |  Latency (cycles) |  Latency (absolute) |  Interval |      Pipeline     |
    |   min   |   max   |    min   |    max   | min | max |        Type       |
    +---------+---------+----------+----------+-----+-----+-------------------+
    |      264|      264|  2.640 us|  2.640 us|    0|    0|  loop pipeline stp|
    +---------+---------+----------+----------+-----+-----+-------------------+

    + Detail: 
        * Instance: 
        N/A

        * Loop: 
        +------------+---------+---------+----------+-----------+-----------+------+----------+
        |            |  Latency (cycles) | Iteration|  Initiation Interval  | Trip |          |
        |  Loop Name |   min   |   max   |  Latency |  achieved |   target  | Count| Pipelined|
        +------------+---------+---------+----------+-----------+-----------+------+----------+
        |- LTP_LOOP  |      262|      262|         9|          2|          2|   128|       yes|
        +------------+---------+---------+----------+-----------+-----------+------+----------+



================================================================
== Utilization Estimates
================================================================
* Summary: 
+-----------------+---------+-----+--------+-------+-----+
|       Name      | BRAM_18K| DSP |   FF   |  LUT  | URAM|
+-----------------+---------+-----+--------+-------+-----+
|DSP              |        -|    -|       -|      -|    -|
|Expression       |        -|    -|       0|    306|    -|
|FIFO             |        -|    -|       -|      -|    -|
|Instance         |        -|    0|       0|    164|    -|
|Memory           |        0|    -|       8|      2|    -|
|Multiplexer      |        -|    -|       0|    193|    -|
|Register         |        -|    -|     455|     64|    -|
+-----------------+---------+-----+--------+-------+-----+
|Total            |        0|    0|     463|    729|    0|
+-----------------+---------+-----+--------+-------+-----+
|Available        |      280|  220|  106400|  53200|    0|
+-----------------+---------+-----+--------+-------+-----+
|Utilization (%)  |        0|    0|      ~0|      1|    0|
+-----------------+---------+-----+--------+-------+-----+

+ Detail: 
    * Instance: 
    +-------------------------+--------------------+---------+----+---+----+-----+
    |         Instance        |       Module       | BRAM_18K| DSP| FF| LUT| URAM|
    +-------------------------+--------------------+---------+----+---+----+-----+
    |mul_8ns_8ns_16_1_1_U116  |mul_8ns_8ns_16_1_1  |        0|   0|  0|  41|    0|
    |mul_8ns_8ns_16_1_1_U117  |mul_8ns_8ns_16_1_1  |        0|   0|  0|  41|    0|
    |mul_8ns_8ns_16_1_1_U118  |mul_8ns_8ns_16_1_1  |        0|   0|  0|  41|    0|
    |mul_8ns_8ns_16_1_1_U119  |mul_8ns_8ns_16_1_1  |        0|   0|  0|  41|    0|
    +-------------------------+--------------------+---------+----+---+----+-----+
    |Total                    |                    |        0|   0|  0| 164|    0|
    +-------------------------+--------------------+---------+----+---+----+-----+

    * DSP: 
    N/A

    * Memory: 
    +-----------------+-------------------------------------------------------------------+---------+---+----+-----+------+-----+------+-------------+
    |      Memory     |                               Module                              | BRAM_18K| FF| LUT| URAM| Words| Bits| Banks| W*Bits*Banks|
    +-----------------+-------------------------------------------------------------------+---------+---+----+-----+------+-----+------+-------------+
    |EXP_DECAY_LUT_U  |process_pre_spike_aer_Pipeline_LTD_LOOP_EXP_DECAY_LUT_ROM_AUTO_1R  |        0|  8|   2|    0|    16|    8|     1|          128|
    +-----------------+-------------------------------------------------------------------+---------+---+----+-----+------+-----+------+-------------+
    |Total            |                                                                   |        0|  8|   2|    0|    16|    8|     1|          128|
    +-----------------+-------------------------------------------------------------------+---------+---+----+-----+------+-----+------+-------------+

    * FIFO: 
    N/A

    * Expression: 
    +---------------------------+----------+----+---+----+------------+------------+
    |       Variable Name       | Operation| DSP| FF| LUT| Bitwidth P0| Bitwidth P1|
    +---------------------------+----------+----+---+----+------------+------------+
    |add_ln418_fu_278_p2        |         +|   0|  0|  14|           9|           2|
    |add_ln438_2_fu_574_p2      |         +|   0|  0|  15|           8|           8|
    |add_ln438_fu_497_p2        |         +|   0|  0|  15|           8|           8|
    |w_2_fu_579_p2              |         +|   0|  0|  13|          10|          10|
    |w_fu_502_p2                |         +|   0|  0|  13|          10|          10|
    |distance_2_fu_525_p2       |         -|   0|  0|  15|           7|           8|
    |distance_fu_421_p2         |         -|   0|  0|  15|           7|           8|
    |dt_2_fu_310_p2             |         -|   0|  0|  23|          16|          16|
    |dt_fu_289_p2               |         -|   0|  0|  23|          16|          16|
    |icmp_ln315_2_fu_396_p2     |      icmp|   0|  0|  15|           8|           1|
    |icmp_ln315_fu_335_p2       |      icmp|   0|  0|  15|           8|           1|
    |icmp_ln321_2_fu_325_p2     |      icmp|   0|  0|  12|          12|           1|
    |icmp_ln321_fu_304_p2       |      icmp|   0|  0|  12|          12|           1|
    |icmp_ln335_1_fu_595_p2     |      icmp|   0|  0|  11|           3|           1|
    |icmp_ln335_fu_531_p2       |      icmp|   0|  0|  11|           3|           1|
    |icmp_ln427_1_fu_462_p2     |      icmp|   0|  0|  15|           8|           1|
    |icmp_ln427_fu_390_p2       |      icmp|   0|  0|  15|           8|           1|
    |or_ln321_2_fu_450_p2       |        or|   0|  0|   2|           1|           1|
    |or_ln321_fu_378_p2         |        or|   0|  0|   2|           1|           1|
    |current_w_2_fu_518_p3      |    select|   0|  0|   8|           1|           8|
    |current_w_fu_414_p3        |    select|   0|  0|   8|           1|           8|
    |pre_trace_val_1_fu_382_p3  |    select|   0|  0|   8|           1|           1|
    |pre_trace_val_3_fu_454_p3  |    select|   0|  0|   8|           1|           1|
    |select_ln335_2_fu_600_p3   |    select|   0|  0|   8|           1|           7|
    |select_ln335_fu_536_p3     |    select|   0|  0|   8|           1|           7|
    |ap_enable_pp0              |       xor|   0|  0|   2|           1|           2|
    +---------------------------+----------+----+---+----+------------+------------+
    |Total                      |          |   0|  0| 306|         162|         130|
    +---------------------------+----------+----+---+----+------------+------------+

    * Multiplexer: 
    +--------------------------------------+----+-----------+-----+-----------+
    |                 Name                 | LUT| Input Size| Bits| Total Bits|
    +--------------------------------------+----+-----------+-----+-----------+
    |EXP_DECAY_LUT_address0_local          |  14|          3|    4|         12|
    |ap_NS_fsm                             |  14|          3|    1|          3|
    |ap_done_int                           |   9|          2|    1|          2|
    |ap_enable_reg_pp0_iter0               |   9|          2|    1|          2|
    |ap_enable_reg_pp0_iter1               |   9|          2|    1|          2|
    |ap_enable_reg_pp0_iter4               |   9|          2|    1|          2|
    |ap_loop_exit_ready_pp0_iter1_reg      |   9|          2|    1|          2|
    |ap_loop_exit_ready_pp0_iter2_reg      |   9|          2|    1|          2|
    |ap_loop_exit_ready_pp0_iter3_reg      |   9|          2|    1|          2|
    |ap_sig_allocacmp_i_5                  |   9|          2|    9|         18|
    |i_fu_96                               |   9|          2|    9|         18|
    |p_ZL13weight_memory_0_address0_local  |  14|          3|   15|         45|
    |p_ZL13weight_memory_0_address1_local  |  14|          3|   15|         45|
    |p_ZL13weight_memory_0_d1_local        |  14|          3|    8|         24|
    |p_ZL13weight_memory_1_address0_local  |  14|          3|   15|         45|
    |p_ZL13weight_memory_1_address1_local  |  14|          3|   15|         45|
    |p_ZL13weight_memory_1_d1_local        |  14|          3|    8|         24|
    +--------------------------------------+----+-----------+-----+-----------+
    |Total                                 | 193|         42|  106|        293|
    +--------------------------------------+----+-----------+-----+-----------+

    * Register: 
    +----------------------------------------------------+----+----+-----+-----------+
    |                        Name                        | FF | LUT| Bits| Const Bits|
    +----------------------------------------------------+----+----+-----+-----------+
    |add_ln438_2_reg_809                                 |   8|   0|    8|          0|
    |add_ln438_reg_788                                   |   8|   0|    8|          0|
    |ap_CS_fsm                                           |   2|   0|    2|          0|
    |ap_done_reg                                         |   1|   0|    1|          0|
    |ap_enable_reg_pp0_iter0_reg                         |   1|   0|    1|          0|
    |ap_enable_reg_pp0_iter1                             |   1|   0|    1|          0|
    |ap_enable_reg_pp0_iter2                             |   1|   0|    1|          0|
    |ap_enable_reg_pp0_iter3                             |   1|   0|    1|          0|
    |ap_enable_reg_pp0_iter4                             |   1|   0|    1|          0|
    |ap_loop_exit_ready_pp0_iter1_reg                    |   1|   0|    1|          0|
    |ap_loop_exit_ready_pp0_iter2_reg                    |   1|   0|    1|          0|
    |ap_loop_exit_ready_pp0_iter3_reg                    |   1|   0|    1|          0|
    |current_w_2_reg_798                                 |   8|   0|    8|          0|
    |current_w_reg_756                                   |   8|   0|    8|          0|
    |distance_2_reg_804                                  |   8|   0|    8|          0|
    |distance_reg_762                                    |   8|   0|    8|          0|
    |dt_2_reg_684                                        |  16|   0|   16|          0|
    |dt_reg_674                                          |  16|   0|   16|          0|
    |i_fu_96                                             |   9|   0|    9|          0|
    |icmp_ln315_2_reg_746                                |   1|   0|    1|          0|
    |icmp_ln315_reg_704                                  |   1|   0|    1|          0|
    |icmp_ln321_2_reg_689                                |   1|   0|    1|          0|
    |icmp_ln321_2_reg_689_pp0_iter1_reg                  |   1|   0|    1|          0|
    |icmp_ln321_reg_679                                  |   1|   0|    1|          0|
    |icmp_ln321_reg_679_pp0_iter1_reg                    |   1|   0|    1|          0|
    |icmp_ln427_1_reg_784                                |   1|   0|    1|          0|
    |icmp_ln427_1_reg_784_pp0_iter3_reg                  |   1|   0|    1|          0|
    |icmp_ln427_reg_742                                  |   1|   0|    1|          0|
    |icmp_ln427_reg_742_pp0_iter3_reg                    |   1|   0|    1|          0|
    |lshr_ln1_reg_643                                    |   7|   0|    7|          0|
    |mul_ln325_2_reg_751                                 |  16|   0|   16|          0|
    |mul_ln325_reg_709                                   |  16|   0|   16|          0|
    |p_ZL13weight_memory_0_addr_4_reg_767                |  14|   0|   15|          1|
    |p_ZL13weight_memory_0_addr_4_reg_767_pp0_iter3_reg  |  14|   0|   15|          1|
    |p_ZL13weight_memory_0_addr_reg_725                  |  15|   0|   15|          0|
    |p_ZL13weight_memory_0_addr_reg_725_pp0_iter3_reg    |  15|   0|   15|          0|
    |p_ZL13weight_memory_1_addr_4_reg_773                |  14|   0|   15|          1|
    |p_ZL13weight_memory_1_addr_4_reg_773_pp0_iter3_reg  |  14|   0|   15|          1|
    |p_ZL13weight_memory_1_addr_reg_731                  |  15|   0|   15|          0|
    |p_ZL13weight_memory_1_addr_reg_731_pp0_iter3_reg    |  15|   0|   15|          0|
    |pre_t_trace_1_reg_668                               |   8|   0|    8|          0|
    |pre_t_trace_reg_714                                 |   8|   0|    8|          0|
    |pre_trace_val_1_reg_737                             |   8|   0|    8|          0|
    |pre_trace_val_3_reg_779                             |   8|   0|    8|          0|
    |tmp_58_reg_634                                      |   1|   0|    1|          0|
    |tmp_60_reg_793                                      |   3|   0|    3|          0|
    |tmp_62_reg_814                                      |   3|   0|    3|          0|
    |trunc_ln418_reg_638                                 |   8|   0|    8|          0|
    |trunc_ln418_reg_638_pp0_iter1_reg                   |   8|   0|    8|          0|
    |zext_ln418_reg_648                                  |   7|   0|   64|         57|
    |lshr_ln1_reg_643                                    |  64|  32|    7|          0|
    |tmp_58_reg_634                                      |  64|  32|    1|          0|
    +----------------------------------------------------+----+----+-----+-----------+
    |Total                                               | 455|  64|  396|         61|
    +----------------------------------------------------+----+----+-----+-----------+



================================================================
== Interface
================================================================
* Summary: 
+---------------------------------------+-----+-----+------------+------------------------------------------+--------------+
|               RTL Ports               | Dir | Bits|  Protocol  |               Source Object              |    C Type    |
+---------------------------------------+-----+-----+------------+------------------------------------------+--------------+
|ap_clk                                 |   in|    1|  ap_ctrl_hs|  process_post_spike_aer_Pipeline_LTP_LOOP|  return value|
|ap_rst                                 |   in|    1|  ap_ctrl_hs|  process_post_spike_aer_Pipeline_LTP_LOOP|  return value|
|ap_start                               |   in|    1|  ap_ctrl_hs|  process_post_spike_aer_Pipeline_LTP_LOOP|  return value|
|ap_done                                |  out|    1|  ap_ctrl_hs|  process_post_spike_aer_Pipeline_LTP_LOOP|  return value|
|ap_idle                                |  out|    1|  ap_ctrl_hs|  process_post_spike_aer_Pipeline_LTP_LOOP|  return value|
|ap_ready                               |  out|    1|  ap_ctrl_hs|  process_post_spike_aer_Pipeline_LTP_LOOP|  return value|
|lshr_ln                                |   in|    7|     ap_none|                                   lshr_ln|        scalar|
|current_time                           |   in|   16|     ap_none|                              current_time|        scalar|
|empty                                  |   in|    1|     ap_none|                                     empty|        scalar|
|pre_traces_trace_1_address0            |  out|    7|   ap_memory|                        pre_traces_trace_1|         array|
|pre_traces_trace_1_ce0                 |  out|    1|   ap_memory|                        pre_traces_trace_1|         array|
|pre_traces_trace_1_q0                  |   in|    8|   ap_memory|                        pre_traces_trace_1|         array|
|pre_traces_last_spike_time_1_address0  |  out|    7|   ap_memory|              pre_traces_last_spike_time_1|         array|
|pre_traces_last_spike_time_1_ce0       |  out|    1|   ap_memory|              pre_traces_last_spike_time_1|         array|
|pre_traces_last_spike_time_1_q0        |   in|   16|   ap_memory|              pre_traces_last_spike_time_1|         array|
|pre_traces_trace_0_address0            |  out|    7|   ap_memory|                        pre_traces_trace_0|         array|
|pre_traces_trace_0_ce0                 |  out|    1|   ap_memory|                        pre_traces_trace_0|         array|
|pre_traces_trace_0_q0                  |   in|    8|   ap_memory|                        pre_traces_trace_0|         array|
|pre_traces_last_spike_time_0_address0  |  out|    7|   ap_memory|              pre_traces_last_spike_time_0|         array|
|pre_traces_last_spike_time_0_ce0       |  out|    1|   ap_memory|              pre_traces_last_spike_time_0|         array|
|pre_traces_last_spike_time_0_q0        |   in|   16|   ap_memory|              pre_traces_last_spike_time_0|         array|
|p_ZL13weight_memory_0_address0         |  out|   15|   ap_memory|                     p_ZL13weight_memory_0|         array|
|p_ZL13weight_memory_0_ce0              |  out|    1|   ap_memory|                     p_ZL13weight_memory_0|         array|
|p_ZL13weight_memory_0_q0               |   in|    8|   ap_memory|                     p_ZL13weight_memory_0|         array|
|p_ZL13weight_memory_0_address1         |  out|   15|   ap_memory|                     p_ZL13weight_memory_0|         array|
|p_ZL13weight_memory_0_ce1              |  out|    1|   ap_memory|                     p_ZL13weight_memory_0|         array|
|p_ZL13weight_memory_0_we1              |  out|    1|   ap_memory|                     p_ZL13weight_memory_0|         array|
|p_ZL13weight_memory_0_d1               |  out|    8|   ap_memory|                     p_ZL13weight_memory_0|         array|
|p_ZL13weight_memory_1_address0         |  out|   15|   ap_memory|                     p_ZL13weight_memory_1|         array|
|p_ZL13weight_memory_1_ce0              |  out|    1|   ap_memory|                     p_ZL13weight_memory_1|         array|
|p_ZL13weight_memory_1_q0               |   in|    8|   ap_memory|                     p_ZL13weight_memory_1|         array|
|p_ZL13weight_memory_1_address1         |  out|   15|   ap_memory|                     p_ZL13weight_memory_1|         array|
|p_ZL13weight_memory_1_ce1              |  out|    1|   ap_memory|                     p_ZL13weight_memory_1|         array|
|p_ZL13weight_memory_1_we1              |  out|    1|   ap_memory|                     p_ZL13weight_memory_1|         array|
|p_ZL13weight_memory_1_d1               |  out|    8|   ap_memory|                     p_ZL13weight_memory_1|         array|
+---------------------------------------+-----+-----+------------+------------------------------------------+--------------+

============================================================
+ Verbose Summary: Synthesis Manager
============================================================
InlineROM: 1
ExposeGlobal: 0
============================================================
+ Verbose Summary: CDFG Model
============================================================
IsTopModel: 0
ResetActiveHigh: 1
IsCombinational: 2
IsDatapathOnly: 2
HasWiredReturn: 1
HasMFsm: 2
HasVarLatency: 1
IsPipeline: 0
IsRtlPipelined: 0
IsInstanceOverlapped: 0
IsDontTouch: 0
HasImplIP: 0
IsGatedGlobalClock: 0

+ Individual pipeline summary: 
  * Pipeline-0: initiation interval (II) = 2, depth = 9


============================================================
+ Verbose Summary: Schedule
============================================================
* Number of FSM states : 9
* Pipeline : 1
  Pipeline-0 : II = 2, D = 9, States = { 1 2 3 4 5 6 7 8 9 }
* Dataflow Pipeline: 0

* FSM state transitions: 
1 --> 2 
2 --> 3 
3 --> 4 
4 --> 5 
5 --> 6 
6 --> 7 
7 --> 8 
8 --> 9 
9 --> 

* FSM state operations: 

State 1 <SV = 0> <Delay = 4.99>
ST_1 : Operation 12 [1/1] (0.00ns)   --->   "%i = alloca i32 1" [src/snn_top_hls.cpp:418]   --->   Operation 12 'alloca' 'i' <Predicate = true> <Delay = 0.00>
ST_1 : Operation 13 [1/1] (0.00ns)   --->   "%specmemcore_ln0 = specmemcore void @_ssdm_op_SpecMemCore, i16 %pre_traces_last_spike_time_0, i64 666, i64 22, i64 18446744073709551615, i1 0"   --->   Operation 13 'specmemcore' 'specmemcore_ln0' <Predicate = true> <Delay = 0.00>
ST_1 : Operation 14 [1/1] (0.00ns)   --->   "%specmemcore_ln0 = specmemcore void @_ssdm_op_SpecMemCore, i16 %pre_traces_last_spike_time_1, i64 666, i64 22, i64 18446744073709551615, i1 0"   --->   Operation 14 'specmemcore' 'specmemcore_ln0' <Predicate = true> <Delay = 0.00>
ST_1 : Operation 15 [1/1] (0.00ns)   --->   "%specmemcore_ln0 = specmemcore void @_ssdm_op_SpecMemCore, i8 %pre_traces_trace_0, i64 666, i64 22, i64 18446744073709551615, i1 0"   --->   Operation 15 'specmemcore' 'specmemcore_ln0' <Predicate = true> <Delay = 0.00>
ST_1 : Operation 16 [1/1] (0.00ns)   --->   "%specmemcore_ln0 = specmemcore void @_ssdm_op_SpecMemCore, i8 %pre_traces_trace_1, i64 666, i64 22, i64 18446744073709551615, i1 0"   --->   Operation 16 'specmemcore' 'specmemcore_ln0' <Predicate = true> <Delay = 0.00>
ST_1 : Operation 17 [1/1] (0.00ns)   --->   "%specmemcore_ln0 = specmemcore void @_ssdm_op_SpecMemCore, i8 %p_ZL13weight_memory_0, i64 666, i64 22, i64 18446744073709551615, i1 0"   --->   Operation 17 'specmemcore' 'specmemcore_ln0' <Predicate = true> <Delay = 0.00>
ST_1 : Operation 18 [1/1] (0.00ns)   --->   "%specmemcore_ln0 = specmemcore void @_ssdm_op_SpecMemCore, i8 %p_ZL13weight_memory_1, i64 666, i64 22, i64 18446744073709551615, i1 0"   --->   Operation 18 'specmemcore' 'specmemcore_ln0' <Predicate = true> <Delay = 0.00>
ST_1 : Operation 19 [1/1] (0.00ns)   --->   "%tmp_57 = read i1 @_ssdm_op_Read.ap_auto.i1, i1 %empty"   --->   Operation 19 'read' 'tmp_57' <Predicate = true> <Delay = 0.00>
ST_1 : Operation 20 [1/1] (0.00ns)   --->   "%current_time_read = read i16 @_ssdm_op_Read.ap_auto.i16, i16 %current_time"   --->   Operation 20 'read' 'current_time_read' <Predicate = true> <Delay = 0.00>
ST_1 : Operation 21 [1/1] (0.00ns)   --->   "%lshr_ln_read = read i7 @_ssdm_op_Read.ap_auto.i7, i7 %lshr_ln"   --->   Operation 21 'read' 'lshr_ln_read' <Predicate = true> <Delay = 0.00>
ST_1 : Operation 22 [1/1] (1.58ns)   --->   "%store_ln418 = store i9 0, i9 %i" [src/snn_top_hls.cpp:418]   --->   Operation 22 'store' 'store_ln418' <Predicate = true> <Delay = 1.58>
ST_1 : Operation 23 [1/1] (0.00ns)   --->   "%br_ln0 = br void %for.body"   --->   Operation 23 'br' 'br_ln0' <Predicate = true> <Delay = 0.00>
ST_1 : Operation 24 [1/1] (0.00ns)   --->   "%i_5 = load i9 %i" [src/snn_top_hls.cpp:418]   --->   Operation 24 'load' 'i_5' <Predicate = true> <Delay = 0.00>
ST_1 : Operation 25 [1/1] (0.00ns)   --->   "%tmp_58 = bitselect i1 @_ssdm_op_BitSelect.i1.i9.i32, i9 %i_5, i32 8" [src/snn_top_hls.cpp:418]   --->   Operation 25 'bitselect' 'tmp_58' <Predicate = true> <Delay = 0.00>
ST_1 : Operation 26 [1/1] (0.00ns)   --->   "%speclooptripcount_ln0 = speclooptripcount void @_ssdm_op_SpecLoopTripCount, i64 128, i64 128, i64 128"   --->   Operation 26 'speclooptripcount' 'speclooptripcount_ln0' <Predicate = true> <Delay = 0.00>
ST_1 : Operation 27 [1/1] (0.00ns)   --->   "%br_ln418 = br i1 %tmp_58, void %for.body.split_ifconv, void %for.end.exitStub" [src/snn_top_hls.cpp:418]   --->   Operation 27 'br' 'br_ln418' <Predicate = true> <Delay = 0.00>
ST_1 : Operation 28 [1/1] (0.00ns)   --->   "%trunc_ln418 = trunc i9 %i_5" [src/snn_top_hls.cpp:418]   --->   Operation 28 'trunc' 'trunc_ln418' <Predicate = (!tmp_58)> <Delay = 0.00>
ST_1 : Operation 29 [1/1] (0.00ns)   --->   "%lshr_ln1 = partselect i7 @_ssdm_op_PartSelect.i7.i9.i32.i32, i9 %i_5, i32 1, i32 7" [src/snn_top_hls.cpp:418]   --->   Operation 29 'partselect' 'lshr_ln1' <Predicate = (!tmp_58)> <Delay = 0.00>
ST_1 : Operation 30 [1/1] (0.00ns)   --->   "%zext_ln418 = zext i7 %lshr_ln1" [src/snn_top_hls.cpp:418]   --->   Operation 30 'zext' 'zext_ln418' <Predicate = (!tmp_58)> <Delay = 0.00>
ST_1 : Operation 31 [1/1] (0.00ns)   --->   "%pre_traces_trace_0_addr = getelementptr i8 %pre_traces_trace_0, i64 0, i64 %zext_ln418" [src/snn_top_hls.cpp:423]   --->   Operation 31 'getelementptr' 'pre_traces_trace_0_addr' <Predicate = (!tmp_58)> <Delay = 0.00>
ST_1 : Operation 32 [1/1] (0.00ns)   --->   "%pre_traces_last_spike_time_0_addr = getelementptr i16 %pre_traces_last_spike_time_0, i64 0, i64 %zext_ln418" [src/snn_top_hls.cpp:423]   --->   Operation 32 'getelementptr' 'pre_traces_last_spike_time_0_addr' <Predicate = (!tmp_58)> <Delay = 0.00>
ST_1 : Operation 33 [2/2] (3.25ns)   --->   "%pre_t_trace_1 = load i7 %pre_traces_trace_0_addr" [src/snn_top_hls.cpp:423]   --->   Operation 33 'load' 'pre_t_trace_1' <Predicate = (!tmp_58)> <Delay = 3.25> <CoreInst = "RAM_2P_BRAM">   --->   Core 90 'RAM_2P_BRAM' <Latency = 1> <II = 1> <Delay = 3.25> <Storage> <Opcode : 'load' 'store'> <Ports = 2> <Width = 8> <Depth = 128> <RAM>
ST_1 : Operation 34 [2/2] (3.25ns)   --->   "%pre_t_last_spike_time_1 = load i7 %pre_traces_last_spike_time_0_addr" [src/snn_top_hls.cpp:423]   --->   Operation 34 'load' 'pre_t_last_spike_time_1' <Predicate = (!tmp_58)> <Delay = 3.25> <CoreInst = "RAM_2P_BRAM">   --->   Core 90 'RAM_2P_BRAM' <Latency = 1> <II = 1> <Delay = 3.25> <Storage> <Opcode : 'load' 'store'> <Ports = 2> <Width = 16> <Depth = 128> <RAM>
ST_1 : Operation 35 [1/1] (0.00ns)   --->   "%pre_traces_last_spike_time_1_addr = getelementptr i16 %pre_traces_last_spike_time_1, i64 0, i64 %zext_ln418" [src/snn_top_hls.cpp:423]   --->   Operation 35 'getelementptr' 'pre_traces_last_spike_time_1_addr' <Predicate = (!tmp_58)> <Delay = 0.00>
ST_1 : Operation 36 [2/2] (3.25ns)   --->   "%pre_t_last_spike_time = load i7 %pre_traces_last_spike_time_1_addr" [src/snn_top_hls.cpp:423]   --->   Operation 36 'load' 'pre_t_last_spike_time' <Predicate = (!tmp_58)> <Delay = 3.25> <CoreInst = "RAM_2P_BRAM">   --->   Core 90 'RAM_2P_BRAM' <Latency = 1> <II = 1> <Delay = 3.25> <Storage> <Opcode : 'load' 'store'> <Ports = 2> <Width = 16> <Depth = 128> <RAM>
ST_1 : Operation 37 [1/1] (1.82ns)   --->   "%add_ln418 = add i9 %i_5, i9 2" [src/snn_top_hls.cpp:418]   --->   Operation 37 'add' 'add_ln418' <Predicate = (!tmp_58)> <Delay = 1.82> <CoreInst = "Adder">   --->   Core 1 'Adder' <Latency = 0> <II = 1> <Delay = 1.82> <FuncUnit> <Opcode : 'add' 'sub'> <InPorts = 2> <OutPorts = 1>
ST_1 : Operation 38 [1/1] (1.58ns)   --->   "%store_ln418 = store i9 %add_ln418, i9 %i" [src/snn_top_hls.cpp:418]   --->   Operation 38 'store' 'store_ln418' <Predicate = (!tmp_58)> <Delay = 1.58>
ST_1 : Operation 39 [1/1] (0.00ns)   --->   "%br_ln418 = br void %for.body" [src/snn_top_hls.cpp:418]   --->   Operation 39 'br' 'br_ln418' <Predicate = (!tmp_58)> <Delay = 0.00>

State 2 <SV = 1> <Delay = 6.87>
ST_2 : Operation 40 [1/2] ( I:3.25ns O:3.25ns )   --->   "%pre_t_trace_1 = load i7 %pre_traces_trace_0_addr" [src/snn_top_hls.cpp:423]   --->   Operation 40 'load' 'pre_t_trace_1' <Predicate = (!tmp_58)> <Delay = 3.25> <CoreInst = "RAM_2P_BRAM">   --->   Core 90 'RAM_2P_BRAM' <Latency = 1> <II = 1> <Delay = 3.25> <Storage> <Opcode : 'load' 'store'> <Ports = 2> <Width = 8> <Depth = 128> <RAM>
ST_2 : Operation 41 [1/2] ( I:3.25ns O:3.25ns )   --->   "%pre_t_last_spike_time_1 = load i7 %pre_traces_last_spike_time_0_addr" [src/snn_top_hls.cpp:423]   --->   Operation 41 'load' 'pre_t_last_spike_time_1' <Predicate = (!tmp_58)> <Delay = 3.25> <CoreInst = "RAM_2P_BRAM">   --->   Core 90 'RAM_2P_BRAM' <Latency = 1> <II = 1> <Delay = 3.25> <Storage> <Opcode : 'load' 'store'> <Ports = 2> <Width = 16> <Depth = 128> <RAM>
ST_2 : Operation 42 [1/1] (2.07ns)   --->   "%dt = sub i16 %current_time_read, i16 %pre_t_last_spike_time_1" [src/snn_top_hls.cpp:318->src/snn_top_hls.cpp:424]   --->   Operation 42 'sub' 'dt' <Predicate = (!tmp_58)> <Delay = 2.07> <CoreInst = "Adder">   --->   Core 1 'Adder' <Latency = 0> <II = 1> <Delay = 2.07> <FuncUnit> <Opcode : 'add' 'sub'> <InPorts = 2> <OutPorts = 1>
ST_2 : Operation 43 [1/1] (0.00ns)   --->   "%tmp_59 = partselect i12 @_ssdm_op_PartSelect.i12.i16.i32.i32, i16 %dt, i32 4, i32 15" [src/snn_top_hls.cpp:321->src/snn_top_hls.cpp:424]   --->   Operation 43 'partselect' 'tmp_59' <Predicate = (!tmp_58)> <Delay = 0.00>
ST_2 : Operation 44 [1/1] (1.54ns)   --->   "%icmp_ln321 = icmp_ne  i12 %tmp_59, i12 0" [src/snn_top_hls.cpp:321->src/snn_top_hls.cpp:424]   --->   Operation 44 'icmp' 'icmp_ln321' <Predicate = (!tmp_58)> <Delay = 1.54> <CoreInst = "Cmp">   --->   Core 9 'Cmp' <Latency = 0> <II = 1> <Delay = 1.54> <FuncUnit> <Opcode : 'seteq' 'setne' 'setle' 'setge' 'setlt' 'setgt'> <InPorts = 2> <OutPorts = 1>
ST_2 : Operation 45 [1/2] ( I:3.25ns O:3.25ns )   --->   "%pre_t_last_spike_time = load i7 %pre_traces_last_spike_time_1_addr" [src/snn_top_hls.cpp:423]   --->   Operation 45 'load' 'pre_t_last_spike_time' <Predicate = (!tmp_58)> <Delay = 3.25> <CoreInst = "RAM_2P_BRAM">   --->   Core 90 'RAM_2P_BRAM' <Latency = 1> <II = 1> <Delay = 3.25> <Storage> <Opcode : 'load' 'store'> <Ports = 2> <Width = 16> <Depth = 128> <RAM>
ST_2 : Operation 46 [1/1] (2.07ns)   --->   "%dt_2 = sub i16 %current_time_read, i16 %pre_t_last_spike_time" [src/snn_top_hls.cpp:318->src/snn_top_hls.cpp:424]   --->   Operation 46 'sub' 'dt_2' <Predicate = (!tmp_58)> <Delay = 2.07> <CoreInst = "Adder">   --->   Core 1 'Adder' <Latency = 0> <II = 1> <Delay = 2.07> <FuncUnit> <Opcode : 'add' 'sub'> <InPorts = 2> <OutPorts = 1>
ST_2 : Operation 47 [1/1] (0.00ns)   --->   "%tmp_61 = partselect i12 @_ssdm_op_PartSelect.i12.i16.i32.i32, i16 %dt_2, i32 4, i32 15" [src/snn_top_hls.cpp:321->src/snn_top_hls.cpp:424]   --->   Operation 47 'partselect' 'tmp_61' <Predicate = (!tmp_58)> <Delay = 0.00>
ST_2 : Operation 48 [1/1] (1.54ns)   --->   "%icmp_ln321_2 = icmp_ne  i12 %tmp_61, i12 0" [src/snn_top_hls.cpp:321->src/snn_top_hls.cpp:424]   --->   Operation 48 'icmp' 'icmp_ln321_2' <Predicate = (!tmp_58)> <Delay = 1.54> <CoreInst = "Cmp">   --->   Core 9 'Cmp' <Latency = 0> <II = 1> <Delay = 1.54> <FuncUnit> <Opcode : 'seteq' 'setne' 'setle' 'setge' 'setlt' 'setgt'> <InPorts = 2> <OutPorts = 1>

State 3 <SV = 2> <Delay = 3.25>
ST_3 : Operation 49 [1/1] (0.00ns)   --->   "%zext_ln325_6 = zext i16 %dt" [src/snn_top_hls.cpp:325->src/snn_top_hls.cpp:424]   --->   Operation 49 'zext' 'zext_ln325_6' <Predicate = true> <Delay = 0.00>
ST_3 : Operation 50 [1/1] (0.00ns)   --->   "%EXP_DECAY_LUT_addr = getelementptr i8 %EXP_DECAY_LUT, i64 0, i64 %zext_ln325_6" [src/snn_top_hls.cpp:325->src/snn_top_hls.cpp:424]   --->   Operation 50 'getelementptr' 'EXP_DECAY_LUT_addr' <Predicate = true> <Delay = 0.00>
ST_3 : Operation 51 [2/2] (2.32ns)   --->   "%EXP_DECAY_LUT_load = load i4 %EXP_DECAY_LUT_addr" [src/snn_top_hls.cpp:325->src/snn_top_hls.cpp:424]   --->   Operation 51 'load' 'EXP_DECAY_LUT_load' <Predicate = true> <Delay = 2.32> <CoreInst = "ROM">   --->   Core 94 'ROM' <Latency = 1> <II = 1> <Delay = 2.32> <Storage> <Opcode : 'load'> <Ports = 0> <Width = 8> <Depth = 16> <ROM>
ST_3 : Operation 52 [1/1] (0.00ns)   --->   "%pre_traces_trace_1_addr = getelementptr i8 %pre_traces_trace_1, i64 0, i64 %zext_ln418" [src/snn_top_hls.cpp:423]   --->   Operation 52 'getelementptr' 'pre_traces_trace_1_addr' <Predicate = true> <Delay = 0.00>
ST_3 : Operation 53 [2/2] (3.25ns)   --->   "%pre_t_trace = load i7 %pre_traces_trace_1_addr" [src/snn_top_hls.cpp:423]   --->   Operation 53 'load' 'pre_t_trace' <Predicate = true> <Delay = 3.25> <CoreInst = "RAM_2P_BRAM">   --->   Core 90 'RAM_2P_BRAM' <Latency = 1> <II = 1> <Delay = 3.25> <Storage> <Opcode : 'load' 'store'> <Ports = 2> <Width = 8> <Depth = 128> <RAM>

State 4 <SV = 3> <Delay = 6.49>
ST_4 : Operation 54 [1/1] (1.91ns)   --->   "%icmp_ln315 = icmp_eq  i8 %pre_t_trace_1, i8 0" [src/snn_top_hls.cpp:315->src/snn_top_hls.cpp:424]   --->   Operation 54 'icmp' 'icmp_ln315' <Predicate = true> <Delay = 1.91> <CoreInst = "Cmp">   --->   Core 9 'Cmp' <Latency = 0> <II = 1> <Delay = 1.91> <FuncUnit> <Opcode : 'seteq' 'setne' 'setle' 'setge' 'setlt' 'setgt'> <InPorts = 2> <OutPorts = 1>
ST_4 : Operation 55 [1/1] (0.00ns)   --->   "%zext_ln325 = zext i8 %pre_t_trace_1" [src/snn_top_hls.cpp:325->src/snn_top_hls.cpp:424]   --->   Operation 55 'zext' 'zext_ln325' <Predicate = true> <Delay = 0.00>
ST_4 : Operation 56 [1/2] ( I:2.32ns O:2.32ns )   --->   "%EXP_DECAY_LUT_load = load i4 %EXP_DECAY_LUT_addr" [src/snn_top_hls.cpp:325->src/snn_top_hls.cpp:424]   --->   Operation 56 'load' 'EXP_DECAY_LUT_load' <Predicate = true> <Delay = 2.32> <CoreInst = "ROM">   --->   Core 94 'ROM' <Latency = 1> <II = 1> <Delay = 2.32> <Storage> <Opcode : 'load'> <Ports = 0> <Width = 8> <Depth = 16> <ROM>
ST_4 : Operation 57 [1/1] (0.00ns)   --->   "%zext_ln325_7 = zext i8 %EXP_DECAY_LUT_load" [src/snn_top_hls.cpp:325->src/snn_top_hls.cpp:424]   --->   Operation 57 'zext' 'zext_ln325_7' <Predicate = true> <Delay = 0.00>
ST_4 : Operation 58 [1/1] (4.17ns)   --->   "%mul_ln325 = mul i16 %zext_ln325_7, i16 %zext_ln325" [src/snn_top_hls.cpp:325->src/snn_top_hls.cpp:424]   --->   Operation 58 'mul' 'mul_ln325' <Predicate = true> <Delay = 4.17> <CoreInst = "Multiplier">   --->   Core 3 'Multiplier' <Latency = 0> <II = 1> <Delay = 4.17> <FuncUnit> <Opcode : 'mul'> <InPorts = 2> <OutPorts = 1>
ST_4 : Operation 59 [1/2] ( I:3.25ns O:3.25ns )   --->   "%pre_t_trace = load i7 %pre_traces_trace_1_addr" [src/snn_top_hls.cpp:423]   --->   Operation 59 'load' 'pre_t_trace' <Predicate = true> <Delay = 3.25> <CoreInst = "RAM_2P_BRAM">   --->   Core 90 'RAM_2P_BRAM' <Latency = 1> <II = 1> <Delay = 3.25> <Storage> <Opcode : 'load' 'store'> <Ports = 2> <Width = 8> <Depth = 128> <RAM>
ST_4 : Operation 60 [1/1] (0.00ns)   --->   "%zext_ln325_9 = zext i16 %dt_2" [src/snn_top_hls.cpp:325->src/snn_top_hls.cpp:424]   --->   Operation 60 'zext' 'zext_ln325_9' <Predicate = true> <Delay = 0.00>
ST_4 : Operation 61 [1/1] (0.00ns)   --->   "%EXP_DECAY_LUT_addr_2 = getelementptr i8 %EXP_DECAY_LUT, i64 0, i64 %zext_ln325_9" [src/snn_top_hls.cpp:325->src/snn_top_hls.cpp:424]   --->   Operation 61 'getelementptr' 'EXP_DECAY_LUT_addr_2' <Predicate = true> <Delay = 0.00>
ST_4 : Operation 62 [2/2] (2.32ns)   --->   "%EXP_DECAY_LUT_load_2 = load i4 %EXP_DECAY_LUT_addr_2" [src/snn_top_hls.cpp:325->src/snn_top_hls.cpp:424]   --->   Operation 62 'load' 'EXP_DECAY_LUT_load_2' <Predicate = true> <Delay = 2.32> <CoreInst = "ROM">   --->   Core 94 'ROM' <Latency = 1> <II = 1> <Delay = 2.32> <Storage> <Opcode : 'load'> <Ports = 0> <Width = 8> <Depth = 16> <ROM>

State 5 <SV = 4> <Delay = 6.49>
ST_5 : Operation 63 [1/1] (0.00ns)   --->   "%tmp = bitconcatenate i15 @_ssdm_op_BitConcatenate.i15.i8.i7, i8 %trunc_ln418, i7 %lshr_ln_read" [src/snn_top_hls.cpp:430]   --->   Operation 63 'bitconcatenate' 'tmp' <Predicate = true> <Delay = 0.00>
ST_5 : Operation 64 [1/1] (0.00ns)   --->   "%zext_ln430 = zext i15 %tmp" [src/snn_top_hls.cpp:430]   --->   Operation 64 'zext' 'zext_ln430' <Predicate = true> <Delay = 0.00>
ST_5 : Operation 65 [1/1] (0.00ns)   --->   "%p_ZL13weight_memory_0_addr = getelementptr i8 %p_ZL13weight_memory_0, i64 0, i64 %zext_ln430" [src/snn_top_hls.cpp:430]   --->   Operation 65 'getelementptr' 'p_ZL13weight_memory_0_addr' <Predicate = true> <Delay = 0.00>
ST_5 : Operation 66 [1/1] (0.00ns)   --->   "%p_ZL13weight_memory_1_addr = getelementptr i8 %p_ZL13weight_memory_1, i64 0, i64 %zext_ln430" [src/snn_top_hls.cpp:430]   --->   Operation 66 'getelementptr' 'p_ZL13weight_memory_1_addr' <Predicate = true> <Delay = 0.00>
ST_5 : Operation 67 [1/1] (0.00ns)   --->   "%specpipeline_ln419 = specpipeline void @_ssdm_op_SpecPipeline, i32 2, i32 0, i32 0, i32 0, i32 4294967295, void @empty_3" [src/snn_top_hls.cpp:419]   --->   Operation 67 'specpipeline' 'specpipeline_ln419' <Predicate = true> <Delay = 0.00>
ST_5 : Operation 68 [1/1] (0.00ns)   --->   "%specloopname_ln418 = specloopname void @_ssdm_op_SpecLoopName, void @empty_0" [src/snn_top_hls.cpp:418]   --->   Operation 68 'specloopname' 'specloopname_ln418' <Predicate = true> <Delay = 0.00>
ST_5 : Operation 69 [1/1] (0.00ns) (grouped into LUT with out node pre_trace_val_1)   --->   "%pre_trace_val = partselect i8 @_ssdm_op_PartSelect.i8.i16.i32.i32, i16 %mul_ln325, i32 8, i32 15" [src/snn_top_hls.cpp:327->src/snn_top_hls.cpp:424]   --->   Operation 69 'partselect' 'pre_trace_val' <Predicate = true> <Delay = 0.00>
ST_5 : Operation 70 [1/1] (0.00ns) (grouped into LUT with out node pre_trace_val_1)   --->   "%or_ln321 = or i1 %icmp_ln315, i1 %icmp_ln321" [src/snn_top_hls.cpp:321->src/snn_top_hls.cpp:424]   --->   Operation 70 'or' 'or_ln321' <Predicate = true> <Delay = 0.00> <CoreInst = "LogicGate">   --->   Core 74 'LogicGate' <Latency = 0> <II = 1> <Delay = 0.97> <FuncUnit> <Opcode : 'and' 'or' 'xor'> <InPorts = 2> <OutPorts = 1>
ST_5 : Operation 71 [1/1] (1.24ns) (out node of the LUT)   --->   "%pre_trace_val_1 = select i1 %or_ln321, i8 0, i8 %pre_trace_val" [src/snn_top_hls.cpp:321->src/snn_top_hls.cpp:424]   --->   Operation 71 'select' 'pre_trace_val_1' <Predicate = true> <Delay = 1.24> <CoreInst = "Sel">   --->   Core 73 'Sel' <Latency = 0> <II = 1> <Delay = 1.24> <FuncUnit> <Opcode : 'select'> <InPorts = 3> <OutPorts = 1>
ST_5 : Operation 72 [1/1] (1.91ns)   --->   "%icmp_ln427 = icmp_eq  i8 %pre_trace_val_1, i8 0" [src/snn_top_hls.cpp:427]   --->   Operation 72 'icmp' 'icmp_ln427' <Predicate = true> <Delay = 1.91> <CoreInst = "Cmp">   --->   Core 9 'Cmp' <Latency = 0> <II = 1> <Delay = 1.91> <FuncUnit> <Opcode : 'seteq' 'setne' 'setle' 'setge' 'setlt' 'setgt'> <InPorts = 2> <OutPorts = 1>
ST_5 : Operation 73 [1/1] (0.00ns)   --->   "%br_ln427 = br i1 %icmp_ln427, void %if.end, void %cleanup_ifconv" [src/snn_top_hls.cpp:427]   --->   Operation 73 'br' 'br_ln427' <Predicate = true> <Delay = 0.00>
ST_5 : Operation 74 [2/2] (3.25ns)   --->   "%p_ZL13weight_memory_0_load = load i15 %p_ZL13weight_memory_0_addr" [src/snn_top_hls.cpp:430]   --->   Operation 74 'load' 'p_ZL13weight_memory_0_load' <Predicate = (!icmp_ln427 & !tmp_57)> <Delay = 3.25> <CoreInst = "RAM_2P_BRAM">   --->   Core 90 'RAM_2P_BRAM' <Latency = 1> <II = 1> <Delay = 3.25> <Storage> <Opcode : 'load' 'store'> <Ports = 2> <Width = 8> <Depth = 32768> <RAM>
ST_5 : Operation 75 [2/2] (3.25ns)   --->   "%p_ZL13weight_memory_1_load = load i15 %p_ZL13weight_memory_1_addr" [src/snn_top_hls.cpp:430]   --->   Operation 75 'load' 'p_ZL13weight_memory_1_load' <Predicate = (!icmp_ln427 & tmp_57)> <Delay = 3.25> <CoreInst = "RAM_2P_BRAM">   --->   Core 90 'RAM_2P_BRAM' <Latency = 1> <II = 1> <Delay = 3.25> <Storage> <Opcode : 'load' 'store'> <Ports = 2> <Width = 8> <Depth = 32768> <RAM>
ST_5 : Operation 76 [1/1] (0.00ns)   --->   "%br_ln438 = br i1 %tmp_57, void %arrayidx223.case.0, void %arrayidx223.case.1" [src/snn_top_hls.cpp:438]   --->   Operation 76 'br' 'br_ln438' <Predicate = (!icmp_ln427)> <Delay = 0.00>
ST_5 : Operation 77 [1/1] (0.00ns)   --->   "%br_ln439 = br void %cleanup_ifconv" [src/snn_top_hls.cpp:439]   --->   Operation 77 'br' 'br_ln439' <Predicate = (!icmp_ln427)> <Delay = 0.00>
ST_5 : Operation 78 [1/1] (1.91ns)   --->   "%icmp_ln315_2 = icmp_eq  i8 %pre_t_trace, i8 0" [src/snn_top_hls.cpp:315->src/snn_top_hls.cpp:424]   --->   Operation 78 'icmp' 'icmp_ln315_2' <Predicate = true> <Delay = 1.91> <CoreInst = "Cmp">   --->   Core 9 'Cmp' <Latency = 0> <II = 1> <Delay = 1.91> <FuncUnit> <Opcode : 'seteq' 'setne' 'setle' 'setge' 'setlt' 'setgt'> <InPorts = 2> <OutPorts = 1>
ST_5 : Operation 79 [1/1] (0.00ns)   --->   "%zext_ln325_8 = zext i8 %pre_t_trace" [src/snn_top_hls.cpp:325->src/snn_top_hls.cpp:424]   --->   Operation 79 'zext' 'zext_ln325_8' <Predicate = true> <Delay = 0.00>
ST_5 : Operation 80 [1/2] ( I:2.32ns O:2.32ns )   --->   "%EXP_DECAY_LUT_load_2 = load i4 %EXP_DECAY_LUT_addr_2" [src/snn_top_hls.cpp:325->src/snn_top_hls.cpp:424]   --->   Operation 80 'load' 'EXP_DECAY_LUT_load_2' <Predicate = true> <Delay = 2.32> <CoreInst = "ROM">   --->   Core 94 'ROM' <Latency = 1> <II = 1> <Delay = 2.32> <Storage> <Opcode : 'load'> <Ports = 0> <Width = 8> <Depth = 16> <ROM>
ST_5 : Operation 81 [1/1] (0.00ns)   --->   "%zext_ln325_10 = zext i8 %EXP_DECAY_LUT_load_2" [src/snn_top_hls.cpp:325->src/snn_top_hls.cpp:424]   --->   Operation 81 'zext' 'zext_ln325_10' <Predicate = true> <Delay = 0.00>
ST_5 : Operation 82 [1/1] (4.17ns)   --->   "%mul_ln325_2 = mul i16 %zext_ln325_10, i16 %zext_ln325_8" [src/snn_top_hls.cpp:325->src/snn_top_hls.cpp:424]   --->   Operation 82 'mul' 'mul_ln325_2' <Predicate = true> <Delay = 4.17> <CoreInst = "Multiplier">   --->   Core 3 'Multiplier' <Latency = 0> <II = 1> <Delay = 4.17> <FuncUnit> <Opcode : 'mul'> <InPorts = 2> <OutPorts = 1>

State 6 <SV = 5> <Delay = 6.41>
ST_6 : Operation 83 [1/2] ( I:3.25ns O:3.25ns )   --->   "%p_ZL13weight_memory_0_load = load i15 %p_ZL13weight_memory_0_addr" [src/snn_top_hls.cpp:430]   --->   Operation 83 'load' 'p_ZL13weight_memory_0_load' <Predicate = (!icmp_ln427 & !tmp_57)> <Delay = 3.25> <CoreInst = "RAM_2P_BRAM">   --->   Core 90 'RAM_2P_BRAM' <Latency = 1> <II = 1> <Delay = 3.25> <Storage> <Opcode : 'load' 'store'> <Ports = 2> <Width = 8> <Depth = 32768> <RAM>
ST_6 : Operation 84 [1/2] ( I:3.25ns O:3.25ns )   --->   "%p_ZL13weight_memory_1_load = load i15 %p_ZL13weight_memory_1_addr" [src/snn_top_hls.cpp:430]   --->   Operation 84 'load' 'p_ZL13weight_memory_1_load' <Predicate = (!icmp_ln427 & tmp_57)> <Delay = 3.25> <CoreInst = "RAM_2P_BRAM">   --->   Core 90 'RAM_2P_BRAM' <Latency = 1> <II = 1> <Delay = 3.25> <Storage> <Opcode : 'load' 'store'> <Ports = 2> <Width = 8> <Depth = 32768> <RAM>
ST_6 : Operation 85 [1/1] (1.24ns)   --->   "%current_w = select i1 %tmp_57, i8 %p_ZL13weight_memory_1_load, i8 %p_ZL13weight_memory_0_load" [src/snn_top_hls.cpp:430]   --->   Operation 85 'select' 'current_w' <Predicate = (!icmp_ln427)> <Delay = 1.24> <CoreInst = "Sel">   --->   Core 73 'Sel' <Latency = 0> <II = 1> <Delay = 1.24> <FuncUnit> <Opcode : 'select'> <InPorts = 3> <OutPorts = 1>
ST_6 : Operation 86 [1/1] (1.91ns)   --->   "%distance = sub i8 127, i8 %current_w" [src/snn_top_hls.cpp:434]   --->   Operation 86 'sub' 'distance' <Predicate = (!icmp_ln427)> <Delay = 1.91> <CoreInst = "Adder">   --->   Core 1 'Adder' <Latency = 0> <II = 1> <Delay = 1.91> <FuncUnit> <Opcode : 'add' 'sub'> <InPorts = 2> <OutPorts = 1>
ST_6 : Operation 87 [1/1] (0.00ns)   --->   "%tmp_36 = bitconcatenate i15 @_ssdm_op_BitConcatenate.i15.i7.i1.i7, i7 %lshr_ln1, i1 1, i7 %lshr_ln_read" [src/snn_top_hls.cpp:430]   --->   Operation 87 'bitconcatenate' 'tmp_36' <Predicate = true> <Delay = 0.00>
ST_6 : Operation 88 [1/1] (0.00ns)   --->   "%zext_ln430_1 = zext i15 %tmp_36" [src/snn_top_hls.cpp:430]   --->   Operation 88 'zext' 'zext_ln430_1' <Predicate = true> <Delay = 0.00>
ST_6 : Operation 89 [1/1] (0.00ns)   --->   "%p_ZL13weight_memory_0_addr_4 = getelementptr i8 %p_ZL13weight_memory_0, i64 0, i64 %zext_ln430_1" [src/snn_top_hls.cpp:430]   --->   Operation 89 'getelementptr' 'p_ZL13weight_memory_0_addr_4' <Predicate = true> <Delay = 0.00>
ST_6 : Operation 90 [1/1] (0.00ns)   --->   "%p_ZL13weight_memory_1_addr_4 = getelementptr i8 %p_ZL13weight_memory_1, i64 0, i64 %zext_ln430_1" [src/snn_top_hls.cpp:430]   --->   Operation 90 'getelementptr' 'p_ZL13weight_memory_1_addr_4' <Predicate = true> <Delay = 0.00>
ST_6 : Operation 91 [1/1] (0.00ns) (grouped into LUT with out node pre_trace_val_3)   --->   "%pre_trace_val_2 = partselect i8 @_ssdm_op_PartSelect.i8.i16.i32.i32, i16 %mul_ln325_2, i32 8, i32 15" [src/snn_top_hls.cpp:327->src/snn_top_hls.cpp:424]   --->   Operation 91 'partselect' 'pre_trace_val_2' <Predicate = true> <Delay = 0.00>
ST_6 : Operation 92 [1/1] (0.00ns) (grouped into LUT with out node pre_trace_val_3)   --->   "%or_ln321_2 = or i1 %icmp_ln315_2, i1 %icmp_ln321_2" [src/snn_top_hls.cpp:321->src/snn_top_hls.cpp:424]   --->   Operation 92 'or' 'or_ln321_2' <Predicate = true> <Delay = 0.00> <CoreInst = "LogicGate">   --->   Core 74 'LogicGate' <Latency = 0> <II = 1> <Delay = 0.97> <FuncUnit> <Opcode : 'and' 'or' 'xor'> <InPorts = 2> <OutPorts = 1>
ST_6 : Operation 93 [1/1] (1.24ns) (out node of the LUT)   --->   "%pre_trace_val_3 = select i1 %or_ln321_2, i8 0, i8 %pre_trace_val_2" [src/snn_top_hls.cpp:321->src/snn_top_hls.cpp:424]   --->   Operation 93 'select' 'pre_trace_val_3' <Predicate = true> <Delay = 1.24> <CoreInst = "Sel">   --->   Core 73 'Sel' <Latency = 0> <II = 1> <Delay = 1.24> <FuncUnit> <Opcode : 'select'> <InPorts = 3> <OutPorts = 1>
ST_6 : Operation 94 [1/1] (1.91ns)   --->   "%icmp_ln427_1 = icmp_eq  i8 %pre_trace_val_3, i8 0" [src/snn_top_hls.cpp:427]   --->   Operation 94 'icmp' 'icmp_ln427_1' <Predicate = true> <Delay = 1.91> <CoreInst = "Cmp">   --->   Core 9 'Cmp' <Latency = 0> <II = 1> <Delay = 1.91> <FuncUnit> <Opcode : 'seteq' 'setne' 'setle' 'setge' 'setlt' 'setgt'> <InPorts = 2> <OutPorts = 1>
ST_6 : Operation 95 [1/1] (0.00ns)   --->   "%br_ln427 = br i1 %icmp_ln427_1, void %if.end.1, void %cleanup.1" [src/snn_top_hls.cpp:427]   --->   Operation 95 'br' 'br_ln427' <Predicate = true> <Delay = 0.00>
ST_6 : Operation 96 [2/2] (3.25ns)   --->   "%p_ZL13weight_memory_0_load_4 = load i15 %p_ZL13weight_memory_0_addr_4" [src/snn_top_hls.cpp:430]   --->   Operation 96 'load' 'p_ZL13weight_memory_0_load_4' <Predicate = (!tmp_57 & !icmp_ln427_1)> <Delay = 3.25> <CoreInst = "RAM_2P_BRAM">   --->   Core 90 'RAM_2P_BRAM' <Latency = 1> <II = 1> <Delay = 3.25> <Storage> <Opcode : 'load' 'store'> <Ports = 2> <Width = 8> <Depth = 32768> <RAM>
ST_6 : Operation 97 [2/2] (3.25ns)   --->   "%p_ZL13weight_memory_1_load_4 = load i15 %p_ZL13weight_memory_1_addr_4" [src/snn_top_hls.cpp:430]   --->   Operation 97 'load' 'p_ZL13weight_memory_1_load_4' <Predicate = (tmp_57 & !icmp_ln427_1)> <Delay = 3.25> <CoreInst = "RAM_2P_BRAM">   --->   Core 90 'RAM_2P_BRAM' <Latency = 1> <II = 1> <Delay = 3.25> <Storage> <Opcode : 'load' 'store'> <Ports = 2> <Width = 8> <Depth = 32768> <RAM>
ST_6 : Operation 98 [1/1] (0.00ns)   --->   "%br_ln438 = br i1 %tmp_57, void %arrayidx223.1.case.0, void %arrayidx223.1.case.1" [src/snn_top_hls.cpp:438]   --->   Operation 98 'br' 'br_ln438' <Predicate = (!icmp_ln427_1)> <Delay = 0.00>
ST_6 : Operation 99 [1/1] (0.00ns)   --->   "%br_ln439 = br void %cleanup.1" [src/snn_top_hls.cpp:439]   --->   Operation 99 'br' 'br_ln439' <Predicate = (!icmp_ln427_1)> <Delay = 0.00>

State 7 <SV = 6> <Delay = 6.41>
ST_7 : Operation 100 [1/1] (0.00ns)   --->   "%sext_ln434 = sext i8 %current_w" [src/snn_top_hls.cpp:434]   --->   Operation 100 'sext' 'sext_ln434' <Predicate = (!icmp_ln427)> <Delay = 0.00>
ST_7 : Operation 101 [1/1] (0.00ns)   --->   "%zext_ln435 = zext i8 %distance" [src/snn_top_hls.cpp:435]   --->   Operation 101 'zext' 'zext_ln435' <Predicate = (!icmp_ln427)> <Delay = 0.00>
ST_7 : Operation 102 [1/1] (0.00ns)   --->   "%zext_ln435_1 = zext i8 %pre_trace_val_1" [src/snn_top_hls.cpp:435]   --->   Operation 102 'zext' 'zext_ln435_1' <Predicate = (!icmp_ln427)> <Delay = 0.00>
ST_7 : Operation 103 [1/1] (4.17ns)   --->   "%mul_ln435 = mul i16 %zext_ln435, i16 %zext_ln435_1" [src/snn_top_hls.cpp:435]   --->   Operation 103 'mul' 'mul_ln435' <Predicate = (!icmp_ln427)> <Delay = 4.17> <CoreInst = "Multiplier">   --->   Core 3 'Multiplier' <Latency = 0> <II = 1> <Delay = 4.17> <FuncUnit> <Opcode : 'mul'> <InPorts = 2> <OutPorts = 1>
ST_7 : Operation 104 [1/1] (0.00ns)   --->   "%tmp_s = partselect i8 @_ssdm_op_PartSelect.i8.i16.i32.i32, i16 %mul_ln435, i32 8, i32 15" [src/snn_top_hls.cpp:435]   --->   Operation 104 'partselect' 'tmp_s' <Predicate = (!icmp_ln427)> <Delay = 0.00>
ST_7 : Operation 105 [1/1] (0.00ns)   --->   "%zext_ln435_4 = zext i8 %tmp_s" [src/snn_top_hls.cpp:435]   --->   Operation 105 'zext' 'zext_ln435_4' <Predicate = (!icmp_ln427)> <Delay = 0.00>
ST_7 : Operation 106 [1/1] (1.91ns)   --->   "%add_ln438 = add i8 %tmp_s, i8 %current_w" [src/snn_top_hls.cpp:438]   --->   Operation 106 'add' 'add_ln438' <Predicate = (!icmp_ln427)> <Delay = 1.91> <CoreInst = "Adder">   --->   Core 1 'Adder' <Latency = 0> <II = 1> <Delay = 1.91> <FuncUnit> <Opcode : 'add' 'sub'> <InPorts = 2> <OutPorts = 1>
ST_7 : Operation 107 [1/1] (1.91ns)   --->   "%w = add i10 %zext_ln435_4, i10 %sext_ln434" [src/snn_top_hls.cpp:438]   --->   Operation 107 'add' 'w' <Predicate = (!icmp_ln427)> <Delay = 1.91> <CoreInst = "Adder">   --->   Core 1 'Adder' <Latency = 0> <II = 1> <Delay = 1.73> <FuncUnit> <Opcode : 'add' 'sub'> <InPorts = 2> <OutPorts = 1>
ST_7 : Operation 108 [1/1] (0.00ns)   --->   "%tmp_60 = partselect i3 @_ssdm_op_PartSelect.i3.i10.i32.i32, i10 %w, i32 7, i32 9" [src/snn_top_hls.cpp:335->src/snn_top_hls.cpp:438]   --->   Operation 108 'partselect' 'tmp_60' <Predicate = (!icmp_ln427)> <Delay = 0.00>
ST_7 : Operation 109 [1/2] ( I:3.25ns O:3.25ns )   --->   "%p_ZL13weight_memory_0_load_4 = load i15 %p_ZL13weight_memory_0_addr_4" [src/snn_top_hls.cpp:430]   --->   Operation 109 'load' 'p_ZL13weight_memory_0_load_4' <Predicate = (!tmp_57 & !icmp_ln427_1)> <Delay = 3.25> <CoreInst = "RAM_2P_BRAM">   --->   Core 90 'RAM_2P_BRAM' <Latency = 1> <II = 1> <Delay = 3.25> <Storage> <Opcode : 'load' 'store'> <Ports = 2> <Width = 8> <Depth = 32768> <RAM>
ST_7 : Operation 110 [1/2] ( I:3.25ns O:3.25ns )   --->   "%p_ZL13weight_memory_1_load_4 = load i15 %p_ZL13weight_memory_1_addr_4" [src/snn_top_hls.cpp:430]   --->   Operation 110 'load' 'p_ZL13weight_memory_1_load_4' <Predicate = (tmp_57 & !icmp_ln427_1)> <Delay = 3.25> <CoreInst = "RAM_2P_BRAM">   --->   Core 90 'RAM_2P_BRAM' <Latency = 1> <II = 1> <Delay = 3.25> <Storage> <Opcode : 'load' 'store'> <Ports = 2> <Width = 8> <Depth = 32768> <RAM>
ST_7 : Operation 111 [1/1] (1.24ns)   --->   "%current_w_2 = select i1 %tmp_57, i8 %p_ZL13weight_memory_1_load_4, i8 %p_ZL13weight_memory_0_load_4" [src/snn_top_hls.cpp:430]   --->   Operation 111 'select' 'current_w_2' <Predicate = (!icmp_ln427_1)> <Delay = 1.24> <CoreInst = "Sel">   --->   Core 73 'Sel' <Latency = 0> <II = 1> <Delay = 1.24> <FuncUnit> <Opcode : 'select'> <InPorts = 3> <OutPorts = 1>
ST_7 : Operation 112 [1/1] (1.91ns)   --->   "%distance_2 = sub i8 127, i8 %current_w_2" [src/snn_top_hls.cpp:434]   --->   Operation 112 'sub' 'distance_2' <Predicate = (!icmp_ln427_1)> <Delay = 1.91> <CoreInst = "Adder">   --->   Core 1 'Adder' <Latency = 0> <II = 1> <Delay = 1.91> <FuncUnit> <Opcode : 'add' 'sub'> <InPorts = 2> <OutPorts = 1>
ST_7 : Operation 134 [1/1] (1.58ns)   --->   "%ret_ln0 = ret"   --->   Operation 134 'ret' 'ret_ln0' <Predicate = (tmp_58)> <Delay = 1.58>

State 8 <SV = 7> <Delay = 6.15>
ST_8 : Operation 113 [1/1] (1.65ns)   --->   "%icmp_ln335 = icmp_sgt  i3 %tmp_60, i3 0" [src/snn_top_hls.cpp:335->src/snn_top_hls.cpp:438]   --->   Operation 113 'icmp' 'icmp_ln335' <Predicate = (!icmp_ln427)> <Delay = 1.65> <CoreInst = "Cmp">   --->   Core 9 'Cmp' <Latency = 0> <II = 1> <Delay = 1.65> <FuncUnit> <Opcode : 'seteq' 'setne' 'setle' 'setge' 'setlt' 'setgt'> <InPorts = 2> <OutPorts = 1>
ST_8 : Operation 114 [1/1] (1.24ns)   --->   "%select_ln335 = select i1 %icmp_ln335, i8 127, i8 %add_ln438" [src/snn_top_hls.cpp:335->src/snn_top_hls.cpp:438]   --->   Operation 114 'select' 'select_ln335' <Predicate = (!icmp_ln427)> <Delay = 1.24> <CoreInst = "Sel">   --->   Core 73 'Sel' <Latency = 0> <II = 1> <Delay = 1.24> <FuncUnit> <Opcode : 'select'> <InPorts = 3> <OutPorts = 1>
ST_8 : Operation 115 [1/1] ( I:3.25ns O:3.25ns )   --->   "%store_ln438 = store i8 %select_ln335, i15 %p_ZL13weight_memory_0_addr" [src/snn_top_hls.cpp:438]   --->   Operation 115 'store' 'store_ln438' <Predicate = (!icmp_ln427 & !tmp_57)> <Delay = 3.25> <CoreInst = "RAM_2P_BRAM">   --->   Core 90 'RAM_2P_BRAM' <Latency = 1> <II = 1> <Delay = 3.25> <Storage> <Opcode : 'load' 'store'> <Ports = 2> <Width = 8> <Depth = 32768> <RAM>
ST_8 : Operation 116 [1/1] (0.00ns)   --->   "%br_ln438 = br void %arrayidx223.exit" [src/snn_top_hls.cpp:438]   --->   Operation 116 'br' 'br_ln438' <Predicate = (!icmp_ln427 & !tmp_57)> <Delay = 0.00>
ST_8 : Operation 117 [1/1] ( I:3.25ns O:3.25ns )   --->   "%store_ln438 = store i8 %select_ln335, i15 %p_ZL13weight_memory_1_addr" [src/snn_top_hls.cpp:438]   --->   Operation 117 'store' 'store_ln438' <Predicate = (!icmp_ln427 & tmp_57)> <Delay = 3.25> <CoreInst = "RAM_2P_BRAM">   --->   Core 90 'RAM_2P_BRAM' <Latency = 1> <II = 1> <Delay = 3.25> <Storage> <Opcode : 'load' 'store'> <Ports = 2> <Width = 8> <Depth = 32768> <RAM>
ST_8 : Operation 118 [1/1] (0.00ns)   --->   "%br_ln438 = br void %arrayidx223.exit" [src/snn_top_hls.cpp:438]   --->   Operation 118 'br' 'br_ln438' <Predicate = (!icmp_ln427 & tmp_57)> <Delay = 0.00>
ST_8 : Operation 119 [1/1] (0.00ns)   --->   "%sext_ln434_1 = sext i8 %current_w_2" [src/snn_top_hls.cpp:434]   --->   Operation 119 'sext' 'sext_ln434_1' <Predicate = (!icmp_ln427_1)> <Delay = 0.00>
ST_8 : Operation 120 [1/1] (0.00ns)   --->   "%zext_ln435_2 = zext i8 %distance_2" [src/snn_top_hls.cpp:435]   --->   Operation 120 'zext' 'zext_ln435_2' <Predicate = (!icmp_ln427_1)> <Delay = 0.00>
ST_8 : Operation 121 [1/1] (0.00ns)   --->   "%zext_ln435_3 = zext i8 %pre_trace_val_3" [src/snn_top_hls.cpp:435]   --->   Operation 121 'zext' 'zext_ln435_3' <Predicate = (!icmp_ln427_1)> <Delay = 0.00>
ST_8 : Operation 122 [1/1] (4.17ns)   --->   "%mul_ln435_1 = mul i16 %zext_ln435_2, i16 %zext_ln435_3" [src/snn_top_hls.cpp:435]   --->   Operation 122 'mul' 'mul_ln435_1' <Predicate = (!icmp_ln427_1)> <Delay = 4.17> <CoreInst = "Multiplier">   --->   Core 3 'Multiplier' <Latency = 0> <II = 1> <Delay = 4.17> <FuncUnit> <Opcode : 'mul'> <InPorts = 2> <OutPorts = 1>
ST_8 : Operation 123 [1/1] (0.00ns)   --->   "%tmp_37 = partselect i8 @_ssdm_op_PartSelect.i8.i16.i32.i32, i16 %mul_ln435_1, i32 8, i32 15" [src/snn_top_hls.cpp:435]   --->   Operation 123 'partselect' 'tmp_37' <Predicate = (!icmp_ln427_1)> <Delay = 0.00>
ST_8 : Operation 124 [1/1] (0.00ns)   --->   "%zext_ln435_5 = zext i8 %tmp_37" [src/snn_top_hls.cpp:435]   --->   Operation 124 'zext' 'zext_ln435_5' <Predicate = (!icmp_ln427_1)> <Delay = 0.00>
ST_8 : Operation 125 [1/1] (1.91ns)   --->   "%add_ln438_2 = add i8 %tmp_37, i8 %current_w_2" [src/snn_top_hls.cpp:438]   --->   Operation 125 'add' 'add_ln438_2' <Predicate = (!icmp_ln427_1)> <Delay = 1.91> <CoreInst = "Adder">   --->   Core 1 'Adder' <Latency = 0> <II = 1> <Delay = 1.91> <FuncUnit> <Opcode : 'add' 'sub'> <InPorts = 2> <OutPorts = 1>
ST_8 : Operation 126 [1/1] (1.91ns)   --->   "%w_2 = add i10 %zext_ln435_5, i10 %sext_ln434_1" [src/snn_top_hls.cpp:438]   --->   Operation 126 'add' 'w_2' <Predicate = (!icmp_ln427_1)> <Delay = 1.91> <CoreInst = "Adder">   --->   Core 1 'Adder' <Latency = 0> <II = 1> <Delay = 1.73> <FuncUnit> <Opcode : 'add' 'sub'> <InPorts = 2> <OutPorts = 1>
ST_8 : Operation 127 [1/1] (0.00ns)   --->   "%tmp_62 = partselect i3 @_ssdm_op_PartSelect.i3.i10.i32.i32, i10 %w_2, i32 7, i32 9" [src/snn_top_hls.cpp:335->src/snn_top_hls.cpp:438]   --->   Operation 127 'partselect' 'tmp_62' <Predicate = (!icmp_ln427_1)> <Delay = 0.00>

State 9 <SV = 8> <Delay = 6.15>
ST_9 : Operation 128 [1/1] (1.65ns)   --->   "%icmp_ln335_1 = icmp_sgt  i3 %tmp_62, i3 0" [src/snn_top_hls.cpp:335->src/snn_top_hls.cpp:438]   --->   Operation 128 'icmp' 'icmp_ln335_1' <Predicate = (!icmp_ln427_1)> <Delay = 1.65> <CoreInst = "Cmp">   --->   Core 9 'Cmp' <Latency = 0> <II = 1> <Delay = 1.65> <FuncUnit> <Opcode : 'seteq' 'setne' 'setle' 'setge' 'setlt' 'setgt'> <InPorts = 2> <OutPorts = 1>
ST_9 : Operation 129 [1/1] (1.24ns)   --->   "%select_ln335_2 = select i1 %icmp_ln335_1, i8 127, i8 %add_ln438_2" [src/snn_top_hls.cpp:335->src/snn_top_hls.cpp:438]   --->   Operation 129 'select' 'select_ln335_2' <Predicate = (!icmp_ln427_1)> <Delay = 1.24> <CoreInst = "Sel">   --->   Core 73 'Sel' <Latency = 0> <II = 1> <Delay = 1.24> <FuncUnit> <Opcode : 'select'> <InPorts = 3> <OutPorts = 1>
ST_9 : Operation 130 [1/1] ( I:3.25ns O:3.25ns )   --->   "%store_ln438 = store i8 %select_ln335_2, i15 %p_ZL13weight_memory_0_addr_4" [src/snn_top_hls.cpp:438]   --->   Operation 130 'store' 'store_ln438' <Predicate = (!tmp_57 & !icmp_ln427_1)> <Delay = 3.25> <CoreInst = "RAM_2P_BRAM">   --->   Core 90 'RAM_2P_BRAM' <Latency = 1> <II = 1> <Delay = 3.25> <Storage> <Opcode : 'load' 'store'> <Ports = 2> <Width = 8> <Depth = 32768> <RAM>
ST_9 : Operation 131 [1/1] (0.00ns)   --->   "%br_ln438 = br void %arrayidx223.1.exit" [src/snn_top_hls.cpp:438]   --->   Operation 131 'br' 'br_ln438' <Predicate = (!tmp_57 & !icmp_ln427_1)> <Delay = 0.00>
ST_9 : Operation 132 [1/1] ( I:3.25ns O:3.25ns )   --->   "%store_ln438 = store i8 %select_ln335_2, i15 %p_ZL13weight_memory_1_addr_4" [src/snn_top_hls.cpp:438]   --->   Operation 132 'store' 'store_ln438' <Predicate = (tmp_57 & !icmp_ln427_1)> <Delay = 3.25> <CoreInst = "RAM_2P_BRAM">   --->   Core 90 'RAM_2P_BRAM' <Latency = 1> <II = 1> <Delay = 3.25> <Storage> <Opcode : 'load' 'store'> <Ports = 2> <Width = 8> <Depth = 32768> <RAM>
ST_9 : Operation 133 [1/1] (0.00ns)   --->   "%br_ln438 = br void %arrayidx223.1.exit" [src/snn_top_hls.cpp:438]   --->   Operation 133 'br' 'br_ln438' <Predicate = (tmp_57 & !icmp_ln427_1)> <Delay = 0.00>


============================================================
+ Verbose Summary: Binding
============================================================
STG Binding: 
---------------- STG Properties BEGIN ----------------
- Is combinational: 0
- Is one-state seq: 0
- Is datapath-only: 0
- Is pipelined: 0
- Is top level: 0
Port [ Return ] is wired: 1; IO mode=ap_ctrl_hs:ce=0
Port [ lshr_ln]:  wired=1; compound=0; hidden=0; nouse=0; global=0; static=0; extern=0; dir=0; type=0; pingpong=0; private_global=0; IO mode=ap_none:ce=0
Port [ current_time]:  wired=1; compound=0; hidden=0; nouse=0; global=0; static=0; extern=0; dir=0; type=0; pingpong=0; private_global=0; IO mode=ap_none:ce=0
Port [ empty]:  wired=1; compound=0; hidden=0; nouse=0; global=0; static=0; extern=0; dir=0; type=0; pingpong=0; private_global=0; IO mode=ap_none:ce=0
Port [ pre_traces_trace_1]:  wired=1; compound=1; hidden=0; nouse=0; global=1; static=1; extern=0; dir=0; type=1; pingpong=0; private_global=0; MemPort=[13]; IO mode=ap_memory:ce=0
Port [ pre_traces_last_spike_time_1]:  wired=1; compound=1; hidden=0; nouse=0; global=1; static=1; extern=0; dir=0; type=1; pingpong=0; private_global=0; MemPort=[13]; IO mode=ap_memory:ce=0
Port [ EXP_DECAY_LUT]:  wired=0; compound=1; hidden=1; nouse=0; global=1; static=1; extern=0; dir=0; type=1; pingpong=0; private_global=0; MemPort=[1]; IO mode=ap_memory:ce=0
Port [ pre_traces_trace_0]:  wired=1; compound=1; hidden=0; nouse=0; global=1; static=1; extern=0; dir=0; type=1; pingpong=0; private_global=0; MemPort=[13]; IO mode=ap_memory:ce=0
Port [ pre_traces_last_spike_time_0]:  wired=1; compound=1; hidden=0; nouse=0; global=1; static=1; extern=0; dir=0; type=1; pingpong=0; private_global=0; MemPort=[13]; IO mode=ap_memory:ce=0
Port [ p_ZL13weight_memory_0]:  wired=1; compound=1; hidden=0; nouse=0; global=1; static=1; extern=0; dir=2; type=1; pingpong=0; private_global=0; MemPort=[10]; IO mode=ap_memory:ce=0
Port [ p_ZL13weight_memory_1]:  wired=1; compound=1; hidden=0; nouse=0; global=1; static=1; extern=0; dir=2; type=1; pingpong=0; private_global=0; MemPort=[10]; IO mode=ap_memory:ce=0
---------------- STG Properties END ------------------

---------------- Datapath Model BEGIN ----------------

<LifeTime>
<method=bitvector/>
i                                 (alloca           ) [ 0100000000]
specmemcore_ln0                   (specmemcore      ) [ 0000000000]
specmemcore_ln0                   (specmemcore      ) [ 0000000000]
specmemcore_ln0                   (specmemcore      ) [ 0000000000]
specmemcore_ln0                   (specmemcore      ) [ 0000000000]
specmemcore_ln0                   (specmemcore      ) [ 0000000000]
specmemcore_ln0                   (specmemcore      ) [ 0000000000]
tmp_57                            (read             ) [ 0111111111]
current_time_read                 (read             ) [ 0010000000]
lshr_ln_read                      (read             ) [ 0111111000]
store_ln418                       (store            ) [ 0000000000]
br_ln0                            (br               ) [ 0000000000]
i_5                               (load             ) [ 0000000000]
tmp_58                            (bitselect        ) [ 0111111100]
speclooptripcount_ln0             (speclooptripcount) [ 0000000000]
br_ln418                          (br               ) [ 0000000000]
trunc_ln418                       (trunc            ) [ 0111110000]
lshr_ln1                          (partselect       ) [ 0111111000]
zext_ln418                        (zext             ) [ 0111000000]
pre_traces_trace_0_addr           (getelementptr    ) [ 0010000000]
pre_traces_last_spike_time_0_addr (getelementptr    ) [ 0010000000]
pre_traces_last_spike_time_1_addr (getelementptr    ) [ 0010000000]
add_ln418                         (add              ) [ 0000000000]
store_ln418                       (store            ) [ 0000000000]
br_ln418                          (br               ) [ 0000000000]
pre_t_trace_1                     (load             ) [ 0111100000]
pre_t_last_spike_time_1           (load             ) [ 0000000000]
dt                                (sub              ) [ 0101000000]
tmp_59                            (partselect       ) [ 0000000000]
icmp_ln321                        (icmp             ) [ 0111110000]
pre_t_last_spike_time             (load             ) [ 0000000000]
dt_2                              (sub              ) [ 0111100000]
tmp_61                            (partselect       ) [ 0000000000]
icmp_ln321_2                      (icmp             ) [ 0111111000]
zext_ln325_6                      (zext             ) [ 0000000000]
EXP_DECAY_LUT_addr                (getelementptr    ) [ 0010100000]
pre_traces_trace_1_addr           (getelementptr    ) [ 0010100000]
icmp_ln315                        (icmp             ) [ 0100010000]
zext_ln325                        (zext             ) [ 0000000000]
EXP_DECAY_LUT_load                (load             ) [ 0000000000]
zext_ln325_7                      (zext             ) [ 0000000000]
mul_ln325                         (mul              ) [ 0100010000]
pre_t_trace                       (load             ) [ 0100010000]
zext_ln325_9                      (zext             ) [ 0000000000]
EXP_DECAY_LUT_addr_2              (getelementptr    ) [ 0100010000]
tmp                               (bitconcatenate   ) [ 0000000000]
zext_ln430                        (zext             ) [ 0000000000]
p_ZL13weight_memory_0_addr        (getelementptr    ) [ 0110001110]
p_ZL13weight_memory_1_addr        (getelementptr    ) [ 0110001110]
specpipeline_ln419                (specpipeline     ) [ 0000000000]
specloopname_ln418                (specloopname     ) [ 0000000000]
pre_trace_val                     (partselect       ) [ 0000000000]
or_ln321                          (or               ) [ 0000000000]
pre_trace_val_1                   (select           ) [ 0110001100]
icmp_ln427                        (icmp             ) [ 0110011110]
br_ln427                          (br               ) [ 0000000000]
br_ln438                          (br               ) [ 0000000000]
br_ln439                          (br               ) [ 0000000000]
icmp_ln315_2                      (icmp             ) [ 0010001000]
zext_ln325_8                      (zext             ) [ 0000000000]
EXP_DECAY_LUT_load_2              (load             ) [ 0000000000]
zext_ln325_10                     (zext             ) [ 0000000000]
mul_ln325_2                       (mul              ) [ 0010001000]
p_ZL13weight_memory_0_load        (load             ) [ 0000000000]
p_ZL13weight_memory_1_load        (load             ) [ 0000000000]
current_w                         (select           ) [ 0100000100]
distance                          (sub              ) [ 0100000100]
tmp_36                            (bitconcatenate   ) [ 0000000000]
zext_ln430_1                      (zext             ) [ 0000000000]
p_ZL13weight_memory_0_addr_4      (getelementptr    ) [ 0110000111]
p_ZL13weight_memory_1_addr_4      (getelementptr    ) [ 0110000111]
pre_trace_val_2                   (partselect       ) [ 0000000000]
or_ln321_2                        (or               ) [ 0000000000]
pre_trace_val_3                   (select           ) [ 0110000110]
icmp_ln427_1                      (icmp             ) [ 0110001111]
br_ln427                          (br               ) [ 0000000000]
br_ln438                          (br               ) [ 0000000000]
br_ln439                          (br               ) [ 0000000000]
sext_ln434                        (sext             ) [ 0000000000]
zext_ln435                        (zext             ) [ 0000000000]
zext_ln435_1                      (zext             ) [ 0000000000]
mul_ln435                         (mul              ) [ 0000000000]
tmp_s                             (partselect       ) [ 0000000000]
zext_ln435_4                      (zext             ) [ 0000000000]
add_ln438                         (add              ) [ 0010000010]
w                                 (add              ) [ 0000000000]
tmp_60                            (partselect       ) [ 0010000010]
p_ZL13weight_memory_0_load_4      (load             ) [ 0000000000]
p_ZL13weight_memory_1_load_4      (load             ) [ 0000000000]
current_w_2                       (select           ) [ 0010000010]
distance_2                        (sub              ) [ 0010000010]
icmp_ln335                        (icmp             ) [ 0000000000]
select_ln335                      (select           ) [ 0000000000]
store_ln438                       (store            ) [ 0000000000]
br_ln438                          (br               ) [ 0000000000]
store_ln438                       (store            ) [ 0000000000]
br_ln438                          (br               ) [ 0000000000]
sext_ln434_1                      (sext             ) [ 0000000000]
zext_ln435_2                      (zext             ) [ 0000000000]
zext_ln435_3                      (zext             ) [ 0000000000]
mul_ln435_1                       (mul              ) [ 0000000000]
tmp_37                            (partselect       ) [ 0000000000]
zext_ln435_5                      (zext             ) [ 0000000000]
add_ln438_2                       (add              ) [ 0100000001]
w_2                               (add              ) [ 0000000000]
tmp_62                            (partselect       ) [ 0100000001]
icmp_ln335_1                      (icmp             ) [ 0000000000]
select_ln335_2                    (select           ) [ 0000000000]
store_ln438                       (store            ) [ 0000000000]
br_ln438                          (br               ) [ 0000000000]
store_ln438                       (store            ) [ 0000000000]
br_ln438                          (br               ) [ 0000000000]
ret_ln0                           (ret              ) [ 0000000000]
</LifeTime>

<model>

<comp_list>
<comp id="0" class="1000" name="lshr_ln">
<pin_list>
<pin id="1" dir="1" index="0" bw="1" slack="0"/>
</pin_list>
<bind>
<StgValue><ssdm name="lshr_ln"/></StgValue>
</bind>
</comp>

<comp id="2" class="1000" name="current_time">
<pin_list>
<pin id="3" dir="1" index="0" bw="1" slack="0"/>
</pin_list>
<bind>
<StgValue><ssdm name="current_time"/></StgValue>
</bind>
</comp>

<comp id="4" class="1000" name="empty">
<pin_list>
<pin id="5" dir="1" index="0" bw="1" slack="0"/>
</pin_list>
<bind>
<StgValue><ssdm name="empty"/></StgValue>
</bind>
</comp>

<comp id="6" class="1000" name="pre_traces_trace_1">
<pin_list>
<pin id="7" dir="1" index="0" bw="1" slack="0"/>
</pin_list>
<bind>
<StgValue><ssdm name="pre_traces_trace_1"/><MemPortTyVec>1 3 </MemPortTyVec>
</StgValue>
</bind>
</comp>

<comp id="8" class="1000" name="pre_traces_last_spike_time_1">
<pin_list>
<pin id="9" dir="1" index="0" bw="1" slack="0"/>
</pin_list>
<bind>
<StgValue><ssdm name="pre_traces_last_spike_time_1"/><MemPortTyVec>1 3 </MemPortTyVec>
</StgValue>
</bind>
</comp>

<comp id="10" class="1000" name="EXP_DECAY_LUT">
<pin_list>
<pin id="11" dir="1" index="0" bw="1" slack="0"/>
</pin_list>
<bind>
<StgValue><ssdm name="EXP_DECAY_LUT"/><MemPortTyVec>1 </MemPortTyVec>
</StgValue>
</bind>
</comp>

<comp id="12" class="1000" name="pre_traces_trace_0">
<pin_list>
<pin id="13" dir="1" index="0" bw="1" slack="0"/>
</pin_list>
<bind>
<StgValue><ssdm name="pre_traces_trace_0"/><MemPortTyVec>1 3 </MemPortTyVec>
</StgValue>
</bind>
</comp>

<comp id="14" class="1000" name="pre_traces_last_spike_time_0">
<pin_list>
<pin id="15" dir="1" index="0" bw="1" slack="0"/>
</pin_list>
<bind>
<StgValue><ssdm name="pre_traces_last_spike_time_0"/><MemPortTyVec>1 3 </MemPortTyVec>
</StgValue>
</bind>
</comp>

<comp id="16" class="1000" name="p_ZL13weight_memory_0">
<pin_list>
<pin id="17" dir="1" index="0" bw="1" slack="0"/>
</pin_list>
<bind>
<StgValue><ssdm name="p_ZL13weight_memory_0"/><MemPortTyVec>1 0 </MemPortTyVec>
</StgValue>
</bind>
</comp>

<comp id="18" class="1000" name="p_ZL13weight_memory_1">
<pin_list>
<pin id="19" dir="1" index="0" bw="1" slack="0"/>
</pin_list>
<bind>
<StgValue><ssdm name="p_ZL13weight_memory_1"/><MemPortTyVec>1 0 </MemPortTyVec>
</StgValue>
</bind>
</comp>

<comp id="20" class="1001" name="const_20">
<pin_list>
<pin id="21" dir="1" index="0" bw="1" slack="0"/>
</pin_list>
<bind>
<StgValue><ssdm name=""/></StgValue>
</bind>
</comp>

<comp id="22" class="1001" name="const_22">
<pin_list>
<pin id="23" dir="1" index="0" bw="1" slack="2147483647"/>
</pin_list>
<bind>
<StgValue><ssdm name="_ssdm_op_SpecMemCore"/></StgValue>
</bind>
</comp>

<comp id="24" class="1001" name="const_24">
<pin_list>
<pin id="25" dir="1" index="0" bw="1" slack="2147483647"/>
</pin_list>
<bind>
<StgValue><ssdm name=""/></StgValue>
</bind>
</comp>

<comp id="26" class="1001" name="const_26">
<pin_list>
<pin id="27" dir="1" index="0" bw="1" slack="2147483647"/>
</pin_list>
<bind>
<StgValue><ssdm name=""/></StgValue>
</bind>
</comp>

<comp id="28" class="1001" name="const_28">
<pin_list>
<pin id="29" dir="1" index="0" bw="1" slack="2147483647"/>
</pin_list>
<bind>
<StgValue><ssdm name=""/></StgValue>
</bind>
</comp>

<comp id="30" class="1001" name="const_30">
<pin_list>
<pin id="31" dir="1" index="0" bw="1" slack="2147483647"/>
</pin_list>
<bind>
<StgValue><ssdm name=""/></StgValue>
</bind>
</comp>

<comp id="32" class="1001" name="const_32">
<pin_list>
<pin id="33" dir="1" index="0" bw="1" slack="0"/>
</pin_list>
<bind>
<StgValue><ssdm name="_ssdm_op_Read.ap_auto.i1"/></StgValue>
</bind>
</comp>

<comp id="34" class="1001" name="const_34">
<pin_list>
<pin id="35" dir="1" index="0" bw="1" slack="0"/>
</pin_list>
<bind>
<StgValue><ssdm name="_ssdm_op_Read.ap_auto.i16"/></StgValue>
</bind>
</comp>

<comp id="36" class="1001" name="const_36">
<pin_list>
<pin id="37" dir="1" index="0" bw="1" slack="0"/>
</pin_list>
<bind>
<StgValue><ssdm name="_ssdm_op_Read.ap_auto.i7"/></StgValue>
</bind>
</comp>

<comp id="38" class="1001" name="const_38">
<pin_list>
<pin id="39" dir="1" index="0" bw="1" slack="0"/>
</pin_list>
<bind>
<StgValue><ssdm name=""/></StgValue>
</bind>
</comp>

<comp id="40" class="1001" name="const_40">
<pin_list>
<pin id="41" dir="1" index="0" bw="1" slack="0"/>
</pin_list>
<bind>
<StgValue><ssdm name="_ssdm_op_BitSelect.i1.i9.i32"/></StgValue>
</bind>
</comp>

<comp id="42" class="1001" name="const_42">
<pin_list>
<pin id="43" dir="1" index="0" bw="1" slack="0"/>
</pin_list>
<bind>
<StgValue><ssdm name=""/></StgValue>
</bind>
</comp>

<comp id="44" class="1001" name="const_44">
<pin_list>
<pin id="45" dir="1" index="0" bw="1" slack="2147483647"/>
</pin_list>
<bind>
<StgValue><ssdm name="_ssdm_op_SpecLoopTripCount"/></StgValue>
</bind>
</comp>

<comp id="46" class="1001" name="const_46">
<pin_list>
<pin id="47" dir="1" index="0" bw="1" slack="2147483647"/>
</pin_list>
<bind>
<StgValue><ssdm name=""/></StgValue>
</bind>
</comp>

<comp id="48" class="1001" name="const_48">
<pin_list>
<pin id="49" dir="1" index="0" bw="1" slack="0"/>
</pin_list>
<bind>
<StgValue><ssdm name="_ssdm_op_PartSelect.i7.i9.i32.i32"/></StgValue>
</bind>
</comp>

<comp id="50" class="1001" name="const_50">
<pin_list>
<pin id="51" dir="1" index="0" bw="1" slack="0"/>
</pin_list>
<bind>
<StgValue><ssdm name=""/></StgValue>
</bind>
</comp>

<comp id="52" class="1001" name="const_52">
<pin_list>
<pin id="53" dir="1" index="0" bw="1" slack="0"/>
</pin_list>
<bind>
<StgValue><ssdm name=""/></StgValue>
</bind>
</comp>

<comp id="54" class="1001" name="const_54">
<pin_list>
<pin id="55" dir="1" index="0" bw="1" slack="0"/>
</pin_list>
<bind>
<StgValue><ssdm name=""/></StgValue>
</bind>
</comp>

<comp id="56" class="1001" name="const_56">
<pin_list>
<pin id="57" dir="1" index="0" bw="1" slack="0"/>
</pin_list>
<bind>
<StgValue><ssdm name="_ssdm_op_PartSelect.i12.i16.i32.i32"/></StgValue>
</bind>
</comp>

<comp id="58" class="1001" name="const_58">
<pin_list>
<pin id="59" dir="1" index="0" bw="1" slack="0"/>
</pin_list>
<bind>
<StgValue><ssdm name=""/></StgValue>
</bind>
</comp>

<comp id="60" class="1001" name="const_60">
<pin_list>
<pin id="61" dir="1" index="0" bw="1" slack="0"/>
</pin_list>
<bind>
<StgValue><ssdm name=""/></StgValue>
</bind>
</comp>

<comp id="62" class="1001" name="const_62">
<pin_list>
<pin id="63" dir="1" index="0" bw="1" slack="0"/>
</pin_list>
<bind>
<StgValue><ssdm name=""/></StgValue>
</bind>
</comp>

<comp id="64" class="1001" name="const_64">
<pin_list>
<pin id="65" dir="1" index="0" bw="1" slack="0"/>
</pin_list>
<bind>
<StgValue><ssdm name=""/></StgValue>
</bind>
</comp>

<comp id="66" class="1001" name="const_66">
<pin_list>
<pin id="67" dir="1" index="0" bw="1" slack="0"/>
</pin_list>
<bind>
<StgValue><ssdm name="_ssdm_op_BitConcatenate.i15.i8.i7"/></StgValue>
</bind>
</comp>

<comp id="68" class="1001" name="const_68">
<pin_list>
<pin id="69" dir="1" index="0" bw="1" slack="2147483647"/>
</pin_list>
<bind>
<StgValue><ssdm name="_ssdm_op_SpecPipeline"/></StgValue>
</bind>
</comp>

<comp id="70" class="1001" name="const_70">
<pin_list>
<pin id="71" dir="1" index="0" bw="1" slack="2147483647"/>
</pin_list>
<bind>
<StgValue><ssdm name=""/></StgValue>
</bind>
</comp>

<comp id="72" class="1001" name="const_72">
<pin_list>
<pin id="73" dir="1" index="0" bw="1" slack="2147483647"/>
</pin_list>
<bind>
<StgValue><ssdm name=""/></StgValue>
</bind>
</comp>

<comp id="74" class="1001" name="const_74">
<pin_list>
<pin id="75" dir="1" index="0" bw="1" slack="2147483647"/>
</pin_list>
<bind>
<StgValue><ssdm name=""/></StgValue>
</bind>
</comp>

<comp id="76" class="1001" name="const_76">
<pin_list>
<pin id="77" dir="1" index="0" bw="1" slack="2147483647"/>
</pin_list>
<bind>
<StgValue><ssdm name="empty_3"/></StgValue>
</bind>
</comp>

<comp id="78" class="1001" name="const_78">
<pin_list>
<pin id="79" dir="1" index="0" bw="1" slack="2147483647"/>
</pin_list>
<bind>
<StgValue><ssdm name="_ssdm_op_SpecLoopName"/></StgValue>
</bind>
</comp>

<comp id="80" class="1001" name="const_80">
<pin_list>
<pin id="81" dir="1" index="0" bw="1" slack="2147483647"/>
</pin_list>
<bind>
<StgValue><ssdm name="empty_0"/></StgValue>
</bind>
</comp>

<comp id="82" class="1001" name="const_82">
<pin_list>
<pin id="83" dir="1" index="0" bw="1" slack="0"/>
</pin_list>
<bind>
<StgValue><ssdm name="_ssdm_op_PartSelect.i8.i16.i32.i32"/></StgValue>
</bind>
</comp>

<comp id="84" class="1001" name="const_84">
<pin_list>
<pin id="85" dir="1" index="0" bw="1" slack="0"/>
</pin_list>
<bind>
<StgValue><ssdm name=""/></StgValue>
</bind>
</comp>

<comp id="86" class="1001" name="const_86">
<pin_list>
<pin id="87" dir="1" index="0" bw="1" slack="0"/>
</pin_list>
<bind>
<StgValue><ssdm name="_ssdm_op_BitConcatenate.i15.i7.i1.i7"/></StgValue>
</bind>
</comp>

<comp id="88" class="1001" name="const_88">
<pin_list>
<pin id="89" dir="1" index="0" bw="1" slack="0"/>
</pin_list>
<bind>
<StgValue><ssdm name=""/></StgValue>
</bind>
</comp>

<comp id="90" class="1001" name="const_90">
<pin_list>
<pin id="91" dir="1" index="0" bw="1" slack="0"/>
</pin_list>
<bind>
<StgValue><ssdm name="_ssdm_op_PartSelect.i3.i10.i32.i32"/></StgValue>
</bind>
</comp>

<comp id="92" class="1001" name="const_92">
<pin_list>
<pin id="93" dir="1" index="0" bw="1" slack="0"/>
</pin_list>
<bind>
<StgValue><ssdm name=""/></StgValue>
</bind>
</comp>

<comp id="94" class="1001" name="const_94">
<pin_list>
<pin id="95" dir="1" index="0" bw="1" slack="0"/>
</pin_list>
<bind>
<StgValue><ssdm name=""/></StgValue>
</bind>
</comp>

<comp id="96" class="1004" name="i_fu_96">
<pin_list>
<pin id="97" dir="0" index="0" bw="1" slack="0"/>
<pin id="98" dir="1" index="1" bw="9" slack="0"/>
</pin_list>
<bind>
<opcode="alloca(26) " fcode="alloca"/>
<opset="i/1 "/>
</bind>
</comp>

<comp id="100" class="1004" name="tmp_57_read_fu_100">
<pin_list>
<pin id="101" dir="0" index="0" bw="1" slack="0"/>
<pin id="102" dir="0" index="1" bw="1" slack="0"/>
<pin id="103" dir="1" index="2" bw="1" slack="4"/>
</pin_list>
<bind>
<opcode="read(1150) " fcode="read"/>
<opset="tmp_57/1 "/>
</bind>
</comp>

<comp id="106" class="1004" name="current_time_read_read_fu_106">
<pin_list>
<pin id="107" dir="0" index="0" bw="16" slack="0"/>
<pin id="108" dir="0" index="1" bw="16" slack="0"/>
<pin id="109" dir="1" index="2" bw="16" slack="1"/>
</pin_list>
<bind>
<opcode="read(1150) " fcode="read"/>
<opset="current_time_read/1 "/>
</bind>
</comp>

<comp id="112" class="1004" name="lshr_ln_read_read_fu_112">
<pin_list>
<pin id="113" dir="0" index="0" bw="7" slack="0"/>
<pin id="114" dir="0" index="1" bw="7" slack="0"/>
<pin id="115" dir="1" index="2" bw="7" slack="4"/>
</pin_list>
<bind>
<opcode="read(1150) " fcode="read"/>
<opset="lshr_ln_read/1 "/>
</bind>
</comp>

<comp id="118" class="1004" name="pre_traces_trace_0_addr_gep_fu_118">
<pin_list>
<pin id="119" dir="0" index="0" bw="8" slack="0"/>
<pin id="120" dir="0" index="1" bw="1" slack="0"/>
<pin id="121" dir="0" index="2" bw="7" slack="0"/>
<pin id="122" dir="1" index="3" bw="7" slack="0"/>
</pin_list>
<bind>
<opcode="getelementptr(29) " fcode="getelementptr"/>
<opset="pre_traces_trace_0_addr/1 "/>
</bind>
</comp>

<comp id="125" class="1004" name="pre_traces_last_spike_time_0_addr_gep_fu_125">
<pin_list>
<pin id="126" dir="0" index="0" bw="16" slack="0"/>
<pin id="127" dir="0" index="1" bw="1" slack="0"/>
<pin id="128" dir="0" index="2" bw="7" slack="0"/>
<pin id="129" dir="1" index="3" bw="7" slack="0"/>
</pin_list>
<bind>
<opcode="getelementptr(29) " fcode="getelementptr"/>
<opset="pre_traces_last_spike_time_0_addr/1 "/>
</bind>
</comp>

<comp id="132" class="1004" name="grp_access_fu_132">
<pin_list>
<pin id="133" dir="0" index="0" bw="7" slack="0"/>
<pin id="134" dir="0" index="1" bw="8" slack="2147483647"/>
<pin id="135" dir="0" index="2" bw="0" slack="2147483647"/>
<pin id="136" dir="1" index="3" bw="8" slack="2"/>
</pin_list>
<bind>
<opcode="load(27) " fcode="load"/>
<opset="pre_t_trace_1/1 "/>
</bind>
</comp>

<comp id="138" class="1004" name="grp_access_fu_138">
<pin_list>
<pin id="139" dir="0" index="0" bw="7" slack="0"/>
<pin id="140" dir="0" index="1" bw="16" slack="2147483647"/>
<pin id="141" dir="0" index="2" bw="0" slack="2147483647"/>
<pin id="142" dir="1" index="3" bw="16" slack="0"/>
</pin_list>
<bind>
<opcode="load(27) " fcode="load"/>
<opset="pre_t_last_spike_time_1/1 "/>
</bind>
</comp>

<comp id="144" class="1004" name="pre_traces_last_spike_time_1_addr_gep_fu_144">
<pin_list>
<pin id="145" dir="0" index="0" bw="16" slack="0"/>
<pin id="146" dir="0" index="1" bw="1" slack="0"/>
<pin id="147" dir="0" index="2" bw="7" slack="0"/>
<pin id="148" dir="1" index="3" bw="7" slack="0"/>
</pin_list>
<bind>
<opcode="getelementptr(29) " fcode="getelementptr"/>
<opset="pre_traces_last_spike_time_1_addr/1 "/>
</bind>
</comp>

<comp id="151" class="1004" name="grp_access_fu_151">
<pin_list>
<pin id="152" dir="0" index="0" bw="7" slack="0"/>
<pin id="153" dir="0" index="1" bw="16" slack="2147483647"/>
<pin id="154" dir="0" index="2" bw="0" slack="2147483647"/>
<pin id="155" dir="1" index="3" bw="16" slack="0"/>
</pin_list>
<bind>
<opcode="load(27) " fcode="load"/>
<opset="pre_t_last_spike_time/1 "/>
</bind>
</comp>

<comp id="157" class="1004" name="EXP_DECAY_LUT_addr_gep_fu_157">
<pin_list>
<pin id="158" dir="0" index="0" bw="8" slack="0"/>
<pin id="159" dir="0" index="1" bw="1" slack="0"/>
<pin id="160" dir="0" index="2" bw="16" slack="0"/>
<pin id="161" dir="1" index="3" bw="4" slack="0"/>
</pin_list>
<bind>
<opcode="getelementptr(29) " fcode="getelementptr"/>
<opset="EXP_DECAY_LUT_addr/3 "/>
</bind>
</comp>

<comp id="164" class="1004" name="grp_access_fu_164">
<pin_list>
<pin id="165" dir="0" index="0" bw="4" slack="0"/>
<pin id="166" dir="0" index="1" bw="8" slack="2147483647"/>
<pin id="167" dir="0" index="2" bw="0" slack="2147483647"/>
<pin id="168" dir="1" index="3" bw="8" slack="0"/>
</pin_list>
<bind>
<opcode="load(27) " fcode="load"/>
<opset="EXP_DECAY_LUT_load/3 EXP_DECAY_LUT_load_2/4 "/>
</bind>
</comp>

<comp id="170" class="1004" name="pre_traces_trace_1_addr_gep_fu_170">
<pin_list>
<pin id="171" dir="0" index="0" bw="8" slack="0"/>
<pin id="172" dir="0" index="1" bw="1" slack="0"/>
<pin id="173" dir="0" index="2" bw="7" slack="2"/>
<pin id="174" dir="1" index="3" bw="7" slack="0"/>
</pin_list>
<bind>
<opcode="getelementptr(29) " fcode="getelementptr"/>
<opset="pre_traces_trace_1_addr/3 "/>
</bind>
</comp>

<comp id="177" class="1004" name="grp_access_fu_177">
<pin_list>
<pin id="178" dir="0" index="0" bw="7" slack="0"/>
<pin id="179" dir="0" index="1" bw="8" slack="2147483647"/>
<pin id="180" dir="0" index="2" bw="0" slack="2147483647"/>
<pin id="181" dir="1" index="3" bw="8" slack="1"/>
</pin_list>
<bind>
<opcode="load(27) " fcode="load"/>
<opset="pre_t_trace/3 "/>
</bind>
</comp>

<comp id="183" class="1004" name="EXP_DECAY_LUT_addr_2_gep_fu_183">
<pin_list>
<pin id="184" dir="0" index="0" bw="8" slack="0"/>
<pin id="185" dir="0" index="1" bw="1" slack="0"/>
<pin id="186" dir="0" index="2" bw="16" slack="0"/>
<pin id="187" dir="1" index="3" bw="4" slack="0"/>
</pin_list>
<bind>
<opcode="getelementptr(29) " fcode="getelementptr"/>
<opset="EXP_DECAY_LUT_addr_2/4 "/>
</bind>
</comp>

<comp id="191" class="1004" name="p_ZL13weight_memory_0_addr_gep_fu_191">
<pin_list>
<pin id="192" dir="0" index="0" bw="8" slack="0"/>
<pin id="193" dir="0" index="1" bw="1" slack="0"/>
<pin id="194" dir="0" index="2" bw="15" slack="0"/>
<pin id="195" dir="1" index="3" bw="15" slack="0"/>
</pin_list>
<bind>
<opcode="getelementptr(29) " fcode="getelementptr"/>
<opset="p_ZL13weight_memory_0_addr/5 "/>
</bind>
</comp>

<comp id="198" class="1004" name="p_ZL13weight_memory_1_addr_gep_fu_198">
<pin_list>
<pin id="199" dir="0" index="0" bw="8" slack="0"/>
<pin id="200" dir="0" index="1" bw="1" slack="0"/>
<pin id="201" dir="0" index="2" bw="15" slack="0"/>
<pin id="202" dir="1" index="3" bw="15" slack="0"/>
</pin_list>
<bind>
<opcode="getelementptr(29) " fcode="getelementptr"/>
<opset="p_ZL13weight_memory_1_addr/5 "/>
</bind>
</comp>

<comp id="205" class="1004" name="grp_access_fu_205">
<pin_list>
<pin id="206" dir="0" index="0" bw="15" slack="0"/>
<pin id="207" dir="0" index="1" bw="8" slack="2147483647"/>
<pin id="208" dir="0" index="2" bw="0" slack="3"/>
<pin id="233" dir="0" index="4" bw="15" slack="0"/>
<pin id="234" dir="0" index="5" bw="8" slack="2147483647"/>
<pin id="235" dir="0" index="6" bw="0" slack="2147483647"/>
<pin id="209" dir="1" index="3" bw="8" slack="0"/>
<pin id="236" dir="1" index="7" bw="8" slack="2147483647"/>
</pin_list>
<bind>
<opcode="load(27) store(28) " fcode="store"/>
<opset="p_ZL13weight_memory_0_load/5 p_ZL13weight_memory_0_load_4/6 store_ln438/8 store_ln438/9 "/>
</bind>
</comp>

<comp id="211" class="1004" name="grp_access_fu_211">
<pin_list>
<pin id="212" dir="0" index="0" bw="15" slack="0"/>
<pin id="213" dir="0" index="1" bw="8" slack="2147483647"/>
<pin id="214" dir="0" index="2" bw="0" slack="3"/>
<pin id="237" dir="0" index="4" bw="15" slack="0"/>
<pin id="238" dir="0" index="5" bw="8" slack="2147483647"/>
<pin id="239" dir="0" index="6" bw="0" slack="2147483647"/>
<pin id="215" dir="1" index="3" bw="8" slack="0"/>
<pin id="240" dir="1" index="7" bw="8" slack="2147483647"/>
</pin_list>
<bind>
<opcode="load(27) store(28) " fcode="store"/>
<opset="p_ZL13weight_memory_1_load/5 p_ZL13weight_memory_1_load_4/6 store_ln438/8 store_ln438/9 "/>
</bind>
</comp>

<comp id="217" class="1004" name="p_ZL13weight_memory_0_addr_4_gep_fu_217">
<pin_list>
<pin id="218" dir="0" index="0" bw="8" slack="0"/>
<pin id="219" dir="0" index="1" bw="1" slack="0"/>
<pin id="220" dir="0" index="2" bw="15" slack="0"/>
<pin id="221" dir="1" index="3" bw="15" slack="0"/>
</pin_list>
<bind>
<opcode="getelementptr(29) " fcode="getelementptr"/>
<opset="p_ZL13weight_memory_0_addr_4/6 "/>
</bind>
</comp>

<comp id="224" class="1004" name="p_ZL13weight_memory_1_addr_4_gep_fu_224">
<pin_list>
<pin id="225" dir="0" index="0" bw="8" slack="0"/>
<pin id="226" dir="0" index="1" bw="1" slack="0"/>
<pin id="227" dir="0" index="2" bw="15" slack="0"/>
<pin id="228" dir="1" index="3" bw="15" slack="0"/>
</pin_list>
<bind>
<opcode="getelementptr(29) " fcode="getelementptr"/>
<opset="p_ZL13weight_memory_1_addr_4/6 "/>
</bind>
</comp>

<comp id="241" class="1004" name="store_ln418_store_fu_241">
<pin_list>
<pin id="242" dir="0" index="0" bw="1" slack="0"/>
<pin id="243" dir="0" index="1" bw="9" slack="0"/>
<pin id="244" dir="1" index="2" bw="0" slack="2147483647"/>
</pin_list>
<bind>
<opcode="store(28) " fcode="store"/>
<opset="store_ln418/1 "/>
</bind>
</comp>

<comp id="246" class="1004" name="i_5_load_fu_246">
<pin_list>
<pin id="247" dir="0" index="0" bw="9" slack="0"/>
<pin id="248" dir="1" index="1" bw="9" slack="0"/>
</pin_list>
<bind>
<opcode="load(27) " fcode="load"/>
<opset="i_5/1 "/>
</bind>
</comp>

<comp id="249" class="1004" name="tmp_58_fu_249">
<pin_list>
<pin id="250" dir="0" index="0" bw="1" slack="0"/>
<pin id="251" dir="0" index="1" bw="9" slack="0"/>
<pin id="252" dir="0" index="2" bw="5" slack="0"/>
<pin id="253" dir="1" index="3" bw="1" slack="1"/>
</pin_list>
<bind>
<opcode="bitselect(1000) " fcode="bitselect"/>
<opset="tmp_58/1 "/>
</bind>
</comp>

<comp id="257" class="1004" name="trunc_ln418_fu_257">
<pin_list>
<pin id="258" dir="0" index="0" bw="9" slack="0"/>
<pin id="259" dir="1" index="1" bw="8" slack="4"/>
</pin_list>
<bind>
<opcode="trunc(33) " fcode="trunc"/>
<opset="trunc_ln418/1 "/>
</bind>
</comp>

<comp id="261" class="1004" name="lshr_ln1_fu_261">
<pin_list>
<pin id="262" dir="0" index="0" bw="7" slack="0"/>
<pin id="263" dir="0" index="1" bw="9" slack="0"/>
<pin id="264" dir="0" index="2" bw="1" slack="0"/>
<pin id="265" dir="0" index="3" bw="4" slack="0"/>
<pin id="266" dir="1" index="4" bw="7" slack="0"/>
</pin_list>
<bind>
<opcode="partselect(1002) " fcode="partselect"/>
<opset="lshr_ln1/1 "/>
</bind>
</comp>

<comp id="271" class="1004" name="zext_ln418_fu_271">
<pin_list>
<pin id="272" dir="0" index="0" bw="7" slack="0"/>
<pin id="273" dir="1" index="1" bw="64" slack="0"/>
</pin_list>
<bind>
<opcode="zext(34) " fcode="zext"/>
<opset="zext_ln418/1 "/>
</bind>
</comp>

<comp id="278" class="1004" name="add_ln418_fu_278">
<pin_list>
<pin id="279" dir="0" index="0" bw="9" slack="0"/>
<pin id="280" dir="0" index="1" bw="3" slack="0"/>
<pin id="281" dir="1" index="2" bw="9" slack="0"/>
</pin_list>
<bind>
<opcode="add(8) " fcode="add"/>
<opset="add_ln418/1 "/>
</bind>
</comp>

<comp id="284" class="1004" name="store_ln418_store_fu_284">
<pin_list>
<pin id="285" dir="0" index="0" bw="9" slack="0"/>
<pin id="286" dir="0" index="1" bw="9" slack="0"/>
<pin id="287" dir="1" index="2" bw="0" slack="2147483647"/>
</pin_list>
<bind>
<opcode="store(28) " fcode="store"/>
<opset="store_ln418/1 "/>
</bind>
</comp>

<comp id="289" class="1004" name="dt_fu_289">
<pin_list>
<pin id="290" dir="0" index="0" bw="16" slack="1"/>
<pin id="291" dir="0" index="1" bw="16" slack="0"/>
<pin id="292" dir="1" index="2" bw="16" slack="0"/>
</pin_list>
<bind>
<opcode="sub(10) " fcode="sub"/>
<opset="dt/2 "/>
</bind>
</comp>

<comp id="294" class="1004" name="tmp_59_fu_294">
<pin_list>
<pin id="295" dir="0" index="0" bw="12" slack="0"/>
<pin id="296" dir="0" index="1" bw="16" slack="0"/>
<pin id="297" dir="0" index="2" bw="4" slack="0"/>
<pin id="298" dir="0" index="3" bw="5" slack="0"/>
<pin id="299" dir="1" index="4" bw="12" slack="0"/>
</pin_list>
<bind>
<opcode="partselect(1002) " fcode="partselect"/>
<opset="tmp_59/2 "/>
</bind>
</comp>

<comp id="304" class="1004" name="icmp_ln321_fu_304">
<pin_list>
<pin id="305" dir="0" index="0" bw="12" slack="0"/>
<pin id="306" dir="0" index="1" bw="12" slack="0"/>
<pin id="307" dir="1" index="2" bw="1" slack="3"/>
</pin_list>
<bind>
<opcode="icmp(45) " fcode="icmp"/>
<opset="icmp_ln321/2 "/>
</bind>
</comp>

<comp id="310" class="1004" name="dt_2_fu_310">
<pin_list>
<pin id="311" dir="0" index="0" bw="16" slack="1"/>
<pin id="312" dir="0" index="1" bw="16" slack="0"/>
<pin id="313" dir="1" index="2" bw="16" slack="0"/>
</pin_list>
<bind>
<opcode="sub(10) " fcode="sub"/>
<opset="dt_2/2 "/>
</bind>
</comp>

<comp id="315" class="1004" name="tmp_61_fu_315">
<pin_list>
<pin id="316" dir="0" index="0" bw="12" slack="0"/>
<pin id="317" dir="0" index="1" bw="16" slack="0"/>
<pin id="318" dir="0" index="2" bw="4" slack="0"/>
<pin id="319" dir="0" index="3" bw="5" slack="0"/>
<pin id="320" dir="1" index="4" bw="12" slack="0"/>
</pin_list>
<bind>
<opcode="partselect(1002) " fcode="partselect"/>
<opset="tmp_61/2 "/>
</bind>
</comp>

<comp id="325" class="1004" name="icmp_ln321_2_fu_325">
<pin_list>
<pin id="326" dir="0" index="0" bw="12" slack="0"/>
<pin id="327" dir="0" index="1" bw="12" slack="0"/>
<pin id="328" dir="1" index="2" bw="1" slack="4"/>
</pin_list>
<bind>
<opcode="icmp(45) " fcode="icmp"/>
<opset="icmp_ln321_2/2 "/>
</bind>
</comp>

<comp id="331" class="1004" name="zext_ln325_6_fu_331">
<pin_list>
<pin id="332" dir="0" index="0" bw="16" slack="1"/>
<pin id="333" dir="1" index="1" bw="64" slack="0"/>
</pin_list>
<bind>
<opcode="zext(34) " fcode="zext"/>
<opset="zext_ln325_6/3 "/>
</bind>
</comp>

<comp id="335" class="1004" name="icmp_ln315_fu_335">
<pin_list>
<pin id="336" dir="0" index="0" bw="8" slack="2"/>
<pin id="337" dir="0" index="1" bw="8" slack="0"/>
<pin id="338" dir="1" index="2" bw="1" slack="1"/>
</pin_list>
<bind>
<opcode="icmp(45) " fcode="icmp"/>
<opset="icmp_ln315/4 "/>
</bind>
</comp>

<comp id="340" class="1004" name="zext_ln325_fu_340">
<pin_list>
<pin id="341" dir="0" index="0" bw="8" slack="2"/>
<pin id="342" dir="1" index="1" bw="16" slack="0"/>
</pin_list>
<bind>
<opcode="zext(34) " fcode="zext"/>
<opset="zext_ln325/4 "/>
</bind>
</comp>

<comp id="343" class="1004" name="zext_ln325_7_fu_343">
<pin_list>
<pin id="344" dir="0" index="0" bw="8" slack="0"/>
<pin id="345" dir="1" index="1" bw="16" slack="0"/>
</pin_list>
<bind>
<opcode="zext(34) " fcode="zext"/>
<opset="zext_ln325_7/4 "/>
</bind>
</comp>

<comp id="347" class="1004" name="mul_ln325_fu_347">
<pin_list>
<pin id="348" dir="0" index="0" bw="8" slack="0"/>
<pin id="349" dir="0" index="1" bw="8" slack="0"/>
<pin id="350" dir="1" index="2" bw="16" slack="1"/>
</pin_list>
<bind>
<opcode="mul(12) " fcode="mul"/>
<opset="mul_ln325/4 "/>
</bind>
</comp>

<comp id="353" class="1004" name="zext_ln325_9_fu_353">
<pin_list>
<pin id="354" dir="0" index="0" bw="16" slack="2"/>
<pin id="355" dir="1" index="1" bw="64" slack="0"/>
</pin_list>
<bind>
<opcode="zext(34) " fcode="zext"/>
<opset="zext_ln325_9/4 "/>
</bind>
</comp>

<comp id="357" class="1004" name="tmp_fu_357">
<pin_list>
<pin id="358" dir="0" index="0" bw="15" slack="0"/>
<pin id="359" dir="0" index="1" bw="8" slack="4"/>
<pin id="360" dir="0" index="2" bw="7" slack="4"/>
<pin id="361" dir="1" index="3" bw="15" slack="0"/>
</pin_list>
<bind>
<opcode="bitconcatenate(1004) " fcode="bitconcatenate"/>
<opset="tmp/5 "/>
</bind>
</comp>

<comp id="363" class="1004" name="zext_ln430_fu_363">
<pin_list>
<pin id="364" dir="0" index="0" bw="15" slack="0"/>
<pin id="365" dir="1" index="1" bw="64" slack="0"/>
</pin_list>
<bind>
<opcode="zext(34) " fcode="zext"/>
<opset="zext_ln430/5 "/>
</bind>
</comp>

<comp id="369" class="1004" name="pre_trace_val_fu_369">
<pin_list>
<pin id="370" dir="0" index="0" bw="8" slack="0"/>
<pin id="371" dir="0" index="1" bw="16" slack="1"/>
<pin id="372" dir="0" index="2" bw="5" slack="0"/>
<pin id="373" dir="0" index="3" bw="5" slack="0"/>
<pin id="374" dir="1" index="4" bw="8" slack="0"/>
</pin_list>
<bind>
<opcode="partselect(1002) " fcode="partselect"/>
<opset="pre_trace_val/5 "/>
</bind>
</comp>

<comp id="378" class="1004" name="or_ln321_fu_378">
<pin_list>
<pin id="379" dir="0" index="0" bw="1" slack="1"/>
<pin id="380" dir="0" index="1" bw="1" slack="3"/>
<pin id="381" dir="1" index="2" bw="1" slack="0"/>
</pin_list>
<bind>
<opcode="or(24) " fcode="or"/>
<opset="or_ln321/5 "/>
</bind>
</comp>

<comp id="382" class="1004" name="pre_trace_val_1_fu_382">
<pin_list>
<pin id="383" dir="0" index="0" bw="1" slack="0"/>
<pin id="384" dir="0" index="1" bw="8" slack="0"/>
<pin id="385" dir="0" index="2" bw="8" slack="0"/>
<pin id="386" dir="1" index="3" bw="8" slack="0"/>
</pin_list>
<bind>
<opcode="select(49) " fcode="select"/>
<opset="pre_trace_val_1/5 "/>
</bind>
</comp>

<comp id="390" class="1004" name="icmp_ln427_fu_390">
<pin_list>
<pin id="391" dir="0" index="0" bw="8" slack="0"/>
<pin id="392" dir="0" index="1" bw="8" slack="0"/>
<pin id="393" dir="1" index="2" bw="1" slack="1"/>
</pin_list>
<bind>
<opcode="icmp(45) " fcode="icmp"/>
<opset="icmp_ln427/5 "/>
</bind>
</comp>

<comp id="396" class="1004" name="icmp_ln315_2_fu_396">
<pin_list>
<pin id="397" dir="0" index="0" bw="8" slack="1"/>
<pin id="398" dir="0" index="1" bw="8" slack="0"/>
<pin id="399" dir="1" index="2" bw="1" slack="1"/>
</pin_list>
<bind>
<opcode="icmp(45) " fcode="icmp"/>
<opset="icmp_ln315_2/5 "/>
</bind>
</comp>

<comp id="401" class="1004" name="zext_ln325_8_fu_401">
<pin_list>
<pin id="402" dir="0" index="0" bw="8" slack="1"/>
<pin id="403" dir="1" index="1" bw="16" slack="0"/>
</pin_list>
<bind>
<opcode="zext(34) " fcode="zext"/>
<opset="zext_ln325_8/5 "/>
</bind>
</comp>

<comp id="404" class="1004" name="zext_ln325_10_fu_404">
<pin_list>
<pin id="405" dir="0" index="0" bw="8" slack="0"/>
<pin id="406" dir="1" index="1" bw="16" slack="0"/>
</pin_list>
<bind>
<opcode="zext(34) " fcode="zext"/>
<opset="zext_ln325_10/5 "/>
</bind>
</comp>

<comp id="408" class="1004" name="mul_ln325_2_fu_408">
<pin_list>
<pin id="409" dir="0" index="0" bw="8" slack="0"/>
<pin id="410" dir="0" index="1" bw="8" slack="0"/>
<pin id="411" dir="1" index="2" bw="16" slack="1"/>
</pin_list>
<bind>
<opcode="mul(12) " fcode="mul"/>
<opset="mul_ln325_2/5 "/>
</bind>
</comp>

<comp id="414" class="1004" name="current_w_fu_414">
<pin_list>
<pin id="415" dir="0" index="0" bw="1" slack="5"/>
<pin id="416" dir="0" index="1" bw="8" slack="0"/>
<pin id="417" dir="0" index="2" bw="8" slack="0"/>
<pin id="418" dir="1" index="3" bw="8" slack="0"/>
</pin_list>
<bind>
<opcode="select(49) " fcode="select"/>
<opset="current_w/6 "/>
</bind>
</comp>

<comp id="421" class="1004" name="distance_fu_421">
<pin_list>
<pin id="422" dir="0" index="0" bw="8" slack="0"/>
<pin id="423" dir="0" index="1" bw="8" slack="0"/>
<pin id="424" dir="1" index="2" bw="8" slack="1"/>
</pin_list>
<bind>
<opcode="sub(10) " fcode="sub"/>
<opset="distance/6 "/>
</bind>
</comp>

<comp id="427" class="1004" name="tmp_36_fu_427">
<pin_list>
<pin id="428" dir="0" index="0" bw="15" slack="0"/>
<pin id="429" dir="0" index="1" bw="7" slack="5"/>
<pin id="430" dir="0" index="2" bw="1" slack="0"/>
<pin id="431" dir="0" index="3" bw="7" slack="5"/>
<pin id="432" dir="1" index="4" bw="15" slack="0"/>
</pin_list>
<bind>
<opcode="bitconcatenate(1004) " fcode="bitconcatenate"/>
<opset="tmp_36/6 "/>
</bind>
</comp>

<comp id="435" class="1004" name="zext_ln430_1_fu_435">
<pin_list>
<pin id="436" dir="0" index="0" bw="15" slack="0"/>
<pin id="437" dir="1" index="1" bw="64" slack="0"/>
</pin_list>
<bind>
<opcode="zext(34) " fcode="zext"/>
<opset="zext_ln430_1/6 "/>
</bind>
</comp>

<comp id="441" class="1004" name="pre_trace_val_2_fu_441">
<pin_list>
<pin id="442" dir="0" index="0" bw="8" slack="0"/>
<pin id="443" dir="0" index="1" bw="16" slack="1"/>
<pin id="444" dir="0" index="2" bw="5" slack="0"/>
<pin id="445" dir="0" index="3" bw="5" slack="0"/>
<pin id="446" dir="1" index="4" bw="8" slack="0"/>
</pin_list>
<bind>
<opcode="partselect(1002) " fcode="partselect"/>
<opset="pre_trace_val_2/6 "/>
</bind>
</comp>

<comp id="450" class="1004" name="or_ln321_2_fu_450">
<pin_list>
<pin id="451" dir="0" index="0" bw="1" slack="1"/>
<pin id="452" dir="0" index="1" bw="1" slack="4"/>
<pin id="453" dir="1" index="2" bw="1" slack="0"/>
</pin_list>
<bind>
<opcode="or(24) " fcode="or"/>
<opset="or_ln321_2/6 "/>
</bind>
</comp>

<comp id="454" class="1004" name="pre_trace_val_3_fu_454">
<pin_list>
<pin id="455" dir="0" index="0" bw="1" slack="0"/>
<pin id="456" dir="0" index="1" bw="8" slack="0"/>
<pin id="457" dir="0" index="2" bw="8" slack="0"/>
<pin id="458" dir="1" index="3" bw="8" slack="0"/>
</pin_list>
<bind>
<opcode="select(49) " fcode="select"/>
<opset="pre_trace_val_3/6 "/>
</bind>
</comp>

<comp id="462" class="1004" name="icmp_ln427_1_fu_462">
<pin_list>
<pin id="463" dir="0" index="0" bw="8" slack="0"/>
<pin id="464" dir="0" index="1" bw="8" slack="0"/>
<pin id="465" dir="1" index="2" bw="1" slack="1"/>
</pin_list>
<bind>
<opcode="icmp(45) " fcode="icmp"/>
<opset="icmp_ln427_1/6 "/>
</bind>
</comp>

<comp id="468" class="1004" name="sext_ln434_fu_468">
<pin_list>
<pin id="469" dir="0" index="0" bw="8" slack="1"/>
<pin id="470" dir="1" index="1" bw="10" slack="0"/>
</pin_list>
<bind>
<opcode="sext(35) " fcode="sext"/>
<opset="sext_ln434/7 "/>
</bind>
</comp>

<comp id="471" class="1004" name="zext_ln435_fu_471">
<pin_list>
<pin id="472" dir="0" index="0" bw="8" slack="1"/>
<pin id="473" dir="1" index="1" bw="16" slack="0"/>
</pin_list>
<bind>
<opcode="zext(34) " fcode="zext"/>
<opset="zext_ln435/7 "/>
</bind>
</comp>

<comp id="474" class="1004" name="zext_ln435_1_fu_474">
<pin_list>
<pin id="475" dir="0" index="0" bw="8" slack="2"/>
<pin id="476" dir="1" index="1" bw="16" slack="0"/>
</pin_list>
<bind>
<opcode="zext(34) " fcode="zext"/>
<opset="zext_ln435_1/7 "/>
</bind>
</comp>

<comp id="477" class="1004" name="mul_ln435_fu_477">
<pin_list>
<pin id="478" dir="0" index="0" bw="8" slack="0"/>
<pin id="479" dir="0" index="1" bw="8" slack="0"/>
<pin id="480" dir="1" index="2" bw="16" slack="0"/>
</pin_list>
<bind>
<opcode="mul(12) " fcode="mul"/>
<opset="mul_ln435/7 "/>
</bind>
</comp>

<comp id="483" class="1004" name="tmp_s_fu_483">
<pin_list>
<pin id="484" dir="0" index="0" bw="8" slack="0"/>
<pin id="485" dir="0" index="1" bw="16" slack="0"/>
<pin id="486" dir="0" index="2" bw="5" slack="0"/>
<pin id="487" dir="0" index="3" bw="5" slack="0"/>
<pin id="488" dir="1" index="4" bw="8" slack="0"/>
</pin_list>
<bind>
<opcode="partselect(1002) " fcode="partselect"/>
<opset="tmp_s/7 "/>
</bind>
</comp>

<comp id="493" class="1004" name="zext_ln435_4_fu_493">
<pin_list>
<pin id="494" dir="0" index="0" bw="8" slack="0"/>
<pin id="495" dir="1" index="1" bw="10" slack="0"/>
</pin_list>
<bind>
<opcode="zext(34) " fcode="zext"/>
<opset="zext_ln435_4/7 "/>
</bind>
</comp>

<comp id="497" class="1004" name="add_ln438_fu_497">
<pin_list>
<pin id="498" dir="0" index="0" bw="8" slack="0"/>
<pin id="499" dir="0" index="1" bw="8" slack="1"/>
<pin id="500" dir="1" index="2" bw="8" slack="1"/>
</pin_list>
<bind>
<opcode="add(8) " fcode="add"/>
<opset="add_ln438/7 "/>
</bind>
</comp>

<comp id="502" class="1004" name="w_fu_502">
<pin_list>
<pin id="503" dir="0" index="0" bw="8" slack="0"/>
<pin id="504" dir="0" index="1" bw="8" slack="0"/>
<pin id="505" dir="1" index="2" bw="10" slack="0"/>
</pin_list>
<bind>
<opcode="add(8) " fcode="add"/>
<opset="w/7 "/>
</bind>
</comp>

<comp id="508" class="1004" name="tmp_60_fu_508">
<pin_list>
<pin id="509" dir="0" index="0" bw="3" slack="0"/>
<pin id="510" dir="0" index="1" bw="10" slack="0"/>
<pin id="511" dir="0" index="2" bw="4" slack="0"/>
<pin id="512" dir="0" index="3" bw="5" slack="0"/>
<pin id="513" dir="1" index="4" bw="3" slack="1"/>
</pin_list>
<bind>
<opcode="partselect(1002) " fcode="partselect"/>
<opset="tmp_60/7 "/>
</bind>
</comp>

<comp id="518" class="1004" name="current_w_2_fu_518">
<pin_list>
<pin id="519" dir="0" index="0" bw="1" slack="6"/>
<pin id="520" dir="0" index="1" bw="8" slack="0"/>
<pin id="521" dir="0" index="2" bw="8" slack="0"/>
<pin id="522" dir="1" index="3" bw="8" slack="0"/>
</pin_list>
<bind>
<opcode="select(49) " fcode="select"/>
<opset="current_w_2/7 "/>
</bind>
</comp>

<comp id="525" class="1004" name="distance_2_fu_525">
<pin_list>
<pin id="526" dir="0" index="0" bw="8" slack="0"/>
<pin id="527" dir="0" index="1" bw="8" slack="0"/>
<pin id="528" dir="1" index="2" bw="8" slack="1"/>
</pin_list>
<bind>
<opcode="sub(10) " fcode="sub"/>
<opset="distance_2/7 "/>
</bind>
</comp>

<comp id="531" class="1004" name="icmp_ln335_fu_531">
<pin_list>
<pin id="532" dir="0" index="0" bw="3" slack="1"/>
<pin id="533" dir="0" index="1" bw="3" slack="0"/>
<pin id="534" dir="1" index="2" bw="1" slack="0"/>
</pin_list>
<bind>
<opcode="icmp(45) " fcode="icmp"/>
<opset="icmp_ln335/8 "/>
</bind>
</comp>

<comp id="536" class="1004" name="select_ln335_fu_536">
<pin_list>
<pin id="537" dir="0" index="0" bw="1" slack="0"/>
<pin id="538" dir="0" index="1" bw="8" slack="0"/>
<pin id="539" dir="0" index="2" bw="8" slack="1"/>
<pin id="540" dir="1" index="3" bw="8" slack="0"/>
</pin_list>
<bind>
<opcode="select(49) " fcode="select"/>
<opset="select_ln335/8 "/>
</bind>
</comp>

<comp id="545" class="1004" name="sext_ln434_1_fu_545">
<pin_list>
<pin id="546" dir="0" index="0" bw="8" slack="1"/>
<pin id="547" dir="1" index="1" bw="10" slack="0"/>
</pin_list>
<bind>
<opcode="sext(35) " fcode="sext"/>
<opset="sext_ln434_1/8 "/>
</bind>
</comp>

<comp id="548" class="1004" name="zext_ln435_2_fu_548">
<pin_list>
<pin id="549" dir="0" index="0" bw="8" slack="1"/>
<pin id="550" dir="1" index="1" bw="16" slack="0"/>
</pin_list>
<bind>
<opcode="zext(34) " fcode="zext"/>
<opset="zext_ln435_2/8 "/>
</bind>
</comp>

<comp id="551" class="1004" name="zext_ln435_3_fu_551">
<pin_list>
<pin id="552" dir="0" index="0" bw="8" slack="2"/>
<pin id="553" dir="1" index="1" bw="16" slack="0"/>
</pin_list>
<bind>
<opcode="zext(34) " fcode="zext"/>
<opset="zext_ln435_3/8 "/>
</bind>
</comp>

<comp id="554" class="1004" name="mul_ln435_1_fu_554">
<pin_list>
<pin id="555" dir="0" index="0" bw="8" slack="0"/>
<pin id="556" dir="0" index="1" bw="8" slack="0"/>
<pin id="557" dir="1" index="2" bw="16" slack="0"/>
</pin_list>
<bind>
<opcode="mul(12) " fcode="mul"/>
<opset="mul_ln435_1/8 "/>
</bind>
</comp>

<comp id="560" class="1004" name="tmp_37_fu_560">
<pin_list>
<pin id="561" dir="0" index="0" bw="8" slack="0"/>
<pin id="562" dir="0" index="1" bw="16" slack="0"/>
<pin id="563" dir="0" index="2" bw="5" slack="0"/>
<pin id="564" dir="0" index="3" bw="5" slack="0"/>
<pin id="565" dir="1" index="4" bw="8" slack="0"/>
</pin_list>
<bind>
<opcode="partselect(1002) " fcode="partselect"/>
<opset="tmp_37/8 "/>
</bind>
</comp>

<comp id="570" class="1004" name="zext_ln435_5_fu_570">
<pin_list>
<pin id="571" dir="0" index="0" bw="8" slack="0"/>
<pin id="572" dir="1" index="1" bw="10" slack="0"/>
</pin_list>
<bind>
<opcode="zext(34) " fcode="zext"/>
<opset="zext_ln435_5/8 "/>
</bind>
</comp>

<comp id="574" class="1004" name="add_ln438_2_fu_574">
<pin_list>
<pin id="575" dir="0" index="0" bw="8" slack="0"/>
<pin id="576" dir="0" index="1" bw="8" slack="1"/>
<pin id="577" dir="1" index="2" bw="8" slack="1"/>
</pin_list>
<bind>
<opcode="add(8) " fcode="add"/>
<opset="add_ln438_2/8 "/>
</bind>
</comp>

<comp id="579" class="1004" name="w_2_fu_579">
<pin_list>
<pin id="580" dir="0" index="0" bw="8" slack="0"/>
<pin id="581" dir="0" index="1" bw="8" slack="0"/>
<pin id="582" dir="1" index="2" bw="10" slack="0"/>
</pin_list>
<bind>
<opcode="add(8) " fcode="add"/>
<opset="w_2/8 "/>
</bind>
</comp>

<comp id="585" class="1004" name="tmp_62_fu_585">
<pin_list>
<pin id="586" dir="0" index="0" bw="3" slack="0"/>
<pin id="587" dir="0" index="1" bw="10" slack="0"/>
<pin id="588" dir="0" index="2" bw="4" slack="0"/>
<pin id="589" dir="0" index="3" bw="5" slack="0"/>
<pin id="590" dir="1" index="4" bw="3" slack="1"/>
</pin_list>
<bind>
<opcode="partselect(1002) " fcode="partselect"/>
<opset="tmp_62/8 "/>
</bind>
</comp>

<comp id="595" class="1004" name="icmp_ln335_1_fu_595">
<pin_list>
<pin id="596" dir="0" index="0" bw="3" slack="1"/>
<pin id="597" dir="0" index="1" bw="3" slack="0"/>
<pin id="598" dir="1" index="2" bw="1" slack="0"/>
</pin_list>
<bind>
<opcode="icmp(45) " fcode="icmp"/>
<opset="icmp_ln335_1/9 "/>
</bind>
</comp>

<comp id="600" class="1004" name="select_ln335_2_fu_600">
<pin_list>
<pin id="601" dir="0" index="0" bw="1" slack="0"/>
<pin id="602" dir="0" index="1" bw="8" slack="0"/>
<pin id="603" dir="0" index="2" bw="8" slack="1"/>
<pin id="604" dir="1" index="3" bw="8" slack="0"/>
</pin_list>
<bind>
<opcode="select(49) " fcode="select"/>
<opset="select_ln335_2/9 "/>
</bind>
</comp>

<comp id="609" class="1005" name="i_reg_609">
<pin_list>
<pin id="610" dir="0" index="0" bw="9" slack="0"/>
<pin id="611" dir="1" index="1" bw="9" slack="0"/>
</pin_list>
<bind>
<opset="i "/>
</bind>
</comp>

<comp id="616" class="1005" name="tmp_57_reg_616">
<pin_list>
<pin id="617" dir="0" index="0" bw="1" slack="4"/>
<pin id="618" dir="1" index="1" bw="1" slack="5"/>
</pin_list>
<bind>
<opset="tmp_57 "/>
</bind>
</comp>

<comp id="622" class="1005" name="current_time_read_reg_622">
<pin_list>
<pin id="623" dir="0" index="0" bw="16" slack="1"/>
<pin id="624" dir="1" index="1" bw="16" slack="1"/>
</pin_list>
<bind>
<opset="current_time_read "/>
</bind>
</comp>

<comp id="628" class="1005" name="lshr_ln_read_reg_628">
<pin_list>
<pin id="629" dir="0" index="0" bw="7" slack="4"/>
<pin id="630" dir="1" index="1" bw="7" slack="4"/>
</pin_list>
<bind>
<opset="lshr_ln_read "/>
</bind>
</comp>

<comp id="634" class="1005" name="tmp_58_reg_634">
<pin_list>
<pin id="635" dir="0" index="0" bw="1" slack="1"/>
<pin id="636" dir="1" index="1" bw="1" slack="2147483647"/>
</pin_list>
<bind>
<opset="tmp_58 "/>
</bind>
</comp>

<comp id="638" class="1005" name="trunc_ln418_reg_638">
<pin_list>
<pin id="639" dir="0" index="0" bw="8" slack="4"/>
<pin id="640" dir="1" index="1" bw="8" slack="4"/>
</pin_list>
<bind>
<opset="trunc_ln418 "/>
</bind>
</comp>

<comp id="643" class="1005" name="lshr_ln1_reg_643">
<pin_list>
<pin id="644" dir="0" index="0" bw="7" slack="5"/>
<pin id="645" dir="1" index="1" bw="7" slack="5"/>
</pin_list>
<bind>
<opset="lshr_ln1 "/>
</bind>
</comp>

<comp id="648" class="1005" name="zext_ln418_reg_648">
<pin_list>
<pin id="649" dir="0" index="0" bw="64" slack="2"/>
<pin id="650" dir="1" index="1" bw="64" slack="2"/>
</pin_list>
<bind>
<opset="zext_ln418 "/>
</bind>
</comp>

<comp id="653" class="1005" name="pre_traces_trace_0_addr_reg_653">
<pin_list>
<pin id="654" dir="0" index="0" bw="7" slack="1"/>
<pin id="655" dir="1" index="1" bw="7" slack="1"/>
</pin_list>
<bind>
<opset="pre_traces_trace_0_addr "/>
</bind>
</comp>

<comp id="658" class="1005" name="pre_traces_last_spike_time_0_addr_reg_658">
<pin_list>
<pin id="659" dir="0" index="0" bw="7" slack="1"/>
<pin id="660" dir="1" index="1" bw="7" slack="1"/>
</pin_list>
<bind>
<opset="pre_traces_last_spike_time_0_addr "/>
</bind>
</comp>

<comp id="663" class="1005" name="pre_traces_last_spike_time_1_addr_reg_663">
<pin_list>
<pin id="664" dir="0" index="0" bw="7" slack="1"/>
<pin id="665" dir="1" index="1" bw="7" slack="1"/>
</pin_list>
<bind>
<opset="pre_traces_last_spike_time_1_addr "/>
</bind>
</comp>

<comp id="668" class="1005" name="pre_t_trace_1_reg_668">
<pin_list>
<pin id="669" dir="0" index="0" bw="8" slack="2"/>
<pin id="670" dir="1" index="1" bw="8" slack="2"/>
</pin_list>
<bind>
<opset="pre_t_trace_1 "/>
</bind>
</comp>

<comp id="674" class="1005" name="dt_reg_674">
<pin_list>
<pin id="675" dir="0" index="0" bw="16" slack="1"/>
<pin id="676" dir="1" index="1" bw="16" slack="1"/>
</pin_list>
<bind>
<opset="dt "/>
</bind>
</comp>

<comp id="679" class="1005" name="icmp_ln321_reg_679">
<pin_list>
<pin id="680" dir="0" index="0" bw="1" slack="3"/>
<pin id="681" dir="1" index="1" bw="1" slack="3"/>
</pin_list>
<bind>
<opset="icmp_ln321 "/>
</bind>
</comp>

<comp id="684" class="1005" name="dt_2_reg_684">
<pin_list>
<pin id="685" dir="0" index="0" bw="16" slack="2"/>
<pin id="686" dir="1" index="1" bw="16" slack="2"/>
</pin_list>
<bind>
<opset="dt_2 "/>
</bind>
</comp>

<comp id="689" class="1005" name="icmp_ln321_2_reg_689">
<pin_list>
<pin id="690" dir="0" index="0" bw="1" slack="4"/>
<pin id="691" dir="1" index="1" bw="1" slack="4"/>
</pin_list>
<bind>
<opset="icmp_ln321_2 "/>
</bind>
</comp>

<comp id="694" class="1005" name="EXP_DECAY_LUT_addr_reg_694">
<pin_list>
<pin id="695" dir="0" index="0" bw="4" slack="1"/>
<pin id="696" dir="1" index="1" bw="4" slack="1"/>
</pin_list>
<bind>
<opset="EXP_DECAY_LUT_addr "/>
</bind>
</comp>

<comp id="699" class="1005" name="pre_traces_trace_1_addr_reg_699">
<pin_list>
<pin id="700" dir="0" index="0" bw="7" slack="1"/>
<pin id="701" dir="1" index="1" bw="7" slack="1"/>
</pin_list>
<bind>
<opset="pre_traces_trace_1_addr "/>
</bind>
</comp>

<comp id="704" class="1005" name="icmp_ln315_reg_704">
<pin_list>
<pin id="705" dir="0" index="0" bw="1" slack="1"/>
<pin id="706" dir="1" index="1" bw="1" slack="1"/>
</pin_list>
<bind>
<opset="icmp_ln315 "/>
</bind>
</comp>

<comp id="709" class="1005" name="mul_ln325_reg_709">
<pin_list>
<pin id="710" dir="0" index="0" bw="16" slack="1"/>
<pin id="711" dir="1" index="1" bw="16" slack="1"/>
</pin_list>
<bind>
<opset="mul_ln325 "/>
</bind>
</comp>

<comp id="714" class="1005" name="pre_t_trace_reg_714">
<pin_list>
<pin id="715" dir="0" index="0" bw="8" slack="1"/>
<pin id="716" dir="1" index="1" bw="8" slack="1"/>
</pin_list>
<bind>
<opset="pre_t_trace "/>
</bind>
</comp>

<comp id="720" class="1005" name="EXP_DECAY_LUT_addr_2_reg_720">
<pin_list>
<pin id="721" dir="0" index="0" bw="4" slack="1"/>
<pin id="722" dir="1" index="1" bw="4" slack="1"/>
</pin_list>
<bind>
<opset="EXP_DECAY_LUT_addr_2 "/>
</bind>
</comp>

<comp id="725" class="1005" name="p_ZL13weight_memory_0_addr_reg_725">
<pin_list>
<pin id="726" dir="0" index="0" bw="15" slack="1"/>
<pin id="727" dir="1" index="1" bw="15" slack="1"/>
</pin_list>
<bind>
<opset="p_ZL13weight_memory_0_addr "/>
</bind>
</comp>

<comp id="731" class="1005" name="p_ZL13weight_memory_1_addr_reg_731">
<pin_list>
<pin id="732" dir="0" index="0" bw="15" slack="1"/>
<pin id="733" dir="1" index="1" bw="15" slack="1"/>
</pin_list>
<bind>
<opset="p_ZL13weight_memory_1_addr "/>
</bind>
</comp>

<comp id="737" class="1005" name="pre_trace_val_1_reg_737">
<pin_list>
<pin id="738" dir="0" index="0" bw="8" slack="2"/>
<pin id="739" dir="1" index="1" bw="8" slack="2"/>
</pin_list>
<bind>
<opset="pre_trace_val_1 "/>
</bind>
</comp>

<comp id="742" class="1005" name="icmp_ln427_reg_742">
<pin_list>
<pin id="743" dir="0" index="0" bw="1" slack="1"/>
<pin id="744" dir="1" index="1" bw="1" slack="2147483647"/>
</pin_list>
<bind>
<opset="icmp_ln427 "/>
</bind>
</comp>

<comp id="746" class="1005" name="icmp_ln315_2_reg_746">
<pin_list>
<pin id="747" dir="0" index="0" bw="1" slack="1"/>
<pin id="748" dir="1" index="1" bw="1" slack="1"/>
</pin_list>
<bind>
<opset="icmp_ln315_2 "/>
</bind>
</comp>

<comp id="751" class="1005" name="mul_ln325_2_reg_751">
<pin_list>
<pin id="752" dir="0" index="0" bw="16" slack="1"/>
<pin id="753" dir="1" index="1" bw="16" slack="1"/>
</pin_list>
<bind>
<opset="mul_ln325_2 "/>
</bind>
</comp>

<comp id="756" class="1005" name="current_w_reg_756">
<pin_list>
<pin id="757" dir="0" index="0" bw="8" slack="1"/>
<pin id="758" dir="1" index="1" bw="8" slack="1"/>
</pin_list>
<bind>
<opset="current_w "/>
</bind>
</comp>

<comp id="762" class="1005" name="distance_reg_762">
<pin_list>
<pin id="763" dir="0" index="0" bw="8" slack="1"/>
<pin id="764" dir="1" index="1" bw="8" slack="1"/>
</pin_list>
<bind>
<opset="distance "/>
</bind>
</comp>

<comp id="767" class="1005" name="p_ZL13weight_memory_0_addr_4_reg_767">
<pin_list>
<pin id="768" dir="0" index="0" bw="15" slack="1"/>
<pin id="769" dir="1" index="1" bw="15" slack="1"/>
</pin_list>
<bind>
<opset="p_ZL13weight_memory_0_addr_4 "/>
</bind>
</comp>

<comp id="773" class="1005" name="p_ZL13weight_memory_1_addr_4_reg_773">
<pin_list>
<pin id="774" dir="0" index="0" bw="15" slack="1"/>
<pin id="775" dir="1" index="1" bw="15" slack="1"/>
</pin_list>
<bind>
<opset="p_ZL13weight_memory_1_addr_4 "/>
</bind>
</comp>

<comp id="779" class="1005" name="pre_trace_val_3_reg_779">
<pin_list>
<pin id="780" dir="0" index="0" bw="8" slack="2"/>
<pin id="781" dir="1" index="1" bw="8" slack="2"/>
</pin_list>
<bind>
<opset="pre_trace_val_3 "/>
</bind>
</comp>

<comp id="784" class="1005" name="icmp_ln427_1_reg_784">
<pin_list>
<pin id="785" dir="0" index="0" bw="1" slack="1"/>
<pin id="786" dir="1" index="1" bw="1" slack="2147483647"/>
</pin_list>
<bind>
<opset="icmp_ln427_1 "/>
</bind>
</comp>

<comp id="788" class="1005" name="add_ln438_reg_788">
<pin_list>
<pin id="789" dir="0" index="0" bw="8" slack="1"/>
<pin id="790" dir="1" index="1" bw="8" slack="1"/>
</pin_list>
<bind>
<opset="add_ln438 "/>
</bind>
</comp>

<comp id="793" class="1005" name="tmp_60_reg_793">
<pin_list>
<pin id="794" dir="0" index="0" bw="3" slack="1"/>
<pin id="795" dir="1" index="1" bw="3" slack="1"/>
</pin_list>
<bind>
<opset="tmp_60 "/>
</bind>
</comp>

<comp id="798" class="1005" name="current_w_2_reg_798">
<pin_list>
<pin id="799" dir="0" index="0" bw="8" slack="1"/>
<pin id="800" dir="1" index="1" bw="8" slack="1"/>
</pin_list>
<bind>
<opset="current_w_2 "/>
</bind>
</comp>

<comp id="804" class="1005" name="distance_2_reg_804">
<pin_list>
<pin id="805" dir="0" index="0" bw="8" slack="1"/>
<pin id="806" dir="1" index="1" bw="8" slack="1"/>
</pin_list>
<bind>
<opset="distance_2 "/>
</bind>
</comp>

<comp id="809" class="1005" name="add_ln438_2_reg_809">
<pin_list>
<pin id="810" dir="0" index="0" bw="8" slack="1"/>
<pin id="811" dir="1" index="1" bw="8" slack="1"/>
</pin_list>
<bind>
<opset="add_ln438_2 "/>
</bind>
</comp>

<comp id="814" class="1005" name="tmp_62_reg_814">
<pin_list>
<pin id="815" dir="0" index="0" bw="3" slack="1"/>
<pin id="816" dir="1" index="1" bw="3" slack="1"/>
</pin_list>
<bind>
<opset="tmp_62 "/>
</bind>
</comp>

</comp_list>

<net_list>
<net id="99"><net_src comp="20" pin="0"/><net_sink comp="96" pin=0"/></net>

<net id="104"><net_src comp="32" pin="0"/><net_sink comp="100" pin=0"/></net>

<net id="105"><net_src comp="4" pin="0"/><net_sink comp="100" pin=1"/></net>

<net id="110"><net_src comp="34" pin="0"/><net_sink comp="106" pin=0"/></net>

<net id="111"><net_src comp="2" pin="0"/><net_sink comp="106" pin=1"/></net>

<net id="116"><net_src comp="36" pin="0"/><net_sink comp="112" pin=0"/></net>

<net id="117"><net_src comp="0" pin="0"/><net_sink comp="112" pin=1"/></net>

<net id="123"><net_src comp="12" pin="0"/><net_sink comp="118" pin=0"/></net>

<net id="124"><net_src comp="52" pin="0"/><net_sink comp="118" pin=1"/></net>

<net id="130"><net_src comp="14" pin="0"/><net_sink comp="125" pin=0"/></net>

<net id="131"><net_src comp="52" pin="0"/><net_sink comp="125" pin=1"/></net>

<net id="137"><net_src comp="118" pin="3"/><net_sink comp="132" pin=0"/></net>

<net id="143"><net_src comp="125" pin="3"/><net_sink comp="138" pin=0"/></net>

<net id="149"><net_src comp="8" pin="0"/><net_sink comp="144" pin=0"/></net>

<net id="150"><net_src comp="52" pin="0"/><net_sink comp="144" pin=1"/></net>

<net id="156"><net_src comp="144" pin="3"/><net_sink comp="151" pin=0"/></net>

<net id="162"><net_src comp="10" pin="0"/><net_sink comp="157" pin=0"/></net>

<net id="163"><net_src comp="52" pin="0"/><net_sink comp="157" pin=1"/></net>

<net id="169"><net_src comp="157" pin="3"/><net_sink comp="164" pin=0"/></net>

<net id="175"><net_src comp="6" pin="0"/><net_sink comp="170" pin=0"/></net>

<net id="176"><net_src comp="52" pin="0"/><net_sink comp="170" pin=1"/></net>

<net id="182"><net_src comp="170" pin="3"/><net_sink comp="177" pin=0"/></net>

<net id="188"><net_src comp="10" pin="0"/><net_sink comp="183" pin=0"/></net>

<net id="189"><net_src comp="52" pin="0"/><net_sink comp="183" pin=1"/></net>

<net id="190"><net_src comp="183" pin="3"/><net_sink comp="164" pin=0"/></net>

<net id="196"><net_src comp="16" pin="0"/><net_sink comp="191" pin=0"/></net>

<net id="197"><net_src comp="52" pin="0"/><net_sink comp="191" pin=1"/></net>

<net id="203"><net_src comp="18" pin="0"/><net_sink comp="198" pin=0"/></net>

<net id="204"><net_src comp="52" pin="0"/><net_sink comp="198" pin=1"/></net>

<net id="210"><net_src comp="191" pin="3"/><net_sink comp="205" pin=0"/></net>

<net id="216"><net_src comp="198" pin="3"/><net_sink comp="211" pin=0"/></net>

<net id="222"><net_src comp="16" pin="0"/><net_sink comp="217" pin=0"/></net>

<net id="223"><net_src comp="52" pin="0"/><net_sink comp="217" pin=1"/></net>

<net id="229"><net_src comp="18" pin="0"/><net_sink comp="224" pin=0"/></net>

<net id="230"><net_src comp="52" pin="0"/><net_sink comp="224" pin=1"/></net>

<net id="231"><net_src comp="217" pin="3"/><net_sink comp="205" pin=0"/></net>

<net id="232"><net_src comp="224" pin="3"/><net_sink comp="211" pin=0"/></net>

<net id="245"><net_src comp="38" pin="0"/><net_sink comp="241" pin=0"/></net>

<net id="254"><net_src comp="40" pin="0"/><net_sink comp="249" pin=0"/></net>

<net id="255"><net_src comp="246" pin="1"/><net_sink comp="249" pin=1"/></net>

<net id="256"><net_src comp="42" pin="0"/><net_sink comp="249" pin=2"/></net>

<net id="260"><net_src comp="246" pin="1"/><net_sink comp="257" pin=0"/></net>

<net id="267"><net_src comp="48" pin="0"/><net_sink comp="261" pin=0"/></net>

<net id="268"><net_src comp="246" pin="1"/><net_sink comp="261" pin=1"/></net>

<net id="269"><net_src comp="20" pin="0"/><net_sink comp="261" pin=2"/></net>

<net id="270"><net_src comp="50" pin="0"/><net_sink comp="261" pin=3"/></net>

<net id="274"><net_src comp="261" pin="4"/><net_sink comp="271" pin=0"/></net>

<net id="275"><net_src comp="271" pin="1"/><net_sink comp="118" pin=2"/></net>

<net id="276"><net_src comp="271" pin="1"/><net_sink comp="125" pin=2"/></net>

<net id="277"><net_src comp="271" pin="1"/><net_sink comp="144" pin=2"/></net>

<net id="282"><net_src comp="246" pin="1"/><net_sink comp="278" pin=0"/></net>

<net id="283"><net_src comp="54" pin="0"/><net_sink comp="278" pin=1"/></net>

<net id="288"><net_src comp="278" pin="2"/><net_sink comp="284" pin=0"/></net>

<net id="293"><net_src comp="138" pin="3"/><net_sink comp="289" pin=1"/></net>

<net id="300"><net_src comp="56" pin="0"/><net_sink comp="294" pin=0"/></net>

<net id="301"><net_src comp="289" pin="2"/><net_sink comp="294" pin=1"/></net>

<net id="302"><net_src comp="58" pin="0"/><net_sink comp="294" pin=2"/></net>

<net id="303"><net_src comp="60" pin="0"/><net_sink comp="294" pin=3"/></net>

<net id="308"><net_src comp="294" pin="4"/><net_sink comp="304" pin=0"/></net>

<net id="309"><net_src comp="62" pin="0"/><net_sink comp="304" pin=1"/></net>

<net id="314"><net_src comp="151" pin="3"/><net_sink comp="310" pin=1"/></net>

<net id="321"><net_src comp="56" pin="0"/><net_sink comp="315" pin=0"/></net>

<net id="322"><net_src comp="310" pin="2"/><net_sink comp="315" pin=1"/></net>

<net id="323"><net_src comp="58" pin="0"/><net_sink comp="315" pin=2"/></net>

<net id="324"><net_src comp="60" pin="0"/><net_sink comp="315" pin=3"/></net>

<net id="329"><net_src comp="315" pin="4"/><net_sink comp="325" pin=0"/></net>

<net id="330"><net_src comp="62" pin="0"/><net_sink comp="325" pin=1"/></net>

<net id="334"><net_src comp="331" pin="1"/><net_sink comp="157" pin=2"/></net>

<net id="339"><net_src comp="64" pin="0"/><net_sink comp="335" pin=1"/></net>

<net id="346"><net_src comp="164" pin="3"/><net_sink comp="343" pin=0"/></net>

<net id="351"><net_src comp="343" pin="1"/><net_sink comp="347" pin=0"/></net>

<net id="352"><net_src comp="340" pin="1"/><net_sink comp="347" pin=1"/></net>

<net id="356"><net_src comp="353" pin="1"/><net_sink comp="183" pin=2"/></net>

<net id="362"><net_src comp="66" pin="0"/><net_sink comp="357" pin=0"/></net>

<net id="366"><net_src comp="357" pin="3"/><net_sink comp="363" pin=0"/></net>

<net id="367"><net_src comp="363" pin="1"/><net_sink comp="191" pin=2"/></net>

<net id="368"><net_src comp="363" pin="1"/><net_sink comp="198" pin=2"/></net>

<net id="375"><net_src comp="82" pin="0"/><net_sink comp="369" pin=0"/></net>

<net id="376"><net_src comp="42" pin="0"/><net_sink comp="369" pin=2"/></net>

<net id="377"><net_src comp="60" pin="0"/><net_sink comp="369" pin=3"/></net>

<net id="387"><net_src comp="378" pin="2"/><net_sink comp="382" pin=0"/></net>

<net id="388"><net_src comp="64" pin="0"/><net_sink comp="382" pin=1"/></net>

<net id="389"><net_src comp="369" pin="4"/><net_sink comp="382" pin=2"/></net>

<net id="394"><net_src comp="382" pin="3"/><net_sink comp="390" pin=0"/></net>

<net id="395"><net_src comp="64" pin="0"/><net_sink comp="390" pin=1"/></net>

<net id="400"><net_src comp="64" pin="0"/><net_sink comp="396" pin=1"/></net>

<net id="407"><net_src comp="164" pin="3"/><net_sink comp="404" pin=0"/></net>

<net id="412"><net_src comp="404" pin="1"/><net_sink comp="408" pin=0"/></net>

<net id="413"><net_src comp="401" pin="1"/><net_sink comp="408" pin=1"/></net>

<net id="419"><net_src comp="211" pin="3"/><net_sink comp="414" pin=1"/></net>

<net id="420"><net_src comp="205" pin="3"/><net_sink comp="414" pin=2"/></net>

<net id="425"><net_src comp="84" pin="0"/><net_sink comp="421" pin=0"/></net>

<net id="426"><net_src comp="414" pin="3"/><net_sink comp="421" pin=1"/></net>

<net id="433"><net_src comp="86" pin="0"/><net_sink comp="427" pin=0"/></net>

<net id="434"><net_src comp="88" pin="0"/><net_sink comp="427" pin=2"/></net>

<net id="438"><net_src comp="427" pin="4"/><net_sink comp="435" pin=0"/></net>

<net id="439"><net_src comp="435" pin="1"/><net_sink comp="217" pin=2"/></net>

<net id="440"><net_src comp="435" pin="1"/><net_sink comp="224" pin=2"/></net>

<net id="447"><net_src comp="82" pin="0"/><net_sink comp="441" pin=0"/></net>

<net id="448"><net_src comp="42" pin="0"/><net_sink comp="441" pin=2"/></net>

<net id="449"><net_src comp="60" pin="0"/><net_sink comp="441" pin=3"/></net>

<net id="459"><net_src comp="450" pin="2"/><net_sink comp="454" pin=0"/></net>

<net id="460"><net_src comp="64" pin="0"/><net_sink comp="454" pin=1"/></net>

<net id="461"><net_src comp="441" pin="4"/><net_sink comp="454" pin=2"/></net>

<net id="466"><net_src comp="454" pin="3"/><net_sink comp="462" pin=0"/></net>

<net id="467"><net_src comp="64" pin="0"/><net_sink comp="462" pin=1"/></net>

<net id="481"><net_src comp="471" pin="1"/><net_sink comp="477" pin=0"/></net>

<net id="482"><net_src comp="474" pin="1"/><net_sink comp="477" pin=1"/></net>

<net id="489"><net_src comp="82" pin="0"/><net_sink comp="483" pin=0"/></net>

<net id="490"><net_src comp="477" pin="2"/><net_sink comp="483" pin=1"/></net>

<net id="491"><net_src comp="42" pin="0"/><net_sink comp="483" pin=2"/></net>

<net id="492"><net_src comp="60" pin="0"/><net_sink comp="483" pin=3"/></net>

<net id="496"><net_src comp="483" pin="4"/><net_sink comp="493" pin=0"/></net>

<net id="501"><net_src comp="483" pin="4"/><net_sink comp="497" pin=0"/></net>

<net id="506"><net_src comp="493" pin="1"/><net_sink comp="502" pin=0"/></net>

<net id="507"><net_src comp="468" pin="1"/><net_sink comp="502" pin=1"/></net>

<net id="514"><net_src comp="90" pin="0"/><net_sink comp="508" pin=0"/></net>

<net id="515"><net_src comp="502" pin="2"/><net_sink comp="508" pin=1"/></net>

<net id="516"><net_src comp="50" pin="0"/><net_sink comp="508" pin=2"/></net>

<net id="517"><net_src comp="92" pin="0"/><net_sink comp="508" pin=3"/></net>

<net id="523"><net_src comp="211" pin="3"/><net_sink comp="518" pin=1"/></net>

<net id="524"><net_src comp="205" pin="3"/><net_sink comp="518" pin=2"/></net>

<net id="529"><net_src comp="84" pin="0"/><net_sink comp="525" pin=0"/></net>

<net id="530"><net_src comp="518" pin="3"/><net_sink comp="525" pin=1"/></net>

<net id="535"><net_src comp="94" pin="0"/><net_sink comp="531" pin=1"/></net>

<net id="541"><net_src comp="531" pin="2"/><net_sink comp="536" pin=0"/></net>

<net id="542"><net_src comp="84" pin="0"/><net_sink comp="536" pin=1"/></net>

<net id="543"><net_src comp="536" pin="3"/><net_sink comp="205" pin=4"/></net>

<net id="544"><net_src comp="536" pin="3"/><net_sink comp="211" pin=4"/></net>

<net id="558"><net_src comp="548" pin="1"/><net_sink comp="554" pin=0"/></net>

<net id="559"><net_src comp="551" pin="1"/><net_sink comp="554" pin=1"/></net>

<net id="566"><net_src comp="82" pin="0"/><net_sink comp="560" pin=0"/></net>

<net id="567"><net_src comp="554" pin="2"/><net_sink comp="560" pin=1"/></net>

<net id="568"><net_src comp="42" pin="0"/><net_sink comp="560" pin=2"/></net>

<net id="569"><net_src comp="60" pin="0"/><net_sink comp="560" pin=3"/></net>

<net id="573"><net_src comp="560" pin="4"/><net_sink comp="570" pin=0"/></net>

<net id="578"><net_src comp="560" pin="4"/><net_sink comp="574" pin=0"/></net>

<net id="583"><net_src comp="570" pin="1"/><net_sink comp="579" pin=0"/></net>

<net id="584"><net_src comp="545" pin="1"/><net_sink comp="579" pin=1"/></net>

<net id="591"><net_src comp="90" pin="0"/><net_sink comp="585" pin=0"/></net>

<net id="592"><net_src comp="579" pin="2"/><net_sink comp="585" pin=1"/></net>

<net id="593"><net_src comp="50" pin="0"/><net_sink comp="585" pin=2"/></net>

<net id="594"><net_src comp="92" pin="0"/><net_sink comp="585" pin=3"/></net>

<net id="599"><net_src comp="94" pin="0"/><net_sink comp="595" pin=1"/></net>

<net id="605"><net_src comp="595" pin="2"/><net_sink comp="600" pin=0"/></net>

<net id="606"><net_src comp="84" pin="0"/><net_sink comp="600" pin=1"/></net>

<net id="607"><net_src comp="600" pin="3"/><net_sink comp="205" pin=4"/></net>

<net id="608"><net_src comp="600" pin="3"/><net_sink comp="211" pin=4"/></net>

<net id="612"><net_src comp="96" pin="1"/><net_sink comp="609" pin=0"/></net>

<net id="613"><net_src comp="609" pin="1"/><net_sink comp="241" pin=1"/></net>

<net id="614"><net_src comp="609" pin="1"/><net_sink comp="246" pin=0"/></net>

<net id="615"><net_src comp="609" pin="1"/><net_sink comp="284" pin=1"/></net>

<net id="619"><net_src comp="100" pin="2"/><net_sink comp="616" pin=0"/></net>

<net id="620"><net_src comp="616" pin="1"/><net_sink comp="414" pin=0"/></net>

<net id="621"><net_src comp="616" pin="1"/><net_sink comp="518" pin=0"/></net>

<net id="625"><net_src comp="106" pin="2"/><net_sink comp="622" pin=0"/></net>

<net id="626"><net_src comp="622" pin="1"/><net_sink comp="289" pin=0"/></net>

<net id="627"><net_src comp="622" pin="1"/><net_sink comp="310" pin=0"/></net>

<net id="631"><net_src comp="112" pin="2"/><net_sink comp="628" pin=0"/></net>

<net id="632"><net_src comp="628" pin="1"/><net_sink comp="357" pin=2"/></net>

<net id="633"><net_src comp="628" pin="1"/><net_sink comp="427" pin=3"/></net>

<net id="637"><net_src comp="249" pin="3"/><net_sink comp="634" pin=0"/></net>

<net id="641"><net_src comp="257" pin="1"/><net_sink comp="638" pin=0"/></net>

<net id="642"><net_src comp="638" pin="1"/><net_sink comp="357" pin=1"/></net>

<net id="646"><net_src comp="261" pin="4"/><net_sink comp="643" pin=0"/></net>

<net id="647"><net_src comp="643" pin="1"/><net_sink comp="427" pin=1"/></net>

<net id="651"><net_src comp="271" pin="1"/><net_sink comp="648" pin=0"/></net>

<net id="652"><net_src comp="648" pin="1"/><net_sink comp="170" pin=2"/></net>

<net id="656"><net_src comp="118" pin="3"/><net_sink comp="653" pin=0"/></net>

<net id="657"><net_src comp="653" pin="1"/><net_sink comp="132" pin=0"/></net>

<net id="661"><net_src comp="125" pin="3"/><net_sink comp="658" pin=0"/></net>

<net id="662"><net_src comp="658" pin="1"/><net_sink comp="138" pin=0"/></net>

<net id="666"><net_src comp="144" pin="3"/><net_sink comp="663" pin=0"/></net>

<net id="667"><net_src comp="663" pin="1"/><net_sink comp="151" pin=0"/></net>

<net id="671"><net_src comp="132" pin="3"/><net_sink comp="668" pin=0"/></net>

<net id="672"><net_src comp="668" pin="1"/><net_sink comp="335" pin=0"/></net>

<net id="673"><net_src comp="668" pin="1"/><net_sink comp="340" pin=0"/></net>

<net id="677"><net_src comp="289" pin="2"/><net_sink comp="674" pin=0"/></net>

<net id="678"><net_src comp="674" pin="1"/><net_sink comp="331" pin=0"/></net>

<net id="682"><net_src comp="304" pin="2"/><net_sink comp="679" pin=0"/></net>

<net id="683"><net_src comp="679" pin="1"/><net_sink comp="378" pin=1"/></net>

<net id="687"><net_src comp="310" pin="2"/><net_sink comp="684" pin=0"/></net>

<net id="688"><net_src comp="684" pin="1"/><net_sink comp="353" pin=0"/></net>

<net id="692"><net_src comp="325" pin="2"/><net_sink comp="689" pin=0"/></net>

<net id="693"><net_src comp="689" pin="1"/><net_sink comp="450" pin=1"/></net>

<net id="697"><net_src comp="157" pin="3"/><net_sink comp="694" pin=0"/></net>

<net id="698"><net_src comp="694" pin="1"/><net_sink comp="164" pin=0"/></net>

<net id="702"><net_src comp="170" pin="3"/><net_sink comp="699" pin=0"/></net>

<net id="703"><net_src comp="699" pin="1"/><net_sink comp="177" pin=0"/></net>

<net id="707"><net_src comp="335" pin="2"/><net_sink comp="704" pin=0"/></net>

<net id="708"><net_src comp="704" pin="1"/><net_sink comp="378" pin=0"/></net>

<net id="712"><net_src comp="347" pin="2"/><net_sink comp="709" pin=0"/></net>

<net id="713"><net_src comp="709" pin="1"/><net_sink comp="369" pin=1"/></net>

<net id="717"><net_src comp="177" pin="3"/><net_sink comp="714" pin=0"/></net>

<net id="718"><net_src comp="714" pin="1"/><net_sink comp="396" pin=0"/></net>

<net id="719"><net_src comp="714" pin="1"/><net_sink comp="401" pin=0"/></net>

<net id="723"><net_src comp="183" pin="3"/><net_sink comp="720" pin=0"/></net>

<net id="724"><net_src comp="720" pin="1"/><net_sink comp="164" pin=0"/></net>

<net id="728"><net_src comp="191" pin="3"/><net_sink comp="725" pin=0"/></net>

<net id="729"><net_src comp="725" pin="1"/><net_sink comp="205" pin=0"/></net>

<net id="730"><net_src comp="725" pin="1"/><net_sink comp="205" pin=2"/></net>

<net id="734"><net_src comp="198" pin="3"/><net_sink comp="731" pin=0"/></net>

<net id="735"><net_src comp="731" pin="1"/><net_sink comp="211" pin=0"/></net>

<net id="736"><net_src comp="731" pin="1"/><net_sink comp="211" pin=2"/></net>

<net id="740"><net_src comp="382" pin="3"/><net_sink comp="737" pin=0"/></net>

<net id="741"><net_src comp="737" pin="1"/><net_sink comp="474" pin=0"/></net>

<net id="745"><net_src comp="390" pin="2"/><net_sink comp="742" pin=0"/></net>

<net id="749"><net_src comp="396" pin="2"/><net_sink comp="746" pin=0"/></net>

<net id="750"><net_src comp="746" pin="1"/><net_sink comp="450" pin=0"/></net>

<net id="754"><net_src comp="408" pin="2"/><net_sink comp="751" pin=0"/></net>

<net id="755"><net_src comp="751" pin="1"/><net_sink comp="441" pin=1"/></net>

<net id="759"><net_src comp="414" pin="3"/><net_sink comp="756" pin=0"/></net>

<net id="760"><net_src comp="756" pin="1"/><net_sink comp="468" pin=0"/></net>

<net id="761"><net_src comp="756" pin="1"/><net_sink comp="497" pin=1"/></net>

<net id="765"><net_src comp="421" pin="2"/><net_sink comp="762" pin=0"/></net>

<net id="766"><net_src comp="762" pin="1"/><net_sink comp="471" pin=0"/></net>

<net id="770"><net_src comp="217" pin="3"/><net_sink comp="767" pin=0"/></net>

<net id="771"><net_src comp="767" pin="1"/><net_sink comp="205" pin=0"/></net>

<net id="772"><net_src comp="767" pin="1"/><net_sink comp="205" pin=2"/></net>

<net id="776"><net_src comp="224" pin="3"/><net_sink comp="773" pin=0"/></net>

<net id="777"><net_src comp="773" pin="1"/><net_sink comp="211" pin=0"/></net>

<net id="778"><net_src comp="773" pin="1"/><net_sink comp="211" pin=2"/></net>

<net id="782"><net_src comp="454" pin="3"/><net_sink comp="779" pin=0"/></net>

<net id="783"><net_src comp="779" pin="1"/><net_sink comp="551" pin=0"/></net>

<net id="787"><net_src comp="462" pin="2"/><net_sink comp="784" pin=0"/></net>

<net id="791"><net_src comp="497" pin="2"/><net_sink comp="788" pin=0"/></net>

<net id="792"><net_src comp="788" pin="1"/><net_sink comp="536" pin=2"/></net>

<net id="796"><net_src comp="508" pin="4"/><net_sink comp="793" pin=0"/></net>

<net id="797"><net_src comp="793" pin="1"/><net_sink comp="531" pin=0"/></net>

<net id="801"><net_src comp="518" pin="3"/><net_sink comp="798" pin=0"/></net>

<net id="802"><net_src comp="798" pin="1"/><net_sink comp="545" pin=0"/></net>

<net id="803"><net_src comp="798" pin="1"/><net_sink comp="574" pin=1"/></net>

<net id="807"><net_src comp="525" pin="2"/><net_sink comp="804" pin=0"/></net>

<net id="808"><net_src comp="804" pin="1"/><net_sink comp="548" pin=0"/></net>

<net id="812"><net_src comp="574" pin="2"/><net_sink comp="809" pin=0"/></net>

<net id="813"><net_src comp="809" pin="1"/><net_sink comp="600" pin=2"/></net>

<net id="817"><net_src comp="585" pin="4"/><net_sink comp="814" pin=0"/></net>

<net id="818"><net_src comp="814" pin="1"/><net_sink comp="595" pin=0"/></net>

</net_list>

</model> 
---------------- Datapath Model END ------------------

* FSMD analyzer results:
  - Output states:
	Port: pre_traces_trace_1 | {}
	Port: pre_traces_last_spike_time_1 | {}
	Port: EXP_DECAY_LUT | {}
	Port: pre_traces_trace_0 | {}
	Port: pre_traces_last_spike_time_0 | {}
	Port: p_ZL13weight_memory_0 | {8 9 }
	Port: p_ZL13weight_memory_1 | {8 9 }
 - Input state : 
	Port: process_post_spike_aer_Pipeline_LTP_LOOP : lshr_ln | {1 }
	Port: process_post_spike_aer_Pipeline_LTP_LOOP : current_time | {1 }
	Port: process_post_spike_aer_Pipeline_LTP_LOOP : empty | {1 }
	Port: process_post_spike_aer_Pipeline_LTP_LOOP : pre_traces_trace_1 | {3 4 }
	Port: process_post_spike_aer_Pipeline_LTP_LOOP : pre_traces_last_spike_time_1 | {1 2 }
	Port: process_post_spike_aer_Pipeline_LTP_LOOP : EXP_DECAY_LUT | {3 4 5 }
	Port: process_post_spike_aer_Pipeline_LTP_LOOP : pre_traces_trace_0 | {1 2 }
	Port: process_post_spike_aer_Pipeline_LTP_LOOP : pre_traces_last_spike_time_0 | {1 2 }
	Port: process_post_spike_aer_Pipeline_LTP_LOOP : p_ZL13weight_memory_0 | {5 6 7 }
	Port: process_post_spike_aer_Pipeline_LTP_LOOP : p_ZL13weight_memory_1 | {5 6 7 }
  - Chain level:
	State 1
		store_ln418 : 1
		i_5 : 1
		tmp_58 : 2
		br_ln418 : 3
		trunc_ln418 : 2
		lshr_ln1 : 2
		zext_ln418 : 3
		pre_traces_trace_0_addr : 4
		pre_traces_last_spike_time_0_addr : 4
		pre_t_trace_1 : 5
		pre_t_last_spike_time_1 : 5
		pre_traces_last_spike_time_1_addr : 4
		pre_t_last_spike_time : 5
		add_ln418 : 2
		store_ln418 : 3
	State 2
		dt : 1
		tmp_59 : 2
		icmp_ln321 : 3
		dt_2 : 1
		tmp_61 : 2
		icmp_ln321_2 : 3
	State 3
		EXP_DECAY_LUT_addr : 1
		EXP_DECAY_LUT_load : 2
		pre_t_trace : 1
	State 4
		zext_ln325_7 : 1
		mul_ln325 : 2
		EXP_DECAY_LUT_addr_2 : 1
		EXP_DECAY_LUT_load_2 : 2
	State 5
		zext_ln430 : 1
		p_ZL13weight_memory_0_addr : 2
		p_ZL13weight_memory_1_addr : 2
		icmp_ln427 : 1
		br_ln427 : 2
		p_ZL13weight_memory_0_load : 3
		p_ZL13weight_memory_1_load : 3
		zext_ln325_10 : 1
		mul_ln325_2 : 2
	State 6
		current_w : 1
		distance : 2
		zext_ln430_1 : 1
		p_ZL13weight_memory_0_addr_4 : 2
		p_ZL13weight_memory_1_addr_4 : 2
		icmp_ln427_1 : 1
		br_ln427 : 2
		p_ZL13weight_memory_0_load_4 : 3
		p_ZL13weight_memory_1_load_4 : 3
	State 7
		mul_ln435 : 1
		tmp_s : 2
		zext_ln435_4 : 3
		add_ln438 : 3
		w : 4
		tmp_60 : 5
		current_w_2 : 1
		distance_2 : 2
	State 8
		select_ln335 : 1
		store_ln438 : 2
		store_ln438 : 2
		mul_ln435_1 : 1
		tmp_37 : 2
		zext_ln435_5 : 3
		add_ln438_2 : 3
		w_2 : 4
		tmp_62 : 5
	State 9
		select_ln335_2 : 1
		store_ln438 : 2
		store_ln438 : 2


============================================================
+ Verbose Summary: Datapath Resource usage 
============================================================

* Functional unit list:
|----------|-------------------------------|---------|---------|---------|
| Operation|        Functional Unit        |   DSP   |    FF   |   LUT   |
|----------|-------------------------------|---------|---------|---------|
|          |        mul_ln325_fu_347       |    0    |    0    |    41   |
|    mul   |       mul_ln325_2_fu_408      |    0    |    0    |    41   |
|          |        mul_ln435_fu_477       |    0    |    0    |    41   |
|          |       mul_ln435_1_fu_554      |    0    |    0    |    41   |
|----------|-------------------------------|---------|---------|---------|
|          |       icmp_ln321_fu_304       |    0    |    0    |    12   |
|          |      icmp_ln321_2_fu_325      |    0    |    0    |    12   |
|          |       icmp_ln315_fu_335       |    0    |    0    |    15   |
|   icmp   |       icmp_ln427_fu_390       |    0    |    0    |    15   |
|          |      icmp_ln315_2_fu_396      |    0    |    0    |    15   |
|          |      icmp_ln427_1_fu_462      |    0    |    0    |    15   |
|          |       icmp_ln335_fu_531       |    0    |    0    |    11   |
|          |      icmp_ln335_1_fu_595      |    0    |    0    |    11   |
|----------|-------------------------------|---------|---------|---------|
|          |           dt_fu_289           |    0    |    0    |    23   |
|    sub   |          dt_2_fu_310          |    0    |    0    |    23   |
|          |        distance_fu_421        |    0    |    0    |    15   |
|          |       distance_2_fu_525       |    0    |    0    |    15   |
|----------|-------------------------------|---------|---------|---------|
|          |        add_ln418_fu_278       |    0    |    0    |    14   |
|          |        add_ln438_fu_497       |    0    |    0    |    15   |
|    add   |            w_fu_502           |    0    |    0    |    15   |
|          |       add_ln438_2_fu_574      |    0    |    0    |    15   |
|          |           w_2_fu_579          |    0    |    0    |    15   |
|----------|-------------------------------|---------|---------|---------|
|          |     pre_trace_val_1_fu_382    |    0    |    0    |    8    |
|          |        current_w_fu_414       |    0    |    0    |    8    |
|  select  |     pre_trace_val_3_fu_454    |    0    |    0    |    8    |
|          |       current_w_2_fu_518      |    0    |    0    |    8    |
|          |      select_ln335_fu_536      |    0    |    0    |    8    |
|          |     select_ln335_2_fu_600     |    0    |    0    |    8    |
|----------|-------------------------------|---------|---------|---------|
|    or    |        or_ln321_fu_378        |    0    |    0    |    2    |
|          |       or_ln321_2_fu_450       |    0    |    0    |    2    |
|----------|-------------------------------|---------|---------|---------|
|          |       tmp_57_read_fu_100      |    0    |    0    |    0    |
|   read   | current_time_read_read_fu_106 |    0    |    0    |    0    |
|          |    lshr_ln_read_read_fu_112   |    0    |    0    |    0    |
|----------|-------------------------------|---------|---------|---------|
| bitselect|         tmp_58_fu_249         |    0    |    0    |    0    |
|----------|-------------------------------|---------|---------|---------|
|   trunc  |       trunc_ln418_fu_257      |    0    |    0    |    0    |
|----------|-------------------------------|---------|---------|---------|
|          |        lshr_ln1_fu_261        |    0    |    0    |    0    |
|          |         tmp_59_fu_294         |    0    |    0    |    0    |
|          |         tmp_61_fu_315         |    0    |    0    |    0    |
|          |      pre_trace_val_fu_369     |    0    |    0    |    0    |
|partselect|     pre_trace_val_2_fu_441    |    0    |    0    |    0    |
|          |          tmp_s_fu_483         |    0    |    0    |    0    |
|          |         tmp_60_fu_508         |    0    |    0    |    0    |
|          |         tmp_37_fu_560         |    0    |    0    |    0    |
|          |         tmp_62_fu_585         |    0    |    0    |    0    |
|----------|-------------------------------|---------|---------|---------|
|          |       zext_ln418_fu_271       |    0    |    0    |    0    |
|          |      zext_ln325_6_fu_331      |    0    |    0    |    0    |
|          |       zext_ln325_fu_340       |    0    |    0    |    0    |
|          |      zext_ln325_7_fu_343      |    0    |    0    |    0    |
|          |      zext_ln325_9_fu_353      |    0    |    0    |    0    |
|          |       zext_ln430_fu_363       |    0    |    0    |    0    |
|          |      zext_ln325_8_fu_401      |    0    |    0    |    0    |
|   zext   |      zext_ln325_10_fu_404     |    0    |    0    |    0    |
|          |      zext_ln430_1_fu_435      |    0    |    0    |    0    |
|          |       zext_ln435_fu_471       |    0    |    0    |    0    |
|          |      zext_ln435_1_fu_474      |    0    |    0    |    0    |
|          |      zext_ln435_4_fu_493      |    0    |    0    |    0    |
|          |      zext_ln435_2_fu_548      |    0    |    0    |    0    |
|          |      zext_ln435_3_fu_551      |    0    |    0    |    0    |
|          |      zext_ln435_5_fu_570      |    0    |    0    |    0    |
|----------|-------------------------------|---------|---------|---------|
|bitconcatenate|           tmp_fu_357          |    0    |    0    |    0    |
|          |         tmp_36_fu_427         |    0    |    0    |    0    |
|----------|-------------------------------|---------|---------|---------|
|   sext   |       sext_ln434_fu_468       |    0    |    0    |    0    |
|          |      sext_ln434_1_fu_545      |    0    |    0    |    0    |
|----------|-------------------------------|---------|---------|---------|
|   Total  |                               |    0    |    0    |   472   |
|----------|-------------------------------|---------|---------|---------|

Memories:
N/A

* Register list:
+-----------------------------------------+--------+
|                                         |   FF   |
+-----------------------------------------+--------+
|       EXP_DECAY_LUT_addr_2_reg_720      |    4   |
|        EXP_DECAY_LUT_addr_reg_694       |    4   |
|           add_ln438_2_reg_809           |    8   |
|            add_ln438_reg_788            |    8   |
|        current_time_read_reg_622        |   16   |
|           current_w_2_reg_798           |    8   |
|            current_w_reg_756            |    8   |
|            distance_2_reg_804           |    8   |
|             distance_reg_762            |    8   |
|               dt_2_reg_684              |   16   |
|                dt_reg_674               |   16   |
|                i_reg_609                |    9   |
|           icmp_ln315_2_reg_746          |    1   |
|            icmp_ln315_reg_704           |    1   |
|           icmp_ln321_2_reg_689          |    1   |
|            icmp_ln321_reg_679           |    1   |
|           icmp_ln427_1_reg_784          |    1   |
|            icmp_ln427_reg_742           |    1   |
|             lshr_ln1_reg_643            |    7   |
|           lshr_ln_read_reg_628          |    7   |
|           mul_ln325_2_reg_751           |   16   |
|            mul_ln325_reg_709            |   16   |
|   p_ZL13weight_memory_0_addr_4_reg_767  |   15   |
|    p_ZL13weight_memory_0_addr_reg_725   |   15   |
|   p_ZL13weight_memory_1_addr_4_reg_773  |   15   |
|    p_ZL13weight_memory_1_addr_reg_731   |   15   |
|          pre_t_trace_1_reg_668          |    8   |
|           pre_t_trace_reg_714           |    8   |
|         pre_trace_val_1_reg_737         |    8   |
|         pre_trace_val_3_reg_779         |    8   |
|pre_traces_last_spike_time_0_addr_reg_658|    7   |
|pre_traces_last_spike_time_1_addr_reg_663|    7   |
|     pre_traces_trace_0_addr_reg_653     |    7   |
|     pre_traces_trace_1_addr_reg_699     |    7   |
|              tmp_57_reg_616             |    1   |
|              tmp_58_reg_634             |    1   |
|              tmp_60_reg_793             |    3   |
|              tmp_62_reg_814             |    3   |
|           trunc_ln418_reg_638           |    8   |
|            zext_ln418_reg_648           |   64   |
+-----------------------------------------+--------+
|                  Total                  |   365  |
+-----------------------------------------+--------+

* Multiplexer (MUX) list: 
|-------------------|------|------|------|--------||---------||---------||---------|
|        Comp       |  Pin | Size |  BW  | S x BW ||  Delay  ||    FF   ||   LUT   |
|-------------------|------|------|------|--------||---------||---------||---------|
| grp_access_fu_132 |  p0  |   2  |   7  |   14   ||    0    ||    9    |
| grp_access_fu_138 |  p0  |   2  |   7  |   14   ||    0    ||    9    |
| grp_access_fu_151 |  p0  |   2  |   7  |   14   ||    0    ||    9    |
| grp_access_fu_164 |  p0  |   4  |   4  |   16   ||    0    ||    20   |
| grp_access_fu_177 |  p0  |   2  |   7  |   14   ||    0    ||    9    |
| grp_access_fu_205 |  p0  |   4  |  15  |   60   ||    0    ||    20   |
| grp_access_fu_205 |  p2  |   2  |   0  |    0   ||    0    ||    9    |
| grp_access_fu_205 |  p4  |   2  |  15  |   30   ||    0    ||    9    |
| grp_access_fu_211 |  p0  |   4  |  15  |   60   ||    0    ||    20   |
| grp_access_fu_211 |  p2  |   2  |   0  |    0   ||    0    ||    9    |
| grp_access_fu_211 |  p4  |   2  |  15  |   30   ||    0    ||    9    |
|-------------------|------|------|------|--------||---------||---------||---------|
|       Total       |      |      |      |   252  || 18.1838 ||    0    ||   132   |
|-------------------|------|------|------|--------||---------||---------||---------|



* Summary:
+-----------+--------+--------+--------+--------+
|           |   DSP  |  Delay |   FF   |   LUT  |
+-----------+--------+--------+--------+--------+
|  Function |    0   |    -   |    0   |   472  |
|   Memory  |    -   |    -   |    -   |    -   |
|Multiplexer|    -   |   18   |    0   |   132  |
|  Register |    -   |    -   |   365  |    -   |
+-----------+--------+--------+--------+--------+
|   Total   |    0   |   18   |   365  |   604  |
+-----------+--------+--------+--------+--------+
