

================================================================
== Vitis HLS Report for 'run_encoder_once_Pipeline_ENCODER_LOOP'
================================================================
* Date:           Tue Feb 10 18:59:25 2026

* Version:        2025.2 (Build 6295257 on Nov 14 2025)
* Project:        hls_csim_output
* Solution:       hls (Vivado IP Flow Target)
* Product family: zynq
* Target device:  xc7z020-clg400-1


================================================================
== Performance Estimates
================================================================
+ Timing: 
    * Summary: 
    +--------+----------+----------+------------+
    |  Clock |  Target  | Estimated| Uncertainty|
    +--------+----------+----------+------------+
    |ap_clk  |  10.00 ns|  7.036 ns|     2.70 ns|
    +--------+----------+----------+------------+

+ Latency: 
    * Summary: 
    +---------+---------+-----------+-----------+-----+-----+-------------------+
    |  Latency (cycles) |   Latency (absolute)  |  Interval |      Pipeline     |
    |   min   |   max   |    min    |    max    | min | max |        Type       |
    +---------+---------+-----------+-----------+-----+-----+-------------------+
    |     1574|     1574|  15.740 us|  15.740 us|    0|    0|  loop pipeline stp|
    +---------+---------+-----------+-----------+-----+-----+-------------------+

    + Detail: 
        * Instance: 
        N/A

        * Loop: 
        +----------------+---------+---------+----------+-----------+-----------+------+----------+
        |                |  Latency (cycles) | Iteration|  Initiation Interval  | Trip |          |
        |    Loop Name   |   min   |   max   |  Latency |  achieved |   target  | Count| Pipelined|
        +----------------+---------+---------+----------+-----------+-----------+------+----------+
        |- ENCODER_LOOP  |     1572|     1572|         9|          4|          1|   392|       yes|
        +----------------+---------+---------+----------+-----------+-----------+------+----------+

============================================================
+ Verbose Summary: Synthesis Manager
============================================================
InlineROM: 1
ExposeGlobal: 0
============================================================
+ Verbose Summary: CDFG Model
============================================================
IsTopModel: 0
ResetActiveHigh: 1
IsCombinational: 0
IsDatapathOnly: 0
HasWiredReturn: 1
HasMFsm: 2
HasVarLatency: 1
IsPipeline: 0
IsRtlPipelined: 0
IsInstanceOverlapped: 0
IsDontTouch: 0
HasImplIP: 0
IsGatedGlobalClock: 0

+ Individual pipeline summary: 
  * Pipeline-0: initiation interval (II) = 4, depth = 9


============================================================
+ Verbose Summary: Schedule
============================================================
* Number of FSM states : 9
* Pipeline : 1
  Pipeline-0 : II = 4, D = 9, States = { 1 2 3 4 5 6 7 8 9 }
* Dataflow Pipeline: 0

* FSM state transitions: 
1 --> 2 
2 --> 3 
3 --> 4 
4 --> 5 
5 --> 6 
6 --> 7 
7 --> 8 
8 --> 9 
9 --> 

* FSM state operations: 

State 1 <SV = 0> <Delay = 6.91>
ST_1 : Operation 12 [1/1] (0.00ns)   --->   "%ch = alloca i32 1" [src/snn_top_hls.cpp:75->src/snn_top_hls.cpp:164->src/snn_top_hls.cpp:251]   --->   Operation 12 'alloca' 'ch' <Predicate = true> <Delay = 0.00>
ST_1 : Operation 13 [1/1] (0.00ns)   --->   "%config_delta_threshold_val_read = read i16 @_ssdm_op_Read.ap_auto.i16, i16 %config_delta_threshold_val"   --->   Operation 13 'read' 'config_delta_threshold_val_read' <Predicate = true> <Delay = 0.00>
ST_1 : Operation 14 [1/1] (0.00ns)   --->   "%config_delta_decay_val_read = read i16 @_ssdm_op_Read.ap_auto.i16, i16 %config_delta_decay_val"   --->   Operation 14 'read' 'config_delta_decay_val_read' <Predicate = true> <Delay = 0.00>
ST_1 : Operation 15 [1/1] (0.00ns)   --->   "%zext_ln137_13_read = read i16 @_ssdm_op_Read.ap_auto.i16, i16 %zext_ln137_13"   --->   Operation 15 'read' 'zext_ln137_13_read' <Predicate = true> <Delay = 0.00>
ST_1 : Operation 16 [1/1] (0.00ns)   --->   "%latency_window_reset_1_read = read i1 @_ssdm_op_Read.ap_auto.i1, i1 %latency_window_reset_1"   --->   Operation 16 'read' 'latency_window_reset_1_read' <Predicate = true> <Delay = 0.00>
ST_1 : Operation 17 [1/1] (0.00ns)   --->   "%config_default_weight_val_read = read i8 @_ssdm_op_Read.ap_auto.i8, i8 %config_default_weight_val"   --->   Operation 17 'read' 'config_default_weight_val_read' <Predicate = true> <Delay = 0.00>
ST_1 : Operation 18 [1/1] (0.00ns)   --->   "%zext_ln108_read = read i16 @_ssdm_op_Read.ap_auto.i16, i16 %zext_ln108"   --->   Operation 18 'read' 'zext_ln108_read' <Predicate = true> <Delay = 0.00>
ST_1 : Operation 19 [1/1] (0.00ns)   --->   "%config_two_neuron_enable_val_read = read i1 @_ssdm_op_Read.ap_auto.i1, i1 %config_two_neuron_enable_val"   --->   Operation 19 'read' 'config_two_neuron_enable_val_read' <Predicate = true> <Delay = 0.00>
ST_1 : Operation 20 [1/1] (0.00ns)   --->   "%config_encoding_type_val_read = read i4 @_ssdm_op_Read.ap_auto.i4, i4 %config_encoding_type_val"   --->   Operation 20 'read' 'config_encoding_type_val_read' <Predicate = true> <Delay = 0.00>
ST_1 : Operation 21 [1/1] (0.00ns)   --->   "%config_baseline_val_read = read i8 @_ssdm_op_Read.ap_auto.i8, i8 %config_baseline_val"   --->   Operation 21 'read' 'config_baseline_val_read' <Predicate = true> <Delay = 0.00>
ST_1 : Operation 22 [1/1] (0.00ns)   --->   "%config_num_channels_val_read = read i16 @_ssdm_op_Read.ap_auto.i16, i16 %config_num_channels_val"   --->   Operation 22 'read' 'config_num_channels_val_read' <Predicate = true> <Delay = 0.00>
ST_1 : Operation 23 [1/1] (0.00ns)   --->   "%time_read = read i32 @_ssdm_op_Read.ap_auto.i32, i32 %time_r"   --->   Operation 23 'read' 'time_read' <Predicate = true> <Delay = 0.00>
ST_1 : Operation 24 [1/1] (0.00ns)   --->   "%zext_ln137_13_cast = zext i16 %zext_ln137_13_read"   --->   Operation 24 'zext' 'zext_ln137_13_cast' <Predicate = true> <Delay = 0.00>
ST_1 : Operation 25 [1/1] (0.00ns)   --->   "%zext_ln108_cast = zext i16 %zext_ln108_read"   --->   Operation 25 'zext' 'zext_ln108_cast' <Predicate = true> <Delay = 0.00>
ST_1 : Operation 26 [1/1] (0.00ns)   --->   "%specmemcore_ln0 = specmemcore void @_ssdm_op_SpecMemCore, i32 %p_ZL22encoder_temporal_start_0, i64 666, i64 22, i64 18446744073709551615, i1 0"   --->   Operation 26 'specmemcore' 'specmemcore_ln0' <Predicate = true> <Delay = 0.00>
ST_1 : Operation 27 [1/1] (0.00ns)   --->   "%specmemcore_ln0 = specmemcore void @_ssdm_op_SpecMemCore, i32 %p_ZL22encoder_temporal_start_1, i64 666, i64 22, i64 18446744073709551615, i1 0"   --->   Operation 27 'specmemcore' 'specmemcore_ln0' <Predicate = true> <Delay = 0.00>
ST_1 : Operation 28 [1/1] (0.00ns)   --->   "%specmemcore_ln0 = specmemcore void @_ssdm_op_SpecMemCore, i1 %p_ZL22encoder_temporal_fired_0, i64 666, i64 22, i64 18446744073709551615, i1 0"   --->   Operation 28 'specmemcore' 'specmemcore_ln0' <Predicate = true> <Delay = 0.00>
ST_1 : Operation 29 [1/1] (0.00ns)   --->   "%specmemcore_ln0 = specmemcore void @_ssdm_op_SpecMemCore, i1 %p_ZL22encoder_temporal_fired_1, i64 666, i64 22, i64 18446744073709551615, i1 0"   --->   Operation 29 'specmemcore' 'specmemcore_ln0' <Predicate = true> <Delay = 0.00>
ST_1 : Operation 30 [1/1] (0.00ns)   --->   "%specmemcore_ln0 = specmemcore void @_ssdm_op_SpecMemCore, i16 %p_ZL17encoder_phase_acc_0, i64 666, i64 22, i64 18446744073709551615, i1 0"   --->   Operation 30 'specmemcore' 'specmemcore_ln0' <Predicate = true> <Delay = 0.00>
ST_1 : Operation 31 [1/1] (0.00ns)   --->   "%specmemcore_ln0 = specmemcore void @_ssdm_op_SpecMemCore, i16 %p_ZL17encoder_phase_acc_1, i64 666, i64 22, i64 18446744073709551615, i1 0"   --->   Operation 31 'specmemcore' 'specmemcore_ln0' <Predicate = true> <Delay = 0.00>
ST_1 : Operation 32 [1/1] (0.00ns)   --->   "%specinterface_ln0 = specinterface void @_ssdm_op_SpecInterface, i41 %encoder_spikes, void @empty_35, i32 0, i32 0, void @empty_3, i32 0, i32 0, void @empty_3, void @empty_3, void @empty_3, i32 0, i32 0, i32 0, i32 0, void @empty_3, void @empty_3, i32 4294967295, i32 0, i32 0, i32 0"   --->   Operation 32 'specinterface' 'specinterface_ln0' <Predicate = true> <Delay = 0.00>
ST_1 : Operation 33 [1/1] (0.00ns)   --->   "%zext_ln137 = zext i32 %time_read" [src/snn_top_hls.cpp:137->src/snn_top_hls.cpp:248]   --->   Operation 33 'zext' 'zext_ln137' <Predicate = true> <Delay = 0.00>
ST_1 : Operation 34 [1/1] (1.58ns)   --->   "%store_ln75 = store i10 0, i10 %ch" [src/snn_top_hls.cpp:75->src/snn_top_hls.cpp:164->src/snn_top_hls.cpp:251]   --->   Operation 34 'store' 'store_ln75' <Predicate = true> <Delay = 1.58>
ST_1 : Operation 35 [1/1] (0.00ns)   --->   "%br_ln0 = br void %for.body"   --->   Operation 35 'br' 'br_ln0' <Predicate = true> <Delay = 0.00>
ST_1 : Operation 36 [1/1] (0.00ns)   --->   "%ch_2 = load i10 %ch" [src/snn_top_hls.cpp:192]   --->   Operation 36 'load' 'ch_2' <Predicate = true> <Delay = 0.00>
ST_1 : Operation 37 [1/1] (1.73ns)   --->   "%icmp_ln192 = icmp_ult  i10 %ch_2, i10 784" [src/snn_top_hls.cpp:192]   --->   Operation 37 'icmp' 'icmp_ln192' <Predicate = true> <Delay = 1.73> <CoreInst = "Cmp">   --->   Core 9 'Cmp' <Latency = 0> <II = 1> <Delay = 1.73> <FuncUnit> <Opcode : 'seteq' 'setne' 'setle' 'setge' 'setlt' 'setgt'> <InPorts = 2> <OutPorts = 1>
ST_1 : Operation 38 [1/1] (0.00ns)   --->   "%br_ln192 = br i1 %icmp_ln192, void %return.loopexit.exitStub, void %for.body.split" [src/snn_top_hls.cpp:192]   --->   Operation 38 'br' 'br_ln192' <Predicate = true> <Delay = 0.00>
ST_1 : Operation 39 [1/1] (0.00ns)   --->   "%zext_ln192 = zext i10 %ch_2" [src/snn_top_hls.cpp:192]   --->   Operation 39 'zext' 'zext_ln192' <Predicate = (icmp_ln192)> <Delay = 0.00>
ST_1 : Operation 40 [1/1] (0.00ns)   --->   "%zext_ln192_1 = zext i10 %ch_2" [src/snn_top_hls.cpp:192]   --->   Operation 40 'zext' 'zext_ln192_1' <Predicate = (icmp_ln192)> <Delay = 0.00>
ST_1 : Operation 41 [1/1] (0.00ns)   --->   "%specpipeline_ln192 = specpipeline void @_ssdm_op_SpecPipeline, i32 4294967295, i32 0, i32 0, i32 0, i32 4294967295, void @empty_3" [src/snn_top_hls.cpp:192]   --->   Operation 41 'specpipeline' 'specpipeline_ln192' <Predicate = (icmp_ln192)> <Delay = 0.00>
ST_1 : Operation 42 [1/1] (0.00ns)   --->   "%speclooptripcount_ln192 = speclooptripcount void @_ssdm_op_SpecLoopTripCount, i64 392, i64 392, i64 392" [src/snn_top_hls.cpp:192]   --->   Operation 42 'speclooptripcount' 'speclooptripcount_ln192' <Predicate = (icmp_ln192)> <Delay = 0.00>
ST_1 : Operation 43 [1/1] (0.00ns)   --->   "%specloopname_ln192 = specloopname void @_ssdm_op_SpecLoopName, void @empty_30" [src/snn_top_hls.cpp:192]   --->   Operation 43 'specloopname' 'specloopname_ln192' <Predicate = (icmp_ln192)> <Delay = 0.00>
ST_1 : Operation 44 [1/1] (0.00ns)   --->   "%lshr_ln = partselect i9 @_ssdm_op_PartSelect.i9.i10.i32.i32, i10 %ch_2, i32 1, i32 9" [src/snn_top_hls.cpp:192]   --->   Operation 44 'partselect' 'lshr_ln' <Predicate = (icmp_ln192)> <Delay = 0.00>
ST_1 : Operation 45 [1/1] (0.00ns)   --->   "%zext_ln192_2 = zext i9 %lshr_ln" [src/snn_top_hls.cpp:192]   --->   Operation 45 'zext' 'zext_ln192_2' <Predicate = (icmp_ln192)> <Delay = 0.00>
ST_1 : Operation 46 [1/1] (2.07ns)   --->   "%icmp_ln194 = icmp_ult  i16 %zext_ln192_1, i16 %config_num_channels_val_read" [src/snn_top_hls.cpp:194]   --->   Operation 46 'icmp' 'icmp_ln194' <Predicate = (icmp_ln192)> <Delay = 2.07> <CoreInst = "Cmp">   --->   Core 9 'Cmp' <Latency = 0> <II = 1> <Delay = 2.07> <FuncUnit> <Opcode : 'seteq' 'setne' 'setle' 'setge' 'setlt' 'setgt'> <InPorts = 2> <OutPorts = 1>
ST_1 : Operation 47 [1/1] (0.00ns)   --->   "%br_ln194 = br i1 %icmp_ln194, void %for.inc, void %if.end13" [src/snn_top_hls.cpp:194]   --->   Operation 47 'br' 'br_ln194' <Predicate = (icmp_ln192)> <Delay = 0.00>
ST_1 : Operation 48 [1/1] (0.00ns)   --->   "%p_ZL13encoder_frame_0_addr = getelementptr i8 %p_ZL13encoder_frame_0, i64 0, i64 %zext_ln192_2" [src/snn_top_hls.cpp:195]   --->   Operation 48 'getelementptr' 'p_ZL13encoder_frame_0_addr' <Predicate = (icmp_ln192 & icmp_ln194)> <Delay = 0.00>
ST_1 : Operation 49 [2/2] (3.25ns)   --->   "%input = load i9 %p_ZL13encoder_frame_0_addr" [src/snn_top_hls.cpp:195]   --->   Operation 49 'load' 'input' <Predicate = (icmp_ln192 & icmp_ln194)> <Delay = 3.25> <CoreInst = "RAM">   --->   Core 81 'RAM' <Latency = 1> <II = 1> <Delay = 3.25> <Storage> <Opcode : 'load' 'store'> <Ports = 2> <Width = 8> <Depth = 392> <RAM>
ST_1 : Operation 50 [1/1] (0.00ns)   --->   "%br_ln197 = br i1 %config_two_neuron_enable_val_read, void %if.else, void %if.then14" [src/snn_top_hls.cpp:197]   --->   Operation 50 'br' 'br_ln197' <Predicate = (icmp_ln192 & icmp_ln194)> <Delay = 0.00>
ST_1 : Operation 51 [1/1] (1.73ns)   --->   "%switch_ln240 = switch i4 %config_encoding_type_val_read, void %sw.epilog55, i4 3, void %sw.bb51, i4 1, void %_ZL19encoder_lfsr_randomv.exit.i, i4 2, void %sw.bb48" [src/snn_top_hls.cpp:240]   --->   Operation 51 'switch' 'switch_ln240' <Predicate = (icmp_ln192 & icmp_ln194 & !config_two_neuron_enable_val_read)> <Delay = 1.73>
ST_1 : Operation 52 [1/1] (0.00ns)   --->   "%br_ln128 = br i1 %latency_window_reset_1_read, void %if.end.i38thread-pre-split, void %if.end.i38" [src/snn_top_hls.cpp:128->src/snn_top_hls.cpp:248]   --->   Operation 52 'br' 'br_ln128' <Predicate = (icmp_ln192 & icmp_ln194 & !config_two_neuron_enable_val_read & config_encoding_type_val_read == 2)> <Delay = 0.00>
ST_1 : Operation 53 [1/1] (0.00ns)   --->   "%p_ZL22encoder_temporal_start_0_addr_1 = getelementptr i32 %p_ZL22encoder_temporal_start_0, i64 0, i64 %zext_ln192_2" [src/snn_top_hls.cpp:130->src/snn_top_hls.cpp:248]   --->   Operation 53 'getelementptr' 'p_ZL22encoder_temporal_start_0_addr_1' <Predicate = (icmp_ln192 & icmp_ln194 & !config_two_neuron_enable_val_read & config_encoding_type_val_read == 2 & latency_window_reset_1_read)> <Delay = 0.00>
ST_1 : Operation 54 [1/1] ( I:3.25ns O:3.25ns )   --->   "%store_ln130 = store i32 %time_read, i9 %p_ZL22encoder_temporal_start_0_addr_1" [src/snn_top_hls.cpp:130->src/snn_top_hls.cpp:248]   --->   Operation 54 'store' 'store_ln130' <Predicate = (icmp_ln192 & icmp_ln194 & !config_two_neuron_enable_val_read & config_encoding_type_val_read == 2 & latency_window_reset_1_read)> <Delay = 3.25> <CoreInst = "RAM_2P_BRAM">   --->   Core 90 'RAM_2P_BRAM' <Latency = 1> <II = 1> <Delay = 3.25> <Storage> <Opcode : 'load' 'store'> <Ports = 2> <Width = 32> <Depth = 392> <RAM>
ST_1 : Operation 55 [1/1] (0.00ns)   --->   "%br_ln249 = br void %sw.epilog55" [src/snn_top_hls.cpp:249]   --->   Operation 55 'br' 'br_ln249' <Predicate = (icmp_ln192 & icmp_ln194 & !config_two_neuron_enable_val_read & config_encoding_type_val_read == 2)> <Delay = 0.00>
ST_1 : Operation 56 [1/1] (0.00ns)   --->   "%br_ln246 = br void %sw.epilog55" [src/snn_top_hls.cpp:246]   --->   Operation 56 'br' 'br_ln246' <Predicate = (icmp_ln192 & icmp_ln194 & !config_two_neuron_enable_val_read & config_encoding_type_val_read == 1)> <Delay = 0.00>
ST_1 : Operation 57 [1/1] (0.00ns)   --->   "%br_ln252 = br void %sw.epilog55" [src/snn_top_hls.cpp:252]   --->   Operation 57 'br' 'br_ln252' <Predicate = (icmp_ln192 & icmp_ln194 & !config_two_neuron_enable_val_read & config_encoding_type_val_read == 3)> <Delay = 0.00>
ST_1 : Operation 58 [1/1] (0.00ns)   --->   "%br_ln0 = br void %if.end56"   --->   Operation 58 'br' 'br_ln0' <Predicate = (icmp_ln192 & icmp_ln194 & !config_two_neuron_enable_val_read)> <Delay = 0.00>
ST_1 : Operation 59 [1/1] (1.73ns)   --->   "%switch_ln206 = switch i4 %config_encoding_type_val_read, void %sw.epilog41, i4 3, void %sw.bb25, i4 1, void %_ZL19encoder_lfsr_randomv.exit.i1421, i4 2, void %sw.bb22" [src/snn_top_hls.cpp:206]   --->   Operation 59 'switch' 'switch_ln206' <Predicate = (icmp_ln192 & icmp_ln194 & config_two_neuron_enable_val_read)> <Delay = 1.73>
ST_1 : Operation 60 [1/1] (0.00ns)   --->   "%p_ZL22encoder_temporal_fired_0_addr = getelementptr i1 %p_ZL22encoder_temporal_fired_0, i64 0, i64 %zext_ln192" [src/snn_top_hls.cpp:133->src/snn_top_hls.cpp:213]   --->   Operation 60 'getelementptr' 'p_ZL22encoder_temporal_fired_0_addr' <Predicate = (icmp_ln192 & icmp_ln194 & config_two_neuron_enable_val_read & config_encoding_type_val_read == 2)> <Delay = 0.00>
ST_1 : Operation 61 [1/1] (0.00ns)   --->   "%br_ln128 = br i1 %latency_window_reset_1_read, void %if.end.i1070thread-pre-split, void %if.end.i1070" [src/snn_top_hls.cpp:128->src/snn_top_hls.cpp:213]   --->   Operation 61 'br' 'br_ln128' <Predicate = (icmp_ln192 & icmp_ln194 & config_two_neuron_enable_val_read & config_encoding_type_val_read == 2)> <Delay = 0.00>
ST_1 : Operation 62 [2/2] (3.25ns)   --->   "%p_ZL22encoder_temporal_fired_0_load = load i9 %p_ZL22encoder_temporal_fired_0_addr" [src/snn_top_hls.cpp:133->src/snn_top_hls.cpp:213]   --->   Operation 62 'load' 'p_ZL22encoder_temporal_fired_0_load' <Predicate = (icmp_ln192 & icmp_ln194 & config_two_neuron_enable_val_read & config_encoding_type_val_read == 2 & !latency_window_reset_1_read)> <Delay = 3.25> <CoreInst = "RAM_2P_BRAM">   --->   Core 90 'RAM_2P_BRAM' <Latency = 1> <II = 1> <Delay = 3.25> <Storage> <Opcode : 'load' 'store'> <Ports = 2> <Width = 1> <Depth = 392> <RAM>
ST_1 : Operation 63 [1/1] (0.00ns)   --->   "%p_ZL22encoder_temporal_start_0_addr = getelementptr i32 %p_ZL22encoder_temporal_start_0, i64 0, i64 %zext_ln192" [src/snn_top_hls.cpp:130->src/snn_top_hls.cpp:213]   --->   Operation 63 'getelementptr' 'p_ZL22encoder_temporal_start_0_addr' <Predicate = (icmp_ln192 & icmp_ln194 & config_two_neuron_enable_val_read & config_encoding_type_val_read == 2 & latency_window_reset_1_read)> <Delay = 0.00>
ST_1 : Operation 64 [1/1] ( I:3.25ns O:3.25ns )   --->   "%store_ln130 = store i32 %time_read, i9 %p_ZL22encoder_temporal_start_0_addr" [src/snn_top_hls.cpp:130->src/snn_top_hls.cpp:213]   --->   Operation 64 'store' 'store_ln130' <Predicate = (icmp_ln192 & icmp_ln194 & config_two_neuron_enable_val_read & config_encoding_type_val_read == 2 & latency_window_reset_1_read)> <Delay = 3.25> <CoreInst = "RAM_2P_BRAM">   --->   Core 90 'RAM_2P_BRAM' <Latency = 1> <II = 1> <Delay = 3.25> <Storage> <Opcode : 'load' 'store'> <Ports = 2> <Width = 32> <Depth = 392> <RAM>
ST_1 : Operation 65 [1/1] (0.00ns)   --->   "%p_ZL22encoder_temporal_fired_1_addr = getelementptr i1 %p_ZL22encoder_temporal_fired_1, i64 0, i64 %zext_ln192" [src/snn_top_hls.cpp:133->src/snn_top_hls.cpp:230]   --->   Operation 65 'getelementptr' 'p_ZL22encoder_temporal_fired_1_addr' <Predicate = (icmp_ln192 & icmp_ln194 & config_two_neuron_enable_val_read & config_encoding_type_val_read == 2)> <Delay = 0.00>
ST_1 : Operation 66 [1/1] (0.00ns)   --->   "%br_ln128 = br i1 %latency_window_reset_1_read, void %if.end.i445thread-pre-split, void %if.end.i445" [src/snn_top_hls.cpp:128->src/snn_top_hls.cpp:230]   --->   Operation 66 'br' 'br_ln128' <Predicate = (icmp_ln192 & icmp_ln194 & config_two_neuron_enable_val_read & config_encoding_type_val_read == 2)> <Delay = 0.00>
ST_1 : Operation 67 [2/2] (3.25ns)   --->   "%p_ZL22encoder_temporal_fired_1_load = load i9 %p_ZL22encoder_temporal_fired_1_addr" [src/snn_top_hls.cpp:133->src/snn_top_hls.cpp:230]   --->   Operation 67 'load' 'p_ZL22encoder_temporal_fired_1_load' <Predicate = (icmp_ln192 & icmp_ln194 & config_two_neuron_enable_val_read & config_encoding_type_val_read == 2 & !latency_window_reset_1_read)> <Delay = 3.25> <CoreInst = "RAM_2P_BRAM">   --->   Core 90 'RAM_2P_BRAM' <Latency = 1> <II = 1> <Delay = 3.25> <Storage> <Opcode : 'load' 'store'> <Ports = 2> <Width = 1> <Depth = 392> <RAM>
ST_1 : Operation 68 [1/1] (0.00ns)   --->   "%p_ZL22encoder_temporal_start_1_addr = getelementptr i32 %p_ZL22encoder_temporal_start_1, i64 0, i64 %zext_ln192" [src/snn_top_hls.cpp:130->src/snn_top_hls.cpp:230]   --->   Operation 68 'getelementptr' 'p_ZL22encoder_temporal_start_1_addr' <Predicate = (icmp_ln192 & icmp_ln194 & config_two_neuron_enable_val_read & config_encoding_type_val_read == 2 & latency_window_reset_1_read)> <Delay = 0.00>
ST_1 : Operation 69 [1/1] ( I:3.25ns O:3.25ns )   --->   "%store_ln130 = store i32 %time_read, i9 %p_ZL22encoder_temporal_start_1_addr" [src/snn_top_hls.cpp:130->src/snn_top_hls.cpp:230]   --->   Operation 69 'store' 'store_ln130' <Predicate = (icmp_ln192 & icmp_ln194 & config_two_neuron_enable_val_read & config_encoding_type_val_read == 2 & latency_window_reset_1_read)> <Delay = 3.25> <CoreInst = "RAM_2P_BRAM">   --->   Core 90 'RAM_2P_BRAM' <Latency = 1> <II = 1> <Delay = 3.25> <Storage> <Opcode : 'load' 'store'> <Ports = 2> <Width = 32> <Depth = 392> <RAM>
ST_1 : Operation 70 [1/1] (0.00ns)   --->   "%br_ln231 = br void %sw.epilog41" [src/snn_top_hls.cpp:231]   --->   Operation 70 'br' 'br_ln231' <Predicate = (icmp_ln192 & icmp_ln194 & config_two_neuron_enable_val_read & config_encoding_type_val_read == 2)> <Delay = 0.00>
ST_1 : Operation 71 [1/1] (0.00ns)   --->   "%br_ln228 = br void %sw.epilog41" [src/snn_top_hls.cpp:228]   --->   Operation 71 'br' 'br_ln228' <Predicate = (icmp_ln192 & icmp_ln194 & config_two_neuron_enable_val_read & config_encoding_type_val_read == 1)> <Delay = 0.00>
ST_1 : Operation 72 [1/1] (0.00ns)   --->   "%p_ZL17encoder_phase_acc_0_addr = getelementptr i16 %p_ZL17encoder_phase_acc_0, i64 0, i64 %zext_ln192" [src/snn_top_hls.cpp:155->src/snn_top_hls.cpp:216]   --->   Operation 72 'getelementptr' 'p_ZL17encoder_phase_acc_0_addr' <Predicate = (icmp_ln192 & icmp_ln194 & config_two_neuron_enable_val_read & config_encoding_type_val_read == 3)> <Delay = 0.00>
ST_1 : Operation 73 [2/2] (3.25ns)   --->   "%p_ZL17encoder_phase_acc_0_load = load i9 %p_ZL17encoder_phase_acc_0_addr" [src/snn_top_hls.cpp:155->src/snn_top_hls.cpp:216]   --->   Operation 73 'load' 'p_ZL17encoder_phase_acc_0_load' <Predicate = (icmp_ln192 & icmp_ln194 & config_two_neuron_enable_val_read & config_encoding_type_val_read == 3)> <Delay = 3.25> <CoreInst = "RAM_2P_BRAM">   --->   Core 90 'RAM_2P_BRAM' <Latency = 1> <II = 1> <Delay = 3.25> <Storage> <Opcode : 'load' 'store'> <Ports = 2> <Width = 16> <Depth = 392> <RAM>
ST_1 : Operation 74 [1/1] (0.00ns)   --->   "%p_ZL17encoder_phase_acc_1_addr = getelementptr i16 %p_ZL17encoder_phase_acc_1, i64 0, i64 %zext_ln192" [src/snn_top_hls.cpp:155->src/snn_top_hls.cpp:233]   --->   Operation 74 'getelementptr' 'p_ZL17encoder_phase_acc_1_addr' <Predicate = (icmp_ln192 & icmp_ln194 & config_two_neuron_enable_val_read & config_encoding_type_val_read == 3)> <Delay = 0.00>
ST_1 : Operation 75 [2/2] (3.25ns)   --->   "%p_ZL17encoder_phase_acc_1_load = load i9 %p_ZL17encoder_phase_acc_1_addr" [src/snn_top_hls.cpp:155->src/snn_top_hls.cpp:233]   --->   Operation 75 'load' 'p_ZL17encoder_phase_acc_1_load' <Predicate = (icmp_ln192 & icmp_ln194 & config_two_neuron_enable_val_read & config_encoding_type_val_read == 3)> <Delay = 3.25> <CoreInst = "RAM_2P_BRAM">   --->   Core 90 'RAM_2P_BRAM' <Latency = 1> <II = 1> <Delay = 3.25> <Storage> <Opcode : 'load' 'store'> <Ports = 2> <Width = 16> <Depth = 392> <RAM>
ST_1 : Operation 76 [1/1] (0.00ns)   --->   "%br_ln234 = br void %sw.epilog41" [src/snn_top_hls.cpp:234]   --->   Operation 76 'br' 'br_ln234' <Predicate = (icmp_ln192 & icmp_ln194 & config_two_neuron_enable_val_read & config_encoding_type_val_read == 3)> <Delay = 0.00>
ST_1 : Operation 77 [1/1] (0.00ns)   --->   "%br_ln238 = br void %if.end56" [src/snn_top_hls.cpp:238]   --->   Operation 77 'br' 'br_ln238' <Predicate = (icmp_ln192 & icmp_ln194 & config_two_neuron_enable_val_read)> <Delay = 0.00>
ST_1 : Operation 78 [1/1] (0.00ns)   --->   "%br_ln258 = br void %for.inc" [src/snn_top_hls.cpp:258]   --->   Operation 78 'br' 'br_ln258' <Predicate = (icmp_ln192 & icmp_ln194)> <Delay = 0.00>
ST_1 : Operation 79 [1/1] (0.00ns)   --->   "%or_ln = bitconcatenate i10 @_ssdm_op_BitConcatenate.i10.i9.i1, i9 %lshr_ln, i1 1" [src/snn_top_hls.cpp:192]   --->   Operation 79 'bitconcatenate' 'or_ln' <Predicate = (icmp_ln192)> <Delay = 0.00>
ST_1 : Operation 80 [1/1] (0.00ns)   --->   "%zext_ln192_4 = zext i10 %or_ln" [src/snn_top_hls.cpp:192]   --->   Operation 80 'zext' 'zext_ln192_4' <Predicate = (icmp_ln192)> <Delay = 0.00>
ST_1 : Operation 81 [1/1] (2.07ns)   --->   "%icmp_ln194_1 = icmp_ult  i16 %zext_ln192_4, i16 %config_num_channels_val_read" [src/snn_top_hls.cpp:194]   --->   Operation 81 'icmp' 'icmp_ln194_1' <Predicate = (icmp_ln192)> <Delay = 2.07> <CoreInst = "Cmp">   --->   Core 9 'Cmp' <Latency = 0> <II = 1> <Delay = 2.07> <FuncUnit> <Opcode : 'seteq' 'setne' 'setle' 'setge' 'setlt' 'setgt'> <InPorts = 2> <OutPorts = 1>
ST_1 : Operation 82 [1/1] (0.00ns)   --->   "%p_ZL13encoder_frame_1_addr = getelementptr i8 %p_ZL13encoder_frame_1, i64 0, i64 %zext_ln192_2" [src/snn_top_hls.cpp:195]   --->   Operation 82 'getelementptr' 'p_ZL13encoder_frame_1_addr' <Predicate = (icmp_ln192 & icmp_ln194_1)> <Delay = 0.00>
ST_1 : Operation 83 [2/2] (3.25ns)   --->   "%value_8 = load i9 %p_ZL13encoder_frame_1_addr" [src/snn_top_hls.cpp:195]   --->   Operation 83 'load' 'value_8' <Predicate = (icmp_ln192 & icmp_ln194_1)> <Delay = 3.25> <CoreInst = "RAM">   --->   Core 81 'RAM' <Latency = 1> <II = 1> <Delay = 3.25> <Storage> <Opcode : 'load' 'store'> <Ports = 2> <Width = 8> <Depth = 392> <RAM>
ST_1 : Operation 84 [1/1] (0.00ns)   --->   "%br_ln197 = br i1 %config_two_neuron_enable_val_read, void %if.else.1, void %if.then14.1" [src/snn_top_hls.cpp:197]   --->   Operation 84 'br' 'br_ln197' <Predicate = (icmp_ln192 & icmp_ln194_1)> <Delay = 0.00>
ST_1 : Operation 85 [1/1] (1.73ns)   --->   "%switch_ln240 = switch i4 %config_encoding_type_val_read, void %sw.epilog55.1, i4 3, void %sw.bb51.1, i4 1, void %_ZL19encoder_lfsr_randomv.exit.i.1, i4 2, void %sw.bb48.1" [src/snn_top_hls.cpp:240]   --->   Operation 85 'switch' 'switch_ln240' <Predicate = (icmp_ln192 & !config_two_neuron_enable_val_read & icmp_ln194_1)> <Delay = 1.73>
ST_1 : Operation 86 [1/1] (0.00ns)   --->   "%br_ln128 = br i1 %latency_window_reset_1_read, void %if.end.i38.1thread-pre-split, void %if.end.i38.1" [src/snn_top_hls.cpp:128->src/snn_top_hls.cpp:248]   --->   Operation 86 'br' 'br_ln128' <Predicate = (icmp_ln192 & !config_two_neuron_enable_val_read & config_encoding_type_val_read == 2 & icmp_ln194_1)> <Delay = 0.00>
ST_1 : Operation 87 [1/1] (0.00ns)   --->   "%p_ZL22encoder_temporal_start_1_addr_2 = getelementptr i32 %p_ZL22encoder_temporal_start_1, i64 0, i64 %zext_ln192_2" [src/snn_top_hls.cpp:130->src/snn_top_hls.cpp:248]   --->   Operation 87 'getelementptr' 'p_ZL22encoder_temporal_start_1_addr_2' <Predicate = (icmp_ln192 & !config_two_neuron_enable_val_read & config_encoding_type_val_read == 2 & latency_window_reset_1_read & icmp_ln194_1)> <Delay = 0.00>
ST_1 : Operation 88 [1/1] ( I:3.25ns O:3.25ns )   --->   "%store_ln130 = store i32 %time_read, i9 %p_ZL22encoder_temporal_start_1_addr_2" [src/snn_top_hls.cpp:130->src/snn_top_hls.cpp:248]   --->   Operation 88 'store' 'store_ln130' <Predicate = (icmp_ln192 & !config_two_neuron_enable_val_read & config_encoding_type_val_read == 2 & latency_window_reset_1_read & icmp_ln194_1)> <Delay = 3.25> <CoreInst = "RAM_2P_BRAM">   --->   Core 90 'RAM_2P_BRAM' <Latency = 1> <II = 1> <Delay = 3.25> <Storage> <Opcode : 'load' 'store'> <Ports = 2> <Width = 32> <Depth = 392> <RAM>
ST_1 : Operation 89 [1/1] (0.00ns)   --->   "%br_ln249 = br void %sw.epilog55.1" [src/snn_top_hls.cpp:249]   --->   Operation 89 'br' 'br_ln249' <Predicate = (icmp_ln192 & !config_two_neuron_enable_val_read & config_encoding_type_val_read == 2 & icmp_ln194_1)> <Delay = 0.00>
ST_1 : Operation 90 [1/1] (0.00ns)   --->   "%br_ln246 = br void %sw.epilog55.1" [src/snn_top_hls.cpp:246]   --->   Operation 90 'br' 'br_ln246' <Predicate = (icmp_ln192 & !config_two_neuron_enable_val_read & config_encoding_type_val_read == 1 & icmp_ln194_1)> <Delay = 0.00>
ST_1 : Operation 91 [1/1] (0.00ns)   --->   "%br_ln252 = br void %sw.epilog55.1" [src/snn_top_hls.cpp:252]   --->   Operation 91 'br' 'br_ln252' <Predicate = (icmp_ln192 & !config_two_neuron_enable_val_read & config_encoding_type_val_read == 3 & icmp_ln194_1)> <Delay = 0.00>
ST_1 : Operation 92 [1/1] (0.00ns)   --->   "%br_ln0 = br void %if.end56.1"   --->   Operation 92 'br' 'br_ln0' <Predicate = (icmp_ln192 & !config_two_neuron_enable_val_read & icmp_ln194_1)> <Delay = 0.00>
ST_1 : Operation 93 [1/1] (1.73ns)   --->   "%switch_ln206 = switch i4 %config_encoding_type_val_read, void %sw.epilog41.1, i4 3, void %sw.bb25.1, i4 1, void %_ZL19encoder_lfsr_randomv.exit.i1421.1, i4 2, void %sw.bb22.1" [src/snn_top_hls.cpp:206]   --->   Operation 93 'switch' 'switch_ln206' <Predicate = (icmp_ln192 & config_two_neuron_enable_val_read & icmp_ln194_1)> <Delay = 1.73>
ST_1 : Operation 94 [1/1] (0.00ns)   --->   "%br_ln128 = br i1 %latency_window_reset_1_read, void %if.end.i1070.1thread-pre-split, void %if.end.i1070.1" [src/snn_top_hls.cpp:128->src/snn_top_hls.cpp:213]   --->   Operation 94 'br' 'br_ln128' <Predicate = (icmp_ln192 & config_two_neuron_enable_val_read & config_encoding_type_val_read == 2 & icmp_ln194_1)> <Delay = 0.00>
ST_1 : Operation 95 [1/1] (0.00ns)   --->   "%br_ln128 = br i1 %latency_window_reset_1_read, void %if.end.i445.1thread-pre-split, void %if.end.i445.1" [src/snn_top_hls.cpp:128->src/snn_top_hls.cpp:230]   --->   Operation 95 'br' 'br_ln128' <Predicate = (icmp_ln192 & config_two_neuron_enable_val_read & config_encoding_type_val_read == 2 & icmp_ln194_1)> <Delay = 0.00>
ST_1 : Operation 96 [1/1] (0.00ns)   --->   "%br_ln231 = br void %sw.epilog41.1" [src/snn_top_hls.cpp:231]   --->   Operation 96 'br' 'br_ln231' <Predicate = (icmp_ln192 & config_two_neuron_enable_val_read & config_encoding_type_val_read == 2 & icmp_ln194_1)> <Delay = 0.00>
ST_1 : Operation 97 [1/1] (0.00ns)   --->   "%br_ln228 = br void %sw.epilog41.1" [src/snn_top_hls.cpp:228]   --->   Operation 97 'br' 'br_ln228' <Predicate = (icmp_ln192 & config_two_neuron_enable_val_read & config_encoding_type_val_read == 1 & icmp_ln194_1)> <Delay = 0.00>
ST_1 : Operation 98 [1/1] (0.00ns)   --->   "%br_ln234 = br void %sw.epilog41.1" [src/snn_top_hls.cpp:234]   --->   Operation 98 'br' 'br_ln234' <Predicate = (icmp_ln192 & config_two_neuron_enable_val_read & config_encoding_type_val_read == 3 & icmp_ln194_1)> <Delay = 0.00>
ST_1 : Operation 99 [1/1] (0.00ns)   --->   "%br_ln238 = br void %if.end56.1" [src/snn_top_hls.cpp:238]   --->   Operation 99 'br' 'br_ln238' <Predicate = (icmp_ln192 & config_two_neuron_enable_val_read & icmp_ln194_1)> <Delay = 0.00>
ST_1 : Operation 100 [1/1] (0.00ns)   --->   "%br_ln258 = br void %for.inc.1" [src/snn_top_hls.cpp:258]   --->   Operation 100 'br' 'br_ln258' <Predicate = (icmp_ln192 & icmp_ln194_1)> <Delay = 0.00>

State 2 <SV = 1> <Delay = 6.41>
ST_2 : Operation 101 [1/2] ( I:3.25ns O:3.25ns )   --->   "%input = load i9 %p_ZL13encoder_frame_0_addr" [src/snn_top_hls.cpp:195]   --->   Operation 101 'load' 'input' <Predicate = (icmp_ln192 & icmp_ln194)> <Delay = 3.25> <CoreInst = "RAM">   --->   Core 81 'RAM' <Latency = 1> <II = 1> <Delay = 3.25> <Storage> <Opcode : 'load' 'store'> <Ports = 2> <Width = 8> <Depth = 392> <RAM>
ST_2 : Operation 102 [1/1] (1.91ns)   --->   "%icmp_ln65 = icmp_ugt  i8 %input, i8 %config_baseline_val_read" [src/snn_top_hls.cpp:65->src/snn_top_hls.cpp:200]   --->   Operation 102 'icmp' 'icmp_ln65' <Predicate = (icmp_ln192 & icmp_ln194 & config_two_neuron_enable_val_read)> <Delay = 1.91> <CoreInst = "Cmp">   --->   Core 9 'Cmp' <Latency = 0> <II = 1> <Delay = 1.91> <FuncUnit> <Opcode : 'seteq' 'setne' 'setle' 'setge' 'setlt' 'setgt'> <InPorts = 2> <OutPorts = 1>
ST_2 : Operation 103 [1/1] (1.91ns)   --->   "%sub_ln66 = sub i8 %input, i8 %config_baseline_val_read" [src/snn_top_hls.cpp:66->src/snn_top_hls.cpp:200]   --->   Operation 103 'sub' 'sub_ln66' <Predicate = (icmp_ln192 & icmp_ln194 & config_two_neuron_enable_val_read)> <Delay = 1.91> <CoreInst = "Adder">   --->   Core 1 'Adder' <Latency = 0> <II = 1> <Delay = 1.91> <FuncUnit> <Opcode : 'add' 'sub'> <InPorts = 2> <OutPorts = 1>
ST_2 : Operation 104 [1/1] (1.91ns)   --->   "%sub_ln70 = sub i8 %config_baseline_val_read, i8 %input" [src/snn_top_hls.cpp:70->src/snn_top_hls.cpp:200]   --->   Operation 104 'sub' 'sub_ln70' <Predicate = (icmp_ln192 & icmp_ln194 & config_two_neuron_enable_val_read)> <Delay = 1.91> <CoreInst = "Adder">   --->   Core 1 'Adder' <Latency = 0> <II = 1> <Delay = 1.91> <FuncUnit> <Opcode : 'add' 'sub'> <InPorts = 2> <OutPorts = 1>
ST_2 : Operation 105 [1/1] (1.24ns)   --->   "%on_val = select i1 %icmp_ln65, i8 %sub_ln66, i8 0" [src/snn_top_hls.cpp:65->src/snn_top_hls.cpp:200]   --->   Operation 105 'select' 'on_val' <Predicate = (icmp_ln192 & icmp_ln194 & config_two_neuron_enable_val_read)> <Delay = 1.24> <CoreInst = "Sel">   --->   Core 73 'Sel' <Latency = 0> <II = 1> <Delay = 1.24> <FuncUnit> <Opcode : 'select'> <InPorts = 3> <OutPorts = 1>
ST_2 : Operation 106 [1/1] (1.24ns)   --->   "%off_val = select i1 %icmp_ln65, i8 0, i8 %sub_ln70" [src/snn_top_hls.cpp:65->src/snn_top_hls.cpp:200]   --->   Operation 106 'select' 'off_val' <Predicate = (icmp_ln192 & icmp_ln194 & config_two_neuron_enable_val_read)> <Delay = 1.24> <CoreInst = "Sel">   --->   Core 73 'Sel' <Latency = 0> <II = 1> <Delay = 1.24> <FuncUnit> <Opcode : 'select'> <InPorts = 3> <OutPorts = 1>
ST_2 : Operation 107 [1/2] ( I:3.25ns O:3.25ns )   --->   "%p_ZL22encoder_temporal_fired_0_load = load i9 %p_ZL22encoder_temporal_fired_0_addr" [src/snn_top_hls.cpp:133->src/snn_top_hls.cpp:213]   --->   Operation 107 'load' 'p_ZL22encoder_temporal_fired_0_load' <Predicate = (icmp_ln192 & icmp_ln194 & config_two_neuron_enable_val_read & config_encoding_type_val_read == 2 & !latency_window_reset_1_read)> <Delay = 3.25> <CoreInst = "RAM_2P_BRAM">   --->   Core 90 'RAM_2P_BRAM' <Latency = 1> <II = 1> <Delay = 3.25> <Storage> <Opcode : 'load' 'store'> <Ports = 2> <Width = 1> <Depth = 392> <RAM>
ST_2 : Operation 108 [1/1] (0.00ns)   --->   "%br_ln133 = br i1 %p_ZL22encoder_temporal_fired_0_load, void %if.then5.i1143, void %sw.bb34" [src/snn_top_hls.cpp:133->src/snn_top_hls.cpp:213]   --->   Operation 108 'br' 'br_ln133' <Predicate = (icmp_ln192 & icmp_ln194 & config_two_neuron_enable_val_read & config_encoding_type_val_read == 2 & !latency_window_reset_1_read)> <Delay = 0.00>
ST_2 : Operation 109 [1/1] (0.00ns)   --->   "%p_ZL22encoder_temporal_start_0_addr_2 = getelementptr i32 %p_ZL22encoder_temporal_start_0, i64 0, i64 %zext_ln192" [src/snn_top_hls.cpp:137->src/snn_top_hls.cpp:213]   --->   Operation 109 'getelementptr' 'p_ZL22encoder_temporal_start_0_addr_2' <Predicate = (icmp_ln192 & icmp_ln194 & config_two_neuron_enable_val_read & config_encoding_type_val_read == 2 & !p_ZL22encoder_temporal_fired_0_load) | (icmp_ln192 & icmp_ln194 & config_two_neuron_enable_val_read & config_encoding_type_val_read == 2 & latency_window_reset_1_read)> <Delay = 0.00>
ST_2 : Operation 110 [2/2] (3.25ns)   --->   "%p_ZL22encoder_temporal_start_0_load = load i9 %p_ZL22encoder_temporal_start_0_addr_2" [src/snn_top_hls.cpp:137->src/snn_top_hls.cpp:213]   --->   Operation 110 'load' 'p_ZL22encoder_temporal_start_0_load' <Predicate = (icmp_ln192 & icmp_ln194 & config_two_neuron_enable_val_read & config_encoding_type_val_read == 2 & !p_ZL22encoder_temporal_fired_0_load) | (icmp_ln192 & icmp_ln194 & config_two_neuron_enable_val_read & config_encoding_type_val_read == 2 & latency_window_reset_1_read)> <Delay = 3.25> <CoreInst = "RAM_2P_BRAM">   --->   Core 90 'RAM_2P_BRAM' <Latency = 1> <II = 1> <Delay = 3.25> <Storage> <Opcode : 'load' 'store'> <Ports = 2> <Width = 32> <Depth = 392> <RAM>
ST_2 : Operation 111 [1/1] (0.00ns)   --->   "%br_ln141 = br void %sw.bb34" [src/snn_top_hls.cpp:141->src/snn_top_hls.cpp:213]   --->   Operation 111 'br' 'br_ln141' <Predicate = (icmp_ln192 & icmp_ln194 & config_two_neuron_enable_val_read & config_encoding_type_val_read == 2 & !p_ZL22encoder_temporal_fired_0_load) | (icmp_ln192 & icmp_ln194 & config_two_neuron_enable_val_read & config_encoding_type_val_read == 2 & latency_window_reset_1_read)> <Delay = 0.00>
ST_2 : Operation 112 [1/2] ( I:3.25ns O:3.25ns )   --->   "%p_ZL22encoder_temporal_fired_1_load = load i9 %p_ZL22encoder_temporal_fired_1_addr" [src/snn_top_hls.cpp:133->src/snn_top_hls.cpp:230]   --->   Operation 112 'load' 'p_ZL22encoder_temporal_fired_1_load' <Predicate = (icmp_ln192 & icmp_ln194 & config_two_neuron_enable_val_read & config_encoding_type_val_read == 2 & !latency_window_reset_1_read)> <Delay = 3.25> <CoreInst = "RAM_2P_BRAM">   --->   Core 90 'RAM_2P_BRAM' <Latency = 1> <II = 1> <Delay = 3.25> <Storage> <Opcode : 'load' 'store'> <Ports = 2> <Width = 1> <Depth = 392> <RAM>
ST_2 : Operation 113 [1/1] (0.00ns)   --->   "%br_ln133 = br i1 %p_ZL22encoder_temporal_fired_1_load, void %if.then5.i518, void %_ZL15encoder_latencyi7ap_uintILi8EES_ILi32EERK16encoder_config_tRN3hls6streamI19encoder_axis_word_tLi0EEERS1_b.exit604" [src/snn_top_hls.cpp:133->src/snn_top_hls.cpp:230]   --->   Operation 113 'br' 'br_ln133' <Predicate = (icmp_ln192 & icmp_ln194 & config_two_neuron_enable_val_read & config_encoding_type_val_read == 2 & !latency_window_reset_1_read)> <Delay = 0.00>
ST_2 : Operation 114 [1/1] (0.00ns)   --->   "%p_ZL22encoder_temporal_start_1_addr_1 = getelementptr i32 %p_ZL22encoder_temporal_start_1, i64 0, i64 %zext_ln192" [src/snn_top_hls.cpp:137->src/snn_top_hls.cpp:230]   --->   Operation 114 'getelementptr' 'p_ZL22encoder_temporal_start_1_addr_1' <Predicate = (icmp_ln192 & icmp_ln194 & config_two_neuron_enable_val_read & config_encoding_type_val_read == 2 & !p_ZL22encoder_temporal_fired_1_load) | (icmp_ln192 & icmp_ln194 & config_two_neuron_enable_val_read & config_encoding_type_val_read == 2 & latency_window_reset_1_read)> <Delay = 0.00>
ST_2 : Operation 115 [2/2] (3.25ns)   --->   "%p_ZL22encoder_temporal_start_1_load = load i9 %p_ZL22encoder_temporal_start_1_addr_1" [src/snn_top_hls.cpp:137->src/snn_top_hls.cpp:230]   --->   Operation 115 'load' 'p_ZL22encoder_temporal_start_1_load' <Predicate = (icmp_ln192 & icmp_ln194 & config_two_neuron_enable_val_read & config_encoding_type_val_read == 2 & !p_ZL22encoder_temporal_fired_1_load) | (icmp_ln192 & icmp_ln194 & config_two_neuron_enable_val_read & config_encoding_type_val_read == 2 & latency_window_reset_1_read)> <Delay = 3.25> <CoreInst = "RAM_2P_BRAM">   --->   Core 90 'RAM_2P_BRAM' <Latency = 1> <II = 1> <Delay = 3.25> <Storage> <Opcode : 'load' 'store'> <Ports = 2> <Width = 32> <Depth = 392> <RAM>
ST_2 : Operation 116 [1/1] (0.00ns)   --->   "%br_ln141 = br void %_ZL15encoder_latencyi7ap_uintILi8EES_ILi32EERK16encoder_config_tRN3hls6streamI19encoder_axis_word_tLi0EEERS1_b.exit604" [src/snn_top_hls.cpp:141->src/snn_top_hls.cpp:230]   --->   Operation 116 'br' 'br_ln141' <Predicate = (icmp_ln192 & icmp_ln194 & config_two_neuron_enable_val_read & config_encoding_type_val_read == 2 & !p_ZL22encoder_temporal_fired_1_load) | (icmp_ln192 & icmp_ln194 & config_two_neuron_enable_val_read & config_encoding_type_val_read == 2 & latency_window_reset_1_read)> <Delay = 0.00>
ST_2 : Operation 117 [1/2] ( I:3.25ns O:3.25ns )   --->   "%p_ZL17encoder_phase_acc_0_load = load i9 %p_ZL17encoder_phase_acc_0_addr" [src/snn_top_hls.cpp:155->src/snn_top_hls.cpp:216]   --->   Operation 117 'load' 'p_ZL17encoder_phase_acc_0_load' <Predicate = (icmp_ln192 & icmp_ln194 & config_two_neuron_enable_val_read & config_encoding_type_val_read == 3)> <Delay = 3.25> <CoreInst = "RAM_2P_BRAM">   --->   Core 90 'RAM_2P_BRAM' <Latency = 1> <II = 1> <Delay = 3.25> <Storage> <Opcode : 'load' 'store'> <Ports = 2> <Width = 16> <Depth = 392> <RAM>
ST_2 : Operation 118 [1/2] ( I:3.25ns O:3.25ns )   --->   "%p_ZL17encoder_phase_acc_1_load = load i9 %p_ZL17encoder_phase_acc_1_addr" [src/snn_top_hls.cpp:155->src/snn_top_hls.cpp:233]   --->   Operation 118 'load' 'p_ZL17encoder_phase_acc_1_load' <Predicate = (icmp_ln192 & icmp_ln194 & config_two_neuron_enable_val_read & config_encoding_type_val_read == 3)> <Delay = 3.25> <CoreInst = "RAM_2P_BRAM">   --->   Core 90 'RAM_2P_BRAM' <Latency = 1> <II = 1> <Delay = 3.25> <Storage> <Opcode : 'load' 'store'> <Ports = 2> <Width = 16> <Depth = 392> <RAM>
ST_2 : Operation 119 [1/1] (0.00ns)   --->   "%zext_ln192_3 = zext i10 %or_ln" [src/snn_top_hls.cpp:192]   --->   Operation 119 'zext' 'zext_ln192_3' <Predicate = (icmp_ln192)> <Delay = 0.00>
ST_2 : Operation 120 [1/1] (0.00ns)   --->   "%br_ln194 = br i1 %icmp_ln194_1, void %for.inc.1, void %if.end13.1" [src/snn_top_hls.cpp:194]   --->   Operation 120 'br' 'br_ln194' <Predicate = (icmp_ln192)> <Delay = 0.00>
ST_2 : Operation 121 [1/2] ( I:3.25ns O:3.25ns )   --->   "%value_8 = load i9 %p_ZL13encoder_frame_1_addr" [src/snn_top_hls.cpp:195]   --->   Operation 121 'load' 'value_8' <Predicate = (icmp_ln192 & icmp_ln194_1)> <Delay = 3.25> <CoreInst = "RAM">   --->   Core 81 'RAM' <Latency = 1> <II = 1> <Delay = 3.25> <Storage> <Opcode : 'load' 'store'> <Ports = 2> <Width = 8> <Depth = 392> <RAM>
ST_2 : Operation 122 [1/1] (1.91ns)   --->   "%icmp_ln65_1 = icmp_ugt  i8 %value_8, i8 %config_baseline_val_read" [src/snn_top_hls.cpp:65->src/snn_top_hls.cpp:200]   --->   Operation 122 'icmp' 'icmp_ln65_1' <Predicate = (icmp_ln192 & config_two_neuron_enable_val_read & icmp_ln194_1)> <Delay = 1.91> <CoreInst = "Cmp">   --->   Core 9 'Cmp' <Latency = 0> <II = 1> <Delay = 1.91> <FuncUnit> <Opcode : 'seteq' 'setne' 'setle' 'setge' 'setlt' 'setgt'> <InPorts = 2> <OutPorts = 1>
ST_2 : Operation 123 [1/1] (1.91ns)   --->   "%sub_ln66_1 = sub i8 %value_8, i8 %config_baseline_val_read" [src/snn_top_hls.cpp:66->src/snn_top_hls.cpp:200]   --->   Operation 123 'sub' 'sub_ln66_1' <Predicate = (icmp_ln192 & config_two_neuron_enable_val_read & icmp_ln194_1)> <Delay = 1.91> <CoreInst = "Adder">   --->   Core 1 'Adder' <Latency = 0> <II = 1> <Delay = 1.91> <FuncUnit> <Opcode : 'add' 'sub'> <InPorts = 2> <OutPorts = 1>
ST_2 : Operation 124 [1/1] (1.91ns)   --->   "%sub_ln70_1 = sub i8 %config_baseline_val_read, i8 %value_8" [src/snn_top_hls.cpp:70->src/snn_top_hls.cpp:200]   --->   Operation 124 'sub' 'sub_ln70_1' <Predicate = (icmp_ln192 & config_two_neuron_enable_val_read & icmp_ln194_1)> <Delay = 1.91> <CoreInst = "Adder">   --->   Core 1 'Adder' <Latency = 0> <II = 1> <Delay = 1.91> <FuncUnit> <Opcode : 'add' 'sub'> <InPorts = 2> <OutPorts = 1>
ST_2 : Operation 125 [1/1] (1.24ns)   --->   "%on_val_1 = select i1 %icmp_ln65_1, i8 %sub_ln66_1, i8 0" [src/snn_top_hls.cpp:65->src/snn_top_hls.cpp:200]   --->   Operation 125 'select' 'on_val_1' <Predicate = (icmp_ln192 & config_two_neuron_enable_val_read & icmp_ln194_1)> <Delay = 1.24> <CoreInst = "Sel">   --->   Core 73 'Sel' <Latency = 0> <II = 1> <Delay = 1.24> <FuncUnit> <Opcode : 'select'> <InPorts = 3> <OutPorts = 1>
ST_2 : Operation 126 [1/1] (1.24ns)   --->   "%off_val_1 = select i1 %icmp_ln65_1, i8 0, i8 %sub_ln70_1" [src/snn_top_hls.cpp:65->src/snn_top_hls.cpp:200]   --->   Operation 126 'select' 'off_val_1' <Predicate = (icmp_ln192 & config_two_neuron_enable_val_read & icmp_ln194_1)> <Delay = 1.24> <CoreInst = "Sel">   --->   Core 73 'Sel' <Latency = 0> <II = 1> <Delay = 1.24> <FuncUnit> <Opcode : 'select'> <InPorts = 3> <OutPorts = 1>
ST_2 : Operation 127 [1/1] (0.00ns)   --->   "%p_ZL22encoder_temporal_fired_0_addr_2 = getelementptr i1 %p_ZL22encoder_temporal_fired_0, i64 0, i64 %zext_ln192_3" [src/snn_top_hls.cpp:133->src/snn_top_hls.cpp:213]   --->   Operation 127 'getelementptr' 'p_ZL22encoder_temporal_fired_0_addr_2' <Predicate = (icmp_ln192 & config_two_neuron_enable_val_read & config_encoding_type_val_read == 2 & icmp_ln194_1)> <Delay = 0.00>
ST_2 : Operation 128 [2/2] (3.25ns)   --->   "%p_ZL22encoder_temporal_fired_0_load_2 = load i9 %p_ZL22encoder_temporal_fired_0_addr_2" [src/snn_top_hls.cpp:133->src/snn_top_hls.cpp:213]   --->   Operation 128 'load' 'p_ZL22encoder_temporal_fired_0_load_2' <Predicate = (icmp_ln192 & config_two_neuron_enable_val_read & config_encoding_type_val_read == 2 & !latency_window_reset_1_read & icmp_ln194_1)> <Delay = 3.25> <CoreInst = "RAM_2P_BRAM">   --->   Core 90 'RAM_2P_BRAM' <Latency = 1> <II = 1> <Delay = 3.25> <Storage> <Opcode : 'load' 'store'> <Ports = 2> <Width = 1> <Depth = 392> <RAM>
ST_2 : Operation 129 [1/1] (0.00ns)   --->   "%p_ZL22encoder_temporal_start_0_addr_4 = getelementptr i32 %p_ZL22encoder_temporal_start_0, i64 0, i64 %zext_ln192_3" [src/snn_top_hls.cpp:130->src/snn_top_hls.cpp:213]   --->   Operation 129 'getelementptr' 'p_ZL22encoder_temporal_start_0_addr_4' <Predicate = (icmp_ln192 & config_two_neuron_enable_val_read & config_encoding_type_val_read == 2 & latency_window_reset_1_read & icmp_ln194_1)> <Delay = 0.00>
ST_2 : Operation 130 [1/1] ( I:3.25ns O:3.25ns )   --->   "%store_ln130 = store i32 %time_read, i9 %p_ZL22encoder_temporal_start_0_addr_4" [src/snn_top_hls.cpp:130->src/snn_top_hls.cpp:213]   --->   Operation 130 'store' 'store_ln130' <Predicate = (icmp_ln192 & config_two_neuron_enable_val_read & config_encoding_type_val_read == 2 & latency_window_reset_1_read & icmp_ln194_1)> <Delay = 3.25> <CoreInst = "RAM_2P_BRAM">   --->   Core 90 'RAM_2P_BRAM' <Latency = 1> <II = 1> <Delay = 3.25> <Storage> <Opcode : 'load' 'store'> <Ports = 2> <Width = 32> <Depth = 392> <RAM>
ST_2 : Operation 131 [1/1] (0.00ns)   --->   "%p_ZL22encoder_temporal_fired_1_addr_2 = getelementptr i1 %p_ZL22encoder_temporal_fired_1, i64 0, i64 %zext_ln192_3" [src/snn_top_hls.cpp:133->src/snn_top_hls.cpp:230]   --->   Operation 131 'getelementptr' 'p_ZL22encoder_temporal_fired_1_addr_2' <Predicate = (icmp_ln192 & config_two_neuron_enable_val_read & config_encoding_type_val_read == 2 & icmp_ln194_1)> <Delay = 0.00>
ST_2 : Operation 132 [2/2] (3.25ns)   --->   "%p_ZL22encoder_temporal_fired_1_load_2 = load i9 %p_ZL22encoder_temporal_fired_1_addr_2" [src/snn_top_hls.cpp:133->src/snn_top_hls.cpp:230]   --->   Operation 132 'load' 'p_ZL22encoder_temporal_fired_1_load_2' <Predicate = (icmp_ln192 & config_two_neuron_enable_val_read & config_encoding_type_val_read == 2 & !latency_window_reset_1_read & icmp_ln194_1)> <Delay = 3.25> <CoreInst = "RAM_2P_BRAM">   --->   Core 90 'RAM_2P_BRAM' <Latency = 1> <II = 1> <Delay = 3.25> <Storage> <Opcode : 'load' 'store'> <Ports = 2> <Width = 1> <Depth = 392> <RAM>
ST_2 : Operation 133 [1/1] (0.00ns)   --->   "%p_ZL22encoder_temporal_start_1_addr_4 = getelementptr i32 %p_ZL22encoder_temporal_start_1, i64 0, i64 %zext_ln192_3" [src/snn_top_hls.cpp:130->src/snn_top_hls.cpp:230]   --->   Operation 133 'getelementptr' 'p_ZL22encoder_temporal_start_1_addr_4' <Predicate = (icmp_ln192 & config_two_neuron_enable_val_read & config_encoding_type_val_read == 2 & latency_window_reset_1_read & icmp_ln194_1)> <Delay = 0.00>
ST_2 : Operation 134 [1/1] ( I:3.25ns O:3.25ns )   --->   "%store_ln130 = store i32 %time_read, i9 %p_ZL22encoder_temporal_start_1_addr_4" [src/snn_top_hls.cpp:130->src/snn_top_hls.cpp:230]   --->   Operation 134 'store' 'store_ln130' <Predicate = (icmp_ln192 & config_two_neuron_enable_val_read & config_encoding_type_val_read == 2 & latency_window_reset_1_read & icmp_ln194_1)> <Delay = 3.25> <CoreInst = "RAM_2P_BRAM">   --->   Core 90 'RAM_2P_BRAM' <Latency = 1> <II = 1> <Delay = 3.25> <Storage> <Opcode : 'load' 'store'> <Ports = 2> <Width = 32> <Depth = 392> <RAM>
ST_2 : Operation 135 [1/1] (0.00ns)   --->   "%p_ZL17encoder_phase_acc_0_addr_2 = getelementptr i16 %p_ZL17encoder_phase_acc_0, i64 0, i64 %zext_ln192_3" [src/snn_top_hls.cpp:155->src/snn_top_hls.cpp:216]   --->   Operation 135 'getelementptr' 'p_ZL17encoder_phase_acc_0_addr_2' <Predicate = (icmp_ln192 & config_two_neuron_enable_val_read & config_encoding_type_val_read == 3 & icmp_ln194_1)> <Delay = 0.00>
ST_2 : Operation 136 [2/2] (3.25ns)   --->   "%p_ZL17encoder_phase_acc_0_load_2 = load i9 %p_ZL17encoder_phase_acc_0_addr_2" [src/snn_top_hls.cpp:155->src/snn_top_hls.cpp:216]   --->   Operation 136 'load' 'p_ZL17encoder_phase_acc_0_load_2' <Predicate = (icmp_ln192 & config_two_neuron_enable_val_read & config_encoding_type_val_read == 3 & icmp_ln194_1)> <Delay = 3.25> <CoreInst = "RAM_2P_BRAM">   --->   Core 90 'RAM_2P_BRAM' <Latency = 1> <II = 1> <Delay = 3.25> <Storage> <Opcode : 'load' 'store'> <Ports = 2> <Width = 16> <Depth = 392> <RAM>
ST_2 : Operation 137 [1/1] (0.00ns)   --->   "%p_ZL17encoder_phase_acc_1_addr_2 = getelementptr i16 %p_ZL17encoder_phase_acc_1, i64 0, i64 %zext_ln192_3" [src/snn_top_hls.cpp:155->src/snn_top_hls.cpp:233]   --->   Operation 137 'getelementptr' 'p_ZL17encoder_phase_acc_1_addr_2' <Predicate = (icmp_ln192 & config_two_neuron_enable_val_read & config_encoding_type_val_read == 3 & icmp_ln194_1)> <Delay = 0.00>
ST_2 : Operation 138 [2/2] (3.25ns)   --->   "%p_ZL17encoder_phase_acc_1_load_2 = load i9 %p_ZL17encoder_phase_acc_1_addr_2" [src/snn_top_hls.cpp:155->src/snn_top_hls.cpp:233]   --->   Operation 138 'load' 'p_ZL17encoder_phase_acc_1_load_2' <Predicate = (icmp_ln192 & config_two_neuron_enable_val_read & config_encoding_type_val_read == 3 & icmp_ln194_1)> <Delay = 3.25> <CoreInst = "RAM_2P_BRAM">   --->   Core 90 'RAM_2P_BRAM' <Latency = 1> <II = 1> <Delay = 3.25> <Storage> <Opcode : 'load' 'store'> <Ports = 2> <Width = 16> <Depth = 392> <RAM>

State 3 <SV = 2> <Delay = 6.57>
ST_3 : Operation 139 [1/1] (0.00ns)   --->   "%p_ZL22encoder_temporal_fired_0_addr_1 = getelementptr i1 %p_ZL22encoder_temporal_fired_0, i64 0, i64 %zext_ln192_2" [src/snn_top_hls.cpp:133->src/snn_top_hls.cpp:248]   --->   Operation 139 'getelementptr' 'p_ZL22encoder_temporal_fired_0_addr_1' <Predicate = (icmp_ln192 & icmp_ln194 & !config_two_neuron_enable_val_read & config_encoding_type_val_read == 2)> <Delay = 0.00>
ST_3 : Operation 140 [2/2] (3.25ns)   --->   "%p_ZL22encoder_temporal_fired_0_load_1 = load i9 %p_ZL22encoder_temporal_fired_0_addr_1" [src/snn_top_hls.cpp:133->src/snn_top_hls.cpp:248]   --->   Operation 140 'load' 'p_ZL22encoder_temporal_fired_0_load_1' <Predicate = (icmp_ln192 & icmp_ln194 & !config_two_neuron_enable_val_read & config_encoding_type_val_read == 2 & !latency_window_reset_1_read)> <Delay = 3.25> <CoreInst = "RAM_2P_BRAM">   --->   Core 90 'RAM_2P_BRAM' <Latency = 1> <II = 1> <Delay = 3.25> <Storage> <Opcode : 'load' 'store'> <Ports = 2> <Width = 1> <Depth = 392> <RAM>
ST_3 : Operation 141 [1/1] ( I:3.25ns O:3.25ns )   --->   "%store_ln129 = store i1 0, i9 %p_ZL22encoder_temporal_fired_0_addr_1" [src/snn_top_hls.cpp:129->src/snn_top_hls.cpp:248]   --->   Operation 141 'store' 'store_ln129' <Predicate = (icmp_ln192 & icmp_ln194 & !config_two_neuron_enable_val_read & config_encoding_type_val_read == 2 & latency_window_reset_1_read)> <Delay = 3.25> <CoreInst = "RAM_2P_BRAM">   --->   Core 90 'RAM_2P_BRAM' <Latency = 1> <II = 1> <Delay = 3.25> <Storage> <Opcode : 'load' 'store'> <Ports = 2> <Width = 1> <Depth = 392> <RAM>
ST_3 : Operation 142 [1/1] (0.00ns)   --->   "%br_ln133 = br void %if.then5.i" [src/snn_top_hls.cpp:133->src/snn_top_hls.cpp:248]   --->   Operation 142 'br' 'br_ln133' <Predicate = (icmp_ln192 & icmp_ln194 & !config_two_neuron_enable_val_read & config_encoding_type_val_read == 2 & latency_window_reset_1_read)> <Delay = 0.00>
ST_3 : Operation 143 [1/1] (0.00ns)   --->   "%zext_ln108_2 = zext i8 %input" [src/snn_top_hls.cpp:108->src/snn_top_hls.cpp:245]   --->   Operation 143 'zext' 'zext_ln108_2' <Predicate = (icmp_ln192 & icmp_ln194 & !config_two_neuron_enable_val_read & config_encoding_type_val_read == 1)> <Delay = 0.00>
ST_3 : Operation 144 [1/1] (5.58ns)   --->   "%mul_ln108_1 = mul i24 %zext_ln108_cast, i24 %zext_ln108_2" [src/snn_top_hls.cpp:108->src/snn_top_hls.cpp:245]   --->   Operation 144 'mul' 'mul_ln108_1' <Predicate = (icmp_ln192 & icmp_ln194 & !config_two_neuron_enable_val_read & config_encoding_type_val_read == 1)> <Delay = 5.58> <CoreInst = "Multiplier">   --->   Core 3 'Multiplier' <Latency = 0> <II = 1> <Delay = 5.58> <FuncUnit> <Opcode : 'mul'> <InPorts = 2> <OutPorts = 1>
ST_3 : Operation 145 [1/1] (0.00ns)   --->   "%spike_prob_1 = partselect i16 @_ssdm_op_PartSelect.i16.i24.i32.i32, i24 %mul_ln108_1, i32 8, i32 23" [src/snn_top_hls.cpp:108->src/snn_top_hls.cpp:245]   --->   Operation 145 'partselect' 'spike_prob_1' <Predicate = (icmp_ln192 & icmp_ln194 & !config_two_neuron_enable_val_read & config_encoding_type_val_read == 1)> <Delay = 0.00>
ST_3 : Operation 146 [1/1] ( I:3.25ns O:3.25ns )   --->   "%store_ln129 = store i1 0, i9 %p_ZL22encoder_temporal_fired_0_addr" [src/snn_top_hls.cpp:129->src/snn_top_hls.cpp:213]   --->   Operation 146 'store' 'store_ln129' <Predicate = (icmp_ln192 & icmp_ln194 & config_two_neuron_enable_val_read & config_encoding_type_val_read == 2 & latency_window_reset_1_read)> <Delay = 3.25> <CoreInst = "RAM_2P_BRAM">   --->   Core 90 'RAM_2P_BRAM' <Latency = 1> <II = 1> <Delay = 3.25> <Storage> <Opcode : 'load' 'store'> <Ports = 2> <Width = 1> <Depth = 392> <RAM>
ST_3 : Operation 147 [1/1] (0.00ns)   --->   "%br_ln133 = br void %if.then5.i1143" [src/snn_top_hls.cpp:133->src/snn_top_hls.cpp:213]   --->   Operation 147 'br' 'br_ln133' <Predicate = (icmp_ln192 & icmp_ln194 & config_two_neuron_enable_val_read & config_encoding_type_val_read == 2 & latency_window_reset_1_read)> <Delay = 0.00>
ST_3 : Operation 148 [1/1] (0.99ns)   --->   "%xor_ln136 = xor i8 %on_val, i8 255" [src/snn_top_hls.cpp:136->src/snn_top_hls.cpp:213]   --->   Operation 148 'xor' 'xor_ln136' <Predicate = (icmp_ln192 & icmp_ln194 & config_two_neuron_enable_val_read & config_encoding_type_val_read == 2 & !p_ZL22encoder_temporal_fired_0_load) | (icmp_ln192 & icmp_ln194 & config_two_neuron_enable_val_read & config_encoding_type_val_read == 2 & latency_window_reset_1_read)> <Delay = 0.99> <CoreInst = "LogicGate">   --->   Core 74 'LogicGate' <Latency = 0> <II = 1> <Delay = 0.99> <FuncUnit> <Opcode : 'and' 'or' 'xor'> <InPorts = 2> <OutPorts = 1>
ST_3 : Operation 149 [1/1] (0.00ns)   --->   "%zext_ln136 = zext i8 %xor_ln136" [src/snn_top_hls.cpp:136->src/snn_top_hls.cpp:213]   --->   Operation 149 'zext' 'zext_ln136' <Predicate = (icmp_ln192 & icmp_ln194 & config_two_neuron_enable_val_read & config_encoding_type_val_read == 2 & !p_ZL22encoder_temporal_fired_0_load) | (icmp_ln192 & icmp_ln194 & config_two_neuron_enable_val_read & config_encoding_type_val_read == 2 & latency_window_reset_1_read)> <Delay = 0.00>
ST_3 : Operation 150 [1/1] (5.58ns)   --->   "%mul_ln136 = mul i24 %zext_ln136, i24 %zext_ln137_13_cast" [src/snn_top_hls.cpp:136->src/snn_top_hls.cpp:213]   --->   Operation 150 'mul' 'mul_ln136' <Predicate = (icmp_ln192 & icmp_ln194 & config_two_neuron_enable_val_read & config_encoding_type_val_read == 2 & !p_ZL22encoder_temporal_fired_0_load) | (icmp_ln192 & icmp_ln194 & config_two_neuron_enable_val_read & config_encoding_type_val_read == 2 & latency_window_reset_1_read)> <Delay = 5.58> <CoreInst = "Multiplier">   --->   Core 3 'Multiplier' <Latency = 0> <II = 1> <Delay = 5.58> <FuncUnit> <Opcode : 'mul'> <InPorts = 2> <OutPorts = 1>
ST_3 : Operation 151 [1/1] (0.00ns)   --->   "%spike_delay = partselect i16 @_ssdm_op_PartSelect.i16.i24.i32.i32, i24 %mul_ln136, i32 8, i32 23" [src/snn_top_hls.cpp:136->src/snn_top_hls.cpp:213]   --->   Operation 151 'partselect' 'spike_delay' <Predicate = (icmp_ln192 & icmp_ln194 & config_two_neuron_enable_val_read & config_encoding_type_val_read == 2 & !p_ZL22encoder_temporal_fired_0_load) | (icmp_ln192 & icmp_ln194 & config_two_neuron_enable_val_read & config_encoding_type_val_read == 2 & latency_window_reset_1_read)> <Delay = 0.00>
ST_3 : Operation 152 [1/2] ( I:3.25ns O:3.25ns )   --->   "%p_ZL22encoder_temporal_start_0_load = load i9 %p_ZL22encoder_temporal_start_0_addr_2" [src/snn_top_hls.cpp:137->src/snn_top_hls.cpp:213]   --->   Operation 152 'load' 'p_ZL22encoder_temporal_start_0_load' <Predicate = (icmp_ln192 & icmp_ln194 & config_two_neuron_enable_val_read & config_encoding_type_val_read == 2 & !p_ZL22encoder_temporal_fired_0_load) | (icmp_ln192 & icmp_ln194 & config_two_neuron_enable_val_read & config_encoding_type_val_read == 2 & latency_window_reset_1_read)> <Delay = 3.25> <CoreInst = "RAM_2P_BRAM">   --->   Core 90 'RAM_2P_BRAM' <Latency = 1> <II = 1> <Delay = 3.25> <Storage> <Opcode : 'load' 'store'> <Ports = 2> <Width = 32> <Depth = 392> <RAM>
ST_3 : Operation 153 [1/1] ( I:3.25ns O:3.25ns )   --->   "%store_ln129 = store i1 0, i9 %p_ZL22encoder_temporal_fired_1_addr" [src/snn_top_hls.cpp:129->src/snn_top_hls.cpp:230]   --->   Operation 153 'store' 'store_ln129' <Predicate = (icmp_ln192 & icmp_ln194 & config_two_neuron_enable_val_read & config_encoding_type_val_read == 2 & latency_window_reset_1_read)> <Delay = 3.25> <CoreInst = "RAM_2P_BRAM">   --->   Core 90 'RAM_2P_BRAM' <Latency = 1> <II = 1> <Delay = 3.25> <Storage> <Opcode : 'load' 'store'> <Ports = 2> <Width = 1> <Depth = 392> <RAM>
ST_3 : Operation 154 [1/1] (0.00ns)   --->   "%br_ln133 = br void %if.then5.i518" [src/snn_top_hls.cpp:133->src/snn_top_hls.cpp:230]   --->   Operation 154 'br' 'br_ln133' <Predicate = (icmp_ln192 & icmp_ln194 & config_two_neuron_enable_val_read & config_encoding_type_val_read == 2 & latency_window_reset_1_read)> <Delay = 0.00>
ST_3 : Operation 155 [1/1] (0.99ns)   --->   "%xor_ln136_2 = xor i8 %off_val, i8 255" [src/snn_top_hls.cpp:136->src/snn_top_hls.cpp:230]   --->   Operation 155 'xor' 'xor_ln136_2' <Predicate = (icmp_ln192 & icmp_ln194 & config_two_neuron_enable_val_read & config_encoding_type_val_read == 2 & !p_ZL22encoder_temporal_fired_1_load) | (icmp_ln192 & icmp_ln194 & config_two_neuron_enable_val_read & config_encoding_type_val_read == 2 & latency_window_reset_1_read)> <Delay = 0.99> <CoreInst = "LogicGate">   --->   Core 74 'LogicGate' <Latency = 0> <II = 1> <Delay = 0.99> <FuncUnit> <Opcode : 'and' 'or' 'xor'> <InPorts = 2> <OutPorts = 1>
ST_3 : Operation 156 [1/1] (0.00ns)   --->   "%zext_ln136_2 = zext i8 %xor_ln136_2" [src/snn_top_hls.cpp:136->src/snn_top_hls.cpp:230]   --->   Operation 156 'zext' 'zext_ln136_2' <Predicate = (icmp_ln192 & icmp_ln194 & config_two_neuron_enable_val_read & config_encoding_type_val_read == 2 & !p_ZL22encoder_temporal_fired_1_load) | (icmp_ln192 & icmp_ln194 & config_two_neuron_enable_val_read & config_encoding_type_val_read == 2 & latency_window_reset_1_read)> <Delay = 0.00>
ST_3 : Operation 157 [1/1] (5.58ns)   --->   "%mul_ln136_2 = mul i24 %zext_ln136_2, i24 %zext_ln137_13_cast" [src/snn_top_hls.cpp:136->src/snn_top_hls.cpp:230]   --->   Operation 157 'mul' 'mul_ln136_2' <Predicate = (icmp_ln192 & icmp_ln194 & config_two_neuron_enable_val_read & config_encoding_type_val_read == 2 & !p_ZL22encoder_temporal_fired_1_load) | (icmp_ln192 & icmp_ln194 & config_two_neuron_enable_val_read & config_encoding_type_val_read == 2 & latency_window_reset_1_read)> <Delay = 5.58> <CoreInst = "Multiplier">   --->   Core 3 'Multiplier' <Latency = 0> <II = 1> <Delay = 5.58> <FuncUnit> <Opcode : 'mul'> <InPorts = 2> <OutPorts = 1>
ST_3 : Operation 158 [1/1] (0.00ns)   --->   "%spike_delay_2 = partselect i16 @_ssdm_op_PartSelect.i16.i24.i32.i32, i24 %mul_ln136_2, i32 8, i32 23" [src/snn_top_hls.cpp:136->src/snn_top_hls.cpp:230]   --->   Operation 158 'partselect' 'spike_delay_2' <Predicate = (icmp_ln192 & icmp_ln194 & config_two_neuron_enable_val_read & config_encoding_type_val_read == 2 & !p_ZL22encoder_temporal_fired_1_load) | (icmp_ln192 & icmp_ln194 & config_two_neuron_enable_val_read & config_encoding_type_val_read == 2 & latency_window_reset_1_read)> <Delay = 0.00>
ST_3 : Operation 159 [1/2] ( I:3.25ns O:3.25ns )   --->   "%p_ZL22encoder_temporal_start_1_load = load i9 %p_ZL22encoder_temporal_start_1_addr_1" [src/snn_top_hls.cpp:137->src/snn_top_hls.cpp:230]   --->   Operation 159 'load' 'p_ZL22encoder_temporal_start_1_load' <Predicate = (icmp_ln192 & icmp_ln194 & config_two_neuron_enable_val_read & config_encoding_type_val_read == 2 & !p_ZL22encoder_temporal_fired_1_load) | (icmp_ln192 & icmp_ln194 & config_two_neuron_enable_val_read & config_encoding_type_val_read == 2 & latency_window_reset_1_read)> <Delay = 3.25> <CoreInst = "RAM_2P_BRAM">   --->   Core 90 'RAM_2P_BRAM' <Latency = 1> <II = 1> <Delay = 3.25> <Storage> <Opcode : 'load' 'store'> <Ports = 2> <Width = 32> <Depth = 392> <RAM>
ST_3 : Operation 160 [1/1] (0.00ns)   --->   "%zext_ln108_1 = zext i8 %on_val" [src/snn_top_hls.cpp:108->src/snn_top_hls.cpp:210]   --->   Operation 160 'zext' 'zext_ln108_1' <Predicate = (icmp_ln192 & icmp_ln194 & config_two_neuron_enable_val_read & config_encoding_type_val_read == 1)> <Delay = 0.00>
ST_3 : Operation 161 [1/1] (5.58ns)   --->   "%mul_ln108 = mul i24 %zext_ln108_cast, i24 %zext_ln108_1" [src/snn_top_hls.cpp:108->src/snn_top_hls.cpp:210]   --->   Operation 161 'mul' 'mul_ln108' <Predicate = (icmp_ln192 & icmp_ln194 & config_two_neuron_enable_val_read & config_encoding_type_val_read == 1)> <Delay = 5.58> <CoreInst = "Multiplier">   --->   Core 3 'Multiplier' <Latency = 0> <II = 1> <Delay = 5.58> <FuncUnit> <Opcode : 'mul'> <InPorts = 2> <OutPorts = 1>
ST_3 : Operation 162 [1/1] (0.00ns)   --->   "%spike_prob = partselect i16 @_ssdm_op_PartSelect.i16.i24.i32.i32, i24 %mul_ln108, i32 8, i32 23" [src/snn_top_hls.cpp:108->src/snn_top_hls.cpp:210]   --->   Operation 162 'partselect' 'spike_prob' <Predicate = (icmp_ln192 & icmp_ln194 & config_two_neuron_enable_val_read & config_encoding_type_val_read == 1)> <Delay = 0.00>
ST_3 : Operation 163 [1/1] (0.00ns)   --->   "%zext_ln108_3 = zext i8 %off_val" [src/snn_top_hls.cpp:108->src/snn_top_hls.cpp:227]   --->   Operation 163 'zext' 'zext_ln108_3' <Predicate = (icmp_ln192 & icmp_ln194 & config_two_neuron_enable_val_read & config_encoding_type_val_read == 1)> <Delay = 0.00>
ST_3 : Operation 164 [1/1] (5.58ns)   --->   "%mul_ln108_2 = mul i24 %zext_ln108_cast, i24 %zext_ln108_3" [src/snn_top_hls.cpp:108->src/snn_top_hls.cpp:227]   --->   Operation 164 'mul' 'mul_ln108_2' <Predicate = (icmp_ln192 & icmp_ln194 & config_two_neuron_enable_val_read & config_encoding_type_val_read == 1)> <Delay = 5.58> <CoreInst = "Multiplier">   --->   Core 3 'Multiplier' <Latency = 0> <II = 1> <Delay = 5.58> <FuncUnit> <Opcode : 'mul'> <InPorts = 2> <OutPorts = 1>
ST_3 : Operation 165 [1/1] (0.00ns)   --->   "%spike_prob_2 = partselect i16 @_ssdm_op_PartSelect.i16.i24.i32.i32, i24 %mul_ln108_2, i32 8, i32 23" [src/snn_top_hls.cpp:108->src/snn_top_hls.cpp:227]   --->   Operation 165 'partselect' 'spike_prob_2' <Predicate = (icmp_ln192 & icmp_ln194 & config_two_neuron_enable_val_read & config_encoding_type_val_read == 1)> <Delay = 0.00>
ST_3 : Operation 166 [1/1] (0.00ns)   --->   "%p_ZL22encoder_temporal_fired_1_addr_1 = getelementptr i1 %p_ZL22encoder_temporal_fired_1, i64 0, i64 %zext_ln192_2" [src/snn_top_hls.cpp:133->src/snn_top_hls.cpp:248]   --->   Operation 166 'getelementptr' 'p_ZL22encoder_temporal_fired_1_addr_1' <Predicate = (icmp_ln192 & !config_two_neuron_enable_val_read & config_encoding_type_val_read == 2 & icmp_ln194_1)> <Delay = 0.00>
ST_3 : Operation 167 [2/2] (3.25ns)   --->   "%p_ZL22encoder_temporal_fired_1_load_1 = load i9 %p_ZL22encoder_temporal_fired_1_addr_1" [src/snn_top_hls.cpp:133->src/snn_top_hls.cpp:248]   --->   Operation 167 'load' 'p_ZL22encoder_temporal_fired_1_load_1' <Predicate = (icmp_ln192 & !config_two_neuron_enable_val_read & config_encoding_type_val_read == 2 & !latency_window_reset_1_read & icmp_ln194_1)> <Delay = 3.25> <CoreInst = "RAM_2P_BRAM">   --->   Core 90 'RAM_2P_BRAM' <Latency = 1> <II = 1> <Delay = 3.25> <Storage> <Opcode : 'load' 'store'> <Ports = 2> <Width = 1> <Depth = 392> <RAM>
ST_3 : Operation 168 [1/1] ( I:3.25ns O:3.25ns )   --->   "%store_ln129 = store i1 0, i9 %p_ZL22encoder_temporal_fired_1_addr_1" [src/snn_top_hls.cpp:129->src/snn_top_hls.cpp:248]   --->   Operation 168 'store' 'store_ln129' <Predicate = (icmp_ln192 & !config_two_neuron_enable_val_read & config_encoding_type_val_read == 2 & latency_window_reset_1_read & icmp_ln194_1)> <Delay = 3.25> <CoreInst = "RAM_2P_BRAM">   --->   Core 90 'RAM_2P_BRAM' <Latency = 1> <II = 1> <Delay = 3.25> <Storage> <Opcode : 'load' 'store'> <Ports = 2> <Width = 1> <Depth = 392> <RAM>
ST_3 : Operation 169 [1/1] (0.00ns)   --->   "%br_ln133 = br void %if.then5.i.1" [src/snn_top_hls.cpp:133->src/snn_top_hls.cpp:248]   --->   Operation 169 'br' 'br_ln133' <Predicate = (icmp_ln192 & !config_two_neuron_enable_val_read & config_encoding_type_val_read == 2 & latency_window_reset_1_read & icmp_ln194_1)> <Delay = 0.00>
ST_3 : Operation 170 [1/1] (0.00ns)   --->   "%zext_ln108_5 = zext i8 %value_8" [src/snn_top_hls.cpp:108->src/snn_top_hls.cpp:245]   --->   Operation 170 'zext' 'zext_ln108_5' <Predicate = (icmp_ln192 & !config_two_neuron_enable_val_read & config_encoding_type_val_read == 1 & icmp_ln194_1)> <Delay = 0.00>
ST_3 : Operation 171 [1/1] (5.58ns)   --->   "%mul_ln108_4 = mul i24 %zext_ln108_cast, i24 %zext_ln108_5" [src/snn_top_hls.cpp:108->src/snn_top_hls.cpp:245]   --->   Operation 171 'mul' 'mul_ln108_4' <Predicate = (icmp_ln192 & !config_two_neuron_enable_val_read & config_encoding_type_val_read == 1 & icmp_ln194_1)> <Delay = 5.58> <CoreInst = "Multiplier">   --->   Core 3 'Multiplier' <Latency = 0> <II = 1> <Delay = 5.58> <FuncUnit> <Opcode : 'mul'> <InPorts = 2> <OutPorts = 1>
ST_3 : Operation 172 [1/1] (0.00ns)   --->   "%spike_prob_4 = partselect i16 @_ssdm_op_PartSelect.i16.i24.i32.i32, i24 %mul_ln108_4, i32 8, i32 23" [src/snn_top_hls.cpp:108->src/snn_top_hls.cpp:245]   --->   Operation 172 'partselect' 'spike_prob_4' <Predicate = (icmp_ln192 & !config_two_neuron_enable_val_read & config_encoding_type_val_read == 1 & icmp_ln194_1)> <Delay = 0.00>
ST_3 : Operation 173 [1/2] ( I:3.25ns O:3.25ns )   --->   "%p_ZL22encoder_temporal_fired_0_load_2 = load i9 %p_ZL22encoder_temporal_fired_0_addr_2" [src/snn_top_hls.cpp:133->src/snn_top_hls.cpp:213]   --->   Operation 173 'load' 'p_ZL22encoder_temporal_fired_0_load_2' <Predicate = (icmp_ln192 & config_two_neuron_enable_val_read & config_encoding_type_val_read == 2 & !latency_window_reset_1_read & icmp_ln194_1)> <Delay = 3.25> <CoreInst = "RAM_2P_BRAM">   --->   Core 90 'RAM_2P_BRAM' <Latency = 1> <II = 1> <Delay = 3.25> <Storage> <Opcode : 'load' 'store'> <Ports = 2> <Width = 1> <Depth = 392> <RAM>
ST_3 : Operation 174 [1/1] (0.00ns)   --->   "%br_ln133 = br i1 %p_ZL22encoder_temporal_fired_0_load_2, void %if.then5.i1143.1, void %sw.bb34.1" [src/snn_top_hls.cpp:133->src/snn_top_hls.cpp:213]   --->   Operation 174 'br' 'br_ln133' <Predicate = (icmp_ln192 & config_two_neuron_enable_val_read & config_encoding_type_val_read == 2 & !latency_window_reset_1_read & icmp_ln194_1)> <Delay = 0.00>
ST_3 : Operation 175 [1/1] (0.99ns)   --->   "%xor_ln136_3 = xor i8 %on_val_1, i8 255" [src/snn_top_hls.cpp:136->src/snn_top_hls.cpp:213]   --->   Operation 175 'xor' 'xor_ln136_3' <Predicate = (icmp_ln192 & config_two_neuron_enable_val_read & config_encoding_type_val_read == 2 & icmp_ln194_1 & !p_ZL22encoder_temporal_fired_0_load_2) | (icmp_ln192 & config_two_neuron_enable_val_read & config_encoding_type_val_read == 2 & latency_window_reset_1_read & icmp_ln194_1)> <Delay = 0.99> <CoreInst = "LogicGate">   --->   Core 74 'LogicGate' <Latency = 0> <II = 1> <Delay = 0.99> <FuncUnit> <Opcode : 'and' 'or' 'xor'> <InPorts = 2> <OutPorts = 1>
ST_3 : Operation 176 [1/1] (0.00ns)   --->   "%zext_ln136_3 = zext i8 %xor_ln136_3" [src/snn_top_hls.cpp:136->src/snn_top_hls.cpp:213]   --->   Operation 176 'zext' 'zext_ln136_3' <Predicate = (icmp_ln192 & config_two_neuron_enable_val_read & config_encoding_type_val_read == 2 & icmp_ln194_1 & !p_ZL22encoder_temporal_fired_0_load_2) | (icmp_ln192 & config_two_neuron_enable_val_read & config_encoding_type_val_read == 2 & latency_window_reset_1_read & icmp_ln194_1)> <Delay = 0.00>
ST_3 : Operation 177 [1/1] (5.58ns)   --->   "%mul_ln136_3 = mul i24 %zext_ln136_3, i24 %zext_ln137_13_cast" [src/snn_top_hls.cpp:136->src/snn_top_hls.cpp:213]   --->   Operation 177 'mul' 'mul_ln136_3' <Predicate = (icmp_ln192 & config_two_neuron_enable_val_read & config_encoding_type_val_read == 2 & icmp_ln194_1 & !p_ZL22encoder_temporal_fired_0_load_2) | (icmp_ln192 & config_two_neuron_enable_val_read & config_encoding_type_val_read == 2 & latency_window_reset_1_read & icmp_ln194_1)> <Delay = 5.58> <CoreInst = "Multiplier">   --->   Core 3 'Multiplier' <Latency = 0> <II = 1> <Delay = 5.58> <FuncUnit> <Opcode : 'mul'> <InPorts = 2> <OutPorts = 1>
ST_3 : Operation 178 [1/1] (0.00ns)   --->   "%spike_delay_3 = partselect i16 @_ssdm_op_PartSelect.i16.i24.i32.i32, i24 %mul_ln136_3, i32 8, i32 23" [src/snn_top_hls.cpp:136->src/snn_top_hls.cpp:213]   --->   Operation 178 'partselect' 'spike_delay_3' <Predicate = (icmp_ln192 & config_two_neuron_enable_val_read & config_encoding_type_val_read == 2 & icmp_ln194_1 & !p_ZL22encoder_temporal_fired_0_load_2) | (icmp_ln192 & config_two_neuron_enable_val_read & config_encoding_type_val_read == 2 & latency_window_reset_1_read & icmp_ln194_1)> <Delay = 0.00>
ST_3 : Operation 179 [1/1] (0.00ns)   --->   "%p_ZL22encoder_temporal_start_0_addr_5 = getelementptr i32 %p_ZL22encoder_temporal_start_0, i64 0, i64 %zext_ln192_3" [src/snn_top_hls.cpp:137->src/snn_top_hls.cpp:213]   --->   Operation 179 'getelementptr' 'p_ZL22encoder_temporal_start_0_addr_5' <Predicate = (icmp_ln192 & config_two_neuron_enable_val_read & config_encoding_type_val_read == 2 & icmp_ln194_1 & !p_ZL22encoder_temporal_fired_0_load_2) | (icmp_ln192 & config_two_neuron_enable_val_read & config_encoding_type_val_read == 2 & latency_window_reset_1_read & icmp_ln194_1)> <Delay = 0.00>
ST_3 : Operation 180 [2/2] (3.25ns)   --->   "%p_ZL22encoder_temporal_start_0_load_2 = load i9 %p_ZL22encoder_temporal_start_0_addr_5" [src/snn_top_hls.cpp:137->src/snn_top_hls.cpp:213]   --->   Operation 180 'load' 'p_ZL22encoder_temporal_start_0_load_2' <Predicate = (icmp_ln192 & config_two_neuron_enable_val_read & config_encoding_type_val_read == 2 & icmp_ln194_1 & !p_ZL22encoder_temporal_fired_0_load_2) | (icmp_ln192 & config_two_neuron_enable_val_read & config_encoding_type_val_read == 2 & latency_window_reset_1_read & icmp_ln194_1)> <Delay = 3.25> <CoreInst = "RAM_2P_BRAM">   --->   Core 90 'RAM_2P_BRAM' <Latency = 1> <II = 1> <Delay = 3.25> <Storage> <Opcode : 'load' 'store'> <Ports = 2> <Width = 32> <Depth = 392> <RAM>
ST_3 : Operation 181 [1/1] (0.00ns)   --->   "%br_ln141 = br void %sw.bb34.1" [src/snn_top_hls.cpp:141->src/snn_top_hls.cpp:213]   --->   Operation 181 'br' 'br_ln141' <Predicate = (icmp_ln192 & config_two_neuron_enable_val_read & config_encoding_type_val_read == 2 & icmp_ln194_1 & !p_ZL22encoder_temporal_fired_0_load_2) | (icmp_ln192 & config_two_neuron_enable_val_read & config_encoding_type_val_read == 2 & latency_window_reset_1_read & icmp_ln194_1)> <Delay = 0.00>
ST_3 : Operation 182 [1/2] ( I:3.25ns O:3.25ns )   --->   "%p_ZL22encoder_temporal_fired_1_load_2 = load i9 %p_ZL22encoder_temporal_fired_1_addr_2" [src/snn_top_hls.cpp:133->src/snn_top_hls.cpp:230]   --->   Operation 182 'load' 'p_ZL22encoder_temporal_fired_1_load_2' <Predicate = (icmp_ln192 & config_two_neuron_enable_val_read & config_encoding_type_val_read == 2 & !latency_window_reset_1_read & icmp_ln194_1)> <Delay = 3.25> <CoreInst = "RAM_2P_BRAM">   --->   Core 90 'RAM_2P_BRAM' <Latency = 1> <II = 1> <Delay = 3.25> <Storage> <Opcode : 'load' 'store'> <Ports = 2> <Width = 1> <Depth = 392> <RAM>
ST_3 : Operation 183 [1/1] (0.00ns)   --->   "%br_ln133 = br i1 %p_ZL22encoder_temporal_fired_1_load_2, void %if.then5.i518.1, void %_ZL15encoder_latencyi7ap_uintILi8EES_ILi32EERK16encoder_config_tRN3hls6streamI19encoder_axis_word_tLi0EEERS1_b.exit604.1" [src/snn_top_hls.cpp:133->src/snn_top_hls.cpp:230]   --->   Operation 183 'br' 'br_ln133' <Predicate = (icmp_ln192 & config_two_neuron_enable_val_read & config_encoding_type_val_read == 2 & !latency_window_reset_1_read & icmp_ln194_1)> <Delay = 0.00>
ST_3 : Operation 184 [1/1] (0.99ns)   --->   "%xor_ln136_5 = xor i8 %off_val_1, i8 255" [src/snn_top_hls.cpp:136->src/snn_top_hls.cpp:230]   --->   Operation 184 'xor' 'xor_ln136_5' <Predicate = (icmp_ln192 & config_two_neuron_enable_val_read & config_encoding_type_val_read == 2 & icmp_ln194_1 & !p_ZL22encoder_temporal_fired_1_load_2) | (icmp_ln192 & config_two_neuron_enable_val_read & config_encoding_type_val_read == 2 & latency_window_reset_1_read & icmp_ln194_1)> <Delay = 0.99> <CoreInst = "LogicGate">   --->   Core 74 'LogicGate' <Latency = 0> <II = 1> <Delay = 0.99> <FuncUnit> <Opcode : 'and' 'or' 'xor'> <InPorts = 2> <OutPorts = 1>
ST_3 : Operation 185 [1/1] (0.00ns)   --->   "%zext_ln136_5 = zext i8 %xor_ln136_5" [src/snn_top_hls.cpp:136->src/snn_top_hls.cpp:230]   --->   Operation 185 'zext' 'zext_ln136_5' <Predicate = (icmp_ln192 & config_two_neuron_enable_val_read & config_encoding_type_val_read == 2 & icmp_ln194_1 & !p_ZL22encoder_temporal_fired_1_load_2) | (icmp_ln192 & config_two_neuron_enable_val_read & config_encoding_type_val_read == 2 & latency_window_reset_1_read & icmp_ln194_1)> <Delay = 0.00>
ST_3 : Operation 186 [1/1] (5.58ns)   --->   "%mul_ln136_5 = mul i24 %zext_ln136_5, i24 %zext_ln137_13_cast" [src/snn_top_hls.cpp:136->src/snn_top_hls.cpp:230]   --->   Operation 186 'mul' 'mul_ln136_5' <Predicate = (icmp_ln192 & config_two_neuron_enable_val_read & config_encoding_type_val_read == 2 & icmp_ln194_1 & !p_ZL22encoder_temporal_fired_1_load_2) | (icmp_ln192 & config_two_neuron_enable_val_read & config_encoding_type_val_read == 2 & latency_window_reset_1_read & icmp_ln194_1)> <Delay = 5.58> <CoreInst = "Multiplier">   --->   Core 3 'Multiplier' <Latency = 0> <II = 1> <Delay = 5.58> <FuncUnit> <Opcode : 'mul'> <InPorts = 2> <OutPorts = 1>
ST_3 : Operation 187 [1/1] (0.00ns)   --->   "%spike_delay_5 = partselect i16 @_ssdm_op_PartSelect.i16.i24.i32.i32, i24 %mul_ln136_5, i32 8, i32 23" [src/snn_top_hls.cpp:136->src/snn_top_hls.cpp:230]   --->   Operation 187 'partselect' 'spike_delay_5' <Predicate = (icmp_ln192 & config_two_neuron_enable_val_read & config_encoding_type_val_read == 2 & icmp_ln194_1 & !p_ZL22encoder_temporal_fired_1_load_2) | (icmp_ln192 & config_two_neuron_enable_val_read & config_encoding_type_val_read == 2 & latency_window_reset_1_read & icmp_ln194_1)> <Delay = 0.00>
ST_3 : Operation 188 [1/1] (0.00ns)   --->   "%p_ZL22encoder_temporal_start_1_addr_5 = getelementptr i32 %p_ZL22encoder_temporal_start_1, i64 0, i64 %zext_ln192_3" [src/snn_top_hls.cpp:137->src/snn_top_hls.cpp:230]   --->   Operation 188 'getelementptr' 'p_ZL22encoder_temporal_start_1_addr_5' <Predicate = (icmp_ln192 & config_two_neuron_enable_val_read & config_encoding_type_val_read == 2 & icmp_ln194_1 & !p_ZL22encoder_temporal_fired_1_load_2) | (icmp_ln192 & config_two_neuron_enable_val_read & config_encoding_type_val_read == 2 & latency_window_reset_1_read & icmp_ln194_1)> <Delay = 0.00>
ST_3 : Operation 189 [2/2] (3.25ns)   --->   "%p_ZL22encoder_temporal_start_1_load_2 = load i9 %p_ZL22encoder_temporal_start_1_addr_5" [src/snn_top_hls.cpp:137->src/snn_top_hls.cpp:230]   --->   Operation 189 'load' 'p_ZL22encoder_temporal_start_1_load_2' <Predicate = (icmp_ln192 & config_two_neuron_enable_val_read & config_encoding_type_val_read == 2 & icmp_ln194_1 & !p_ZL22encoder_temporal_fired_1_load_2) | (icmp_ln192 & config_two_neuron_enable_val_read & config_encoding_type_val_read == 2 & latency_window_reset_1_read & icmp_ln194_1)> <Delay = 3.25> <CoreInst = "RAM_2P_BRAM">   --->   Core 90 'RAM_2P_BRAM' <Latency = 1> <II = 1> <Delay = 3.25> <Storage> <Opcode : 'load' 'store'> <Ports = 2> <Width = 32> <Depth = 392> <RAM>
ST_3 : Operation 190 [1/1] (0.00ns)   --->   "%br_ln141 = br void %_ZL15encoder_latencyi7ap_uintILi8EES_ILi32EERK16encoder_config_tRN3hls6streamI19encoder_axis_word_tLi0EEERS1_b.exit604.1" [src/snn_top_hls.cpp:141->src/snn_top_hls.cpp:230]   --->   Operation 190 'br' 'br_ln141' <Predicate = (icmp_ln192 & config_two_neuron_enable_val_read & config_encoding_type_val_read == 2 & icmp_ln194_1 & !p_ZL22encoder_temporal_fired_1_load_2) | (icmp_ln192 & config_two_neuron_enable_val_read & config_encoding_type_val_read == 2 & latency_window_reset_1_read & icmp_ln194_1)> <Delay = 0.00>
ST_3 : Operation 191 [1/1] (0.00ns)   --->   "%zext_ln108_4 = zext i8 %on_val_1" [src/snn_top_hls.cpp:108->src/snn_top_hls.cpp:210]   --->   Operation 191 'zext' 'zext_ln108_4' <Predicate = (icmp_ln192 & config_two_neuron_enable_val_read & config_encoding_type_val_read == 1 & icmp_ln194_1)> <Delay = 0.00>
ST_3 : Operation 192 [1/1] (5.58ns)   --->   "%mul_ln108_3 = mul i24 %zext_ln108_cast, i24 %zext_ln108_4" [src/snn_top_hls.cpp:108->src/snn_top_hls.cpp:210]   --->   Operation 192 'mul' 'mul_ln108_3' <Predicate = (icmp_ln192 & config_two_neuron_enable_val_read & config_encoding_type_val_read == 1 & icmp_ln194_1)> <Delay = 5.58> <CoreInst = "Multiplier">   --->   Core 3 'Multiplier' <Latency = 0> <II = 1> <Delay = 5.58> <FuncUnit> <Opcode : 'mul'> <InPorts = 2> <OutPorts = 1>
ST_3 : Operation 193 [1/1] (0.00ns)   --->   "%spike_prob_3 = partselect i16 @_ssdm_op_PartSelect.i16.i24.i32.i32, i24 %mul_ln108_3, i32 8, i32 23" [src/snn_top_hls.cpp:108->src/snn_top_hls.cpp:210]   --->   Operation 193 'partselect' 'spike_prob_3' <Predicate = (icmp_ln192 & config_two_neuron_enable_val_read & config_encoding_type_val_read == 1 & icmp_ln194_1)> <Delay = 0.00>
ST_3 : Operation 194 [1/1] (0.00ns)   --->   "%zext_ln108_6 = zext i8 %off_val_1" [src/snn_top_hls.cpp:108->src/snn_top_hls.cpp:227]   --->   Operation 194 'zext' 'zext_ln108_6' <Predicate = (icmp_ln192 & config_two_neuron_enable_val_read & config_encoding_type_val_read == 1 & icmp_ln194_1)> <Delay = 0.00>
ST_3 : Operation 195 [1/1] (5.58ns)   --->   "%mul_ln108_5 = mul i24 %zext_ln108_cast, i24 %zext_ln108_6" [src/snn_top_hls.cpp:108->src/snn_top_hls.cpp:227]   --->   Operation 195 'mul' 'mul_ln108_5' <Predicate = (icmp_ln192 & config_two_neuron_enable_val_read & config_encoding_type_val_read == 1 & icmp_ln194_1)> <Delay = 5.58> <CoreInst = "Multiplier">   --->   Core 3 'Multiplier' <Latency = 0> <II = 1> <Delay = 5.58> <FuncUnit> <Opcode : 'mul'> <InPorts = 2> <OutPorts = 1>
ST_3 : Operation 196 [1/1] (0.00ns)   --->   "%spike_prob_5 = partselect i16 @_ssdm_op_PartSelect.i16.i24.i32.i32, i24 %mul_ln108_5, i32 8, i32 23" [src/snn_top_hls.cpp:108->src/snn_top_hls.cpp:227]   --->   Operation 196 'partselect' 'spike_prob_5' <Predicate = (icmp_ln192 & config_two_neuron_enable_val_read & config_encoding_type_val_read == 1 & icmp_ln194_1)> <Delay = 0.00>
ST_3 : Operation 197 [1/1] (0.00ns)   --->   "%zext_ln154_3 = zext i8 %on_val_1" [src/snn_top_hls.cpp:154->src/snn_top_hls.cpp:216]   --->   Operation 197 'zext' 'zext_ln154_3' <Predicate = (icmp_ln192 & config_two_neuron_enable_val_read & config_encoding_type_val_read == 3 & icmp_ln194_1)> <Delay = 0.00>
ST_3 : Operation 198 [1/2] ( I:3.25ns O:3.25ns )   --->   "%p_ZL17encoder_phase_acc_0_load_2 = load i9 %p_ZL17encoder_phase_acc_0_addr_2" [src/snn_top_hls.cpp:155->src/snn_top_hls.cpp:216]   --->   Operation 198 'load' 'p_ZL17encoder_phase_acc_0_load_2' <Predicate = (icmp_ln192 & config_two_neuron_enable_val_read & config_encoding_type_val_read == 3 & icmp_ln194_1)> <Delay = 3.25> <CoreInst = "RAM_2P_BRAM">   --->   Core 90 'RAM_2P_BRAM' <Latency = 1> <II = 1> <Delay = 3.25> <Storage> <Opcode : 'load' 'store'> <Ports = 2> <Width = 16> <Depth = 392> <RAM>
ST_3 : Operation 199 [1/1] (2.07ns)   --->   "%add_ln155_3 = add i16 %p_ZL17encoder_phase_acc_0_load_2, i16 %zext_ln154_3" [src/snn_top_hls.cpp:155->src/snn_top_hls.cpp:216]   --->   Operation 199 'add' 'add_ln155_3' <Predicate = (icmp_ln192 & config_two_neuron_enable_val_read & config_encoding_type_val_read == 3 & icmp_ln194_1)> <Delay = 2.07> <CoreInst = "Adder">   --->   Core 1 'Adder' <Latency = 0> <II = 1> <Delay = 2.07> <FuncUnit> <Opcode : 'add' 'sub'> <InPorts = 2> <OutPorts = 1>
ST_3 : Operation 200 [1/1] (0.00ns)   --->   "%zext_ln154_5 = zext i8 %off_val_1" [src/snn_top_hls.cpp:154->src/snn_top_hls.cpp:233]   --->   Operation 200 'zext' 'zext_ln154_5' <Predicate = (icmp_ln192 & config_two_neuron_enable_val_read & config_encoding_type_val_read == 3 & icmp_ln194_1)> <Delay = 0.00>
ST_3 : Operation 201 [1/2] ( I:3.25ns O:3.25ns )   --->   "%p_ZL17encoder_phase_acc_1_load_2 = load i9 %p_ZL17encoder_phase_acc_1_addr_2" [src/snn_top_hls.cpp:155->src/snn_top_hls.cpp:233]   --->   Operation 201 'load' 'p_ZL17encoder_phase_acc_1_load_2' <Predicate = (icmp_ln192 & config_two_neuron_enable_val_read & config_encoding_type_val_read == 3 & icmp_ln194_1)> <Delay = 3.25> <CoreInst = "RAM_2P_BRAM">   --->   Core 90 'RAM_2P_BRAM' <Latency = 1> <II = 1> <Delay = 3.25> <Storage> <Opcode : 'load' 'store'> <Ports = 2> <Width = 16> <Depth = 392> <RAM>
ST_3 : Operation 202 [1/1] (2.07ns)   --->   "%add_ln155_5 = add i16 %p_ZL17encoder_phase_acc_1_load_2, i16 %zext_ln154_5" [src/snn_top_hls.cpp:155->src/snn_top_hls.cpp:233]   --->   Operation 202 'add' 'add_ln155_5' <Predicate = (icmp_ln192 & config_two_neuron_enable_val_read & config_encoding_type_val_read == 3 & icmp_ln194_1)> <Delay = 2.07> <CoreInst = "Adder">   --->   Core 1 'Adder' <Latency = 0> <II = 1> <Delay = 2.07> <FuncUnit> <Opcode : 'add' 'sub'> <InPorts = 2> <OutPorts = 1>

State 4 <SV = 3> <Delay = 6.57>
ST_4 : Operation 203 [1/2] ( I:3.25ns O:3.25ns )   --->   "%p_ZL22encoder_temporal_fired_0_load_1 = load i9 %p_ZL22encoder_temporal_fired_0_addr_1" [src/snn_top_hls.cpp:133->src/snn_top_hls.cpp:248]   --->   Operation 203 'load' 'p_ZL22encoder_temporal_fired_0_load_1' <Predicate = (icmp_ln192 & icmp_ln194 & !config_two_neuron_enable_val_read & config_encoding_type_val_read == 2 & !latency_window_reset_1_read)> <Delay = 3.25> <CoreInst = "RAM_2P_BRAM">   --->   Core 90 'RAM_2P_BRAM' <Latency = 1> <II = 1> <Delay = 3.25> <Storage> <Opcode : 'load' 'store'> <Ports = 2> <Width = 1> <Depth = 392> <RAM>
ST_4 : Operation 204 [1/1] (0.00ns)   --->   "%br_ln133 = br i1 %p_ZL22encoder_temporal_fired_0_load_1, void %if.then5.i, void %_ZL15encoder_latencyi7ap_uintILi8EES_ILi32EERK16encoder_config_tRN3hls6streamI19encoder_axis_word_tLi0EEERS1_b.exit" [src/snn_top_hls.cpp:133->src/snn_top_hls.cpp:248]   --->   Operation 204 'br' 'br_ln133' <Predicate = (icmp_ln192 & icmp_ln194 & !config_two_neuron_enable_val_read & config_encoding_type_val_read == 2 & !latency_window_reset_1_read)> <Delay = 0.00>
ST_4 : Operation 205 [1/1] (0.99ns)   --->   "%xor_ln136_1 = xor i8 %input, i8 255" [src/snn_top_hls.cpp:136->src/snn_top_hls.cpp:248]   --->   Operation 205 'xor' 'xor_ln136_1' <Predicate = (icmp_ln192 & icmp_ln194 & !config_two_neuron_enable_val_read & config_encoding_type_val_read == 2 & !p_ZL22encoder_temporal_fired_0_load_1) | (icmp_ln192 & icmp_ln194 & !config_two_neuron_enable_val_read & config_encoding_type_val_read == 2 & latency_window_reset_1_read)> <Delay = 0.99> <CoreInst = "LogicGate">   --->   Core 74 'LogicGate' <Latency = 0> <II = 1> <Delay = 0.99> <FuncUnit> <Opcode : 'and' 'or' 'xor'> <InPorts = 2> <OutPorts = 1>
ST_4 : Operation 206 [1/1] (0.00ns)   --->   "%zext_ln136_1 = zext i8 %xor_ln136_1" [src/snn_top_hls.cpp:136->src/snn_top_hls.cpp:248]   --->   Operation 206 'zext' 'zext_ln136_1' <Predicate = (icmp_ln192 & icmp_ln194 & !config_two_neuron_enable_val_read & config_encoding_type_val_read == 2 & !p_ZL22encoder_temporal_fired_0_load_1) | (icmp_ln192 & icmp_ln194 & !config_two_neuron_enable_val_read & config_encoding_type_val_read == 2 & latency_window_reset_1_read)> <Delay = 0.00>
ST_4 : Operation 207 [1/1] (5.58ns)   --->   "%mul_ln136_1 = mul i24 %zext_ln136_1, i24 %zext_ln137_13_cast" [src/snn_top_hls.cpp:136->src/snn_top_hls.cpp:248]   --->   Operation 207 'mul' 'mul_ln136_1' <Predicate = (icmp_ln192 & icmp_ln194 & !config_two_neuron_enable_val_read & config_encoding_type_val_read == 2 & !p_ZL22encoder_temporal_fired_0_load_1) | (icmp_ln192 & icmp_ln194 & !config_two_neuron_enable_val_read & config_encoding_type_val_read == 2 & latency_window_reset_1_read)> <Delay = 5.58> <CoreInst = "Multiplier">   --->   Core 3 'Multiplier' <Latency = 0> <II = 1> <Delay = 5.58> <FuncUnit> <Opcode : 'mul'> <InPorts = 2> <OutPorts = 1>
ST_4 : Operation 208 [1/1] (0.00ns)   --->   "%spike_delay_1 = partselect i16 @_ssdm_op_PartSelect.i16.i24.i32.i32, i24 %mul_ln136_1, i32 8, i32 23" [src/snn_top_hls.cpp:136->src/snn_top_hls.cpp:248]   --->   Operation 208 'partselect' 'spike_delay_1' <Predicate = (icmp_ln192 & icmp_ln194 & !config_two_neuron_enable_val_read & config_encoding_type_val_read == 2 & !p_ZL22encoder_temporal_fired_0_load_1) | (icmp_ln192 & icmp_ln194 & !config_two_neuron_enable_val_read & config_encoding_type_val_read == 2 & latency_window_reset_1_read)> <Delay = 0.00>
ST_4 : Operation 209 [1/1] (0.00ns)   --->   "%p_ZL22encoder_temporal_start_0_addr_3 = getelementptr i32 %p_ZL22encoder_temporal_start_0, i64 0, i64 %zext_ln192_2" [src/snn_top_hls.cpp:137->src/snn_top_hls.cpp:248]   --->   Operation 209 'getelementptr' 'p_ZL22encoder_temporal_start_0_addr_3' <Predicate = (icmp_ln192 & icmp_ln194 & !config_two_neuron_enable_val_read & config_encoding_type_val_read == 2 & !p_ZL22encoder_temporal_fired_0_load_1) | (icmp_ln192 & icmp_ln194 & !config_two_neuron_enable_val_read & config_encoding_type_val_read == 2 & latency_window_reset_1_read)> <Delay = 0.00>
ST_4 : Operation 210 [2/2] (3.25ns)   --->   "%p_ZL22encoder_temporal_start_0_load_1 = load i9 %p_ZL22encoder_temporal_start_0_addr_3" [src/snn_top_hls.cpp:137->src/snn_top_hls.cpp:248]   --->   Operation 210 'load' 'p_ZL22encoder_temporal_start_0_load_1' <Predicate = (icmp_ln192 & icmp_ln194 & !config_two_neuron_enable_val_read & config_encoding_type_val_read == 2 & !p_ZL22encoder_temporal_fired_0_load_1) | (icmp_ln192 & icmp_ln194 & !config_two_neuron_enable_val_read & config_encoding_type_val_read == 2 & latency_window_reset_1_read)> <Delay = 3.25> <CoreInst = "RAM_2P_BRAM">   --->   Core 90 'RAM_2P_BRAM' <Latency = 1> <II = 1> <Delay = 3.25> <Storage> <Opcode : 'load' 'store'> <Ports = 2> <Width = 32> <Depth = 392> <RAM>
ST_4 : Operation 211 [1/1] (0.00ns)   --->   "%br_ln141 = br void %_ZL15encoder_latencyi7ap_uintILi8EES_ILi32EERK16encoder_config_tRN3hls6streamI19encoder_axis_word_tLi0EEERS1_b.exit" [src/snn_top_hls.cpp:141->src/snn_top_hls.cpp:248]   --->   Operation 211 'br' 'br_ln141' <Predicate = (icmp_ln192 & icmp_ln194 & !config_two_neuron_enable_val_read & config_encoding_type_val_read == 2 & !p_ZL22encoder_temporal_fired_0_load_1) | (icmp_ln192 & icmp_ln194 & !config_two_neuron_enable_val_read & config_encoding_type_val_read == 2 & latency_window_reset_1_read)> <Delay = 0.00>
ST_4 : Operation 212 [1/1] (0.00ns)   --->   "%lfsr_load_1 = load i16 %lfsr" [src/snn_top_hls.cpp:41->src/snn_top_hls.cpp:109->src/snn_top_hls.cpp:245]   --->   Operation 212 'load' 'lfsr_load_1' <Predicate = (icmp_ln192 & icmp_ln194 & !config_two_neuron_enable_val_read & config_encoding_type_val_read == 1)> <Delay = 0.00>
ST_4 : Operation 213 [1/1] (0.00ns) (grouped into LUT with out node xor_ln42_1)   --->   "%trunc_ln41_1 = trunc i16 %lfsr_load_1" [src/snn_top_hls.cpp:41->src/snn_top_hls.cpp:109->src/snn_top_hls.cpp:245]   --->   Operation 213 'trunc' 'trunc_ln41_1' <Predicate = (icmp_ln192 & icmp_ln194 & !config_two_neuron_enable_val_read & config_encoding_type_val_read == 1)> <Delay = 0.00>
ST_4 : Operation 214 [1/1] (0.00ns) (grouped into LUT with out node xor_ln42_1)   --->   "%tmp_27 = bitselect i1 @_ssdm_op_BitSelect.i1.i16.i32, i16 %lfsr_load_1, i32 3" [src/snn_top_hls.cpp:41->src/snn_top_hls.cpp:109->src/snn_top_hls.cpp:245]   --->   Operation 214 'bitselect' 'tmp_27' <Predicate = (icmp_ln192 & icmp_ln194 & !config_two_neuron_enable_val_read & config_encoding_type_val_read == 1)> <Delay = 0.00>
ST_4 : Operation 215 [1/1] (0.00ns) (grouped into LUT with out node xor_ln42_1)   --->   "%tmp_28 = bitselect i1 @_ssdm_op_BitSelect.i1.i16.i32, i16 %lfsr_load_1, i32 5" [src/snn_top_hls.cpp:41->src/snn_top_hls.cpp:109->src/snn_top_hls.cpp:245]   --->   Operation 215 'bitselect' 'tmp_28' <Predicate = (icmp_ln192 & icmp_ln194 & !config_two_neuron_enable_val_read & config_encoding_type_val_read == 1)> <Delay = 0.00>
ST_4 : Operation 216 [1/1] (0.00ns) (grouped into LUT with out node xor_ln42_1)   --->   "%tmp_30 = bitselect i1 @_ssdm_op_BitSelect.i1.i16.i32, i16 %lfsr_load_1, i32 2" [src/snn_top_hls.cpp:41->src/snn_top_hls.cpp:109->src/snn_top_hls.cpp:245]   --->   Operation 216 'bitselect' 'tmp_30' <Predicate = (icmp_ln192 & icmp_ln194 & !config_two_neuron_enable_val_read & config_encoding_type_val_read == 1)> <Delay = 0.00>
ST_4 : Operation 217 [1/1] (0.00ns)   --->   "%lshr_ln42_1 = partselect i15 @_ssdm_op_PartSelect.i15.i16.i32.i32, i16 %lfsr_load_1, i32 1, i32 15" [src/snn_top_hls.cpp:42->src/snn_top_hls.cpp:109->src/snn_top_hls.cpp:245]   --->   Operation 217 'partselect' 'lshr_ln42_1' <Predicate = (icmp_ln192 & icmp_ln194 & !config_two_neuron_enable_val_read & config_encoding_type_val_read == 1)> <Delay = 0.00>
ST_4 : Operation 218 [1/1] (0.00ns) (grouped into LUT with out node xor_ln42_1)   --->   "%xor_ln42_8 = xor i1 %tmp_27, i1 %trunc_ln41_1" [src/snn_top_hls.cpp:42->src/snn_top_hls.cpp:109->src/snn_top_hls.cpp:245]   --->   Operation 218 'xor' 'xor_ln42_8' <Predicate = (icmp_ln192 & icmp_ln194 & !config_two_neuron_enable_val_read & config_encoding_type_val_read == 1)> <Delay = 0.00> <CoreInst = "LogicGate">   --->   Core 74 'LogicGate' <Latency = 0> <II = 1> <Delay = 0.97> <FuncUnit> <Opcode : 'and' 'or' 'xor'> <InPorts = 2> <OutPorts = 1>
ST_4 : Operation 219 [1/1] (0.00ns) (grouped into LUT with out node xor_ln42_1)   --->   "%xor_ln42_9 = xor i1 %tmp_28, i1 %tmp_30" [src/snn_top_hls.cpp:42->src/snn_top_hls.cpp:109->src/snn_top_hls.cpp:245]   --->   Operation 219 'xor' 'xor_ln42_9' <Predicate = (icmp_ln192 & icmp_ln194 & !config_two_neuron_enable_val_read & config_encoding_type_val_read == 1)> <Delay = 0.00> <CoreInst = "LogicGate">   --->   Core 74 'LogicGate' <Latency = 0> <II = 1> <Delay = 0.97> <FuncUnit> <Opcode : 'and' 'or' 'xor'> <InPorts = 2> <OutPorts = 1>
ST_4 : Operation 220 [1/1] (0.97ns) (out node of the LUT)   --->   "%xor_ln42_1 = xor i1 %xor_ln42_9, i1 %xor_ln42_8" [src/snn_top_hls.cpp:42->src/snn_top_hls.cpp:109->src/snn_top_hls.cpp:245]   --->   Operation 220 'xor' 'xor_ln42_1' <Predicate = (icmp_ln192 & icmp_ln194 & !config_two_neuron_enable_val_read & config_encoding_type_val_read == 1)> <Delay = 0.97> <CoreInst = "LogicGate">   --->   Core 74 'LogicGate' <Latency = 0> <II = 1> <Delay = 0.97> <FuncUnit> <Opcode : 'and' 'or' 'xor'> <InPorts = 2> <OutPorts = 1>
ST_4 : Operation 221 [1/1] (0.00ns)   --->   "%random_1 = bitconcatenate i16 @_ssdm_op_BitConcatenate.i16.i1.i15, i1 %xor_ln42_1, i15 %lshr_ln42_1" [src/snn_top_hls.cpp:42->src/snn_top_hls.cpp:109->src/snn_top_hls.cpp:245]   --->   Operation 221 'bitconcatenate' 'random_1' <Predicate = (icmp_ln192 & icmp_ln194 & !config_two_neuron_enable_val_read & config_encoding_type_val_read == 1)> <Delay = 0.00>
ST_4 : Operation 222 [1/1] (1.82ns)   --->   "%store_ln42 = store i16 %random_1, i16 %lfsr" [src/snn_top_hls.cpp:42->src/snn_top_hls.cpp:109->src/snn_top_hls.cpp:245]   --->   Operation 222 'store' 'store_ln42' <Predicate = (icmp_ln192 & icmp_ln194 & !config_two_neuron_enable_val_read & config_encoding_type_val_read == 1)> <Delay = 1.82>
ST_4 : Operation 223 [1/1] (2.07ns)   --->   "%icmp_ln110_1 = icmp_ult  i16 %random_1, i16 %spike_prob_1" [src/snn_top_hls.cpp:110->src/snn_top_hls.cpp:245]   --->   Operation 223 'icmp' 'icmp_ln110_1' <Predicate = (icmp_ln192 & icmp_ln194 & !config_two_neuron_enable_val_read & config_encoding_type_val_read == 1)> <Delay = 2.07> <CoreInst = "Cmp">   --->   Core 9 'Cmp' <Latency = 0> <II = 1> <Delay = 2.07> <FuncUnit> <Opcode : 'seteq' 'setne' 'setle' 'setge' 'setlt' 'setgt'> <InPorts = 2> <OutPorts = 1>
ST_4 : Operation 224 [1/1] (0.00ns)   --->   "%br_ln110 = br i1 %icmp_ln110_1, void %_ZL20encoder_rate_poissoni7ap_uintILi8EES_ILi32EERK16encoder_config_tRN3hls6streamI19encoder_axis_word_tLi0EEERS1_.exit, void %if.then.i180" [src/snn_top_hls.cpp:110->src/snn_top_hls.cpp:245]   --->   Operation 224 'br' 'br_ln110' <Predicate = (icmp_ln192 & icmp_ln194 & !config_two_neuron_enable_val_read & config_encoding_type_val_read == 1)> <Delay = 0.00>
ST_4 : Operation 225 [1/1] (0.00ns)   --->   "%br_ln112 = br void %_ZL20encoder_rate_poissoni7ap_uintILi8EES_ILi32EERK16encoder_config_tRN3hls6streamI19encoder_axis_word_tLi0EEERS1_.exit" [src/snn_top_hls.cpp:112->src/snn_top_hls.cpp:245]   --->   Operation 225 'br' 'br_ln112' <Predicate = (icmp_ln192 & icmp_ln194 & !config_two_neuron_enable_val_read & config_encoding_type_val_read == 1 & icmp_ln110_1)> <Delay = 0.00>
ST_4 : Operation 226 [1/1] (0.00ns)   --->   "%p_ZL17encoder_phase_acc_0_addr_1 = getelementptr i16 %p_ZL17encoder_phase_acc_0, i64 0, i64 %zext_ln192_2" [src/snn_top_hls.cpp:155->src/snn_top_hls.cpp:251]   --->   Operation 226 'getelementptr' 'p_ZL17encoder_phase_acc_0_addr_1' <Predicate = (icmp_ln192 & icmp_ln194 & !config_two_neuron_enable_val_read & config_encoding_type_val_read == 3)> <Delay = 0.00>
ST_4 : Operation 227 [2/2] (3.25ns)   --->   "%p_ZL17encoder_phase_acc_0_load_1 = load i9 %p_ZL17encoder_phase_acc_0_addr_1" [src/snn_top_hls.cpp:155->src/snn_top_hls.cpp:251]   --->   Operation 227 'load' 'p_ZL17encoder_phase_acc_0_load_1' <Predicate = (icmp_ln192 & icmp_ln194 & !config_two_neuron_enable_val_read & config_encoding_type_val_read == 3)> <Delay = 3.25> <CoreInst = "RAM_2P_BRAM">   --->   Core 90 'RAM_2P_BRAM' <Latency = 1> <II = 1> <Delay = 3.25> <Storage> <Opcode : 'load' 'store'> <Ports = 2> <Width = 16> <Depth = 392> <RAM>
ST_4 : Operation 228 [1/1] (0.00ns)   --->   "%zext_ln137_1 = zext i32 %p_ZL22encoder_temporal_start_0_load" [src/snn_top_hls.cpp:137->src/snn_top_hls.cpp:213]   --->   Operation 228 'zext' 'zext_ln137_1' <Predicate = (icmp_ln192 & icmp_ln194 & config_two_neuron_enable_val_read & config_encoding_type_val_read == 2 & !p_ZL22encoder_temporal_fired_0_load) | (icmp_ln192 & icmp_ln194 & config_two_neuron_enable_val_read & config_encoding_type_val_read == 2 & latency_window_reset_1_read)> <Delay = 0.00>
ST_4 : Operation 229 [1/1] (0.00ns)   --->   "%zext_ln137_2 = zext i16 %spike_delay" [src/snn_top_hls.cpp:137->src/snn_top_hls.cpp:213]   --->   Operation 229 'zext' 'zext_ln137_2' <Predicate = (icmp_ln192 & icmp_ln194 & config_two_neuron_enable_val_read & config_encoding_type_val_read == 2 & !p_ZL22encoder_temporal_fired_0_load) | (icmp_ln192 & icmp_ln194 & config_two_neuron_enable_val_read & config_encoding_type_val_read == 2 & latency_window_reset_1_read)> <Delay = 0.00>
ST_4 : Operation 230 [1/1] (2.55ns)   --->   "%add_ln137 = add i33 %zext_ln137_1, i33 %zext_ln137_2" [src/snn_top_hls.cpp:137->src/snn_top_hls.cpp:213]   --->   Operation 230 'add' 'add_ln137' <Predicate = (icmp_ln192 & icmp_ln194 & config_two_neuron_enable_val_read & config_encoding_type_val_read == 2 & !p_ZL22encoder_temporal_fired_0_load) | (icmp_ln192 & icmp_ln194 & config_two_neuron_enable_val_read & config_encoding_type_val_read == 2 & latency_window_reset_1_read)> <Delay = 2.55> <CoreInst = "Adder">   --->   Core 1 'Adder' <Latency = 0> <II = 1> <Delay = 2.55> <FuncUnit> <Opcode : 'add' 'sub'> <InPorts = 2> <OutPorts = 1>
ST_4 : Operation 231 [1/1] (2.59ns)   --->   "%icmp_ln137 = icmp_ugt  i33 %add_ln137, i33 %zext_ln137" [src/snn_top_hls.cpp:137->src/snn_top_hls.cpp:213]   --->   Operation 231 'icmp' 'icmp_ln137' <Predicate = (icmp_ln192 & icmp_ln194 & config_two_neuron_enable_val_read & config_encoding_type_val_read == 2 & !p_ZL22encoder_temporal_fired_0_load) | (icmp_ln192 & icmp_ln194 & config_two_neuron_enable_val_read & config_encoding_type_val_read == 2 & latency_window_reset_1_read)> <Delay = 2.59> <CoreInst = "Cmp">   --->   Core 9 'Cmp' <Latency = 0> <II = 1> <Delay = 2.59> <FuncUnit> <Opcode : 'seteq' 'setne' 'setle' 'setge' 'setlt' 'setgt'> <InPorts = 2> <OutPorts = 1>
ST_4 : Operation 232 [1/1] (0.00ns)   --->   "%br_ln137 = br i1 %icmp_ln137, void %if.then11.i1147, void %if.end15.i1228" [src/snn_top_hls.cpp:137->src/snn_top_hls.cpp:213]   --->   Operation 232 'br' 'br_ln137' <Predicate = (icmp_ln192 & icmp_ln194 & config_two_neuron_enable_val_read & config_encoding_type_val_read == 2 & !p_ZL22encoder_temporal_fired_0_load) | (icmp_ln192 & icmp_ln194 & config_two_neuron_enable_val_read & config_encoding_type_val_read == 2 & latency_window_reset_1_read)> <Delay = 0.00>
ST_4 : Operation 233 [1/1] (0.00ns)   --->   "%zext_ln137_5 = zext i32 %p_ZL22encoder_temporal_start_1_load" [src/snn_top_hls.cpp:137->src/snn_top_hls.cpp:230]   --->   Operation 233 'zext' 'zext_ln137_5' <Predicate = (icmp_ln192 & icmp_ln194 & config_two_neuron_enable_val_read & config_encoding_type_val_read == 2 & !p_ZL22encoder_temporal_fired_1_load) | (icmp_ln192 & icmp_ln194 & config_two_neuron_enable_val_read & config_encoding_type_val_read == 2 & latency_window_reset_1_read)> <Delay = 0.00>
ST_4 : Operation 234 [1/1] (0.00ns)   --->   "%zext_ln137_6 = zext i16 %spike_delay_2" [src/snn_top_hls.cpp:137->src/snn_top_hls.cpp:230]   --->   Operation 234 'zext' 'zext_ln137_6' <Predicate = (icmp_ln192 & icmp_ln194 & config_two_neuron_enable_val_read & config_encoding_type_val_read == 2 & !p_ZL22encoder_temporal_fired_1_load) | (icmp_ln192 & icmp_ln194 & config_two_neuron_enable_val_read & config_encoding_type_val_read == 2 & latency_window_reset_1_read)> <Delay = 0.00>
ST_4 : Operation 235 [1/1] (2.55ns)   --->   "%add_ln137_2 = add i33 %zext_ln137_5, i33 %zext_ln137_6" [src/snn_top_hls.cpp:137->src/snn_top_hls.cpp:230]   --->   Operation 235 'add' 'add_ln137_2' <Predicate = (icmp_ln192 & icmp_ln194 & config_two_neuron_enable_val_read & config_encoding_type_val_read == 2 & !p_ZL22encoder_temporal_fired_1_load) | (icmp_ln192 & icmp_ln194 & config_two_neuron_enable_val_read & config_encoding_type_val_read == 2 & latency_window_reset_1_read)> <Delay = 2.55> <CoreInst = "Adder">   --->   Core 1 'Adder' <Latency = 0> <II = 1> <Delay = 2.55> <FuncUnit> <Opcode : 'add' 'sub'> <InPorts = 2> <OutPorts = 1>
ST_4 : Operation 236 [1/1] (2.59ns)   --->   "%icmp_ln137_2 = icmp_ugt  i33 %add_ln137_2, i33 %zext_ln137" [src/snn_top_hls.cpp:137->src/snn_top_hls.cpp:230]   --->   Operation 236 'icmp' 'icmp_ln137_2' <Predicate = (icmp_ln192 & icmp_ln194 & config_two_neuron_enable_val_read & config_encoding_type_val_read == 2 & !p_ZL22encoder_temporal_fired_1_load) | (icmp_ln192 & icmp_ln194 & config_two_neuron_enable_val_read & config_encoding_type_val_read == 2 & latency_window_reset_1_read)> <Delay = 2.59> <CoreInst = "Cmp">   --->   Core 9 'Cmp' <Latency = 0> <II = 1> <Delay = 2.59> <FuncUnit> <Opcode : 'seteq' 'setne' 'setle' 'setge' 'setlt' 'setgt'> <InPorts = 2> <OutPorts = 1>
ST_4 : Operation 237 [1/1] (0.00ns)   --->   "%br_ln137 = br i1 %icmp_ln137_2, void %if.then11.i522, void %if.end15.i603" [src/snn_top_hls.cpp:137->src/snn_top_hls.cpp:230]   --->   Operation 237 'br' 'br_ln137' <Predicate = (icmp_ln192 & icmp_ln194 & config_two_neuron_enable_val_read & config_encoding_type_val_read == 2 & !p_ZL22encoder_temporal_fired_1_load) | (icmp_ln192 & icmp_ln194 & config_two_neuron_enable_val_read & config_encoding_type_val_read == 2 & latency_window_reset_1_read)> <Delay = 0.00>
ST_4 : Operation 238 [1/1] (0.00ns)   --->   "%lfsr_load = load i16 %lfsr" [src/snn_top_hls.cpp:41->src/snn_top_hls.cpp:109->src/snn_top_hls.cpp:210]   --->   Operation 238 'load' 'lfsr_load' <Predicate = (icmp_ln192 & icmp_ln194 & config_two_neuron_enable_val_read & config_encoding_type_val_read == 1)> <Delay = 0.00>
ST_4 : Operation 239 [1/1] (0.00ns) (grouped into LUT with out node xor_ln42)   --->   "%trunc_ln41 = trunc i16 %lfsr_load" [src/snn_top_hls.cpp:41->src/snn_top_hls.cpp:109->src/snn_top_hls.cpp:210]   --->   Operation 239 'trunc' 'trunc_ln41' <Predicate = (icmp_ln192 & icmp_ln194 & config_two_neuron_enable_val_read & config_encoding_type_val_read == 1)> <Delay = 0.00>
ST_4 : Operation 240 [1/1] (0.00ns)   --->   "%tmp_20 = bitselect i1 @_ssdm_op_BitSelect.i1.i16.i32, i16 %lfsr_load, i32 3" [src/snn_top_hls.cpp:41->src/snn_top_hls.cpp:109->src/snn_top_hls.cpp:210]   --->   Operation 240 'bitselect' 'tmp_20' <Predicate = (icmp_ln192 & icmp_ln194 & config_two_neuron_enable_val_read & config_encoding_type_val_read == 1)> <Delay = 0.00>
ST_4 : Operation 241 [1/1] (0.00ns) (grouped into LUT with out node xor_ln42)   --->   "%tmp_25 = bitselect i1 @_ssdm_op_BitSelect.i1.i16.i32, i16 %lfsr_load, i32 5" [src/snn_top_hls.cpp:41->src/snn_top_hls.cpp:109->src/snn_top_hls.cpp:210]   --->   Operation 241 'bitselect' 'tmp_25' <Predicate = (icmp_ln192 & icmp_ln194 & config_two_neuron_enable_val_read & config_encoding_type_val_read == 1)> <Delay = 0.00>
ST_4 : Operation 242 [1/1] (0.00ns) (grouped into LUT with out node xor_ln42)   --->   "%tmp_26 = bitselect i1 @_ssdm_op_BitSelect.i1.i16.i32, i16 %lfsr_load, i32 2" [src/snn_top_hls.cpp:41->src/snn_top_hls.cpp:109->src/snn_top_hls.cpp:210]   --->   Operation 242 'bitselect' 'tmp_26' <Predicate = (icmp_ln192 & icmp_ln194 & config_two_neuron_enable_val_read & config_encoding_type_val_read == 1)> <Delay = 0.00>
ST_4 : Operation 243 [1/1] (0.00ns)   --->   "%lshr_ln8 = partselect i15 @_ssdm_op_PartSelect.i15.i16.i32.i32, i16 %lfsr_load, i32 1, i32 15" [src/snn_top_hls.cpp:42->src/snn_top_hls.cpp:109->src/snn_top_hls.cpp:210]   --->   Operation 243 'partselect' 'lshr_ln8' <Predicate = (icmp_ln192 & icmp_ln194 & config_two_neuron_enable_val_read & config_encoding_type_val_read == 1)> <Delay = 0.00>
ST_4 : Operation 244 [1/1] (0.00ns) (grouped into LUT with out node xor_ln42)   --->   "%xor_ln42_7 = xor i1 %tmp_25, i1 %tmp_26" [src/snn_top_hls.cpp:42->src/snn_top_hls.cpp:109->src/snn_top_hls.cpp:210]   --->   Operation 244 'xor' 'xor_ln42_7' <Predicate = (icmp_ln192 & icmp_ln194 & config_two_neuron_enable_val_read & config_encoding_type_val_read == 1)> <Delay = 0.00> <CoreInst = "LogicGate">   --->   Core 74 'LogicGate' <Latency = 0> <II = 1> <Delay = 0.97> <FuncUnit> <Opcode : 'and' 'or' 'xor'> <InPorts = 2> <OutPorts = 1>
ST_4 : Operation 245 [1/1] (0.00ns) (grouped into LUT with out node xor_ln42)   --->   "%xor_ln42_6 = xor i1 %trunc_ln41, i1 %tmp_20" [src/snn_top_hls.cpp:42->src/snn_top_hls.cpp:109->src/snn_top_hls.cpp:210]   --->   Operation 245 'xor' 'xor_ln42_6' <Predicate = (icmp_ln192 & icmp_ln194 & config_two_neuron_enable_val_read & config_encoding_type_val_read == 1)> <Delay = 0.00> <CoreInst = "LogicGate">   --->   Core 74 'LogicGate' <Latency = 0> <II = 1> <Delay = 0.97> <FuncUnit> <Opcode : 'and' 'or' 'xor'> <InPorts = 2> <OutPorts = 1>
ST_4 : Operation 246 [1/1] (0.97ns) (out node of the LUT)   --->   "%xor_ln42 = xor i1 %xor_ln42_6, i1 %xor_ln42_7" [src/snn_top_hls.cpp:42->src/snn_top_hls.cpp:109->src/snn_top_hls.cpp:210]   --->   Operation 246 'xor' 'xor_ln42' <Predicate = (icmp_ln192 & icmp_ln194 & config_two_neuron_enable_val_read & config_encoding_type_val_read == 1)> <Delay = 0.97> <CoreInst = "LogicGate">   --->   Core 74 'LogicGate' <Latency = 0> <II = 1> <Delay = 0.97> <FuncUnit> <Opcode : 'and' 'or' 'xor'> <InPorts = 2> <OutPorts = 1>
ST_4 : Operation 247 [1/1] (0.00ns)   --->   "%random = bitconcatenate i16 @_ssdm_op_BitConcatenate.i16.i1.i15, i1 %xor_ln42, i15 %lshr_ln8" [src/snn_top_hls.cpp:42->src/snn_top_hls.cpp:109->src/snn_top_hls.cpp:210]   --->   Operation 247 'bitconcatenate' 'random' <Predicate = (icmp_ln192 & icmp_ln194 & config_two_neuron_enable_val_read & config_encoding_type_val_read == 1)> <Delay = 0.00>
ST_4 : Operation 248 [1/1] (2.07ns)   --->   "%icmp_ln110 = icmp_ult  i16 %random, i16 %spike_prob" [src/snn_top_hls.cpp:110->src/snn_top_hls.cpp:210]   --->   Operation 248 'icmp' 'icmp_ln110' <Predicate = (icmp_ln192 & icmp_ln194 & config_two_neuron_enable_val_read & config_encoding_type_val_read == 1)> <Delay = 2.07> <CoreInst = "Cmp">   --->   Core 9 'Cmp' <Latency = 0> <II = 1> <Delay = 2.07> <FuncUnit> <Opcode : 'seteq' 'setne' 'setle' 'setge' 'setlt' 'setgt'> <InPorts = 2> <OutPorts = 1>
ST_4 : Operation 249 [1/1] (0.00ns)   --->   "%br_ln110 = br i1 %icmp_ln110, void %_ZL19encoder_lfsr_randomv.exit.i796, void %if.then.i1425" [src/snn_top_hls.cpp:110->src/snn_top_hls.cpp:210]   --->   Operation 249 'br' 'br_ln110' <Predicate = (icmp_ln192 & icmp_ln194 & config_two_neuron_enable_val_read & config_encoding_type_val_read == 1)> <Delay = 0.00>
ST_4 : Operation 250 [1/1] (0.00ns)   --->   "%br_ln112 = br void %_ZL19encoder_lfsr_randomv.exit.i796" [src/snn_top_hls.cpp:112->src/snn_top_hls.cpp:210]   --->   Operation 250 'br' 'br_ln112' <Predicate = (icmp_ln192 & icmp_ln194 & config_two_neuron_enable_val_read & config_encoding_type_val_read == 1 & icmp_ln110)> <Delay = 0.00>
ST_4 : Operation 251 [1/1] (0.00ns) (grouped into LUT with out node xor_ln42_2)   --->   "%tmp_31 = bitselect i1 @_ssdm_op_BitSelect.i1.i16.i32, i16 %lfsr_load, i32 4" [src/snn_top_hls.cpp:41->src/snn_top_hls.cpp:109->src/snn_top_hls.cpp:227]   --->   Operation 251 'bitselect' 'tmp_31' <Predicate = (icmp_ln192 & icmp_ln194 & config_two_neuron_enable_val_read & config_encoding_type_val_read == 1)> <Delay = 0.00>
ST_4 : Operation 252 [1/1] (0.00ns) (grouped into LUT with out node xor_ln42_2)   --->   "%tmp_37 = bitselect i1 @_ssdm_op_BitSelect.i1.i16.i32, i16 %lfsr_load, i32 6" [src/snn_top_hls.cpp:41->src/snn_top_hls.cpp:109->src/snn_top_hls.cpp:227]   --->   Operation 252 'bitselect' 'tmp_37' <Predicate = (icmp_ln192 & icmp_ln194 & config_two_neuron_enable_val_read & config_encoding_type_val_read == 1)> <Delay = 0.00>
ST_4 : Operation 253 [1/1] (0.00ns) (grouped into LUT with out node xor_ln42_2)   --->   "%tmp_38 = bitselect i1 @_ssdm_op_BitSelect.i1.i16.i32, i16 %lfsr_load, i32 1" [src/snn_top_hls.cpp:41->src/snn_top_hls.cpp:109->src/snn_top_hls.cpp:227]   --->   Operation 253 'bitselect' 'tmp_38' <Predicate = (icmp_ln192 & icmp_ln194 & config_two_neuron_enable_val_read & config_encoding_type_val_read == 1)> <Delay = 0.00>
ST_4 : Operation 254 [1/1] (0.00ns)   --->   "%tmp_10 = partselect i14 @_ssdm_op_PartSelect.i14.i16.i32.i32, i16 %lfsr_load, i32 2, i32 15" [src/snn_top_hls.cpp:42->src/snn_top_hls.cpp:109->src/snn_top_hls.cpp:227]   --->   Operation 254 'partselect' 'tmp_10' <Predicate = (icmp_ln192 & icmp_ln194 & config_two_neuron_enable_val_read & config_encoding_type_val_read == 1)> <Delay = 0.00>
ST_4 : Operation 255 [1/1] (0.00ns) (grouped into LUT with out node xor_ln42_2)   --->   "%xor_ln42_10 = xor i1 %tmp_37, i1 %tmp_31" [src/snn_top_hls.cpp:42->src/snn_top_hls.cpp:109->src/snn_top_hls.cpp:227]   --->   Operation 255 'xor' 'xor_ln42_10' <Predicate = (icmp_ln192 & icmp_ln194 & config_two_neuron_enable_val_read & config_encoding_type_val_read == 1)> <Delay = 0.00> <CoreInst = "LogicGate">   --->   Core 74 'LogicGate' <Latency = 0> <II = 1> <Delay = 0.97> <FuncUnit> <Opcode : 'and' 'or' 'xor'> <InPorts = 2> <OutPorts = 1>
ST_4 : Operation 256 [1/1] (0.00ns) (grouped into LUT with out node xor_ln42_2)   --->   "%xor_ln42_11 = xor i1 %tmp_20, i1 %tmp_38" [src/snn_top_hls.cpp:42->src/snn_top_hls.cpp:109->src/snn_top_hls.cpp:227]   --->   Operation 256 'xor' 'xor_ln42_11' <Predicate = (icmp_ln192 & icmp_ln194 & config_two_neuron_enable_val_read & config_encoding_type_val_read == 1)> <Delay = 0.00> <CoreInst = "LogicGate">   --->   Core 74 'LogicGate' <Latency = 0> <II = 1> <Delay = 0.97> <FuncUnit> <Opcode : 'and' 'or' 'xor'> <InPorts = 2> <OutPorts = 1>
ST_4 : Operation 257 [1/1] (0.97ns) (out node of the LUT)   --->   "%xor_ln42_2 = xor i1 %xor_ln42_11, i1 %xor_ln42_10" [src/snn_top_hls.cpp:42->src/snn_top_hls.cpp:109->src/snn_top_hls.cpp:227]   --->   Operation 257 'xor' 'xor_ln42_2' <Predicate = (icmp_ln192 & icmp_ln194 & config_two_neuron_enable_val_read & config_encoding_type_val_read == 1)> <Delay = 0.97> <CoreInst = "LogicGate">   --->   Core 74 'LogicGate' <Latency = 0> <II = 1> <Delay = 0.97> <FuncUnit> <Opcode : 'and' 'or' 'xor'> <InPorts = 2> <OutPorts = 1>
ST_4 : Operation 258 [1/1] (0.00ns)   --->   "%random_2 = bitconcatenate i16 @_ssdm_op_BitConcatenate.i16.i1.i1.i14, i1 %xor_ln42_2, i1 %xor_ln42, i14 %tmp_10" [src/snn_top_hls.cpp:42->src/snn_top_hls.cpp:109->src/snn_top_hls.cpp:227]   --->   Operation 258 'bitconcatenate' 'random_2' <Predicate = (icmp_ln192 & icmp_ln194 & config_two_neuron_enable_val_read & config_encoding_type_val_read == 1)> <Delay = 0.00>
ST_4 : Operation 259 [1/1] (1.82ns)   --->   "%store_ln42 = store i16 %random_2, i16 %lfsr" [src/snn_top_hls.cpp:42->src/snn_top_hls.cpp:109->src/snn_top_hls.cpp:227]   --->   Operation 259 'store' 'store_ln42' <Predicate = (icmp_ln192 & icmp_ln194 & config_two_neuron_enable_val_read & config_encoding_type_val_read == 1)> <Delay = 1.82>
ST_4 : Operation 260 [1/1] (2.07ns)   --->   "%icmp_ln110_2 = icmp_ult  i16 %random_2, i16 %spike_prob_2" [src/snn_top_hls.cpp:110->src/snn_top_hls.cpp:227]   --->   Operation 260 'icmp' 'icmp_ln110_2' <Predicate = (icmp_ln192 & icmp_ln194 & config_two_neuron_enable_val_read & config_encoding_type_val_read == 1)> <Delay = 2.07> <CoreInst = "Cmp">   --->   Core 9 'Cmp' <Latency = 0> <II = 1> <Delay = 2.07> <FuncUnit> <Opcode : 'seteq' 'setne' 'setle' 'setge' 'setlt' 'setgt'> <InPorts = 2> <OutPorts = 1>
ST_4 : Operation 261 [1/1] (0.00ns)   --->   "%br_ln110 = br i1 %icmp_ln110_2, void %_ZL20encoder_rate_poissoni7ap_uintILi8EES_ILi32EERK16encoder_config_tRN3hls6streamI19encoder_axis_word_tLi0EEERS1_.exit880, void %if.then.i800" [src/snn_top_hls.cpp:110->src/snn_top_hls.cpp:227]   --->   Operation 261 'br' 'br_ln110' <Predicate = (icmp_ln192 & icmp_ln194 & config_two_neuron_enable_val_read & config_encoding_type_val_read == 1)> <Delay = 0.00>
ST_4 : Operation 262 [1/1] (0.00ns)   --->   "%br_ln112 = br void %_ZL20encoder_rate_poissoni7ap_uintILi8EES_ILi32EERK16encoder_config_tRN3hls6streamI19encoder_axis_word_tLi0EEERS1_.exit880" [src/snn_top_hls.cpp:112->src/snn_top_hls.cpp:227]   --->   Operation 262 'br' 'br_ln112' <Predicate = (icmp_ln192 & icmp_ln194 & config_two_neuron_enable_val_read & config_encoding_type_val_read == 1 & icmp_ln110_2)> <Delay = 0.00>
ST_4 : Operation 263 [1/2] ( I:3.25ns O:3.25ns )   --->   "%p_ZL22encoder_temporal_fired_1_load_1 = load i9 %p_ZL22encoder_temporal_fired_1_addr_1" [src/snn_top_hls.cpp:133->src/snn_top_hls.cpp:248]   --->   Operation 263 'load' 'p_ZL22encoder_temporal_fired_1_load_1' <Predicate = (icmp_ln192 & !config_two_neuron_enable_val_read & config_encoding_type_val_read == 2 & !latency_window_reset_1_read & icmp_ln194_1)> <Delay = 3.25> <CoreInst = "RAM_2P_BRAM">   --->   Core 90 'RAM_2P_BRAM' <Latency = 1> <II = 1> <Delay = 3.25> <Storage> <Opcode : 'load' 'store'> <Ports = 2> <Width = 1> <Depth = 392> <RAM>
ST_4 : Operation 264 [1/1] (0.00ns)   --->   "%br_ln133 = br i1 %p_ZL22encoder_temporal_fired_1_load_1, void %if.then5.i.1, void %_ZL15encoder_latencyi7ap_uintILi8EES_ILi32EERK16encoder_config_tRN3hls6streamI19encoder_axis_word_tLi0EEERS1_b.exit.1" [src/snn_top_hls.cpp:133->src/snn_top_hls.cpp:248]   --->   Operation 264 'br' 'br_ln133' <Predicate = (icmp_ln192 & !config_two_neuron_enable_val_read & config_encoding_type_val_read == 2 & !latency_window_reset_1_read & icmp_ln194_1)> <Delay = 0.00>
ST_4 : Operation 265 [1/1] (0.99ns)   --->   "%xor_ln136_4 = xor i8 %value_8, i8 255" [src/snn_top_hls.cpp:136->src/snn_top_hls.cpp:248]   --->   Operation 265 'xor' 'xor_ln136_4' <Predicate = (icmp_ln192 & !config_two_neuron_enable_val_read & config_encoding_type_val_read == 2 & icmp_ln194_1 & !p_ZL22encoder_temporal_fired_1_load_1) | (icmp_ln192 & !config_two_neuron_enable_val_read & config_encoding_type_val_read == 2 & latency_window_reset_1_read & icmp_ln194_1)> <Delay = 0.99> <CoreInst = "LogicGate">   --->   Core 74 'LogicGate' <Latency = 0> <II = 1> <Delay = 0.99> <FuncUnit> <Opcode : 'and' 'or' 'xor'> <InPorts = 2> <OutPorts = 1>
ST_4 : Operation 266 [1/1] (0.00ns)   --->   "%zext_ln136_4 = zext i8 %xor_ln136_4" [src/snn_top_hls.cpp:136->src/snn_top_hls.cpp:248]   --->   Operation 266 'zext' 'zext_ln136_4' <Predicate = (icmp_ln192 & !config_two_neuron_enable_val_read & config_encoding_type_val_read == 2 & icmp_ln194_1 & !p_ZL22encoder_temporal_fired_1_load_1) | (icmp_ln192 & !config_two_neuron_enable_val_read & config_encoding_type_val_read == 2 & latency_window_reset_1_read & icmp_ln194_1)> <Delay = 0.00>
ST_4 : Operation 267 [1/1] (5.58ns)   --->   "%mul_ln136_4 = mul i24 %zext_ln136_4, i24 %zext_ln137_13_cast" [src/snn_top_hls.cpp:136->src/snn_top_hls.cpp:248]   --->   Operation 267 'mul' 'mul_ln136_4' <Predicate = (icmp_ln192 & !config_two_neuron_enable_val_read & config_encoding_type_val_read == 2 & icmp_ln194_1 & !p_ZL22encoder_temporal_fired_1_load_1) | (icmp_ln192 & !config_two_neuron_enable_val_read & config_encoding_type_val_read == 2 & latency_window_reset_1_read & icmp_ln194_1)> <Delay = 5.58> <CoreInst = "Multiplier">   --->   Core 3 'Multiplier' <Latency = 0> <II = 1> <Delay = 5.58> <FuncUnit> <Opcode : 'mul'> <InPorts = 2> <OutPorts = 1>
ST_4 : Operation 268 [1/1] (0.00ns)   --->   "%spike_delay_4 = partselect i16 @_ssdm_op_PartSelect.i16.i24.i32.i32, i24 %mul_ln136_4, i32 8, i32 23" [src/snn_top_hls.cpp:136->src/snn_top_hls.cpp:248]   --->   Operation 268 'partselect' 'spike_delay_4' <Predicate = (icmp_ln192 & !config_two_neuron_enable_val_read & config_encoding_type_val_read == 2 & icmp_ln194_1 & !p_ZL22encoder_temporal_fired_1_load_1) | (icmp_ln192 & !config_two_neuron_enable_val_read & config_encoding_type_val_read == 2 & latency_window_reset_1_read & icmp_ln194_1)> <Delay = 0.00>
ST_4 : Operation 269 [1/1] (0.00ns)   --->   "%p_ZL22encoder_temporal_start_1_addr_3 = getelementptr i32 %p_ZL22encoder_temporal_start_1, i64 0, i64 %zext_ln192_2" [src/snn_top_hls.cpp:137->src/snn_top_hls.cpp:248]   --->   Operation 269 'getelementptr' 'p_ZL22encoder_temporal_start_1_addr_3' <Predicate = (icmp_ln192 & !config_two_neuron_enable_val_read & config_encoding_type_val_read == 2 & icmp_ln194_1 & !p_ZL22encoder_temporal_fired_1_load_1) | (icmp_ln192 & !config_two_neuron_enable_val_read & config_encoding_type_val_read == 2 & latency_window_reset_1_read & icmp_ln194_1)> <Delay = 0.00>
ST_4 : Operation 270 [2/2] (3.25ns)   --->   "%p_ZL22encoder_temporal_start_1_load_1 = load i9 %p_ZL22encoder_temporal_start_1_addr_3" [src/snn_top_hls.cpp:137->src/snn_top_hls.cpp:248]   --->   Operation 270 'load' 'p_ZL22encoder_temporal_start_1_load_1' <Predicate = (icmp_ln192 & !config_two_neuron_enable_val_read & config_encoding_type_val_read == 2 & icmp_ln194_1 & !p_ZL22encoder_temporal_fired_1_load_1) | (icmp_ln192 & !config_two_neuron_enable_val_read & config_encoding_type_val_read == 2 & latency_window_reset_1_read & icmp_ln194_1)> <Delay = 3.25> <CoreInst = "RAM_2P_BRAM">   --->   Core 90 'RAM_2P_BRAM' <Latency = 1> <II = 1> <Delay = 3.25> <Storage> <Opcode : 'load' 'store'> <Ports = 2> <Width = 32> <Depth = 392> <RAM>
ST_4 : Operation 271 [1/1] (0.00ns)   --->   "%br_ln141 = br void %_ZL15encoder_latencyi7ap_uintILi8EES_ILi32EERK16encoder_config_tRN3hls6streamI19encoder_axis_word_tLi0EEERS1_b.exit.1" [src/snn_top_hls.cpp:141->src/snn_top_hls.cpp:248]   --->   Operation 271 'br' 'br_ln141' <Predicate = (icmp_ln192 & !config_two_neuron_enable_val_read & config_encoding_type_val_read == 2 & icmp_ln194_1 & !p_ZL22encoder_temporal_fired_1_load_1) | (icmp_ln192 & !config_two_neuron_enable_val_read & config_encoding_type_val_read == 2 & latency_window_reset_1_read & icmp_ln194_1)> <Delay = 0.00>
ST_4 : Operation 272 [1/1] (0.00ns)   --->   "%p_ZL17encoder_phase_acc_1_addr_1 = getelementptr i16 %p_ZL17encoder_phase_acc_1, i64 0, i64 %zext_ln192_2" [src/snn_top_hls.cpp:155->src/snn_top_hls.cpp:251]   --->   Operation 272 'getelementptr' 'p_ZL17encoder_phase_acc_1_addr_1' <Predicate = (icmp_ln192 & !config_two_neuron_enable_val_read & config_encoding_type_val_read == 3 & icmp_ln194_1)> <Delay = 0.00>
ST_4 : Operation 273 [2/2] (3.25ns)   --->   "%p_ZL17encoder_phase_acc_1_load_1 = load i9 %p_ZL17encoder_phase_acc_1_addr_1" [src/snn_top_hls.cpp:155->src/snn_top_hls.cpp:251]   --->   Operation 273 'load' 'p_ZL17encoder_phase_acc_1_load_1' <Predicate = (icmp_ln192 & !config_two_neuron_enable_val_read & config_encoding_type_val_read == 3 & icmp_ln194_1)> <Delay = 3.25> <CoreInst = "RAM_2P_BRAM">   --->   Core 90 'RAM_2P_BRAM' <Latency = 1> <II = 1> <Delay = 3.25> <Storage> <Opcode : 'load' 'store'> <Ports = 2> <Width = 16> <Depth = 392> <RAM>
ST_4 : Operation 274 [1/1] ( I:3.25ns O:3.25ns )   --->   "%store_ln129 = store i1 0, i9 %p_ZL22encoder_temporal_fired_0_addr_2" [src/snn_top_hls.cpp:129->src/snn_top_hls.cpp:213]   --->   Operation 274 'store' 'store_ln129' <Predicate = (icmp_ln192 & config_two_neuron_enable_val_read & config_encoding_type_val_read == 2 & latency_window_reset_1_read & icmp_ln194_1)> <Delay = 3.25> <CoreInst = "RAM_2P_BRAM">   --->   Core 90 'RAM_2P_BRAM' <Latency = 1> <II = 1> <Delay = 3.25> <Storage> <Opcode : 'load' 'store'> <Ports = 2> <Width = 1> <Depth = 392> <RAM>
ST_4 : Operation 275 [1/1] (0.00ns)   --->   "%br_ln133 = br void %if.then5.i1143.1" [src/snn_top_hls.cpp:133->src/snn_top_hls.cpp:213]   --->   Operation 275 'br' 'br_ln133' <Predicate = (icmp_ln192 & config_two_neuron_enable_val_read & config_encoding_type_val_read == 2 & latency_window_reset_1_read & icmp_ln194_1)> <Delay = 0.00>
ST_4 : Operation 276 [1/2] ( I:3.25ns O:3.25ns )   --->   "%p_ZL22encoder_temporal_start_0_load_2 = load i9 %p_ZL22encoder_temporal_start_0_addr_5" [src/snn_top_hls.cpp:137->src/snn_top_hls.cpp:213]   --->   Operation 276 'load' 'p_ZL22encoder_temporal_start_0_load_2' <Predicate = (icmp_ln192 & config_two_neuron_enable_val_read & config_encoding_type_val_read == 2 & icmp_ln194_1 & !p_ZL22encoder_temporal_fired_0_load_2) | (icmp_ln192 & config_two_neuron_enable_val_read & config_encoding_type_val_read == 2 & latency_window_reset_1_read & icmp_ln194_1)> <Delay = 3.25> <CoreInst = "RAM_2P_BRAM">   --->   Core 90 'RAM_2P_BRAM' <Latency = 1> <II = 1> <Delay = 3.25> <Storage> <Opcode : 'load' 'store'> <Ports = 2> <Width = 32> <Depth = 392> <RAM>
ST_4 : Operation 277 [1/1] (0.00ns)   --->   "%zext_ln137_7 = zext i32 %p_ZL22encoder_temporal_start_0_load_2" [src/snn_top_hls.cpp:137->src/snn_top_hls.cpp:213]   --->   Operation 277 'zext' 'zext_ln137_7' <Predicate = (icmp_ln192 & config_two_neuron_enable_val_read & config_encoding_type_val_read == 2 & icmp_ln194_1 & !p_ZL22encoder_temporal_fired_0_load_2) | (icmp_ln192 & config_two_neuron_enable_val_read & config_encoding_type_val_read == 2 & latency_window_reset_1_read & icmp_ln194_1)> <Delay = 0.00>
ST_4 : Operation 278 [1/1] (0.00ns)   --->   "%zext_ln137_8 = zext i16 %spike_delay_3" [src/snn_top_hls.cpp:137->src/snn_top_hls.cpp:213]   --->   Operation 278 'zext' 'zext_ln137_8' <Predicate = (icmp_ln192 & config_two_neuron_enable_val_read & config_encoding_type_val_read == 2 & icmp_ln194_1 & !p_ZL22encoder_temporal_fired_0_load_2) | (icmp_ln192 & config_two_neuron_enable_val_read & config_encoding_type_val_read == 2 & latency_window_reset_1_read & icmp_ln194_1)> <Delay = 0.00>
ST_4 : Operation 279 [1/1] (2.55ns)   --->   "%add_ln137_3 = add i33 %zext_ln137_7, i33 %zext_ln137_8" [src/snn_top_hls.cpp:137->src/snn_top_hls.cpp:213]   --->   Operation 279 'add' 'add_ln137_3' <Predicate = (icmp_ln192 & config_two_neuron_enable_val_read & config_encoding_type_val_read == 2 & icmp_ln194_1 & !p_ZL22encoder_temporal_fired_0_load_2) | (icmp_ln192 & config_two_neuron_enable_val_read & config_encoding_type_val_read == 2 & latency_window_reset_1_read & icmp_ln194_1)> <Delay = 2.55> <CoreInst = "Adder">   --->   Core 1 'Adder' <Latency = 0> <II = 1> <Delay = 2.55> <FuncUnit> <Opcode : 'add' 'sub'> <InPorts = 2> <OutPorts = 1>
ST_4 : Operation 280 [1/1] ( I:3.25ns O:3.25ns )   --->   "%store_ln129 = store i1 0, i9 %p_ZL22encoder_temporal_fired_1_addr_2" [src/snn_top_hls.cpp:129->src/snn_top_hls.cpp:230]   --->   Operation 280 'store' 'store_ln129' <Predicate = (icmp_ln192 & config_two_neuron_enable_val_read & config_encoding_type_val_read == 2 & latency_window_reset_1_read & icmp_ln194_1)> <Delay = 3.25> <CoreInst = "RAM_2P_BRAM">   --->   Core 90 'RAM_2P_BRAM' <Latency = 1> <II = 1> <Delay = 3.25> <Storage> <Opcode : 'load' 'store'> <Ports = 2> <Width = 1> <Depth = 392> <RAM>
ST_4 : Operation 281 [1/1] (0.00ns)   --->   "%br_ln133 = br void %if.then5.i518.1" [src/snn_top_hls.cpp:133->src/snn_top_hls.cpp:230]   --->   Operation 281 'br' 'br_ln133' <Predicate = (icmp_ln192 & config_two_neuron_enable_val_read & config_encoding_type_val_read == 2 & latency_window_reset_1_read & icmp_ln194_1)> <Delay = 0.00>
ST_4 : Operation 282 [1/2] ( I:3.25ns O:3.25ns )   --->   "%p_ZL22encoder_temporal_start_1_load_2 = load i9 %p_ZL22encoder_temporal_start_1_addr_5" [src/snn_top_hls.cpp:137->src/snn_top_hls.cpp:230]   --->   Operation 282 'load' 'p_ZL22encoder_temporal_start_1_load_2' <Predicate = (icmp_ln192 & config_two_neuron_enable_val_read & config_encoding_type_val_read == 2 & icmp_ln194_1 & !p_ZL22encoder_temporal_fired_1_load_2) | (icmp_ln192 & config_two_neuron_enable_val_read & config_encoding_type_val_read == 2 & latency_window_reset_1_read & icmp_ln194_1)> <Delay = 3.25> <CoreInst = "RAM_2P_BRAM">   --->   Core 90 'RAM_2P_BRAM' <Latency = 1> <II = 1> <Delay = 3.25> <Storage> <Opcode : 'load' 'store'> <Ports = 2> <Width = 32> <Depth = 392> <RAM>
ST_4 : Operation 283 [1/1] (0.00ns)   --->   "%zext_ln137_11 = zext i32 %p_ZL22encoder_temporal_start_1_load_2" [src/snn_top_hls.cpp:137->src/snn_top_hls.cpp:230]   --->   Operation 283 'zext' 'zext_ln137_11' <Predicate = (icmp_ln192 & config_two_neuron_enable_val_read & config_encoding_type_val_read == 2 & icmp_ln194_1 & !p_ZL22encoder_temporal_fired_1_load_2) | (icmp_ln192 & config_two_neuron_enable_val_read & config_encoding_type_val_read == 2 & latency_window_reset_1_read & icmp_ln194_1)> <Delay = 0.00>
ST_4 : Operation 284 [1/1] (0.00ns)   --->   "%zext_ln137_12 = zext i16 %spike_delay_5" [src/snn_top_hls.cpp:137->src/snn_top_hls.cpp:230]   --->   Operation 284 'zext' 'zext_ln137_12' <Predicate = (icmp_ln192 & config_two_neuron_enable_val_read & config_encoding_type_val_read == 2 & icmp_ln194_1 & !p_ZL22encoder_temporal_fired_1_load_2) | (icmp_ln192 & config_two_neuron_enable_val_read & config_encoding_type_val_read == 2 & latency_window_reset_1_read & icmp_ln194_1)> <Delay = 0.00>
ST_4 : Operation 285 [1/1] (2.55ns)   --->   "%add_ln137_5 = add i33 %zext_ln137_11, i33 %zext_ln137_12" [src/snn_top_hls.cpp:137->src/snn_top_hls.cpp:230]   --->   Operation 285 'add' 'add_ln137_5' <Predicate = (icmp_ln192 & config_two_neuron_enable_val_read & config_encoding_type_val_read == 2 & icmp_ln194_1 & !p_ZL22encoder_temporal_fired_1_load_2) | (icmp_ln192 & config_two_neuron_enable_val_read & config_encoding_type_val_read == 2 & latency_window_reset_1_read & icmp_ln194_1)> <Delay = 2.55> <CoreInst = "Adder">   --->   Core 1 'Adder' <Latency = 0> <II = 1> <Delay = 2.55> <FuncUnit> <Opcode : 'add' 'sub'> <InPorts = 2> <OutPorts = 1>
ST_4 : Operation 286 [1/1] (2.07ns)   --->   "%icmp_ln158_3 = icmp_ugt  i16 %add_ln155_3, i16 %config_delta_decay_val_read" [src/snn_top_hls.cpp:158->src/snn_top_hls.cpp:216]   --->   Operation 286 'icmp' 'icmp_ln158_3' <Predicate = (icmp_ln192 & config_two_neuron_enable_val_read & config_encoding_type_val_read == 3 & icmp_ln194_1)> <Delay = 2.07> <CoreInst = "Cmp">   --->   Core 9 'Cmp' <Latency = 0> <II = 1> <Delay = 2.07> <FuncUnit> <Opcode : 'seteq' 'setne' 'setle' 'setge' 'setlt' 'setgt'> <InPorts = 2> <OutPorts = 1>
ST_4 : Operation 287 [1/1] (2.07ns)   --->   "%sub_ln159_3 = sub i16 %add_ln155_3, i16 %config_delta_decay_val_read" [src/snn_top_hls.cpp:159->src/snn_top_hls.cpp:216]   --->   Operation 287 'sub' 'sub_ln159_3' <Predicate = (icmp_ln192 & config_two_neuron_enable_val_read & config_encoding_type_val_read == 3 & icmp_ln194_1)> <Delay = 2.07> <CoreInst = "Adder">   --->   Core 1 'Adder' <Latency = 0> <II = 1> <Delay = 2.07> <FuncUnit> <Opcode : 'add' 'sub'> <InPorts = 2> <OutPorts = 1>
ST_4 : Operation 288 [1/1] (0.80ns)   --->   "%select_ln158_3 = select i1 %icmp_ln158_3, i16 %sub_ln159_3, i16 %add_ln155_3" [src/snn_top_hls.cpp:158->src/snn_top_hls.cpp:216]   --->   Operation 288 'select' 'select_ln158_3' <Predicate = (icmp_ln192 & config_two_neuron_enable_val_read & config_encoding_type_val_read == 3 & icmp_ln194_1)> <Delay = 0.80> <CoreInst = "Sel">   --->   Core 73 'Sel' <Latency = 0> <II = 1> <Delay = 0.80> <FuncUnit> <Opcode : 'select'> <InPorts = 3> <OutPorts = 1>
ST_4 : Operation 289 [1/1] ( I:3.25ns O:3.25ns )   --->   "%store_ln158 = store i16 %select_ln158_3, i9 %p_ZL17encoder_phase_acc_0_addr_2" [src/snn_top_hls.cpp:158->src/snn_top_hls.cpp:216]   --->   Operation 289 'store' 'store_ln158' <Predicate = (icmp_ln192 & config_two_neuron_enable_val_read & config_encoding_type_val_read == 3 & icmp_ln194_1)> <Delay = 3.25> <CoreInst = "RAM_2P_BRAM">   --->   Core 90 'RAM_2P_BRAM' <Latency = 1> <II = 1> <Delay = 3.25> <Storage> <Opcode : 'load' 'store'> <Ports = 2> <Width = 16> <Depth = 392> <RAM>
ST_4 : Operation 290 [1/1] (2.07ns)   --->   "%icmp_ln158_5 = icmp_ugt  i16 %add_ln155_5, i16 %config_delta_decay_val_read" [src/snn_top_hls.cpp:158->src/snn_top_hls.cpp:233]   --->   Operation 290 'icmp' 'icmp_ln158_5' <Predicate = (icmp_ln192 & config_two_neuron_enable_val_read & config_encoding_type_val_read == 3 & icmp_ln194_1)> <Delay = 2.07> <CoreInst = "Cmp">   --->   Core 9 'Cmp' <Latency = 0> <II = 1> <Delay = 2.07> <FuncUnit> <Opcode : 'seteq' 'setne' 'setle' 'setge' 'setlt' 'setgt'> <InPorts = 2> <OutPorts = 1>
ST_4 : Operation 291 [1/1] (2.07ns)   --->   "%sub_ln159_5 = sub i16 %add_ln155_5, i16 %config_delta_decay_val_read" [src/snn_top_hls.cpp:159->src/snn_top_hls.cpp:233]   --->   Operation 291 'sub' 'sub_ln159_5' <Predicate = (icmp_ln192 & config_two_neuron_enable_val_read & config_encoding_type_val_read == 3 & icmp_ln194_1)> <Delay = 2.07> <CoreInst = "Adder">   --->   Core 1 'Adder' <Latency = 0> <II = 1> <Delay = 2.07> <FuncUnit> <Opcode : 'add' 'sub'> <InPorts = 2> <OutPorts = 1>
ST_4 : Operation 292 [1/1] (0.80ns)   --->   "%select_ln158_5 = select i1 %icmp_ln158_5, i16 %sub_ln159_5, i16 %add_ln155_5" [src/snn_top_hls.cpp:158->src/snn_top_hls.cpp:233]   --->   Operation 292 'select' 'select_ln158_5' <Predicate = (icmp_ln192 & config_two_neuron_enable_val_read & config_encoding_type_val_read == 3 & icmp_ln194_1)> <Delay = 0.80> <CoreInst = "Sel">   --->   Core 73 'Sel' <Latency = 0> <II = 1> <Delay = 0.80> <FuncUnit> <Opcode : 'select'> <InPorts = 3> <OutPorts = 1>
ST_4 : Operation 293 [1/1] ( I:3.25ns O:3.25ns )   --->   "%store_ln158 = store i16 %select_ln158_5, i9 %p_ZL17encoder_phase_acc_1_addr_2" [src/snn_top_hls.cpp:158->src/snn_top_hls.cpp:233]   --->   Operation 293 'store' 'store_ln158' <Predicate = (icmp_ln192 & config_two_neuron_enable_val_read & config_encoding_type_val_read == 3 & icmp_ln194_1)> <Delay = 3.25> <CoreInst = "RAM_2P_BRAM">   --->   Core 90 'RAM_2P_BRAM' <Latency = 1> <II = 1> <Delay = 3.25> <Storage> <Opcode : 'load' 'store'> <Ports = 2> <Width = 16> <Depth = 392> <RAM>
ST_4 : Operation 294 [1/1] (1.73ns)   --->   "%ch_3 = add i10 %ch_2, i10 2" [src/snn_top_hls.cpp:192]   --->   Operation 294 'add' 'ch_3' <Predicate = (icmp_ln192)> <Delay = 1.73> <CoreInst = "Adder">   --->   Core 1 'Adder' <Latency = 0> <II = 1> <Delay = 1.73> <FuncUnit> <Opcode : 'add' 'sub'> <InPorts = 2> <OutPorts = 1>
ST_4 : Operation 295 [1/1] (1.58ns)   --->   "%store_ln75 = store i10 %ch_3, i10 %ch" [src/snn_top_hls.cpp:75->src/snn_top_hls.cpp:164->src/snn_top_hls.cpp:251]   --->   Operation 295 'store' 'store_ln75' <Predicate = (icmp_ln192)> <Delay = 1.58>
ST_4 : Operation 296 [1/1] (0.00ns)   --->   "%br_ln192 = br void %for.body" [src/snn_top_hls.cpp:192]   --->   Operation 296 'br' 'br_ln192' <Predicate = (icmp_ln192)> <Delay = 0.00>

State 5 <SV = 4> <Delay = 7.03>
ST_5 : Operation 297 [1/2] ( I:3.25ns O:3.25ns )   --->   "%p_ZL22encoder_temporal_start_0_load_1 = load i9 %p_ZL22encoder_temporal_start_0_addr_3" [src/snn_top_hls.cpp:137->src/snn_top_hls.cpp:248]   --->   Operation 297 'load' 'p_ZL22encoder_temporal_start_0_load_1' <Predicate = (icmp_ln194 & !config_two_neuron_enable_val_read & config_encoding_type_val_read == 2 & !p_ZL22encoder_temporal_fired_0_load_1) | (icmp_ln194 & !config_two_neuron_enable_val_read & config_encoding_type_val_read == 2 & latency_window_reset_1_read)> <Delay = 3.25> <CoreInst = "RAM_2P_BRAM">   --->   Core 90 'RAM_2P_BRAM' <Latency = 1> <II = 1> <Delay = 3.25> <Storage> <Opcode : 'load' 'store'> <Ports = 2> <Width = 32> <Depth = 392> <RAM>
ST_5 : Operation 298 [1/1] (0.00ns)   --->   "%zext_ln137_3 = zext i32 %p_ZL22encoder_temporal_start_0_load_1" [src/snn_top_hls.cpp:137->src/snn_top_hls.cpp:248]   --->   Operation 298 'zext' 'zext_ln137_3' <Predicate = (icmp_ln194 & !config_two_neuron_enable_val_read & config_encoding_type_val_read == 2 & !p_ZL22encoder_temporal_fired_0_load_1) | (icmp_ln194 & !config_two_neuron_enable_val_read & config_encoding_type_val_read == 2 & latency_window_reset_1_read)> <Delay = 0.00>
ST_5 : Operation 299 [1/1] (0.00ns)   --->   "%zext_ln137_4 = zext i16 %spike_delay_1" [src/snn_top_hls.cpp:137->src/snn_top_hls.cpp:248]   --->   Operation 299 'zext' 'zext_ln137_4' <Predicate = (icmp_ln194 & !config_two_neuron_enable_val_read & config_encoding_type_val_read == 2 & !p_ZL22encoder_temporal_fired_0_load_1) | (icmp_ln194 & !config_two_neuron_enable_val_read & config_encoding_type_val_read == 2 & latency_window_reset_1_read)> <Delay = 0.00>
ST_5 : Operation 300 [1/1] (2.55ns)   --->   "%add_ln137_1 = add i33 %zext_ln137_3, i33 %zext_ln137_4" [src/snn_top_hls.cpp:137->src/snn_top_hls.cpp:248]   --->   Operation 300 'add' 'add_ln137_1' <Predicate = (icmp_ln194 & !config_two_neuron_enable_val_read & config_encoding_type_val_read == 2 & !p_ZL22encoder_temporal_fired_0_load_1) | (icmp_ln194 & !config_two_neuron_enable_val_read & config_encoding_type_val_read == 2 & latency_window_reset_1_read)> <Delay = 2.55> <CoreInst = "Adder">   --->   Core 1 'Adder' <Latency = 0> <II = 1> <Delay = 2.55> <FuncUnit> <Opcode : 'add' 'sub'> <InPorts = 2> <OutPorts = 1>
ST_5 : Operation 301 [1/1] (0.00ns)   --->   "%zext_ln154_1 = zext i8 %input" [src/snn_top_hls.cpp:154->src/snn_top_hls.cpp:251]   --->   Operation 301 'zext' 'zext_ln154_1' <Predicate = (icmp_ln194 & !config_two_neuron_enable_val_read & config_encoding_type_val_read == 3)> <Delay = 0.00>
ST_5 : Operation 302 [1/2] ( I:3.25ns O:3.25ns )   --->   "%p_ZL17encoder_phase_acc_0_load_1 = load i9 %p_ZL17encoder_phase_acc_0_addr_1" [src/snn_top_hls.cpp:155->src/snn_top_hls.cpp:251]   --->   Operation 302 'load' 'p_ZL17encoder_phase_acc_0_load_1' <Predicate = (icmp_ln194 & !config_two_neuron_enable_val_read & config_encoding_type_val_read == 3)> <Delay = 3.25> <CoreInst = "RAM_2P_BRAM">   --->   Core 90 'RAM_2P_BRAM' <Latency = 1> <II = 1> <Delay = 3.25> <Storage> <Opcode : 'load' 'store'> <Ports = 2> <Width = 16> <Depth = 392> <RAM>
ST_5 : Operation 303 [1/1] (2.07ns)   --->   "%add_ln155_1 = add i16 %p_ZL17encoder_phase_acc_0_load_1, i16 %zext_ln154_1" [src/snn_top_hls.cpp:155->src/snn_top_hls.cpp:251]   --->   Operation 303 'add' 'add_ln155_1' <Predicate = (icmp_ln194 & !config_two_neuron_enable_val_read & config_encoding_type_val_read == 3)> <Delay = 2.07> <CoreInst = "Adder">   --->   Core 1 'Adder' <Latency = 0> <II = 1> <Delay = 2.07> <FuncUnit> <Opcode : 'add' 'sub'> <InPorts = 2> <OutPorts = 1>
ST_5 : Operation 304 [1/1] (0.00ns)   --->   "%zext_ln154 = zext i8 %on_val" [src/snn_top_hls.cpp:154->src/snn_top_hls.cpp:216]   --->   Operation 304 'zext' 'zext_ln154' <Predicate = (icmp_ln194 & config_two_neuron_enable_val_read & config_encoding_type_val_read == 3)> <Delay = 0.00>
ST_5 : Operation 305 [1/1] (2.07ns)   --->   "%add_ln155 = add i16 %p_ZL17encoder_phase_acc_0_load, i16 %zext_ln154" [src/snn_top_hls.cpp:155->src/snn_top_hls.cpp:216]   --->   Operation 305 'add' 'add_ln155' <Predicate = (icmp_ln194 & config_two_neuron_enable_val_read & config_encoding_type_val_read == 3)> <Delay = 2.07> <CoreInst = "Adder">   --->   Core 1 'Adder' <Latency = 0> <II = 1> <Delay = 2.07> <FuncUnit> <Opcode : 'add' 'sub'> <InPorts = 2> <OutPorts = 1>
ST_5 : Operation 306 [1/1] (2.07ns)   --->   "%icmp_ln158 = icmp_ugt  i16 %add_ln155, i16 %config_delta_decay_val_read" [src/snn_top_hls.cpp:158->src/snn_top_hls.cpp:216]   --->   Operation 306 'icmp' 'icmp_ln158' <Predicate = (icmp_ln194 & config_two_neuron_enable_val_read & config_encoding_type_val_read == 3)> <Delay = 2.07> <CoreInst = "Cmp">   --->   Core 9 'Cmp' <Latency = 0> <II = 1> <Delay = 2.07> <FuncUnit> <Opcode : 'seteq' 'setne' 'setle' 'setge' 'setlt' 'setgt'> <InPorts = 2> <OutPorts = 1>
ST_5 : Operation 307 [1/1] (2.07ns)   --->   "%sub_ln159 = sub i16 %add_ln155, i16 %config_delta_decay_val_read" [src/snn_top_hls.cpp:159->src/snn_top_hls.cpp:216]   --->   Operation 307 'sub' 'sub_ln159' <Predicate = (icmp_ln194 & config_two_neuron_enable_val_read & config_encoding_type_val_read == 3)> <Delay = 2.07> <CoreInst = "Adder">   --->   Core 1 'Adder' <Latency = 0> <II = 1> <Delay = 2.07> <FuncUnit> <Opcode : 'add' 'sub'> <InPorts = 2> <OutPorts = 1>
ST_5 : Operation 308 [1/1] (0.80ns)   --->   "%select_ln158 = select i1 %icmp_ln158, i16 %sub_ln159, i16 %add_ln155" [src/snn_top_hls.cpp:158->src/snn_top_hls.cpp:216]   --->   Operation 308 'select' 'select_ln158' <Predicate = (icmp_ln194 & config_two_neuron_enable_val_read & config_encoding_type_val_read == 3)> <Delay = 0.80> <CoreInst = "Sel">   --->   Core 73 'Sel' <Latency = 0> <II = 1> <Delay = 0.80> <FuncUnit> <Opcode : 'select'> <InPorts = 3> <OutPorts = 1>
ST_5 : Operation 309 [1/1] (2.07ns)   --->   "%icmp_ln163 = icmp_ult  i16 %select_ln158, i16 %config_delta_threshold_val_read" [src/snn_top_hls.cpp:163->src/snn_top_hls.cpp:216]   --->   Operation 309 'icmp' 'icmp_ln163' <Predicate = (icmp_ln194 & config_two_neuron_enable_val_read & config_encoding_type_val_read == 3)> <Delay = 2.07> <CoreInst = "Cmp">   --->   Core 9 'Cmp' <Latency = 0> <II = 1> <Delay = 2.07> <FuncUnit> <Opcode : 'seteq' 'setne' 'setle' 'setge' 'setlt' 'setgt'> <InPorts = 2> <OutPorts = 1>
ST_5 : Operation 310 [1/1] (0.00ns)   --->   "%br_ln163 = br i1 %icmp_ln163, void %if.then11.i937, void %sw.bb37" [src/snn_top_hls.cpp:163->src/snn_top_hls.cpp:216]   --->   Operation 310 'br' 'br_ln163' <Predicate = (icmp_ln194 & config_two_neuron_enable_val_read & config_encoding_type_val_read == 3)> <Delay = 0.00>
ST_5 : Operation 311 [1/1] (0.00ns)   --->   "%zext_ln154_2 = zext i8 %off_val" [src/snn_top_hls.cpp:154->src/snn_top_hls.cpp:233]   --->   Operation 311 'zext' 'zext_ln154_2' <Predicate = (icmp_ln194 & config_two_neuron_enable_val_read & config_encoding_type_val_read == 3)> <Delay = 0.00>
ST_5 : Operation 312 [1/1] (2.07ns)   --->   "%add_ln155_2 = add i16 %p_ZL17encoder_phase_acc_1_load, i16 %zext_ln154_2" [src/snn_top_hls.cpp:155->src/snn_top_hls.cpp:233]   --->   Operation 312 'add' 'add_ln155_2' <Predicate = (icmp_ln194 & config_two_neuron_enable_val_read & config_encoding_type_val_read == 3)> <Delay = 2.07> <CoreInst = "Adder">   --->   Core 1 'Adder' <Latency = 0> <II = 1> <Delay = 2.07> <FuncUnit> <Opcode : 'add' 'sub'> <InPorts = 2> <OutPorts = 1>
ST_5 : Operation 313 [1/2] ( I:3.25ns O:3.25ns )   --->   "%p_ZL22encoder_temporal_start_1_load_1 = load i9 %p_ZL22encoder_temporal_start_1_addr_3" [src/snn_top_hls.cpp:137->src/snn_top_hls.cpp:248]   --->   Operation 313 'load' 'p_ZL22encoder_temporal_start_1_load_1' <Predicate = (!config_two_neuron_enable_val_read & config_encoding_type_val_read == 2 & icmp_ln194_1 & !p_ZL22encoder_temporal_fired_1_load_1) | (!config_two_neuron_enable_val_read & config_encoding_type_val_read == 2 & latency_window_reset_1_read & icmp_ln194_1)> <Delay = 3.25> <CoreInst = "RAM_2P_BRAM">   --->   Core 90 'RAM_2P_BRAM' <Latency = 1> <II = 1> <Delay = 3.25> <Storage> <Opcode : 'load' 'store'> <Ports = 2> <Width = 32> <Depth = 392> <RAM>
ST_5 : Operation 314 [1/1] (0.00ns)   --->   "%zext_ln137_9 = zext i32 %p_ZL22encoder_temporal_start_1_load_1" [src/snn_top_hls.cpp:137->src/snn_top_hls.cpp:248]   --->   Operation 314 'zext' 'zext_ln137_9' <Predicate = (!config_two_neuron_enable_val_read & config_encoding_type_val_read == 2 & icmp_ln194_1 & !p_ZL22encoder_temporal_fired_1_load_1) | (!config_two_neuron_enable_val_read & config_encoding_type_val_read == 2 & latency_window_reset_1_read & icmp_ln194_1)> <Delay = 0.00>
ST_5 : Operation 315 [1/1] (0.00ns)   --->   "%zext_ln137_10 = zext i16 %spike_delay_4" [src/snn_top_hls.cpp:137->src/snn_top_hls.cpp:248]   --->   Operation 315 'zext' 'zext_ln137_10' <Predicate = (!config_two_neuron_enable_val_read & config_encoding_type_val_read == 2 & icmp_ln194_1 & !p_ZL22encoder_temporal_fired_1_load_1) | (!config_two_neuron_enable_val_read & config_encoding_type_val_read == 2 & latency_window_reset_1_read & icmp_ln194_1)> <Delay = 0.00>
ST_5 : Operation 316 [1/1] (2.55ns)   --->   "%add_ln137_4 = add i33 %zext_ln137_9, i33 %zext_ln137_10" [src/snn_top_hls.cpp:137->src/snn_top_hls.cpp:248]   --->   Operation 316 'add' 'add_ln137_4' <Predicate = (!config_two_neuron_enable_val_read & config_encoding_type_val_read == 2 & icmp_ln194_1 & !p_ZL22encoder_temporal_fired_1_load_1) | (!config_two_neuron_enable_val_read & config_encoding_type_val_read == 2 & latency_window_reset_1_read & icmp_ln194_1)> <Delay = 2.55> <CoreInst = "Adder">   --->   Core 1 'Adder' <Latency = 0> <II = 1> <Delay = 2.55> <FuncUnit> <Opcode : 'add' 'sub'> <InPorts = 2> <OutPorts = 1>
ST_5 : Operation 317 [1/1] (0.00ns)   --->   "%zext_ln154_4 = zext i8 %value_8" [src/snn_top_hls.cpp:154->src/snn_top_hls.cpp:251]   --->   Operation 317 'zext' 'zext_ln154_4' <Predicate = (!config_two_neuron_enable_val_read & config_encoding_type_val_read == 3 & icmp_ln194_1)> <Delay = 0.00>
ST_5 : Operation 318 [1/2] ( I:3.25ns O:3.25ns )   --->   "%p_ZL17encoder_phase_acc_1_load_1 = load i9 %p_ZL17encoder_phase_acc_1_addr_1" [src/snn_top_hls.cpp:155->src/snn_top_hls.cpp:251]   --->   Operation 318 'load' 'p_ZL17encoder_phase_acc_1_load_1' <Predicate = (!config_two_neuron_enable_val_read & config_encoding_type_val_read == 3 & icmp_ln194_1)> <Delay = 3.25> <CoreInst = "RAM_2P_BRAM">   --->   Core 90 'RAM_2P_BRAM' <Latency = 1> <II = 1> <Delay = 3.25> <Storage> <Opcode : 'load' 'store'> <Ports = 2> <Width = 16> <Depth = 392> <RAM>
ST_5 : Operation 319 [1/1] (2.07ns)   --->   "%add_ln155_4 = add i16 %p_ZL17encoder_phase_acc_1_load_1, i16 %zext_ln154_4" [src/snn_top_hls.cpp:155->src/snn_top_hls.cpp:251]   --->   Operation 319 'add' 'add_ln155_4' <Predicate = (!config_two_neuron_enable_val_read & config_encoding_type_val_read == 3 & icmp_ln194_1)> <Delay = 2.07> <CoreInst = "Adder">   --->   Core 1 'Adder' <Latency = 0> <II = 1> <Delay = 2.07> <FuncUnit> <Opcode : 'add' 'sub'> <InPorts = 2> <OutPorts = 1>
ST_5 : Operation 320 [1/1] (2.59ns)   --->   "%icmp_ln137_3 = icmp_ugt  i33 %add_ln137_3, i33 %zext_ln137" [src/snn_top_hls.cpp:137->src/snn_top_hls.cpp:213]   --->   Operation 320 'icmp' 'icmp_ln137_3' <Predicate = (config_two_neuron_enable_val_read & config_encoding_type_val_read == 2 & icmp_ln194_1 & !p_ZL22encoder_temporal_fired_0_load_2) | (config_two_neuron_enable_val_read & config_encoding_type_val_read == 2 & latency_window_reset_1_read & icmp_ln194_1)> <Delay = 2.59> <CoreInst = "Cmp">   --->   Core 9 'Cmp' <Latency = 0> <II = 1> <Delay = 2.59> <FuncUnit> <Opcode : 'seteq' 'setne' 'setle' 'setge' 'setlt' 'setgt'> <InPorts = 2> <OutPorts = 1>
ST_5 : Operation 321 [1/1] (0.00ns)   --->   "%br_ln137 = br i1 %icmp_ln137_3, void %if.then11.i1147.1, void %if.end15.i1228.1" [src/snn_top_hls.cpp:137->src/snn_top_hls.cpp:213]   --->   Operation 321 'br' 'br_ln137' <Predicate = (config_two_neuron_enable_val_read & config_encoding_type_val_read == 2 & icmp_ln194_1 & !p_ZL22encoder_temporal_fired_0_load_2) | (config_two_neuron_enable_val_read & config_encoding_type_val_read == 2 & latency_window_reset_1_read & icmp_ln194_1)> <Delay = 0.00>
ST_5 : Operation 322 [1/1] ( I:3.25ns O:3.25ns )   --->   "%store_ln139 = store i1 1, i9 %p_ZL22encoder_temporal_fired_0_addr_2" [src/snn_top_hls.cpp:139->src/snn_top_hls.cpp:213]   --->   Operation 322 'store' 'store_ln139' <Predicate = (config_two_neuron_enable_val_read & config_encoding_type_val_read == 2 & icmp_ln194_1 & !p_ZL22encoder_temporal_fired_0_load_2 & !icmp_ln137_3) | (config_two_neuron_enable_val_read & config_encoding_type_val_read == 2 & latency_window_reset_1_read & icmp_ln194_1 & !icmp_ln137_3)> <Delay = 3.25> <CoreInst = "RAM_2P_BRAM">   --->   Core 90 'RAM_2P_BRAM' <Latency = 1> <II = 1> <Delay = 3.25> <Storage> <Opcode : 'load' 'store'> <Ports = 2> <Width = 1> <Depth = 392> <RAM>
ST_5 : Operation 323 [1/1] (0.00ns)   --->   "%br_ln140 = br void %if.end15.i1228.1" [src/snn_top_hls.cpp:140->src/snn_top_hls.cpp:213]   --->   Operation 323 'br' 'br_ln140' <Predicate = (config_two_neuron_enable_val_read & config_encoding_type_val_read == 2 & icmp_ln194_1 & !p_ZL22encoder_temporal_fired_0_load_2 & !icmp_ln137_3) | (config_two_neuron_enable_val_read & config_encoding_type_val_read == 2 & latency_window_reset_1_read & icmp_ln194_1 & !icmp_ln137_3)> <Delay = 0.00>
ST_5 : Operation 324 [1/1] (2.59ns)   --->   "%icmp_ln137_5 = icmp_ugt  i33 %add_ln137_5, i33 %zext_ln137" [src/snn_top_hls.cpp:137->src/snn_top_hls.cpp:230]   --->   Operation 324 'icmp' 'icmp_ln137_5' <Predicate = (config_two_neuron_enable_val_read & config_encoding_type_val_read == 2 & icmp_ln194_1 & !p_ZL22encoder_temporal_fired_1_load_2) | (config_two_neuron_enable_val_read & config_encoding_type_val_read == 2 & latency_window_reset_1_read & icmp_ln194_1)> <Delay = 2.59> <CoreInst = "Cmp">   --->   Core 9 'Cmp' <Latency = 0> <II = 1> <Delay = 2.59> <FuncUnit> <Opcode : 'seteq' 'setne' 'setle' 'setge' 'setlt' 'setgt'> <InPorts = 2> <OutPorts = 1>
ST_5 : Operation 325 [1/1] (0.00ns)   --->   "%br_ln137 = br i1 %icmp_ln137_5, void %if.then11.i522.1, void %if.end15.i603.1" [src/snn_top_hls.cpp:137->src/snn_top_hls.cpp:230]   --->   Operation 325 'br' 'br_ln137' <Predicate = (config_two_neuron_enable_val_read & config_encoding_type_val_read == 2 & icmp_ln194_1 & !p_ZL22encoder_temporal_fired_1_load_2) | (config_two_neuron_enable_val_read & config_encoding_type_val_read == 2 & latency_window_reset_1_read & icmp_ln194_1)> <Delay = 0.00>
ST_5 : Operation 326 [1/1] ( I:3.25ns O:3.25ns )   --->   "%store_ln139 = store i1 1, i9 %p_ZL22encoder_temporal_fired_1_addr_2" [src/snn_top_hls.cpp:139->src/snn_top_hls.cpp:230]   --->   Operation 326 'store' 'store_ln139' <Predicate = (config_two_neuron_enable_val_read & config_encoding_type_val_read == 2 & icmp_ln194_1 & !p_ZL22encoder_temporal_fired_1_load_2 & !icmp_ln137_5) | (config_two_neuron_enable_val_read & config_encoding_type_val_read == 2 & latency_window_reset_1_read & icmp_ln194_1 & !icmp_ln137_5)> <Delay = 3.25> <CoreInst = "RAM_2P_BRAM">   --->   Core 90 'RAM_2P_BRAM' <Latency = 1> <II = 1> <Delay = 3.25> <Storage> <Opcode : 'load' 'store'> <Ports = 2> <Width = 1> <Depth = 392> <RAM>
ST_5 : Operation 327 [1/1] (0.00ns)   --->   "%br_ln140 = br void %if.end15.i603.1" [src/snn_top_hls.cpp:140->src/snn_top_hls.cpp:230]   --->   Operation 327 'br' 'br_ln140' <Predicate = (config_two_neuron_enable_val_read & config_encoding_type_val_read == 2 & icmp_ln194_1 & !p_ZL22encoder_temporal_fired_1_load_2 & !icmp_ln137_5) | (config_two_neuron_enable_val_read & config_encoding_type_val_read == 2 & latency_window_reset_1_read & icmp_ln194_1 & !icmp_ln137_5)> <Delay = 0.00>
ST_5 : Operation 328 [1/1] (0.00ns)   --->   "%lfsr_load_2 = load i16 %lfsr" [src/snn_top_hls.cpp:41->src/snn_top_hls.cpp:109->src/snn_top_hls.cpp:210]   --->   Operation 328 'load' 'lfsr_load_2' <Predicate = (config_two_neuron_enable_val_read & config_encoding_type_val_read == 1 & icmp_ln194_1)> <Delay = 0.00>
ST_5 : Operation 329 [1/1] (0.00ns) (grouped into LUT with out node xor_ln42_3)   --->   "%trunc_ln41_2 = trunc i16 %lfsr_load_2" [src/snn_top_hls.cpp:41->src/snn_top_hls.cpp:109->src/snn_top_hls.cpp:210]   --->   Operation 329 'trunc' 'trunc_ln41_2' <Predicate = (config_two_neuron_enable_val_read & config_encoding_type_val_read == 1 & icmp_ln194_1)> <Delay = 0.00>
ST_5 : Operation 330 [1/1] (0.00ns)   --->   "%tmp_39 = bitselect i1 @_ssdm_op_BitSelect.i1.i16.i32, i16 %lfsr_load_2, i32 3" [src/snn_top_hls.cpp:41->src/snn_top_hls.cpp:109->src/snn_top_hls.cpp:210]   --->   Operation 330 'bitselect' 'tmp_39' <Predicate = (config_two_neuron_enable_val_read & config_encoding_type_val_read == 1 & icmp_ln194_1)> <Delay = 0.00>
ST_5 : Operation 331 [1/1] (0.00ns) (grouped into LUT with out node xor_ln42_3)   --->   "%tmp_40 = bitselect i1 @_ssdm_op_BitSelect.i1.i16.i32, i16 %lfsr_load_2, i32 5" [src/snn_top_hls.cpp:41->src/snn_top_hls.cpp:109->src/snn_top_hls.cpp:210]   --->   Operation 331 'bitselect' 'tmp_40' <Predicate = (config_two_neuron_enable_val_read & config_encoding_type_val_read == 1 & icmp_ln194_1)> <Delay = 0.00>
ST_5 : Operation 332 [1/1] (0.00ns) (grouped into LUT with out node xor_ln42_3)   --->   "%tmp_46 = bitselect i1 @_ssdm_op_BitSelect.i1.i16.i32, i16 %lfsr_load_2, i32 2" [src/snn_top_hls.cpp:41->src/snn_top_hls.cpp:109->src/snn_top_hls.cpp:210]   --->   Operation 332 'bitselect' 'tmp_46' <Predicate = (config_two_neuron_enable_val_read & config_encoding_type_val_read == 1 & icmp_ln194_1)> <Delay = 0.00>
ST_5 : Operation 333 [1/1] (0.00ns)   --->   "%lshr_ln42_3 = partselect i15 @_ssdm_op_PartSelect.i15.i16.i32.i32, i16 %lfsr_load_2, i32 1, i32 15" [src/snn_top_hls.cpp:42->src/snn_top_hls.cpp:109->src/snn_top_hls.cpp:210]   --->   Operation 333 'partselect' 'lshr_ln42_3' <Predicate = (config_two_neuron_enable_val_read & config_encoding_type_val_read == 1 & icmp_ln194_1)> <Delay = 0.00>
ST_5 : Operation 334 [1/1] (0.00ns) (grouped into LUT with out node xor_ln42_3)   --->   "%xor_ln42_12 = xor i1 %tmp_39, i1 %trunc_ln41_2" [src/snn_top_hls.cpp:42->src/snn_top_hls.cpp:109->src/snn_top_hls.cpp:210]   --->   Operation 334 'xor' 'xor_ln42_12' <Predicate = (config_two_neuron_enable_val_read & config_encoding_type_val_read == 1 & icmp_ln194_1)> <Delay = 0.00> <CoreInst = "LogicGate">   --->   Core 74 'LogicGate' <Latency = 0> <II = 1> <Delay = 0.97> <FuncUnit> <Opcode : 'and' 'or' 'xor'> <InPorts = 2> <OutPorts = 1>
ST_5 : Operation 335 [1/1] (0.00ns) (grouped into LUT with out node xor_ln42_3)   --->   "%xor_ln42_13 = xor i1 %tmp_40, i1 %tmp_46" [src/snn_top_hls.cpp:42->src/snn_top_hls.cpp:109->src/snn_top_hls.cpp:210]   --->   Operation 335 'xor' 'xor_ln42_13' <Predicate = (config_two_neuron_enable_val_read & config_encoding_type_val_read == 1 & icmp_ln194_1)> <Delay = 0.00> <CoreInst = "LogicGate">   --->   Core 74 'LogicGate' <Latency = 0> <II = 1> <Delay = 0.97> <FuncUnit> <Opcode : 'and' 'or' 'xor'> <InPorts = 2> <OutPorts = 1>
ST_5 : Operation 336 [1/1] (0.97ns) (out node of the LUT)   --->   "%xor_ln42_3 = xor i1 %xor_ln42_13, i1 %xor_ln42_12" [src/snn_top_hls.cpp:42->src/snn_top_hls.cpp:109->src/snn_top_hls.cpp:210]   --->   Operation 336 'xor' 'xor_ln42_3' <Predicate = (config_two_neuron_enable_val_read & config_encoding_type_val_read == 1 & icmp_ln194_1)> <Delay = 0.97> <CoreInst = "LogicGate">   --->   Core 74 'LogicGate' <Latency = 0> <II = 1> <Delay = 0.97> <FuncUnit> <Opcode : 'and' 'or' 'xor'> <InPorts = 2> <OutPorts = 1>
ST_5 : Operation 337 [1/1] (0.00ns)   --->   "%random_3 = bitconcatenate i16 @_ssdm_op_BitConcatenate.i16.i1.i15, i1 %xor_ln42_3, i15 %lshr_ln42_3" [src/snn_top_hls.cpp:42->src/snn_top_hls.cpp:109->src/snn_top_hls.cpp:210]   --->   Operation 337 'bitconcatenate' 'random_3' <Predicate = (config_two_neuron_enable_val_read & config_encoding_type_val_read == 1 & icmp_ln194_1)> <Delay = 0.00>
ST_5 : Operation 338 [1/1] (2.07ns)   --->   "%icmp_ln110_3 = icmp_ult  i16 %random_3, i16 %spike_prob_3" [src/snn_top_hls.cpp:110->src/snn_top_hls.cpp:210]   --->   Operation 338 'icmp' 'icmp_ln110_3' <Predicate = (config_two_neuron_enable_val_read & config_encoding_type_val_read == 1 & icmp_ln194_1)> <Delay = 2.07> <CoreInst = "Cmp">   --->   Core 9 'Cmp' <Latency = 0> <II = 1> <Delay = 2.07> <FuncUnit> <Opcode : 'seteq' 'setne' 'setle' 'setge' 'setlt' 'setgt'> <InPorts = 2> <OutPorts = 1>
ST_5 : Operation 339 [1/1] (0.00ns)   --->   "%br_ln110 = br i1 %icmp_ln110_3, void %_ZL19encoder_lfsr_randomv.exit.i796.1, void %if.then.i1425.1" [src/snn_top_hls.cpp:110->src/snn_top_hls.cpp:210]   --->   Operation 339 'br' 'br_ln110' <Predicate = (config_two_neuron_enable_val_read & config_encoding_type_val_read == 1 & icmp_ln194_1)> <Delay = 0.00>
ST_5 : Operation 340 [1/1] (0.00ns)   --->   "%br_ln112 = br void %_ZL19encoder_lfsr_randomv.exit.i796.1" [src/snn_top_hls.cpp:112->src/snn_top_hls.cpp:210]   --->   Operation 340 'br' 'br_ln112' <Predicate = (config_two_neuron_enable_val_read & config_encoding_type_val_read == 1 & icmp_ln194_1 & icmp_ln110_3)> <Delay = 0.00>
ST_5 : Operation 341 [1/1] (0.00ns) (grouped into LUT with out node xor_ln42_5)   --->   "%tmp_51 = bitselect i1 @_ssdm_op_BitSelect.i1.i16.i32, i16 %lfsr_load_2, i32 4" [src/snn_top_hls.cpp:41->src/snn_top_hls.cpp:109->src/snn_top_hls.cpp:227]   --->   Operation 341 'bitselect' 'tmp_51' <Predicate = (config_two_neuron_enable_val_read & config_encoding_type_val_read == 1 & icmp_ln194_1)> <Delay = 0.00>
ST_5 : Operation 342 [1/1] (0.00ns) (grouped into LUT with out node xor_ln42_5)   --->   "%tmp_52 = bitselect i1 @_ssdm_op_BitSelect.i1.i16.i32, i16 %lfsr_load_2, i32 6" [src/snn_top_hls.cpp:41->src/snn_top_hls.cpp:109->src/snn_top_hls.cpp:227]   --->   Operation 342 'bitselect' 'tmp_52' <Predicate = (config_two_neuron_enable_val_read & config_encoding_type_val_read == 1 & icmp_ln194_1)> <Delay = 0.00>
ST_5 : Operation 343 [1/1] (0.00ns) (grouped into LUT with out node xor_ln42_5)   --->   "%tmp_53 = bitselect i1 @_ssdm_op_BitSelect.i1.i16.i32, i16 %lfsr_load_2, i32 1" [src/snn_top_hls.cpp:41->src/snn_top_hls.cpp:109->src/snn_top_hls.cpp:227]   --->   Operation 343 'bitselect' 'tmp_53' <Predicate = (config_two_neuron_enable_val_read & config_encoding_type_val_read == 1 & icmp_ln194_1)> <Delay = 0.00>
ST_5 : Operation 344 [1/1] (0.00ns)   --->   "%tmp_22 = partselect i14 @_ssdm_op_PartSelect.i14.i16.i32.i32, i16 %lfsr_load_2, i32 2, i32 15" [src/snn_top_hls.cpp:42->src/snn_top_hls.cpp:109->src/snn_top_hls.cpp:227]   --->   Operation 344 'partselect' 'tmp_22' <Predicate = (config_two_neuron_enable_val_read & config_encoding_type_val_read == 1 & icmp_ln194_1)> <Delay = 0.00>
ST_5 : Operation 345 [1/1] (0.00ns) (grouped into LUT with out node xor_ln42_5)   --->   "%xor_ln42_16 = xor i1 %tmp_52, i1 %tmp_51" [src/snn_top_hls.cpp:42->src/snn_top_hls.cpp:109->src/snn_top_hls.cpp:227]   --->   Operation 345 'xor' 'xor_ln42_16' <Predicate = (config_two_neuron_enable_val_read & config_encoding_type_val_read == 1 & icmp_ln194_1)> <Delay = 0.00> <CoreInst = "LogicGate">   --->   Core 74 'LogicGate' <Latency = 0> <II = 1> <Delay = 0.97> <FuncUnit> <Opcode : 'and' 'or' 'xor'> <InPorts = 2> <OutPorts = 1>
ST_5 : Operation 346 [1/1] (0.00ns) (grouped into LUT with out node xor_ln42_5)   --->   "%xor_ln42_17 = xor i1 %tmp_39, i1 %tmp_53" [src/snn_top_hls.cpp:42->src/snn_top_hls.cpp:109->src/snn_top_hls.cpp:227]   --->   Operation 346 'xor' 'xor_ln42_17' <Predicate = (config_two_neuron_enable_val_read & config_encoding_type_val_read == 1 & icmp_ln194_1)> <Delay = 0.00> <CoreInst = "LogicGate">   --->   Core 74 'LogicGate' <Latency = 0> <II = 1> <Delay = 0.97> <FuncUnit> <Opcode : 'and' 'or' 'xor'> <InPorts = 2> <OutPorts = 1>
ST_5 : Operation 347 [1/1] (0.97ns) (out node of the LUT)   --->   "%xor_ln42_5 = xor i1 %xor_ln42_17, i1 %xor_ln42_16" [src/snn_top_hls.cpp:42->src/snn_top_hls.cpp:109->src/snn_top_hls.cpp:227]   --->   Operation 347 'xor' 'xor_ln42_5' <Predicate = (config_two_neuron_enable_val_read & config_encoding_type_val_read == 1 & icmp_ln194_1)> <Delay = 0.97> <CoreInst = "LogicGate">   --->   Core 74 'LogicGate' <Latency = 0> <II = 1> <Delay = 0.97> <FuncUnit> <Opcode : 'and' 'or' 'xor'> <InPorts = 2> <OutPorts = 1>
ST_5 : Operation 348 [1/1] (0.00ns)   --->   "%random_5 = bitconcatenate i16 @_ssdm_op_BitConcatenate.i16.i1.i1.i14, i1 %xor_ln42_5, i1 %xor_ln42_3, i14 %tmp_22" [src/snn_top_hls.cpp:42->src/snn_top_hls.cpp:109->src/snn_top_hls.cpp:227]   --->   Operation 348 'bitconcatenate' 'random_5' <Predicate = (config_two_neuron_enable_val_read & config_encoding_type_val_read == 1 & icmp_ln194_1)> <Delay = 0.00>
ST_5 : Operation 349 [1/1] (1.82ns)   --->   "%store_ln42 = store i16 %random_5, i16 %lfsr" [src/snn_top_hls.cpp:42->src/snn_top_hls.cpp:109->src/snn_top_hls.cpp:227]   --->   Operation 349 'store' 'store_ln42' <Predicate = (config_two_neuron_enable_val_read & config_encoding_type_val_read == 1 & icmp_ln194_1)> <Delay = 1.82>
ST_5 : Operation 350 [1/1] (2.07ns)   --->   "%icmp_ln110_5 = icmp_ult  i16 %random_5, i16 %spike_prob_5" [src/snn_top_hls.cpp:110->src/snn_top_hls.cpp:227]   --->   Operation 350 'icmp' 'icmp_ln110_5' <Predicate = (config_two_neuron_enable_val_read & config_encoding_type_val_read == 1 & icmp_ln194_1)> <Delay = 2.07> <CoreInst = "Cmp">   --->   Core 9 'Cmp' <Latency = 0> <II = 1> <Delay = 2.07> <FuncUnit> <Opcode : 'seteq' 'setne' 'setle' 'setge' 'setlt' 'setgt'> <InPorts = 2> <OutPorts = 1>
ST_5 : Operation 351 [1/1] (0.00ns)   --->   "%br_ln110 = br i1 %icmp_ln110_5, void %_ZL20encoder_rate_poissoni7ap_uintILi8EES_ILi32EERK16encoder_config_tRN3hls6streamI19encoder_axis_word_tLi0EEERS1_.exit880.1, void %if.then.i800.1" [src/snn_top_hls.cpp:110->src/snn_top_hls.cpp:227]   --->   Operation 351 'br' 'br_ln110' <Predicate = (config_two_neuron_enable_val_read & config_encoding_type_val_read == 1 & icmp_ln194_1)> <Delay = 0.00>
ST_5 : Operation 352 [1/1] (0.00ns)   --->   "%br_ln112 = br void %_ZL20encoder_rate_poissoni7ap_uintILi8EES_ILi32EERK16encoder_config_tRN3hls6streamI19encoder_axis_word_tLi0EEERS1_.exit880.1" [src/snn_top_hls.cpp:112->src/snn_top_hls.cpp:227]   --->   Operation 352 'br' 'br_ln112' <Predicate = (config_two_neuron_enable_val_read & config_encoding_type_val_read == 1 & icmp_ln194_1 & icmp_ln110_5)> <Delay = 0.00>
ST_5 : Operation 353 [1/1] (2.07ns)   --->   "%icmp_ln163_3 = icmp_ult  i16 %select_ln158_3, i16 %config_delta_threshold_val_read" [src/snn_top_hls.cpp:163->src/snn_top_hls.cpp:216]   --->   Operation 353 'icmp' 'icmp_ln163_3' <Predicate = (config_two_neuron_enable_val_read & config_encoding_type_val_read == 3 & icmp_ln194_1)> <Delay = 2.07> <CoreInst = "Cmp">   --->   Core 9 'Cmp' <Latency = 0> <II = 1> <Delay = 2.07> <FuncUnit> <Opcode : 'seteq' 'setne' 'setle' 'setge' 'setlt' 'setgt'> <InPorts = 2> <OutPorts = 1>
ST_5 : Operation 354 [1/1] (0.00ns)   --->   "%br_ln163 = br i1 %icmp_ln163_3, void %if.then11.i937.1, void %sw.bb37.1" [src/snn_top_hls.cpp:163->src/snn_top_hls.cpp:216]   --->   Operation 354 'br' 'br_ln163' <Predicate = (config_two_neuron_enable_val_read & config_encoding_type_val_read == 3 & icmp_ln194_1)> <Delay = 0.00>
ST_5 : Operation 355 [1/1] (2.07ns)   --->   "%sub_ln165_3 = sub i16 %select_ln158_3, i16 %config_delta_threshold_val_read" [src/snn_top_hls.cpp:165->src/snn_top_hls.cpp:216]   --->   Operation 355 'sub' 'sub_ln165_3' <Predicate = (config_two_neuron_enable_val_read & config_encoding_type_val_read == 3 & icmp_ln194_1 & !icmp_ln163_3)> <Delay = 2.07> <CoreInst = "Adder">   --->   Core 1 'Adder' <Latency = 0> <II = 1> <Delay = 2.07> <FuncUnit> <Opcode : 'add' 'sub'> <InPorts = 2> <OutPorts = 1>
ST_5 : Operation 356 [1/1] ( I:3.25ns O:3.25ns )   --->   "%store_ln165 = store i16 %sub_ln165_3, i9 %p_ZL17encoder_phase_acc_0_addr_2" [src/snn_top_hls.cpp:165->src/snn_top_hls.cpp:216]   --->   Operation 356 'store' 'store_ln165' <Predicate = (config_two_neuron_enable_val_read & config_encoding_type_val_read == 3 & icmp_ln194_1 & !icmp_ln163_3)> <Delay = 3.25> <CoreInst = "RAM_2P_BRAM">   --->   Core 90 'RAM_2P_BRAM' <Latency = 1> <II = 1> <Delay = 3.25> <Storage> <Opcode : 'load' 'store'> <Ports = 2> <Width = 16> <Depth = 392> <RAM>
ST_5 : Operation 357 [1/1] (0.00ns)   --->   "%br_ln166 = br void %sw.bb37.1" [src/snn_top_hls.cpp:166->src/snn_top_hls.cpp:216]   --->   Operation 357 'br' 'br_ln166' <Predicate = (config_two_neuron_enable_val_read & config_encoding_type_val_read == 3 & icmp_ln194_1 & !icmp_ln163_3)> <Delay = 0.00>
ST_5 : Operation 358 [1/1] (2.07ns)   --->   "%icmp_ln163_5 = icmp_ult  i16 %select_ln158_5, i16 %config_delta_threshold_val_read" [src/snn_top_hls.cpp:163->src/snn_top_hls.cpp:233]   --->   Operation 358 'icmp' 'icmp_ln163_5' <Predicate = (config_two_neuron_enable_val_read & config_encoding_type_val_read == 3 & icmp_ln194_1)> <Delay = 2.07> <CoreInst = "Cmp">   --->   Core 9 'Cmp' <Latency = 0> <II = 1> <Delay = 2.07> <FuncUnit> <Opcode : 'seteq' 'setne' 'setle' 'setge' 'setlt' 'setgt'> <InPorts = 2> <OutPorts = 1>
ST_5 : Operation 359 [1/1] (0.00ns)   --->   "%br_ln163 = br i1 %icmp_ln163_5, void %if.then11.i312.1, void %_ZL19encoder_delta_sigmai7ap_uintILi8EES_ILi32EERK16encoder_config_tRN3hls6streamI19encoder_axis_word_tLi0EEERS1_.exit395.1" [src/snn_top_hls.cpp:163->src/snn_top_hls.cpp:233]   --->   Operation 359 'br' 'br_ln163' <Predicate = (config_two_neuron_enable_val_read & config_encoding_type_val_read == 3 & icmp_ln194_1)> <Delay = 0.00>
ST_5 : Operation 360 [1/1] (2.07ns)   --->   "%sub_ln165_5 = sub i16 %select_ln158_5, i16 %config_delta_threshold_val_read" [src/snn_top_hls.cpp:165->src/snn_top_hls.cpp:233]   --->   Operation 360 'sub' 'sub_ln165_5' <Predicate = (config_two_neuron_enable_val_read & config_encoding_type_val_read == 3 & icmp_ln194_1 & !icmp_ln163_5)> <Delay = 2.07> <CoreInst = "Adder">   --->   Core 1 'Adder' <Latency = 0> <II = 1> <Delay = 2.07> <FuncUnit> <Opcode : 'add' 'sub'> <InPorts = 2> <OutPorts = 1>
ST_5 : Operation 361 [1/1] ( I:3.25ns O:3.25ns )   --->   "%store_ln165 = store i16 %sub_ln165_5, i9 %p_ZL17encoder_phase_acc_1_addr_2" [src/snn_top_hls.cpp:165->src/snn_top_hls.cpp:233]   --->   Operation 361 'store' 'store_ln165' <Predicate = (config_two_neuron_enable_val_read & config_encoding_type_val_read == 3 & icmp_ln194_1 & !icmp_ln163_5)> <Delay = 3.25> <CoreInst = "RAM_2P_BRAM">   --->   Core 90 'RAM_2P_BRAM' <Latency = 1> <II = 1> <Delay = 3.25> <Storage> <Opcode : 'load' 'store'> <Ports = 2> <Width = 16> <Depth = 392> <RAM>
ST_5 : Operation 362 [1/1] (0.00ns)   --->   "%br_ln166 = br void %_ZL19encoder_delta_sigmai7ap_uintILi8EES_ILi32EERK16encoder_config_tRN3hls6streamI19encoder_axis_word_tLi0EEERS1_.exit395.1" [src/snn_top_hls.cpp:166->src/snn_top_hls.cpp:233]   --->   Operation 362 'br' 'br_ln166' <Predicate = (config_two_neuron_enable_val_read & config_encoding_type_val_read == 3 & icmp_ln194_1 & !icmp_ln163_5)> <Delay = 0.00>
ST_5 : Operation 602 [1/1] (1.58ns)   --->   "%ret_ln0 = ret"   --->   Operation 602 'ret' 'ret_ln0' <Predicate = (!icmp_ln192)> <Delay = 1.58>

State 6 <SV = 5> <Delay = 6.13>
ST_6 : Operation 363 [1/1] (2.59ns)   --->   "%icmp_ln137_1 = icmp_ugt  i33 %add_ln137_1, i33 %zext_ln137" [src/snn_top_hls.cpp:137->src/snn_top_hls.cpp:248]   --->   Operation 363 'icmp' 'icmp_ln137_1' <Predicate = (icmp_ln194 & !config_two_neuron_enable_val_read & config_encoding_type_val_read == 2 & !p_ZL22encoder_temporal_fired_0_load_1) | (icmp_ln194 & !config_two_neuron_enable_val_read & config_encoding_type_val_read == 2 & latency_window_reset_1_read)> <Delay = 2.59> <CoreInst = "Cmp">   --->   Core 9 'Cmp' <Latency = 0> <II = 1> <Delay = 2.59> <FuncUnit> <Opcode : 'seteq' 'setne' 'setle' 'setge' 'setlt' 'setgt'> <InPorts = 2> <OutPorts = 1>
ST_6 : Operation 364 [1/1] (0.00ns)   --->   "%br_ln137 = br i1 %icmp_ln137_1, void %if.then11.i58, void %if.end15.i" [src/snn_top_hls.cpp:137->src/snn_top_hls.cpp:248]   --->   Operation 364 'br' 'br_ln137' <Predicate = (icmp_ln194 & !config_two_neuron_enable_val_read & config_encoding_type_val_read == 2 & !p_ZL22encoder_temporal_fired_0_load_1) | (icmp_ln194 & !config_two_neuron_enable_val_read & config_encoding_type_val_read == 2 & latency_window_reset_1_read)> <Delay = 0.00>
ST_6 : Operation 365 [1/1] ( I:0.00ns O:0.00ns )   --->   "%tmp_12 = nbwritereq i1 @_ssdm_op_NbWriteReq.ap_fifo.i41P0A, i41 %encoder_spikes, i32 1" [src/snn_top_hls.cpp:82->src/snn_top_hls.cpp:138->src/snn_top_hls.cpp:248]   --->   Operation 365 'nbwritereq' 'tmp_12' <Predicate = (icmp_ln194 & !config_two_neuron_enable_val_read & config_encoding_type_val_read == 2 & !p_ZL22encoder_temporal_fired_0_load_1 & !icmp_ln137_1) | (icmp_ln194 & !config_two_neuron_enable_val_read & config_encoding_type_val_read == 2 & latency_window_reset_1_read & !icmp_ln137_1)> <Delay = 0.00> <CoreInst = "FIFO">   --->   Core 77 'FIFO' <Latency = 0> <II = 1> <Delay = 3.60> <Storage> <Opcode : 'read' 'write' 'nbread' 'nbwrite'> <Ports = 0> <Width = 41> <Depth = 32> <FIFO>
ST_6 : Operation 366 [1/1] (0.00ns)   --->   "%br_ln82 = br i1 %tmp_12, void %_ZL24encoder_write_axis_spikei6ap_intILi8EE7ap_uintILi32EERN3hls6streamI19encoder_axis_word_tLi0EEERS2_.exit.i129, void %if.end.i.i128" [src/snn_top_hls.cpp:82->src/snn_top_hls.cpp:138->src/snn_top_hls.cpp:248]   --->   Operation 366 'br' 'br_ln82' <Predicate = (icmp_ln194 & !config_two_neuron_enable_val_read & config_encoding_type_val_read == 2 & !p_ZL22encoder_temporal_fired_0_load_1 & !icmp_ln137_1) | (icmp_ln194 & !config_two_neuron_enable_val_read & config_encoding_type_val_read == 2 & latency_window_reset_1_read & !icmp_ln137_1)> <Delay = 0.00>
ST_6 : Operation 367 [1/1] (0.00ns)   --->   "%encoder_spike_counter_load_5 = load i32 %encoder_spike_counter" [src/snn_top_hls.cpp:93->src/snn_top_hls.cpp:138->src/snn_top_hls.cpp:248]   --->   Operation 367 'load' 'encoder_spike_counter_load_5' <Predicate = (icmp_ln194 & !config_two_neuron_enable_val_read & config_encoding_type_val_read == 2 & !p_ZL22encoder_temporal_fired_0_load_1 & !icmp_ln137_1 & tmp_12) | (icmp_ln194 & !config_two_neuron_enable_val_read & config_encoding_type_val_read == 2 & latency_window_reset_1_read & !icmp_ln137_1 & tmp_12)> <Delay = 0.00>
ST_6 : Operation 368 [1/1] (2.55ns)   --->   "%add_ln93_5 = add i32 %encoder_spike_counter_load_5, i32 1" [src/snn_top_hls.cpp:93->src/snn_top_hls.cpp:138->src/snn_top_hls.cpp:248]   --->   Operation 368 'add' 'add_ln93_5' <Predicate = (icmp_ln194 & !config_two_neuron_enable_val_read & config_encoding_type_val_read == 2 & !p_ZL22encoder_temporal_fired_0_load_1 & !icmp_ln137_1 & tmp_12) | (icmp_ln194 & !config_two_neuron_enable_val_read & config_encoding_type_val_read == 2 & latency_window_reset_1_read & !icmp_ln137_1 & tmp_12)> <Delay = 2.55> <CoreInst = "Adder">   --->   Core 1 'Adder' <Latency = 0> <II = 1> <Delay = 2.55> <FuncUnit> <Opcode : 'add' 'sub'> <InPorts = 2> <OutPorts = 1>
ST_6 : Operation 369 [1/1] (2.84ns)   --->   "%store_ln93 = store i32 %add_ln93_5, i32 %encoder_spike_counter" [src/snn_top_hls.cpp:93->src/snn_top_hls.cpp:138->src/snn_top_hls.cpp:248]   --->   Operation 369 'store' 'store_ln93' <Predicate = (icmp_ln194 & !config_two_neuron_enable_val_read & config_encoding_type_val_read == 2 & !p_ZL22encoder_temporal_fired_0_load_1 & !icmp_ln137_1 & tmp_12) | (icmp_ln194 & !config_two_neuron_enable_val_read & config_encoding_type_val_read == 2 & latency_window_reset_1_read & !icmp_ln137_1 & tmp_12)> <Delay = 2.84>
ST_6 : Operation 370 [1/1] ( I:3.25ns O:3.25ns )   --->   "%store_ln139 = store i1 1, i9 %p_ZL22encoder_temporal_fired_0_addr_1" [src/snn_top_hls.cpp:139->src/snn_top_hls.cpp:248]   --->   Operation 370 'store' 'store_ln139' <Predicate = (icmp_ln194 & !config_two_neuron_enable_val_read & config_encoding_type_val_read == 2 & !p_ZL22encoder_temporal_fired_0_load_1 & !icmp_ln137_1) | (icmp_ln194 & !config_two_neuron_enable_val_read & config_encoding_type_val_read == 2 & latency_window_reset_1_read & !icmp_ln137_1)> <Delay = 3.25> <CoreInst = "RAM_2P_BRAM">   --->   Core 90 'RAM_2P_BRAM' <Latency = 1> <II = 1> <Delay = 3.25> <Storage> <Opcode : 'load' 'store'> <Ports = 2> <Width = 1> <Depth = 392> <RAM>
ST_6 : Operation 371 [1/1] (0.00ns)   --->   "%br_ln140 = br void %if.end15.i" [src/snn_top_hls.cpp:140->src/snn_top_hls.cpp:248]   --->   Operation 371 'br' 'br_ln140' <Predicate = (icmp_ln194 & !config_two_neuron_enable_val_read & config_encoding_type_val_read == 2 & !p_ZL22encoder_temporal_fired_0_load_1 & !icmp_ln137_1) | (icmp_ln194 & !config_two_neuron_enable_val_read & config_encoding_type_val_read == 2 & latency_window_reset_1_read & !icmp_ln137_1)> <Delay = 0.00>
ST_6 : Operation 372 [1/1] ( I:0.00ns O:0.00ns )   --->   "%tmp_9 = nbwritereq i1 @_ssdm_op_NbWriteReq.ap_fifo.i41P0A, i41 %encoder_spikes, i32 1" [src/snn_top_hls.cpp:82->src/snn_top_hls.cpp:111->src/snn_top_hls.cpp:245]   --->   Operation 372 'nbwritereq' 'tmp_9' <Predicate = (icmp_ln194 & !config_two_neuron_enable_val_read & config_encoding_type_val_read == 1 & icmp_ln110_1)> <Delay = 0.00> <CoreInst = "FIFO">   --->   Core 77 'FIFO' <Latency = 0> <II = 1> <Delay = 3.60> <Storage> <Opcode : 'read' 'write' 'nbread' 'nbwrite'> <Ports = 0> <Width = 41> <Depth = 32> <FIFO>
ST_6 : Operation 373 [1/1] (0.00ns)   --->   "%br_ln82 = br i1 %tmp_9, void %_ZL24encoder_write_axis_spikei6ap_intILi8EE7ap_uintILi32EERN3hls6streamI19encoder_axis_word_tLi0EEERS2_.exit.i256, void %if.end.i.i255" [src/snn_top_hls.cpp:82->src/snn_top_hls.cpp:111->src/snn_top_hls.cpp:245]   --->   Operation 373 'br' 'br_ln82' <Predicate = (icmp_ln194 & !config_two_neuron_enable_val_read & config_encoding_type_val_read == 1 & icmp_ln110_1)> <Delay = 0.00>
ST_6 : Operation 374 [1/1] (2.07ns)   --->   "%icmp_ln158_1 = icmp_ugt  i16 %add_ln155_1, i16 %config_delta_decay_val_read" [src/snn_top_hls.cpp:158->src/snn_top_hls.cpp:251]   --->   Operation 374 'icmp' 'icmp_ln158_1' <Predicate = (icmp_ln194 & !config_two_neuron_enable_val_read & config_encoding_type_val_read == 3)> <Delay = 2.07> <CoreInst = "Cmp">   --->   Core 9 'Cmp' <Latency = 0> <II = 1> <Delay = 2.07> <FuncUnit> <Opcode : 'seteq' 'setne' 'setle' 'setge' 'setlt' 'setgt'> <InPorts = 2> <OutPorts = 1>
ST_6 : Operation 375 [1/1] (2.07ns)   --->   "%sub_ln159_1 = sub i16 %add_ln155_1, i16 %config_delta_decay_val_read" [src/snn_top_hls.cpp:159->src/snn_top_hls.cpp:251]   --->   Operation 375 'sub' 'sub_ln159_1' <Predicate = (icmp_ln194 & !config_two_neuron_enable_val_read & config_encoding_type_val_read == 3)> <Delay = 2.07> <CoreInst = "Adder">   --->   Core 1 'Adder' <Latency = 0> <II = 1> <Delay = 2.07> <FuncUnit> <Opcode : 'add' 'sub'> <InPorts = 2> <OutPorts = 1>
ST_6 : Operation 376 [1/1] (0.80ns)   --->   "%select_ln158_1 = select i1 %icmp_ln158_1, i16 %sub_ln159_1, i16 %add_ln155_1" [src/snn_top_hls.cpp:158->src/snn_top_hls.cpp:251]   --->   Operation 376 'select' 'select_ln158_1' <Predicate = (icmp_ln194 & !config_two_neuron_enable_val_read & config_encoding_type_val_read == 3)> <Delay = 0.80> <CoreInst = "Sel">   --->   Core 73 'Sel' <Latency = 0> <II = 1> <Delay = 0.80> <FuncUnit> <Opcode : 'select'> <InPorts = 3> <OutPorts = 1>
ST_6 : Operation 377 [1/1] ( I:3.25ns O:3.25ns )   --->   "%store_ln158 = store i16 %select_ln158_1, i9 %p_ZL17encoder_phase_acc_0_addr_1" [src/snn_top_hls.cpp:158->src/snn_top_hls.cpp:251]   --->   Operation 377 'store' 'store_ln158' <Predicate = (icmp_ln194 & !config_two_neuron_enable_val_read & config_encoding_type_val_read == 3)> <Delay = 3.25> <CoreInst = "RAM_2P_BRAM">   --->   Core 90 'RAM_2P_BRAM' <Latency = 1> <II = 1> <Delay = 3.25> <Storage> <Opcode : 'load' 'store'> <Ports = 2> <Width = 16> <Depth = 392> <RAM>
ST_6 : Operation 378 [1/1] (2.07ns)   --->   "%icmp_ln163_1 = icmp_ult  i16 %select_ln158_1, i16 %config_delta_threshold_val_read" [src/snn_top_hls.cpp:163->src/snn_top_hls.cpp:251]   --->   Operation 378 'icmp' 'icmp_ln163_1' <Predicate = (icmp_ln194 & !config_two_neuron_enable_val_read & config_encoding_type_val_read == 3)> <Delay = 2.07> <CoreInst = "Cmp">   --->   Core 9 'Cmp' <Latency = 0> <II = 1> <Delay = 2.07> <FuncUnit> <Opcode : 'seteq' 'setne' 'setle' 'setge' 'setlt' 'setgt'> <InPorts = 2> <OutPorts = 1>
ST_6 : Operation 379 [1/1] (0.00ns)   --->   "%br_ln163 = br i1 %icmp_ln163_1, void %if.then11.i, void %_ZL19encoder_delta_sigmai7ap_uintILi8EES_ILi32EERK16encoder_config_tRN3hls6streamI19encoder_axis_word_tLi0EEERS1_.exit" [src/snn_top_hls.cpp:163->src/snn_top_hls.cpp:251]   --->   Operation 379 'br' 'br_ln163' <Predicate = (icmp_ln194 & !config_two_neuron_enable_val_read & config_encoding_type_val_read == 3)> <Delay = 0.00>
ST_6 : Operation 380 [1/1] ( I:0.00ns O:0.00ns )   --->   "%tmp_8 = nbwritereq i1 @_ssdm_op_NbWriteReq.ap_fifo.i41P0A, i41 %encoder_spikes, i32 1" [src/snn_top_hls.cpp:82->src/snn_top_hls.cpp:164->src/snn_top_hls.cpp:251]   --->   Operation 380 'nbwritereq' 'tmp_8' <Predicate = (icmp_ln194 & !config_two_neuron_enable_val_read & config_encoding_type_val_read == 3 & !icmp_ln163_1)> <Delay = 0.00> <CoreInst = "FIFO">   --->   Core 77 'FIFO' <Latency = 0> <II = 1> <Delay = 3.60> <Storage> <Opcode : 'read' 'write' 'nbread' 'nbwrite'> <Ports = 0> <Width = 41> <Depth = 32> <FIFO>
ST_6 : Operation 381 [1/1] (0.00ns)   --->   "%br_ln82 = br i1 %tmp_8, void %_ZL24encoder_write_axis_spikei6ap_intILi8EE7ap_uintILi32EERN3hls6streamI19encoder_axis_word_tLi0EEERS2_.exit.i, void %if.end.i.i" [src/snn_top_hls.cpp:82->src/snn_top_hls.cpp:164->src/snn_top_hls.cpp:251]   --->   Operation 381 'br' 'br_ln82' <Predicate = (icmp_ln194 & !config_two_neuron_enable_val_read & config_encoding_type_val_read == 3 & !icmp_ln163_1)> <Delay = 0.00>
ST_6 : Operation 382 [1/1] (0.00ns)   --->   "%trunc_ln203 = trunc i10 %ch_2" [src/snn_top_hls.cpp:203]   --->   Operation 382 'trunc' 'trunc_ln203' <Predicate = (icmp_ln194 & config_two_neuron_enable_val_read)> <Delay = 0.00>
ST_6 : Operation 383 [1/1] ( I:0.00ns O:0.00ns )   --->   "%tmp_11 = nbwritereq i1 @_ssdm_op_NbWriteReq.ap_fifo.i41P0A, i41 %encoder_spikes, i32 1" [src/snn_top_hls.cpp:82->src/snn_top_hls.cpp:138->src/snn_top_hls.cpp:213]   --->   Operation 383 'nbwritereq' 'tmp_11' <Predicate = (icmp_ln194 & config_two_neuron_enable_val_read & config_encoding_type_val_read == 2 & !p_ZL22encoder_temporal_fired_0_load & !icmp_ln137) | (icmp_ln194 & config_two_neuron_enable_val_read & config_encoding_type_val_read == 2 & latency_window_reset_1_read & !icmp_ln137)> <Delay = 0.00> <CoreInst = "FIFO">   --->   Core 77 'FIFO' <Latency = 0> <II = 1> <Delay = 3.60> <Storage> <Opcode : 'read' 'write' 'nbread' 'nbwrite'> <Ports = 0> <Width = 41> <Depth = 32> <FIFO>
ST_6 : Operation 384 [1/1] (0.00ns)   --->   "%br_ln82 = br i1 %tmp_11, void %_ZL24encoder_write_axis_spikei6ap_intILi8EE7ap_uintILi32EERN3hls6streamI19encoder_axis_word_tLi0EEERS2_.exit.i1227, void %if.end.i.i1224" [src/snn_top_hls.cpp:82->src/snn_top_hls.cpp:138->src/snn_top_hls.cpp:213]   --->   Operation 384 'br' 'br_ln82' <Predicate = (icmp_ln194 & config_two_neuron_enable_val_read & config_encoding_type_val_read == 2 & !p_ZL22encoder_temporal_fired_0_load & !icmp_ln137) | (icmp_ln194 & config_two_neuron_enable_val_read & config_encoding_type_val_read == 2 & latency_window_reset_1_read & !icmp_ln137)> <Delay = 0.00>
ST_6 : Operation 385 [1/1] (0.00ns)   --->   "%trunc_ln88_4 = trunc i32 %time_read" [src/snn_top_hls.cpp:88->src/snn_top_hls.cpp:138->src/snn_top_hls.cpp:213]   --->   Operation 385 'trunc' 'trunc_ln88_4' <Predicate = (icmp_ln194 & config_two_neuron_enable_val_read & config_encoding_type_val_read == 2 & !p_ZL22encoder_temporal_fired_0_load & !icmp_ln137 & tmp_11) | (icmp_ln194 & config_two_neuron_enable_val_read & config_encoding_type_val_read == 2 & latency_window_reset_1_read & !icmp_ln137 & tmp_11)> <Delay = 0.00>
ST_6 : Operation 386 [1/1] (0.00ns)   --->   "%or_ln92_8 = bitconcatenate i33 @_ssdm_op_BitConcatenate.i33.i1.i14.i8.i9.i1, i1 1, i14 %trunc_ln88_4, i8 %config_default_weight_val_read, i9 %trunc_ln203, i1 0" [src/snn_top_hls.cpp:92->src/snn_top_hls.cpp:138->src/snn_top_hls.cpp:213]   --->   Operation 386 'bitconcatenate' 'or_ln92_8' <Predicate = (icmp_ln194 & config_two_neuron_enable_val_read & config_encoding_type_val_read == 2 & !p_ZL22encoder_temporal_fired_0_load & !icmp_ln137 & tmp_11) | (icmp_ln194 & config_two_neuron_enable_val_read & config_encoding_type_val_read == 2 & latency_window_reset_1_read & !icmp_ln137 & tmp_11)> <Delay = 0.00>
ST_6 : Operation 387 [1/1] (0.00ns)   --->   "%sext_ln92_4 = sext i33 %or_ln92_8" [src/snn_top_hls.cpp:92->src/snn_top_hls.cpp:138->src/snn_top_hls.cpp:213]   --->   Operation 387 'sext' 'sext_ln92_4' <Predicate = (icmp_ln194 & config_two_neuron_enable_val_read & config_encoding_type_val_read == 2 & !p_ZL22encoder_temporal_fired_0_load & !icmp_ln137 & tmp_11) | (icmp_ln194 & config_two_neuron_enable_val_read & config_encoding_type_val_read == 2 & latency_window_reset_1_read & !icmp_ln137 & tmp_11)> <Delay = 0.00>
ST_6 : Operation 388 [1/1] ( I:3.60ns O:3.60ns )   --->   "%write_ln92 = write void @_ssdm_op_Write.ap_fifo.volatile.i41P0A, i41 %encoder_spikes, i41 %sext_ln92_4" [src/snn_top_hls.cpp:92->src/snn_top_hls.cpp:138->src/snn_top_hls.cpp:213]   --->   Operation 388 'write' 'write_ln92' <Predicate = (icmp_ln194 & config_two_neuron_enable_val_read & config_encoding_type_val_read == 2 & !p_ZL22encoder_temporal_fired_0_load & !icmp_ln137 & tmp_11) | (icmp_ln194 & config_two_neuron_enable_val_read & config_encoding_type_val_read == 2 & latency_window_reset_1_read & !icmp_ln137 & tmp_11)> <Delay = 3.60> <CoreInst = "FIFO">   --->   Core 77 'FIFO' <Latency = 0> <II = 1> <Delay = 3.60> <Storage> <Opcode : 'read' 'write' 'nbread' 'nbwrite'> <Ports = 0> <Width = 41> <Depth = 32> <FIFO>
ST_6 : Operation 389 [1/1] (0.00ns)   --->   "%encoder_spike_counter_load_4 = load i32 %encoder_spike_counter" [src/snn_top_hls.cpp:93->src/snn_top_hls.cpp:138->src/snn_top_hls.cpp:213]   --->   Operation 389 'load' 'encoder_spike_counter_load_4' <Predicate = (icmp_ln194 & config_two_neuron_enable_val_read & config_encoding_type_val_read == 2 & !p_ZL22encoder_temporal_fired_0_load & !icmp_ln137 & tmp_11) | (icmp_ln194 & config_two_neuron_enable_val_read & config_encoding_type_val_read == 2 & latency_window_reset_1_read & !icmp_ln137 & tmp_11)> <Delay = 0.00>
ST_6 : Operation 390 [1/1] (2.55ns)   --->   "%add_ln93_4 = add i32 %encoder_spike_counter_load_4, i32 1" [src/snn_top_hls.cpp:93->src/snn_top_hls.cpp:138->src/snn_top_hls.cpp:213]   --->   Operation 390 'add' 'add_ln93_4' <Predicate = (icmp_ln194 & config_two_neuron_enable_val_read & config_encoding_type_val_read == 2 & !p_ZL22encoder_temporal_fired_0_load & !icmp_ln137 & tmp_11) | (icmp_ln194 & config_two_neuron_enable_val_read & config_encoding_type_val_read == 2 & latency_window_reset_1_read & !icmp_ln137 & tmp_11)> <Delay = 2.55> <CoreInst = "Adder">   --->   Core 1 'Adder' <Latency = 0> <II = 1> <Delay = 2.55> <FuncUnit> <Opcode : 'add' 'sub'> <InPorts = 2> <OutPorts = 1>
ST_6 : Operation 391 [1/1] (2.84ns)   --->   "%store_ln93 = store i32 %add_ln93_4, i32 %encoder_spike_counter" [src/snn_top_hls.cpp:93->src/snn_top_hls.cpp:138->src/snn_top_hls.cpp:213]   --->   Operation 391 'store' 'store_ln93' <Predicate = (icmp_ln194 & config_two_neuron_enable_val_read & config_encoding_type_val_read == 2 & !p_ZL22encoder_temporal_fired_0_load & !icmp_ln137 & tmp_11) | (icmp_ln194 & config_two_neuron_enable_val_read & config_encoding_type_val_read == 2 & latency_window_reset_1_read & !icmp_ln137 & tmp_11)> <Delay = 2.84>
ST_6 : Operation 392 [1/1] (0.00ns)   --->   "%br_ln94 = br void %_ZL24encoder_write_axis_spikei6ap_intILi8EE7ap_uintILi32EERN3hls6streamI19encoder_axis_word_tLi0EEERS2_.exit.i1227" [src/snn_top_hls.cpp:94->src/snn_top_hls.cpp:138->src/snn_top_hls.cpp:213]   --->   Operation 392 'br' 'br_ln94' <Predicate = (icmp_ln194 & config_two_neuron_enable_val_read & config_encoding_type_val_read == 2 & !p_ZL22encoder_temporal_fired_0_load & !icmp_ln137 & tmp_11) | (icmp_ln194 & config_two_neuron_enable_val_read & config_encoding_type_val_read == 2 & latency_window_reset_1_read & !icmp_ln137 & tmp_11)> <Delay = 0.00>
ST_6 : Operation 393 [1/1] ( I:3.25ns O:3.25ns )   --->   "%store_ln139 = store i1 1, i9 %p_ZL22encoder_temporal_fired_0_addr" [src/snn_top_hls.cpp:139->src/snn_top_hls.cpp:213]   --->   Operation 393 'store' 'store_ln139' <Predicate = (icmp_ln194 & config_two_neuron_enable_val_read & config_encoding_type_val_read == 2 & !p_ZL22encoder_temporal_fired_0_load & !icmp_ln137) | (icmp_ln194 & config_two_neuron_enable_val_read & config_encoding_type_val_read == 2 & latency_window_reset_1_read & !icmp_ln137)> <Delay = 3.25> <CoreInst = "RAM_2P_BRAM">   --->   Core 90 'RAM_2P_BRAM' <Latency = 1> <II = 1> <Delay = 3.25> <Storage> <Opcode : 'load' 'store'> <Ports = 2> <Width = 1> <Depth = 392> <RAM>
ST_6 : Operation 394 [1/1] (0.00ns)   --->   "%br_ln140 = br void %if.end15.i1228" [src/snn_top_hls.cpp:140->src/snn_top_hls.cpp:213]   --->   Operation 394 'br' 'br_ln140' <Predicate = (icmp_ln194 & config_two_neuron_enable_val_read & config_encoding_type_val_read == 2 & !p_ZL22encoder_temporal_fired_0_load & !icmp_ln137) | (icmp_ln194 & config_two_neuron_enable_val_read & config_encoding_type_val_read == 2 & latency_window_reset_1_read & !icmp_ln137)> <Delay = 0.00>
ST_6 : Operation 395 [1/1] ( I:3.25ns O:3.25ns )   --->   "%store_ln139 = store i1 1, i9 %p_ZL22encoder_temporal_fired_1_addr" [src/snn_top_hls.cpp:139->src/snn_top_hls.cpp:230]   --->   Operation 395 'store' 'store_ln139' <Predicate = (icmp_ln194 & config_two_neuron_enable_val_read & config_encoding_type_val_read == 2 & !p_ZL22encoder_temporal_fired_1_load & !icmp_ln137_2) | (icmp_ln194 & config_two_neuron_enable_val_read & config_encoding_type_val_read == 2 & latency_window_reset_1_read & !icmp_ln137_2)> <Delay = 3.25> <CoreInst = "RAM_2P_BRAM">   --->   Core 90 'RAM_2P_BRAM' <Latency = 1> <II = 1> <Delay = 3.25> <Storage> <Opcode : 'load' 'store'> <Ports = 2> <Width = 1> <Depth = 392> <RAM>
ST_6 : Operation 396 [1/1] (0.00ns)   --->   "%br_ln140 = br void %if.end15.i603" [src/snn_top_hls.cpp:140->src/snn_top_hls.cpp:230]   --->   Operation 396 'br' 'br_ln140' <Predicate = (icmp_ln194 & config_two_neuron_enable_val_read & config_encoding_type_val_read == 2 & !p_ZL22encoder_temporal_fired_1_load & !icmp_ln137_2) | (icmp_ln194 & config_two_neuron_enable_val_read & config_encoding_type_val_read == 2 & latency_window_reset_1_read & !icmp_ln137_2)> <Delay = 0.00>
ST_6 : Operation 397 [1/1] ( I:0.00ns O:0.00ns )   --->   "%tmp_s = nbwritereq i1 @_ssdm_op_NbWriteReq.ap_fifo.i41P0A, i41 %encoder_spikes, i32 1" [src/snn_top_hls.cpp:82->src/snn_top_hls.cpp:111->src/snn_top_hls.cpp:210]   --->   Operation 397 'nbwritereq' 'tmp_s' <Predicate = (icmp_ln194 & config_two_neuron_enable_val_read & config_encoding_type_val_read == 1 & icmp_ln110)> <Delay = 0.00> <CoreInst = "FIFO">   --->   Core 77 'FIFO' <Latency = 0> <II = 1> <Delay = 3.60> <Storage> <Opcode : 'read' 'write' 'nbread' 'nbwrite'> <Ports = 0> <Width = 41> <Depth = 32> <FIFO>
ST_6 : Operation 398 [1/1] (0.00ns)   --->   "%br_ln82 = br i1 %tmp_s, void %_ZL24encoder_write_axis_spikei6ap_intILi8EE7ap_uintILi32EERN3hls6streamI19encoder_axis_word_tLi0EEERS2_.exit.i1503, void %if.end.i.i1502" [src/snn_top_hls.cpp:82->src/snn_top_hls.cpp:111->src/snn_top_hls.cpp:210]   --->   Operation 398 'br' 'br_ln82' <Predicate = (icmp_ln194 & config_two_neuron_enable_val_read & config_encoding_type_val_read == 1 & icmp_ln110)> <Delay = 0.00>
ST_6 : Operation 399 [1/1] (0.00ns)   --->   "%trunc_ln88_1 = trunc i32 %time_read" [src/snn_top_hls.cpp:88->src/snn_top_hls.cpp:111->src/snn_top_hls.cpp:210]   --->   Operation 399 'trunc' 'trunc_ln88_1' <Predicate = (icmp_ln194 & config_two_neuron_enable_val_read & config_encoding_type_val_read == 1 & icmp_ln110 & tmp_s)> <Delay = 0.00>
ST_6 : Operation 400 [1/1] (0.00ns)   --->   "%or_ln92_7 = bitconcatenate i33 @_ssdm_op_BitConcatenate.i33.i1.i14.i8.i9.i1, i1 1, i14 %trunc_ln88_1, i8 %config_default_weight_val_read, i9 %trunc_ln203, i1 0" [src/snn_top_hls.cpp:92->src/snn_top_hls.cpp:111->src/snn_top_hls.cpp:210]   --->   Operation 400 'bitconcatenate' 'or_ln92_7' <Predicate = (icmp_ln194 & config_two_neuron_enable_val_read & config_encoding_type_val_read == 1 & icmp_ln110 & tmp_s)> <Delay = 0.00>
ST_6 : Operation 401 [1/1] (0.00ns)   --->   "%sext_ln92_1 = sext i33 %or_ln92_7" [src/snn_top_hls.cpp:92->src/snn_top_hls.cpp:111->src/snn_top_hls.cpp:210]   --->   Operation 401 'sext' 'sext_ln92_1' <Predicate = (icmp_ln194 & config_two_neuron_enable_val_read & config_encoding_type_val_read == 1 & icmp_ln110 & tmp_s)> <Delay = 0.00>
ST_6 : Operation 402 [1/1] ( I:3.60ns O:3.60ns )   --->   "%write_ln92 = write void @_ssdm_op_Write.ap_fifo.volatile.i41P0A, i41 %encoder_spikes, i41 %sext_ln92_1" [src/snn_top_hls.cpp:92->src/snn_top_hls.cpp:111->src/snn_top_hls.cpp:210]   --->   Operation 402 'write' 'write_ln92' <Predicate = (icmp_ln194 & config_two_neuron_enable_val_read & config_encoding_type_val_read == 1 & icmp_ln110 & tmp_s)> <Delay = 3.60> <CoreInst = "FIFO">   --->   Core 77 'FIFO' <Latency = 0> <II = 1> <Delay = 3.60> <Storage> <Opcode : 'read' 'write' 'nbread' 'nbwrite'> <Ports = 0> <Width = 41> <Depth = 32> <FIFO>
ST_6 : Operation 403 [1/1] (0.00ns)   --->   "%encoder_spike_counter_load_1 = load i32 %encoder_spike_counter" [src/snn_top_hls.cpp:93->src/snn_top_hls.cpp:111->src/snn_top_hls.cpp:210]   --->   Operation 403 'load' 'encoder_spike_counter_load_1' <Predicate = (icmp_ln194 & config_two_neuron_enable_val_read & config_encoding_type_val_read == 1 & icmp_ln110 & tmp_s)> <Delay = 0.00>
ST_6 : Operation 404 [1/1] (2.55ns)   --->   "%add_ln93_1 = add i32 %encoder_spike_counter_load_1, i32 1" [src/snn_top_hls.cpp:93->src/snn_top_hls.cpp:111->src/snn_top_hls.cpp:210]   --->   Operation 404 'add' 'add_ln93_1' <Predicate = (icmp_ln194 & config_two_neuron_enable_val_read & config_encoding_type_val_read == 1 & icmp_ln110 & tmp_s)> <Delay = 2.55> <CoreInst = "Adder">   --->   Core 1 'Adder' <Latency = 0> <II = 1> <Delay = 2.55> <FuncUnit> <Opcode : 'add' 'sub'> <InPorts = 2> <OutPorts = 1>
ST_6 : Operation 405 [1/1] (2.84ns)   --->   "%store_ln93 = store i32 %add_ln93_1, i32 %encoder_spike_counter" [src/snn_top_hls.cpp:93->src/snn_top_hls.cpp:111->src/snn_top_hls.cpp:210]   --->   Operation 405 'store' 'store_ln93' <Predicate = (icmp_ln194 & config_two_neuron_enable_val_read & config_encoding_type_val_read == 1 & icmp_ln110 & tmp_s)> <Delay = 2.84>
ST_6 : Operation 406 [1/1] (0.00ns)   --->   "%br_ln94 = br void %_ZL24encoder_write_axis_spikei6ap_intILi8EE7ap_uintILi32EERN3hls6streamI19encoder_axis_word_tLi0EEERS2_.exit.i1503" [src/snn_top_hls.cpp:94->src/snn_top_hls.cpp:111->src/snn_top_hls.cpp:210]   --->   Operation 406 'br' 'br_ln94' <Predicate = (icmp_ln194 & config_two_neuron_enable_val_read & config_encoding_type_val_read == 1 & icmp_ln110 & tmp_s)> <Delay = 0.00>
ST_6 : Operation 407 [1/1] ( I:3.25ns O:3.25ns )   --->   "%store_ln158 = store i16 %select_ln158, i9 %p_ZL17encoder_phase_acc_0_addr" [src/snn_top_hls.cpp:158->src/snn_top_hls.cpp:216]   --->   Operation 407 'store' 'store_ln158' <Predicate = (icmp_ln194 & config_two_neuron_enable_val_read & config_encoding_type_val_read == 3)> <Delay = 3.25> <CoreInst = "RAM_2P_BRAM">   --->   Core 90 'RAM_2P_BRAM' <Latency = 1> <II = 1> <Delay = 3.25> <Storage> <Opcode : 'load' 'store'> <Ports = 2> <Width = 16> <Depth = 392> <RAM>
ST_6 : Operation 408 [1/1] ( I:0.00ns O:0.00ns )   --->   "%tmp = nbwritereq i1 @_ssdm_op_NbWriteReq.ap_fifo.i41P0A, i41 %encoder_spikes, i32 1" [src/snn_top_hls.cpp:82->src/snn_top_hls.cpp:164->src/snn_top_hls.cpp:216]   --->   Operation 408 'nbwritereq' 'tmp' <Predicate = (icmp_ln194 & config_two_neuron_enable_val_read & config_encoding_type_val_read == 3 & !icmp_ln163)> <Delay = 0.00> <CoreInst = "FIFO">   --->   Core 77 'FIFO' <Latency = 0> <II = 1> <Delay = 3.60> <Storage> <Opcode : 'read' 'write' 'nbread' 'nbwrite'> <Ports = 0> <Width = 41> <Depth = 32> <FIFO>
ST_6 : Operation 409 [1/1] (0.00ns)   --->   "%br_ln82 = br i1 %tmp, void %_ZL24encoder_write_axis_spikei6ap_intILi8EE7ap_uintILi32EERN3hls6streamI19encoder_axis_word_tLi0EEERS2_.exit.i1019, void %if.end.i.i1014" [src/snn_top_hls.cpp:82->src/snn_top_hls.cpp:164->src/snn_top_hls.cpp:216]   --->   Operation 409 'br' 'br_ln82' <Predicate = (icmp_ln194 & config_two_neuron_enable_val_read & config_encoding_type_val_read == 3 & !icmp_ln163)> <Delay = 0.00>
ST_6 : Operation 410 [1/1] (0.00ns)   --->   "%trunc_ln88 = trunc i32 %time_read" [src/snn_top_hls.cpp:88->src/snn_top_hls.cpp:164->src/snn_top_hls.cpp:216]   --->   Operation 410 'trunc' 'trunc_ln88' <Predicate = (icmp_ln194 & config_two_neuron_enable_val_read & config_encoding_type_val_read == 3 & !icmp_ln163 & tmp)> <Delay = 0.00>
ST_6 : Operation 411 [1/1] (0.00ns)   --->   "%or_ln92_3 = bitconcatenate i33 @_ssdm_op_BitConcatenate.i33.i1.i14.i8.i9.i1, i1 1, i14 %trunc_ln88, i8 %config_default_weight_val_read, i9 %trunc_ln203, i1 0" [src/snn_top_hls.cpp:92->src/snn_top_hls.cpp:164->src/snn_top_hls.cpp:216]   --->   Operation 411 'bitconcatenate' 'or_ln92_3' <Predicate = (icmp_ln194 & config_two_neuron_enable_val_read & config_encoding_type_val_read == 3 & !icmp_ln163 & tmp)> <Delay = 0.00>
ST_6 : Operation 412 [1/1] (0.00ns)   --->   "%sext_ln92 = sext i33 %or_ln92_3" [src/snn_top_hls.cpp:92->src/snn_top_hls.cpp:164->src/snn_top_hls.cpp:216]   --->   Operation 412 'sext' 'sext_ln92' <Predicate = (icmp_ln194 & config_two_neuron_enable_val_read & config_encoding_type_val_read == 3 & !icmp_ln163 & tmp)> <Delay = 0.00>
ST_6 : Operation 413 [1/1] ( I:3.60ns O:3.60ns )   --->   "%write_ln92 = write void @_ssdm_op_Write.ap_fifo.volatile.i41P0A, i41 %encoder_spikes, i41 %sext_ln92" [src/snn_top_hls.cpp:92->src/snn_top_hls.cpp:164->src/snn_top_hls.cpp:216]   --->   Operation 413 'write' 'write_ln92' <Predicate = (icmp_ln194 & config_two_neuron_enable_val_read & config_encoding_type_val_read == 3 & !icmp_ln163 & tmp)> <Delay = 3.60> <CoreInst = "FIFO">   --->   Core 77 'FIFO' <Latency = 0> <II = 1> <Delay = 3.60> <Storage> <Opcode : 'read' 'write' 'nbread' 'nbwrite'> <Ports = 0> <Width = 41> <Depth = 32> <FIFO>
ST_6 : Operation 414 [1/1] (0.00ns)   --->   "%encoder_spike_counter_load = load i32 %encoder_spike_counter" [src/snn_top_hls.cpp:93->src/snn_top_hls.cpp:164->src/snn_top_hls.cpp:216]   --->   Operation 414 'load' 'encoder_spike_counter_load' <Predicate = (icmp_ln194 & config_two_neuron_enable_val_read & config_encoding_type_val_read == 3 & !icmp_ln163 & tmp)> <Delay = 0.00>
ST_6 : Operation 415 [1/1] (2.55ns)   --->   "%add_ln93 = add i32 %encoder_spike_counter_load, i32 1" [src/snn_top_hls.cpp:93->src/snn_top_hls.cpp:164->src/snn_top_hls.cpp:216]   --->   Operation 415 'add' 'add_ln93' <Predicate = (icmp_ln194 & config_two_neuron_enable_val_read & config_encoding_type_val_read == 3 & !icmp_ln163 & tmp)> <Delay = 2.55> <CoreInst = "Adder">   --->   Core 1 'Adder' <Latency = 0> <II = 1> <Delay = 2.55> <FuncUnit> <Opcode : 'add' 'sub'> <InPorts = 2> <OutPorts = 1>
ST_6 : Operation 416 [1/1] (2.84ns)   --->   "%store_ln93 = store i32 %add_ln93, i32 %encoder_spike_counter" [src/snn_top_hls.cpp:93->src/snn_top_hls.cpp:164->src/snn_top_hls.cpp:216]   --->   Operation 416 'store' 'store_ln93' <Predicate = (icmp_ln194 & config_two_neuron_enable_val_read & config_encoding_type_val_read == 3 & !icmp_ln163 & tmp)> <Delay = 2.84>
ST_6 : Operation 417 [1/1] (0.00ns)   --->   "%br_ln94 = br void %_ZL24encoder_write_axis_spikei6ap_intILi8EE7ap_uintILi32EERN3hls6streamI19encoder_axis_word_tLi0EEERS2_.exit.i1019" [src/snn_top_hls.cpp:94->src/snn_top_hls.cpp:164->src/snn_top_hls.cpp:216]   --->   Operation 417 'br' 'br_ln94' <Predicate = (icmp_ln194 & config_two_neuron_enable_val_read & config_encoding_type_val_read == 3 & !icmp_ln163 & tmp)> <Delay = 0.00>
ST_6 : Operation 418 [1/1] (2.07ns)   --->   "%icmp_ln158_2 = icmp_ugt  i16 %add_ln155_2, i16 %config_delta_decay_val_read" [src/snn_top_hls.cpp:158->src/snn_top_hls.cpp:233]   --->   Operation 418 'icmp' 'icmp_ln158_2' <Predicate = (icmp_ln194 & config_two_neuron_enable_val_read & config_encoding_type_val_read == 3)> <Delay = 2.07> <CoreInst = "Cmp">   --->   Core 9 'Cmp' <Latency = 0> <II = 1> <Delay = 2.07> <FuncUnit> <Opcode : 'seteq' 'setne' 'setle' 'setge' 'setlt' 'setgt'> <InPorts = 2> <OutPorts = 1>
ST_6 : Operation 419 [1/1] (2.07ns)   --->   "%sub_ln159_2 = sub i16 %add_ln155_2, i16 %config_delta_decay_val_read" [src/snn_top_hls.cpp:159->src/snn_top_hls.cpp:233]   --->   Operation 419 'sub' 'sub_ln159_2' <Predicate = (icmp_ln194 & config_two_neuron_enable_val_read & config_encoding_type_val_read == 3)> <Delay = 2.07> <CoreInst = "Adder">   --->   Core 1 'Adder' <Latency = 0> <II = 1> <Delay = 2.07> <FuncUnit> <Opcode : 'add' 'sub'> <InPorts = 2> <OutPorts = 1>
ST_6 : Operation 420 [1/1] (0.80ns)   --->   "%select_ln158_2 = select i1 %icmp_ln158_2, i16 %sub_ln159_2, i16 %add_ln155_2" [src/snn_top_hls.cpp:158->src/snn_top_hls.cpp:233]   --->   Operation 420 'select' 'select_ln158_2' <Predicate = (icmp_ln194 & config_two_neuron_enable_val_read & config_encoding_type_val_read == 3)> <Delay = 0.80> <CoreInst = "Sel">   --->   Core 73 'Sel' <Latency = 0> <II = 1> <Delay = 0.80> <FuncUnit> <Opcode : 'select'> <InPorts = 3> <OutPorts = 1>
ST_6 : Operation 421 [1/1] ( I:3.25ns O:3.25ns )   --->   "%store_ln158 = store i16 %select_ln158_2, i9 %p_ZL17encoder_phase_acc_1_addr" [src/snn_top_hls.cpp:158->src/snn_top_hls.cpp:233]   --->   Operation 421 'store' 'store_ln158' <Predicate = (icmp_ln194 & config_two_neuron_enable_val_read & config_encoding_type_val_read == 3)> <Delay = 3.25> <CoreInst = "RAM_2P_BRAM">   --->   Core 90 'RAM_2P_BRAM' <Latency = 1> <II = 1> <Delay = 3.25> <Storage> <Opcode : 'load' 'store'> <Ports = 2> <Width = 16> <Depth = 392> <RAM>
ST_6 : Operation 422 [1/1] (2.07ns)   --->   "%icmp_ln163_2 = icmp_ult  i16 %select_ln158_2, i16 %config_delta_threshold_val_read" [src/snn_top_hls.cpp:163->src/snn_top_hls.cpp:233]   --->   Operation 422 'icmp' 'icmp_ln163_2' <Predicate = (icmp_ln194 & config_two_neuron_enable_val_read & config_encoding_type_val_read == 3)> <Delay = 2.07> <CoreInst = "Cmp">   --->   Core 9 'Cmp' <Latency = 0> <II = 1> <Delay = 2.07> <FuncUnit> <Opcode : 'seteq' 'setne' 'setle' 'setge' 'setlt' 'setgt'> <InPorts = 2> <OutPorts = 1>
ST_6 : Operation 423 [1/1] (0.00ns)   --->   "%br_ln163 = br i1 %icmp_ln163_2, void %if.then11.i312, void %_ZL19encoder_delta_sigmai7ap_uintILi8EES_ILi32EERK16encoder_config_tRN3hls6streamI19encoder_axis_word_tLi0EEERS1_.exit395" [src/snn_top_hls.cpp:163->src/snn_top_hls.cpp:233]   --->   Operation 423 'br' 'br_ln163' <Predicate = (icmp_ln194 & config_two_neuron_enable_val_read & config_encoding_type_val_read == 3)> <Delay = 0.00>
ST_6 : Operation 424 [1/1] (2.59ns)   --->   "%icmp_ln137_4 = icmp_ugt  i33 %add_ln137_4, i33 %zext_ln137" [src/snn_top_hls.cpp:137->src/snn_top_hls.cpp:248]   --->   Operation 424 'icmp' 'icmp_ln137_4' <Predicate = (!config_two_neuron_enable_val_read & config_encoding_type_val_read == 2 & icmp_ln194_1 & !p_ZL22encoder_temporal_fired_1_load_1) | (!config_two_neuron_enable_val_read & config_encoding_type_val_read == 2 & latency_window_reset_1_read & icmp_ln194_1)> <Delay = 2.59> <CoreInst = "Cmp">   --->   Core 9 'Cmp' <Latency = 0> <II = 1> <Delay = 2.59> <FuncUnit> <Opcode : 'seteq' 'setne' 'setle' 'setge' 'setlt' 'setgt'> <InPorts = 2> <OutPorts = 1>
ST_6 : Operation 425 [1/1] (0.00ns)   --->   "%br_ln137 = br i1 %icmp_ln137_4, void %if.then11.i58.1, void %if.end15.i.1" [src/snn_top_hls.cpp:137->src/snn_top_hls.cpp:248]   --->   Operation 425 'br' 'br_ln137' <Predicate = (!config_two_neuron_enable_val_read & config_encoding_type_val_read == 2 & icmp_ln194_1 & !p_ZL22encoder_temporal_fired_1_load_1) | (!config_two_neuron_enable_val_read & config_encoding_type_val_read == 2 & latency_window_reset_1_read & icmp_ln194_1)> <Delay = 0.00>
ST_6 : Operation 426 [1/1] ( I:3.25ns O:3.25ns )   --->   "%store_ln139 = store i1 1, i9 %p_ZL22encoder_temporal_fired_1_addr_1" [src/snn_top_hls.cpp:139->src/snn_top_hls.cpp:248]   --->   Operation 426 'store' 'store_ln139' <Predicate = (!config_two_neuron_enable_val_read & config_encoding_type_val_read == 2 & icmp_ln194_1 & !p_ZL22encoder_temporal_fired_1_load_1 & !icmp_ln137_4) | (!config_two_neuron_enable_val_read & config_encoding_type_val_read == 2 & latency_window_reset_1_read & icmp_ln194_1 & !icmp_ln137_4)> <Delay = 3.25> <CoreInst = "RAM_2P_BRAM">   --->   Core 90 'RAM_2P_BRAM' <Latency = 1> <II = 1> <Delay = 3.25> <Storage> <Opcode : 'load' 'store'> <Ports = 2> <Width = 1> <Depth = 392> <RAM>
ST_6 : Operation 427 [1/1] (0.00ns)   --->   "%br_ln140 = br void %if.end15.i.1" [src/snn_top_hls.cpp:140->src/snn_top_hls.cpp:248]   --->   Operation 427 'br' 'br_ln140' <Predicate = (!config_two_neuron_enable_val_read & config_encoding_type_val_read == 2 & icmp_ln194_1 & !p_ZL22encoder_temporal_fired_1_load_1 & !icmp_ln137_4) | (!config_two_neuron_enable_val_read & config_encoding_type_val_read == 2 & latency_window_reset_1_read & icmp_ln194_1 & !icmp_ln137_4)> <Delay = 0.00>
ST_6 : Operation 428 [1/1] (2.07ns)   --->   "%icmp_ln158_4 = icmp_ugt  i16 %add_ln155_4, i16 %config_delta_decay_val_read" [src/snn_top_hls.cpp:158->src/snn_top_hls.cpp:251]   --->   Operation 428 'icmp' 'icmp_ln158_4' <Predicate = (!config_two_neuron_enable_val_read & config_encoding_type_val_read == 3 & icmp_ln194_1)> <Delay = 2.07> <CoreInst = "Cmp">   --->   Core 9 'Cmp' <Latency = 0> <II = 1> <Delay = 2.07> <FuncUnit> <Opcode : 'seteq' 'setne' 'setle' 'setge' 'setlt' 'setgt'> <InPorts = 2> <OutPorts = 1>
ST_6 : Operation 429 [1/1] (2.07ns)   --->   "%sub_ln159_4 = sub i16 %add_ln155_4, i16 %config_delta_decay_val_read" [src/snn_top_hls.cpp:159->src/snn_top_hls.cpp:251]   --->   Operation 429 'sub' 'sub_ln159_4' <Predicate = (!config_two_neuron_enable_val_read & config_encoding_type_val_read == 3 & icmp_ln194_1)> <Delay = 2.07> <CoreInst = "Adder">   --->   Core 1 'Adder' <Latency = 0> <II = 1> <Delay = 2.07> <FuncUnit> <Opcode : 'add' 'sub'> <InPorts = 2> <OutPorts = 1>
ST_6 : Operation 430 [1/1] (0.80ns)   --->   "%select_ln158_4 = select i1 %icmp_ln158_4, i16 %sub_ln159_4, i16 %add_ln155_4" [src/snn_top_hls.cpp:158->src/snn_top_hls.cpp:251]   --->   Operation 430 'select' 'select_ln158_4' <Predicate = (!config_two_neuron_enable_val_read & config_encoding_type_val_read == 3 & icmp_ln194_1)> <Delay = 0.80> <CoreInst = "Sel">   --->   Core 73 'Sel' <Latency = 0> <II = 1> <Delay = 0.80> <FuncUnit> <Opcode : 'select'> <InPorts = 3> <OutPorts = 1>
ST_6 : Operation 431 [1/1] ( I:3.25ns O:3.25ns )   --->   "%store_ln158 = store i16 %select_ln158_4, i9 %p_ZL17encoder_phase_acc_1_addr_1" [src/snn_top_hls.cpp:158->src/snn_top_hls.cpp:251]   --->   Operation 431 'store' 'store_ln158' <Predicate = (!config_two_neuron_enable_val_read & config_encoding_type_val_read == 3 & icmp_ln194_1)> <Delay = 3.25> <CoreInst = "RAM_2P_BRAM">   --->   Core 90 'RAM_2P_BRAM' <Latency = 1> <II = 1> <Delay = 3.25> <Storage> <Opcode : 'load' 'store'> <Ports = 2> <Width = 16> <Depth = 392> <RAM>

State 7 <SV = 6> <Delay = 5.39>
ST_7 : Operation 432 [1/1] (0.00ns)   --->   "%trunc_ln88_5 = trunc i32 %time_read" [src/snn_top_hls.cpp:88->src/snn_top_hls.cpp:138->src/snn_top_hls.cpp:248]   --->   Operation 432 'trunc' 'trunc_ln88_5' <Predicate = (icmp_ln194 & !config_two_neuron_enable_val_read & config_encoding_type_val_read == 2 & !p_ZL22encoder_temporal_fired_0_load_1 & !icmp_ln137_1 & tmp_12) | (icmp_ln194 & !config_two_neuron_enable_val_read & config_encoding_type_val_read == 2 & latency_window_reset_1_read & !icmp_ln137_1 & tmp_12)> <Delay = 0.00>
ST_7 : Operation 433 [1/1] (0.00ns)   --->   "%or_ln92_1 = bitconcatenate i33 @_ssdm_op_BitConcatenate.i33.i1.i14.i8.i10, i1 1, i14 %trunc_ln88_5, i8 %config_default_weight_val_read, i10 %ch_2" [src/snn_top_hls.cpp:92->src/snn_top_hls.cpp:138->src/snn_top_hls.cpp:248]   --->   Operation 433 'bitconcatenate' 'or_ln92_1' <Predicate = (icmp_ln194 & !config_two_neuron_enable_val_read & config_encoding_type_val_read == 2 & !p_ZL22encoder_temporal_fired_0_load_1 & !icmp_ln137_1 & tmp_12) | (icmp_ln194 & !config_two_neuron_enable_val_read & config_encoding_type_val_read == 2 & latency_window_reset_1_read & !icmp_ln137_1 & tmp_12)> <Delay = 0.00>
ST_7 : Operation 434 [1/1] (0.00ns)   --->   "%sext_ln92_5 = sext i33 %or_ln92_1" [src/snn_top_hls.cpp:92->src/snn_top_hls.cpp:138->src/snn_top_hls.cpp:248]   --->   Operation 434 'sext' 'sext_ln92_5' <Predicate = (icmp_ln194 & !config_two_neuron_enable_val_read & config_encoding_type_val_read == 2 & !p_ZL22encoder_temporal_fired_0_load_1 & !icmp_ln137_1 & tmp_12) | (icmp_ln194 & !config_two_neuron_enable_val_read & config_encoding_type_val_read == 2 & latency_window_reset_1_read & !icmp_ln137_1 & tmp_12)> <Delay = 0.00>
ST_7 : Operation 435 [1/1] ( I:3.60ns O:3.60ns )   --->   "%write_ln92 = write void @_ssdm_op_Write.ap_fifo.volatile.i41P0A, i41 %encoder_spikes, i41 %sext_ln92_5" [src/snn_top_hls.cpp:92->src/snn_top_hls.cpp:138->src/snn_top_hls.cpp:248]   --->   Operation 435 'write' 'write_ln92' <Predicate = (icmp_ln194 & !config_two_neuron_enable_val_read & config_encoding_type_val_read == 2 & !p_ZL22encoder_temporal_fired_0_load_1 & !icmp_ln137_1 & tmp_12) | (icmp_ln194 & !config_two_neuron_enable_val_read & config_encoding_type_val_read == 2 & latency_window_reset_1_read & !icmp_ln137_1 & tmp_12)> <Delay = 3.60> <CoreInst = "FIFO">   --->   Core 77 'FIFO' <Latency = 0> <II = 1> <Delay = 3.60> <Storage> <Opcode : 'read' 'write' 'nbread' 'nbwrite'> <Ports = 0> <Width = 41> <Depth = 32> <FIFO>
ST_7 : Operation 436 [1/1] (0.00ns)   --->   "%br_ln94 = br void %_ZL24encoder_write_axis_spikei6ap_intILi8EE7ap_uintILi32EERN3hls6streamI19encoder_axis_word_tLi0EEERS2_.exit.i129" [src/snn_top_hls.cpp:94->src/snn_top_hls.cpp:138->src/snn_top_hls.cpp:248]   --->   Operation 436 'br' 'br_ln94' <Predicate = (icmp_ln194 & !config_two_neuron_enable_val_read & config_encoding_type_val_read == 2 & !p_ZL22encoder_temporal_fired_0_load_1 & !icmp_ln137_1 & tmp_12) | (icmp_ln194 & !config_two_neuron_enable_val_read & config_encoding_type_val_read == 2 & latency_window_reset_1_read & !icmp_ln137_1 & tmp_12)> <Delay = 0.00>
ST_7 : Operation 437 [1/1] (0.00ns)   --->   "%trunc_ln88_3 = trunc i32 %time_read" [src/snn_top_hls.cpp:88->src/snn_top_hls.cpp:111->src/snn_top_hls.cpp:245]   --->   Operation 437 'trunc' 'trunc_ln88_3' <Predicate = (icmp_ln194 & !config_two_neuron_enable_val_read & config_encoding_type_val_read == 1 & icmp_ln110_1 & tmp_9)> <Delay = 0.00>
ST_7 : Operation 438 [1/1] (0.00ns)   --->   "%or_ln92_5 = bitconcatenate i33 @_ssdm_op_BitConcatenate.i33.i1.i14.i8.i10, i1 1, i14 %trunc_ln88_3, i8 %config_default_weight_val_read, i10 %ch_2" [src/snn_top_hls.cpp:92->src/snn_top_hls.cpp:111->src/snn_top_hls.cpp:245]   --->   Operation 438 'bitconcatenate' 'or_ln92_5' <Predicate = (icmp_ln194 & !config_two_neuron_enable_val_read & config_encoding_type_val_read == 1 & icmp_ln110_1 & tmp_9)> <Delay = 0.00>
ST_7 : Operation 439 [1/1] (0.00ns)   --->   "%sext_ln92_3 = sext i33 %or_ln92_5" [src/snn_top_hls.cpp:92->src/snn_top_hls.cpp:111->src/snn_top_hls.cpp:245]   --->   Operation 439 'sext' 'sext_ln92_3' <Predicate = (icmp_ln194 & !config_two_neuron_enable_val_read & config_encoding_type_val_read == 1 & icmp_ln110_1 & tmp_9)> <Delay = 0.00>
ST_7 : Operation 440 [1/1] ( I:3.60ns O:3.60ns )   --->   "%write_ln92 = write void @_ssdm_op_Write.ap_fifo.volatile.i41P0A, i41 %encoder_spikes, i41 %sext_ln92_3" [src/snn_top_hls.cpp:92->src/snn_top_hls.cpp:111->src/snn_top_hls.cpp:245]   --->   Operation 440 'write' 'write_ln92' <Predicate = (icmp_ln194 & !config_two_neuron_enable_val_read & config_encoding_type_val_read == 1 & icmp_ln110_1 & tmp_9)> <Delay = 3.60> <CoreInst = "FIFO">   --->   Core 77 'FIFO' <Latency = 0> <II = 1> <Delay = 3.60> <Storage> <Opcode : 'read' 'write' 'nbread' 'nbwrite'> <Ports = 0> <Width = 41> <Depth = 32> <FIFO>
ST_7 : Operation 441 [1/1] (0.00ns)   --->   "%encoder_spike_counter_load_3 = load i32 %encoder_spike_counter" [src/snn_top_hls.cpp:93->src/snn_top_hls.cpp:111->src/snn_top_hls.cpp:245]   --->   Operation 441 'load' 'encoder_spike_counter_load_3' <Predicate = (icmp_ln194 & !config_two_neuron_enable_val_read & config_encoding_type_val_read == 1 & icmp_ln110_1 & tmp_9)> <Delay = 0.00>
ST_7 : Operation 442 [1/1] (2.55ns)   --->   "%add_ln93_3 = add i32 %encoder_spike_counter_load_3, i32 1" [src/snn_top_hls.cpp:93->src/snn_top_hls.cpp:111->src/snn_top_hls.cpp:245]   --->   Operation 442 'add' 'add_ln93_3' <Predicate = (icmp_ln194 & !config_two_neuron_enable_val_read & config_encoding_type_val_read == 1 & icmp_ln110_1 & tmp_9)> <Delay = 2.55> <CoreInst = "Adder">   --->   Core 1 'Adder' <Latency = 0> <II = 1> <Delay = 2.55> <FuncUnit> <Opcode : 'add' 'sub'> <InPorts = 2> <OutPorts = 1>
ST_7 : Operation 443 [1/1] (2.84ns)   --->   "%store_ln93 = store i32 %add_ln93_3, i32 %encoder_spike_counter" [src/snn_top_hls.cpp:93->src/snn_top_hls.cpp:111->src/snn_top_hls.cpp:245]   --->   Operation 443 'store' 'store_ln93' <Predicate = (icmp_ln194 & !config_two_neuron_enable_val_read & config_encoding_type_val_read == 1 & icmp_ln110_1 & tmp_9)> <Delay = 2.84>
ST_7 : Operation 444 [1/1] (0.00ns)   --->   "%br_ln94 = br void %_ZL24encoder_write_axis_spikei6ap_intILi8EE7ap_uintILi32EERN3hls6streamI19encoder_axis_word_tLi0EEERS2_.exit.i256" [src/snn_top_hls.cpp:94->src/snn_top_hls.cpp:111->src/snn_top_hls.cpp:245]   --->   Operation 444 'br' 'br_ln94' <Predicate = (icmp_ln194 & !config_two_neuron_enable_val_read & config_encoding_type_val_read == 1 & icmp_ln110_1 & tmp_9)> <Delay = 0.00>
ST_7 : Operation 445 [1/1] (0.00ns)   --->   "%trunc_ln88_2 = trunc i32 %time_read" [src/snn_top_hls.cpp:88->src/snn_top_hls.cpp:164->src/snn_top_hls.cpp:251]   --->   Operation 445 'trunc' 'trunc_ln88_2' <Predicate = (icmp_ln194 & !config_two_neuron_enable_val_read & config_encoding_type_val_read == 3 & !icmp_ln163_1 & tmp_8)> <Delay = 0.00>
ST_7 : Operation 446 [1/1] (0.00ns)   --->   "%or_ln92_s = bitconcatenate i33 @_ssdm_op_BitConcatenate.i33.i1.i14.i8.i10, i1 1, i14 %trunc_ln88_2, i8 %config_default_weight_val_read, i10 %ch_2" [src/snn_top_hls.cpp:92->src/snn_top_hls.cpp:164->src/snn_top_hls.cpp:251]   --->   Operation 446 'bitconcatenate' 'or_ln92_s' <Predicate = (icmp_ln194 & !config_two_neuron_enable_val_read & config_encoding_type_val_read == 3 & !icmp_ln163_1 & tmp_8)> <Delay = 0.00>
ST_7 : Operation 447 [1/1] (0.00ns)   --->   "%sext_ln92_2 = sext i33 %or_ln92_s" [src/snn_top_hls.cpp:92->src/snn_top_hls.cpp:164->src/snn_top_hls.cpp:251]   --->   Operation 447 'sext' 'sext_ln92_2' <Predicate = (icmp_ln194 & !config_two_neuron_enable_val_read & config_encoding_type_val_read == 3 & !icmp_ln163_1 & tmp_8)> <Delay = 0.00>
ST_7 : Operation 448 [1/1] ( I:3.60ns O:3.60ns )   --->   "%write_ln92 = write void @_ssdm_op_Write.ap_fifo.volatile.i41P0A, i41 %encoder_spikes, i41 %sext_ln92_2" [src/snn_top_hls.cpp:92->src/snn_top_hls.cpp:164->src/snn_top_hls.cpp:251]   --->   Operation 448 'write' 'write_ln92' <Predicate = (icmp_ln194 & !config_two_neuron_enable_val_read & config_encoding_type_val_read == 3 & !icmp_ln163_1 & tmp_8)> <Delay = 3.60> <CoreInst = "FIFO">   --->   Core 77 'FIFO' <Latency = 0> <II = 1> <Delay = 3.60> <Storage> <Opcode : 'read' 'write' 'nbread' 'nbwrite'> <Ports = 0> <Width = 41> <Depth = 32> <FIFO>
ST_7 : Operation 449 [1/1] (0.00ns)   --->   "%encoder_spike_counter_load_2 = load i32 %encoder_spike_counter" [src/snn_top_hls.cpp:93->src/snn_top_hls.cpp:164->src/snn_top_hls.cpp:251]   --->   Operation 449 'load' 'encoder_spike_counter_load_2' <Predicate = (icmp_ln194 & !config_two_neuron_enable_val_read & config_encoding_type_val_read == 3 & !icmp_ln163_1 & tmp_8)> <Delay = 0.00>
ST_7 : Operation 450 [1/1] (2.55ns)   --->   "%add_ln93_2 = add i32 %encoder_spike_counter_load_2, i32 1" [src/snn_top_hls.cpp:93->src/snn_top_hls.cpp:164->src/snn_top_hls.cpp:251]   --->   Operation 450 'add' 'add_ln93_2' <Predicate = (icmp_ln194 & !config_two_neuron_enable_val_read & config_encoding_type_val_read == 3 & !icmp_ln163_1 & tmp_8)> <Delay = 2.55> <CoreInst = "Adder">   --->   Core 1 'Adder' <Latency = 0> <II = 1> <Delay = 2.55> <FuncUnit> <Opcode : 'add' 'sub'> <InPorts = 2> <OutPorts = 1>
ST_7 : Operation 451 [1/1] (2.84ns)   --->   "%store_ln93 = store i32 %add_ln93_2, i32 %encoder_spike_counter" [src/snn_top_hls.cpp:93->src/snn_top_hls.cpp:164->src/snn_top_hls.cpp:251]   --->   Operation 451 'store' 'store_ln93' <Predicate = (icmp_ln194 & !config_two_neuron_enable_val_read & config_encoding_type_val_read == 3 & !icmp_ln163_1 & tmp_8)> <Delay = 2.84>
ST_7 : Operation 452 [1/1] (0.00ns)   --->   "%br_ln94 = br void %_ZL24encoder_write_axis_spikei6ap_intILi8EE7ap_uintILi32EERN3hls6streamI19encoder_axis_word_tLi0EEERS2_.exit.i" [src/snn_top_hls.cpp:94->src/snn_top_hls.cpp:164->src/snn_top_hls.cpp:251]   --->   Operation 452 'br' 'br_ln94' <Predicate = (icmp_ln194 & !config_two_neuron_enable_val_read & config_encoding_type_val_read == 3 & !icmp_ln163_1 & tmp_8)> <Delay = 0.00>
ST_7 : Operation 453 [1/1] (2.07ns)   --->   "%sub_ln165_1 = sub i16 %select_ln158_1, i16 %config_delta_threshold_val_read" [src/snn_top_hls.cpp:165->src/snn_top_hls.cpp:251]   --->   Operation 453 'sub' 'sub_ln165_1' <Predicate = (icmp_ln194 & !config_two_neuron_enable_val_read & config_encoding_type_val_read == 3 & !icmp_ln163_1)> <Delay = 2.07> <CoreInst = "Adder">   --->   Core 1 'Adder' <Latency = 0> <II = 1> <Delay = 2.07> <FuncUnit> <Opcode : 'add' 'sub'> <InPorts = 2> <OutPorts = 1>
ST_7 : Operation 454 [1/1] ( I:3.25ns O:3.25ns )   --->   "%store_ln165 = store i16 %sub_ln165_1, i9 %p_ZL17encoder_phase_acc_0_addr_1" [src/snn_top_hls.cpp:165->src/snn_top_hls.cpp:251]   --->   Operation 454 'store' 'store_ln165' <Predicate = (icmp_ln194 & !config_two_neuron_enable_val_read & config_encoding_type_val_read == 3 & !icmp_ln163_1)> <Delay = 3.25> <CoreInst = "RAM_2P_BRAM">   --->   Core 90 'RAM_2P_BRAM' <Latency = 1> <II = 1> <Delay = 3.25> <Storage> <Opcode : 'load' 'store'> <Ports = 2> <Width = 16> <Depth = 392> <RAM>
ST_7 : Operation 455 [1/1] (0.00ns)   --->   "%br_ln166 = br void %_ZL19encoder_delta_sigmai7ap_uintILi8EES_ILi32EERK16encoder_config_tRN3hls6streamI19encoder_axis_word_tLi0EEERS1_.exit" [src/snn_top_hls.cpp:166->src/snn_top_hls.cpp:251]   --->   Operation 455 'br' 'br_ln166' <Predicate = (icmp_ln194 & !config_two_neuron_enable_val_read & config_encoding_type_val_read == 3 & !icmp_ln163_1)> <Delay = 0.00>
ST_7 : Operation 456 [1/1] ( I:0.00ns O:0.00ns )   --->   "%tmp_15 = nbwritereq i1 @_ssdm_op_NbWriteReq.ap_fifo.i41P0A, i41 %encoder_spikes, i32 1" [src/snn_top_hls.cpp:82->src/snn_top_hls.cpp:138->src/snn_top_hls.cpp:230]   --->   Operation 456 'nbwritereq' 'tmp_15' <Predicate = (icmp_ln194 & config_two_neuron_enable_val_read & config_encoding_type_val_read == 2 & !p_ZL22encoder_temporal_fired_1_load & !icmp_ln137_2) | (icmp_ln194 & config_two_neuron_enable_val_read & config_encoding_type_val_read == 2 & latency_window_reset_1_read & !icmp_ln137_2)> <Delay = 0.00> <CoreInst = "FIFO">   --->   Core 77 'FIFO' <Latency = 0> <II = 1> <Delay = 3.60> <Storage> <Opcode : 'read' 'write' 'nbread' 'nbwrite'> <Ports = 0> <Width = 41> <Depth = 32> <FIFO>
ST_7 : Operation 457 [1/1] (0.00ns)   --->   "%br_ln82 = br i1 %tmp_15, void %_ZL24encoder_write_axis_spikei6ap_intILi8EE7ap_uintILi32EERN3hls6streamI19encoder_axis_word_tLi0EEERS2_.exit.i602, void %if.end.i.i599" [src/snn_top_hls.cpp:82->src/snn_top_hls.cpp:138->src/snn_top_hls.cpp:230]   --->   Operation 457 'br' 'br_ln82' <Predicate = (icmp_ln194 & config_two_neuron_enable_val_read & config_encoding_type_val_read == 2 & !p_ZL22encoder_temporal_fired_1_load & !icmp_ln137_2) | (icmp_ln194 & config_two_neuron_enable_val_read & config_encoding_type_val_read == 2 & latency_window_reset_1_read & !icmp_ln137_2)> <Delay = 0.00>
ST_7 : Operation 458 [1/1] (0.00ns)   --->   "%trunc_ln88_8 = trunc i32 %time_read" [src/snn_top_hls.cpp:88->src/snn_top_hls.cpp:138->src/snn_top_hls.cpp:230]   --->   Operation 458 'trunc' 'trunc_ln88_8' <Predicate = (icmp_ln194 & config_two_neuron_enable_val_read & config_encoding_type_val_read == 2 & !p_ZL22encoder_temporal_fired_1_load & !icmp_ln137_2 & tmp_15) | (icmp_ln194 & config_two_neuron_enable_val_read & config_encoding_type_val_read == 2 & latency_window_reset_1_read & !icmp_ln137_2 & tmp_15)> <Delay = 0.00>
ST_7 : Operation 459 [1/1] (0.00ns)   --->   "%or_ln92_6 = bitconcatenate i33 @_ssdm_op_BitConcatenate.i33.i1.i14.i8.i9.i1, i1 1, i14 %trunc_ln88_8, i8 %config_default_weight_val_read, i9 %trunc_ln203, i1 1" [src/snn_top_hls.cpp:92->src/snn_top_hls.cpp:138->src/snn_top_hls.cpp:230]   --->   Operation 459 'bitconcatenate' 'or_ln92_6' <Predicate = (icmp_ln194 & config_two_neuron_enable_val_read & config_encoding_type_val_read == 2 & !p_ZL22encoder_temporal_fired_1_load & !icmp_ln137_2 & tmp_15) | (icmp_ln194 & config_two_neuron_enable_val_read & config_encoding_type_val_read == 2 & latency_window_reset_1_read & !icmp_ln137_2 & tmp_15)> <Delay = 0.00>
ST_7 : Operation 460 [1/1] (0.00ns)   --->   "%sext_ln92_8 = sext i33 %or_ln92_6" [src/snn_top_hls.cpp:92->src/snn_top_hls.cpp:138->src/snn_top_hls.cpp:230]   --->   Operation 460 'sext' 'sext_ln92_8' <Predicate = (icmp_ln194 & config_two_neuron_enable_val_read & config_encoding_type_val_read == 2 & !p_ZL22encoder_temporal_fired_1_load & !icmp_ln137_2 & tmp_15) | (icmp_ln194 & config_two_neuron_enable_val_read & config_encoding_type_val_read == 2 & latency_window_reset_1_read & !icmp_ln137_2 & tmp_15)> <Delay = 0.00>
ST_7 : Operation 461 [1/1] ( I:3.60ns O:3.60ns )   --->   "%write_ln92 = write void @_ssdm_op_Write.ap_fifo.volatile.i41P0A, i41 %encoder_spikes, i41 %sext_ln92_8" [src/snn_top_hls.cpp:92->src/snn_top_hls.cpp:138->src/snn_top_hls.cpp:230]   --->   Operation 461 'write' 'write_ln92' <Predicate = (icmp_ln194 & config_two_neuron_enable_val_read & config_encoding_type_val_read == 2 & !p_ZL22encoder_temporal_fired_1_load & !icmp_ln137_2 & tmp_15) | (icmp_ln194 & config_two_neuron_enable_val_read & config_encoding_type_val_read == 2 & latency_window_reset_1_read & !icmp_ln137_2 & tmp_15)> <Delay = 3.60> <CoreInst = "FIFO">   --->   Core 77 'FIFO' <Latency = 0> <II = 1> <Delay = 3.60> <Storage> <Opcode : 'read' 'write' 'nbread' 'nbwrite'> <Ports = 0> <Width = 41> <Depth = 32> <FIFO>
ST_7 : Operation 462 [1/1] (0.00ns)   --->   "%encoder_spike_counter_load_8 = load i32 %encoder_spike_counter" [src/snn_top_hls.cpp:93->src/snn_top_hls.cpp:138->src/snn_top_hls.cpp:230]   --->   Operation 462 'load' 'encoder_spike_counter_load_8' <Predicate = (icmp_ln194 & config_two_neuron_enable_val_read & config_encoding_type_val_read == 2 & !p_ZL22encoder_temporal_fired_1_load & !icmp_ln137_2 & tmp_15) | (icmp_ln194 & config_two_neuron_enable_val_read & config_encoding_type_val_read == 2 & latency_window_reset_1_read & !icmp_ln137_2 & tmp_15)> <Delay = 0.00>
ST_7 : Operation 463 [1/1] (2.55ns)   --->   "%add_ln93_8 = add i32 %encoder_spike_counter_load_8, i32 1" [src/snn_top_hls.cpp:93->src/snn_top_hls.cpp:138->src/snn_top_hls.cpp:230]   --->   Operation 463 'add' 'add_ln93_8' <Predicate = (icmp_ln194 & config_two_neuron_enable_val_read & config_encoding_type_val_read == 2 & !p_ZL22encoder_temporal_fired_1_load & !icmp_ln137_2 & tmp_15) | (icmp_ln194 & config_two_neuron_enable_val_read & config_encoding_type_val_read == 2 & latency_window_reset_1_read & !icmp_ln137_2 & tmp_15)> <Delay = 2.55> <CoreInst = "Adder">   --->   Core 1 'Adder' <Latency = 0> <II = 1> <Delay = 2.55> <FuncUnit> <Opcode : 'add' 'sub'> <InPorts = 2> <OutPorts = 1>
ST_7 : Operation 464 [1/1] (2.84ns)   --->   "%store_ln93 = store i32 %add_ln93_8, i32 %encoder_spike_counter" [src/snn_top_hls.cpp:93->src/snn_top_hls.cpp:138->src/snn_top_hls.cpp:230]   --->   Operation 464 'store' 'store_ln93' <Predicate = (icmp_ln194 & config_two_neuron_enable_val_read & config_encoding_type_val_read == 2 & !p_ZL22encoder_temporal_fired_1_load & !icmp_ln137_2 & tmp_15) | (icmp_ln194 & config_two_neuron_enable_val_read & config_encoding_type_val_read == 2 & latency_window_reset_1_read & !icmp_ln137_2 & tmp_15)> <Delay = 2.84>
ST_7 : Operation 465 [1/1] (0.00ns)   --->   "%br_ln94 = br void %_ZL24encoder_write_axis_spikei6ap_intILi8EE7ap_uintILi32EERN3hls6streamI19encoder_axis_word_tLi0EEERS2_.exit.i602" [src/snn_top_hls.cpp:94->src/snn_top_hls.cpp:138->src/snn_top_hls.cpp:230]   --->   Operation 465 'br' 'br_ln94' <Predicate = (icmp_ln194 & config_two_neuron_enable_val_read & config_encoding_type_val_read == 2 & !p_ZL22encoder_temporal_fired_1_load & !icmp_ln137_2 & tmp_15) | (icmp_ln194 & config_two_neuron_enable_val_read & config_encoding_type_val_read == 2 & latency_window_reset_1_read & !icmp_ln137_2 & tmp_15)> <Delay = 0.00>
ST_7 : Operation 466 [1/1] ( I:0.00ns O:0.00ns )   --->   "%tmp_14 = nbwritereq i1 @_ssdm_op_NbWriteReq.ap_fifo.i41P0A, i41 %encoder_spikes, i32 1" [src/snn_top_hls.cpp:82->src/snn_top_hls.cpp:111->src/snn_top_hls.cpp:227]   --->   Operation 466 'nbwritereq' 'tmp_14' <Predicate = (icmp_ln194 & config_two_neuron_enable_val_read & config_encoding_type_val_read == 1 & icmp_ln110_2)> <Delay = 0.00> <CoreInst = "FIFO">   --->   Core 77 'FIFO' <Latency = 0> <II = 1> <Delay = 3.60> <Storage> <Opcode : 'read' 'write' 'nbread' 'nbwrite'> <Ports = 0> <Width = 41> <Depth = 32> <FIFO>
ST_7 : Operation 467 [1/1] (0.00ns)   --->   "%br_ln82 = br i1 %tmp_14, void %_ZL24encoder_write_axis_spikei6ap_intILi8EE7ap_uintILi32EERN3hls6streamI19encoder_axis_word_tLi0EEERS2_.exit.i878, void %if.end.i.i877" [src/snn_top_hls.cpp:82->src/snn_top_hls.cpp:111->src/snn_top_hls.cpp:227]   --->   Operation 467 'br' 'br_ln82' <Predicate = (icmp_ln194 & config_two_neuron_enable_val_read & config_encoding_type_val_read == 1 & icmp_ln110_2)> <Delay = 0.00>
ST_7 : Operation 468 [1/1] (0.00ns)   --->   "%trunc_ln88_7 = trunc i32 %time_read" [src/snn_top_hls.cpp:88->src/snn_top_hls.cpp:111->src/snn_top_hls.cpp:227]   --->   Operation 468 'trunc' 'trunc_ln88_7' <Predicate = (icmp_ln194 & config_two_neuron_enable_val_read & config_encoding_type_val_read == 1 & icmp_ln110_2 & tmp_14)> <Delay = 0.00>
ST_7 : Operation 469 [1/1] (0.00ns)   --->   "%or_ln92_4 = bitconcatenate i33 @_ssdm_op_BitConcatenate.i33.i1.i14.i8.i9.i1, i1 1, i14 %trunc_ln88_7, i8 %config_default_weight_val_read, i9 %trunc_ln203, i1 1" [src/snn_top_hls.cpp:92->src/snn_top_hls.cpp:111->src/snn_top_hls.cpp:227]   --->   Operation 469 'bitconcatenate' 'or_ln92_4' <Predicate = (icmp_ln194 & config_two_neuron_enable_val_read & config_encoding_type_val_read == 1 & icmp_ln110_2 & tmp_14)> <Delay = 0.00>
ST_7 : Operation 470 [1/1] (0.00ns)   --->   "%sext_ln92_7 = sext i33 %or_ln92_4" [src/snn_top_hls.cpp:92->src/snn_top_hls.cpp:111->src/snn_top_hls.cpp:227]   --->   Operation 470 'sext' 'sext_ln92_7' <Predicate = (icmp_ln194 & config_two_neuron_enable_val_read & config_encoding_type_val_read == 1 & icmp_ln110_2 & tmp_14)> <Delay = 0.00>
ST_7 : Operation 471 [1/1] ( I:3.60ns O:3.60ns )   --->   "%write_ln92 = write void @_ssdm_op_Write.ap_fifo.volatile.i41P0A, i41 %encoder_spikes, i41 %sext_ln92_7" [src/snn_top_hls.cpp:92->src/snn_top_hls.cpp:111->src/snn_top_hls.cpp:227]   --->   Operation 471 'write' 'write_ln92' <Predicate = (icmp_ln194 & config_two_neuron_enable_val_read & config_encoding_type_val_read == 1 & icmp_ln110_2 & tmp_14)> <Delay = 3.60> <CoreInst = "FIFO">   --->   Core 77 'FIFO' <Latency = 0> <II = 1> <Delay = 3.60> <Storage> <Opcode : 'read' 'write' 'nbread' 'nbwrite'> <Ports = 0> <Width = 41> <Depth = 32> <FIFO>
ST_7 : Operation 472 [1/1] (0.00ns)   --->   "%encoder_spike_counter_load_7 = load i32 %encoder_spike_counter" [src/snn_top_hls.cpp:93->src/snn_top_hls.cpp:111->src/snn_top_hls.cpp:227]   --->   Operation 472 'load' 'encoder_spike_counter_load_7' <Predicate = (icmp_ln194 & config_two_neuron_enable_val_read & config_encoding_type_val_read == 1 & icmp_ln110_2 & tmp_14)> <Delay = 0.00>
ST_7 : Operation 473 [1/1] (2.55ns)   --->   "%add_ln93_7 = add i32 %encoder_spike_counter_load_7, i32 1" [src/snn_top_hls.cpp:93->src/snn_top_hls.cpp:111->src/snn_top_hls.cpp:227]   --->   Operation 473 'add' 'add_ln93_7' <Predicate = (icmp_ln194 & config_two_neuron_enable_val_read & config_encoding_type_val_read == 1 & icmp_ln110_2 & tmp_14)> <Delay = 2.55> <CoreInst = "Adder">   --->   Core 1 'Adder' <Latency = 0> <II = 1> <Delay = 2.55> <FuncUnit> <Opcode : 'add' 'sub'> <InPorts = 2> <OutPorts = 1>
ST_7 : Operation 474 [1/1] (2.84ns)   --->   "%store_ln93 = store i32 %add_ln93_7, i32 %encoder_spike_counter" [src/snn_top_hls.cpp:93->src/snn_top_hls.cpp:111->src/snn_top_hls.cpp:227]   --->   Operation 474 'store' 'store_ln93' <Predicate = (icmp_ln194 & config_two_neuron_enable_val_read & config_encoding_type_val_read == 1 & icmp_ln110_2 & tmp_14)> <Delay = 2.84>
ST_7 : Operation 475 [1/1] (0.00ns)   --->   "%br_ln94 = br void %_ZL24encoder_write_axis_spikei6ap_intILi8EE7ap_uintILi32EERN3hls6streamI19encoder_axis_word_tLi0EEERS2_.exit.i878" [src/snn_top_hls.cpp:94->src/snn_top_hls.cpp:111->src/snn_top_hls.cpp:227]   --->   Operation 475 'br' 'br_ln94' <Predicate = (icmp_ln194 & config_two_neuron_enable_val_read & config_encoding_type_val_read == 1 & icmp_ln110_2 & tmp_14)> <Delay = 0.00>
ST_7 : Operation 476 [1/1] (2.07ns)   --->   "%sub_ln165 = sub i16 %select_ln158, i16 %config_delta_threshold_val_read" [src/snn_top_hls.cpp:165->src/snn_top_hls.cpp:216]   --->   Operation 476 'sub' 'sub_ln165' <Predicate = (icmp_ln194 & config_two_neuron_enable_val_read & config_encoding_type_val_read == 3 & !icmp_ln163)> <Delay = 2.07> <CoreInst = "Adder">   --->   Core 1 'Adder' <Latency = 0> <II = 1> <Delay = 2.07> <FuncUnit> <Opcode : 'add' 'sub'> <InPorts = 2> <OutPorts = 1>
ST_7 : Operation 477 [1/1] ( I:3.25ns O:3.25ns )   --->   "%store_ln165 = store i16 %sub_ln165, i9 %p_ZL17encoder_phase_acc_0_addr" [src/snn_top_hls.cpp:165->src/snn_top_hls.cpp:216]   --->   Operation 477 'store' 'store_ln165' <Predicate = (icmp_ln194 & config_two_neuron_enable_val_read & config_encoding_type_val_read == 3 & !icmp_ln163)> <Delay = 3.25> <CoreInst = "RAM_2P_BRAM">   --->   Core 90 'RAM_2P_BRAM' <Latency = 1> <II = 1> <Delay = 3.25> <Storage> <Opcode : 'load' 'store'> <Ports = 2> <Width = 16> <Depth = 392> <RAM>
ST_7 : Operation 478 [1/1] (0.00ns)   --->   "%br_ln166 = br void %sw.bb37" [src/snn_top_hls.cpp:166->src/snn_top_hls.cpp:216]   --->   Operation 478 'br' 'br_ln166' <Predicate = (icmp_ln194 & config_two_neuron_enable_val_read & config_encoding_type_val_read == 3 & !icmp_ln163)> <Delay = 0.00>
ST_7 : Operation 479 [1/1] ( I:0.00ns O:0.00ns )   --->   "%tmp_13 = nbwritereq i1 @_ssdm_op_NbWriteReq.ap_fifo.i41P0A, i41 %encoder_spikes, i32 1" [src/snn_top_hls.cpp:82->src/snn_top_hls.cpp:164->src/snn_top_hls.cpp:233]   --->   Operation 479 'nbwritereq' 'tmp_13' <Predicate = (icmp_ln194 & config_two_neuron_enable_val_read & config_encoding_type_val_read == 3 & !icmp_ln163_2)> <Delay = 0.00> <CoreInst = "FIFO">   --->   Core 77 'FIFO' <Latency = 0> <II = 1> <Delay = 3.60> <Storage> <Opcode : 'read' 'write' 'nbread' 'nbwrite'> <Ports = 0> <Width = 41> <Depth = 32> <FIFO>
ST_7 : Operation 480 [1/1] (0.00ns)   --->   "%br_ln82 = br i1 %tmp_13, void %_ZL24encoder_write_axis_spikei6ap_intILi8EE7ap_uintILi32EERN3hls6streamI19encoder_axis_word_tLi0EEERS2_.exit.i394, void %if.end.i.i389" [src/snn_top_hls.cpp:82->src/snn_top_hls.cpp:164->src/snn_top_hls.cpp:233]   --->   Operation 480 'br' 'br_ln82' <Predicate = (icmp_ln194 & config_two_neuron_enable_val_read & config_encoding_type_val_read == 3 & !icmp_ln163_2)> <Delay = 0.00>
ST_7 : Operation 481 [1/1] (0.00ns)   --->   "%trunc_ln88_6 = trunc i32 %time_read" [src/snn_top_hls.cpp:88->src/snn_top_hls.cpp:164->src/snn_top_hls.cpp:233]   --->   Operation 481 'trunc' 'trunc_ln88_6' <Predicate = (icmp_ln194 & config_two_neuron_enable_val_read & config_encoding_type_val_read == 3 & !icmp_ln163_2 & tmp_13)> <Delay = 0.00>
ST_7 : Operation 482 [1/1] (0.00ns)   --->   "%or_ln92_2 = bitconcatenate i33 @_ssdm_op_BitConcatenate.i33.i1.i14.i8.i9.i1, i1 1, i14 %trunc_ln88_6, i8 %config_default_weight_val_read, i9 %trunc_ln203, i1 1" [src/snn_top_hls.cpp:92->src/snn_top_hls.cpp:164->src/snn_top_hls.cpp:233]   --->   Operation 482 'bitconcatenate' 'or_ln92_2' <Predicate = (icmp_ln194 & config_two_neuron_enable_val_read & config_encoding_type_val_read == 3 & !icmp_ln163_2 & tmp_13)> <Delay = 0.00>
ST_7 : Operation 483 [1/1] (0.00ns)   --->   "%sext_ln92_6 = sext i33 %or_ln92_2" [src/snn_top_hls.cpp:92->src/snn_top_hls.cpp:164->src/snn_top_hls.cpp:233]   --->   Operation 483 'sext' 'sext_ln92_6' <Predicate = (icmp_ln194 & config_two_neuron_enable_val_read & config_encoding_type_val_read == 3 & !icmp_ln163_2 & tmp_13)> <Delay = 0.00>
ST_7 : Operation 484 [1/1] ( I:3.60ns O:3.60ns )   --->   "%write_ln92 = write void @_ssdm_op_Write.ap_fifo.volatile.i41P0A, i41 %encoder_spikes, i41 %sext_ln92_6" [src/snn_top_hls.cpp:92->src/snn_top_hls.cpp:164->src/snn_top_hls.cpp:233]   --->   Operation 484 'write' 'write_ln92' <Predicate = (icmp_ln194 & config_two_neuron_enable_val_read & config_encoding_type_val_read == 3 & !icmp_ln163_2 & tmp_13)> <Delay = 3.60> <CoreInst = "FIFO">   --->   Core 77 'FIFO' <Latency = 0> <II = 1> <Delay = 3.60> <Storage> <Opcode : 'read' 'write' 'nbread' 'nbwrite'> <Ports = 0> <Width = 41> <Depth = 32> <FIFO>
ST_7 : Operation 485 [1/1] (0.00ns)   --->   "%encoder_spike_counter_load_6 = load i32 %encoder_spike_counter" [src/snn_top_hls.cpp:93->src/snn_top_hls.cpp:164->src/snn_top_hls.cpp:233]   --->   Operation 485 'load' 'encoder_spike_counter_load_6' <Predicate = (icmp_ln194 & config_two_neuron_enable_val_read & config_encoding_type_val_read == 3 & !icmp_ln163_2 & tmp_13)> <Delay = 0.00>
ST_7 : Operation 486 [1/1] (2.55ns)   --->   "%add_ln93_6 = add i32 %encoder_spike_counter_load_6, i32 1" [src/snn_top_hls.cpp:93->src/snn_top_hls.cpp:164->src/snn_top_hls.cpp:233]   --->   Operation 486 'add' 'add_ln93_6' <Predicate = (icmp_ln194 & config_two_neuron_enable_val_read & config_encoding_type_val_read == 3 & !icmp_ln163_2 & tmp_13)> <Delay = 2.55> <CoreInst = "Adder">   --->   Core 1 'Adder' <Latency = 0> <II = 1> <Delay = 2.55> <FuncUnit> <Opcode : 'add' 'sub'> <InPorts = 2> <OutPorts = 1>
ST_7 : Operation 487 [1/1] (2.84ns)   --->   "%store_ln93 = store i32 %add_ln93_6, i32 %encoder_spike_counter" [src/snn_top_hls.cpp:93->src/snn_top_hls.cpp:164->src/snn_top_hls.cpp:233]   --->   Operation 487 'store' 'store_ln93' <Predicate = (icmp_ln194 & config_two_neuron_enable_val_read & config_encoding_type_val_read == 3 & !icmp_ln163_2 & tmp_13)> <Delay = 2.84>
ST_7 : Operation 488 [1/1] (0.00ns)   --->   "%br_ln94 = br void %_ZL24encoder_write_axis_spikei6ap_intILi8EE7ap_uintILi32EERN3hls6streamI19encoder_axis_word_tLi0EEERS2_.exit.i394" [src/snn_top_hls.cpp:94->src/snn_top_hls.cpp:164->src/snn_top_hls.cpp:233]   --->   Operation 488 'br' 'br_ln94' <Predicate = (icmp_ln194 & config_two_neuron_enable_val_read & config_encoding_type_val_read == 3 & !icmp_ln163_2 & tmp_13)> <Delay = 0.00>
ST_7 : Operation 489 [1/1] (2.07ns)   --->   "%sub_ln165_2 = sub i16 %select_ln158_2, i16 %config_delta_threshold_val_read" [src/snn_top_hls.cpp:165->src/snn_top_hls.cpp:233]   --->   Operation 489 'sub' 'sub_ln165_2' <Predicate = (icmp_ln194 & config_two_neuron_enable_val_read & config_encoding_type_val_read == 3 & !icmp_ln163_2)> <Delay = 2.07> <CoreInst = "Adder">   --->   Core 1 'Adder' <Latency = 0> <II = 1> <Delay = 2.07> <FuncUnit> <Opcode : 'add' 'sub'> <InPorts = 2> <OutPorts = 1>
ST_7 : Operation 490 [1/1] ( I:3.25ns O:3.25ns )   --->   "%store_ln165 = store i16 %sub_ln165_2, i9 %p_ZL17encoder_phase_acc_1_addr" [src/snn_top_hls.cpp:165->src/snn_top_hls.cpp:233]   --->   Operation 490 'store' 'store_ln165' <Predicate = (icmp_ln194 & config_two_neuron_enable_val_read & config_encoding_type_val_read == 3 & !icmp_ln163_2)> <Delay = 3.25> <CoreInst = "RAM_2P_BRAM">   --->   Core 90 'RAM_2P_BRAM' <Latency = 1> <II = 1> <Delay = 3.25> <Storage> <Opcode : 'load' 'store'> <Ports = 2> <Width = 16> <Depth = 392> <RAM>
ST_7 : Operation 491 [1/1] (0.00ns)   --->   "%br_ln166 = br void %_ZL19encoder_delta_sigmai7ap_uintILi8EES_ILi32EERK16encoder_config_tRN3hls6streamI19encoder_axis_word_tLi0EEERS1_.exit395" [src/snn_top_hls.cpp:166->src/snn_top_hls.cpp:233]   --->   Operation 491 'br' 'br_ln166' <Predicate = (icmp_ln194 & config_two_neuron_enable_val_read & config_encoding_type_val_read == 3 & !icmp_ln163_2)> <Delay = 0.00>
ST_7 : Operation 492 [1/1] (0.00ns)   --->   "%lfsr_load_3 = load i16 %lfsr" [src/snn_top_hls.cpp:41->src/snn_top_hls.cpp:109->src/snn_top_hls.cpp:245]   --->   Operation 492 'load' 'lfsr_load_3' <Predicate = (!config_two_neuron_enable_val_read & config_encoding_type_val_read == 1 & icmp_ln194_1)> <Delay = 0.00>
ST_7 : Operation 493 [1/1] (0.00ns) (grouped into LUT with out node xor_ln42_4)   --->   "%trunc_ln41_3 = trunc i16 %lfsr_load_3" [src/snn_top_hls.cpp:41->src/snn_top_hls.cpp:109->src/snn_top_hls.cpp:245]   --->   Operation 493 'trunc' 'trunc_ln41_3' <Predicate = (!config_two_neuron_enable_val_read & config_encoding_type_val_read == 1 & icmp_ln194_1)> <Delay = 0.00>
ST_7 : Operation 494 [1/1] (0.00ns) (grouped into LUT with out node xor_ln42_4)   --->   "%tmp_47 = bitselect i1 @_ssdm_op_BitSelect.i1.i16.i32, i16 %lfsr_load_3, i32 3" [src/snn_top_hls.cpp:41->src/snn_top_hls.cpp:109->src/snn_top_hls.cpp:245]   --->   Operation 494 'bitselect' 'tmp_47' <Predicate = (!config_two_neuron_enable_val_read & config_encoding_type_val_read == 1 & icmp_ln194_1)> <Delay = 0.00>
ST_7 : Operation 495 [1/1] (0.00ns) (grouped into LUT with out node xor_ln42_4)   --->   "%tmp_48 = bitselect i1 @_ssdm_op_BitSelect.i1.i16.i32, i16 %lfsr_load_3, i32 5" [src/snn_top_hls.cpp:41->src/snn_top_hls.cpp:109->src/snn_top_hls.cpp:245]   --->   Operation 495 'bitselect' 'tmp_48' <Predicate = (!config_two_neuron_enable_val_read & config_encoding_type_val_read == 1 & icmp_ln194_1)> <Delay = 0.00>
ST_7 : Operation 496 [1/1] (0.00ns) (grouped into LUT with out node xor_ln42_4)   --->   "%tmp_49 = bitselect i1 @_ssdm_op_BitSelect.i1.i16.i32, i16 %lfsr_load_3, i32 2" [src/snn_top_hls.cpp:41->src/snn_top_hls.cpp:109->src/snn_top_hls.cpp:245]   --->   Operation 496 'bitselect' 'tmp_49' <Predicate = (!config_two_neuron_enable_val_read & config_encoding_type_val_read == 1 & icmp_ln194_1)> <Delay = 0.00>
ST_7 : Operation 497 [1/1] (0.00ns)   --->   "%lshr_ln42_4 = partselect i15 @_ssdm_op_PartSelect.i15.i16.i32.i32, i16 %lfsr_load_3, i32 1, i32 15" [src/snn_top_hls.cpp:42->src/snn_top_hls.cpp:109->src/snn_top_hls.cpp:245]   --->   Operation 497 'partselect' 'lshr_ln42_4' <Predicate = (!config_two_neuron_enable_val_read & config_encoding_type_val_read == 1 & icmp_ln194_1)> <Delay = 0.00>
ST_7 : Operation 498 [1/1] (0.00ns) (grouped into LUT with out node xor_ln42_4)   --->   "%xor_ln42_14 = xor i1 %tmp_47, i1 %trunc_ln41_3" [src/snn_top_hls.cpp:42->src/snn_top_hls.cpp:109->src/snn_top_hls.cpp:245]   --->   Operation 498 'xor' 'xor_ln42_14' <Predicate = (!config_two_neuron_enable_val_read & config_encoding_type_val_read == 1 & icmp_ln194_1)> <Delay = 0.00> <CoreInst = "LogicGate">   --->   Core 74 'LogicGate' <Latency = 0> <II = 1> <Delay = 0.97> <FuncUnit> <Opcode : 'and' 'or' 'xor'> <InPorts = 2> <OutPorts = 1>
ST_7 : Operation 499 [1/1] (0.00ns) (grouped into LUT with out node xor_ln42_4)   --->   "%xor_ln42_15 = xor i1 %tmp_48, i1 %tmp_49" [src/snn_top_hls.cpp:42->src/snn_top_hls.cpp:109->src/snn_top_hls.cpp:245]   --->   Operation 499 'xor' 'xor_ln42_15' <Predicate = (!config_two_neuron_enable_val_read & config_encoding_type_val_read == 1 & icmp_ln194_1)> <Delay = 0.00> <CoreInst = "LogicGate">   --->   Core 74 'LogicGate' <Latency = 0> <II = 1> <Delay = 0.97> <FuncUnit> <Opcode : 'and' 'or' 'xor'> <InPorts = 2> <OutPorts = 1>
ST_7 : Operation 500 [1/1] (0.97ns) (out node of the LUT)   --->   "%xor_ln42_4 = xor i1 %xor_ln42_15, i1 %xor_ln42_14" [src/snn_top_hls.cpp:42->src/snn_top_hls.cpp:109->src/snn_top_hls.cpp:245]   --->   Operation 500 'xor' 'xor_ln42_4' <Predicate = (!config_two_neuron_enable_val_read & config_encoding_type_val_read == 1 & icmp_ln194_1)> <Delay = 0.97> <CoreInst = "LogicGate">   --->   Core 74 'LogicGate' <Latency = 0> <II = 1> <Delay = 0.97> <FuncUnit> <Opcode : 'and' 'or' 'xor'> <InPorts = 2> <OutPorts = 1>
ST_7 : Operation 501 [1/1] (0.00ns)   --->   "%random_4 = bitconcatenate i16 @_ssdm_op_BitConcatenate.i16.i1.i15, i1 %xor_ln42_4, i15 %lshr_ln42_4" [src/snn_top_hls.cpp:42->src/snn_top_hls.cpp:109->src/snn_top_hls.cpp:245]   --->   Operation 501 'bitconcatenate' 'random_4' <Predicate = (!config_two_neuron_enable_val_read & config_encoding_type_val_read == 1 & icmp_ln194_1)> <Delay = 0.00>
ST_7 : Operation 502 [1/1] (1.82ns)   --->   "%store_ln42 = store i16 %random_4, i16 %lfsr" [src/snn_top_hls.cpp:42->src/snn_top_hls.cpp:109->src/snn_top_hls.cpp:245]   --->   Operation 502 'store' 'store_ln42' <Predicate = (!config_two_neuron_enable_val_read & config_encoding_type_val_read == 1 & icmp_ln194_1)> <Delay = 1.82>
ST_7 : Operation 503 [1/1] (2.07ns)   --->   "%icmp_ln110_4 = icmp_ult  i16 %random_4, i16 %spike_prob_4" [src/snn_top_hls.cpp:110->src/snn_top_hls.cpp:245]   --->   Operation 503 'icmp' 'icmp_ln110_4' <Predicate = (!config_two_neuron_enable_val_read & config_encoding_type_val_read == 1 & icmp_ln194_1)> <Delay = 2.07> <CoreInst = "Cmp">   --->   Core 9 'Cmp' <Latency = 0> <II = 1> <Delay = 2.07> <FuncUnit> <Opcode : 'seteq' 'setne' 'setle' 'setge' 'setlt' 'setgt'> <InPorts = 2> <OutPorts = 1>
ST_7 : Operation 504 [1/1] (0.00ns)   --->   "%br_ln110 = br i1 %icmp_ln110_4, void %_ZL20encoder_rate_poissoni7ap_uintILi8EES_ILi32EERK16encoder_config_tRN3hls6streamI19encoder_axis_word_tLi0EEERS1_.exit.1, void %if.then.i180.1" [src/snn_top_hls.cpp:110->src/snn_top_hls.cpp:245]   --->   Operation 504 'br' 'br_ln110' <Predicate = (!config_two_neuron_enable_val_read & config_encoding_type_val_read == 1 & icmp_ln194_1)> <Delay = 0.00>
ST_7 : Operation 505 [1/1] (0.00ns)   --->   "%br_ln112 = br void %_ZL20encoder_rate_poissoni7ap_uintILi8EES_ILi32EERK16encoder_config_tRN3hls6streamI19encoder_axis_word_tLi0EEERS1_.exit.1" [src/snn_top_hls.cpp:112->src/snn_top_hls.cpp:245]   --->   Operation 505 'br' 'br_ln112' <Predicate = (!config_two_neuron_enable_val_read & config_encoding_type_val_read == 1 & icmp_ln194_1 & icmp_ln110_4)> <Delay = 0.00>
ST_7 : Operation 506 [1/1] (2.07ns)   --->   "%icmp_ln163_4 = icmp_ult  i16 %select_ln158_4, i16 %config_delta_threshold_val_read" [src/snn_top_hls.cpp:163->src/snn_top_hls.cpp:251]   --->   Operation 506 'icmp' 'icmp_ln163_4' <Predicate = (!config_two_neuron_enable_val_read & config_encoding_type_val_read == 3 & icmp_ln194_1)> <Delay = 2.07> <CoreInst = "Cmp">   --->   Core 9 'Cmp' <Latency = 0> <II = 1> <Delay = 2.07> <FuncUnit> <Opcode : 'seteq' 'setne' 'setle' 'setge' 'setlt' 'setgt'> <InPorts = 2> <OutPorts = 1>
ST_7 : Operation 507 [1/1] (0.00ns)   --->   "%br_ln163 = br i1 %icmp_ln163_4, void %if.then11.i.1, void %_ZL19encoder_delta_sigmai7ap_uintILi8EES_ILi32EERK16encoder_config_tRN3hls6streamI19encoder_axis_word_tLi0EEERS1_.exit.1" [src/snn_top_hls.cpp:163->src/snn_top_hls.cpp:251]   --->   Operation 507 'br' 'br_ln163' <Predicate = (!config_two_neuron_enable_val_read & config_encoding_type_val_read == 3 & icmp_ln194_1)> <Delay = 0.00>
ST_7 : Operation 508 [1/1] (2.07ns)   --->   "%sub_ln165_4 = sub i16 %select_ln158_4, i16 %config_delta_threshold_val_read" [src/snn_top_hls.cpp:165->src/snn_top_hls.cpp:251]   --->   Operation 508 'sub' 'sub_ln165_4' <Predicate = (!config_two_neuron_enable_val_read & config_encoding_type_val_read == 3 & icmp_ln194_1 & !icmp_ln163_4)> <Delay = 2.07> <CoreInst = "Adder">   --->   Core 1 'Adder' <Latency = 0> <II = 1> <Delay = 2.07> <FuncUnit> <Opcode : 'add' 'sub'> <InPorts = 2> <OutPorts = 1>
ST_7 : Operation 509 [1/1] ( I:3.25ns O:3.25ns )   --->   "%store_ln165 = store i16 %sub_ln165_4, i9 %p_ZL17encoder_phase_acc_1_addr_1" [src/snn_top_hls.cpp:165->src/snn_top_hls.cpp:251]   --->   Operation 509 'store' 'store_ln165' <Predicate = (!config_two_neuron_enable_val_read & config_encoding_type_val_read == 3 & icmp_ln194_1 & !icmp_ln163_4)> <Delay = 3.25> <CoreInst = "RAM_2P_BRAM">   --->   Core 90 'RAM_2P_BRAM' <Latency = 1> <II = 1> <Delay = 3.25> <Storage> <Opcode : 'load' 'store'> <Ports = 2> <Width = 16> <Depth = 392> <RAM>
ST_7 : Operation 510 [1/1] (0.00ns)   --->   "%br_ln166 = br void %_ZL19encoder_delta_sigmai7ap_uintILi8EES_ILi32EERK16encoder_config_tRN3hls6streamI19encoder_axis_word_tLi0EEERS1_.exit.1" [src/snn_top_hls.cpp:166->src/snn_top_hls.cpp:251]   --->   Operation 510 'br' 'br_ln166' <Predicate = (!config_two_neuron_enable_val_read & config_encoding_type_val_read == 3 & icmp_ln194_1 & !icmp_ln163_4)> <Delay = 0.00>
ST_7 : Operation 511 [1/1] (0.00ns)   --->   "%tmp_16 = partselect i8 @_ssdm_op_PartSelect.i8.i10.i32.i32, i10 %ch_2, i32 1, i32 8" [src/snn_top_hls.cpp:203]   --->   Operation 511 'partselect' 'tmp_16' <Predicate = (config_two_neuron_enable_val_read & icmp_ln194_1)> <Delay = 0.00>

State 8 <SV = 7> <Delay = 5.39>
ST_8 : Operation 512 [1/1] ( I:0.00ns O:0.00ns )   --->   "%tmp_24 = nbwritereq i1 @_ssdm_op_NbWriteReq.ap_fifo.i41P0A, i41 %encoder_spikes, i32 1" [src/snn_top_hls.cpp:82->src/snn_top_hls.cpp:138->src/snn_top_hls.cpp:248]   --->   Operation 512 'nbwritereq' 'tmp_24' <Predicate = (!config_two_neuron_enable_val_read & config_encoding_type_val_read == 2 & icmp_ln194_1 & !p_ZL22encoder_temporal_fired_1_load_1 & !icmp_ln137_4) | (!config_two_neuron_enable_val_read & config_encoding_type_val_read == 2 & latency_window_reset_1_read & icmp_ln194_1 & !icmp_ln137_4)> <Delay = 0.00> <CoreInst = "FIFO">   --->   Core 77 'FIFO' <Latency = 0> <II = 1> <Delay = 3.60> <Storage> <Opcode : 'read' 'write' 'nbread' 'nbwrite'> <Ports = 0> <Width = 41> <Depth = 32> <FIFO>
ST_8 : Operation 513 [1/1] (0.00ns)   --->   "%br_ln82 = br i1 %tmp_24, void %_ZL24encoder_write_axis_spikei6ap_intILi8EE7ap_uintILi32EERN3hls6streamI19encoder_axis_word_tLi0EEERS2_.exit.i129.1, void %if.end.i.i128.1" [src/snn_top_hls.cpp:82->src/snn_top_hls.cpp:138->src/snn_top_hls.cpp:248]   --->   Operation 513 'br' 'br_ln82' <Predicate = (!config_two_neuron_enable_val_read & config_encoding_type_val_read == 2 & icmp_ln194_1 & !p_ZL22encoder_temporal_fired_1_load_1 & !icmp_ln137_4) | (!config_two_neuron_enable_val_read & config_encoding_type_val_read == 2 & latency_window_reset_1_read & icmp_ln194_1 & !icmp_ln137_4)> <Delay = 0.00>
ST_8 : Operation 514 [1/1] ( I:0.00ns O:0.00ns )   --->   "%tmp_21 = nbwritereq i1 @_ssdm_op_NbWriteReq.ap_fifo.i41P0A, i41 %encoder_spikes, i32 1" [src/snn_top_hls.cpp:82->src/snn_top_hls.cpp:111->src/snn_top_hls.cpp:245]   --->   Operation 514 'nbwritereq' 'tmp_21' <Predicate = (!config_two_neuron_enable_val_read & config_encoding_type_val_read == 1 & icmp_ln194_1 & icmp_ln110_4)> <Delay = 0.00> <CoreInst = "FIFO">   --->   Core 77 'FIFO' <Latency = 0> <II = 1> <Delay = 3.60> <Storage> <Opcode : 'read' 'write' 'nbread' 'nbwrite'> <Ports = 0> <Width = 41> <Depth = 32> <FIFO>
ST_8 : Operation 515 [1/1] (0.00ns)   --->   "%br_ln82 = br i1 %tmp_21, void %_ZL24encoder_write_axis_spikei6ap_intILi8EE7ap_uintILi32EERN3hls6streamI19encoder_axis_word_tLi0EEERS2_.exit.i256.1, void %if.end.i.i255.1" [src/snn_top_hls.cpp:82->src/snn_top_hls.cpp:111->src/snn_top_hls.cpp:245]   --->   Operation 515 'br' 'br_ln82' <Predicate = (!config_two_neuron_enable_val_read & config_encoding_type_val_read == 1 & icmp_ln194_1 & icmp_ln110_4)> <Delay = 0.00>
ST_8 : Operation 516 [1/1] ( I:0.00ns O:0.00ns )   --->   "%tmp_19 = nbwritereq i1 @_ssdm_op_NbWriteReq.ap_fifo.i41P0A, i41 %encoder_spikes, i32 1" [src/snn_top_hls.cpp:82->src/snn_top_hls.cpp:164->src/snn_top_hls.cpp:251]   --->   Operation 516 'nbwritereq' 'tmp_19' <Predicate = (!config_two_neuron_enable_val_read & config_encoding_type_val_read == 3 & icmp_ln194_1 & !icmp_ln163_4)> <Delay = 0.00> <CoreInst = "FIFO">   --->   Core 77 'FIFO' <Latency = 0> <II = 1> <Delay = 3.60> <Storage> <Opcode : 'read' 'write' 'nbread' 'nbwrite'> <Ports = 0> <Width = 41> <Depth = 32> <FIFO>
ST_8 : Operation 517 [1/1] (0.00ns)   --->   "%br_ln82 = br i1 %tmp_19, void %_ZL24encoder_write_axis_spikei6ap_intILi8EE7ap_uintILi32EERN3hls6streamI19encoder_axis_word_tLi0EEERS2_.exit.i.1, void %if.end.i.i.1" [src/snn_top_hls.cpp:82->src/snn_top_hls.cpp:164->src/snn_top_hls.cpp:251]   --->   Operation 517 'br' 'br_ln82' <Predicate = (!config_two_neuron_enable_val_read & config_encoding_type_val_read == 3 & icmp_ln194_1 & !icmp_ln163_4)> <Delay = 0.00>
ST_8 : Operation 518 [1/1] ( I:0.00ns O:0.00ns )   --->   "%tmp_23 = nbwritereq i1 @_ssdm_op_NbWriteReq.ap_fifo.i41P0A, i41 %encoder_spikes, i32 1" [src/snn_top_hls.cpp:82->src/snn_top_hls.cpp:138->src/snn_top_hls.cpp:213]   --->   Operation 518 'nbwritereq' 'tmp_23' <Predicate = (config_two_neuron_enable_val_read & config_encoding_type_val_read == 2 & icmp_ln194_1 & !p_ZL22encoder_temporal_fired_0_load_2 & !icmp_ln137_3) | (config_two_neuron_enable_val_read & config_encoding_type_val_read == 2 & latency_window_reset_1_read & icmp_ln194_1 & !icmp_ln137_3)> <Delay = 0.00> <CoreInst = "FIFO">   --->   Core 77 'FIFO' <Latency = 0> <II = 1> <Delay = 3.60> <Storage> <Opcode : 'read' 'write' 'nbread' 'nbwrite'> <Ports = 0> <Width = 41> <Depth = 32> <FIFO>
ST_8 : Operation 519 [1/1] (0.00ns)   --->   "%br_ln82 = br i1 %tmp_23, void %_ZL24encoder_write_axis_spikei6ap_intILi8EE7ap_uintILi32EERN3hls6streamI19encoder_axis_word_tLi0EEERS2_.exit.i1227.1, void %if.end.i.i1224.1" [src/snn_top_hls.cpp:82->src/snn_top_hls.cpp:138->src/snn_top_hls.cpp:213]   --->   Operation 519 'br' 'br_ln82' <Predicate = (config_two_neuron_enable_val_read & config_encoding_type_val_read == 2 & icmp_ln194_1 & !p_ZL22encoder_temporal_fired_0_load_2 & !icmp_ln137_3) | (config_two_neuron_enable_val_read & config_encoding_type_val_read == 2 & latency_window_reset_1_read & icmp_ln194_1 & !icmp_ln137_3)> <Delay = 0.00>
ST_8 : Operation 520 [1/1] (0.00ns)   --->   "%trunc_ln88_13 = trunc i32 %time_read" [src/snn_top_hls.cpp:88->src/snn_top_hls.cpp:138->src/snn_top_hls.cpp:213]   --->   Operation 520 'trunc' 'trunc_ln88_13' <Predicate = (config_two_neuron_enable_val_read & config_encoding_type_val_read == 2 & icmp_ln194_1 & !p_ZL22encoder_temporal_fired_0_load_2 & !icmp_ln137_3 & tmp_23) | (config_two_neuron_enable_val_read & config_encoding_type_val_read == 2 & latency_window_reset_1_read & icmp_ln194_1 & !icmp_ln137_3 & tmp_23)> <Delay = 0.00>
ST_8 : Operation 521 [1/1] (0.00ns)   --->   "%or_ln92_13 = bitconcatenate i33 @_ssdm_op_BitConcatenate.i33.i1.i14.i8.i8.i2, i1 1, i14 %trunc_ln88_13, i8 %config_default_weight_val_read, i8 %tmp_16, i2 2" [src/snn_top_hls.cpp:92->src/snn_top_hls.cpp:138->src/snn_top_hls.cpp:213]   --->   Operation 521 'bitconcatenate' 'or_ln92_13' <Predicate = (config_two_neuron_enable_val_read & config_encoding_type_val_read == 2 & icmp_ln194_1 & !p_ZL22encoder_temporal_fired_0_load_2 & !icmp_ln137_3 & tmp_23) | (config_two_neuron_enable_val_read & config_encoding_type_val_read == 2 & latency_window_reset_1_read & icmp_ln194_1 & !icmp_ln137_3 & tmp_23)> <Delay = 0.00>
ST_8 : Operation 522 [1/1] (0.00ns)   --->   "%sext_ln92_13 = sext i33 %or_ln92_13" [src/snn_top_hls.cpp:92->src/snn_top_hls.cpp:138->src/snn_top_hls.cpp:213]   --->   Operation 522 'sext' 'sext_ln92_13' <Predicate = (config_two_neuron_enable_val_read & config_encoding_type_val_read == 2 & icmp_ln194_1 & !p_ZL22encoder_temporal_fired_0_load_2 & !icmp_ln137_3 & tmp_23) | (config_two_neuron_enable_val_read & config_encoding_type_val_read == 2 & latency_window_reset_1_read & icmp_ln194_1 & !icmp_ln137_3 & tmp_23)> <Delay = 0.00>
ST_8 : Operation 523 [1/1] ( I:3.60ns O:3.60ns )   --->   "%write_ln92 = write void @_ssdm_op_Write.ap_fifo.volatile.i41P0A, i41 %encoder_spikes, i41 %sext_ln92_13" [src/snn_top_hls.cpp:92->src/snn_top_hls.cpp:138->src/snn_top_hls.cpp:213]   --->   Operation 523 'write' 'write_ln92' <Predicate = (config_two_neuron_enable_val_read & config_encoding_type_val_read == 2 & icmp_ln194_1 & !p_ZL22encoder_temporal_fired_0_load_2 & !icmp_ln137_3 & tmp_23) | (config_two_neuron_enable_val_read & config_encoding_type_val_read == 2 & latency_window_reset_1_read & icmp_ln194_1 & !icmp_ln137_3 & tmp_23)> <Delay = 3.60> <CoreInst = "FIFO">   --->   Core 77 'FIFO' <Latency = 0> <II = 1> <Delay = 3.60> <Storage> <Opcode : 'read' 'write' 'nbread' 'nbwrite'> <Ports = 0> <Width = 41> <Depth = 32> <FIFO>
ST_8 : Operation 524 [1/1] (0.00ns)   --->   "%encoder_spike_counter_load_13 = load i32 %encoder_spike_counter" [src/snn_top_hls.cpp:93->src/snn_top_hls.cpp:138->src/snn_top_hls.cpp:213]   --->   Operation 524 'load' 'encoder_spike_counter_load_13' <Predicate = (config_two_neuron_enable_val_read & config_encoding_type_val_read == 2 & icmp_ln194_1 & !p_ZL22encoder_temporal_fired_0_load_2 & !icmp_ln137_3 & tmp_23) | (config_two_neuron_enable_val_read & config_encoding_type_val_read == 2 & latency_window_reset_1_read & icmp_ln194_1 & !icmp_ln137_3 & tmp_23)> <Delay = 0.00>
ST_8 : Operation 525 [1/1] (2.55ns)   --->   "%add_ln93_13 = add i32 %encoder_spike_counter_load_13, i32 1" [src/snn_top_hls.cpp:93->src/snn_top_hls.cpp:138->src/snn_top_hls.cpp:213]   --->   Operation 525 'add' 'add_ln93_13' <Predicate = (config_two_neuron_enable_val_read & config_encoding_type_val_read == 2 & icmp_ln194_1 & !p_ZL22encoder_temporal_fired_0_load_2 & !icmp_ln137_3 & tmp_23) | (config_two_neuron_enable_val_read & config_encoding_type_val_read == 2 & latency_window_reset_1_read & icmp_ln194_1 & !icmp_ln137_3 & tmp_23)> <Delay = 2.55> <CoreInst = "Adder">   --->   Core 1 'Adder' <Latency = 0> <II = 1> <Delay = 2.55> <FuncUnit> <Opcode : 'add' 'sub'> <InPorts = 2> <OutPorts = 1>
ST_8 : Operation 526 [1/1] (2.84ns)   --->   "%store_ln93 = store i32 %add_ln93_13, i32 %encoder_spike_counter" [src/snn_top_hls.cpp:93->src/snn_top_hls.cpp:138->src/snn_top_hls.cpp:213]   --->   Operation 526 'store' 'store_ln93' <Predicate = (config_two_neuron_enable_val_read & config_encoding_type_val_read == 2 & icmp_ln194_1 & !p_ZL22encoder_temporal_fired_0_load_2 & !icmp_ln137_3 & tmp_23) | (config_two_neuron_enable_val_read & config_encoding_type_val_read == 2 & latency_window_reset_1_read & icmp_ln194_1 & !icmp_ln137_3 & tmp_23)> <Delay = 2.84>
ST_8 : Operation 527 [1/1] (0.00ns)   --->   "%br_ln94 = br void %_ZL24encoder_write_axis_spikei6ap_intILi8EE7ap_uintILi32EERN3hls6streamI19encoder_axis_word_tLi0EEERS2_.exit.i1227.1" [src/snn_top_hls.cpp:94->src/snn_top_hls.cpp:138->src/snn_top_hls.cpp:213]   --->   Operation 527 'br' 'br_ln94' <Predicate = (config_two_neuron_enable_val_read & config_encoding_type_val_read == 2 & icmp_ln194_1 & !p_ZL22encoder_temporal_fired_0_load_2 & !icmp_ln137_3 & tmp_23) | (config_two_neuron_enable_val_read & config_encoding_type_val_read == 2 & latency_window_reset_1_read & icmp_ln194_1 & !icmp_ln137_3 & tmp_23)> <Delay = 0.00>
ST_8 : Operation 528 [1/1] ( I:0.00ns O:0.00ns )   --->   "%tmp_18 = nbwritereq i1 @_ssdm_op_NbWriteReq.ap_fifo.i41P0A, i41 %encoder_spikes, i32 1" [src/snn_top_hls.cpp:82->src/snn_top_hls.cpp:111->src/snn_top_hls.cpp:210]   --->   Operation 528 'nbwritereq' 'tmp_18' <Predicate = (config_two_neuron_enable_val_read & config_encoding_type_val_read == 1 & icmp_ln194_1 & icmp_ln110_3)> <Delay = 0.00> <CoreInst = "FIFO">   --->   Core 77 'FIFO' <Latency = 0> <II = 1> <Delay = 3.60> <Storage> <Opcode : 'read' 'write' 'nbread' 'nbwrite'> <Ports = 0> <Width = 41> <Depth = 32> <FIFO>
ST_8 : Operation 529 [1/1] (0.00ns)   --->   "%br_ln82 = br i1 %tmp_18, void %_ZL24encoder_write_axis_spikei6ap_intILi8EE7ap_uintILi32EERN3hls6streamI19encoder_axis_word_tLi0EEERS2_.exit.i1503.1, void %if.end.i.i1502.1" [src/snn_top_hls.cpp:82->src/snn_top_hls.cpp:111->src/snn_top_hls.cpp:210]   --->   Operation 529 'br' 'br_ln82' <Predicate = (config_two_neuron_enable_val_read & config_encoding_type_val_read == 1 & icmp_ln194_1 & icmp_ln110_3)> <Delay = 0.00>
ST_8 : Operation 530 [1/1] (0.00ns)   --->   "%trunc_ln88_10 = trunc i32 %time_read" [src/snn_top_hls.cpp:88->src/snn_top_hls.cpp:111->src/snn_top_hls.cpp:210]   --->   Operation 530 'trunc' 'trunc_ln88_10' <Predicate = (config_two_neuron_enable_val_read & config_encoding_type_val_read == 1 & icmp_ln194_1 & icmp_ln110_3 & tmp_18)> <Delay = 0.00>
ST_8 : Operation 531 [1/1] (0.00ns)   --->   "%or_ln92_10 = bitconcatenate i33 @_ssdm_op_BitConcatenate.i33.i1.i14.i8.i8.i2, i1 1, i14 %trunc_ln88_10, i8 %config_default_weight_val_read, i8 %tmp_16, i2 2" [src/snn_top_hls.cpp:92->src/snn_top_hls.cpp:111->src/snn_top_hls.cpp:210]   --->   Operation 531 'bitconcatenate' 'or_ln92_10' <Predicate = (config_two_neuron_enable_val_read & config_encoding_type_val_read == 1 & icmp_ln194_1 & icmp_ln110_3 & tmp_18)> <Delay = 0.00>
ST_8 : Operation 532 [1/1] (0.00ns)   --->   "%sext_ln92_10 = sext i33 %or_ln92_10" [src/snn_top_hls.cpp:92->src/snn_top_hls.cpp:111->src/snn_top_hls.cpp:210]   --->   Operation 532 'sext' 'sext_ln92_10' <Predicate = (config_two_neuron_enable_val_read & config_encoding_type_val_read == 1 & icmp_ln194_1 & icmp_ln110_3 & tmp_18)> <Delay = 0.00>
ST_8 : Operation 533 [1/1] ( I:3.60ns O:3.60ns )   --->   "%write_ln92 = write void @_ssdm_op_Write.ap_fifo.volatile.i41P0A, i41 %encoder_spikes, i41 %sext_ln92_10" [src/snn_top_hls.cpp:92->src/snn_top_hls.cpp:111->src/snn_top_hls.cpp:210]   --->   Operation 533 'write' 'write_ln92' <Predicate = (config_two_neuron_enable_val_read & config_encoding_type_val_read == 1 & icmp_ln194_1 & icmp_ln110_3 & tmp_18)> <Delay = 3.60> <CoreInst = "FIFO">   --->   Core 77 'FIFO' <Latency = 0> <II = 1> <Delay = 3.60> <Storage> <Opcode : 'read' 'write' 'nbread' 'nbwrite'> <Ports = 0> <Width = 41> <Depth = 32> <FIFO>
ST_8 : Operation 534 [1/1] (0.00ns)   --->   "%encoder_spike_counter_load_10 = load i32 %encoder_spike_counter" [src/snn_top_hls.cpp:93->src/snn_top_hls.cpp:111->src/snn_top_hls.cpp:210]   --->   Operation 534 'load' 'encoder_spike_counter_load_10' <Predicate = (config_two_neuron_enable_val_read & config_encoding_type_val_read == 1 & icmp_ln194_1 & icmp_ln110_3 & tmp_18)> <Delay = 0.00>
ST_8 : Operation 535 [1/1] (2.55ns)   --->   "%add_ln93_10 = add i32 %encoder_spike_counter_load_10, i32 1" [src/snn_top_hls.cpp:93->src/snn_top_hls.cpp:111->src/snn_top_hls.cpp:210]   --->   Operation 535 'add' 'add_ln93_10' <Predicate = (config_two_neuron_enable_val_read & config_encoding_type_val_read == 1 & icmp_ln194_1 & icmp_ln110_3 & tmp_18)> <Delay = 2.55> <CoreInst = "Adder">   --->   Core 1 'Adder' <Latency = 0> <II = 1> <Delay = 2.55> <FuncUnit> <Opcode : 'add' 'sub'> <InPorts = 2> <OutPorts = 1>
ST_8 : Operation 536 [1/1] (2.84ns)   --->   "%store_ln93 = store i32 %add_ln93_10, i32 %encoder_spike_counter" [src/snn_top_hls.cpp:93->src/snn_top_hls.cpp:111->src/snn_top_hls.cpp:210]   --->   Operation 536 'store' 'store_ln93' <Predicate = (config_two_neuron_enable_val_read & config_encoding_type_val_read == 1 & icmp_ln194_1 & icmp_ln110_3 & tmp_18)> <Delay = 2.84>
ST_8 : Operation 537 [1/1] (0.00ns)   --->   "%br_ln94 = br void %_ZL24encoder_write_axis_spikei6ap_intILi8EE7ap_uintILi32EERN3hls6streamI19encoder_axis_word_tLi0EEERS2_.exit.i1503.1" [src/snn_top_hls.cpp:94->src/snn_top_hls.cpp:111->src/snn_top_hls.cpp:210]   --->   Operation 537 'br' 'br_ln94' <Predicate = (config_two_neuron_enable_val_read & config_encoding_type_val_read == 1 & icmp_ln194_1 & icmp_ln110_3 & tmp_18)> <Delay = 0.00>
ST_8 : Operation 538 [1/1] ( I:0.00ns O:0.00ns )   --->   "%tmp_17 = nbwritereq i1 @_ssdm_op_NbWriteReq.ap_fifo.i41P0A, i41 %encoder_spikes, i32 1" [src/snn_top_hls.cpp:82->src/snn_top_hls.cpp:164->src/snn_top_hls.cpp:216]   --->   Operation 538 'nbwritereq' 'tmp_17' <Predicate = (config_two_neuron_enable_val_read & config_encoding_type_val_read == 3 & icmp_ln194_1 & !icmp_ln163_3)> <Delay = 0.00> <CoreInst = "FIFO">   --->   Core 77 'FIFO' <Latency = 0> <II = 1> <Delay = 3.60> <Storage> <Opcode : 'read' 'write' 'nbread' 'nbwrite'> <Ports = 0> <Width = 41> <Depth = 32> <FIFO>
ST_8 : Operation 539 [1/1] (0.00ns)   --->   "%br_ln82 = br i1 %tmp_17, void %_ZL24encoder_write_axis_spikei6ap_intILi8EE7ap_uintILi32EERN3hls6streamI19encoder_axis_word_tLi0EEERS2_.exit.i1019.1, void %if.end.i.i1014.1" [src/snn_top_hls.cpp:82->src/snn_top_hls.cpp:164->src/snn_top_hls.cpp:216]   --->   Operation 539 'br' 'br_ln82' <Predicate = (config_two_neuron_enable_val_read & config_encoding_type_val_read == 3 & icmp_ln194_1 & !icmp_ln163_3)> <Delay = 0.00>
ST_8 : Operation 540 [1/1] (0.00ns)   --->   "%trunc_ln88_9 = trunc i32 %time_read" [src/snn_top_hls.cpp:88->src/snn_top_hls.cpp:164->src/snn_top_hls.cpp:216]   --->   Operation 540 'trunc' 'trunc_ln88_9' <Predicate = (config_two_neuron_enable_val_read & config_encoding_type_val_read == 3 & icmp_ln194_1 & !icmp_ln163_3 & tmp_17)> <Delay = 0.00>
ST_8 : Operation 541 [1/1] (0.00ns)   --->   "%or_ln92_9 = bitconcatenate i33 @_ssdm_op_BitConcatenate.i33.i1.i14.i8.i8.i2, i1 1, i14 %trunc_ln88_9, i8 %config_default_weight_val_read, i8 %tmp_16, i2 2" [src/snn_top_hls.cpp:92->src/snn_top_hls.cpp:164->src/snn_top_hls.cpp:216]   --->   Operation 541 'bitconcatenate' 'or_ln92_9' <Predicate = (config_two_neuron_enable_val_read & config_encoding_type_val_read == 3 & icmp_ln194_1 & !icmp_ln163_3 & tmp_17)> <Delay = 0.00>
ST_8 : Operation 542 [1/1] (0.00ns)   --->   "%sext_ln92_9 = sext i33 %or_ln92_9" [src/snn_top_hls.cpp:92->src/snn_top_hls.cpp:164->src/snn_top_hls.cpp:216]   --->   Operation 542 'sext' 'sext_ln92_9' <Predicate = (config_two_neuron_enable_val_read & config_encoding_type_val_read == 3 & icmp_ln194_1 & !icmp_ln163_3 & tmp_17)> <Delay = 0.00>
ST_8 : Operation 543 [1/1] ( I:3.60ns O:3.60ns )   --->   "%write_ln92 = write void @_ssdm_op_Write.ap_fifo.volatile.i41P0A, i41 %encoder_spikes, i41 %sext_ln92_9" [src/snn_top_hls.cpp:92->src/snn_top_hls.cpp:164->src/snn_top_hls.cpp:216]   --->   Operation 543 'write' 'write_ln92' <Predicate = (config_two_neuron_enable_val_read & config_encoding_type_val_read == 3 & icmp_ln194_1 & !icmp_ln163_3 & tmp_17)> <Delay = 3.60> <CoreInst = "FIFO">   --->   Core 77 'FIFO' <Latency = 0> <II = 1> <Delay = 3.60> <Storage> <Opcode : 'read' 'write' 'nbread' 'nbwrite'> <Ports = 0> <Width = 41> <Depth = 32> <FIFO>
ST_8 : Operation 544 [1/1] (0.00ns)   --->   "%encoder_spike_counter_load_9 = load i32 %encoder_spike_counter" [src/snn_top_hls.cpp:93->src/snn_top_hls.cpp:164->src/snn_top_hls.cpp:216]   --->   Operation 544 'load' 'encoder_spike_counter_load_9' <Predicate = (config_two_neuron_enable_val_read & config_encoding_type_val_read == 3 & icmp_ln194_1 & !icmp_ln163_3 & tmp_17)> <Delay = 0.00>
ST_8 : Operation 545 [1/1] (2.55ns)   --->   "%add_ln93_9 = add i32 %encoder_spike_counter_load_9, i32 1" [src/snn_top_hls.cpp:93->src/snn_top_hls.cpp:164->src/snn_top_hls.cpp:216]   --->   Operation 545 'add' 'add_ln93_9' <Predicate = (config_two_neuron_enable_val_read & config_encoding_type_val_read == 3 & icmp_ln194_1 & !icmp_ln163_3 & tmp_17)> <Delay = 2.55> <CoreInst = "Adder">   --->   Core 1 'Adder' <Latency = 0> <II = 1> <Delay = 2.55> <FuncUnit> <Opcode : 'add' 'sub'> <InPorts = 2> <OutPorts = 1>
ST_8 : Operation 546 [1/1] (2.84ns)   --->   "%store_ln93 = store i32 %add_ln93_9, i32 %encoder_spike_counter" [src/snn_top_hls.cpp:93->src/snn_top_hls.cpp:164->src/snn_top_hls.cpp:216]   --->   Operation 546 'store' 'store_ln93' <Predicate = (config_two_neuron_enable_val_read & config_encoding_type_val_read == 3 & icmp_ln194_1 & !icmp_ln163_3 & tmp_17)> <Delay = 2.84>
ST_8 : Operation 547 [1/1] (0.00ns)   --->   "%br_ln94 = br void %_ZL24encoder_write_axis_spikei6ap_intILi8EE7ap_uintILi32EERN3hls6streamI19encoder_axis_word_tLi0EEERS2_.exit.i1019.1" [src/snn_top_hls.cpp:94->src/snn_top_hls.cpp:164->src/snn_top_hls.cpp:216]   --->   Operation 547 'br' 'br_ln94' <Predicate = (config_two_neuron_enable_val_read & config_encoding_type_val_read == 3 & icmp_ln194_1 & !icmp_ln163_3 & tmp_17)> <Delay = 0.00>

State 9 <SV = 8> <Delay = 5.39>
ST_9 : Operation 548 [1/1] (0.00ns)   --->   "%trunc_ln88_14 = trunc i32 %time_read" [src/snn_top_hls.cpp:88->src/snn_top_hls.cpp:138->src/snn_top_hls.cpp:248]   --->   Operation 548 'trunc' 'trunc_ln88_14' <Predicate = (!config_two_neuron_enable_val_read & config_encoding_type_val_read == 2 & icmp_ln194_1 & !p_ZL22encoder_temporal_fired_1_load_1 & !icmp_ln137_4 & tmp_24) | (!config_two_neuron_enable_val_read & config_encoding_type_val_read == 2 & latency_window_reset_1_read & icmp_ln194_1 & !icmp_ln137_4 & tmp_24)> <Delay = 0.00>
ST_9 : Operation 549 [1/1] (0.00ns)   --->   "%or_ln92_14 = bitconcatenate i33 @_ssdm_op_BitConcatenate.i33.i1.i14.i8.i9.i1, i1 1, i14 %trunc_ln88_14, i8 %config_default_weight_val_read, i9 %lshr_ln, i1 1" [src/snn_top_hls.cpp:92->src/snn_top_hls.cpp:138->src/snn_top_hls.cpp:248]   --->   Operation 549 'bitconcatenate' 'or_ln92_14' <Predicate = (!config_two_neuron_enable_val_read & config_encoding_type_val_read == 2 & icmp_ln194_1 & !p_ZL22encoder_temporal_fired_1_load_1 & !icmp_ln137_4 & tmp_24) | (!config_two_neuron_enable_val_read & config_encoding_type_val_read == 2 & latency_window_reset_1_read & icmp_ln194_1 & !icmp_ln137_4 & tmp_24)> <Delay = 0.00>
ST_9 : Operation 550 [1/1] (0.00ns)   --->   "%sext_ln92_14 = sext i33 %or_ln92_14" [src/snn_top_hls.cpp:92->src/snn_top_hls.cpp:138->src/snn_top_hls.cpp:248]   --->   Operation 550 'sext' 'sext_ln92_14' <Predicate = (!config_two_neuron_enable_val_read & config_encoding_type_val_read == 2 & icmp_ln194_1 & !p_ZL22encoder_temporal_fired_1_load_1 & !icmp_ln137_4 & tmp_24) | (!config_two_neuron_enable_val_read & config_encoding_type_val_read == 2 & latency_window_reset_1_read & icmp_ln194_1 & !icmp_ln137_4 & tmp_24)> <Delay = 0.00>
ST_9 : Operation 551 [1/1] ( I:3.60ns O:3.60ns )   --->   "%write_ln92 = write void @_ssdm_op_Write.ap_fifo.volatile.i41P0A, i41 %encoder_spikes, i41 %sext_ln92_14" [src/snn_top_hls.cpp:92->src/snn_top_hls.cpp:138->src/snn_top_hls.cpp:248]   --->   Operation 551 'write' 'write_ln92' <Predicate = (!config_two_neuron_enable_val_read & config_encoding_type_val_read == 2 & icmp_ln194_1 & !p_ZL22encoder_temporal_fired_1_load_1 & !icmp_ln137_4 & tmp_24) | (!config_two_neuron_enable_val_read & config_encoding_type_val_read == 2 & latency_window_reset_1_read & icmp_ln194_1 & !icmp_ln137_4 & tmp_24)> <Delay = 3.60> <CoreInst = "FIFO">   --->   Core 77 'FIFO' <Latency = 0> <II = 1> <Delay = 3.60> <Storage> <Opcode : 'read' 'write' 'nbread' 'nbwrite'> <Ports = 0> <Width = 41> <Depth = 32> <FIFO>
ST_9 : Operation 552 [1/1] (0.00ns)   --->   "%encoder_spike_counter_load_14 = load i32 %encoder_spike_counter" [src/snn_top_hls.cpp:93->src/snn_top_hls.cpp:138->src/snn_top_hls.cpp:248]   --->   Operation 552 'load' 'encoder_spike_counter_load_14' <Predicate = (!config_two_neuron_enable_val_read & config_encoding_type_val_read == 2 & icmp_ln194_1 & !p_ZL22encoder_temporal_fired_1_load_1 & !icmp_ln137_4 & tmp_24) | (!config_two_neuron_enable_val_read & config_encoding_type_val_read == 2 & latency_window_reset_1_read & icmp_ln194_1 & !icmp_ln137_4 & tmp_24)> <Delay = 0.00>
ST_9 : Operation 553 [1/1] (2.55ns)   --->   "%add_ln93_14 = add i32 %encoder_spike_counter_load_14, i32 1" [src/snn_top_hls.cpp:93->src/snn_top_hls.cpp:138->src/snn_top_hls.cpp:248]   --->   Operation 553 'add' 'add_ln93_14' <Predicate = (!config_two_neuron_enable_val_read & config_encoding_type_val_read == 2 & icmp_ln194_1 & !p_ZL22encoder_temporal_fired_1_load_1 & !icmp_ln137_4 & tmp_24) | (!config_two_neuron_enable_val_read & config_encoding_type_val_read == 2 & latency_window_reset_1_read & icmp_ln194_1 & !icmp_ln137_4 & tmp_24)> <Delay = 2.55> <CoreInst = "Adder">   --->   Core 1 'Adder' <Latency = 0> <II = 1> <Delay = 2.55> <FuncUnit> <Opcode : 'add' 'sub'> <InPorts = 2> <OutPorts = 1>
ST_9 : Operation 554 [1/1] (2.84ns)   --->   "%store_ln93 = store i32 %add_ln93_14, i32 %encoder_spike_counter" [src/snn_top_hls.cpp:93->src/snn_top_hls.cpp:138->src/snn_top_hls.cpp:248]   --->   Operation 554 'store' 'store_ln93' <Predicate = (!config_two_neuron_enable_val_read & config_encoding_type_val_read == 2 & icmp_ln194_1 & !p_ZL22encoder_temporal_fired_1_load_1 & !icmp_ln137_4 & tmp_24) | (!config_two_neuron_enable_val_read & config_encoding_type_val_read == 2 & latency_window_reset_1_read & icmp_ln194_1 & !icmp_ln137_4 & tmp_24)> <Delay = 2.84>
ST_9 : Operation 555 [1/1] (0.00ns)   --->   "%br_ln94 = br void %_ZL24encoder_write_axis_spikei6ap_intILi8EE7ap_uintILi32EERN3hls6streamI19encoder_axis_word_tLi0EEERS2_.exit.i129.1" [src/snn_top_hls.cpp:94->src/snn_top_hls.cpp:138->src/snn_top_hls.cpp:248]   --->   Operation 555 'br' 'br_ln94' <Predicate = (!config_two_neuron_enable_val_read & config_encoding_type_val_read == 2 & icmp_ln194_1 & !p_ZL22encoder_temporal_fired_1_load_1 & !icmp_ln137_4 & tmp_24) | (!config_two_neuron_enable_val_read & config_encoding_type_val_read == 2 & latency_window_reset_1_read & icmp_ln194_1 & !icmp_ln137_4 & tmp_24)> <Delay = 0.00>
ST_9 : Operation 556 [1/1] (0.00ns)   --->   "%trunc_ln88_12 = trunc i32 %time_read" [src/snn_top_hls.cpp:88->src/snn_top_hls.cpp:111->src/snn_top_hls.cpp:245]   --->   Operation 556 'trunc' 'trunc_ln88_12' <Predicate = (!config_two_neuron_enable_val_read & config_encoding_type_val_read == 1 & icmp_ln194_1 & icmp_ln110_4 & tmp_21)> <Delay = 0.00>
ST_9 : Operation 557 [1/1] (0.00ns)   --->   "%or_ln92_12 = bitconcatenate i33 @_ssdm_op_BitConcatenate.i33.i1.i14.i8.i9.i1, i1 1, i14 %trunc_ln88_12, i8 %config_default_weight_val_read, i9 %lshr_ln, i1 1" [src/snn_top_hls.cpp:92->src/snn_top_hls.cpp:111->src/snn_top_hls.cpp:245]   --->   Operation 557 'bitconcatenate' 'or_ln92_12' <Predicate = (!config_two_neuron_enable_val_read & config_encoding_type_val_read == 1 & icmp_ln194_1 & icmp_ln110_4 & tmp_21)> <Delay = 0.00>
ST_9 : Operation 558 [1/1] (0.00ns)   --->   "%sext_ln92_12 = sext i33 %or_ln92_12" [src/snn_top_hls.cpp:92->src/snn_top_hls.cpp:111->src/snn_top_hls.cpp:245]   --->   Operation 558 'sext' 'sext_ln92_12' <Predicate = (!config_two_neuron_enable_val_read & config_encoding_type_val_read == 1 & icmp_ln194_1 & icmp_ln110_4 & tmp_21)> <Delay = 0.00>
ST_9 : Operation 559 [1/1] ( I:3.60ns O:3.60ns )   --->   "%write_ln92 = write void @_ssdm_op_Write.ap_fifo.volatile.i41P0A, i41 %encoder_spikes, i41 %sext_ln92_12" [src/snn_top_hls.cpp:92->src/snn_top_hls.cpp:111->src/snn_top_hls.cpp:245]   --->   Operation 559 'write' 'write_ln92' <Predicate = (!config_two_neuron_enable_val_read & config_encoding_type_val_read == 1 & icmp_ln194_1 & icmp_ln110_4 & tmp_21)> <Delay = 3.60> <CoreInst = "FIFO">   --->   Core 77 'FIFO' <Latency = 0> <II = 1> <Delay = 3.60> <Storage> <Opcode : 'read' 'write' 'nbread' 'nbwrite'> <Ports = 0> <Width = 41> <Depth = 32> <FIFO>
ST_9 : Operation 560 [1/1] (0.00ns)   --->   "%encoder_spike_counter_load_12 = load i32 %encoder_spike_counter" [src/snn_top_hls.cpp:93->src/snn_top_hls.cpp:111->src/snn_top_hls.cpp:245]   --->   Operation 560 'load' 'encoder_spike_counter_load_12' <Predicate = (!config_two_neuron_enable_val_read & config_encoding_type_val_read == 1 & icmp_ln194_1 & icmp_ln110_4 & tmp_21)> <Delay = 0.00>
ST_9 : Operation 561 [1/1] (2.55ns)   --->   "%add_ln93_12 = add i32 %encoder_spike_counter_load_12, i32 1" [src/snn_top_hls.cpp:93->src/snn_top_hls.cpp:111->src/snn_top_hls.cpp:245]   --->   Operation 561 'add' 'add_ln93_12' <Predicate = (!config_two_neuron_enable_val_read & config_encoding_type_val_read == 1 & icmp_ln194_1 & icmp_ln110_4 & tmp_21)> <Delay = 2.55> <CoreInst = "Adder">   --->   Core 1 'Adder' <Latency = 0> <II = 1> <Delay = 2.55> <FuncUnit> <Opcode : 'add' 'sub'> <InPorts = 2> <OutPorts = 1>
ST_9 : Operation 562 [1/1] (2.84ns)   --->   "%store_ln93 = store i32 %add_ln93_12, i32 %encoder_spike_counter" [src/snn_top_hls.cpp:93->src/snn_top_hls.cpp:111->src/snn_top_hls.cpp:245]   --->   Operation 562 'store' 'store_ln93' <Predicate = (!config_two_neuron_enable_val_read & config_encoding_type_val_read == 1 & icmp_ln194_1 & icmp_ln110_4 & tmp_21)> <Delay = 2.84>
ST_9 : Operation 563 [1/1] (0.00ns)   --->   "%br_ln94 = br void %_ZL24encoder_write_axis_spikei6ap_intILi8EE7ap_uintILi32EERN3hls6streamI19encoder_axis_word_tLi0EEERS2_.exit.i256.1" [src/snn_top_hls.cpp:94->src/snn_top_hls.cpp:111->src/snn_top_hls.cpp:245]   --->   Operation 563 'br' 'br_ln94' <Predicate = (!config_two_neuron_enable_val_read & config_encoding_type_val_read == 1 & icmp_ln194_1 & icmp_ln110_4 & tmp_21)> <Delay = 0.00>
ST_9 : Operation 564 [1/1] (0.00ns)   --->   "%trunc_ln88_11 = trunc i32 %time_read" [src/snn_top_hls.cpp:88->src/snn_top_hls.cpp:164->src/snn_top_hls.cpp:251]   --->   Operation 564 'trunc' 'trunc_ln88_11' <Predicate = (!config_two_neuron_enable_val_read & config_encoding_type_val_read == 3 & icmp_ln194_1 & !icmp_ln163_4 & tmp_19)> <Delay = 0.00>
ST_9 : Operation 565 [1/1] (0.00ns)   --->   "%or_ln92_11 = bitconcatenate i33 @_ssdm_op_BitConcatenate.i33.i1.i14.i8.i9.i1, i1 1, i14 %trunc_ln88_11, i8 %config_default_weight_val_read, i9 %lshr_ln, i1 1" [src/snn_top_hls.cpp:92->src/snn_top_hls.cpp:164->src/snn_top_hls.cpp:251]   --->   Operation 565 'bitconcatenate' 'or_ln92_11' <Predicate = (!config_two_neuron_enable_val_read & config_encoding_type_val_read == 3 & icmp_ln194_1 & !icmp_ln163_4 & tmp_19)> <Delay = 0.00>
ST_9 : Operation 566 [1/1] (0.00ns)   --->   "%sext_ln92_11 = sext i33 %or_ln92_11" [src/snn_top_hls.cpp:92->src/snn_top_hls.cpp:164->src/snn_top_hls.cpp:251]   --->   Operation 566 'sext' 'sext_ln92_11' <Predicate = (!config_two_neuron_enable_val_read & config_encoding_type_val_read == 3 & icmp_ln194_1 & !icmp_ln163_4 & tmp_19)> <Delay = 0.00>
ST_9 : Operation 567 [1/1] ( I:3.60ns O:3.60ns )   --->   "%write_ln92 = write void @_ssdm_op_Write.ap_fifo.volatile.i41P0A, i41 %encoder_spikes, i41 %sext_ln92_11" [src/snn_top_hls.cpp:92->src/snn_top_hls.cpp:164->src/snn_top_hls.cpp:251]   --->   Operation 567 'write' 'write_ln92' <Predicate = (!config_two_neuron_enable_val_read & config_encoding_type_val_read == 3 & icmp_ln194_1 & !icmp_ln163_4 & tmp_19)> <Delay = 3.60> <CoreInst = "FIFO">   --->   Core 77 'FIFO' <Latency = 0> <II = 1> <Delay = 3.60> <Storage> <Opcode : 'read' 'write' 'nbread' 'nbwrite'> <Ports = 0> <Width = 41> <Depth = 32> <FIFO>
ST_9 : Operation 568 [1/1] (0.00ns)   --->   "%encoder_spike_counter_load_11 = load i32 %encoder_spike_counter" [src/snn_top_hls.cpp:93->src/snn_top_hls.cpp:164->src/snn_top_hls.cpp:251]   --->   Operation 568 'load' 'encoder_spike_counter_load_11' <Predicate = (!config_two_neuron_enable_val_read & config_encoding_type_val_read == 3 & icmp_ln194_1 & !icmp_ln163_4 & tmp_19)> <Delay = 0.00>
ST_9 : Operation 569 [1/1] (2.55ns)   --->   "%add_ln93_11 = add i32 %encoder_spike_counter_load_11, i32 1" [src/snn_top_hls.cpp:93->src/snn_top_hls.cpp:164->src/snn_top_hls.cpp:251]   --->   Operation 569 'add' 'add_ln93_11' <Predicate = (!config_two_neuron_enable_val_read & config_encoding_type_val_read == 3 & icmp_ln194_1 & !icmp_ln163_4 & tmp_19)> <Delay = 2.55> <CoreInst = "Adder">   --->   Core 1 'Adder' <Latency = 0> <II = 1> <Delay = 2.55> <FuncUnit> <Opcode : 'add' 'sub'> <InPorts = 2> <OutPorts = 1>
ST_9 : Operation 570 [1/1] (2.84ns)   --->   "%store_ln93 = store i32 %add_ln93_11, i32 %encoder_spike_counter" [src/snn_top_hls.cpp:93->src/snn_top_hls.cpp:164->src/snn_top_hls.cpp:251]   --->   Operation 570 'store' 'store_ln93' <Predicate = (!config_two_neuron_enable_val_read & config_encoding_type_val_read == 3 & icmp_ln194_1 & !icmp_ln163_4 & tmp_19)> <Delay = 2.84>
ST_9 : Operation 571 [1/1] (0.00ns)   --->   "%br_ln94 = br void %_ZL24encoder_write_axis_spikei6ap_intILi8EE7ap_uintILi32EERN3hls6streamI19encoder_axis_word_tLi0EEERS2_.exit.i.1" [src/snn_top_hls.cpp:94->src/snn_top_hls.cpp:164->src/snn_top_hls.cpp:251]   --->   Operation 571 'br' 'br_ln94' <Predicate = (!config_two_neuron_enable_val_read & config_encoding_type_val_read == 3 & icmp_ln194_1 & !icmp_ln163_4 & tmp_19)> <Delay = 0.00>
ST_9 : Operation 572 [1/1] ( I:0.00ns O:0.00ns )   --->   "%tmp_33 = nbwritereq i1 @_ssdm_op_NbWriteReq.ap_fifo.i41P0A, i41 %encoder_spikes, i32 1" [src/snn_top_hls.cpp:82->src/snn_top_hls.cpp:138->src/snn_top_hls.cpp:230]   --->   Operation 572 'nbwritereq' 'tmp_33' <Predicate = (config_two_neuron_enable_val_read & config_encoding_type_val_read == 2 & icmp_ln194_1 & !p_ZL22encoder_temporal_fired_1_load_2 & !icmp_ln137_5) | (config_two_neuron_enable_val_read & config_encoding_type_val_read == 2 & latency_window_reset_1_read & icmp_ln194_1 & !icmp_ln137_5)> <Delay = 0.00> <CoreInst = "FIFO">   --->   Core 77 'FIFO' <Latency = 0> <II = 1> <Delay = 3.60> <Storage> <Opcode : 'read' 'write' 'nbread' 'nbwrite'> <Ports = 0> <Width = 41> <Depth = 32> <FIFO>
ST_9 : Operation 573 [1/1] (0.00ns)   --->   "%br_ln82 = br i1 %tmp_33, void %_ZL24encoder_write_axis_spikei6ap_intILi8EE7ap_uintILi32EERN3hls6streamI19encoder_axis_word_tLi0EEERS2_.exit.i602.1, void %if.end.i.i599.1" [src/snn_top_hls.cpp:82->src/snn_top_hls.cpp:138->src/snn_top_hls.cpp:230]   --->   Operation 573 'br' 'br_ln82' <Predicate = (config_two_neuron_enable_val_read & config_encoding_type_val_read == 2 & icmp_ln194_1 & !p_ZL22encoder_temporal_fired_1_load_2 & !icmp_ln137_5) | (config_two_neuron_enable_val_read & config_encoding_type_val_read == 2 & latency_window_reset_1_read & icmp_ln194_1 & !icmp_ln137_5)> <Delay = 0.00>
ST_9 : Operation 574 [1/1] (0.00ns)   --->   "%trunc_ln88_17 = trunc i32 %time_read" [src/snn_top_hls.cpp:88->src/snn_top_hls.cpp:138->src/snn_top_hls.cpp:230]   --->   Operation 574 'trunc' 'trunc_ln88_17' <Predicate = (config_two_neuron_enable_val_read & config_encoding_type_val_read == 2 & icmp_ln194_1 & !p_ZL22encoder_temporal_fired_1_load_2 & !icmp_ln137_5 & tmp_33) | (config_two_neuron_enable_val_read & config_encoding_type_val_read == 2 & latency_window_reset_1_read & icmp_ln194_1 & !icmp_ln137_5 & tmp_33)> <Delay = 0.00>
ST_9 : Operation 575 [1/1] (0.00ns)   --->   "%or_ln92_17 = bitconcatenate i33 @_ssdm_op_BitConcatenate.i33.i1.i14.i8.i8.i2, i1 1, i14 %trunc_ln88_17, i8 %config_default_weight_val_read, i8 %tmp_16, i2 3" [src/snn_top_hls.cpp:92->src/snn_top_hls.cpp:138->src/snn_top_hls.cpp:230]   --->   Operation 575 'bitconcatenate' 'or_ln92_17' <Predicate = (config_two_neuron_enable_val_read & config_encoding_type_val_read == 2 & icmp_ln194_1 & !p_ZL22encoder_temporal_fired_1_load_2 & !icmp_ln137_5 & tmp_33) | (config_two_neuron_enable_val_read & config_encoding_type_val_read == 2 & latency_window_reset_1_read & icmp_ln194_1 & !icmp_ln137_5 & tmp_33)> <Delay = 0.00>
ST_9 : Operation 576 [1/1] (0.00ns)   --->   "%sext_ln92_17 = sext i33 %or_ln92_17" [src/snn_top_hls.cpp:92->src/snn_top_hls.cpp:138->src/snn_top_hls.cpp:230]   --->   Operation 576 'sext' 'sext_ln92_17' <Predicate = (config_two_neuron_enable_val_read & config_encoding_type_val_read == 2 & icmp_ln194_1 & !p_ZL22encoder_temporal_fired_1_load_2 & !icmp_ln137_5 & tmp_33) | (config_two_neuron_enable_val_read & config_encoding_type_val_read == 2 & latency_window_reset_1_read & icmp_ln194_1 & !icmp_ln137_5 & tmp_33)> <Delay = 0.00>
ST_9 : Operation 577 [1/1] ( I:3.60ns O:3.60ns )   --->   "%write_ln92 = write void @_ssdm_op_Write.ap_fifo.volatile.i41P0A, i41 %encoder_spikes, i41 %sext_ln92_17" [src/snn_top_hls.cpp:92->src/snn_top_hls.cpp:138->src/snn_top_hls.cpp:230]   --->   Operation 577 'write' 'write_ln92' <Predicate = (config_two_neuron_enable_val_read & config_encoding_type_val_read == 2 & icmp_ln194_1 & !p_ZL22encoder_temporal_fired_1_load_2 & !icmp_ln137_5 & tmp_33) | (config_two_neuron_enable_val_read & config_encoding_type_val_read == 2 & latency_window_reset_1_read & icmp_ln194_1 & !icmp_ln137_5 & tmp_33)> <Delay = 3.60> <CoreInst = "FIFO">   --->   Core 77 'FIFO' <Latency = 0> <II = 1> <Delay = 3.60> <Storage> <Opcode : 'read' 'write' 'nbread' 'nbwrite'> <Ports = 0> <Width = 41> <Depth = 32> <FIFO>
ST_9 : Operation 578 [1/1] (0.00ns)   --->   "%encoder_spike_counter_load_17 = load i32 %encoder_spike_counter" [src/snn_top_hls.cpp:93->src/snn_top_hls.cpp:138->src/snn_top_hls.cpp:230]   --->   Operation 578 'load' 'encoder_spike_counter_load_17' <Predicate = (config_two_neuron_enable_val_read & config_encoding_type_val_read == 2 & icmp_ln194_1 & !p_ZL22encoder_temporal_fired_1_load_2 & !icmp_ln137_5 & tmp_33) | (config_two_neuron_enable_val_read & config_encoding_type_val_read == 2 & latency_window_reset_1_read & icmp_ln194_1 & !icmp_ln137_5 & tmp_33)> <Delay = 0.00>
ST_9 : Operation 579 [1/1] (2.55ns)   --->   "%add_ln93_17 = add i32 %encoder_spike_counter_load_17, i32 1" [src/snn_top_hls.cpp:93->src/snn_top_hls.cpp:138->src/snn_top_hls.cpp:230]   --->   Operation 579 'add' 'add_ln93_17' <Predicate = (config_two_neuron_enable_val_read & config_encoding_type_val_read == 2 & icmp_ln194_1 & !p_ZL22encoder_temporal_fired_1_load_2 & !icmp_ln137_5 & tmp_33) | (config_two_neuron_enable_val_read & config_encoding_type_val_read == 2 & latency_window_reset_1_read & icmp_ln194_1 & !icmp_ln137_5 & tmp_33)> <Delay = 2.55> <CoreInst = "Adder">   --->   Core 1 'Adder' <Latency = 0> <II = 1> <Delay = 2.55> <FuncUnit> <Opcode : 'add' 'sub'> <InPorts = 2> <OutPorts = 1>
ST_9 : Operation 580 [1/1] (2.84ns)   --->   "%store_ln93 = store i32 %add_ln93_17, i32 %encoder_spike_counter" [src/snn_top_hls.cpp:93->src/snn_top_hls.cpp:138->src/snn_top_hls.cpp:230]   --->   Operation 580 'store' 'store_ln93' <Predicate = (config_two_neuron_enable_val_read & config_encoding_type_val_read == 2 & icmp_ln194_1 & !p_ZL22encoder_temporal_fired_1_load_2 & !icmp_ln137_5 & tmp_33) | (config_two_neuron_enable_val_read & config_encoding_type_val_read == 2 & latency_window_reset_1_read & icmp_ln194_1 & !icmp_ln137_5 & tmp_33)> <Delay = 2.84>
ST_9 : Operation 581 [1/1] (0.00ns)   --->   "%br_ln94 = br void %_ZL24encoder_write_axis_spikei6ap_intILi8EE7ap_uintILi32EERN3hls6streamI19encoder_axis_word_tLi0EEERS2_.exit.i602.1" [src/snn_top_hls.cpp:94->src/snn_top_hls.cpp:138->src/snn_top_hls.cpp:230]   --->   Operation 581 'br' 'br_ln94' <Predicate = (config_two_neuron_enable_val_read & config_encoding_type_val_read == 2 & icmp_ln194_1 & !p_ZL22encoder_temporal_fired_1_load_2 & !icmp_ln137_5 & tmp_33) | (config_two_neuron_enable_val_read & config_encoding_type_val_read == 2 & latency_window_reset_1_read & icmp_ln194_1 & !icmp_ln137_5 & tmp_33)> <Delay = 0.00>
ST_9 : Operation 582 [1/1] ( I:0.00ns O:0.00ns )   --->   "%tmp_32 = nbwritereq i1 @_ssdm_op_NbWriteReq.ap_fifo.i41P0A, i41 %encoder_spikes, i32 1" [src/snn_top_hls.cpp:82->src/snn_top_hls.cpp:111->src/snn_top_hls.cpp:227]   --->   Operation 582 'nbwritereq' 'tmp_32' <Predicate = (config_two_neuron_enable_val_read & config_encoding_type_val_read == 1 & icmp_ln194_1 & icmp_ln110_5)> <Delay = 0.00> <CoreInst = "FIFO">   --->   Core 77 'FIFO' <Latency = 0> <II = 1> <Delay = 3.60> <Storage> <Opcode : 'read' 'write' 'nbread' 'nbwrite'> <Ports = 0> <Width = 41> <Depth = 32> <FIFO>
ST_9 : Operation 583 [1/1] (0.00ns)   --->   "%br_ln82 = br i1 %tmp_32, void %_ZL24encoder_write_axis_spikei6ap_intILi8EE7ap_uintILi32EERN3hls6streamI19encoder_axis_word_tLi0EEERS2_.exit.i878.1, void %if.end.i.i877.1" [src/snn_top_hls.cpp:82->src/snn_top_hls.cpp:111->src/snn_top_hls.cpp:227]   --->   Operation 583 'br' 'br_ln82' <Predicate = (config_two_neuron_enable_val_read & config_encoding_type_val_read == 1 & icmp_ln194_1 & icmp_ln110_5)> <Delay = 0.00>
ST_9 : Operation 584 [1/1] (0.00ns)   --->   "%trunc_ln88_16 = trunc i32 %time_read" [src/snn_top_hls.cpp:88->src/snn_top_hls.cpp:111->src/snn_top_hls.cpp:227]   --->   Operation 584 'trunc' 'trunc_ln88_16' <Predicate = (config_two_neuron_enable_val_read & config_encoding_type_val_read == 1 & icmp_ln194_1 & icmp_ln110_5 & tmp_32)> <Delay = 0.00>
ST_9 : Operation 585 [1/1] (0.00ns)   --->   "%or_ln92_16 = bitconcatenate i33 @_ssdm_op_BitConcatenate.i33.i1.i14.i8.i8.i2, i1 1, i14 %trunc_ln88_16, i8 %config_default_weight_val_read, i8 %tmp_16, i2 3" [src/snn_top_hls.cpp:92->src/snn_top_hls.cpp:111->src/snn_top_hls.cpp:227]   --->   Operation 585 'bitconcatenate' 'or_ln92_16' <Predicate = (config_two_neuron_enable_val_read & config_encoding_type_val_read == 1 & icmp_ln194_1 & icmp_ln110_5 & tmp_32)> <Delay = 0.00>
ST_9 : Operation 586 [1/1] (0.00ns)   --->   "%sext_ln92_16 = sext i33 %or_ln92_16" [src/snn_top_hls.cpp:92->src/snn_top_hls.cpp:111->src/snn_top_hls.cpp:227]   --->   Operation 586 'sext' 'sext_ln92_16' <Predicate = (config_two_neuron_enable_val_read & config_encoding_type_val_read == 1 & icmp_ln194_1 & icmp_ln110_5 & tmp_32)> <Delay = 0.00>
ST_9 : Operation 587 [1/1] ( I:3.60ns O:3.60ns )   --->   "%write_ln92 = write void @_ssdm_op_Write.ap_fifo.volatile.i41P0A, i41 %encoder_spikes, i41 %sext_ln92_16" [src/snn_top_hls.cpp:92->src/snn_top_hls.cpp:111->src/snn_top_hls.cpp:227]   --->   Operation 587 'write' 'write_ln92' <Predicate = (config_two_neuron_enable_val_read & config_encoding_type_val_read == 1 & icmp_ln194_1 & icmp_ln110_5 & tmp_32)> <Delay = 3.60> <CoreInst = "FIFO">   --->   Core 77 'FIFO' <Latency = 0> <II = 1> <Delay = 3.60> <Storage> <Opcode : 'read' 'write' 'nbread' 'nbwrite'> <Ports = 0> <Width = 41> <Depth = 32> <FIFO>
ST_9 : Operation 588 [1/1] (0.00ns)   --->   "%encoder_spike_counter_load_16 = load i32 %encoder_spike_counter" [src/snn_top_hls.cpp:93->src/snn_top_hls.cpp:111->src/snn_top_hls.cpp:227]   --->   Operation 588 'load' 'encoder_spike_counter_load_16' <Predicate = (config_two_neuron_enable_val_read & config_encoding_type_val_read == 1 & icmp_ln194_1 & icmp_ln110_5 & tmp_32)> <Delay = 0.00>
ST_9 : Operation 589 [1/1] (2.55ns)   --->   "%add_ln93_16 = add i32 %encoder_spike_counter_load_16, i32 1" [src/snn_top_hls.cpp:93->src/snn_top_hls.cpp:111->src/snn_top_hls.cpp:227]   --->   Operation 589 'add' 'add_ln93_16' <Predicate = (config_two_neuron_enable_val_read & config_encoding_type_val_read == 1 & icmp_ln194_1 & icmp_ln110_5 & tmp_32)> <Delay = 2.55> <CoreInst = "Adder">   --->   Core 1 'Adder' <Latency = 0> <II = 1> <Delay = 2.55> <FuncUnit> <Opcode : 'add' 'sub'> <InPorts = 2> <OutPorts = 1>
ST_9 : Operation 590 [1/1] (2.84ns)   --->   "%store_ln93 = store i32 %add_ln93_16, i32 %encoder_spike_counter" [src/snn_top_hls.cpp:93->src/snn_top_hls.cpp:111->src/snn_top_hls.cpp:227]   --->   Operation 590 'store' 'store_ln93' <Predicate = (config_two_neuron_enable_val_read & config_encoding_type_val_read == 1 & icmp_ln194_1 & icmp_ln110_5 & tmp_32)> <Delay = 2.84>
ST_9 : Operation 591 [1/1] (0.00ns)   --->   "%br_ln94 = br void %_ZL24encoder_write_axis_spikei6ap_intILi8EE7ap_uintILi32EERN3hls6streamI19encoder_axis_word_tLi0EEERS2_.exit.i878.1" [src/snn_top_hls.cpp:94->src/snn_top_hls.cpp:111->src/snn_top_hls.cpp:227]   --->   Operation 591 'br' 'br_ln94' <Predicate = (config_two_neuron_enable_val_read & config_encoding_type_val_read == 1 & icmp_ln194_1 & icmp_ln110_5 & tmp_32)> <Delay = 0.00>
ST_9 : Operation 592 [1/1] ( I:0.00ns O:0.00ns )   --->   "%tmp_29 = nbwritereq i1 @_ssdm_op_NbWriteReq.ap_fifo.i41P0A, i41 %encoder_spikes, i32 1" [src/snn_top_hls.cpp:82->src/snn_top_hls.cpp:164->src/snn_top_hls.cpp:233]   --->   Operation 592 'nbwritereq' 'tmp_29' <Predicate = (config_two_neuron_enable_val_read & config_encoding_type_val_read == 3 & icmp_ln194_1 & !icmp_ln163_5)> <Delay = 0.00> <CoreInst = "FIFO">   --->   Core 77 'FIFO' <Latency = 0> <II = 1> <Delay = 3.60> <Storage> <Opcode : 'read' 'write' 'nbread' 'nbwrite'> <Ports = 0> <Width = 41> <Depth = 32> <FIFO>
ST_9 : Operation 593 [1/1] (0.00ns)   --->   "%br_ln82 = br i1 %tmp_29, void %_ZL24encoder_write_axis_spikei6ap_intILi8EE7ap_uintILi32EERN3hls6streamI19encoder_axis_word_tLi0EEERS2_.exit.i394.1, void %if.end.i.i389.1" [src/snn_top_hls.cpp:82->src/snn_top_hls.cpp:164->src/snn_top_hls.cpp:233]   --->   Operation 593 'br' 'br_ln82' <Predicate = (config_two_neuron_enable_val_read & config_encoding_type_val_read == 3 & icmp_ln194_1 & !icmp_ln163_5)> <Delay = 0.00>
ST_9 : Operation 594 [1/1] (0.00ns)   --->   "%trunc_ln88_15 = trunc i32 %time_read" [src/snn_top_hls.cpp:88->src/snn_top_hls.cpp:164->src/snn_top_hls.cpp:233]   --->   Operation 594 'trunc' 'trunc_ln88_15' <Predicate = (config_two_neuron_enable_val_read & config_encoding_type_val_read == 3 & icmp_ln194_1 & !icmp_ln163_5 & tmp_29)> <Delay = 0.00>
ST_9 : Operation 595 [1/1] (0.00ns)   --->   "%or_ln92_15 = bitconcatenate i33 @_ssdm_op_BitConcatenate.i33.i1.i14.i8.i8.i2, i1 1, i14 %trunc_ln88_15, i8 %config_default_weight_val_read, i8 %tmp_16, i2 3" [src/snn_top_hls.cpp:92->src/snn_top_hls.cpp:164->src/snn_top_hls.cpp:233]   --->   Operation 595 'bitconcatenate' 'or_ln92_15' <Predicate = (config_two_neuron_enable_val_read & config_encoding_type_val_read == 3 & icmp_ln194_1 & !icmp_ln163_5 & tmp_29)> <Delay = 0.00>
ST_9 : Operation 596 [1/1] (0.00ns)   --->   "%sext_ln92_15 = sext i33 %or_ln92_15" [src/snn_top_hls.cpp:92->src/snn_top_hls.cpp:164->src/snn_top_hls.cpp:233]   --->   Operation 596 'sext' 'sext_ln92_15' <Predicate = (config_two_neuron_enable_val_read & config_encoding_type_val_read == 3 & icmp_ln194_1 & !icmp_ln163_5 & tmp_29)> <Delay = 0.00>
ST_9 : Operation 597 [1/1] ( I:3.60ns O:3.60ns )   --->   "%write_ln92 = write void @_ssdm_op_Write.ap_fifo.volatile.i41P0A, i41 %encoder_spikes, i41 %sext_ln92_15" [src/snn_top_hls.cpp:92->src/snn_top_hls.cpp:164->src/snn_top_hls.cpp:233]   --->   Operation 597 'write' 'write_ln92' <Predicate = (config_two_neuron_enable_val_read & config_encoding_type_val_read == 3 & icmp_ln194_1 & !icmp_ln163_5 & tmp_29)> <Delay = 3.60> <CoreInst = "FIFO">   --->   Core 77 'FIFO' <Latency = 0> <II = 1> <Delay = 3.60> <Storage> <Opcode : 'read' 'write' 'nbread' 'nbwrite'> <Ports = 0> <Width = 41> <Depth = 32> <FIFO>
ST_9 : Operation 598 [1/1] (0.00ns)   --->   "%encoder_spike_counter_load_15 = load i32 %encoder_spike_counter" [src/snn_top_hls.cpp:93->src/snn_top_hls.cpp:164->src/snn_top_hls.cpp:233]   --->   Operation 598 'load' 'encoder_spike_counter_load_15' <Predicate = (config_two_neuron_enable_val_read & config_encoding_type_val_read == 3 & icmp_ln194_1 & !icmp_ln163_5 & tmp_29)> <Delay = 0.00>
ST_9 : Operation 599 [1/1] (2.55ns)   --->   "%add_ln93_15 = add i32 %encoder_spike_counter_load_15, i32 1" [src/snn_top_hls.cpp:93->src/snn_top_hls.cpp:164->src/snn_top_hls.cpp:233]   --->   Operation 599 'add' 'add_ln93_15' <Predicate = (config_two_neuron_enable_val_read & config_encoding_type_val_read == 3 & icmp_ln194_1 & !icmp_ln163_5 & tmp_29)> <Delay = 2.55> <CoreInst = "Adder">   --->   Core 1 'Adder' <Latency = 0> <II = 1> <Delay = 2.55> <FuncUnit> <Opcode : 'add' 'sub'> <InPorts = 2> <OutPorts = 1>
ST_9 : Operation 600 [1/1] (2.84ns)   --->   "%store_ln93 = store i32 %add_ln93_15, i32 %encoder_spike_counter" [src/snn_top_hls.cpp:93->src/snn_top_hls.cpp:164->src/snn_top_hls.cpp:233]   --->   Operation 600 'store' 'store_ln93' <Predicate = (config_two_neuron_enable_val_read & config_encoding_type_val_read == 3 & icmp_ln194_1 & !icmp_ln163_5 & tmp_29)> <Delay = 2.84>
ST_9 : Operation 601 [1/1] (0.00ns)   --->   "%br_ln94 = br void %_ZL24encoder_write_axis_spikei6ap_intILi8EE7ap_uintILi32EERN3hls6streamI19encoder_axis_word_tLi0EEERS2_.exit.i394.1" [src/snn_top_hls.cpp:94->src/snn_top_hls.cpp:164->src/snn_top_hls.cpp:233]   --->   Operation 601 'br' 'br_ln94' <Predicate = (config_two_neuron_enable_val_read & config_encoding_type_val_read == 3 & icmp_ln194_1 & !icmp_ln163_5 & tmp_29)> <Delay = 0.00>


============================================================
+ Verbose Summary: Timing violations
============================================================
Target clock period: 10.000ns, clock uncertainty: 2.700ns.

 <State 1>: 6.919ns
The critical path consists of the following:
	'store' operation ('store_ln75', src/snn_top_hls.cpp:75->src/snn_top_hls.cpp:164->src/snn_top_hls.cpp:251) of constant 0 10 bit on local variable 'channel', src/snn_top_hls.cpp:75->src/snn_top_hls.cpp:164->src/snn_top_hls.cpp:251 [45]  (1.588 ns)
	'load' operation 10 bit ('ch', src/snn_top_hls.cpp:192) on local variable 'channel', src/snn_top_hls.cpp:75->src/snn_top_hls.cpp:164->src/snn_top_hls.cpp:251 [48]  (0.000 ns)
	'icmp' operation 1 bit ('icmp_ln194', src/snn_top_hls.cpp:194) [59]  (2.077 ns)
	'store' operation ('store_ln130', src/snn_top_hls.cpp:130->src/snn_top_hls.cpp:213) of variable 'time_read' 32 bit on array 'p_ZL22encoder_temporal_start_0' [190]  (3.254 ns)

 <State 2>: 6.417ns
The critical path consists of the following:
	'load' operation 8 bit ('value', src/snn_top_hls.cpp:195) on array 'p_ZL13encoder_frame_0' [63]  (3.254 ns)
	'sub' operation 8 bit ('sub_ln66', src/snn_top_hls.cpp:66->src/snn_top_hls.cpp:200) [175]  (1.915 ns)
	'select' operation 8 bit ('on_val', src/snn_top_hls.cpp:65->src/snn_top_hls.cpp:200) [177]  (1.248 ns)

 <State 3>: 6.570ns
The critical path consists of the following:
	'xor' operation 8 bit ('xor_ln136', src/snn_top_hls.cpp:136->src/snn_top_hls.cpp:213) [193]  (0.990 ns)
	'mul' operation 24 bit ('mul_ln136', src/snn_top_hls.cpp:136->src/snn_top_hls.cpp:213) [195]  (5.580 ns)

 <State 4>: 6.570ns
The critical path consists of the following:
	'xor' operation 8 bit ('xor_ln136_4', src/snn_top_hls.cpp:136->src/snn_top_hls.cpp:248) [408]  (0.990 ns)
	'mul' operation 24 bit ('mul_ln136_4', src/snn_top_hls.cpp:136->src/snn_top_hls.cpp:248) [410]  (5.580 ns)

 <State 5>: 7.036ns
The critical path consists of the following:
	'add' operation 16 bit ('add_ln155', src/snn_top_hls.cpp:155->src/snn_top_hls.cpp:216) [328]  (2.077 ns)
	'icmp' operation 1 bit ('icmp_ln158', src/snn_top_hls.cpp:158->src/snn_top_hls.cpp:216) [329]  (2.077 ns)
	'select' operation 16 bit ('select_ln158', src/snn_top_hls.cpp:158->src/snn_top_hls.cpp:216) [331]  (0.805 ns)
	'icmp' operation 1 bit ('icmp_ln163', src/snn_top_hls.cpp:163->src/snn_top_hls.cpp:216) [333]  (2.077 ns)

 <State 6>: 6.136ns
The critical path consists of the following:
	'icmp' operation 1 bit ('icmp_ln158_2', src/snn_top_hls.cpp:158->src/snn_top_hls.cpp:233) [356]  (2.077 ns)
	'select' operation 16 bit ('select_ln158_2', src/snn_top_hls.cpp:158->src/snn_top_hls.cpp:233) [358]  (0.805 ns)
	'store' operation ('store_ln158', src/snn_top_hls.cpp:158->src/snn_top_hls.cpp:233) of variable 'select_ln158_2', src/snn_top_hls.cpp:158->src/snn_top_hls.cpp:233 16 bit on array 'p_ZL17encoder_phase_acc_1' [359]  (3.254 ns)

 <State 7>: 5.393ns
The critical path consists of the following:
	'load' operation 32 bit ('encoder_spike_counter_load_3', src/snn_top_hls.cpp:93->src/snn_top_hls.cpp:111->src/snn_top_hls.cpp:245) on static variable 'encoder_spike_counter' [134]  (0.000 ns)
	'add' operation 32 bit ('add_ln93_3', src/snn_top_hls.cpp:93->src/snn_top_hls.cpp:111->src/snn_top_hls.cpp:245) [135]  (2.552 ns)
	'store' operation ('store_ln93', src/snn_top_hls.cpp:93->src/snn_top_hls.cpp:111->src/snn_top_hls.cpp:245) of variable 'add_ln93_3', src/snn_top_hls.cpp:93->src/snn_top_hls.cpp:111->src/snn_top_hls.cpp:245 32 bit on static variable 'encoder_spike_counter' [136]  (2.841 ns)

 <State 8>: 5.393ns
The critical path consists of the following:
	'load' operation 32 bit ('encoder_spike_counter_load_10', src/snn_top_hls.cpp:93->src/snn_top_hls.cpp:111->src/snn_top_hls.cpp:210) on static variable 'encoder_spike_counter' [616]  (0.000 ns)
	'add' operation 32 bit ('add_ln93_10', src/snn_top_hls.cpp:93->src/snn_top_hls.cpp:111->src/snn_top_hls.cpp:210) [617]  (2.552 ns)
	'store' operation ('store_ln93', src/snn_top_hls.cpp:93->src/snn_top_hls.cpp:111->src/snn_top_hls.cpp:210) of variable 'add_ln93_10', src/snn_top_hls.cpp:93->src/snn_top_hls.cpp:111->src/snn_top_hls.cpp:210 32 bit on static variable 'encoder_spike_counter' [618]  (2.841 ns)

 <State 9>: 5.393ns
The critical path consists of the following:
	'load' operation 32 bit ('encoder_spike_counter_load_14', src/snn_top_hls.cpp:93->src/snn_top_hls.cpp:138->src/snn_top_hls.cpp:248) on static variable 'encoder_spike_counter' [427]  (0.000 ns)
	'add' operation 32 bit ('add_ln93_14', src/snn_top_hls.cpp:93->src/snn_top_hls.cpp:138->src/snn_top_hls.cpp:248) [428]  (2.552 ns)
	'store' operation ('store_ln93', src/snn_top_hls.cpp:93->src/snn_top_hls.cpp:138->src/snn_top_hls.cpp:248) of variable 'add_ln93_14', src/snn_top_hls.cpp:93->src/snn_top_hls.cpp:138->src/snn_top_hls.cpp:248 32 bit on static variable 'encoder_spike_counter' [429]  (2.841 ns)


============================================================
+ Verbose Summary: Binding
============================================================
N/A
* FSMD analyzer results:
  - Output states:
 - Input state : 
  - Chain level:
	State 1
	State 2
	State 3
	State 4
	State 5
	State 6
	State 7
	State 8
	State 9


============================================================
+ Verbose Summary: Datapath Resource usage 
============================================================
N/A
