

================================================================
== Vitis HLS Report for 'run_encoder_once_Pipeline_ENCODER_LOOP'
================================================================
* Date:           Tue Feb 10 18:59:26 2026

* Version:        2025.2 (Build 6295257 on Nov 14 2025)
* Project:        hls_csim_output
* Solution:       hls (Vivado IP Flow Target)
* Product family: zynq
* Target device:  xc7z020-clg400-1


================================================================
== Performance Estimates
================================================================
+ Timing: 
    * Summary: 
    +--------+----------+----------+------------+
    |  Clock |  Target  | Estimated| Uncertainty|
    +--------+----------+----------+------------+
    |ap_clk  |  10.00 ns|  7.036 ns|     2.70 ns|
    +--------+----------+----------+------------+

+ Latency: 
    * Summary: 
    +---------+---------+-----------+-----------+-----+-----+-------------------+
    |  Latency (cycles) |   Latency (absolute)  |  Interval |      Pipeline     |
    |   min   |   max   |    min    |    max    | min | max |        Type       |
    +---------+---------+-----------+-----------+-----+-----+-------------------+
    |     1574|     1574|  15.740 us|  15.740 us|    0|    0|  loop pipeline stp|
    +---------+---------+-----------+-----------+-----+-----+-------------------+

    + Detail: 
        * Instance: 
        N/A

        * Loop: 
        +----------------+---------+---------+----------+-----------+-----------+------+----------+
        |                |  Latency (cycles) | Iteration|  Initiation Interval  | Trip |          |
        |    Loop Name   |   min   |   max   |  Latency |  achieved |   target  | Count| Pipelined|
        +----------------+---------+---------+----------+-----------+-----------+------+----------+
        |- ENCODER_LOOP  |     1572|     1572|         9|          4|          1|   392|       yes|
        +----------------+---------+---------+----------+-----------+-----------+------+----------+



================================================================
== Utilization Estimates
================================================================
* Summary: 
+-----------------+---------+-----+--------+-------+-----+
|       Name      | BRAM_18K| DSP |   FF   |  LUT  | URAM|
+-----------------+---------+-----+--------+-------+-----+
|DSP              |        -|    -|       -|      -|    -|
|Expression       |        -|    -|       0|   1825|    -|
|FIFO             |        -|    -|       -|      -|    -|
|Instance         |        -|   12|       0|     72|    -|
|Memory           |        -|    -|       -|      -|    -|
|Multiplexer      |        -|    -|       0|    599|    -|
|Register         |        -|    -|    1044|      -|    -|
+-----------------+---------+-----+--------+-------+-----+
|Total            |        0|   12|    1044|   2496|    0|
+-----------------+---------+-----+--------+-------+-----+
|Available        |      280|  220|  106400|  53200|    0|
+-----------------+---------+-----+--------+-------+-----+
|Utilization (%)  |        0|    5|      ~0|      4|    0|
+-----------------+---------+-----+--------+-------+-----+

+ Detail: 
    * Instance: 
    +-------------------------+---------------------+---------+----+---+----+-----+
    |         Instance        |        Module       | BRAM_18K| DSP| FF| LUT| URAM|
    +-------------------------+---------------------+---------+----+---+----+-----+
    |mul_16ns_8ns_24_1_1_U31  |mul_16ns_8ns_24_1_1  |        0|   1|  0|   6|    0|
    |mul_16ns_8ns_24_1_1_U34  |mul_16ns_8ns_24_1_1  |        0|   1|  0|   6|    0|
    |mul_16ns_8ns_24_1_1_U35  |mul_16ns_8ns_24_1_1  |        0|   1|  0|   6|    0|
    |mul_16ns_8ns_24_1_1_U36  |mul_16ns_8ns_24_1_1  |        0|   1|  0|   6|    0|
    |mul_16ns_8ns_24_1_1_U39  |mul_16ns_8ns_24_1_1  |        0|   1|  0|   6|    0|
    |mul_16ns_8ns_24_1_1_U40  |mul_16ns_8ns_24_1_1  |        0|   1|  0|   6|    0|
    |mul_8ns_16ns_24_1_1_U32  |mul_8ns_16ns_24_1_1  |        0|   1|  0|   6|    0|
    |mul_8ns_16ns_24_1_1_U33  |mul_8ns_16ns_24_1_1  |        0|   1|  0|   6|    0|
    |mul_8ns_16ns_24_1_1_U37  |mul_8ns_16ns_24_1_1  |        0|   1|  0|   6|    0|
    |mul_8ns_16ns_24_1_1_U38  |mul_8ns_16ns_24_1_1  |        0|   1|  0|   6|    0|
    |mul_8ns_16ns_24_1_1_U41  |mul_8ns_16ns_24_1_1  |        0|   1|  0|   6|    0|
    |mul_8ns_16ns_24_1_1_U42  |mul_8ns_16ns_24_1_1  |        0|   1|  0|   6|    0|
    +-------------------------+---------------------+---------+----+---+----+-----+
    |Total                    |                     |        0|  12|  0|  72|    0|
    +-------------------------+---------------------+---------+----+---+----+-----+

    * DSP: 
    N/A

    * Memory: 
    N/A

    * FIFO: 
    N/A

    * Expression: 
    +---------------------------------------+----------+----+---+----+------------+------------+
    |             Variable Name             | Operation| DSP| FF| LUT| Bitwidth P0| Bitwidth P1|
    +---------------------------------------+----------+----+---+----+------------+------------+
    |add_ln137_1_fu_1292_p2                 |         +|   0|  0|  40|          33|          33|
    |add_ln137_2_fu_1068_p2                 |         +|   0|  0|  40|          33|          33|
    |add_ln137_3_fu_1224_p2                 |         +|   0|  0|  40|          33|          33|
    |add_ln137_4_fu_1353_p2                 |         +|   0|  0|  40|          33|          33|
    |add_ln137_5_fu_1237_p2                 |         +|   0|  0|  40|          33|          33|
    |add_ln137_fu_1051_p2                   |         +|   0|  0|  40|          33|          33|
    |add_ln155_1_fu_1301_p2                 |         +|   0|  0|  23|          16|          16|
    |add_ln155_2_fu_1341_p2                 |         +|   0|  0|  23|          16|          16|
    |add_ln155_3_fu_941_p2                  |         +|   0|  0|  23|          16|          16|
    |add_ln155_4_fu_1362_p2                 |         +|   0|  0|  23|          16|          16|
    |add_ln155_5_fu_950_p2                  |         +|   0|  0|  23|          16|          16|
    |add_ln155_fu_1310_p2                   |         +|   0|  0|  23|          16|          16|
    |ch_3_fu_1275_p2                        |         +|   0|  0|  13|          10|           2|
    |grp_fu_575_p2                          |         +|   0|  0|  39|          32|           1|
    |sub_ln159_1_fu_1522_p2                 |         -|   0|  0|  23|          16|          16|
    |sub_ln159_2_fu_1627_p2                 |         -|   0|  0|  23|          16|          16|
    |sub_ln159_3_fu_1247_p2                 |         -|   0|  0|  23|          16|          16|
    |sub_ln159_4_fu_1652_p2                 |         -|   0|  0|  23|          16|          16|
    |sub_ln159_5_fu_1263_p2                 |         -|   0|  0|  23|          16|          16|
    |sub_ln159_fu_1320_p2                   |         -|   0|  0|  23|          16|          16|
    |sub_ln165_1_fu_1730_p2                 |         -|   0|  0|  23|          16|          16|
    |sub_ln165_2_fu_1818_p2                 |         -|   0|  0|  23|          16|          16|
    |sub_ln165_3_fu_1494_p2                 |         -|   0|  0|  23|          16|          16|
    |sub_ln165_4_fu_1892_p2                 |         -|   0|  0|  23|          16|          16|
    |sub_ln165_5_fu_1503_p2                 |         -|   0|  0|  23|          16|          16|
    |sub_ln165_fu_1787_p2                   |         -|   0|  0|  23|          16|          16|
    |sub_ln66_1_fu_708_p2                   |         -|   0|  0|  15|           8|           8|
    |sub_ln66_fu_668_p2                     |         -|   0|  0|  15|           8|           8|
    |sub_ln70_1_fu_713_p2                   |         -|   0|  0|  15|           8|           8|
    |sub_ln70_fu_673_p2                     |         -|   0|  0|  15|           8|           8|
    |ap_block_pp0_stage0_01001_grp4         |       and|   0|  0|   2|           1|           1|
    |ap_block_pp0_stage1_01001_grp1         |       and|   0|  0|   2|           1|           1|
    |ap_block_pp0_stage2_01001_grp2         |       and|   0|  0|   2|           1|           1|
    |ap_block_pp0_stage3_01001_grp3         |       and|   0|  0|   2|           1|           1|
    |ap_predicate_op402_write_state6        |       and|   0|  0|   2|           1|           1|
    |ap_predicate_op413_write_state6        |       and|   0|  0|   2|           1|           1|
    |ap_predicate_op440_write_state7        |       and|   0|  0|   2|           1|           1|
    |ap_predicate_op448_write_state7        |       and|   0|  0|   2|           1|           1|
    |ap_predicate_op471_write_state7        |       and|   0|  0|   2|           1|           1|
    |ap_predicate_op484_write_state7        |       and|   0|  0|   2|           1|           1|
    |ap_predicate_op533_write_state8        |       and|   0|  0|   2|           1|           1|
    |ap_predicate_op543_write_state8        |       and|   0|  0|   2|           1|           1|
    |ap_predicate_op559_write_state9        |       and|   0|  0|   2|           1|           1|
    |ap_predicate_op567_write_state9        |       and|   0|  0|   2|           1|           1|
    |ap_predicate_op587_write_state9        |       and|   0|  0|   2|           1|           1|
    |ap_predicate_op597_write_state9        |       and|   0|  0|   2|           1|           1|
    |ap_predicate_pred1189_state3           |       and|   0|  0|   2|           1|           1|
    |ap_predicate_pred1267_state3           |       and|   0|  0|   2|           1|           1|
    |ap_predicate_pred1357_state5           |       and|   0|  0|   2|           1|           1|
    |ap_predicate_pred1364_state6           |       and|   0|  0|   2|           1|           1|
    |ap_predicate_pred1413_state6           |       and|   0|  0|   2|           1|           1|
    |ap_predicate_pred283_state5            |       and|   0|  0|   2|           1|           1|
    |ap_predicate_pred287_state7            |       and|   0|  0|   2|           1|           1|
    |ap_predicate_pred340_state7            |       and|   0|  0|   2|           1|           1|
    |ap_predicate_pred372_state7            |       and|   0|  0|   2|           1|           1|
    |ap_predicate_pred792_state3            |       and|   0|  0|   2|           1|           1|
    |ap_predicate_pred807_state4            |       and|   0|  0|   2|           1|           1|
    |ap_predicate_pred811_state4            |       and|   0|  0|   2|           1|           1|
    |ap_predicate_pred844_state3            |       and|   0|  0|   2|           1|           1|
    |ap_predicate_pred884_state3            |       and|   0|  0|   2|           1|           1|
    |ap_predicate_pred903_state5            |       and|   0|  0|   2|           1|           1|
    |ap_predicate_pred911_state4            |       and|   0|  0|   2|           1|           1|
    |ap_predicate_pred916_state4            |       and|   0|  0|   2|           1|           1|
    |icmp_ln110_1_fu_1040_p2                |      icmp|   0|  0|  23|          16|          16|
    |icmp_ln110_2_fu_1188_p2                |      icmp|   0|  0|  23|          16|          16|
    |icmp_ln110_3_fu_1422_p2                |      icmp|   0|  0|  23|          16|          16|
    |icmp_ln110_4_fu_1883_p2                |      icmp|   0|  0|  23|          16|          16|
    |icmp_ln110_5_fu_1485_p2                |      icmp|   0|  0|  23|          16|          16|
    |icmp_ln110_fu_1125_p2                  |      icmp|   0|  0|  23|          16|          16|
    |icmp_ln137_1_fu_1508_p2                |      icmp|   0|  0|  40|          33|          33|
    |icmp_ln137_2_fu_1074_p2                |      icmp|   0|  0|  40|          33|          33|
    |icmp_ln137_3_fu_1368_p2                |      icmp|   0|  0|  40|          33|          33|
    |icmp_ln137_4_fu_1644_p2                |      icmp|   0|  0|  40|          33|          33|
    |icmp_ln137_5_fu_1372_p2                |      icmp|   0|  0|  40|          33|          33|
    |icmp_ln137_fu_1057_p2                  |      icmp|   0|  0|  40|          33|          33|
    |icmp_ln158_1_fu_1518_p2                |      icmp|   0|  0|  23|          16|          16|
    |icmp_ln158_2_fu_1623_p2                |      icmp|   0|  0|  23|          16|          16|
    |icmp_ln158_3_fu_1243_p2                |      icmp|   0|  0|  23|          16|          16|
    |icmp_ln158_4_fu_1648_p2                |      icmp|   0|  0|  23|          16|          16|
    |icmp_ln158_5_fu_1259_p2                |      icmp|   0|  0|  23|          16|          16|
    |icmp_ln158_fu_1315_p2                  |      icmp|   0|  0|  23|          16|          16|
    |icmp_ln163_1_fu_1534_p2                |      icmp|   0|  0|  23|          16|          16|
    |icmp_ln163_2_fu_1639_p2                |      icmp|   0|  0|  23|          16|          16|
    |icmp_ln163_3_fu_1490_p2                |      icmp|   0|  0|  23|          16|          16|
    |icmp_ln163_4_fu_1888_p2                |      icmp|   0|  0|  23|          16|          16|
    |icmp_ln163_5_fu_1499_p2                |      icmp|   0|  0|  23|          16|          16|
    |icmp_ln163_fu_1333_p2                  |      icmp|   0|  0|  23|          16|          16|
    |icmp_ln192_fu_601_p2                   |      icmp|   0|  0|  13|          10|           9|
    |icmp_ln194_1_fu_657_p2                 |      icmp|   0|  0|  23|          16|          16|
    |icmp_ln194_fu_639_p2                   |      icmp|   0|  0|  23|          16|          16|
    |icmp_ln65_1_fu_703_p2                  |      icmp|   0|  0|  15|           8|           8|
    |icmp_ln65_fu_663_p2                    |      icmp|   0|  0|  15|           8|           8|
    |ap_block_state6_pp0_stage1_iter1_grp1  |        or|   0|  0|   2|           1|           1|
    |ap_block_state7_pp0_stage2_iter1_grp2  |        or|   0|  0|   2|           1|           1|
    |ap_block_state8_pp0_stage3_iter1_grp3  |        or|   0|  0|   2|           1|           1|
    |ap_block_state9_pp0_stage0_iter2_grp4  |        or|   0|  0|   2|           1|           1|
    |ap_predicate_op388_write_state6        |        or|   0|  0|   2|           1|           1|
    |ap_predicate_op435_write_state7        |        or|   0|  0|   2|           1|           1|
    |ap_predicate_op461_write_state7        |        or|   0|  0|   2|           1|           1|
    |ap_predicate_op523_write_state8        |        or|   0|  0|   2|           1|           1|
    |ap_predicate_op551_write_state9        |        or|   0|  0|   2|           1|           1|
    |ap_predicate_op577_write_state9        |        or|   0|  0|   2|           1|           1|
    |ap_predicate_pred1245_state6           |        or|   0|  0|   2|           1|           1|
    |ap_predicate_pred1302_state6           |        or|   0|  0|   2|           1|           1|
    |ap_predicate_pred2187_state4           |        or|   0|  0|   2|           1|           1|
    |ap_predicate_pred2197_state4           |        or|   0|  0|   2|           1|           1|
    |ap_predicate_pred2260_state5           |        or|   0|  0|   2|           1|           1|
    |ap_predicate_pred2265_state5           |        or|   0|  0|   2|           1|           1|
    |ap_predicate_pred2295_state6           |        or|   0|  0|   2|           1|           1|
    |ap_predicate_pred2328_state6           |        or|   0|  0|   2|           1|           1|
    |off_val_1_fu_726_p3                    |    select|   0|  0|   8|           1|           1|
    |off_val_fu_686_p3                      |    select|   0|  0|   8|           1|           1|
    |on_val_1_fu_718_p3                     |    select|   0|  0|   8|           1|           8|
    |on_val_fu_678_p3                       |    select|   0|  0|   8|           1|           8|
    |select_ln158_1_fu_1526_p3              |    select|   0|  0|  16|           1|          16|
    |select_ln158_2_fu_1631_p3              |    select|   0|  0|  16|           1|          16|
    |select_ln158_3_fu_1251_p3              |    select|   0|  0|  16|           1|          16|
    |select_ln158_4_fu_1656_p3              |    select|   0|  0|  16|           1|          16|
    |select_ln158_5_fu_1267_p3              |    select|   0|  0|  16|           1|          16|
    |select_ln158_fu_1325_p3                |    select|   0|  0|  16|           1|          16|
    |ap_enable_pp0                          |       xor|   0|  0|   2|           1|           2|
    |xor_ln136_1_fu_956_p2                  |       xor|   0|  0|   8|           8|           2|
    |xor_ln136_2_fu_776_p2                  |       xor|   0|  0|   8|           8|           2|
    |xor_ln136_3_fu_854_p2                  |       xor|   0|  0|   8|           8|           2|
    |xor_ln136_4_fu_1193_p2                 |       xor|   0|  0|   8|           8|           2|
    |xor_ln136_5_fu_878_p2                  |       xor|   0|  0|   8|           8|           2|
    |xor_ln136_fu_752_p2                    |       xor|   0|  0|   8|           8|           2|
    |xor_ln42_10_fu_1154_p2                 |       xor|   0|  0|   2|           1|           1|
    |xor_ln42_11_fu_1160_p2                 |       xor|   0|  0|   2|           1|           1|
    |xor_ln42_12_fu_1396_p2                 |       xor|   0|  0|   2|           1|           1|
    |xor_ln42_13_fu_1402_p2                 |       xor|   0|  0|   2|           1|           1|
    |xor_ln42_14_fu_1851_p2                 |       xor|   0|  0|   2|           1|           1|
    |xor_ln42_15_fu_1857_p2                 |       xor|   0|  0|   2|           1|           1|
    |xor_ln42_16_fu_1451_p2                 |       xor|   0|  0|   2|           1|           1|
    |xor_ln42_17_fu_1457_p2                 |       xor|   0|  0|   2|           1|           1|
    |xor_ln42_1_fu_1020_p2                  |       xor|   0|  0|   2|           1|           1|
    |xor_ln42_2_fu_1166_p2                  |       xor|   0|  0|   2|           1|           1|
    |xor_ln42_3_fu_1408_p2                  |       xor|   0|  0|   2|           1|           1|
    |xor_ln42_4_fu_1863_p2                  |       xor|   0|  0|   2|           1|           1|
    |xor_ln42_5_fu_1463_p2                  |       xor|   0|  0|   2|           1|           1|
    |xor_ln42_6_fu_1105_p2                  |       xor|   0|  0|   2|           1|           1|
    |xor_ln42_7_fu_1099_p2                  |       xor|   0|  0|   2|           1|           1|
    |xor_ln42_8_fu_1008_p2                  |       xor|   0|  0|   2|           1|           1|
    |xor_ln42_9_fu_1014_p2                  |       xor|   0|  0|   2|           1|           1|
    |xor_ln42_fu_1111_p2                    |       xor|   0|  0|   2|           1|           1|
    +---------------------------------------+----------+----+---+----+------------+------------+
    |Total                                  |          |   0|  0|1825|        1232|        1261|
    +---------------------------------------+----------+----+---+----+------------+------------+

    * Multiplexer: 
    +-----------------------------------------------+----+-----------+-----+-----------+
    |                      Name                     | LUT| Input Size| Bits| Total Bits|
    +-----------------------------------------------+----+-----------+-----+-----------+
    |ap_NS_fsm                                      |  25|          5|    1|          5|
    |ap_done_int                                    |   9|          2|    1|          2|
    |ap_enable_reg_pp0_iter0                        |   9|          2|    1|          2|
    |ap_enable_reg_pp0_iter1                        |   9|          2|    1|          2|
    |ap_enable_reg_pp0_iter2                        |   9|          2|    1|          2|
    |ap_loop_exit_ready_pp0_iter1_reg               |   9|          2|    1|          2|
    |ap_sig_allocacmp_ch_2                          |   9|          2|   10|         20|
    |ch_fu_156                                      |   9|          2|   10|         20|
    |encoder_spike_counter_o                        |   9|          2|   32|         64|
    |encoder_spikes_blk_n                           |   9|          2|    1|          2|
    |encoder_spikes_din                             |  93|         19|   41|        779|
    |lfsr                                           |  20|          4|   16|         64|
    |p_ZL17encoder_phase_acc_0_address0_local       |  20|          4|    9|         36|
    |p_ZL17encoder_phase_acc_0_address1_local       |  20|          4|    9|         36|
    |p_ZL17encoder_phase_acc_0_d1_local             |  37|          7|   16|        112|
    |p_ZL17encoder_phase_acc_1_address0_local       |  20|          4|    9|         36|
    |p_ZL17encoder_phase_acc_1_address1_local       |  20|          4|    9|         36|
    |p_ZL17encoder_phase_acc_1_d1_local             |  37|          7|   16|        112|
    |p_ZL22encoder_temporal_fired_0_address0_local  |  14|          3|    9|         27|
    |p_ZL22encoder_temporal_fired_0_address1_local  |  31|          6|    9|         54|
    |p_ZL22encoder_temporal_fired_0_d1_local        |  14|          3|    1|          3|
    |p_ZL22encoder_temporal_fired_1_address0_local  |  14|          3|    9|         27|
    |p_ZL22encoder_temporal_fired_1_address1_local  |  31|          6|    9|         54|
    |p_ZL22encoder_temporal_fired_1_d1_local        |  14|          3|    1|          3|
    |p_ZL22encoder_temporal_start_0_address0_local  |  20|          4|    9|         36|
    |p_ZL22encoder_temporal_start_0_address1_local  |  20|          4|    9|         36|
    |p_ZL22encoder_temporal_start_0_d1_local        |  14|          3|   32|         96|
    |p_ZL22encoder_temporal_start_1_address0_local  |  20|          4|    9|         36|
    |p_ZL22encoder_temporal_start_1_address1_local  |  20|          4|    9|         36|
    |p_ZL22encoder_temporal_start_1_d1_local        |  14|          3|   32|         96|
    +-----------------------------------------------+----+-----------+-----+-----------+
    |Total                                          | 599|        122|  322|       1836|
    +-----------------------------------------------+----+-----------+-----+-----------+

    * Register: 
    +--------------------------------------------------------------+----+----+-----+-----------+
    |                             Name                             | FF | LUT| Bits| Const Bits|
    +--------------------------------------------------------------+----+----+-----+-----------+
    |add_ln137_1_reg_2645                                          |  33|   0|   33|          0|
    |add_ln137_3_reg_2623                                          |  33|   0|   33|          0|
    |add_ln137_4_reg_2674                                          |  33|   0|   33|          0|
    |add_ln137_5_reg_2628                                          |  33|   0|   33|          0|
    |add_ln155_1_reg_2650                                          |  16|   0|   16|          0|
    |add_ln155_2_reg_2667                                          |  16|   0|   16|          0|
    |add_ln155_3_reg_2549                                          |  16|   0|   16|          0|
    |add_ln155_4_reg_2679                                          |  16|   0|   16|          0|
    |add_ln155_5_reg_2556                                          |  16|   0|   16|          0|
    |ap_CS_fsm                                                     |   4|   0|    4|          0|
    |ap_block_pp0_stage0_subdone_grp0_done_reg                     |   1|   0|    1|          0|
    |ap_block_pp0_stage1_subdone_grp0_done_reg                     |   1|   0|    1|          0|
    |ap_block_pp0_stage2_subdone_grp0_done_reg                     |   1|   0|    1|          0|
    |ap_block_pp0_stage3_subdone_grp0_done_reg                     |   1|   0|    1|          0|
    |ap_done_reg                                                   |   1|   0|    1|          0|
    |ap_enable_reg_pp0_iter0_reg                                   |   1|   0|    1|          0|
    |ap_enable_reg_pp0_iter1                                       |   1|   0|    1|          0|
    |ap_enable_reg_pp0_iter2                                       |   1|   0|    1|          0|
    |ap_loop_exit_ready_pp0_iter1_reg                              |   1|   0|    1|          0|
    |ap_predicate_pred1189_state3                                  |   1|   0|    1|          0|
    |ap_predicate_pred1245_state6                                  |   1|   0|    1|          0|
    |ap_predicate_pred1267_state3                                  |   1|   0|    1|          0|
    |ap_predicate_pred1302_state6                                  |   1|   0|    1|          0|
    |ap_predicate_pred1357_state5                                  |   1|   0|    1|          0|
    |ap_predicate_pred1364_state6                                  |   1|   0|    1|          0|
    |ap_predicate_pred1413_state6                                  |   1|   0|    1|          0|
    |ap_predicate_pred2187_state4                                  |   1|   0|    1|          0|
    |ap_predicate_pred2197_state4                                  |   1|   0|    1|          0|
    |ap_predicate_pred2260_state5                                  |   1|   0|    1|          0|
    |ap_predicate_pred2265_state5                                  |   1|   0|    1|          0|
    |ap_predicate_pred2295_state6                                  |   1|   0|    1|          0|
    |ap_predicate_pred2328_state6                                  |   1|   0|    1|          0|
    |ap_predicate_pred283_state5                                   |   1|   0|    1|          0|
    |ap_predicate_pred283_state6                                   |   1|   0|    1|          0|
    |ap_predicate_pred287_state7                                   |   1|   0|    1|          0|
    |ap_predicate_pred340_state7                                   |   1|   0|    1|          0|
    |ap_predicate_pred372_state7                                   |   1|   0|    1|          0|
    |ap_predicate_pred792_state3                                   |   1|   0|    1|          0|
    |ap_predicate_pred807_state4                                   |   1|   0|    1|          0|
    |ap_predicate_pred811_state4                                   |   1|   0|    1|          0|
    |ap_predicate_pred844_state3                                   |   1|   0|    1|          0|
    |ap_predicate_pred884_state3                                   |   1|   0|    1|          0|
    |ap_predicate_pred903_state5                                   |   1|   0|    1|          0|
    |ap_predicate_pred911_state4                                   |   1|   0|    1|          0|
    |ap_predicate_pred916_state4                                   |   1|   0|    1|          0|
    |ch_2_reg_2277                                                 |  10|   0|   10|          0|
    |ch_2_reg_2277_pp0_iter1_reg                                   |  10|   0|   10|          0|
    |ch_fu_156                                                     |  10|   0|   10|          0|
    |icmp_ln110_1_reg_2577                                         |   1|   0|    1|          0|
    |icmp_ln110_2_reg_2599                                         |   1|   0|    1|          0|
    |icmp_ln110_3_reg_2694                                         |   1|   0|    1|          0|
    |icmp_ln110_4_reg_2779                                         |   1|   0|    1|          0|
    |icmp_ln110_5_reg_2698                                         |   1|   0|    1|          0|
    |icmp_ln110_reg_2595                                           |   1|   0|    1|          0|
    |icmp_ln137_1_reg_2710                                         |   1|   0|    1|          0|
    |icmp_ln137_2_reg_2591                                         |   1|   0|    1|          0|
    |icmp_ln137_3_reg_2686                                         |   1|   0|    1|          0|
    |icmp_ln137_4_reg_2760                                         |   1|   0|    1|          0|
    |icmp_ln137_5_reg_2690                                         |   1|   0|    1|          0|
    |icmp_ln137_reg_2587                                           |   1|   0|    1|          0|
    |icmp_ln163_1_reg_2727                                         |   1|   0|    1|          0|
    |icmp_ln163_2_reg_2756                                         |   1|   0|    1|          0|
    |icmp_ln163_3_reg_2702                                         |   1|   0|    1|          0|
    |icmp_ln163_4_reg_2783                                         |   1|   0|    1|          0|
    |icmp_ln163_5_reg_2706                                         |   1|   0|    1|          0|
    |icmp_ln163_reg_2663                                           |   1|   0|    1|          0|
    |icmp_ln192_reg_2287                                           |   1|   0|    1|          0|
    |icmp_ln194_1_reg_2352                                         |   1|   0|    1|          0|
    |icmp_ln194_1_reg_2352_pp0_iter1_reg                           |   1|   0|    1|          0|
    |icmp_ln194_reg_2314                                           |   1|   0|    1|          0|
    |icmp_ln194_reg_2314_pp0_iter1_reg                             |   1|   0|    1|          0|
    |input_reg_2361                                                |   8|   0|    8|          0|
    |lfsr                                                          |  16|   0|   16|          0|
    |lshr_ln_reg_2297                                              |   9|   0|    9|          0|
    |lshr_ln_reg_2297_pp0_iter1_reg                                |   9|   0|    9|          0|
    |off_val_1_reg_2430                                            |   8|   0|    8|          0|
    |off_val_reg_2375                                              |   8|   0|    8|          0|
    |on_val_1_reg_2423                                             |   8|   0|    8|          0|
    |on_val_reg_2368                                               |   8|   0|    8|          0|
    |or_ln_reg_2347                                                |   9|   0|   10|          1|
    |p_ZL17encoder_phase_acc_0_addr_1_reg_2581                     |   9|   0|    9|          0|
    |p_ZL17encoder_phase_acc_0_addr_2_reg_2449                     |   8|   0|    9|          1|
    |p_ZL17encoder_phase_acc_0_addr_reg_2335                       |   9|   0|    9|          0|
    |p_ZL17encoder_phase_acc_0_addr_reg_2335_pp0_iter1_reg         |   9|   0|    9|          0|
    |p_ZL17encoder_phase_acc_0_load_reg_2400                       |  16|   0|   16|          0|
    |p_ZL17encoder_phase_acc_1_addr_1_reg_2617                     |   9|   0|    9|          0|
    |p_ZL17encoder_phase_acc_1_addr_2_reg_2455                     |   8|   0|    9|          1|
    |p_ZL17encoder_phase_acc_1_addr_reg_2341                       |   9|   0|    9|          0|
    |p_ZL17encoder_phase_acc_1_addr_reg_2341_pp0_iter1_reg         |   9|   0|    9|          0|
    |p_ZL17encoder_phase_acc_1_load_reg_2405                       |  16|   0|   16|          0|
    |p_ZL22encoder_temporal_fired_0_addr_1_reg_2461                |   9|   0|    9|          0|
    |p_ZL22encoder_temporal_fired_0_addr_2_reg_2437                |   8|   0|    9|          1|
    |p_ZL22encoder_temporal_fired_0_addr_reg_2323                  |   9|   0|    9|          0|
    |p_ZL22encoder_temporal_fired_0_addr_reg_2323_pp0_iter1_reg    |   9|   0|    9|          0|
    |p_ZL22encoder_temporal_fired_0_load_1_reg_2563                |   1|   0|    1|          0|
    |p_ZL22encoder_temporal_fired_0_load_2_reg_2511                |   1|   0|    1|          0|
    |p_ZL22encoder_temporal_fired_0_load_2_reg_2511_pp0_iter1_reg  |   1|   0|    1|          0|
    |p_ZL22encoder_temporal_fired_0_load_reg_2382                  |   1|   0|    1|          0|
    |p_ZL22encoder_temporal_fired_1_addr_1_reg_2501                |   9|   0|    9|          0|
    |p_ZL22encoder_temporal_fired_1_addr_2_reg_2443                |   8|   0|    9|          1|
    |p_ZL22encoder_temporal_fired_1_addr_reg_2329                  |   9|   0|    9|          0|
    |p_ZL22encoder_temporal_fired_1_addr_reg_2329_pp0_iter1_reg    |   9|   0|    9|          0|
    |p_ZL22encoder_temporal_fired_1_load_1_reg_2603                |   1|   0|    1|          0|
    |p_ZL22encoder_temporal_fired_1_load_1_reg_2603_pp0_iter1_reg  |   1|   0|    1|          0|
    |p_ZL22encoder_temporal_fired_1_load_2_reg_2525                |   1|   0|    1|          0|
    |p_ZL22encoder_temporal_fired_1_load_2_reg_2525_pp0_iter1_reg  |   1|   0|    1|          0|
    |p_ZL22encoder_temporal_fired_1_load_reg_2391                  |   1|   0|    1|          0|
    |p_ZL22encoder_temporal_fired_1_load_reg_2391_pp0_iter1_reg    |   1|   0|    1|          0|
    |p_ZL22encoder_temporal_start_0_load_reg_2476                  |  32|   0|   32|          0|
    |p_ZL22encoder_temporal_start_1_load_reg_2486                  |  32|   0|   32|          0|
    |select_ln158_1_reg_2722                                       |  16|   0|   16|          0|
    |select_ln158_2_reg_2751                                       |  16|   0|   16|          0|
    |select_ln158_3_reg_2633                                       |  16|   0|   16|          0|
    |select_ln158_4_reg_2764                                       |  16|   0|   16|          0|
    |select_ln158_5_reg_2639                                       |  16|   0|   16|          0|
    |select_ln158_reg_2657                                         |  16|   0|   16|          0|
    |spike_delay_1_reg_2567                                        |  16|   0|   16|          0|
    |spike_delay_2_reg_2481                                        |  16|   0|   16|          0|
    |spike_delay_3_reg_2515                                        |  16|   0|   16|          0|
    |spike_delay_4_reg_2607                                        |  16|   0|   16|          0|
    |spike_delay_5_reg_2529                                        |  16|   0|   16|          0|
    |spike_delay_reg_2471                                          |  16|   0|   16|          0|
    |spike_prob_1_reg_2466                                         |  16|   0|   16|          0|
    |spike_prob_2_reg_2496                                         |  16|   0|   16|          0|
    |spike_prob_3_reg_2539                                         |  16|   0|   16|          0|
    |spike_prob_4_reg_2506                                         |  16|   0|   16|          0|
    |spike_prob_5_reg_2544                                         |  16|   0|   16|          0|
    |spike_prob_reg_2491                                           |  16|   0|   16|          0|
    |tmp_12_reg_2714                                               |   1|   0|    1|          0|
    |tmp_16_reg_2787                                               |   8|   0|    8|          0|
    |tmp_19_reg_2805                                               |   1|   0|    1|          0|
    |tmp_21_reg_2801                                               |   1|   0|    1|          0|
    |tmp_24_reg_2797                                               |   1|   0|    1|          0|
    |tmp_8_reg_2731                                                |   1|   0|    1|          0|
    |tmp_9_reg_2718                                                |   1|   0|    1|          0|
    |trunc_ln203_reg_2735                                          |   9|   0|    9|          0|
    |value_8_reg_2416                                              |   8|   0|    8|          0|
    |zext_ln108_cast_reg_2257                                      |  16|   0|   24|          8|
    |zext_ln137_13_cast_reg_2247                                   |  16|   0|   24|          8|
    |zext_ln137_reg_2267                                           |  32|   0|   33|          1|
    |zext_ln192_2_reg_2304                                         |   9|   0|   64|         55|
    |zext_ln192_3_reg_2410                                         |   9|   0|   64|         55|
    |zext_ln192_reg_2291                                           |  10|   0|   64|         54|
    +--------------------------------------------------------------+----+----+-----+-----------+
    |Total                                                         |1044|   0| 1230|        186|
    +--------------------------------------------------------------+----+----+-----+-----------+



================================================================
== Interface
================================================================
* Summary: 
+-----------------------------------------+-----+-----+------------+----------------------------------------+--------------+
|                RTL Ports                | Dir | Bits|  Protocol  |              Source Object             |    C Type    |
+-----------------------------------------+-----+-----+------------+----------------------------------------+--------------+
|ap_clk                                   |   in|    1|  ap_ctrl_hs|  run_encoder_once_Pipeline_ENCODER_LOOP|  return value|
|ap_rst                                   |   in|    1|  ap_ctrl_hs|  run_encoder_once_Pipeline_ENCODER_LOOP|  return value|
|ap_start                                 |   in|    1|  ap_ctrl_hs|  run_encoder_once_Pipeline_ENCODER_LOOP|  return value|
|ap_done                                  |  out|    1|  ap_ctrl_hs|  run_encoder_once_Pipeline_ENCODER_LOOP|  return value|
|ap_idle                                  |  out|    1|  ap_ctrl_hs|  run_encoder_once_Pipeline_ENCODER_LOOP|  return value|
|ap_ready                                 |  out|    1|  ap_ctrl_hs|  run_encoder_once_Pipeline_ENCODER_LOOP|  return value|
|encoder_spikes_din                       |  out|   41|     ap_fifo|                          encoder_spikes|       pointer|
|encoder_spikes_full_n                    |   in|    1|     ap_fifo|                          encoder_spikes|       pointer|
|encoder_spikes_write                     |  out|    1|     ap_fifo|                          encoder_spikes|       pointer|
|time_r                                   |   in|   32|     ap_none|                                  time_r|        scalar|
|config_num_channels_val                  |   in|   16|     ap_none|                 config_num_channels_val|        scalar|
|config_baseline_val                      |   in|    8|     ap_none|                     config_baseline_val|        scalar|
|config_encoding_type_val                 |   in|    4|     ap_none|                config_encoding_type_val|        scalar|
|config_two_neuron_enable_val             |   in|    1|     ap_none|            config_two_neuron_enable_val|        scalar|
|zext_ln108                               |   in|   16|     ap_none|                              zext_ln108|        scalar|
|config_default_weight_val                |   in|    8|     ap_none|               config_default_weight_val|        scalar|
|latency_window_reset_1                   |   in|    1|     ap_none|                  latency_window_reset_1|        scalar|
|zext_ln137_13                            |   in|   16|     ap_none|                           zext_ln137_13|        scalar|
|config_delta_decay_val                   |   in|   16|     ap_none|                  config_delta_decay_val|        scalar|
|config_delta_threshold_val               |   in|   16|     ap_none|              config_delta_threshold_val|        scalar|
|p_ZL13encoder_frame_0_address0           |  out|    9|   ap_memory|                   p_ZL13encoder_frame_0|         array|
|p_ZL13encoder_frame_0_ce0                |  out|    1|   ap_memory|                   p_ZL13encoder_frame_0|         array|
|p_ZL13encoder_frame_0_q0                 |   in|    8|   ap_memory|                   p_ZL13encoder_frame_0|         array|
|encoder_spike_counter_i                  |   in|   32|     ap_ovld|                   encoder_spike_counter|       pointer|
|encoder_spike_counter_o                  |  out|   32|     ap_ovld|                   encoder_spike_counter|       pointer|
|encoder_spike_counter_o_ap_vld           |  out|    1|     ap_ovld|                   encoder_spike_counter|       pointer|
|p_ZL22encoder_temporal_fired_1_address0  |  out|    9|   ap_memory|          p_ZL22encoder_temporal_fired_1|         array|
|p_ZL22encoder_temporal_fired_1_ce0       |  out|    1|   ap_memory|          p_ZL22encoder_temporal_fired_1|         array|
|p_ZL22encoder_temporal_fired_1_q0        |   in|    1|   ap_memory|          p_ZL22encoder_temporal_fired_1|         array|
|p_ZL22encoder_temporal_fired_1_address1  |  out|    9|   ap_memory|          p_ZL22encoder_temporal_fired_1|         array|
|p_ZL22encoder_temporal_fired_1_ce1       |  out|    1|   ap_memory|          p_ZL22encoder_temporal_fired_1|         array|
|p_ZL22encoder_temporal_fired_1_we1       |  out|    1|   ap_memory|          p_ZL22encoder_temporal_fired_1|         array|
|p_ZL22encoder_temporal_fired_1_d1        |  out|    1|   ap_memory|          p_ZL22encoder_temporal_fired_1|         array|
|p_ZL22encoder_temporal_fired_1_q1        |   in|    1|   ap_memory|          p_ZL22encoder_temporal_fired_1|         array|
|p_ZL22encoder_temporal_fired_0_address0  |  out|    9|   ap_memory|          p_ZL22encoder_temporal_fired_0|         array|
|p_ZL22encoder_temporal_fired_0_ce0       |  out|    1|   ap_memory|          p_ZL22encoder_temporal_fired_0|         array|
|p_ZL22encoder_temporal_fired_0_q0        |   in|    1|   ap_memory|          p_ZL22encoder_temporal_fired_0|         array|
|p_ZL22encoder_temporal_fired_0_address1  |  out|    9|   ap_memory|          p_ZL22encoder_temporal_fired_0|         array|
|p_ZL22encoder_temporal_fired_0_ce1       |  out|    1|   ap_memory|          p_ZL22encoder_temporal_fired_0|         array|
|p_ZL22encoder_temporal_fired_0_we1       |  out|    1|   ap_memory|          p_ZL22encoder_temporal_fired_0|         array|
|p_ZL22encoder_temporal_fired_0_d1        |  out|    1|   ap_memory|          p_ZL22encoder_temporal_fired_0|         array|
|p_ZL22encoder_temporal_fired_0_q1        |   in|    1|   ap_memory|          p_ZL22encoder_temporal_fired_0|         array|
|p_ZL22encoder_temporal_start_0_address0  |  out|    9|   ap_memory|          p_ZL22encoder_temporal_start_0|         array|
|p_ZL22encoder_temporal_start_0_ce0       |  out|    1|   ap_memory|          p_ZL22encoder_temporal_start_0|         array|
|p_ZL22encoder_temporal_start_0_q0        |   in|   32|   ap_memory|          p_ZL22encoder_temporal_start_0|         array|
|p_ZL22encoder_temporal_start_0_address1  |  out|    9|   ap_memory|          p_ZL22encoder_temporal_start_0|         array|
|p_ZL22encoder_temporal_start_0_ce1       |  out|    1|   ap_memory|          p_ZL22encoder_temporal_start_0|         array|
|p_ZL22encoder_temporal_start_0_we1       |  out|    1|   ap_memory|          p_ZL22encoder_temporal_start_0|         array|
|p_ZL22encoder_temporal_start_0_d1        |  out|   32|   ap_memory|          p_ZL22encoder_temporal_start_0|         array|
|p_ZL22encoder_temporal_start_1_address0  |  out|    9|   ap_memory|          p_ZL22encoder_temporal_start_1|         array|
|p_ZL22encoder_temporal_start_1_ce0       |  out|    1|   ap_memory|          p_ZL22encoder_temporal_start_1|         array|
|p_ZL22encoder_temporal_start_1_q0        |   in|   32|   ap_memory|          p_ZL22encoder_temporal_start_1|         array|
|p_ZL22encoder_temporal_start_1_address1  |  out|    9|   ap_memory|          p_ZL22encoder_temporal_start_1|         array|
|p_ZL22encoder_temporal_start_1_ce1       |  out|    1|   ap_memory|          p_ZL22encoder_temporal_start_1|         array|
|p_ZL22encoder_temporal_start_1_we1       |  out|    1|   ap_memory|          p_ZL22encoder_temporal_start_1|         array|
|p_ZL22encoder_temporal_start_1_d1        |  out|   32|   ap_memory|          p_ZL22encoder_temporal_start_1|         array|
|p_ZL17encoder_phase_acc_1_address0       |  out|    9|   ap_memory|               p_ZL17encoder_phase_acc_1|         array|
|p_ZL17encoder_phase_acc_1_ce0            |  out|    1|   ap_memory|               p_ZL17encoder_phase_acc_1|         array|
|p_ZL17encoder_phase_acc_1_q0             |   in|   16|   ap_memory|               p_ZL17encoder_phase_acc_1|         array|
|p_ZL17encoder_phase_acc_1_address1       |  out|    9|   ap_memory|               p_ZL17encoder_phase_acc_1|         array|
|p_ZL17encoder_phase_acc_1_ce1            |  out|    1|   ap_memory|               p_ZL17encoder_phase_acc_1|         array|
|p_ZL17encoder_phase_acc_1_we1            |  out|    1|   ap_memory|               p_ZL17encoder_phase_acc_1|         array|
|p_ZL17encoder_phase_acc_1_d1             |  out|   16|   ap_memory|               p_ZL17encoder_phase_acc_1|         array|
|p_ZL17encoder_phase_acc_0_address0       |  out|    9|   ap_memory|               p_ZL17encoder_phase_acc_0|         array|
|p_ZL17encoder_phase_acc_0_ce0            |  out|    1|   ap_memory|               p_ZL17encoder_phase_acc_0|         array|
|p_ZL17encoder_phase_acc_0_q0             |   in|   16|   ap_memory|               p_ZL17encoder_phase_acc_0|         array|
|p_ZL17encoder_phase_acc_0_address1       |  out|    9|   ap_memory|               p_ZL17encoder_phase_acc_0|         array|
|p_ZL17encoder_phase_acc_0_ce1            |  out|    1|   ap_memory|               p_ZL17encoder_phase_acc_0|         array|
|p_ZL17encoder_phase_acc_0_we1            |  out|    1|   ap_memory|               p_ZL17encoder_phase_acc_0|         array|
|p_ZL17encoder_phase_acc_0_d1             |  out|   16|   ap_memory|               p_ZL17encoder_phase_acc_0|         array|
|p_ZL13encoder_frame_1_address0           |  out|    9|   ap_memory|                   p_ZL13encoder_frame_1|         array|
|p_ZL13encoder_frame_1_ce0                |  out|    1|   ap_memory|                   p_ZL13encoder_frame_1|         array|
|p_ZL13encoder_frame_1_q0                 |   in|    8|   ap_memory|                   p_ZL13encoder_frame_1|         array|
+-----------------------------------------+-----+-----+------------+----------------------------------------+--------------+

============================================================
+ Verbose Summary: Synthesis Manager
============================================================
InlineROM: 1
ExposeGlobal: 0
============================================================
+ Verbose Summary: CDFG Model
============================================================
IsTopModel: 0
ResetActiveHigh: 1
IsCombinational: 2
IsDatapathOnly: 2
HasWiredReturn: 1
HasMFsm: 2
HasVarLatency: 1
IsPipeline: 0
IsRtlPipelined: 0
IsInstanceOverlapped: 0
IsDontTouch: 0
HasImplIP: 0
IsGatedGlobalClock: 0

+ Individual pipeline summary: 
  * Pipeline-0: initiation interval (II) = 4, depth = 9


============================================================
+ Verbose Summary: Schedule
============================================================
* Number of FSM states : 9
* Pipeline : 1
  Pipeline-0 : II = 4, D = 9, States = { 1 2 3 4 5 6 7 8 9 }
* Dataflow Pipeline: 0

* FSM state transitions: 
1 --> 2 
2 --> 3 
3 --> 4 
4 --> 5 
5 --> 6 
6 --> 7 
7 --> 8 
8 --> 9 
9 --> 

* FSM state operations: 

State 1 <SV = 0> <Delay = 6.91>
ST_1 : Operation 12 [1/1] (0.00ns)   --->   "%ch = alloca i32 1" [src/snn_top_hls.cpp:75->src/snn_top_hls.cpp:164->src/snn_top_hls.cpp:251]   --->   Operation 12 'alloca' 'ch' <Predicate = true> <Delay = 0.00>
ST_1 : Operation 13 [1/1] (0.00ns)   --->   "%config_delta_threshold_val_read = read i16 @_ssdm_op_Read.ap_auto.i16, i16 %config_delta_threshold_val"   --->   Operation 13 'read' 'config_delta_threshold_val_read' <Predicate = true> <Delay = 0.00>
ST_1 : Operation 14 [1/1] (0.00ns)   --->   "%config_delta_decay_val_read = read i16 @_ssdm_op_Read.ap_auto.i16, i16 %config_delta_decay_val"   --->   Operation 14 'read' 'config_delta_decay_val_read' <Predicate = true> <Delay = 0.00>
ST_1 : Operation 15 [1/1] (0.00ns)   --->   "%zext_ln137_13_read = read i16 @_ssdm_op_Read.ap_auto.i16, i16 %zext_ln137_13"   --->   Operation 15 'read' 'zext_ln137_13_read' <Predicate = true> <Delay = 0.00>
ST_1 : Operation 16 [1/1] (0.00ns)   --->   "%latency_window_reset_1_read = read i1 @_ssdm_op_Read.ap_auto.i1, i1 %latency_window_reset_1"   --->   Operation 16 'read' 'latency_window_reset_1_read' <Predicate = true> <Delay = 0.00>
ST_1 : Operation 17 [1/1] (0.00ns)   --->   "%config_default_weight_val_read = read i8 @_ssdm_op_Read.ap_auto.i8, i8 %config_default_weight_val"   --->   Operation 17 'read' 'config_default_weight_val_read' <Predicate = true> <Delay = 0.00>
ST_1 : Operation 18 [1/1] (0.00ns)   --->   "%zext_ln108_read = read i16 @_ssdm_op_Read.ap_auto.i16, i16 %zext_ln108"   --->   Operation 18 'read' 'zext_ln108_read' <Predicate = true> <Delay = 0.00>
ST_1 : Operation 19 [1/1] (0.00ns)   --->   "%config_two_neuron_enable_val_read = read i1 @_ssdm_op_Read.ap_auto.i1, i1 %config_two_neuron_enable_val"   --->   Operation 19 'read' 'config_two_neuron_enable_val_read' <Predicate = true> <Delay = 0.00>
ST_1 : Operation 20 [1/1] (0.00ns)   --->   "%config_encoding_type_val_read = read i4 @_ssdm_op_Read.ap_auto.i4, i4 %config_encoding_type_val"   --->   Operation 20 'read' 'config_encoding_type_val_read' <Predicate = true> <Delay = 0.00>
ST_1 : Operation 21 [1/1] (0.00ns)   --->   "%config_baseline_val_read = read i8 @_ssdm_op_Read.ap_auto.i8, i8 %config_baseline_val"   --->   Operation 21 'read' 'config_baseline_val_read' <Predicate = true> <Delay = 0.00>
ST_1 : Operation 22 [1/1] (0.00ns)   --->   "%config_num_channels_val_read = read i16 @_ssdm_op_Read.ap_auto.i16, i16 %config_num_channels_val"   --->   Operation 22 'read' 'config_num_channels_val_read' <Predicate = true> <Delay = 0.00>
ST_1 : Operation 23 [1/1] (0.00ns)   --->   "%time_read = read i32 @_ssdm_op_Read.ap_auto.i32, i32 %time_r"   --->   Operation 23 'read' 'time_read' <Predicate = true> <Delay = 0.00>
ST_1 : Operation 24 [1/1] (0.00ns)   --->   "%zext_ln137_13_cast = zext i16 %zext_ln137_13_read"   --->   Operation 24 'zext' 'zext_ln137_13_cast' <Predicate = true> <Delay = 0.00>
ST_1 : Operation 25 [1/1] (0.00ns)   --->   "%zext_ln108_cast = zext i16 %zext_ln108_read"   --->   Operation 25 'zext' 'zext_ln108_cast' <Predicate = true> <Delay = 0.00>
ST_1 : Operation 26 [1/1] (0.00ns)   --->   "%specmemcore_ln0 = specmemcore void @_ssdm_op_SpecMemCore, i32 %p_ZL22encoder_temporal_start_0, i64 666, i64 22, i64 18446744073709551615, i1 0"   --->   Operation 26 'specmemcore' 'specmemcore_ln0' <Predicate = true> <Delay = 0.00>
ST_1 : Operation 27 [1/1] (0.00ns)   --->   "%specmemcore_ln0 = specmemcore void @_ssdm_op_SpecMemCore, i32 %p_ZL22encoder_temporal_start_1, i64 666, i64 22, i64 18446744073709551615, i1 0"   --->   Operation 27 'specmemcore' 'specmemcore_ln0' <Predicate = true> <Delay = 0.00>
ST_1 : Operation 28 [1/1] (0.00ns)   --->   "%specmemcore_ln0 = specmemcore void @_ssdm_op_SpecMemCore, i1 %p_ZL22encoder_temporal_fired_0, i64 666, i64 22, i64 18446744073709551615, i1 0"   --->   Operation 28 'specmemcore' 'specmemcore_ln0' <Predicate = true> <Delay = 0.00>
ST_1 : Operation 29 [1/1] (0.00ns)   --->   "%specmemcore_ln0 = specmemcore void @_ssdm_op_SpecMemCore, i1 %p_ZL22encoder_temporal_fired_1, i64 666, i64 22, i64 18446744073709551615, i1 0"   --->   Operation 29 'specmemcore' 'specmemcore_ln0' <Predicate = true> <Delay = 0.00>
ST_1 : Operation 30 [1/1] (0.00ns)   --->   "%specmemcore_ln0 = specmemcore void @_ssdm_op_SpecMemCore, i16 %p_ZL17encoder_phase_acc_0, i64 666, i64 22, i64 18446744073709551615, i1 0"   --->   Operation 30 'specmemcore' 'specmemcore_ln0' <Predicate = true> <Delay = 0.00>
ST_1 : Operation 31 [1/1] (0.00ns)   --->   "%specmemcore_ln0 = specmemcore void @_ssdm_op_SpecMemCore, i16 %p_ZL17encoder_phase_acc_1, i64 666, i64 22, i64 18446744073709551615, i1 0"   --->   Operation 31 'specmemcore' 'specmemcore_ln0' <Predicate = true> <Delay = 0.00>
ST_1 : Operation 32 [1/1] (0.00ns)   --->   "%specinterface_ln0 = specinterface void @_ssdm_op_SpecInterface, i41 %encoder_spikes, void @empty_35, i32 0, i32 0, void @empty_3, i32 0, i32 0, void @empty_3, void @empty_3, void @empty_3, i32 0, i32 0, i32 0, i32 0, void @empty_3, void @empty_3, i32 4294967295, i32 0, i32 0, i32 0"   --->   Operation 32 'specinterface' 'specinterface_ln0' <Predicate = true> <Delay = 0.00>
ST_1 : Operation 33 [1/1] (0.00ns)   --->   "%zext_ln137 = zext i32 %time_read" [src/snn_top_hls.cpp:137->src/snn_top_hls.cpp:248]   --->   Operation 33 'zext' 'zext_ln137' <Predicate = true> <Delay = 0.00>
ST_1 : Operation 34 [1/1] (1.58ns)   --->   "%store_ln75 = store i10 0, i10 %ch" [src/snn_top_hls.cpp:75->src/snn_top_hls.cpp:164->src/snn_top_hls.cpp:251]   --->   Operation 34 'store' 'store_ln75' <Predicate = true> <Delay = 1.58>
ST_1 : Operation 35 [1/1] (0.00ns)   --->   "%br_ln0 = br void %for.body"   --->   Operation 35 'br' 'br_ln0' <Predicate = true> <Delay = 0.00>
ST_1 : Operation 36 [1/1] (0.00ns)   --->   "%ch_2 = load i10 %ch" [src/snn_top_hls.cpp:192]   --->   Operation 36 'load' 'ch_2' <Predicate = true> <Delay = 0.00>
ST_1 : Operation 37 [1/1] (1.73ns)   --->   "%icmp_ln192 = icmp_ult  i10 %ch_2, i10 784" [src/snn_top_hls.cpp:192]   --->   Operation 37 'icmp' 'icmp_ln192' <Predicate = true> <Delay = 1.73> <CoreInst = "Cmp">   --->   Core 9 'Cmp' <Latency = 0> <II = 1> <Delay = 1.73> <FuncUnit> <Opcode : 'seteq' 'setne' 'setle' 'setge' 'setlt' 'setgt'> <InPorts = 2> <OutPorts = 1>
ST_1 : Operation 38 [1/1] (0.00ns)   --->   "%br_ln192 = br i1 %icmp_ln192, void %return.loopexit.exitStub, void %for.body.split" [src/snn_top_hls.cpp:192]   --->   Operation 38 'br' 'br_ln192' <Predicate = true> <Delay = 0.00>
ST_1 : Operation 39 [1/1] (0.00ns)   --->   "%zext_ln192 = zext i10 %ch_2" [src/snn_top_hls.cpp:192]   --->   Operation 39 'zext' 'zext_ln192' <Predicate = (icmp_ln192)> <Delay = 0.00>
ST_1 : Operation 40 [1/1] (0.00ns)   --->   "%zext_ln192_1 = zext i10 %ch_2" [src/snn_top_hls.cpp:192]   --->   Operation 40 'zext' 'zext_ln192_1' <Predicate = (icmp_ln192)> <Delay = 0.00>
ST_1 : Operation 41 [1/1] (0.00ns)   --->   "%specpipeline_ln192 = specpipeline void @_ssdm_op_SpecPipeline, i32 4294967295, i32 0, i32 0, i32 0, i32 4294967295, void @empty_3" [src/snn_top_hls.cpp:192]   --->   Operation 41 'specpipeline' 'specpipeline_ln192' <Predicate = (icmp_ln192)> <Delay = 0.00>
ST_1 : Operation 42 [1/1] (0.00ns)   --->   "%speclooptripcount_ln192 = speclooptripcount void @_ssdm_op_SpecLoopTripCount, i64 392, i64 392, i64 392" [src/snn_top_hls.cpp:192]   --->   Operation 42 'speclooptripcount' 'speclooptripcount_ln192' <Predicate = (icmp_ln192)> <Delay = 0.00>
ST_1 : Operation 43 [1/1] (0.00ns)   --->   "%specloopname_ln192 = specloopname void @_ssdm_op_SpecLoopName, void @empty_30" [src/snn_top_hls.cpp:192]   --->   Operation 43 'specloopname' 'specloopname_ln192' <Predicate = (icmp_ln192)> <Delay = 0.00>
ST_1 : Operation 44 [1/1] (0.00ns)   --->   "%lshr_ln = partselect i9 @_ssdm_op_PartSelect.i9.i10.i32.i32, i10 %ch_2, i32 1, i32 9" [src/snn_top_hls.cpp:192]   --->   Operation 44 'partselect' 'lshr_ln' <Predicate = (icmp_ln192)> <Delay = 0.00>
ST_1 : Operation 45 [1/1] (0.00ns)   --->   "%zext_ln192_2 = zext i9 %lshr_ln" [src/snn_top_hls.cpp:192]   --->   Operation 45 'zext' 'zext_ln192_2' <Predicate = (icmp_ln192)> <Delay = 0.00>
ST_1 : Operation 46 [1/1] (2.07ns)   --->   "%icmp_ln194 = icmp_ult  i16 %zext_ln192_1, i16 %config_num_channels_val_read" [src/snn_top_hls.cpp:194]   --->   Operation 46 'icmp' 'icmp_ln194' <Predicate = (icmp_ln192)> <Delay = 2.07> <CoreInst = "Cmp">   --->   Core 9 'Cmp' <Latency = 0> <II = 1> <Delay = 2.07> <FuncUnit> <Opcode : 'seteq' 'setne' 'setle' 'setge' 'setlt' 'setgt'> <InPorts = 2> <OutPorts = 1>
ST_1 : Operation 47 [1/1] (0.00ns)   --->   "%br_ln194 = br i1 %icmp_ln194, void %for.inc, void %if.end13" [src/snn_top_hls.cpp:194]   --->   Operation 47 'br' 'br_ln194' <Predicate = (icmp_ln192)> <Delay = 0.00>
ST_1 : Operation 48 [1/1] (0.00ns)   --->   "%p_ZL13encoder_frame_0_addr = getelementptr i8 %p_ZL13encoder_frame_0, i64 0, i64 %zext_ln192_2" [src/snn_top_hls.cpp:195]   --->   Operation 48 'getelementptr' 'p_ZL13encoder_frame_0_addr' <Predicate = (icmp_ln192 & icmp_ln194)> <Delay = 0.00>
ST_1 : Operation 49 [2/2] (3.25ns)   --->   "%input = load i9 %p_ZL13encoder_frame_0_addr" [src/snn_top_hls.cpp:195]   --->   Operation 49 'load' 'input' <Predicate = (icmp_ln192 & icmp_ln194)> <Delay = 3.25> <CoreInst = "RAM">   --->   Core 81 'RAM' <Latency = 1> <II = 1> <Delay = 3.25> <Storage> <Opcode : 'load' 'store'> <Ports = 2> <Width = 8> <Depth = 392> <RAM>
ST_1 : Operation 50 [1/1] (0.00ns)   --->   "%br_ln197 = br i1 %config_two_neuron_enable_val_read, void %if.else, void %if.then14" [src/snn_top_hls.cpp:197]   --->   Operation 50 'br' 'br_ln197' <Predicate = (icmp_ln192 & icmp_ln194)> <Delay = 0.00>
ST_1 : Operation 51 [1/1] (1.73ns)   --->   "%switch_ln240 = switch i4 %config_encoding_type_val_read, void %sw.epilog55, i4 3, void %sw.bb51, i4 1, void %_ZL19encoder_lfsr_randomv.exit.i, i4 2, void %sw.bb48" [src/snn_top_hls.cpp:240]   --->   Operation 51 'switch' 'switch_ln240' <Predicate = (icmp_ln192 & icmp_ln194 & !config_two_neuron_enable_val_read)> <Delay = 1.73>
ST_1 : Operation 52 [1/1] (0.00ns)   --->   "%br_ln128 = br i1 %latency_window_reset_1_read, void %if.end.i38thread-pre-split, void %if.end.i38" [src/snn_top_hls.cpp:128->src/snn_top_hls.cpp:248]   --->   Operation 52 'br' 'br_ln128' <Predicate = (icmp_ln192 & icmp_ln194 & !config_two_neuron_enable_val_read & config_encoding_type_val_read == 2)> <Delay = 0.00>
ST_1 : Operation 53 [1/1] (0.00ns)   --->   "%p_ZL22encoder_temporal_start_0_addr_1 = getelementptr i32 %p_ZL22encoder_temporal_start_0, i64 0, i64 %zext_ln192_2" [src/snn_top_hls.cpp:130->src/snn_top_hls.cpp:248]   --->   Operation 53 'getelementptr' 'p_ZL22encoder_temporal_start_0_addr_1' <Predicate = (icmp_ln192 & icmp_ln194 & !config_two_neuron_enable_val_read & config_encoding_type_val_read == 2 & latency_window_reset_1_read)> <Delay = 0.00>
ST_1 : Operation 54 [1/1] ( I:3.25ns O:3.25ns )   --->   "%store_ln130 = store i32 %time_read, i9 %p_ZL22encoder_temporal_start_0_addr_1" [src/snn_top_hls.cpp:130->src/snn_top_hls.cpp:248]   --->   Operation 54 'store' 'store_ln130' <Predicate = (icmp_ln192 & icmp_ln194 & !config_two_neuron_enable_val_read & config_encoding_type_val_read == 2 & latency_window_reset_1_read)> <Delay = 3.25> <CoreInst = "RAM_2P_BRAM">   --->   Core 90 'RAM_2P_BRAM' <Latency = 1> <II = 1> <Delay = 3.25> <Storage> <Opcode : 'load' 'store'> <Ports = 2> <Width = 32> <Depth = 392> <RAM>
ST_1 : Operation 55 [1/1] (0.00ns)   --->   "%br_ln249 = br void %sw.epilog55" [src/snn_top_hls.cpp:249]   --->   Operation 55 'br' 'br_ln249' <Predicate = (icmp_ln192 & icmp_ln194 & !config_two_neuron_enable_val_read & config_encoding_type_val_read == 2)> <Delay = 0.00>
ST_1 : Operation 56 [1/1] (0.00ns)   --->   "%br_ln246 = br void %sw.epilog55" [src/snn_top_hls.cpp:246]   --->   Operation 56 'br' 'br_ln246' <Predicate = (icmp_ln192 & icmp_ln194 & !config_two_neuron_enable_val_read & config_encoding_type_val_read == 1)> <Delay = 0.00>
ST_1 : Operation 57 [1/1] (0.00ns)   --->   "%br_ln252 = br void %sw.epilog55" [src/snn_top_hls.cpp:252]   --->   Operation 57 'br' 'br_ln252' <Predicate = (icmp_ln192 & icmp_ln194 & !config_two_neuron_enable_val_read & config_encoding_type_val_read == 3)> <Delay = 0.00>
ST_1 : Operation 58 [1/1] (0.00ns)   --->   "%br_ln0 = br void %if.end56"   --->   Operation 58 'br' 'br_ln0' <Predicate = (icmp_ln192 & icmp_ln194 & !config_two_neuron_enable_val_read)> <Delay = 0.00>
ST_1 : Operation 59 [1/1] (1.73ns)   --->   "%switch_ln206 = switch i4 %config_encoding_type_val_read, void %sw.epilog41, i4 3, void %sw.bb25, i4 1, void %_ZL19encoder_lfsr_randomv.exit.i1421, i4 2, void %sw.bb22" [src/snn_top_hls.cpp:206]   --->   Operation 59 'switch' 'switch_ln206' <Predicate = (icmp_ln192 & icmp_ln194 & config_two_neuron_enable_val_read)> <Delay = 1.73>
ST_1 : Operation 60 [1/1] (0.00ns)   --->   "%p_ZL22encoder_temporal_fired_0_addr = getelementptr i1 %p_ZL22encoder_temporal_fired_0, i64 0, i64 %zext_ln192" [src/snn_top_hls.cpp:133->src/snn_top_hls.cpp:213]   --->   Operation 60 'getelementptr' 'p_ZL22encoder_temporal_fired_0_addr' <Predicate = (icmp_ln192 & icmp_ln194 & config_two_neuron_enable_val_read & config_encoding_type_val_read == 2)> <Delay = 0.00>
ST_1 : Operation 61 [1/1] (0.00ns)   --->   "%br_ln128 = br i1 %latency_window_reset_1_read, void %if.end.i1070thread-pre-split, void %if.end.i1070" [src/snn_top_hls.cpp:128->src/snn_top_hls.cpp:213]   --->   Operation 61 'br' 'br_ln128' <Predicate = (icmp_ln192 & icmp_ln194 & config_two_neuron_enable_val_read & config_encoding_type_val_read == 2)> <Delay = 0.00>
ST_1 : Operation 62 [2/2] (3.25ns)   --->   "%p_ZL22encoder_temporal_fired_0_load = load i9 %p_ZL22encoder_temporal_fired_0_addr" [src/snn_top_hls.cpp:133->src/snn_top_hls.cpp:213]   --->   Operation 62 'load' 'p_ZL22encoder_temporal_fired_0_load' <Predicate = (icmp_ln192 & icmp_ln194 & config_two_neuron_enable_val_read & config_encoding_type_val_read == 2 & !latency_window_reset_1_read)> <Delay = 3.25> <CoreInst = "RAM_2P_BRAM">   --->   Core 90 'RAM_2P_BRAM' <Latency = 1> <II = 1> <Delay = 3.25> <Storage> <Opcode : 'load' 'store'> <Ports = 2> <Width = 1> <Depth = 392> <RAM>
ST_1 : Operation 63 [1/1] (0.00ns)   --->   "%p_ZL22encoder_temporal_start_0_addr = getelementptr i32 %p_ZL22encoder_temporal_start_0, i64 0, i64 %zext_ln192" [src/snn_top_hls.cpp:130->src/snn_top_hls.cpp:213]   --->   Operation 63 'getelementptr' 'p_ZL22encoder_temporal_start_0_addr' <Predicate = (icmp_ln192 & icmp_ln194 & config_two_neuron_enable_val_read & config_encoding_type_val_read == 2 & latency_window_reset_1_read)> <Delay = 0.00>
ST_1 : Operation 64 [1/1] ( I:3.25ns O:3.25ns )   --->   "%store_ln130 = store i32 %time_read, i9 %p_ZL22encoder_temporal_start_0_addr" [src/snn_top_hls.cpp:130->src/snn_top_hls.cpp:213]   --->   Operation 64 'store' 'store_ln130' <Predicate = (icmp_ln192 & icmp_ln194 & config_two_neuron_enable_val_read & config_encoding_type_val_read == 2 & latency_window_reset_1_read)> <Delay = 3.25> <CoreInst = "RAM_2P_BRAM">   --->   Core 90 'RAM_2P_BRAM' <Latency = 1> <II = 1> <Delay = 3.25> <Storage> <Opcode : 'load' 'store'> <Ports = 2> <Width = 32> <Depth = 392> <RAM>
ST_1 : Operation 65 [1/1] (0.00ns)   --->   "%p_ZL22encoder_temporal_fired_1_addr = getelementptr i1 %p_ZL22encoder_temporal_fired_1, i64 0, i64 %zext_ln192" [src/snn_top_hls.cpp:133->src/snn_top_hls.cpp:230]   --->   Operation 65 'getelementptr' 'p_ZL22encoder_temporal_fired_1_addr' <Predicate = (icmp_ln192 & icmp_ln194 & config_two_neuron_enable_val_read & config_encoding_type_val_read == 2)> <Delay = 0.00>
ST_1 : Operation 66 [1/1] (0.00ns)   --->   "%br_ln128 = br i1 %latency_window_reset_1_read, void %if.end.i445thread-pre-split, void %if.end.i445" [src/snn_top_hls.cpp:128->src/snn_top_hls.cpp:230]   --->   Operation 66 'br' 'br_ln128' <Predicate = (icmp_ln192 & icmp_ln194 & config_two_neuron_enable_val_read & config_encoding_type_val_read == 2)> <Delay = 0.00>
ST_1 : Operation 67 [2/2] (3.25ns)   --->   "%p_ZL22encoder_temporal_fired_1_load = load i9 %p_ZL22encoder_temporal_fired_1_addr" [src/snn_top_hls.cpp:133->src/snn_top_hls.cpp:230]   --->   Operation 67 'load' 'p_ZL22encoder_temporal_fired_1_load' <Predicate = (icmp_ln192 & icmp_ln194 & config_two_neuron_enable_val_read & config_encoding_type_val_read == 2 & !latency_window_reset_1_read)> <Delay = 3.25> <CoreInst = "RAM_2P_BRAM">   --->   Core 90 'RAM_2P_BRAM' <Latency = 1> <II = 1> <Delay = 3.25> <Storage> <Opcode : 'load' 'store'> <Ports = 2> <Width = 1> <Depth = 392> <RAM>
ST_1 : Operation 68 [1/1] (0.00ns)   --->   "%p_ZL22encoder_temporal_start_1_addr = getelementptr i32 %p_ZL22encoder_temporal_start_1, i64 0, i64 %zext_ln192" [src/snn_top_hls.cpp:130->src/snn_top_hls.cpp:230]   --->   Operation 68 'getelementptr' 'p_ZL22encoder_temporal_start_1_addr' <Predicate = (icmp_ln192 & icmp_ln194 & config_two_neuron_enable_val_read & config_encoding_type_val_read == 2 & latency_window_reset_1_read)> <Delay = 0.00>
ST_1 : Operation 69 [1/1] ( I:3.25ns O:3.25ns )   --->   "%store_ln130 = store i32 %time_read, i9 %p_ZL22encoder_temporal_start_1_addr" [src/snn_top_hls.cpp:130->src/snn_top_hls.cpp:230]   --->   Operation 69 'store' 'store_ln130' <Predicate = (icmp_ln192 & icmp_ln194 & config_two_neuron_enable_val_read & config_encoding_type_val_read == 2 & latency_window_reset_1_read)> <Delay = 3.25> <CoreInst = "RAM_2P_BRAM">   --->   Core 90 'RAM_2P_BRAM' <Latency = 1> <II = 1> <Delay = 3.25> <Storage> <Opcode : 'load' 'store'> <Ports = 2> <Width = 32> <Depth = 392> <RAM>
ST_1 : Operation 70 [1/1] (0.00ns)   --->   "%br_ln231 = br void %sw.epilog41" [src/snn_top_hls.cpp:231]   --->   Operation 70 'br' 'br_ln231' <Predicate = (icmp_ln192 & icmp_ln194 & config_two_neuron_enable_val_read & config_encoding_type_val_read == 2)> <Delay = 0.00>
ST_1 : Operation 71 [1/1] (0.00ns)   --->   "%br_ln228 = br void %sw.epilog41" [src/snn_top_hls.cpp:228]   --->   Operation 71 'br' 'br_ln228' <Predicate = (icmp_ln192 & icmp_ln194 & config_two_neuron_enable_val_read & config_encoding_type_val_read == 1)> <Delay = 0.00>
ST_1 : Operation 72 [1/1] (0.00ns)   --->   "%p_ZL17encoder_phase_acc_0_addr = getelementptr i16 %p_ZL17encoder_phase_acc_0, i64 0, i64 %zext_ln192" [src/snn_top_hls.cpp:155->src/snn_top_hls.cpp:216]   --->   Operation 72 'getelementptr' 'p_ZL17encoder_phase_acc_0_addr' <Predicate = (icmp_ln192 & icmp_ln194 & config_two_neuron_enable_val_read & config_encoding_type_val_read == 3)> <Delay = 0.00>
ST_1 : Operation 73 [2/2] (3.25ns)   --->   "%p_ZL17encoder_phase_acc_0_load = load i9 %p_ZL17encoder_phase_acc_0_addr" [src/snn_top_hls.cpp:155->src/snn_top_hls.cpp:216]   --->   Operation 73 'load' 'p_ZL17encoder_phase_acc_0_load' <Predicate = (icmp_ln192 & icmp_ln194 & config_two_neuron_enable_val_read & config_encoding_type_val_read == 3)> <Delay = 3.25> <CoreInst = "RAM_2P_BRAM">   --->   Core 90 'RAM_2P_BRAM' <Latency = 1> <II = 1> <Delay = 3.25> <Storage> <Opcode : 'load' 'store'> <Ports = 2> <Width = 16> <Depth = 392> <RAM>
ST_1 : Operation 74 [1/1] (0.00ns)   --->   "%p_ZL17encoder_phase_acc_1_addr = getelementptr i16 %p_ZL17encoder_phase_acc_1, i64 0, i64 %zext_ln192" [src/snn_top_hls.cpp:155->src/snn_top_hls.cpp:233]   --->   Operation 74 'getelementptr' 'p_ZL17encoder_phase_acc_1_addr' <Predicate = (icmp_ln192 & icmp_ln194 & config_two_neuron_enable_val_read & config_encoding_type_val_read == 3)> <Delay = 0.00>
ST_1 : Operation 75 [2/2] (3.25ns)   --->   "%p_ZL17encoder_phase_acc_1_load = load i9 %p_ZL17encoder_phase_acc_1_addr" [src/snn_top_hls.cpp:155->src/snn_top_hls.cpp:233]   --->   Operation 75 'load' 'p_ZL17encoder_phase_acc_1_load' <Predicate = (icmp_ln192 & icmp_ln194 & config_two_neuron_enable_val_read & config_encoding_type_val_read == 3)> <Delay = 3.25> <CoreInst = "RAM_2P_BRAM">   --->   Core 90 'RAM_2P_BRAM' <Latency = 1> <II = 1> <Delay = 3.25> <Storage> <Opcode : 'load' 'store'> <Ports = 2> <Width = 16> <Depth = 392> <RAM>
ST_1 : Operation 76 [1/1] (0.00ns)   --->   "%br_ln234 = br void %sw.epilog41" [src/snn_top_hls.cpp:234]   --->   Operation 76 'br' 'br_ln234' <Predicate = (icmp_ln192 & icmp_ln194 & config_two_neuron_enable_val_read & config_encoding_type_val_read == 3)> <Delay = 0.00>
ST_1 : Operation 77 [1/1] (0.00ns)   --->   "%br_ln238 = br void %if.end56" [src/snn_top_hls.cpp:238]   --->   Operation 77 'br' 'br_ln238' <Predicate = (icmp_ln192 & icmp_ln194 & config_two_neuron_enable_val_read)> <Delay = 0.00>
ST_1 : Operation 78 [1/1] (0.00ns)   --->   "%br_ln258 = br void %for.inc" [src/snn_top_hls.cpp:258]   --->   Operation 78 'br' 'br_ln258' <Predicate = (icmp_ln192 & icmp_ln194)> <Delay = 0.00>
ST_1 : Operation 79 [1/1] (0.00ns)   --->   "%or_ln = bitconcatenate i10 @_ssdm_op_BitConcatenate.i10.i9.i1, i9 %lshr_ln, i1 1" [src/snn_top_hls.cpp:192]   --->   Operation 79 'bitconcatenate' 'or_ln' <Predicate = (icmp_ln192)> <Delay = 0.00>
ST_1 : Operation 80 [1/1] (0.00ns)   --->   "%zext_ln192_4 = zext i10 %or_ln" [src/snn_top_hls.cpp:192]   --->   Operation 80 'zext' 'zext_ln192_4' <Predicate = (icmp_ln192)> <Delay = 0.00>
ST_1 : Operation 81 [1/1] (2.07ns)   --->   "%icmp_ln194_1 = icmp_ult  i16 %zext_ln192_4, i16 %config_num_channels_val_read" [src/snn_top_hls.cpp:194]   --->   Operation 81 'icmp' 'icmp_ln194_1' <Predicate = (icmp_ln192)> <Delay = 2.07> <CoreInst = "Cmp">   --->   Core 9 'Cmp' <Latency = 0> <II = 1> <Delay = 2.07> <FuncUnit> <Opcode : 'seteq' 'setne' 'setle' 'setge' 'setlt' 'setgt'> <InPorts = 2> <OutPorts = 1>
ST_1 : Operation 82 [1/1] (0.00ns)   --->   "%p_ZL13encoder_frame_1_addr = getelementptr i8 %p_ZL13encoder_frame_1, i64 0, i64 %zext_ln192_2" [src/snn_top_hls.cpp:195]   --->   Operation 82 'getelementptr' 'p_ZL13encoder_frame_1_addr' <Predicate = (icmp_ln192 & icmp_ln194_1)> <Delay = 0.00>
ST_1 : Operation 83 [2/2] (3.25ns)   --->   "%value_8 = load i9 %p_ZL13encoder_frame_1_addr" [src/snn_top_hls.cpp:195]   --->   Operation 83 'load' 'value_8' <Predicate = (icmp_ln192 & icmp_ln194_1)> <Delay = 3.25> <CoreInst = "RAM">   --->   Core 81 'RAM' <Latency = 1> <II = 1> <Delay = 3.25> <Storage> <Opcode : 'load' 'store'> <Ports = 2> <Width = 8> <Depth = 392> <RAM>
ST_1 : Operation 84 [1/1] (0.00ns)   --->   "%br_ln197 = br i1 %config_two_neuron_enable_val_read, void %if.else.1, void %if.then14.1" [src/snn_top_hls.cpp:197]   --->   Operation 84 'br' 'br_ln197' <Predicate = (icmp_ln192 & icmp_ln194_1)> <Delay = 0.00>
ST_1 : Operation 85 [1/1] (1.73ns)   --->   "%switch_ln240 = switch i4 %config_encoding_type_val_read, void %sw.epilog55.1, i4 3, void %sw.bb51.1, i4 1, void %_ZL19encoder_lfsr_randomv.exit.i.1, i4 2, void %sw.bb48.1" [src/snn_top_hls.cpp:240]   --->   Operation 85 'switch' 'switch_ln240' <Predicate = (icmp_ln192 & !config_two_neuron_enable_val_read & icmp_ln194_1)> <Delay = 1.73>
ST_1 : Operation 86 [1/1] (0.00ns)   --->   "%br_ln128 = br i1 %latency_window_reset_1_read, void %if.end.i38.1thread-pre-split, void %if.end.i38.1" [src/snn_top_hls.cpp:128->src/snn_top_hls.cpp:248]   --->   Operation 86 'br' 'br_ln128' <Predicate = (icmp_ln192 & !config_two_neuron_enable_val_read & config_encoding_type_val_read == 2 & icmp_ln194_1)> <Delay = 0.00>
ST_1 : Operation 87 [1/1] (0.00ns)   --->   "%p_ZL22encoder_temporal_start_1_addr_2 = getelementptr i32 %p_ZL22encoder_temporal_start_1, i64 0, i64 %zext_ln192_2" [src/snn_top_hls.cpp:130->src/snn_top_hls.cpp:248]   --->   Operation 87 'getelementptr' 'p_ZL22encoder_temporal_start_1_addr_2' <Predicate = (icmp_ln192 & !config_two_neuron_enable_val_read & config_encoding_type_val_read == 2 & latency_window_reset_1_read & icmp_ln194_1)> <Delay = 0.00>
ST_1 : Operation 88 [1/1] ( I:3.25ns O:3.25ns )   --->   "%store_ln130 = store i32 %time_read, i9 %p_ZL22encoder_temporal_start_1_addr_2" [src/snn_top_hls.cpp:130->src/snn_top_hls.cpp:248]   --->   Operation 88 'store' 'store_ln130' <Predicate = (icmp_ln192 & !config_two_neuron_enable_val_read & config_encoding_type_val_read == 2 & latency_window_reset_1_read & icmp_ln194_1)> <Delay = 3.25> <CoreInst = "RAM_2P_BRAM">   --->   Core 90 'RAM_2P_BRAM' <Latency = 1> <II = 1> <Delay = 3.25> <Storage> <Opcode : 'load' 'store'> <Ports = 2> <Width = 32> <Depth = 392> <RAM>
ST_1 : Operation 89 [1/1] (0.00ns)   --->   "%br_ln249 = br void %sw.epilog55.1" [src/snn_top_hls.cpp:249]   --->   Operation 89 'br' 'br_ln249' <Predicate = (icmp_ln192 & !config_two_neuron_enable_val_read & config_encoding_type_val_read == 2 & icmp_ln194_1)> <Delay = 0.00>
ST_1 : Operation 90 [1/1] (0.00ns)   --->   "%br_ln246 = br void %sw.epilog55.1" [src/snn_top_hls.cpp:246]   --->   Operation 90 'br' 'br_ln246' <Predicate = (icmp_ln192 & !config_two_neuron_enable_val_read & config_encoding_type_val_read == 1 & icmp_ln194_1)> <Delay = 0.00>
ST_1 : Operation 91 [1/1] (0.00ns)   --->   "%br_ln252 = br void %sw.epilog55.1" [src/snn_top_hls.cpp:252]   --->   Operation 91 'br' 'br_ln252' <Predicate = (icmp_ln192 & !config_two_neuron_enable_val_read & config_encoding_type_val_read == 3 & icmp_ln194_1)> <Delay = 0.00>
ST_1 : Operation 92 [1/1] (0.00ns)   --->   "%br_ln0 = br void %if.end56.1"   --->   Operation 92 'br' 'br_ln0' <Predicate = (icmp_ln192 & !config_two_neuron_enable_val_read & icmp_ln194_1)> <Delay = 0.00>
ST_1 : Operation 93 [1/1] (1.73ns)   --->   "%switch_ln206 = switch i4 %config_encoding_type_val_read, void %sw.epilog41.1, i4 3, void %sw.bb25.1, i4 1, void %_ZL19encoder_lfsr_randomv.exit.i1421.1, i4 2, void %sw.bb22.1" [src/snn_top_hls.cpp:206]   --->   Operation 93 'switch' 'switch_ln206' <Predicate = (icmp_ln192 & config_two_neuron_enable_val_read & icmp_ln194_1)> <Delay = 1.73>
ST_1 : Operation 94 [1/1] (0.00ns)   --->   "%br_ln128 = br i1 %latency_window_reset_1_read, void %if.end.i1070.1thread-pre-split, void %if.end.i1070.1" [src/snn_top_hls.cpp:128->src/snn_top_hls.cpp:213]   --->   Operation 94 'br' 'br_ln128' <Predicate = (icmp_ln192 & config_two_neuron_enable_val_read & config_encoding_type_val_read == 2 & icmp_ln194_1)> <Delay = 0.00>
ST_1 : Operation 95 [1/1] (0.00ns)   --->   "%br_ln128 = br i1 %latency_window_reset_1_read, void %if.end.i445.1thread-pre-split, void %if.end.i445.1" [src/snn_top_hls.cpp:128->src/snn_top_hls.cpp:230]   --->   Operation 95 'br' 'br_ln128' <Predicate = (icmp_ln192 & config_two_neuron_enable_val_read & config_encoding_type_val_read == 2 & icmp_ln194_1)> <Delay = 0.00>
ST_1 : Operation 96 [1/1] (0.00ns)   --->   "%br_ln231 = br void %sw.epilog41.1" [src/snn_top_hls.cpp:231]   --->   Operation 96 'br' 'br_ln231' <Predicate = (icmp_ln192 & config_two_neuron_enable_val_read & config_encoding_type_val_read == 2 & icmp_ln194_1)> <Delay = 0.00>
ST_1 : Operation 97 [1/1] (0.00ns)   --->   "%br_ln228 = br void %sw.epilog41.1" [src/snn_top_hls.cpp:228]   --->   Operation 97 'br' 'br_ln228' <Predicate = (icmp_ln192 & config_two_neuron_enable_val_read & config_encoding_type_val_read == 1 & icmp_ln194_1)> <Delay = 0.00>
ST_1 : Operation 98 [1/1] (0.00ns)   --->   "%br_ln234 = br void %sw.epilog41.1" [src/snn_top_hls.cpp:234]   --->   Operation 98 'br' 'br_ln234' <Predicate = (icmp_ln192 & config_two_neuron_enable_val_read & config_encoding_type_val_read == 3 & icmp_ln194_1)> <Delay = 0.00>
ST_1 : Operation 99 [1/1] (0.00ns)   --->   "%br_ln238 = br void %if.end56.1" [src/snn_top_hls.cpp:238]   --->   Operation 99 'br' 'br_ln238' <Predicate = (icmp_ln192 & config_two_neuron_enable_val_read & icmp_ln194_1)> <Delay = 0.00>
ST_1 : Operation 100 [1/1] (0.00ns)   --->   "%br_ln258 = br void %for.inc.1" [src/snn_top_hls.cpp:258]   --->   Operation 100 'br' 'br_ln258' <Predicate = (icmp_ln192 & icmp_ln194_1)> <Delay = 0.00>

State 2 <SV = 1> <Delay = 6.41>
ST_2 : Operation 101 [1/2] ( I:3.25ns O:3.25ns )   --->   "%input = load i9 %p_ZL13encoder_frame_0_addr" [src/snn_top_hls.cpp:195]   --->   Operation 101 'load' 'input' <Predicate = (icmp_ln192 & icmp_ln194)> <Delay = 3.25> <CoreInst = "RAM">   --->   Core 81 'RAM' <Latency = 1> <II = 1> <Delay = 3.25> <Storage> <Opcode : 'load' 'store'> <Ports = 2> <Width = 8> <Depth = 392> <RAM>
ST_2 : Operation 102 [1/1] (1.91ns)   --->   "%icmp_ln65 = icmp_ugt  i8 %input, i8 %config_baseline_val_read" [src/snn_top_hls.cpp:65->src/snn_top_hls.cpp:200]   --->   Operation 102 'icmp' 'icmp_ln65' <Predicate = (icmp_ln192 & icmp_ln194 & config_two_neuron_enable_val_read)> <Delay = 1.91> <CoreInst = "Cmp">   --->   Core 9 'Cmp' <Latency = 0> <II = 1> <Delay = 1.91> <FuncUnit> <Opcode : 'seteq' 'setne' 'setle' 'setge' 'setlt' 'setgt'> <InPorts = 2> <OutPorts = 1>
ST_2 : Operation 103 [1/1] (1.91ns)   --->   "%sub_ln66 = sub i8 %input, i8 %config_baseline_val_read" [src/snn_top_hls.cpp:66->src/snn_top_hls.cpp:200]   --->   Operation 103 'sub' 'sub_ln66' <Predicate = (icmp_ln192 & icmp_ln194 & config_two_neuron_enable_val_read)> <Delay = 1.91> <CoreInst = "Adder">   --->   Core 1 'Adder' <Latency = 0> <II = 1> <Delay = 1.91> <FuncUnit> <Opcode : 'add' 'sub'> <InPorts = 2> <OutPorts = 1>
ST_2 : Operation 104 [1/1] (1.91ns)   --->   "%sub_ln70 = sub i8 %config_baseline_val_read, i8 %input" [src/snn_top_hls.cpp:70->src/snn_top_hls.cpp:200]   --->   Operation 104 'sub' 'sub_ln70' <Predicate = (icmp_ln192 & icmp_ln194 & config_two_neuron_enable_val_read)> <Delay = 1.91> <CoreInst = "Adder">   --->   Core 1 'Adder' <Latency = 0> <II = 1> <Delay = 1.91> <FuncUnit> <Opcode : 'add' 'sub'> <InPorts = 2> <OutPorts = 1>
ST_2 : Operation 105 [1/1] (1.24ns)   --->   "%on_val = select i1 %icmp_ln65, i8 %sub_ln66, i8 0" [src/snn_top_hls.cpp:65->src/snn_top_hls.cpp:200]   --->   Operation 105 'select' 'on_val' <Predicate = (icmp_ln192 & icmp_ln194 & config_two_neuron_enable_val_read)> <Delay = 1.24> <CoreInst = "Sel">   --->   Core 73 'Sel' <Latency = 0> <II = 1> <Delay = 1.24> <FuncUnit> <Opcode : 'select'> <InPorts = 3> <OutPorts = 1>
ST_2 : Operation 106 [1/1] (1.24ns)   --->   "%off_val = select i1 %icmp_ln65, i8 0, i8 %sub_ln70" [src/snn_top_hls.cpp:65->src/snn_top_hls.cpp:200]   --->   Operation 106 'select' 'off_val' <Predicate = (icmp_ln192 & icmp_ln194 & config_two_neuron_enable_val_read)> <Delay = 1.24> <CoreInst = "Sel">   --->   Core 73 'Sel' <Latency = 0> <II = 1> <Delay = 1.24> <FuncUnit> <Opcode : 'select'> <InPorts = 3> <OutPorts = 1>
ST_2 : Operation 107 [1/2] ( I:3.25ns O:3.25ns )   --->   "%p_ZL22encoder_temporal_fired_0_load = load i9 %p_ZL22encoder_temporal_fired_0_addr" [src/snn_top_hls.cpp:133->src/snn_top_hls.cpp:213]   --->   Operation 107 'load' 'p_ZL22encoder_temporal_fired_0_load' <Predicate = (icmp_ln192 & icmp_ln194 & config_two_neuron_enable_val_read & config_encoding_type_val_read == 2 & !latency_window_reset_1_read)> <Delay = 3.25> <CoreInst = "RAM_2P_BRAM">   --->   Core 90 'RAM_2P_BRAM' <Latency = 1> <II = 1> <Delay = 3.25> <Storage> <Opcode : 'load' 'store'> <Ports = 2> <Width = 1> <Depth = 392> <RAM>
ST_2 : Operation 108 [1/1] (0.00ns)   --->   "%br_ln133 = br i1 %p_ZL22encoder_temporal_fired_0_load, void %if.then5.i1143, void %sw.bb34" [src/snn_top_hls.cpp:133->src/snn_top_hls.cpp:213]   --->   Operation 108 'br' 'br_ln133' <Predicate = (icmp_ln192 & icmp_ln194 & config_two_neuron_enable_val_read & config_encoding_type_val_read == 2 & !latency_window_reset_1_read)> <Delay = 0.00>
ST_2 : Operation 109 [1/1] (0.00ns)   --->   "%p_ZL22encoder_temporal_start_0_addr_2 = getelementptr i32 %p_ZL22encoder_temporal_start_0, i64 0, i64 %zext_ln192" [src/snn_top_hls.cpp:137->src/snn_top_hls.cpp:213]   --->   Operation 109 'getelementptr' 'p_ZL22encoder_temporal_start_0_addr_2' <Predicate = (icmp_ln192 & icmp_ln194 & config_two_neuron_enable_val_read & config_encoding_type_val_read == 2 & !p_ZL22encoder_temporal_fired_0_load) | (icmp_ln192 & icmp_ln194 & config_two_neuron_enable_val_read & config_encoding_type_val_read == 2 & latency_window_reset_1_read)> <Delay = 0.00>
ST_2 : Operation 110 [2/2] (3.25ns)   --->   "%p_ZL22encoder_temporal_start_0_load = load i9 %p_ZL22encoder_temporal_start_0_addr_2" [src/snn_top_hls.cpp:137->src/snn_top_hls.cpp:213]   --->   Operation 110 'load' 'p_ZL22encoder_temporal_start_0_load' <Predicate = (icmp_ln192 & icmp_ln194 & config_two_neuron_enable_val_read & config_encoding_type_val_read == 2 & !p_ZL22encoder_temporal_fired_0_load) | (icmp_ln192 & icmp_ln194 & config_two_neuron_enable_val_read & config_encoding_type_val_read == 2 & latency_window_reset_1_read)> <Delay = 3.25> <CoreInst = "RAM_2P_BRAM">   --->   Core 90 'RAM_2P_BRAM' <Latency = 1> <II = 1> <Delay = 3.25> <Storage> <Opcode : 'load' 'store'> <Ports = 2> <Width = 32> <Depth = 392> <RAM>
ST_2 : Operation 111 [1/1] (0.00ns)   --->   "%br_ln141 = br void %sw.bb34" [src/snn_top_hls.cpp:141->src/snn_top_hls.cpp:213]   --->   Operation 111 'br' 'br_ln141' <Predicate = (icmp_ln192 & icmp_ln194 & config_two_neuron_enable_val_read & config_encoding_type_val_read == 2 & !p_ZL22encoder_temporal_fired_0_load) | (icmp_ln192 & icmp_ln194 & config_two_neuron_enable_val_read & config_encoding_type_val_read == 2 & latency_window_reset_1_read)> <Delay = 0.00>
ST_2 : Operation 112 [1/2] ( I:3.25ns O:3.25ns )   --->   "%p_ZL22encoder_temporal_fired_1_load = load i9 %p_ZL22encoder_temporal_fired_1_addr" [src/snn_top_hls.cpp:133->src/snn_top_hls.cpp:230]   --->   Operation 112 'load' 'p_ZL22encoder_temporal_fired_1_load' <Predicate = (icmp_ln192 & icmp_ln194 & config_two_neuron_enable_val_read & config_encoding_type_val_read == 2 & !latency_window_reset_1_read)> <Delay = 3.25> <CoreInst = "RAM_2P_BRAM">   --->   Core 90 'RAM_2P_BRAM' <Latency = 1> <II = 1> <Delay = 3.25> <Storage> <Opcode : 'load' 'store'> <Ports = 2> <Width = 1> <Depth = 392> <RAM>
ST_2 : Operation 113 [1/1] (0.00ns)   --->   "%br_ln133 = br i1 %p_ZL22encoder_temporal_fired_1_load, void %if.then5.i518, void %_ZL15encoder_latencyi7ap_uintILi8EES_ILi32EERK16encoder_config_tRN3hls6streamI19encoder_axis_word_tLi0EEERS1_b.exit604" [src/snn_top_hls.cpp:133->src/snn_top_hls.cpp:230]   --->   Operation 113 'br' 'br_ln133' <Predicate = (icmp_ln192 & icmp_ln194 & config_two_neuron_enable_val_read & config_encoding_type_val_read == 2 & !latency_window_reset_1_read)> <Delay = 0.00>
ST_2 : Operation 114 [1/1] (0.00ns)   --->   "%p_ZL22encoder_temporal_start_1_addr_1 = getelementptr i32 %p_ZL22encoder_temporal_start_1, i64 0, i64 %zext_ln192" [src/snn_top_hls.cpp:137->src/snn_top_hls.cpp:230]   --->   Operation 114 'getelementptr' 'p_ZL22encoder_temporal_start_1_addr_1' <Predicate = (icmp_ln192 & icmp_ln194 & config_two_neuron_enable_val_read & config_encoding_type_val_read == 2 & !p_ZL22encoder_temporal_fired_1_load) | (icmp_ln192 & icmp_ln194 & config_two_neuron_enable_val_read & config_encoding_type_val_read == 2 & latency_window_reset_1_read)> <Delay = 0.00>
ST_2 : Operation 115 [2/2] (3.25ns)   --->   "%p_ZL22encoder_temporal_start_1_load = load i9 %p_ZL22encoder_temporal_start_1_addr_1" [src/snn_top_hls.cpp:137->src/snn_top_hls.cpp:230]   --->   Operation 115 'load' 'p_ZL22encoder_temporal_start_1_load' <Predicate = (icmp_ln192 & icmp_ln194 & config_two_neuron_enable_val_read & config_encoding_type_val_read == 2 & !p_ZL22encoder_temporal_fired_1_load) | (icmp_ln192 & icmp_ln194 & config_two_neuron_enable_val_read & config_encoding_type_val_read == 2 & latency_window_reset_1_read)> <Delay = 3.25> <CoreInst = "RAM_2P_BRAM">   --->   Core 90 'RAM_2P_BRAM' <Latency = 1> <II = 1> <Delay = 3.25> <Storage> <Opcode : 'load' 'store'> <Ports = 2> <Width = 32> <Depth = 392> <RAM>
ST_2 : Operation 116 [1/1] (0.00ns)   --->   "%br_ln141 = br void %_ZL15encoder_latencyi7ap_uintILi8EES_ILi32EERK16encoder_config_tRN3hls6streamI19encoder_axis_word_tLi0EEERS1_b.exit604" [src/snn_top_hls.cpp:141->src/snn_top_hls.cpp:230]   --->   Operation 116 'br' 'br_ln141' <Predicate = (icmp_ln192 & icmp_ln194 & config_two_neuron_enable_val_read & config_encoding_type_val_read == 2 & !p_ZL22encoder_temporal_fired_1_load) | (icmp_ln192 & icmp_ln194 & config_two_neuron_enable_val_read & config_encoding_type_val_read == 2 & latency_window_reset_1_read)> <Delay = 0.00>
ST_2 : Operation 117 [1/2] ( I:3.25ns O:3.25ns )   --->   "%p_ZL17encoder_phase_acc_0_load = load i9 %p_ZL17encoder_phase_acc_0_addr" [src/snn_top_hls.cpp:155->src/snn_top_hls.cpp:216]   --->   Operation 117 'load' 'p_ZL17encoder_phase_acc_0_load' <Predicate = (icmp_ln192 & icmp_ln194 & config_two_neuron_enable_val_read & config_encoding_type_val_read == 3)> <Delay = 3.25> <CoreInst = "RAM_2P_BRAM">   --->   Core 90 'RAM_2P_BRAM' <Latency = 1> <II = 1> <Delay = 3.25> <Storage> <Opcode : 'load' 'store'> <Ports = 2> <Width = 16> <Depth = 392> <RAM>
ST_2 : Operation 118 [1/2] ( I:3.25ns O:3.25ns )   --->   "%p_ZL17encoder_phase_acc_1_load = load i9 %p_ZL17encoder_phase_acc_1_addr" [src/snn_top_hls.cpp:155->src/snn_top_hls.cpp:233]   --->   Operation 118 'load' 'p_ZL17encoder_phase_acc_1_load' <Predicate = (icmp_ln192 & icmp_ln194 & config_two_neuron_enable_val_read & config_encoding_type_val_read == 3)> <Delay = 3.25> <CoreInst = "RAM_2P_BRAM">   --->   Core 90 'RAM_2P_BRAM' <Latency = 1> <II = 1> <Delay = 3.25> <Storage> <Opcode : 'load' 'store'> <Ports = 2> <Width = 16> <Depth = 392> <RAM>
ST_2 : Operation 119 [1/1] (0.00ns)   --->   "%zext_ln192_3 = zext i10 %or_ln" [src/snn_top_hls.cpp:192]   --->   Operation 119 'zext' 'zext_ln192_3' <Predicate = (icmp_ln192)> <Delay = 0.00>
ST_2 : Operation 120 [1/1] (0.00ns)   --->   "%br_ln194 = br i1 %icmp_ln194_1, void %for.inc.1, void %if.end13.1" [src/snn_top_hls.cpp:194]   --->   Operation 120 'br' 'br_ln194' <Predicate = (icmp_ln192)> <Delay = 0.00>
ST_2 : Operation 121 [1/2] ( I:3.25ns O:3.25ns )   --->   "%value_8 = load i9 %p_ZL13encoder_frame_1_addr" [src/snn_top_hls.cpp:195]   --->   Operation 121 'load' 'value_8' <Predicate = (icmp_ln192 & icmp_ln194_1)> <Delay = 3.25> <CoreInst = "RAM">   --->   Core 81 'RAM' <Latency = 1> <II = 1> <Delay = 3.25> <Storage> <Opcode : 'load' 'store'> <Ports = 2> <Width = 8> <Depth = 392> <RAM>
ST_2 : Operation 122 [1/1] (1.91ns)   --->   "%icmp_ln65_1 = icmp_ugt  i8 %value_8, i8 %config_baseline_val_read" [src/snn_top_hls.cpp:65->src/snn_top_hls.cpp:200]   --->   Operation 122 'icmp' 'icmp_ln65_1' <Predicate = (icmp_ln192 & config_two_neuron_enable_val_read & icmp_ln194_1)> <Delay = 1.91> <CoreInst = "Cmp">   --->   Core 9 'Cmp' <Latency = 0> <II = 1> <Delay = 1.91> <FuncUnit> <Opcode : 'seteq' 'setne' 'setle' 'setge' 'setlt' 'setgt'> <InPorts = 2> <OutPorts = 1>
ST_2 : Operation 123 [1/1] (1.91ns)   --->   "%sub_ln66_1 = sub i8 %value_8, i8 %config_baseline_val_read" [src/snn_top_hls.cpp:66->src/snn_top_hls.cpp:200]   --->   Operation 123 'sub' 'sub_ln66_1' <Predicate = (icmp_ln192 & config_two_neuron_enable_val_read & icmp_ln194_1)> <Delay = 1.91> <CoreInst = "Adder">   --->   Core 1 'Adder' <Latency = 0> <II = 1> <Delay = 1.91> <FuncUnit> <Opcode : 'add' 'sub'> <InPorts = 2> <OutPorts = 1>
ST_2 : Operation 124 [1/1] (1.91ns)   --->   "%sub_ln70_1 = sub i8 %config_baseline_val_read, i8 %value_8" [src/snn_top_hls.cpp:70->src/snn_top_hls.cpp:200]   --->   Operation 124 'sub' 'sub_ln70_1' <Predicate = (icmp_ln192 & config_two_neuron_enable_val_read & icmp_ln194_1)> <Delay = 1.91> <CoreInst = "Adder">   --->   Core 1 'Adder' <Latency = 0> <II = 1> <Delay = 1.91> <FuncUnit> <Opcode : 'add' 'sub'> <InPorts = 2> <OutPorts = 1>
ST_2 : Operation 125 [1/1] (1.24ns)   --->   "%on_val_1 = select i1 %icmp_ln65_1, i8 %sub_ln66_1, i8 0" [src/snn_top_hls.cpp:65->src/snn_top_hls.cpp:200]   --->   Operation 125 'select' 'on_val_1' <Predicate = (icmp_ln192 & config_two_neuron_enable_val_read & icmp_ln194_1)> <Delay = 1.24> <CoreInst = "Sel">   --->   Core 73 'Sel' <Latency = 0> <II = 1> <Delay = 1.24> <FuncUnit> <Opcode : 'select'> <InPorts = 3> <OutPorts = 1>
ST_2 : Operation 126 [1/1] (1.24ns)   --->   "%off_val_1 = select i1 %icmp_ln65_1, i8 0, i8 %sub_ln70_1" [src/snn_top_hls.cpp:65->src/snn_top_hls.cpp:200]   --->   Operation 126 'select' 'off_val_1' <Predicate = (icmp_ln192 & config_two_neuron_enable_val_read & icmp_ln194_1)> <Delay = 1.24> <CoreInst = "Sel">   --->   Core 73 'Sel' <Latency = 0> <II = 1> <Delay = 1.24> <FuncUnit> <Opcode : 'select'> <InPorts = 3> <OutPorts = 1>
ST_2 : Operation 127 [1/1] (0.00ns)   --->   "%p_ZL22encoder_temporal_fired_0_addr_2 = getelementptr i1 %p_ZL22encoder_temporal_fired_0, i64 0, i64 %zext_ln192_3" [src/snn_top_hls.cpp:133->src/snn_top_hls.cpp:213]   --->   Operation 127 'getelementptr' 'p_ZL22encoder_temporal_fired_0_addr_2' <Predicate = (icmp_ln192 & config_two_neuron_enable_val_read & config_encoding_type_val_read == 2 & icmp_ln194_1)> <Delay = 0.00>
ST_2 : Operation 128 [2/2] (3.25ns)   --->   "%p_ZL22encoder_temporal_fired_0_load_2 = load i9 %p_ZL22encoder_temporal_fired_0_addr_2" [src/snn_top_hls.cpp:133->src/snn_top_hls.cpp:213]   --->   Operation 128 'load' 'p_ZL22encoder_temporal_fired_0_load_2' <Predicate = (icmp_ln192 & config_two_neuron_enable_val_read & config_encoding_type_val_read == 2 & !latency_window_reset_1_read & icmp_ln194_1)> <Delay = 3.25> <CoreInst = "RAM_2P_BRAM">   --->   Core 90 'RAM_2P_BRAM' <Latency = 1> <II = 1> <Delay = 3.25> <Storage> <Opcode : 'load' 'store'> <Ports = 2> <Width = 1> <Depth = 392> <RAM>
ST_2 : Operation 129 [1/1] (0.00ns)   --->   "%p_ZL22encoder_temporal_start_0_addr_4 = getelementptr i32 %p_ZL22encoder_temporal_start_0, i64 0, i64 %zext_ln192_3" [src/snn_top_hls.cpp:130->src/snn_top_hls.cpp:213]   --->   Operation 129 'getelementptr' 'p_ZL22encoder_temporal_start_0_addr_4' <Predicate = (icmp_ln192 & config_two_neuron_enable_val_read & config_encoding_type_val_read == 2 & latency_window_reset_1_read & icmp_ln194_1)> <Delay = 0.00>
ST_2 : Operation 130 [1/1] ( I:3.25ns O:3.25ns )   --->   "%store_ln130 = store i32 %time_read, i9 %p_ZL22encoder_temporal_start_0_addr_4" [src/snn_top_hls.cpp:130->src/snn_top_hls.cpp:213]   --->   Operation 130 'store' 'store_ln130' <Predicate = (icmp_ln192 & config_two_neuron_enable_val_read & config_encoding_type_val_read == 2 & latency_window_reset_1_read & icmp_ln194_1)> <Delay = 3.25> <CoreInst = "RAM_2P_BRAM">   --->   Core 90 'RAM_2P_BRAM' <Latency = 1> <II = 1> <Delay = 3.25> <Storage> <Opcode : 'load' 'store'> <Ports = 2> <Width = 32> <Depth = 392> <RAM>
ST_2 : Operation 131 [1/1] (0.00ns)   --->   "%p_ZL22encoder_temporal_fired_1_addr_2 = getelementptr i1 %p_ZL22encoder_temporal_fired_1, i64 0, i64 %zext_ln192_3" [src/snn_top_hls.cpp:133->src/snn_top_hls.cpp:230]   --->   Operation 131 'getelementptr' 'p_ZL22encoder_temporal_fired_1_addr_2' <Predicate = (icmp_ln192 & config_two_neuron_enable_val_read & config_encoding_type_val_read == 2 & icmp_ln194_1)> <Delay = 0.00>
ST_2 : Operation 132 [2/2] (3.25ns)   --->   "%p_ZL22encoder_temporal_fired_1_load_2 = load i9 %p_ZL22encoder_temporal_fired_1_addr_2" [src/snn_top_hls.cpp:133->src/snn_top_hls.cpp:230]   --->   Operation 132 'load' 'p_ZL22encoder_temporal_fired_1_load_2' <Predicate = (icmp_ln192 & config_two_neuron_enable_val_read & config_encoding_type_val_read == 2 & !latency_window_reset_1_read & icmp_ln194_1)> <Delay = 3.25> <CoreInst = "RAM_2P_BRAM">   --->   Core 90 'RAM_2P_BRAM' <Latency = 1> <II = 1> <Delay = 3.25> <Storage> <Opcode : 'load' 'store'> <Ports = 2> <Width = 1> <Depth = 392> <RAM>
ST_2 : Operation 133 [1/1] (0.00ns)   --->   "%p_ZL22encoder_temporal_start_1_addr_4 = getelementptr i32 %p_ZL22encoder_temporal_start_1, i64 0, i64 %zext_ln192_3" [src/snn_top_hls.cpp:130->src/snn_top_hls.cpp:230]   --->   Operation 133 'getelementptr' 'p_ZL22encoder_temporal_start_1_addr_4' <Predicate = (icmp_ln192 & config_two_neuron_enable_val_read & config_encoding_type_val_read == 2 & latency_window_reset_1_read & icmp_ln194_1)> <Delay = 0.00>
ST_2 : Operation 134 [1/1] ( I:3.25ns O:3.25ns )   --->   "%store_ln130 = store i32 %time_read, i9 %p_ZL22encoder_temporal_start_1_addr_4" [src/snn_top_hls.cpp:130->src/snn_top_hls.cpp:230]   --->   Operation 134 'store' 'store_ln130' <Predicate = (icmp_ln192 & config_two_neuron_enable_val_read & config_encoding_type_val_read == 2 & latency_window_reset_1_read & icmp_ln194_1)> <Delay = 3.25> <CoreInst = "RAM_2P_BRAM">   --->   Core 90 'RAM_2P_BRAM' <Latency = 1> <II = 1> <Delay = 3.25> <Storage> <Opcode : 'load' 'store'> <Ports = 2> <Width = 32> <Depth = 392> <RAM>
ST_2 : Operation 135 [1/1] (0.00ns)   --->   "%p_ZL17encoder_phase_acc_0_addr_2 = getelementptr i16 %p_ZL17encoder_phase_acc_0, i64 0, i64 %zext_ln192_3" [src/snn_top_hls.cpp:155->src/snn_top_hls.cpp:216]   --->   Operation 135 'getelementptr' 'p_ZL17encoder_phase_acc_0_addr_2' <Predicate = (icmp_ln192 & config_two_neuron_enable_val_read & config_encoding_type_val_read == 3 & icmp_ln194_1)> <Delay = 0.00>
ST_2 : Operation 136 [2/2] (3.25ns)   --->   "%p_ZL17encoder_phase_acc_0_load_2 = load i9 %p_ZL17encoder_phase_acc_0_addr_2" [src/snn_top_hls.cpp:155->src/snn_top_hls.cpp:216]   --->   Operation 136 'load' 'p_ZL17encoder_phase_acc_0_load_2' <Predicate = (icmp_ln192 & config_two_neuron_enable_val_read & config_encoding_type_val_read == 3 & icmp_ln194_1)> <Delay = 3.25> <CoreInst = "RAM_2P_BRAM">   --->   Core 90 'RAM_2P_BRAM' <Latency = 1> <II = 1> <Delay = 3.25> <Storage> <Opcode : 'load' 'store'> <Ports = 2> <Width = 16> <Depth = 392> <RAM>
ST_2 : Operation 137 [1/1] (0.00ns)   --->   "%p_ZL17encoder_phase_acc_1_addr_2 = getelementptr i16 %p_ZL17encoder_phase_acc_1, i64 0, i64 %zext_ln192_3" [src/snn_top_hls.cpp:155->src/snn_top_hls.cpp:233]   --->   Operation 137 'getelementptr' 'p_ZL17encoder_phase_acc_1_addr_2' <Predicate = (icmp_ln192 & config_two_neuron_enable_val_read & config_encoding_type_val_read == 3 & icmp_ln194_1)> <Delay = 0.00>
ST_2 : Operation 138 [2/2] (3.25ns)   --->   "%p_ZL17encoder_phase_acc_1_load_2 = load i9 %p_ZL17encoder_phase_acc_1_addr_2" [src/snn_top_hls.cpp:155->src/snn_top_hls.cpp:233]   --->   Operation 138 'load' 'p_ZL17encoder_phase_acc_1_load_2' <Predicate = (icmp_ln192 & config_two_neuron_enable_val_read & config_encoding_type_val_read == 3 & icmp_ln194_1)> <Delay = 3.25> <CoreInst = "RAM_2P_BRAM">   --->   Core 90 'RAM_2P_BRAM' <Latency = 1> <II = 1> <Delay = 3.25> <Storage> <Opcode : 'load' 'store'> <Ports = 2> <Width = 16> <Depth = 392> <RAM>

State 3 <SV = 2> <Delay = 6.57>
ST_3 : Operation 139 [1/1] (0.00ns)   --->   "%p_ZL22encoder_temporal_fired_0_addr_1 = getelementptr i1 %p_ZL22encoder_temporal_fired_0, i64 0, i64 %zext_ln192_2" [src/snn_top_hls.cpp:133->src/snn_top_hls.cpp:248]   --->   Operation 139 'getelementptr' 'p_ZL22encoder_temporal_fired_0_addr_1' <Predicate = (icmp_ln192 & icmp_ln194 & !config_two_neuron_enable_val_read & config_encoding_type_val_read == 2)> <Delay = 0.00>
ST_3 : Operation 140 [2/2] (3.25ns)   --->   "%p_ZL22encoder_temporal_fired_0_load_1 = load i9 %p_ZL22encoder_temporal_fired_0_addr_1" [src/snn_top_hls.cpp:133->src/snn_top_hls.cpp:248]   --->   Operation 140 'load' 'p_ZL22encoder_temporal_fired_0_load_1' <Predicate = (icmp_ln192 & icmp_ln194 & !config_two_neuron_enable_val_read & config_encoding_type_val_read == 2 & !latency_window_reset_1_read)> <Delay = 3.25> <CoreInst = "RAM_2P_BRAM">   --->   Core 90 'RAM_2P_BRAM' <Latency = 1> <II = 1> <Delay = 3.25> <Storage> <Opcode : 'load' 'store'> <Ports = 2> <Width = 1> <Depth = 392> <RAM>
ST_3 : Operation 141 [1/1] ( I:3.25ns O:3.25ns )   --->   "%store_ln129 = store i1 0, i9 %p_ZL22encoder_temporal_fired_0_addr_1" [src/snn_top_hls.cpp:129->src/snn_top_hls.cpp:248]   --->   Operation 141 'store' 'store_ln129' <Predicate = (icmp_ln192 & icmp_ln194 & !config_two_neuron_enable_val_read & config_encoding_type_val_read == 2 & latency_window_reset_1_read)> <Delay = 3.25> <CoreInst = "RAM_2P_BRAM">   --->   Core 90 'RAM_2P_BRAM' <Latency = 1> <II = 1> <Delay = 3.25> <Storage> <Opcode : 'load' 'store'> <Ports = 2> <Width = 1> <Depth = 392> <RAM>
ST_3 : Operation 142 [1/1] (0.00ns)   --->   "%br_ln133 = br void %if.then5.i" [src/snn_top_hls.cpp:133->src/snn_top_hls.cpp:248]   --->   Operation 142 'br' 'br_ln133' <Predicate = (icmp_ln192 & icmp_ln194 & !config_two_neuron_enable_val_read & config_encoding_type_val_read == 2 & latency_window_reset_1_read)> <Delay = 0.00>
ST_3 : Operation 143 [1/1] (0.00ns)   --->   "%zext_ln108_2 = zext i8 %input" [src/snn_top_hls.cpp:108->src/snn_top_hls.cpp:245]   --->   Operation 143 'zext' 'zext_ln108_2' <Predicate = (icmp_ln192 & icmp_ln194 & !config_two_neuron_enable_val_read & config_encoding_type_val_read == 1)> <Delay = 0.00>
ST_3 : Operation 144 [1/1] (5.58ns)   --->   "%mul_ln108_1 = mul i24 %zext_ln108_cast, i24 %zext_ln108_2" [src/snn_top_hls.cpp:108->src/snn_top_hls.cpp:245]   --->   Operation 144 'mul' 'mul_ln108_1' <Predicate = (icmp_ln192 & icmp_ln194 & !config_two_neuron_enable_val_read & config_encoding_type_val_read == 1)> <Delay = 5.58> <CoreInst = "Multiplier">   --->   Core 3 'Multiplier' <Latency = 0> <II = 1> <Delay = 5.58> <FuncUnit> <Opcode : 'mul'> <InPorts = 2> <OutPorts = 1>
ST_3 : Operation 145 [1/1] (0.00ns)   --->   "%spike_prob_1 = partselect i16 @_ssdm_op_PartSelect.i16.i24.i32.i32, i24 %mul_ln108_1, i32 8, i32 23" [src/snn_top_hls.cpp:108->src/snn_top_hls.cpp:245]   --->   Operation 145 'partselect' 'spike_prob_1' <Predicate = (icmp_ln192 & icmp_ln194 & !config_two_neuron_enable_val_read & config_encoding_type_val_read == 1)> <Delay = 0.00>
ST_3 : Operation 146 [1/1] ( I:3.25ns O:3.25ns )   --->   "%store_ln129 = store i1 0, i9 %p_ZL22encoder_temporal_fired_0_addr" [src/snn_top_hls.cpp:129->src/snn_top_hls.cpp:213]   --->   Operation 146 'store' 'store_ln129' <Predicate = (icmp_ln192 & icmp_ln194 & config_two_neuron_enable_val_read & config_encoding_type_val_read == 2 & latency_window_reset_1_read)> <Delay = 3.25> <CoreInst = "RAM_2P_BRAM">   --->   Core 90 'RAM_2P_BRAM' <Latency = 1> <II = 1> <Delay = 3.25> <Storage> <Opcode : 'load' 'store'> <Ports = 2> <Width = 1> <Depth = 392> <RAM>
ST_3 : Operation 147 [1/1] (0.00ns)   --->   "%br_ln133 = br void %if.then5.i1143" [src/snn_top_hls.cpp:133->src/snn_top_hls.cpp:213]   --->   Operation 147 'br' 'br_ln133' <Predicate = (icmp_ln192 & icmp_ln194 & config_two_neuron_enable_val_read & config_encoding_type_val_read == 2 & latency_window_reset_1_read)> <Delay = 0.00>
ST_3 : Operation 148 [1/1] (0.99ns)   --->   "%xor_ln136 = xor i8 %on_val, i8 255" [src/snn_top_hls.cpp:136->src/snn_top_hls.cpp:213]   --->   Operation 148 'xor' 'xor_ln136' <Predicate = (icmp_ln192 & icmp_ln194 & config_two_neuron_enable_val_read & config_encoding_type_val_read == 2 & !p_ZL22encoder_temporal_fired_0_load) | (icmp_ln192 & icmp_ln194 & config_two_neuron_enable_val_read & config_encoding_type_val_read == 2 & latency_window_reset_1_read)> <Delay = 0.99> <CoreInst = "LogicGate">   --->   Core 74 'LogicGate' <Latency = 0> <II = 1> <Delay = 0.99> <FuncUnit> <Opcode : 'and' 'or' 'xor'> <InPorts = 2> <OutPorts = 1>
ST_3 : Operation 149 [1/1] (0.00ns)   --->   "%zext_ln136 = zext i8 %xor_ln136" [src/snn_top_hls.cpp:136->src/snn_top_hls.cpp:213]   --->   Operation 149 'zext' 'zext_ln136' <Predicate = (icmp_ln192 & icmp_ln194 & config_two_neuron_enable_val_read & config_encoding_type_val_read == 2 & !p_ZL22encoder_temporal_fired_0_load) | (icmp_ln192 & icmp_ln194 & config_two_neuron_enable_val_read & config_encoding_type_val_read == 2 & latency_window_reset_1_read)> <Delay = 0.00>
ST_3 : Operation 150 [1/1] (5.58ns)   --->   "%mul_ln136 = mul i24 %zext_ln136, i24 %zext_ln137_13_cast" [src/snn_top_hls.cpp:136->src/snn_top_hls.cpp:213]   --->   Operation 150 'mul' 'mul_ln136' <Predicate = (icmp_ln192 & icmp_ln194 & config_two_neuron_enable_val_read & config_encoding_type_val_read == 2 & !p_ZL22encoder_temporal_fired_0_load) | (icmp_ln192 & icmp_ln194 & config_two_neuron_enable_val_read & config_encoding_type_val_read == 2 & latency_window_reset_1_read)> <Delay = 5.58> <CoreInst = "Multiplier">   --->   Core 3 'Multiplier' <Latency = 0> <II = 1> <Delay = 5.58> <FuncUnit> <Opcode : 'mul'> <InPorts = 2> <OutPorts = 1>
ST_3 : Operation 151 [1/1] (0.00ns)   --->   "%spike_delay = partselect i16 @_ssdm_op_PartSelect.i16.i24.i32.i32, i24 %mul_ln136, i32 8, i32 23" [src/snn_top_hls.cpp:136->src/snn_top_hls.cpp:213]   --->   Operation 151 'partselect' 'spike_delay' <Predicate = (icmp_ln192 & icmp_ln194 & config_two_neuron_enable_val_read & config_encoding_type_val_read == 2 & !p_ZL22encoder_temporal_fired_0_load) | (icmp_ln192 & icmp_ln194 & config_two_neuron_enable_val_read & config_encoding_type_val_read == 2 & latency_window_reset_1_read)> <Delay = 0.00>
ST_3 : Operation 152 [1/2] ( I:3.25ns O:3.25ns )   --->   "%p_ZL22encoder_temporal_start_0_load = load i9 %p_ZL22encoder_temporal_start_0_addr_2" [src/snn_top_hls.cpp:137->src/snn_top_hls.cpp:213]   --->   Operation 152 'load' 'p_ZL22encoder_temporal_start_0_load' <Predicate = (icmp_ln192 & icmp_ln194 & config_two_neuron_enable_val_read & config_encoding_type_val_read == 2 & !p_ZL22encoder_temporal_fired_0_load) | (icmp_ln192 & icmp_ln194 & config_two_neuron_enable_val_read & config_encoding_type_val_read == 2 & latency_window_reset_1_read)> <Delay = 3.25> <CoreInst = "RAM_2P_BRAM">   --->   Core 90 'RAM_2P_BRAM' <Latency = 1> <II = 1> <Delay = 3.25> <Storage> <Opcode : 'load' 'store'> <Ports = 2> <Width = 32> <Depth = 392> <RAM>
ST_3 : Operation 153 [1/1] ( I:3.25ns O:3.25ns )   --->   "%store_ln129 = store i1 0, i9 %p_ZL22encoder_temporal_fired_1_addr" [src/snn_top_hls.cpp:129->src/snn_top_hls.cpp:230]   --->   Operation 153 'store' 'store_ln129' <Predicate = (icmp_ln192 & icmp_ln194 & config_two_neuron_enable_val_read & config_encoding_type_val_read == 2 & latency_window_reset_1_read)> <Delay = 3.25> <CoreInst = "RAM_2P_BRAM">   --->   Core 90 'RAM_2P_BRAM' <Latency = 1> <II = 1> <Delay = 3.25> <Storage> <Opcode : 'load' 'store'> <Ports = 2> <Width = 1> <Depth = 392> <RAM>
ST_3 : Operation 154 [1/1] (0.00ns)   --->   "%br_ln133 = br void %if.then5.i518" [src/snn_top_hls.cpp:133->src/snn_top_hls.cpp:230]   --->   Operation 154 'br' 'br_ln133' <Predicate = (icmp_ln192 & icmp_ln194 & config_two_neuron_enable_val_read & config_encoding_type_val_read == 2 & latency_window_reset_1_read)> <Delay = 0.00>
ST_3 : Operation 155 [1/1] (0.99ns)   --->   "%xor_ln136_2 = xor i8 %off_val, i8 255" [src/snn_top_hls.cpp:136->src/snn_top_hls.cpp:230]   --->   Operation 155 'xor' 'xor_ln136_2' <Predicate = (icmp_ln192 & icmp_ln194 & config_two_neuron_enable_val_read & config_encoding_type_val_read == 2 & !p_ZL22encoder_temporal_fired_1_load) | (icmp_ln192 & icmp_ln194 & config_two_neuron_enable_val_read & config_encoding_type_val_read == 2 & latency_window_reset_1_read)> <Delay = 0.99> <CoreInst = "LogicGate">   --->   Core 74 'LogicGate' <Latency = 0> <II = 1> <Delay = 0.99> <FuncUnit> <Opcode : 'and' 'or' 'xor'> <InPorts = 2> <OutPorts = 1>
ST_3 : Operation 156 [1/1] (0.00ns)   --->   "%zext_ln136_2 = zext i8 %xor_ln136_2" [src/snn_top_hls.cpp:136->src/snn_top_hls.cpp:230]   --->   Operation 156 'zext' 'zext_ln136_2' <Predicate = (icmp_ln192 & icmp_ln194 & config_two_neuron_enable_val_read & config_encoding_type_val_read == 2 & !p_ZL22encoder_temporal_fired_1_load) | (icmp_ln192 & icmp_ln194 & config_two_neuron_enable_val_read & config_encoding_type_val_read == 2 & latency_window_reset_1_read)> <Delay = 0.00>
ST_3 : Operation 157 [1/1] (5.58ns)   --->   "%mul_ln136_2 = mul i24 %zext_ln136_2, i24 %zext_ln137_13_cast" [src/snn_top_hls.cpp:136->src/snn_top_hls.cpp:230]   --->   Operation 157 'mul' 'mul_ln136_2' <Predicate = (icmp_ln192 & icmp_ln194 & config_two_neuron_enable_val_read & config_encoding_type_val_read == 2 & !p_ZL22encoder_temporal_fired_1_load) | (icmp_ln192 & icmp_ln194 & config_two_neuron_enable_val_read & config_encoding_type_val_read == 2 & latency_window_reset_1_read)> <Delay = 5.58> <CoreInst = "Multiplier">   --->   Core 3 'Multiplier' <Latency = 0> <II = 1> <Delay = 5.58> <FuncUnit> <Opcode : 'mul'> <InPorts = 2> <OutPorts = 1>
ST_3 : Operation 158 [1/1] (0.00ns)   --->   "%spike_delay_2 = partselect i16 @_ssdm_op_PartSelect.i16.i24.i32.i32, i24 %mul_ln136_2, i32 8, i32 23" [src/snn_top_hls.cpp:136->src/snn_top_hls.cpp:230]   --->   Operation 158 'partselect' 'spike_delay_2' <Predicate = (icmp_ln192 & icmp_ln194 & config_two_neuron_enable_val_read & config_encoding_type_val_read == 2 & !p_ZL22encoder_temporal_fired_1_load) | (icmp_ln192 & icmp_ln194 & config_two_neuron_enable_val_read & config_encoding_type_val_read == 2 & latency_window_reset_1_read)> <Delay = 0.00>
ST_3 : Operation 159 [1/2] ( I:3.25ns O:3.25ns )   --->   "%p_ZL22encoder_temporal_start_1_load = load i9 %p_ZL22encoder_temporal_start_1_addr_1" [src/snn_top_hls.cpp:137->src/snn_top_hls.cpp:230]   --->   Operation 159 'load' 'p_ZL22encoder_temporal_start_1_load' <Predicate = (icmp_ln192 & icmp_ln194 & config_two_neuron_enable_val_read & config_encoding_type_val_read == 2 & !p_ZL22encoder_temporal_fired_1_load) | (icmp_ln192 & icmp_ln194 & config_two_neuron_enable_val_read & config_encoding_type_val_read == 2 & latency_window_reset_1_read)> <Delay = 3.25> <CoreInst = "RAM_2P_BRAM">   --->   Core 90 'RAM_2P_BRAM' <Latency = 1> <II = 1> <Delay = 3.25> <Storage> <Opcode : 'load' 'store'> <Ports = 2> <Width = 32> <Depth = 392> <RAM>
ST_3 : Operation 160 [1/1] (0.00ns)   --->   "%zext_ln108_1 = zext i8 %on_val" [src/snn_top_hls.cpp:108->src/snn_top_hls.cpp:210]   --->   Operation 160 'zext' 'zext_ln108_1' <Predicate = (icmp_ln192 & icmp_ln194 & config_two_neuron_enable_val_read & config_encoding_type_val_read == 1)> <Delay = 0.00>
ST_3 : Operation 161 [1/1] (5.58ns)   --->   "%mul_ln108 = mul i24 %zext_ln108_cast, i24 %zext_ln108_1" [src/snn_top_hls.cpp:108->src/snn_top_hls.cpp:210]   --->   Operation 161 'mul' 'mul_ln108' <Predicate = (icmp_ln192 & icmp_ln194 & config_two_neuron_enable_val_read & config_encoding_type_val_read == 1)> <Delay = 5.58> <CoreInst = "Multiplier">   --->   Core 3 'Multiplier' <Latency = 0> <II = 1> <Delay = 5.58> <FuncUnit> <Opcode : 'mul'> <InPorts = 2> <OutPorts = 1>
ST_3 : Operation 162 [1/1] (0.00ns)   --->   "%spike_prob = partselect i16 @_ssdm_op_PartSelect.i16.i24.i32.i32, i24 %mul_ln108, i32 8, i32 23" [src/snn_top_hls.cpp:108->src/snn_top_hls.cpp:210]   --->   Operation 162 'partselect' 'spike_prob' <Predicate = (icmp_ln192 & icmp_ln194 & config_two_neuron_enable_val_read & config_encoding_type_val_read == 1)> <Delay = 0.00>
ST_3 : Operation 163 [1/1] (0.00ns)   --->   "%zext_ln108_3 = zext i8 %off_val" [src/snn_top_hls.cpp:108->src/snn_top_hls.cpp:227]   --->   Operation 163 'zext' 'zext_ln108_3' <Predicate = (icmp_ln192 & icmp_ln194 & config_two_neuron_enable_val_read & config_encoding_type_val_read == 1)> <Delay = 0.00>
ST_3 : Operation 164 [1/1] (5.58ns)   --->   "%mul_ln108_2 = mul i24 %zext_ln108_cast, i24 %zext_ln108_3" [src/snn_top_hls.cpp:108->src/snn_top_hls.cpp:227]   --->   Operation 164 'mul' 'mul_ln108_2' <Predicate = (icmp_ln192 & icmp_ln194 & config_two_neuron_enable_val_read & config_encoding_type_val_read == 1)> <Delay = 5.58> <CoreInst = "Multiplier">   --->   Core 3 'Multiplier' <Latency = 0> <II = 1> <Delay = 5.58> <FuncUnit> <Opcode : 'mul'> <InPorts = 2> <OutPorts = 1>
ST_3 : Operation 165 [1/1] (0.00ns)   --->   "%spike_prob_2 = partselect i16 @_ssdm_op_PartSelect.i16.i24.i32.i32, i24 %mul_ln108_2, i32 8, i32 23" [src/snn_top_hls.cpp:108->src/snn_top_hls.cpp:227]   --->   Operation 165 'partselect' 'spike_prob_2' <Predicate = (icmp_ln192 & icmp_ln194 & config_two_neuron_enable_val_read & config_encoding_type_val_read == 1)> <Delay = 0.00>
ST_3 : Operation 166 [1/1] (0.00ns)   --->   "%p_ZL22encoder_temporal_fired_1_addr_1 = getelementptr i1 %p_ZL22encoder_temporal_fired_1, i64 0, i64 %zext_ln192_2" [src/snn_top_hls.cpp:133->src/snn_top_hls.cpp:248]   --->   Operation 166 'getelementptr' 'p_ZL22encoder_temporal_fired_1_addr_1' <Predicate = (icmp_ln192 & !config_two_neuron_enable_val_read & config_encoding_type_val_read == 2 & icmp_ln194_1)> <Delay = 0.00>
ST_3 : Operation 167 [2/2] (3.25ns)   --->   "%p_ZL22encoder_temporal_fired_1_load_1 = load i9 %p_ZL22encoder_temporal_fired_1_addr_1" [src/snn_top_hls.cpp:133->src/snn_top_hls.cpp:248]   --->   Operation 167 'load' 'p_ZL22encoder_temporal_fired_1_load_1' <Predicate = (icmp_ln192 & !config_two_neuron_enable_val_read & config_encoding_type_val_read == 2 & !latency_window_reset_1_read & icmp_ln194_1)> <Delay = 3.25> <CoreInst = "RAM_2P_BRAM">   --->   Core 90 'RAM_2P_BRAM' <Latency = 1> <II = 1> <Delay = 3.25> <Storage> <Opcode : 'load' 'store'> <Ports = 2> <Width = 1> <Depth = 392> <RAM>
ST_3 : Operation 168 [1/1] ( I:3.25ns O:3.25ns )   --->   "%store_ln129 = store i1 0, i9 %p_ZL22encoder_temporal_fired_1_addr_1" [src/snn_top_hls.cpp:129->src/snn_top_hls.cpp:248]   --->   Operation 168 'store' 'store_ln129' <Predicate = (icmp_ln192 & !config_two_neuron_enable_val_read & config_encoding_type_val_read == 2 & latency_window_reset_1_read & icmp_ln194_1)> <Delay = 3.25> <CoreInst = "RAM_2P_BRAM">   --->   Core 90 'RAM_2P_BRAM' <Latency = 1> <II = 1> <Delay = 3.25> <Storage> <Opcode : 'load' 'store'> <Ports = 2> <Width = 1> <Depth = 392> <RAM>
ST_3 : Operation 169 [1/1] (0.00ns)   --->   "%br_ln133 = br void %if.then5.i.1" [src/snn_top_hls.cpp:133->src/snn_top_hls.cpp:248]   --->   Operation 169 'br' 'br_ln133' <Predicate = (icmp_ln192 & !config_two_neuron_enable_val_read & config_encoding_type_val_read == 2 & latency_window_reset_1_read & icmp_ln194_1)> <Delay = 0.00>
ST_3 : Operation 170 [1/1] (0.00ns)   --->   "%zext_ln108_5 = zext i8 %value_8" [src/snn_top_hls.cpp:108->src/snn_top_hls.cpp:245]   --->   Operation 170 'zext' 'zext_ln108_5' <Predicate = (icmp_ln192 & !config_two_neuron_enable_val_read & config_encoding_type_val_read == 1 & icmp_ln194_1)> <Delay = 0.00>
ST_3 : Operation 171 [1/1] (5.58ns)   --->   "%mul_ln108_4 = mul i24 %zext_ln108_cast, i24 %zext_ln108_5" [src/snn_top_hls.cpp:108->src/snn_top_hls.cpp:245]   --->   Operation 171 'mul' 'mul_ln108_4' <Predicate = (icmp_ln192 & !config_two_neuron_enable_val_read & config_encoding_type_val_read == 1 & icmp_ln194_1)> <Delay = 5.58> <CoreInst = "Multiplier">   --->   Core 3 'Multiplier' <Latency = 0> <II = 1> <Delay = 5.58> <FuncUnit> <Opcode : 'mul'> <InPorts = 2> <OutPorts = 1>
ST_3 : Operation 172 [1/1] (0.00ns)   --->   "%spike_prob_4 = partselect i16 @_ssdm_op_PartSelect.i16.i24.i32.i32, i24 %mul_ln108_4, i32 8, i32 23" [src/snn_top_hls.cpp:108->src/snn_top_hls.cpp:245]   --->   Operation 172 'partselect' 'spike_prob_4' <Predicate = (icmp_ln192 & !config_two_neuron_enable_val_read & config_encoding_type_val_read == 1 & icmp_ln194_1)> <Delay = 0.00>
ST_3 : Operation 173 [1/2] ( I:3.25ns O:3.25ns )   --->   "%p_ZL22encoder_temporal_fired_0_load_2 = load i9 %p_ZL22encoder_temporal_fired_0_addr_2" [src/snn_top_hls.cpp:133->src/snn_top_hls.cpp:213]   --->   Operation 173 'load' 'p_ZL22encoder_temporal_fired_0_load_2' <Predicate = (icmp_ln192 & config_two_neuron_enable_val_read & config_encoding_type_val_read == 2 & !latency_window_reset_1_read & icmp_ln194_1)> <Delay = 3.25> <CoreInst = "RAM_2P_BRAM">   --->   Core 90 'RAM_2P_BRAM' <Latency = 1> <II = 1> <Delay = 3.25> <Storage> <Opcode : 'load' 'store'> <Ports = 2> <Width = 1> <Depth = 392> <RAM>
ST_3 : Operation 174 [1/1] (0.00ns)   --->   "%br_ln133 = br i1 %p_ZL22encoder_temporal_fired_0_load_2, void %if.then5.i1143.1, void %sw.bb34.1" [src/snn_top_hls.cpp:133->src/snn_top_hls.cpp:213]   --->   Operation 174 'br' 'br_ln133' <Predicate = (icmp_ln192 & config_two_neuron_enable_val_read & config_encoding_type_val_read == 2 & !latency_window_reset_1_read & icmp_ln194_1)> <Delay = 0.00>
ST_3 : Operation 175 [1/1] (0.99ns)   --->   "%xor_ln136_3 = xor i8 %on_val_1, i8 255" [src/snn_top_hls.cpp:136->src/snn_top_hls.cpp:213]   --->   Operation 175 'xor' 'xor_ln136_3' <Predicate = (icmp_ln192 & config_two_neuron_enable_val_read & config_encoding_type_val_read == 2 & icmp_ln194_1 & !p_ZL22encoder_temporal_fired_0_load_2) | (icmp_ln192 & config_two_neuron_enable_val_read & config_encoding_type_val_read == 2 & latency_window_reset_1_read & icmp_ln194_1)> <Delay = 0.99> <CoreInst = "LogicGate">   --->   Core 74 'LogicGate' <Latency = 0> <II = 1> <Delay = 0.99> <FuncUnit> <Opcode : 'and' 'or' 'xor'> <InPorts = 2> <OutPorts = 1>
ST_3 : Operation 176 [1/1] (0.00ns)   --->   "%zext_ln136_3 = zext i8 %xor_ln136_3" [src/snn_top_hls.cpp:136->src/snn_top_hls.cpp:213]   --->   Operation 176 'zext' 'zext_ln136_3' <Predicate = (icmp_ln192 & config_two_neuron_enable_val_read & config_encoding_type_val_read == 2 & icmp_ln194_1 & !p_ZL22encoder_temporal_fired_0_load_2) | (icmp_ln192 & config_two_neuron_enable_val_read & config_encoding_type_val_read == 2 & latency_window_reset_1_read & icmp_ln194_1)> <Delay = 0.00>
ST_3 : Operation 177 [1/1] (5.58ns)   --->   "%mul_ln136_3 = mul i24 %zext_ln136_3, i24 %zext_ln137_13_cast" [src/snn_top_hls.cpp:136->src/snn_top_hls.cpp:213]   --->   Operation 177 'mul' 'mul_ln136_3' <Predicate = (icmp_ln192 & config_two_neuron_enable_val_read & config_encoding_type_val_read == 2 & icmp_ln194_1 & !p_ZL22encoder_temporal_fired_0_load_2) | (icmp_ln192 & config_two_neuron_enable_val_read & config_encoding_type_val_read == 2 & latency_window_reset_1_read & icmp_ln194_1)> <Delay = 5.58> <CoreInst = "Multiplier">   --->   Core 3 'Multiplier' <Latency = 0> <II = 1> <Delay = 5.58> <FuncUnit> <Opcode : 'mul'> <InPorts = 2> <OutPorts = 1>
ST_3 : Operation 178 [1/1] (0.00ns)   --->   "%spike_delay_3 = partselect i16 @_ssdm_op_PartSelect.i16.i24.i32.i32, i24 %mul_ln136_3, i32 8, i32 23" [src/snn_top_hls.cpp:136->src/snn_top_hls.cpp:213]   --->   Operation 178 'partselect' 'spike_delay_3' <Predicate = (icmp_ln192 & config_two_neuron_enable_val_read & config_encoding_type_val_read == 2 & icmp_ln194_1 & !p_ZL22encoder_temporal_fired_0_load_2) | (icmp_ln192 & config_two_neuron_enable_val_read & config_encoding_type_val_read == 2 & latency_window_reset_1_read & icmp_ln194_1)> <Delay = 0.00>
ST_3 : Operation 179 [1/1] (0.00ns)   --->   "%p_ZL22encoder_temporal_start_0_addr_5 = getelementptr i32 %p_ZL22encoder_temporal_start_0, i64 0, i64 %zext_ln192_3" [src/snn_top_hls.cpp:137->src/snn_top_hls.cpp:213]   --->   Operation 179 'getelementptr' 'p_ZL22encoder_temporal_start_0_addr_5' <Predicate = (icmp_ln192 & config_two_neuron_enable_val_read & config_encoding_type_val_read == 2 & icmp_ln194_1 & !p_ZL22encoder_temporal_fired_0_load_2) | (icmp_ln192 & config_two_neuron_enable_val_read & config_encoding_type_val_read == 2 & latency_window_reset_1_read & icmp_ln194_1)> <Delay = 0.00>
ST_3 : Operation 180 [2/2] (3.25ns)   --->   "%p_ZL22encoder_temporal_start_0_load_2 = load i9 %p_ZL22encoder_temporal_start_0_addr_5" [src/snn_top_hls.cpp:137->src/snn_top_hls.cpp:213]   --->   Operation 180 'load' 'p_ZL22encoder_temporal_start_0_load_2' <Predicate = (icmp_ln192 & config_two_neuron_enable_val_read & config_encoding_type_val_read == 2 & icmp_ln194_1 & !p_ZL22encoder_temporal_fired_0_load_2) | (icmp_ln192 & config_two_neuron_enable_val_read & config_encoding_type_val_read == 2 & latency_window_reset_1_read & icmp_ln194_1)> <Delay = 3.25> <CoreInst = "RAM_2P_BRAM">   --->   Core 90 'RAM_2P_BRAM' <Latency = 1> <II = 1> <Delay = 3.25> <Storage> <Opcode : 'load' 'store'> <Ports = 2> <Width = 32> <Depth = 392> <RAM>
ST_3 : Operation 181 [1/1] (0.00ns)   --->   "%br_ln141 = br void %sw.bb34.1" [src/snn_top_hls.cpp:141->src/snn_top_hls.cpp:213]   --->   Operation 181 'br' 'br_ln141' <Predicate = (icmp_ln192 & config_two_neuron_enable_val_read & config_encoding_type_val_read == 2 & icmp_ln194_1 & !p_ZL22encoder_temporal_fired_0_load_2) | (icmp_ln192 & config_two_neuron_enable_val_read & config_encoding_type_val_read == 2 & latency_window_reset_1_read & icmp_ln194_1)> <Delay = 0.00>
ST_3 : Operation 182 [1/2] ( I:3.25ns O:3.25ns )   --->   "%p_ZL22encoder_temporal_fired_1_load_2 = load i9 %p_ZL22encoder_temporal_fired_1_addr_2" [src/snn_top_hls.cpp:133->src/snn_top_hls.cpp:230]   --->   Operation 182 'load' 'p_ZL22encoder_temporal_fired_1_load_2' <Predicate = (icmp_ln192 & config_two_neuron_enable_val_read & config_encoding_type_val_read == 2 & !latency_window_reset_1_read & icmp_ln194_1)> <Delay = 3.25> <CoreInst = "RAM_2P_BRAM">   --->   Core 90 'RAM_2P_BRAM' <Latency = 1> <II = 1> <Delay = 3.25> <Storage> <Opcode : 'load' 'store'> <Ports = 2> <Width = 1> <Depth = 392> <RAM>
ST_3 : Operation 183 [1/1] (0.00ns)   --->   "%br_ln133 = br i1 %p_ZL22encoder_temporal_fired_1_load_2, void %if.then5.i518.1, void %_ZL15encoder_latencyi7ap_uintILi8EES_ILi32EERK16encoder_config_tRN3hls6streamI19encoder_axis_word_tLi0EEERS1_b.exit604.1" [src/snn_top_hls.cpp:133->src/snn_top_hls.cpp:230]   --->   Operation 183 'br' 'br_ln133' <Predicate = (icmp_ln192 & config_two_neuron_enable_val_read & config_encoding_type_val_read == 2 & !latency_window_reset_1_read & icmp_ln194_1)> <Delay = 0.00>
ST_3 : Operation 184 [1/1] (0.99ns)   --->   "%xor_ln136_5 = xor i8 %off_val_1, i8 255" [src/snn_top_hls.cpp:136->src/snn_top_hls.cpp:230]   --->   Operation 184 'xor' 'xor_ln136_5' <Predicate = (icmp_ln192 & config_two_neuron_enable_val_read & config_encoding_type_val_read == 2 & icmp_ln194_1 & !p_ZL22encoder_temporal_fired_1_load_2) | (icmp_ln192 & config_two_neuron_enable_val_read & config_encoding_type_val_read == 2 & latency_window_reset_1_read & icmp_ln194_1)> <Delay = 0.99> <CoreInst = "LogicGate">   --->   Core 74 'LogicGate' <Latency = 0> <II = 1> <Delay = 0.99> <FuncUnit> <Opcode : 'and' 'or' 'xor'> <InPorts = 2> <OutPorts = 1>
ST_3 : Operation 185 [1/1] (0.00ns)   --->   "%zext_ln136_5 = zext i8 %xor_ln136_5" [src/snn_top_hls.cpp:136->src/snn_top_hls.cpp:230]   --->   Operation 185 'zext' 'zext_ln136_5' <Predicate = (icmp_ln192 & config_two_neuron_enable_val_read & config_encoding_type_val_read == 2 & icmp_ln194_1 & !p_ZL22encoder_temporal_fired_1_load_2) | (icmp_ln192 & config_two_neuron_enable_val_read & config_encoding_type_val_read == 2 & latency_window_reset_1_read & icmp_ln194_1)> <Delay = 0.00>
ST_3 : Operation 186 [1/1] (5.58ns)   --->   "%mul_ln136_5 = mul i24 %zext_ln136_5, i24 %zext_ln137_13_cast" [src/snn_top_hls.cpp:136->src/snn_top_hls.cpp:230]   --->   Operation 186 'mul' 'mul_ln136_5' <Predicate = (icmp_ln192 & config_two_neuron_enable_val_read & config_encoding_type_val_read == 2 & icmp_ln194_1 & !p_ZL22encoder_temporal_fired_1_load_2) | (icmp_ln192 & config_two_neuron_enable_val_read & config_encoding_type_val_read == 2 & latency_window_reset_1_read & icmp_ln194_1)> <Delay = 5.58> <CoreInst = "Multiplier">   --->   Core 3 'Multiplier' <Latency = 0> <II = 1> <Delay = 5.58> <FuncUnit> <Opcode : 'mul'> <InPorts = 2> <OutPorts = 1>
ST_3 : Operation 187 [1/1] (0.00ns)   --->   "%spike_delay_5 = partselect i16 @_ssdm_op_PartSelect.i16.i24.i32.i32, i24 %mul_ln136_5, i32 8, i32 23" [src/snn_top_hls.cpp:136->src/snn_top_hls.cpp:230]   --->   Operation 187 'partselect' 'spike_delay_5' <Predicate = (icmp_ln192 & config_two_neuron_enable_val_read & config_encoding_type_val_read == 2 & icmp_ln194_1 & !p_ZL22encoder_temporal_fired_1_load_2) | (icmp_ln192 & config_two_neuron_enable_val_read & config_encoding_type_val_read == 2 & latency_window_reset_1_read & icmp_ln194_1)> <Delay = 0.00>
ST_3 : Operation 188 [1/1] (0.00ns)   --->   "%p_ZL22encoder_temporal_start_1_addr_5 = getelementptr i32 %p_ZL22encoder_temporal_start_1, i64 0, i64 %zext_ln192_3" [src/snn_top_hls.cpp:137->src/snn_top_hls.cpp:230]   --->   Operation 188 'getelementptr' 'p_ZL22encoder_temporal_start_1_addr_5' <Predicate = (icmp_ln192 & config_two_neuron_enable_val_read & config_encoding_type_val_read == 2 & icmp_ln194_1 & !p_ZL22encoder_temporal_fired_1_load_2) | (icmp_ln192 & config_two_neuron_enable_val_read & config_encoding_type_val_read == 2 & latency_window_reset_1_read & icmp_ln194_1)> <Delay = 0.00>
ST_3 : Operation 189 [2/2] (3.25ns)   --->   "%p_ZL22encoder_temporal_start_1_load_2 = load i9 %p_ZL22encoder_temporal_start_1_addr_5" [src/snn_top_hls.cpp:137->src/snn_top_hls.cpp:230]   --->   Operation 189 'load' 'p_ZL22encoder_temporal_start_1_load_2' <Predicate = (icmp_ln192 & config_two_neuron_enable_val_read & config_encoding_type_val_read == 2 & icmp_ln194_1 & !p_ZL22encoder_temporal_fired_1_load_2) | (icmp_ln192 & config_two_neuron_enable_val_read & config_encoding_type_val_read == 2 & latency_window_reset_1_read & icmp_ln194_1)> <Delay = 3.25> <CoreInst = "RAM_2P_BRAM">   --->   Core 90 'RAM_2P_BRAM' <Latency = 1> <II = 1> <Delay = 3.25> <Storage> <Opcode : 'load' 'store'> <Ports = 2> <Width = 32> <Depth = 392> <RAM>
ST_3 : Operation 190 [1/1] (0.00ns)   --->   "%br_ln141 = br void %_ZL15encoder_latencyi7ap_uintILi8EES_ILi32EERK16encoder_config_tRN3hls6streamI19encoder_axis_word_tLi0EEERS1_b.exit604.1" [src/snn_top_hls.cpp:141->src/snn_top_hls.cpp:230]   --->   Operation 190 'br' 'br_ln141' <Predicate = (icmp_ln192 & config_two_neuron_enable_val_read & config_encoding_type_val_read == 2 & icmp_ln194_1 & !p_ZL22encoder_temporal_fired_1_load_2) | (icmp_ln192 & config_two_neuron_enable_val_read & config_encoding_type_val_read == 2 & latency_window_reset_1_read & icmp_ln194_1)> <Delay = 0.00>
ST_3 : Operation 191 [1/1] (0.00ns)   --->   "%zext_ln108_4 = zext i8 %on_val_1" [src/snn_top_hls.cpp:108->src/snn_top_hls.cpp:210]   --->   Operation 191 'zext' 'zext_ln108_4' <Predicate = (icmp_ln192 & config_two_neuron_enable_val_read & config_encoding_type_val_read == 1 & icmp_ln194_1)> <Delay = 0.00>
ST_3 : Operation 192 [1/1] (5.58ns)   --->   "%mul_ln108_3 = mul i24 %zext_ln108_cast, i24 %zext_ln108_4" [src/snn_top_hls.cpp:108->src/snn_top_hls.cpp:210]   --->   Operation 192 'mul' 'mul_ln108_3' <Predicate = (icmp_ln192 & config_two_neuron_enable_val_read & config_encoding_type_val_read == 1 & icmp_ln194_1)> <Delay = 5.58> <CoreInst = "Multiplier">   --->   Core 3 'Multiplier' <Latency = 0> <II = 1> <Delay = 5.58> <FuncUnit> <Opcode : 'mul'> <InPorts = 2> <OutPorts = 1>
ST_3 : Operation 193 [1/1] (0.00ns)   --->   "%spike_prob_3 = partselect i16 @_ssdm_op_PartSelect.i16.i24.i32.i32, i24 %mul_ln108_3, i32 8, i32 23" [src/snn_top_hls.cpp:108->src/snn_top_hls.cpp:210]   --->   Operation 193 'partselect' 'spike_prob_3' <Predicate = (icmp_ln192 & config_two_neuron_enable_val_read & config_encoding_type_val_read == 1 & icmp_ln194_1)> <Delay = 0.00>
ST_3 : Operation 194 [1/1] (0.00ns)   --->   "%zext_ln108_6 = zext i8 %off_val_1" [src/snn_top_hls.cpp:108->src/snn_top_hls.cpp:227]   --->   Operation 194 'zext' 'zext_ln108_6' <Predicate = (icmp_ln192 & config_two_neuron_enable_val_read & config_encoding_type_val_read == 1 & icmp_ln194_1)> <Delay = 0.00>
ST_3 : Operation 195 [1/1] (5.58ns)   --->   "%mul_ln108_5 = mul i24 %zext_ln108_cast, i24 %zext_ln108_6" [src/snn_top_hls.cpp:108->src/snn_top_hls.cpp:227]   --->   Operation 195 'mul' 'mul_ln108_5' <Predicate = (icmp_ln192 & config_two_neuron_enable_val_read & config_encoding_type_val_read == 1 & icmp_ln194_1)> <Delay = 5.58> <CoreInst = "Multiplier">   --->   Core 3 'Multiplier' <Latency = 0> <II = 1> <Delay = 5.58> <FuncUnit> <Opcode : 'mul'> <InPorts = 2> <OutPorts = 1>
ST_3 : Operation 196 [1/1] (0.00ns)   --->   "%spike_prob_5 = partselect i16 @_ssdm_op_PartSelect.i16.i24.i32.i32, i24 %mul_ln108_5, i32 8, i32 23" [src/snn_top_hls.cpp:108->src/snn_top_hls.cpp:227]   --->   Operation 196 'partselect' 'spike_prob_5' <Predicate = (icmp_ln192 & config_two_neuron_enable_val_read & config_encoding_type_val_read == 1 & icmp_ln194_1)> <Delay = 0.00>
ST_3 : Operation 197 [1/1] (0.00ns)   --->   "%zext_ln154_3 = zext i8 %on_val_1" [src/snn_top_hls.cpp:154->src/snn_top_hls.cpp:216]   --->   Operation 197 'zext' 'zext_ln154_3' <Predicate = (icmp_ln192 & config_two_neuron_enable_val_read & config_encoding_type_val_read == 3 & icmp_ln194_1)> <Delay = 0.00>
ST_3 : Operation 198 [1/2] ( I:3.25ns O:3.25ns )   --->   "%p_ZL17encoder_phase_acc_0_load_2 = load i9 %p_ZL17encoder_phase_acc_0_addr_2" [src/snn_top_hls.cpp:155->src/snn_top_hls.cpp:216]   --->   Operation 198 'load' 'p_ZL17encoder_phase_acc_0_load_2' <Predicate = (icmp_ln192 & config_two_neuron_enable_val_read & config_encoding_type_val_read == 3 & icmp_ln194_1)> <Delay = 3.25> <CoreInst = "RAM_2P_BRAM">   --->   Core 90 'RAM_2P_BRAM' <Latency = 1> <II = 1> <Delay = 3.25> <Storage> <Opcode : 'load' 'store'> <Ports = 2> <Width = 16> <Depth = 392> <RAM>
ST_3 : Operation 199 [1/1] (2.07ns)   --->   "%add_ln155_3 = add i16 %p_ZL17encoder_phase_acc_0_load_2, i16 %zext_ln154_3" [src/snn_top_hls.cpp:155->src/snn_top_hls.cpp:216]   --->   Operation 199 'add' 'add_ln155_3' <Predicate = (icmp_ln192 & config_two_neuron_enable_val_read & config_encoding_type_val_read == 3 & icmp_ln194_1)> <Delay = 2.07> <CoreInst = "Adder">   --->   Core 1 'Adder' <Latency = 0> <II = 1> <Delay = 2.07> <FuncUnit> <Opcode : 'add' 'sub'> <InPorts = 2> <OutPorts = 1>
ST_3 : Operation 200 [1/1] (0.00ns)   --->   "%zext_ln154_5 = zext i8 %off_val_1" [src/snn_top_hls.cpp:154->src/snn_top_hls.cpp:233]   --->   Operation 200 'zext' 'zext_ln154_5' <Predicate = (icmp_ln192 & config_two_neuron_enable_val_read & config_encoding_type_val_read == 3 & icmp_ln194_1)> <Delay = 0.00>
ST_3 : Operation 201 [1/2] ( I:3.25ns O:3.25ns )   --->   "%p_ZL17encoder_phase_acc_1_load_2 = load i9 %p_ZL17encoder_phase_acc_1_addr_2" [src/snn_top_hls.cpp:155->src/snn_top_hls.cpp:233]   --->   Operation 201 'load' 'p_ZL17encoder_phase_acc_1_load_2' <Predicate = (icmp_ln192 & config_two_neuron_enable_val_read & config_encoding_type_val_read == 3 & icmp_ln194_1)> <Delay = 3.25> <CoreInst = "RAM_2P_BRAM">   --->   Core 90 'RAM_2P_BRAM' <Latency = 1> <II = 1> <Delay = 3.25> <Storage> <Opcode : 'load' 'store'> <Ports = 2> <Width = 16> <Depth = 392> <RAM>
ST_3 : Operation 202 [1/1] (2.07ns)   --->   "%add_ln155_5 = add i16 %p_ZL17encoder_phase_acc_1_load_2, i16 %zext_ln154_5" [src/snn_top_hls.cpp:155->src/snn_top_hls.cpp:233]   --->   Operation 202 'add' 'add_ln155_5' <Predicate = (icmp_ln192 & config_two_neuron_enable_val_read & config_encoding_type_val_read == 3 & icmp_ln194_1)> <Delay = 2.07> <CoreInst = "Adder">   --->   Core 1 'Adder' <Latency = 0> <II = 1> <Delay = 2.07> <FuncUnit> <Opcode : 'add' 'sub'> <InPorts = 2> <OutPorts = 1>

State 4 <SV = 3> <Delay = 6.57>
ST_4 : Operation 203 [1/2] ( I:3.25ns O:3.25ns )   --->   "%p_ZL22encoder_temporal_fired_0_load_1 = load i9 %p_ZL22encoder_temporal_fired_0_addr_1" [src/snn_top_hls.cpp:133->src/snn_top_hls.cpp:248]   --->   Operation 203 'load' 'p_ZL22encoder_temporal_fired_0_load_1' <Predicate = (icmp_ln192 & icmp_ln194 & !config_two_neuron_enable_val_read & config_encoding_type_val_read == 2 & !latency_window_reset_1_read)> <Delay = 3.25> <CoreInst = "RAM_2P_BRAM">   --->   Core 90 'RAM_2P_BRAM' <Latency = 1> <II = 1> <Delay = 3.25> <Storage> <Opcode : 'load' 'store'> <Ports = 2> <Width = 1> <Depth = 392> <RAM>
ST_4 : Operation 204 [1/1] (0.00ns)   --->   "%br_ln133 = br i1 %p_ZL22encoder_temporal_fired_0_load_1, void %if.then5.i, void %_ZL15encoder_latencyi7ap_uintILi8EES_ILi32EERK16encoder_config_tRN3hls6streamI19encoder_axis_word_tLi0EEERS1_b.exit" [src/snn_top_hls.cpp:133->src/snn_top_hls.cpp:248]   --->   Operation 204 'br' 'br_ln133' <Predicate = (icmp_ln192 & icmp_ln194 & !config_two_neuron_enable_val_read & config_encoding_type_val_read == 2 & !latency_window_reset_1_read)> <Delay = 0.00>
ST_4 : Operation 205 [1/1] (0.99ns)   --->   "%xor_ln136_1 = xor i8 %input, i8 255" [src/snn_top_hls.cpp:136->src/snn_top_hls.cpp:248]   --->   Operation 205 'xor' 'xor_ln136_1' <Predicate = (icmp_ln192 & icmp_ln194 & !config_two_neuron_enable_val_read & config_encoding_type_val_read == 2 & !p_ZL22encoder_temporal_fired_0_load_1) | (icmp_ln192 & icmp_ln194 & !config_two_neuron_enable_val_read & config_encoding_type_val_read == 2 & latency_window_reset_1_read)> <Delay = 0.99> <CoreInst = "LogicGate">   --->   Core 74 'LogicGate' <Latency = 0> <II = 1> <Delay = 0.99> <FuncUnit> <Opcode : 'and' 'or' 'xor'> <InPorts = 2> <OutPorts = 1>
ST_4 : Operation 206 [1/1] (0.00ns)   --->   "%zext_ln136_1 = zext i8 %xor_ln136_1" [src/snn_top_hls.cpp:136->src/snn_top_hls.cpp:248]   --->   Operation 206 'zext' 'zext_ln136_1' <Predicate = (icmp_ln192 & icmp_ln194 & !config_two_neuron_enable_val_read & config_encoding_type_val_read == 2 & !p_ZL22encoder_temporal_fired_0_load_1) | (icmp_ln192 & icmp_ln194 & !config_two_neuron_enable_val_read & config_encoding_type_val_read == 2 & latency_window_reset_1_read)> <Delay = 0.00>
ST_4 : Operation 207 [1/1] (5.58ns)   --->   "%mul_ln136_1 = mul i24 %zext_ln136_1, i24 %zext_ln137_13_cast" [src/snn_top_hls.cpp:136->src/snn_top_hls.cpp:248]   --->   Operation 207 'mul' 'mul_ln136_1' <Predicate = (icmp_ln192 & icmp_ln194 & !config_two_neuron_enable_val_read & config_encoding_type_val_read == 2 & !p_ZL22encoder_temporal_fired_0_load_1) | (icmp_ln192 & icmp_ln194 & !config_two_neuron_enable_val_read & config_encoding_type_val_read == 2 & latency_window_reset_1_read)> <Delay = 5.58> <CoreInst = "Multiplier">   --->   Core 3 'Multiplier' <Latency = 0> <II = 1> <Delay = 5.58> <FuncUnit> <Opcode : 'mul'> <InPorts = 2> <OutPorts = 1>
ST_4 : Operation 208 [1/1] (0.00ns)   --->   "%spike_delay_1 = partselect i16 @_ssdm_op_PartSelect.i16.i24.i32.i32, i24 %mul_ln136_1, i32 8, i32 23" [src/snn_top_hls.cpp:136->src/snn_top_hls.cpp:248]   --->   Operation 208 'partselect' 'spike_delay_1' <Predicate = (icmp_ln192 & icmp_ln194 & !config_two_neuron_enable_val_read & config_encoding_type_val_read == 2 & !p_ZL22encoder_temporal_fired_0_load_1) | (icmp_ln192 & icmp_ln194 & !config_two_neuron_enable_val_read & config_encoding_type_val_read == 2 & latency_window_reset_1_read)> <Delay = 0.00>
ST_4 : Operation 209 [1/1] (0.00ns)   --->   "%p_ZL22encoder_temporal_start_0_addr_3 = getelementptr i32 %p_ZL22encoder_temporal_start_0, i64 0, i64 %zext_ln192_2" [src/snn_top_hls.cpp:137->src/snn_top_hls.cpp:248]   --->   Operation 209 'getelementptr' 'p_ZL22encoder_temporal_start_0_addr_3' <Predicate = (icmp_ln192 & icmp_ln194 & !config_two_neuron_enable_val_read & config_encoding_type_val_read == 2 & !p_ZL22encoder_temporal_fired_0_load_1) | (icmp_ln192 & icmp_ln194 & !config_two_neuron_enable_val_read & config_encoding_type_val_read == 2 & latency_window_reset_1_read)> <Delay = 0.00>
ST_4 : Operation 210 [2/2] (3.25ns)   --->   "%p_ZL22encoder_temporal_start_0_load_1 = load i9 %p_ZL22encoder_temporal_start_0_addr_3" [src/snn_top_hls.cpp:137->src/snn_top_hls.cpp:248]   --->   Operation 210 'load' 'p_ZL22encoder_temporal_start_0_load_1' <Predicate = (icmp_ln192 & icmp_ln194 & !config_two_neuron_enable_val_read & config_encoding_type_val_read == 2 & !p_ZL22encoder_temporal_fired_0_load_1) | (icmp_ln192 & icmp_ln194 & !config_two_neuron_enable_val_read & config_encoding_type_val_read == 2 & latency_window_reset_1_read)> <Delay = 3.25> <CoreInst = "RAM_2P_BRAM">   --->   Core 90 'RAM_2P_BRAM' <Latency = 1> <II = 1> <Delay = 3.25> <Storage> <Opcode : 'load' 'store'> <Ports = 2> <Width = 32> <Depth = 392> <RAM>
ST_4 : Operation 211 [1/1] (0.00ns)   --->   "%br_ln141 = br void %_ZL15encoder_latencyi7ap_uintILi8EES_ILi32EERK16encoder_config_tRN3hls6streamI19encoder_axis_word_tLi0EEERS1_b.exit" [src/snn_top_hls.cpp:141->src/snn_top_hls.cpp:248]   --->   Operation 211 'br' 'br_ln141' <Predicate = (icmp_ln192 & icmp_ln194 & !config_two_neuron_enable_val_read & config_encoding_type_val_read == 2 & !p_ZL22encoder_temporal_fired_0_load_1) | (icmp_ln192 & icmp_ln194 & !config_two_neuron_enable_val_read & config_encoding_type_val_read == 2 & latency_window_reset_1_read)> <Delay = 0.00>
ST_4 : Operation 212 [1/1] (0.00ns)   --->   "%lfsr_load_1 = load i16 %lfsr" [src/snn_top_hls.cpp:41->src/snn_top_hls.cpp:109->src/snn_top_hls.cpp:245]   --->   Operation 212 'load' 'lfsr_load_1' <Predicate = (icmp_ln192 & icmp_ln194 & !config_two_neuron_enable_val_read & config_encoding_type_val_read == 1)> <Delay = 0.00>
ST_4 : Operation 213 [1/1] (0.00ns) (grouped into LUT with out node xor_ln42_1)   --->   "%trunc_ln41_1 = trunc i16 %lfsr_load_1" [src/snn_top_hls.cpp:41->src/snn_top_hls.cpp:109->src/snn_top_hls.cpp:245]   --->   Operation 213 'trunc' 'trunc_ln41_1' <Predicate = (icmp_ln192 & icmp_ln194 & !config_two_neuron_enable_val_read & config_encoding_type_val_read == 1)> <Delay = 0.00>
ST_4 : Operation 214 [1/1] (0.00ns) (grouped into LUT with out node xor_ln42_1)   --->   "%tmp_27 = bitselect i1 @_ssdm_op_BitSelect.i1.i16.i32, i16 %lfsr_load_1, i32 3" [src/snn_top_hls.cpp:41->src/snn_top_hls.cpp:109->src/snn_top_hls.cpp:245]   --->   Operation 214 'bitselect' 'tmp_27' <Predicate = (icmp_ln192 & icmp_ln194 & !config_two_neuron_enable_val_read & config_encoding_type_val_read == 1)> <Delay = 0.00>
ST_4 : Operation 215 [1/1] (0.00ns) (grouped into LUT with out node xor_ln42_1)   --->   "%tmp_28 = bitselect i1 @_ssdm_op_BitSelect.i1.i16.i32, i16 %lfsr_load_1, i32 5" [src/snn_top_hls.cpp:41->src/snn_top_hls.cpp:109->src/snn_top_hls.cpp:245]   --->   Operation 215 'bitselect' 'tmp_28' <Predicate = (icmp_ln192 & icmp_ln194 & !config_two_neuron_enable_val_read & config_encoding_type_val_read == 1)> <Delay = 0.00>
ST_4 : Operation 216 [1/1] (0.00ns) (grouped into LUT with out node xor_ln42_1)   --->   "%tmp_30 = bitselect i1 @_ssdm_op_BitSelect.i1.i16.i32, i16 %lfsr_load_1, i32 2" [src/snn_top_hls.cpp:41->src/snn_top_hls.cpp:109->src/snn_top_hls.cpp:245]   --->   Operation 216 'bitselect' 'tmp_30' <Predicate = (icmp_ln192 & icmp_ln194 & !config_two_neuron_enable_val_read & config_encoding_type_val_read == 1)> <Delay = 0.00>
ST_4 : Operation 217 [1/1] (0.00ns)   --->   "%lshr_ln42_1 = partselect i15 @_ssdm_op_PartSelect.i15.i16.i32.i32, i16 %lfsr_load_1, i32 1, i32 15" [src/snn_top_hls.cpp:42->src/snn_top_hls.cpp:109->src/snn_top_hls.cpp:245]   --->   Operation 217 'partselect' 'lshr_ln42_1' <Predicate = (icmp_ln192 & icmp_ln194 & !config_two_neuron_enable_val_read & config_encoding_type_val_read == 1)> <Delay = 0.00>
ST_4 : Operation 218 [1/1] (0.00ns) (grouped into LUT with out node xor_ln42_1)   --->   "%xor_ln42_8 = xor i1 %tmp_27, i1 %trunc_ln41_1" [src/snn_top_hls.cpp:42->src/snn_top_hls.cpp:109->src/snn_top_hls.cpp:245]   --->   Operation 218 'xor' 'xor_ln42_8' <Predicate = (icmp_ln192 & icmp_ln194 & !config_two_neuron_enable_val_read & config_encoding_type_val_read == 1)> <Delay = 0.00> <CoreInst = "LogicGate">   --->   Core 74 'LogicGate' <Latency = 0> <II = 1> <Delay = 0.97> <FuncUnit> <Opcode : 'and' 'or' 'xor'> <InPorts = 2> <OutPorts = 1>
ST_4 : Operation 219 [1/1] (0.00ns) (grouped into LUT with out node xor_ln42_1)   --->   "%xor_ln42_9 = xor i1 %tmp_28, i1 %tmp_30" [src/snn_top_hls.cpp:42->src/snn_top_hls.cpp:109->src/snn_top_hls.cpp:245]   --->   Operation 219 'xor' 'xor_ln42_9' <Predicate = (icmp_ln192 & icmp_ln194 & !config_two_neuron_enable_val_read & config_encoding_type_val_read == 1)> <Delay = 0.00> <CoreInst = "LogicGate">   --->   Core 74 'LogicGate' <Latency = 0> <II = 1> <Delay = 0.97> <FuncUnit> <Opcode : 'and' 'or' 'xor'> <InPorts = 2> <OutPorts = 1>
ST_4 : Operation 220 [1/1] (0.97ns) (out node of the LUT)   --->   "%xor_ln42_1 = xor i1 %xor_ln42_9, i1 %xor_ln42_8" [src/snn_top_hls.cpp:42->src/snn_top_hls.cpp:109->src/snn_top_hls.cpp:245]   --->   Operation 220 'xor' 'xor_ln42_1' <Predicate = (icmp_ln192 & icmp_ln194 & !config_two_neuron_enable_val_read & config_encoding_type_val_read == 1)> <Delay = 0.97> <CoreInst = "LogicGate">   --->   Core 74 'LogicGate' <Latency = 0> <II = 1> <Delay = 0.97> <FuncUnit> <Opcode : 'and' 'or' 'xor'> <InPorts = 2> <OutPorts = 1>
ST_4 : Operation 221 [1/1] (0.00ns)   --->   "%random_1 = bitconcatenate i16 @_ssdm_op_BitConcatenate.i16.i1.i15, i1 %xor_ln42_1, i15 %lshr_ln42_1" [src/snn_top_hls.cpp:42->src/snn_top_hls.cpp:109->src/snn_top_hls.cpp:245]   --->   Operation 221 'bitconcatenate' 'random_1' <Predicate = (icmp_ln192 & icmp_ln194 & !config_two_neuron_enable_val_read & config_encoding_type_val_read == 1)> <Delay = 0.00>
ST_4 : Operation 222 [1/1] (1.82ns)   --->   "%store_ln42 = store i16 %random_1, i16 %lfsr" [src/snn_top_hls.cpp:42->src/snn_top_hls.cpp:109->src/snn_top_hls.cpp:245]   --->   Operation 222 'store' 'store_ln42' <Predicate = (icmp_ln192 & icmp_ln194 & !config_two_neuron_enable_val_read & config_encoding_type_val_read == 1)> <Delay = 1.82>
ST_4 : Operation 223 [1/1] (2.07ns)   --->   "%icmp_ln110_1 = icmp_ult  i16 %random_1, i16 %spike_prob_1" [src/snn_top_hls.cpp:110->src/snn_top_hls.cpp:245]   --->   Operation 223 'icmp' 'icmp_ln110_1' <Predicate = (icmp_ln192 & icmp_ln194 & !config_two_neuron_enable_val_read & config_encoding_type_val_read == 1)> <Delay = 2.07> <CoreInst = "Cmp">   --->   Core 9 'Cmp' <Latency = 0> <II = 1> <Delay = 2.07> <FuncUnit> <Opcode : 'seteq' 'setne' 'setle' 'setge' 'setlt' 'setgt'> <InPorts = 2> <OutPorts = 1>
ST_4 : Operation 224 [1/1] (0.00ns)   --->   "%br_ln110 = br i1 %icmp_ln110_1, void %_ZL20encoder_rate_poissoni7ap_uintILi8EES_ILi32EERK16encoder_config_tRN3hls6streamI19encoder_axis_word_tLi0EEERS1_.exit, void %if.then.i180" [src/snn_top_hls.cpp:110->src/snn_top_hls.cpp:245]   --->   Operation 224 'br' 'br_ln110' <Predicate = (icmp_ln192 & icmp_ln194 & !config_two_neuron_enable_val_read & config_encoding_type_val_read == 1)> <Delay = 0.00>
ST_4 : Operation 225 [1/1] (0.00ns)   --->   "%br_ln112 = br void %_ZL20encoder_rate_poissoni7ap_uintILi8EES_ILi32EERK16encoder_config_tRN3hls6streamI19encoder_axis_word_tLi0EEERS1_.exit" [src/snn_top_hls.cpp:112->src/snn_top_hls.cpp:245]   --->   Operation 225 'br' 'br_ln112' <Predicate = (icmp_ln192 & icmp_ln194 & !config_two_neuron_enable_val_read & config_encoding_type_val_read == 1 & icmp_ln110_1)> <Delay = 0.00>
ST_4 : Operation 226 [1/1] (0.00ns)   --->   "%p_ZL17encoder_phase_acc_0_addr_1 = getelementptr i16 %p_ZL17encoder_phase_acc_0, i64 0, i64 %zext_ln192_2" [src/snn_top_hls.cpp:155->src/snn_top_hls.cpp:251]   --->   Operation 226 'getelementptr' 'p_ZL17encoder_phase_acc_0_addr_1' <Predicate = (icmp_ln192 & icmp_ln194 & !config_two_neuron_enable_val_read & config_encoding_type_val_read == 3)> <Delay = 0.00>
ST_4 : Operation 227 [2/2] (3.25ns)   --->   "%p_ZL17encoder_phase_acc_0_load_1 = load i9 %p_ZL17encoder_phase_acc_0_addr_1" [src/snn_top_hls.cpp:155->src/snn_top_hls.cpp:251]   --->   Operation 227 'load' 'p_ZL17encoder_phase_acc_0_load_1' <Predicate = (icmp_ln192 & icmp_ln194 & !config_two_neuron_enable_val_read & config_encoding_type_val_read == 3)> <Delay = 3.25> <CoreInst = "RAM_2P_BRAM">   --->   Core 90 'RAM_2P_BRAM' <Latency = 1> <II = 1> <Delay = 3.25> <Storage> <Opcode : 'load' 'store'> <Ports = 2> <Width = 16> <Depth = 392> <RAM>
ST_4 : Operation 228 [1/1] (0.00ns)   --->   "%zext_ln137_1 = zext i32 %p_ZL22encoder_temporal_start_0_load" [src/snn_top_hls.cpp:137->src/snn_top_hls.cpp:213]   --->   Operation 228 'zext' 'zext_ln137_1' <Predicate = (icmp_ln192 & icmp_ln194 & config_two_neuron_enable_val_read & config_encoding_type_val_read == 2 & !p_ZL22encoder_temporal_fired_0_load) | (icmp_ln192 & icmp_ln194 & config_two_neuron_enable_val_read & config_encoding_type_val_read == 2 & latency_window_reset_1_read)> <Delay = 0.00>
ST_4 : Operation 229 [1/1] (0.00ns)   --->   "%zext_ln137_2 = zext i16 %spike_delay" [src/snn_top_hls.cpp:137->src/snn_top_hls.cpp:213]   --->   Operation 229 'zext' 'zext_ln137_2' <Predicate = (icmp_ln192 & icmp_ln194 & config_two_neuron_enable_val_read & config_encoding_type_val_read == 2 & !p_ZL22encoder_temporal_fired_0_load) | (icmp_ln192 & icmp_ln194 & config_two_neuron_enable_val_read & config_encoding_type_val_read == 2 & latency_window_reset_1_read)> <Delay = 0.00>
ST_4 : Operation 230 [1/1] (2.55ns)   --->   "%add_ln137 = add i33 %zext_ln137_1, i33 %zext_ln137_2" [src/snn_top_hls.cpp:137->src/snn_top_hls.cpp:213]   --->   Operation 230 'add' 'add_ln137' <Predicate = (icmp_ln192 & icmp_ln194 & config_two_neuron_enable_val_read & config_encoding_type_val_read == 2 & !p_ZL22encoder_temporal_fired_0_load) | (icmp_ln192 & icmp_ln194 & config_two_neuron_enable_val_read & config_encoding_type_val_read == 2 & latency_window_reset_1_read)> <Delay = 2.55> <CoreInst = "Adder">   --->   Core 1 'Adder' <Latency = 0> <II = 1> <Delay = 2.59> <FuncUnit> <Opcode : 'add' 'sub'> <InPorts = 2> <OutPorts = 1>
ST_4 : Operation 231 [1/1] (2.59ns)   --->   "%icmp_ln137 = icmp_ugt  i33 %add_ln137, i33 %zext_ln137" [src/snn_top_hls.cpp:137->src/snn_top_hls.cpp:213]   --->   Operation 231 'icmp' 'icmp_ln137' <Predicate = (icmp_ln192 & icmp_ln194 & config_two_neuron_enable_val_read & config_encoding_type_val_read == 2 & !p_ZL22encoder_temporal_fired_0_load) | (icmp_ln192 & icmp_ln194 & config_two_neuron_enable_val_read & config_encoding_type_val_read == 2 & latency_window_reset_1_read)> <Delay = 2.59> <CoreInst = "Cmp">   --->   Core 9 'Cmp' <Latency = 0> <II = 1> <Delay = 2.59> <FuncUnit> <Opcode : 'seteq' 'setne' 'setle' 'setge' 'setlt' 'setgt'> <InPorts = 2> <OutPorts = 1>
ST_4 : Operation 232 [1/1] (0.00ns)   --->   "%br_ln137 = br i1 %icmp_ln137, void %if.then11.i1147, void %if.end15.i1228" [src/snn_top_hls.cpp:137->src/snn_top_hls.cpp:213]   --->   Operation 232 'br' 'br_ln137' <Predicate = (icmp_ln192 & icmp_ln194 & config_two_neuron_enable_val_read & config_encoding_type_val_read == 2 & !p_ZL22encoder_temporal_fired_0_load) | (icmp_ln192 & icmp_ln194 & config_two_neuron_enable_val_read & config_encoding_type_val_read == 2 & latency_window_reset_1_read)> <Delay = 0.00>
ST_4 : Operation 233 [1/1] (0.00ns)   --->   "%zext_ln137_5 = zext i32 %p_ZL22encoder_temporal_start_1_load" [src/snn_top_hls.cpp:137->src/snn_top_hls.cpp:230]   --->   Operation 233 'zext' 'zext_ln137_5' <Predicate = (icmp_ln192 & icmp_ln194 & config_two_neuron_enable_val_read & config_encoding_type_val_read == 2 & !p_ZL22encoder_temporal_fired_1_load) | (icmp_ln192 & icmp_ln194 & config_two_neuron_enable_val_read & config_encoding_type_val_read == 2 & latency_window_reset_1_read)> <Delay = 0.00>
ST_4 : Operation 234 [1/1] (0.00ns)   --->   "%zext_ln137_6 = zext i16 %spike_delay_2" [src/snn_top_hls.cpp:137->src/snn_top_hls.cpp:230]   --->   Operation 234 'zext' 'zext_ln137_6' <Predicate = (icmp_ln192 & icmp_ln194 & config_two_neuron_enable_val_read & config_encoding_type_val_read == 2 & !p_ZL22encoder_temporal_fired_1_load) | (icmp_ln192 & icmp_ln194 & config_two_neuron_enable_val_read & config_encoding_type_val_read == 2 & latency_window_reset_1_read)> <Delay = 0.00>
ST_4 : Operation 235 [1/1] (2.55ns)   --->   "%add_ln137_2 = add i33 %zext_ln137_5, i33 %zext_ln137_6" [src/snn_top_hls.cpp:137->src/snn_top_hls.cpp:230]   --->   Operation 235 'add' 'add_ln137_2' <Predicate = (icmp_ln192 & icmp_ln194 & config_two_neuron_enable_val_read & config_encoding_type_val_read == 2 & !p_ZL22encoder_temporal_fired_1_load) | (icmp_ln192 & icmp_ln194 & config_two_neuron_enable_val_read & config_encoding_type_val_read == 2 & latency_window_reset_1_read)> <Delay = 2.55> <CoreInst = "Adder">   --->   Core 1 'Adder' <Latency = 0> <II = 1> <Delay = 2.59> <FuncUnit> <Opcode : 'add' 'sub'> <InPorts = 2> <OutPorts = 1>
ST_4 : Operation 236 [1/1] (2.59ns)   --->   "%icmp_ln137_2 = icmp_ugt  i33 %add_ln137_2, i33 %zext_ln137" [src/snn_top_hls.cpp:137->src/snn_top_hls.cpp:230]   --->   Operation 236 'icmp' 'icmp_ln137_2' <Predicate = (icmp_ln192 & icmp_ln194 & config_two_neuron_enable_val_read & config_encoding_type_val_read == 2 & !p_ZL22encoder_temporal_fired_1_load) | (icmp_ln192 & icmp_ln194 & config_two_neuron_enable_val_read & config_encoding_type_val_read == 2 & latency_window_reset_1_read)> <Delay = 2.59> <CoreInst = "Cmp">   --->   Core 9 'Cmp' <Latency = 0> <II = 1> <Delay = 2.59> <FuncUnit> <Opcode : 'seteq' 'setne' 'setle' 'setge' 'setlt' 'setgt'> <InPorts = 2> <OutPorts = 1>
ST_4 : Operation 237 [1/1] (0.00ns)   --->   "%br_ln137 = br i1 %icmp_ln137_2, void %if.then11.i522, void %if.end15.i603" [src/snn_top_hls.cpp:137->src/snn_top_hls.cpp:230]   --->   Operation 237 'br' 'br_ln137' <Predicate = (icmp_ln192 & icmp_ln194 & config_two_neuron_enable_val_read & config_encoding_type_val_read == 2 & !p_ZL22encoder_temporal_fired_1_load) | (icmp_ln192 & icmp_ln194 & config_two_neuron_enable_val_read & config_encoding_type_val_read == 2 & latency_window_reset_1_read)> <Delay = 0.00>
ST_4 : Operation 238 [1/1] (0.00ns)   --->   "%lfsr_load = load i16 %lfsr" [src/snn_top_hls.cpp:41->src/snn_top_hls.cpp:109->src/snn_top_hls.cpp:210]   --->   Operation 238 'load' 'lfsr_load' <Predicate = (icmp_ln192 & icmp_ln194 & config_two_neuron_enable_val_read & config_encoding_type_val_read == 1)> <Delay = 0.00>
ST_4 : Operation 239 [1/1] (0.00ns) (grouped into LUT with out node xor_ln42)   --->   "%trunc_ln41 = trunc i16 %lfsr_load" [src/snn_top_hls.cpp:41->src/snn_top_hls.cpp:109->src/snn_top_hls.cpp:210]   --->   Operation 239 'trunc' 'trunc_ln41' <Predicate = (icmp_ln192 & icmp_ln194 & config_two_neuron_enable_val_read & config_encoding_type_val_read == 1)> <Delay = 0.00>
ST_4 : Operation 240 [1/1] (0.00ns)   --->   "%tmp_20 = bitselect i1 @_ssdm_op_BitSelect.i1.i16.i32, i16 %lfsr_load, i32 3" [src/snn_top_hls.cpp:41->src/snn_top_hls.cpp:109->src/snn_top_hls.cpp:210]   --->   Operation 240 'bitselect' 'tmp_20' <Predicate = (icmp_ln192 & icmp_ln194 & config_two_neuron_enable_val_read & config_encoding_type_val_read == 1)> <Delay = 0.00>
ST_4 : Operation 241 [1/1] (0.00ns) (grouped into LUT with out node xor_ln42)   --->   "%tmp_25 = bitselect i1 @_ssdm_op_BitSelect.i1.i16.i32, i16 %lfsr_load, i32 5" [src/snn_top_hls.cpp:41->src/snn_top_hls.cpp:109->src/snn_top_hls.cpp:210]   --->   Operation 241 'bitselect' 'tmp_25' <Predicate = (icmp_ln192 & icmp_ln194 & config_two_neuron_enable_val_read & config_encoding_type_val_read == 1)> <Delay = 0.00>
ST_4 : Operation 242 [1/1] (0.00ns) (grouped into LUT with out node xor_ln42)   --->   "%tmp_26 = bitselect i1 @_ssdm_op_BitSelect.i1.i16.i32, i16 %lfsr_load, i32 2" [src/snn_top_hls.cpp:41->src/snn_top_hls.cpp:109->src/snn_top_hls.cpp:210]   --->   Operation 242 'bitselect' 'tmp_26' <Predicate = (icmp_ln192 & icmp_ln194 & config_two_neuron_enable_val_read & config_encoding_type_val_read == 1)> <Delay = 0.00>
ST_4 : Operation 243 [1/1] (0.00ns)   --->   "%lshr_ln8 = partselect i15 @_ssdm_op_PartSelect.i15.i16.i32.i32, i16 %lfsr_load, i32 1, i32 15" [src/snn_top_hls.cpp:42->src/snn_top_hls.cpp:109->src/snn_top_hls.cpp:210]   --->   Operation 243 'partselect' 'lshr_ln8' <Predicate = (icmp_ln192 & icmp_ln194 & config_two_neuron_enable_val_read & config_encoding_type_val_read == 1)> <Delay = 0.00>
ST_4 : Operation 244 [1/1] (0.00ns) (grouped into LUT with out node xor_ln42)   --->   "%xor_ln42_7 = xor i1 %tmp_25, i1 %tmp_26" [src/snn_top_hls.cpp:42->src/snn_top_hls.cpp:109->src/snn_top_hls.cpp:210]   --->   Operation 244 'xor' 'xor_ln42_7' <Predicate = (icmp_ln192 & icmp_ln194 & config_two_neuron_enable_val_read & config_encoding_type_val_read == 1)> <Delay = 0.00> <CoreInst = "LogicGate">   --->   Core 74 'LogicGate' <Latency = 0> <II = 1> <Delay = 0.97> <FuncUnit> <Opcode : 'and' 'or' 'xor'> <InPorts = 2> <OutPorts = 1>
ST_4 : Operation 245 [1/1] (0.00ns) (grouped into LUT with out node xor_ln42)   --->   "%xor_ln42_6 = xor i1 %trunc_ln41, i1 %tmp_20" [src/snn_top_hls.cpp:42->src/snn_top_hls.cpp:109->src/snn_top_hls.cpp:210]   --->   Operation 245 'xor' 'xor_ln42_6' <Predicate = (icmp_ln192 & icmp_ln194 & config_two_neuron_enable_val_read & config_encoding_type_val_read == 1)> <Delay = 0.00> <CoreInst = "LogicGate">   --->   Core 74 'LogicGate' <Latency = 0> <II = 1> <Delay = 0.97> <FuncUnit> <Opcode : 'and' 'or' 'xor'> <InPorts = 2> <OutPorts = 1>
ST_4 : Operation 246 [1/1] (0.97ns) (out node of the LUT)   --->   "%xor_ln42 = xor i1 %xor_ln42_6, i1 %xor_ln42_7" [src/snn_top_hls.cpp:42->src/snn_top_hls.cpp:109->src/snn_top_hls.cpp:210]   --->   Operation 246 'xor' 'xor_ln42' <Predicate = (icmp_ln192 & icmp_ln194 & config_two_neuron_enable_val_read & config_encoding_type_val_read == 1)> <Delay = 0.97> <CoreInst = "LogicGate">   --->   Core 74 'LogicGate' <Latency = 0> <II = 1> <Delay = 0.97> <FuncUnit> <Opcode : 'and' 'or' 'xor'> <InPorts = 2> <OutPorts = 1>
ST_4 : Operation 247 [1/1] (0.00ns)   --->   "%random = bitconcatenate i16 @_ssdm_op_BitConcatenate.i16.i1.i15, i1 %xor_ln42, i15 %lshr_ln8" [src/snn_top_hls.cpp:42->src/snn_top_hls.cpp:109->src/snn_top_hls.cpp:210]   --->   Operation 247 'bitconcatenate' 'random' <Predicate = (icmp_ln192 & icmp_ln194 & config_two_neuron_enable_val_read & config_encoding_type_val_read == 1)> <Delay = 0.00>
ST_4 : Operation 248 [1/1] (2.07ns)   --->   "%icmp_ln110 = icmp_ult  i16 %random, i16 %spike_prob" [src/snn_top_hls.cpp:110->src/snn_top_hls.cpp:210]   --->   Operation 248 'icmp' 'icmp_ln110' <Predicate = (icmp_ln192 & icmp_ln194 & config_two_neuron_enable_val_read & config_encoding_type_val_read == 1)> <Delay = 2.07> <CoreInst = "Cmp">   --->   Core 9 'Cmp' <Latency = 0> <II = 1> <Delay = 2.07> <FuncUnit> <Opcode : 'seteq' 'setne' 'setle' 'setge' 'setlt' 'setgt'> <InPorts = 2> <OutPorts = 1>
ST_4 : Operation 249 [1/1] (0.00ns)   --->   "%br_ln110 = br i1 %icmp_ln110, void %_ZL19encoder_lfsr_randomv.exit.i796, void %if.then.i1425" [src/snn_top_hls.cpp:110->src/snn_top_hls.cpp:210]   --->   Operation 249 'br' 'br_ln110' <Predicate = (icmp_ln192 & icmp_ln194 & config_two_neuron_enable_val_read & config_encoding_type_val_read == 1)> <Delay = 0.00>
ST_4 : Operation 250 [1/1] (0.00ns)   --->   "%br_ln112 = br void %_ZL19encoder_lfsr_randomv.exit.i796" [src/snn_top_hls.cpp:112->src/snn_top_hls.cpp:210]   --->   Operation 250 'br' 'br_ln112' <Predicate = (icmp_ln192 & icmp_ln194 & config_two_neuron_enable_val_read & config_encoding_type_val_read == 1 & icmp_ln110)> <Delay = 0.00>
ST_4 : Operation 251 [1/1] (0.00ns) (grouped into LUT with out node xor_ln42_2)   --->   "%tmp_31 = bitselect i1 @_ssdm_op_BitSelect.i1.i16.i32, i16 %lfsr_load, i32 4" [src/snn_top_hls.cpp:41->src/snn_top_hls.cpp:109->src/snn_top_hls.cpp:227]   --->   Operation 251 'bitselect' 'tmp_31' <Predicate = (icmp_ln192 & icmp_ln194 & config_two_neuron_enable_val_read & config_encoding_type_val_read == 1)> <Delay = 0.00>
ST_4 : Operation 252 [1/1] (0.00ns) (grouped into LUT with out node xor_ln42_2)   --->   "%tmp_37 = bitselect i1 @_ssdm_op_BitSelect.i1.i16.i32, i16 %lfsr_load, i32 6" [src/snn_top_hls.cpp:41->src/snn_top_hls.cpp:109->src/snn_top_hls.cpp:227]   --->   Operation 252 'bitselect' 'tmp_37' <Predicate = (icmp_ln192 & icmp_ln194 & config_two_neuron_enable_val_read & config_encoding_type_val_read == 1)> <Delay = 0.00>
ST_4 : Operation 253 [1/1] (0.00ns) (grouped into LUT with out node xor_ln42_2)   --->   "%tmp_38 = bitselect i1 @_ssdm_op_BitSelect.i1.i16.i32, i16 %lfsr_load, i32 1" [src/snn_top_hls.cpp:41->src/snn_top_hls.cpp:109->src/snn_top_hls.cpp:227]   --->   Operation 253 'bitselect' 'tmp_38' <Predicate = (icmp_ln192 & icmp_ln194 & config_two_neuron_enable_val_read & config_encoding_type_val_read == 1)> <Delay = 0.00>
ST_4 : Operation 254 [1/1] (0.00ns)   --->   "%tmp_10 = partselect i14 @_ssdm_op_PartSelect.i14.i16.i32.i32, i16 %lfsr_load, i32 2, i32 15" [src/snn_top_hls.cpp:42->src/snn_top_hls.cpp:109->src/snn_top_hls.cpp:227]   --->   Operation 254 'partselect' 'tmp_10' <Predicate = (icmp_ln192 & icmp_ln194 & config_two_neuron_enable_val_read & config_encoding_type_val_read == 1)> <Delay = 0.00>
ST_4 : Operation 255 [1/1] (0.00ns) (grouped into LUT with out node xor_ln42_2)   --->   "%xor_ln42_10 = xor i1 %tmp_37, i1 %tmp_31" [src/snn_top_hls.cpp:42->src/snn_top_hls.cpp:109->src/snn_top_hls.cpp:227]   --->   Operation 255 'xor' 'xor_ln42_10' <Predicate = (icmp_ln192 & icmp_ln194 & config_two_neuron_enable_val_read & config_encoding_type_val_read == 1)> <Delay = 0.00> <CoreInst = "LogicGate">   --->   Core 74 'LogicGate' <Latency = 0> <II = 1> <Delay = 0.97> <FuncUnit> <Opcode : 'and' 'or' 'xor'> <InPorts = 2> <OutPorts = 1>
ST_4 : Operation 256 [1/1] (0.00ns) (grouped into LUT with out node xor_ln42_2)   --->   "%xor_ln42_11 = xor i1 %tmp_20, i1 %tmp_38" [src/snn_top_hls.cpp:42->src/snn_top_hls.cpp:109->src/snn_top_hls.cpp:227]   --->   Operation 256 'xor' 'xor_ln42_11' <Predicate = (icmp_ln192 & icmp_ln194 & config_two_neuron_enable_val_read & config_encoding_type_val_read == 1)> <Delay = 0.00> <CoreInst = "LogicGate">   --->   Core 74 'LogicGate' <Latency = 0> <II = 1> <Delay = 0.97> <FuncUnit> <Opcode : 'and' 'or' 'xor'> <InPorts = 2> <OutPorts = 1>
ST_4 : Operation 257 [1/1] (0.97ns) (out node of the LUT)   --->   "%xor_ln42_2 = xor i1 %xor_ln42_11, i1 %xor_ln42_10" [src/snn_top_hls.cpp:42->src/snn_top_hls.cpp:109->src/snn_top_hls.cpp:227]   --->   Operation 257 'xor' 'xor_ln42_2' <Predicate = (icmp_ln192 & icmp_ln194 & config_two_neuron_enable_val_read & config_encoding_type_val_read == 1)> <Delay = 0.97> <CoreInst = "LogicGate">   --->   Core 74 'LogicGate' <Latency = 0> <II = 1> <Delay = 0.97> <FuncUnit> <Opcode : 'and' 'or' 'xor'> <InPorts = 2> <OutPorts = 1>
ST_4 : Operation 258 [1/1] (0.00ns)   --->   "%random_2 = bitconcatenate i16 @_ssdm_op_BitConcatenate.i16.i1.i1.i14, i1 %xor_ln42_2, i1 %xor_ln42, i14 %tmp_10" [src/snn_top_hls.cpp:42->src/snn_top_hls.cpp:109->src/snn_top_hls.cpp:227]   --->   Operation 258 'bitconcatenate' 'random_2' <Predicate = (icmp_ln192 & icmp_ln194 & config_two_neuron_enable_val_read & config_encoding_type_val_read == 1)> <Delay = 0.00>
ST_4 : Operation 259 [1/1] (1.82ns)   --->   "%store_ln42 = store i16 %random_2, i16 %lfsr" [src/snn_top_hls.cpp:42->src/snn_top_hls.cpp:109->src/snn_top_hls.cpp:227]   --->   Operation 259 'store' 'store_ln42' <Predicate = (icmp_ln192 & icmp_ln194 & config_two_neuron_enable_val_read & config_encoding_type_val_read == 1)> <Delay = 1.82>
ST_4 : Operation 260 [1/1] (2.07ns)   --->   "%icmp_ln110_2 = icmp_ult  i16 %random_2, i16 %spike_prob_2" [src/snn_top_hls.cpp:110->src/snn_top_hls.cpp:227]   --->   Operation 260 'icmp' 'icmp_ln110_2' <Predicate = (icmp_ln192 & icmp_ln194 & config_two_neuron_enable_val_read & config_encoding_type_val_read == 1)> <Delay = 2.07> <CoreInst = "Cmp">   --->   Core 9 'Cmp' <Latency = 0> <II = 1> <Delay = 2.07> <FuncUnit> <Opcode : 'seteq' 'setne' 'setle' 'setge' 'setlt' 'setgt'> <InPorts = 2> <OutPorts = 1>
ST_4 : Operation 261 [1/1] (0.00ns)   --->   "%br_ln110 = br i1 %icmp_ln110_2, void %_ZL20encoder_rate_poissoni7ap_uintILi8EES_ILi32EERK16encoder_config_tRN3hls6streamI19encoder_axis_word_tLi0EEERS1_.exit880, void %if.then.i800" [src/snn_top_hls.cpp:110->src/snn_top_hls.cpp:227]   --->   Operation 261 'br' 'br_ln110' <Predicate = (icmp_ln192 & icmp_ln194 & config_two_neuron_enable_val_read & config_encoding_type_val_read == 1)> <Delay = 0.00>
ST_4 : Operation 262 [1/1] (0.00ns)   --->   "%br_ln112 = br void %_ZL20encoder_rate_poissoni7ap_uintILi8EES_ILi32EERK16encoder_config_tRN3hls6streamI19encoder_axis_word_tLi0EEERS1_.exit880" [src/snn_top_hls.cpp:112->src/snn_top_hls.cpp:227]   --->   Operation 262 'br' 'br_ln112' <Predicate = (icmp_ln192 & icmp_ln194 & config_two_neuron_enable_val_read & config_encoding_type_val_read == 1 & icmp_ln110_2)> <Delay = 0.00>
ST_4 : Operation 263 [1/2] ( I:3.25ns O:3.25ns )   --->   "%p_ZL22encoder_temporal_fired_1_load_1 = load i9 %p_ZL22encoder_temporal_fired_1_addr_1" [src/snn_top_hls.cpp:133->src/snn_top_hls.cpp:248]   --->   Operation 263 'load' 'p_ZL22encoder_temporal_fired_1_load_1' <Predicate = (icmp_ln192 & !config_two_neuron_enable_val_read & config_encoding_type_val_read == 2 & !latency_window_reset_1_read & icmp_ln194_1)> <Delay = 3.25> <CoreInst = "RAM_2P_BRAM">   --->   Core 90 'RAM_2P_BRAM' <Latency = 1> <II = 1> <Delay = 3.25> <Storage> <Opcode : 'load' 'store'> <Ports = 2> <Width = 1> <Depth = 392> <RAM>
ST_4 : Operation 264 [1/1] (0.00ns)   --->   "%br_ln133 = br i1 %p_ZL22encoder_temporal_fired_1_load_1, void %if.then5.i.1, void %_ZL15encoder_latencyi7ap_uintILi8EES_ILi32EERK16encoder_config_tRN3hls6streamI19encoder_axis_word_tLi0EEERS1_b.exit.1" [src/snn_top_hls.cpp:133->src/snn_top_hls.cpp:248]   --->   Operation 264 'br' 'br_ln133' <Predicate = (icmp_ln192 & !config_two_neuron_enable_val_read & config_encoding_type_val_read == 2 & !latency_window_reset_1_read & icmp_ln194_1)> <Delay = 0.00>
ST_4 : Operation 265 [1/1] (0.99ns)   --->   "%xor_ln136_4 = xor i8 %value_8, i8 255" [src/snn_top_hls.cpp:136->src/snn_top_hls.cpp:248]   --->   Operation 265 'xor' 'xor_ln136_4' <Predicate = (icmp_ln192 & !config_two_neuron_enable_val_read & config_encoding_type_val_read == 2 & icmp_ln194_1 & !p_ZL22encoder_temporal_fired_1_load_1) | (icmp_ln192 & !config_two_neuron_enable_val_read & config_encoding_type_val_read == 2 & latency_window_reset_1_read & icmp_ln194_1)> <Delay = 0.99> <CoreInst = "LogicGate">   --->   Core 74 'LogicGate' <Latency = 0> <II = 1> <Delay = 0.99> <FuncUnit> <Opcode : 'and' 'or' 'xor'> <InPorts = 2> <OutPorts = 1>
ST_4 : Operation 266 [1/1] (0.00ns)   --->   "%zext_ln136_4 = zext i8 %xor_ln136_4" [src/snn_top_hls.cpp:136->src/snn_top_hls.cpp:248]   --->   Operation 266 'zext' 'zext_ln136_4' <Predicate = (icmp_ln192 & !config_two_neuron_enable_val_read & config_encoding_type_val_read == 2 & icmp_ln194_1 & !p_ZL22encoder_temporal_fired_1_load_1) | (icmp_ln192 & !config_two_neuron_enable_val_read & config_encoding_type_val_read == 2 & latency_window_reset_1_read & icmp_ln194_1)> <Delay = 0.00>
ST_4 : Operation 267 [1/1] (5.58ns)   --->   "%mul_ln136_4 = mul i24 %zext_ln136_4, i24 %zext_ln137_13_cast" [src/snn_top_hls.cpp:136->src/snn_top_hls.cpp:248]   --->   Operation 267 'mul' 'mul_ln136_4' <Predicate = (icmp_ln192 & !config_two_neuron_enable_val_read & config_encoding_type_val_read == 2 & icmp_ln194_1 & !p_ZL22encoder_temporal_fired_1_load_1) | (icmp_ln192 & !config_two_neuron_enable_val_read & config_encoding_type_val_read == 2 & latency_window_reset_1_read & icmp_ln194_1)> <Delay = 5.58> <CoreInst = "Multiplier">   --->   Core 3 'Multiplier' <Latency = 0> <II = 1> <Delay = 5.58> <FuncUnit> <Opcode : 'mul'> <InPorts = 2> <OutPorts = 1>
ST_4 : Operation 268 [1/1] (0.00ns)   --->   "%spike_delay_4 = partselect i16 @_ssdm_op_PartSelect.i16.i24.i32.i32, i24 %mul_ln136_4, i32 8, i32 23" [src/snn_top_hls.cpp:136->src/snn_top_hls.cpp:248]   --->   Operation 268 'partselect' 'spike_delay_4' <Predicate = (icmp_ln192 & !config_two_neuron_enable_val_read & config_encoding_type_val_read == 2 & icmp_ln194_1 & !p_ZL22encoder_temporal_fired_1_load_1) | (icmp_ln192 & !config_two_neuron_enable_val_read & config_encoding_type_val_read == 2 & latency_window_reset_1_read & icmp_ln194_1)> <Delay = 0.00>
ST_4 : Operation 269 [1/1] (0.00ns)   --->   "%p_ZL22encoder_temporal_start_1_addr_3 = getelementptr i32 %p_ZL22encoder_temporal_start_1, i64 0, i64 %zext_ln192_2" [src/snn_top_hls.cpp:137->src/snn_top_hls.cpp:248]   --->   Operation 269 'getelementptr' 'p_ZL22encoder_temporal_start_1_addr_3' <Predicate = (icmp_ln192 & !config_two_neuron_enable_val_read & config_encoding_type_val_read == 2 & icmp_ln194_1 & !p_ZL22encoder_temporal_fired_1_load_1) | (icmp_ln192 & !config_two_neuron_enable_val_read & config_encoding_type_val_read == 2 & latency_window_reset_1_read & icmp_ln194_1)> <Delay = 0.00>
ST_4 : Operation 270 [2/2] (3.25ns)   --->   "%p_ZL22encoder_temporal_start_1_load_1 = load i9 %p_ZL22encoder_temporal_start_1_addr_3" [src/snn_top_hls.cpp:137->src/snn_top_hls.cpp:248]   --->   Operation 270 'load' 'p_ZL22encoder_temporal_start_1_load_1' <Predicate = (icmp_ln192 & !config_two_neuron_enable_val_read & config_encoding_type_val_read == 2 & icmp_ln194_1 & !p_ZL22encoder_temporal_fired_1_load_1) | (icmp_ln192 & !config_two_neuron_enable_val_read & config_encoding_type_val_read == 2 & latency_window_reset_1_read & icmp_ln194_1)> <Delay = 3.25> <CoreInst = "RAM_2P_BRAM">   --->   Core 90 'RAM_2P_BRAM' <Latency = 1> <II = 1> <Delay = 3.25> <Storage> <Opcode : 'load' 'store'> <Ports = 2> <Width = 32> <Depth = 392> <RAM>
ST_4 : Operation 271 [1/1] (0.00ns)   --->   "%br_ln141 = br void %_ZL15encoder_latencyi7ap_uintILi8EES_ILi32EERK16encoder_config_tRN3hls6streamI19encoder_axis_word_tLi0EEERS1_b.exit.1" [src/snn_top_hls.cpp:141->src/snn_top_hls.cpp:248]   --->   Operation 271 'br' 'br_ln141' <Predicate = (icmp_ln192 & !config_two_neuron_enable_val_read & config_encoding_type_val_read == 2 & icmp_ln194_1 & !p_ZL22encoder_temporal_fired_1_load_1) | (icmp_ln192 & !config_two_neuron_enable_val_read & config_encoding_type_val_read == 2 & latency_window_reset_1_read & icmp_ln194_1)> <Delay = 0.00>
ST_4 : Operation 272 [1/1] (0.00ns)   --->   "%p_ZL17encoder_phase_acc_1_addr_1 = getelementptr i16 %p_ZL17encoder_phase_acc_1, i64 0, i64 %zext_ln192_2" [src/snn_top_hls.cpp:155->src/snn_top_hls.cpp:251]   --->   Operation 272 'getelementptr' 'p_ZL17encoder_phase_acc_1_addr_1' <Predicate = (icmp_ln192 & !config_two_neuron_enable_val_read & config_encoding_type_val_read == 3 & icmp_ln194_1)> <Delay = 0.00>
ST_4 : Operation 273 [2/2] (3.25ns)   --->   "%p_ZL17encoder_phase_acc_1_load_1 = load i9 %p_ZL17encoder_phase_acc_1_addr_1" [src/snn_top_hls.cpp:155->src/snn_top_hls.cpp:251]   --->   Operation 273 'load' 'p_ZL17encoder_phase_acc_1_load_1' <Predicate = (icmp_ln192 & !config_two_neuron_enable_val_read & config_encoding_type_val_read == 3 & icmp_ln194_1)> <Delay = 3.25> <CoreInst = "RAM_2P_BRAM">   --->   Core 90 'RAM_2P_BRAM' <Latency = 1> <II = 1> <Delay = 3.25> <Storage> <Opcode : 'load' 'store'> <Ports = 2> <Width = 16> <Depth = 392> <RAM>
ST_4 : Operation 274 [1/1] ( I:3.25ns O:3.25ns )   --->   "%store_ln129 = store i1 0, i9 %p_ZL22encoder_temporal_fired_0_addr_2" [src/snn_top_hls.cpp:129->src/snn_top_hls.cpp:213]   --->   Operation 274 'store' 'store_ln129' <Predicate = (icmp_ln192 & config_two_neuron_enable_val_read & config_encoding_type_val_read == 2 & latency_window_reset_1_read & icmp_ln194_1)> <Delay = 3.25> <CoreInst = "RAM_2P_BRAM">   --->   Core 90 'RAM_2P_BRAM' <Latency = 1> <II = 1> <Delay = 3.25> <Storage> <Opcode : 'load' 'store'> <Ports = 2> <Width = 1> <Depth = 392> <RAM>
ST_4 : Operation 275 [1/1] (0.00ns)   --->   "%br_ln133 = br void %if.then5.i1143.1" [src/snn_top_hls.cpp:133->src/snn_top_hls.cpp:213]   --->   Operation 275 'br' 'br_ln133' <Predicate = (icmp_ln192 & config_two_neuron_enable_val_read & config_encoding_type_val_read == 2 & latency_window_reset_1_read & icmp_ln194_1)> <Delay = 0.00>
ST_4 : Operation 276 [1/2] ( I:3.25ns O:3.25ns )   --->   "%p_ZL22encoder_temporal_start_0_load_2 = load i9 %p_ZL22encoder_temporal_start_0_addr_5" [src/snn_top_hls.cpp:137->src/snn_top_hls.cpp:213]   --->   Operation 276 'load' 'p_ZL22encoder_temporal_start_0_load_2' <Predicate = (icmp_ln192 & config_two_neuron_enable_val_read & config_encoding_type_val_read == 2 & icmp_ln194_1 & !p_ZL22encoder_temporal_fired_0_load_2) | (icmp_ln192 & config_two_neuron_enable_val_read & config_encoding_type_val_read == 2 & latency_window_reset_1_read & icmp_ln194_1)> <Delay = 3.25> <CoreInst = "RAM_2P_BRAM">   --->   Core 90 'RAM_2P_BRAM' <Latency = 1> <II = 1> <Delay = 3.25> <Storage> <Opcode : 'load' 'store'> <Ports = 2> <Width = 32> <Depth = 392> <RAM>
ST_4 : Operation 277 [1/1] (0.00ns)   --->   "%zext_ln137_7 = zext i32 %p_ZL22encoder_temporal_start_0_load_2" [src/snn_top_hls.cpp:137->src/snn_top_hls.cpp:213]   --->   Operation 277 'zext' 'zext_ln137_7' <Predicate = (icmp_ln192 & config_two_neuron_enable_val_read & config_encoding_type_val_read == 2 & icmp_ln194_1 & !p_ZL22encoder_temporal_fired_0_load_2) | (icmp_ln192 & config_two_neuron_enable_val_read & config_encoding_type_val_read == 2 & latency_window_reset_1_read & icmp_ln194_1)> <Delay = 0.00>
ST_4 : Operation 278 [1/1] (0.00ns)   --->   "%zext_ln137_8 = zext i16 %spike_delay_3" [src/snn_top_hls.cpp:137->src/snn_top_hls.cpp:213]   --->   Operation 278 'zext' 'zext_ln137_8' <Predicate = (icmp_ln192 & config_two_neuron_enable_val_read & config_encoding_type_val_read == 2 & icmp_ln194_1 & !p_ZL22encoder_temporal_fired_0_load_2) | (icmp_ln192 & config_two_neuron_enable_val_read & config_encoding_type_val_read == 2 & latency_window_reset_1_read & icmp_ln194_1)> <Delay = 0.00>
ST_4 : Operation 279 [1/1] (2.55ns)   --->   "%add_ln137_3 = add i33 %zext_ln137_7, i33 %zext_ln137_8" [src/snn_top_hls.cpp:137->src/snn_top_hls.cpp:213]   --->   Operation 279 'add' 'add_ln137_3' <Predicate = (icmp_ln192 & config_two_neuron_enable_val_read & config_encoding_type_val_read == 2 & icmp_ln194_1 & !p_ZL22encoder_temporal_fired_0_load_2) | (icmp_ln192 & config_two_neuron_enable_val_read & config_encoding_type_val_read == 2 & latency_window_reset_1_read & icmp_ln194_1)> <Delay = 2.55> <CoreInst = "Adder">   --->   Core 1 'Adder' <Latency = 0> <II = 1> <Delay = 2.59> <FuncUnit> <Opcode : 'add' 'sub'> <InPorts = 2> <OutPorts = 1>
ST_4 : Operation 280 [1/1] ( I:3.25ns O:3.25ns )   --->   "%store_ln129 = store i1 0, i9 %p_ZL22encoder_temporal_fired_1_addr_2" [src/snn_top_hls.cpp:129->src/snn_top_hls.cpp:230]   --->   Operation 280 'store' 'store_ln129' <Predicate = (icmp_ln192 & config_two_neuron_enable_val_read & config_encoding_type_val_read == 2 & latency_window_reset_1_read & icmp_ln194_1)> <Delay = 3.25> <CoreInst = "RAM_2P_BRAM">   --->   Core 90 'RAM_2P_BRAM' <Latency = 1> <II = 1> <Delay = 3.25> <Storage> <Opcode : 'load' 'store'> <Ports = 2> <Width = 1> <Depth = 392> <RAM>
ST_4 : Operation 281 [1/1] (0.00ns)   --->   "%br_ln133 = br void %if.then5.i518.1" [src/snn_top_hls.cpp:133->src/snn_top_hls.cpp:230]   --->   Operation 281 'br' 'br_ln133' <Predicate = (icmp_ln192 & config_two_neuron_enable_val_read & config_encoding_type_val_read == 2 & latency_window_reset_1_read & icmp_ln194_1)> <Delay = 0.00>
ST_4 : Operation 282 [1/2] ( I:3.25ns O:3.25ns )   --->   "%p_ZL22encoder_temporal_start_1_load_2 = load i9 %p_ZL22encoder_temporal_start_1_addr_5" [src/snn_top_hls.cpp:137->src/snn_top_hls.cpp:230]   --->   Operation 282 'load' 'p_ZL22encoder_temporal_start_1_load_2' <Predicate = (icmp_ln192 & config_two_neuron_enable_val_read & config_encoding_type_val_read == 2 & icmp_ln194_1 & !p_ZL22encoder_temporal_fired_1_load_2) | (icmp_ln192 & config_two_neuron_enable_val_read & config_encoding_type_val_read == 2 & latency_window_reset_1_read & icmp_ln194_1)> <Delay = 3.25> <CoreInst = "RAM_2P_BRAM">   --->   Core 90 'RAM_2P_BRAM' <Latency = 1> <II = 1> <Delay = 3.25> <Storage> <Opcode : 'load' 'store'> <Ports = 2> <Width = 32> <Depth = 392> <RAM>
ST_4 : Operation 283 [1/1] (0.00ns)   --->   "%zext_ln137_11 = zext i32 %p_ZL22encoder_temporal_start_1_load_2" [src/snn_top_hls.cpp:137->src/snn_top_hls.cpp:230]   --->   Operation 283 'zext' 'zext_ln137_11' <Predicate = (icmp_ln192 & config_two_neuron_enable_val_read & config_encoding_type_val_read == 2 & icmp_ln194_1 & !p_ZL22encoder_temporal_fired_1_load_2) | (icmp_ln192 & config_two_neuron_enable_val_read & config_encoding_type_val_read == 2 & latency_window_reset_1_read & icmp_ln194_1)> <Delay = 0.00>
ST_4 : Operation 284 [1/1] (0.00ns)   --->   "%zext_ln137_12 = zext i16 %spike_delay_5" [src/snn_top_hls.cpp:137->src/snn_top_hls.cpp:230]   --->   Operation 284 'zext' 'zext_ln137_12' <Predicate = (icmp_ln192 & config_two_neuron_enable_val_read & config_encoding_type_val_read == 2 & icmp_ln194_1 & !p_ZL22encoder_temporal_fired_1_load_2) | (icmp_ln192 & config_two_neuron_enable_val_read & config_encoding_type_val_read == 2 & latency_window_reset_1_read & icmp_ln194_1)> <Delay = 0.00>
ST_4 : Operation 285 [1/1] (2.55ns)   --->   "%add_ln137_5 = add i33 %zext_ln137_11, i33 %zext_ln137_12" [src/snn_top_hls.cpp:137->src/snn_top_hls.cpp:230]   --->   Operation 285 'add' 'add_ln137_5' <Predicate = (icmp_ln192 & config_two_neuron_enable_val_read & config_encoding_type_val_read == 2 & icmp_ln194_1 & !p_ZL22encoder_temporal_fired_1_load_2) | (icmp_ln192 & config_two_neuron_enable_val_read & config_encoding_type_val_read == 2 & latency_window_reset_1_read & icmp_ln194_1)> <Delay = 2.55> <CoreInst = "Adder">   --->   Core 1 'Adder' <Latency = 0> <II = 1> <Delay = 2.59> <FuncUnit> <Opcode : 'add' 'sub'> <InPorts = 2> <OutPorts = 1>
ST_4 : Operation 286 [1/1] (2.07ns)   --->   "%icmp_ln158_3 = icmp_ugt  i16 %add_ln155_3, i16 %config_delta_decay_val_read" [src/snn_top_hls.cpp:158->src/snn_top_hls.cpp:216]   --->   Operation 286 'icmp' 'icmp_ln158_3' <Predicate = (icmp_ln192 & config_two_neuron_enable_val_read & config_encoding_type_val_read == 3 & icmp_ln194_1)> <Delay = 2.07> <CoreInst = "Cmp">   --->   Core 9 'Cmp' <Latency = 0> <II = 1> <Delay = 2.07> <FuncUnit> <Opcode : 'seteq' 'setne' 'setle' 'setge' 'setlt' 'setgt'> <InPorts = 2> <OutPorts = 1>
ST_4 : Operation 287 [1/1] (2.07ns)   --->   "%sub_ln159_3 = sub i16 %add_ln155_3, i16 %config_delta_decay_val_read" [src/snn_top_hls.cpp:159->src/snn_top_hls.cpp:216]   --->   Operation 287 'sub' 'sub_ln159_3' <Predicate = (icmp_ln192 & config_two_neuron_enable_val_read & config_encoding_type_val_read == 3 & icmp_ln194_1)> <Delay = 2.07> <CoreInst = "Adder">   --->   Core 1 'Adder' <Latency = 0> <II = 1> <Delay = 2.07> <FuncUnit> <Opcode : 'add' 'sub'> <InPorts = 2> <OutPorts = 1>
ST_4 : Operation 288 [1/1] (0.80ns)   --->   "%select_ln158_3 = select i1 %icmp_ln158_3, i16 %sub_ln159_3, i16 %add_ln155_3" [src/snn_top_hls.cpp:158->src/snn_top_hls.cpp:216]   --->   Operation 288 'select' 'select_ln158_3' <Predicate = (icmp_ln192 & config_two_neuron_enable_val_read & config_encoding_type_val_read == 3 & icmp_ln194_1)> <Delay = 0.80> <CoreInst = "Sel">   --->   Core 73 'Sel' <Latency = 0> <II = 1> <Delay = 0.80> <FuncUnit> <Opcode : 'select'> <InPorts = 3> <OutPorts = 1>
ST_4 : Operation 289 [1/1] ( I:3.25ns O:3.25ns )   --->   "%store_ln158 = store i16 %select_ln158_3, i9 %p_ZL17encoder_phase_acc_0_addr_2" [src/snn_top_hls.cpp:158->src/snn_top_hls.cpp:216]   --->   Operation 289 'store' 'store_ln158' <Predicate = (icmp_ln192 & config_two_neuron_enable_val_read & config_encoding_type_val_read == 3 & icmp_ln194_1)> <Delay = 3.25> <CoreInst = "RAM_2P_BRAM">   --->   Core 90 'RAM_2P_BRAM' <Latency = 1> <II = 1> <Delay = 3.25> <Storage> <Opcode : 'load' 'store'> <Ports = 2> <Width = 16> <Depth = 392> <RAM>
ST_4 : Operation 290 [1/1] (2.07ns)   --->   "%icmp_ln158_5 = icmp_ugt  i16 %add_ln155_5, i16 %config_delta_decay_val_read" [src/snn_top_hls.cpp:158->src/snn_top_hls.cpp:233]   --->   Operation 290 'icmp' 'icmp_ln158_5' <Predicate = (icmp_ln192 & config_two_neuron_enable_val_read & config_encoding_type_val_read == 3 & icmp_ln194_1)> <Delay = 2.07> <CoreInst = "Cmp">   --->   Core 9 'Cmp' <Latency = 0> <II = 1> <Delay = 2.07> <FuncUnit> <Opcode : 'seteq' 'setne' 'setle' 'setge' 'setlt' 'setgt'> <InPorts = 2> <OutPorts = 1>
ST_4 : Operation 291 [1/1] (2.07ns)   --->   "%sub_ln159_5 = sub i16 %add_ln155_5, i16 %config_delta_decay_val_read" [src/snn_top_hls.cpp:159->src/snn_top_hls.cpp:233]   --->   Operation 291 'sub' 'sub_ln159_5' <Predicate = (icmp_ln192 & config_two_neuron_enable_val_read & config_encoding_type_val_read == 3 & icmp_ln194_1)> <Delay = 2.07> <CoreInst = "Adder">   --->   Core 1 'Adder' <Latency = 0> <II = 1> <Delay = 2.07> <FuncUnit> <Opcode : 'add' 'sub'> <InPorts = 2> <OutPorts = 1>
ST_4 : Operation 292 [1/1] (0.80ns)   --->   "%select_ln158_5 = select i1 %icmp_ln158_5, i16 %sub_ln159_5, i16 %add_ln155_5" [src/snn_top_hls.cpp:158->src/snn_top_hls.cpp:233]   --->   Operation 292 'select' 'select_ln158_5' <Predicate = (icmp_ln192 & config_two_neuron_enable_val_read & config_encoding_type_val_read == 3 & icmp_ln194_1)> <Delay = 0.80> <CoreInst = "Sel">   --->   Core 73 'Sel' <Latency = 0> <II = 1> <Delay = 0.80> <FuncUnit> <Opcode : 'select'> <InPorts = 3> <OutPorts = 1>
ST_4 : Operation 293 [1/1] ( I:3.25ns O:3.25ns )   --->   "%store_ln158 = store i16 %select_ln158_5, i9 %p_ZL17encoder_phase_acc_1_addr_2" [src/snn_top_hls.cpp:158->src/snn_top_hls.cpp:233]   --->   Operation 293 'store' 'store_ln158' <Predicate = (icmp_ln192 & config_two_neuron_enable_val_read & config_encoding_type_val_read == 3 & icmp_ln194_1)> <Delay = 3.25> <CoreInst = "RAM_2P_BRAM">   --->   Core 90 'RAM_2P_BRAM' <Latency = 1> <II = 1> <Delay = 3.25> <Storage> <Opcode : 'load' 'store'> <Ports = 2> <Width = 16> <Depth = 392> <RAM>
ST_4 : Operation 294 [1/1] (1.73ns)   --->   "%ch_3 = add i10 %ch_2, i10 2" [src/snn_top_hls.cpp:192]   --->   Operation 294 'add' 'ch_3' <Predicate = (icmp_ln192)> <Delay = 1.73> <CoreInst = "Adder">   --->   Core 1 'Adder' <Latency = 0> <II = 1> <Delay = 1.73> <FuncUnit> <Opcode : 'add' 'sub'> <InPorts = 2> <OutPorts = 1>
ST_4 : Operation 295 [1/1] (1.58ns)   --->   "%store_ln75 = store i10 %ch_3, i10 %ch" [src/snn_top_hls.cpp:75->src/snn_top_hls.cpp:164->src/snn_top_hls.cpp:251]   --->   Operation 295 'store' 'store_ln75' <Predicate = (icmp_ln192)> <Delay = 1.58>
ST_4 : Operation 296 [1/1] (0.00ns)   --->   "%br_ln192 = br void %for.body" [src/snn_top_hls.cpp:192]   --->   Operation 296 'br' 'br_ln192' <Predicate = (icmp_ln192)> <Delay = 0.00>

State 5 <SV = 4> <Delay = 7.03>
ST_5 : Operation 297 [1/2] ( I:3.25ns O:3.25ns )   --->   "%p_ZL22encoder_temporal_start_0_load_1 = load i9 %p_ZL22encoder_temporal_start_0_addr_3" [src/snn_top_hls.cpp:137->src/snn_top_hls.cpp:248]   --->   Operation 297 'load' 'p_ZL22encoder_temporal_start_0_load_1' <Predicate = (icmp_ln194 & !config_two_neuron_enable_val_read & config_encoding_type_val_read == 2 & !p_ZL22encoder_temporal_fired_0_load_1) | (icmp_ln194 & !config_two_neuron_enable_val_read & config_encoding_type_val_read == 2 & latency_window_reset_1_read)> <Delay = 3.25> <CoreInst = "RAM_2P_BRAM">   --->   Core 90 'RAM_2P_BRAM' <Latency = 1> <II = 1> <Delay = 3.25> <Storage> <Opcode : 'load' 'store'> <Ports = 2> <Width = 32> <Depth = 392> <RAM>
ST_5 : Operation 298 [1/1] (0.00ns)   --->   "%zext_ln137_3 = zext i32 %p_ZL22encoder_temporal_start_0_load_1" [src/snn_top_hls.cpp:137->src/snn_top_hls.cpp:248]   --->   Operation 298 'zext' 'zext_ln137_3' <Predicate = (icmp_ln194 & !config_two_neuron_enable_val_read & config_encoding_type_val_read == 2 & !p_ZL22encoder_temporal_fired_0_load_1) | (icmp_ln194 & !config_two_neuron_enable_val_read & config_encoding_type_val_read == 2 & latency_window_reset_1_read)> <Delay = 0.00>
ST_5 : Operation 299 [1/1] (0.00ns)   --->   "%zext_ln137_4 = zext i16 %spike_delay_1" [src/snn_top_hls.cpp:137->src/snn_top_hls.cpp:248]   --->   Operation 299 'zext' 'zext_ln137_4' <Predicate = (icmp_ln194 & !config_two_neuron_enable_val_read & config_encoding_type_val_read == 2 & !p_ZL22encoder_temporal_fired_0_load_1) | (icmp_ln194 & !config_two_neuron_enable_val_read & config_encoding_type_val_read == 2 & latency_window_reset_1_read)> <Delay = 0.00>
ST_5 : Operation 300 [1/1] (2.55ns)   --->   "%add_ln137_1 = add i33 %zext_ln137_3, i33 %zext_ln137_4" [src/snn_top_hls.cpp:137->src/snn_top_hls.cpp:248]   --->   Operation 300 'add' 'add_ln137_1' <Predicate = (icmp_ln194 & !config_two_neuron_enable_val_read & config_encoding_type_val_read == 2 & !p_ZL22encoder_temporal_fired_0_load_1) | (icmp_ln194 & !config_two_neuron_enable_val_read & config_encoding_type_val_read == 2 & latency_window_reset_1_read)> <Delay = 2.55> <CoreInst = "Adder">   --->   Core 1 'Adder' <Latency = 0> <II = 1> <Delay = 2.59> <FuncUnit> <Opcode : 'add' 'sub'> <InPorts = 2> <OutPorts = 1>
ST_5 : Operation 301 [1/1] (0.00ns)   --->   "%zext_ln154_1 = zext i8 %input" [src/snn_top_hls.cpp:154->src/snn_top_hls.cpp:251]   --->   Operation 301 'zext' 'zext_ln154_1' <Predicate = (icmp_ln194 & !config_two_neuron_enable_val_read & config_encoding_type_val_read == 3)> <Delay = 0.00>
ST_5 : Operation 302 [1/2] ( I:3.25ns O:3.25ns )   --->   "%p_ZL17encoder_phase_acc_0_load_1 = load i9 %p_ZL17encoder_phase_acc_0_addr_1" [src/snn_top_hls.cpp:155->src/snn_top_hls.cpp:251]   --->   Operation 302 'load' 'p_ZL17encoder_phase_acc_0_load_1' <Predicate = (icmp_ln194 & !config_two_neuron_enable_val_read & config_encoding_type_val_read == 3)> <Delay = 3.25> <CoreInst = "RAM_2P_BRAM">   --->   Core 90 'RAM_2P_BRAM' <Latency = 1> <II = 1> <Delay = 3.25> <Storage> <Opcode : 'load' 'store'> <Ports = 2> <Width = 16> <Depth = 392> <RAM>
ST_5 : Operation 303 [1/1] (2.07ns)   --->   "%add_ln155_1 = add i16 %p_ZL17encoder_phase_acc_0_load_1, i16 %zext_ln154_1" [src/snn_top_hls.cpp:155->src/snn_top_hls.cpp:251]   --->   Operation 303 'add' 'add_ln155_1' <Predicate = (icmp_ln194 & !config_two_neuron_enable_val_read & config_encoding_type_val_read == 3)> <Delay = 2.07> <CoreInst = "Adder">   --->   Core 1 'Adder' <Latency = 0> <II = 1> <Delay = 2.07> <FuncUnit> <Opcode : 'add' 'sub'> <InPorts = 2> <OutPorts = 1>
ST_5 : Operation 304 [1/1] (0.00ns)   --->   "%zext_ln154 = zext i8 %on_val" [src/snn_top_hls.cpp:154->src/snn_top_hls.cpp:216]   --->   Operation 304 'zext' 'zext_ln154' <Predicate = (icmp_ln194 & config_two_neuron_enable_val_read & config_encoding_type_val_read == 3)> <Delay = 0.00>
ST_5 : Operation 305 [1/1] (2.07ns)   --->   "%add_ln155 = add i16 %p_ZL17encoder_phase_acc_0_load, i16 %zext_ln154" [src/snn_top_hls.cpp:155->src/snn_top_hls.cpp:216]   --->   Operation 305 'add' 'add_ln155' <Predicate = (icmp_ln194 & config_two_neuron_enable_val_read & config_encoding_type_val_read == 3)> <Delay = 2.07> <CoreInst = "Adder">   --->   Core 1 'Adder' <Latency = 0> <II = 1> <Delay = 2.07> <FuncUnit> <Opcode : 'add' 'sub'> <InPorts = 2> <OutPorts = 1>
ST_5 : Operation 306 [1/1] (2.07ns)   --->   "%icmp_ln158 = icmp_ugt  i16 %add_ln155, i16 %config_delta_decay_val_read" [src/snn_top_hls.cpp:158->src/snn_top_hls.cpp:216]   --->   Operation 306 'icmp' 'icmp_ln158' <Predicate = (icmp_ln194 & config_two_neuron_enable_val_read & config_encoding_type_val_read == 3)> <Delay = 2.07> <CoreInst = "Cmp">   --->   Core 9 'Cmp' <Latency = 0> <II = 1> <Delay = 2.07> <FuncUnit> <Opcode : 'seteq' 'setne' 'setle' 'setge' 'setlt' 'setgt'> <InPorts = 2> <OutPorts = 1>
ST_5 : Operation 307 [1/1] (2.07ns)   --->   "%sub_ln159 = sub i16 %add_ln155, i16 %config_delta_decay_val_read" [src/snn_top_hls.cpp:159->src/snn_top_hls.cpp:216]   --->   Operation 307 'sub' 'sub_ln159' <Predicate = (icmp_ln194 & config_two_neuron_enable_val_read & config_encoding_type_val_read == 3)> <Delay = 2.07> <CoreInst = "Adder">   --->   Core 1 'Adder' <Latency = 0> <II = 1> <Delay = 2.07> <FuncUnit> <Opcode : 'add' 'sub'> <InPorts = 2> <OutPorts = 1>
ST_5 : Operation 308 [1/1] (0.80ns)   --->   "%select_ln158 = select i1 %icmp_ln158, i16 %sub_ln159, i16 %add_ln155" [src/snn_top_hls.cpp:158->src/snn_top_hls.cpp:216]   --->   Operation 308 'select' 'select_ln158' <Predicate = (icmp_ln194 & config_two_neuron_enable_val_read & config_encoding_type_val_read == 3)> <Delay = 0.80> <CoreInst = "Sel">   --->   Core 73 'Sel' <Latency = 0> <II = 1> <Delay = 0.80> <FuncUnit> <Opcode : 'select'> <InPorts = 3> <OutPorts = 1>
ST_5 : Operation 309 [1/1] (2.07ns)   --->   "%icmp_ln163 = icmp_ult  i16 %select_ln158, i16 %config_delta_threshold_val_read" [src/snn_top_hls.cpp:163->src/snn_top_hls.cpp:216]   --->   Operation 309 'icmp' 'icmp_ln163' <Predicate = (icmp_ln194 & config_two_neuron_enable_val_read & config_encoding_type_val_read == 3)> <Delay = 2.07> <CoreInst = "Cmp">   --->   Core 9 'Cmp' <Latency = 0> <II = 1> <Delay = 2.07> <FuncUnit> <Opcode : 'seteq' 'setne' 'setle' 'setge' 'setlt' 'setgt'> <InPorts = 2> <OutPorts = 1>
ST_5 : Operation 310 [1/1] (0.00ns)   --->   "%br_ln163 = br i1 %icmp_ln163, void %if.then11.i937, void %sw.bb37" [src/snn_top_hls.cpp:163->src/snn_top_hls.cpp:216]   --->   Operation 310 'br' 'br_ln163' <Predicate = (icmp_ln194 & config_two_neuron_enable_val_read & config_encoding_type_val_read == 3)> <Delay = 0.00>
ST_5 : Operation 311 [1/1] (0.00ns)   --->   "%zext_ln154_2 = zext i8 %off_val" [src/snn_top_hls.cpp:154->src/snn_top_hls.cpp:233]   --->   Operation 311 'zext' 'zext_ln154_2' <Predicate = (icmp_ln194 & config_two_neuron_enable_val_read & config_encoding_type_val_read == 3)> <Delay = 0.00>
ST_5 : Operation 312 [1/1] (2.07ns)   --->   "%add_ln155_2 = add i16 %p_ZL17encoder_phase_acc_1_load, i16 %zext_ln154_2" [src/snn_top_hls.cpp:155->src/snn_top_hls.cpp:233]   --->   Operation 312 'add' 'add_ln155_2' <Predicate = (icmp_ln194 & config_two_neuron_enable_val_read & config_encoding_type_val_read == 3)> <Delay = 2.07> <CoreInst = "Adder">   --->   Core 1 'Adder' <Latency = 0> <II = 1> <Delay = 2.07> <FuncUnit> <Opcode : 'add' 'sub'> <InPorts = 2> <OutPorts = 1>
ST_5 : Operation 313 [1/2] ( I:3.25ns O:3.25ns )   --->   "%p_ZL22encoder_temporal_start_1_load_1 = load i9 %p_ZL22encoder_temporal_start_1_addr_3" [src/snn_top_hls.cpp:137->src/snn_top_hls.cpp:248]   --->   Operation 313 'load' 'p_ZL22encoder_temporal_start_1_load_1' <Predicate = (!config_two_neuron_enable_val_read & config_encoding_type_val_read == 2 & icmp_ln194_1 & !p_ZL22encoder_temporal_fired_1_load_1) | (!config_two_neuron_enable_val_read & config_encoding_type_val_read == 2 & latency_window_reset_1_read & icmp_ln194_1)> <Delay = 3.25> <CoreInst = "RAM_2P_BRAM">   --->   Core 90 'RAM_2P_BRAM' <Latency = 1> <II = 1> <Delay = 3.25> <Storage> <Opcode : 'load' 'store'> <Ports = 2> <Width = 32> <Depth = 392> <RAM>
ST_5 : Operation 314 [1/1] (0.00ns)   --->   "%zext_ln137_9 = zext i32 %p_ZL22encoder_temporal_start_1_load_1" [src/snn_top_hls.cpp:137->src/snn_top_hls.cpp:248]   --->   Operation 314 'zext' 'zext_ln137_9' <Predicate = (!config_two_neuron_enable_val_read & config_encoding_type_val_read == 2 & icmp_ln194_1 & !p_ZL22encoder_temporal_fired_1_load_1) | (!config_two_neuron_enable_val_read & config_encoding_type_val_read == 2 & latency_window_reset_1_read & icmp_ln194_1)> <Delay = 0.00>
ST_5 : Operation 315 [1/1] (0.00ns)   --->   "%zext_ln137_10 = zext i16 %spike_delay_4" [src/snn_top_hls.cpp:137->src/snn_top_hls.cpp:248]   --->   Operation 315 'zext' 'zext_ln137_10' <Predicate = (!config_two_neuron_enable_val_read & config_encoding_type_val_read == 2 & icmp_ln194_1 & !p_ZL22encoder_temporal_fired_1_load_1) | (!config_two_neuron_enable_val_read & config_encoding_type_val_read == 2 & latency_window_reset_1_read & icmp_ln194_1)> <Delay = 0.00>
ST_5 : Operation 316 [1/1] (2.55ns)   --->   "%add_ln137_4 = add i33 %zext_ln137_9, i33 %zext_ln137_10" [src/snn_top_hls.cpp:137->src/snn_top_hls.cpp:248]   --->   Operation 316 'add' 'add_ln137_4' <Predicate = (!config_two_neuron_enable_val_read & config_encoding_type_val_read == 2 & icmp_ln194_1 & !p_ZL22encoder_temporal_fired_1_load_1) | (!config_two_neuron_enable_val_read & config_encoding_type_val_read == 2 & latency_window_reset_1_read & icmp_ln194_1)> <Delay = 2.55> <CoreInst = "Adder">   --->   Core 1 'Adder' <Latency = 0> <II = 1> <Delay = 2.59> <FuncUnit> <Opcode : 'add' 'sub'> <InPorts = 2> <OutPorts = 1>
ST_5 : Operation 317 [1/1] (0.00ns)   --->   "%zext_ln154_4 = zext i8 %value_8" [src/snn_top_hls.cpp:154->src/snn_top_hls.cpp:251]   --->   Operation 317 'zext' 'zext_ln154_4' <Predicate = (!config_two_neuron_enable_val_read & config_encoding_type_val_read == 3 & icmp_ln194_1)> <Delay = 0.00>
ST_5 : Operation 318 [1/2] ( I:3.25ns O:3.25ns )   --->   "%p_ZL17encoder_phase_acc_1_load_1 = load i9 %p_ZL17encoder_phase_acc_1_addr_1" [src/snn_top_hls.cpp:155->src/snn_top_hls.cpp:251]   --->   Operation 318 'load' 'p_ZL17encoder_phase_acc_1_load_1' <Predicate = (!config_two_neuron_enable_val_read & config_encoding_type_val_read == 3 & icmp_ln194_1)> <Delay = 3.25> <CoreInst = "RAM_2P_BRAM">   --->   Core 90 'RAM_2P_BRAM' <Latency = 1> <II = 1> <Delay = 3.25> <Storage> <Opcode : 'load' 'store'> <Ports = 2> <Width = 16> <Depth = 392> <RAM>
ST_5 : Operation 319 [1/1] (2.07ns)   --->   "%add_ln155_4 = add i16 %p_ZL17encoder_phase_acc_1_load_1, i16 %zext_ln154_4" [src/snn_top_hls.cpp:155->src/snn_top_hls.cpp:251]   --->   Operation 319 'add' 'add_ln155_4' <Predicate = (!config_two_neuron_enable_val_read & config_encoding_type_val_read == 3 & icmp_ln194_1)> <Delay = 2.07> <CoreInst = "Adder">   --->   Core 1 'Adder' <Latency = 0> <II = 1> <Delay = 2.07> <FuncUnit> <Opcode : 'add' 'sub'> <InPorts = 2> <OutPorts = 1>
ST_5 : Operation 320 [1/1] (2.59ns)   --->   "%icmp_ln137_3 = icmp_ugt  i33 %add_ln137_3, i33 %zext_ln137" [src/snn_top_hls.cpp:137->src/snn_top_hls.cpp:213]   --->   Operation 320 'icmp' 'icmp_ln137_3' <Predicate = (config_two_neuron_enable_val_read & config_encoding_type_val_read == 2 & icmp_ln194_1 & !p_ZL22encoder_temporal_fired_0_load_2) | (config_two_neuron_enable_val_read & config_encoding_type_val_read == 2 & latency_window_reset_1_read & icmp_ln194_1)> <Delay = 2.59> <CoreInst = "Cmp">   --->   Core 9 'Cmp' <Latency = 0> <II = 1> <Delay = 2.59> <FuncUnit> <Opcode : 'seteq' 'setne' 'setle' 'setge' 'setlt' 'setgt'> <InPorts = 2> <OutPorts = 1>
ST_5 : Operation 321 [1/1] (0.00ns)   --->   "%br_ln137 = br i1 %icmp_ln137_3, void %if.then11.i1147.1, void %if.end15.i1228.1" [src/snn_top_hls.cpp:137->src/snn_top_hls.cpp:213]   --->   Operation 321 'br' 'br_ln137' <Predicate = (config_two_neuron_enable_val_read & config_encoding_type_val_read == 2 & icmp_ln194_1 & !p_ZL22encoder_temporal_fired_0_load_2) | (config_two_neuron_enable_val_read & config_encoding_type_val_read == 2 & latency_window_reset_1_read & icmp_ln194_1)> <Delay = 0.00>
ST_5 : Operation 322 [1/1] ( I:3.25ns O:3.25ns )   --->   "%store_ln139 = store i1 1, i9 %p_ZL22encoder_temporal_fired_0_addr_2" [src/snn_top_hls.cpp:139->src/snn_top_hls.cpp:213]   --->   Operation 322 'store' 'store_ln139' <Predicate = (config_two_neuron_enable_val_read & config_encoding_type_val_read == 2 & icmp_ln194_1 & !p_ZL22encoder_temporal_fired_0_load_2 & !icmp_ln137_3) | (config_two_neuron_enable_val_read & config_encoding_type_val_read == 2 & latency_window_reset_1_read & icmp_ln194_1 & !icmp_ln137_3)> <Delay = 3.25> <CoreInst = "RAM_2P_BRAM">   --->   Core 90 'RAM_2P_BRAM' <Latency = 1> <II = 1> <Delay = 3.25> <Storage> <Opcode : 'load' 'store'> <Ports = 2> <Width = 1> <Depth = 392> <RAM>
ST_5 : Operation 323 [1/1] (0.00ns)   --->   "%br_ln140 = br void %if.end15.i1228.1" [src/snn_top_hls.cpp:140->src/snn_top_hls.cpp:213]   --->   Operation 323 'br' 'br_ln140' <Predicate = (config_two_neuron_enable_val_read & config_encoding_type_val_read == 2 & icmp_ln194_1 & !p_ZL22encoder_temporal_fired_0_load_2 & !icmp_ln137_3) | (config_two_neuron_enable_val_read & config_encoding_type_val_read == 2 & latency_window_reset_1_read & icmp_ln194_1 & !icmp_ln137_3)> <Delay = 0.00>
ST_5 : Operation 324 [1/1] (2.59ns)   --->   "%icmp_ln137_5 = icmp_ugt  i33 %add_ln137_5, i33 %zext_ln137" [src/snn_top_hls.cpp:137->src/snn_top_hls.cpp:230]   --->   Operation 324 'icmp' 'icmp_ln137_5' <Predicate = (config_two_neuron_enable_val_read & config_encoding_type_val_read == 2 & icmp_ln194_1 & !p_ZL22encoder_temporal_fired_1_load_2) | (config_two_neuron_enable_val_read & config_encoding_type_val_read == 2 & latency_window_reset_1_read & icmp_ln194_1)> <Delay = 2.59> <CoreInst = "Cmp">   --->   Core 9 'Cmp' <Latency = 0> <II = 1> <Delay = 2.59> <FuncUnit> <Opcode : 'seteq' 'setne' 'setle' 'setge' 'setlt' 'setgt'> <InPorts = 2> <OutPorts = 1>
ST_5 : Operation 325 [1/1] (0.00ns)   --->   "%br_ln137 = br i1 %icmp_ln137_5, void %if.then11.i522.1, void %if.end15.i603.1" [src/snn_top_hls.cpp:137->src/snn_top_hls.cpp:230]   --->   Operation 325 'br' 'br_ln137' <Predicate = (config_two_neuron_enable_val_read & config_encoding_type_val_read == 2 & icmp_ln194_1 & !p_ZL22encoder_temporal_fired_1_load_2) | (config_two_neuron_enable_val_read & config_encoding_type_val_read == 2 & latency_window_reset_1_read & icmp_ln194_1)> <Delay = 0.00>
ST_5 : Operation 326 [1/1] ( I:3.25ns O:3.25ns )   --->   "%store_ln139 = store i1 1, i9 %p_ZL22encoder_temporal_fired_1_addr_2" [src/snn_top_hls.cpp:139->src/snn_top_hls.cpp:230]   --->   Operation 326 'store' 'store_ln139' <Predicate = (config_two_neuron_enable_val_read & config_encoding_type_val_read == 2 & icmp_ln194_1 & !p_ZL22encoder_temporal_fired_1_load_2 & !icmp_ln137_5) | (config_two_neuron_enable_val_read & config_encoding_type_val_read == 2 & latency_window_reset_1_read & icmp_ln194_1 & !icmp_ln137_5)> <Delay = 3.25> <CoreInst = "RAM_2P_BRAM">   --->   Core 90 'RAM_2P_BRAM' <Latency = 1> <II = 1> <Delay = 3.25> <Storage> <Opcode : 'load' 'store'> <Ports = 2> <Width = 1> <Depth = 392> <RAM>
ST_5 : Operation 327 [1/1] (0.00ns)   --->   "%br_ln140 = br void %if.end15.i603.1" [src/snn_top_hls.cpp:140->src/snn_top_hls.cpp:230]   --->   Operation 327 'br' 'br_ln140' <Predicate = (config_two_neuron_enable_val_read & config_encoding_type_val_read == 2 & icmp_ln194_1 & !p_ZL22encoder_temporal_fired_1_load_2 & !icmp_ln137_5) | (config_two_neuron_enable_val_read & config_encoding_type_val_read == 2 & latency_window_reset_1_read & icmp_ln194_1 & !icmp_ln137_5)> <Delay = 0.00>
ST_5 : Operation 328 [1/1] (0.00ns)   --->   "%lfsr_load_2 = load i16 %lfsr" [src/snn_top_hls.cpp:41->src/snn_top_hls.cpp:109->src/snn_top_hls.cpp:210]   --->   Operation 328 'load' 'lfsr_load_2' <Predicate = (config_two_neuron_enable_val_read & config_encoding_type_val_read == 1 & icmp_ln194_1)> <Delay = 0.00>
ST_5 : Operation 329 [1/1] (0.00ns) (grouped into LUT with out node xor_ln42_3)   --->   "%trunc_ln41_2 = trunc i16 %lfsr_load_2" [src/snn_top_hls.cpp:41->src/snn_top_hls.cpp:109->src/snn_top_hls.cpp:210]   --->   Operation 329 'trunc' 'trunc_ln41_2' <Predicate = (config_two_neuron_enable_val_read & config_encoding_type_val_read == 1 & icmp_ln194_1)> <Delay = 0.00>
ST_5 : Operation 330 [1/1] (0.00ns)   --->   "%tmp_39 = bitselect i1 @_ssdm_op_BitSelect.i1.i16.i32, i16 %lfsr_load_2, i32 3" [src/snn_top_hls.cpp:41->src/snn_top_hls.cpp:109->src/snn_top_hls.cpp:210]   --->   Operation 330 'bitselect' 'tmp_39' <Predicate = (config_two_neuron_enable_val_read & config_encoding_type_val_read == 1 & icmp_ln194_1)> <Delay = 0.00>
ST_5 : Operation 331 [1/1] (0.00ns) (grouped into LUT with out node xor_ln42_3)   --->   "%tmp_40 = bitselect i1 @_ssdm_op_BitSelect.i1.i16.i32, i16 %lfsr_load_2, i32 5" [src/snn_top_hls.cpp:41->src/snn_top_hls.cpp:109->src/snn_top_hls.cpp:210]   --->   Operation 331 'bitselect' 'tmp_40' <Predicate = (config_two_neuron_enable_val_read & config_encoding_type_val_read == 1 & icmp_ln194_1)> <Delay = 0.00>
ST_5 : Operation 332 [1/1] (0.00ns) (grouped into LUT with out node xor_ln42_3)   --->   "%tmp_46 = bitselect i1 @_ssdm_op_BitSelect.i1.i16.i32, i16 %lfsr_load_2, i32 2" [src/snn_top_hls.cpp:41->src/snn_top_hls.cpp:109->src/snn_top_hls.cpp:210]   --->   Operation 332 'bitselect' 'tmp_46' <Predicate = (config_two_neuron_enable_val_read & config_encoding_type_val_read == 1 & icmp_ln194_1)> <Delay = 0.00>
ST_5 : Operation 333 [1/1] (0.00ns)   --->   "%lshr_ln42_3 = partselect i15 @_ssdm_op_PartSelect.i15.i16.i32.i32, i16 %lfsr_load_2, i32 1, i32 15" [src/snn_top_hls.cpp:42->src/snn_top_hls.cpp:109->src/snn_top_hls.cpp:210]   --->   Operation 333 'partselect' 'lshr_ln42_3' <Predicate = (config_two_neuron_enable_val_read & config_encoding_type_val_read == 1 & icmp_ln194_1)> <Delay = 0.00>
ST_5 : Operation 334 [1/1] (0.00ns) (grouped into LUT with out node xor_ln42_3)   --->   "%xor_ln42_12 = xor i1 %tmp_39, i1 %trunc_ln41_2" [src/snn_top_hls.cpp:42->src/snn_top_hls.cpp:109->src/snn_top_hls.cpp:210]   --->   Operation 334 'xor' 'xor_ln42_12' <Predicate = (config_two_neuron_enable_val_read & config_encoding_type_val_read == 1 & icmp_ln194_1)> <Delay = 0.00> <CoreInst = "LogicGate">   --->   Core 74 'LogicGate' <Latency = 0> <II = 1> <Delay = 0.97> <FuncUnit> <Opcode : 'and' 'or' 'xor'> <InPorts = 2> <OutPorts = 1>
ST_5 : Operation 335 [1/1] (0.00ns) (grouped into LUT with out node xor_ln42_3)   --->   "%xor_ln42_13 = xor i1 %tmp_40, i1 %tmp_46" [src/snn_top_hls.cpp:42->src/snn_top_hls.cpp:109->src/snn_top_hls.cpp:210]   --->   Operation 335 'xor' 'xor_ln42_13' <Predicate = (config_two_neuron_enable_val_read & config_encoding_type_val_read == 1 & icmp_ln194_1)> <Delay = 0.00> <CoreInst = "LogicGate">   --->   Core 74 'LogicGate' <Latency = 0> <II = 1> <Delay = 0.97> <FuncUnit> <Opcode : 'and' 'or' 'xor'> <InPorts = 2> <OutPorts = 1>
ST_5 : Operation 336 [1/1] (0.97ns) (out node of the LUT)   --->   "%xor_ln42_3 = xor i1 %xor_ln42_13, i1 %xor_ln42_12" [src/snn_top_hls.cpp:42->src/snn_top_hls.cpp:109->src/snn_top_hls.cpp:210]   --->   Operation 336 'xor' 'xor_ln42_3' <Predicate = (config_two_neuron_enable_val_read & config_encoding_type_val_read == 1 & icmp_ln194_1)> <Delay = 0.97> <CoreInst = "LogicGate">   --->   Core 74 'LogicGate' <Latency = 0> <II = 1> <Delay = 0.97> <FuncUnit> <Opcode : 'and' 'or' 'xor'> <InPorts = 2> <OutPorts = 1>
ST_5 : Operation 337 [1/1] (0.00ns)   --->   "%random_3 = bitconcatenate i16 @_ssdm_op_BitConcatenate.i16.i1.i15, i1 %xor_ln42_3, i15 %lshr_ln42_3" [src/snn_top_hls.cpp:42->src/snn_top_hls.cpp:109->src/snn_top_hls.cpp:210]   --->   Operation 337 'bitconcatenate' 'random_3' <Predicate = (config_two_neuron_enable_val_read & config_encoding_type_val_read == 1 & icmp_ln194_1)> <Delay = 0.00>
ST_5 : Operation 338 [1/1] (2.07ns)   --->   "%icmp_ln110_3 = icmp_ult  i16 %random_3, i16 %spike_prob_3" [src/snn_top_hls.cpp:110->src/snn_top_hls.cpp:210]   --->   Operation 338 'icmp' 'icmp_ln110_3' <Predicate = (config_two_neuron_enable_val_read & config_encoding_type_val_read == 1 & icmp_ln194_1)> <Delay = 2.07> <CoreInst = "Cmp">   --->   Core 9 'Cmp' <Latency = 0> <II = 1> <Delay = 2.07> <FuncUnit> <Opcode : 'seteq' 'setne' 'setle' 'setge' 'setlt' 'setgt'> <InPorts = 2> <OutPorts = 1>
ST_5 : Operation 339 [1/1] (0.00ns)   --->   "%br_ln110 = br i1 %icmp_ln110_3, void %_ZL19encoder_lfsr_randomv.exit.i796.1, void %if.then.i1425.1" [src/snn_top_hls.cpp:110->src/snn_top_hls.cpp:210]   --->   Operation 339 'br' 'br_ln110' <Predicate = (config_two_neuron_enable_val_read & config_encoding_type_val_read == 1 & icmp_ln194_1)> <Delay = 0.00>
ST_5 : Operation 340 [1/1] (0.00ns)   --->   "%br_ln112 = br void %_ZL19encoder_lfsr_randomv.exit.i796.1" [src/snn_top_hls.cpp:112->src/snn_top_hls.cpp:210]   --->   Operation 340 'br' 'br_ln112' <Predicate = (config_two_neuron_enable_val_read & config_encoding_type_val_read == 1 & icmp_ln194_1 & icmp_ln110_3)> <Delay = 0.00>
ST_5 : Operation 341 [1/1] (0.00ns) (grouped into LUT with out node xor_ln42_5)   --->   "%tmp_51 = bitselect i1 @_ssdm_op_BitSelect.i1.i16.i32, i16 %lfsr_load_2, i32 4" [src/snn_top_hls.cpp:41->src/snn_top_hls.cpp:109->src/snn_top_hls.cpp:227]   --->   Operation 341 'bitselect' 'tmp_51' <Predicate = (config_two_neuron_enable_val_read & config_encoding_type_val_read == 1 & icmp_ln194_1)> <Delay = 0.00>
ST_5 : Operation 342 [1/1] (0.00ns) (grouped into LUT with out node xor_ln42_5)   --->   "%tmp_52 = bitselect i1 @_ssdm_op_BitSelect.i1.i16.i32, i16 %lfsr_load_2, i32 6" [src/snn_top_hls.cpp:41->src/snn_top_hls.cpp:109->src/snn_top_hls.cpp:227]   --->   Operation 342 'bitselect' 'tmp_52' <Predicate = (config_two_neuron_enable_val_read & config_encoding_type_val_read == 1 & icmp_ln194_1)> <Delay = 0.00>
ST_5 : Operation 343 [1/1] (0.00ns) (grouped into LUT with out node xor_ln42_5)   --->   "%tmp_53 = bitselect i1 @_ssdm_op_BitSelect.i1.i16.i32, i16 %lfsr_load_2, i32 1" [src/snn_top_hls.cpp:41->src/snn_top_hls.cpp:109->src/snn_top_hls.cpp:227]   --->   Operation 343 'bitselect' 'tmp_53' <Predicate = (config_two_neuron_enable_val_read & config_encoding_type_val_read == 1 & icmp_ln194_1)> <Delay = 0.00>
ST_5 : Operation 344 [1/1] (0.00ns)   --->   "%tmp_22 = partselect i14 @_ssdm_op_PartSelect.i14.i16.i32.i32, i16 %lfsr_load_2, i32 2, i32 15" [src/snn_top_hls.cpp:42->src/snn_top_hls.cpp:109->src/snn_top_hls.cpp:227]   --->   Operation 344 'partselect' 'tmp_22' <Predicate = (config_two_neuron_enable_val_read & config_encoding_type_val_read == 1 & icmp_ln194_1)> <Delay = 0.00>
ST_5 : Operation 345 [1/1] (0.00ns) (grouped into LUT with out node xor_ln42_5)   --->   "%xor_ln42_16 = xor i1 %tmp_52, i1 %tmp_51" [src/snn_top_hls.cpp:42->src/snn_top_hls.cpp:109->src/snn_top_hls.cpp:227]   --->   Operation 345 'xor' 'xor_ln42_16' <Predicate = (config_two_neuron_enable_val_read & config_encoding_type_val_read == 1 & icmp_ln194_1)> <Delay = 0.00> <CoreInst = "LogicGate">   --->   Core 74 'LogicGate' <Latency = 0> <II = 1> <Delay = 0.97> <FuncUnit> <Opcode : 'and' 'or' 'xor'> <InPorts = 2> <OutPorts = 1>
ST_5 : Operation 346 [1/1] (0.00ns) (grouped into LUT with out node xor_ln42_5)   --->   "%xor_ln42_17 = xor i1 %tmp_39, i1 %tmp_53" [src/snn_top_hls.cpp:42->src/snn_top_hls.cpp:109->src/snn_top_hls.cpp:227]   --->   Operation 346 'xor' 'xor_ln42_17' <Predicate = (config_two_neuron_enable_val_read & config_encoding_type_val_read == 1 & icmp_ln194_1)> <Delay = 0.00> <CoreInst = "LogicGate">   --->   Core 74 'LogicGate' <Latency = 0> <II = 1> <Delay = 0.97> <FuncUnit> <Opcode : 'and' 'or' 'xor'> <InPorts = 2> <OutPorts = 1>
ST_5 : Operation 347 [1/1] (0.97ns) (out node of the LUT)   --->   "%xor_ln42_5 = xor i1 %xor_ln42_17, i1 %xor_ln42_16" [src/snn_top_hls.cpp:42->src/snn_top_hls.cpp:109->src/snn_top_hls.cpp:227]   --->   Operation 347 'xor' 'xor_ln42_5' <Predicate = (config_two_neuron_enable_val_read & config_encoding_type_val_read == 1 & icmp_ln194_1)> <Delay = 0.97> <CoreInst = "LogicGate">   --->   Core 74 'LogicGate' <Latency = 0> <II = 1> <Delay = 0.97> <FuncUnit> <Opcode : 'and' 'or' 'xor'> <InPorts = 2> <OutPorts = 1>
ST_5 : Operation 348 [1/1] (0.00ns)   --->   "%random_5 = bitconcatenate i16 @_ssdm_op_BitConcatenate.i16.i1.i1.i14, i1 %xor_ln42_5, i1 %xor_ln42_3, i14 %tmp_22" [src/snn_top_hls.cpp:42->src/snn_top_hls.cpp:109->src/snn_top_hls.cpp:227]   --->   Operation 348 'bitconcatenate' 'random_5' <Predicate = (config_two_neuron_enable_val_read & config_encoding_type_val_read == 1 & icmp_ln194_1)> <Delay = 0.00>
ST_5 : Operation 349 [1/1] (1.82ns)   --->   "%store_ln42 = store i16 %random_5, i16 %lfsr" [src/snn_top_hls.cpp:42->src/snn_top_hls.cpp:109->src/snn_top_hls.cpp:227]   --->   Operation 349 'store' 'store_ln42' <Predicate = (config_two_neuron_enable_val_read & config_encoding_type_val_read == 1 & icmp_ln194_1)> <Delay = 1.82>
ST_5 : Operation 350 [1/1] (2.07ns)   --->   "%icmp_ln110_5 = icmp_ult  i16 %random_5, i16 %spike_prob_5" [src/snn_top_hls.cpp:110->src/snn_top_hls.cpp:227]   --->   Operation 350 'icmp' 'icmp_ln110_5' <Predicate = (config_two_neuron_enable_val_read & config_encoding_type_val_read == 1 & icmp_ln194_1)> <Delay = 2.07> <CoreInst = "Cmp">   --->   Core 9 'Cmp' <Latency = 0> <II = 1> <Delay = 2.07> <FuncUnit> <Opcode : 'seteq' 'setne' 'setle' 'setge' 'setlt' 'setgt'> <InPorts = 2> <OutPorts = 1>
ST_5 : Operation 351 [1/1] (0.00ns)   --->   "%br_ln110 = br i1 %icmp_ln110_5, void %_ZL20encoder_rate_poissoni7ap_uintILi8EES_ILi32EERK16encoder_config_tRN3hls6streamI19encoder_axis_word_tLi0EEERS1_.exit880.1, void %if.then.i800.1" [src/snn_top_hls.cpp:110->src/snn_top_hls.cpp:227]   --->   Operation 351 'br' 'br_ln110' <Predicate = (config_two_neuron_enable_val_read & config_encoding_type_val_read == 1 & icmp_ln194_1)> <Delay = 0.00>
ST_5 : Operation 352 [1/1] (0.00ns)   --->   "%br_ln112 = br void %_ZL20encoder_rate_poissoni7ap_uintILi8EES_ILi32EERK16encoder_config_tRN3hls6streamI19encoder_axis_word_tLi0EEERS1_.exit880.1" [src/snn_top_hls.cpp:112->src/snn_top_hls.cpp:227]   --->   Operation 352 'br' 'br_ln112' <Predicate = (config_two_neuron_enable_val_read & config_encoding_type_val_read == 1 & icmp_ln194_1 & icmp_ln110_5)> <Delay = 0.00>
ST_5 : Operation 353 [1/1] (2.07ns)   --->   "%icmp_ln163_3 = icmp_ult  i16 %select_ln158_3, i16 %config_delta_threshold_val_read" [src/snn_top_hls.cpp:163->src/snn_top_hls.cpp:216]   --->   Operation 353 'icmp' 'icmp_ln163_3' <Predicate = (config_two_neuron_enable_val_read & config_encoding_type_val_read == 3 & icmp_ln194_1)> <Delay = 2.07> <CoreInst = "Cmp">   --->   Core 9 'Cmp' <Latency = 0> <II = 1> <Delay = 2.07> <FuncUnit> <Opcode : 'seteq' 'setne' 'setle' 'setge' 'setlt' 'setgt'> <InPorts = 2> <OutPorts = 1>
ST_5 : Operation 354 [1/1] (0.00ns)   --->   "%br_ln163 = br i1 %icmp_ln163_3, void %if.then11.i937.1, void %sw.bb37.1" [src/snn_top_hls.cpp:163->src/snn_top_hls.cpp:216]   --->   Operation 354 'br' 'br_ln163' <Predicate = (config_two_neuron_enable_val_read & config_encoding_type_val_read == 3 & icmp_ln194_1)> <Delay = 0.00>
ST_5 : Operation 355 [1/1] (2.07ns)   --->   "%sub_ln165_3 = sub i16 %select_ln158_3, i16 %config_delta_threshold_val_read" [src/snn_top_hls.cpp:165->src/snn_top_hls.cpp:216]   --->   Operation 355 'sub' 'sub_ln165_3' <Predicate = (config_two_neuron_enable_val_read & config_encoding_type_val_read == 3 & icmp_ln194_1 & !icmp_ln163_3)> <Delay = 2.07> <CoreInst = "Adder">   --->   Core 1 'Adder' <Latency = 0> <II = 1> <Delay = 2.07> <FuncUnit> <Opcode : 'add' 'sub'> <InPorts = 2> <OutPorts = 1>
ST_5 : Operation 356 [1/1] ( I:3.25ns O:3.25ns )   --->   "%store_ln165 = store i16 %sub_ln165_3, i9 %p_ZL17encoder_phase_acc_0_addr_2" [src/snn_top_hls.cpp:165->src/snn_top_hls.cpp:216]   --->   Operation 356 'store' 'store_ln165' <Predicate = (config_two_neuron_enable_val_read & config_encoding_type_val_read == 3 & icmp_ln194_1 & !icmp_ln163_3)> <Delay = 3.25> <CoreInst = "RAM_2P_BRAM">   --->   Core 90 'RAM_2P_BRAM' <Latency = 1> <II = 1> <Delay = 3.25> <Storage> <Opcode : 'load' 'store'> <Ports = 2> <Width = 16> <Depth = 392> <RAM>
ST_5 : Operation 357 [1/1] (0.00ns)   --->   "%br_ln166 = br void %sw.bb37.1" [src/snn_top_hls.cpp:166->src/snn_top_hls.cpp:216]   --->   Operation 357 'br' 'br_ln166' <Predicate = (config_two_neuron_enable_val_read & config_encoding_type_val_read == 3 & icmp_ln194_1 & !icmp_ln163_3)> <Delay = 0.00>
ST_5 : Operation 358 [1/1] (2.07ns)   --->   "%icmp_ln163_5 = icmp_ult  i16 %select_ln158_5, i16 %config_delta_threshold_val_read" [src/snn_top_hls.cpp:163->src/snn_top_hls.cpp:233]   --->   Operation 358 'icmp' 'icmp_ln163_5' <Predicate = (config_two_neuron_enable_val_read & config_encoding_type_val_read == 3 & icmp_ln194_1)> <Delay = 2.07> <CoreInst = "Cmp">   --->   Core 9 'Cmp' <Latency = 0> <II = 1> <Delay = 2.07> <FuncUnit> <Opcode : 'seteq' 'setne' 'setle' 'setge' 'setlt' 'setgt'> <InPorts = 2> <OutPorts = 1>
ST_5 : Operation 359 [1/1] (0.00ns)   --->   "%br_ln163 = br i1 %icmp_ln163_5, void %if.then11.i312.1, void %_ZL19encoder_delta_sigmai7ap_uintILi8EES_ILi32EERK16encoder_config_tRN3hls6streamI19encoder_axis_word_tLi0EEERS1_.exit395.1" [src/snn_top_hls.cpp:163->src/snn_top_hls.cpp:233]   --->   Operation 359 'br' 'br_ln163' <Predicate = (config_two_neuron_enable_val_read & config_encoding_type_val_read == 3 & icmp_ln194_1)> <Delay = 0.00>
ST_5 : Operation 360 [1/1] (2.07ns)   --->   "%sub_ln165_5 = sub i16 %select_ln158_5, i16 %config_delta_threshold_val_read" [src/snn_top_hls.cpp:165->src/snn_top_hls.cpp:233]   --->   Operation 360 'sub' 'sub_ln165_5' <Predicate = (config_two_neuron_enable_val_read & config_encoding_type_val_read == 3 & icmp_ln194_1 & !icmp_ln163_5)> <Delay = 2.07> <CoreInst = "Adder">   --->   Core 1 'Adder' <Latency = 0> <II = 1> <Delay = 2.07> <FuncUnit> <Opcode : 'add' 'sub'> <InPorts = 2> <OutPorts = 1>
ST_5 : Operation 361 [1/1] ( I:3.25ns O:3.25ns )   --->   "%store_ln165 = store i16 %sub_ln165_5, i9 %p_ZL17encoder_phase_acc_1_addr_2" [src/snn_top_hls.cpp:165->src/snn_top_hls.cpp:233]   --->   Operation 361 'store' 'store_ln165' <Predicate = (config_two_neuron_enable_val_read & config_encoding_type_val_read == 3 & icmp_ln194_1 & !icmp_ln163_5)> <Delay = 3.25> <CoreInst = "RAM_2P_BRAM">   --->   Core 90 'RAM_2P_BRAM' <Latency = 1> <II = 1> <Delay = 3.25> <Storage> <Opcode : 'load' 'store'> <Ports = 2> <Width = 16> <Depth = 392> <RAM>
ST_5 : Operation 362 [1/1] (0.00ns)   --->   "%br_ln166 = br void %_ZL19encoder_delta_sigmai7ap_uintILi8EES_ILi32EERK16encoder_config_tRN3hls6streamI19encoder_axis_word_tLi0EEERS1_.exit395.1" [src/snn_top_hls.cpp:166->src/snn_top_hls.cpp:233]   --->   Operation 362 'br' 'br_ln166' <Predicate = (config_two_neuron_enable_val_read & config_encoding_type_val_read == 3 & icmp_ln194_1 & !icmp_ln163_5)> <Delay = 0.00>
ST_5 : Operation 602 [1/1] (1.58ns)   --->   "%ret_ln0 = ret"   --->   Operation 602 'ret' 'ret_ln0' <Predicate = (!icmp_ln192)> <Delay = 1.58>

State 6 <SV = 5> <Delay = 6.13>
ST_6 : Operation 363 [1/1] (2.59ns)   --->   "%icmp_ln137_1 = icmp_ugt  i33 %add_ln137_1, i33 %zext_ln137" [src/snn_top_hls.cpp:137->src/snn_top_hls.cpp:248]   --->   Operation 363 'icmp' 'icmp_ln137_1' <Predicate = (icmp_ln194 & !config_two_neuron_enable_val_read & config_encoding_type_val_read == 2 & !p_ZL22encoder_temporal_fired_0_load_1) | (icmp_ln194 & !config_two_neuron_enable_val_read & config_encoding_type_val_read == 2 & latency_window_reset_1_read)> <Delay = 2.59> <CoreInst = "Cmp">   --->   Core 9 'Cmp' <Latency = 0> <II = 1> <Delay = 2.59> <FuncUnit> <Opcode : 'seteq' 'setne' 'setle' 'setge' 'setlt' 'setgt'> <InPorts = 2> <OutPorts = 1>
ST_6 : Operation 364 [1/1] (0.00ns)   --->   "%br_ln137 = br i1 %icmp_ln137_1, void %if.then11.i58, void %if.end15.i" [src/snn_top_hls.cpp:137->src/snn_top_hls.cpp:248]   --->   Operation 364 'br' 'br_ln137' <Predicate = (icmp_ln194 & !config_two_neuron_enable_val_read & config_encoding_type_val_read == 2 & !p_ZL22encoder_temporal_fired_0_load_1) | (icmp_ln194 & !config_two_neuron_enable_val_read & config_encoding_type_val_read == 2 & latency_window_reset_1_read)> <Delay = 0.00>
ST_6 : Operation 365 [1/1] ( I:0.00ns O:0.00ns )   --->   "%tmp_12 = nbwritereq i1 @_ssdm_op_NbWriteReq.ap_fifo.i41P0A, i41 %encoder_spikes, i32 1" [src/snn_top_hls.cpp:82->src/snn_top_hls.cpp:138->src/snn_top_hls.cpp:248]   --->   Operation 365 'nbwritereq' 'tmp_12' <Predicate = (icmp_ln194 & !config_two_neuron_enable_val_read & config_encoding_type_val_read == 2 & !p_ZL22encoder_temporal_fired_0_load_1 & !icmp_ln137_1) | (icmp_ln194 & !config_two_neuron_enable_val_read & config_encoding_type_val_read == 2 & latency_window_reset_1_read & !icmp_ln137_1)> <Delay = 0.00> <CoreInst = "FIFO">   --->   Core 77 'FIFO' <Latency = 0> <II = 1> <Delay = 3.60> <Storage> <Opcode : 'read' 'write' 'nbread' 'nbwrite'> <Ports = 0> <Width = 41> <Depth = 32> <FIFO>
ST_6 : Operation 366 [1/1] (0.00ns)   --->   "%br_ln82 = br i1 %tmp_12, void %_ZL24encoder_write_axis_spikei6ap_intILi8EE7ap_uintILi32EERN3hls6streamI19encoder_axis_word_tLi0EEERS2_.exit.i129, void %if.end.i.i128" [src/snn_top_hls.cpp:82->src/snn_top_hls.cpp:138->src/snn_top_hls.cpp:248]   --->   Operation 366 'br' 'br_ln82' <Predicate = (icmp_ln194 & !config_two_neuron_enable_val_read & config_encoding_type_val_read == 2 & !p_ZL22encoder_temporal_fired_0_load_1 & !icmp_ln137_1) | (icmp_ln194 & !config_two_neuron_enable_val_read & config_encoding_type_val_read == 2 & latency_window_reset_1_read & !icmp_ln137_1)> <Delay = 0.00>
ST_6 : Operation 367 [1/1] (0.00ns)   --->   "%encoder_spike_counter_load_5 = load i32 %encoder_spike_counter" [src/snn_top_hls.cpp:93->src/snn_top_hls.cpp:138->src/snn_top_hls.cpp:248]   --->   Operation 367 'load' 'encoder_spike_counter_load_5' <Predicate = (icmp_ln194 & !config_two_neuron_enable_val_read & config_encoding_type_val_read == 2 & !p_ZL22encoder_temporal_fired_0_load_1 & !icmp_ln137_1 & tmp_12) | (icmp_ln194 & !config_two_neuron_enable_val_read & config_encoding_type_val_read == 2 & latency_window_reset_1_read & !icmp_ln137_1 & tmp_12)> <Delay = 0.00>
ST_6 : Operation 368 [1/1] (2.55ns)   --->   "%add_ln93_5 = add i32 %encoder_spike_counter_load_5, i32 1" [src/snn_top_hls.cpp:93->src/snn_top_hls.cpp:138->src/snn_top_hls.cpp:248]   --->   Operation 368 'add' 'add_ln93_5' <Predicate = (icmp_ln194 & !config_two_neuron_enable_val_read & config_encoding_type_val_read == 2 & !p_ZL22encoder_temporal_fired_0_load_1 & !icmp_ln137_1 & tmp_12) | (icmp_ln194 & !config_two_neuron_enable_val_read & config_encoding_type_val_read == 2 & latency_window_reset_1_read & !icmp_ln137_1 & tmp_12)> <Delay = 2.55> <CoreInst = "Adder">   --->   Core 1 'Adder' <Latency = 0> <II = 1> <Delay = 2.55> <FuncUnit> <Opcode : 'add' 'sub'> <InPorts = 2> <OutPorts = 1>
ST_6 : Operation 369 [1/1] (2.84ns)   --->   "%store_ln93 = store i32 %add_ln93_5, i32 %encoder_spike_counter" [src/snn_top_hls.cpp:93->src/snn_top_hls.cpp:138->src/snn_top_hls.cpp:248]   --->   Operation 369 'store' 'store_ln93' <Predicate = (icmp_ln194 & !config_two_neuron_enable_val_read & config_encoding_type_val_read == 2 & !p_ZL22encoder_temporal_fired_0_load_1 & !icmp_ln137_1 & tmp_12) | (icmp_ln194 & !config_two_neuron_enable_val_read & config_encoding_type_val_read == 2 & latency_window_reset_1_read & !icmp_ln137_1 & tmp_12)> <Delay = 2.84>
ST_6 : Operation 370 [1/1] ( I:3.25ns O:3.25ns )   --->   "%store_ln139 = store i1 1, i9 %p_ZL22encoder_temporal_fired_0_addr_1" [src/snn_top_hls.cpp:139->src/snn_top_hls.cpp:248]   --->   Operation 370 'store' 'store_ln139' <Predicate = (icmp_ln194 & !config_two_neuron_enable_val_read & config_encoding_type_val_read == 2 & !p_ZL22encoder_temporal_fired_0_load_1 & !icmp_ln137_1) | (icmp_ln194 & !config_two_neuron_enable_val_read & config_encoding_type_val_read == 2 & latency_window_reset_1_read & !icmp_ln137_1)> <Delay = 3.25> <CoreInst = "RAM_2P_BRAM">   --->   Core 90 'RAM_2P_BRAM' <Latency = 1> <II = 1> <Delay = 3.25> <Storage> <Opcode : 'load' 'store'> <Ports = 2> <Width = 1> <Depth = 392> <RAM>
ST_6 : Operation 371 [1/1] (0.00ns)   --->   "%br_ln140 = br void %if.end15.i" [src/snn_top_hls.cpp:140->src/snn_top_hls.cpp:248]   --->   Operation 371 'br' 'br_ln140' <Predicate = (icmp_ln194 & !config_two_neuron_enable_val_read & config_encoding_type_val_read == 2 & !p_ZL22encoder_temporal_fired_0_load_1 & !icmp_ln137_1) | (icmp_ln194 & !config_two_neuron_enable_val_read & config_encoding_type_val_read == 2 & latency_window_reset_1_read & !icmp_ln137_1)> <Delay = 0.00>
ST_6 : Operation 372 [1/1] ( I:0.00ns O:0.00ns )   --->   "%tmp_9 = nbwritereq i1 @_ssdm_op_NbWriteReq.ap_fifo.i41P0A, i41 %encoder_spikes, i32 1" [src/snn_top_hls.cpp:82->src/snn_top_hls.cpp:111->src/snn_top_hls.cpp:245]   --->   Operation 372 'nbwritereq' 'tmp_9' <Predicate = (icmp_ln194 & !config_two_neuron_enable_val_read & config_encoding_type_val_read == 1 & icmp_ln110_1)> <Delay = 0.00> <CoreInst = "FIFO">   --->   Core 77 'FIFO' <Latency = 0> <II = 1> <Delay = 3.60> <Storage> <Opcode : 'read' 'write' 'nbread' 'nbwrite'> <Ports = 0> <Width = 41> <Depth = 32> <FIFO>
ST_6 : Operation 373 [1/1] (0.00ns)   --->   "%br_ln82 = br i1 %tmp_9, void %_ZL24encoder_write_axis_spikei6ap_intILi8EE7ap_uintILi32EERN3hls6streamI19encoder_axis_word_tLi0EEERS2_.exit.i256, void %if.end.i.i255" [src/snn_top_hls.cpp:82->src/snn_top_hls.cpp:111->src/snn_top_hls.cpp:245]   --->   Operation 373 'br' 'br_ln82' <Predicate = (icmp_ln194 & !config_two_neuron_enable_val_read & config_encoding_type_val_read == 1 & icmp_ln110_1)> <Delay = 0.00>
ST_6 : Operation 374 [1/1] (2.07ns)   --->   "%icmp_ln158_1 = icmp_ugt  i16 %add_ln155_1, i16 %config_delta_decay_val_read" [src/snn_top_hls.cpp:158->src/snn_top_hls.cpp:251]   --->   Operation 374 'icmp' 'icmp_ln158_1' <Predicate = (icmp_ln194 & !config_two_neuron_enable_val_read & config_encoding_type_val_read == 3)> <Delay = 2.07> <CoreInst = "Cmp">   --->   Core 9 'Cmp' <Latency = 0> <II = 1> <Delay = 2.07> <FuncUnit> <Opcode : 'seteq' 'setne' 'setle' 'setge' 'setlt' 'setgt'> <InPorts = 2> <OutPorts = 1>
ST_6 : Operation 375 [1/1] (2.07ns)   --->   "%sub_ln159_1 = sub i16 %add_ln155_1, i16 %config_delta_decay_val_read" [src/snn_top_hls.cpp:159->src/snn_top_hls.cpp:251]   --->   Operation 375 'sub' 'sub_ln159_1' <Predicate = (icmp_ln194 & !config_two_neuron_enable_val_read & config_encoding_type_val_read == 3)> <Delay = 2.07> <CoreInst = "Adder">   --->   Core 1 'Adder' <Latency = 0> <II = 1> <Delay = 2.07> <FuncUnit> <Opcode : 'add' 'sub'> <InPorts = 2> <OutPorts = 1>
ST_6 : Operation 376 [1/1] (0.80ns)   --->   "%select_ln158_1 = select i1 %icmp_ln158_1, i16 %sub_ln159_1, i16 %add_ln155_1" [src/snn_top_hls.cpp:158->src/snn_top_hls.cpp:251]   --->   Operation 376 'select' 'select_ln158_1' <Predicate = (icmp_ln194 & !config_two_neuron_enable_val_read & config_encoding_type_val_read == 3)> <Delay = 0.80> <CoreInst = "Sel">   --->   Core 73 'Sel' <Latency = 0> <II = 1> <Delay = 0.80> <FuncUnit> <Opcode : 'select'> <InPorts = 3> <OutPorts = 1>
ST_6 : Operation 377 [1/1] ( I:3.25ns O:3.25ns )   --->   "%store_ln158 = store i16 %select_ln158_1, i9 %p_ZL17encoder_phase_acc_0_addr_1" [src/snn_top_hls.cpp:158->src/snn_top_hls.cpp:251]   --->   Operation 377 'store' 'store_ln158' <Predicate = (icmp_ln194 & !config_two_neuron_enable_val_read & config_encoding_type_val_read == 3)> <Delay = 3.25> <CoreInst = "RAM_2P_BRAM">   --->   Core 90 'RAM_2P_BRAM' <Latency = 1> <II = 1> <Delay = 3.25> <Storage> <Opcode : 'load' 'store'> <Ports = 2> <Width = 16> <Depth = 392> <RAM>
ST_6 : Operation 378 [1/1] (2.07ns)   --->   "%icmp_ln163_1 = icmp_ult  i16 %select_ln158_1, i16 %config_delta_threshold_val_read" [src/snn_top_hls.cpp:163->src/snn_top_hls.cpp:251]   --->   Operation 378 'icmp' 'icmp_ln163_1' <Predicate = (icmp_ln194 & !config_two_neuron_enable_val_read & config_encoding_type_val_read == 3)> <Delay = 2.07> <CoreInst = "Cmp">   --->   Core 9 'Cmp' <Latency = 0> <II = 1> <Delay = 2.07> <FuncUnit> <Opcode : 'seteq' 'setne' 'setle' 'setge' 'setlt' 'setgt'> <InPorts = 2> <OutPorts = 1>
ST_6 : Operation 379 [1/1] (0.00ns)   --->   "%br_ln163 = br i1 %icmp_ln163_1, void %if.then11.i, void %_ZL19encoder_delta_sigmai7ap_uintILi8EES_ILi32EERK16encoder_config_tRN3hls6streamI19encoder_axis_word_tLi0EEERS1_.exit" [src/snn_top_hls.cpp:163->src/snn_top_hls.cpp:251]   --->   Operation 379 'br' 'br_ln163' <Predicate = (icmp_ln194 & !config_two_neuron_enable_val_read & config_encoding_type_val_read == 3)> <Delay = 0.00>
ST_6 : Operation 380 [1/1] ( I:0.00ns O:0.00ns )   --->   "%tmp_8 = nbwritereq i1 @_ssdm_op_NbWriteReq.ap_fifo.i41P0A, i41 %encoder_spikes, i32 1" [src/snn_top_hls.cpp:82->src/snn_top_hls.cpp:164->src/snn_top_hls.cpp:251]   --->   Operation 380 'nbwritereq' 'tmp_8' <Predicate = (icmp_ln194 & !config_two_neuron_enable_val_read & config_encoding_type_val_read == 3 & !icmp_ln163_1)> <Delay = 0.00> <CoreInst = "FIFO">   --->   Core 77 'FIFO' <Latency = 0> <II = 1> <Delay = 3.60> <Storage> <Opcode : 'read' 'write' 'nbread' 'nbwrite'> <Ports = 0> <Width = 41> <Depth = 32> <FIFO>
ST_6 : Operation 381 [1/1] (0.00ns)   --->   "%br_ln82 = br i1 %tmp_8, void %_ZL24encoder_write_axis_spikei6ap_intILi8EE7ap_uintILi32EERN3hls6streamI19encoder_axis_word_tLi0EEERS2_.exit.i, void %if.end.i.i" [src/snn_top_hls.cpp:82->src/snn_top_hls.cpp:164->src/snn_top_hls.cpp:251]   --->   Operation 381 'br' 'br_ln82' <Predicate = (icmp_ln194 & !config_two_neuron_enable_val_read & config_encoding_type_val_read == 3 & !icmp_ln163_1)> <Delay = 0.00>
ST_6 : Operation 382 [1/1] (0.00ns)   --->   "%trunc_ln203 = trunc i10 %ch_2" [src/snn_top_hls.cpp:203]   --->   Operation 382 'trunc' 'trunc_ln203' <Predicate = (icmp_ln194 & config_two_neuron_enable_val_read)> <Delay = 0.00>
ST_6 : Operation 383 [1/1] ( I:0.00ns O:0.00ns )   --->   "%tmp_11 = nbwritereq i1 @_ssdm_op_NbWriteReq.ap_fifo.i41P0A, i41 %encoder_spikes, i32 1" [src/snn_top_hls.cpp:82->src/snn_top_hls.cpp:138->src/snn_top_hls.cpp:213]   --->   Operation 383 'nbwritereq' 'tmp_11' <Predicate = (icmp_ln194 & config_two_neuron_enable_val_read & config_encoding_type_val_read == 2 & !p_ZL22encoder_temporal_fired_0_load & !icmp_ln137) | (icmp_ln194 & config_two_neuron_enable_val_read & config_encoding_type_val_read == 2 & latency_window_reset_1_read & !icmp_ln137)> <Delay = 0.00> <CoreInst = "FIFO">   --->   Core 77 'FIFO' <Latency = 0> <II = 1> <Delay = 3.60> <Storage> <Opcode : 'read' 'write' 'nbread' 'nbwrite'> <Ports = 0> <Width = 41> <Depth = 32> <FIFO>
ST_6 : Operation 384 [1/1] (0.00ns)   --->   "%br_ln82 = br i1 %tmp_11, void %_ZL24encoder_write_axis_spikei6ap_intILi8EE7ap_uintILi32EERN3hls6streamI19encoder_axis_word_tLi0EEERS2_.exit.i1227, void %if.end.i.i1224" [src/snn_top_hls.cpp:82->src/snn_top_hls.cpp:138->src/snn_top_hls.cpp:213]   --->   Operation 384 'br' 'br_ln82' <Predicate = (icmp_ln194 & config_two_neuron_enable_val_read & config_encoding_type_val_read == 2 & !p_ZL22encoder_temporal_fired_0_load & !icmp_ln137) | (icmp_ln194 & config_two_neuron_enable_val_read & config_encoding_type_val_read == 2 & latency_window_reset_1_read & !icmp_ln137)> <Delay = 0.00>
ST_6 : Operation 385 [1/1] (0.00ns)   --->   "%trunc_ln88_4 = trunc i32 %time_read" [src/snn_top_hls.cpp:88->src/snn_top_hls.cpp:138->src/snn_top_hls.cpp:213]   --->   Operation 385 'trunc' 'trunc_ln88_4' <Predicate = (icmp_ln194 & config_two_neuron_enable_val_read & config_encoding_type_val_read == 2 & !p_ZL22encoder_temporal_fired_0_load & !icmp_ln137 & tmp_11) | (icmp_ln194 & config_two_neuron_enable_val_read & config_encoding_type_val_read == 2 & latency_window_reset_1_read & !icmp_ln137 & tmp_11)> <Delay = 0.00>
ST_6 : Operation 386 [1/1] (0.00ns)   --->   "%or_ln92_8 = bitconcatenate i33 @_ssdm_op_BitConcatenate.i33.i1.i14.i8.i9.i1, i1 1, i14 %trunc_ln88_4, i8 %config_default_weight_val_read, i9 %trunc_ln203, i1 0" [src/snn_top_hls.cpp:92->src/snn_top_hls.cpp:138->src/snn_top_hls.cpp:213]   --->   Operation 386 'bitconcatenate' 'or_ln92_8' <Predicate = (icmp_ln194 & config_two_neuron_enable_val_read & config_encoding_type_val_read == 2 & !p_ZL22encoder_temporal_fired_0_load & !icmp_ln137 & tmp_11) | (icmp_ln194 & config_two_neuron_enable_val_read & config_encoding_type_val_read == 2 & latency_window_reset_1_read & !icmp_ln137 & tmp_11)> <Delay = 0.00>
ST_6 : Operation 387 [1/1] (0.00ns)   --->   "%sext_ln92_4 = sext i33 %or_ln92_8" [src/snn_top_hls.cpp:92->src/snn_top_hls.cpp:138->src/snn_top_hls.cpp:213]   --->   Operation 387 'sext' 'sext_ln92_4' <Predicate = (icmp_ln194 & config_two_neuron_enable_val_read & config_encoding_type_val_read == 2 & !p_ZL22encoder_temporal_fired_0_load & !icmp_ln137 & tmp_11) | (icmp_ln194 & config_two_neuron_enable_val_read & config_encoding_type_val_read == 2 & latency_window_reset_1_read & !icmp_ln137 & tmp_11)> <Delay = 0.00>
ST_6 : Operation 388 [1/1] ( I:3.60ns O:3.60ns )   --->   "%write_ln92 = write void @_ssdm_op_Write.ap_fifo.volatile.i41P0A, i41 %encoder_spikes, i41 %sext_ln92_4" [src/snn_top_hls.cpp:92->src/snn_top_hls.cpp:138->src/snn_top_hls.cpp:213]   --->   Operation 388 'write' 'write_ln92' <Predicate = (icmp_ln194 & config_two_neuron_enable_val_read & config_encoding_type_val_read == 2 & !p_ZL22encoder_temporal_fired_0_load & !icmp_ln137 & tmp_11) | (icmp_ln194 & config_two_neuron_enable_val_read & config_encoding_type_val_read == 2 & latency_window_reset_1_read & !icmp_ln137 & tmp_11)> <Delay = 3.60> <CoreInst = "FIFO">   --->   Core 77 'FIFO' <Latency = 0> <II = 1> <Delay = 3.60> <Storage> <Opcode : 'read' 'write' 'nbread' 'nbwrite'> <Ports = 0> <Width = 41> <Depth = 32> <FIFO>
ST_6 : Operation 389 [1/1] (0.00ns)   --->   "%encoder_spike_counter_load_4 = load i32 %encoder_spike_counter" [src/snn_top_hls.cpp:93->src/snn_top_hls.cpp:138->src/snn_top_hls.cpp:213]   --->   Operation 389 'load' 'encoder_spike_counter_load_4' <Predicate = (icmp_ln194 & config_two_neuron_enable_val_read & config_encoding_type_val_read == 2 & !p_ZL22encoder_temporal_fired_0_load & !icmp_ln137 & tmp_11) | (icmp_ln194 & config_two_neuron_enable_val_read & config_encoding_type_val_read == 2 & latency_window_reset_1_read & !icmp_ln137 & tmp_11)> <Delay = 0.00>
ST_6 : Operation 390 [1/1] (2.55ns)   --->   "%add_ln93_4 = add i32 %encoder_spike_counter_load_4, i32 1" [src/snn_top_hls.cpp:93->src/snn_top_hls.cpp:138->src/snn_top_hls.cpp:213]   --->   Operation 390 'add' 'add_ln93_4' <Predicate = (icmp_ln194 & config_two_neuron_enable_val_read & config_encoding_type_val_read == 2 & !p_ZL22encoder_temporal_fired_0_load & !icmp_ln137 & tmp_11) | (icmp_ln194 & config_two_neuron_enable_val_read & config_encoding_type_val_read == 2 & latency_window_reset_1_read & !icmp_ln137 & tmp_11)> <Delay = 2.55> <CoreInst = "Adder">   --->   Core 1 'Adder' <Latency = 0> <II = 1> <Delay = 2.55> <FuncUnit> <Opcode : 'add' 'sub'> <InPorts = 2> <OutPorts = 1>
ST_6 : Operation 391 [1/1] (2.84ns)   --->   "%store_ln93 = store i32 %add_ln93_4, i32 %encoder_spike_counter" [src/snn_top_hls.cpp:93->src/snn_top_hls.cpp:138->src/snn_top_hls.cpp:213]   --->   Operation 391 'store' 'store_ln93' <Predicate = (icmp_ln194 & config_two_neuron_enable_val_read & config_encoding_type_val_read == 2 & !p_ZL22encoder_temporal_fired_0_load & !icmp_ln137 & tmp_11) | (icmp_ln194 & config_two_neuron_enable_val_read & config_encoding_type_val_read == 2 & latency_window_reset_1_read & !icmp_ln137 & tmp_11)> <Delay = 2.84>
ST_6 : Operation 392 [1/1] (0.00ns)   --->   "%br_ln94 = br void %_ZL24encoder_write_axis_spikei6ap_intILi8EE7ap_uintILi32EERN3hls6streamI19encoder_axis_word_tLi0EEERS2_.exit.i1227" [src/snn_top_hls.cpp:94->src/snn_top_hls.cpp:138->src/snn_top_hls.cpp:213]   --->   Operation 392 'br' 'br_ln94' <Predicate = (icmp_ln194 & config_two_neuron_enable_val_read & config_encoding_type_val_read == 2 & !p_ZL22encoder_temporal_fired_0_load & !icmp_ln137 & tmp_11) | (icmp_ln194 & config_two_neuron_enable_val_read & config_encoding_type_val_read == 2 & latency_window_reset_1_read & !icmp_ln137 & tmp_11)> <Delay = 0.00>
ST_6 : Operation 393 [1/1] ( I:3.25ns O:3.25ns )   --->   "%store_ln139 = store i1 1, i9 %p_ZL22encoder_temporal_fired_0_addr" [src/snn_top_hls.cpp:139->src/snn_top_hls.cpp:213]   --->   Operation 393 'store' 'store_ln139' <Predicate = (icmp_ln194 & config_two_neuron_enable_val_read & config_encoding_type_val_read == 2 & !p_ZL22encoder_temporal_fired_0_load & !icmp_ln137) | (icmp_ln194 & config_two_neuron_enable_val_read & config_encoding_type_val_read == 2 & latency_window_reset_1_read & !icmp_ln137)> <Delay = 3.25> <CoreInst = "RAM_2P_BRAM">   --->   Core 90 'RAM_2P_BRAM' <Latency = 1> <II = 1> <Delay = 3.25> <Storage> <Opcode : 'load' 'store'> <Ports = 2> <Width = 1> <Depth = 392> <RAM>
ST_6 : Operation 394 [1/1] (0.00ns)   --->   "%br_ln140 = br void %if.end15.i1228" [src/snn_top_hls.cpp:140->src/snn_top_hls.cpp:213]   --->   Operation 394 'br' 'br_ln140' <Predicate = (icmp_ln194 & config_two_neuron_enable_val_read & config_encoding_type_val_read == 2 & !p_ZL22encoder_temporal_fired_0_load & !icmp_ln137) | (icmp_ln194 & config_two_neuron_enable_val_read & config_encoding_type_val_read == 2 & latency_window_reset_1_read & !icmp_ln137)> <Delay = 0.00>
ST_6 : Operation 395 [1/1] ( I:3.25ns O:3.25ns )   --->   "%store_ln139 = store i1 1, i9 %p_ZL22encoder_temporal_fired_1_addr" [src/snn_top_hls.cpp:139->src/snn_top_hls.cpp:230]   --->   Operation 395 'store' 'store_ln139' <Predicate = (icmp_ln194 & config_two_neuron_enable_val_read & config_encoding_type_val_read == 2 & !p_ZL22encoder_temporal_fired_1_load & !icmp_ln137_2) | (icmp_ln194 & config_two_neuron_enable_val_read & config_encoding_type_val_read == 2 & latency_window_reset_1_read & !icmp_ln137_2)> <Delay = 3.25> <CoreInst = "RAM_2P_BRAM">   --->   Core 90 'RAM_2P_BRAM' <Latency = 1> <II = 1> <Delay = 3.25> <Storage> <Opcode : 'load' 'store'> <Ports = 2> <Width = 1> <Depth = 392> <RAM>
ST_6 : Operation 396 [1/1] (0.00ns)   --->   "%br_ln140 = br void %if.end15.i603" [src/snn_top_hls.cpp:140->src/snn_top_hls.cpp:230]   --->   Operation 396 'br' 'br_ln140' <Predicate = (icmp_ln194 & config_two_neuron_enable_val_read & config_encoding_type_val_read == 2 & !p_ZL22encoder_temporal_fired_1_load & !icmp_ln137_2) | (icmp_ln194 & config_two_neuron_enable_val_read & config_encoding_type_val_read == 2 & latency_window_reset_1_read & !icmp_ln137_2)> <Delay = 0.00>
ST_6 : Operation 397 [1/1] ( I:0.00ns O:0.00ns )   --->   "%tmp_s = nbwritereq i1 @_ssdm_op_NbWriteReq.ap_fifo.i41P0A, i41 %encoder_spikes, i32 1" [src/snn_top_hls.cpp:82->src/snn_top_hls.cpp:111->src/snn_top_hls.cpp:210]   --->   Operation 397 'nbwritereq' 'tmp_s' <Predicate = (icmp_ln194 & config_two_neuron_enable_val_read & config_encoding_type_val_read == 1 & icmp_ln110)> <Delay = 0.00> <CoreInst = "FIFO">   --->   Core 77 'FIFO' <Latency = 0> <II = 1> <Delay = 3.60> <Storage> <Opcode : 'read' 'write' 'nbread' 'nbwrite'> <Ports = 0> <Width = 41> <Depth = 32> <FIFO>
ST_6 : Operation 398 [1/1] (0.00ns)   --->   "%br_ln82 = br i1 %tmp_s, void %_ZL24encoder_write_axis_spikei6ap_intILi8EE7ap_uintILi32EERN3hls6streamI19encoder_axis_word_tLi0EEERS2_.exit.i1503, void %if.end.i.i1502" [src/snn_top_hls.cpp:82->src/snn_top_hls.cpp:111->src/snn_top_hls.cpp:210]   --->   Operation 398 'br' 'br_ln82' <Predicate = (icmp_ln194 & config_two_neuron_enable_val_read & config_encoding_type_val_read == 1 & icmp_ln110)> <Delay = 0.00>
ST_6 : Operation 399 [1/1] (0.00ns)   --->   "%trunc_ln88_1 = trunc i32 %time_read" [src/snn_top_hls.cpp:88->src/snn_top_hls.cpp:111->src/snn_top_hls.cpp:210]   --->   Operation 399 'trunc' 'trunc_ln88_1' <Predicate = (icmp_ln194 & config_two_neuron_enable_val_read & config_encoding_type_val_read == 1 & icmp_ln110 & tmp_s)> <Delay = 0.00>
ST_6 : Operation 400 [1/1] (0.00ns)   --->   "%or_ln92_7 = bitconcatenate i33 @_ssdm_op_BitConcatenate.i33.i1.i14.i8.i9.i1, i1 1, i14 %trunc_ln88_1, i8 %config_default_weight_val_read, i9 %trunc_ln203, i1 0" [src/snn_top_hls.cpp:92->src/snn_top_hls.cpp:111->src/snn_top_hls.cpp:210]   --->   Operation 400 'bitconcatenate' 'or_ln92_7' <Predicate = (icmp_ln194 & config_two_neuron_enable_val_read & config_encoding_type_val_read == 1 & icmp_ln110 & tmp_s)> <Delay = 0.00>
ST_6 : Operation 401 [1/1] (0.00ns)   --->   "%sext_ln92_1 = sext i33 %or_ln92_7" [src/snn_top_hls.cpp:92->src/snn_top_hls.cpp:111->src/snn_top_hls.cpp:210]   --->   Operation 401 'sext' 'sext_ln92_1' <Predicate = (icmp_ln194 & config_two_neuron_enable_val_read & config_encoding_type_val_read == 1 & icmp_ln110 & tmp_s)> <Delay = 0.00>
ST_6 : Operation 402 [1/1] ( I:3.60ns O:3.60ns )   --->   "%write_ln92 = write void @_ssdm_op_Write.ap_fifo.volatile.i41P0A, i41 %encoder_spikes, i41 %sext_ln92_1" [src/snn_top_hls.cpp:92->src/snn_top_hls.cpp:111->src/snn_top_hls.cpp:210]   --->   Operation 402 'write' 'write_ln92' <Predicate = (icmp_ln194 & config_two_neuron_enable_val_read & config_encoding_type_val_read == 1 & icmp_ln110 & tmp_s)> <Delay = 3.60> <CoreInst = "FIFO">   --->   Core 77 'FIFO' <Latency = 0> <II = 1> <Delay = 3.60> <Storage> <Opcode : 'read' 'write' 'nbread' 'nbwrite'> <Ports = 0> <Width = 41> <Depth = 32> <FIFO>
ST_6 : Operation 403 [1/1] (0.00ns)   --->   "%encoder_spike_counter_load_1 = load i32 %encoder_spike_counter" [src/snn_top_hls.cpp:93->src/snn_top_hls.cpp:111->src/snn_top_hls.cpp:210]   --->   Operation 403 'load' 'encoder_spike_counter_load_1' <Predicate = (icmp_ln194 & config_two_neuron_enable_val_read & config_encoding_type_val_read == 1 & icmp_ln110 & tmp_s)> <Delay = 0.00>
ST_6 : Operation 404 [1/1] (2.55ns)   --->   "%add_ln93_1 = add i32 %encoder_spike_counter_load_1, i32 1" [src/snn_top_hls.cpp:93->src/snn_top_hls.cpp:111->src/snn_top_hls.cpp:210]   --->   Operation 404 'add' 'add_ln93_1' <Predicate = (icmp_ln194 & config_two_neuron_enable_val_read & config_encoding_type_val_read == 1 & icmp_ln110 & tmp_s)> <Delay = 2.55> <CoreInst = "Adder">   --->   Core 1 'Adder' <Latency = 0> <II = 1> <Delay = 2.55> <FuncUnit> <Opcode : 'add' 'sub'> <InPorts = 2> <OutPorts = 1>
ST_6 : Operation 405 [1/1] (2.84ns)   --->   "%store_ln93 = store i32 %add_ln93_1, i32 %encoder_spike_counter" [src/snn_top_hls.cpp:93->src/snn_top_hls.cpp:111->src/snn_top_hls.cpp:210]   --->   Operation 405 'store' 'store_ln93' <Predicate = (icmp_ln194 & config_two_neuron_enable_val_read & config_encoding_type_val_read == 1 & icmp_ln110 & tmp_s)> <Delay = 2.84>
ST_6 : Operation 406 [1/1] (0.00ns)   --->   "%br_ln94 = br void %_ZL24encoder_write_axis_spikei6ap_intILi8EE7ap_uintILi32EERN3hls6streamI19encoder_axis_word_tLi0EEERS2_.exit.i1503" [src/snn_top_hls.cpp:94->src/snn_top_hls.cpp:111->src/snn_top_hls.cpp:210]   --->   Operation 406 'br' 'br_ln94' <Predicate = (icmp_ln194 & config_two_neuron_enable_val_read & config_encoding_type_val_read == 1 & icmp_ln110 & tmp_s)> <Delay = 0.00>
ST_6 : Operation 407 [1/1] ( I:3.25ns O:3.25ns )   --->   "%store_ln158 = store i16 %select_ln158, i9 %p_ZL17encoder_phase_acc_0_addr" [src/snn_top_hls.cpp:158->src/snn_top_hls.cpp:216]   --->   Operation 407 'store' 'store_ln158' <Predicate = (icmp_ln194 & config_two_neuron_enable_val_read & config_encoding_type_val_read == 3)> <Delay = 3.25> <CoreInst = "RAM_2P_BRAM">   --->   Core 90 'RAM_2P_BRAM' <Latency = 1> <II = 1> <Delay = 3.25> <Storage> <Opcode : 'load' 'store'> <Ports = 2> <Width = 16> <Depth = 392> <RAM>
ST_6 : Operation 408 [1/1] ( I:0.00ns O:0.00ns )   --->   "%tmp = nbwritereq i1 @_ssdm_op_NbWriteReq.ap_fifo.i41P0A, i41 %encoder_spikes, i32 1" [src/snn_top_hls.cpp:82->src/snn_top_hls.cpp:164->src/snn_top_hls.cpp:216]   --->   Operation 408 'nbwritereq' 'tmp' <Predicate = (icmp_ln194 & config_two_neuron_enable_val_read & config_encoding_type_val_read == 3 & !icmp_ln163)> <Delay = 0.00> <CoreInst = "FIFO">   --->   Core 77 'FIFO' <Latency = 0> <II = 1> <Delay = 3.60> <Storage> <Opcode : 'read' 'write' 'nbread' 'nbwrite'> <Ports = 0> <Width = 41> <Depth = 32> <FIFO>
ST_6 : Operation 409 [1/1] (0.00ns)   --->   "%br_ln82 = br i1 %tmp, void %_ZL24encoder_write_axis_spikei6ap_intILi8EE7ap_uintILi32EERN3hls6streamI19encoder_axis_word_tLi0EEERS2_.exit.i1019, void %if.end.i.i1014" [src/snn_top_hls.cpp:82->src/snn_top_hls.cpp:164->src/snn_top_hls.cpp:216]   --->   Operation 409 'br' 'br_ln82' <Predicate = (icmp_ln194 & config_two_neuron_enable_val_read & config_encoding_type_val_read == 3 & !icmp_ln163)> <Delay = 0.00>
ST_6 : Operation 410 [1/1] (0.00ns)   --->   "%trunc_ln88 = trunc i32 %time_read" [src/snn_top_hls.cpp:88->src/snn_top_hls.cpp:164->src/snn_top_hls.cpp:216]   --->   Operation 410 'trunc' 'trunc_ln88' <Predicate = (icmp_ln194 & config_two_neuron_enable_val_read & config_encoding_type_val_read == 3 & !icmp_ln163 & tmp)> <Delay = 0.00>
ST_6 : Operation 411 [1/1] (0.00ns)   --->   "%or_ln92_3 = bitconcatenate i33 @_ssdm_op_BitConcatenate.i33.i1.i14.i8.i9.i1, i1 1, i14 %trunc_ln88, i8 %config_default_weight_val_read, i9 %trunc_ln203, i1 0" [src/snn_top_hls.cpp:92->src/snn_top_hls.cpp:164->src/snn_top_hls.cpp:216]   --->   Operation 411 'bitconcatenate' 'or_ln92_3' <Predicate = (icmp_ln194 & config_two_neuron_enable_val_read & config_encoding_type_val_read == 3 & !icmp_ln163 & tmp)> <Delay = 0.00>
ST_6 : Operation 412 [1/1] (0.00ns)   --->   "%sext_ln92 = sext i33 %or_ln92_3" [src/snn_top_hls.cpp:92->src/snn_top_hls.cpp:164->src/snn_top_hls.cpp:216]   --->   Operation 412 'sext' 'sext_ln92' <Predicate = (icmp_ln194 & config_two_neuron_enable_val_read & config_encoding_type_val_read == 3 & !icmp_ln163 & tmp)> <Delay = 0.00>
ST_6 : Operation 413 [1/1] ( I:3.60ns O:3.60ns )   --->   "%write_ln92 = write void @_ssdm_op_Write.ap_fifo.volatile.i41P0A, i41 %encoder_spikes, i41 %sext_ln92" [src/snn_top_hls.cpp:92->src/snn_top_hls.cpp:164->src/snn_top_hls.cpp:216]   --->   Operation 413 'write' 'write_ln92' <Predicate = (icmp_ln194 & config_two_neuron_enable_val_read & config_encoding_type_val_read == 3 & !icmp_ln163 & tmp)> <Delay = 3.60> <CoreInst = "FIFO">   --->   Core 77 'FIFO' <Latency = 0> <II = 1> <Delay = 3.60> <Storage> <Opcode : 'read' 'write' 'nbread' 'nbwrite'> <Ports = 0> <Width = 41> <Depth = 32> <FIFO>
ST_6 : Operation 414 [1/1] (0.00ns)   --->   "%encoder_spike_counter_load = load i32 %encoder_spike_counter" [src/snn_top_hls.cpp:93->src/snn_top_hls.cpp:164->src/snn_top_hls.cpp:216]   --->   Operation 414 'load' 'encoder_spike_counter_load' <Predicate = (icmp_ln194 & config_two_neuron_enable_val_read & config_encoding_type_val_read == 3 & !icmp_ln163 & tmp)> <Delay = 0.00>
ST_6 : Operation 415 [1/1] (2.55ns)   --->   "%add_ln93 = add i32 %encoder_spike_counter_load, i32 1" [src/snn_top_hls.cpp:93->src/snn_top_hls.cpp:164->src/snn_top_hls.cpp:216]   --->   Operation 415 'add' 'add_ln93' <Predicate = (icmp_ln194 & config_two_neuron_enable_val_read & config_encoding_type_val_read == 3 & !icmp_ln163 & tmp)> <Delay = 2.55> <CoreInst = "Adder">   --->   Core 1 'Adder' <Latency = 0> <II = 1> <Delay = 2.55> <FuncUnit> <Opcode : 'add' 'sub'> <InPorts = 2> <OutPorts = 1>
ST_6 : Operation 416 [1/1] (2.84ns)   --->   "%store_ln93 = store i32 %add_ln93, i32 %encoder_spike_counter" [src/snn_top_hls.cpp:93->src/snn_top_hls.cpp:164->src/snn_top_hls.cpp:216]   --->   Operation 416 'store' 'store_ln93' <Predicate = (icmp_ln194 & config_two_neuron_enable_val_read & config_encoding_type_val_read == 3 & !icmp_ln163 & tmp)> <Delay = 2.84>
ST_6 : Operation 417 [1/1] (0.00ns)   --->   "%br_ln94 = br void %_ZL24encoder_write_axis_spikei6ap_intILi8EE7ap_uintILi32EERN3hls6streamI19encoder_axis_word_tLi0EEERS2_.exit.i1019" [src/snn_top_hls.cpp:94->src/snn_top_hls.cpp:164->src/snn_top_hls.cpp:216]   --->   Operation 417 'br' 'br_ln94' <Predicate = (icmp_ln194 & config_two_neuron_enable_val_read & config_encoding_type_val_read == 3 & !icmp_ln163 & tmp)> <Delay = 0.00>
ST_6 : Operation 418 [1/1] (2.07ns)   --->   "%icmp_ln158_2 = icmp_ugt  i16 %add_ln155_2, i16 %config_delta_decay_val_read" [src/snn_top_hls.cpp:158->src/snn_top_hls.cpp:233]   --->   Operation 418 'icmp' 'icmp_ln158_2' <Predicate = (icmp_ln194 & config_two_neuron_enable_val_read & config_encoding_type_val_read == 3)> <Delay = 2.07> <CoreInst = "Cmp">   --->   Core 9 'Cmp' <Latency = 0> <II = 1> <Delay = 2.07> <FuncUnit> <Opcode : 'seteq' 'setne' 'setle' 'setge' 'setlt' 'setgt'> <InPorts = 2> <OutPorts = 1>
ST_6 : Operation 419 [1/1] (2.07ns)   --->   "%sub_ln159_2 = sub i16 %add_ln155_2, i16 %config_delta_decay_val_read" [src/snn_top_hls.cpp:159->src/snn_top_hls.cpp:233]   --->   Operation 419 'sub' 'sub_ln159_2' <Predicate = (icmp_ln194 & config_two_neuron_enable_val_read & config_encoding_type_val_read == 3)> <Delay = 2.07> <CoreInst = "Adder">   --->   Core 1 'Adder' <Latency = 0> <II = 1> <Delay = 2.07> <FuncUnit> <Opcode : 'add' 'sub'> <InPorts = 2> <OutPorts = 1>
ST_6 : Operation 420 [1/1] (0.80ns)   --->   "%select_ln158_2 = select i1 %icmp_ln158_2, i16 %sub_ln159_2, i16 %add_ln155_2" [src/snn_top_hls.cpp:158->src/snn_top_hls.cpp:233]   --->   Operation 420 'select' 'select_ln158_2' <Predicate = (icmp_ln194 & config_two_neuron_enable_val_read & config_encoding_type_val_read == 3)> <Delay = 0.80> <CoreInst = "Sel">   --->   Core 73 'Sel' <Latency = 0> <II = 1> <Delay = 0.80> <FuncUnit> <Opcode : 'select'> <InPorts = 3> <OutPorts = 1>
ST_6 : Operation 421 [1/1] ( I:3.25ns O:3.25ns )   --->   "%store_ln158 = store i16 %select_ln158_2, i9 %p_ZL17encoder_phase_acc_1_addr" [src/snn_top_hls.cpp:158->src/snn_top_hls.cpp:233]   --->   Operation 421 'store' 'store_ln158' <Predicate = (icmp_ln194 & config_two_neuron_enable_val_read & config_encoding_type_val_read == 3)> <Delay = 3.25> <CoreInst = "RAM_2P_BRAM">   --->   Core 90 'RAM_2P_BRAM' <Latency = 1> <II = 1> <Delay = 3.25> <Storage> <Opcode : 'load' 'store'> <Ports = 2> <Width = 16> <Depth = 392> <RAM>
ST_6 : Operation 422 [1/1] (2.07ns)   --->   "%icmp_ln163_2 = icmp_ult  i16 %select_ln158_2, i16 %config_delta_threshold_val_read" [src/snn_top_hls.cpp:163->src/snn_top_hls.cpp:233]   --->   Operation 422 'icmp' 'icmp_ln163_2' <Predicate = (icmp_ln194 & config_two_neuron_enable_val_read & config_encoding_type_val_read == 3)> <Delay = 2.07> <CoreInst = "Cmp">   --->   Core 9 'Cmp' <Latency = 0> <II = 1> <Delay = 2.07> <FuncUnit> <Opcode : 'seteq' 'setne' 'setle' 'setge' 'setlt' 'setgt'> <InPorts = 2> <OutPorts = 1>
ST_6 : Operation 423 [1/1] (0.00ns)   --->   "%br_ln163 = br i1 %icmp_ln163_2, void %if.then11.i312, void %_ZL19encoder_delta_sigmai7ap_uintILi8EES_ILi32EERK16encoder_config_tRN3hls6streamI19encoder_axis_word_tLi0EEERS1_.exit395" [src/snn_top_hls.cpp:163->src/snn_top_hls.cpp:233]   --->   Operation 423 'br' 'br_ln163' <Predicate = (icmp_ln194 & config_two_neuron_enable_val_read & config_encoding_type_val_read == 3)> <Delay = 0.00>
ST_6 : Operation 424 [1/1] (2.59ns)   --->   "%icmp_ln137_4 = icmp_ugt  i33 %add_ln137_4, i33 %zext_ln137" [src/snn_top_hls.cpp:137->src/snn_top_hls.cpp:248]   --->   Operation 424 'icmp' 'icmp_ln137_4' <Predicate = (!config_two_neuron_enable_val_read & config_encoding_type_val_read == 2 & icmp_ln194_1 & !p_ZL22encoder_temporal_fired_1_load_1) | (!config_two_neuron_enable_val_read & config_encoding_type_val_read == 2 & latency_window_reset_1_read & icmp_ln194_1)> <Delay = 2.59> <CoreInst = "Cmp">   --->   Core 9 'Cmp' <Latency = 0> <II = 1> <Delay = 2.59> <FuncUnit> <Opcode : 'seteq' 'setne' 'setle' 'setge' 'setlt' 'setgt'> <InPorts = 2> <OutPorts = 1>
ST_6 : Operation 425 [1/1] (0.00ns)   --->   "%br_ln137 = br i1 %icmp_ln137_4, void %if.then11.i58.1, void %if.end15.i.1" [src/snn_top_hls.cpp:137->src/snn_top_hls.cpp:248]   --->   Operation 425 'br' 'br_ln137' <Predicate = (!config_two_neuron_enable_val_read & config_encoding_type_val_read == 2 & icmp_ln194_1 & !p_ZL22encoder_temporal_fired_1_load_1) | (!config_two_neuron_enable_val_read & config_encoding_type_val_read == 2 & latency_window_reset_1_read & icmp_ln194_1)> <Delay = 0.00>
ST_6 : Operation 426 [1/1] ( I:3.25ns O:3.25ns )   --->   "%store_ln139 = store i1 1, i9 %p_ZL22encoder_temporal_fired_1_addr_1" [src/snn_top_hls.cpp:139->src/snn_top_hls.cpp:248]   --->   Operation 426 'store' 'store_ln139' <Predicate = (!config_two_neuron_enable_val_read & config_encoding_type_val_read == 2 & icmp_ln194_1 & !p_ZL22encoder_temporal_fired_1_load_1 & !icmp_ln137_4) | (!config_two_neuron_enable_val_read & config_encoding_type_val_read == 2 & latency_window_reset_1_read & icmp_ln194_1 & !icmp_ln137_4)> <Delay = 3.25> <CoreInst = "RAM_2P_BRAM">   --->   Core 90 'RAM_2P_BRAM' <Latency = 1> <II = 1> <Delay = 3.25> <Storage> <Opcode : 'load' 'store'> <Ports = 2> <Width = 1> <Depth = 392> <RAM>
ST_6 : Operation 427 [1/1] (0.00ns)   --->   "%br_ln140 = br void %if.end15.i.1" [src/snn_top_hls.cpp:140->src/snn_top_hls.cpp:248]   --->   Operation 427 'br' 'br_ln140' <Predicate = (!config_two_neuron_enable_val_read & config_encoding_type_val_read == 2 & icmp_ln194_1 & !p_ZL22encoder_temporal_fired_1_load_1 & !icmp_ln137_4) | (!config_two_neuron_enable_val_read & config_encoding_type_val_read == 2 & latency_window_reset_1_read & icmp_ln194_1 & !icmp_ln137_4)> <Delay = 0.00>
ST_6 : Operation 428 [1/1] (2.07ns)   --->   "%icmp_ln158_4 = icmp_ugt  i16 %add_ln155_4, i16 %config_delta_decay_val_read" [src/snn_top_hls.cpp:158->src/snn_top_hls.cpp:251]   --->   Operation 428 'icmp' 'icmp_ln158_4' <Predicate = (!config_two_neuron_enable_val_read & config_encoding_type_val_read == 3 & icmp_ln194_1)> <Delay = 2.07> <CoreInst = "Cmp">   --->   Core 9 'Cmp' <Latency = 0> <II = 1> <Delay = 2.07> <FuncUnit> <Opcode : 'seteq' 'setne' 'setle' 'setge' 'setlt' 'setgt'> <InPorts = 2> <OutPorts = 1>
ST_6 : Operation 429 [1/1] (2.07ns)   --->   "%sub_ln159_4 = sub i16 %add_ln155_4, i16 %config_delta_decay_val_read" [src/snn_top_hls.cpp:159->src/snn_top_hls.cpp:251]   --->   Operation 429 'sub' 'sub_ln159_4' <Predicate = (!config_two_neuron_enable_val_read & config_encoding_type_val_read == 3 & icmp_ln194_1)> <Delay = 2.07> <CoreInst = "Adder">   --->   Core 1 'Adder' <Latency = 0> <II = 1> <Delay = 2.07> <FuncUnit> <Opcode : 'add' 'sub'> <InPorts = 2> <OutPorts = 1>
ST_6 : Operation 430 [1/1] (0.80ns)   --->   "%select_ln158_4 = select i1 %icmp_ln158_4, i16 %sub_ln159_4, i16 %add_ln155_4" [src/snn_top_hls.cpp:158->src/snn_top_hls.cpp:251]   --->   Operation 430 'select' 'select_ln158_4' <Predicate = (!config_two_neuron_enable_val_read & config_encoding_type_val_read == 3 & icmp_ln194_1)> <Delay = 0.80> <CoreInst = "Sel">   --->   Core 73 'Sel' <Latency = 0> <II = 1> <Delay = 0.80> <FuncUnit> <Opcode : 'select'> <InPorts = 3> <OutPorts = 1>
ST_6 : Operation 431 [1/1] ( I:3.25ns O:3.25ns )   --->   "%store_ln158 = store i16 %select_ln158_4, i9 %p_ZL17encoder_phase_acc_1_addr_1" [src/snn_top_hls.cpp:158->src/snn_top_hls.cpp:251]   --->   Operation 431 'store' 'store_ln158' <Predicate = (!config_two_neuron_enable_val_read & config_encoding_type_val_read == 3 & icmp_ln194_1)> <Delay = 3.25> <CoreInst = "RAM_2P_BRAM">   --->   Core 90 'RAM_2P_BRAM' <Latency = 1> <II = 1> <Delay = 3.25> <Storage> <Opcode : 'load' 'store'> <Ports = 2> <Width = 16> <Depth = 392> <RAM>

State 7 <SV = 6> <Delay = 5.39>
ST_7 : Operation 432 [1/1] (0.00ns)   --->   "%trunc_ln88_5 = trunc i32 %time_read" [src/snn_top_hls.cpp:88->src/snn_top_hls.cpp:138->src/snn_top_hls.cpp:248]   --->   Operation 432 'trunc' 'trunc_ln88_5' <Predicate = (icmp_ln194 & !config_two_neuron_enable_val_read & config_encoding_type_val_read == 2 & !p_ZL22encoder_temporal_fired_0_load_1 & !icmp_ln137_1 & tmp_12) | (icmp_ln194 & !config_two_neuron_enable_val_read & config_encoding_type_val_read == 2 & latency_window_reset_1_read & !icmp_ln137_1 & tmp_12)> <Delay = 0.00>
ST_7 : Operation 433 [1/1] (0.00ns)   --->   "%or_ln92_1 = bitconcatenate i33 @_ssdm_op_BitConcatenate.i33.i1.i14.i8.i10, i1 1, i14 %trunc_ln88_5, i8 %config_default_weight_val_read, i10 %ch_2" [src/snn_top_hls.cpp:92->src/snn_top_hls.cpp:138->src/snn_top_hls.cpp:248]   --->   Operation 433 'bitconcatenate' 'or_ln92_1' <Predicate = (icmp_ln194 & !config_two_neuron_enable_val_read & config_encoding_type_val_read == 2 & !p_ZL22encoder_temporal_fired_0_load_1 & !icmp_ln137_1 & tmp_12) | (icmp_ln194 & !config_two_neuron_enable_val_read & config_encoding_type_val_read == 2 & latency_window_reset_1_read & !icmp_ln137_1 & tmp_12)> <Delay = 0.00>
ST_7 : Operation 434 [1/1] (0.00ns)   --->   "%sext_ln92_5 = sext i33 %or_ln92_1" [src/snn_top_hls.cpp:92->src/snn_top_hls.cpp:138->src/snn_top_hls.cpp:248]   --->   Operation 434 'sext' 'sext_ln92_5' <Predicate = (icmp_ln194 & !config_two_neuron_enable_val_read & config_encoding_type_val_read == 2 & !p_ZL22encoder_temporal_fired_0_load_1 & !icmp_ln137_1 & tmp_12) | (icmp_ln194 & !config_two_neuron_enable_val_read & config_encoding_type_val_read == 2 & latency_window_reset_1_read & !icmp_ln137_1 & tmp_12)> <Delay = 0.00>
ST_7 : Operation 435 [1/1] ( I:3.60ns O:3.60ns )   --->   "%write_ln92 = write void @_ssdm_op_Write.ap_fifo.volatile.i41P0A, i41 %encoder_spikes, i41 %sext_ln92_5" [src/snn_top_hls.cpp:92->src/snn_top_hls.cpp:138->src/snn_top_hls.cpp:248]   --->   Operation 435 'write' 'write_ln92' <Predicate = (icmp_ln194 & !config_two_neuron_enable_val_read & config_encoding_type_val_read == 2 & !p_ZL22encoder_temporal_fired_0_load_1 & !icmp_ln137_1 & tmp_12) | (icmp_ln194 & !config_two_neuron_enable_val_read & config_encoding_type_val_read == 2 & latency_window_reset_1_read & !icmp_ln137_1 & tmp_12)> <Delay = 3.60> <CoreInst = "FIFO">   --->   Core 77 'FIFO' <Latency = 0> <II = 1> <Delay = 3.60> <Storage> <Opcode : 'read' 'write' 'nbread' 'nbwrite'> <Ports = 0> <Width = 41> <Depth = 32> <FIFO>
ST_7 : Operation 436 [1/1] (0.00ns)   --->   "%br_ln94 = br void %_ZL24encoder_write_axis_spikei6ap_intILi8EE7ap_uintILi32EERN3hls6streamI19encoder_axis_word_tLi0EEERS2_.exit.i129" [src/snn_top_hls.cpp:94->src/snn_top_hls.cpp:138->src/snn_top_hls.cpp:248]   --->   Operation 436 'br' 'br_ln94' <Predicate = (icmp_ln194 & !config_two_neuron_enable_val_read & config_encoding_type_val_read == 2 & !p_ZL22encoder_temporal_fired_0_load_1 & !icmp_ln137_1 & tmp_12) | (icmp_ln194 & !config_two_neuron_enable_val_read & config_encoding_type_val_read == 2 & latency_window_reset_1_read & !icmp_ln137_1 & tmp_12)> <Delay = 0.00>
ST_7 : Operation 437 [1/1] (0.00ns)   --->   "%trunc_ln88_3 = trunc i32 %time_read" [src/snn_top_hls.cpp:88->src/snn_top_hls.cpp:111->src/snn_top_hls.cpp:245]   --->   Operation 437 'trunc' 'trunc_ln88_3' <Predicate = (icmp_ln194 & !config_two_neuron_enable_val_read & config_encoding_type_val_read == 1 & icmp_ln110_1 & tmp_9)> <Delay = 0.00>
ST_7 : Operation 438 [1/1] (0.00ns)   --->   "%or_ln92_5 = bitconcatenate i33 @_ssdm_op_BitConcatenate.i33.i1.i14.i8.i10, i1 1, i14 %trunc_ln88_3, i8 %config_default_weight_val_read, i10 %ch_2" [src/snn_top_hls.cpp:92->src/snn_top_hls.cpp:111->src/snn_top_hls.cpp:245]   --->   Operation 438 'bitconcatenate' 'or_ln92_5' <Predicate = (icmp_ln194 & !config_two_neuron_enable_val_read & config_encoding_type_val_read == 1 & icmp_ln110_1 & tmp_9)> <Delay = 0.00>
ST_7 : Operation 439 [1/1] (0.00ns)   --->   "%sext_ln92_3 = sext i33 %or_ln92_5" [src/snn_top_hls.cpp:92->src/snn_top_hls.cpp:111->src/snn_top_hls.cpp:245]   --->   Operation 439 'sext' 'sext_ln92_3' <Predicate = (icmp_ln194 & !config_two_neuron_enable_val_read & config_encoding_type_val_read == 1 & icmp_ln110_1 & tmp_9)> <Delay = 0.00>
ST_7 : Operation 440 [1/1] ( I:3.60ns O:3.60ns )   --->   "%write_ln92 = write void @_ssdm_op_Write.ap_fifo.volatile.i41P0A, i41 %encoder_spikes, i41 %sext_ln92_3" [src/snn_top_hls.cpp:92->src/snn_top_hls.cpp:111->src/snn_top_hls.cpp:245]   --->   Operation 440 'write' 'write_ln92' <Predicate = (icmp_ln194 & !config_two_neuron_enable_val_read & config_encoding_type_val_read == 1 & icmp_ln110_1 & tmp_9)> <Delay = 3.60> <CoreInst = "FIFO">   --->   Core 77 'FIFO' <Latency = 0> <II = 1> <Delay = 3.60> <Storage> <Opcode : 'read' 'write' 'nbread' 'nbwrite'> <Ports = 0> <Width = 41> <Depth = 32> <FIFO>
ST_7 : Operation 441 [1/1] (0.00ns)   --->   "%encoder_spike_counter_load_3 = load i32 %encoder_spike_counter" [src/snn_top_hls.cpp:93->src/snn_top_hls.cpp:111->src/snn_top_hls.cpp:245]   --->   Operation 441 'load' 'encoder_spike_counter_load_3' <Predicate = (icmp_ln194 & !config_two_neuron_enable_val_read & config_encoding_type_val_read == 1 & icmp_ln110_1 & tmp_9)> <Delay = 0.00>
ST_7 : Operation 442 [1/1] (2.55ns)   --->   "%add_ln93_3 = add i32 %encoder_spike_counter_load_3, i32 1" [src/snn_top_hls.cpp:93->src/snn_top_hls.cpp:111->src/snn_top_hls.cpp:245]   --->   Operation 442 'add' 'add_ln93_3' <Predicate = (icmp_ln194 & !config_two_neuron_enable_val_read & config_encoding_type_val_read == 1 & icmp_ln110_1 & tmp_9)> <Delay = 2.55> <CoreInst = "Adder">   --->   Core 1 'Adder' <Latency = 0> <II = 1> <Delay = 2.55> <FuncUnit> <Opcode : 'add' 'sub'> <InPorts = 2> <OutPorts = 1>
ST_7 : Operation 443 [1/1] (2.84ns)   --->   "%store_ln93 = store i32 %add_ln93_3, i32 %encoder_spike_counter" [src/snn_top_hls.cpp:93->src/snn_top_hls.cpp:111->src/snn_top_hls.cpp:245]   --->   Operation 443 'store' 'store_ln93' <Predicate = (icmp_ln194 & !config_two_neuron_enable_val_read & config_encoding_type_val_read == 1 & icmp_ln110_1 & tmp_9)> <Delay = 2.84>
ST_7 : Operation 444 [1/1] (0.00ns)   --->   "%br_ln94 = br void %_ZL24encoder_write_axis_spikei6ap_intILi8EE7ap_uintILi32EERN3hls6streamI19encoder_axis_word_tLi0EEERS2_.exit.i256" [src/snn_top_hls.cpp:94->src/snn_top_hls.cpp:111->src/snn_top_hls.cpp:245]   --->   Operation 444 'br' 'br_ln94' <Predicate = (icmp_ln194 & !config_two_neuron_enable_val_read & config_encoding_type_val_read == 1 & icmp_ln110_1 & tmp_9)> <Delay = 0.00>
ST_7 : Operation 445 [1/1] (0.00ns)   --->   "%trunc_ln88_2 = trunc i32 %time_read" [src/snn_top_hls.cpp:88->src/snn_top_hls.cpp:164->src/snn_top_hls.cpp:251]   --->   Operation 445 'trunc' 'trunc_ln88_2' <Predicate = (icmp_ln194 & !config_two_neuron_enable_val_read & config_encoding_type_val_read == 3 & !icmp_ln163_1 & tmp_8)> <Delay = 0.00>
ST_7 : Operation 446 [1/1] (0.00ns)   --->   "%or_ln92_s = bitconcatenate i33 @_ssdm_op_BitConcatenate.i33.i1.i14.i8.i10, i1 1, i14 %trunc_ln88_2, i8 %config_default_weight_val_read, i10 %ch_2" [src/snn_top_hls.cpp:92->src/snn_top_hls.cpp:164->src/snn_top_hls.cpp:251]   --->   Operation 446 'bitconcatenate' 'or_ln92_s' <Predicate = (icmp_ln194 & !config_two_neuron_enable_val_read & config_encoding_type_val_read == 3 & !icmp_ln163_1 & tmp_8)> <Delay = 0.00>
ST_7 : Operation 447 [1/1] (0.00ns)   --->   "%sext_ln92_2 = sext i33 %or_ln92_s" [src/snn_top_hls.cpp:92->src/snn_top_hls.cpp:164->src/snn_top_hls.cpp:251]   --->   Operation 447 'sext' 'sext_ln92_2' <Predicate = (icmp_ln194 & !config_two_neuron_enable_val_read & config_encoding_type_val_read == 3 & !icmp_ln163_1 & tmp_8)> <Delay = 0.00>
ST_7 : Operation 448 [1/1] ( I:3.60ns O:3.60ns )   --->   "%write_ln92 = write void @_ssdm_op_Write.ap_fifo.volatile.i41P0A, i41 %encoder_spikes, i41 %sext_ln92_2" [src/snn_top_hls.cpp:92->src/snn_top_hls.cpp:164->src/snn_top_hls.cpp:251]   --->   Operation 448 'write' 'write_ln92' <Predicate = (icmp_ln194 & !config_two_neuron_enable_val_read & config_encoding_type_val_read == 3 & !icmp_ln163_1 & tmp_8)> <Delay = 3.60> <CoreInst = "FIFO">   --->   Core 77 'FIFO' <Latency = 0> <II = 1> <Delay = 3.60> <Storage> <Opcode : 'read' 'write' 'nbread' 'nbwrite'> <Ports = 0> <Width = 41> <Depth = 32> <FIFO>
ST_7 : Operation 449 [1/1] (0.00ns)   --->   "%encoder_spike_counter_load_2 = load i32 %encoder_spike_counter" [src/snn_top_hls.cpp:93->src/snn_top_hls.cpp:164->src/snn_top_hls.cpp:251]   --->   Operation 449 'load' 'encoder_spike_counter_load_2' <Predicate = (icmp_ln194 & !config_two_neuron_enable_val_read & config_encoding_type_val_read == 3 & !icmp_ln163_1 & tmp_8)> <Delay = 0.00>
ST_7 : Operation 450 [1/1] (2.55ns)   --->   "%add_ln93_2 = add i32 %encoder_spike_counter_load_2, i32 1" [src/snn_top_hls.cpp:93->src/snn_top_hls.cpp:164->src/snn_top_hls.cpp:251]   --->   Operation 450 'add' 'add_ln93_2' <Predicate = (icmp_ln194 & !config_two_neuron_enable_val_read & config_encoding_type_val_read == 3 & !icmp_ln163_1 & tmp_8)> <Delay = 2.55> <CoreInst = "Adder">   --->   Core 1 'Adder' <Latency = 0> <II = 1> <Delay = 2.55> <FuncUnit> <Opcode : 'add' 'sub'> <InPorts = 2> <OutPorts = 1>
ST_7 : Operation 451 [1/1] (2.84ns)   --->   "%store_ln93 = store i32 %add_ln93_2, i32 %encoder_spike_counter" [src/snn_top_hls.cpp:93->src/snn_top_hls.cpp:164->src/snn_top_hls.cpp:251]   --->   Operation 451 'store' 'store_ln93' <Predicate = (icmp_ln194 & !config_two_neuron_enable_val_read & config_encoding_type_val_read == 3 & !icmp_ln163_1 & tmp_8)> <Delay = 2.84>
ST_7 : Operation 452 [1/1] (0.00ns)   --->   "%br_ln94 = br void %_ZL24encoder_write_axis_spikei6ap_intILi8EE7ap_uintILi32EERN3hls6streamI19encoder_axis_word_tLi0EEERS2_.exit.i" [src/snn_top_hls.cpp:94->src/snn_top_hls.cpp:164->src/snn_top_hls.cpp:251]   --->   Operation 452 'br' 'br_ln94' <Predicate = (icmp_ln194 & !config_two_neuron_enable_val_read & config_encoding_type_val_read == 3 & !icmp_ln163_1 & tmp_8)> <Delay = 0.00>
ST_7 : Operation 453 [1/1] (2.07ns)   --->   "%sub_ln165_1 = sub i16 %select_ln158_1, i16 %config_delta_threshold_val_read" [src/snn_top_hls.cpp:165->src/snn_top_hls.cpp:251]   --->   Operation 453 'sub' 'sub_ln165_1' <Predicate = (icmp_ln194 & !config_two_neuron_enable_val_read & config_encoding_type_val_read == 3 & !icmp_ln163_1)> <Delay = 2.07> <CoreInst = "Adder">   --->   Core 1 'Adder' <Latency = 0> <II = 1> <Delay = 2.07> <FuncUnit> <Opcode : 'add' 'sub'> <InPorts = 2> <OutPorts = 1>
ST_7 : Operation 454 [1/1] ( I:3.25ns O:3.25ns )   --->   "%store_ln165 = store i16 %sub_ln165_1, i9 %p_ZL17encoder_phase_acc_0_addr_1" [src/snn_top_hls.cpp:165->src/snn_top_hls.cpp:251]   --->   Operation 454 'store' 'store_ln165' <Predicate = (icmp_ln194 & !config_two_neuron_enable_val_read & config_encoding_type_val_read == 3 & !icmp_ln163_1)> <Delay = 3.25> <CoreInst = "RAM_2P_BRAM">   --->   Core 90 'RAM_2P_BRAM' <Latency = 1> <II = 1> <Delay = 3.25> <Storage> <Opcode : 'load' 'store'> <Ports = 2> <Width = 16> <Depth = 392> <RAM>
ST_7 : Operation 455 [1/1] (0.00ns)   --->   "%br_ln166 = br void %_ZL19encoder_delta_sigmai7ap_uintILi8EES_ILi32EERK16encoder_config_tRN3hls6streamI19encoder_axis_word_tLi0EEERS1_.exit" [src/snn_top_hls.cpp:166->src/snn_top_hls.cpp:251]   --->   Operation 455 'br' 'br_ln166' <Predicate = (icmp_ln194 & !config_two_neuron_enable_val_read & config_encoding_type_val_read == 3 & !icmp_ln163_1)> <Delay = 0.00>
ST_7 : Operation 456 [1/1] ( I:0.00ns O:0.00ns )   --->   "%tmp_15 = nbwritereq i1 @_ssdm_op_NbWriteReq.ap_fifo.i41P0A, i41 %encoder_spikes, i32 1" [src/snn_top_hls.cpp:82->src/snn_top_hls.cpp:138->src/snn_top_hls.cpp:230]   --->   Operation 456 'nbwritereq' 'tmp_15' <Predicate = (icmp_ln194 & config_two_neuron_enable_val_read & config_encoding_type_val_read == 2 & !p_ZL22encoder_temporal_fired_1_load & !icmp_ln137_2) | (icmp_ln194 & config_two_neuron_enable_val_read & config_encoding_type_val_read == 2 & latency_window_reset_1_read & !icmp_ln137_2)> <Delay = 0.00> <CoreInst = "FIFO">   --->   Core 77 'FIFO' <Latency = 0> <II = 1> <Delay = 3.60> <Storage> <Opcode : 'read' 'write' 'nbread' 'nbwrite'> <Ports = 0> <Width = 41> <Depth = 32> <FIFO>
ST_7 : Operation 457 [1/1] (0.00ns)   --->   "%br_ln82 = br i1 %tmp_15, void %_ZL24encoder_write_axis_spikei6ap_intILi8EE7ap_uintILi32EERN3hls6streamI19encoder_axis_word_tLi0EEERS2_.exit.i602, void %if.end.i.i599" [src/snn_top_hls.cpp:82->src/snn_top_hls.cpp:138->src/snn_top_hls.cpp:230]   --->   Operation 457 'br' 'br_ln82' <Predicate = (icmp_ln194 & config_two_neuron_enable_val_read & config_encoding_type_val_read == 2 & !p_ZL22encoder_temporal_fired_1_load & !icmp_ln137_2) | (icmp_ln194 & config_two_neuron_enable_val_read & config_encoding_type_val_read == 2 & latency_window_reset_1_read & !icmp_ln137_2)> <Delay = 0.00>
ST_7 : Operation 458 [1/1] (0.00ns)   --->   "%trunc_ln88_8 = trunc i32 %time_read" [src/snn_top_hls.cpp:88->src/snn_top_hls.cpp:138->src/snn_top_hls.cpp:230]   --->   Operation 458 'trunc' 'trunc_ln88_8' <Predicate = (icmp_ln194 & config_two_neuron_enable_val_read & config_encoding_type_val_read == 2 & !p_ZL22encoder_temporal_fired_1_load & !icmp_ln137_2 & tmp_15) | (icmp_ln194 & config_two_neuron_enable_val_read & config_encoding_type_val_read == 2 & latency_window_reset_1_read & !icmp_ln137_2 & tmp_15)> <Delay = 0.00>
ST_7 : Operation 459 [1/1] (0.00ns)   --->   "%or_ln92_6 = bitconcatenate i33 @_ssdm_op_BitConcatenate.i33.i1.i14.i8.i9.i1, i1 1, i14 %trunc_ln88_8, i8 %config_default_weight_val_read, i9 %trunc_ln203, i1 1" [src/snn_top_hls.cpp:92->src/snn_top_hls.cpp:138->src/snn_top_hls.cpp:230]   --->   Operation 459 'bitconcatenate' 'or_ln92_6' <Predicate = (icmp_ln194 & config_two_neuron_enable_val_read & config_encoding_type_val_read == 2 & !p_ZL22encoder_temporal_fired_1_load & !icmp_ln137_2 & tmp_15) | (icmp_ln194 & config_two_neuron_enable_val_read & config_encoding_type_val_read == 2 & latency_window_reset_1_read & !icmp_ln137_2 & tmp_15)> <Delay = 0.00>
ST_7 : Operation 460 [1/1] (0.00ns)   --->   "%sext_ln92_8 = sext i33 %or_ln92_6" [src/snn_top_hls.cpp:92->src/snn_top_hls.cpp:138->src/snn_top_hls.cpp:230]   --->   Operation 460 'sext' 'sext_ln92_8' <Predicate = (icmp_ln194 & config_two_neuron_enable_val_read & config_encoding_type_val_read == 2 & !p_ZL22encoder_temporal_fired_1_load & !icmp_ln137_2 & tmp_15) | (icmp_ln194 & config_two_neuron_enable_val_read & config_encoding_type_val_read == 2 & latency_window_reset_1_read & !icmp_ln137_2 & tmp_15)> <Delay = 0.00>
ST_7 : Operation 461 [1/1] ( I:3.60ns O:3.60ns )   --->   "%write_ln92 = write void @_ssdm_op_Write.ap_fifo.volatile.i41P0A, i41 %encoder_spikes, i41 %sext_ln92_8" [src/snn_top_hls.cpp:92->src/snn_top_hls.cpp:138->src/snn_top_hls.cpp:230]   --->   Operation 461 'write' 'write_ln92' <Predicate = (icmp_ln194 & config_two_neuron_enable_val_read & config_encoding_type_val_read == 2 & !p_ZL22encoder_temporal_fired_1_load & !icmp_ln137_2 & tmp_15) | (icmp_ln194 & config_two_neuron_enable_val_read & config_encoding_type_val_read == 2 & latency_window_reset_1_read & !icmp_ln137_2 & tmp_15)> <Delay = 3.60> <CoreInst = "FIFO">   --->   Core 77 'FIFO' <Latency = 0> <II = 1> <Delay = 3.60> <Storage> <Opcode : 'read' 'write' 'nbread' 'nbwrite'> <Ports = 0> <Width = 41> <Depth = 32> <FIFO>
ST_7 : Operation 462 [1/1] (0.00ns)   --->   "%encoder_spike_counter_load_8 = load i32 %encoder_spike_counter" [src/snn_top_hls.cpp:93->src/snn_top_hls.cpp:138->src/snn_top_hls.cpp:230]   --->   Operation 462 'load' 'encoder_spike_counter_load_8' <Predicate = (icmp_ln194 & config_two_neuron_enable_val_read & config_encoding_type_val_read == 2 & !p_ZL22encoder_temporal_fired_1_load & !icmp_ln137_2 & tmp_15) | (icmp_ln194 & config_two_neuron_enable_val_read & config_encoding_type_val_read == 2 & latency_window_reset_1_read & !icmp_ln137_2 & tmp_15)> <Delay = 0.00>
ST_7 : Operation 463 [1/1] (2.55ns)   --->   "%add_ln93_8 = add i32 %encoder_spike_counter_load_8, i32 1" [src/snn_top_hls.cpp:93->src/snn_top_hls.cpp:138->src/snn_top_hls.cpp:230]   --->   Operation 463 'add' 'add_ln93_8' <Predicate = (icmp_ln194 & config_two_neuron_enable_val_read & config_encoding_type_val_read == 2 & !p_ZL22encoder_temporal_fired_1_load & !icmp_ln137_2 & tmp_15) | (icmp_ln194 & config_two_neuron_enable_val_read & config_encoding_type_val_read == 2 & latency_window_reset_1_read & !icmp_ln137_2 & tmp_15)> <Delay = 2.55> <CoreInst = "Adder">   --->   Core 1 'Adder' <Latency = 0> <II = 1> <Delay = 2.55> <FuncUnit> <Opcode : 'add' 'sub'> <InPorts = 2> <OutPorts = 1>
ST_7 : Operation 464 [1/1] (2.84ns)   --->   "%store_ln93 = store i32 %add_ln93_8, i32 %encoder_spike_counter" [src/snn_top_hls.cpp:93->src/snn_top_hls.cpp:138->src/snn_top_hls.cpp:230]   --->   Operation 464 'store' 'store_ln93' <Predicate = (icmp_ln194 & config_two_neuron_enable_val_read & config_encoding_type_val_read == 2 & !p_ZL22encoder_temporal_fired_1_load & !icmp_ln137_2 & tmp_15) | (icmp_ln194 & config_two_neuron_enable_val_read & config_encoding_type_val_read == 2 & latency_window_reset_1_read & !icmp_ln137_2 & tmp_15)> <Delay = 2.84>
ST_7 : Operation 465 [1/1] (0.00ns)   --->   "%br_ln94 = br void %_ZL24encoder_write_axis_spikei6ap_intILi8EE7ap_uintILi32EERN3hls6streamI19encoder_axis_word_tLi0EEERS2_.exit.i602" [src/snn_top_hls.cpp:94->src/snn_top_hls.cpp:138->src/snn_top_hls.cpp:230]   --->   Operation 465 'br' 'br_ln94' <Predicate = (icmp_ln194 & config_two_neuron_enable_val_read & config_encoding_type_val_read == 2 & !p_ZL22encoder_temporal_fired_1_load & !icmp_ln137_2 & tmp_15) | (icmp_ln194 & config_two_neuron_enable_val_read & config_encoding_type_val_read == 2 & latency_window_reset_1_read & !icmp_ln137_2 & tmp_15)> <Delay = 0.00>
ST_7 : Operation 466 [1/1] ( I:0.00ns O:0.00ns )   --->   "%tmp_14 = nbwritereq i1 @_ssdm_op_NbWriteReq.ap_fifo.i41P0A, i41 %encoder_spikes, i32 1" [src/snn_top_hls.cpp:82->src/snn_top_hls.cpp:111->src/snn_top_hls.cpp:227]   --->   Operation 466 'nbwritereq' 'tmp_14' <Predicate = (icmp_ln194 & config_two_neuron_enable_val_read & config_encoding_type_val_read == 1 & icmp_ln110_2)> <Delay = 0.00> <CoreInst = "FIFO">   --->   Core 77 'FIFO' <Latency = 0> <II = 1> <Delay = 3.60> <Storage> <Opcode : 'read' 'write' 'nbread' 'nbwrite'> <Ports = 0> <Width = 41> <Depth = 32> <FIFO>
ST_7 : Operation 467 [1/1] (0.00ns)   --->   "%br_ln82 = br i1 %tmp_14, void %_ZL24encoder_write_axis_spikei6ap_intILi8EE7ap_uintILi32EERN3hls6streamI19encoder_axis_word_tLi0EEERS2_.exit.i878, void %if.end.i.i877" [src/snn_top_hls.cpp:82->src/snn_top_hls.cpp:111->src/snn_top_hls.cpp:227]   --->   Operation 467 'br' 'br_ln82' <Predicate = (icmp_ln194 & config_two_neuron_enable_val_read & config_encoding_type_val_read == 1 & icmp_ln110_2)> <Delay = 0.00>
ST_7 : Operation 468 [1/1] (0.00ns)   --->   "%trunc_ln88_7 = trunc i32 %time_read" [src/snn_top_hls.cpp:88->src/snn_top_hls.cpp:111->src/snn_top_hls.cpp:227]   --->   Operation 468 'trunc' 'trunc_ln88_7' <Predicate = (icmp_ln194 & config_two_neuron_enable_val_read & config_encoding_type_val_read == 1 & icmp_ln110_2 & tmp_14)> <Delay = 0.00>
ST_7 : Operation 469 [1/1] (0.00ns)   --->   "%or_ln92_4 = bitconcatenate i33 @_ssdm_op_BitConcatenate.i33.i1.i14.i8.i9.i1, i1 1, i14 %trunc_ln88_7, i8 %config_default_weight_val_read, i9 %trunc_ln203, i1 1" [src/snn_top_hls.cpp:92->src/snn_top_hls.cpp:111->src/snn_top_hls.cpp:227]   --->   Operation 469 'bitconcatenate' 'or_ln92_4' <Predicate = (icmp_ln194 & config_two_neuron_enable_val_read & config_encoding_type_val_read == 1 & icmp_ln110_2 & tmp_14)> <Delay = 0.00>
ST_7 : Operation 470 [1/1] (0.00ns)   --->   "%sext_ln92_7 = sext i33 %or_ln92_4" [src/snn_top_hls.cpp:92->src/snn_top_hls.cpp:111->src/snn_top_hls.cpp:227]   --->   Operation 470 'sext' 'sext_ln92_7' <Predicate = (icmp_ln194 & config_two_neuron_enable_val_read & config_encoding_type_val_read == 1 & icmp_ln110_2 & tmp_14)> <Delay = 0.00>
ST_7 : Operation 471 [1/1] ( I:3.60ns O:3.60ns )   --->   "%write_ln92 = write void @_ssdm_op_Write.ap_fifo.volatile.i41P0A, i41 %encoder_spikes, i41 %sext_ln92_7" [src/snn_top_hls.cpp:92->src/snn_top_hls.cpp:111->src/snn_top_hls.cpp:227]   --->   Operation 471 'write' 'write_ln92' <Predicate = (icmp_ln194 & config_two_neuron_enable_val_read & config_encoding_type_val_read == 1 & icmp_ln110_2 & tmp_14)> <Delay = 3.60> <CoreInst = "FIFO">   --->   Core 77 'FIFO' <Latency = 0> <II = 1> <Delay = 3.60> <Storage> <Opcode : 'read' 'write' 'nbread' 'nbwrite'> <Ports = 0> <Width = 41> <Depth = 32> <FIFO>
ST_7 : Operation 472 [1/1] (0.00ns)   --->   "%encoder_spike_counter_load_7 = load i32 %encoder_spike_counter" [src/snn_top_hls.cpp:93->src/snn_top_hls.cpp:111->src/snn_top_hls.cpp:227]   --->   Operation 472 'load' 'encoder_spike_counter_load_7' <Predicate = (icmp_ln194 & config_two_neuron_enable_val_read & config_encoding_type_val_read == 1 & icmp_ln110_2 & tmp_14)> <Delay = 0.00>
ST_7 : Operation 473 [1/1] (2.55ns)   --->   "%add_ln93_7 = add i32 %encoder_spike_counter_load_7, i32 1" [src/snn_top_hls.cpp:93->src/snn_top_hls.cpp:111->src/snn_top_hls.cpp:227]   --->   Operation 473 'add' 'add_ln93_7' <Predicate = (icmp_ln194 & config_two_neuron_enable_val_read & config_encoding_type_val_read == 1 & icmp_ln110_2 & tmp_14)> <Delay = 2.55> <CoreInst = "Adder">   --->   Core 1 'Adder' <Latency = 0> <II = 1> <Delay = 2.55> <FuncUnit> <Opcode : 'add' 'sub'> <InPorts = 2> <OutPorts = 1>
ST_7 : Operation 474 [1/1] (2.84ns)   --->   "%store_ln93 = store i32 %add_ln93_7, i32 %encoder_spike_counter" [src/snn_top_hls.cpp:93->src/snn_top_hls.cpp:111->src/snn_top_hls.cpp:227]   --->   Operation 474 'store' 'store_ln93' <Predicate = (icmp_ln194 & config_two_neuron_enable_val_read & config_encoding_type_val_read == 1 & icmp_ln110_2 & tmp_14)> <Delay = 2.84>
ST_7 : Operation 475 [1/1] (0.00ns)   --->   "%br_ln94 = br void %_ZL24encoder_write_axis_spikei6ap_intILi8EE7ap_uintILi32EERN3hls6streamI19encoder_axis_word_tLi0EEERS2_.exit.i878" [src/snn_top_hls.cpp:94->src/snn_top_hls.cpp:111->src/snn_top_hls.cpp:227]   --->   Operation 475 'br' 'br_ln94' <Predicate = (icmp_ln194 & config_two_neuron_enable_val_read & config_encoding_type_val_read == 1 & icmp_ln110_2 & tmp_14)> <Delay = 0.00>
ST_7 : Operation 476 [1/1] (2.07ns)   --->   "%sub_ln165 = sub i16 %select_ln158, i16 %config_delta_threshold_val_read" [src/snn_top_hls.cpp:165->src/snn_top_hls.cpp:216]   --->   Operation 476 'sub' 'sub_ln165' <Predicate = (icmp_ln194 & config_two_neuron_enable_val_read & config_encoding_type_val_read == 3 & !icmp_ln163)> <Delay = 2.07> <CoreInst = "Adder">   --->   Core 1 'Adder' <Latency = 0> <II = 1> <Delay = 2.07> <FuncUnit> <Opcode : 'add' 'sub'> <InPorts = 2> <OutPorts = 1>
ST_7 : Operation 477 [1/1] ( I:3.25ns O:3.25ns )   --->   "%store_ln165 = store i16 %sub_ln165, i9 %p_ZL17encoder_phase_acc_0_addr" [src/snn_top_hls.cpp:165->src/snn_top_hls.cpp:216]   --->   Operation 477 'store' 'store_ln165' <Predicate = (icmp_ln194 & config_two_neuron_enable_val_read & config_encoding_type_val_read == 3 & !icmp_ln163)> <Delay = 3.25> <CoreInst = "RAM_2P_BRAM">   --->   Core 90 'RAM_2P_BRAM' <Latency = 1> <II = 1> <Delay = 3.25> <Storage> <Opcode : 'load' 'store'> <Ports = 2> <Width = 16> <Depth = 392> <RAM>
ST_7 : Operation 478 [1/1] (0.00ns)   --->   "%br_ln166 = br void %sw.bb37" [src/snn_top_hls.cpp:166->src/snn_top_hls.cpp:216]   --->   Operation 478 'br' 'br_ln166' <Predicate = (icmp_ln194 & config_two_neuron_enable_val_read & config_encoding_type_val_read == 3 & !icmp_ln163)> <Delay = 0.00>
ST_7 : Operation 479 [1/1] ( I:0.00ns O:0.00ns )   --->   "%tmp_13 = nbwritereq i1 @_ssdm_op_NbWriteReq.ap_fifo.i41P0A, i41 %encoder_spikes, i32 1" [src/snn_top_hls.cpp:82->src/snn_top_hls.cpp:164->src/snn_top_hls.cpp:233]   --->   Operation 479 'nbwritereq' 'tmp_13' <Predicate = (icmp_ln194 & config_two_neuron_enable_val_read & config_encoding_type_val_read == 3 & !icmp_ln163_2)> <Delay = 0.00> <CoreInst = "FIFO">   --->   Core 77 'FIFO' <Latency = 0> <II = 1> <Delay = 3.60> <Storage> <Opcode : 'read' 'write' 'nbread' 'nbwrite'> <Ports = 0> <Width = 41> <Depth = 32> <FIFO>
ST_7 : Operation 480 [1/1] (0.00ns)   --->   "%br_ln82 = br i1 %tmp_13, void %_ZL24encoder_write_axis_spikei6ap_intILi8EE7ap_uintILi32EERN3hls6streamI19encoder_axis_word_tLi0EEERS2_.exit.i394, void %if.end.i.i389" [src/snn_top_hls.cpp:82->src/snn_top_hls.cpp:164->src/snn_top_hls.cpp:233]   --->   Operation 480 'br' 'br_ln82' <Predicate = (icmp_ln194 & config_two_neuron_enable_val_read & config_encoding_type_val_read == 3 & !icmp_ln163_2)> <Delay = 0.00>
ST_7 : Operation 481 [1/1] (0.00ns)   --->   "%trunc_ln88_6 = trunc i32 %time_read" [src/snn_top_hls.cpp:88->src/snn_top_hls.cpp:164->src/snn_top_hls.cpp:233]   --->   Operation 481 'trunc' 'trunc_ln88_6' <Predicate = (icmp_ln194 & config_two_neuron_enable_val_read & config_encoding_type_val_read == 3 & !icmp_ln163_2 & tmp_13)> <Delay = 0.00>
ST_7 : Operation 482 [1/1] (0.00ns)   --->   "%or_ln92_2 = bitconcatenate i33 @_ssdm_op_BitConcatenate.i33.i1.i14.i8.i9.i1, i1 1, i14 %trunc_ln88_6, i8 %config_default_weight_val_read, i9 %trunc_ln203, i1 1" [src/snn_top_hls.cpp:92->src/snn_top_hls.cpp:164->src/snn_top_hls.cpp:233]   --->   Operation 482 'bitconcatenate' 'or_ln92_2' <Predicate = (icmp_ln194 & config_two_neuron_enable_val_read & config_encoding_type_val_read == 3 & !icmp_ln163_2 & tmp_13)> <Delay = 0.00>
ST_7 : Operation 483 [1/1] (0.00ns)   --->   "%sext_ln92_6 = sext i33 %or_ln92_2" [src/snn_top_hls.cpp:92->src/snn_top_hls.cpp:164->src/snn_top_hls.cpp:233]   --->   Operation 483 'sext' 'sext_ln92_6' <Predicate = (icmp_ln194 & config_two_neuron_enable_val_read & config_encoding_type_val_read == 3 & !icmp_ln163_2 & tmp_13)> <Delay = 0.00>
ST_7 : Operation 484 [1/1] ( I:3.60ns O:3.60ns )   --->   "%write_ln92 = write void @_ssdm_op_Write.ap_fifo.volatile.i41P0A, i41 %encoder_spikes, i41 %sext_ln92_6" [src/snn_top_hls.cpp:92->src/snn_top_hls.cpp:164->src/snn_top_hls.cpp:233]   --->   Operation 484 'write' 'write_ln92' <Predicate = (icmp_ln194 & config_two_neuron_enable_val_read & config_encoding_type_val_read == 3 & !icmp_ln163_2 & tmp_13)> <Delay = 3.60> <CoreInst = "FIFO">   --->   Core 77 'FIFO' <Latency = 0> <II = 1> <Delay = 3.60> <Storage> <Opcode : 'read' 'write' 'nbread' 'nbwrite'> <Ports = 0> <Width = 41> <Depth = 32> <FIFO>
ST_7 : Operation 485 [1/1] (0.00ns)   --->   "%encoder_spike_counter_load_6 = load i32 %encoder_spike_counter" [src/snn_top_hls.cpp:93->src/snn_top_hls.cpp:164->src/snn_top_hls.cpp:233]   --->   Operation 485 'load' 'encoder_spike_counter_load_6' <Predicate = (icmp_ln194 & config_two_neuron_enable_val_read & config_encoding_type_val_read == 3 & !icmp_ln163_2 & tmp_13)> <Delay = 0.00>
ST_7 : Operation 486 [1/1] (2.55ns)   --->   "%add_ln93_6 = add i32 %encoder_spike_counter_load_6, i32 1" [src/snn_top_hls.cpp:93->src/snn_top_hls.cpp:164->src/snn_top_hls.cpp:233]   --->   Operation 486 'add' 'add_ln93_6' <Predicate = (icmp_ln194 & config_two_neuron_enable_val_read & config_encoding_type_val_read == 3 & !icmp_ln163_2 & tmp_13)> <Delay = 2.55> <CoreInst = "Adder">   --->   Core 1 'Adder' <Latency = 0> <II = 1> <Delay = 2.55> <FuncUnit> <Opcode : 'add' 'sub'> <InPorts = 2> <OutPorts = 1>
ST_7 : Operation 487 [1/1] (2.84ns)   --->   "%store_ln93 = store i32 %add_ln93_6, i32 %encoder_spike_counter" [src/snn_top_hls.cpp:93->src/snn_top_hls.cpp:164->src/snn_top_hls.cpp:233]   --->   Operation 487 'store' 'store_ln93' <Predicate = (icmp_ln194 & config_two_neuron_enable_val_read & config_encoding_type_val_read == 3 & !icmp_ln163_2 & tmp_13)> <Delay = 2.84>
ST_7 : Operation 488 [1/1] (0.00ns)   --->   "%br_ln94 = br void %_ZL24encoder_write_axis_spikei6ap_intILi8EE7ap_uintILi32EERN3hls6streamI19encoder_axis_word_tLi0EEERS2_.exit.i394" [src/snn_top_hls.cpp:94->src/snn_top_hls.cpp:164->src/snn_top_hls.cpp:233]   --->   Operation 488 'br' 'br_ln94' <Predicate = (icmp_ln194 & config_two_neuron_enable_val_read & config_encoding_type_val_read == 3 & !icmp_ln163_2 & tmp_13)> <Delay = 0.00>
ST_7 : Operation 489 [1/1] (2.07ns)   --->   "%sub_ln165_2 = sub i16 %select_ln158_2, i16 %config_delta_threshold_val_read" [src/snn_top_hls.cpp:165->src/snn_top_hls.cpp:233]   --->   Operation 489 'sub' 'sub_ln165_2' <Predicate = (icmp_ln194 & config_two_neuron_enable_val_read & config_encoding_type_val_read == 3 & !icmp_ln163_2)> <Delay = 2.07> <CoreInst = "Adder">   --->   Core 1 'Adder' <Latency = 0> <II = 1> <Delay = 2.07> <FuncUnit> <Opcode : 'add' 'sub'> <InPorts = 2> <OutPorts = 1>
ST_7 : Operation 490 [1/1] ( I:3.25ns O:3.25ns )   --->   "%store_ln165 = store i16 %sub_ln165_2, i9 %p_ZL17encoder_phase_acc_1_addr" [src/snn_top_hls.cpp:165->src/snn_top_hls.cpp:233]   --->   Operation 490 'store' 'store_ln165' <Predicate = (icmp_ln194 & config_two_neuron_enable_val_read & config_encoding_type_val_read == 3 & !icmp_ln163_2)> <Delay = 3.25> <CoreInst = "RAM_2P_BRAM">   --->   Core 90 'RAM_2P_BRAM' <Latency = 1> <II = 1> <Delay = 3.25> <Storage> <Opcode : 'load' 'store'> <Ports = 2> <Width = 16> <Depth = 392> <RAM>
ST_7 : Operation 491 [1/1] (0.00ns)   --->   "%br_ln166 = br void %_ZL19encoder_delta_sigmai7ap_uintILi8EES_ILi32EERK16encoder_config_tRN3hls6streamI19encoder_axis_word_tLi0EEERS1_.exit395" [src/snn_top_hls.cpp:166->src/snn_top_hls.cpp:233]   --->   Operation 491 'br' 'br_ln166' <Predicate = (icmp_ln194 & config_two_neuron_enable_val_read & config_encoding_type_val_read == 3 & !icmp_ln163_2)> <Delay = 0.00>
ST_7 : Operation 492 [1/1] (0.00ns)   --->   "%lfsr_load_3 = load i16 %lfsr" [src/snn_top_hls.cpp:41->src/snn_top_hls.cpp:109->src/snn_top_hls.cpp:245]   --->   Operation 492 'load' 'lfsr_load_3' <Predicate = (!config_two_neuron_enable_val_read & config_encoding_type_val_read == 1 & icmp_ln194_1)> <Delay = 0.00>
ST_7 : Operation 493 [1/1] (0.00ns) (grouped into LUT with out node xor_ln42_4)   --->   "%trunc_ln41_3 = trunc i16 %lfsr_load_3" [src/snn_top_hls.cpp:41->src/snn_top_hls.cpp:109->src/snn_top_hls.cpp:245]   --->   Operation 493 'trunc' 'trunc_ln41_3' <Predicate = (!config_two_neuron_enable_val_read & config_encoding_type_val_read == 1 & icmp_ln194_1)> <Delay = 0.00>
ST_7 : Operation 494 [1/1] (0.00ns) (grouped into LUT with out node xor_ln42_4)   --->   "%tmp_47 = bitselect i1 @_ssdm_op_BitSelect.i1.i16.i32, i16 %lfsr_load_3, i32 3" [src/snn_top_hls.cpp:41->src/snn_top_hls.cpp:109->src/snn_top_hls.cpp:245]   --->   Operation 494 'bitselect' 'tmp_47' <Predicate = (!config_two_neuron_enable_val_read & config_encoding_type_val_read == 1 & icmp_ln194_1)> <Delay = 0.00>
ST_7 : Operation 495 [1/1] (0.00ns) (grouped into LUT with out node xor_ln42_4)   --->   "%tmp_48 = bitselect i1 @_ssdm_op_BitSelect.i1.i16.i32, i16 %lfsr_load_3, i32 5" [src/snn_top_hls.cpp:41->src/snn_top_hls.cpp:109->src/snn_top_hls.cpp:245]   --->   Operation 495 'bitselect' 'tmp_48' <Predicate = (!config_two_neuron_enable_val_read & config_encoding_type_val_read == 1 & icmp_ln194_1)> <Delay = 0.00>
ST_7 : Operation 496 [1/1] (0.00ns) (grouped into LUT with out node xor_ln42_4)   --->   "%tmp_49 = bitselect i1 @_ssdm_op_BitSelect.i1.i16.i32, i16 %lfsr_load_3, i32 2" [src/snn_top_hls.cpp:41->src/snn_top_hls.cpp:109->src/snn_top_hls.cpp:245]   --->   Operation 496 'bitselect' 'tmp_49' <Predicate = (!config_two_neuron_enable_val_read & config_encoding_type_val_read == 1 & icmp_ln194_1)> <Delay = 0.00>
ST_7 : Operation 497 [1/1] (0.00ns)   --->   "%lshr_ln42_4 = partselect i15 @_ssdm_op_PartSelect.i15.i16.i32.i32, i16 %lfsr_load_3, i32 1, i32 15" [src/snn_top_hls.cpp:42->src/snn_top_hls.cpp:109->src/snn_top_hls.cpp:245]   --->   Operation 497 'partselect' 'lshr_ln42_4' <Predicate = (!config_two_neuron_enable_val_read & config_encoding_type_val_read == 1 & icmp_ln194_1)> <Delay = 0.00>
ST_7 : Operation 498 [1/1] (0.00ns) (grouped into LUT with out node xor_ln42_4)   --->   "%xor_ln42_14 = xor i1 %tmp_47, i1 %trunc_ln41_3" [src/snn_top_hls.cpp:42->src/snn_top_hls.cpp:109->src/snn_top_hls.cpp:245]   --->   Operation 498 'xor' 'xor_ln42_14' <Predicate = (!config_two_neuron_enable_val_read & config_encoding_type_val_read == 1 & icmp_ln194_1)> <Delay = 0.00> <CoreInst = "LogicGate">   --->   Core 74 'LogicGate' <Latency = 0> <II = 1> <Delay = 0.97> <FuncUnit> <Opcode : 'and' 'or' 'xor'> <InPorts = 2> <OutPorts = 1>
ST_7 : Operation 499 [1/1] (0.00ns) (grouped into LUT with out node xor_ln42_4)   --->   "%xor_ln42_15 = xor i1 %tmp_48, i1 %tmp_49" [src/snn_top_hls.cpp:42->src/snn_top_hls.cpp:109->src/snn_top_hls.cpp:245]   --->   Operation 499 'xor' 'xor_ln42_15' <Predicate = (!config_two_neuron_enable_val_read & config_encoding_type_val_read == 1 & icmp_ln194_1)> <Delay = 0.00> <CoreInst = "LogicGate">   --->   Core 74 'LogicGate' <Latency = 0> <II = 1> <Delay = 0.97> <FuncUnit> <Opcode : 'and' 'or' 'xor'> <InPorts = 2> <OutPorts = 1>
ST_7 : Operation 500 [1/1] (0.97ns) (out node of the LUT)   --->   "%xor_ln42_4 = xor i1 %xor_ln42_15, i1 %xor_ln42_14" [src/snn_top_hls.cpp:42->src/snn_top_hls.cpp:109->src/snn_top_hls.cpp:245]   --->   Operation 500 'xor' 'xor_ln42_4' <Predicate = (!config_two_neuron_enable_val_read & config_encoding_type_val_read == 1 & icmp_ln194_1)> <Delay = 0.97> <CoreInst = "LogicGate">   --->   Core 74 'LogicGate' <Latency = 0> <II = 1> <Delay = 0.97> <FuncUnit> <Opcode : 'and' 'or' 'xor'> <InPorts = 2> <OutPorts = 1>
ST_7 : Operation 501 [1/1] (0.00ns)   --->   "%random_4 = bitconcatenate i16 @_ssdm_op_BitConcatenate.i16.i1.i15, i1 %xor_ln42_4, i15 %lshr_ln42_4" [src/snn_top_hls.cpp:42->src/snn_top_hls.cpp:109->src/snn_top_hls.cpp:245]   --->   Operation 501 'bitconcatenate' 'random_4' <Predicate = (!config_two_neuron_enable_val_read & config_encoding_type_val_read == 1 & icmp_ln194_1)> <Delay = 0.00>
ST_7 : Operation 502 [1/1] (1.82ns)   --->   "%store_ln42 = store i16 %random_4, i16 %lfsr" [src/snn_top_hls.cpp:42->src/snn_top_hls.cpp:109->src/snn_top_hls.cpp:245]   --->   Operation 502 'store' 'store_ln42' <Predicate = (!config_two_neuron_enable_val_read & config_encoding_type_val_read == 1 & icmp_ln194_1)> <Delay = 1.82>
ST_7 : Operation 503 [1/1] (2.07ns)   --->   "%icmp_ln110_4 = icmp_ult  i16 %random_4, i16 %spike_prob_4" [src/snn_top_hls.cpp:110->src/snn_top_hls.cpp:245]   --->   Operation 503 'icmp' 'icmp_ln110_4' <Predicate = (!config_two_neuron_enable_val_read & config_encoding_type_val_read == 1 & icmp_ln194_1)> <Delay = 2.07> <CoreInst = "Cmp">   --->   Core 9 'Cmp' <Latency = 0> <II = 1> <Delay = 2.07> <FuncUnit> <Opcode : 'seteq' 'setne' 'setle' 'setge' 'setlt' 'setgt'> <InPorts = 2> <OutPorts = 1>
ST_7 : Operation 504 [1/1] (0.00ns)   --->   "%br_ln110 = br i1 %icmp_ln110_4, void %_ZL20encoder_rate_poissoni7ap_uintILi8EES_ILi32EERK16encoder_config_tRN3hls6streamI19encoder_axis_word_tLi0EEERS1_.exit.1, void %if.then.i180.1" [src/snn_top_hls.cpp:110->src/snn_top_hls.cpp:245]   --->   Operation 504 'br' 'br_ln110' <Predicate = (!config_two_neuron_enable_val_read & config_encoding_type_val_read == 1 & icmp_ln194_1)> <Delay = 0.00>
ST_7 : Operation 505 [1/1] (0.00ns)   --->   "%br_ln112 = br void %_ZL20encoder_rate_poissoni7ap_uintILi8EES_ILi32EERK16encoder_config_tRN3hls6streamI19encoder_axis_word_tLi0EEERS1_.exit.1" [src/snn_top_hls.cpp:112->src/snn_top_hls.cpp:245]   --->   Operation 505 'br' 'br_ln112' <Predicate = (!config_two_neuron_enable_val_read & config_encoding_type_val_read == 1 & icmp_ln194_1 & icmp_ln110_4)> <Delay = 0.00>
ST_7 : Operation 506 [1/1] (2.07ns)   --->   "%icmp_ln163_4 = icmp_ult  i16 %select_ln158_4, i16 %config_delta_threshold_val_read" [src/snn_top_hls.cpp:163->src/snn_top_hls.cpp:251]   --->   Operation 506 'icmp' 'icmp_ln163_4' <Predicate = (!config_two_neuron_enable_val_read & config_encoding_type_val_read == 3 & icmp_ln194_1)> <Delay = 2.07> <CoreInst = "Cmp">   --->   Core 9 'Cmp' <Latency = 0> <II = 1> <Delay = 2.07> <FuncUnit> <Opcode : 'seteq' 'setne' 'setle' 'setge' 'setlt' 'setgt'> <InPorts = 2> <OutPorts = 1>
ST_7 : Operation 507 [1/1] (0.00ns)   --->   "%br_ln163 = br i1 %icmp_ln163_4, void %if.then11.i.1, void %_ZL19encoder_delta_sigmai7ap_uintILi8EES_ILi32EERK16encoder_config_tRN3hls6streamI19encoder_axis_word_tLi0EEERS1_.exit.1" [src/snn_top_hls.cpp:163->src/snn_top_hls.cpp:251]   --->   Operation 507 'br' 'br_ln163' <Predicate = (!config_two_neuron_enable_val_read & config_encoding_type_val_read == 3 & icmp_ln194_1)> <Delay = 0.00>
ST_7 : Operation 508 [1/1] (2.07ns)   --->   "%sub_ln165_4 = sub i16 %select_ln158_4, i16 %config_delta_threshold_val_read" [src/snn_top_hls.cpp:165->src/snn_top_hls.cpp:251]   --->   Operation 508 'sub' 'sub_ln165_4' <Predicate = (!config_two_neuron_enable_val_read & config_encoding_type_val_read == 3 & icmp_ln194_1 & !icmp_ln163_4)> <Delay = 2.07> <CoreInst = "Adder">   --->   Core 1 'Adder' <Latency = 0> <II = 1> <Delay = 2.07> <FuncUnit> <Opcode : 'add' 'sub'> <InPorts = 2> <OutPorts = 1>
ST_7 : Operation 509 [1/1] ( I:3.25ns O:3.25ns )   --->   "%store_ln165 = store i16 %sub_ln165_4, i9 %p_ZL17encoder_phase_acc_1_addr_1" [src/snn_top_hls.cpp:165->src/snn_top_hls.cpp:251]   --->   Operation 509 'store' 'store_ln165' <Predicate = (!config_two_neuron_enable_val_read & config_encoding_type_val_read == 3 & icmp_ln194_1 & !icmp_ln163_4)> <Delay = 3.25> <CoreInst = "RAM_2P_BRAM">   --->   Core 90 'RAM_2P_BRAM' <Latency = 1> <II = 1> <Delay = 3.25> <Storage> <Opcode : 'load' 'store'> <Ports = 2> <Width = 16> <Depth = 392> <RAM>
ST_7 : Operation 510 [1/1] (0.00ns)   --->   "%br_ln166 = br void %_ZL19encoder_delta_sigmai7ap_uintILi8EES_ILi32EERK16encoder_config_tRN3hls6streamI19encoder_axis_word_tLi0EEERS1_.exit.1" [src/snn_top_hls.cpp:166->src/snn_top_hls.cpp:251]   --->   Operation 510 'br' 'br_ln166' <Predicate = (!config_two_neuron_enable_val_read & config_encoding_type_val_read == 3 & icmp_ln194_1 & !icmp_ln163_4)> <Delay = 0.00>
ST_7 : Operation 511 [1/1] (0.00ns)   --->   "%tmp_16 = partselect i8 @_ssdm_op_PartSelect.i8.i10.i32.i32, i10 %ch_2, i32 1, i32 8" [src/snn_top_hls.cpp:203]   --->   Operation 511 'partselect' 'tmp_16' <Predicate = (config_two_neuron_enable_val_read & icmp_ln194_1)> <Delay = 0.00>

State 8 <SV = 7> <Delay = 5.39>
ST_8 : Operation 512 [1/1] ( I:0.00ns O:0.00ns )   --->   "%tmp_24 = nbwritereq i1 @_ssdm_op_NbWriteReq.ap_fifo.i41P0A, i41 %encoder_spikes, i32 1" [src/snn_top_hls.cpp:82->src/snn_top_hls.cpp:138->src/snn_top_hls.cpp:248]   --->   Operation 512 'nbwritereq' 'tmp_24' <Predicate = (!config_two_neuron_enable_val_read & config_encoding_type_val_read == 2 & icmp_ln194_1 & !p_ZL22encoder_temporal_fired_1_load_1 & !icmp_ln137_4) | (!config_two_neuron_enable_val_read & config_encoding_type_val_read == 2 & latency_window_reset_1_read & icmp_ln194_1 & !icmp_ln137_4)> <Delay = 0.00> <CoreInst = "FIFO">   --->   Core 77 'FIFO' <Latency = 0> <II = 1> <Delay = 3.60> <Storage> <Opcode : 'read' 'write' 'nbread' 'nbwrite'> <Ports = 0> <Width = 41> <Depth = 32> <FIFO>
ST_8 : Operation 513 [1/1] (0.00ns)   --->   "%br_ln82 = br i1 %tmp_24, void %_ZL24encoder_write_axis_spikei6ap_intILi8EE7ap_uintILi32EERN3hls6streamI19encoder_axis_word_tLi0EEERS2_.exit.i129.1, void %if.end.i.i128.1" [src/snn_top_hls.cpp:82->src/snn_top_hls.cpp:138->src/snn_top_hls.cpp:248]   --->   Operation 513 'br' 'br_ln82' <Predicate = (!config_two_neuron_enable_val_read & config_encoding_type_val_read == 2 & icmp_ln194_1 & !p_ZL22encoder_temporal_fired_1_load_1 & !icmp_ln137_4) | (!config_two_neuron_enable_val_read & config_encoding_type_val_read == 2 & latency_window_reset_1_read & icmp_ln194_1 & !icmp_ln137_4)> <Delay = 0.00>
ST_8 : Operation 514 [1/1] ( I:0.00ns O:0.00ns )   --->   "%tmp_21 = nbwritereq i1 @_ssdm_op_NbWriteReq.ap_fifo.i41P0A, i41 %encoder_spikes, i32 1" [src/snn_top_hls.cpp:82->src/snn_top_hls.cpp:111->src/snn_top_hls.cpp:245]   --->   Operation 514 'nbwritereq' 'tmp_21' <Predicate = (!config_two_neuron_enable_val_read & config_encoding_type_val_read == 1 & icmp_ln194_1 & icmp_ln110_4)> <Delay = 0.00> <CoreInst = "FIFO">   --->   Core 77 'FIFO' <Latency = 0> <II = 1> <Delay = 3.60> <Storage> <Opcode : 'read' 'write' 'nbread' 'nbwrite'> <Ports = 0> <Width = 41> <Depth = 32> <FIFO>
ST_8 : Operation 515 [1/1] (0.00ns)   --->   "%br_ln82 = br i1 %tmp_21, void %_ZL24encoder_write_axis_spikei6ap_intILi8EE7ap_uintILi32EERN3hls6streamI19encoder_axis_word_tLi0EEERS2_.exit.i256.1, void %if.end.i.i255.1" [src/snn_top_hls.cpp:82->src/snn_top_hls.cpp:111->src/snn_top_hls.cpp:245]   --->   Operation 515 'br' 'br_ln82' <Predicate = (!config_two_neuron_enable_val_read & config_encoding_type_val_read == 1 & icmp_ln194_1 & icmp_ln110_4)> <Delay = 0.00>
ST_8 : Operation 516 [1/1] ( I:0.00ns O:0.00ns )   --->   "%tmp_19 = nbwritereq i1 @_ssdm_op_NbWriteReq.ap_fifo.i41P0A, i41 %encoder_spikes, i32 1" [src/snn_top_hls.cpp:82->src/snn_top_hls.cpp:164->src/snn_top_hls.cpp:251]   --->   Operation 516 'nbwritereq' 'tmp_19' <Predicate = (!config_two_neuron_enable_val_read & config_encoding_type_val_read == 3 & icmp_ln194_1 & !icmp_ln163_4)> <Delay = 0.00> <CoreInst = "FIFO">   --->   Core 77 'FIFO' <Latency = 0> <II = 1> <Delay = 3.60> <Storage> <Opcode : 'read' 'write' 'nbread' 'nbwrite'> <Ports = 0> <Width = 41> <Depth = 32> <FIFO>
ST_8 : Operation 517 [1/1] (0.00ns)   --->   "%br_ln82 = br i1 %tmp_19, void %_ZL24encoder_write_axis_spikei6ap_intILi8EE7ap_uintILi32EERN3hls6streamI19encoder_axis_word_tLi0EEERS2_.exit.i.1, void %if.end.i.i.1" [src/snn_top_hls.cpp:82->src/snn_top_hls.cpp:164->src/snn_top_hls.cpp:251]   --->   Operation 517 'br' 'br_ln82' <Predicate = (!config_two_neuron_enable_val_read & config_encoding_type_val_read == 3 & icmp_ln194_1 & !icmp_ln163_4)> <Delay = 0.00>
ST_8 : Operation 518 [1/1] ( I:0.00ns O:0.00ns )   --->   "%tmp_23 = nbwritereq i1 @_ssdm_op_NbWriteReq.ap_fifo.i41P0A, i41 %encoder_spikes, i32 1" [src/snn_top_hls.cpp:82->src/snn_top_hls.cpp:138->src/snn_top_hls.cpp:213]   --->   Operation 518 'nbwritereq' 'tmp_23' <Predicate = (config_two_neuron_enable_val_read & config_encoding_type_val_read == 2 & icmp_ln194_1 & !p_ZL22encoder_temporal_fired_0_load_2 & !icmp_ln137_3) | (config_two_neuron_enable_val_read & config_encoding_type_val_read == 2 & latency_window_reset_1_read & icmp_ln194_1 & !icmp_ln137_3)> <Delay = 0.00> <CoreInst = "FIFO">   --->   Core 77 'FIFO' <Latency = 0> <II = 1> <Delay = 3.60> <Storage> <Opcode : 'read' 'write' 'nbread' 'nbwrite'> <Ports = 0> <Width = 41> <Depth = 32> <FIFO>
ST_8 : Operation 519 [1/1] (0.00ns)   --->   "%br_ln82 = br i1 %tmp_23, void %_ZL24encoder_write_axis_spikei6ap_intILi8EE7ap_uintILi32EERN3hls6streamI19encoder_axis_word_tLi0EEERS2_.exit.i1227.1, void %if.end.i.i1224.1" [src/snn_top_hls.cpp:82->src/snn_top_hls.cpp:138->src/snn_top_hls.cpp:213]   --->   Operation 519 'br' 'br_ln82' <Predicate = (config_two_neuron_enable_val_read & config_encoding_type_val_read == 2 & icmp_ln194_1 & !p_ZL22encoder_temporal_fired_0_load_2 & !icmp_ln137_3) | (config_two_neuron_enable_val_read & config_encoding_type_val_read == 2 & latency_window_reset_1_read & icmp_ln194_1 & !icmp_ln137_3)> <Delay = 0.00>
ST_8 : Operation 520 [1/1] (0.00ns)   --->   "%trunc_ln88_13 = trunc i32 %time_read" [src/snn_top_hls.cpp:88->src/snn_top_hls.cpp:138->src/snn_top_hls.cpp:213]   --->   Operation 520 'trunc' 'trunc_ln88_13' <Predicate = (config_two_neuron_enable_val_read & config_encoding_type_val_read == 2 & icmp_ln194_1 & !p_ZL22encoder_temporal_fired_0_load_2 & !icmp_ln137_3 & tmp_23) | (config_two_neuron_enable_val_read & config_encoding_type_val_read == 2 & latency_window_reset_1_read & icmp_ln194_1 & !icmp_ln137_3 & tmp_23)> <Delay = 0.00>
ST_8 : Operation 521 [1/1] (0.00ns)   --->   "%or_ln92_13 = bitconcatenate i33 @_ssdm_op_BitConcatenate.i33.i1.i14.i8.i8.i2, i1 1, i14 %trunc_ln88_13, i8 %config_default_weight_val_read, i8 %tmp_16, i2 2" [src/snn_top_hls.cpp:92->src/snn_top_hls.cpp:138->src/snn_top_hls.cpp:213]   --->   Operation 521 'bitconcatenate' 'or_ln92_13' <Predicate = (config_two_neuron_enable_val_read & config_encoding_type_val_read == 2 & icmp_ln194_1 & !p_ZL22encoder_temporal_fired_0_load_2 & !icmp_ln137_3 & tmp_23) | (config_two_neuron_enable_val_read & config_encoding_type_val_read == 2 & latency_window_reset_1_read & icmp_ln194_1 & !icmp_ln137_3 & tmp_23)> <Delay = 0.00>
ST_8 : Operation 522 [1/1] (0.00ns)   --->   "%sext_ln92_13 = sext i33 %or_ln92_13" [src/snn_top_hls.cpp:92->src/snn_top_hls.cpp:138->src/snn_top_hls.cpp:213]   --->   Operation 522 'sext' 'sext_ln92_13' <Predicate = (config_two_neuron_enable_val_read & config_encoding_type_val_read == 2 & icmp_ln194_1 & !p_ZL22encoder_temporal_fired_0_load_2 & !icmp_ln137_3 & tmp_23) | (config_two_neuron_enable_val_read & config_encoding_type_val_read == 2 & latency_window_reset_1_read & icmp_ln194_1 & !icmp_ln137_3 & tmp_23)> <Delay = 0.00>
ST_8 : Operation 523 [1/1] ( I:3.60ns O:3.60ns )   --->   "%write_ln92 = write void @_ssdm_op_Write.ap_fifo.volatile.i41P0A, i41 %encoder_spikes, i41 %sext_ln92_13" [src/snn_top_hls.cpp:92->src/snn_top_hls.cpp:138->src/snn_top_hls.cpp:213]   --->   Operation 523 'write' 'write_ln92' <Predicate = (config_two_neuron_enable_val_read & config_encoding_type_val_read == 2 & icmp_ln194_1 & !p_ZL22encoder_temporal_fired_0_load_2 & !icmp_ln137_3 & tmp_23) | (config_two_neuron_enable_val_read & config_encoding_type_val_read == 2 & latency_window_reset_1_read & icmp_ln194_1 & !icmp_ln137_3 & tmp_23)> <Delay = 3.60> <CoreInst = "FIFO">   --->   Core 77 'FIFO' <Latency = 0> <II = 1> <Delay = 3.60> <Storage> <Opcode : 'read' 'write' 'nbread' 'nbwrite'> <Ports = 0> <Width = 41> <Depth = 32> <FIFO>
ST_8 : Operation 524 [1/1] (0.00ns)   --->   "%encoder_spike_counter_load_13 = load i32 %encoder_spike_counter" [src/snn_top_hls.cpp:93->src/snn_top_hls.cpp:138->src/snn_top_hls.cpp:213]   --->   Operation 524 'load' 'encoder_spike_counter_load_13' <Predicate = (config_two_neuron_enable_val_read & config_encoding_type_val_read == 2 & icmp_ln194_1 & !p_ZL22encoder_temporal_fired_0_load_2 & !icmp_ln137_3 & tmp_23) | (config_two_neuron_enable_val_read & config_encoding_type_val_read == 2 & latency_window_reset_1_read & icmp_ln194_1 & !icmp_ln137_3 & tmp_23)> <Delay = 0.00>
ST_8 : Operation 525 [1/1] (2.55ns)   --->   "%add_ln93_13 = add i32 %encoder_spike_counter_load_13, i32 1" [src/snn_top_hls.cpp:93->src/snn_top_hls.cpp:138->src/snn_top_hls.cpp:213]   --->   Operation 525 'add' 'add_ln93_13' <Predicate = (config_two_neuron_enable_val_read & config_encoding_type_val_read == 2 & icmp_ln194_1 & !p_ZL22encoder_temporal_fired_0_load_2 & !icmp_ln137_3 & tmp_23) | (config_two_neuron_enable_val_read & config_encoding_type_val_read == 2 & latency_window_reset_1_read & icmp_ln194_1 & !icmp_ln137_3 & tmp_23)> <Delay = 2.55> <CoreInst = "Adder">   --->   Core 1 'Adder' <Latency = 0> <II = 1> <Delay = 2.55> <FuncUnit> <Opcode : 'add' 'sub'> <InPorts = 2> <OutPorts = 1>
ST_8 : Operation 526 [1/1] (2.84ns)   --->   "%store_ln93 = store i32 %add_ln93_13, i32 %encoder_spike_counter" [src/snn_top_hls.cpp:93->src/snn_top_hls.cpp:138->src/snn_top_hls.cpp:213]   --->   Operation 526 'store' 'store_ln93' <Predicate = (config_two_neuron_enable_val_read & config_encoding_type_val_read == 2 & icmp_ln194_1 & !p_ZL22encoder_temporal_fired_0_load_2 & !icmp_ln137_3 & tmp_23) | (config_two_neuron_enable_val_read & config_encoding_type_val_read == 2 & latency_window_reset_1_read & icmp_ln194_1 & !icmp_ln137_3 & tmp_23)> <Delay = 2.84>
ST_8 : Operation 527 [1/1] (0.00ns)   --->   "%br_ln94 = br void %_ZL24encoder_write_axis_spikei6ap_intILi8EE7ap_uintILi32EERN3hls6streamI19encoder_axis_word_tLi0EEERS2_.exit.i1227.1" [src/snn_top_hls.cpp:94->src/snn_top_hls.cpp:138->src/snn_top_hls.cpp:213]   --->   Operation 527 'br' 'br_ln94' <Predicate = (config_two_neuron_enable_val_read & config_encoding_type_val_read == 2 & icmp_ln194_1 & !p_ZL22encoder_temporal_fired_0_load_2 & !icmp_ln137_3 & tmp_23) | (config_two_neuron_enable_val_read & config_encoding_type_val_read == 2 & latency_window_reset_1_read & icmp_ln194_1 & !icmp_ln137_3 & tmp_23)> <Delay = 0.00>
ST_8 : Operation 528 [1/1] ( I:0.00ns O:0.00ns )   --->   "%tmp_18 = nbwritereq i1 @_ssdm_op_NbWriteReq.ap_fifo.i41P0A, i41 %encoder_spikes, i32 1" [src/snn_top_hls.cpp:82->src/snn_top_hls.cpp:111->src/snn_top_hls.cpp:210]   --->   Operation 528 'nbwritereq' 'tmp_18' <Predicate = (config_two_neuron_enable_val_read & config_encoding_type_val_read == 1 & icmp_ln194_1 & icmp_ln110_3)> <Delay = 0.00> <CoreInst = "FIFO">   --->   Core 77 'FIFO' <Latency = 0> <II = 1> <Delay = 3.60> <Storage> <Opcode : 'read' 'write' 'nbread' 'nbwrite'> <Ports = 0> <Width = 41> <Depth = 32> <FIFO>
ST_8 : Operation 529 [1/1] (0.00ns)   --->   "%br_ln82 = br i1 %tmp_18, void %_ZL24encoder_write_axis_spikei6ap_intILi8EE7ap_uintILi32EERN3hls6streamI19encoder_axis_word_tLi0EEERS2_.exit.i1503.1, void %if.end.i.i1502.1" [src/snn_top_hls.cpp:82->src/snn_top_hls.cpp:111->src/snn_top_hls.cpp:210]   --->   Operation 529 'br' 'br_ln82' <Predicate = (config_two_neuron_enable_val_read & config_encoding_type_val_read == 1 & icmp_ln194_1 & icmp_ln110_3)> <Delay = 0.00>
ST_8 : Operation 530 [1/1] (0.00ns)   --->   "%trunc_ln88_10 = trunc i32 %time_read" [src/snn_top_hls.cpp:88->src/snn_top_hls.cpp:111->src/snn_top_hls.cpp:210]   --->   Operation 530 'trunc' 'trunc_ln88_10' <Predicate = (config_two_neuron_enable_val_read & config_encoding_type_val_read == 1 & icmp_ln194_1 & icmp_ln110_3 & tmp_18)> <Delay = 0.00>
ST_8 : Operation 531 [1/1] (0.00ns)   --->   "%or_ln92_10 = bitconcatenate i33 @_ssdm_op_BitConcatenate.i33.i1.i14.i8.i8.i2, i1 1, i14 %trunc_ln88_10, i8 %config_default_weight_val_read, i8 %tmp_16, i2 2" [src/snn_top_hls.cpp:92->src/snn_top_hls.cpp:111->src/snn_top_hls.cpp:210]   --->   Operation 531 'bitconcatenate' 'or_ln92_10' <Predicate = (config_two_neuron_enable_val_read & config_encoding_type_val_read == 1 & icmp_ln194_1 & icmp_ln110_3 & tmp_18)> <Delay = 0.00>
ST_8 : Operation 532 [1/1] (0.00ns)   --->   "%sext_ln92_10 = sext i33 %or_ln92_10" [src/snn_top_hls.cpp:92->src/snn_top_hls.cpp:111->src/snn_top_hls.cpp:210]   --->   Operation 532 'sext' 'sext_ln92_10' <Predicate = (config_two_neuron_enable_val_read & config_encoding_type_val_read == 1 & icmp_ln194_1 & icmp_ln110_3 & tmp_18)> <Delay = 0.00>
ST_8 : Operation 533 [1/1] ( I:3.60ns O:3.60ns )   --->   "%write_ln92 = write void @_ssdm_op_Write.ap_fifo.volatile.i41P0A, i41 %encoder_spikes, i41 %sext_ln92_10" [src/snn_top_hls.cpp:92->src/snn_top_hls.cpp:111->src/snn_top_hls.cpp:210]   --->   Operation 533 'write' 'write_ln92' <Predicate = (config_two_neuron_enable_val_read & config_encoding_type_val_read == 1 & icmp_ln194_1 & icmp_ln110_3 & tmp_18)> <Delay = 3.60> <CoreInst = "FIFO">   --->   Core 77 'FIFO' <Latency = 0> <II = 1> <Delay = 3.60> <Storage> <Opcode : 'read' 'write' 'nbread' 'nbwrite'> <Ports = 0> <Width = 41> <Depth = 32> <FIFO>
ST_8 : Operation 534 [1/1] (0.00ns)   --->   "%encoder_spike_counter_load_10 = load i32 %encoder_spike_counter" [src/snn_top_hls.cpp:93->src/snn_top_hls.cpp:111->src/snn_top_hls.cpp:210]   --->   Operation 534 'load' 'encoder_spike_counter_load_10' <Predicate = (config_two_neuron_enable_val_read & config_encoding_type_val_read == 1 & icmp_ln194_1 & icmp_ln110_3 & tmp_18)> <Delay = 0.00>
ST_8 : Operation 535 [1/1] (2.55ns)   --->   "%add_ln93_10 = add i32 %encoder_spike_counter_load_10, i32 1" [src/snn_top_hls.cpp:93->src/snn_top_hls.cpp:111->src/snn_top_hls.cpp:210]   --->   Operation 535 'add' 'add_ln93_10' <Predicate = (config_two_neuron_enable_val_read & config_encoding_type_val_read == 1 & icmp_ln194_1 & icmp_ln110_3 & tmp_18)> <Delay = 2.55> <CoreInst = "Adder">   --->   Core 1 'Adder' <Latency = 0> <II = 1> <Delay = 2.55> <FuncUnit> <Opcode : 'add' 'sub'> <InPorts = 2> <OutPorts = 1>
ST_8 : Operation 536 [1/1] (2.84ns)   --->   "%store_ln93 = store i32 %add_ln93_10, i32 %encoder_spike_counter" [src/snn_top_hls.cpp:93->src/snn_top_hls.cpp:111->src/snn_top_hls.cpp:210]   --->   Operation 536 'store' 'store_ln93' <Predicate = (config_two_neuron_enable_val_read & config_encoding_type_val_read == 1 & icmp_ln194_1 & icmp_ln110_3 & tmp_18)> <Delay = 2.84>
ST_8 : Operation 537 [1/1] (0.00ns)   --->   "%br_ln94 = br void %_ZL24encoder_write_axis_spikei6ap_intILi8EE7ap_uintILi32EERN3hls6streamI19encoder_axis_word_tLi0EEERS2_.exit.i1503.1" [src/snn_top_hls.cpp:94->src/snn_top_hls.cpp:111->src/snn_top_hls.cpp:210]   --->   Operation 537 'br' 'br_ln94' <Predicate = (config_two_neuron_enable_val_read & config_encoding_type_val_read == 1 & icmp_ln194_1 & icmp_ln110_3 & tmp_18)> <Delay = 0.00>
ST_8 : Operation 538 [1/1] ( I:0.00ns O:0.00ns )   --->   "%tmp_17 = nbwritereq i1 @_ssdm_op_NbWriteReq.ap_fifo.i41P0A, i41 %encoder_spikes, i32 1" [src/snn_top_hls.cpp:82->src/snn_top_hls.cpp:164->src/snn_top_hls.cpp:216]   --->   Operation 538 'nbwritereq' 'tmp_17' <Predicate = (config_two_neuron_enable_val_read & config_encoding_type_val_read == 3 & icmp_ln194_1 & !icmp_ln163_3)> <Delay = 0.00> <CoreInst = "FIFO">   --->   Core 77 'FIFO' <Latency = 0> <II = 1> <Delay = 3.60> <Storage> <Opcode : 'read' 'write' 'nbread' 'nbwrite'> <Ports = 0> <Width = 41> <Depth = 32> <FIFO>
ST_8 : Operation 539 [1/1] (0.00ns)   --->   "%br_ln82 = br i1 %tmp_17, void %_ZL24encoder_write_axis_spikei6ap_intILi8EE7ap_uintILi32EERN3hls6streamI19encoder_axis_word_tLi0EEERS2_.exit.i1019.1, void %if.end.i.i1014.1" [src/snn_top_hls.cpp:82->src/snn_top_hls.cpp:164->src/snn_top_hls.cpp:216]   --->   Operation 539 'br' 'br_ln82' <Predicate = (config_two_neuron_enable_val_read & config_encoding_type_val_read == 3 & icmp_ln194_1 & !icmp_ln163_3)> <Delay = 0.00>
ST_8 : Operation 540 [1/1] (0.00ns)   --->   "%trunc_ln88_9 = trunc i32 %time_read" [src/snn_top_hls.cpp:88->src/snn_top_hls.cpp:164->src/snn_top_hls.cpp:216]   --->   Operation 540 'trunc' 'trunc_ln88_9' <Predicate = (config_two_neuron_enable_val_read & config_encoding_type_val_read == 3 & icmp_ln194_1 & !icmp_ln163_3 & tmp_17)> <Delay = 0.00>
ST_8 : Operation 541 [1/1] (0.00ns)   --->   "%or_ln92_9 = bitconcatenate i33 @_ssdm_op_BitConcatenate.i33.i1.i14.i8.i8.i2, i1 1, i14 %trunc_ln88_9, i8 %config_default_weight_val_read, i8 %tmp_16, i2 2" [src/snn_top_hls.cpp:92->src/snn_top_hls.cpp:164->src/snn_top_hls.cpp:216]   --->   Operation 541 'bitconcatenate' 'or_ln92_9' <Predicate = (config_two_neuron_enable_val_read & config_encoding_type_val_read == 3 & icmp_ln194_1 & !icmp_ln163_3 & tmp_17)> <Delay = 0.00>
ST_8 : Operation 542 [1/1] (0.00ns)   --->   "%sext_ln92_9 = sext i33 %or_ln92_9" [src/snn_top_hls.cpp:92->src/snn_top_hls.cpp:164->src/snn_top_hls.cpp:216]   --->   Operation 542 'sext' 'sext_ln92_9' <Predicate = (config_two_neuron_enable_val_read & config_encoding_type_val_read == 3 & icmp_ln194_1 & !icmp_ln163_3 & tmp_17)> <Delay = 0.00>
ST_8 : Operation 543 [1/1] ( I:3.60ns O:3.60ns )   --->   "%write_ln92 = write void @_ssdm_op_Write.ap_fifo.volatile.i41P0A, i41 %encoder_spikes, i41 %sext_ln92_9" [src/snn_top_hls.cpp:92->src/snn_top_hls.cpp:164->src/snn_top_hls.cpp:216]   --->   Operation 543 'write' 'write_ln92' <Predicate = (config_two_neuron_enable_val_read & config_encoding_type_val_read == 3 & icmp_ln194_1 & !icmp_ln163_3 & tmp_17)> <Delay = 3.60> <CoreInst = "FIFO">   --->   Core 77 'FIFO' <Latency = 0> <II = 1> <Delay = 3.60> <Storage> <Opcode : 'read' 'write' 'nbread' 'nbwrite'> <Ports = 0> <Width = 41> <Depth = 32> <FIFO>
ST_8 : Operation 544 [1/1] (0.00ns)   --->   "%encoder_spike_counter_load_9 = load i32 %encoder_spike_counter" [src/snn_top_hls.cpp:93->src/snn_top_hls.cpp:164->src/snn_top_hls.cpp:216]   --->   Operation 544 'load' 'encoder_spike_counter_load_9' <Predicate = (config_two_neuron_enable_val_read & config_encoding_type_val_read == 3 & icmp_ln194_1 & !icmp_ln163_3 & tmp_17)> <Delay = 0.00>
ST_8 : Operation 545 [1/1] (2.55ns)   --->   "%add_ln93_9 = add i32 %encoder_spike_counter_load_9, i32 1" [src/snn_top_hls.cpp:93->src/snn_top_hls.cpp:164->src/snn_top_hls.cpp:216]   --->   Operation 545 'add' 'add_ln93_9' <Predicate = (config_two_neuron_enable_val_read & config_encoding_type_val_read == 3 & icmp_ln194_1 & !icmp_ln163_3 & tmp_17)> <Delay = 2.55> <CoreInst = "Adder">   --->   Core 1 'Adder' <Latency = 0> <II = 1> <Delay = 2.55> <FuncUnit> <Opcode : 'add' 'sub'> <InPorts = 2> <OutPorts = 1>
ST_8 : Operation 546 [1/1] (2.84ns)   --->   "%store_ln93 = store i32 %add_ln93_9, i32 %encoder_spike_counter" [src/snn_top_hls.cpp:93->src/snn_top_hls.cpp:164->src/snn_top_hls.cpp:216]   --->   Operation 546 'store' 'store_ln93' <Predicate = (config_two_neuron_enable_val_read & config_encoding_type_val_read == 3 & icmp_ln194_1 & !icmp_ln163_3 & tmp_17)> <Delay = 2.84>
ST_8 : Operation 547 [1/1] (0.00ns)   --->   "%br_ln94 = br void %_ZL24encoder_write_axis_spikei6ap_intILi8EE7ap_uintILi32EERN3hls6streamI19encoder_axis_word_tLi0EEERS2_.exit.i1019.1" [src/snn_top_hls.cpp:94->src/snn_top_hls.cpp:164->src/snn_top_hls.cpp:216]   --->   Operation 547 'br' 'br_ln94' <Predicate = (config_two_neuron_enable_val_read & config_encoding_type_val_read == 3 & icmp_ln194_1 & !icmp_ln163_3 & tmp_17)> <Delay = 0.00>

State 9 <SV = 8> <Delay = 5.39>
ST_9 : Operation 548 [1/1] (0.00ns)   --->   "%trunc_ln88_14 = trunc i32 %time_read" [src/snn_top_hls.cpp:88->src/snn_top_hls.cpp:138->src/snn_top_hls.cpp:248]   --->   Operation 548 'trunc' 'trunc_ln88_14' <Predicate = (!config_two_neuron_enable_val_read & config_encoding_type_val_read == 2 & icmp_ln194_1 & !p_ZL22encoder_temporal_fired_1_load_1 & !icmp_ln137_4 & tmp_24) | (!config_two_neuron_enable_val_read & config_encoding_type_val_read == 2 & latency_window_reset_1_read & icmp_ln194_1 & !icmp_ln137_4 & tmp_24)> <Delay = 0.00>
ST_9 : Operation 549 [1/1] (0.00ns)   --->   "%or_ln92_14 = bitconcatenate i33 @_ssdm_op_BitConcatenate.i33.i1.i14.i8.i9.i1, i1 1, i14 %trunc_ln88_14, i8 %config_default_weight_val_read, i9 %lshr_ln, i1 1" [src/snn_top_hls.cpp:92->src/snn_top_hls.cpp:138->src/snn_top_hls.cpp:248]   --->   Operation 549 'bitconcatenate' 'or_ln92_14' <Predicate = (!config_two_neuron_enable_val_read & config_encoding_type_val_read == 2 & icmp_ln194_1 & !p_ZL22encoder_temporal_fired_1_load_1 & !icmp_ln137_4 & tmp_24) | (!config_two_neuron_enable_val_read & config_encoding_type_val_read == 2 & latency_window_reset_1_read & icmp_ln194_1 & !icmp_ln137_4 & tmp_24)> <Delay = 0.00>
ST_9 : Operation 550 [1/1] (0.00ns)   --->   "%sext_ln92_14 = sext i33 %or_ln92_14" [src/snn_top_hls.cpp:92->src/snn_top_hls.cpp:138->src/snn_top_hls.cpp:248]   --->   Operation 550 'sext' 'sext_ln92_14' <Predicate = (!config_two_neuron_enable_val_read & config_encoding_type_val_read == 2 & icmp_ln194_1 & !p_ZL22encoder_temporal_fired_1_load_1 & !icmp_ln137_4 & tmp_24) | (!config_two_neuron_enable_val_read & config_encoding_type_val_read == 2 & latency_window_reset_1_read & icmp_ln194_1 & !icmp_ln137_4 & tmp_24)> <Delay = 0.00>
ST_9 : Operation 551 [1/1] ( I:3.60ns O:3.60ns )   --->   "%write_ln92 = write void @_ssdm_op_Write.ap_fifo.volatile.i41P0A, i41 %encoder_spikes, i41 %sext_ln92_14" [src/snn_top_hls.cpp:92->src/snn_top_hls.cpp:138->src/snn_top_hls.cpp:248]   --->   Operation 551 'write' 'write_ln92' <Predicate = (!config_two_neuron_enable_val_read & config_encoding_type_val_read == 2 & icmp_ln194_1 & !p_ZL22encoder_temporal_fired_1_load_1 & !icmp_ln137_4 & tmp_24) | (!config_two_neuron_enable_val_read & config_encoding_type_val_read == 2 & latency_window_reset_1_read & icmp_ln194_1 & !icmp_ln137_4 & tmp_24)> <Delay = 3.60> <CoreInst = "FIFO">   --->   Core 77 'FIFO' <Latency = 0> <II = 1> <Delay = 3.60> <Storage> <Opcode : 'read' 'write' 'nbread' 'nbwrite'> <Ports = 0> <Width = 41> <Depth = 32> <FIFO>
ST_9 : Operation 552 [1/1] (0.00ns)   --->   "%encoder_spike_counter_load_14 = load i32 %encoder_spike_counter" [src/snn_top_hls.cpp:93->src/snn_top_hls.cpp:138->src/snn_top_hls.cpp:248]   --->   Operation 552 'load' 'encoder_spike_counter_load_14' <Predicate = (!config_two_neuron_enable_val_read & config_encoding_type_val_read == 2 & icmp_ln194_1 & !p_ZL22encoder_temporal_fired_1_load_1 & !icmp_ln137_4 & tmp_24) | (!config_two_neuron_enable_val_read & config_encoding_type_val_read == 2 & latency_window_reset_1_read & icmp_ln194_1 & !icmp_ln137_4 & tmp_24)> <Delay = 0.00>
ST_9 : Operation 553 [1/1] (2.55ns)   --->   "%add_ln93_14 = add i32 %encoder_spike_counter_load_14, i32 1" [src/snn_top_hls.cpp:93->src/snn_top_hls.cpp:138->src/snn_top_hls.cpp:248]   --->   Operation 553 'add' 'add_ln93_14' <Predicate = (!config_two_neuron_enable_val_read & config_encoding_type_val_read == 2 & icmp_ln194_1 & !p_ZL22encoder_temporal_fired_1_load_1 & !icmp_ln137_4 & tmp_24) | (!config_two_neuron_enable_val_read & config_encoding_type_val_read == 2 & latency_window_reset_1_read & icmp_ln194_1 & !icmp_ln137_4 & tmp_24)> <Delay = 2.55> <CoreInst = "Adder">   --->   Core 1 'Adder' <Latency = 0> <II = 1> <Delay = 2.55> <FuncUnit> <Opcode : 'add' 'sub'> <InPorts = 2> <OutPorts = 1>
ST_9 : Operation 554 [1/1] (2.84ns)   --->   "%store_ln93 = store i32 %add_ln93_14, i32 %encoder_spike_counter" [src/snn_top_hls.cpp:93->src/snn_top_hls.cpp:138->src/snn_top_hls.cpp:248]   --->   Operation 554 'store' 'store_ln93' <Predicate = (!config_two_neuron_enable_val_read & config_encoding_type_val_read == 2 & icmp_ln194_1 & !p_ZL22encoder_temporal_fired_1_load_1 & !icmp_ln137_4 & tmp_24) | (!config_two_neuron_enable_val_read & config_encoding_type_val_read == 2 & latency_window_reset_1_read & icmp_ln194_1 & !icmp_ln137_4 & tmp_24)> <Delay = 2.84>
ST_9 : Operation 555 [1/1] (0.00ns)   --->   "%br_ln94 = br void %_ZL24encoder_write_axis_spikei6ap_intILi8EE7ap_uintILi32EERN3hls6streamI19encoder_axis_word_tLi0EEERS2_.exit.i129.1" [src/snn_top_hls.cpp:94->src/snn_top_hls.cpp:138->src/snn_top_hls.cpp:248]   --->   Operation 555 'br' 'br_ln94' <Predicate = (!config_two_neuron_enable_val_read & config_encoding_type_val_read == 2 & icmp_ln194_1 & !p_ZL22encoder_temporal_fired_1_load_1 & !icmp_ln137_4 & tmp_24) | (!config_two_neuron_enable_val_read & config_encoding_type_val_read == 2 & latency_window_reset_1_read & icmp_ln194_1 & !icmp_ln137_4 & tmp_24)> <Delay = 0.00>
ST_9 : Operation 556 [1/1] (0.00ns)   --->   "%trunc_ln88_12 = trunc i32 %time_read" [src/snn_top_hls.cpp:88->src/snn_top_hls.cpp:111->src/snn_top_hls.cpp:245]   --->   Operation 556 'trunc' 'trunc_ln88_12' <Predicate = (!config_two_neuron_enable_val_read & config_encoding_type_val_read == 1 & icmp_ln194_1 & icmp_ln110_4 & tmp_21)> <Delay = 0.00>
ST_9 : Operation 557 [1/1] (0.00ns)   --->   "%or_ln92_12 = bitconcatenate i33 @_ssdm_op_BitConcatenate.i33.i1.i14.i8.i9.i1, i1 1, i14 %trunc_ln88_12, i8 %config_default_weight_val_read, i9 %lshr_ln, i1 1" [src/snn_top_hls.cpp:92->src/snn_top_hls.cpp:111->src/snn_top_hls.cpp:245]   --->   Operation 557 'bitconcatenate' 'or_ln92_12' <Predicate = (!config_two_neuron_enable_val_read & config_encoding_type_val_read == 1 & icmp_ln194_1 & icmp_ln110_4 & tmp_21)> <Delay = 0.00>
ST_9 : Operation 558 [1/1] (0.00ns)   --->   "%sext_ln92_12 = sext i33 %or_ln92_12" [src/snn_top_hls.cpp:92->src/snn_top_hls.cpp:111->src/snn_top_hls.cpp:245]   --->   Operation 558 'sext' 'sext_ln92_12' <Predicate = (!config_two_neuron_enable_val_read & config_encoding_type_val_read == 1 & icmp_ln194_1 & icmp_ln110_4 & tmp_21)> <Delay = 0.00>
ST_9 : Operation 559 [1/1] ( I:3.60ns O:3.60ns )   --->   "%write_ln92 = write void @_ssdm_op_Write.ap_fifo.volatile.i41P0A, i41 %encoder_spikes, i41 %sext_ln92_12" [src/snn_top_hls.cpp:92->src/snn_top_hls.cpp:111->src/snn_top_hls.cpp:245]   --->   Operation 559 'write' 'write_ln92' <Predicate = (!config_two_neuron_enable_val_read & config_encoding_type_val_read == 1 & icmp_ln194_1 & icmp_ln110_4 & tmp_21)> <Delay = 3.60> <CoreInst = "FIFO">   --->   Core 77 'FIFO' <Latency = 0> <II = 1> <Delay = 3.60> <Storage> <Opcode : 'read' 'write' 'nbread' 'nbwrite'> <Ports = 0> <Width = 41> <Depth = 32> <FIFO>
ST_9 : Operation 560 [1/1] (0.00ns)   --->   "%encoder_spike_counter_load_12 = load i32 %encoder_spike_counter" [src/snn_top_hls.cpp:93->src/snn_top_hls.cpp:111->src/snn_top_hls.cpp:245]   --->   Operation 560 'load' 'encoder_spike_counter_load_12' <Predicate = (!config_two_neuron_enable_val_read & config_encoding_type_val_read == 1 & icmp_ln194_1 & icmp_ln110_4 & tmp_21)> <Delay = 0.00>
ST_9 : Operation 561 [1/1] (2.55ns)   --->   "%add_ln93_12 = add i32 %encoder_spike_counter_load_12, i32 1" [src/snn_top_hls.cpp:93->src/snn_top_hls.cpp:111->src/snn_top_hls.cpp:245]   --->   Operation 561 'add' 'add_ln93_12' <Predicate = (!config_two_neuron_enable_val_read & config_encoding_type_val_read == 1 & icmp_ln194_1 & icmp_ln110_4 & tmp_21)> <Delay = 2.55> <CoreInst = "Adder">   --->   Core 1 'Adder' <Latency = 0> <II = 1> <Delay = 2.55> <FuncUnit> <Opcode : 'add' 'sub'> <InPorts = 2> <OutPorts = 1>
ST_9 : Operation 562 [1/1] (2.84ns)   --->   "%store_ln93 = store i32 %add_ln93_12, i32 %encoder_spike_counter" [src/snn_top_hls.cpp:93->src/snn_top_hls.cpp:111->src/snn_top_hls.cpp:245]   --->   Operation 562 'store' 'store_ln93' <Predicate = (!config_two_neuron_enable_val_read & config_encoding_type_val_read == 1 & icmp_ln194_1 & icmp_ln110_4 & tmp_21)> <Delay = 2.84>
ST_9 : Operation 563 [1/1] (0.00ns)   --->   "%br_ln94 = br void %_ZL24encoder_write_axis_spikei6ap_intILi8EE7ap_uintILi32EERN3hls6streamI19encoder_axis_word_tLi0EEERS2_.exit.i256.1" [src/snn_top_hls.cpp:94->src/snn_top_hls.cpp:111->src/snn_top_hls.cpp:245]   --->   Operation 563 'br' 'br_ln94' <Predicate = (!config_two_neuron_enable_val_read & config_encoding_type_val_read == 1 & icmp_ln194_1 & icmp_ln110_4 & tmp_21)> <Delay = 0.00>
ST_9 : Operation 564 [1/1] (0.00ns)   --->   "%trunc_ln88_11 = trunc i32 %time_read" [src/snn_top_hls.cpp:88->src/snn_top_hls.cpp:164->src/snn_top_hls.cpp:251]   --->   Operation 564 'trunc' 'trunc_ln88_11' <Predicate = (!config_two_neuron_enable_val_read & config_encoding_type_val_read == 3 & icmp_ln194_1 & !icmp_ln163_4 & tmp_19)> <Delay = 0.00>
ST_9 : Operation 565 [1/1] (0.00ns)   --->   "%or_ln92_11 = bitconcatenate i33 @_ssdm_op_BitConcatenate.i33.i1.i14.i8.i9.i1, i1 1, i14 %trunc_ln88_11, i8 %config_default_weight_val_read, i9 %lshr_ln, i1 1" [src/snn_top_hls.cpp:92->src/snn_top_hls.cpp:164->src/snn_top_hls.cpp:251]   --->   Operation 565 'bitconcatenate' 'or_ln92_11' <Predicate = (!config_two_neuron_enable_val_read & config_encoding_type_val_read == 3 & icmp_ln194_1 & !icmp_ln163_4 & tmp_19)> <Delay = 0.00>
ST_9 : Operation 566 [1/1] (0.00ns)   --->   "%sext_ln92_11 = sext i33 %or_ln92_11" [src/snn_top_hls.cpp:92->src/snn_top_hls.cpp:164->src/snn_top_hls.cpp:251]   --->   Operation 566 'sext' 'sext_ln92_11' <Predicate = (!config_two_neuron_enable_val_read & config_encoding_type_val_read == 3 & icmp_ln194_1 & !icmp_ln163_4 & tmp_19)> <Delay = 0.00>
ST_9 : Operation 567 [1/1] ( I:3.60ns O:3.60ns )   --->   "%write_ln92 = write void @_ssdm_op_Write.ap_fifo.volatile.i41P0A, i41 %encoder_spikes, i41 %sext_ln92_11" [src/snn_top_hls.cpp:92->src/snn_top_hls.cpp:164->src/snn_top_hls.cpp:251]   --->   Operation 567 'write' 'write_ln92' <Predicate = (!config_two_neuron_enable_val_read & config_encoding_type_val_read == 3 & icmp_ln194_1 & !icmp_ln163_4 & tmp_19)> <Delay = 3.60> <CoreInst = "FIFO">   --->   Core 77 'FIFO' <Latency = 0> <II = 1> <Delay = 3.60> <Storage> <Opcode : 'read' 'write' 'nbread' 'nbwrite'> <Ports = 0> <Width = 41> <Depth = 32> <FIFO>
ST_9 : Operation 568 [1/1] (0.00ns)   --->   "%encoder_spike_counter_load_11 = load i32 %encoder_spike_counter" [src/snn_top_hls.cpp:93->src/snn_top_hls.cpp:164->src/snn_top_hls.cpp:251]   --->   Operation 568 'load' 'encoder_spike_counter_load_11' <Predicate = (!config_two_neuron_enable_val_read & config_encoding_type_val_read == 3 & icmp_ln194_1 & !icmp_ln163_4 & tmp_19)> <Delay = 0.00>
ST_9 : Operation 569 [1/1] (2.55ns)   --->   "%add_ln93_11 = add i32 %encoder_spike_counter_load_11, i32 1" [src/snn_top_hls.cpp:93->src/snn_top_hls.cpp:164->src/snn_top_hls.cpp:251]   --->   Operation 569 'add' 'add_ln93_11' <Predicate = (!config_two_neuron_enable_val_read & config_encoding_type_val_read == 3 & icmp_ln194_1 & !icmp_ln163_4 & tmp_19)> <Delay = 2.55> <CoreInst = "Adder">   --->   Core 1 'Adder' <Latency = 0> <II = 1> <Delay = 2.55> <FuncUnit> <Opcode : 'add' 'sub'> <InPorts = 2> <OutPorts = 1>
ST_9 : Operation 570 [1/1] (2.84ns)   --->   "%store_ln93 = store i32 %add_ln93_11, i32 %encoder_spike_counter" [src/snn_top_hls.cpp:93->src/snn_top_hls.cpp:164->src/snn_top_hls.cpp:251]   --->   Operation 570 'store' 'store_ln93' <Predicate = (!config_two_neuron_enable_val_read & config_encoding_type_val_read == 3 & icmp_ln194_1 & !icmp_ln163_4 & tmp_19)> <Delay = 2.84>
ST_9 : Operation 571 [1/1] (0.00ns)   --->   "%br_ln94 = br void %_ZL24encoder_write_axis_spikei6ap_intILi8EE7ap_uintILi32EERN3hls6streamI19encoder_axis_word_tLi0EEERS2_.exit.i.1" [src/snn_top_hls.cpp:94->src/snn_top_hls.cpp:164->src/snn_top_hls.cpp:251]   --->   Operation 571 'br' 'br_ln94' <Predicate = (!config_two_neuron_enable_val_read & config_encoding_type_val_read == 3 & icmp_ln194_1 & !icmp_ln163_4 & tmp_19)> <Delay = 0.00>
ST_9 : Operation 572 [1/1] ( I:0.00ns O:0.00ns )   --->   "%tmp_33 = nbwritereq i1 @_ssdm_op_NbWriteReq.ap_fifo.i41P0A, i41 %encoder_spikes, i32 1" [src/snn_top_hls.cpp:82->src/snn_top_hls.cpp:138->src/snn_top_hls.cpp:230]   --->   Operation 572 'nbwritereq' 'tmp_33' <Predicate = (config_two_neuron_enable_val_read & config_encoding_type_val_read == 2 & icmp_ln194_1 & !p_ZL22encoder_temporal_fired_1_load_2 & !icmp_ln137_5) | (config_two_neuron_enable_val_read & config_encoding_type_val_read == 2 & latency_window_reset_1_read & icmp_ln194_1 & !icmp_ln137_5)> <Delay = 0.00> <CoreInst = "FIFO">   --->   Core 77 'FIFO' <Latency = 0> <II = 1> <Delay = 3.60> <Storage> <Opcode : 'read' 'write' 'nbread' 'nbwrite'> <Ports = 0> <Width = 41> <Depth = 32> <FIFO>
ST_9 : Operation 573 [1/1] (0.00ns)   --->   "%br_ln82 = br i1 %tmp_33, void %_ZL24encoder_write_axis_spikei6ap_intILi8EE7ap_uintILi32EERN3hls6streamI19encoder_axis_word_tLi0EEERS2_.exit.i602.1, void %if.end.i.i599.1" [src/snn_top_hls.cpp:82->src/snn_top_hls.cpp:138->src/snn_top_hls.cpp:230]   --->   Operation 573 'br' 'br_ln82' <Predicate = (config_two_neuron_enable_val_read & config_encoding_type_val_read == 2 & icmp_ln194_1 & !p_ZL22encoder_temporal_fired_1_load_2 & !icmp_ln137_5) | (config_two_neuron_enable_val_read & config_encoding_type_val_read == 2 & latency_window_reset_1_read & icmp_ln194_1 & !icmp_ln137_5)> <Delay = 0.00>
ST_9 : Operation 574 [1/1] (0.00ns)   --->   "%trunc_ln88_17 = trunc i32 %time_read" [src/snn_top_hls.cpp:88->src/snn_top_hls.cpp:138->src/snn_top_hls.cpp:230]   --->   Operation 574 'trunc' 'trunc_ln88_17' <Predicate = (config_two_neuron_enable_val_read & config_encoding_type_val_read == 2 & icmp_ln194_1 & !p_ZL22encoder_temporal_fired_1_load_2 & !icmp_ln137_5 & tmp_33) | (config_two_neuron_enable_val_read & config_encoding_type_val_read == 2 & latency_window_reset_1_read & icmp_ln194_1 & !icmp_ln137_5 & tmp_33)> <Delay = 0.00>
ST_9 : Operation 575 [1/1] (0.00ns)   --->   "%or_ln92_17 = bitconcatenate i33 @_ssdm_op_BitConcatenate.i33.i1.i14.i8.i8.i2, i1 1, i14 %trunc_ln88_17, i8 %config_default_weight_val_read, i8 %tmp_16, i2 3" [src/snn_top_hls.cpp:92->src/snn_top_hls.cpp:138->src/snn_top_hls.cpp:230]   --->   Operation 575 'bitconcatenate' 'or_ln92_17' <Predicate = (config_two_neuron_enable_val_read & config_encoding_type_val_read == 2 & icmp_ln194_1 & !p_ZL22encoder_temporal_fired_1_load_2 & !icmp_ln137_5 & tmp_33) | (config_two_neuron_enable_val_read & config_encoding_type_val_read == 2 & latency_window_reset_1_read & icmp_ln194_1 & !icmp_ln137_5 & tmp_33)> <Delay = 0.00>
ST_9 : Operation 576 [1/1] (0.00ns)   --->   "%sext_ln92_17 = sext i33 %or_ln92_17" [src/snn_top_hls.cpp:92->src/snn_top_hls.cpp:138->src/snn_top_hls.cpp:230]   --->   Operation 576 'sext' 'sext_ln92_17' <Predicate = (config_two_neuron_enable_val_read & config_encoding_type_val_read == 2 & icmp_ln194_1 & !p_ZL22encoder_temporal_fired_1_load_2 & !icmp_ln137_5 & tmp_33) | (config_two_neuron_enable_val_read & config_encoding_type_val_read == 2 & latency_window_reset_1_read & icmp_ln194_1 & !icmp_ln137_5 & tmp_33)> <Delay = 0.00>
ST_9 : Operation 577 [1/1] ( I:3.60ns O:3.60ns )   --->   "%write_ln92 = write void @_ssdm_op_Write.ap_fifo.volatile.i41P0A, i41 %encoder_spikes, i41 %sext_ln92_17" [src/snn_top_hls.cpp:92->src/snn_top_hls.cpp:138->src/snn_top_hls.cpp:230]   --->   Operation 577 'write' 'write_ln92' <Predicate = (config_two_neuron_enable_val_read & config_encoding_type_val_read == 2 & icmp_ln194_1 & !p_ZL22encoder_temporal_fired_1_load_2 & !icmp_ln137_5 & tmp_33) | (config_two_neuron_enable_val_read & config_encoding_type_val_read == 2 & latency_window_reset_1_read & icmp_ln194_1 & !icmp_ln137_5 & tmp_33)> <Delay = 3.60> <CoreInst = "FIFO">   --->   Core 77 'FIFO' <Latency = 0> <II = 1> <Delay = 3.60> <Storage> <Opcode : 'read' 'write' 'nbread' 'nbwrite'> <Ports = 0> <Width = 41> <Depth = 32> <FIFO>
ST_9 : Operation 578 [1/1] (0.00ns)   --->   "%encoder_spike_counter_load_17 = load i32 %encoder_spike_counter" [src/snn_top_hls.cpp:93->src/snn_top_hls.cpp:138->src/snn_top_hls.cpp:230]   --->   Operation 578 'load' 'encoder_spike_counter_load_17' <Predicate = (config_two_neuron_enable_val_read & config_encoding_type_val_read == 2 & icmp_ln194_1 & !p_ZL22encoder_temporal_fired_1_load_2 & !icmp_ln137_5 & tmp_33) | (config_two_neuron_enable_val_read & config_encoding_type_val_read == 2 & latency_window_reset_1_read & icmp_ln194_1 & !icmp_ln137_5 & tmp_33)> <Delay = 0.00>
ST_9 : Operation 579 [1/1] (2.55ns)   --->   "%add_ln93_17 = add i32 %encoder_spike_counter_load_17, i32 1" [src/snn_top_hls.cpp:93->src/snn_top_hls.cpp:138->src/snn_top_hls.cpp:230]   --->   Operation 579 'add' 'add_ln93_17' <Predicate = (config_two_neuron_enable_val_read & config_encoding_type_val_read == 2 & icmp_ln194_1 & !p_ZL22encoder_temporal_fired_1_load_2 & !icmp_ln137_5 & tmp_33) | (config_two_neuron_enable_val_read & config_encoding_type_val_read == 2 & latency_window_reset_1_read & icmp_ln194_1 & !icmp_ln137_5 & tmp_33)> <Delay = 2.55> <CoreInst = "Adder">   --->   Core 1 'Adder' <Latency = 0> <II = 1> <Delay = 2.55> <FuncUnit> <Opcode : 'add' 'sub'> <InPorts = 2> <OutPorts = 1>
ST_9 : Operation 580 [1/1] (2.84ns)   --->   "%store_ln93 = store i32 %add_ln93_17, i32 %encoder_spike_counter" [src/snn_top_hls.cpp:93->src/snn_top_hls.cpp:138->src/snn_top_hls.cpp:230]   --->   Operation 580 'store' 'store_ln93' <Predicate = (config_two_neuron_enable_val_read & config_encoding_type_val_read == 2 & icmp_ln194_1 & !p_ZL22encoder_temporal_fired_1_load_2 & !icmp_ln137_5 & tmp_33) | (config_two_neuron_enable_val_read & config_encoding_type_val_read == 2 & latency_window_reset_1_read & icmp_ln194_1 & !icmp_ln137_5 & tmp_33)> <Delay = 2.84>
ST_9 : Operation 581 [1/1] (0.00ns)   --->   "%br_ln94 = br void %_ZL24encoder_write_axis_spikei6ap_intILi8EE7ap_uintILi32EERN3hls6streamI19encoder_axis_word_tLi0EEERS2_.exit.i602.1" [src/snn_top_hls.cpp:94->src/snn_top_hls.cpp:138->src/snn_top_hls.cpp:230]   --->   Operation 581 'br' 'br_ln94' <Predicate = (config_two_neuron_enable_val_read & config_encoding_type_val_read == 2 & icmp_ln194_1 & !p_ZL22encoder_temporal_fired_1_load_2 & !icmp_ln137_5 & tmp_33) | (config_two_neuron_enable_val_read & config_encoding_type_val_read == 2 & latency_window_reset_1_read & icmp_ln194_1 & !icmp_ln137_5 & tmp_33)> <Delay = 0.00>
ST_9 : Operation 582 [1/1] ( I:0.00ns O:0.00ns )   --->   "%tmp_32 = nbwritereq i1 @_ssdm_op_NbWriteReq.ap_fifo.i41P0A, i41 %encoder_spikes, i32 1" [src/snn_top_hls.cpp:82->src/snn_top_hls.cpp:111->src/snn_top_hls.cpp:227]   --->   Operation 582 'nbwritereq' 'tmp_32' <Predicate = (config_two_neuron_enable_val_read & config_encoding_type_val_read == 1 & icmp_ln194_1 & icmp_ln110_5)> <Delay = 0.00> <CoreInst = "FIFO">   --->   Core 77 'FIFO' <Latency = 0> <II = 1> <Delay = 3.60> <Storage> <Opcode : 'read' 'write' 'nbread' 'nbwrite'> <Ports = 0> <Width = 41> <Depth = 32> <FIFO>
ST_9 : Operation 583 [1/1] (0.00ns)   --->   "%br_ln82 = br i1 %tmp_32, void %_ZL24encoder_write_axis_spikei6ap_intILi8EE7ap_uintILi32EERN3hls6streamI19encoder_axis_word_tLi0EEERS2_.exit.i878.1, void %if.end.i.i877.1" [src/snn_top_hls.cpp:82->src/snn_top_hls.cpp:111->src/snn_top_hls.cpp:227]   --->   Operation 583 'br' 'br_ln82' <Predicate = (config_two_neuron_enable_val_read & config_encoding_type_val_read == 1 & icmp_ln194_1 & icmp_ln110_5)> <Delay = 0.00>
ST_9 : Operation 584 [1/1] (0.00ns)   --->   "%trunc_ln88_16 = trunc i32 %time_read" [src/snn_top_hls.cpp:88->src/snn_top_hls.cpp:111->src/snn_top_hls.cpp:227]   --->   Operation 584 'trunc' 'trunc_ln88_16' <Predicate = (config_two_neuron_enable_val_read & config_encoding_type_val_read == 1 & icmp_ln194_1 & icmp_ln110_5 & tmp_32)> <Delay = 0.00>
ST_9 : Operation 585 [1/1] (0.00ns)   --->   "%or_ln92_16 = bitconcatenate i33 @_ssdm_op_BitConcatenate.i33.i1.i14.i8.i8.i2, i1 1, i14 %trunc_ln88_16, i8 %config_default_weight_val_read, i8 %tmp_16, i2 3" [src/snn_top_hls.cpp:92->src/snn_top_hls.cpp:111->src/snn_top_hls.cpp:227]   --->   Operation 585 'bitconcatenate' 'or_ln92_16' <Predicate = (config_two_neuron_enable_val_read & config_encoding_type_val_read == 1 & icmp_ln194_1 & icmp_ln110_5 & tmp_32)> <Delay = 0.00>
ST_9 : Operation 586 [1/1] (0.00ns)   --->   "%sext_ln92_16 = sext i33 %or_ln92_16" [src/snn_top_hls.cpp:92->src/snn_top_hls.cpp:111->src/snn_top_hls.cpp:227]   --->   Operation 586 'sext' 'sext_ln92_16' <Predicate = (config_two_neuron_enable_val_read & config_encoding_type_val_read == 1 & icmp_ln194_1 & icmp_ln110_5 & tmp_32)> <Delay = 0.00>
ST_9 : Operation 587 [1/1] ( I:3.60ns O:3.60ns )   --->   "%write_ln92 = write void @_ssdm_op_Write.ap_fifo.volatile.i41P0A, i41 %encoder_spikes, i41 %sext_ln92_16" [src/snn_top_hls.cpp:92->src/snn_top_hls.cpp:111->src/snn_top_hls.cpp:227]   --->   Operation 587 'write' 'write_ln92' <Predicate = (config_two_neuron_enable_val_read & config_encoding_type_val_read == 1 & icmp_ln194_1 & icmp_ln110_5 & tmp_32)> <Delay = 3.60> <CoreInst = "FIFO">   --->   Core 77 'FIFO' <Latency = 0> <II = 1> <Delay = 3.60> <Storage> <Opcode : 'read' 'write' 'nbread' 'nbwrite'> <Ports = 0> <Width = 41> <Depth = 32> <FIFO>
ST_9 : Operation 588 [1/1] (0.00ns)   --->   "%encoder_spike_counter_load_16 = load i32 %encoder_spike_counter" [src/snn_top_hls.cpp:93->src/snn_top_hls.cpp:111->src/snn_top_hls.cpp:227]   --->   Operation 588 'load' 'encoder_spike_counter_load_16' <Predicate = (config_two_neuron_enable_val_read & config_encoding_type_val_read == 1 & icmp_ln194_1 & icmp_ln110_5 & tmp_32)> <Delay = 0.00>
ST_9 : Operation 589 [1/1] (2.55ns)   --->   "%add_ln93_16 = add i32 %encoder_spike_counter_load_16, i32 1" [src/snn_top_hls.cpp:93->src/snn_top_hls.cpp:111->src/snn_top_hls.cpp:227]   --->   Operation 589 'add' 'add_ln93_16' <Predicate = (config_two_neuron_enable_val_read & config_encoding_type_val_read == 1 & icmp_ln194_1 & icmp_ln110_5 & tmp_32)> <Delay = 2.55> <CoreInst = "Adder">   --->   Core 1 'Adder' <Latency = 0> <II = 1> <Delay = 2.55> <FuncUnit> <Opcode : 'add' 'sub'> <InPorts = 2> <OutPorts = 1>
ST_9 : Operation 590 [1/1] (2.84ns)   --->   "%store_ln93 = store i32 %add_ln93_16, i32 %encoder_spike_counter" [src/snn_top_hls.cpp:93->src/snn_top_hls.cpp:111->src/snn_top_hls.cpp:227]   --->   Operation 590 'store' 'store_ln93' <Predicate = (config_two_neuron_enable_val_read & config_encoding_type_val_read == 1 & icmp_ln194_1 & icmp_ln110_5 & tmp_32)> <Delay = 2.84>
ST_9 : Operation 591 [1/1] (0.00ns)   --->   "%br_ln94 = br void %_ZL24encoder_write_axis_spikei6ap_intILi8EE7ap_uintILi32EERN3hls6streamI19encoder_axis_word_tLi0EEERS2_.exit.i878.1" [src/snn_top_hls.cpp:94->src/snn_top_hls.cpp:111->src/snn_top_hls.cpp:227]   --->   Operation 591 'br' 'br_ln94' <Predicate = (config_two_neuron_enable_val_read & config_encoding_type_val_read == 1 & icmp_ln194_1 & icmp_ln110_5 & tmp_32)> <Delay = 0.00>
ST_9 : Operation 592 [1/1] ( I:0.00ns O:0.00ns )   --->   "%tmp_29 = nbwritereq i1 @_ssdm_op_NbWriteReq.ap_fifo.i41P0A, i41 %encoder_spikes, i32 1" [src/snn_top_hls.cpp:82->src/snn_top_hls.cpp:164->src/snn_top_hls.cpp:233]   --->   Operation 592 'nbwritereq' 'tmp_29' <Predicate = (config_two_neuron_enable_val_read & config_encoding_type_val_read == 3 & icmp_ln194_1 & !icmp_ln163_5)> <Delay = 0.00> <CoreInst = "FIFO">   --->   Core 77 'FIFO' <Latency = 0> <II = 1> <Delay = 3.60> <Storage> <Opcode : 'read' 'write' 'nbread' 'nbwrite'> <Ports = 0> <Width = 41> <Depth = 32> <FIFO>
ST_9 : Operation 593 [1/1] (0.00ns)   --->   "%br_ln82 = br i1 %tmp_29, void %_ZL24encoder_write_axis_spikei6ap_intILi8EE7ap_uintILi32EERN3hls6streamI19encoder_axis_word_tLi0EEERS2_.exit.i394.1, void %if.end.i.i389.1" [src/snn_top_hls.cpp:82->src/snn_top_hls.cpp:164->src/snn_top_hls.cpp:233]   --->   Operation 593 'br' 'br_ln82' <Predicate = (config_two_neuron_enable_val_read & config_encoding_type_val_read == 3 & icmp_ln194_1 & !icmp_ln163_5)> <Delay = 0.00>
ST_9 : Operation 594 [1/1] (0.00ns)   --->   "%trunc_ln88_15 = trunc i32 %time_read" [src/snn_top_hls.cpp:88->src/snn_top_hls.cpp:164->src/snn_top_hls.cpp:233]   --->   Operation 594 'trunc' 'trunc_ln88_15' <Predicate = (config_two_neuron_enable_val_read & config_encoding_type_val_read == 3 & icmp_ln194_1 & !icmp_ln163_5 & tmp_29)> <Delay = 0.00>
ST_9 : Operation 595 [1/1] (0.00ns)   --->   "%or_ln92_15 = bitconcatenate i33 @_ssdm_op_BitConcatenate.i33.i1.i14.i8.i8.i2, i1 1, i14 %trunc_ln88_15, i8 %config_default_weight_val_read, i8 %tmp_16, i2 3" [src/snn_top_hls.cpp:92->src/snn_top_hls.cpp:164->src/snn_top_hls.cpp:233]   --->   Operation 595 'bitconcatenate' 'or_ln92_15' <Predicate = (config_two_neuron_enable_val_read & config_encoding_type_val_read == 3 & icmp_ln194_1 & !icmp_ln163_5 & tmp_29)> <Delay = 0.00>
ST_9 : Operation 596 [1/1] (0.00ns)   --->   "%sext_ln92_15 = sext i33 %or_ln92_15" [src/snn_top_hls.cpp:92->src/snn_top_hls.cpp:164->src/snn_top_hls.cpp:233]   --->   Operation 596 'sext' 'sext_ln92_15' <Predicate = (config_two_neuron_enable_val_read & config_encoding_type_val_read == 3 & icmp_ln194_1 & !icmp_ln163_5 & tmp_29)> <Delay = 0.00>
ST_9 : Operation 597 [1/1] ( I:3.60ns O:3.60ns )   --->   "%write_ln92 = write void @_ssdm_op_Write.ap_fifo.volatile.i41P0A, i41 %encoder_spikes, i41 %sext_ln92_15" [src/snn_top_hls.cpp:92->src/snn_top_hls.cpp:164->src/snn_top_hls.cpp:233]   --->   Operation 597 'write' 'write_ln92' <Predicate = (config_two_neuron_enable_val_read & config_encoding_type_val_read == 3 & icmp_ln194_1 & !icmp_ln163_5 & tmp_29)> <Delay = 3.60> <CoreInst = "FIFO">   --->   Core 77 'FIFO' <Latency = 0> <II = 1> <Delay = 3.60> <Storage> <Opcode : 'read' 'write' 'nbread' 'nbwrite'> <Ports = 0> <Width = 41> <Depth = 32> <FIFO>
ST_9 : Operation 598 [1/1] (0.00ns)   --->   "%encoder_spike_counter_load_15 = load i32 %encoder_spike_counter" [src/snn_top_hls.cpp:93->src/snn_top_hls.cpp:164->src/snn_top_hls.cpp:233]   --->   Operation 598 'load' 'encoder_spike_counter_load_15' <Predicate = (config_two_neuron_enable_val_read & config_encoding_type_val_read == 3 & icmp_ln194_1 & !icmp_ln163_5 & tmp_29)> <Delay = 0.00>
ST_9 : Operation 599 [1/1] (2.55ns)   --->   "%add_ln93_15 = add i32 %encoder_spike_counter_load_15, i32 1" [src/snn_top_hls.cpp:93->src/snn_top_hls.cpp:164->src/snn_top_hls.cpp:233]   --->   Operation 599 'add' 'add_ln93_15' <Predicate = (config_two_neuron_enable_val_read & config_encoding_type_val_read == 3 & icmp_ln194_1 & !icmp_ln163_5 & tmp_29)> <Delay = 2.55> <CoreInst = "Adder">   --->   Core 1 'Adder' <Latency = 0> <II = 1> <Delay = 2.55> <FuncUnit> <Opcode : 'add' 'sub'> <InPorts = 2> <OutPorts = 1>
ST_9 : Operation 600 [1/1] (2.84ns)   --->   "%store_ln93 = store i32 %add_ln93_15, i32 %encoder_spike_counter" [src/snn_top_hls.cpp:93->src/snn_top_hls.cpp:164->src/snn_top_hls.cpp:233]   --->   Operation 600 'store' 'store_ln93' <Predicate = (config_two_neuron_enable_val_read & config_encoding_type_val_read == 3 & icmp_ln194_1 & !icmp_ln163_5 & tmp_29)> <Delay = 2.84>
ST_9 : Operation 601 [1/1] (0.00ns)   --->   "%br_ln94 = br void %_ZL24encoder_write_axis_spikei6ap_intILi8EE7ap_uintILi32EERN3hls6streamI19encoder_axis_word_tLi0EEERS2_.exit.i394.1" [src/snn_top_hls.cpp:94->src/snn_top_hls.cpp:164->src/snn_top_hls.cpp:233]   --->   Operation 601 'br' 'br_ln94' <Predicate = (config_two_neuron_enable_val_read & config_encoding_type_val_read == 3 & icmp_ln194_1 & !icmp_ln163_5 & tmp_29)> <Delay = 0.00>


============================================================
+ Verbose Summary: Binding
============================================================
STG Binding: 
---------------- STG Properties BEGIN ----------------
- Is combinational: 0
- Is one-state seq: 0
- Is datapath-only: 0
- Is pipelined: 0
- Is top level: 0
Port [ Return ] is wired: 1; IO mode=ap_ctrl_hs:ce=0
Port [ time_r]:  wired=1; compound=0; hidden=0; nouse=0; global=0; static=0; extern=0; dir=0; type=0; pingpong=0; private_global=0; IO mode=ap_none:ce=0
Port [ config_num_channels_val]:  wired=1; compound=0; hidden=0; nouse=0; global=0; static=0; extern=0; dir=0; type=0; pingpong=0; private_global=0; IO mode=ap_none:ce=0
Port [ config_baseline_val]:  wired=1; compound=0; hidden=0; nouse=0; global=0; static=0; extern=0; dir=0; type=0; pingpong=0; private_global=0; IO mode=ap_none:ce=0
Port [ config_encoding_type_val]:  wired=1; compound=0; hidden=0; nouse=0; global=0; static=0; extern=0; dir=0; type=0; pingpong=0; private_global=0; IO mode=ap_none:ce=0
Port [ config_two_neuron_enable_val]:  wired=1; compound=0; hidden=0; nouse=0; global=0; static=0; extern=0; dir=0; type=0; pingpong=0; private_global=0; IO mode=ap_none:ce=0
Port [ zext_ln108]:  wired=1; compound=0; hidden=0; nouse=0; global=0; static=0; extern=0; dir=0; type=0; pingpong=0; private_global=0; IO mode=ap_none:ce=0
Port [ encoder_spikes]:  wired=1; compound=1; hidden=0; nouse=0; global=0; static=0; extern=0; dir=1; type=3; pingpong=0; private_global=0; IO mode=ap_fifo:ce=0
Port [ config_default_weight_val]:  wired=1; compound=0; hidden=0; nouse=0; global=0; static=0; extern=0; dir=0; type=0; pingpong=0; private_global=0; IO mode=ap_none:ce=0
Port [ latency_window_reset_1]:  wired=1; compound=0; hidden=0; nouse=0; global=0; static=0; extern=0; dir=0; type=0; pingpong=0; private_global=0; IO mode=ap_none:ce=0
Port [ zext_ln137_13]:  wired=1; compound=0; hidden=0; nouse=0; global=0; static=0; extern=0; dir=0; type=0; pingpong=0; private_global=0; IO mode=ap_none:ce=0
Port [ config_delta_decay_val]:  wired=1; compound=0; hidden=0; nouse=0; global=0; static=0; extern=0; dir=0; type=0; pingpong=0; private_global=0; IO mode=ap_none:ce=0
Port [ config_delta_threshold_val]:  wired=1; compound=0; hidden=0; nouse=0; global=0; static=0; extern=0; dir=0; type=0; pingpong=0; private_global=0; IO mode=ap_none:ce=0
Port [ p_ZL13encoder_frame_0]:  wired=1; compound=1; hidden=0; nouse=0; global=1; static=1; extern=0; dir=0; type=1; pingpong=0; private_global=0; MemPort=[13]; IO mode=ap_memory:ce=0
Port [ lfsr]:  wired=0; compound=0; hidden=1; nouse=0; global=1; static=1; extern=0; dir=2; type=0; pingpong=0; private_global=1; IO mode=ap_ovld:ce=0
Port [ encoder_spike_counter]:  wired=1; compound=0; hidden=0; nouse=0; global=1; static=1; extern=0; dir=2; type=0; pingpong=0; private_global=0; IO mode=ap_ovld:ce=0
Port [ p_ZL22encoder_temporal_fired_1]:  wired=1; compound=1; hidden=0; nouse=0; global=1; static=1; extern=0; dir=2; type=1; pingpong=0; private_global=0; MemPort=[12]; IO mode=ap_memory:ce=0
Port [ p_ZL22encoder_temporal_fired_0]:  wired=1; compound=1; hidden=0; nouse=0; global=1; static=1; extern=0; dir=2; type=1; pingpong=0; private_global=0; MemPort=[12]; IO mode=ap_memory:ce=0
Port [ p_ZL22encoder_temporal_start_0]:  wired=1; compound=1; hidden=0; nouse=0; global=1; static=1; extern=0; dir=2; type=1; pingpong=0; private_global=0; MemPort=[10]; IO mode=ap_memory:ce=0
Port [ p_ZL22encoder_temporal_start_1]:  wired=1; compound=1; hidden=0; nouse=0; global=1; static=1; extern=0; dir=2; type=1; pingpong=0; private_global=0; MemPort=[10]; IO mode=ap_memory:ce=0
Port [ p_ZL17encoder_phase_acc_1]:  wired=1; compound=1; hidden=0; nouse=0; global=1; static=1; extern=0; dir=2; type=1; pingpong=0; private_global=0; MemPort=[10]; IO mode=ap_memory:ce=0
Port [ p_ZL17encoder_phase_acc_0]:  wired=1; compound=1; hidden=0; nouse=0; global=1; static=1; extern=0; dir=2; type=1; pingpong=0; private_global=0; MemPort=[10]; IO mode=ap_memory:ce=0
Port [ p_ZL13encoder_frame_1]:  wired=1; compound=1; hidden=0; nouse=0; global=1; static=1; extern=0; dir=0; type=1; pingpong=0; private_global=0; MemPort=[13]; IO mode=ap_memory:ce=0
---------------- STG Properties END ------------------

---------------- Datapath Model BEGIN ----------------

<LifeTime>
<method=bitvector/>
ch                                    (alloca           ) [ 0111100000]
config_delta_threshold_val_read       (read             ) [ 0111111100]
config_delta_decay_val_read           (read             ) [ 0111111000]
zext_ln137_13_read                    (read             ) [ 0000000000]
latency_window_reset_1_read           (read             ) [ 0111111111]
config_default_weight_val_read        (read             ) [ 0111111111]
zext_ln108_read                       (read             ) [ 0000000000]
config_two_neuron_enable_val_read     (read             ) [ 0111111111]
config_encoding_type_val_read         (read             ) [ 0111111111]
config_baseline_val_read              (read             ) [ 0010000000]
config_num_channels_val_read          (read             ) [ 0000000000]
time_read                             (read             ) [ 0111111111]
zext_ln137_13_cast                    (zext             ) [ 0011100000]
zext_ln108_cast                       (zext             ) [ 0011000000]
specmemcore_ln0                       (specmemcore      ) [ 0000000000]
specmemcore_ln0                       (specmemcore      ) [ 0000000000]
specmemcore_ln0                       (specmemcore      ) [ 0000000000]
specmemcore_ln0                       (specmemcore      ) [ 0000000000]
specmemcore_ln0                       (specmemcore      ) [ 0000000000]
specmemcore_ln0                       (specmemcore      ) [ 0000000000]
specinterface_ln0                     (specinterface    ) [ 0000000000]
zext_ln137                            (zext             ) [ 0111111000]
store_ln75                            (store            ) [ 0000000000]
br_ln0                                (br               ) [ 0000000000]
ch_2                                  (load             ) [ 0111111100]
icmp_ln192                            (icmp             ) [ 0111110000]
br_ln192                              (br               ) [ 0000000000]
zext_ln192                            (zext             ) [ 0010000000]
zext_ln192_1                          (zext             ) [ 0000000000]
specpipeline_ln192                    (specpipeline     ) [ 0000000000]
speclooptripcount_ln192               (speclooptripcount) [ 0000000000]
specloopname_ln192                    (specloopname     ) [ 0000000000]
lshr_ln                               (partselect       ) [ 0111111111]
zext_ln192_2                          (zext             ) [ 0011100000]
icmp_ln194                            (icmp             ) [ 0111111100]
br_ln194                              (br               ) [ 0000000000]
p_ZL13encoder_frame_0_addr            (getelementptr    ) [ 0010000000]
br_ln197                              (br               ) [ 0000000000]
switch_ln240                          (switch           ) [ 0000000000]
br_ln128                              (br               ) [ 0000000000]
p_ZL22encoder_temporal_start_0_addr_1 (getelementptr    ) [ 0000000000]
store_ln130                           (store            ) [ 0000000000]
br_ln249                              (br               ) [ 0000000000]
br_ln246                              (br               ) [ 0000000000]
br_ln252                              (br               ) [ 0000000000]
br_ln0                                (br               ) [ 0000000000]
switch_ln206                          (switch           ) [ 0000000000]
p_ZL22encoder_temporal_fired_0_addr   (getelementptr    ) [ 0111111000]
br_ln128                              (br               ) [ 0000000000]
p_ZL22encoder_temporal_start_0_addr   (getelementptr    ) [ 0000000000]
store_ln130                           (store            ) [ 0000000000]
p_ZL22encoder_temporal_fired_1_addr   (getelementptr    ) [ 0111111000]
br_ln128                              (br               ) [ 0000000000]
p_ZL22encoder_temporal_start_1_addr   (getelementptr    ) [ 0000000000]
store_ln130                           (store            ) [ 0000000000]
br_ln231                              (br               ) [ 0000000000]
br_ln228                              (br               ) [ 0000000000]
p_ZL17encoder_phase_acc_0_addr        (getelementptr    ) [ 0111111100]
p_ZL17encoder_phase_acc_1_addr        (getelementptr    ) [ 0111111100]
br_ln234                              (br               ) [ 0000000000]
br_ln238                              (br               ) [ 0000000000]
br_ln258                              (br               ) [ 0000000000]
or_ln                                 (bitconcatenate   ) [ 0010000000]
zext_ln192_4                          (zext             ) [ 0000000000]
icmp_ln194_1                          (icmp             ) [ 0111111111]
p_ZL13encoder_frame_1_addr            (getelementptr    ) [ 0010000000]
br_ln197                              (br               ) [ 0000000000]
switch_ln240                          (switch           ) [ 0000000000]
br_ln128                              (br               ) [ 0000000000]
p_ZL22encoder_temporal_start_1_addr_2 (getelementptr    ) [ 0000000000]
store_ln130                           (store            ) [ 0000000000]
br_ln249                              (br               ) [ 0000000000]
br_ln246                              (br               ) [ 0000000000]
br_ln252                              (br               ) [ 0000000000]
br_ln0                                (br               ) [ 0000000000]
switch_ln206                          (switch           ) [ 0000000000]
br_ln128                              (br               ) [ 0000000000]
br_ln128                              (br               ) [ 0000000000]
br_ln231                              (br               ) [ 0000000000]
br_ln228                              (br               ) [ 0000000000]
br_ln234                              (br               ) [ 0000000000]
br_ln238                              (br               ) [ 0000000000]
br_ln258                              (br               ) [ 0000000000]
input                                 (load             ) [ 0101110000]
icmp_ln65                             (icmp             ) [ 0000000000]
sub_ln66                              (sub              ) [ 0000000000]
sub_ln70                              (sub              ) [ 0000000000]
on_val                                (select           ) [ 0101110000]
off_val                               (select           ) [ 0101110000]
p_ZL22encoder_temporal_fired_0_load   (load             ) [ 0111111000]
br_ln133                              (br               ) [ 0000000000]
p_ZL22encoder_temporal_start_0_addr_2 (getelementptr    ) [ 0001000000]
br_ln141                              (br               ) [ 0000000000]
p_ZL22encoder_temporal_fired_1_load   (load             ) [ 0111111100]
br_ln133                              (br               ) [ 0000000000]
p_ZL22encoder_temporal_start_1_addr_1 (getelementptr    ) [ 0001000000]
br_ln141                              (br               ) [ 0000000000]
p_ZL17encoder_phase_acc_0_load        (load             ) [ 0101110000]
p_ZL17encoder_phase_acc_1_load        (load             ) [ 0101110000]
zext_ln192_3                          (zext             ) [ 0001000000]
br_ln194                              (br               ) [ 0000000000]
value_8                               (load             ) [ 0101110000]
icmp_ln65_1                           (icmp             ) [ 0000000000]
sub_ln66_1                            (sub              ) [ 0000000000]
sub_ln70_1                            (sub              ) [ 0000000000]
on_val_1                              (select           ) [ 0001000000]
off_val_1                             (select           ) [ 0001000000]
p_ZL22encoder_temporal_fired_0_addr_2 (getelementptr    ) [ 0101110000]
p_ZL22encoder_temporal_start_0_addr_4 (getelementptr    ) [ 0000000000]
store_ln130                           (store            ) [ 0000000000]
p_ZL22encoder_temporal_fired_1_addr_2 (getelementptr    ) [ 0101110000]
p_ZL22encoder_temporal_start_1_addr_4 (getelementptr    ) [ 0000000000]
store_ln130                           (store            ) [ 0000000000]
p_ZL17encoder_phase_acc_0_addr_2      (getelementptr    ) [ 0101110000]
p_ZL17encoder_phase_acc_1_addr_2      (getelementptr    ) [ 0101110000]
p_ZL22encoder_temporal_fired_0_addr_1 (getelementptr    ) [ 0110111000]
store_ln129                           (store            ) [ 0000000000]
br_ln133                              (br               ) [ 0000000000]
zext_ln108_2                          (zext             ) [ 0000000000]
mul_ln108_1                           (mul              ) [ 0000000000]
spike_prob_1                          (partselect       ) [ 0000100000]
store_ln129                           (store            ) [ 0000000000]
br_ln133                              (br               ) [ 0000000000]
xor_ln136                             (xor              ) [ 0000000000]
zext_ln136                            (zext             ) [ 0000000000]
mul_ln136                             (mul              ) [ 0000000000]
spike_delay                           (partselect       ) [ 0000100000]
p_ZL22encoder_temporal_start_0_load   (load             ) [ 0000100000]
store_ln129                           (store            ) [ 0000000000]
br_ln133                              (br               ) [ 0000000000]
xor_ln136_2                           (xor              ) [ 0000000000]
zext_ln136_2                          (zext             ) [ 0000000000]
mul_ln136_2                           (mul              ) [ 0000000000]
spike_delay_2                         (partselect       ) [ 0000100000]
p_ZL22encoder_temporal_start_1_load   (load             ) [ 0000100000]
zext_ln108_1                          (zext             ) [ 0000000000]
mul_ln108                             (mul              ) [ 0000000000]
spike_prob                            (partselect       ) [ 0000100000]
zext_ln108_3                          (zext             ) [ 0000000000]
mul_ln108_2                           (mul              ) [ 0000000000]
spike_prob_2                          (partselect       ) [ 0000100000]
p_ZL22encoder_temporal_fired_1_addr_1 (getelementptr    ) [ 0110111000]
store_ln129                           (store            ) [ 0000000000]
br_ln133                              (br               ) [ 0000000000]
zext_ln108_5                          (zext             ) [ 0000000000]
mul_ln108_4                           (mul              ) [ 0000000000]
spike_prob_4                          (partselect       ) [ 0111111100]
p_ZL22encoder_temporal_fired_0_load_2 (load             ) [ 0111111110]
br_ln133                              (br               ) [ 0000000000]
xor_ln136_3                           (xor              ) [ 0000000000]
zext_ln136_3                          (zext             ) [ 0000000000]
mul_ln136_3                           (mul              ) [ 0000000000]
spike_delay_3                         (partselect       ) [ 0000100000]
p_ZL22encoder_temporal_start_0_addr_5 (getelementptr    ) [ 0000100000]
br_ln141                              (br               ) [ 0000000000]
p_ZL22encoder_temporal_fired_1_load_2 (load             ) [ 0111111111]
br_ln133                              (br               ) [ 0000000000]
xor_ln136_5                           (xor              ) [ 0000000000]
zext_ln136_5                          (zext             ) [ 0000000000]
mul_ln136_5                           (mul              ) [ 0000000000]
spike_delay_5                         (partselect       ) [ 0000100000]
p_ZL22encoder_temporal_start_1_addr_5 (getelementptr    ) [ 0000100000]
br_ln141                              (br               ) [ 0000000000]
zext_ln108_4                          (zext             ) [ 0000000000]
mul_ln108_3                           (mul              ) [ 0000000000]
spike_prob_3                          (partselect       ) [ 0100110000]
zext_ln108_6                          (zext             ) [ 0000000000]
mul_ln108_5                           (mul              ) [ 0000000000]
spike_prob_5                          (partselect       ) [ 0100110000]
zext_ln154_3                          (zext             ) [ 0000000000]
p_ZL17encoder_phase_acc_0_load_2      (load             ) [ 0000000000]
add_ln155_3                           (add              ) [ 0000100000]
zext_ln154_5                          (zext             ) [ 0000000000]
p_ZL17encoder_phase_acc_1_load_2      (load             ) [ 0000000000]
add_ln155_5                           (add              ) [ 0000100000]
p_ZL22encoder_temporal_fired_0_load_1 (load             ) [ 0111111100]
br_ln133                              (br               ) [ 0000000000]
xor_ln136_1                           (xor              ) [ 0000000000]
zext_ln136_1                          (zext             ) [ 0000000000]
mul_ln136_1                           (mul              ) [ 0000000000]
spike_delay_1                         (partselect       ) [ 0100010000]
p_ZL22encoder_temporal_start_0_addr_3 (getelementptr    ) [ 0100010000]
br_ln141                              (br               ) [ 0000000000]
lfsr_load_1                           (load             ) [ 0000000000]
trunc_ln41_1                          (trunc            ) [ 0000000000]
tmp_27                                (bitselect        ) [ 0000000000]
tmp_28                                (bitselect        ) [ 0000000000]
tmp_30                                (bitselect        ) [ 0000000000]
lshr_ln42_1                           (partselect       ) [ 0000000000]
xor_ln42_8                            (xor              ) [ 0000000000]
xor_ln42_9                            (xor              ) [ 0000000000]
xor_ln42_1                            (xor              ) [ 0000000000]
random_1                              (bitconcatenate   ) [ 0000000000]
store_ln42                            (store            ) [ 0000000000]
icmp_ln110_1                          (icmp             ) [ 0111111100]
br_ln110                              (br               ) [ 0000000000]
br_ln112                              (br               ) [ 0000000000]
p_ZL17encoder_phase_acc_0_addr_1      (getelementptr    ) [ 0111011100]
zext_ln137_1                          (zext             ) [ 0000000000]
zext_ln137_2                          (zext             ) [ 0000000000]
add_ln137                             (add              ) [ 0000000000]
icmp_ln137                            (icmp             ) [ 0110011000]
br_ln137                              (br               ) [ 0000000000]
zext_ln137_5                          (zext             ) [ 0000000000]
zext_ln137_6                          (zext             ) [ 0000000000]
add_ln137_2                           (add              ) [ 0000000000]
icmp_ln137_2                          (icmp             ) [ 0111011100]
br_ln137                              (br               ) [ 0000000000]
lfsr_load                             (load             ) [ 0000000000]
trunc_ln41                            (trunc            ) [ 0000000000]
tmp_20                                (bitselect        ) [ 0000000000]
tmp_25                                (bitselect        ) [ 0000000000]
tmp_26                                (bitselect        ) [ 0000000000]
lshr_ln8                              (partselect       ) [ 0000000000]
xor_ln42_7                            (xor              ) [ 0000000000]
xor_ln42_6                            (xor              ) [ 0000000000]
xor_ln42                              (xor              ) [ 0000000000]
random                                (bitconcatenate   ) [ 0000000000]
icmp_ln110                            (icmp             ) [ 0110111000]
br_ln110                              (br               ) [ 0000000000]
br_ln112                              (br               ) [ 0000000000]
tmp_31                                (bitselect        ) [ 0000000000]
tmp_37                                (bitselect        ) [ 0000000000]
tmp_38                                (bitselect        ) [ 0000000000]
tmp_10                                (partselect       ) [ 0000000000]
xor_ln42_10                           (xor              ) [ 0000000000]
xor_ln42_11                           (xor              ) [ 0000000000]
xor_ln42_2                            (xor              ) [ 0000000000]
random_2                              (bitconcatenate   ) [ 0000000000]
store_ln42                            (store            ) [ 0000000000]
icmp_ln110_2                          (icmp             ) [ 0111111100]
br_ln110                              (br               ) [ 0000000000]
br_ln112                              (br               ) [ 0000000000]
p_ZL22encoder_temporal_fired_1_load_1 (load             ) [ 0111111111]
br_ln133                              (br               ) [ 0000000000]
xor_ln136_4                           (xor              ) [ 0000000000]
zext_ln136_4                          (zext             ) [ 0000000000]
mul_ln136_4                           (mul              ) [ 0000000000]
spike_delay_4                         (partselect       ) [ 0100010000]
p_ZL22encoder_temporal_start_1_addr_3 (getelementptr    ) [ 0100010000]
br_ln141                              (br               ) [ 0000000000]
p_ZL17encoder_phase_acc_1_addr_1      (getelementptr    ) [ 0111011100]
store_ln129                           (store            ) [ 0000000000]
br_ln133                              (br               ) [ 0000000000]
p_ZL22encoder_temporal_start_0_load_2 (load             ) [ 0000000000]
zext_ln137_7                          (zext             ) [ 0000000000]
zext_ln137_8                          (zext             ) [ 0000000000]
add_ln137_3                           (add              ) [ 0100010000]
store_ln129                           (store            ) [ 0000000000]
br_ln133                              (br               ) [ 0000000000]
p_ZL22encoder_temporal_start_1_load_2 (load             ) [ 0000000000]
zext_ln137_11                         (zext             ) [ 0000000000]
zext_ln137_12                         (zext             ) [ 0000000000]
add_ln137_5                           (add              ) [ 0100010000]
icmp_ln158_3                          (icmp             ) [ 0000000000]
sub_ln159_3                           (sub              ) [ 0000000000]
select_ln158_3                        (select           ) [ 0100010000]
store_ln158                           (store            ) [ 0000000000]
icmp_ln158_5                          (icmp             ) [ 0000000000]
sub_ln159_5                           (sub              ) [ 0000000000]
select_ln158_5                        (select           ) [ 0100010000]
store_ln158                           (store            ) [ 0000000000]
ch_3                                  (add              ) [ 0000000000]
store_ln75                            (store            ) [ 0000000000]
br_ln192                              (br               ) [ 0000000000]
p_ZL22encoder_temporal_start_0_load_1 (load             ) [ 0000000000]
zext_ln137_3                          (zext             ) [ 0000000000]
zext_ln137_4                          (zext             ) [ 0000000000]
add_ln137_1                           (add              ) [ 0010001000]
zext_ln154_1                          (zext             ) [ 0000000000]
p_ZL17encoder_phase_acc_0_load_1      (load             ) [ 0000000000]
add_ln155_1                           (add              ) [ 0010001000]
zext_ln154                            (zext             ) [ 0000000000]
add_ln155                             (add              ) [ 0000000000]
icmp_ln158                            (icmp             ) [ 0000000000]
sub_ln159                             (sub              ) [ 0000000000]
select_ln158                          (select           ) [ 0011001100]
icmp_ln163                            (icmp             ) [ 0011001100]
br_ln163                              (br               ) [ 0000000000]
zext_ln154_2                          (zext             ) [ 0000000000]
add_ln155_2                           (add              ) [ 0010001000]
p_ZL22encoder_temporal_start_1_load_1 (load             ) [ 0000000000]
zext_ln137_9                          (zext             ) [ 0000000000]
zext_ln137_10                         (zext             ) [ 0000000000]
add_ln137_4                           (add              ) [ 0010001000]
zext_ln154_4                          (zext             ) [ 0000000000]
p_ZL17encoder_phase_acc_1_load_1      (load             ) [ 0000000000]
add_ln155_4                           (add              ) [ 0010001000]
icmp_ln137_3                          (icmp             ) [ 0111111110]
br_ln137                              (br               ) [ 0000000000]
store_ln139                           (store            ) [ 0000000000]
br_ln140                              (br               ) [ 0000000000]
icmp_ln137_5                          (icmp             ) [ 0111111111]
br_ln137                              (br               ) [ 0000000000]
store_ln139                           (store            ) [ 0000000000]
br_ln140                              (br               ) [ 0000000000]
lfsr_load_2                           (load             ) [ 0000000000]
trunc_ln41_2                          (trunc            ) [ 0000000000]
tmp_39                                (bitselect        ) [ 0000000000]
tmp_40                                (bitselect        ) [ 0000000000]
tmp_46                                (bitselect        ) [ 0000000000]
lshr_ln42_3                           (partselect       ) [ 0000000000]
xor_ln42_12                           (xor              ) [ 0000000000]
xor_ln42_13                           (xor              ) [ 0000000000]
xor_ln42_3                            (xor              ) [ 0000000000]
random_3                              (bitconcatenate   ) [ 0000000000]
icmp_ln110_3                          (icmp             ) [ 0111111110]
br_ln110                              (br               ) [ 0000000000]
br_ln112                              (br               ) [ 0000000000]
tmp_51                                (bitselect        ) [ 0000000000]
tmp_52                                (bitselect        ) [ 0000000000]
tmp_53                                (bitselect        ) [ 0000000000]
tmp_22                                (partselect       ) [ 0000000000]
xor_ln42_16                           (xor              ) [ 0000000000]
xor_ln42_17                           (xor              ) [ 0000000000]
xor_ln42_5                            (xor              ) [ 0000000000]
random_5                              (bitconcatenate   ) [ 0000000000]
store_ln42                            (store            ) [ 0000000000]
icmp_ln110_5                          (icmp             ) [ 0111111111]
br_ln110                              (br               ) [ 0000000000]
br_ln112                              (br               ) [ 0000000000]
icmp_ln163_3                          (icmp             ) [ 0111111110]
br_ln163                              (br               ) [ 0000000000]
sub_ln165_3                           (sub              ) [ 0000000000]
store_ln165                           (store            ) [ 0000000000]
br_ln166                              (br               ) [ 0000000000]
icmp_ln163_5                          (icmp             ) [ 0111111111]
br_ln163                              (br               ) [ 0000000000]
sub_ln165_5                           (sub              ) [ 0000000000]
store_ln165                           (store            ) [ 0000000000]
br_ln166                              (br               ) [ 0000000000]
icmp_ln137_1                          (icmp             ) [ 0011001100]
br_ln137                              (br               ) [ 0000000000]
tmp_12                                (nbwritereq       ) [ 0011001100]
br_ln82                               (br               ) [ 0000000000]
encoder_spike_counter_load_5          (load             ) [ 0000000000]
add_ln93_5                            (add              ) [ 0000000000]
store_ln93                            (store            ) [ 0000000000]
store_ln139                           (store            ) [ 0000000000]
br_ln140                              (br               ) [ 0000000000]
tmp_9                                 (nbwritereq       ) [ 0001000100]
br_ln82                               (br               ) [ 0000000000]
icmp_ln158_1                          (icmp             ) [ 0000000000]
sub_ln159_1                           (sub              ) [ 0000000000]
select_ln158_1                        (select           ) [ 0001000100]
store_ln158                           (store            ) [ 0000000000]
icmp_ln163_1                          (icmp             ) [ 0011001100]
br_ln163                              (br               ) [ 0000000000]
tmp_8                                 (nbwritereq       ) [ 0001000100]
br_ln82                               (br               ) [ 0000000000]
trunc_ln203                           (trunc            ) [ 0001000100]
tmp_11                                (nbwritereq       ) [ 0010001000]
br_ln82                               (br               ) [ 0000000000]
trunc_ln88_4                          (trunc            ) [ 0000000000]
or_ln92_8                             (bitconcatenate   ) [ 0000000000]
sext_ln92_4                           (sext             ) [ 0000000000]
write_ln92                            (write            ) [ 0000000000]
encoder_spike_counter_load_4          (load             ) [ 0000000000]
add_ln93_4                            (add              ) [ 0000000000]
store_ln93                            (store            ) [ 0000000000]
br_ln94                               (br               ) [ 0000000000]
store_ln139                           (store            ) [ 0000000000]
br_ln140                              (br               ) [ 0000000000]
store_ln139                           (store            ) [ 0000000000]
br_ln140                              (br               ) [ 0000000000]
tmp_s                                 (nbwritereq       ) [ 0010001000]
br_ln82                               (br               ) [ 0000000000]
trunc_ln88_1                          (trunc            ) [ 0000000000]
or_ln92_7                             (bitconcatenate   ) [ 0000000000]
sext_ln92_1                           (sext             ) [ 0000000000]
write_ln92                            (write            ) [ 0000000000]
encoder_spike_counter_load_1          (load             ) [ 0000000000]
add_ln93_1                            (add              ) [ 0000000000]
store_ln93                            (store            ) [ 0000000000]
br_ln94                               (br               ) [ 0000000000]
store_ln158                           (store            ) [ 0000000000]
tmp                                   (nbwritereq       ) [ 0010001000]
br_ln82                               (br               ) [ 0000000000]
trunc_ln88                            (trunc            ) [ 0000000000]
or_ln92_3                             (bitconcatenate   ) [ 0000000000]
sext_ln92                             (sext             ) [ 0000000000]
write_ln92                            (write            ) [ 0000000000]
encoder_spike_counter_load            (load             ) [ 0000000000]
add_ln93                              (add              ) [ 0000000000]
store_ln93                            (store            ) [ 0000000000]
br_ln94                               (br               ) [ 0000000000]
icmp_ln158_2                          (icmp             ) [ 0000000000]
sub_ln159_2                           (sub              ) [ 0000000000]
select_ln158_2                        (select           ) [ 0001000100]
store_ln158                           (store            ) [ 0000000000]
icmp_ln163_2                          (icmp             ) [ 0001000100]
br_ln163                              (br               ) [ 0000000000]
icmp_ln137_4                          (icmp             ) [ 0111101111]
br_ln137                              (br               ) [ 0000000000]
store_ln139                           (store            ) [ 0000000000]
br_ln140                              (br               ) [ 0000000000]
icmp_ln158_4                          (icmp             ) [ 0000000000]
sub_ln159_4                           (sub              ) [ 0000000000]
select_ln158_4                        (select           ) [ 0001000100]
store_ln158                           (store            ) [ 0000000000]
trunc_ln88_5                          (trunc            ) [ 0000000000]
or_ln92_1                             (bitconcatenate   ) [ 0000000000]
sext_ln92_5                           (sext             ) [ 0000000000]
write_ln92                            (write            ) [ 0000000000]
br_ln94                               (br               ) [ 0000000000]
trunc_ln88_3                          (trunc            ) [ 0000000000]
or_ln92_5                             (bitconcatenate   ) [ 0000000000]
sext_ln92_3                           (sext             ) [ 0000000000]
write_ln92                            (write            ) [ 0000000000]
encoder_spike_counter_load_3          (load             ) [ 0000000000]
add_ln93_3                            (add              ) [ 0000000000]
store_ln93                            (store            ) [ 0000000000]
br_ln94                               (br               ) [ 0000000000]
trunc_ln88_2                          (trunc            ) [ 0000000000]
or_ln92_s                             (bitconcatenate   ) [ 0000000000]
sext_ln92_2                           (sext             ) [ 0000000000]
write_ln92                            (write            ) [ 0000000000]
encoder_spike_counter_load_2          (load             ) [ 0000000000]
add_ln93_2                            (add              ) [ 0000000000]
store_ln93                            (store            ) [ 0000000000]
br_ln94                               (br               ) [ 0000000000]
sub_ln165_1                           (sub              ) [ 0000000000]
store_ln165                           (store            ) [ 0000000000]
br_ln166                              (br               ) [ 0000000000]
tmp_15                                (nbwritereq       ) [ 0001000100]
br_ln82                               (br               ) [ 0000000000]
trunc_ln88_8                          (trunc            ) [ 0000000000]
or_ln92_6                             (bitconcatenate   ) [ 0000000000]
sext_ln92_8                           (sext             ) [ 0000000000]
write_ln92                            (write            ) [ 0000000000]
encoder_spike_counter_load_8          (load             ) [ 0000000000]
add_ln93_8                            (add              ) [ 0000000000]
store_ln93                            (store            ) [ 0000000000]
br_ln94                               (br               ) [ 0000000000]
tmp_14                                (nbwritereq       ) [ 0001000100]
br_ln82                               (br               ) [ 0000000000]
trunc_ln88_7                          (trunc            ) [ 0000000000]
or_ln92_4                             (bitconcatenate   ) [ 0000000000]
sext_ln92_7                           (sext             ) [ 0000000000]
write_ln92                            (write            ) [ 0000000000]
encoder_spike_counter_load_7          (load             ) [ 0000000000]
add_ln93_7                            (add              ) [ 0000000000]
store_ln93                            (store            ) [ 0000000000]
br_ln94                               (br               ) [ 0000000000]
sub_ln165                             (sub              ) [ 0000000000]
store_ln165                           (store            ) [ 0000000000]
br_ln166                              (br               ) [ 0000000000]
tmp_13                                (nbwritereq       ) [ 0001000100]
br_ln82                               (br               ) [ 0000000000]
trunc_ln88_6                          (trunc            ) [ 0000000000]
or_ln92_2                             (bitconcatenate   ) [ 0000000000]
sext_ln92_6                           (sext             ) [ 0000000000]
write_ln92                            (write            ) [ 0000000000]
encoder_spike_counter_load_6          (load             ) [ 0000000000]
add_ln93_6                            (add              ) [ 0000000000]
store_ln93                            (store            ) [ 0000000000]
br_ln94                               (br               ) [ 0000000000]
sub_ln165_2                           (sub              ) [ 0000000000]
store_ln165                           (store            ) [ 0000000000]
br_ln166                              (br               ) [ 0000000000]
lfsr_load_3                           (load             ) [ 0000000000]
trunc_ln41_3                          (trunc            ) [ 0000000000]
tmp_47                                (bitselect        ) [ 0000000000]
tmp_48                                (bitselect        ) [ 0000000000]
tmp_49                                (bitselect        ) [ 0000000000]
lshr_ln42_4                           (partselect       ) [ 0000000000]
xor_ln42_14                           (xor              ) [ 0000000000]
xor_ln42_15                           (xor              ) [ 0000000000]
xor_ln42_4                            (xor              ) [ 0000000000]
random_4                              (bitconcatenate   ) [ 0000000000]
store_ln42                            (store            ) [ 0000000000]
icmp_ln110_4                          (icmp             ) [ 0101100111]
br_ln110                              (br               ) [ 0000000000]
br_ln112                              (br               ) [ 0000000000]
icmp_ln163_4                          (icmp             ) [ 0101100111]
br_ln163                              (br               ) [ 0000000000]
sub_ln165_4                           (sub              ) [ 0000000000]
store_ln165                           (store            ) [ 0000000000]
br_ln166                              (br               ) [ 0000000000]
tmp_16                                (partselect       ) [ 0100100011]
tmp_24                                (nbwritereq       ) [ 0100000001]
br_ln82                               (br               ) [ 0000000000]
tmp_21                                (nbwritereq       ) [ 0100000001]
br_ln82                               (br               ) [ 0000000000]
tmp_19                                (nbwritereq       ) [ 0100000001]
br_ln82                               (br               ) [ 0000000000]
tmp_23                                (nbwritereq       ) [ 0000100010]
br_ln82                               (br               ) [ 0000000000]
trunc_ln88_13                         (trunc            ) [ 0000000000]
or_ln92_13                            (bitconcatenate   ) [ 0000000000]
sext_ln92_13                          (sext             ) [ 0000000000]
write_ln92                            (write            ) [ 0000000000]
encoder_spike_counter_load_13         (load             ) [ 0000000000]
add_ln93_13                           (add              ) [ 0000000000]
store_ln93                            (store            ) [ 0000000000]
br_ln94                               (br               ) [ 0000000000]
tmp_18                                (nbwritereq       ) [ 0000100010]
br_ln82                               (br               ) [ 0000000000]
trunc_ln88_10                         (trunc            ) [ 0000000000]
or_ln92_10                            (bitconcatenate   ) [ 0000000000]
sext_ln92_10                          (sext             ) [ 0000000000]
write_ln92                            (write            ) [ 0000000000]
encoder_spike_counter_load_10         (load             ) [ 0000000000]
add_ln93_10                           (add              ) [ 0000000000]
store_ln93                            (store            ) [ 0000000000]
br_ln94                               (br               ) [ 0000000000]
tmp_17                                (nbwritereq       ) [ 0000100010]
br_ln82                               (br               ) [ 0000000000]
trunc_ln88_9                          (trunc            ) [ 0000000000]
or_ln92_9                             (bitconcatenate   ) [ 0000000000]
sext_ln92_9                           (sext             ) [ 0000000000]
write_ln92                            (write            ) [ 0000000000]
encoder_spike_counter_load_9          (load             ) [ 0000000000]
add_ln93_9                            (add              ) [ 0000000000]
store_ln93                            (store            ) [ 0000000000]
br_ln94                               (br               ) [ 0000000000]
trunc_ln88_14                         (trunc            ) [ 0000000000]
or_ln92_14                            (bitconcatenate   ) [ 0000000000]
sext_ln92_14                          (sext             ) [ 0000000000]
write_ln92                            (write            ) [ 0000000000]
encoder_spike_counter_load_14         (load             ) [ 0000000000]
add_ln93_14                           (add              ) [ 0000000000]
store_ln93                            (store            ) [ 0000000000]
br_ln94                               (br               ) [ 0000000000]
trunc_ln88_12                         (trunc            ) [ 0000000000]
or_ln92_12                            (bitconcatenate   ) [ 0000000000]
sext_ln92_12                          (sext             ) [ 0000000000]
write_ln92                            (write            ) [ 0000000000]
encoder_spike_counter_load_12         (load             ) [ 0000000000]
add_ln93_12                           (add              ) [ 0000000000]
store_ln93                            (store            ) [ 0000000000]
br_ln94                               (br               ) [ 0000000000]
trunc_ln88_11                         (trunc            ) [ 0000000000]
or_ln92_11                            (bitconcatenate   ) [ 0000000000]
sext_ln92_11                          (sext             ) [ 0000000000]
write_ln92                            (write            ) [ 0000000000]
encoder_spike_counter_load_11         (load             ) [ 0000000000]
add_ln93_11                           (add              ) [ 0000000000]
store_ln93                            (store            ) [ 0000000000]
br_ln94                               (br               ) [ 0000000000]
tmp_33                                (nbwritereq       ) [ 0100000001]
br_ln82                               (br               ) [ 0000000000]
trunc_ln88_17                         (trunc            ) [ 0000000000]
or_ln92_17                            (bitconcatenate   ) [ 0000000000]
sext_ln92_17                          (sext             ) [ 0000000000]
write_ln92                            (write            ) [ 0000000000]
encoder_spike_counter_load_17         (load             ) [ 0000000000]
add_ln93_17                           (add              ) [ 0000000000]
store_ln93                            (store            ) [ 0000000000]
br_ln94                               (br               ) [ 0000000000]
tmp_32                                (nbwritereq       ) [ 0100000001]
br_ln82                               (br               ) [ 0000000000]
trunc_ln88_16                         (trunc            ) [ 0000000000]
or_ln92_16                            (bitconcatenate   ) [ 0000000000]
sext_ln92_16                          (sext             ) [ 0000000000]
write_ln92                            (write            ) [ 0000000000]
encoder_spike_counter_load_16         (load             ) [ 0000000000]
add_ln93_16                           (add              ) [ 0000000000]
store_ln93                            (store            ) [ 0000000000]
br_ln94                               (br               ) [ 0000000000]
tmp_29                                (nbwritereq       ) [ 0100000001]
br_ln82                               (br               ) [ 0000000000]
trunc_ln88_15                         (trunc            ) [ 0000000000]
or_ln92_15                            (bitconcatenate   ) [ 0000000000]
sext_ln92_15                          (sext             ) [ 0000000000]
write_ln92                            (write            ) [ 0000000000]
encoder_spike_counter_load_15         (load             ) [ 0000000000]
add_ln93_15                           (add              ) [ 0000000000]
store_ln93                            (store            ) [ 0000000000]
br_ln94                               (br               ) [ 0000000000]
ret_ln0                               (ret              ) [ 0000000000]
</LifeTime>

<model>

<comp_list>
<comp id="0" class="1000" name="time_r">
<pin_list>
<pin id="1" dir="1" index="0" bw="1" slack="0"/>
</pin_list>
<bind>
<StgValue><ssdm name="time_r"/></StgValue>
</bind>
</comp>

<comp id="2" class="1000" name="config_num_channels_val">
<pin_list>
<pin id="3" dir="1" index="0" bw="1" slack="0"/>
</pin_list>
<bind>
<StgValue><ssdm name="config_num_channels_val"/></StgValue>
</bind>
</comp>

<comp id="4" class="1000" name="config_baseline_val">
<pin_list>
<pin id="5" dir="1" index="0" bw="1" slack="0"/>
</pin_list>
<bind>
<StgValue><ssdm name="config_baseline_val"/></StgValue>
</bind>
</comp>

<comp id="6" class="1000" name="config_encoding_type_val">
<pin_list>
<pin id="7" dir="1" index="0" bw="1" slack="0"/>
</pin_list>
<bind>
<StgValue><ssdm name="config_encoding_type_val"/></StgValue>
</bind>
</comp>

<comp id="8" class="1000" name="config_two_neuron_enable_val">
<pin_list>
<pin id="9" dir="1" index="0" bw="1" slack="0"/>
</pin_list>
<bind>
<StgValue><ssdm name="config_two_neuron_enable_val"/></StgValue>
</bind>
</comp>

<comp id="10" class="1000" name="zext_ln108">
<pin_list>
<pin id="11" dir="1" index="0" bw="1" slack="0"/>
</pin_list>
<bind>
<StgValue><ssdm name="zext_ln108"/></StgValue>
</bind>
</comp>

<comp id="12" class="1000" name="encoder_spikes">
<pin_list>
<pin id="13" dir="1" index="0" bw="1" slack="0"/>
</pin_list>
<bind>
<StgValue><ssdm name="encoder_spikes"/></StgValue>
</bind>
</comp>

<comp id="14" class="1000" name="config_default_weight_val">
<pin_list>
<pin id="15" dir="1" index="0" bw="1" slack="0"/>
</pin_list>
<bind>
<StgValue><ssdm name="config_default_weight_val"/></StgValue>
</bind>
</comp>

<comp id="16" class="1000" name="latency_window_reset_1">
<pin_list>
<pin id="17" dir="1" index="0" bw="1" slack="0"/>
</pin_list>
<bind>
<StgValue><ssdm name="latency_window_reset_1"/></StgValue>
</bind>
</comp>

<comp id="18" class="1000" name="zext_ln137_13">
<pin_list>
<pin id="19" dir="1" index="0" bw="1" slack="0"/>
</pin_list>
<bind>
<StgValue><ssdm name="zext_ln137_13"/></StgValue>
</bind>
</comp>

<comp id="20" class="1000" name="config_delta_decay_val">
<pin_list>
<pin id="21" dir="1" index="0" bw="1" slack="0"/>
</pin_list>
<bind>
<StgValue><ssdm name="config_delta_decay_val"/></StgValue>
</bind>
</comp>

<comp id="22" class="1000" name="config_delta_threshold_val">
<pin_list>
<pin id="23" dir="1" index="0" bw="1" slack="0"/>
</pin_list>
<bind>
<StgValue><ssdm name="config_delta_threshold_val"/></StgValue>
</bind>
</comp>

<comp id="24" class="1000" name="p_ZL13encoder_frame_0">
<pin_list>
<pin id="25" dir="1" index="0" bw="1" slack="0"/>
</pin_list>
<bind>
<StgValue><ssdm name="p_ZL13encoder_frame_0"/><MemPortTyVec>1 3 </MemPortTyVec>
</StgValue>
</bind>
</comp>

<comp id="26" class="1000" name="lfsr">
<pin_list>
<pin id="27" dir="1" index="0" bw="1" slack="0"/>
</pin_list>
<bind>
<StgValue><ssdm name="lfsr"/></StgValue>
</bind>
</comp>

<comp id="28" class="1000" name="encoder_spike_counter">
<pin_list>
<pin id="29" dir="1" index="0" bw="1" slack="0"/>
</pin_list>
<bind>
<StgValue><ssdm name="encoder_spike_counter"/></StgValue>
</bind>
</comp>

<comp id="30" class="1000" name="p_ZL22encoder_temporal_fired_1">
<pin_list>
<pin id="31" dir="1" index="0" bw="1" slack="0"/>
</pin_list>
<bind>
<StgValue><ssdm name="p_ZL22encoder_temporal_fired_1"/><MemPortTyVec>1 2 </MemPortTyVec>
</StgValue>
</bind>
</comp>

<comp id="32" class="1000" name="p_ZL22encoder_temporal_fired_0">
<pin_list>
<pin id="33" dir="1" index="0" bw="1" slack="0"/>
</pin_list>
<bind>
<StgValue><ssdm name="p_ZL22encoder_temporal_fired_0"/><MemPortTyVec>1 2 </MemPortTyVec>
</StgValue>
</bind>
</comp>

<comp id="34" class="1000" name="p_ZL22encoder_temporal_start_0">
<pin_list>
<pin id="35" dir="1" index="0" bw="1" slack="0"/>
</pin_list>
<bind>
<StgValue><ssdm name="p_ZL22encoder_temporal_start_0"/><MemPortTyVec>1 0 </MemPortTyVec>
</StgValue>
</bind>
</comp>

<comp id="36" class="1000" name="p_ZL22encoder_temporal_start_1">
<pin_list>
<pin id="37" dir="1" index="0" bw="1" slack="0"/>
</pin_list>
<bind>
<StgValue><ssdm name="p_ZL22encoder_temporal_start_1"/><MemPortTyVec>1 0 </MemPortTyVec>
</StgValue>
</bind>
</comp>

<comp id="38" class="1000" name="p_ZL17encoder_phase_acc_1">
<pin_list>
<pin id="39" dir="1" index="0" bw="1" slack="0"/>
</pin_list>
<bind>
<StgValue><ssdm name="p_ZL17encoder_phase_acc_1"/><MemPortTyVec>1 0 </MemPortTyVec>
</StgValue>
</bind>
</comp>

<comp id="40" class="1000" name="p_ZL17encoder_phase_acc_0">
<pin_list>
<pin id="41" dir="1" index="0" bw="1" slack="0"/>
</pin_list>
<bind>
<StgValue><ssdm name="p_ZL17encoder_phase_acc_0"/><MemPortTyVec>1 0 </MemPortTyVec>
</StgValue>
</bind>
</comp>

<comp id="42" class="1000" name="p_ZL13encoder_frame_1">
<pin_list>
<pin id="43" dir="1" index="0" bw="1" slack="0"/>
</pin_list>
<bind>
<StgValue><ssdm name="p_ZL13encoder_frame_1"/><MemPortTyVec>1 3 </MemPortTyVec>
</StgValue>
</bind>
</comp>

<comp id="44" class="1001" name="const_44">
<pin_list>
<pin id="45" dir="1" index="0" bw="1" slack="0"/>
</pin_list>
<bind>
<StgValue><ssdm name=""/></StgValue>
</bind>
</comp>

<comp id="46" class="1001" name="const_46">
<pin_list>
<pin id="47" dir="1" index="0" bw="1" slack="0"/>
</pin_list>
<bind>
<StgValue><ssdm name="_ssdm_op_Read.ap_auto.i16"/></StgValue>
</bind>
</comp>

<comp id="48" class="1001" name="const_48">
<pin_list>
<pin id="49" dir="1" index="0" bw="1" slack="0"/>
</pin_list>
<bind>
<StgValue><ssdm name="_ssdm_op_Read.ap_auto.i1"/></StgValue>
</bind>
</comp>

<comp id="50" class="1001" name="const_50">
<pin_list>
<pin id="51" dir="1" index="0" bw="1" slack="0"/>
</pin_list>
<bind>
<StgValue><ssdm name="_ssdm_op_Read.ap_auto.i8"/></StgValue>
</bind>
</comp>

<comp id="52" class="1001" name="const_52">
<pin_list>
<pin id="53" dir="1" index="0" bw="1" slack="0"/>
</pin_list>
<bind>
<StgValue><ssdm name="_ssdm_op_Read.ap_auto.i4"/></StgValue>
</bind>
</comp>

<comp id="54" class="1001" name="const_54">
<pin_list>
<pin id="55" dir="1" index="0" bw="1" slack="0"/>
</pin_list>
<bind>
<StgValue><ssdm name="_ssdm_op_Read.ap_auto.i32"/></StgValue>
</bind>
</comp>

<comp id="56" class="1001" name="const_56">
<pin_list>
<pin id="57" dir="1" index="0" bw="1" slack="2147483647"/>
</pin_list>
<bind>
<StgValue><ssdm name="_ssdm_op_SpecMemCore"/></StgValue>
</bind>
</comp>

<comp id="58" class="1001" name="const_58">
<pin_list>
<pin id="59" dir="1" index="0" bw="1" slack="2147483647"/>
</pin_list>
<bind>
<StgValue><ssdm name=""/></StgValue>
</bind>
</comp>

<comp id="60" class="1001" name="const_60">
<pin_list>
<pin id="61" dir="1" index="0" bw="1" slack="2147483647"/>
</pin_list>
<bind>
<StgValue><ssdm name=""/></StgValue>
</bind>
</comp>

<comp id="62" class="1001" name="const_62">
<pin_list>
<pin id="63" dir="1" index="0" bw="1" slack="2147483647"/>
</pin_list>
<bind>
<StgValue><ssdm name=""/></StgValue>
</bind>
</comp>

<comp id="64" class="1001" name="const_64">
<pin_list>
<pin id="65" dir="1" index="0" bw="1" slack="0"/>
</pin_list>
<bind>
<StgValue><ssdm name=""/></StgValue>
</bind>
</comp>

<comp id="66" class="1001" name="const_66">
<pin_list>
<pin id="67" dir="1" index="0" bw="1" slack="2147483647"/>
</pin_list>
<bind>
<StgValue><ssdm name="_ssdm_op_SpecInterface"/></StgValue>
</bind>
</comp>

<comp id="68" class="1001" name="const_68">
<pin_list>
<pin id="69" dir="1" index="0" bw="1" slack="2147483647"/>
</pin_list>
<bind>
<StgValue><ssdm name="empty_35"/></StgValue>
</bind>
</comp>

<comp id="70" class="1001" name="const_70">
<pin_list>
<pin id="71" dir="1" index="0" bw="1" slack="2147483647"/>
</pin_list>
<bind>
<StgValue><ssdm name=""/></StgValue>
</bind>
</comp>

<comp id="72" class="1001" name="const_72">
<pin_list>
<pin id="73" dir="1" index="0" bw="1" slack="2147483647"/>
</pin_list>
<bind>
<StgValue><ssdm name="empty_3"/></StgValue>
</bind>
</comp>

<comp id="74" class="1001" name="const_74">
<pin_list>
<pin id="75" dir="1" index="0" bw="1" slack="2147483647"/>
</pin_list>
<bind>
<StgValue><ssdm name=""/></StgValue>
</bind>
</comp>

<comp id="76" class="1001" name="const_76">
<pin_list>
<pin id="77" dir="1" index="0" bw="1" slack="0"/>
</pin_list>
<bind>
<StgValue><ssdm name=""/></StgValue>
</bind>
</comp>

<comp id="78" class="1001" name="const_78">
<pin_list>
<pin id="79" dir="1" index="0" bw="1" slack="0"/>
</pin_list>
<bind>
<StgValue><ssdm name=""/></StgValue>
</bind>
</comp>

<comp id="80" class="1001" name="const_80">
<pin_list>
<pin id="81" dir="1" index="0" bw="1" slack="2147483647"/>
</pin_list>
<bind>
<StgValue><ssdm name="_ssdm_op_SpecPipeline"/></StgValue>
</bind>
</comp>

<comp id="82" class="1001" name="const_82">
<pin_list>
<pin id="83" dir="1" index="0" bw="1" slack="2147483647"/>
</pin_list>
<bind>
<StgValue><ssdm name="_ssdm_op_SpecLoopTripCount"/></StgValue>
</bind>
</comp>

<comp id="84" class="1001" name="const_84">
<pin_list>
<pin id="85" dir="1" index="0" bw="1" slack="2147483647"/>
</pin_list>
<bind>
<StgValue><ssdm name=""/></StgValue>
</bind>
</comp>

<comp id="86" class="1001" name="const_86">
<pin_list>
<pin id="87" dir="1" index="0" bw="1" slack="2147483647"/>
</pin_list>
<bind>
<StgValue><ssdm name="_ssdm_op_SpecLoopName"/></StgValue>
</bind>
</comp>

<comp id="88" class="1001" name="const_88">
<pin_list>
<pin id="89" dir="1" index="0" bw="1" slack="2147483647"/>
</pin_list>
<bind>
<StgValue><ssdm name="empty_30"/></StgValue>
</bind>
</comp>

<comp id="90" class="1001" name="const_90">
<pin_list>
<pin id="91" dir="1" index="0" bw="1" slack="0"/>
</pin_list>
<bind>
<StgValue><ssdm name="_ssdm_op_PartSelect.i9.i10.i32.i32"/></StgValue>
</bind>
</comp>

<comp id="92" class="1001" name="const_92">
<pin_list>
<pin id="93" dir="1" index="0" bw="1" slack="0"/>
</pin_list>
<bind>
<StgValue><ssdm name=""/></StgValue>
</bind>
</comp>

<comp id="94" class="1001" name="const_94">
<pin_list>
<pin id="95" dir="1" index="0" bw="1" slack="0"/>
</pin_list>
<bind>
<StgValue><ssdm name=""/></StgValue>
</bind>
</comp>

<comp id="96" class="1001" name="const_96">
<pin_list>
<pin id="97" dir="1" index="0" bw="1" slack="0"/>
</pin_list>
<bind>
<StgValue><ssdm name=""/></StgValue>
</bind>
</comp>

<comp id="98" class="1001" name="const_98">
<pin_list>
<pin id="99" dir="1" index="0" bw="1" slack="0"/>
</pin_list>
<bind>
<StgValue><ssdm name=""/></StgValue>
</bind>
</comp>

<comp id="100" class="1001" name="const_100">
<pin_list>
<pin id="101" dir="1" index="0" bw="1" slack="0"/>
</pin_list>
<bind>
<StgValue><ssdm name=""/></StgValue>
</bind>
</comp>

<comp id="102" class="1001" name="const_102">
<pin_list>
<pin id="103" dir="1" index="0" bw="1" slack="0"/>
</pin_list>
<bind>
<StgValue><ssdm name="_ssdm_op_BitConcatenate.i10.i9.i1"/></StgValue>
</bind>
</comp>

<comp id="104" class="1001" name="const_104">
<pin_list>
<pin id="105" dir="1" index="0" bw="1" slack="0"/>
</pin_list>
<bind>
<StgValue><ssdm name=""/></StgValue>
</bind>
</comp>

<comp id="106" class="1001" name="const_106">
<pin_list>
<pin id="107" dir="1" index="0" bw="1" slack="0"/>
</pin_list>
<bind>
<StgValue><ssdm name=""/></StgValue>
</bind>
</comp>

<comp id="108" class="1001" name="const_108">
<pin_list>
<pin id="109" dir="1" index="0" bw="1" slack="0"/>
</pin_list>
<bind>
<StgValue><ssdm name="_ssdm_op_PartSelect.i16.i24.i32.i32"/></StgValue>
</bind>
</comp>

<comp id="110" class="1001" name="const_110">
<pin_list>
<pin id="111" dir="1" index="0" bw="1" slack="0"/>
</pin_list>
<bind>
<StgValue><ssdm name=""/></StgValue>
</bind>
</comp>

<comp id="112" class="1001" name="const_112">
<pin_list>
<pin id="113" dir="1" index="0" bw="1" slack="0"/>
</pin_list>
<bind>
<StgValue><ssdm name=""/></StgValue>
</bind>
</comp>

<comp id="114" class="1001" name="const_114">
<pin_list>
<pin id="115" dir="1" index="0" bw="1" slack="0"/>
</pin_list>
<bind>
<StgValue><ssdm name=""/></StgValue>
</bind>
</comp>

<comp id="116" class="1001" name="const_116">
<pin_list>
<pin id="117" dir="1" index="0" bw="1" slack="0"/>
</pin_list>
<bind>
<StgValue><ssdm name="_ssdm_op_BitSelect.i1.i16.i32"/></StgValue>
</bind>
</comp>

<comp id="118" class="1001" name="const_118">
<pin_list>
<pin id="119" dir="1" index="0" bw="1" slack="0"/>
</pin_list>
<bind>
<StgValue><ssdm name=""/></StgValue>
</bind>
</comp>

<comp id="120" class="1001" name="const_120">
<pin_list>
<pin id="121" dir="1" index="0" bw="1" slack="0"/>
</pin_list>
<bind>
<StgValue><ssdm name=""/></StgValue>
</bind>
</comp>

<comp id="122" class="1001" name="const_122">
<pin_list>
<pin id="123" dir="1" index="0" bw="1" slack="0"/>
</pin_list>
<bind>
<StgValue><ssdm name=""/></StgValue>
</bind>
</comp>

<comp id="124" class="1001" name="const_124">
<pin_list>
<pin id="125" dir="1" index="0" bw="1" slack="0"/>
</pin_list>
<bind>
<StgValue><ssdm name="_ssdm_op_PartSelect.i15.i16.i32.i32"/></StgValue>
</bind>
</comp>

<comp id="126" class="1001" name="const_126">
<pin_list>
<pin id="127" dir="1" index="0" bw="1" slack="0"/>
</pin_list>
<bind>
<StgValue><ssdm name=""/></StgValue>
</bind>
</comp>

<comp id="128" class="1001" name="const_128">
<pin_list>
<pin id="129" dir="1" index="0" bw="1" slack="0"/>
</pin_list>
<bind>
<StgValue><ssdm name="_ssdm_op_BitConcatenate.i16.i1.i15"/></StgValue>
</bind>
</comp>

<comp id="130" class="1001" name="const_130">
<pin_list>
<pin id="131" dir="1" index="0" bw="1" slack="0"/>
</pin_list>
<bind>
<StgValue><ssdm name=""/></StgValue>
</bind>
</comp>

<comp id="132" class="1001" name="const_132">
<pin_list>
<pin id="133" dir="1" index="0" bw="1" slack="0"/>
</pin_list>
<bind>
<StgValue><ssdm name=""/></StgValue>
</bind>
</comp>

<comp id="134" class="1001" name="const_134">
<pin_list>
<pin id="135" dir="1" index="0" bw="1" slack="0"/>
</pin_list>
<bind>
<StgValue><ssdm name="_ssdm_op_PartSelect.i14.i16.i32.i32"/></StgValue>
</bind>
</comp>

<comp id="136" class="1001" name="const_136">
<pin_list>
<pin id="137" dir="1" index="0" bw="1" slack="0"/>
</pin_list>
<bind>
<StgValue><ssdm name="_ssdm_op_BitConcatenate.i16.i1.i1.i14"/></StgValue>
</bind>
</comp>

<comp id="138" class="1001" name="const_138">
<pin_list>
<pin id="139" dir="1" index="0" bw="1" slack="0"/>
</pin_list>
<bind>
<StgValue><ssdm name=""/></StgValue>
</bind>
</comp>

<comp id="140" class="1001" name="const_140">
<pin_list>
<pin id="141" dir="1" index="0" bw="1" slack="0"/>
</pin_list>
<bind>
<StgValue><ssdm name="_ssdm_op_NbWriteReq.ap_fifo.i41P0A"/></StgValue>
</bind>
</comp>

<comp id="142" class="1001" name="const_142">
<pin_list>
<pin id="143" dir="1" index="0" bw="1" slack="0"/>
</pin_list>
<bind>
<StgValue><ssdm name="_ssdm_op_BitConcatenate.i33.i1.i14.i8.i9.i1"/></StgValue>
</bind>
</comp>

<comp id="144" class="1001" name="const_144">
<pin_list>
<pin id="145" dir="1" index="0" bw="1" slack="0"/>
</pin_list>
<bind>
<StgValue><ssdm name="_ssdm_op_Write.ap_fifo.volatile.i41P0A"/></StgValue>
</bind>
</comp>

<comp id="146" class="1001" name="const_146">
<pin_list>
<pin id="147" dir="1" index="0" bw="1" slack="0"/>
</pin_list>
<bind>
<StgValue><ssdm name="_ssdm_op_BitConcatenate.i33.i1.i14.i8.i10"/></StgValue>
</bind>
</comp>

<comp id="148" class="1001" name="const_148">
<pin_list>
<pin id="149" dir="1" index="0" bw="1" slack="0"/>
</pin_list>
<bind>
<StgValue><ssdm name="_ssdm_op_PartSelect.i8.i10.i32.i32"/></StgValue>
</bind>
</comp>

<comp id="150" class="1001" name="const_150">
<pin_list>
<pin id="151" dir="1" index="0" bw="1" slack="0"/>
</pin_list>
<bind>
<StgValue><ssdm name="_ssdm_op_BitConcatenate.i33.i1.i14.i8.i8.i2"/></StgValue>
</bind>
</comp>

<comp id="152" class="1001" name="const_152">
<pin_list>
<pin id="153" dir="1" index="0" bw="1" slack="0"/>
</pin_list>
<bind>
<StgValue><ssdm name=""/></StgValue>
</bind>
</comp>

<comp id="154" class="1001" name="const_154">
<pin_list>
<pin id="155" dir="1" index="0" bw="1" slack="0"/>
</pin_list>
<bind>
<StgValue><ssdm name=""/></StgValue>
</bind>
</comp>

<comp id="156" class="1004" name="ch_fu_156">
<pin_list>
<pin id="157" dir="0" index="0" bw="1" slack="0"/>
<pin id="158" dir="1" index="1" bw="10" slack="0"/>
</pin_list>
<bind>
<opcode="alloca(26) " fcode="alloca"/>
<opset="ch/1 "/>
</bind>
</comp>

<comp id="160" class="1004" name="config_delta_threshold_val_read_read_fu_160">
<pin_list>
<pin id="161" dir="0" index="0" bw="16" slack="0"/>
<pin id="162" dir="0" index="1" bw="16" slack="0"/>
<pin id="163" dir="1" index="2" bw="16" slack="4"/>
</pin_list>
<bind>
<opcode="read(1150) " fcode="read"/>
<opset="config_delta_threshold_val_read/1 "/>
</bind>
</comp>

<comp id="166" class="1004" name="config_delta_decay_val_read_read_fu_166">
<pin_list>
<pin id="167" dir="0" index="0" bw="16" slack="0"/>
<pin id="168" dir="0" index="1" bw="16" slack="0"/>
<pin id="169" dir="1" index="2" bw="16" slack="3"/>
</pin_list>
<bind>
<opcode="read(1150) " fcode="read"/>
<opset="config_delta_decay_val_read/1 "/>
</bind>
</comp>

<comp id="172" class="1004" name="zext_ln137_13_read_read_fu_172">
<pin_list>
<pin id="173" dir="0" index="0" bw="16" slack="0"/>
<pin id="174" dir="0" index="1" bw="16" slack="0"/>
<pin id="175" dir="1" index="2" bw="16" slack="0"/>
</pin_list>
<bind>
<opcode="read(1150) " fcode="read"/>
<opset="zext_ln137_13_read/1 "/>
</bind>
</comp>

<comp id="178" class="1004" name="latency_window_reset_1_read_read_fu_178">
<pin_list>
<pin id="179" dir="0" index="0" bw="1" slack="0"/>
<pin id="180" dir="0" index="1" bw="1" slack="0"/>
<pin id="181" dir="1" index="2" bw="1" slack="1"/>
</pin_list>
<bind>
<opcode="read(1150) " fcode="read"/>
<opset="latency_window_reset_1_read/1 "/>
</bind>
</comp>

<comp id="184" class="1004" name="config_default_weight_val_read_read_fu_184">
<pin_list>
<pin id="185" dir="0" index="0" bw="8" slack="0"/>
<pin id="186" dir="0" index="1" bw="8" slack="0"/>
<pin id="187" dir="1" index="2" bw="8" slack="5"/>
</pin_list>
<bind>
<opcode="read(1150) " fcode="read"/>
<opset="config_default_weight_val_read/1 "/>
</bind>
</comp>

<comp id="190" class="1004" name="zext_ln108_read_read_fu_190">
<pin_list>
<pin id="191" dir="0" index="0" bw="16" slack="0"/>
<pin id="192" dir="0" index="1" bw="16" slack="0"/>
<pin id="193" dir="1" index="2" bw="16" slack="0"/>
</pin_list>
<bind>
<opcode="read(1150) " fcode="read"/>
<opset="zext_ln108_read/1 "/>
</bind>
</comp>

<comp id="196" class="1004" name="config_two_neuron_enable_val_read_read_fu_196">
<pin_list>
<pin id="197" dir="0" index="0" bw="1" slack="0"/>
<pin id="198" dir="0" index="1" bw="1" slack="0"/>
<pin id="199" dir="1" index="2" bw="1" slack="1"/>
</pin_list>
<bind>
<opcode="read(1150) " fcode="read"/>
<opset="config_two_neuron_enable_val_read/1 "/>
</bind>
</comp>

<comp id="202" class="1004" name="config_encoding_type_val_read_read_fu_202">
<pin_list>
<pin id="203" dir="0" index="0" bw="4" slack="0"/>
<pin id="204" dir="0" index="1" bw="4" slack="0"/>
<pin id="205" dir="1" index="2" bw="4" slack="0"/>
</pin_list>
<bind>
<opcode="read(1150) " fcode="read"/>
<opset="config_encoding_type_val_read/1 "/>
</bind>
</comp>

<comp id="208" class="1004" name="config_baseline_val_read_read_fu_208">
<pin_list>
<pin id="209" dir="0" index="0" bw="8" slack="0"/>
<pin id="210" dir="0" index="1" bw="8" slack="0"/>
<pin id="211" dir="1" index="2" bw="8" slack="1"/>
</pin_list>
<bind>
<opcode="read(1150) " fcode="read"/>
<opset="config_baseline_val_read/1 "/>
</bind>
</comp>

<comp id="214" class="1004" name="config_num_channels_val_read_read_fu_214">
<pin_list>
<pin id="215" dir="0" index="0" bw="16" slack="0"/>
<pin id="216" dir="0" index="1" bw="16" slack="0"/>
<pin id="217" dir="1" index="2" bw="16" slack="0"/>
</pin_list>
<bind>
<opcode="read(1150) " fcode="read"/>
<opset="config_num_channels_val_read/1 "/>
</bind>
</comp>

<comp id="220" class="1004" name="time_read_read_fu_220">
<pin_list>
<pin id="221" dir="0" index="0" bw="32" slack="0"/>
<pin id="222" dir="0" index="1" bw="32" slack="0"/>
<pin id="223" dir="1" index="2" bw="32" slack="0"/>
</pin_list>
<bind>
<opcode="read(1150) " fcode="read"/>
<opset="time_read/1 "/>
</bind>
</comp>

<comp id="226" class="1004" name="grp_nbwritereq_fu_226">
<pin_list>
<pin id="227" dir="0" index="0" bw="1" slack="0"/>
<pin id="228" dir="0" index="1" bw="41" slack="0"/>
<pin id="229" dir="0" index="2" bw="1" slack="0"/>
<pin id="230" dir="1" index="3" bw="1" slack="1"/>
</pin_list>
<bind>
<opcode="nbwritereq(1157) " fcode="nbwritereq"/>
<opset="tmp_12/6 tmp_9/6 tmp_8/6 tmp_11/6 tmp_s/6 tmp/6 tmp_15/7 tmp_14/7 tmp_13/7 tmp_24/8 tmp_21/8 tmp_19/8 tmp_23/8 tmp_18/8 tmp_17/8 tmp_33/9 tmp_32/9 tmp_29/9 "/>
</bind>
</comp>

<comp id="234" class="1004" name="grp_write_fu_234">
<pin_list>
<pin id="235" dir="0" index="0" bw="0" slack="0"/>
<pin id="236" dir="0" index="1" bw="41" slack="0"/>
<pin id="237" dir="0" index="2" bw="33" slack="0"/>
<pin id="238" dir="1" index="3" bw="0" slack="2147483647"/>
</pin_list>
<bind>
<opcode="write(1151) " fcode="write"/>
<opset="write_ln92/6 write_ln92/6 write_ln92/6 write_ln92/7 write_ln92/7 write_ln92/7 write_ln92/7 write_ln92/7 write_ln92/7 write_ln92/8 write_ln92/8 write_ln92/8 write_ln92/9 write_ln92/9 write_ln92/9 write_ln92/9 write_ln92/9 write_ln92/9 "/>
</bind>
</comp>

<comp id="241" class="1004" name="p_ZL13encoder_frame_0_addr_gep_fu_241">
<pin_list>
<pin id="242" dir="0" index="0" bw="8" slack="0"/>
<pin id="243" dir="0" index="1" bw="1" slack="0"/>
<pin id="244" dir="0" index="2" bw="9" slack="0"/>
<pin id="245" dir="1" index="3" bw="9" slack="0"/>
</pin_list>
<bind>
<opcode="getelementptr(29) " fcode="getelementptr"/>
<opset="p_ZL13encoder_frame_0_addr/1 "/>
</bind>
</comp>

<comp id="248" class="1004" name="grp_access_fu_248">
<pin_list>
<pin id="249" dir="0" index="0" bw="9" slack="0"/>
<pin id="250" dir="0" index="1" bw="8" slack="2147483647"/>
<pin id="251" dir="0" index="2" bw="0" slack="2147483647"/>
<pin id="252" dir="1" index="3" bw="8" slack="0"/>
</pin_list>
<bind>
<opcode="load(27) " fcode="load"/>
<opset="input/1 "/>
</bind>
</comp>

<comp id="254" class="1004" name="p_ZL22encoder_temporal_start_0_addr_1_gep_fu_254">
<pin_list>
<pin id="255" dir="0" index="0" bw="32" slack="0"/>
<pin id="256" dir="0" index="1" bw="1" slack="0"/>
<pin id="257" dir="0" index="2" bw="9" slack="0"/>
<pin id="258" dir="1" index="3" bw="9" slack="0"/>
</pin_list>
<bind>
<opcode="getelementptr(29) " fcode="getelementptr"/>
<opset="p_ZL22encoder_temporal_start_0_addr_1/1 "/>
</bind>
</comp>

<comp id="261" class="1004" name="grp_access_fu_261">
<pin_list>
<pin id="262" dir="0" index="0" bw="9" slack="0"/>
<pin id="263" dir="0" index="1" bw="32" slack="2147483647"/>
<pin id="264" dir="0" index="2" bw="0" slack="0"/>
<pin id="266" dir="0" index="4" bw="9" slack="0"/>
<pin id="267" dir="0" index="5" bw="32" slack="2147483647"/>
<pin id="268" dir="0" index="6" bw="0" slack="2147483647"/>
<pin id="265" dir="1" index="3" bw="32" slack="0"/>
<pin id="269" dir="1" index="7" bw="32" slack="2147483647"/>
</pin_list>
<bind>
<opcode="load(27) store(28) " fcode="load"/>
<opset="store_ln130/1 store_ln130/1 p_ZL22encoder_temporal_start_0_load/2 store_ln130/2 p_ZL22encoder_temporal_start_0_load_2/3 p_ZL22encoder_temporal_start_0_load_1/4 "/>
</bind>
</comp>

<comp id="272" class="1004" name="p_ZL22encoder_temporal_fired_0_addr_gep_fu_272">
<pin_list>
<pin id="273" dir="0" index="0" bw="1" slack="0"/>
<pin id="274" dir="0" index="1" bw="1" slack="0"/>
<pin id="275" dir="0" index="2" bw="10" slack="0"/>
<pin id="276" dir="1" index="3" bw="9" slack="0"/>
</pin_list>
<bind>
<opcode="getelementptr(29) " fcode="getelementptr"/>
<opset="p_ZL22encoder_temporal_fired_0_addr/1 "/>
</bind>
</comp>

<comp id="279" class="1004" name="grp_access_fu_279">
<pin_list>
<pin id="280" dir="0" index="0" bw="9" slack="0"/>
<pin id="281" dir="0" index="1" bw="1" slack="2147483647"/>
<pin id="282" dir="0" index="2" bw="0" slack="0"/>
<pin id="442" dir="0" index="4" bw="9" slack="0"/>
<pin id="443" dir="0" index="5" bw="1" slack="2147483647"/>
<pin id="444" dir="0" index="6" bw="0" slack="2147483647"/>
<pin id="283" dir="1" index="3" bw="1" slack="1"/>
<pin id="445" dir="1" index="7" bw="1" slack="1"/>
</pin_list>
<bind>
<opcode="load(27) store(28) " fcode="store"/>
<opset="p_ZL22encoder_temporal_fired_0_load/1 p_ZL22encoder_temporal_fired_0_load_2/2 p_ZL22encoder_temporal_fired_0_load_1/3 store_ln129/3 store_ln129/3 store_ln129/4 store_ln139/5 store_ln139/6 store_ln139/6 "/>
</bind>
</comp>

<comp id="285" class="1004" name="p_ZL22encoder_temporal_start_0_addr_gep_fu_285">
<pin_list>
<pin id="286" dir="0" index="0" bw="32" slack="0"/>
<pin id="287" dir="0" index="1" bw="1" slack="0"/>
<pin id="288" dir="0" index="2" bw="10" slack="0"/>
<pin id="289" dir="1" index="3" bw="9" slack="0"/>
</pin_list>
<bind>
<opcode="getelementptr(29) " fcode="getelementptr"/>
<opset="p_ZL22encoder_temporal_start_0_addr/1 "/>
</bind>
</comp>

<comp id="293" class="1004" name="p_ZL22encoder_temporal_fired_1_addr_gep_fu_293">
<pin_list>
<pin id="294" dir="0" index="0" bw="1" slack="0"/>
<pin id="295" dir="0" index="1" bw="1" slack="0"/>
<pin id="296" dir="0" index="2" bw="10" slack="0"/>
<pin id="297" dir="1" index="3" bw="9" slack="0"/>
</pin_list>
<bind>
<opcode="getelementptr(29) " fcode="getelementptr"/>
<opset="p_ZL22encoder_temporal_fired_1_addr/1 "/>
</bind>
</comp>

<comp id="300" class="1004" name="grp_access_fu_300">
<pin_list>
<pin id="301" dir="0" index="0" bw="9" slack="0"/>
<pin id="302" dir="0" index="1" bw="1" slack="2147483647"/>
<pin id="303" dir="0" index="2" bw="0" slack="0"/>
<pin id="448" dir="0" index="4" bw="9" slack="0"/>
<pin id="449" dir="0" index="5" bw="1" slack="2147483647"/>
<pin id="450" dir="0" index="6" bw="0" slack="2147483647"/>
<pin id="304" dir="1" index="3" bw="1" slack="1"/>
<pin id="451" dir="1" index="7" bw="1" slack="1"/>
</pin_list>
<bind>
<opcode="load(27) store(28) " fcode="store"/>
<opset="p_ZL22encoder_temporal_fired_1_load/1 p_ZL22encoder_temporal_fired_1_load_2/2 store_ln129/3 p_ZL22encoder_temporal_fired_1_load_1/3 store_ln129/3 store_ln129/4 store_ln139/5 store_ln139/6 store_ln139/6 "/>
</bind>
</comp>

<comp id="306" class="1004" name="p_ZL22encoder_temporal_start_1_addr_gep_fu_306">
<pin_list>
<pin id="307" dir="0" index="0" bw="32" slack="0"/>
<pin id="308" dir="0" index="1" bw="1" slack="0"/>
<pin id="309" dir="0" index="2" bw="10" slack="0"/>
<pin id="310" dir="1" index="3" bw="9" slack="0"/>
</pin_list>
<bind>
<opcode="getelementptr(29) " fcode="getelementptr"/>
<opset="p_ZL22encoder_temporal_start_1_addr/1 "/>
</bind>
</comp>

<comp id="313" class="1004" name="grp_access_fu_313">
<pin_list>
<pin id="314" dir="0" index="0" bw="9" slack="0"/>
<pin id="315" dir="0" index="1" bw="32" slack="2147483647"/>
<pin id="316" dir="0" index="2" bw="0" slack="0"/>
<pin id="318" dir="0" index="4" bw="9" slack="0"/>
<pin id="319" dir="0" index="5" bw="32" slack="2147483647"/>
<pin id="320" dir="0" index="6" bw="0" slack="2147483647"/>
<pin id="317" dir="1" index="3" bw="32" slack="0"/>
<pin id="321" dir="1" index="7" bw="32" slack="2147483647"/>
</pin_list>
<bind>
<opcode="load(27) store(28) " fcode="load"/>
<opset="store_ln130/1 store_ln130/1 p_ZL22encoder_temporal_start_1_load/2 store_ln130/2 p_ZL22encoder_temporal_start_1_load_2/3 p_ZL22encoder_temporal_start_1_load_1/4 "/>
</bind>
</comp>

<comp id="324" class="1004" name="p_ZL17encoder_phase_acc_0_addr_gep_fu_324">
<pin_list>
<pin id="325" dir="0" index="0" bw="16" slack="0"/>
<pin id="326" dir="0" index="1" bw="1" slack="0"/>
<pin id="327" dir="0" index="2" bw="10" slack="0"/>
<pin id="328" dir="1" index="3" bw="9" slack="0"/>
</pin_list>
<bind>
<opcode="getelementptr(29) " fcode="getelementptr"/>
<opset="p_ZL17encoder_phase_acc_0_addr/1 "/>
</bind>
</comp>

<comp id="331" class="1004" name="grp_access_fu_331">
<pin_list>
<pin id="332" dir="0" index="0" bw="9" slack="0"/>
<pin id="333" dir="0" index="1" bw="16" slack="2147483647"/>
<pin id="334" dir="0" index="2" bw="0" slack="2"/>
<pin id="509" dir="0" index="4" bw="9" slack="0"/>
<pin id="510" dir="0" index="5" bw="16" slack="2147483647"/>
<pin id="511" dir="0" index="6" bw="0" slack="2147483647"/>
<pin id="335" dir="1" index="3" bw="16" slack="0"/>
<pin id="512" dir="1" index="7" bw="16" slack="2147483647"/>
</pin_list>
<bind>
<opcode="load(27) store(28) " fcode="store"/>
<opset="p_ZL17encoder_phase_acc_0_load/1 p_ZL17encoder_phase_acc_0_load_2/2 p_ZL17encoder_phase_acc_0_load_1/4 store_ln158/4 store_ln165/5 store_ln158/6 store_ln158/6 store_ln165/7 store_ln165/7 "/>
</bind>
</comp>

<comp id="337" class="1004" name="p_ZL17encoder_phase_acc_1_addr_gep_fu_337">
<pin_list>
<pin id="338" dir="0" index="0" bw="16" slack="0"/>
<pin id="339" dir="0" index="1" bw="1" slack="0"/>
<pin id="340" dir="0" index="2" bw="10" slack="0"/>
<pin id="341" dir="1" index="3" bw="9" slack="0"/>
</pin_list>
<bind>
<opcode="getelementptr(29) " fcode="getelementptr"/>
<opset="p_ZL17encoder_phase_acc_1_addr/1 "/>
</bind>
</comp>

<comp id="344" class="1004" name="grp_access_fu_344">
<pin_list>
<pin id="345" dir="0" index="0" bw="9" slack="0"/>
<pin id="346" dir="0" index="1" bw="16" slack="2147483647"/>
<pin id="347" dir="0" index="2" bw="0" slack="2"/>
<pin id="513" dir="0" index="4" bw="9" slack="0"/>
<pin id="514" dir="0" index="5" bw="16" slack="2147483647"/>
<pin id="515" dir="0" index="6" bw="0" slack="2147483647"/>
<pin id="348" dir="1" index="3" bw="16" slack="0"/>
<pin id="516" dir="1" index="7" bw="16" slack="2147483647"/>
</pin_list>
<bind>
<opcode="load(27) store(28) " fcode="store"/>
<opset="p_ZL17encoder_phase_acc_1_load/1 p_ZL17encoder_phase_acc_1_load_2/2 p_ZL17encoder_phase_acc_1_load_1/4 store_ln158/4 store_ln165/5 store_ln158/6 store_ln158/6 store_ln165/7 store_ln165/7 "/>
</bind>
</comp>

<comp id="350" class="1004" name="p_ZL13encoder_frame_1_addr_gep_fu_350">
<pin_list>
<pin id="351" dir="0" index="0" bw="8" slack="0"/>
<pin id="352" dir="0" index="1" bw="1" slack="0"/>
<pin id="353" dir="0" index="2" bw="9" slack="0"/>
<pin id="354" dir="1" index="3" bw="9" slack="0"/>
</pin_list>
<bind>
<opcode="getelementptr(29) " fcode="getelementptr"/>
<opset="p_ZL13encoder_frame_1_addr/1 "/>
</bind>
</comp>

<comp id="357" class="1004" name="grp_access_fu_357">
<pin_list>
<pin id="358" dir="0" index="0" bw="9" slack="0"/>
<pin id="359" dir="0" index="1" bw="8" slack="2147483647"/>
<pin id="360" dir="0" index="2" bw="0" slack="2147483647"/>
<pin id="361" dir="1" index="3" bw="8" slack="0"/>
</pin_list>
<bind>
<opcode="load(27) " fcode="load"/>
<opset="value_8/1 "/>
</bind>
</comp>

<comp id="363" class="1004" name="p_ZL22encoder_temporal_start_1_addr_2_gep_fu_363">
<pin_list>
<pin id="364" dir="0" index="0" bw="32" slack="0"/>
<pin id="365" dir="0" index="1" bw="1" slack="0"/>
<pin id="366" dir="0" index="2" bw="9" slack="0"/>
<pin id="367" dir="1" index="3" bw="9" slack="0"/>
</pin_list>
<bind>
<opcode="getelementptr(29) " fcode="getelementptr"/>
<opset="p_ZL22encoder_temporal_start_1_addr_2/1 "/>
</bind>
</comp>

<comp id="371" class="1004" name="p_ZL22encoder_temporal_start_0_addr_2_gep_fu_371">
<pin_list>
<pin id="372" dir="0" index="0" bw="32" slack="0"/>
<pin id="373" dir="0" index="1" bw="1" slack="0"/>
<pin id="374" dir="0" index="2" bw="10" slack="1"/>
<pin id="375" dir="1" index="3" bw="9" slack="0"/>
</pin_list>
<bind>
<opcode="getelementptr(29) " fcode="getelementptr"/>
<opset="p_ZL22encoder_temporal_start_0_addr_2/2 "/>
</bind>
</comp>

<comp id="379" class="1004" name="p_ZL22encoder_temporal_start_1_addr_1_gep_fu_379">
<pin_list>
<pin id="380" dir="0" index="0" bw="32" slack="0"/>
<pin id="381" dir="0" index="1" bw="1" slack="0"/>
<pin id="382" dir="0" index="2" bw="10" slack="1"/>
<pin id="383" dir="1" index="3" bw="9" slack="0"/>
</pin_list>
<bind>
<opcode="getelementptr(29) " fcode="getelementptr"/>
<opset="p_ZL22encoder_temporal_start_1_addr_1/2 "/>
</bind>
</comp>

<comp id="387" class="1004" name="p_ZL22encoder_temporal_fired_0_addr_2_gep_fu_387">
<pin_list>
<pin id="388" dir="0" index="0" bw="1" slack="0"/>
<pin id="389" dir="0" index="1" bw="1" slack="0"/>
<pin id="390" dir="0" index="2" bw="10" slack="0"/>
<pin id="391" dir="1" index="3" bw="9" slack="0"/>
</pin_list>
<bind>
<opcode="getelementptr(29) " fcode="getelementptr"/>
<opset="p_ZL22encoder_temporal_fired_0_addr_2/2 "/>
</bind>
</comp>

<comp id="395" class="1004" name="p_ZL22encoder_temporal_start_0_addr_4_gep_fu_395">
<pin_list>
<pin id="396" dir="0" index="0" bw="32" slack="0"/>
<pin id="397" dir="0" index="1" bw="1" slack="0"/>
<pin id="398" dir="0" index="2" bw="10" slack="0"/>
<pin id="399" dir="1" index="3" bw="9" slack="0"/>
</pin_list>
<bind>
<opcode="getelementptr(29) " fcode="getelementptr"/>
<opset="p_ZL22encoder_temporal_start_0_addr_4/2 "/>
</bind>
</comp>

<comp id="403" class="1004" name="p_ZL22encoder_temporal_fired_1_addr_2_gep_fu_403">
<pin_list>
<pin id="404" dir="0" index="0" bw="1" slack="0"/>
<pin id="405" dir="0" index="1" bw="1" slack="0"/>
<pin id="406" dir="0" index="2" bw="10" slack="0"/>
<pin id="407" dir="1" index="3" bw="9" slack="0"/>
</pin_list>
<bind>
<opcode="getelementptr(29) " fcode="getelementptr"/>
<opset="p_ZL22encoder_temporal_fired_1_addr_2/2 "/>
</bind>
</comp>

<comp id="411" class="1004" name="p_ZL22encoder_temporal_start_1_addr_4_gep_fu_411">
<pin_list>
<pin id="412" dir="0" index="0" bw="32" slack="0"/>
<pin id="413" dir="0" index="1" bw="1" slack="0"/>
<pin id="414" dir="0" index="2" bw="10" slack="0"/>
<pin id="415" dir="1" index="3" bw="9" slack="0"/>
</pin_list>
<bind>
<opcode="getelementptr(29) " fcode="getelementptr"/>
<opset="p_ZL22encoder_temporal_start_1_addr_4/2 "/>
</bind>
</comp>

<comp id="419" class="1004" name="p_ZL17encoder_phase_acc_0_addr_2_gep_fu_419">
<pin_list>
<pin id="420" dir="0" index="0" bw="16" slack="0"/>
<pin id="421" dir="0" index="1" bw="1" slack="0"/>
<pin id="422" dir="0" index="2" bw="10" slack="0"/>
<pin id="423" dir="1" index="3" bw="9" slack="0"/>
</pin_list>
<bind>
<opcode="getelementptr(29) " fcode="getelementptr"/>
<opset="p_ZL17encoder_phase_acc_0_addr_2/2 "/>
</bind>
</comp>

<comp id="427" class="1004" name="p_ZL17encoder_phase_acc_1_addr_2_gep_fu_427">
<pin_list>
<pin id="428" dir="0" index="0" bw="16" slack="0"/>
<pin id="429" dir="0" index="1" bw="1" slack="0"/>
<pin id="430" dir="0" index="2" bw="10" slack="0"/>
<pin id="431" dir="1" index="3" bw="9" slack="0"/>
</pin_list>
<bind>
<opcode="getelementptr(29) " fcode="getelementptr"/>
<opset="p_ZL17encoder_phase_acc_1_addr_2/2 "/>
</bind>
</comp>

<comp id="435" class="1004" name="p_ZL22encoder_temporal_fired_0_addr_1_gep_fu_435">
<pin_list>
<pin id="436" dir="0" index="0" bw="1" slack="0"/>
<pin id="437" dir="0" index="1" bw="1" slack="0"/>
<pin id="438" dir="0" index="2" bw="9" slack="2"/>
<pin id="439" dir="1" index="3" bw="9" slack="0"/>
</pin_list>
<bind>
<opcode="getelementptr(29) " fcode="getelementptr"/>
<opset="p_ZL22encoder_temporal_fired_0_addr_1/3 "/>
</bind>
</comp>

<comp id="453" class="1004" name="p_ZL22encoder_temporal_fired_1_addr_1_gep_fu_453">
<pin_list>
<pin id="454" dir="0" index="0" bw="1" slack="0"/>
<pin id="455" dir="0" index="1" bw="1" slack="0"/>
<pin id="456" dir="0" index="2" bw="9" slack="2"/>
<pin id="457" dir="1" index="3" bw="9" slack="0"/>
</pin_list>
<bind>
<opcode="getelementptr(29) " fcode="getelementptr"/>
<opset="p_ZL22encoder_temporal_fired_1_addr_1/3 "/>
</bind>
</comp>

<comp id="461" class="1004" name="p_ZL22encoder_temporal_start_0_addr_5_gep_fu_461">
<pin_list>
<pin id="462" dir="0" index="0" bw="32" slack="0"/>
<pin id="463" dir="0" index="1" bw="1" slack="0"/>
<pin id="464" dir="0" index="2" bw="10" slack="1"/>
<pin id="465" dir="1" index="3" bw="9" slack="0"/>
</pin_list>
<bind>
<opcode="getelementptr(29) " fcode="getelementptr"/>
<opset="p_ZL22encoder_temporal_start_0_addr_5/3 "/>
</bind>
</comp>

<comp id="469" class="1004" name="p_ZL22encoder_temporal_start_1_addr_5_gep_fu_469">
<pin_list>
<pin id="470" dir="0" index="0" bw="32" slack="0"/>
<pin id="471" dir="0" index="1" bw="1" slack="0"/>
<pin id="472" dir="0" index="2" bw="10" slack="1"/>
<pin id="473" dir="1" index="3" bw="9" slack="0"/>
</pin_list>
<bind>
<opcode="getelementptr(29) " fcode="getelementptr"/>
<opset="p_ZL22encoder_temporal_start_1_addr_5/3 "/>
</bind>
</comp>

<comp id="477" class="1004" name="p_ZL22encoder_temporal_start_0_addr_3_gep_fu_477">
<pin_list>
<pin id="478" dir="0" index="0" bw="32" slack="0"/>
<pin id="479" dir="0" index="1" bw="1" slack="0"/>
<pin id="480" dir="0" index="2" bw="9" slack="3"/>
<pin id="481" dir="1" index="3" bw="9" slack="0"/>
</pin_list>
<bind>
<opcode="getelementptr(29) " fcode="getelementptr"/>
<opset="p_ZL22encoder_temporal_start_0_addr_3/4 "/>
</bind>
</comp>

<comp id="485" class="1004" name="p_ZL17encoder_phase_acc_0_addr_1_gep_fu_485">
<pin_list>
<pin id="486" dir="0" index="0" bw="16" slack="0"/>
<pin id="487" dir="0" index="1" bw="1" slack="0"/>
<pin id="488" dir="0" index="2" bw="9" slack="3"/>
<pin id="489" dir="1" index="3" bw="9" slack="0"/>
</pin_list>
<bind>
<opcode="getelementptr(29) " fcode="getelementptr"/>
<opset="p_ZL17encoder_phase_acc_0_addr_1/4 "/>
</bind>
</comp>

<comp id="493" class="1004" name="p_ZL22encoder_temporal_start_1_addr_3_gep_fu_493">
<pin_list>
<pin id="494" dir="0" index="0" bw="32" slack="0"/>
<pin id="495" dir="0" index="1" bw="1" slack="0"/>
<pin id="496" dir="0" index="2" bw="9" slack="3"/>
<pin id="497" dir="1" index="3" bw="9" slack="0"/>
</pin_list>
<bind>
<opcode="getelementptr(29) " fcode="getelementptr"/>
<opset="p_ZL22encoder_temporal_start_1_addr_3/4 "/>
</bind>
</comp>

<comp id="501" class="1004" name="p_ZL17encoder_phase_acc_1_addr_1_gep_fu_501">
<pin_list>
<pin id="502" dir="0" index="0" bw="16" slack="0"/>
<pin id="503" dir="0" index="1" bw="1" slack="0"/>
<pin id="504" dir="0" index="2" bw="9" slack="3"/>
<pin id="505" dir="1" index="3" bw="9" slack="0"/>
</pin_list>
<bind>
<opcode="getelementptr(29) " fcode="getelementptr"/>
<opset="p_ZL17encoder_phase_acc_1_addr_1/4 "/>
</bind>
</comp>

<comp id="519" class="1004" name="grp_fu_519">
<pin_list>
<pin id="520" dir="0" index="0" bw="4" slack="0"/>
<pin id="521" dir="0" index="1" bw="3" slack="0"/>
<pin id="522" dir="0" index="2" bw="1" slack="0"/>
<pin id="523" dir="0" index="3" bw="3" slack="0"/>
<pin id="524" dir="1" index="4" bw="0" slack="2147483647"/>
</pin_list>
<bind>
<opcode="switch(3) " fcode="switch"/>
<opset="switch_ln240/1 switch_ln206/1 "/>
</bind>
</comp>

<comp id="529" class="1004" name="grp_fu_529">
<pin_list>
<pin id="530" dir="0" index="0" bw="4" slack="0"/>
<pin id="531" dir="0" index="1" bw="3" slack="0"/>
<pin id="532" dir="0" index="2" bw="1" slack="0"/>
<pin id="533" dir="0" index="3" bw="3" slack="0"/>
<pin id="534" dir="1" index="4" bw="0" slack="2147483647"/>
</pin_list>
<bind>
<opcode="switch(3) " fcode="switch"/>
<opset="switch_ln240/1 switch_ln206/1 "/>
</bind>
</comp>

<comp id="539" class="1004" name="grp_load_fu_539">
<pin_list>
<pin id="540" dir="0" index="0" bw="16" slack="0"/>
<pin id="541" dir="1" index="1" bw="16" slack="0"/>
</pin_list>
<bind>
<opcode="load(27) " fcode="load"/>
<opset="lfsr_load_1/4 lfsr_load/4 lfsr_load_2/5 lfsr_load_3/7 "/>
</bind>
</comp>

<comp id="543" class="1004" name="grp_fu_543">
<pin_list>
<pin id="544" dir="0" index="0" bw="15" slack="0"/>
<pin id="545" dir="0" index="1" bw="16" slack="0"/>
<pin id="546" dir="0" index="2" bw="1" slack="0"/>
<pin id="547" dir="0" index="3" bw="5" slack="0"/>
<pin id="548" dir="1" index="4" bw="15" slack="0"/>
</pin_list>
<bind>
<opcode="partselect(1002) " fcode="partselect"/>
<opset="lshr_ln42_1/4 lshr_ln8/4 lshr_ln42_3/5 lshr_ln42_4/7 "/>
</bind>
</comp>

<comp id="553" class="1004" name="grp_fu_553">
<pin_list>
<pin id="554" dir="0" index="0" bw="1" slack="0"/>
<pin id="555" dir="0" index="1" bw="16" slack="0"/>
<pin id="556" dir="0" index="2" bw="3" slack="0"/>
<pin id="557" dir="1" index="3" bw="1" slack="0"/>
</pin_list>
<bind>
<opcode="bitselect(1000) " fcode="bitselect"/>
<opset="tmp_20/4 tmp_39/5 "/>
</bind>
</comp>

<comp id="561" class="1004" name="grp_fu_561">
<pin_list>
<pin id="562" dir="0" index="0" bw="14" slack="0"/>
<pin id="563" dir="0" index="1" bw="16" slack="0"/>
<pin id="564" dir="0" index="2" bw="3" slack="0"/>
<pin id="565" dir="0" index="3" bw="5" slack="0"/>
<pin id="566" dir="1" index="4" bw="14" slack="0"/>
</pin_list>
<bind>
<opcode="partselect(1002) " fcode="partselect"/>
<opset="tmp_10/4 tmp_22/5 "/>
</bind>
</comp>

<comp id="571" class="1004" name="grp_load_fu_571">
<pin_list>
<pin id="572" dir="0" index="0" bw="32" slack="0"/>
<pin id="573" dir="1" index="1" bw="32" slack="0"/>
</pin_list>
<bind>
<opcode="load(27) " fcode="load"/>
<opset="encoder_spike_counter_load_5/6 encoder_spike_counter_load_4/6 encoder_spike_counter_load_1/6 encoder_spike_counter_load/6 encoder_spike_counter_load_3/7 encoder_spike_counter_load_2/7 encoder_spike_counter_load_8/7 encoder_spike_counter_load_7/7 encoder_spike_counter_load_6/7 encoder_spike_counter_load_13/8 encoder_spike_counter_load_10/8 encoder_spike_counter_load_9/8 encoder_spike_counter_load_14/9 encoder_spike_counter_load_12/9 encoder_spike_counter_load_11/9 encoder_spike_counter_load_17/9 encoder_spike_counter_load_16/9 encoder_spike_counter_load_15/9 "/>
</bind>
</comp>

<comp id="575" class="1004" name="grp_fu_575">
<pin_list>
<pin id="576" dir="0" index="0" bw="32" slack="0"/>
<pin id="577" dir="0" index="1" bw="1" slack="0"/>
<pin id="578" dir="1" index="2" bw="32" slack="0"/>
</pin_list>
<bind>
<opcode="add(8) " fcode="add"/>
<opset="add_ln93_5/6 add_ln93_4/6 add_ln93_1/6 add_ln93/6 add_ln93_3/7 add_ln93_2/7 add_ln93_8/7 add_ln93_7/7 add_ln93_6/7 add_ln93_13/8 add_ln93_10/8 add_ln93_9/8 add_ln93_14/9 add_ln93_12/9 add_ln93_11/9 add_ln93_17/9 add_ln93_16/9 add_ln93_15/9 "/>
</bind>
</comp>

<comp id="581" class="1004" name="zext_ln137_13_cast_fu_581">
<pin_list>
<pin id="582" dir="0" index="0" bw="16" slack="0"/>
<pin id="583" dir="1" index="1" bw="24" slack="2"/>
</pin_list>
<bind>
<opcode="zext(34) " fcode="zext"/>
<opset="zext_ln137_13_cast/1 "/>
</bind>
</comp>

<comp id="585" class="1004" name="zext_ln108_cast_fu_585">
<pin_list>
<pin id="586" dir="0" index="0" bw="16" slack="0"/>
<pin id="587" dir="1" index="1" bw="24" slack="2"/>
</pin_list>
<bind>
<opcode="zext(34) " fcode="zext"/>
<opset="zext_ln108_cast/1 "/>
</bind>
</comp>

<comp id="589" class="1004" name="zext_ln137_fu_589">
<pin_list>
<pin id="590" dir="0" index="0" bw="32" slack="0"/>
<pin id="591" dir="1" index="1" bw="33" slack="3"/>
</pin_list>
<bind>
<opcode="zext(34) " fcode="zext"/>
<opset="zext_ln137/1 "/>
</bind>
</comp>

<comp id="593" class="1004" name="store_ln75_store_fu_593">
<pin_list>
<pin id="594" dir="0" index="0" bw="1" slack="0"/>
<pin id="595" dir="0" index="1" bw="10" slack="0"/>
<pin id="596" dir="1" index="2" bw="0" slack="2147483647"/>
</pin_list>
<bind>
<opcode="store(28) " fcode="store"/>
<opset="store_ln75/1 "/>
</bind>
</comp>

<comp id="598" class="1004" name="ch_2_load_fu_598">
<pin_list>
<pin id="599" dir="0" index="0" bw="10" slack="0"/>
<pin id="600" dir="1" index="1" bw="10" slack="0"/>
</pin_list>
<bind>
<opcode="load(27) " fcode="load"/>
<opset="ch_2/1 "/>
</bind>
</comp>

<comp id="601" class="1004" name="icmp_ln192_fu_601">
<pin_list>
<pin id="602" dir="0" index="0" bw="10" slack="0"/>
<pin id="603" dir="0" index="1" bw="10" slack="0"/>
<pin id="604" dir="1" index="2" bw="1" slack="1"/>
</pin_list>
<bind>
<opcode="icmp(45) " fcode="icmp"/>
<opset="icmp_ln192/1 "/>
</bind>
</comp>

<comp id="607" class="1004" name="zext_ln192_fu_607">
<pin_list>
<pin id="608" dir="0" index="0" bw="10" slack="0"/>
<pin id="609" dir="1" index="1" bw="64" slack="0"/>
</pin_list>
<bind>
<opcode="zext(34) " fcode="zext"/>
<opset="zext_ln192/1 "/>
</bind>
</comp>

<comp id="617" class="1004" name="zext_ln192_1_fu_617">
<pin_list>
<pin id="618" dir="0" index="0" bw="10" slack="0"/>
<pin id="619" dir="1" index="1" bw="16" slack="0"/>
</pin_list>
<bind>
<opcode="zext(34) " fcode="zext"/>
<opset="zext_ln192_1/1 "/>
</bind>
</comp>

<comp id="621" class="1004" name="lshr_ln_fu_621">
<pin_list>
<pin id="622" dir="0" index="0" bw="9" slack="0"/>
<pin id="623" dir="0" index="1" bw="10" slack="0"/>
<pin id="624" dir="0" index="2" bw="1" slack="0"/>
<pin id="625" dir="0" index="3" bw="5" slack="0"/>
<pin id="626" dir="1" index="4" bw="9" slack="0"/>
</pin_list>
<bind>
<opcode="partselect(1002) " fcode="partselect"/>
<opset="lshr_ln/1 "/>
</bind>
</comp>

<comp id="631" class="1004" name="zext_ln192_2_fu_631">
<pin_list>
<pin id="632" dir="0" index="0" bw="9" slack="0"/>
<pin id="633" dir="1" index="1" bw="64" slack="0"/>
</pin_list>
<bind>
<opcode="zext(34) " fcode="zext"/>
<opset="zext_ln192_2/1 "/>
</bind>
</comp>

<comp id="639" class="1004" name="icmp_ln194_fu_639">
<pin_list>
<pin id="640" dir="0" index="0" bw="16" slack="0"/>
<pin id="641" dir="0" index="1" bw="16" slack="0"/>
<pin id="642" dir="1" index="2" bw="1" slack="1"/>
</pin_list>
<bind>
<opcode="icmp(45) " fcode="icmp"/>
<opset="icmp_ln194/1 "/>
</bind>
</comp>

<comp id="645" class="1004" name="or_ln_fu_645">
<pin_list>
<pin id="646" dir="0" index="0" bw="10" slack="0"/>
<pin id="647" dir="0" index="1" bw="9" slack="0"/>
<pin id="648" dir="0" index="2" bw="1" slack="0"/>
<pin id="649" dir="1" index="3" bw="10" slack="0"/>
</pin_list>
<bind>
<opcode="bitconcatenate(1004) " fcode="bitconcatenate"/>
<opset="or_ln/1 "/>
</bind>
</comp>

<comp id="653" class="1004" name="zext_ln192_4_fu_653">
<pin_list>
<pin id="654" dir="0" index="0" bw="10" slack="0"/>
<pin id="655" dir="1" index="1" bw="16" slack="0"/>
</pin_list>
<bind>
<opcode="zext(34) " fcode="zext"/>
<opset="zext_ln192_4/1 "/>
</bind>
</comp>

<comp id="657" class="1004" name="icmp_ln194_1_fu_657">
<pin_list>
<pin id="658" dir="0" index="0" bw="16" slack="0"/>
<pin id="659" dir="0" index="1" bw="16" slack="0"/>
<pin id="660" dir="1" index="2" bw="1" slack="1"/>
</pin_list>
<bind>
<opcode="icmp(45) " fcode="icmp"/>
<opset="icmp_ln194_1/1 "/>
</bind>
</comp>

<comp id="663" class="1004" name="icmp_ln65_fu_663">
<pin_list>
<pin id="664" dir="0" index="0" bw="8" slack="0"/>
<pin id="665" dir="0" index="1" bw="8" slack="1"/>
<pin id="666" dir="1" index="2" bw="1" slack="0"/>
</pin_list>
<bind>
<opcode="icmp(45) " fcode="icmp"/>
<opset="icmp_ln65/2 "/>
</bind>
</comp>

<comp id="668" class="1004" name="sub_ln66_fu_668">
<pin_list>
<pin id="669" dir="0" index="0" bw="8" slack="0"/>
<pin id="670" dir="0" index="1" bw="8" slack="1"/>
<pin id="671" dir="1" index="2" bw="8" slack="0"/>
</pin_list>
<bind>
<opcode="sub(10) " fcode="sub"/>
<opset="sub_ln66/2 "/>
</bind>
</comp>

<comp id="673" class="1004" name="sub_ln70_fu_673">
<pin_list>
<pin id="674" dir="0" index="0" bw="8" slack="1"/>
<pin id="675" dir="0" index="1" bw="8" slack="0"/>
<pin id="676" dir="1" index="2" bw="8" slack="0"/>
</pin_list>
<bind>
<opcode="sub(10) " fcode="sub"/>
<opset="sub_ln70/2 "/>
</bind>
</comp>

<comp id="678" class="1004" name="on_val_fu_678">
<pin_list>
<pin id="679" dir="0" index="0" bw="1" slack="0"/>
<pin id="680" dir="0" index="1" bw="8" slack="0"/>
<pin id="681" dir="0" index="2" bw="8" slack="0"/>
<pin id="682" dir="1" index="3" bw="8" slack="1"/>
</pin_list>
<bind>
<opcode="select(49) " fcode="select"/>
<opset="on_val/2 "/>
</bind>
</comp>

<comp id="686" class="1004" name="off_val_fu_686">
<pin_list>
<pin id="687" dir="0" index="0" bw="1" slack="0"/>
<pin id="688" dir="0" index="1" bw="8" slack="0"/>
<pin id="689" dir="0" index="2" bw="8" slack="0"/>
<pin id="690" dir="1" index="3" bw="8" slack="1"/>
</pin_list>
<bind>
<opcode="select(49) " fcode="select"/>
<opset="off_val/2 "/>
</bind>
</comp>

<comp id="694" class="1004" name="zext_ln192_3_fu_694">
<pin_list>
<pin id="695" dir="0" index="0" bw="10" slack="1"/>
<pin id="696" dir="1" index="1" bw="64" slack="0"/>
</pin_list>
<bind>
<opcode="zext(34) " fcode="zext"/>
<opset="zext_ln192_3/2 "/>
</bind>
</comp>

<comp id="703" class="1004" name="icmp_ln65_1_fu_703">
<pin_list>
<pin id="704" dir="0" index="0" bw="8" slack="0"/>
<pin id="705" dir="0" index="1" bw="8" slack="1"/>
<pin id="706" dir="1" index="2" bw="1" slack="0"/>
</pin_list>
<bind>
<opcode="icmp(45) " fcode="icmp"/>
<opset="icmp_ln65_1/2 "/>
</bind>
</comp>

<comp id="708" class="1004" name="sub_ln66_1_fu_708">
<pin_list>
<pin id="709" dir="0" index="0" bw="8" slack="0"/>
<pin id="710" dir="0" index="1" bw="8" slack="1"/>
<pin id="711" dir="1" index="2" bw="8" slack="0"/>
</pin_list>
<bind>
<opcode="sub(10) " fcode="sub"/>
<opset="sub_ln66_1/2 "/>
</bind>
</comp>

<comp id="713" class="1004" name="sub_ln70_1_fu_713">
<pin_list>
<pin id="714" dir="0" index="0" bw="8" slack="1"/>
<pin id="715" dir="0" index="1" bw="8" slack="0"/>
<pin id="716" dir="1" index="2" bw="8" slack="0"/>
</pin_list>
<bind>
<opcode="sub(10) " fcode="sub"/>
<opset="sub_ln70_1/2 "/>
</bind>
</comp>

<comp id="718" class="1004" name="on_val_1_fu_718">
<pin_list>
<pin id="719" dir="0" index="0" bw="1" slack="0"/>
<pin id="720" dir="0" index="1" bw="8" slack="0"/>
<pin id="721" dir="0" index="2" bw="8" slack="0"/>
<pin id="722" dir="1" index="3" bw="8" slack="1"/>
</pin_list>
<bind>
<opcode="select(49) " fcode="select"/>
<opset="on_val_1/2 "/>
</bind>
</comp>

<comp id="726" class="1004" name="off_val_1_fu_726">
<pin_list>
<pin id="727" dir="0" index="0" bw="1" slack="0"/>
<pin id="728" dir="0" index="1" bw="8" slack="0"/>
<pin id="729" dir="0" index="2" bw="8" slack="0"/>
<pin id="730" dir="1" index="3" bw="8" slack="1"/>
</pin_list>
<bind>
<opcode="select(49) " fcode="select"/>
<opset="off_val_1/2 "/>
</bind>
</comp>

<comp id="734" class="1004" name="zext_ln108_2_fu_734">
<pin_list>
<pin id="735" dir="0" index="0" bw="8" slack="1"/>
<pin id="736" dir="1" index="1" bw="24" slack="0"/>
</pin_list>
<bind>
<opcode="zext(34) " fcode="zext"/>
<opset="zext_ln108_2/3 "/>
</bind>
</comp>

<comp id="737" class="1004" name="mul_ln108_1_fu_737">
<pin_list>
<pin id="738" dir="0" index="0" bw="16" slack="2"/>
<pin id="739" dir="0" index="1" bw="8" slack="0"/>
<pin id="740" dir="1" index="2" bw="24" slack="0"/>
</pin_list>
<bind>
<opcode="mul(12) " fcode="mul"/>
<opset="mul_ln108_1/3 "/>
</bind>
</comp>

<comp id="742" class="1004" name="spike_prob_1_fu_742">
<pin_list>
<pin id="743" dir="0" index="0" bw="16" slack="0"/>
<pin id="744" dir="0" index="1" bw="24" slack="0"/>
<pin id="745" dir="0" index="2" bw="5" slack="0"/>
<pin id="746" dir="0" index="3" bw="6" slack="0"/>
<pin id="747" dir="1" index="4" bw="16" slack="1"/>
</pin_list>
<bind>
<opcode="partselect(1002) " fcode="partselect"/>
<opset="spike_prob_1/3 "/>
</bind>
</comp>

<comp id="752" class="1004" name="xor_ln136_fu_752">
<pin_list>
<pin id="753" dir="0" index="0" bw="8" slack="1"/>
<pin id="754" dir="0" index="1" bw="8" slack="0"/>
<pin id="755" dir="1" index="2" bw="8" slack="0"/>
</pin_list>
<bind>
<opcode="xor(25) " fcode="xor"/>
<opset="xor_ln136/3 "/>
</bind>
</comp>

<comp id="757" class="1004" name="zext_ln136_fu_757">
<pin_list>
<pin id="758" dir="0" index="0" bw="8" slack="0"/>
<pin id="759" dir="1" index="1" bw="24" slack="0"/>
</pin_list>
<bind>
<opcode="zext(34) " fcode="zext"/>
<opset="zext_ln136/3 "/>
</bind>
</comp>

<comp id="761" class="1004" name="mul_ln136_fu_761">
<pin_list>
<pin id="762" dir="0" index="0" bw="8" slack="0"/>
<pin id="763" dir="0" index="1" bw="16" slack="2"/>
<pin id="764" dir="1" index="2" bw="24" slack="0"/>
</pin_list>
<bind>
<opcode="mul(12) " fcode="mul"/>
<opset="mul_ln136/3 "/>
</bind>
</comp>

<comp id="766" class="1004" name="spike_delay_fu_766">
<pin_list>
<pin id="767" dir="0" index="0" bw="16" slack="0"/>
<pin id="768" dir="0" index="1" bw="24" slack="0"/>
<pin id="769" dir="0" index="2" bw="5" slack="0"/>
<pin id="770" dir="0" index="3" bw="6" slack="0"/>
<pin id="771" dir="1" index="4" bw="16" slack="1"/>
</pin_list>
<bind>
<opcode="partselect(1002) " fcode="partselect"/>
<opset="spike_delay/3 "/>
</bind>
</comp>

<comp id="776" class="1004" name="xor_ln136_2_fu_776">
<pin_list>
<pin id="777" dir="0" index="0" bw="8" slack="1"/>
<pin id="778" dir="0" index="1" bw="8" slack="0"/>
<pin id="779" dir="1" index="2" bw="8" slack="0"/>
</pin_list>
<bind>
<opcode="xor(25) " fcode="xor"/>
<opset="xor_ln136_2/3 "/>
</bind>
</comp>

<comp id="781" class="1004" name="zext_ln136_2_fu_781">
<pin_list>
<pin id="782" dir="0" index="0" bw="8" slack="0"/>
<pin id="783" dir="1" index="1" bw="24" slack="0"/>
</pin_list>
<bind>
<opcode="zext(34) " fcode="zext"/>
<opset="zext_ln136_2/3 "/>
</bind>
</comp>

<comp id="785" class="1004" name="mul_ln136_2_fu_785">
<pin_list>
<pin id="786" dir="0" index="0" bw="8" slack="0"/>
<pin id="787" dir="0" index="1" bw="16" slack="2"/>
<pin id="788" dir="1" index="2" bw="24" slack="0"/>
</pin_list>
<bind>
<opcode="mul(12) " fcode="mul"/>
<opset="mul_ln136_2/3 "/>
</bind>
</comp>

<comp id="790" class="1004" name="spike_delay_2_fu_790">
<pin_list>
<pin id="791" dir="0" index="0" bw="16" slack="0"/>
<pin id="792" dir="0" index="1" bw="24" slack="0"/>
<pin id="793" dir="0" index="2" bw="5" slack="0"/>
<pin id="794" dir="0" index="3" bw="6" slack="0"/>
<pin id="795" dir="1" index="4" bw="16" slack="1"/>
</pin_list>
<bind>
<opcode="partselect(1002) " fcode="partselect"/>
<opset="spike_delay_2/3 "/>
</bind>
</comp>

<comp id="800" class="1004" name="zext_ln108_1_fu_800">
<pin_list>
<pin id="801" dir="0" index="0" bw="8" slack="1"/>
<pin id="802" dir="1" index="1" bw="24" slack="0"/>
</pin_list>
<bind>
<opcode="zext(34) " fcode="zext"/>
<opset="zext_ln108_1/3 "/>
</bind>
</comp>

<comp id="803" class="1004" name="mul_ln108_fu_803">
<pin_list>
<pin id="804" dir="0" index="0" bw="16" slack="2"/>
<pin id="805" dir="0" index="1" bw="8" slack="0"/>
<pin id="806" dir="1" index="2" bw="24" slack="0"/>
</pin_list>
<bind>
<opcode="mul(12) " fcode="mul"/>
<opset="mul_ln108/3 "/>
</bind>
</comp>

<comp id="808" class="1004" name="spike_prob_fu_808">
<pin_list>
<pin id="809" dir="0" index="0" bw="16" slack="0"/>
<pin id="810" dir="0" index="1" bw="24" slack="0"/>
<pin id="811" dir="0" index="2" bw="5" slack="0"/>
<pin id="812" dir="0" index="3" bw="6" slack="0"/>
<pin id="813" dir="1" index="4" bw="16" slack="1"/>
</pin_list>
<bind>
<opcode="partselect(1002) " fcode="partselect"/>
<opset="spike_prob/3 "/>
</bind>
</comp>

<comp id="818" class="1004" name="zext_ln108_3_fu_818">
<pin_list>
<pin id="819" dir="0" index="0" bw="8" slack="1"/>
<pin id="820" dir="1" index="1" bw="24" slack="0"/>
</pin_list>
<bind>
<opcode="zext(34) " fcode="zext"/>
<opset="zext_ln108_3/3 "/>
</bind>
</comp>

<comp id="821" class="1004" name="mul_ln108_2_fu_821">
<pin_list>
<pin id="822" dir="0" index="0" bw="16" slack="2"/>
<pin id="823" dir="0" index="1" bw="8" slack="0"/>
<pin id="824" dir="1" index="2" bw="24" slack="0"/>
</pin_list>
<bind>
<opcode="mul(12) " fcode="mul"/>
<opset="mul_ln108_2/3 "/>
</bind>
</comp>

<comp id="826" class="1004" name="spike_prob_2_fu_826">
<pin_list>
<pin id="827" dir="0" index="0" bw="16" slack="0"/>
<pin id="828" dir="0" index="1" bw="24" slack="0"/>
<pin id="829" dir="0" index="2" bw="5" slack="0"/>
<pin id="830" dir="0" index="3" bw="6" slack="0"/>
<pin id="831" dir="1" index="4" bw="16" slack="1"/>
</pin_list>
<bind>
<opcode="partselect(1002) " fcode="partselect"/>
<opset="spike_prob_2/3 "/>
</bind>
</comp>

<comp id="836" class="1004" name="zext_ln108_5_fu_836">
<pin_list>
<pin id="837" dir="0" index="0" bw="8" slack="1"/>
<pin id="838" dir="1" index="1" bw="24" slack="0"/>
</pin_list>
<bind>
<opcode="zext(34) " fcode="zext"/>
<opset="zext_ln108_5/3 "/>
</bind>
</comp>

<comp id="839" class="1004" name="mul_ln108_4_fu_839">
<pin_list>
<pin id="840" dir="0" index="0" bw="16" slack="2"/>
<pin id="841" dir="0" index="1" bw="8" slack="0"/>
<pin id="842" dir="1" index="2" bw="24" slack="0"/>
</pin_list>
<bind>
<opcode="mul(12) " fcode="mul"/>
<opset="mul_ln108_4/3 "/>
</bind>
</comp>

<comp id="844" class="1004" name="spike_prob_4_fu_844">
<pin_list>
<pin id="845" dir="0" index="0" bw="16" slack="0"/>
<pin id="846" dir="0" index="1" bw="24" slack="0"/>
<pin id="847" dir="0" index="2" bw="5" slack="0"/>
<pin id="848" dir="0" index="3" bw="6" slack="0"/>
<pin id="849" dir="1" index="4" bw="16" slack="4"/>
</pin_list>
<bind>
<opcode="partselect(1002) " fcode="partselect"/>
<opset="spike_prob_4/3 "/>
</bind>
</comp>

<comp id="854" class="1004" name="xor_ln136_3_fu_854">
<pin_list>
<pin id="855" dir="0" index="0" bw="8" slack="1"/>
<pin id="856" dir="0" index="1" bw="8" slack="0"/>
<pin id="857" dir="1" index="2" bw="8" slack="0"/>
</pin_list>
<bind>
<opcode="xor(25) " fcode="xor"/>
<opset="xor_ln136_3/3 "/>
</bind>
</comp>

<comp id="859" class="1004" name="zext_ln136_3_fu_859">
<pin_list>
<pin id="860" dir="0" index="0" bw="8" slack="0"/>
<pin id="861" dir="1" index="1" bw="24" slack="0"/>
</pin_list>
<bind>
<opcode="zext(34) " fcode="zext"/>
<opset="zext_ln136_3/3 "/>
</bind>
</comp>

<comp id="863" class="1004" name="mul_ln136_3_fu_863">
<pin_list>
<pin id="864" dir="0" index="0" bw="8" slack="0"/>
<pin id="865" dir="0" index="1" bw="16" slack="2"/>
<pin id="866" dir="1" index="2" bw="24" slack="0"/>
</pin_list>
<bind>
<opcode="mul(12) " fcode="mul"/>
<opset="mul_ln136_3/3 "/>
</bind>
</comp>

<comp id="868" class="1004" name="spike_delay_3_fu_868">
<pin_list>
<pin id="869" dir="0" index="0" bw="16" slack="0"/>
<pin id="870" dir="0" index="1" bw="24" slack="0"/>
<pin id="871" dir="0" index="2" bw="5" slack="0"/>
<pin id="872" dir="0" index="3" bw="6" slack="0"/>
<pin id="873" dir="1" index="4" bw="16" slack="1"/>
</pin_list>
<bind>
<opcode="partselect(1002) " fcode="partselect"/>
<opset="spike_delay_3/3 "/>
</bind>
</comp>

<comp id="878" class="1004" name="xor_ln136_5_fu_878">
<pin_list>
<pin id="879" dir="0" index="0" bw="8" slack="1"/>
<pin id="880" dir="0" index="1" bw="8" slack="0"/>
<pin id="881" dir="1" index="2" bw="8" slack="0"/>
</pin_list>
<bind>
<opcode="xor(25) " fcode="xor"/>
<opset="xor_ln136_5/3 "/>
</bind>
</comp>

<comp id="883" class="1004" name="zext_ln136_5_fu_883">
<pin_list>
<pin id="884" dir="0" index="0" bw="8" slack="0"/>
<pin id="885" dir="1" index="1" bw="24" slack="0"/>
</pin_list>
<bind>
<opcode="zext(34) " fcode="zext"/>
<opset="zext_ln136_5/3 "/>
</bind>
</comp>

<comp id="887" class="1004" name="mul_ln136_5_fu_887">
<pin_list>
<pin id="888" dir="0" index="0" bw="8" slack="0"/>
<pin id="889" dir="0" index="1" bw="16" slack="2"/>
<pin id="890" dir="1" index="2" bw="24" slack="0"/>
</pin_list>
<bind>
<opcode="mul(12) " fcode="mul"/>
<opset="mul_ln136_5/3 "/>
</bind>
</comp>

<comp id="892" class="1004" name="spike_delay_5_fu_892">
<pin_list>
<pin id="893" dir="0" index="0" bw="16" slack="0"/>
<pin id="894" dir="0" index="1" bw="24" slack="0"/>
<pin id="895" dir="0" index="2" bw="5" slack="0"/>
<pin id="896" dir="0" index="3" bw="6" slack="0"/>
<pin id="897" dir="1" index="4" bw="16" slack="1"/>
</pin_list>
<bind>
<opcode="partselect(1002) " fcode="partselect"/>
<opset="spike_delay_5/3 "/>
</bind>
</comp>

<comp id="902" class="1004" name="zext_ln108_4_fu_902">
<pin_list>
<pin id="903" dir="0" index="0" bw="8" slack="1"/>
<pin id="904" dir="1" index="1" bw="24" slack="0"/>
</pin_list>
<bind>
<opcode="zext(34) " fcode="zext"/>
<opset="zext_ln108_4/3 "/>
</bind>
</comp>

<comp id="905" class="1004" name="mul_ln108_3_fu_905">
<pin_list>
<pin id="906" dir="0" index="0" bw="16" slack="2"/>
<pin id="907" dir="0" index="1" bw="8" slack="0"/>
<pin id="908" dir="1" index="2" bw="24" slack="0"/>
</pin_list>
<bind>
<opcode="mul(12) " fcode="mul"/>
<opset="mul_ln108_3/3 "/>
</bind>
</comp>

<comp id="910" class="1004" name="spike_prob_3_fu_910">
<pin_list>
<pin id="911" dir="0" index="0" bw="16" slack="0"/>
<pin id="912" dir="0" index="1" bw="24" slack="0"/>
<pin id="913" dir="0" index="2" bw="5" slack="0"/>
<pin id="914" dir="0" index="3" bw="6" slack="0"/>
<pin id="915" dir="1" index="4" bw="16" slack="2"/>
</pin_list>
<bind>
<opcode="partselect(1002) " fcode="partselect"/>
<opset="spike_prob_3/3 "/>
</bind>
</comp>

<comp id="920" class="1004" name="zext_ln108_6_fu_920">
<pin_list>
<pin id="921" dir="0" index="0" bw="8" slack="1"/>
<pin id="922" dir="1" index="1" bw="24" slack="0"/>
</pin_list>
<bind>
<opcode="zext(34) " fcode="zext"/>
<opset="zext_ln108_6/3 "/>
</bind>
</comp>

<comp id="923" class="1004" name="mul_ln108_5_fu_923">
<pin_list>
<pin id="924" dir="0" index="0" bw="16" slack="2"/>
<pin id="925" dir="0" index="1" bw="8" slack="0"/>
<pin id="926" dir="1" index="2" bw="24" slack="0"/>
</pin_list>
<bind>
<opcode="mul(12) " fcode="mul"/>
<opset="mul_ln108_5/3 "/>
</bind>
</comp>

<comp id="928" class="1004" name="spike_prob_5_fu_928">
<pin_list>
<pin id="929" dir="0" index="0" bw="16" slack="0"/>
<pin id="930" dir="0" index="1" bw="24" slack="0"/>
<pin id="931" dir="0" index="2" bw="5" slack="0"/>
<pin id="932" dir="0" index="3" bw="6" slack="0"/>
<pin id="933" dir="1" index="4" bw="16" slack="2"/>
</pin_list>
<bind>
<opcode="partselect(1002) " fcode="partselect"/>
<opset="spike_prob_5/3 "/>
</bind>
</comp>

<comp id="938" class="1004" name="zext_ln154_3_fu_938">
<pin_list>
<pin id="939" dir="0" index="0" bw="8" slack="1"/>
<pin id="940" dir="1" index="1" bw="16" slack="0"/>
</pin_list>
<bind>
<opcode="zext(34) " fcode="zext"/>
<opset="zext_ln154_3/3 "/>
</bind>
</comp>

<comp id="941" class="1004" name="add_ln155_3_fu_941">
<pin_list>
<pin id="942" dir="0" index="0" bw="16" slack="0"/>
<pin id="943" dir="0" index="1" bw="8" slack="0"/>
<pin id="944" dir="1" index="2" bw="16" slack="1"/>
</pin_list>
<bind>
<opcode="add(8) " fcode="add"/>
<opset="add_ln155_3/3 "/>
</bind>
</comp>

<comp id="947" class="1004" name="zext_ln154_5_fu_947">
<pin_list>
<pin id="948" dir="0" index="0" bw="8" slack="1"/>
<pin id="949" dir="1" index="1" bw="16" slack="0"/>
</pin_list>
<bind>
<opcode="zext(34) " fcode="zext"/>
<opset="zext_ln154_5/3 "/>
</bind>
</comp>

<comp id="950" class="1004" name="add_ln155_5_fu_950">
<pin_list>
<pin id="951" dir="0" index="0" bw="16" slack="0"/>
<pin id="952" dir="0" index="1" bw="8" slack="0"/>
<pin id="953" dir="1" index="2" bw="16" slack="1"/>
</pin_list>
<bind>
<opcode="add(8) " fcode="add"/>
<opset="add_ln155_5/3 "/>
</bind>
</comp>

<comp id="956" class="1004" name="xor_ln136_1_fu_956">
<pin_list>
<pin id="957" dir="0" index="0" bw="8" slack="2"/>
<pin id="958" dir="0" index="1" bw="8" slack="0"/>
<pin id="959" dir="1" index="2" bw="8" slack="0"/>
</pin_list>
<bind>
<opcode="xor(25) " fcode="xor"/>
<opset="xor_ln136_1/4 "/>
</bind>
</comp>

<comp id="961" class="1004" name="zext_ln136_1_fu_961">
<pin_list>
<pin id="962" dir="0" index="0" bw="8" slack="0"/>
<pin id="963" dir="1" index="1" bw="24" slack="0"/>
</pin_list>
<bind>
<opcode="zext(34) " fcode="zext"/>
<opset="zext_ln136_1/4 "/>
</bind>
</comp>

<comp id="965" class="1004" name="mul_ln136_1_fu_965">
<pin_list>
<pin id="966" dir="0" index="0" bw="8" slack="0"/>
<pin id="967" dir="0" index="1" bw="16" slack="3"/>
<pin id="968" dir="1" index="2" bw="24" slack="0"/>
</pin_list>
<bind>
<opcode="mul(12) " fcode="mul"/>
<opset="mul_ln136_1/4 "/>
</bind>
</comp>

<comp id="970" class="1004" name="spike_delay_1_fu_970">
<pin_list>
<pin id="971" dir="0" index="0" bw="16" slack="0"/>
<pin id="972" dir="0" index="1" bw="24" slack="0"/>
<pin id="973" dir="0" index="2" bw="5" slack="0"/>
<pin id="974" dir="0" index="3" bw="6" slack="0"/>
<pin id="975" dir="1" index="4" bw="16" slack="1"/>
</pin_list>
<bind>
<opcode="partselect(1002) " fcode="partselect"/>
<opset="spike_delay_1/4 "/>
</bind>
</comp>

<comp id="980" class="1004" name="trunc_ln41_1_fu_980">
<pin_list>
<pin id="981" dir="0" index="0" bw="16" slack="0"/>
<pin id="982" dir="1" index="1" bw="1" slack="0"/>
</pin_list>
<bind>
<opcode="trunc(33) " fcode="trunc"/>
<opset="trunc_ln41_1/4 "/>
</bind>
</comp>

<comp id="984" class="1004" name="tmp_27_fu_984">
<pin_list>
<pin id="985" dir="0" index="0" bw="1" slack="0"/>
<pin id="986" dir="0" index="1" bw="16" slack="0"/>
<pin id="987" dir="0" index="2" bw="3" slack="0"/>
<pin id="988" dir="1" index="3" bw="1" slack="0"/>
</pin_list>
<bind>
<opcode="bitselect(1000) " fcode="bitselect"/>
<opset="tmp_27/4 "/>
</bind>
</comp>

<comp id="992" class="1004" name="tmp_28_fu_992">
<pin_list>
<pin id="993" dir="0" index="0" bw="1" slack="0"/>
<pin id="994" dir="0" index="1" bw="16" slack="0"/>
<pin id="995" dir="0" index="2" bw="4" slack="0"/>
<pin id="996" dir="1" index="3" bw="1" slack="0"/>
</pin_list>
<bind>
<opcode="bitselect(1000) " fcode="bitselect"/>
<opset="tmp_28/4 "/>
</bind>
</comp>

<comp id="1000" class="1004" name="tmp_30_fu_1000">
<pin_list>
<pin id="1001" dir="0" index="0" bw="1" slack="0"/>
<pin id="1002" dir="0" index="1" bw="16" slack="0"/>
<pin id="1003" dir="0" index="2" bw="3" slack="0"/>
<pin id="1004" dir="1" index="3" bw="1" slack="0"/>
</pin_list>
<bind>
<opcode="bitselect(1000) " fcode="bitselect"/>
<opset="tmp_30/4 "/>
</bind>
</comp>

<comp id="1008" class="1004" name="xor_ln42_8_fu_1008">
<pin_list>
<pin id="1009" dir="0" index="0" bw="1" slack="0"/>
<pin id="1010" dir="0" index="1" bw="1" slack="0"/>
<pin id="1011" dir="1" index="2" bw="1" slack="0"/>
</pin_list>
<bind>
<opcode="xor(25) " fcode="xor"/>
<opset="xor_ln42_8/4 "/>
</bind>
</comp>

<comp id="1014" class="1004" name="xor_ln42_9_fu_1014">
<pin_list>
<pin id="1015" dir="0" index="0" bw="1" slack="0"/>
<pin id="1016" dir="0" index="1" bw="1" slack="0"/>
<pin id="1017" dir="1" index="2" bw="1" slack="0"/>
</pin_list>
<bind>
<opcode="xor(25) " fcode="xor"/>
<opset="xor_ln42_9/4 "/>
</bind>
</comp>

<comp id="1020" class="1004" name="xor_ln42_1_fu_1020">
<pin_list>
<pin id="1021" dir="0" index="0" bw="1" slack="0"/>
<pin id="1022" dir="0" index="1" bw="1" slack="0"/>
<pin id="1023" dir="1" index="2" bw="1" slack="0"/>
</pin_list>
<bind>
<opcode="xor(25) " fcode="xor"/>
<opset="xor_ln42_1/4 "/>
</bind>
</comp>

<comp id="1026" class="1004" name="random_1_fu_1026">
<pin_list>
<pin id="1027" dir="0" index="0" bw="16" slack="0"/>
<pin id="1028" dir="0" index="1" bw="1" slack="0"/>
<pin id="1029" dir="0" index="2" bw="15" slack="0"/>
<pin id="1030" dir="1" index="3" bw="16" slack="0"/>
</pin_list>
<bind>
<opcode="bitconcatenate(1004) " fcode="bitconcatenate"/>
<opset="random_1/4 "/>
</bind>
</comp>

<comp id="1034" class="1004" name="store_ln42_store_fu_1034">
<pin_list>
<pin id="1035" dir="0" index="0" bw="16" slack="0"/>
<pin id="1036" dir="0" index="1" bw="16" slack="0"/>
<pin id="1037" dir="1" index="2" bw="0" slack="2147483647"/>
</pin_list>
<bind>
<opcode="store(28) " fcode="store"/>
<opset="store_ln42/4 "/>
</bind>
</comp>

<comp id="1040" class="1004" name="icmp_ln110_1_fu_1040">
<pin_list>
<pin id="1041" dir="0" index="0" bw="16" slack="0"/>
<pin id="1042" dir="0" index="1" bw="16" slack="1"/>
<pin id="1043" dir="1" index="2" bw="1" slack="2"/>
</pin_list>
<bind>
<opcode="icmp(45) " fcode="icmp"/>
<opset="icmp_ln110_1/4 "/>
</bind>
</comp>

<comp id="1045" class="1004" name="zext_ln137_1_fu_1045">
<pin_list>
<pin id="1046" dir="0" index="0" bw="32" slack="1"/>
<pin id="1047" dir="1" index="1" bw="33" slack="0"/>
</pin_list>
<bind>
<opcode="zext(34) " fcode="zext"/>
<opset="zext_ln137_1/4 "/>
</bind>
</comp>

<comp id="1048" class="1004" name="zext_ln137_2_fu_1048">
<pin_list>
<pin id="1049" dir="0" index="0" bw="16" slack="1"/>
<pin id="1050" dir="1" index="1" bw="33" slack="0"/>
</pin_list>
<bind>
<opcode="zext(34) " fcode="zext"/>
<opset="zext_ln137_2/4 "/>
</bind>
</comp>

<comp id="1051" class="1004" name="add_ln137_fu_1051">
<pin_list>
<pin id="1052" dir="0" index="0" bw="32" slack="0"/>
<pin id="1053" dir="0" index="1" bw="16" slack="0"/>
<pin id="1054" dir="1" index="2" bw="33" slack="0"/>
</pin_list>
<bind>
<opcode="add(8) " fcode="add"/>
<opset="add_ln137/4 "/>
</bind>
</comp>

<comp id="1057" class="1004" name="icmp_ln137_fu_1057">
<pin_list>
<pin id="1058" dir="0" index="0" bw="33" slack="0"/>
<pin id="1059" dir="0" index="1" bw="33" slack="3"/>
<pin id="1060" dir="1" index="2" bw="1" slack="2"/>
</pin_list>
<bind>
<opcode="icmp(45) " fcode="icmp"/>
<opset="icmp_ln137/4 "/>
</bind>
</comp>

<comp id="1062" class="1004" name="zext_ln137_5_fu_1062">
<pin_list>
<pin id="1063" dir="0" index="0" bw="32" slack="1"/>
<pin id="1064" dir="1" index="1" bw="33" slack="0"/>
</pin_list>
<bind>
<opcode="zext(34) " fcode="zext"/>
<opset="zext_ln137_5/4 "/>
</bind>
</comp>

<comp id="1065" class="1004" name="zext_ln137_6_fu_1065">
<pin_list>
<pin id="1066" dir="0" index="0" bw="16" slack="1"/>
<pin id="1067" dir="1" index="1" bw="33" slack="0"/>
</pin_list>
<bind>
<opcode="zext(34) " fcode="zext"/>
<opset="zext_ln137_6/4 "/>
</bind>
</comp>

<comp id="1068" class="1004" name="add_ln137_2_fu_1068">
<pin_list>
<pin id="1069" dir="0" index="0" bw="32" slack="0"/>
<pin id="1070" dir="0" index="1" bw="16" slack="0"/>
<pin id="1071" dir="1" index="2" bw="33" slack="0"/>
</pin_list>
<bind>
<opcode="add(8) " fcode="add"/>
<opset="add_ln137_2/4 "/>
</bind>
</comp>

<comp id="1074" class="1004" name="icmp_ln137_2_fu_1074">
<pin_list>
<pin id="1075" dir="0" index="0" bw="33" slack="0"/>
<pin id="1076" dir="0" index="1" bw="33" slack="3"/>
<pin id="1077" dir="1" index="2" bw="1" slack="2"/>
</pin_list>
<bind>
<opcode="icmp(45) " fcode="icmp"/>
<opset="icmp_ln137_2/4 "/>
</bind>
</comp>

<comp id="1079" class="1004" name="trunc_ln41_fu_1079">
<pin_list>
<pin id="1080" dir="0" index="0" bw="16" slack="0"/>
<pin id="1081" dir="1" index="1" bw="1" slack="0"/>
</pin_list>
<bind>
<opcode="trunc(33) " fcode="trunc"/>
<opset="trunc_ln41/4 "/>
</bind>
</comp>

<comp id="1083" class="1004" name="tmp_25_fu_1083">
<pin_list>
<pin id="1084" dir="0" index="0" bw="1" slack="0"/>
<pin id="1085" dir="0" index="1" bw="16" slack="0"/>
<pin id="1086" dir="0" index="2" bw="4" slack="0"/>
<pin id="1087" dir="1" index="3" bw="1" slack="0"/>
</pin_list>
<bind>
<opcode="bitselect(1000) " fcode="bitselect"/>
<opset="tmp_25/4 "/>
</bind>
</comp>

<comp id="1091" class="1004" name="tmp_26_fu_1091">
<pin_list>
<pin id="1092" dir="0" index="0" bw="1" slack="0"/>
<pin id="1093" dir="0" index="1" bw="16" slack="0"/>
<pin id="1094" dir="0" index="2" bw="3" slack="0"/>
<pin id="1095" dir="1" index="3" bw="1" slack="0"/>
</pin_list>
<bind>
<opcode="bitselect(1000) " fcode="bitselect"/>
<opset="tmp_26/4 "/>
</bind>
</comp>

<comp id="1099" class="1004" name="xor_ln42_7_fu_1099">
<pin_list>
<pin id="1100" dir="0" index="0" bw="1" slack="0"/>
<pin id="1101" dir="0" index="1" bw="1" slack="0"/>
<pin id="1102" dir="1" index="2" bw="1" slack="0"/>
</pin_list>
<bind>
<opcode="xor(25) " fcode="xor"/>
<opset="xor_ln42_7/4 "/>
</bind>
</comp>

<comp id="1105" class="1004" name="xor_ln42_6_fu_1105">
<pin_list>
<pin id="1106" dir="0" index="0" bw="1" slack="0"/>
<pin id="1107" dir="0" index="1" bw="1" slack="0"/>
<pin id="1108" dir="1" index="2" bw="1" slack="0"/>
</pin_list>
<bind>
<opcode="xor(25) " fcode="xor"/>
<opset="xor_ln42_6/4 "/>
</bind>
</comp>

<comp id="1111" class="1004" name="xor_ln42_fu_1111">
<pin_list>
<pin id="1112" dir="0" index="0" bw="1" slack="0"/>
<pin id="1113" dir="0" index="1" bw="1" slack="0"/>
<pin id="1114" dir="1" index="2" bw="1" slack="0"/>
</pin_list>
<bind>
<opcode="xor(25) " fcode="xor"/>
<opset="xor_ln42/4 "/>
</bind>
</comp>

<comp id="1117" class="1004" name="random_fu_1117">
<pin_list>
<pin id="1118" dir="0" index="0" bw="16" slack="0"/>
<pin id="1119" dir="0" index="1" bw="1" slack="0"/>
<pin id="1120" dir="0" index="2" bw="15" slack="0"/>
<pin id="1121" dir="1" index="3" bw="16" slack="0"/>
</pin_list>
<bind>
<opcode="bitconcatenate(1004) " fcode="bitconcatenate"/>
<opset="random/4 "/>
</bind>
</comp>

<comp id="1125" class="1004" name="icmp_ln110_fu_1125">
<pin_list>
<pin id="1126" dir="0" index="0" bw="16" slack="0"/>
<pin id="1127" dir="0" index="1" bw="16" slack="1"/>
<pin id="1128" dir="1" index="2" bw="1" slack="2"/>
</pin_list>
<bind>
<opcode="icmp(45) " fcode="icmp"/>
<opset="icmp_ln110/4 "/>
</bind>
</comp>

<comp id="1130" class="1004" name="tmp_31_fu_1130">
<pin_list>
<pin id="1131" dir="0" index="0" bw="1" slack="0"/>
<pin id="1132" dir="0" index="1" bw="16" slack="0"/>
<pin id="1133" dir="0" index="2" bw="4" slack="0"/>
<pin id="1134" dir="1" index="3" bw="1" slack="0"/>
</pin_list>
<bind>
<opcode="bitselect(1000) " fcode="bitselect"/>
<opset="tmp_31/4 "/>
</bind>
</comp>

<comp id="1138" class="1004" name="tmp_37_fu_1138">
<pin_list>
<pin id="1139" dir="0" index="0" bw="1" slack="0"/>
<pin id="1140" dir="0" index="1" bw="16" slack="0"/>
<pin id="1141" dir="0" index="2" bw="4" slack="0"/>
<pin id="1142" dir="1" index="3" bw="1" slack="0"/>
</pin_list>
<bind>
<opcode="bitselect(1000) " fcode="bitselect"/>
<opset="tmp_37/4 "/>
</bind>
</comp>

<comp id="1146" class="1004" name="tmp_38_fu_1146">
<pin_list>
<pin id="1147" dir="0" index="0" bw="1" slack="0"/>
<pin id="1148" dir="0" index="1" bw="16" slack="0"/>
<pin id="1149" dir="0" index="2" bw="1" slack="0"/>
<pin id="1150" dir="1" index="3" bw="1" slack="0"/>
</pin_list>
<bind>
<opcode="bitselect(1000) " fcode="bitselect"/>
<opset="tmp_38/4 "/>
</bind>
</comp>

<comp id="1154" class="1004" name="xor_ln42_10_fu_1154">
<pin_list>
<pin id="1155" dir="0" index="0" bw="1" slack="0"/>
<pin id="1156" dir="0" index="1" bw="1" slack="0"/>
<pin id="1157" dir="1" index="2" bw="1" slack="0"/>
</pin_list>
<bind>
<opcode="xor(25) " fcode="xor"/>
<opset="xor_ln42_10/4 "/>
</bind>
</comp>

<comp id="1160" class="1004" name="xor_ln42_11_fu_1160">
<pin_list>
<pin id="1161" dir="0" index="0" bw="1" slack="0"/>
<pin id="1162" dir="0" index="1" bw="1" slack="0"/>
<pin id="1163" dir="1" index="2" bw="1" slack="0"/>
</pin_list>
<bind>
<opcode="xor(25) " fcode="xor"/>
<opset="xor_ln42_11/4 "/>
</bind>
</comp>

<comp id="1166" class="1004" name="xor_ln42_2_fu_1166">
<pin_list>
<pin id="1167" dir="0" index="0" bw="1" slack="0"/>
<pin id="1168" dir="0" index="1" bw="1" slack="0"/>
<pin id="1169" dir="1" index="2" bw="1" slack="0"/>
</pin_list>
<bind>
<opcode="xor(25) " fcode="xor"/>
<opset="xor_ln42_2/4 "/>
</bind>
</comp>

<comp id="1172" class="1004" name="random_2_fu_1172">
<pin_list>
<pin id="1173" dir="0" index="0" bw="16" slack="0"/>
<pin id="1174" dir="0" index="1" bw="1" slack="0"/>
<pin id="1175" dir="0" index="2" bw="1" slack="0"/>
<pin id="1176" dir="0" index="3" bw="14" slack="0"/>
<pin id="1177" dir="1" index="4" bw="16" slack="0"/>
</pin_list>
<bind>
<opcode="bitconcatenate(1004) " fcode="bitconcatenate"/>
<opset="random_2/4 "/>
</bind>
</comp>

<comp id="1182" class="1004" name="store_ln42_store_fu_1182">
<pin_list>
<pin id="1183" dir="0" index="0" bw="16" slack="0"/>
<pin id="1184" dir="0" index="1" bw="16" slack="0"/>
<pin id="1185" dir="1" index="2" bw="0" slack="2147483647"/>
</pin_list>
<bind>
<opcode="store(28) " fcode="store"/>
<opset="store_ln42/4 "/>
</bind>
</comp>

<comp id="1188" class="1004" name="icmp_ln110_2_fu_1188">
<pin_list>
<pin id="1189" dir="0" index="0" bw="16" slack="0"/>
<pin id="1190" dir="0" index="1" bw="16" slack="1"/>
<pin id="1191" dir="1" index="2" bw="1" slack="3"/>
</pin_list>
<bind>
<opcode="icmp(45) " fcode="icmp"/>
<opset="icmp_ln110_2/4 "/>
</bind>
</comp>

<comp id="1193" class="1004" name="xor_ln136_4_fu_1193">
<pin_list>
<pin id="1194" dir="0" index="0" bw="8" slack="2"/>
<pin id="1195" dir="0" index="1" bw="8" slack="0"/>
<pin id="1196" dir="1" index="2" bw="8" slack="0"/>
</pin_list>
<bind>
<opcode="xor(25) " fcode="xor"/>
<opset="xor_ln136_4/4 "/>
</bind>
</comp>

<comp id="1198" class="1004" name="zext_ln136_4_fu_1198">
<pin_list>
<pin id="1199" dir="0" index="0" bw="8" slack="0"/>
<pin id="1200" dir="1" index="1" bw="24" slack="0"/>
</pin_list>
<bind>
<opcode="zext(34) " fcode="zext"/>
<opset="zext_ln136_4/4 "/>
</bind>
</comp>

<comp id="1202" class="1004" name="mul_ln136_4_fu_1202">
<pin_list>
<pin id="1203" dir="0" index="0" bw="8" slack="0"/>
<pin id="1204" dir="0" index="1" bw="16" slack="3"/>
<pin id="1205" dir="1" index="2" bw="24" slack="0"/>
</pin_list>
<bind>
<opcode="mul(12) " fcode="mul"/>
<opset="mul_ln136_4/4 "/>
</bind>
</comp>

<comp id="1207" class="1004" name="spike_delay_4_fu_1207">
<pin_list>
<pin id="1208" dir="0" index="0" bw="16" slack="0"/>
<pin id="1209" dir="0" index="1" bw="24" slack="0"/>
<pin id="1210" dir="0" index="2" bw="5" slack="0"/>
<pin id="1211" dir="0" index="3" bw="6" slack="0"/>
<pin id="1212" dir="1" index="4" bw="16" slack="1"/>
</pin_list>
<bind>
<opcode="partselect(1002) " fcode="partselect"/>
<opset="spike_delay_4/4 "/>
</bind>
</comp>

<comp id="1217" class="1004" name="zext_ln137_7_fu_1217">
<pin_list>
<pin id="1218" dir="0" index="0" bw="32" slack="0"/>
<pin id="1219" dir="1" index="1" bw="33" slack="0"/>
</pin_list>
<bind>
<opcode="zext(34) " fcode="zext"/>
<opset="zext_ln137_7/4 "/>
</bind>
</comp>

<comp id="1221" class="1004" name="zext_ln137_8_fu_1221">
<pin_list>
<pin id="1222" dir="0" index="0" bw="16" slack="1"/>
<pin id="1223" dir="1" index="1" bw="33" slack="0"/>
</pin_list>
<bind>
<opcode="zext(34) " fcode="zext"/>
<opset="zext_ln137_8/4 "/>
</bind>
</comp>

<comp id="1224" class="1004" name="add_ln137_3_fu_1224">
<pin_list>
<pin id="1225" dir="0" index="0" bw="32" slack="0"/>
<pin id="1226" dir="0" index="1" bw="16" slack="0"/>
<pin id="1227" dir="1" index="2" bw="33" slack="1"/>
</pin_list>
<bind>
<opcode="add(8) " fcode="add"/>
<opset="add_ln137_3/4 "/>
</bind>
</comp>

<comp id="1230" class="1004" name="zext_ln137_11_fu_1230">
<pin_list>
<pin id="1231" dir="0" index="0" bw="32" slack="0"/>
<pin id="1232" dir="1" index="1" bw="33" slack="0"/>
</pin_list>
<bind>
<opcode="zext(34) " fcode="zext"/>
<opset="zext_ln137_11/4 "/>
</bind>
</comp>

<comp id="1234" class="1004" name="zext_ln137_12_fu_1234">
<pin_list>
<pin id="1235" dir="0" index="0" bw="16" slack="1"/>
<pin id="1236" dir="1" index="1" bw="33" slack="0"/>
</pin_list>
<bind>
<opcode="zext(34) " fcode="zext"/>
<opset="zext_ln137_12/4 "/>
</bind>
</comp>

<comp id="1237" class="1004" name="add_ln137_5_fu_1237">
<pin_list>
<pin id="1238" dir="0" index="0" bw="32" slack="0"/>
<pin id="1239" dir="0" index="1" bw="16" slack="0"/>
<pin id="1240" dir="1" index="2" bw="33" slack="1"/>
</pin_list>
<bind>
<opcode="add(8) " fcode="add"/>
<opset="add_ln137_5/4 "/>
</bind>
</comp>

<comp id="1243" class="1004" name="icmp_ln158_3_fu_1243">
<pin_list>
<pin id="1244" dir="0" index="0" bw="16" slack="1"/>
<pin id="1245" dir="0" index="1" bw="16" slack="3"/>
<pin id="1246" dir="1" index="2" bw="1" slack="0"/>
</pin_list>
<bind>
<opcode="icmp(45) " fcode="icmp"/>
<opset="icmp_ln158_3/4 "/>
</bind>
</comp>

<comp id="1247" class="1004" name="sub_ln159_3_fu_1247">
<pin_list>
<pin id="1248" dir="0" index="0" bw="16" slack="1"/>
<pin id="1249" dir="0" index="1" bw="16" slack="3"/>
<pin id="1250" dir="1" index="2" bw="16" slack="0"/>
</pin_list>
<bind>
<opcode="sub(10) " fcode="sub"/>
<opset="sub_ln159_3/4 "/>
</bind>
</comp>

<comp id="1251" class="1004" name="select_ln158_3_fu_1251">
<pin_list>
<pin id="1252" dir="0" index="0" bw="1" slack="0"/>
<pin id="1253" dir="0" index="1" bw="16" slack="0"/>
<pin id="1254" dir="0" index="2" bw="16" slack="1"/>
<pin id="1255" dir="1" index="3" bw="16" slack="0"/>
</pin_list>
<bind>
<opcode="select(49) " fcode="select"/>
<opset="select_ln158_3/4 "/>
</bind>
</comp>

<comp id="1259" class="1004" name="icmp_ln158_5_fu_1259">
<pin_list>
<pin id="1260" dir="0" index="0" bw="16" slack="1"/>
<pin id="1261" dir="0" index="1" bw="16" slack="3"/>
<pin id="1262" dir="1" index="2" bw="1" slack="0"/>
</pin_list>
<bind>
<opcode="icmp(45) " fcode="icmp"/>
<opset="icmp_ln158_5/4 "/>
</bind>
</comp>

<comp id="1263" class="1004" name="sub_ln159_5_fu_1263">
<pin_list>
<pin id="1264" dir="0" index="0" bw="16" slack="1"/>
<pin id="1265" dir="0" index="1" bw="16" slack="3"/>
<pin id="1266" dir="1" index="2" bw="16" slack="0"/>
</pin_list>
<bind>
<opcode="sub(10) " fcode="sub"/>
<opset="sub_ln159_5/4 "/>
</bind>
</comp>

<comp id="1267" class="1004" name="select_ln158_5_fu_1267">
<pin_list>
<pin id="1268" dir="0" index="0" bw="1" slack="0"/>
<pin id="1269" dir="0" index="1" bw="16" slack="0"/>
<pin id="1270" dir="0" index="2" bw="16" slack="1"/>
<pin id="1271" dir="1" index="3" bw="16" slack="0"/>
</pin_list>
<bind>
<opcode="select(49) " fcode="select"/>
<opset="select_ln158_5/4 "/>
</bind>
</comp>

<comp id="1275" class="1004" name="ch_3_fu_1275">
<pin_list>
<pin id="1276" dir="0" index="0" bw="10" slack="3"/>
<pin id="1277" dir="0" index="1" bw="3" slack="0"/>
<pin id="1278" dir="1" index="2" bw="10" slack="0"/>
</pin_list>
<bind>
<opcode="add(8) " fcode="add"/>
<opset="ch_3/4 "/>
</bind>
</comp>

<comp id="1280" class="1004" name="store_ln75_store_fu_1280">
<pin_list>
<pin id="1281" dir="0" index="0" bw="10" slack="0"/>
<pin id="1282" dir="0" index="1" bw="10" slack="3"/>
<pin id="1283" dir="1" index="2" bw="0" slack="2147483647"/>
</pin_list>
<bind>
<opcode="store(28) " fcode="store"/>
<opset="store_ln75/4 "/>
</bind>
</comp>

<comp id="1285" class="1004" name="zext_ln137_3_fu_1285">
<pin_list>
<pin id="1286" dir="0" index="0" bw="32" slack="0"/>
<pin id="1287" dir="1" index="1" bw="33" slack="0"/>
</pin_list>
<bind>
<opcode="zext(34) " fcode="zext"/>
<opset="zext_ln137_3/5 "/>
</bind>
</comp>

<comp id="1289" class="1004" name="zext_ln137_4_fu_1289">
<pin_list>
<pin id="1290" dir="0" index="0" bw="16" slack="1"/>
<pin id="1291" dir="1" index="1" bw="33" slack="0"/>
</pin_list>
<bind>
<opcode="zext(34) " fcode="zext"/>
<opset="zext_ln137_4/5 "/>
</bind>
</comp>

<comp id="1292" class="1004" name="add_ln137_1_fu_1292">
<pin_list>
<pin id="1293" dir="0" index="0" bw="32" slack="0"/>
<pin id="1294" dir="0" index="1" bw="16" slack="0"/>
<pin id="1295" dir="1" index="2" bw="33" slack="1"/>
</pin_list>
<bind>
<opcode="add(8) " fcode="add"/>
<opset="add_ln137_1/5 "/>
</bind>
</comp>

<comp id="1298" class="1004" name="zext_ln154_1_fu_1298">
<pin_list>
<pin id="1299" dir="0" index="0" bw="8" slack="3"/>
<pin id="1300" dir="1" index="1" bw="16" slack="0"/>
</pin_list>
<bind>
<opcode="zext(34) " fcode="zext"/>
<opset="zext_ln154_1/5 "/>
</bind>
</comp>

<comp id="1301" class="1004" name="add_ln155_1_fu_1301">
<pin_list>
<pin id="1302" dir="0" index="0" bw="16" slack="0"/>
<pin id="1303" dir="0" index="1" bw="8" slack="0"/>
<pin id="1304" dir="1" index="2" bw="16" slack="1"/>
</pin_list>
<bind>
<opcode="add(8) " fcode="add"/>
<opset="add_ln155_1/5 "/>
</bind>
</comp>

<comp id="1307" class="1004" name="zext_ln154_fu_1307">
<pin_list>
<pin id="1308" dir="0" index="0" bw="8" slack="3"/>
<pin id="1309" dir="1" index="1" bw="16" slack="0"/>
</pin_list>
<bind>
<opcode="zext(34) " fcode="zext"/>
<opset="zext_ln154/5 "/>
</bind>
</comp>

<comp id="1310" class="1004" name="add_ln155_fu_1310">
<pin_list>
<pin id="1311" dir="0" index="0" bw="16" slack="3"/>
<pin id="1312" dir="0" index="1" bw="8" slack="0"/>
<pin id="1313" dir="1" index="2" bw="16" slack="0"/>
</pin_list>
<bind>
<opcode="add(8) " fcode="add"/>
<opset="add_ln155/5 "/>
</bind>
</comp>

<comp id="1315" class="1004" name="icmp_ln158_fu_1315">
<pin_list>
<pin id="1316" dir="0" index="0" bw="16" slack="0"/>
<pin id="1317" dir="0" index="1" bw="16" slack="4"/>
<pin id="1318" dir="1" index="2" bw="1" slack="0"/>
</pin_list>
<bind>
<opcode="icmp(45) " fcode="icmp"/>
<opset="icmp_ln158/5 "/>
</bind>
</comp>

<comp id="1320" class="1004" name="sub_ln159_fu_1320">
<pin_list>
<pin id="1321" dir="0" index="0" bw="16" slack="0"/>
<pin id="1322" dir="0" index="1" bw="16" slack="4"/>
<pin id="1323" dir="1" index="2" bw="16" slack="0"/>
</pin_list>
<bind>
<opcode="sub(10) " fcode="sub"/>
<opset="sub_ln159/5 "/>
</bind>
</comp>

<comp id="1325" class="1004" name="select_ln158_fu_1325">
<pin_list>
<pin id="1326" dir="0" index="0" bw="1" slack="0"/>
<pin id="1327" dir="0" index="1" bw="16" slack="0"/>
<pin id="1328" dir="0" index="2" bw="16" slack="0"/>
<pin id="1329" dir="1" index="3" bw="16" slack="0"/>
</pin_list>
<bind>
<opcode="select(49) " fcode="select"/>
<opset="select_ln158/5 "/>
</bind>
</comp>

<comp id="1333" class="1004" name="icmp_ln163_fu_1333">
<pin_list>
<pin id="1334" dir="0" index="0" bw="16" slack="0"/>
<pin id="1335" dir="0" index="1" bw="16" slack="4"/>
<pin id="1336" dir="1" index="2" bw="1" slack="1"/>
</pin_list>
<bind>
<opcode="icmp(45) " fcode="icmp"/>
<opset="icmp_ln163/5 "/>
</bind>
</comp>

<comp id="1338" class="1004" name="zext_ln154_2_fu_1338">
<pin_list>
<pin id="1339" dir="0" index="0" bw="8" slack="3"/>
<pin id="1340" dir="1" index="1" bw="16" slack="0"/>
</pin_list>
<bind>
<opcode="zext(34) " fcode="zext"/>
<opset="zext_ln154_2/5 "/>
</bind>
</comp>

<comp id="1341" class="1004" name="add_ln155_2_fu_1341">
<pin_list>
<pin id="1342" dir="0" index="0" bw="16" slack="3"/>
<pin id="1343" dir="0" index="1" bw="8" slack="0"/>
<pin id="1344" dir="1" index="2" bw="16" slack="1"/>
</pin_list>
<bind>
<opcode="add(8) " fcode="add"/>
<opset="add_ln155_2/5 "/>
</bind>
</comp>

<comp id="1346" class="1004" name="zext_ln137_9_fu_1346">
<pin_list>
<pin id="1347" dir="0" index="0" bw="32" slack="0"/>
<pin id="1348" dir="1" index="1" bw="33" slack="0"/>
</pin_list>
<bind>
<opcode="zext(34) " fcode="zext"/>
<opset="zext_ln137_9/5 "/>
</bind>
</comp>

<comp id="1350" class="1004" name="zext_ln137_10_fu_1350">
<pin_list>
<pin id="1351" dir="0" index="0" bw="16" slack="1"/>
<pin id="1352" dir="1" index="1" bw="33" slack="0"/>
</pin_list>
<bind>
<opcode="zext(34) " fcode="zext"/>
<opset="zext_ln137_10/5 "/>
</bind>
</comp>

<comp id="1353" class="1004" name="add_ln137_4_fu_1353">
<pin_list>
<pin id="1354" dir="0" index="0" bw="32" slack="0"/>
<pin id="1355" dir="0" index="1" bw="16" slack="0"/>
<pin id="1356" dir="1" index="2" bw="33" slack="1"/>
</pin_list>
<bind>
<opcode="add(8) " fcode="add"/>
<opset="add_ln137_4/5 "/>
</bind>
</comp>

<comp id="1359" class="1004" name="zext_ln154_4_fu_1359">
<pin_list>
<pin id="1360" dir="0" index="0" bw="8" slack="3"/>
<pin id="1361" dir="1" index="1" bw="16" slack="0"/>
</pin_list>
<bind>
<opcode="zext(34) " fcode="zext"/>
<opset="zext_ln154_4/5 "/>
</bind>
</comp>

<comp id="1362" class="1004" name="add_ln155_4_fu_1362">
<pin_list>
<pin id="1363" dir="0" index="0" bw="16" slack="0"/>
<pin id="1364" dir="0" index="1" bw="8" slack="0"/>
<pin id="1365" dir="1" index="2" bw="16" slack="1"/>
</pin_list>
<bind>
<opcode="add(8) " fcode="add"/>
<opset="add_ln155_4/5 "/>
</bind>
</comp>

<comp id="1368" class="1004" name="icmp_ln137_3_fu_1368">
<pin_list>
<pin id="1369" dir="0" index="0" bw="33" slack="1"/>
<pin id="1370" dir="0" index="1" bw="33" slack="4"/>
<pin id="1371" dir="1" index="2" bw="1" slack="3"/>
</pin_list>
<bind>
<opcode="icmp(45) " fcode="icmp"/>
<opset="icmp_ln137_3/5 "/>
</bind>
</comp>

<comp id="1372" class="1004" name="icmp_ln137_5_fu_1372">
<pin_list>
<pin id="1373" dir="0" index="0" bw="33" slack="1"/>
<pin id="1374" dir="0" index="1" bw="33" slack="4"/>
<pin id="1375" dir="1" index="2" bw="1" slack="4"/>
</pin_list>
<bind>
<opcode="icmp(45) " fcode="icmp"/>
<opset="icmp_ln137_5/5 "/>
</bind>
</comp>

<comp id="1376" class="1004" name="trunc_ln41_2_fu_1376">
<pin_list>
<pin id="1377" dir="0" index="0" bw="16" slack="0"/>
<pin id="1378" dir="1" index="1" bw="1" slack="0"/>
</pin_list>
<bind>
<opcode="trunc(33) " fcode="trunc"/>
<opset="trunc_ln41_2/5 "/>
</bind>
</comp>

<comp id="1380" class="1004" name="tmp_40_fu_1380">
<pin_list>
<pin id="1381" dir="0" index="0" bw="1" slack="0"/>
<pin id="1382" dir="0" index="1" bw="16" slack="0"/>
<pin id="1383" dir="0" index="2" bw="4" slack="0"/>
<pin id="1384" dir="1" index="3" bw="1" slack="0"/>
</pin_list>
<bind>
<opcode="bitselect(1000) " fcode="bitselect"/>
<opset="tmp_40/5 "/>
</bind>
</comp>

<comp id="1388" class="1004" name="tmp_46_fu_1388">
<pin_list>
<pin id="1389" dir="0" index="0" bw="1" slack="0"/>
<pin id="1390" dir="0" index="1" bw="16" slack="0"/>
<pin id="1391" dir="0" index="2" bw="3" slack="0"/>
<pin id="1392" dir="1" index="3" bw="1" slack="0"/>
</pin_list>
<bind>
<opcode="bitselect(1000) " fcode="bitselect"/>
<opset="tmp_46/5 "/>
</bind>
</comp>

<comp id="1396" class="1004" name="xor_ln42_12_fu_1396">
<pin_list>
<pin id="1397" dir="0" index="0" bw="1" slack="0"/>
<pin id="1398" dir="0" index="1" bw="1" slack="0"/>
<pin id="1399" dir="1" index="2" bw="1" slack="0"/>
</pin_list>
<bind>
<opcode="xor(25) " fcode="xor"/>
<opset="xor_ln42_12/5 "/>
</bind>
</comp>

<comp id="1402" class="1004" name="xor_ln42_13_fu_1402">
<pin_list>
<pin id="1403" dir="0" index="0" bw="1" slack="0"/>
<pin id="1404" dir="0" index="1" bw="1" slack="0"/>
<pin id="1405" dir="1" index="2" bw="1" slack="0"/>
</pin_list>
<bind>
<opcode="xor(25) " fcode="xor"/>
<opset="xor_ln42_13/5 "/>
</bind>
</comp>

<comp id="1408" class="1004" name="xor_ln42_3_fu_1408">
<pin_list>
<pin id="1409" dir="0" index="0" bw="1" slack="0"/>
<pin id="1410" dir="0" index="1" bw="1" slack="0"/>
<pin id="1411" dir="1" index="2" bw="1" slack="0"/>
</pin_list>
<bind>
<opcode="xor(25) " fcode="xor"/>
<opset="xor_ln42_3/5 "/>
</bind>
</comp>

<comp id="1414" class="1004" name="random_3_fu_1414">
<pin_list>
<pin id="1415" dir="0" index="0" bw="16" slack="0"/>
<pin id="1416" dir="0" index="1" bw="1" slack="0"/>
<pin id="1417" dir="0" index="2" bw="15" slack="0"/>
<pin id="1418" dir="1" index="3" bw="16" slack="0"/>
</pin_list>
<bind>
<opcode="bitconcatenate(1004) " fcode="bitconcatenate"/>
<opset="random_3/5 "/>
</bind>
</comp>

<comp id="1422" class="1004" name="icmp_ln110_3_fu_1422">
<pin_list>
<pin id="1423" dir="0" index="0" bw="16" slack="0"/>
<pin id="1424" dir="0" index="1" bw="16" slack="2"/>
<pin id="1425" dir="1" index="2" bw="1" slack="3"/>
</pin_list>
<bind>
<opcode="icmp(45) " fcode="icmp"/>
<opset="icmp_ln110_3/5 "/>
</bind>
</comp>

<comp id="1427" class="1004" name="tmp_51_fu_1427">
<pin_list>
<pin id="1428" dir="0" index="0" bw="1" slack="0"/>
<pin id="1429" dir="0" index="1" bw="16" slack="0"/>
<pin id="1430" dir="0" index="2" bw="4" slack="0"/>
<pin id="1431" dir="1" index="3" bw="1" slack="0"/>
</pin_list>
<bind>
<opcode="bitselect(1000) " fcode="bitselect"/>
<opset="tmp_51/5 "/>
</bind>
</comp>

<comp id="1435" class="1004" name="tmp_52_fu_1435">
<pin_list>
<pin id="1436" dir="0" index="0" bw="1" slack="0"/>
<pin id="1437" dir="0" index="1" bw="16" slack="0"/>
<pin id="1438" dir="0" index="2" bw="4" slack="0"/>
<pin id="1439" dir="1" index="3" bw="1" slack="0"/>
</pin_list>
<bind>
<opcode="bitselect(1000) " fcode="bitselect"/>
<opset="tmp_52/5 "/>
</bind>
</comp>

<comp id="1443" class="1004" name="tmp_53_fu_1443">
<pin_list>
<pin id="1444" dir="0" index="0" bw="1" slack="0"/>
<pin id="1445" dir="0" index="1" bw="16" slack="0"/>
<pin id="1446" dir="0" index="2" bw="1" slack="0"/>
<pin id="1447" dir="1" index="3" bw="1" slack="0"/>
</pin_list>
<bind>
<opcode="bitselect(1000) " fcode="bitselect"/>
<opset="tmp_53/5 "/>
</bind>
</comp>

<comp id="1451" class="1004" name="xor_ln42_16_fu_1451">
<pin_list>
<pin id="1452" dir="0" index="0" bw="1" slack="0"/>
<pin id="1453" dir="0" index="1" bw="1" slack="0"/>
<pin id="1454" dir="1" index="2" bw="1" slack="0"/>
</pin_list>
<bind>
<opcode="xor(25) " fcode="xor"/>
<opset="xor_ln42_16/5 "/>
</bind>
</comp>

<comp id="1457" class="1004" name="xor_ln42_17_fu_1457">
<pin_list>
<pin id="1458" dir="0" index="0" bw="1" slack="0"/>
<pin id="1459" dir="0" index="1" bw="1" slack="0"/>
<pin id="1460" dir="1" index="2" bw="1" slack="0"/>
</pin_list>
<bind>
<opcode="xor(25) " fcode="xor"/>
<opset="xor_ln42_17/5 "/>
</bind>
</comp>

<comp id="1463" class="1004" name="xor_ln42_5_fu_1463">
<pin_list>
<pin id="1464" dir="0" index="0" bw="1" slack="0"/>
<pin id="1465" dir="0" index="1" bw="1" slack="0"/>
<pin id="1466" dir="1" index="2" bw="1" slack="0"/>
</pin_list>
<bind>
<opcode="xor(25) " fcode="xor"/>
<opset="xor_ln42_5/5 "/>
</bind>
</comp>

<comp id="1469" class="1004" name="random_5_fu_1469">
<pin_list>
<pin id="1470" dir="0" index="0" bw="16" slack="0"/>
<pin id="1471" dir="0" index="1" bw="1" slack="0"/>
<pin id="1472" dir="0" index="2" bw="1" slack="0"/>
<pin id="1473" dir="0" index="3" bw="14" slack="0"/>
<pin id="1474" dir="1" index="4" bw="16" slack="0"/>
</pin_list>
<bind>
<opcode="bitconcatenate(1004) " fcode="bitconcatenate"/>
<opset="random_5/5 "/>
</bind>
</comp>

<comp id="1479" class="1004" name="store_ln42_store_fu_1479">
<pin_list>
<pin id="1480" dir="0" index="0" bw="16" slack="0"/>
<pin id="1481" dir="0" index="1" bw="16" slack="0"/>
<pin id="1482" dir="1" index="2" bw="0" slack="2147483647"/>
</pin_list>
<bind>
<opcode="store(28) " fcode="store"/>
<opset="store_ln42/5 "/>
</bind>
</comp>

<comp id="1485" class="1004" name="icmp_ln110_5_fu_1485">
<pin_list>
<pin id="1486" dir="0" index="0" bw="16" slack="0"/>
<pin id="1487" dir="0" index="1" bw="16" slack="2"/>
<pin id="1488" dir="1" index="2" bw="1" slack="4"/>
</pin_list>
<bind>
<opcode="icmp(45) " fcode="icmp"/>
<opset="icmp_ln110_5/5 "/>
</bind>
</comp>

<comp id="1490" class="1004" name="icmp_ln163_3_fu_1490">
<pin_list>
<pin id="1491" dir="0" index="0" bw="16" slack="1"/>
<pin id="1492" dir="0" index="1" bw="16" slack="4"/>
<pin id="1493" dir="1" index="2" bw="1" slack="3"/>
</pin_list>
<bind>
<opcode="icmp(45) " fcode="icmp"/>
<opset="icmp_ln163_3/5 "/>
</bind>
</comp>

<comp id="1494" class="1004" name="sub_ln165_3_fu_1494">
<pin_list>
<pin id="1495" dir="0" index="0" bw="16" slack="1"/>
<pin id="1496" dir="0" index="1" bw="16" slack="4"/>
<pin id="1497" dir="1" index="2" bw="16" slack="0"/>
</pin_list>
<bind>
<opcode="sub(10) " fcode="sub"/>
<opset="sub_ln165_3/5 "/>
</bind>
</comp>

<comp id="1499" class="1004" name="icmp_ln163_5_fu_1499">
<pin_list>
<pin id="1500" dir="0" index="0" bw="16" slack="1"/>
<pin id="1501" dir="0" index="1" bw="16" slack="4"/>
<pin id="1502" dir="1" index="2" bw="1" slack="4"/>
</pin_list>
<bind>
<opcode="icmp(45) " fcode="icmp"/>
<opset="icmp_ln163_5/5 "/>
</bind>
</comp>

<comp id="1503" class="1004" name="sub_ln165_5_fu_1503">
<pin_list>
<pin id="1504" dir="0" index="0" bw="16" slack="1"/>
<pin id="1505" dir="0" index="1" bw="16" slack="4"/>
<pin id="1506" dir="1" index="2" bw="16" slack="0"/>
</pin_list>
<bind>
<opcode="sub(10) " fcode="sub"/>
<opset="sub_ln165_5/5 "/>
</bind>
</comp>

<comp id="1508" class="1004" name="icmp_ln137_1_fu_1508">
<pin_list>
<pin id="1509" dir="0" index="0" bw="33" slack="1"/>
<pin id="1510" dir="0" index="1" bw="33" slack="5"/>
<pin id="1511" dir="1" index="2" bw="1" slack="1"/>
</pin_list>
<bind>
<opcode="icmp(45) " fcode="icmp"/>
<opset="icmp_ln137_1/6 "/>
</bind>
</comp>

<comp id="1512" class="1004" name="store_ln93_store_fu_1512">
<pin_list>
<pin id="1513" dir="0" index="0" bw="32" slack="0"/>
<pin id="1514" dir="0" index="1" bw="32" slack="0"/>
<pin id="1515" dir="1" index="2" bw="0" slack="2147483647"/>
</pin_list>
<bind>
<opcode="store(28) " fcode="store"/>
<opset="store_ln93/6 "/>
</bind>
</comp>

<comp id="1518" class="1004" name="icmp_ln158_1_fu_1518">
<pin_list>
<pin id="1519" dir="0" index="0" bw="16" slack="1"/>
<pin id="1520" dir="0" index="1" bw="16" slack="5"/>
<pin id="1521" dir="1" index="2" bw="1" slack="0"/>
</pin_list>
<bind>
<opcode="icmp(45) " fcode="icmp"/>
<opset="icmp_ln158_1/6 "/>
</bind>
</comp>

<comp id="1522" class="1004" name="sub_ln159_1_fu_1522">
<pin_list>
<pin id="1523" dir="0" index="0" bw="16" slack="1"/>
<pin id="1524" dir="0" index="1" bw="16" slack="5"/>
<pin id="1525" dir="1" index="2" bw="16" slack="0"/>
</pin_list>
<bind>
<opcode="sub(10) " fcode="sub"/>
<opset="sub_ln159_1/6 "/>
</bind>
</comp>

<comp id="1526" class="1004" name="select_ln158_1_fu_1526">
<pin_list>
<pin id="1527" dir="0" index="0" bw="1" slack="0"/>
<pin id="1528" dir="0" index="1" bw="16" slack="0"/>
<pin id="1529" dir="0" index="2" bw="16" slack="1"/>
<pin id="1530" dir="1" index="3" bw="16" slack="0"/>
</pin_list>
<bind>
<opcode="select(49) " fcode="select"/>
<opset="select_ln158_1/6 "/>
</bind>
</comp>

<comp id="1534" class="1004" name="icmp_ln163_1_fu_1534">
<pin_list>
<pin id="1535" dir="0" index="0" bw="16" slack="0"/>
<pin id="1536" dir="0" index="1" bw="16" slack="5"/>
<pin id="1537" dir="1" index="2" bw="1" slack="1"/>
</pin_list>
<bind>
<opcode="icmp(45) " fcode="icmp"/>
<opset="icmp_ln163_1/6 "/>
</bind>
</comp>

<comp id="1539" class="1004" name="trunc_ln203_fu_1539">
<pin_list>
<pin id="1540" dir="0" index="0" bw="10" slack="5"/>
<pin id="1541" dir="1" index="1" bw="9" slack="0"/>
</pin_list>
<bind>
<opcode="trunc(33) " fcode="trunc"/>
<opset="trunc_ln203/6 "/>
</bind>
</comp>

<comp id="1542" class="1004" name="trunc_ln88_4_fu_1542">
<pin_list>
<pin id="1543" dir="0" index="0" bw="32" slack="5"/>
<pin id="1544" dir="1" index="1" bw="14" slack="0"/>
</pin_list>
<bind>
<opcode="trunc(33) " fcode="trunc"/>
<opset="trunc_ln88_4/6 "/>
</bind>
</comp>

<comp id="1545" class="1004" name="or_ln92_8_fu_1545">
<pin_list>
<pin id="1546" dir="0" index="0" bw="33" slack="0"/>
<pin id="1547" dir="0" index="1" bw="1" slack="0"/>
<pin id="1548" dir="0" index="2" bw="14" slack="0"/>
<pin id="1549" dir="0" index="3" bw="8" slack="5"/>
<pin id="1550" dir="0" index="4" bw="9" slack="0"/>
<pin id="1551" dir="0" index="5" bw="1" slack="0"/>
<pin id="1552" dir="1" index="6" bw="33" slack="0"/>
</pin_list>
<bind>
<opcode="bitconcatenate(1004) " fcode="bitconcatenate"/>
<opset="or_ln92_8/6 "/>
</bind>
</comp>

<comp id="1558" class="1004" name="sext_ln92_4_fu_1558">
<pin_list>
<pin id="1559" dir="0" index="0" bw="33" slack="0"/>
<pin id="1560" dir="1" index="1" bw="41" slack="0"/>
</pin_list>
<bind>
<opcode="sext(35) " fcode="sext"/>
<opset="sext_ln92_4/6 "/>
</bind>
</comp>

<comp id="1563" class="1004" name="store_ln93_store_fu_1563">
<pin_list>
<pin id="1564" dir="0" index="0" bw="32" slack="0"/>
<pin id="1565" dir="0" index="1" bw="32" slack="0"/>
<pin id="1566" dir="1" index="2" bw="0" slack="2147483647"/>
</pin_list>
<bind>
<opcode="store(28) " fcode="store"/>
<opset="store_ln93/6 "/>
</bind>
</comp>

<comp id="1569" class="1004" name="trunc_ln88_1_fu_1569">
<pin_list>
<pin id="1570" dir="0" index="0" bw="32" slack="5"/>
<pin id="1571" dir="1" index="1" bw="14" slack="0"/>
</pin_list>
<bind>
<opcode="trunc(33) " fcode="trunc"/>
<opset="trunc_ln88_1/6 "/>
</bind>
</comp>

<comp id="1572" class="1004" name="or_ln92_7_fu_1572">
<pin_list>
<pin id="1573" dir="0" index="0" bw="33" slack="0"/>
<pin id="1574" dir="0" index="1" bw="1" slack="0"/>
<pin id="1575" dir="0" index="2" bw="14" slack="0"/>
<pin id="1576" dir="0" index="3" bw="8" slack="5"/>
<pin id="1577" dir="0" index="4" bw="9" slack="0"/>
<pin id="1578" dir="0" index="5" bw="1" slack="0"/>
<pin id="1579" dir="1" index="6" bw="33" slack="0"/>
</pin_list>
<bind>
<opcode="bitconcatenate(1004) " fcode="bitconcatenate"/>
<opset="or_ln92_7/6 "/>
</bind>
</comp>

<comp id="1585" class="1004" name="sext_ln92_1_fu_1585">
<pin_list>
<pin id="1586" dir="0" index="0" bw="33" slack="0"/>
<pin id="1587" dir="1" index="1" bw="41" slack="0"/>
</pin_list>
<bind>
<opcode="sext(35) " fcode="sext"/>
<opset="sext_ln92_1/6 "/>
</bind>
</comp>

<comp id="1590" class="1004" name="store_ln93_store_fu_1590">
<pin_list>
<pin id="1591" dir="0" index="0" bw="32" slack="0"/>
<pin id="1592" dir="0" index="1" bw="32" slack="0"/>
<pin id="1593" dir="1" index="2" bw="0" slack="2147483647"/>
</pin_list>
<bind>
<opcode="store(28) " fcode="store"/>
<opset="store_ln93/6 "/>
</bind>
</comp>

<comp id="1596" class="1004" name="trunc_ln88_fu_1596">
<pin_list>
<pin id="1597" dir="0" index="0" bw="32" slack="5"/>
<pin id="1598" dir="1" index="1" bw="14" slack="0"/>
</pin_list>
<bind>
<opcode="trunc(33) " fcode="trunc"/>
<opset="trunc_ln88/6 "/>
</bind>
</comp>

<comp id="1599" class="1004" name="or_ln92_3_fu_1599">
<pin_list>
<pin id="1600" dir="0" index="0" bw="33" slack="0"/>
<pin id="1601" dir="0" index="1" bw="1" slack="0"/>
<pin id="1602" dir="0" index="2" bw="14" slack="0"/>
<pin id="1603" dir="0" index="3" bw="8" slack="5"/>
<pin id="1604" dir="0" index="4" bw="9" slack="0"/>
<pin id="1605" dir="0" index="5" bw="1" slack="0"/>
<pin id="1606" dir="1" index="6" bw="33" slack="0"/>
</pin_list>
<bind>
<opcode="bitconcatenate(1004) " fcode="bitconcatenate"/>
<opset="or_ln92_3/6 "/>
</bind>
</comp>

<comp id="1612" class="1004" name="sext_ln92_fu_1612">
<pin_list>
<pin id="1613" dir="0" index="0" bw="33" slack="0"/>
<pin id="1614" dir="1" index="1" bw="41" slack="0"/>
</pin_list>
<bind>
<opcode="sext(35) " fcode="sext"/>
<opset="sext_ln92/6 "/>
</bind>
</comp>

<comp id="1617" class="1004" name="store_ln93_store_fu_1617">
<pin_list>
<pin id="1618" dir="0" index="0" bw="32" slack="0"/>
<pin id="1619" dir="0" index="1" bw="32" slack="0"/>
<pin id="1620" dir="1" index="2" bw="0" slack="2147483647"/>
</pin_list>
<bind>
<opcode="store(28) " fcode="store"/>
<opset="store_ln93/6 "/>
</bind>
</comp>

<comp id="1623" class="1004" name="icmp_ln158_2_fu_1623">
<pin_list>
<pin id="1624" dir="0" index="0" bw="16" slack="1"/>
<pin id="1625" dir="0" index="1" bw="16" slack="5"/>
<pin id="1626" dir="1" index="2" bw="1" slack="0"/>
</pin_list>
<bind>
<opcode="icmp(45) " fcode="icmp"/>
<opset="icmp_ln158_2/6 "/>
</bind>
</comp>

<comp id="1627" class="1004" name="sub_ln159_2_fu_1627">
<pin_list>
<pin id="1628" dir="0" index="0" bw="16" slack="1"/>
<pin id="1629" dir="0" index="1" bw="16" slack="5"/>
<pin id="1630" dir="1" index="2" bw="16" slack="0"/>
</pin_list>
<bind>
<opcode="sub(10) " fcode="sub"/>
<opset="sub_ln159_2/6 "/>
</bind>
</comp>

<comp id="1631" class="1004" name="select_ln158_2_fu_1631">
<pin_list>
<pin id="1632" dir="0" index="0" bw="1" slack="0"/>
<pin id="1633" dir="0" index="1" bw="16" slack="0"/>
<pin id="1634" dir="0" index="2" bw="16" slack="1"/>
<pin id="1635" dir="1" index="3" bw="16" slack="0"/>
</pin_list>
<bind>
<opcode="select(49) " fcode="select"/>
<opset="select_ln158_2/6 "/>
</bind>
</comp>

<comp id="1639" class="1004" name="icmp_ln163_2_fu_1639">
<pin_list>
<pin id="1640" dir="0" index="0" bw="16" slack="0"/>
<pin id="1641" dir="0" index="1" bw="16" slack="5"/>
<pin id="1642" dir="1" index="2" bw="1" slack="1"/>
</pin_list>
<bind>
<opcode="icmp(45) " fcode="icmp"/>
<opset="icmp_ln163_2/6 "/>
</bind>
</comp>

<comp id="1644" class="1004" name="icmp_ln137_4_fu_1644">
<pin_list>
<pin id="1645" dir="0" index="0" bw="33" slack="1"/>
<pin id="1646" dir="0" index="1" bw="33" slack="5"/>
<pin id="1647" dir="1" index="2" bw="1" slack="2"/>
</pin_list>
<bind>
<opcode="icmp(45) " fcode="icmp"/>
<opset="icmp_ln137_4/6 "/>
</bind>
</comp>

<comp id="1648" class="1004" name="icmp_ln158_4_fu_1648">
<pin_list>
<pin id="1649" dir="0" index="0" bw="16" slack="1"/>
<pin id="1650" dir="0" index="1" bw="16" slack="5"/>
<pin id="1651" dir="1" index="2" bw="1" slack="0"/>
</pin_list>
<bind>
<opcode="icmp(45) " fcode="icmp"/>
<opset="icmp_ln158_4/6 "/>
</bind>
</comp>

<comp id="1652" class="1004" name="sub_ln159_4_fu_1652">
<pin_list>
<pin id="1653" dir="0" index="0" bw="16" slack="1"/>
<pin id="1654" dir="0" index="1" bw="16" slack="5"/>
<pin id="1655" dir="1" index="2" bw="16" slack="0"/>
</pin_list>
<bind>
<opcode="sub(10) " fcode="sub"/>
<opset="sub_ln159_4/6 "/>
</bind>
</comp>

<comp id="1656" class="1004" name="select_ln158_4_fu_1656">
<pin_list>
<pin id="1657" dir="0" index="0" bw="1" slack="0"/>
<pin id="1658" dir="0" index="1" bw="16" slack="0"/>
<pin id="1659" dir="0" index="2" bw="16" slack="1"/>
<pin id="1660" dir="1" index="3" bw="16" slack="0"/>
</pin_list>
<bind>
<opcode="select(49) " fcode="select"/>
<opset="select_ln158_4/6 "/>
</bind>
</comp>

<comp id="1664" class="1004" name="trunc_ln88_5_fu_1664">
<pin_list>
<pin id="1665" dir="0" index="0" bw="32" slack="6"/>
<pin id="1666" dir="1" index="1" bw="14" slack="0"/>
</pin_list>
<bind>
<opcode="trunc(33) " fcode="trunc"/>
<opset="trunc_ln88_5/7 "/>
</bind>
</comp>

<comp id="1667" class="1004" name="or_ln92_1_fu_1667">
<pin_list>
<pin id="1668" dir="0" index="0" bw="33" slack="0"/>
<pin id="1669" dir="0" index="1" bw="1" slack="0"/>
<pin id="1670" dir="0" index="2" bw="14" slack="0"/>
<pin id="1671" dir="0" index="3" bw="8" slack="6"/>
<pin id="1672" dir="0" index="4" bw="10" slack="6"/>
<pin id="1673" dir="1" index="5" bw="33" slack="0"/>
</pin_list>
<bind>
<opcode="bitconcatenate(1004) " fcode="bitconcatenate"/>
<opset="or_ln92_1/7 "/>
</bind>
</comp>

<comp id="1677" class="1004" name="sext_ln92_5_fu_1677">
<pin_list>
<pin id="1678" dir="0" index="0" bw="33" slack="0"/>
<pin id="1679" dir="1" index="1" bw="41" slack="0"/>
</pin_list>
<bind>
<opcode="sext(35) " fcode="sext"/>
<opset="sext_ln92_5/7 "/>
</bind>
</comp>

<comp id="1682" class="1004" name="trunc_ln88_3_fu_1682">
<pin_list>
<pin id="1683" dir="0" index="0" bw="32" slack="6"/>
<pin id="1684" dir="1" index="1" bw="14" slack="0"/>
</pin_list>
<bind>
<opcode="trunc(33) " fcode="trunc"/>
<opset="trunc_ln88_3/7 "/>
</bind>
</comp>

<comp id="1685" class="1004" name="or_ln92_5_fu_1685">
<pin_list>
<pin id="1686" dir="0" index="0" bw="33" slack="0"/>
<pin id="1687" dir="0" index="1" bw="1" slack="0"/>
<pin id="1688" dir="0" index="2" bw="14" slack="0"/>
<pin id="1689" dir="0" index="3" bw="8" slack="6"/>
<pin id="1690" dir="0" index="4" bw="10" slack="6"/>
<pin id="1691" dir="1" index="5" bw="33" slack="0"/>
</pin_list>
<bind>
<opcode="bitconcatenate(1004) " fcode="bitconcatenate"/>
<opset="or_ln92_5/7 "/>
</bind>
</comp>

<comp id="1695" class="1004" name="sext_ln92_3_fu_1695">
<pin_list>
<pin id="1696" dir="0" index="0" bw="33" slack="0"/>
<pin id="1697" dir="1" index="1" bw="41" slack="0"/>
</pin_list>
<bind>
<opcode="sext(35) " fcode="sext"/>
<opset="sext_ln92_3/7 "/>
</bind>
</comp>

<comp id="1700" class="1004" name="store_ln93_store_fu_1700">
<pin_list>
<pin id="1701" dir="0" index="0" bw="32" slack="0"/>
<pin id="1702" dir="0" index="1" bw="32" slack="0"/>
<pin id="1703" dir="1" index="2" bw="0" slack="2147483647"/>
</pin_list>
<bind>
<opcode="store(28) " fcode="store"/>
<opset="store_ln93/7 "/>
</bind>
</comp>

<comp id="1706" class="1004" name="trunc_ln88_2_fu_1706">
<pin_list>
<pin id="1707" dir="0" index="0" bw="32" slack="6"/>
<pin id="1708" dir="1" index="1" bw="14" slack="0"/>
</pin_list>
<bind>
<opcode="trunc(33) " fcode="trunc"/>
<opset="trunc_ln88_2/7 "/>
</bind>
</comp>

<comp id="1709" class="1004" name="or_ln92_s_fu_1709">
<pin_list>
<pin id="1710" dir="0" index="0" bw="33" slack="0"/>
<pin id="1711" dir="0" index="1" bw="1" slack="0"/>
<pin id="1712" dir="0" index="2" bw="14" slack="0"/>
<pin id="1713" dir="0" index="3" bw="8" slack="6"/>
<pin id="1714" dir="0" index="4" bw="10" slack="6"/>
<pin id="1715" dir="1" index="5" bw="33" slack="0"/>
</pin_list>
<bind>
<opcode="bitconcatenate(1004) " fcode="bitconcatenate"/>
<opset="or_ln92_s/7 "/>
</bind>
</comp>

<comp id="1719" class="1004" name="sext_ln92_2_fu_1719">
<pin_list>
<pin id="1720" dir="0" index="0" bw="33" slack="0"/>
<pin id="1721" dir="1" index="1" bw="41" slack="0"/>
</pin_list>
<bind>
<opcode="sext(35) " fcode="sext"/>
<opset="sext_ln92_2/7 "/>
</bind>
</comp>

<comp id="1724" class="1004" name="store_ln93_store_fu_1724">
<pin_list>
<pin id="1725" dir="0" index="0" bw="32" slack="0"/>
<pin id="1726" dir="0" index="1" bw="32" slack="0"/>
<pin id="1727" dir="1" index="2" bw="0" slack="2147483647"/>
</pin_list>
<bind>
<opcode="store(28) " fcode="store"/>
<opset="store_ln93/7 "/>
</bind>
</comp>

<comp id="1730" class="1004" name="sub_ln165_1_fu_1730">
<pin_list>
<pin id="1731" dir="0" index="0" bw="16" slack="1"/>
<pin id="1732" dir="0" index="1" bw="16" slack="6"/>
<pin id="1733" dir="1" index="2" bw="16" slack="0"/>
</pin_list>
<bind>
<opcode="sub(10) " fcode="sub"/>
<opset="sub_ln165_1/7 "/>
</bind>
</comp>

<comp id="1735" class="1004" name="trunc_ln88_8_fu_1735">
<pin_list>
<pin id="1736" dir="0" index="0" bw="32" slack="6"/>
<pin id="1737" dir="1" index="1" bw="14" slack="0"/>
</pin_list>
<bind>
<opcode="trunc(33) " fcode="trunc"/>
<opset="trunc_ln88_8/7 "/>
</bind>
</comp>

<comp id="1738" class="1004" name="or_ln92_6_fu_1738">
<pin_list>
<pin id="1739" dir="0" index="0" bw="33" slack="0"/>
<pin id="1740" dir="0" index="1" bw="1" slack="0"/>
<pin id="1741" dir="0" index="2" bw="14" slack="0"/>
<pin id="1742" dir="0" index="3" bw="8" slack="6"/>
<pin id="1743" dir="0" index="4" bw="9" slack="1"/>
<pin id="1744" dir="0" index="5" bw="1" slack="0"/>
<pin id="1745" dir="1" index="6" bw="33" slack="0"/>
</pin_list>
<bind>
<opcode="bitconcatenate(1004) " fcode="bitconcatenate"/>
<opset="or_ln92_6/7 "/>
</bind>
</comp>

<comp id="1750" class="1004" name="sext_ln92_8_fu_1750">
<pin_list>
<pin id="1751" dir="0" index="0" bw="33" slack="0"/>
<pin id="1752" dir="1" index="1" bw="41" slack="0"/>
</pin_list>
<bind>
<opcode="sext(35) " fcode="sext"/>
<opset="sext_ln92_8/7 "/>
</bind>
</comp>

<comp id="1755" class="1004" name="store_ln93_store_fu_1755">
<pin_list>
<pin id="1756" dir="0" index="0" bw="32" slack="0"/>
<pin id="1757" dir="0" index="1" bw="32" slack="0"/>
<pin id="1758" dir="1" index="2" bw="0" slack="2147483647"/>
</pin_list>
<bind>
<opcode="store(28) " fcode="store"/>
<opset="store_ln93/7 "/>
</bind>
</comp>

<comp id="1761" class="1004" name="trunc_ln88_7_fu_1761">
<pin_list>
<pin id="1762" dir="0" index="0" bw="32" slack="6"/>
<pin id="1763" dir="1" index="1" bw="14" slack="0"/>
</pin_list>
<bind>
<opcode="trunc(33) " fcode="trunc"/>
<opset="trunc_ln88_7/7 "/>
</bind>
</comp>

<comp id="1764" class="1004" name="or_ln92_4_fu_1764">
<pin_list>
<pin id="1765" dir="0" index="0" bw="33" slack="0"/>
<pin id="1766" dir="0" index="1" bw="1" slack="0"/>
<pin id="1767" dir="0" index="2" bw="14" slack="0"/>
<pin id="1768" dir="0" index="3" bw="8" slack="6"/>
<pin id="1769" dir="0" index="4" bw="9" slack="1"/>
<pin id="1770" dir="0" index="5" bw="1" slack="0"/>
<pin id="1771" dir="1" index="6" bw="33" slack="0"/>
</pin_list>
<bind>
<opcode="bitconcatenate(1004) " fcode="bitconcatenate"/>
<opset="or_ln92_4/7 "/>
</bind>
</comp>

<comp id="1776" class="1004" name="sext_ln92_7_fu_1776">
<pin_list>
<pin id="1777" dir="0" index="0" bw="33" slack="0"/>
<pin id="1778" dir="1" index="1" bw="41" slack="0"/>
</pin_list>
<bind>
<opcode="sext(35) " fcode="sext"/>
<opset="sext_ln92_7/7 "/>
</bind>
</comp>

<comp id="1781" class="1004" name="store_ln93_store_fu_1781">
<pin_list>
<pin id="1782" dir="0" index="0" bw="32" slack="0"/>
<pin id="1783" dir="0" index="1" bw="32" slack="0"/>
<pin id="1784" dir="1" index="2" bw="0" slack="2147483647"/>
</pin_list>
<bind>
<opcode="store(28) " fcode="store"/>
<opset="store_ln93/7 "/>
</bind>
</comp>

<comp id="1787" class="1004" name="sub_ln165_fu_1787">
<pin_list>
<pin id="1788" dir="0" index="0" bw="16" slack="2"/>
<pin id="1789" dir="0" index="1" bw="16" slack="6"/>
<pin id="1790" dir="1" index="2" bw="16" slack="0"/>
</pin_list>
<bind>
<opcode="sub(10) " fcode="sub"/>
<opset="sub_ln165/7 "/>
</bind>
</comp>

<comp id="1792" class="1004" name="trunc_ln88_6_fu_1792">
<pin_list>
<pin id="1793" dir="0" index="0" bw="32" slack="6"/>
<pin id="1794" dir="1" index="1" bw="14" slack="0"/>
</pin_list>
<bind>
<opcode="trunc(33) " fcode="trunc"/>
<opset="trunc_ln88_6/7 "/>
</bind>
</comp>

<comp id="1795" class="1004" name="or_ln92_2_fu_1795">
<pin_list>
<pin id="1796" dir="0" index="0" bw="33" slack="0"/>
<pin id="1797" dir="0" index="1" bw="1" slack="0"/>
<pin id="1798" dir="0" index="2" bw="14" slack="0"/>
<pin id="1799" dir="0" index="3" bw="8" slack="6"/>
<pin id="1800" dir="0" index="4" bw="9" slack="1"/>
<pin id="1801" dir="0" index="5" bw="1" slack="0"/>
<pin id="1802" dir="1" index="6" bw="33" slack="0"/>
</pin_list>
<bind>
<opcode="bitconcatenate(1004) " fcode="bitconcatenate"/>
<opset="or_ln92_2/7 "/>
</bind>
</comp>

<comp id="1807" class="1004" name="sext_ln92_6_fu_1807">
<pin_list>
<pin id="1808" dir="0" index="0" bw="33" slack="0"/>
<pin id="1809" dir="1" index="1" bw="41" slack="0"/>
</pin_list>
<bind>
<opcode="sext(35) " fcode="sext"/>
<opset="sext_ln92_6/7 "/>
</bind>
</comp>

<comp id="1812" class="1004" name="store_ln93_store_fu_1812">
<pin_list>
<pin id="1813" dir="0" index="0" bw="32" slack="0"/>
<pin id="1814" dir="0" index="1" bw="32" slack="0"/>
<pin id="1815" dir="1" index="2" bw="0" slack="2147483647"/>
</pin_list>
<bind>
<opcode="store(28) " fcode="store"/>
<opset="store_ln93/7 "/>
</bind>
</comp>

<comp id="1818" class="1004" name="sub_ln165_2_fu_1818">
<pin_list>
<pin id="1819" dir="0" index="0" bw="16" slack="1"/>
<pin id="1820" dir="0" index="1" bw="16" slack="6"/>
<pin id="1821" dir="1" index="2" bw="16" slack="0"/>
</pin_list>
<bind>
<opcode="sub(10) " fcode="sub"/>
<opset="sub_ln165_2/7 "/>
</bind>
</comp>

<comp id="1823" class="1004" name="trunc_ln41_3_fu_1823">
<pin_list>
<pin id="1824" dir="0" index="0" bw="16" slack="0"/>
<pin id="1825" dir="1" index="1" bw="1" slack="0"/>
</pin_list>
<bind>
<opcode="trunc(33) " fcode="trunc"/>
<opset="trunc_ln41_3/7 "/>
</bind>
</comp>

<comp id="1827" class="1004" name="tmp_47_fu_1827">
<pin_list>
<pin id="1828" dir="0" index="0" bw="1" slack="0"/>
<pin id="1829" dir="0" index="1" bw="16" slack="0"/>
<pin id="1830" dir="0" index="2" bw="3" slack="0"/>
<pin id="1831" dir="1" index="3" bw="1" slack="0"/>
</pin_list>
<bind>
<opcode="bitselect(1000) " fcode="bitselect"/>
<opset="tmp_47/7 "/>
</bind>
</comp>

<comp id="1835" class="1004" name="tmp_48_fu_1835">
<pin_list>
<pin id="1836" dir="0" index="0" bw="1" slack="0"/>
<pin id="1837" dir="0" index="1" bw="16" slack="0"/>
<pin id="1838" dir="0" index="2" bw="4" slack="0"/>
<pin id="1839" dir="1" index="3" bw="1" slack="0"/>
</pin_list>
<bind>
<opcode="bitselect(1000) " fcode="bitselect"/>
<opset="tmp_48/7 "/>
</bind>
</comp>

<comp id="1843" class="1004" name="tmp_49_fu_1843">
<pin_list>
<pin id="1844" dir="0" index="0" bw="1" slack="0"/>
<pin id="1845" dir="0" index="1" bw="16" slack="0"/>
<pin id="1846" dir="0" index="2" bw="3" slack="0"/>
<pin id="1847" dir="1" index="3" bw="1" slack="0"/>
</pin_list>
<bind>
<opcode="bitselect(1000) " fcode="bitselect"/>
<opset="tmp_49/7 "/>
</bind>
</comp>

<comp id="1851" class="1004" name="xor_ln42_14_fu_1851">
<pin_list>
<pin id="1852" dir="0" index="0" bw="1" slack="0"/>
<pin id="1853" dir="0" index="1" bw="1" slack="0"/>
<pin id="1854" dir="1" index="2" bw="1" slack="0"/>
</pin_list>
<bind>
<opcode="xor(25) " fcode="xor"/>
<opset="xor_ln42_14/7 "/>
</bind>
</comp>

<comp id="1857" class="1004" name="xor_ln42_15_fu_1857">
<pin_list>
<pin id="1858" dir="0" index="0" bw="1" slack="0"/>
<pin id="1859" dir="0" index="1" bw="1" slack="0"/>
<pin id="1860" dir="1" index="2" bw="1" slack="0"/>
</pin_list>
<bind>
<opcode="xor(25) " fcode="xor"/>
<opset="xor_ln42_15/7 "/>
</bind>
</comp>

<comp id="1863" class="1004" name="xor_ln42_4_fu_1863">
<pin_list>
<pin id="1864" dir="0" index="0" bw="1" slack="0"/>
<pin id="1865" dir="0" index="1" bw="1" slack="0"/>
<pin id="1866" dir="1" index="2" bw="1" slack="0"/>
</pin_list>
<bind>
<opcode="xor(25) " fcode="xor"/>
<opset="xor_ln42_4/7 "/>
</bind>
</comp>

<comp id="1869" class="1004" name="random_4_fu_1869">
<pin_list>
<pin id="1870" dir="0" index="0" bw="16" slack="0"/>
<pin id="1871" dir="0" index="1" bw="1" slack="0"/>
<pin id="1872" dir="0" index="2" bw="15" slack="0"/>
<pin id="1873" dir="1" index="3" bw="16" slack="0"/>
</pin_list>
<bind>
<opcode="bitconcatenate(1004) " fcode="bitconcatenate"/>
<opset="random_4/7 "/>
</bind>
</comp>

<comp id="1877" class="1004" name="store_ln42_store_fu_1877">
<pin_list>
<pin id="1878" dir="0" index="0" bw="16" slack="0"/>
<pin id="1879" dir="0" index="1" bw="16" slack="0"/>
<pin id="1880" dir="1" index="2" bw="0" slack="2147483647"/>
</pin_list>
<bind>
<opcode="store(28) " fcode="store"/>
<opset="store_ln42/7 "/>
</bind>
</comp>

<comp id="1883" class="1004" name="icmp_ln110_4_fu_1883">
<pin_list>
<pin id="1884" dir="0" index="0" bw="16" slack="0"/>
<pin id="1885" dir="0" index="1" bw="16" slack="4"/>
<pin id="1886" dir="1" index="2" bw="1" slack="1"/>
</pin_list>
<bind>
<opcode="icmp(45) " fcode="icmp"/>
<opset="icmp_ln110_4/7 "/>
</bind>
</comp>

<comp id="1888" class="1004" name="icmp_ln163_4_fu_1888">
<pin_list>
<pin id="1889" dir="0" index="0" bw="16" slack="1"/>
<pin id="1890" dir="0" index="1" bw="16" slack="6"/>
<pin id="1891" dir="1" index="2" bw="1" slack="1"/>
</pin_list>
<bind>
<opcode="icmp(45) " fcode="icmp"/>
<opset="icmp_ln163_4/7 "/>
</bind>
</comp>

<comp id="1892" class="1004" name="sub_ln165_4_fu_1892">
<pin_list>
<pin id="1893" dir="0" index="0" bw="16" slack="1"/>
<pin id="1894" dir="0" index="1" bw="16" slack="6"/>
<pin id="1895" dir="1" index="2" bw="16" slack="0"/>
</pin_list>
<bind>
<opcode="sub(10) " fcode="sub"/>
<opset="sub_ln165_4/7 "/>
</bind>
</comp>

<comp id="1897" class="1004" name="tmp_16_fu_1897">
<pin_list>
<pin id="1898" dir="0" index="0" bw="8" slack="0"/>
<pin id="1899" dir="0" index="1" bw="10" slack="6"/>
<pin id="1900" dir="0" index="2" bw="1" slack="0"/>
<pin id="1901" dir="0" index="3" bw="5" slack="0"/>
<pin id="1902" dir="1" index="4" bw="8" slack="1"/>
</pin_list>
<bind>
<opcode="partselect(1002) " fcode="partselect"/>
<opset="tmp_16/7 "/>
</bind>
</comp>

<comp id="1906" class="1004" name="trunc_ln88_13_fu_1906">
<pin_list>
<pin id="1907" dir="0" index="0" bw="32" slack="7"/>
<pin id="1908" dir="1" index="1" bw="14" slack="0"/>
</pin_list>
<bind>
<opcode="trunc(33) " fcode="trunc"/>
<opset="trunc_ln88_13/8 "/>
</bind>
</comp>

<comp id="1909" class="1004" name="or_ln92_13_fu_1909">
<pin_list>
<pin id="1910" dir="0" index="0" bw="33" slack="0"/>
<pin id="1911" dir="0" index="1" bw="1" slack="0"/>
<pin id="1912" dir="0" index="2" bw="14" slack="0"/>
<pin id="1913" dir="0" index="3" bw="8" slack="7"/>
<pin id="1914" dir="0" index="4" bw="8" slack="1"/>
<pin id="1915" dir="0" index="5" bw="2" slack="0"/>
<pin id="1916" dir="1" index="6" bw="33" slack="0"/>
</pin_list>
<bind>
<opcode="bitconcatenate(1004) " fcode="bitconcatenate"/>
<opset="or_ln92_13/8 "/>
</bind>
</comp>

<comp id="1921" class="1004" name="sext_ln92_13_fu_1921">
<pin_list>
<pin id="1922" dir="0" index="0" bw="33" slack="0"/>
<pin id="1923" dir="1" index="1" bw="41" slack="0"/>
</pin_list>
<bind>
<opcode="sext(35) " fcode="sext"/>
<opset="sext_ln92_13/8 "/>
</bind>
</comp>

<comp id="1926" class="1004" name="store_ln93_store_fu_1926">
<pin_list>
<pin id="1927" dir="0" index="0" bw="32" slack="0"/>
<pin id="1928" dir="0" index="1" bw="32" slack="0"/>
<pin id="1929" dir="1" index="2" bw="0" slack="2147483647"/>
</pin_list>
<bind>
<opcode="store(28) " fcode="store"/>
<opset="store_ln93/8 "/>
</bind>
</comp>

<comp id="1932" class="1004" name="trunc_ln88_10_fu_1932">
<pin_list>
<pin id="1933" dir="0" index="0" bw="32" slack="7"/>
<pin id="1934" dir="1" index="1" bw="14" slack="0"/>
</pin_list>
<bind>
<opcode="trunc(33) " fcode="trunc"/>
<opset="trunc_ln88_10/8 "/>
</bind>
</comp>

<comp id="1935" class="1004" name="or_ln92_10_fu_1935">
<pin_list>
<pin id="1936" dir="0" index="0" bw="33" slack="0"/>
<pin id="1937" dir="0" index="1" bw="1" slack="0"/>
<pin id="1938" dir="0" index="2" bw="14" slack="0"/>
<pin id="1939" dir="0" index="3" bw="8" slack="7"/>
<pin id="1940" dir="0" index="4" bw="8" slack="1"/>
<pin id="1941" dir="0" index="5" bw="2" slack="0"/>
<pin id="1942" dir="1" index="6" bw="33" slack="0"/>
</pin_list>
<bind>
<opcode="bitconcatenate(1004) " fcode="bitconcatenate"/>
<opset="or_ln92_10/8 "/>
</bind>
</comp>

<comp id="1947" class="1004" name="sext_ln92_10_fu_1947">
<pin_list>
<pin id="1948" dir="0" index="0" bw="33" slack="0"/>
<pin id="1949" dir="1" index="1" bw="41" slack="0"/>
</pin_list>
<bind>
<opcode="sext(35) " fcode="sext"/>
<opset="sext_ln92_10/8 "/>
</bind>
</comp>

<comp id="1952" class="1004" name="store_ln93_store_fu_1952">
<pin_list>
<pin id="1953" dir="0" index="0" bw="32" slack="0"/>
<pin id="1954" dir="0" index="1" bw="32" slack="0"/>
<pin id="1955" dir="1" index="2" bw="0" slack="2147483647"/>
</pin_list>
<bind>
<opcode="store(28) " fcode="store"/>
<opset="store_ln93/8 "/>
</bind>
</comp>

<comp id="1958" class="1004" name="trunc_ln88_9_fu_1958">
<pin_list>
<pin id="1959" dir="0" index="0" bw="32" slack="7"/>
<pin id="1960" dir="1" index="1" bw="14" slack="0"/>
</pin_list>
<bind>
<opcode="trunc(33) " fcode="trunc"/>
<opset="trunc_ln88_9/8 "/>
</bind>
</comp>

<comp id="1961" class="1004" name="or_ln92_9_fu_1961">
<pin_list>
<pin id="1962" dir="0" index="0" bw="33" slack="0"/>
<pin id="1963" dir="0" index="1" bw="1" slack="0"/>
<pin id="1964" dir="0" index="2" bw="14" slack="0"/>
<pin id="1965" dir="0" index="3" bw="8" slack="7"/>
<pin id="1966" dir="0" index="4" bw="8" slack="1"/>
<pin id="1967" dir="0" index="5" bw="2" slack="0"/>
<pin id="1968" dir="1" index="6" bw="33" slack="0"/>
</pin_list>
<bind>
<opcode="bitconcatenate(1004) " fcode="bitconcatenate"/>
<opset="or_ln92_9/8 "/>
</bind>
</comp>

<comp id="1973" class="1004" name="sext_ln92_9_fu_1973">
<pin_list>
<pin id="1974" dir="0" index="0" bw="33" slack="0"/>
<pin id="1975" dir="1" index="1" bw="41" slack="0"/>
</pin_list>
<bind>
<opcode="sext(35) " fcode="sext"/>
<opset="sext_ln92_9/8 "/>
</bind>
</comp>

<comp id="1978" class="1004" name="store_ln93_store_fu_1978">
<pin_list>
<pin id="1979" dir="0" index="0" bw="32" slack="0"/>
<pin id="1980" dir="0" index="1" bw="32" slack="0"/>
<pin id="1981" dir="1" index="2" bw="0" slack="2147483647"/>
</pin_list>
<bind>
<opcode="store(28) " fcode="store"/>
<opset="store_ln93/8 "/>
</bind>
</comp>

<comp id="1984" class="1004" name="trunc_ln88_14_fu_1984">
<pin_list>
<pin id="1985" dir="0" index="0" bw="32" slack="8"/>
<pin id="1986" dir="1" index="1" bw="14" slack="0"/>
</pin_list>
<bind>
<opcode="trunc(33) " fcode="trunc"/>
<opset="trunc_ln88_14/9 "/>
</bind>
</comp>

<comp id="1987" class="1004" name="or_ln92_14_fu_1987">
<pin_list>
<pin id="1988" dir="0" index="0" bw="33" slack="0"/>
<pin id="1989" dir="0" index="1" bw="1" slack="0"/>
<pin id="1990" dir="0" index="2" bw="14" slack="0"/>
<pin id="1991" dir="0" index="3" bw="8" slack="8"/>
<pin id="1992" dir="0" index="4" bw="9" slack="8"/>
<pin id="1993" dir="0" index="5" bw="1" slack="0"/>
<pin id="1994" dir="1" index="6" bw="33" slack="0"/>
</pin_list>
<bind>
<opcode="bitconcatenate(1004) " fcode="bitconcatenate"/>
<opset="or_ln92_14/9 "/>
</bind>
</comp>

<comp id="1999" class="1004" name="sext_ln92_14_fu_1999">
<pin_list>
<pin id="2000" dir="0" index="0" bw="33" slack="0"/>
<pin id="2001" dir="1" index="1" bw="41" slack="0"/>
</pin_list>
<bind>
<opcode="sext(35) " fcode="sext"/>
<opset="sext_ln92_14/9 "/>
</bind>
</comp>

<comp id="2004" class="1004" name="store_ln93_store_fu_2004">
<pin_list>
<pin id="2005" dir="0" index="0" bw="32" slack="0"/>
<pin id="2006" dir="0" index="1" bw="32" slack="0"/>
<pin id="2007" dir="1" index="2" bw="0" slack="2147483647"/>
</pin_list>
<bind>
<opcode="store(28) " fcode="store"/>
<opset="store_ln93/9 "/>
</bind>
</comp>

<comp id="2010" class="1004" name="trunc_ln88_12_fu_2010">
<pin_list>
<pin id="2011" dir="0" index="0" bw="32" slack="8"/>
<pin id="2012" dir="1" index="1" bw="14" slack="0"/>
</pin_list>
<bind>
<opcode="trunc(33) " fcode="trunc"/>
<opset="trunc_ln88_12/9 "/>
</bind>
</comp>

<comp id="2013" class="1004" name="or_ln92_12_fu_2013">
<pin_list>
<pin id="2014" dir="0" index="0" bw="33" slack="0"/>
<pin id="2015" dir="0" index="1" bw="1" slack="0"/>
<pin id="2016" dir="0" index="2" bw="14" slack="0"/>
<pin id="2017" dir="0" index="3" bw="8" slack="8"/>
<pin id="2018" dir="0" index="4" bw="9" slack="8"/>
<pin id="2019" dir="0" index="5" bw="1" slack="0"/>
<pin id="2020" dir="1" index="6" bw="33" slack="0"/>
</pin_list>
<bind>
<opcode="bitconcatenate(1004) " fcode="bitconcatenate"/>
<opset="or_ln92_12/9 "/>
</bind>
</comp>

<comp id="2025" class="1004" name="sext_ln92_12_fu_2025">
<pin_list>
<pin id="2026" dir="0" index="0" bw="33" slack="0"/>
<pin id="2027" dir="1" index="1" bw="41" slack="0"/>
</pin_list>
<bind>
<opcode="sext(35) " fcode="sext"/>
<opset="sext_ln92_12/9 "/>
</bind>
</comp>

<comp id="2030" class="1004" name="store_ln93_store_fu_2030">
<pin_list>
<pin id="2031" dir="0" index="0" bw="32" slack="0"/>
<pin id="2032" dir="0" index="1" bw="32" slack="0"/>
<pin id="2033" dir="1" index="2" bw="0" slack="2147483647"/>
</pin_list>
<bind>
<opcode="store(28) " fcode="store"/>
<opset="store_ln93/9 "/>
</bind>
</comp>

<comp id="2036" class="1004" name="trunc_ln88_11_fu_2036">
<pin_list>
<pin id="2037" dir="0" index="0" bw="32" slack="8"/>
<pin id="2038" dir="1" index="1" bw="14" slack="0"/>
</pin_list>
<bind>
<opcode="trunc(33) " fcode="trunc"/>
<opset="trunc_ln88_11/9 "/>
</bind>
</comp>

<comp id="2039" class="1004" name="or_ln92_11_fu_2039">
<pin_list>
<pin id="2040" dir="0" index="0" bw="33" slack="0"/>
<pin id="2041" dir="0" index="1" bw="1" slack="0"/>
<pin id="2042" dir="0" index="2" bw="14" slack="0"/>
<pin id="2043" dir="0" index="3" bw="8" slack="8"/>
<pin id="2044" dir="0" index="4" bw="9" slack="8"/>
<pin id="2045" dir="0" index="5" bw="1" slack="0"/>
<pin id="2046" dir="1" index="6" bw="33" slack="0"/>
</pin_list>
<bind>
<opcode="bitconcatenate(1004) " fcode="bitconcatenate"/>
<opset="or_ln92_11/9 "/>
</bind>
</comp>

<comp id="2051" class="1004" name="sext_ln92_11_fu_2051">
<pin_list>
<pin id="2052" dir="0" index="0" bw="33" slack="0"/>
<pin id="2053" dir="1" index="1" bw="41" slack="0"/>
</pin_list>
<bind>
<opcode="sext(35) " fcode="sext"/>
<opset="sext_ln92_11/9 "/>
</bind>
</comp>

<comp id="2056" class="1004" name="store_ln93_store_fu_2056">
<pin_list>
<pin id="2057" dir="0" index="0" bw="32" slack="0"/>
<pin id="2058" dir="0" index="1" bw="32" slack="0"/>
<pin id="2059" dir="1" index="2" bw="0" slack="2147483647"/>
</pin_list>
<bind>
<opcode="store(28) " fcode="store"/>
<opset="store_ln93/9 "/>
</bind>
</comp>

<comp id="2062" class="1004" name="trunc_ln88_17_fu_2062">
<pin_list>
<pin id="2063" dir="0" index="0" bw="32" slack="8"/>
<pin id="2064" dir="1" index="1" bw="14" slack="0"/>
</pin_list>
<bind>
<opcode="trunc(33) " fcode="trunc"/>
<opset="trunc_ln88_17/9 "/>
</bind>
</comp>

<comp id="2065" class="1004" name="or_ln92_17_fu_2065">
<pin_list>
<pin id="2066" dir="0" index="0" bw="33" slack="0"/>
<pin id="2067" dir="0" index="1" bw="1" slack="0"/>
<pin id="2068" dir="0" index="2" bw="14" slack="0"/>
<pin id="2069" dir="0" index="3" bw="8" slack="8"/>
<pin id="2070" dir="0" index="4" bw="8" slack="2"/>
<pin id="2071" dir="0" index="5" bw="1" slack="0"/>
<pin id="2072" dir="1" index="6" bw="33" slack="0"/>
</pin_list>
<bind>
<opcode="bitconcatenate(1004) " fcode="bitconcatenate"/>
<opset="or_ln92_17/9 "/>
</bind>
</comp>

<comp id="2077" class="1004" name="sext_ln92_17_fu_2077">
<pin_list>
<pin id="2078" dir="0" index="0" bw="33" slack="0"/>
<pin id="2079" dir="1" index="1" bw="41" slack="0"/>
</pin_list>
<bind>
<opcode="sext(35) " fcode="sext"/>
<opset="sext_ln92_17/9 "/>
</bind>
</comp>

<comp id="2082" class="1004" name="store_ln93_store_fu_2082">
<pin_list>
<pin id="2083" dir="0" index="0" bw="32" slack="0"/>
<pin id="2084" dir="0" index="1" bw="32" slack="0"/>
<pin id="2085" dir="1" index="2" bw="0" slack="2147483647"/>
</pin_list>
<bind>
<opcode="store(28) " fcode="store"/>
<opset="store_ln93/9 "/>
</bind>
</comp>

<comp id="2088" class="1004" name="trunc_ln88_16_fu_2088">
<pin_list>
<pin id="2089" dir="0" index="0" bw="32" slack="8"/>
<pin id="2090" dir="1" index="1" bw="14" slack="0"/>
</pin_list>
<bind>
<opcode="trunc(33) " fcode="trunc"/>
<opset="trunc_ln88_16/9 "/>
</bind>
</comp>

<comp id="2091" class="1004" name="or_ln92_16_fu_2091">
<pin_list>
<pin id="2092" dir="0" index="0" bw="33" slack="0"/>
<pin id="2093" dir="0" index="1" bw="1" slack="0"/>
<pin id="2094" dir="0" index="2" bw="14" slack="0"/>
<pin id="2095" dir="0" index="3" bw="8" slack="8"/>
<pin id="2096" dir="0" index="4" bw="8" slack="2"/>
<pin id="2097" dir="0" index="5" bw="1" slack="0"/>
<pin id="2098" dir="1" index="6" bw="33" slack="0"/>
</pin_list>
<bind>
<opcode="bitconcatenate(1004) " fcode="bitconcatenate"/>
<opset="or_ln92_16/9 "/>
</bind>
</comp>

<comp id="2103" class="1004" name="sext_ln92_16_fu_2103">
<pin_list>
<pin id="2104" dir="0" index="0" bw="33" slack="0"/>
<pin id="2105" dir="1" index="1" bw="41" slack="0"/>
</pin_list>
<bind>
<opcode="sext(35) " fcode="sext"/>
<opset="sext_ln92_16/9 "/>
</bind>
</comp>

<comp id="2108" class="1004" name="store_ln93_store_fu_2108">
<pin_list>
<pin id="2109" dir="0" index="0" bw="32" slack="0"/>
<pin id="2110" dir="0" index="1" bw="32" slack="0"/>
<pin id="2111" dir="1" index="2" bw="0" slack="2147483647"/>
</pin_list>
<bind>
<opcode="store(28) " fcode="store"/>
<opset="store_ln93/9 "/>
</bind>
</comp>

<comp id="2114" class="1004" name="trunc_ln88_15_fu_2114">
<pin_list>
<pin id="2115" dir="0" index="0" bw="32" slack="8"/>
<pin id="2116" dir="1" index="1" bw="14" slack="0"/>
</pin_list>
<bind>
<opcode="trunc(33) " fcode="trunc"/>
<opset="trunc_ln88_15/9 "/>
</bind>
</comp>

<comp id="2117" class="1004" name="or_ln92_15_fu_2117">
<pin_list>
<pin id="2118" dir="0" index="0" bw="33" slack="0"/>
<pin id="2119" dir="0" index="1" bw="1" slack="0"/>
<pin id="2120" dir="0" index="2" bw="14" slack="0"/>
<pin id="2121" dir="0" index="3" bw="8" slack="8"/>
<pin id="2122" dir="0" index="4" bw="8" slack="2"/>
<pin id="2123" dir="0" index="5" bw="1" slack="0"/>
<pin id="2124" dir="1" index="6" bw="33" slack="0"/>
</pin_list>
<bind>
<opcode="bitconcatenate(1004) " fcode="bitconcatenate"/>
<opset="or_ln92_15/9 "/>
</bind>
</comp>

<comp id="2129" class="1004" name="sext_ln92_15_fu_2129">
<pin_list>
<pin id="2130" dir="0" index="0" bw="33" slack="0"/>
<pin id="2131" dir="1" index="1" bw="41" slack="0"/>
</pin_list>
<bind>
<opcode="sext(35) " fcode="sext"/>
<opset="sext_ln92_15/9 "/>
</bind>
</comp>

<comp id="2134" class="1004" name="store_ln93_store_fu_2134">
<pin_list>
<pin id="2135" dir="0" index="0" bw="32" slack="0"/>
<pin id="2136" dir="0" index="1" bw="32" slack="0"/>
<pin id="2137" dir="1" index="2" bw="0" slack="2147483647"/>
</pin_list>
<bind>
<opcode="store(28) " fcode="store"/>
<opset="store_ln93/9 "/>
</bind>
</comp>

<comp id="2140" class="1005" name="ch_reg_2140">
<pin_list>
<pin id="2141" dir="0" index="0" bw="10" slack="0"/>
<pin id="2142" dir="1" index="1" bw="10" slack="0"/>
</pin_list>
<bind>
<opset="ch "/>
</bind>
</comp>

<comp id="2147" class="1005" name="config_delta_threshold_val_read_reg_2147">
<pin_list>
<pin id="2148" dir="0" index="0" bw="16" slack="4"/>
<pin id="2149" dir="1" index="1" bw="16" slack="4"/>
</pin_list>
<bind>
<opset="config_delta_threshold_val_read "/>
</bind>
</comp>

<comp id="2163" class="1005" name="config_delta_decay_val_read_reg_2163">
<pin_list>
<pin id="2164" dir="0" index="0" bw="16" slack="3"/>
<pin id="2165" dir="1" index="1" bw="16" slack="3"/>
</pin_list>
<bind>
<opset="config_delta_decay_val_read "/>
</bind>
</comp>

<comp id="2179" class="1005" name="latency_window_reset_1_read_reg_2179">
<pin_list>
<pin id="2180" dir="0" index="0" bw="1" slack="1"/>
<pin id="2181" dir="1" index="1" bw="1" slack="2147483647"/>
</pin_list>
<bind>
<opset="latency_window_reset_1_read "/>
</bind>
</comp>

<comp id="2183" class="1005" name="config_default_weight_val_read_reg_2183">
<pin_list>
<pin id="2184" dir="0" index="0" bw="8" slack="5"/>
<pin id="2185" dir="1" index="1" bw="8" slack="5"/>
</pin_list>
<bind>
<opset="config_default_weight_val_read "/>
</bind>
</comp>

<comp id="2205" class="1005" name="config_two_neuron_enable_val_read_reg_2205">
<pin_list>
<pin id="2206" dir="0" index="0" bw="1" slack="1"/>
<pin id="2207" dir="1" index="1" bw="1" slack="2147483647"/>
</pin_list>
<bind>
<opset="config_two_neuron_enable_val_read "/>
</bind>
</comp>

<comp id="2209" class="1005" name="config_encoding_type_val_read_reg_2209">
<pin_list>
<pin id="2210" dir="0" index="0" bw="4" slack="1"/>
<pin id="2211" dir="1" index="1" bw="4" slack="2147483647"/>
</pin_list>
<bind>
<opset="config_encoding_type_val_read "/>
</bind>
</comp>

<comp id="2213" class="1005" name="config_baseline_val_read_reg_2213">
<pin_list>
<pin id="2214" dir="0" index="0" bw="8" slack="1"/>
<pin id="2215" dir="1" index="1" bw="8" slack="1"/>
</pin_list>
<bind>
<opset="config_baseline_val_read "/>
</bind>
</comp>

<comp id="2223" class="1005" name="time_read_reg_2223">
<pin_list>
<pin id="2224" dir="0" index="0" bw="32" slack="1"/>
<pin id="2225" dir="1" index="1" bw="32" slack="1"/>
</pin_list>
<bind>
<opset="time_read "/>
</bind>
</comp>

<comp id="2247" class="1005" name="zext_ln137_13_cast_reg_2247">
<pin_list>
<pin id="2248" dir="0" index="0" bw="24" slack="2"/>
<pin id="2249" dir="1" index="1" bw="24" slack="2"/>
</pin_list>
<bind>
<opset="zext_ln137_13_cast "/>
</bind>
</comp>

<comp id="2257" class="1005" name="zext_ln108_cast_reg_2257">
<pin_list>
<pin id="2258" dir="0" index="0" bw="24" slack="2"/>
<pin id="2259" dir="1" index="1" bw="24" slack="2"/>
</pin_list>
<bind>
<opset="zext_ln108_cast "/>
</bind>
</comp>

<comp id="2267" class="1005" name="zext_ln137_reg_2267">
<pin_list>
<pin id="2268" dir="0" index="0" bw="33" slack="3"/>
<pin id="2269" dir="1" index="1" bw="33" slack="3"/>
</pin_list>
<bind>
<opset="zext_ln137 "/>
</bind>
</comp>

<comp id="2277" class="1005" name="ch_2_reg_2277">
<pin_list>
<pin id="2278" dir="0" index="0" bw="10" slack="3"/>
<pin id="2279" dir="1" index="1" bw="10" slack="3"/>
</pin_list>
<bind>
<opset="ch_2 "/>
</bind>
</comp>

<comp id="2287" class="1005" name="icmp_ln192_reg_2287">
<pin_list>
<pin id="2288" dir="0" index="0" bw="1" slack="1"/>
<pin id="2289" dir="1" index="1" bw="1" slack="2147483647"/>
</pin_list>
<bind>
<opset="icmp_ln192 "/>
</bind>
</comp>

<comp id="2291" class="1005" name="zext_ln192_reg_2291">
<pin_list>
<pin id="2292" dir="0" index="0" bw="64" slack="1"/>
<pin id="2293" dir="1" index="1" bw="64" slack="1"/>
</pin_list>
<bind>
<opset="zext_ln192 "/>
</bind>
</comp>

<comp id="2297" class="1005" name="lshr_ln_reg_2297">
<pin_list>
<pin id="2298" dir="0" index="0" bw="9" slack="8"/>
<pin id="2299" dir="1" index="1" bw="9" slack="8"/>
</pin_list>
<bind>
<opset="lshr_ln "/>
</bind>
</comp>

<comp id="2304" class="1005" name="zext_ln192_2_reg_2304">
<pin_list>
<pin id="2305" dir="0" index="0" bw="64" slack="2"/>
<pin id="2306" dir="1" index="1" bw="64" slack="2"/>
</pin_list>
<bind>
<opset="zext_ln192_2 "/>
</bind>
</comp>

<comp id="2314" class="1005" name="icmp_ln194_reg_2314">
<pin_list>
<pin id="2315" dir="0" index="0" bw="1" slack="1"/>
<pin id="2316" dir="1" index="1" bw="1" slack="2147483647"/>
</pin_list>
<bind>
<opset="icmp_ln194 "/>
</bind>
</comp>

<comp id="2318" class="1005" name="p_ZL13encoder_frame_0_addr_reg_2318">
<pin_list>
<pin id="2319" dir="0" index="0" bw="9" slack="1"/>
<pin id="2320" dir="1" index="1" bw="9" slack="1"/>
</pin_list>
<bind>
<opset="p_ZL13encoder_frame_0_addr "/>
</bind>
</comp>

<comp id="2323" class="1005" name="p_ZL22encoder_temporal_fired_0_addr_reg_2323">
<pin_list>
<pin id="2324" dir="0" index="0" bw="9" slack="1"/>
<pin id="2325" dir="1" index="1" bw="9" slack="1"/>
</pin_list>
<bind>
<opset="p_ZL22encoder_temporal_fired_0_addr "/>
</bind>
</comp>

<comp id="2329" class="1005" name="p_ZL22encoder_temporal_fired_1_addr_reg_2329">
<pin_list>
<pin id="2330" dir="0" index="0" bw="9" slack="1"/>
<pin id="2331" dir="1" index="1" bw="9" slack="1"/>
</pin_list>
<bind>
<opset="p_ZL22encoder_temporal_fired_1_addr "/>
</bind>
</comp>

<comp id="2335" class="1005" name="p_ZL17encoder_phase_acc_0_addr_reg_2335">
<pin_list>
<pin id="2336" dir="0" index="0" bw="9" slack="1"/>
<pin id="2337" dir="1" index="1" bw="9" slack="1"/>
</pin_list>
<bind>
<opset="p_ZL17encoder_phase_acc_0_addr "/>
</bind>
</comp>

<comp id="2341" class="1005" name="p_ZL17encoder_phase_acc_1_addr_reg_2341">
<pin_list>
<pin id="2342" dir="0" index="0" bw="9" slack="1"/>
<pin id="2343" dir="1" index="1" bw="9" slack="1"/>
</pin_list>
<bind>
<opset="p_ZL17encoder_phase_acc_1_addr "/>
</bind>
</comp>

<comp id="2347" class="1005" name="or_ln_reg_2347">
<pin_list>
<pin id="2348" dir="0" index="0" bw="10" slack="1"/>
<pin id="2349" dir="1" index="1" bw="10" slack="1"/>
</pin_list>
<bind>
<opset="or_ln "/>
</bind>
</comp>

<comp id="2352" class="1005" name="icmp_ln194_1_reg_2352">
<pin_list>
<pin id="2353" dir="0" index="0" bw="1" slack="1"/>
<pin id="2354" dir="1" index="1" bw="1" slack="2147483647"/>
</pin_list>
<bind>
<opset="icmp_ln194_1 "/>
</bind>
</comp>

<comp id="2356" class="1005" name="p_ZL13encoder_frame_1_addr_reg_2356">
<pin_list>
<pin id="2357" dir="0" index="0" bw="9" slack="1"/>
<pin id="2358" dir="1" index="1" bw="9" slack="1"/>
</pin_list>
<bind>
<opset="p_ZL13encoder_frame_1_addr "/>
</bind>
</comp>

<comp id="2361" class="1005" name="input_reg_2361">
<pin_list>
<pin id="2362" dir="0" index="0" bw="8" slack="1"/>
<pin id="2363" dir="1" index="1" bw="8" slack="1"/>
</pin_list>
<bind>
<opset="input "/>
</bind>
</comp>

<comp id="2368" class="1005" name="on_val_reg_2368">
<pin_list>
<pin id="2369" dir="0" index="0" bw="8" slack="1"/>
<pin id="2370" dir="1" index="1" bw="8" slack="1"/>
</pin_list>
<bind>
<opset="on_val "/>
</bind>
</comp>

<comp id="2375" class="1005" name="off_val_reg_2375">
<pin_list>
<pin id="2376" dir="0" index="0" bw="8" slack="1"/>
<pin id="2377" dir="1" index="1" bw="8" slack="1"/>
</pin_list>
<bind>
<opset="off_val "/>
</bind>
</comp>

<comp id="2382" class="1005" name="p_ZL22encoder_temporal_fired_0_load_reg_2382">
<pin_list>
<pin id="2383" dir="0" index="0" bw="1" slack="1"/>
<pin id="2384" dir="1" index="1" bw="1" slack="2147483647"/>
</pin_list>
<bind>
<opset="p_ZL22encoder_temporal_fired_0_load "/>
</bind>
</comp>

<comp id="2386" class="1005" name="p_ZL22encoder_temporal_start_0_addr_2_reg_2386">
<pin_list>
<pin id="2387" dir="0" index="0" bw="9" slack="1"/>
<pin id="2388" dir="1" index="1" bw="9" slack="1"/>
</pin_list>
<bind>
<opset="p_ZL22encoder_temporal_start_0_addr_2 "/>
</bind>
</comp>

<comp id="2391" class="1005" name="p_ZL22encoder_temporal_fired_1_load_reg_2391">
<pin_list>
<pin id="2392" dir="0" index="0" bw="1" slack="1"/>
<pin id="2393" dir="1" index="1" bw="1" slack="2147483647"/>
</pin_list>
<bind>
<opset="p_ZL22encoder_temporal_fired_1_load "/>
</bind>
</comp>

<comp id="2395" class="1005" name="p_ZL22encoder_temporal_start_1_addr_1_reg_2395">
<pin_list>
<pin id="2396" dir="0" index="0" bw="9" slack="1"/>
<pin id="2397" dir="1" index="1" bw="9" slack="1"/>
</pin_list>
<bind>
<opset="p_ZL22encoder_temporal_start_1_addr_1 "/>
</bind>
</comp>

<comp id="2400" class="1005" name="p_ZL17encoder_phase_acc_0_load_reg_2400">
<pin_list>
<pin id="2401" dir="0" index="0" bw="16" slack="3"/>
<pin id="2402" dir="1" index="1" bw="16" slack="3"/>
</pin_list>
<bind>
<opset="p_ZL17encoder_phase_acc_0_load "/>
</bind>
</comp>

<comp id="2405" class="1005" name="p_ZL17encoder_phase_acc_1_load_reg_2405">
<pin_list>
<pin id="2406" dir="0" index="0" bw="16" slack="3"/>
<pin id="2407" dir="1" index="1" bw="16" slack="3"/>
</pin_list>
<bind>
<opset="p_ZL17encoder_phase_acc_1_load "/>
</bind>
</comp>

<comp id="2410" class="1005" name="zext_ln192_3_reg_2410">
<pin_list>
<pin id="2411" dir="0" index="0" bw="64" slack="1"/>
<pin id="2412" dir="1" index="1" bw="64" slack="1"/>
</pin_list>
<bind>
<opset="zext_ln192_3 "/>
</bind>
</comp>

<comp id="2416" class="1005" name="value_8_reg_2416">
<pin_list>
<pin id="2417" dir="0" index="0" bw="8" slack="1"/>
<pin id="2418" dir="1" index="1" bw="8" slack="1"/>
</pin_list>
<bind>
<opset="value_8 "/>
</bind>
</comp>

<comp id="2423" class="1005" name="on_val_1_reg_2423">
<pin_list>
<pin id="2424" dir="0" index="0" bw="8" slack="1"/>
<pin id="2425" dir="1" index="1" bw="8" slack="1"/>
</pin_list>
<bind>
<opset="on_val_1 "/>
</bind>
</comp>

<comp id="2430" class="1005" name="off_val_1_reg_2430">
<pin_list>
<pin id="2431" dir="0" index="0" bw="8" slack="1"/>
<pin id="2432" dir="1" index="1" bw="8" slack="1"/>
</pin_list>
<bind>
<opset="off_val_1 "/>
</bind>
</comp>

<comp id="2437" class="1005" name="p_ZL22encoder_temporal_fired_0_addr_2_reg_2437">
<pin_list>
<pin id="2438" dir="0" index="0" bw="9" slack="1"/>
<pin id="2439" dir="1" index="1" bw="9" slack="1"/>
</pin_list>
<bind>
<opset="p_ZL22encoder_temporal_fired_0_addr_2 "/>
</bind>
</comp>

<comp id="2443" class="1005" name="p_ZL22encoder_temporal_fired_1_addr_2_reg_2443">
<pin_list>
<pin id="2444" dir="0" index="0" bw="9" slack="1"/>
<pin id="2445" dir="1" index="1" bw="9" slack="1"/>
</pin_list>
<bind>
<opset="p_ZL22encoder_temporal_fired_1_addr_2 "/>
</bind>
</comp>

<comp id="2449" class="1005" name="p_ZL17encoder_phase_acc_0_addr_2_reg_2449">
<pin_list>
<pin id="2450" dir="0" index="0" bw="9" slack="1"/>
<pin id="2451" dir="1" index="1" bw="9" slack="1"/>
</pin_list>
<bind>
<opset="p_ZL17encoder_phase_acc_0_addr_2 "/>
</bind>
</comp>

<comp id="2455" class="1005" name="p_ZL17encoder_phase_acc_1_addr_2_reg_2455">
<pin_list>
<pin id="2456" dir="0" index="0" bw="9" slack="1"/>
<pin id="2457" dir="1" index="1" bw="9" slack="1"/>
</pin_list>
<bind>
<opset="p_ZL17encoder_phase_acc_1_addr_2 "/>
</bind>
</comp>

<comp id="2461" class="1005" name="p_ZL22encoder_temporal_fired_0_addr_1_reg_2461">
<pin_list>
<pin id="2462" dir="0" index="0" bw="9" slack="1"/>
<pin id="2463" dir="1" index="1" bw="9" slack="1"/>
</pin_list>
<bind>
<opset="p_ZL22encoder_temporal_fired_0_addr_1 "/>
</bind>
</comp>

<comp id="2466" class="1005" name="spike_prob_1_reg_2466">
<pin_list>
<pin id="2467" dir="0" index="0" bw="16" slack="1"/>
<pin id="2468" dir="1" index="1" bw="16" slack="1"/>
</pin_list>
<bind>
<opset="spike_prob_1 "/>
</bind>
</comp>

<comp id="2471" class="1005" name="spike_delay_reg_2471">
<pin_list>
<pin id="2472" dir="0" index="0" bw="16" slack="1"/>
<pin id="2473" dir="1" index="1" bw="16" slack="1"/>
</pin_list>
<bind>
<opset="spike_delay "/>
</bind>
</comp>

<comp id="2476" class="1005" name="p_ZL22encoder_temporal_start_0_load_reg_2476">
<pin_list>
<pin id="2477" dir="0" index="0" bw="32" slack="1"/>
<pin id="2478" dir="1" index="1" bw="32" slack="1"/>
</pin_list>
<bind>
<opset="p_ZL22encoder_temporal_start_0_load "/>
</bind>
</comp>

<comp id="2481" class="1005" name="spike_delay_2_reg_2481">
<pin_list>
<pin id="2482" dir="0" index="0" bw="16" slack="1"/>
<pin id="2483" dir="1" index="1" bw="16" slack="1"/>
</pin_list>
<bind>
<opset="spike_delay_2 "/>
</bind>
</comp>

<comp id="2486" class="1005" name="p_ZL22encoder_temporal_start_1_load_reg_2486">
<pin_list>
<pin id="2487" dir="0" index="0" bw="32" slack="1"/>
<pin id="2488" dir="1" index="1" bw="32" slack="1"/>
</pin_list>
<bind>
<opset="p_ZL22encoder_temporal_start_1_load "/>
</bind>
</comp>

<comp id="2491" class="1005" name="spike_prob_reg_2491">
<pin_list>
<pin id="2492" dir="0" index="0" bw="16" slack="1"/>
<pin id="2493" dir="1" index="1" bw="16" slack="1"/>
</pin_list>
<bind>
<opset="spike_prob "/>
</bind>
</comp>

<comp id="2496" class="1005" name="spike_prob_2_reg_2496">
<pin_list>
<pin id="2497" dir="0" index="0" bw="16" slack="1"/>
<pin id="2498" dir="1" index="1" bw="16" slack="1"/>
</pin_list>
<bind>
<opset="spike_prob_2 "/>
</bind>
</comp>

<comp id="2501" class="1005" name="p_ZL22encoder_temporal_fired_1_addr_1_reg_2501">
<pin_list>
<pin id="2502" dir="0" index="0" bw="9" slack="1"/>
<pin id="2503" dir="1" index="1" bw="9" slack="1"/>
</pin_list>
<bind>
<opset="p_ZL22encoder_temporal_fired_1_addr_1 "/>
</bind>
</comp>

<comp id="2506" class="1005" name="spike_prob_4_reg_2506">
<pin_list>
<pin id="2507" dir="0" index="0" bw="16" slack="4"/>
<pin id="2508" dir="1" index="1" bw="16" slack="4"/>
</pin_list>
<bind>
<opset="spike_prob_4 "/>
</bind>
</comp>

<comp id="2511" class="1005" name="p_ZL22encoder_temporal_fired_0_load_2_reg_2511">
<pin_list>
<pin id="2512" dir="0" index="0" bw="1" slack="1"/>
<pin id="2513" dir="1" index="1" bw="1" slack="2147483647"/>
</pin_list>
<bind>
<opset="p_ZL22encoder_temporal_fired_0_load_2 "/>
</bind>
</comp>

<comp id="2515" class="1005" name="spike_delay_3_reg_2515">
<pin_list>
<pin id="2516" dir="0" index="0" bw="16" slack="1"/>
<pin id="2517" dir="1" index="1" bw="16" slack="1"/>
</pin_list>
<bind>
<opset="spike_delay_3 "/>
</bind>
</comp>

<comp id="2520" class="1005" name="p_ZL22encoder_temporal_start_0_addr_5_reg_2520">
<pin_list>
<pin id="2521" dir="0" index="0" bw="9" slack="1"/>
<pin id="2522" dir="1" index="1" bw="9" slack="1"/>
</pin_list>
<bind>
<opset="p_ZL22encoder_temporal_start_0_addr_5 "/>
</bind>
</comp>

<comp id="2525" class="1005" name="p_ZL22encoder_temporal_fired_1_load_2_reg_2525">
<pin_list>
<pin id="2526" dir="0" index="0" bw="1" slack="1"/>
<pin id="2527" dir="1" index="1" bw="1" slack="2147483647"/>
</pin_list>
<bind>
<opset="p_ZL22encoder_temporal_fired_1_load_2 "/>
</bind>
</comp>

<comp id="2529" class="1005" name="spike_delay_5_reg_2529">
<pin_list>
<pin id="2530" dir="0" index="0" bw="16" slack="1"/>
<pin id="2531" dir="1" index="1" bw="16" slack="1"/>
</pin_list>
<bind>
<opset="spike_delay_5 "/>
</bind>
</comp>

<comp id="2534" class="1005" name="p_ZL22encoder_temporal_start_1_addr_5_reg_2534">
<pin_list>
<pin id="2535" dir="0" index="0" bw="9" slack="1"/>
<pin id="2536" dir="1" index="1" bw="9" slack="1"/>
</pin_list>
<bind>
<opset="p_ZL22encoder_temporal_start_1_addr_5 "/>
</bind>
</comp>

<comp id="2539" class="1005" name="spike_prob_3_reg_2539">
<pin_list>
<pin id="2540" dir="0" index="0" bw="16" slack="2"/>
<pin id="2541" dir="1" index="1" bw="16" slack="2"/>
</pin_list>
<bind>
<opset="spike_prob_3 "/>
</bind>
</comp>

<comp id="2544" class="1005" name="spike_prob_5_reg_2544">
<pin_list>
<pin id="2545" dir="0" index="0" bw="16" slack="2"/>
<pin id="2546" dir="1" index="1" bw="16" slack="2"/>
</pin_list>
<bind>
<opset="spike_prob_5 "/>
</bind>
</comp>

<comp id="2549" class="1005" name="add_ln155_3_reg_2549">
<pin_list>
<pin id="2550" dir="0" index="0" bw="16" slack="1"/>
<pin id="2551" dir="1" index="1" bw="16" slack="1"/>
</pin_list>
<bind>
<opset="add_ln155_3 "/>
</bind>
</comp>

<comp id="2556" class="1005" name="add_ln155_5_reg_2556">
<pin_list>
<pin id="2557" dir="0" index="0" bw="16" slack="1"/>
<pin id="2558" dir="1" index="1" bw="16" slack="1"/>
</pin_list>
<bind>
<opset="add_ln155_5 "/>
</bind>
</comp>

<comp id="2563" class="1005" name="p_ZL22encoder_temporal_fired_0_load_1_reg_2563">
<pin_list>
<pin id="2564" dir="0" index="0" bw="1" slack="1"/>
<pin id="2565" dir="1" index="1" bw="1" slack="2147483647"/>
</pin_list>
<bind>
<opset="p_ZL22encoder_temporal_fired_0_load_1 "/>
</bind>
</comp>

<comp id="2567" class="1005" name="spike_delay_1_reg_2567">
<pin_list>
<pin id="2568" dir="0" index="0" bw="16" slack="1"/>
<pin id="2569" dir="1" index="1" bw="16" slack="1"/>
</pin_list>
<bind>
<opset="spike_delay_1 "/>
</bind>
</comp>

<comp id="2572" class="1005" name="p_ZL22encoder_temporal_start_0_addr_3_reg_2572">
<pin_list>
<pin id="2573" dir="0" index="0" bw="9" slack="1"/>
<pin id="2574" dir="1" index="1" bw="9" slack="1"/>
</pin_list>
<bind>
<opset="p_ZL22encoder_temporal_start_0_addr_3 "/>
</bind>
</comp>

<comp id="2577" class="1005" name="icmp_ln110_1_reg_2577">
<pin_list>
<pin id="2578" dir="0" index="0" bw="1" slack="2"/>
<pin id="2579" dir="1" index="1" bw="1" slack="2147483647"/>
</pin_list>
<bind>
<opset="icmp_ln110_1 "/>
</bind>
</comp>

<comp id="2581" class="1005" name="p_ZL17encoder_phase_acc_0_addr_1_reg_2581">
<pin_list>
<pin id="2582" dir="0" index="0" bw="9" slack="1"/>
<pin id="2583" dir="1" index="1" bw="9" slack="1"/>
</pin_list>
<bind>
<opset="p_ZL17encoder_phase_acc_0_addr_1 "/>
</bind>
</comp>

<comp id="2587" class="1005" name="icmp_ln137_reg_2587">
<pin_list>
<pin id="2588" dir="0" index="0" bw="1" slack="2"/>
<pin id="2589" dir="1" index="1" bw="1" slack="2147483647"/>
</pin_list>
<bind>
<opset="icmp_ln137 "/>
</bind>
</comp>

<comp id="2591" class="1005" name="icmp_ln137_2_reg_2591">
<pin_list>
<pin id="2592" dir="0" index="0" bw="1" slack="2"/>
<pin id="2593" dir="1" index="1" bw="1" slack="2147483647"/>
</pin_list>
<bind>
<opset="icmp_ln137_2 "/>
</bind>
</comp>

<comp id="2595" class="1005" name="icmp_ln110_reg_2595">
<pin_list>
<pin id="2596" dir="0" index="0" bw="1" slack="2"/>
<pin id="2597" dir="1" index="1" bw="1" slack="2147483647"/>
</pin_list>
<bind>
<opset="icmp_ln110 "/>
</bind>
</comp>

<comp id="2599" class="1005" name="icmp_ln110_2_reg_2599">
<pin_list>
<pin id="2600" dir="0" index="0" bw="1" slack="3"/>
<pin id="2601" dir="1" index="1" bw="1" slack="2147483647"/>
</pin_list>
<bind>
<opset="icmp_ln110_2 "/>
</bind>
</comp>

<comp id="2603" class="1005" name="p_ZL22encoder_temporal_fired_1_load_1_reg_2603">
<pin_list>
<pin id="2604" dir="0" index="0" bw="1" slack="1"/>
<pin id="2605" dir="1" index="1" bw="1" slack="2147483647"/>
</pin_list>
<bind>
<opset="p_ZL22encoder_temporal_fired_1_load_1 "/>
</bind>
</comp>

<comp id="2607" class="1005" name="spike_delay_4_reg_2607">
<pin_list>
<pin id="2608" dir="0" index="0" bw="16" slack="1"/>
<pin id="2609" dir="1" index="1" bw="16" slack="1"/>
</pin_list>
<bind>
<opset="spike_delay_4 "/>
</bind>
</comp>

<comp id="2612" class="1005" name="p_ZL22encoder_temporal_start_1_addr_3_reg_2612">
<pin_list>
<pin id="2613" dir="0" index="0" bw="9" slack="1"/>
<pin id="2614" dir="1" index="1" bw="9" slack="1"/>
</pin_list>
<bind>
<opset="p_ZL22encoder_temporal_start_1_addr_3 "/>
</bind>
</comp>

<comp id="2617" class="1005" name="p_ZL17encoder_phase_acc_1_addr_1_reg_2617">
<pin_list>
<pin id="2618" dir="0" index="0" bw="9" slack="1"/>
<pin id="2619" dir="1" index="1" bw="9" slack="1"/>
</pin_list>
<bind>
<opset="p_ZL17encoder_phase_acc_1_addr_1 "/>
</bind>
</comp>

<comp id="2623" class="1005" name="add_ln137_3_reg_2623">
<pin_list>
<pin id="2624" dir="0" index="0" bw="33" slack="1"/>
<pin id="2625" dir="1" index="1" bw="33" slack="1"/>
</pin_list>
<bind>
<opset="add_ln137_3 "/>
</bind>
</comp>

<comp id="2628" class="1005" name="add_ln137_5_reg_2628">
<pin_list>
<pin id="2629" dir="0" index="0" bw="33" slack="1"/>
<pin id="2630" dir="1" index="1" bw="33" slack="1"/>
</pin_list>
<bind>
<opset="add_ln137_5 "/>
</bind>
</comp>

<comp id="2633" class="1005" name="select_ln158_3_reg_2633">
<pin_list>
<pin id="2634" dir="0" index="0" bw="16" slack="1"/>
<pin id="2635" dir="1" index="1" bw="16" slack="1"/>
</pin_list>
<bind>
<opset="select_ln158_3 "/>
</bind>
</comp>

<comp id="2639" class="1005" name="select_ln158_5_reg_2639">
<pin_list>
<pin id="2640" dir="0" index="0" bw="16" slack="1"/>
<pin id="2641" dir="1" index="1" bw="16" slack="1"/>
</pin_list>
<bind>
<opset="select_ln158_5 "/>
</bind>
</comp>

<comp id="2645" class="1005" name="add_ln137_1_reg_2645">
<pin_list>
<pin id="2646" dir="0" index="0" bw="33" slack="1"/>
<pin id="2647" dir="1" index="1" bw="33" slack="1"/>
</pin_list>
<bind>
<opset="add_ln137_1 "/>
</bind>
</comp>

<comp id="2650" class="1005" name="add_ln155_1_reg_2650">
<pin_list>
<pin id="2651" dir="0" index="0" bw="16" slack="1"/>
<pin id="2652" dir="1" index="1" bw="16" slack="1"/>
</pin_list>
<bind>
<opset="add_ln155_1 "/>
</bind>
</comp>

<comp id="2657" class="1005" name="select_ln158_reg_2657">
<pin_list>
<pin id="2658" dir="0" index="0" bw="16" slack="1"/>
<pin id="2659" dir="1" index="1" bw="16" slack="1"/>
</pin_list>
<bind>
<opset="select_ln158 "/>
</bind>
</comp>

<comp id="2663" class="1005" name="icmp_ln163_reg_2663">
<pin_list>
<pin id="2664" dir="0" index="0" bw="1" slack="1"/>
<pin id="2665" dir="1" index="1" bw="1" slack="2147483647"/>
</pin_list>
<bind>
<opset="icmp_ln163 "/>
</bind>
</comp>

<comp id="2667" class="1005" name="add_ln155_2_reg_2667">
<pin_list>
<pin id="2668" dir="0" index="0" bw="16" slack="1"/>
<pin id="2669" dir="1" index="1" bw="16" slack="1"/>
</pin_list>
<bind>
<opset="add_ln155_2 "/>
</bind>
</comp>

<comp id="2674" class="1005" name="add_ln137_4_reg_2674">
<pin_list>
<pin id="2675" dir="0" index="0" bw="33" slack="1"/>
<pin id="2676" dir="1" index="1" bw="33" slack="1"/>
</pin_list>
<bind>
<opset="add_ln137_4 "/>
</bind>
</comp>

<comp id="2679" class="1005" name="add_ln155_4_reg_2679">
<pin_list>
<pin id="2680" dir="0" index="0" bw="16" slack="1"/>
<pin id="2681" dir="1" index="1" bw="16" slack="1"/>
</pin_list>
<bind>
<opset="add_ln155_4 "/>
</bind>
</comp>

<comp id="2686" class="1005" name="icmp_ln137_3_reg_2686">
<pin_list>
<pin id="2687" dir="0" index="0" bw="1" slack="3"/>
<pin id="2688" dir="1" index="1" bw="1" slack="2147483647"/>
</pin_list>
<bind>
<opset="icmp_ln137_3 "/>
</bind>
</comp>

<comp id="2690" class="1005" name="icmp_ln137_5_reg_2690">
<pin_list>
<pin id="2691" dir="0" index="0" bw="1" slack="4"/>
<pin id="2692" dir="1" index="1" bw="1" slack="2147483647"/>
</pin_list>
<bind>
<opset="icmp_ln137_5 "/>
</bind>
</comp>

<comp id="2694" class="1005" name="icmp_ln110_3_reg_2694">
<pin_list>
<pin id="2695" dir="0" index="0" bw="1" slack="3"/>
<pin id="2696" dir="1" index="1" bw="1" slack="2147483647"/>
</pin_list>
<bind>
<opset="icmp_ln110_3 "/>
</bind>
</comp>

<comp id="2698" class="1005" name="icmp_ln110_5_reg_2698">
<pin_list>
<pin id="2699" dir="0" index="0" bw="1" slack="4"/>
<pin id="2700" dir="1" index="1" bw="1" slack="2147483647"/>
</pin_list>
<bind>
<opset="icmp_ln110_5 "/>
</bind>
</comp>

<comp id="2702" class="1005" name="icmp_ln163_3_reg_2702">
<pin_list>
<pin id="2703" dir="0" index="0" bw="1" slack="3"/>
<pin id="2704" dir="1" index="1" bw="1" slack="2147483647"/>
</pin_list>
<bind>
<opset="icmp_ln163_3 "/>
</bind>
</comp>

<comp id="2706" class="1005" name="icmp_ln163_5_reg_2706">
<pin_list>
<pin id="2707" dir="0" index="0" bw="1" slack="4"/>
<pin id="2708" dir="1" index="1" bw="1" slack="2147483647"/>
</pin_list>
<bind>
<opset="icmp_ln163_5 "/>
</bind>
</comp>

<comp id="2710" class="1005" name="icmp_ln137_1_reg_2710">
<pin_list>
<pin id="2711" dir="0" index="0" bw="1" slack="1"/>
<pin id="2712" dir="1" index="1" bw="1" slack="2147483647"/>
</pin_list>
<bind>
<opset="icmp_ln137_1 "/>
</bind>
</comp>

<comp id="2714" class="1005" name="tmp_12_reg_2714">
<pin_list>
<pin id="2715" dir="0" index="0" bw="1" slack="1"/>
<pin id="2716" dir="1" index="1" bw="1" slack="2147483647"/>
</pin_list>
<bind>
<opset="tmp_12 "/>
</bind>
</comp>

<comp id="2718" class="1005" name="tmp_9_reg_2718">
<pin_list>
<pin id="2719" dir="0" index="0" bw="1" slack="1"/>
<pin id="2720" dir="1" index="1" bw="1" slack="2147483647"/>
</pin_list>
<bind>
<opset="tmp_9 "/>
</bind>
</comp>

<comp id="2722" class="1005" name="select_ln158_1_reg_2722">
<pin_list>
<pin id="2723" dir="0" index="0" bw="16" slack="1"/>
<pin id="2724" dir="1" index="1" bw="16" slack="1"/>
</pin_list>
<bind>
<opset="select_ln158_1 "/>
</bind>
</comp>

<comp id="2727" class="1005" name="icmp_ln163_1_reg_2727">
<pin_list>
<pin id="2728" dir="0" index="0" bw="1" slack="1"/>
<pin id="2729" dir="1" index="1" bw="1" slack="2147483647"/>
</pin_list>
<bind>
<opset="icmp_ln163_1 "/>
</bind>
</comp>

<comp id="2731" class="1005" name="tmp_8_reg_2731">
<pin_list>
<pin id="2732" dir="0" index="0" bw="1" slack="1"/>
<pin id="2733" dir="1" index="1" bw="1" slack="2147483647"/>
</pin_list>
<bind>
<opset="tmp_8 "/>
</bind>
</comp>

<comp id="2735" class="1005" name="trunc_ln203_reg_2735">
<pin_list>
<pin id="2736" dir="0" index="0" bw="9" slack="1"/>
<pin id="2737" dir="1" index="1" bw="9" slack="1"/>
</pin_list>
<bind>
<opset="trunc_ln203 "/>
</bind>
</comp>

<comp id="2751" class="1005" name="select_ln158_2_reg_2751">
<pin_list>
<pin id="2752" dir="0" index="0" bw="16" slack="1"/>
<pin id="2753" dir="1" index="1" bw="16" slack="1"/>
</pin_list>
<bind>
<opset="select_ln158_2 "/>
</bind>
</comp>

<comp id="2756" class="1005" name="icmp_ln163_2_reg_2756">
<pin_list>
<pin id="2757" dir="0" index="0" bw="1" slack="1"/>
<pin id="2758" dir="1" index="1" bw="1" slack="2147483647"/>
</pin_list>
<bind>
<opset="icmp_ln163_2 "/>
</bind>
</comp>

<comp id="2760" class="1005" name="icmp_ln137_4_reg_2760">
<pin_list>
<pin id="2761" dir="0" index="0" bw="1" slack="2"/>
<pin id="2762" dir="1" index="1" bw="1" slack="2147483647"/>
</pin_list>
<bind>
<opset="icmp_ln137_4 "/>
</bind>
</comp>

<comp id="2764" class="1005" name="select_ln158_4_reg_2764">
<pin_list>
<pin id="2765" dir="0" index="0" bw="16" slack="1"/>
<pin id="2766" dir="1" index="1" bw="16" slack="1"/>
</pin_list>
<bind>
<opset="select_ln158_4 "/>
</bind>
</comp>

<comp id="2779" class="1005" name="icmp_ln110_4_reg_2779">
<pin_list>
<pin id="2780" dir="0" index="0" bw="1" slack="1"/>
<pin id="2781" dir="1" index="1" bw="1" slack="2147483647"/>
</pin_list>
<bind>
<opset="icmp_ln110_4 "/>
</bind>
</comp>

<comp id="2783" class="1005" name="icmp_ln163_4_reg_2783">
<pin_list>
<pin id="2784" dir="0" index="0" bw="1" slack="1"/>
<pin id="2785" dir="1" index="1" bw="1" slack="2147483647"/>
</pin_list>
<bind>
<opset="icmp_ln163_4 "/>
</bind>
</comp>

<comp id="2787" class="1005" name="tmp_16_reg_2787">
<pin_list>
<pin id="2788" dir="0" index="0" bw="8" slack="1"/>
<pin id="2789" dir="1" index="1" bw="8" slack="1"/>
</pin_list>
<bind>
<opset="tmp_16 "/>
</bind>
</comp>

<comp id="2797" class="1005" name="tmp_24_reg_2797">
<pin_list>
<pin id="2798" dir="0" index="0" bw="1" slack="1"/>
<pin id="2799" dir="1" index="1" bw="1" slack="2147483647"/>
</pin_list>
<bind>
<opset="tmp_24 "/>
</bind>
</comp>

<comp id="2801" class="1005" name="tmp_21_reg_2801">
<pin_list>
<pin id="2802" dir="0" index="0" bw="1" slack="1"/>
<pin id="2803" dir="1" index="1" bw="1" slack="2147483647"/>
</pin_list>
<bind>
<opset="tmp_21 "/>
</bind>
</comp>

<comp id="2805" class="1005" name="tmp_19_reg_2805">
<pin_list>
<pin id="2806" dir="0" index="0" bw="1" slack="1"/>
<pin id="2807" dir="1" index="1" bw="1" slack="2147483647"/>
</pin_list>
<bind>
<opset="tmp_19 "/>
</bind>
</comp>

</comp_list>

<net_list>
<net id="159"><net_src comp="44" pin="0"/><net_sink comp="156" pin=0"/></net>

<net id="164"><net_src comp="46" pin="0"/><net_sink comp="160" pin=0"/></net>

<net id="165"><net_src comp="22" pin="0"/><net_sink comp="160" pin=1"/></net>

<net id="170"><net_src comp="46" pin="0"/><net_sink comp="166" pin=0"/></net>

<net id="171"><net_src comp="20" pin="0"/><net_sink comp="166" pin=1"/></net>

<net id="176"><net_src comp="46" pin="0"/><net_sink comp="172" pin=0"/></net>

<net id="177"><net_src comp="18" pin="0"/><net_sink comp="172" pin=1"/></net>

<net id="182"><net_src comp="48" pin="0"/><net_sink comp="178" pin=0"/></net>

<net id="183"><net_src comp="16" pin="0"/><net_sink comp="178" pin=1"/></net>

<net id="188"><net_src comp="50" pin="0"/><net_sink comp="184" pin=0"/></net>

<net id="189"><net_src comp="14" pin="0"/><net_sink comp="184" pin=1"/></net>

<net id="194"><net_src comp="46" pin="0"/><net_sink comp="190" pin=0"/></net>

<net id="195"><net_src comp="10" pin="0"/><net_sink comp="190" pin=1"/></net>

<net id="200"><net_src comp="48" pin="0"/><net_sink comp="196" pin=0"/></net>

<net id="201"><net_src comp="8" pin="0"/><net_sink comp="196" pin=1"/></net>

<net id="206"><net_src comp="52" pin="0"/><net_sink comp="202" pin=0"/></net>

<net id="207"><net_src comp="6" pin="0"/><net_sink comp="202" pin=1"/></net>

<net id="212"><net_src comp="50" pin="0"/><net_sink comp="208" pin=0"/></net>

<net id="213"><net_src comp="4" pin="0"/><net_sink comp="208" pin=1"/></net>

<net id="218"><net_src comp="46" pin="0"/><net_sink comp="214" pin=0"/></net>

<net id="219"><net_src comp="2" pin="0"/><net_sink comp="214" pin=1"/></net>

<net id="224"><net_src comp="54" pin="0"/><net_sink comp="220" pin=0"/></net>

<net id="225"><net_src comp="0" pin="0"/><net_sink comp="220" pin=1"/></net>

<net id="231"><net_src comp="140" pin="0"/><net_sink comp="226" pin=0"/></net>

<net id="232"><net_src comp="12" pin="0"/><net_sink comp="226" pin=1"/></net>

<net id="233"><net_src comp="44" pin="0"/><net_sink comp="226" pin=2"/></net>

<net id="239"><net_src comp="144" pin="0"/><net_sink comp="234" pin=0"/></net>

<net id="240"><net_src comp="12" pin="0"/><net_sink comp="234" pin=1"/></net>

<net id="246"><net_src comp="24" pin="0"/><net_sink comp="241" pin=0"/></net>

<net id="247"><net_src comp="94" pin="0"/><net_sink comp="241" pin=1"/></net>

<net id="253"><net_src comp="241" pin="3"/><net_sink comp="248" pin=0"/></net>

<net id="259"><net_src comp="34" pin="0"/><net_sink comp="254" pin=0"/></net>

<net id="260"><net_src comp="94" pin="0"/><net_sink comp="254" pin=1"/></net>

<net id="270"><net_src comp="220" pin="2"/><net_sink comp="261" pin=4"/></net>

<net id="271"><net_src comp="254" pin="3"/><net_sink comp="261" pin=2"/></net>

<net id="277"><net_src comp="32" pin="0"/><net_sink comp="272" pin=0"/></net>

<net id="278"><net_src comp="94" pin="0"/><net_sink comp="272" pin=1"/></net>

<net id="284"><net_src comp="272" pin="3"/><net_sink comp="279" pin=0"/></net>

<net id="290"><net_src comp="34" pin="0"/><net_sink comp="285" pin=0"/></net>

<net id="291"><net_src comp="94" pin="0"/><net_sink comp="285" pin=1"/></net>

<net id="292"><net_src comp="285" pin="3"/><net_sink comp="261" pin=2"/></net>

<net id="298"><net_src comp="30" pin="0"/><net_sink comp="293" pin=0"/></net>

<net id="299"><net_src comp="94" pin="0"/><net_sink comp="293" pin=1"/></net>

<net id="305"><net_src comp="293" pin="3"/><net_sink comp="300" pin=0"/></net>

<net id="311"><net_src comp="36" pin="0"/><net_sink comp="306" pin=0"/></net>

<net id="312"><net_src comp="94" pin="0"/><net_sink comp="306" pin=1"/></net>

<net id="322"><net_src comp="220" pin="2"/><net_sink comp="313" pin=4"/></net>

<net id="323"><net_src comp="306" pin="3"/><net_sink comp="313" pin=2"/></net>

<net id="329"><net_src comp="40" pin="0"/><net_sink comp="324" pin=0"/></net>

<net id="330"><net_src comp="94" pin="0"/><net_sink comp="324" pin=1"/></net>

<net id="336"><net_src comp="324" pin="3"/><net_sink comp="331" pin=0"/></net>

<net id="342"><net_src comp="38" pin="0"/><net_sink comp="337" pin=0"/></net>

<net id="343"><net_src comp="94" pin="0"/><net_sink comp="337" pin=1"/></net>

<net id="349"><net_src comp="337" pin="3"/><net_sink comp="344" pin=0"/></net>

<net id="355"><net_src comp="42" pin="0"/><net_sink comp="350" pin=0"/></net>

<net id="356"><net_src comp="94" pin="0"/><net_sink comp="350" pin=1"/></net>

<net id="362"><net_src comp="350" pin="3"/><net_sink comp="357" pin=0"/></net>

<net id="368"><net_src comp="36" pin="0"/><net_sink comp="363" pin=0"/></net>

<net id="369"><net_src comp="94" pin="0"/><net_sink comp="363" pin=1"/></net>

<net id="370"><net_src comp="363" pin="3"/><net_sink comp="313" pin=2"/></net>

<net id="376"><net_src comp="34" pin="0"/><net_sink comp="371" pin=0"/></net>

<net id="377"><net_src comp="94" pin="0"/><net_sink comp="371" pin=1"/></net>

<net id="378"><net_src comp="371" pin="3"/><net_sink comp="261" pin=0"/></net>

<net id="384"><net_src comp="36" pin="0"/><net_sink comp="379" pin=0"/></net>

<net id="385"><net_src comp="94" pin="0"/><net_sink comp="379" pin=1"/></net>

<net id="386"><net_src comp="379" pin="3"/><net_sink comp="313" pin=0"/></net>

<net id="392"><net_src comp="32" pin="0"/><net_sink comp="387" pin=0"/></net>

<net id="393"><net_src comp="94" pin="0"/><net_sink comp="387" pin=1"/></net>

<net id="394"><net_src comp="387" pin="3"/><net_sink comp="279" pin=0"/></net>

<net id="400"><net_src comp="34" pin="0"/><net_sink comp="395" pin=0"/></net>

<net id="401"><net_src comp="94" pin="0"/><net_sink comp="395" pin=1"/></net>

<net id="402"><net_src comp="395" pin="3"/><net_sink comp="261" pin=2"/></net>

<net id="408"><net_src comp="30" pin="0"/><net_sink comp="403" pin=0"/></net>

<net id="409"><net_src comp="94" pin="0"/><net_sink comp="403" pin=1"/></net>

<net id="410"><net_src comp="403" pin="3"/><net_sink comp="300" pin=0"/></net>

<net id="416"><net_src comp="36" pin="0"/><net_sink comp="411" pin=0"/></net>

<net id="417"><net_src comp="94" pin="0"/><net_sink comp="411" pin=1"/></net>

<net id="418"><net_src comp="411" pin="3"/><net_sink comp="313" pin=2"/></net>

<net id="424"><net_src comp="40" pin="0"/><net_sink comp="419" pin=0"/></net>

<net id="425"><net_src comp="94" pin="0"/><net_sink comp="419" pin=1"/></net>

<net id="426"><net_src comp="419" pin="3"/><net_sink comp="331" pin=0"/></net>

<net id="432"><net_src comp="38" pin="0"/><net_sink comp="427" pin=0"/></net>

<net id="433"><net_src comp="94" pin="0"/><net_sink comp="427" pin=1"/></net>

<net id="434"><net_src comp="427" pin="3"/><net_sink comp="344" pin=0"/></net>

<net id="440"><net_src comp="32" pin="0"/><net_sink comp="435" pin=0"/></net>

<net id="441"><net_src comp="94" pin="0"/><net_sink comp="435" pin=1"/></net>

<net id="446"><net_src comp="435" pin="3"/><net_sink comp="279" pin=2"/></net>

<net id="447"><net_src comp="64" pin="0"/><net_sink comp="279" pin=4"/></net>

<net id="452"><net_src comp="64" pin="0"/><net_sink comp="300" pin=4"/></net>

<net id="458"><net_src comp="30" pin="0"/><net_sink comp="453" pin=0"/></net>

<net id="459"><net_src comp="94" pin="0"/><net_sink comp="453" pin=1"/></net>

<net id="460"><net_src comp="453" pin="3"/><net_sink comp="300" pin=2"/></net>

<net id="466"><net_src comp="34" pin="0"/><net_sink comp="461" pin=0"/></net>

<net id="467"><net_src comp="94" pin="0"/><net_sink comp="461" pin=1"/></net>

<net id="468"><net_src comp="461" pin="3"/><net_sink comp="261" pin=0"/></net>

<net id="474"><net_src comp="36" pin="0"/><net_sink comp="469" pin=0"/></net>

<net id="475"><net_src comp="94" pin="0"/><net_sink comp="469" pin=1"/></net>

<net id="476"><net_src comp="469" pin="3"/><net_sink comp="313" pin=0"/></net>

<net id="482"><net_src comp="34" pin="0"/><net_sink comp="477" pin=0"/></net>

<net id="483"><net_src comp="94" pin="0"/><net_sink comp="477" pin=1"/></net>

<net id="484"><net_src comp="477" pin="3"/><net_sink comp="261" pin=0"/></net>

<net id="490"><net_src comp="40" pin="0"/><net_sink comp="485" pin=0"/></net>

<net id="491"><net_src comp="94" pin="0"/><net_sink comp="485" pin=1"/></net>

<net id="492"><net_src comp="485" pin="3"/><net_sink comp="331" pin=0"/></net>

<net id="498"><net_src comp="36" pin="0"/><net_sink comp="493" pin=0"/></net>

<net id="499"><net_src comp="94" pin="0"/><net_sink comp="493" pin=1"/></net>

<net id="500"><net_src comp="493" pin="3"/><net_sink comp="313" pin=0"/></net>

<net id="506"><net_src comp="38" pin="0"/><net_sink comp="501" pin=0"/></net>

<net id="507"><net_src comp="94" pin="0"/><net_sink comp="501" pin=1"/></net>

<net id="508"><net_src comp="501" pin="3"/><net_sink comp="344" pin=0"/></net>

<net id="517"><net_src comp="104" pin="0"/><net_sink comp="279" pin=4"/></net>

<net id="518"><net_src comp="104" pin="0"/><net_sink comp="300" pin=4"/></net>

<net id="525"><net_src comp="202" pin="2"/><net_sink comp="519" pin=0"/></net>

<net id="526"><net_src comp="96" pin="0"/><net_sink comp="519" pin=1"/></net>

<net id="527"><net_src comp="98" pin="0"/><net_sink comp="519" pin=2"/></net>

<net id="528"><net_src comp="100" pin="0"/><net_sink comp="519" pin=3"/></net>

<net id="535"><net_src comp="202" pin="2"/><net_sink comp="529" pin=0"/></net>

<net id="536"><net_src comp="96" pin="0"/><net_sink comp="529" pin=1"/></net>

<net id="537"><net_src comp="98" pin="0"/><net_sink comp="529" pin=2"/></net>

<net id="538"><net_src comp="100" pin="0"/><net_sink comp="529" pin=3"/></net>

<net id="542"><net_src comp="26" pin="0"/><net_sink comp="539" pin=0"/></net>

<net id="549"><net_src comp="124" pin="0"/><net_sink comp="543" pin=0"/></net>

<net id="550"><net_src comp="539" pin="1"/><net_sink comp="543" pin=1"/></net>

<net id="551"><net_src comp="44" pin="0"/><net_sink comp="543" pin=2"/></net>

<net id="552"><net_src comp="126" pin="0"/><net_sink comp="543" pin=3"/></net>

<net id="558"><net_src comp="116" pin="0"/><net_sink comp="553" pin=0"/></net>

<net id="559"><net_src comp="539" pin="1"/><net_sink comp="553" pin=1"/></net>

<net id="560"><net_src comp="118" pin="0"/><net_sink comp="553" pin=2"/></net>

<net id="567"><net_src comp="134" pin="0"/><net_sink comp="561" pin=0"/></net>

<net id="568"><net_src comp="539" pin="1"/><net_sink comp="561" pin=1"/></net>

<net id="569"><net_src comp="122" pin="0"/><net_sink comp="561" pin=2"/></net>

<net id="570"><net_src comp="126" pin="0"/><net_sink comp="561" pin=3"/></net>

<net id="574"><net_src comp="28" pin="0"/><net_sink comp="571" pin=0"/></net>

<net id="579"><net_src comp="571" pin="1"/><net_sink comp="575" pin=0"/></net>

<net id="580"><net_src comp="44" pin="0"/><net_sink comp="575" pin=1"/></net>

<net id="584"><net_src comp="172" pin="2"/><net_sink comp="581" pin=0"/></net>

<net id="588"><net_src comp="190" pin="2"/><net_sink comp="585" pin=0"/></net>

<net id="592"><net_src comp="220" pin="2"/><net_sink comp="589" pin=0"/></net>

<net id="597"><net_src comp="76" pin="0"/><net_sink comp="593" pin=0"/></net>

<net id="605"><net_src comp="598" pin="1"/><net_sink comp="601" pin=0"/></net>

<net id="606"><net_src comp="78" pin="0"/><net_sink comp="601" pin=1"/></net>

<net id="610"><net_src comp="598" pin="1"/><net_sink comp="607" pin=0"/></net>

<net id="611"><net_src comp="607" pin="1"/><net_sink comp="272" pin=2"/></net>

<net id="612"><net_src comp="607" pin="1"/><net_sink comp="285" pin=2"/></net>

<net id="613"><net_src comp="607" pin="1"/><net_sink comp="293" pin=2"/></net>

<net id="614"><net_src comp="607" pin="1"/><net_sink comp="306" pin=2"/></net>

<net id="615"><net_src comp="607" pin="1"/><net_sink comp="324" pin=2"/></net>

<net id="616"><net_src comp="607" pin="1"/><net_sink comp="337" pin=2"/></net>

<net id="620"><net_src comp="598" pin="1"/><net_sink comp="617" pin=0"/></net>

<net id="627"><net_src comp="90" pin="0"/><net_sink comp="621" pin=0"/></net>

<net id="628"><net_src comp="598" pin="1"/><net_sink comp="621" pin=1"/></net>

<net id="629"><net_src comp="44" pin="0"/><net_sink comp="621" pin=2"/></net>

<net id="630"><net_src comp="92" pin="0"/><net_sink comp="621" pin=3"/></net>

<net id="634"><net_src comp="621" pin="4"/><net_sink comp="631" pin=0"/></net>

<net id="635"><net_src comp="631" pin="1"/><net_sink comp="241" pin=2"/></net>

<net id="636"><net_src comp="631" pin="1"/><net_sink comp="254" pin=2"/></net>

<net id="637"><net_src comp="631" pin="1"/><net_sink comp="350" pin=2"/></net>

<net id="638"><net_src comp="631" pin="1"/><net_sink comp="363" pin=2"/></net>

<net id="643"><net_src comp="617" pin="1"/><net_sink comp="639" pin=0"/></net>

<net id="644"><net_src comp="214" pin="2"/><net_sink comp="639" pin=1"/></net>

<net id="650"><net_src comp="102" pin="0"/><net_sink comp="645" pin=0"/></net>

<net id="651"><net_src comp="621" pin="4"/><net_sink comp="645" pin=1"/></net>

<net id="652"><net_src comp="104" pin="0"/><net_sink comp="645" pin=2"/></net>

<net id="656"><net_src comp="645" pin="3"/><net_sink comp="653" pin=0"/></net>

<net id="661"><net_src comp="653" pin="1"/><net_sink comp="657" pin=0"/></net>

<net id="662"><net_src comp="214" pin="2"/><net_sink comp="657" pin=1"/></net>

<net id="667"><net_src comp="248" pin="3"/><net_sink comp="663" pin=0"/></net>

<net id="672"><net_src comp="248" pin="3"/><net_sink comp="668" pin=0"/></net>

<net id="677"><net_src comp="248" pin="3"/><net_sink comp="673" pin=1"/></net>

<net id="683"><net_src comp="663" pin="2"/><net_sink comp="678" pin=0"/></net>

<net id="684"><net_src comp="668" pin="2"/><net_sink comp="678" pin=1"/></net>

<net id="685"><net_src comp="106" pin="0"/><net_sink comp="678" pin=2"/></net>

<net id="691"><net_src comp="663" pin="2"/><net_sink comp="686" pin=0"/></net>

<net id="692"><net_src comp="106" pin="0"/><net_sink comp="686" pin=1"/></net>

<net id="693"><net_src comp="673" pin="2"/><net_sink comp="686" pin=2"/></net>

<net id="697"><net_src comp="694" pin="1"/><net_sink comp="387" pin=2"/></net>

<net id="698"><net_src comp="694" pin="1"/><net_sink comp="395" pin=2"/></net>

<net id="699"><net_src comp="694" pin="1"/><net_sink comp="403" pin=2"/></net>

<net id="700"><net_src comp="694" pin="1"/><net_sink comp="411" pin=2"/></net>

<net id="701"><net_src comp="694" pin="1"/><net_sink comp="419" pin=2"/></net>

<net id="702"><net_src comp="694" pin="1"/><net_sink comp="427" pin=2"/></net>

<net id="707"><net_src comp="357" pin="3"/><net_sink comp="703" pin=0"/></net>

<net id="712"><net_src comp="357" pin="3"/><net_sink comp="708" pin=0"/></net>

<net id="717"><net_src comp="357" pin="3"/><net_sink comp="713" pin=1"/></net>

<net id="723"><net_src comp="703" pin="2"/><net_sink comp="718" pin=0"/></net>

<net id="724"><net_src comp="708" pin="2"/><net_sink comp="718" pin=1"/></net>

<net id="725"><net_src comp="106" pin="0"/><net_sink comp="718" pin=2"/></net>

<net id="731"><net_src comp="703" pin="2"/><net_sink comp="726" pin=0"/></net>

<net id="732"><net_src comp="106" pin="0"/><net_sink comp="726" pin=1"/></net>

<net id="733"><net_src comp="713" pin="2"/><net_sink comp="726" pin=2"/></net>

<net id="741"><net_src comp="734" pin="1"/><net_sink comp="737" pin=1"/></net>

<net id="748"><net_src comp="108" pin="0"/><net_sink comp="742" pin=0"/></net>

<net id="749"><net_src comp="737" pin="2"/><net_sink comp="742" pin=1"/></net>

<net id="750"><net_src comp="110" pin="0"/><net_sink comp="742" pin=2"/></net>

<net id="751"><net_src comp="112" pin="0"/><net_sink comp="742" pin=3"/></net>

<net id="756"><net_src comp="114" pin="0"/><net_sink comp="752" pin=1"/></net>

<net id="760"><net_src comp="752" pin="2"/><net_sink comp="757" pin=0"/></net>

<net id="765"><net_src comp="757" pin="1"/><net_sink comp="761" pin=0"/></net>

<net id="772"><net_src comp="108" pin="0"/><net_sink comp="766" pin=0"/></net>

<net id="773"><net_src comp="761" pin="2"/><net_sink comp="766" pin=1"/></net>

<net id="774"><net_src comp="110" pin="0"/><net_sink comp="766" pin=2"/></net>

<net id="775"><net_src comp="112" pin="0"/><net_sink comp="766" pin=3"/></net>

<net id="780"><net_src comp="114" pin="0"/><net_sink comp="776" pin=1"/></net>

<net id="784"><net_src comp="776" pin="2"/><net_sink comp="781" pin=0"/></net>

<net id="789"><net_src comp="781" pin="1"/><net_sink comp="785" pin=0"/></net>

<net id="796"><net_src comp="108" pin="0"/><net_sink comp="790" pin=0"/></net>

<net id="797"><net_src comp="785" pin="2"/><net_sink comp="790" pin=1"/></net>

<net id="798"><net_src comp="110" pin="0"/><net_sink comp="790" pin=2"/></net>

<net id="799"><net_src comp="112" pin="0"/><net_sink comp="790" pin=3"/></net>

<net id="807"><net_src comp="800" pin="1"/><net_sink comp="803" pin=1"/></net>

<net id="814"><net_src comp="108" pin="0"/><net_sink comp="808" pin=0"/></net>

<net id="815"><net_src comp="803" pin="2"/><net_sink comp="808" pin=1"/></net>

<net id="816"><net_src comp="110" pin="0"/><net_sink comp="808" pin=2"/></net>

<net id="817"><net_src comp="112" pin="0"/><net_sink comp="808" pin=3"/></net>

<net id="825"><net_src comp="818" pin="1"/><net_sink comp="821" pin=1"/></net>

<net id="832"><net_src comp="108" pin="0"/><net_sink comp="826" pin=0"/></net>

<net id="833"><net_src comp="821" pin="2"/><net_sink comp="826" pin=1"/></net>

<net id="834"><net_src comp="110" pin="0"/><net_sink comp="826" pin=2"/></net>

<net id="835"><net_src comp="112" pin="0"/><net_sink comp="826" pin=3"/></net>

<net id="843"><net_src comp="836" pin="1"/><net_sink comp="839" pin=1"/></net>

<net id="850"><net_src comp="108" pin="0"/><net_sink comp="844" pin=0"/></net>

<net id="851"><net_src comp="839" pin="2"/><net_sink comp="844" pin=1"/></net>

<net id="852"><net_src comp="110" pin="0"/><net_sink comp="844" pin=2"/></net>

<net id="853"><net_src comp="112" pin="0"/><net_sink comp="844" pin=3"/></net>

<net id="858"><net_src comp="114" pin="0"/><net_sink comp="854" pin=1"/></net>

<net id="862"><net_src comp="854" pin="2"/><net_sink comp="859" pin=0"/></net>

<net id="867"><net_src comp="859" pin="1"/><net_sink comp="863" pin=0"/></net>

<net id="874"><net_src comp="108" pin="0"/><net_sink comp="868" pin=0"/></net>

<net id="875"><net_src comp="863" pin="2"/><net_sink comp="868" pin=1"/></net>

<net id="876"><net_src comp="110" pin="0"/><net_sink comp="868" pin=2"/></net>

<net id="877"><net_src comp="112" pin="0"/><net_sink comp="868" pin=3"/></net>

<net id="882"><net_src comp="114" pin="0"/><net_sink comp="878" pin=1"/></net>

<net id="886"><net_src comp="878" pin="2"/><net_sink comp="883" pin=0"/></net>

<net id="891"><net_src comp="883" pin="1"/><net_sink comp="887" pin=0"/></net>

<net id="898"><net_src comp="108" pin="0"/><net_sink comp="892" pin=0"/></net>

<net id="899"><net_src comp="887" pin="2"/><net_sink comp="892" pin=1"/></net>

<net id="900"><net_src comp="110" pin="0"/><net_sink comp="892" pin=2"/></net>

<net id="901"><net_src comp="112" pin="0"/><net_sink comp="892" pin=3"/></net>

<net id="909"><net_src comp="902" pin="1"/><net_sink comp="905" pin=1"/></net>

<net id="916"><net_src comp="108" pin="0"/><net_sink comp="910" pin=0"/></net>

<net id="917"><net_src comp="905" pin="2"/><net_sink comp="910" pin=1"/></net>

<net id="918"><net_src comp="110" pin="0"/><net_sink comp="910" pin=2"/></net>

<net id="919"><net_src comp="112" pin="0"/><net_sink comp="910" pin=3"/></net>

<net id="927"><net_src comp="920" pin="1"/><net_sink comp="923" pin=1"/></net>

<net id="934"><net_src comp="108" pin="0"/><net_sink comp="928" pin=0"/></net>

<net id="935"><net_src comp="923" pin="2"/><net_sink comp="928" pin=1"/></net>

<net id="936"><net_src comp="110" pin="0"/><net_sink comp="928" pin=2"/></net>

<net id="937"><net_src comp="112" pin="0"/><net_sink comp="928" pin=3"/></net>

<net id="945"><net_src comp="331" pin="3"/><net_sink comp="941" pin=0"/></net>

<net id="946"><net_src comp="938" pin="1"/><net_sink comp="941" pin=1"/></net>

<net id="954"><net_src comp="344" pin="3"/><net_sink comp="950" pin=0"/></net>

<net id="955"><net_src comp="947" pin="1"/><net_sink comp="950" pin=1"/></net>

<net id="960"><net_src comp="114" pin="0"/><net_sink comp="956" pin=1"/></net>

<net id="964"><net_src comp="956" pin="2"/><net_sink comp="961" pin=0"/></net>

<net id="969"><net_src comp="961" pin="1"/><net_sink comp="965" pin=0"/></net>

<net id="976"><net_src comp="108" pin="0"/><net_sink comp="970" pin=0"/></net>

<net id="977"><net_src comp="965" pin="2"/><net_sink comp="970" pin=1"/></net>

<net id="978"><net_src comp="110" pin="0"/><net_sink comp="970" pin=2"/></net>

<net id="979"><net_src comp="112" pin="0"/><net_sink comp="970" pin=3"/></net>

<net id="983"><net_src comp="539" pin="1"/><net_sink comp="980" pin=0"/></net>

<net id="989"><net_src comp="116" pin="0"/><net_sink comp="984" pin=0"/></net>

<net id="990"><net_src comp="539" pin="1"/><net_sink comp="984" pin=1"/></net>

<net id="991"><net_src comp="118" pin="0"/><net_sink comp="984" pin=2"/></net>

<net id="997"><net_src comp="116" pin="0"/><net_sink comp="992" pin=0"/></net>

<net id="998"><net_src comp="539" pin="1"/><net_sink comp="992" pin=1"/></net>

<net id="999"><net_src comp="120" pin="0"/><net_sink comp="992" pin=2"/></net>

<net id="1005"><net_src comp="116" pin="0"/><net_sink comp="1000" pin=0"/></net>

<net id="1006"><net_src comp="539" pin="1"/><net_sink comp="1000" pin=1"/></net>

<net id="1007"><net_src comp="122" pin="0"/><net_sink comp="1000" pin=2"/></net>

<net id="1012"><net_src comp="984" pin="3"/><net_sink comp="1008" pin=0"/></net>

<net id="1013"><net_src comp="980" pin="1"/><net_sink comp="1008" pin=1"/></net>

<net id="1018"><net_src comp="992" pin="3"/><net_sink comp="1014" pin=0"/></net>

<net id="1019"><net_src comp="1000" pin="3"/><net_sink comp="1014" pin=1"/></net>

<net id="1024"><net_src comp="1014" pin="2"/><net_sink comp="1020" pin=0"/></net>

<net id="1025"><net_src comp="1008" pin="2"/><net_sink comp="1020" pin=1"/></net>

<net id="1031"><net_src comp="128" pin="0"/><net_sink comp="1026" pin=0"/></net>

<net id="1032"><net_src comp="1020" pin="2"/><net_sink comp="1026" pin=1"/></net>

<net id="1033"><net_src comp="543" pin="4"/><net_sink comp="1026" pin=2"/></net>

<net id="1038"><net_src comp="1026" pin="3"/><net_sink comp="1034" pin=0"/></net>

<net id="1039"><net_src comp="26" pin="0"/><net_sink comp="1034" pin=1"/></net>

<net id="1044"><net_src comp="1026" pin="3"/><net_sink comp="1040" pin=0"/></net>

<net id="1055"><net_src comp="1045" pin="1"/><net_sink comp="1051" pin=0"/></net>

<net id="1056"><net_src comp="1048" pin="1"/><net_sink comp="1051" pin=1"/></net>

<net id="1061"><net_src comp="1051" pin="2"/><net_sink comp="1057" pin=0"/></net>

<net id="1072"><net_src comp="1062" pin="1"/><net_sink comp="1068" pin=0"/></net>

<net id="1073"><net_src comp="1065" pin="1"/><net_sink comp="1068" pin=1"/></net>

<net id="1078"><net_src comp="1068" pin="2"/><net_sink comp="1074" pin=0"/></net>

<net id="1082"><net_src comp="539" pin="1"/><net_sink comp="1079" pin=0"/></net>

<net id="1088"><net_src comp="116" pin="0"/><net_sink comp="1083" pin=0"/></net>

<net id="1089"><net_src comp="539" pin="1"/><net_sink comp="1083" pin=1"/></net>

<net id="1090"><net_src comp="120" pin="0"/><net_sink comp="1083" pin=2"/></net>

<net id="1096"><net_src comp="116" pin="0"/><net_sink comp="1091" pin=0"/></net>

<net id="1097"><net_src comp="539" pin="1"/><net_sink comp="1091" pin=1"/></net>

<net id="1098"><net_src comp="122" pin="0"/><net_sink comp="1091" pin=2"/></net>

<net id="1103"><net_src comp="1083" pin="3"/><net_sink comp="1099" pin=0"/></net>

<net id="1104"><net_src comp="1091" pin="3"/><net_sink comp="1099" pin=1"/></net>

<net id="1109"><net_src comp="1079" pin="1"/><net_sink comp="1105" pin=0"/></net>

<net id="1110"><net_src comp="553" pin="3"/><net_sink comp="1105" pin=1"/></net>

<net id="1115"><net_src comp="1105" pin="2"/><net_sink comp="1111" pin=0"/></net>

<net id="1116"><net_src comp="1099" pin="2"/><net_sink comp="1111" pin=1"/></net>

<net id="1122"><net_src comp="128" pin="0"/><net_sink comp="1117" pin=0"/></net>

<net id="1123"><net_src comp="1111" pin="2"/><net_sink comp="1117" pin=1"/></net>

<net id="1124"><net_src comp="543" pin="4"/><net_sink comp="1117" pin=2"/></net>

<net id="1129"><net_src comp="1117" pin="3"/><net_sink comp="1125" pin=0"/></net>

<net id="1135"><net_src comp="116" pin="0"/><net_sink comp="1130" pin=0"/></net>

<net id="1136"><net_src comp="539" pin="1"/><net_sink comp="1130" pin=1"/></net>

<net id="1137"><net_src comp="130" pin="0"/><net_sink comp="1130" pin=2"/></net>

<net id="1143"><net_src comp="116" pin="0"/><net_sink comp="1138" pin=0"/></net>

<net id="1144"><net_src comp="539" pin="1"/><net_sink comp="1138" pin=1"/></net>

<net id="1145"><net_src comp="132" pin="0"/><net_sink comp="1138" pin=2"/></net>

<net id="1151"><net_src comp="116" pin="0"/><net_sink comp="1146" pin=0"/></net>

<net id="1152"><net_src comp="539" pin="1"/><net_sink comp="1146" pin=1"/></net>

<net id="1153"><net_src comp="44" pin="0"/><net_sink comp="1146" pin=2"/></net>

<net id="1158"><net_src comp="1138" pin="3"/><net_sink comp="1154" pin=0"/></net>

<net id="1159"><net_src comp="1130" pin="3"/><net_sink comp="1154" pin=1"/></net>

<net id="1164"><net_src comp="553" pin="3"/><net_sink comp="1160" pin=0"/></net>

<net id="1165"><net_src comp="1146" pin="3"/><net_sink comp="1160" pin=1"/></net>

<net id="1170"><net_src comp="1160" pin="2"/><net_sink comp="1166" pin=0"/></net>

<net id="1171"><net_src comp="1154" pin="2"/><net_sink comp="1166" pin=1"/></net>

<net id="1178"><net_src comp="136" pin="0"/><net_sink comp="1172" pin=0"/></net>

<net id="1179"><net_src comp="1166" pin="2"/><net_sink comp="1172" pin=1"/></net>

<net id="1180"><net_src comp="1111" pin="2"/><net_sink comp="1172" pin=2"/></net>

<net id="1181"><net_src comp="561" pin="4"/><net_sink comp="1172" pin=3"/></net>

<net id="1186"><net_src comp="1172" pin="4"/><net_sink comp="1182" pin=0"/></net>

<net id="1187"><net_src comp="26" pin="0"/><net_sink comp="1182" pin=1"/></net>

<net id="1192"><net_src comp="1172" pin="4"/><net_sink comp="1188" pin=0"/></net>

<net id="1197"><net_src comp="114" pin="0"/><net_sink comp="1193" pin=1"/></net>

<net id="1201"><net_src comp="1193" pin="2"/><net_sink comp="1198" pin=0"/></net>

<net id="1206"><net_src comp="1198" pin="1"/><net_sink comp="1202" pin=0"/></net>

<net id="1213"><net_src comp="108" pin="0"/><net_sink comp="1207" pin=0"/></net>

<net id="1214"><net_src comp="1202" pin="2"/><net_sink comp="1207" pin=1"/></net>

<net id="1215"><net_src comp="110" pin="0"/><net_sink comp="1207" pin=2"/></net>

<net id="1216"><net_src comp="112" pin="0"/><net_sink comp="1207" pin=3"/></net>

<net id="1220"><net_src comp="261" pin="3"/><net_sink comp="1217" pin=0"/></net>

<net id="1228"><net_src comp="1217" pin="1"/><net_sink comp="1224" pin=0"/></net>

<net id="1229"><net_src comp="1221" pin="1"/><net_sink comp="1224" pin=1"/></net>

<net id="1233"><net_src comp="313" pin="3"/><net_sink comp="1230" pin=0"/></net>

<net id="1241"><net_src comp="1230" pin="1"/><net_sink comp="1237" pin=0"/></net>

<net id="1242"><net_src comp="1234" pin="1"/><net_sink comp="1237" pin=1"/></net>

<net id="1256"><net_src comp="1243" pin="2"/><net_sink comp="1251" pin=0"/></net>

<net id="1257"><net_src comp="1247" pin="2"/><net_sink comp="1251" pin=1"/></net>

<net id="1258"><net_src comp="1251" pin="3"/><net_sink comp="331" pin=4"/></net>

<net id="1272"><net_src comp="1259" pin="2"/><net_sink comp="1267" pin=0"/></net>

<net id="1273"><net_src comp="1263" pin="2"/><net_sink comp="1267" pin=1"/></net>

<net id="1274"><net_src comp="1267" pin="3"/><net_sink comp="344" pin=4"/></net>

<net id="1279"><net_src comp="138" pin="0"/><net_sink comp="1275" pin=1"/></net>

<net id="1284"><net_src comp="1275" pin="2"/><net_sink comp="1280" pin=0"/></net>

<net id="1288"><net_src comp="261" pin="3"/><net_sink comp="1285" pin=0"/></net>

<net id="1296"><net_src comp="1285" pin="1"/><net_sink comp="1292" pin=0"/></net>

<net id="1297"><net_src comp="1289" pin="1"/><net_sink comp="1292" pin=1"/></net>

<net id="1305"><net_src comp="331" pin="3"/><net_sink comp="1301" pin=0"/></net>

<net id="1306"><net_src comp="1298" pin="1"/><net_sink comp="1301" pin=1"/></net>

<net id="1314"><net_src comp="1307" pin="1"/><net_sink comp="1310" pin=1"/></net>

<net id="1319"><net_src comp="1310" pin="2"/><net_sink comp="1315" pin=0"/></net>

<net id="1324"><net_src comp="1310" pin="2"/><net_sink comp="1320" pin=0"/></net>

<net id="1330"><net_src comp="1315" pin="2"/><net_sink comp="1325" pin=0"/></net>

<net id="1331"><net_src comp="1320" pin="2"/><net_sink comp="1325" pin=1"/></net>

<net id="1332"><net_src comp="1310" pin="2"/><net_sink comp="1325" pin=2"/></net>

<net id="1337"><net_src comp="1325" pin="3"/><net_sink comp="1333" pin=0"/></net>

<net id="1345"><net_src comp="1338" pin="1"/><net_sink comp="1341" pin=1"/></net>

<net id="1349"><net_src comp="313" pin="3"/><net_sink comp="1346" pin=0"/></net>

<net id="1357"><net_src comp="1346" pin="1"/><net_sink comp="1353" pin=0"/></net>

<net id="1358"><net_src comp="1350" pin="1"/><net_sink comp="1353" pin=1"/></net>

<net id="1366"><net_src comp="344" pin="3"/><net_sink comp="1362" pin=0"/></net>

<net id="1367"><net_src comp="1359" pin="1"/><net_sink comp="1362" pin=1"/></net>

<net id="1379"><net_src comp="539" pin="1"/><net_sink comp="1376" pin=0"/></net>

<net id="1385"><net_src comp="116" pin="0"/><net_sink comp="1380" pin=0"/></net>

<net id="1386"><net_src comp="539" pin="1"/><net_sink comp="1380" pin=1"/></net>

<net id="1387"><net_src comp="120" pin="0"/><net_sink comp="1380" pin=2"/></net>

<net id="1393"><net_src comp="116" pin="0"/><net_sink comp="1388" pin=0"/></net>

<net id="1394"><net_src comp="539" pin="1"/><net_sink comp="1388" pin=1"/></net>

<net id="1395"><net_src comp="122" pin="0"/><net_sink comp="1388" pin=2"/></net>

<net id="1400"><net_src comp="553" pin="3"/><net_sink comp="1396" pin=0"/></net>

<net id="1401"><net_src comp="1376" pin="1"/><net_sink comp="1396" pin=1"/></net>

<net id="1406"><net_src comp="1380" pin="3"/><net_sink comp="1402" pin=0"/></net>

<net id="1407"><net_src comp="1388" pin="3"/><net_sink comp="1402" pin=1"/></net>

<net id="1412"><net_src comp="1402" pin="2"/><net_sink comp="1408" pin=0"/></net>

<net id="1413"><net_src comp="1396" pin="2"/><net_sink comp="1408" pin=1"/></net>

<net id="1419"><net_src comp="128" pin="0"/><net_sink comp="1414" pin=0"/></net>

<net id="1420"><net_src comp="1408" pin="2"/><net_sink comp="1414" pin=1"/></net>

<net id="1421"><net_src comp="543" pin="4"/><net_sink comp="1414" pin=2"/></net>

<net id="1426"><net_src comp="1414" pin="3"/><net_sink comp="1422" pin=0"/></net>

<net id="1432"><net_src comp="116" pin="0"/><net_sink comp="1427" pin=0"/></net>

<net id="1433"><net_src comp="539" pin="1"/><net_sink comp="1427" pin=1"/></net>

<net id="1434"><net_src comp="130" pin="0"/><net_sink comp="1427" pin=2"/></net>

<net id="1440"><net_src comp="116" pin="0"/><net_sink comp="1435" pin=0"/></net>

<net id="1441"><net_src comp="539" pin="1"/><net_sink comp="1435" pin=1"/></net>

<net id="1442"><net_src comp="132" pin="0"/><net_sink comp="1435" pin=2"/></net>

<net id="1448"><net_src comp="116" pin="0"/><net_sink comp="1443" pin=0"/></net>

<net id="1449"><net_src comp="539" pin="1"/><net_sink comp="1443" pin=1"/></net>

<net id="1450"><net_src comp="44" pin="0"/><net_sink comp="1443" pin=2"/></net>

<net id="1455"><net_src comp="1435" pin="3"/><net_sink comp="1451" pin=0"/></net>

<net id="1456"><net_src comp="1427" pin="3"/><net_sink comp="1451" pin=1"/></net>

<net id="1461"><net_src comp="553" pin="3"/><net_sink comp="1457" pin=0"/></net>

<net id="1462"><net_src comp="1443" pin="3"/><net_sink comp="1457" pin=1"/></net>

<net id="1467"><net_src comp="1457" pin="2"/><net_sink comp="1463" pin=0"/></net>

<net id="1468"><net_src comp="1451" pin="2"/><net_sink comp="1463" pin=1"/></net>

<net id="1475"><net_src comp="136" pin="0"/><net_sink comp="1469" pin=0"/></net>

<net id="1476"><net_src comp="1463" pin="2"/><net_sink comp="1469" pin=1"/></net>

<net id="1477"><net_src comp="1408" pin="2"/><net_sink comp="1469" pin=2"/></net>

<net id="1478"><net_src comp="561" pin="4"/><net_sink comp="1469" pin=3"/></net>

<net id="1483"><net_src comp="1469" pin="4"/><net_sink comp="1479" pin=0"/></net>

<net id="1484"><net_src comp="26" pin="0"/><net_sink comp="1479" pin=1"/></net>

<net id="1489"><net_src comp="1469" pin="4"/><net_sink comp="1485" pin=0"/></net>

<net id="1498"><net_src comp="1494" pin="2"/><net_sink comp="331" pin=4"/></net>

<net id="1507"><net_src comp="1503" pin="2"/><net_sink comp="344" pin=4"/></net>

<net id="1516"><net_src comp="575" pin="2"/><net_sink comp="1512" pin=0"/></net>

<net id="1517"><net_src comp="28" pin="0"/><net_sink comp="1512" pin=1"/></net>

<net id="1531"><net_src comp="1518" pin="2"/><net_sink comp="1526" pin=0"/></net>

<net id="1532"><net_src comp="1522" pin="2"/><net_sink comp="1526" pin=1"/></net>

<net id="1533"><net_src comp="1526" pin="3"/><net_sink comp="331" pin=4"/></net>

<net id="1538"><net_src comp="1526" pin="3"/><net_sink comp="1534" pin=0"/></net>

<net id="1553"><net_src comp="142" pin="0"/><net_sink comp="1545" pin=0"/></net>

<net id="1554"><net_src comp="104" pin="0"/><net_sink comp="1545" pin=1"/></net>

<net id="1555"><net_src comp="1542" pin="1"/><net_sink comp="1545" pin=2"/></net>

<net id="1556"><net_src comp="1539" pin="1"/><net_sink comp="1545" pin=4"/></net>

<net id="1557"><net_src comp="64" pin="0"/><net_sink comp="1545" pin=5"/></net>

<net id="1561"><net_src comp="1545" pin="6"/><net_sink comp="1558" pin=0"/></net>

<net id="1562"><net_src comp="1558" pin="1"/><net_sink comp="234" pin=2"/></net>

<net id="1567"><net_src comp="575" pin="2"/><net_sink comp="1563" pin=0"/></net>

<net id="1568"><net_src comp="28" pin="0"/><net_sink comp="1563" pin=1"/></net>

<net id="1580"><net_src comp="142" pin="0"/><net_sink comp="1572" pin=0"/></net>

<net id="1581"><net_src comp="104" pin="0"/><net_sink comp="1572" pin=1"/></net>

<net id="1582"><net_src comp="1569" pin="1"/><net_sink comp="1572" pin=2"/></net>

<net id="1583"><net_src comp="1539" pin="1"/><net_sink comp="1572" pin=4"/></net>

<net id="1584"><net_src comp="64" pin="0"/><net_sink comp="1572" pin=5"/></net>

<net id="1588"><net_src comp="1572" pin="6"/><net_sink comp="1585" pin=0"/></net>

<net id="1589"><net_src comp="1585" pin="1"/><net_sink comp="234" pin=2"/></net>

<net id="1594"><net_src comp="575" pin="2"/><net_sink comp="1590" pin=0"/></net>

<net id="1595"><net_src comp="28" pin="0"/><net_sink comp="1590" pin=1"/></net>

<net id="1607"><net_src comp="142" pin="0"/><net_sink comp="1599" pin=0"/></net>

<net id="1608"><net_src comp="104" pin="0"/><net_sink comp="1599" pin=1"/></net>

<net id="1609"><net_src comp="1596" pin="1"/><net_sink comp="1599" pin=2"/></net>

<net id="1610"><net_src comp="1539" pin="1"/><net_sink comp="1599" pin=4"/></net>

<net id="1611"><net_src comp="64" pin="0"/><net_sink comp="1599" pin=5"/></net>

<net id="1615"><net_src comp="1599" pin="6"/><net_sink comp="1612" pin=0"/></net>

<net id="1616"><net_src comp="1612" pin="1"/><net_sink comp="234" pin=2"/></net>

<net id="1621"><net_src comp="575" pin="2"/><net_sink comp="1617" pin=0"/></net>

<net id="1622"><net_src comp="28" pin="0"/><net_sink comp="1617" pin=1"/></net>

<net id="1636"><net_src comp="1623" pin="2"/><net_sink comp="1631" pin=0"/></net>

<net id="1637"><net_src comp="1627" pin="2"/><net_sink comp="1631" pin=1"/></net>

<net id="1638"><net_src comp="1631" pin="3"/><net_sink comp="344" pin=4"/></net>

<net id="1643"><net_src comp="1631" pin="3"/><net_sink comp="1639" pin=0"/></net>

<net id="1661"><net_src comp="1648" pin="2"/><net_sink comp="1656" pin=0"/></net>

<net id="1662"><net_src comp="1652" pin="2"/><net_sink comp="1656" pin=1"/></net>

<net id="1663"><net_src comp="1656" pin="3"/><net_sink comp="344" pin=4"/></net>

<net id="1674"><net_src comp="146" pin="0"/><net_sink comp="1667" pin=0"/></net>

<net id="1675"><net_src comp="104" pin="0"/><net_sink comp="1667" pin=1"/></net>

<net id="1676"><net_src comp="1664" pin="1"/><net_sink comp="1667" pin=2"/></net>

<net id="1680"><net_src comp="1667" pin="5"/><net_sink comp="1677" pin=0"/></net>

<net id="1681"><net_src comp="1677" pin="1"/><net_sink comp="234" pin=2"/></net>

<net id="1692"><net_src comp="146" pin="0"/><net_sink comp="1685" pin=0"/></net>

<net id="1693"><net_src comp="104" pin="0"/><net_sink comp="1685" pin=1"/></net>

<net id="1694"><net_src comp="1682" pin="1"/><net_sink comp="1685" pin=2"/></net>

<net id="1698"><net_src comp="1685" pin="5"/><net_sink comp="1695" pin=0"/></net>

<net id="1699"><net_src comp="1695" pin="1"/><net_sink comp="234" pin=2"/></net>

<net id="1704"><net_src comp="575" pin="2"/><net_sink comp="1700" pin=0"/></net>

<net id="1705"><net_src comp="28" pin="0"/><net_sink comp="1700" pin=1"/></net>

<net id="1716"><net_src comp="146" pin="0"/><net_sink comp="1709" pin=0"/></net>

<net id="1717"><net_src comp="104" pin="0"/><net_sink comp="1709" pin=1"/></net>

<net id="1718"><net_src comp="1706" pin="1"/><net_sink comp="1709" pin=2"/></net>

<net id="1722"><net_src comp="1709" pin="5"/><net_sink comp="1719" pin=0"/></net>

<net id="1723"><net_src comp="1719" pin="1"/><net_sink comp="234" pin=2"/></net>

<net id="1728"><net_src comp="575" pin="2"/><net_sink comp="1724" pin=0"/></net>

<net id="1729"><net_src comp="28" pin="0"/><net_sink comp="1724" pin=1"/></net>

<net id="1734"><net_src comp="1730" pin="2"/><net_sink comp="331" pin=4"/></net>

<net id="1746"><net_src comp="142" pin="0"/><net_sink comp="1738" pin=0"/></net>

<net id="1747"><net_src comp="104" pin="0"/><net_sink comp="1738" pin=1"/></net>

<net id="1748"><net_src comp="1735" pin="1"/><net_sink comp="1738" pin=2"/></net>

<net id="1749"><net_src comp="104" pin="0"/><net_sink comp="1738" pin=5"/></net>

<net id="1753"><net_src comp="1738" pin="6"/><net_sink comp="1750" pin=0"/></net>

<net id="1754"><net_src comp="1750" pin="1"/><net_sink comp="234" pin=2"/></net>

<net id="1759"><net_src comp="575" pin="2"/><net_sink comp="1755" pin=0"/></net>

<net id="1760"><net_src comp="28" pin="0"/><net_sink comp="1755" pin=1"/></net>

<net id="1772"><net_src comp="142" pin="0"/><net_sink comp="1764" pin=0"/></net>

<net id="1773"><net_src comp="104" pin="0"/><net_sink comp="1764" pin=1"/></net>

<net id="1774"><net_src comp="1761" pin="1"/><net_sink comp="1764" pin=2"/></net>

<net id="1775"><net_src comp="104" pin="0"/><net_sink comp="1764" pin=5"/></net>

<net id="1779"><net_src comp="1764" pin="6"/><net_sink comp="1776" pin=0"/></net>

<net id="1780"><net_src comp="1776" pin="1"/><net_sink comp="234" pin=2"/></net>

<net id="1785"><net_src comp="575" pin="2"/><net_sink comp="1781" pin=0"/></net>

<net id="1786"><net_src comp="28" pin="0"/><net_sink comp="1781" pin=1"/></net>

<net id="1791"><net_src comp="1787" pin="2"/><net_sink comp="331" pin=4"/></net>

<net id="1803"><net_src comp="142" pin="0"/><net_sink comp="1795" pin=0"/></net>

<net id="1804"><net_src comp="104" pin="0"/><net_sink comp="1795" pin=1"/></net>

<net id="1805"><net_src comp="1792" pin="1"/><net_sink comp="1795" pin=2"/></net>

<net id="1806"><net_src comp="104" pin="0"/><net_sink comp="1795" pin=5"/></net>

<net id="1810"><net_src comp="1795" pin="6"/><net_sink comp="1807" pin=0"/></net>

<net id="1811"><net_src comp="1807" pin="1"/><net_sink comp="234" pin=2"/></net>

<net id="1816"><net_src comp="575" pin="2"/><net_sink comp="1812" pin=0"/></net>

<net id="1817"><net_src comp="28" pin="0"/><net_sink comp="1812" pin=1"/></net>

<net id="1822"><net_src comp="1818" pin="2"/><net_sink comp="344" pin=4"/></net>

<net id="1826"><net_src comp="539" pin="1"/><net_sink comp="1823" pin=0"/></net>

<net id="1832"><net_src comp="116" pin="0"/><net_sink comp="1827" pin=0"/></net>

<net id="1833"><net_src comp="539" pin="1"/><net_sink comp="1827" pin=1"/></net>

<net id="1834"><net_src comp="118" pin="0"/><net_sink comp="1827" pin=2"/></net>

<net id="1840"><net_src comp="116" pin="0"/><net_sink comp="1835" pin=0"/></net>

<net id="1841"><net_src comp="539" pin="1"/><net_sink comp="1835" pin=1"/></net>

<net id="1842"><net_src comp="120" pin="0"/><net_sink comp="1835" pin=2"/></net>

<net id="1848"><net_src comp="116" pin="0"/><net_sink comp="1843" pin=0"/></net>

<net id="1849"><net_src comp="539" pin="1"/><net_sink comp="1843" pin=1"/></net>

<net id="1850"><net_src comp="122" pin="0"/><net_sink comp="1843" pin=2"/></net>

<net id="1855"><net_src comp="1827" pin="3"/><net_sink comp="1851" pin=0"/></net>

<net id="1856"><net_src comp="1823" pin="1"/><net_sink comp="1851" pin=1"/></net>

<net id="1861"><net_src comp="1835" pin="3"/><net_sink comp="1857" pin=0"/></net>

<net id="1862"><net_src comp="1843" pin="3"/><net_sink comp="1857" pin=1"/></net>

<net id="1867"><net_src comp="1857" pin="2"/><net_sink comp="1863" pin=0"/></net>

<net id="1868"><net_src comp="1851" pin="2"/><net_sink comp="1863" pin=1"/></net>

<net id="1874"><net_src comp="128" pin="0"/><net_sink comp="1869" pin=0"/></net>

<net id="1875"><net_src comp="1863" pin="2"/><net_sink comp="1869" pin=1"/></net>

<net id="1876"><net_src comp="543" pin="4"/><net_sink comp="1869" pin=2"/></net>

<net id="1881"><net_src comp="1869" pin="3"/><net_sink comp="1877" pin=0"/></net>

<net id="1882"><net_src comp="26" pin="0"/><net_sink comp="1877" pin=1"/></net>

<net id="1887"><net_src comp="1869" pin="3"/><net_sink comp="1883" pin=0"/></net>

<net id="1896"><net_src comp="1892" pin="2"/><net_sink comp="344" pin=4"/></net>

<net id="1903"><net_src comp="148" pin="0"/><net_sink comp="1897" pin=0"/></net>

<net id="1904"><net_src comp="44" pin="0"/><net_sink comp="1897" pin=2"/></net>

<net id="1905"><net_src comp="110" pin="0"/><net_sink comp="1897" pin=3"/></net>

<net id="1917"><net_src comp="150" pin="0"/><net_sink comp="1909" pin=0"/></net>

<net id="1918"><net_src comp="104" pin="0"/><net_sink comp="1909" pin=1"/></net>

<net id="1919"><net_src comp="1906" pin="1"/><net_sink comp="1909" pin=2"/></net>

<net id="1920"><net_src comp="152" pin="0"/><net_sink comp="1909" pin=5"/></net>

<net id="1924"><net_src comp="1909" pin="6"/><net_sink comp="1921" pin=0"/></net>

<net id="1925"><net_src comp="1921" pin="1"/><net_sink comp="234" pin=2"/></net>

<net id="1930"><net_src comp="575" pin="2"/><net_sink comp="1926" pin=0"/></net>

<net id="1931"><net_src comp="28" pin="0"/><net_sink comp="1926" pin=1"/></net>

<net id="1943"><net_src comp="150" pin="0"/><net_sink comp="1935" pin=0"/></net>

<net id="1944"><net_src comp="104" pin="0"/><net_sink comp="1935" pin=1"/></net>

<net id="1945"><net_src comp="1932" pin="1"/><net_sink comp="1935" pin=2"/></net>

<net id="1946"><net_src comp="152" pin="0"/><net_sink comp="1935" pin=5"/></net>

<net id="1950"><net_src comp="1935" pin="6"/><net_sink comp="1947" pin=0"/></net>

<net id="1951"><net_src comp="1947" pin="1"/><net_sink comp="234" pin=2"/></net>

<net id="1956"><net_src comp="575" pin="2"/><net_sink comp="1952" pin=0"/></net>

<net id="1957"><net_src comp="28" pin="0"/><net_sink comp="1952" pin=1"/></net>

<net id="1969"><net_src comp="150" pin="0"/><net_sink comp="1961" pin=0"/></net>

<net id="1970"><net_src comp="104" pin="0"/><net_sink comp="1961" pin=1"/></net>

<net id="1971"><net_src comp="1958" pin="1"/><net_sink comp="1961" pin=2"/></net>

<net id="1972"><net_src comp="152" pin="0"/><net_sink comp="1961" pin=5"/></net>

<net id="1976"><net_src comp="1961" pin="6"/><net_sink comp="1973" pin=0"/></net>

<net id="1977"><net_src comp="1973" pin="1"/><net_sink comp="234" pin=2"/></net>

<net id="1982"><net_src comp="575" pin="2"/><net_sink comp="1978" pin=0"/></net>

<net id="1983"><net_src comp="28" pin="0"/><net_sink comp="1978" pin=1"/></net>

<net id="1995"><net_src comp="142" pin="0"/><net_sink comp="1987" pin=0"/></net>

<net id="1996"><net_src comp="104" pin="0"/><net_sink comp="1987" pin=1"/></net>

<net id="1997"><net_src comp="1984" pin="1"/><net_sink comp="1987" pin=2"/></net>

<net id="1998"><net_src comp="104" pin="0"/><net_sink comp="1987" pin=5"/></net>

<net id="2002"><net_src comp="1987" pin="6"/><net_sink comp="1999" pin=0"/></net>

<net id="2003"><net_src comp="1999" pin="1"/><net_sink comp="234" pin=2"/></net>

<net id="2008"><net_src comp="575" pin="2"/><net_sink comp="2004" pin=0"/></net>

<net id="2009"><net_src comp="28" pin="0"/><net_sink comp="2004" pin=1"/></net>

<net id="2021"><net_src comp="142" pin="0"/><net_sink comp="2013" pin=0"/></net>

<net id="2022"><net_src comp="104" pin="0"/><net_sink comp="2013" pin=1"/></net>

<net id="2023"><net_src comp="2010" pin="1"/><net_sink comp="2013" pin=2"/></net>

<net id="2024"><net_src comp="104" pin="0"/><net_sink comp="2013" pin=5"/></net>

<net id="2028"><net_src comp="2013" pin="6"/><net_sink comp="2025" pin=0"/></net>

<net id="2029"><net_src comp="2025" pin="1"/><net_sink comp="234" pin=2"/></net>

<net id="2034"><net_src comp="575" pin="2"/><net_sink comp="2030" pin=0"/></net>

<net id="2035"><net_src comp="28" pin="0"/><net_sink comp="2030" pin=1"/></net>

<net id="2047"><net_src comp="142" pin="0"/><net_sink comp="2039" pin=0"/></net>

<net id="2048"><net_src comp="104" pin="0"/><net_sink comp="2039" pin=1"/></net>

<net id="2049"><net_src comp="2036" pin="1"/><net_sink comp="2039" pin=2"/></net>

<net id="2050"><net_src comp="104" pin="0"/><net_sink comp="2039" pin=5"/></net>

<net id="2054"><net_src comp="2039" pin="6"/><net_sink comp="2051" pin=0"/></net>

<net id="2055"><net_src comp="2051" pin="1"/><net_sink comp="234" pin=2"/></net>

<net id="2060"><net_src comp="575" pin="2"/><net_sink comp="2056" pin=0"/></net>

<net id="2061"><net_src comp="28" pin="0"/><net_sink comp="2056" pin=1"/></net>

<net id="2073"><net_src comp="150" pin="0"/><net_sink comp="2065" pin=0"/></net>

<net id="2074"><net_src comp="104" pin="0"/><net_sink comp="2065" pin=1"/></net>

<net id="2075"><net_src comp="2062" pin="1"/><net_sink comp="2065" pin=2"/></net>

<net id="2076"><net_src comp="154" pin="0"/><net_sink comp="2065" pin=5"/></net>

<net id="2080"><net_src comp="2065" pin="6"/><net_sink comp="2077" pin=0"/></net>

<net id="2081"><net_src comp="2077" pin="1"/><net_sink comp="234" pin=2"/></net>

<net id="2086"><net_src comp="575" pin="2"/><net_sink comp="2082" pin=0"/></net>

<net id="2087"><net_src comp="28" pin="0"/><net_sink comp="2082" pin=1"/></net>

<net id="2099"><net_src comp="150" pin="0"/><net_sink comp="2091" pin=0"/></net>

<net id="2100"><net_src comp="104" pin="0"/><net_sink comp="2091" pin=1"/></net>

<net id="2101"><net_src comp="2088" pin="1"/><net_sink comp="2091" pin=2"/></net>

<net id="2102"><net_src comp="154" pin="0"/><net_sink comp="2091" pin=5"/></net>

<net id="2106"><net_src comp="2091" pin="6"/><net_sink comp="2103" pin=0"/></net>

<net id="2107"><net_src comp="2103" pin="1"/><net_sink comp="234" pin=2"/></net>

<net id="2112"><net_src comp="575" pin="2"/><net_sink comp="2108" pin=0"/></net>

<net id="2113"><net_src comp="28" pin="0"/><net_sink comp="2108" pin=1"/></net>

<net id="2125"><net_src comp="150" pin="0"/><net_sink comp="2117" pin=0"/></net>

<net id="2126"><net_src comp="104" pin="0"/><net_sink comp="2117" pin=1"/></net>

<net id="2127"><net_src comp="2114" pin="1"/><net_sink comp="2117" pin=2"/></net>

<net id="2128"><net_src comp="154" pin="0"/><net_sink comp="2117" pin=5"/></net>

<net id="2132"><net_src comp="2117" pin="6"/><net_sink comp="2129" pin=0"/></net>

<net id="2133"><net_src comp="2129" pin="1"/><net_sink comp="234" pin=2"/></net>

<net id="2138"><net_src comp="575" pin="2"/><net_sink comp="2134" pin=0"/></net>

<net id="2139"><net_src comp="28" pin="0"/><net_sink comp="2134" pin=1"/></net>

<net id="2143"><net_src comp="156" pin="1"/><net_sink comp="2140" pin=0"/></net>

<net id="2144"><net_src comp="2140" pin="1"/><net_sink comp="593" pin=1"/></net>

<net id="2145"><net_src comp="2140" pin="1"/><net_sink comp="598" pin=0"/></net>

<net id="2146"><net_src comp="2140" pin="1"/><net_sink comp="1280" pin=1"/></net>

<net id="2150"><net_src comp="160" pin="2"/><net_sink comp="2147" pin=0"/></net>

<net id="2151"><net_src comp="2147" pin="1"/><net_sink comp="1333" pin=1"/></net>

<net id="2152"><net_src comp="2147" pin="1"/><net_sink comp="1490" pin=1"/></net>

<net id="2153"><net_src comp="2147" pin="1"/><net_sink comp="1494" pin=1"/></net>

<net id="2154"><net_src comp="2147" pin="1"/><net_sink comp="1499" pin=1"/></net>

<net id="2155"><net_src comp="2147" pin="1"/><net_sink comp="1503" pin=1"/></net>

<net id="2156"><net_src comp="2147" pin="1"/><net_sink comp="1534" pin=1"/></net>

<net id="2157"><net_src comp="2147" pin="1"/><net_sink comp="1639" pin=1"/></net>

<net id="2158"><net_src comp="2147" pin="1"/><net_sink comp="1730" pin=1"/></net>

<net id="2159"><net_src comp="2147" pin="1"/><net_sink comp="1787" pin=1"/></net>

<net id="2160"><net_src comp="2147" pin="1"/><net_sink comp="1818" pin=1"/></net>

<net id="2161"><net_src comp="2147" pin="1"/><net_sink comp="1888" pin=1"/></net>

<net id="2162"><net_src comp="2147" pin="1"/><net_sink comp="1892" pin=1"/></net>

<net id="2166"><net_src comp="166" pin="2"/><net_sink comp="2163" pin=0"/></net>

<net id="2167"><net_src comp="2163" pin="1"/><net_sink comp="1243" pin=1"/></net>

<net id="2168"><net_src comp="2163" pin="1"/><net_sink comp="1247" pin=1"/></net>

<net id="2169"><net_src comp="2163" pin="1"/><net_sink comp="1259" pin=1"/></net>

<net id="2170"><net_src comp="2163" pin="1"/><net_sink comp="1263" pin=1"/></net>

<net id="2171"><net_src comp="2163" pin="1"/><net_sink comp="1315" pin=1"/></net>

<net id="2172"><net_src comp="2163" pin="1"/><net_sink comp="1320" pin=1"/></net>

<net id="2173"><net_src comp="2163" pin="1"/><net_sink comp="1518" pin=1"/></net>

<net id="2174"><net_src comp="2163" pin="1"/><net_sink comp="1522" pin=1"/></net>

<net id="2175"><net_src comp="2163" pin="1"/><net_sink comp="1623" pin=1"/></net>

<net id="2176"><net_src comp="2163" pin="1"/><net_sink comp="1627" pin=1"/></net>

<net id="2177"><net_src comp="2163" pin="1"/><net_sink comp="1648" pin=1"/></net>

<net id="2178"><net_src comp="2163" pin="1"/><net_sink comp="1652" pin=1"/></net>

<net id="2182"><net_src comp="178" pin="2"/><net_sink comp="2179" pin=0"/></net>

<net id="2186"><net_src comp="184" pin="2"/><net_sink comp="2183" pin=0"/></net>

<net id="2187"><net_src comp="2183" pin="1"/><net_sink comp="1545" pin=3"/></net>

<net id="2188"><net_src comp="2183" pin="1"/><net_sink comp="1572" pin=3"/></net>

<net id="2189"><net_src comp="2183" pin="1"/><net_sink comp="1599" pin=3"/></net>

<net id="2190"><net_src comp="2183" pin="1"/><net_sink comp="1667" pin=3"/></net>

<net id="2191"><net_src comp="2183" pin="1"/><net_sink comp="1685" pin=3"/></net>

<net id="2192"><net_src comp="2183" pin="1"/><net_sink comp="1709" pin=3"/></net>

<net id="2193"><net_src comp="2183" pin="1"/><net_sink comp="1738" pin=3"/></net>

<net id="2194"><net_src comp="2183" pin="1"/><net_sink comp="1764" pin=3"/></net>

<net id="2195"><net_src comp="2183" pin="1"/><net_sink comp="1795" pin=3"/></net>

<net id="2196"><net_src comp="2183" pin="1"/><net_sink comp="1909" pin=3"/></net>

<net id="2197"><net_src comp="2183" pin="1"/><net_sink comp="1935" pin=3"/></net>

<net id="2198"><net_src comp="2183" pin="1"/><net_sink comp="1961" pin=3"/></net>

<net id="2199"><net_src comp="2183" pin="1"/><net_sink comp="1987" pin=3"/></net>

<net id="2200"><net_src comp="2183" pin="1"/><net_sink comp="2013" pin=3"/></net>

<net id="2201"><net_src comp="2183" pin="1"/><net_sink comp="2039" pin=3"/></net>

<net id="2202"><net_src comp="2183" pin="1"/><net_sink comp="2065" pin=3"/></net>

<net id="2203"><net_src comp="2183" pin="1"/><net_sink comp="2091" pin=3"/></net>

<net id="2204"><net_src comp="2183" pin="1"/><net_sink comp="2117" pin=3"/></net>

<net id="2208"><net_src comp="196" pin="2"/><net_sink comp="2205" pin=0"/></net>

<net id="2212"><net_src comp="202" pin="2"/><net_sink comp="2209" pin=0"/></net>

<net id="2216"><net_src comp="208" pin="2"/><net_sink comp="2213" pin=0"/></net>

<net id="2217"><net_src comp="2213" pin="1"/><net_sink comp="663" pin=1"/></net>

<net id="2218"><net_src comp="2213" pin="1"/><net_sink comp="668" pin=1"/></net>

<net id="2219"><net_src comp="2213" pin="1"/><net_sink comp="673" pin=0"/></net>

<net id="2220"><net_src comp="2213" pin="1"/><net_sink comp="703" pin=1"/></net>

<net id="2221"><net_src comp="2213" pin="1"/><net_sink comp="708" pin=1"/></net>

<net id="2222"><net_src comp="2213" pin="1"/><net_sink comp="713" pin=0"/></net>

<net id="2226"><net_src comp="220" pin="2"/><net_sink comp="2223" pin=0"/></net>

<net id="2227"><net_src comp="2223" pin="1"/><net_sink comp="261" pin=4"/></net>

<net id="2228"><net_src comp="2223" pin="1"/><net_sink comp="313" pin=4"/></net>

<net id="2229"><net_src comp="2223" pin="1"/><net_sink comp="1542" pin=0"/></net>

<net id="2230"><net_src comp="2223" pin="1"/><net_sink comp="1569" pin=0"/></net>

<net id="2231"><net_src comp="2223" pin="1"/><net_sink comp="1596" pin=0"/></net>

<net id="2232"><net_src comp="2223" pin="1"/><net_sink comp="1664" pin=0"/></net>

<net id="2233"><net_src comp="2223" pin="1"/><net_sink comp="1682" pin=0"/></net>

<net id="2234"><net_src comp="2223" pin="1"/><net_sink comp="1706" pin=0"/></net>

<net id="2235"><net_src comp="2223" pin="1"/><net_sink comp="1735" pin=0"/></net>

<net id="2236"><net_src comp="2223" pin="1"/><net_sink comp="1761" pin=0"/></net>

<net id="2237"><net_src comp="2223" pin="1"/><net_sink comp="1792" pin=0"/></net>

<net id="2238"><net_src comp="2223" pin="1"/><net_sink comp="1906" pin=0"/></net>

<net id="2239"><net_src comp="2223" pin="1"/><net_sink comp="1932" pin=0"/></net>

<net id="2240"><net_src comp="2223" pin="1"/><net_sink comp="1958" pin=0"/></net>

<net id="2241"><net_src comp="2223" pin="1"/><net_sink comp="1984" pin=0"/></net>

<net id="2242"><net_src comp="2223" pin="1"/><net_sink comp="2010" pin=0"/></net>

<net id="2243"><net_src comp="2223" pin="1"/><net_sink comp="2036" pin=0"/></net>

<net id="2244"><net_src comp="2223" pin="1"/><net_sink comp="2062" pin=0"/></net>

<net id="2245"><net_src comp="2223" pin="1"/><net_sink comp="2088" pin=0"/></net>

<net id="2246"><net_src comp="2223" pin="1"/><net_sink comp="2114" pin=0"/></net>

<net id="2250"><net_src comp="581" pin="1"/><net_sink comp="2247" pin=0"/></net>

<net id="2251"><net_src comp="2247" pin="1"/><net_sink comp="761" pin=1"/></net>

<net id="2252"><net_src comp="2247" pin="1"/><net_sink comp="785" pin=1"/></net>

<net id="2253"><net_src comp="2247" pin="1"/><net_sink comp="863" pin=1"/></net>

<net id="2254"><net_src comp="2247" pin="1"/><net_sink comp="887" pin=1"/></net>

<net id="2255"><net_src comp="2247" pin="1"/><net_sink comp="965" pin=1"/></net>

<net id="2256"><net_src comp="2247" pin="1"/><net_sink comp="1202" pin=1"/></net>

<net id="2260"><net_src comp="585" pin="1"/><net_sink comp="2257" pin=0"/></net>

<net id="2261"><net_src comp="2257" pin="1"/><net_sink comp="737" pin=0"/></net>

<net id="2262"><net_src comp="2257" pin="1"/><net_sink comp="803" pin=0"/></net>

<net id="2263"><net_src comp="2257" pin="1"/><net_sink comp="821" pin=0"/></net>

<net id="2264"><net_src comp="2257" pin="1"/><net_sink comp="839" pin=0"/></net>

<net id="2265"><net_src comp="2257" pin="1"/><net_sink comp="905" pin=0"/></net>

<net id="2266"><net_src comp="2257" pin="1"/><net_sink comp="923" pin=0"/></net>

<net id="2270"><net_src comp="589" pin="1"/><net_sink comp="2267" pin=0"/></net>

<net id="2271"><net_src comp="2267" pin="1"/><net_sink comp="1057" pin=1"/></net>

<net id="2272"><net_src comp="2267" pin="1"/><net_sink comp="1074" pin=1"/></net>

<net id="2273"><net_src comp="2267" pin="1"/><net_sink comp="1368" pin=1"/></net>

<net id="2274"><net_src comp="2267" pin="1"/><net_sink comp="1372" pin=1"/></net>

<net id="2275"><net_src comp="2267" pin="1"/><net_sink comp="1508" pin=1"/></net>

<net id="2276"><net_src comp="2267" pin="1"/><net_sink comp="1644" pin=1"/></net>

<net id="2280"><net_src comp="598" pin="1"/><net_sink comp="2277" pin=0"/></net>

<net id="2281"><net_src comp="2277" pin="1"/><net_sink comp="1275" pin=0"/></net>

<net id="2282"><net_src comp="2277" pin="1"/><net_sink comp="1539" pin=0"/></net>

<net id="2283"><net_src comp="2277" pin="1"/><net_sink comp="1667" pin=4"/></net>

<net id="2284"><net_src comp="2277" pin="1"/><net_sink comp="1685" pin=4"/></net>

<net id="2285"><net_src comp="2277" pin="1"/><net_sink comp="1709" pin=4"/></net>

<net id="2286"><net_src comp="2277" pin="1"/><net_sink comp="1897" pin=1"/></net>

<net id="2290"><net_src comp="601" pin="2"/><net_sink comp="2287" pin=0"/></net>

<net id="2294"><net_src comp="607" pin="1"/><net_sink comp="2291" pin=0"/></net>

<net id="2295"><net_src comp="2291" pin="1"/><net_sink comp="371" pin=2"/></net>

<net id="2296"><net_src comp="2291" pin="1"/><net_sink comp="379" pin=2"/></net>

<net id="2300"><net_src comp="621" pin="4"/><net_sink comp="2297" pin=0"/></net>

<net id="2301"><net_src comp="2297" pin="1"/><net_sink comp="1987" pin=4"/></net>

<net id="2302"><net_src comp="2297" pin="1"/><net_sink comp="2013" pin=4"/></net>

<net id="2303"><net_src comp="2297" pin="1"/><net_sink comp="2039" pin=4"/></net>

<net id="2307"><net_src comp="631" pin="1"/><net_sink comp="2304" pin=0"/></net>

<net id="2308"><net_src comp="2304" pin="1"/><net_sink comp="435" pin=2"/></net>

<net id="2309"><net_src comp="2304" pin="1"/><net_sink comp="453" pin=2"/></net>

<net id="2310"><net_src comp="2304" pin="1"/><net_sink comp="477" pin=2"/></net>

<net id="2311"><net_src comp="2304" pin="1"/><net_sink comp="485" pin=2"/></net>

<net id="2312"><net_src comp="2304" pin="1"/><net_sink comp="493" pin=2"/></net>

<net id="2313"><net_src comp="2304" pin="1"/><net_sink comp="501" pin=2"/></net>

<net id="2317"><net_src comp="639" pin="2"/><net_sink comp="2314" pin=0"/></net>

<net id="2321"><net_src comp="241" pin="3"/><net_sink comp="2318" pin=0"/></net>

<net id="2322"><net_src comp="2318" pin="1"/><net_sink comp="248" pin=0"/></net>

<net id="2326"><net_src comp="272" pin="3"/><net_sink comp="2323" pin=0"/></net>

<net id="2327"><net_src comp="2323" pin="1"/><net_sink comp="279" pin=0"/></net>

<net id="2328"><net_src comp="2323" pin="1"/><net_sink comp="279" pin=2"/></net>

<net id="2332"><net_src comp="293" pin="3"/><net_sink comp="2329" pin=0"/></net>

<net id="2333"><net_src comp="2329" pin="1"/><net_sink comp="300" pin=0"/></net>

<net id="2334"><net_src comp="2329" pin="1"/><net_sink comp="300" pin=2"/></net>

<net id="2338"><net_src comp="324" pin="3"/><net_sink comp="2335" pin=0"/></net>

<net id="2339"><net_src comp="2335" pin="1"/><net_sink comp="331" pin=0"/></net>

<net id="2340"><net_src comp="2335" pin="1"/><net_sink comp="331" pin=2"/></net>

<net id="2344"><net_src comp="337" pin="3"/><net_sink comp="2341" pin=0"/></net>

<net id="2345"><net_src comp="2341" pin="1"/><net_sink comp="344" pin=0"/></net>

<net id="2346"><net_src comp="2341" pin="1"/><net_sink comp="344" pin=2"/></net>

<net id="2350"><net_src comp="645" pin="3"/><net_sink comp="2347" pin=0"/></net>

<net id="2351"><net_src comp="2347" pin="1"/><net_sink comp="694" pin=0"/></net>

<net id="2355"><net_src comp="657" pin="2"/><net_sink comp="2352" pin=0"/></net>

<net id="2359"><net_src comp="350" pin="3"/><net_sink comp="2356" pin=0"/></net>

<net id="2360"><net_src comp="2356" pin="1"/><net_sink comp="357" pin=0"/></net>

<net id="2364"><net_src comp="248" pin="3"/><net_sink comp="2361" pin=0"/></net>

<net id="2365"><net_src comp="2361" pin="1"/><net_sink comp="734" pin=0"/></net>

<net id="2366"><net_src comp="2361" pin="1"/><net_sink comp="956" pin=0"/></net>

<net id="2367"><net_src comp="2361" pin="1"/><net_sink comp="1298" pin=0"/></net>

<net id="2371"><net_src comp="678" pin="3"/><net_sink comp="2368" pin=0"/></net>

<net id="2372"><net_src comp="2368" pin="1"/><net_sink comp="752" pin=0"/></net>

<net id="2373"><net_src comp="2368" pin="1"/><net_sink comp="800" pin=0"/></net>

<net id="2374"><net_src comp="2368" pin="1"/><net_sink comp="1307" pin=0"/></net>

<net id="2378"><net_src comp="686" pin="3"/><net_sink comp="2375" pin=0"/></net>

<net id="2379"><net_src comp="2375" pin="1"/><net_sink comp="776" pin=0"/></net>

<net id="2380"><net_src comp="2375" pin="1"/><net_sink comp="818" pin=0"/></net>

<net id="2381"><net_src comp="2375" pin="1"/><net_sink comp="1338" pin=0"/></net>

<net id="2385"><net_src comp="279" pin="3"/><net_sink comp="2382" pin=0"/></net>

<net id="2389"><net_src comp="371" pin="3"/><net_sink comp="2386" pin=0"/></net>

<net id="2390"><net_src comp="2386" pin="1"/><net_sink comp="261" pin=0"/></net>

<net id="2394"><net_src comp="300" pin="3"/><net_sink comp="2391" pin=0"/></net>

<net id="2398"><net_src comp="379" pin="3"/><net_sink comp="2395" pin=0"/></net>

<net id="2399"><net_src comp="2395" pin="1"/><net_sink comp="313" pin=0"/></net>

<net id="2403"><net_src comp="331" pin="3"/><net_sink comp="2400" pin=0"/></net>

<net id="2404"><net_src comp="2400" pin="1"/><net_sink comp="1310" pin=0"/></net>

<net id="2408"><net_src comp="344" pin="3"/><net_sink comp="2405" pin=0"/></net>

<net id="2409"><net_src comp="2405" pin="1"/><net_sink comp="1341" pin=0"/></net>

<net id="2413"><net_src comp="694" pin="1"/><net_sink comp="2410" pin=0"/></net>

<net id="2414"><net_src comp="2410" pin="1"/><net_sink comp="461" pin=2"/></net>

<net id="2415"><net_src comp="2410" pin="1"/><net_sink comp="469" pin=2"/></net>

<net id="2419"><net_src comp="357" pin="3"/><net_sink comp="2416" pin=0"/></net>

<net id="2420"><net_src comp="2416" pin="1"/><net_sink comp="836" pin=0"/></net>

<net id="2421"><net_src comp="2416" pin="1"/><net_sink comp="1193" pin=0"/></net>

<net id="2422"><net_src comp="2416" pin="1"/><net_sink comp="1359" pin=0"/></net>

<net id="2426"><net_src comp="718" pin="3"/><net_sink comp="2423" pin=0"/></net>

<net id="2427"><net_src comp="2423" pin="1"/><net_sink comp="854" pin=0"/></net>

<net id="2428"><net_src comp="2423" pin="1"/><net_sink comp="902" pin=0"/></net>

<net id="2429"><net_src comp="2423" pin="1"/><net_sink comp="938" pin=0"/></net>

<net id="2433"><net_src comp="726" pin="3"/><net_sink comp="2430" pin=0"/></net>

<net id="2434"><net_src comp="2430" pin="1"/><net_sink comp="878" pin=0"/></net>

<net id="2435"><net_src comp="2430" pin="1"/><net_sink comp="920" pin=0"/></net>

<net id="2436"><net_src comp="2430" pin="1"/><net_sink comp="947" pin=0"/></net>

<net id="2440"><net_src comp="387" pin="3"/><net_sink comp="2437" pin=0"/></net>

<net id="2441"><net_src comp="2437" pin="1"/><net_sink comp="279" pin=0"/></net>

<net id="2442"><net_src comp="2437" pin="1"/><net_sink comp="279" pin=2"/></net>

<net id="2446"><net_src comp="403" pin="3"/><net_sink comp="2443" pin=0"/></net>

<net id="2447"><net_src comp="2443" pin="1"/><net_sink comp="300" pin=0"/></net>

<net id="2448"><net_src comp="2443" pin="1"/><net_sink comp="300" pin=2"/></net>

<net id="2452"><net_src comp="419" pin="3"/><net_sink comp="2449" pin=0"/></net>

<net id="2453"><net_src comp="2449" pin="1"/><net_sink comp="331" pin=0"/></net>

<net id="2454"><net_src comp="2449" pin="1"/><net_sink comp="331" pin=2"/></net>

<net id="2458"><net_src comp="427" pin="3"/><net_sink comp="2455" pin=0"/></net>

<net id="2459"><net_src comp="2455" pin="1"/><net_sink comp="344" pin=0"/></net>

<net id="2460"><net_src comp="2455" pin="1"/><net_sink comp="344" pin=2"/></net>

<net id="2464"><net_src comp="435" pin="3"/><net_sink comp="2461" pin=0"/></net>

<net id="2465"><net_src comp="2461" pin="1"/><net_sink comp="279" pin=2"/></net>

<net id="2469"><net_src comp="742" pin="4"/><net_sink comp="2466" pin=0"/></net>

<net id="2470"><net_src comp="2466" pin="1"/><net_sink comp="1040" pin=1"/></net>

<net id="2474"><net_src comp="766" pin="4"/><net_sink comp="2471" pin=0"/></net>

<net id="2475"><net_src comp="2471" pin="1"/><net_sink comp="1048" pin=0"/></net>

<net id="2479"><net_src comp="261" pin="3"/><net_sink comp="2476" pin=0"/></net>

<net id="2480"><net_src comp="2476" pin="1"/><net_sink comp="1045" pin=0"/></net>

<net id="2484"><net_src comp="790" pin="4"/><net_sink comp="2481" pin=0"/></net>

<net id="2485"><net_src comp="2481" pin="1"/><net_sink comp="1065" pin=0"/></net>

<net id="2489"><net_src comp="313" pin="3"/><net_sink comp="2486" pin=0"/></net>

<net id="2490"><net_src comp="2486" pin="1"/><net_sink comp="1062" pin=0"/></net>

<net id="2494"><net_src comp="808" pin="4"/><net_sink comp="2491" pin=0"/></net>

<net id="2495"><net_src comp="2491" pin="1"/><net_sink comp="1125" pin=1"/></net>

<net id="2499"><net_src comp="826" pin="4"/><net_sink comp="2496" pin=0"/></net>

<net id="2500"><net_src comp="2496" pin="1"/><net_sink comp="1188" pin=1"/></net>

<net id="2504"><net_src comp="453" pin="3"/><net_sink comp="2501" pin=0"/></net>

<net id="2505"><net_src comp="2501" pin="1"/><net_sink comp="300" pin=2"/></net>

<net id="2509"><net_src comp="844" pin="4"/><net_sink comp="2506" pin=0"/></net>

<net id="2510"><net_src comp="2506" pin="1"/><net_sink comp="1883" pin=1"/></net>

<net id="2514"><net_src comp="279" pin="3"/><net_sink comp="2511" pin=0"/></net>

<net id="2518"><net_src comp="868" pin="4"/><net_sink comp="2515" pin=0"/></net>

<net id="2519"><net_src comp="2515" pin="1"/><net_sink comp="1221" pin=0"/></net>

<net id="2523"><net_src comp="461" pin="3"/><net_sink comp="2520" pin=0"/></net>

<net id="2524"><net_src comp="2520" pin="1"/><net_sink comp="261" pin=0"/></net>

<net id="2528"><net_src comp="300" pin="3"/><net_sink comp="2525" pin=0"/></net>

<net id="2532"><net_src comp="892" pin="4"/><net_sink comp="2529" pin=0"/></net>

<net id="2533"><net_src comp="2529" pin="1"/><net_sink comp="1234" pin=0"/></net>

<net id="2537"><net_src comp="469" pin="3"/><net_sink comp="2534" pin=0"/></net>

<net id="2538"><net_src comp="2534" pin="1"/><net_sink comp="313" pin=0"/></net>

<net id="2542"><net_src comp="910" pin="4"/><net_sink comp="2539" pin=0"/></net>

<net id="2543"><net_src comp="2539" pin="1"/><net_sink comp="1422" pin=1"/></net>

<net id="2547"><net_src comp="928" pin="4"/><net_sink comp="2544" pin=0"/></net>

<net id="2548"><net_src comp="2544" pin="1"/><net_sink comp="1485" pin=1"/></net>

<net id="2552"><net_src comp="941" pin="2"/><net_sink comp="2549" pin=0"/></net>

<net id="2553"><net_src comp="2549" pin="1"/><net_sink comp="1243" pin=0"/></net>

<net id="2554"><net_src comp="2549" pin="1"/><net_sink comp="1247" pin=0"/></net>

<net id="2555"><net_src comp="2549" pin="1"/><net_sink comp="1251" pin=2"/></net>

<net id="2559"><net_src comp="950" pin="2"/><net_sink comp="2556" pin=0"/></net>

<net id="2560"><net_src comp="2556" pin="1"/><net_sink comp="1259" pin=0"/></net>

<net id="2561"><net_src comp="2556" pin="1"/><net_sink comp="1263" pin=0"/></net>

<net id="2562"><net_src comp="2556" pin="1"/><net_sink comp="1267" pin=2"/></net>

<net id="2566"><net_src comp="279" pin="7"/><net_sink comp="2563" pin=0"/></net>

<net id="2570"><net_src comp="970" pin="4"/><net_sink comp="2567" pin=0"/></net>

<net id="2571"><net_src comp="2567" pin="1"/><net_sink comp="1289" pin=0"/></net>

<net id="2575"><net_src comp="477" pin="3"/><net_sink comp="2572" pin=0"/></net>

<net id="2576"><net_src comp="2572" pin="1"/><net_sink comp="261" pin=0"/></net>

<net id="2580"><net_src comp="1040" pin="2"/><net_sink comp="2577" pin=0"/></net>

<net id="2584"><net_src comp="485" pin="3"/><net_sink comp="2581" pin=0"/></net>

<net id="2585"><net_src comp="2581" pin="1"/><net_sink comp="331" pin=0"/></net>

<net id="2586"><net_src comp="2581" pin="1"/><net_sink comp="331" pin=2"/></net>

<net id="2590"><net_src comp="1057" pin="2"/><net_sink comp="2587" pin=0"/></net>

<net id="2594"><net_src comp="1074" pin="2"/><net_sink comp="2591" pin=0"/></net>

<net id="2598"><net_src comp="1125" pin="2"/><net_sink comp="2595" pin=0"/></net>

<net id="2602"><net_src comp="1188" pin="2"/><net_sink comp="2599" pin=0"/></net>

<net id="2606"><net_src comp="300" pin="7"/><net_sink comp="2603" pin=0"/></net>

<net id="2610"><net_src comp="1207" pin="4"/><net_sink comp="2607" pin=0"/></net>

<net id="2611"><net_src comp="2607" pin="1"/><net_sink comp="1350" pin=0"/></net>

<net id="2615"><net_src comp="493" pin="3"/><net_sink comp="2612" pin=0"/></net>

<net id="2616"><net_src comp="2612" pin="1"/><net_sink comp="313" pin=0"/></net>

<net id="2620"><net_src comp="501" pin="3"/><net_sink comp="2617" pin=0"/></net>

<net id="2621"><net_src comp="2617" pin="1"/><net_sink comp="344" pin=0"/></net>

<net id="2622"><net_src comp="2617" pin="1"/><net_sink comp="344" pin=2"/></net>

<net id="2626"><net_src comp="1224" pin="2"/><net_sink comp="2623" pin=0"/></net>

<net id="2627"><net_src comp="2623" pin="1"/><net_sink comp="1368" pin=0"/></net>

<net id="2631"><net_src comp="1237" pin="2"/><net_sink comp="2628" pin=0"/></net>

<net id="2632"><net_src comp="2628" pin="1"/><net_sink comp="1372" pin=0"/></net>

<net id="2636"><net_src comp="1251" pin="3"/><net_sink comp="2633" pin=0"/></net>

<net id="2637"><net_src comp="2633" pin="1"/><net_sink comp="1490" pin=0"/></net>

<net id="2638"><net_src comp="2633" pin="1"/><net_sink comp="1494" pin=0"/></net>

<net id="2642"><net_src comp="1267" pin="3"/><net_sink comp="2639" pin=0"/></net>

<net id="2643"><net_src comp="2639" pin="1"/><net_sink comp="1499" pin=0"/></net>

<net id="2644"><net_src comp="2639" pin="1"/><net_sink comp="1503" pin=0"/></net>

<net id="2648"><net_src comp="1292" pin="2"/><net_sink comp="2645" pin=0"/></net>

<net id="2649"><net_src comp="2645" pin="1"/><net_sink comp="1508" pin=0"/></net>

<net id="2653"><net_src comp="1301" pin="2"/><net_sink comp="2650" pin=0"/></net>

<net id="2654"><net_src comp="2650" pin="1"/><net_sink comp="1518" pin=0"/></net>

<net id="2655"><net_src comp="2650" pin="1"/><net_sink comp="1522" pin=0"/></net>

<net id="2656"><net_src comp="2650" pin="1"/><net_sink comp="1526" pin=2"/></net>

<net id="2660"><net_src comp="1325" pin="3"/><net_sink comp="2657" pin=0"/></net>

<net id="2661"><net_src comp="2657" pin="1"/><net_sink comp="331" pin=4"/></net>

<net id="2662"><net_src comp="2657" pin="1"/><net_sink comp="1787" pin=0"/></net>

<net id="2666"><net_src comp="1333" pin="2"/><net_sink comp="2663" pin=0"/></net>

<net id="2670"><net_src comp="1341" pin="2"/><net_sink comp="2667" pin=0"/></net>

<net id="2671"><net_src comp="2667" pin="1"/><net_sink comp="1623" pin=0"/></net>

<net id="2672"><net_src comp="2667" pin="1"/><net_sink comp="1627" pin=0"/></net>

<net id="2673"><net_src comp="2667" pin="1"/><net_sink comp="1631" pin=2"/></net>

<net id="2677"><net_src comp="1353" pin="2"/><net_sink comp="2674" pin=0"/></net>

<net id="2678"><net_src comp="2674" pin="1"/><net_sink comp="1644" pin=0"/></net>

<net id="2682"><net_src comp="1362" pin="2"/><net_sink comp="2679" pin=0"/></net>

<net id="2683"><net_src comp="2679" pin="1"/><net_sink comp="1648" pin=0"/></net>

<net id="2684"><net_src comp="2679" pin="1"/><net_sink comp="1652" pin=0"/></net>

<net id="2685"><net_src comp="2679" pin="1"/><net_sink comp="1656" pin=2"/></net>

<net id="2689"><net_src comp="1368" pin="2"/><net_sink comp="2686" pin=0"/></net>

<net id="2693"><net_src comp="1372" pin="2"/><net_sink comp="2690" pin=0"/></net>

<net id="2697"><net_src comp="1422" pin="2"/><net_sink comp="2694" pin=0"/></net>

<net id="2701"><net_src comp="1485" pin="2"/><net_sink comp="2698" pin=0"/></net>

<net id="2705"><net_src comp="1490" pin="2"/><net_sink comp="2702" pin=0"/></net>

<net id="2709"><net_src comp="1499" pin="2"/><net_sink comp="2706" pin=0"/></net>

<net id="2713"><net_src comp="1508" pin="2"/><net_sink comp="2710" pin=0"/></net>

<net id="2717"><net_src comp="226" pin="3"/><net_sink comp="2714" pin=0"/></net>

<net id="2721"><net_src comp="226" pin="3"/><net_sink comp="2718" pin=0"/></net>

<net id="2725"><net_src comp="1526" pin="3"/><net_sink comp="2722" pin=0"/></net>

<net id="2726"><net_src comp="2722" pin="1"/><net_sink comp="1730" pin=0"/></net>

<net id="2730"><net_src comp="1534" pin="2"/><net_sink comp="2727" pin=0"/></net>

<net id="2734"><net_src comp="226" pin="3"/><net_sink comp="2731" pin=0"/></net>

<net id="2738"><net_src comp="1539" pin="1"/><net_sink comp="2735" pin=0"/></net>

<net id="2739"><net_src comp="2735" pin="1"/><net_sink comp="1738" pin=4"/></net>

<net id="2740"><net_src comp="2735" pin="1"/><net_sink comp="1764" pin=4"/></net>

<net id="2741"><net_src comp="2735" pin="1"/><net_sink comp="1795" pin=4"/></net>

<net id="2754"><net_src comp="1631" pin="3"/><net_sink comp="2751" pin=0"/></net>

<net id="2755"><net_src comp="2751" pin="1"/><net_sink comp="1818" pin=0"/></net>

<net id="2759"><net_src comp="1639" pin="2"/><net_sink comp="2756" pin=0"/></net>

<net id="2763"><net_src comp="1644" pin="2"/><net_sink comp="2760" pin=0"/></net>

<net id="2767"><net_src comp="1656" pin="3"/><net_sink comp="2764" pin=0"/></net>

<net id="2768"><net_src comp="2764" pin="1"/><net_sink comp="1888" pin=0"/></net>

<net id="2769"><net_src comp="2764" pin="1"/><net_sink comp="1892" pin=0"/></net>

<net id="2782"><net_src comp="1883" pin="2"/><net_sink comp="2779" pin=0"/></net>

<net id="2786"><net_src comp="1888" pin="2"/><net_sink comp="2783" pin=0"/></net>

<net id="2790"><net_src comp="1897" pin="4"/><net_sink comp="2787" pin=0"/></net>

<net id="2791"><net_src comp="2787" pin="1"/><net_sink comp="1909" pin=4"/></net>

<net id="2792"><net_src comp="2787" pin="1"/><net_sink comp="1935" pin=4"/></net>

<net id="2793"><net_src comp="2787" pin="1"/><net_sink comp="1961" pin=4"/></net>

<net id="2794"><net_src comp="2787" pin="1"/><net_sink comp="2065" pin=4"/></net>

<net id="2795"><net_src comp="2787" pin="1"/><net_sink comp="2091" pin=4"/></net>

<net id="2796"><net_src comp="2787" pin="1"/><net_sink comp="2117" pin=4"/></net>

<net id="2800"><net_src comp="226" pin="3"/><net_sink comp="2797" pin=0"/></net>

<net id="2804"><net_src comp="226" pin="3"/><net_sink comp="2801" pin=0"/></net>

<net id="2808"><net_src comp="226" pin="3"/><net_sink comp="2805" pin=0"/></net>

</net_list>

</model> 
---------------- Datapath Model END ------------------

* FSMD analyzer results:
  - Output states:
	Port: encoder_spikes | {6 7 8 9 }
	Port: p_ZL13encoder_frame_0 | {}
	Port: lfsr | {4 5 7 }
	Port: encoder_spike_counter | {6 7 8 9 }
	Port: p_ZL22encoder_temporal_fired_1 | {3 4 5 6 }
	Port: p_ZL22encoder_temporal_fired_0 | {3 4 5 6 }
	Port: p_ZL22encoder_temporal_start_0 | {1 2 }
	Port: p_ZL22encoder_temporal_start_1 | {1 2 }
	Port: p_ZL17encoder_phase_acc_1 | {4 5 6 7 }
	Port: p_ZL17encoder_phase_acc_0 | {4 5 6 7 }
	Port: p_ZL13encoder_frame_1 | {}
 - Input state : 
	Port: run_encoder_once_Pipeline_ENCODER_LOOP : time_r | {1 }
	Port: run_encoder_once_Pipeline_ENCODER_LOOP : config_num_channels_val | {1 }
	Port: run_encoder_once_Pipeline_ENCODER_LOOP : config_baseline_val | {1 }
	Port: run_encoder_once_Pipeline_ENCODER_LOOP : config_encoding_type_val | {1 }
	Port: run_encoder_once_Pipeline_ENCODER_LOOP : config_two_neuron_enable_val | {1 }
	Port: run_encoder_once_Pipeline_ENCODER_LOOP : zext_ln108 | {1 }
	Port: run_encoder_once_Pipeline_ENCODER_LOOP : encoder_spikes | {}
	Port: run_encoder_once_Pipeline_ENCODER_LOOP : config_default_weight_val | {1 }
	Port: run_encoder_once_Pipeline_ENCODER_LOOP : latency_window_reset_1 | {1 }
	Port: run_encoder_once_Pipeline_ENCODER_LOOP : zext_ln137_13 | {1 }
	Port: run_encoder_once_Pipeline_ENCODER_LOOP : config_delta_decay_val | {1 }
	Port: run_encoder_once_Pipeline_ENCODER_LOOP : config_delta_threshold_val | {1 }
	Port: run_encoder_once_Pipeline_ENCODER_LOOP : p_ZL13encoder_frame_0 | {1 2 }
	Port: run_encoder_once_Pipeline_ENCODER_LOOP : lfsr | {4 5 7 }
	Port: run_encoder_once_Pipeline_ENCODER_LOOP : encoder_spike_counter | {6 7 8 9 }
	Port: run_encoder_once_Pipeline_ENCODER_LOOP : p_ZL22encoder_temporal_fired_1 | {1 2 3 4 }
	Port: run_encoder_once_Pipeline_ENCODER_LOOP : p_ZL22encoder_temporal_fired_0 | {1 2 3 4 }
	Port: run_encoder_once_Pipeline_ENCODER_LOOP : p_ZL22encoder_temporal_start_0 | {2 3 4 5 }
	Port: run_encoder_once_Pipeline_ENCODER_LOOP : p_ZL22encoder_temporal_start_1 | {2 3 4 5 }
	Port: run_encoder_once_Pipeline_ENCODER_LOOP : p_ZL17encoder_phase_acc_1 | {1 2 3 4 5 }
	Port: run_encoder_once_Pipeline_ENCODER_LOOP : p_ZL17encoder_phase_acc_0 | {1 2 3 4 5 }
	Port: run_encoder_once_Pipeline_ENCODER_LOOP : p_ZL13encoder_frame_1 | {1 2 }
  - Chain level:
	State 1
		store_ln75 : 1
		ch_2 : 1
		icmp_ln192 : 2
		br_ln192 : 3
		zext_ln192 : 2
		zext_ln192_1 : 2
		lshr_ln : 2
		zext_ln192_2 : 3
		icmp_ln194 : 3
		br_ln194 : 4
		p_ZL13encoder_frame_0_addr : 4
		input : 5
		p_ZL22encoder_temporal_start_0_addr_1 : 4
		store_ln130 : 5
		p_ZL22encoder_temporal_fired_0_addr : 3
		p_ZL22encoder_temporal_fired_0_load : 4
		p_ZL22encoder_temporal_start_0_addr : 3
		store_ln130 : 4
		p_ZL22encoder_temporal_fired_1_addr : 3
		p_ZL22encoder_temporal_fired_1_load : 4
		p_ZL22encoder_temporal_start_1_addr : 3
		store_ln130 : 4
		p_ZL17encoder_phase_acc_0_addr : 3
		p_ZL17encoder_phase_acc_0_load : 4
		p_ZL17encoder_phase_acc_1_addr : 3
		p_ZL17encoder_phase_acc_1_load : 4
		or_ln : 3
		zext_ln192_4 : 4
		icmp_ln194_1 : 5
		p_ZL13encoder_frame_1_addr : 4
		value_8 : 5
		p_ZL22encoder_temporal_start_1_addr_2 : 4
		store_ln130 : 5
	State 2
		icmp_ln65 : 1
		sub_ln66 : 1
		sub_ln70 : 1
		on_val : 2
		off_val : 2
		br_ln133 : 1
		p_ZL22encoder_temporal_start_0_load : 1
		br_ln133 : 1
		p_ZL22encoder_temporal_start_1_load : 1
		icmp_ln65_1 : 1
		sub_ln66_1 : 1
		sub_ln70_1 : 1
		on_val_1 : 2
		off_val_1 : 2
		p_ZL22encoder_temporal_fired_0_addr_2 : 1
		p_ZL22encoder_temporal_fired_0_load_2 : 2
		p_ZL22encoder_temporal_start_0_addr_4 : 1
		store_ln130 : 2
		p_ZL22encoder_temporal_fired_1_addr_2 : 1
		p_ZL22encoder_temporal_fired_1_load_2 : 2
		p_ZL22encoder_temporal_start_1_addr_4 : 1
		store_ln130 : 2
		p_ZL17encoder_phase_acc_0_addr_2 : 1
		p_ZL17encoder_phase_acc_0_load_2 : 2
		p_ZL17encoder_phase_acc_1_addr_2 : 1
		p_ZL17encoder_phase_acc_1_load_2 : 2
	State 3
		p_ZL22encoder_temporal_fired_0_load_1 : 1
		store_ln129 : 1
		mul_ln108_1 : 1
		spike_prob_1 : 2
		mul_ln136 : 1
		spike_delay : 2
		mul_ln136_2 : 1
		spike_delay_2 : 2
		mul_ln108 : 1
		spike_prob : 2
		mul_ln108_2 : 1
		spike_prob_2 : 2
		p_ZL22encoder_temporal_fired_1_load_1 : 1
		store_ln129 : 1
		mul_ln108_4 : 1
		spike_prob_4 : 2
		br_ln133 : 1
		mul_ln136_3 : 1
		spike_delay_3 : 2
		p_ZL22encoder_temporal_start_0_load_2 : 1
		br_ln133 : 1
		mul_ln136_5 : 1
		spike_delay_5 : 2
		p_ZL22encoder_temporal_start_1_load_2 : 1
		mul_ln108_3 : 1
		spike_prob_3 : 2
		mul_ln108_5 : 1
		spike_prob_5 : 2
		add_ln155_3 : 1
		add_ln155_5 : 1
	State 4
		br_ln133 : 1
		mul_ln136_1 : 1
		spike_delay_1 : 2
		p_ZL22encoder_temporal_start_0_load_1 : 1
		trunc_ln41_1 : 1
		tmp_27 : 1
		tmp_28 : 1
		tmp_30 : 1
		lshr_ln42_1 : 1
		xor_ln42_8 : 2
		xor_ln42_9 : 2
		xor_ln42_1 : 2
		random_1 : 2
		store_ln42 : 3
		icmp_ln110_1 : 3
		br_ln110 : 4
		p_ZL17encoder_phase_acc_0_load_1 : 1
		add_ln137 : 1
		icmp_ln137 : 2
		br_ln137 : 3
		add_ln137_2 : 1
		icmp_ln137_2 : 2
		br_ln137 : 3
		trunc_ln41 : 1
		tmp_20 : 1
		tmp_25 : 1
		tmp_26 : 1
		lshr_ln8 : 1
		xor_ln42_7 : 2
		xor_ln42_6 : 2
		xor_ln42 : 2
		random : 2
		icmp_ln110 : 3
		br_ln110 : 4
		tmp_31 : 1
		tmp_37 : 1
		tmp_38 : 1
		tmp_10 : 1
		xor_ln42_10 : 2
		xor_ln42_11 : 2
		xor_ln42_2 : 2
		random_2 : 2
		store_ln42 : 3
		icmp_ln110_2 : 3
		br_ln110 : 4
		br_ln133 : 1
		mul_ln136_4 : 1
		spike_delay_4 : 2
		p_ZL22encoder_temporal_start_1_load_1 : 1
		p_ZL17encoder_phase_acc_1_load_1 : 1
		zext_ln137_7 : 1
		add_ln137_3 : 2
		zext_ln137_11 : 1
		add_ln137_5 : 2
		select_ln158_3 : 1
		store_ln158 : 2
		select_ln158_5 : 1
		store_ln158 : 2
		store_ln75 : 1
	State 5
		zext_ln137_3 : 1
		add_ln137_1 : 2
		add_ln155_1 : 1
		add_ln155 : 1
		icmp_ln158 : 2
		sub_ln159 : 2
		select_ln158 : 3
		icmp_ln163 : 4
		br_ln163 : 5
		add_ln155_2 : 1
		zext_ln137_9 : 1
		add_ln137_4 : 2
		add_ln155_4 : 1
		br_ln137 : 1
		br_ln137 : 1
		trunc_ln41_2 : 1
		tmp_39 : 1
		tmp_40 : 1
		tmp_46 : 1
		lshr_ln42_3 : 1
		xor_ln42_12 : 2
		xor_ln42_13 : 2
		xor_ln42_3 : 2
		random_3 : 2
		icmp_ln110_3 : 3
		br_ln110 : 4
		tmp_51 : 1
		tmp_52 : 1
		tmp_53 : 1
		tmp_22 : 1
		xor_ln42_16 : 2
		xor_ln42_17 : 2
		xor_ln42_5 : 2
		random_5 : 2
		store_ln42 : 3
		icmp_ln110_5 : 3
		br_ln110 : 4
		br_ln163 : 1
		store_ln165 : 1
		br_ln163 : 1
		store_ln165 : 1
	State 6
		br_ln137 : 1
		add_ln93_5 : 1
		store_ln93 : 2
		select_ln158_1 : 1
		store_ln158 : 2
		icmp_ln163_1 : 2
		br_ln163 : 3
		or_ln92_8 : 1
		sext_ln92_4 : 2
		write_ln92 : 3
		add_ln93_4 : 1
		store_ln93 : 2
		or_ln92_7 : 1
		sext_ln92_1 : 2
		write_ln92 : 3
		add_ln93_1 : 1
		store_ln93 : 2
		or_ln92_3 : 1
		sext_ln92 : 2
		write_ln92 : 3
		add_ln93 : 1
		store_ln93 : 2
		select_ln158_2 : 1
		store_ln158 : 2
		icmp_ln163_2 : 2
		br_ln163 : 3
		br_ln137 : 1
		select_ln158_4 : 1
		store_ln158 : 2
	State 7
		or_ln92_1 : 1
		sext_ln92_5 : 2
		write_ln92 : 3
		or_ln92_5 : 1
		sext_ln92_3 : 2
		write_ln92 : 3
		add_ln93_3 : 1
		store_ln93 : 2
		or_ln92_s : 1
		sext_ln92_2 : 2
		write_ln92 : 3
		add_ln93_2 : 1
		store_ln93 : 2
		store_ln165 : 1
		or_ln92_6 : 1
		sext_ln92_8 : 2
		write_ln92 : 3
		add_ln93_8 : 1
		store_ln93 : 2
		or_ln92_4 : 1
		sext_ln92_7 : 2
		write_ln92 : 3
		add_ln93_7 : 1
		store_ln93 : 2
		store_ln165 : 1
		or_ln92_2 : 1
		sext_ln92_6 : 2
		write_ln92 : 3
		add_ln93_6 : 1
		store_ln93 : 2
		store_ln165 : 1
		trunc_ln41_3 : 1
		tmp_47 : 1
		tmp_48 : 1
		tmp_49 : 1
		lshr_ln42_4 : 1
		xor_ln42_14 : 2
		xor_ln42_15 : 2
		xor_ln42_4 : 2
		random_4 : 2
		store_ln42 : 3
		icmp_ln110_4 : 3
		br_ln110 : 4
		br_ln163 : 1
		store_ln165 : 1
	State 8
		or_ln92_13 : 1
		sext_ln92_13 : 2
		write_ln92 : 3
		add_ln93_13 : 1
		store_ln93 : 2
		or_ln92_10 : 1
		sext_ln92_10 : 2
		write_ln92 : 3
		add_ln93_10 : 1
		store_ln93 : 2
		or_ln92_9 : 1
		sext_ln92_9 : 2
		write_ln92 : 3
		add_ln93_9 : 1
		store_ln93 : 2
	State 9
		or_ln92_14 : 1
		sext_ln92_14 : 2
		write_ln92 : 3
		add_ln93_14 : 1
		store_ln93 : 2
		or_ln92_12 : 1
		sext_ln92_12 : 2
		write_ln92 : 3
		add_ln93_12 : 1
		store_ln93 : 2
		or_ln92_11 : 1
		sext_ln92_11 : 2
		write_ln92 : 3
		add_ln93_11 : 1
		store_ln93 : 2
		or_ln92_17 : 1
		sext_ln92_17 : 2
		write_ln92 : 3
		add_ln93_17 : 1
		store_ln93 : 2
		or_ln92_16 : 1
		sext_ln92_16 : 2
		write_ln92 : 3
		add_ln93_16 : 1
		store_ln93 : 2
		or_ln92_15 : 1
		sext_ln92_15 : 2
		write_ln92 : 3
		add_ln93_15 : 1
		store_ln93 : 2


============================================================
+ Verbose Summary: Datapath Resource usage 
============================================================

* Functional unit list:
|----------|-----------------------------------------------|---------|---------|---------|
| Operation|                Functional Unit                |   DSP   |    FF   |   LUT   |
|----------|-----------------------------------------------|---------|---------|---------|
|          |               icmp_ln192_fu_601               |    0    |    0    |    13   |
|          |               icmp_ln194_fu_639               |    0    |    0    |    23   |
|          |              icmp_ln194_1_fu_657              |    0    |    0    |    23   |
|          |                icmp_ln65_fu_663               |    0    |    0    |    15   |
|          |               icmp_ln65_1_fu_703              |    0    |    0    |    15   |
|          |              icmp_ln110_1_fu_1040             |    0    |    0    |    23   |
|          |               icmp_ln137_fu_1057              |    0    |    0    |    40   |
|          |              icmp_ln137_2_fu_1074             |    0    |    0    |    40   |
|          |               icmp_ln110_fu_1125              |    0    |    0    |    23   |
|          |              icmp_ln110_2_fu_1188             |    0    |    0    |    23   |
|          |              icmp_ln158_3_fu_1243             |    0    |    0    |    23   |
|          |              icmp_ln158_5_fu_1259             |    0    |    0    |    23   |
|          |               icmp_ln158_fu_1315              |    0    |    0    |    23   |
|          |               icmp_ln163_fu_1333              |    0    |    0    |    23   |
|   icmp   |              icmp_ln137_3_fu_1368             |    0    |    0    |    40   |
|          |              icmp_ln137_5_fu_1372             |    0    |    0    |    40   |
|          |              icmp_ln110_3_fu_1422             |    0    |    0    |    23   |
|          |              icmp_ln110_5_fu_1485             |    0    |    0    |    23   |
|          |              icmp_ln163_3_fu_1490             |    0    |    0    |    23   |
|          |              icmp_ln163_5_fu_1499             |    0    |    0    |    23   |
|          |              icmp_ln137_1_fu_1508             |    0    |    0    |    40   |
|          |              icmp_ln158_1_fu_1518             |    0    |    0    |    23   |
|          |              icmp_ln163_1_fu_1534             |    0    |    0    |    23   |
|          |              icmp_ln158_2_fu_1623             |    0    |    0    |    23   |
|          |              icmp_ln163_2_fu_1639             |    0    |    0    |    23   |
|          |              icmp_ln137_4_fu_1644             |    0    |    0    |    40   |
|          |              icmp_ln158_4_fu_1648             |    0    |    0    |    23   |
|          |              icmp_ln110_4_fu_1883             |    0    |    0    |    23   |
|          |              icmp_ln163_4_fu_1888             |    0    |    0    |    23   |
|----------|-----------------------------------------------|---------|---------|---------|
|          |                   grp_fu_575                  |    0    |    0    |    39   |
|          |               add_ln155_3_fu_941              |    0    |    0    |    23   |
|          |               add_ln155_5_fu_950              |    0    |    0    |    23   |
|          |               add_ln137_fu_1051               |    0    |    0    |    39   |
|          |              add_ln137_2_fu_1068              |    0    |    0    |    39   |
|          |              add_ln137_3_fu_1224              |    0    |    0    |    39   |
|    add   |              add_ln137_5_fu_1237              |    0    |    0    |    39   |
|          |                  ch_3_fu_1275                 |    0    |    0    |    13   |
|          |              add_ln137_1_fu_1292              |    0    |    0    |    39   |
|          |              add_ln155_1_fu_1301              |    0    |    0    |    23   |
|          |               add_ln155_fu_1310               |    0    |    0    |    23   |
|          |              add_ln155_2_fu_1341              |    0    |    0    |    23   |
|          |              add_ln137_4_fu_1353              |    0    |    0    |    39   |
|          |              add_ln155_4_fu_1362              |    0    |    0    |    23   |
|----------|-----------------------------------------------|---------|---------|---------|
|          |                sub_ln66_fu_668                |    0    |    0    |    15   |
|          |                sub_ln70_fu_673                |    0    |    0    |    15   |
|          |               sub_ln66_1_fu_708               |    0    |    0    |    15   |
|          |               sub_ln70_1_fu_713               |    0    |    0    |    15   |
|          |              sub_ln159_3_fu_1247              |    0    |    0    |    23   |
|          |              sub_ln159_5_fu_1263              |    0    |    0    |    23   |
|          |               sub_ln159_fu_1320               |    0    |    0    |    23   |
|    sub   |              sub_ln165_3_fu_1494              |    0    |    0    |    23   |
|          |              sub_ln165_5_fu_1503              |    0    |    0    |    23   |
|          |              sub_ln159_1_fu_1522              |    0    |    0    |    23   |
|          |              sub_ln159_2_fu_1627              |    0    |    0    |    23   |
|          |              sub_ln159_4_fu_1652              |    0    |    0    |    23   |
|          |              sub_ln165_1_fu_1730              |    0    |    0    |    23   |
|          |               sub_ln165_fu_1787               |    0    |    0    |    23   |
|          |              sub_ln165_2_fu_1818              |    0    |    0    |    23   |
|          |              sub_ln165_4_fu_1892              |    0    |    0    |    23   |
|----------|-----------------------------------------------|---------|---------|---------|
|          |                 on_val_fu_678                 |    0    |    0    |    8    |
|          |                 off_val_fu_686                |    0    |    0    |    8    |
|          |                on_val_1_fu_718                |    0    |    0    |    8    |
|          |                off_val_1_fu_726               |    0    |    0    |    8    |
|  select  |             select_ln158_3_fu_1251            |    0    |    0    |    16   |
|          |             select_ln158_5_fu_1267            |    0    |    0    |    16   |
|          |              select_ln158_fu_1325             |    0    |    0    |    16   |
|          |             select_ln158_1_fu_1526            |    0    |    0    |    16   |
|          |             select_ln158_2_fu_1631            |    0    |    0    |    16   |
|          |             select_ln158_4_fu_1656            |    0    |    0    |    16   |
|----------|-----------------------------------------------|---------|---------|---------|
|          |               mul_ln108_1_fu_737              |    1    |    0    |    6    |
|          |                mul_ln136_fu_761               |    1    |    0    |    6    |
|          |               mul_ln136_2_fu_785              |    1    |    0    |    6    |
|          |                mul_ln108_fu_803               |    1    |    0    |    6    |
|          |               mul_ln108_2_fu_821              |    1    |    0    |    6    |
|    mul   |               mul_ln108_4_fu_839              |    1    |    0    |    6    |
|          |               mul_ln136_3_fu_863              |    1    |    0    |    6    |
|          |               mul_ln136_5_fu_887              |    1    |    0    |    6    |
|          |               mul_ln108_3_fu_905              |    1    |    0    |    6    |
|          |               mul_ln108_5_fu_923              |    1    |    0    |    6    |
|          |               mul_ln136_1_fu_965              |    1    |    0    |    6    |
|          |              mul_ln136_4_fu_1202              |    1    |    0    |    6    |
|----------|-----------------------------------------------|---------|---------|---------|
|          |                xor_ln136_fu_752               |    0    |    0    |    8    |
|          |               xor_ln136_2_fu_776              |    0    |    0    |    8    |
|          |               xor_ln136_3_fu_854              |    0    |    0    |    8    |
|          |               xor_ln136_5_fu_878              |    0    |    0    |    8    |
|          |               xor_ln136_1_fu_956              |    0    |    0    |    8    |
|          |               xor_ln42_8_fu_1008              |    0    |    0    |    2    |
|          |               xor_ln42_9_fu_1014              |    0    |    0    |    2    |
|          |               xor_ln42_1_fu_1020              |    0    |    0    |    2    |
|          |               xor_ln42_7_fu_1099              |    0    |    0    |    2    |
|          |               xor_ln42_6_fu_1105              |    0    |    0    |    2    |
|          |                xor_ln42_fu_1111               |    0    |    0    |    2    |
|    xor   |              xor_ln42_10_fu_1154              |    0    |    0    |    2    |
|          |              xor_ln42_11_fu_1160              |    0    |    0    |    2    |
|          |               xor_ln42_2_fu_1166              |    0    |    0    |    2    |
|          |              xor_ln136_4_fu_1193              |    0    |    0    |    8    |
|          |              xor_ln42_12_fu_1396              |    0    |    0    |    2    |
|          |              xor_ln42_13_fu_1402              |    0    |    0    |    2    |
|          |               xor_ln42_3_fu_1408              |    0    |    0    |    2    |
|          |              xor_ln42_16_fu_1451              |    0    |    0    |    2    |
|          |              xor_ln42_17_fu_1457              |    0    |    0    |    2    |
|          |               xor_ln42_5_fu_1463              |    0    |    0    |    2    |
|          |              xor_ln42_14_fu_1851              |    0    |    0    |    2    |
|          |              xor_ln42_15_fu_1857              |    0    |    0    |    2    |
|          |               xor_ln42_4_fu_1863              |    0    |    0    |    2    |
|----------|-----------------------------------------------|---------|---------|---------|
|          |  config_delta_threshold_val_read_read_fu_160  |    0    |    0    |    0    |
|          |    config_delta_decay_val_read_read_fu_166    |    0    |    0    |    0    |
|          |         zext_ln137_13_read_read_fu_172        |    0    |    0    |    0    |
|          |    latency_window_reset_1_read_read_fu_178    |    0    |    0    |    0    |
|          |   config_default_weight_val_read_read_fu_184  |    0    |    0    |    0    |
|   read   |          zext_ln108_read_read_fu_190          |    0    |    0    |    0    |
|          | config_two_neuron_enable_val_read_read_fu_196 |    0    |    0    |    0    |
|          |   config_encoding_type_val_read_read_fu_202   |    0    |    0    |    0    |
|          |      config_baseline_val_read_read_fu_208     |    0    |    0    |    0    |
|          |    config_num_channels_val_read_read_fu_214   |    0    |    0    |    0    |
|          |             time_read_read_fu_220             |    0    |    0    |    0    |
|----------|-----------------------------------------------|---------|---------|---------|
|nbwritereq|             grp_nbwritereq_fu_226             |    0    |    0    |    0    |
|----------|-----------------------------------------------|---------|---------|---------|
|   write  |                grp_write_fu_234               |    0    |    0    |    0    |
|----------|-----------------------------------------------|---------|---------|---------|
|  switch  |                   grp_fu_519                  |    0    |    0    |    0    |
|          |                   grp_fu_529                  |    0    |    0    |    0    |
|----------|-----------------------------------------------|---------|---------|---------|
|          |                   grp_fu_543                  |    0    |    0    |    0    |
|          |                   grp_fu_561                  |    0    |    0    |    0    |
|          |                 lshr_ln_fu_621                |    0    |    0    |    0    |
|          |              spike_prob_1_fu_742              |    0    |    0    |    0    |
|          |               spike_delay_fu_766              |    0    |    0    |    0    |
|          |              spike_delay_2_fu_790             |    0    |    0    |    0    |
|          |               spike_prob_fu_808               |    0    |    0    |    0    |
|partselect|              spike_prob_2_fu_826              |    0    |    0    |    0    |
|          |              spike_prob_4_fu_844              |    0    |    0    |    0    |
|          |              spike_delay_3_fu_868             |    0    |    0    |    0    |
|          |              spike_delay_5_fu_892             |    0    |    0    |    0    |
|          |              spike_prob_3_fu_910              |    0    |    0    |    0    |
|          |              spike_prob_5_fu_928              |    0    |    0    |    0    |
|          |              spike_delay_1_fu_970             |    0    |    0    |    0    |
|          |             spike_delay_4_fu_1207             |    0    |    0    |    0    |
|          |                 tmp_16_fu_1897                |    0    |    0    |    0    |
|----------|-----------------------------------------------|---------|---------|---------|
|          |                   grp_fu_553                  |    0    |    0    |    0    |
|          |                 tmp_27_fu_984                 |    0    |    0    |    0    |
|          |                 tmp_28_fu_992                 |    0    |    0    |    0    |
|          |                 tmp_30_fu_1000                |    0    |    0    |    0    |
|          |                 tmp_25_fu_1083                |    0    |    0    |    0    |
|          |                 tmp_26_fu_1091                |    0    |    0    |    0    |
|          |                 tmp_31_fu_1130                |    0    |    0    |    0    |
|          |                 tmp_37_fu_1138                |    0    |    0    |    0    |
| bitselect|                 tmp_38_fu_1146                |    0    |    0    |    0    |
|          |                 tmp_40_fu_1380                |    0    |    0    |    0    |
|          |                 tmp_46_fu_1388                |    0    |    0    |    0    |
|          |                 tmp_51_fu_1427                |    0    |    0    |    0    |
|          |                 tmp_52_fu_1435                |    0    |    0    |    0    |
|          |                 tmp_53_fu_1443                |    0    |    0    |    0    |
|          |                 tmp_47_fu_1827                |    0    |    0    |    0    |
|          |                 tmp_48_fu_1835                |    0    |    0    |    0    |
|          |                 tmp_49_fu_1843                |    0    |    0    |    0    |
|----------|-----------------------------------------------|---------|---------|---------|
|          |           zext_ln137_13_cast_fu_581           |    0    |    0    |    0    |
|          |             zext_ln108_cast_fu_585            |    0    |    0    |    0    |
|          |               zext_ln137_fu_589               |    0    |    0    |    0    |
|          |               zext_ln192_fu_607               |    0    |    0    |    0    |
|          |              zext_ln192_1_fu_617              |    0    |    0    |    0    |
|          |              zext_ln192_2_fu_631              |    0    |    0    |    0    |
|          |              zext_ln192_4_fu_653              |    0    |    0    |    0    |
|          |              zext_ln192_3_fu_694              |    0    |    0    |    0    |
|          |              zext_ln108_2_fu_734              |    0    |    0    |    0    |
|          |               zext_ln136_fu_757               |    0    |    0    |    0    |
|          |              zext_ln136_2_fu_781              |    0    |    0    |    0    |
|          |              zext_ln108_1_fu_800              |    0    |    0    |    0    |
|          |              zext_ln108_3_fu_818              |    0    |    0    |    0    |
|          |              zext_ln108_5_fu_836              |    0    |    0    |    0    |
|          |              zext_ln136_3_fu_859              |    0    |    0    |    0    |
|          |              zext_ln136_5_fu_883              |    0    |    0    |    0    |
|          |              zext_ln108_4_fu_902              |    0    |    0    |    0    |
|          |              zext_ln108_6_fu_920              |    0    |    0    |    0    |
|   zext   |              zext_ln154_3_fu_938              |    0    |    0    |    0    |
|          |              zext_ln154_5_fu_947              |    0    |    0    |    0    |
|          |              zext_ln136_1_fu_961              |    0    |    0    |    0    |
|          |              zext_ln137_1_fu_1045             |    0    |    0    |    0    |
|          |              zext_ln137_2_fu_1048             |    0    |    0    |    0    |
|          |              zext_ln137_5_fu_1062             |    0    |    0    |    0    |
|          |              zext_ln137_6_fu_1065             |    0    |    0    |    0    |
|          |              zext_ln136_4_fu_1198             |    0    |    0    |    0    |
|          |              zext_ln137_7_fu_1217             |    0    |    0    |    0    |
|          |              zext_ln137_8_fu_1221             |    0    |    0    |    0    |
|          |             zext_ln137_11_fu_1230             |    0    |    0    |    0    |
|          |             zext_ln137_12_fu_1234             |    0    |    0    |    0    |
|          |              zext_ln137_3_fu_1285             |    0    |    0    |    0    |
|          |              zext_ln137_4_fu_1289             |    0    |    0    |    0    |
|          |              zext_ln154_1_fu_1298             |    0    |    0    |    0    |
|          |               zext_ln154_fu_1307              |    0    |    0    |    0    |
|          |              zext_ln154_2_fu_1338             |    0    |    0    |    0    |
|          |              zext_ln137_9_fu_1346             |    0    |    0    |    0    |
|          |             zext_ln137_10_fu_1350             |    0    |    0    |    0    |
|          |              zext_ln154_4_fu_1359             |    0    |    0    |    0    |
|----------|-----------------------------------------------|---------|---------|---------|
|          |                  or_ln_fu_645                 |    0    |    0    |    0    |
|          |                random_1_fu_1026               |    0    |    0    |    0    |
|          |                 random_fu_1117                |    0    |    0    |    0    |
|          |                random_2_fu_1172               |    0    |    0    |    0    |
|          |                random_3_fu_1414               |    0    |    0    |    0    |
|          |                random_5_fu_1469               |    0    |    0    |    0    |
|          |               or_ln92_8_fu_1545               |    0    |    0    |    0    |
|          |               or_ln92_7_fu_1572               |    0    |    0    |    0    |
|          |               or_ln92_3_fu_1599               |    0    |    0    |    0    |
|          |               or_ln92_1_fu_1667               |    0    |    0    |    0    |
|          |               or_ln92_5_fu_1685               |    0    |    0    |    0    |
|          |               or_ln92_s_fu_1709               |    0    |    0    |    0    |
|bitconcatenate|               or_ln92_6_fu_1738               |    0    |    0    |    0    |
|          |               or_ln92_4_fu_1764               |    0    |    0    |    0    |
|          |               or_ln92_2_fu_1795               |    0    |    0    |    0    |
|          |                random_4_fu_1869               |    0    |    0    |    0    |
|          |               or_ln92_13_fu_1909              |    0    |    0    |    0    |
|          |               or_ln92_10_fu_1935              |    0    |    0    |    0    |
|          |               or_ln92_9_fu_1961               |    0    |    0    |    0    |
|          |               or_ln92_14_fu_1987              |    0    |    0    |    0    |
|          |               or_ln92_12_fu_2013              |    0    |    0    |    0    |
|          |               or_ln92_11_fu_2039              |    0    |    0    |    0    |
|          |               or_ln92_17_fu_2065              |    0    |    0    |    0    |
|          |               or_ln92_16_fu_2091              |    0    |    0    |    0    |
|          |               or_ln92_15_fu_2117              |    0    |    0    |    0    |
|----------|-----------------------------------------------|---------|---------|---------|
|          |              trunc_ln41_1_fu_980              |    0    |    0    |    0    |
|          |               trunc_ln41_fu_1079              |    0    |    0    |    0    |
|          |              trunc_ln41_2_fu_1376             |    0    |    0    |    0    |
|          |              trunc_ln203_fu_1539              |    0    |    0    |    0    |
|          |              trunc_ln88_4_fu_1542             |    0    |    0    |    0    |
|          |              trunc_ln88_1_fu_1569             |    0    |    0    |    0    |
|          |               trunc_ln88_fu_1596              |    0    |    0    |    0    |
|          |              trunc_ln88_5_fu_1664             |    0    |    0    |    0    |
|          |              trunc_ln88_3_fu_1682             |    0    |    0    |    0    |
|          |              trunc_ln88_2_fu_1706             |    0    |    0    |    0    |
|          |              trunc_ln88_8_fu_1735             |    0    |    0    |    0    |
|   trunc  |              trunc_ln88_7_fu_1761             |    0    |    0    |    0    |
|          |              trunc_ln88_6_fu_1792             |    0    |    0    |    0    |
|          |              trunc_ln41_3_fu_1823             |    0    |    0    |    0    |
|          |             trunc_ln88_13_fu_1906             |    0    |    0    |    0    |
|          |             trunc_ln88_10_fu_1932             |    0    |    0    |    0    |
|          |              trunc_ln88_9_fu_1958             |    0    |    0    |    0    |
|          |             trunc_ln88_14_fu_1984             |    0    |    0    |    0    |
|          |             trunc_ln88_12_fu_2010             |    0    |    0    |    0    |
|          |             trunc_ln88_11_fu_2036             |    0    |    0    |    0    |
|          |             trunc_ln88_17_fu_2062             |    0    |    0    |    0    |
|          |             trunc_ln88_16_fu_2088             |    0    |    0    |    0    |
|          |             trunc_ln88_15_fu_2114             |    0    |    0    |    0    |
|----------|-----------------------------------------------|---------|---------|---------|
|          |              sext_ln92_4_fu_1558              |    0    |    0    |    0    |
|          |              sext_ln92_1_fu_1585              |    0    |    0    |    0    |
|          |               sext_ln92_fu_1612               |    0    |    0    |    0    |
|          |              sext_ln92_5_fu_1677              |    0    |    0    |    0    |
|          |              sext_ln92_3_fu_1695              |    0    |    0    |    0    |
|          |              sext_ln92_2_fu_1719              |    0    |    0    |    0    |
|          |              sext_ln92_8_fu_1750              |    0    |    0    |    0    |
|          |              sext_ln92_7_fu_1776              |    0    |    0    |    0    |
|   sext   |              sext_ln92_6_fu_1807              |    0    |    0    |    0    |
|          |              sext_ln92_13_fu_1921             |    0    |    0    |    0    |
|          |              sext_ln92_10_fu_1947             |    0    |    0    |    0    |
|          |              sext_ln92_9_fu_1973              |    0    |    0    |    0    |
|          |              sext_ln92_14_fu_1999             |    0    |    0    |    0    |
|          |              sext_ln92_12_fu_2025             |    0    |    0    |    0    |
|          |              sext_ln92_11_fu_2051             |    0    |    0    |    0    |
|          |              sext_ln92_17_fu_2077             |    0    |    0    |    0    |
|          |              sext_ln92_16_fu_2103             |    0    |    0    |    0    |
|          |              sext_ln92_15_fu_2129             |    0    |    0    |    0    |
|----------|-----------------------------------------------|---------|---------|---------|
|   Total  |                                               |    12   |    0    |   1787  |
|----------|-----------------------------------------------|---------|---------|---------|

Memories:
N/A

* Register list:
+----------------------------------------------+--------+
|                                              |   FF   |
+----------------------------------------------+--------+
|             add_ln137_1_reg_2645             |   33   |
|             add_ln137_3_reg_2623             |   33   |
|             add_ln137_4_reg_2674             |   33   |
|             add_ln137_5_reg_2628             |   33   |
|             add_ln155_1_reg_2650             |   16   |
|             add_ln155_2_reg_2667             |   16   |
|             add_ln155_3_reg_2549             |   16   |
|             add_ln155_4_reg_2679             |   16   |
|             add_ln155_5_reg_2556             |   16   |
|                 ch_2_reg_2277                |   10   |
|                  ch_reg_2140                 |   10   |
|       config_baseline_val_read_reg_2213      |    8   |
|    config_default_weight_val_read_reg_2183   |    8   |
|     config_delta_decay_val_read_reg_2163     |   16   |
|   config_delta_threshold_val_read_reg_2147   |   16   |
|    config_encoding_type_val_read_reg_2209    |    4   |
|  config_two_neuron_enable_val_read_reg_2205  |    1   |
|             icmp_ln110_1_reg_2577            |    1   |
|             icmp_ln110_2_reg_2599            |    1   |
|             icmp_ln110_3_reg_2694            |    1   |
|             icmp_ln110_4_reg_2779            |    1   |
|             icmp_ln110_5_reg_2698            |    1   |
|              icmp_ln110_reg_2595             |    1   |
|             icmp_ln137_1_reg_2710            |    1   |
|             icmp_ln137_2_reg_2591            |    1   |
|             icmp_ln137_3_reg_2686            |    1   |
|             icmp_ln137_4_reg_2760            |    1   |
|             icmp_ln137_5_reg_2690            |    1   |
|              icmp_ln137_reg_2587             |    1   |
|             icmp_ln163_1_reg_2727            |    1   |
|             icmp_ln163_2_reg_2756            |    1   |
|             icmp_ln163_3_reg_2702            |    1   |
|             icmp_ln163_4_reg_2783            |    1   |
|             icmp_ln163_5_reg_2706            |    1   |
|              icmp_ln163_reg_2663             |    1   |
|              icmp_ln192_reg_2287             |    1   |
|             icmp_ln194_1_reg_2352            |    1   |
|              icmp_ln194_reg_2314             |    1   |
|                input_reg_2361                |    8   |
|     latency_window_reset_1_read_reg_2179     |    1   |
|               lshr_ln_reg_2297               |    9   |
|              off_val_1_reg_2430              |    8   |
|               off_val_reg_2375               |    8   |
|               on_val_1_reg_2423              |    8   |
|                on_val_reg_2368               |    8   |
|                or_ln_reg_2347                |   10   |
|      p_ZL13encoder_frame_0_addr_reg_2318     |    9   |
|      p_ZL13encoder_frame_1_addr_reg_2356     |    9   |
|   p_ZL17encoder_phase_acc_0_addr_1_reg_2581  |    9   |
|   p_ZL17encoder_phase_acc_0_addr_2_reg_2449  |    9   |
|    p_ZL17encoder_phase_acc_0_addr_reg_2335   |    9   |
|    p_ZL17encoder_phase_acc_0_load_reg_2400   |   16   |
|   p_ZL17encoder_phase_acc_1_addr_1_reg_2617  |    9   |
|   p_ZL17encoder_phase_acc_1_addr_2_reg_2455  |    9   |
|    p_ZL17encoder_phase_acc_1_addr_reg_2341   |    9   |
|    p_ZL17encoder_phase_acc_1_load_reg_2405   |   16   |
|p_ZL22encoder_temporal_fired_0_addr_1_reg_2461|    9   |
|p_ZL22encoder_temporal_fired_0_addr_2_reg_2437|    9   |
| p_ZL22encoder_temporal_fired_0_addr_reg_2323 |    9   |
|p_ZL22encoder_temporal_fired_0_load_1_reg_2563|    1   |
|p_ZL22encoder_temporal_fired_0_load_2_reg_2511|    1   |
| p_ZL22encoder_temporal_fired_0_load_reg_2382 |    1   |
|p_ZL22encoder_temporal_fired_1_addr_1_reg_2501|    9   |
|p_ZL22encoder_temporal_fired_1_addr_2_reg_2443|    9   |
| p_ZL22encoder_temporal_fired_1_addr_reg_2329 |    9   |
|p_ZL22encoder_temporal_fired_1_load_1_reg_2603|    1   |
|p_ZL22encoder_temporal_fired_1_load_2_reg_2525|    1   |
| p_ZL22encoder_temporal_fired_1_load_reg_2391 |    1   |
|p_ZL22encoder_temporal_start_0_addr_2_reg_2386|    9   |
|p_ZL22encoder_temporal_start_0_addr_3_reg_2572|    9   |
|p_ZL22encoder_temporal_start_0_addr_5_reg_2520|    9   |
| p_ZL22encoder_temporal_start_0_load_reg_2476 |   32   |
|p_ZL22encoder_temporal_start_1_addr_1_reg_2395|    9   |
|p_ZL22encoder_temporal_start_1_addr_3_reg_2612|    9   |
|p_ZL22encoder_temporal_start_1_addr_5_reg_2534|    9   |
| p_ZL22encoder_temporal_start_1_load_reg_2486 |   32   |
|            select_ln158_1_reg_2722           |   16   |
|            select_ln158_2_reg_2751           |   16   |
|            select_ln158_3_reg_2633           |   16   |
|            select_ln158_4_reg_2764           |   16   |
|            select_ln158_5_reg_2639           |   16   |
|             select_ln158_reg_2657            |   16   |
|            spike_delay_1_reg_2567            |   16   |
|            spike_delay_2_reg_2481            |   16   |
|            spike_delay_3_reg_2515            |   16   |
|            spike_delay_4_reg_2607            |   16   |
|            spike_delay_5_reg_2529            |   16   |
|             spike_delay_reg_2471             |   16   |
|             spike_prob_1_reg_2466            |   16   |
|             spike_prob_2_reg_2496            |   16   |
|             spike_prob_3_reg_2539            |   16   |
|             spike_prob_4_reg_2506            |   16   |
|             spike_prob_5_reg_2544            |   16   |
|              spike_prob_reg_2491             |   16   |
|              time_read_reg_2223              |   32   |
|                tmp_12_reg_2714               |    1   |
|                tmp_16_reg_2787               |    8   |
|                tmp_19_reg_2805               |    1   |
|                tmp_21_reg_2801               |    1   |
|                tmp_24_reg_2797               |    1   |
|                tmp_8_reg_2731                |    1   |
|                tmp_9_reg_2718                |    1   |
|             trunc_ln203_reg_2735             |    9   |
|               value_8_reg_2416               |    8   |
|           zext_ln108_cast_reg_2257           |   24   |
|          zext_ln137_13_cast_reg_2247         |   24   |
|              zext_ln137_reg_2267             |   33   |
|             zext_ln192_2_reg_2304            |   64   |
|             zext_ln192_3_reg_2410            |   64   |
|              zext_ln192_reg_2291             |   64   |
+----------------------------------------------+--------+
|                     Total                    |  1272  |
+----------------------------------------------+--------+

* Multiplexer (MUX) list: 
|-------------------|------|------|------|--------||---------||---------||---------|
|        Comp       |  Pin | Size |  BW  | S x BW ||  Delay  ||    FF   ||   LUT   |
|-------------------|------|------|------|--------||---------||---------||---------|
|  grp_write_fu_234 |  p2  |  18  |  33  |   594  ||    0    ||    87   |
| grp_access_fu_248 |  p0  |   2  |   9  |   18   ||    0    ||    9    |
| grp_access_fu_261 |  p0  |   6  |   9  |   54   ||    0    ||    31   |
| grp_access_fu_261 |  p2  |   3  |   0  |    0   ||    0    ||    14   |
| grp_access_fu_261 |  p4  |   2  |   9  |   18   ||    0    ||    9    |
| grp_access_fu_279 |  p0  |   4  |   9  |   36   ||    0    ||    20   |
| grp_access_fu_279 |  p2  |   4  |   0  |    0   ||    0    ||    20   |
| grp_access_fu_279 |  p4  |   2  |   9  |   18   |
| grp_access_fu_300 |  p0  |   4  |   9  |   36   ||    0    ||    20   |
| grp_access_fu_300 |  p2  |   4  |   0  |    0   ||    0    ||    20   |
| grp_access_fu_300 |  p4  |   2  |   9  |   18   |
| grp_access_fu_313 |  p0  |   6  |   9  |   54   ||    0    ||    31   |
| grp_access_fu_313 |  p2  |   3  |   0  |    0   ||    0    ||    14   |
| grp_access_fu_313 |  p4  |   2  |   9  |   18   ||    0    ||    9    |
| grp_access_fu_331 |  p0  |   6  |   9  |   54   ||    0    ||    31   |
| grp_access_fu_331 |  p2  |   3  |   0  |    0   ||    0    ||    14   |
| grp_access_fu_331 |  p4  |   6  |   9  |   54   ||    0    ||    31   |
| grp_access_fu_344 |  p0  |   6  |   9  |   54   ||    0    ||    31   |
| grp_access_fu_344 |  p2  |   3  |   0  |    0   ||    0    ||    14   |
| grp_access_fu_344 |  p4  |   6  |   9  |   54   ||    0    ||    31   |
| grp_access_fu_357 |  p0  |   2  |   9  |   18   ||    0    ||    9    |
|-------------------|------|------|------|--------||---------||---------||---------|
|       Total       |      |      |      |  1098  || 38.8962 ||    0    ||   445   |
|-------------------|------|------|------|--------||---------||---------||---------|



* Summary:
+-----------+--------+--------+--------+--------+
|           |   DSP  |  Delay |   FF   |   LUT  |
+-----------+--------+--------+--------+--------+
|  Function |   12   |    -   |    0   |  1787  |
|   Memory  |    -   |    -   |    -   |    -   |
|Multiplexer|    -   |   38   |    0   |   445  |
|  Register |    -   |    -   |  1272  |    -   |
+-----------+--------+--------+--------+--------+
|   Total   |   12   |   38   |  1272  |  2232  |
+-----------+--------+--------+--------+--------+
