

================================================================
== Vitis HLS Report for 'snn_top_hls'
================================================================
* Date:           Tue Feb 10 18:59:25 2026

* Version:        2025.2 (Build 6295257 on Nov 14 2025)
* Project:        hls_csim_output
* Solution:       hls (Vivado IP Flow Target)
* Product family: zynq
* Target device:  xc7z020-clg400-1


================================================================
== Performance Estimates
================================================================
+ Timing: 
    * Summary: 
    +--------+----------+----------+------------+
    |  Clock |  Target  | Estimated| Uncertainty|
    +--------+----------+----------+------------+
    |ap_clk  |  10.00 ns|  7.984 ns|     2.70 ns|
    +--------+----------+----------+------------+

+ Latency: 
    * Summary: 
    +---------+------------+----------+------------+-----+------------+---------+
    |   Latency (cycles)   |   Latency (absolute)  |     Interval     | Pipeline|
    |   min   |     max    |    min   |     max    | min |     max    |   Type  |
    +---------+------------+----------+------------+-----+------------+---------+
    |       36|  4577686899|  0.360 us|  45.777 sec|   37|  4577686900|       no|
    +---------+------------+----------+------------+-----+------------+---------+

    + Detail: 
        * Instance: 
        N/A

        * Loop: 
        +-------------+---------+------------+-----------+-----------+-----------+-----------+----------+
        |             |   Latency (cycles)   | Iteration |  Initiation Interval  |    Trip   |          |
        |  Loop Name  |   min   |     max    |  Latency  |  achieved |   target  |   Count   | Pipelined|
        +-------------+---------+------------+-----------+-----------+-----------+-----------+----------+
        |- TIME_LOOP  |        0|  4577619750|  6 ~ 69850|          -|          -|  0 ~ 65535|        no|
        +-------------+---------+------------+-----------+-----------+-----------+-----------+----------+

============================================================
+ Verbose Summary: Synthesis Manager
============================================================
InlineROM: 1
ExposeGlobal: 0
============================================================
+ Verbose Summary: CDFG Model
============================================================
IsTopModel: 1
ResetActiveHigh: 1
IsCombinational: 0
IsDatapathOnly: 0
HasWiredReturn: 1
HasMFsm: 0
HasVarLatency: 1
IsPipeline: 0
IsRtlPipelined: 0
IsInstanceOverlapped: 0
IsDontTouch: 0
HasImplIP: 0
IsGatedGlobalClock: 0


============================================================
+ Verbose Summary: Schedule
============================================================
* Number of FSM states : 35
* Pipeline : 0
* Dataflow Pipeline: 0

* FSM state transitions: 
1 --> 2 3 
2 --> 3 
3 --> 4 
4 --> 7 5 
5 --> 6 
6 --> 7 
7 --> 8 
8 --> 9 23 
9 --> 13 10 
10 --> 13 11 
11 --> 12 13 
12 --> 13 
13 --> 16 14 
14 --> 15 16 
15 --> 16 
16 --> 17 20 
17 --> 18 
18 --> 19 
19 --> 20 
20 --> 22 21 
21 --> 22 
22 --> 8 
23 --> 24 
24 --> 25 
25 --> 26 
26 --> 27 
27 --> 28 
28 --> 29 
29 --> 30 
30 --> 31 
31 --> 32 
32 --> 33 
33 --> 34 
34 --> 35 
35 --> 

* FSM state operations: 

State 1 <SV = 0> <Delay = 5.23>
ST_1 : Operation 36 [1/1] (0.00ns)   --->   "%snn_busy_read = read i1 @_ssdm_op_Read.ap_none.i1, i1 %snn_busy"   --->   Operation 36 'read' 'snn_busy_read' <Predicate = true> <Delay = 0.00>
ST_1 : Operation 37 [1/1] (0.00ns)   --->   "%snn_ready_read = read i1 @_ssdm_op_Read.ap_none.i1, i1 %snn_ready"   --->   Operation 37 'read' 'snn_ready_read' <Predicate = true> <Delay = 0.00>
ST_1 : Operation 38 [1/1] (0.00ns)   --->   "%spike_out_weight_read = read i8 @_ssdm_op_Read.ap_none.i8, i8 %spike_out_weight"   --->   Operation 38 'read' 'spike_out_weight_read' <Predicate = true> <Delay = 0.00>
ST_1 : Operation 39 [1/1] (0.00ns)   --->   "%spike_out_neuron_id_read = read i8 @_ssdm_op_Read.ap_none.i8, i8 %spike_out_neuron_id"   --->   Operation 39 'read' 'spike_out_neuron_id_read' <Predicate = true> <Delay = 0.00>
ST_1 : Operation 40 [1/1] (0.00ns)   --->   "%spike_out_valid_read = read i1 @_ssdm_op_Read.ap_none.i1, i1 %spike_out_valid"   --->   Operation 40 'read' 'spike_out_valid_read' <Predicate = true> <Delay = 0.00>
ST_1 : Operation 41 [1/1] (0.00ns)   --->   "%spike_in_ready_read = read i1 @_ssdm_op_Read.ap_none.i1, i1 %spike_in_ready"   --->   Operation 41 'read' 'spike_in_ready_read' <Predicate = true> <Delay = 0.00>
ST_1 : Operation 42 [1/1] (1.00ns)   --->   "%reward_signal_read = read i8 @_ssdm_op_Read.s_axilite.i8, i8 %reward_signal"   --->   Operation 42 'read' 'reward_signal_read' <Predicate = true> <Delay = 1.00> <CoreInst = "s_axilite">   --->   Core 112 's_axilite' <Latency = 0> <II = 1> <Delay = 1.00> <Adapter> <Opcode : 'read' 'write'>
ST_1 : Operation 43 [1/1] (1.00ns)   --->   "%encoder_config_read = read i144 @_ssdm_op_Read.s_axilite.i144, i144 %encoder_config"   --->   Operation 43 'read' 'encoder_config_read' <Predicate = true> <Delay = 1.00> <CoreInst = "s_axilite">   --->   Core 112 's_axilite' <Latency = 0> <II = 1> <Delay = 1.00> <Adapter> <Opcode : 'read' 'write'>
ST_1 : Operation 44 [1/1] (1.00ns)   --->   "%learning_params_read = read i144 @_ssdm_op_Read.s_axilite.i144, i144 %learning_params"   --->   Operation 44 'read' 'learning_params_read' <Predicate = true> <Delay = 1.00> <CoreInst = "s_axilite">   --->   Core 112 's_axilite' <Latency = 0> <II = 1> <Delay = 1.00> <Adapter> <Opcode : 'read' 'write'>
ST_1 : Operation 45 [1/1] (1.00ns)   --->   "%time_steps_reg_read = read i32 @_ssdm_op_Read.s_axilite.i32, i32 %time_steps_reg"   --->   Operation 45 'read' 'time_steps_reg_read' <Predicate = true> <Delay = 1.00> <CoreInst = "s_axilite">   --->   Core 112 's_axilite' <Latency = 0> <II = 1> <Delay = 1.00> <Adapter> <Opcode : 'read' 'write'>
ST_1 : Operation 46 [1/1] (1.00ns)   --->   "%mode_reg_read = read i32 @_ssdm_op_Read.s_axilite.i32, i32 %mode_reg"   --->   Operation 46 'read' 'mode_reg_read' <Predicate = true> <Delay = 1.00> <CoreInst = "s_axilite">   --->   Core 112 's_axilite' <Latency = 0> <II = 1> <Delay = 1.00> <Adapter> <Opcode : 'read' 'write'>
ST_1 : Operation 47 [1/1] (1.00ns)   --->   "%config_reg_read = read i32 @_ssdm_op_Read.s_axilite.i32, i32 %config_reg"   --->   Operation 47 'read' 'config_reg_read' <Predicate = true> <Delay = 1.00> <CoreInst = "s_axilite">   --->   Core 112 's_axilite' <Latency = 0> <II = 1> <Delay = 1.00> <Adapter> <Opcode : 'read' 'write'>
ST_1 : Operation 48 [1/1] (1.00ns)   --->   "%ctrl_reg_read = read i32 @_ssdm_op_Read.s_axilite.i32, i32 %ctrl_reg"   --->   Operation 48 'read' 'ctrl_reg_read' <Predicate = true> <Delay = 1.00> <CoreInst = "s_axilite">   --->   Core 112 's_axilite' <Latency = 0> <II = 1> <Delay = 1.00> <Adapter> <Opcode : 'read' 'write'>
ST_1 : Operation 49 [1/1] (0.00ns)   --->   "%weight_sum_loc = alloca i64 1"   --->   Operation 49 'alloca' 'weight_sum_loc' <Predicate = true> <Delay = 0.00>
ST_1 : Operation 50 [1/1] (0.00ns)   --->   "%spectopmodule_ln555 = spectopmodule void @_ssdm_op_SpecTopModule, void @empty_9" [src/snn_top_hls.cpp:555]   --->   Operation 50 'spectopmodule' 'spectopmodule_ln555' <Predicate = true> <Delay = 0.00>
ST_1 : Operation 51 [1/1] (0.00ns)   --->   "%specbitsmap_ln0 = specbitsmap void @_ssdm_op_SpecBitsMap, i32 %ctrl_reg"   --->   Operation 51 'specbitsmap' 'specbitsmap_ln0' <Predicate = true> <Delay = 0.00>
ST_1 : Operation 52 [1/1] (0.00ns)   --->   "%specinterface_ln0 = specinterface void @_ssdm_op_SpecInterface, i32 %ctrl_reg, void @empty_11, i32 4294967295, i32 4294967295, void @empty_3, i32 0, i32 0, void @empty_14, void @empty_5, void @empty_3, i32 0, i32 0, i32 0, i32 0, void @empty_3, void @empty_3, i32 4294967295, i32 0, i32 0, i32 0"   --->   Operation 52 'specinterface' 'specinterface_ln0' <Predicate = true> <Delay = 0.00>
ST_1 : Operation 53 [1/1] (0.00ns)   --->   "%specinterface_ln0 = specinterface void @_ssdm_op_SpecInterface, i32 %ctrl_reg, void @empty, i32 0, i32 0, void @empty_3, i32 0, i32 0, void @empty_3, void @empty_3, void @empty_3, i32 0, i32 0, i32 0, i32 0, void @empty_3, void @empty_3, i32 4294967295, i32 0, i32 0, i32 0"   --->   Operation 53 'specinterface' 'specinterface_ln0' <Predicate = true> <Delay = 0.00>
ST_1 : Operation 54 [1/1] (0.00ns)   --->   "%specbitsmap_ln0 = specbitsmap void @_ssdm_op_SpecBitsMap, i32 %config_reg"   --->   Operation 54 'specbitsmap' 'specbitsmap_ln0' <Predicate = true> <Delay = 0.00>
ST_1 : Operation 55 [1/1] (0.00ns)   --->   "%specinterface_ln0 = specinterface void @_ssdm_op_SpecInterface, i32 %config_reg, void @empty_11, i32 4294967295, i32 4294967295, void @empty_3, i32 0, i32 0, void @empty_14, void @empty_27, void @empty_3, i32 0, i32 0, i32 0, i32 0, void @empty_3, void @empty_3, i32 4294967295, i32 0, i32 0, i32 0"   --->   Operation 55 'specinterface' 'specinterface_ln0' <Predicate = true> <Delay = 0.00>
ST_1 : Operation 56 [1/1] (0.00ns)   --->   "%specinterface_ln0 = specinterface void @_ssdm_op_SpecInterface, i32 %config_reg, void @empty, i32 0, i32 0, void @empty_3, i32 0, i32 0, void @empty_3, void @empty_3, void @empty_3, i32 0, i32 0, i32 0, i32 0, void @empty_3, void @empty_3, i32 4294967295, i32 0, i32 0, i32 0"   --->   Operation 56 'specinterface' 'specinterface_ln0' <Predicate = true> <Delay = 0.00>
ST_1 : Operation 57 [1/1] (0.00ns)   --->   "%specbitsmap_ln0 = specbitsmap void @_ssdm_op_SpecBitsMap, i32 %mode_reg"   --->   Operation 57 'specbitsmap' 'specbitsmap_ln0' <Predicate = true> <Delay = 0.00>
ST_1 : Operation 58 [1/1] (0.00ns)   --->   "%specinterface_ln0 = specinterface void @_ssdm_op_SpecInterface, i32 %mode_reg, void @empty_11, i32 4294967295, i32 4294967295, void @empty_3, i32 0, i32 0, void @empty_14, void @empty_12, void @empty_3, i32 0, i32 0, i32 0, i32 0, void @empty_3, void @empty_3, i32 4294967295, i32 0, i32 0, i32 0"   --->   Operation 58 'specinterface' 'specinterface_ln0' <Predicate = true> <Delay = 0.00>
ST_1 : Operation 59 [1/1] (0.00ns)   --->   "%specinterface_ln0 = specinterface void @_ssdm_op_SpecInterface, i32 %mode_reg, void @empty, i32 0, i32 0, void @empty_3, i32 0, i32 0, void @empty_3, void @empty_3, void @empty_3, i32 0, i32 0, i32 0, i32 0, void @empty_3, void @empty_3, i32 4294967295, i32 0, i32 0, i32 0"   --->   Operation 59 'specinterface' 'specinterface_ln0' <Predicate = true> <Delay = 0.00>
ST_1 : Operation 60 [1/1] (0.00ns)   --->   "%specbitsmap_ln0 = specbitsmap void @_ssdm_op_SpecBitsMap, i32 %time_steps_reg"   --->   Operation 60 'specbitsmap' 'specbitsmap_ln0' <Predicate = true> <Delay = 0.00>
ST_1 : Operation 61 [1/1] (0.00ns)   --->   "%specinterface_ln0 = specinterface void @_ssdm_op_SpecInterface, i32 %time_steps_reg, void @empty_11, i32 4294967295, i32 4294967295, void @empty_3, i32 0, i32 0, void @empty_14, void @empty_23, void @empty_3, i32 0, i32 0, i32 0, i32 0, void @empty_3, void @empty_3, i32 4294967295, i32 0, i32 0, i32 0"   --->   Operation 61 'specinterface' 'specinterface_ln0' <Predicate = true> <Delay = 0.00>
ST_1 : Operation 62 [1/1] (0.00ns)   --->   "%specinterface_ln0 = specinterface void @_ssdm_op_SpecInterface, i32 %time_steps_reg, void @empty, i32 0, i32 0, void @empty_3, i32 0, i32 0, void @empty_3, void @empty_3, void @empty_3, i32 0, i32 0, i32 0, i32 0, void @empty_3, void @empty_3, i32 4294967295, i32 0, i32 0, i32 0"   --->   Operation 62 'specinterface' 'specinterface_ln0' <Predicate = true> <Delay = 0.00>
ST_1 : Operation 63 [1/1] (0.00ns)   --->   "%specbitsmap_ln0 = specbitsmap void @_ssdm_op_SpecBitsMap, i144 %learning_params"   --->   Operation 63 'specbitsmap' 'specbitsmap_ln0' <Predicate = true> <Delay = 0.00>
ST_1 : Operation 64 [1/1] (0.00ns)   --->   "%specinterface_ln0 = specinterface void @_ssdm_op_SpecInterface, i144 %learning_params, void @empty_11, i32 4294967295, i32 4294967295, void @empty_3, i32 0, i32 0, void @empty_14, void @empty_26, void @empty_3, i32 0, i32 0, i32 0, i32 0, void @empty_3, void @empty_3, i32 4294967295, i32 0, i32 0, i32 0"   --->   Operation 64 'specinterface' 'specinterface_ln0' <Predicate = true> <Delay = 0.00>
ST_1 : Operation 65 [1/1] (0.00ns)   --->   "%specinterface_ln0 = specinterface void @_ssdm_op_SpecInterface, i144 %learning_params, void @empty, i32 0, i32 0, void @empty_3, i32 0, i32 0, void @empty_3, void @empty_3, void @empty_3, i32 0, i32 0, i32 0, i32 0, void @empty_3, void @empty_3, i32 4294967295, i32 0, i32 0, i32 0"   --->   Operation 65 'specinterface' 'specinterface_ln0' <Predicate = true> <Delay = 0.00>
ST_1 : Operation 66 [1/1] (0.00ns)   --->   "%specbitsmap_ln0 = specbitsmap void @_ssdm_op_SpecBitsMap, i144 %encoder_config"   --->   Operation 66 'specbitsmap' 'specbitsmap_ln0' <Predicate = true> <Delay = 0.00>
ST_1 : Operation 67 [1/1] (0.00ns)   --->   "%specinterface_ln0 = specinterface void @_ssdm_op_SpecInterface, i144 %encoder_config, void @empty_11, i32 4294967295, i32 4294967295, void @empty_3, i32 0, i32 0, void @empty_14, void @empty_21, void @empty_3, i32 0, i32 0, i32 0, i32 0, void @empty_3, void @empty_3, i32 4294967295, i32 0, i32 0, i32 0"   --->   Operation 67 'specinterface' 'specinterface_ln0' <Predicate = true> <Delay = 0.00>
ST_1 : Operation 68 [1/1] (0.00ns)   --->   "%specinterface_ln0 = specinterface void @_ssdm_op_SpecInterface, i144 %encoder_config, void @empty, i32 0, i32 0, void @empty_3, i32 0, i32 0, void @empty_3, void @empty_3, void @empty_3, i32 0, i32 0, i32 0, i32 0, void @empty_3, void @empty_3, i32 4294967295, i32 0, i32 0, i32 0"   --->   Operation 68 'specinterface' 'specinterface_ln0' <Predicate = true> <Delay = 0.00>
ST_1 : Operation 69 [1/1] (0.00ns)   --->   "%specbitsmap_ln0 = specbitsmap void @_ssdm_op_SpecBitsMap, i32 %status_reg"   --->   Operation 69 'specbitsmap' 'specbitsmap_ln0' <Predicate = true> <Delay = 0.00>
ST_1 : Operation 70 [1/1] (0.00ns)   --->   "%specinterface_ln0 = specinterface void @_ssdm_op_SpecInterface, i32 %status_reg, void @empty_11, i32 4294967295, i32 4294967295, void @empty_3, i32 0, i32 0, void @empty_14, void @empty_31, void @empty_3, i32 0, i32 0, i32 0, i32 0, void @empty_3, void @empty_3, i32 4294967295, i32 0, i32 0, i32 0"   --->   Operation 70 'specinterface' 'specinterface_ln0' <Predicate = true> <Delay = 0.00>
ST_1 : Operation 71 [1/1] (0.00ns)   --->   "%specinterface_ln0 = specinterface void @_ssdm_op_SpecInterface, i32 %status_reg, void @empty, i32 0, i32 0, void @empty_3, i32 0, i32 0, void @empty_3, void @empty_3, void @empty_3, i32 0, i32 0, i32 0, i32 0, void @empty_3, void @empty_3, i32 4294967295, i32 0, i32 0, i32 0"   --->   Operation 71 'specinterface' 'specinterface_ln0' <Predicate = true> <Delay = 0.00>
ST_1 : Operation 72 [1/1] (0.00ns)   --->   "%specbitsmap_ln0 = specbitsmap void @_ssdm_op_SpecBitsMap, i32 %spike_count_reg"   --->   Operation 72 'specbitsmap' 'specbitsmap_ln0' <Predicate = true> <Delay = 0.00>
ST_1 : Operation 73 [1/1] (0.00ns)   --->   "%specinterface_ln0 = specinterface void @_ssdm_op_SpecInterface, i32 %spike_count_reg, void @empty_11, i32 4294967295, i32 4294967295, void @empty_3, i32 0, i32 0, void @empty_14, void @empty_20, void @empty_3, i32 0, i32 0, i32 0, i32 0, void @empty_3, void @empty_3, i32 4294967295, i32 0, i32 0, i32 0"   --->   Operation 73 'specinterface' 'specinterface_ln0' <Predicate = true> <Delay = 0.00>
ST_1 : Operation 74 [1/1] (0.00ns)   --->   "%specinterface_ln0 = specinterface void @_ssdm_op_SpecInterface, i32 %spike_count_reg, void @empty, i32 0, i32 0, void @empty_3, i32 0, i32 0, void @empty_3, void @empty_3, void @empty_3, i32 0, i32 0, i32 0, i32 0, void @empty_3, void @empty_3, i32 4294967295, i32 0, i32 0, i32 0"   --->   Operation 74 'specinterface' 'specinterface_ln0' <Predicate = true> <Delay = 0.00>
ST_1 : Operation 75 [1/1] (0.00ns)   --->   "%specbitsmap_ln0 = specbitsmap void @_ssdm_op_SpecBitsMap, i32 %weight_sum_reg"   --->   Operation 75 'specbitsmap' 'specbitsmap_ln0' <Predicate = true> <Delay = 0.00>
ST_1 : Operation 76 [1/1] (0.00ns)   --->   "%specinterface_ln0 = specinterface void @_ssdm_op_SpecInterface, i32 %weight_sum_reg, void @empty_11, i32 4294967295, i32 4294967295, void @empty_3, i32 0, i32 0, void @empty_14, void @empty_19, void @empty_3, i32 0, i32 0, i32 0, i32 0, void @empty_3, void @empty_3, i32 4294967295, i32 0, i32 0, i32 0"   --->   Operation 76 'specinterface' 'specinterface_ln0' <Predicate = true> <Delay = 0.00>
ST_1 : Operation 77 [1/1] (0.00ns)   --->   "%specinterface_ln0 = specinterface void @_ssdm_op_SpecInterface, i32 %weight_sum_reg, void @empty, i32 0, i32 0, void @empty_3, i32 0, i32 0, void @empty_3, void @empty_3, void @empty_3, i32 0, i32 0, i32 0, i32 0, void @empty_3, void @empty_3, i32 4294967295, i32 0, i32 0, i32 0"   --->   Operation 77 'specinterface' 'specinterface_ln0' <Predicate = true> <Delay = 0.00>
ST_1 : Operation 78 [1/1] (0.00ns)   --->   "%specbitsmap_ln0 = specbitsmap void @_ssdm_op_SpecBitsMap, i32 %version_reg"   --->   Operation 78 'specbitsmap' 'specbitsmap_ln0' <Predicate = true> <Delay = 0.00>
ST_1 : Operation 79 [1/1] (0.00ns)   --->   "%specinterface_ln0 = specinterface void @_ssdm_op_SpecInterface, i32 %version_reg, void @empty_11, i32 4294967295, i32 4294967295, void @empty_3, i32 0, i32 0, void @empty_14, void @empty_15, void @empty_3, i32 0, i32 0, i32 0, i32 0, void @empty_3, void @empty_3, i32 4294967295, i32 0, i32 0, i32 0"   --->   Operation 79 'specinterface' 'specinterface_ln0' <Predicate = true> <Delay = 0.00>
ST_1 : Operation 80 [1/1] (0.00ns)   --->   "%specinterface_ln0 = specinterface void @_ssdm_op_SpecInterface, i32 %version_reg, void @empty, i32 0, i32 0, void @empty_3, i32 0, i32 0, void @empty_3, void @empty_3, void @empty_3, i32 0, i32 0, i32 0, i32 0, void @empty_3, void @empty_3, i32 4294967295, i32 0, i32 0, i32 0"   --->   Operation 80 'specinterface' 'specinterface_ln0' <Predicate = true> <Delay = 0.00>
ST_1 : Operation 81 [1/1] (0.00ns)   --->   "%specinterface_ln0 = specinterface void @_ssdm_op_SpecInterface, i32 %s_axis_spikes_V_data_V, i4 %s_axis_spikes_V_keep_V, i4 %s_axis_spikes_V_strb_V, i1 %s_axis_spikes_V_user_V, i1 %s_axis_spikes_V_last_V, i1 %s_axis_spikes_V_id_V, i1 %s_axis_spikes_V_dest_V, void @empty_13, i32 1, i32 1, void @empty_33, i32 0, i32 0, void @empty_3, void @empty_3, void @empty_3, i32 0, i32 0, i32 0, i32 0, void @empty_3, void @empty_3, i32 4294967295, i32 0, i32 0, i32 0"   --->   Operation 81 'specinterface' 'specinterface_ln0' <Predicate = true> <Delay = 0.00>
ST_1 : Operation 82 [1/1] (0.00ns)   --->   "%specbitsmap_ln0 = specbitsmap void @_ssdm_op_SpecBitsMap, i32 %s_axis_spikes_V_data_V"   --->   Operation 82 'specbitsmap' 'specbitsmap_ln0' <Predicate = true> <Delay = 0.00>
ST_1 : Operation 83 [1/1] (0.00ns)   --->   "%specbitsmap_ln0 = specbitsmap void @_ssdm_op_SpecBitsMap, i4 %s_axis_spikes_V_keep_V"   --->   Operation 83 'specbitsmap' 'specbitsmap_ln0' <Predicate = true> <Delay = 0.00>
ST_1 : Operation 84 [1/1] (0.00ns)   --->   "%specbitsmap_ln0 = specbitsmap void @_ssdm_op_SpecBitsMap, i4 %s_axis_spikes_V_strb_V"   --->   Operation 84 'specbitsmap' 'specbitsmap_ln0' <Predicate = true> <Delay = 0.00>
ST_1 : Operation 85 [1/1] (0.00ns)   --->   "%specbitsmap_ln0 = specbitsmap void @_ssdm_op_SpecBitsMap, i1 %s_axis_spikes_V_user_V"   --->   Operation 85 'specbitsmap' 'specbitsmap_ln0' <Predicate = true> <Delay = 0.00>
ST_1 : Operation 86 [1/1] (0.00ns)   --->   "%specbitsmap_ln0 = specbitsmap void @_ssdm_op_SpecBitsMap, i1 %s_axis_spikes_V_last_V"   --->   Operation 86 'specbitsmap' 'specbitsmap_ln0' <Predicate = true> <Delay = 0.00>
ST_1 : Operation 87 [1/1] (0.00ns)   --->   "%specbitsmap_ln0 = specbitsmap void @_ssdm_op_SpecBitsMap, i1 %s_axis_spikes_V_id_V"   --->   Operation 87 'specbitsmap' 'specbitsmap_ln0' <Predicate = true> <Delay = 0.00>
ST_1 : Operation 88 [1/1] (0.00ns)   --->   "%specbitsmap_ln0 = specbitsmap void @_ssdm_op_SpecBitsMap, i1 %s_axis_spikes_V_dest_V"   --->   Operation 88 'specbitsmap' 'specbitsmap_ln0' <Predicate = true> <Delay = 0.00>
ST_1 : Operation 89 [1/1] (0.00ns)   --->   "%specinterface_ln0 = specinterface void @_ssdm_op_SpecInterface, i32 %s_axis_data_V_data_V, i4 %s_axis_data_V_keep_V, i4 %s_axis_data_V_strb_V, i1 %s_axis_data_V_user_V, i1 %s_axis_data_V_last_V, i1 %s_axis_data_V_id_V, i1 %s_axis_data_V_dest_V, void @empty_13, i32 1, i32 1, void @empty_33, i32 0, i32 0, void @empty_3, void @empty_3, void @empty_3, i32 0, i32 0, i32 0, i32 0, void @empty_3, void @empty_3, i32 4294967295, i32 0, i32 0, i32 0"   --->   Operation 89 'specinterface' 'specinterface_ln0' <Predicate = true> <Delay = 0.00>
ST_1 : Operation 90 [1/1] (0.00ns)   --->   "%specbitsmap_ln0 = specbitsmap void @_ssdm_op_SpecBitsMap, i32 %s_axis_data_V_data_V"   --->   Operation 90 'specbitsmap' 'specbitsmap_ln0' <Predicate = true> <Delay = 0.00>
ST_1 : Operation 91 [1/1] (0.00ns)   --->   "%specbitsmap_ln0 = specbitsmap void @_ssdm_op_SpecBitsMap, i4 %s_axis_data_V_keep_V"   --->   Operation 91 'specbitsmap' 'specbitsmap_ln0' <Predicate = true> <Delay = 0.00>
ST_1 : Operation 92 [1/1] (0.00ns)   --->   "%specbitsmap_ln0 = specbitsmap void @_ssdm_op_SpecBitsMap, i4 %s_axis_data_V_strb_V"   --->   Operation 92 'specbitsmap' 'specbitsmap_ln0' <Predicate = true> <Delay = 0.00>
ST_1 : Operation 93 [1/1] (0.00ns)   --->   "%specbitsmap_ln0 = specbitsmap void @_ssdm_op_SpecBitsMap, i1 %s_axis_data_V_user_V"   --->   Operation 93 'specbitsmap' 'specbitsmap_ln0' <Predicate = true> <Delay = 0.00>
ST_1 : Operation 94 [1/1] (0.00ns)   --->   "%specbitsmap_ln0 = specbitsmap void @_ssdm_op_SpecBitsMap, i1 %s_axis_data_V_last_V"   --->   Operation 94 'specbitsmap' 'specbitsmap_ln0' <Predicate = true> <Delay = 0.00>
ST_1 : Operation 95 [1/1] (0.00ns)   --->   "%specbitsmap_ln0 = specbitsmap void @_ssdm_op_SpecBitsMap, i1 %s_axis_data_V_id_V"   --->   Operation 95 'specbitsmap' 'specbitsmap_ln0' <Predicate = true> <Delay = 0.00>
ST_1 : Operation 96 [1/1] (0.00ns)   --->   "%specbitsmap_ln0 = specbitsmap void @_ssdm_op_SpecBitsMap, i1 %s_axis_data_V_dest_V"   --->   Operation 96 'specbitsmap' 'specbitsmap_ln0' <Predicate = true> <Delay = 0.00>
ST_1 : Operation 97 [1/1] (0.00ns)   --->   "%specinterface_ln0 = specinterface void @_ssdm_op_SpecInterface, i32 %s_axis_weights_V_data_V, i4 %s_axis_weights_V_keep_V, i4 %s_axis_weights_V_strb_V, i1 %s_axis_weights_V_user_V, i1 %s_axis_weights_V_last_V, i1 %s_axis_weights_V_id_V, i1 %s_axis_weights_V_dest_V, void @empty_13, i32 1, i32 1, void @empty_33, i32 0, i32 0, void @empty_3, void @empty_3, void @empty_3, i32 0, i32 0, i32 0, i32 0, void @empty_3, void @empty_3, i32 4294967295, i32 0, i32 0, i32 0"   --->   Operation 97 'specinterface' 'specinterface_ln0' <Predicate = true> <Delay = 0.00>
ST_1 : Operation 98 [1/1] (0.00ns)   --->   "%specbitsmap_ln0 = specbitsmap void @_ssdm_op_SpecBitsMap, i32 %s_axis_weights_V_data_V"   --->   Operation 98 'specbitsmap' 'specbitsmap_ln0' <Predicate = true> <Delay = 0.00>
ST_1 : Operation 99 [1/1] (0.00ns)   --->   "%specbitsmap_ln0 = specbitsmap void @_ssdm_op_SpecBitsMap, i4 %s_axis_weights_V_keep_V"   --->   Operation 99 'specbitsmap' 'specbitsmap_ln0' <Predicate = true> <Delay = 0.00>
ST_1 : Operation 100 [1/1] (0.00ns)   --->   "%specbitsmap_ln0 = specbitsmap void @_ssdm_op_SpecBitsMap, i4 %s_axis_weights_V_strb_V"   --->   Operation 100 'specbitsmap' 'specbitsmap_ln0' <Predicate = true> <Delay = 0.00>
ST_1 : Operation 101 [1/1] (0.00ns)   --->   "%specbitsmap_ln0 = specbitsmap void @_ssdm_op_SpecBitsMap, i1 %s_axis_weights_V_user_V"   --->   Operation 101 'specbitsmap' 'specbitsmap_ln0' <Predicate = true> <Delay = 0.00>
ST_1 : Operation 102 [1/1] (0.00ns)   --->   "%specbitsmap_ln0 = specbitsmap void @_ssdm_op_SpecBitsMap, i1 %s_axis_weights_V_last_V"   --->   Operation 102 'specbitsmap' 'specbitsmap_ln0' <Predicate = true> <Delay = 0.00>
ST_1 : Operation 103 [1/1] (0.00ns)   --->   "%specbitsmap_ln0 = specbitsmap void @_ssdm_op_SpecBitsMap, i1 %s_axis_weights_V_id_V"   --->   Operation 103 'specbitsmap' 'specbitsmap_ln0' <Predicate = true> <Delay = 0.00>
ST_1 : Operation 104 [1/1] (0.00ns)   --->   "%specbitsmap_ln0 = specbitsmap void @_ssdm_op_SpecBitsMap, i1 %s_axis_weights_V_dest_V"   --->   Operation 104 'specbitsmap' 'specbitsmap_ln0' <Predicate = true> <Delay = 0.00>
ST_1 : Operation 105 [1/1] (0.00ns)   --->   "%specinterface_ln0 = specinterface void @_ssdm_op_SpecInterface, i32 %m_axis_spikes_V_data_V, i4 %m_axis_spikes_V_keep_V, i4 %m_axis_spikes_V_strb_V, i1 %m_axis_spikes_V_user_V, i1 %m_axis_spikes_V_last_V, i1 %m_axis_spikes_V_id_V, i1 %m_axis_spikes_V_dest_V, void @empty_13, i32 1, i32 1, void @empty_33, i32 0, i32 0, void @empty_3, void @empty_3, void @empty_3, i32 0, i32 0, i32 0, i32 0, void @empty_3, void @empty_3, i32 4294967295, i32 0, i32 0, i32 0"   --->   Operation 105 'specinterface' 'specinterface_ln0' <Predicate = true> <Delay = 0.00>
ST_1 : Operation 106 [1/1] (0.00ns)   --->   "%specbitsmap_ln0 = specbitsmap void @_ssdm_op_SpecBitsMap, i32 %m_axis_spikes_V_data_V"   --->   Operation 106 'specbitsmap' 'specbitsmap_ln0' <Predicate = true> <Delay = 0.00>
ST_1 : Operation 107 [1/1] (0.00ns)   --->   "%specbitsmap_ln0 = specbitsmap void @_ssdm_op_SpecBitsMap, i4 %m_axis_spikes_V_keep_V"   --->   Operation 107 'specbitsmap' 'specbitsmap_ln0' <Predicate = true> <Delay = 0.00>
ST_1 : Operation 108 [1/1] (0.00ns)   --->   "%specbitsmap_ln0 = specbitsmap void @_ssdm_op_SpecBitsMap, i4 %m_axis_spikes_V_strb_V"   --->   Operation 108 'specbitsmap' 'specbitsmap_ln0' <Predicate = true> <Delay = 0.00>
ST_1 : Operation 109 [1/1] (0.00ns)   --->   "%specbitsmap_ln0 = specbitsmap void @_ssdm_op_SpecBitsMap, i1 %m_axis_spikes_V_user_V"   --->   Operation 109 'specbitsmap' 'specbitsmap_ln0' <Predicate = true> <Delay = 0.00>
ST_1 : Operation 110 [1/1] (0.00ns)   --->   "%specbitsmap_ln0 = specbitsmap void @_ssdm_op_SpecBitsMap, i1 %m_axis_spikes_V_last_V"   --->   Operation 110 'specbitsmap' 'specbitsmap_ln0' <Predicate = true> <Delay = 0.00>
ST_1 : Operation 111 [1/1] (0.00ns)   --->   "%specbitsmap_ln0 = specbitsmap void @_ssdm_op_SpecBitsMap, i1 %m_axis_spikes_V_id_V"   --->   Operation 111 'specbitsmap' 'specbitsmap_ln0' <Predicate = true> <Delay = 0.00>
ST_1 : Operation 112 [1/1] (0.00ns)   --->   "%specbitsmap_ln0 = specbitsmap void @_ssdm_op_SpecBitsMap, i1 %m_axis_spikes_V_dest_V"   --->   Operation 112 'specbitsmap' 'specbitsmap_ln0' <Predicate = true> <Delay = 0.00>
ST_1 : Operation 113 [1/1] (0.00ns)   --->   "%specinterface_ln0 = specinterface void @_ssdm_op_SpecInterface, i32 %m_axis_weights_V_data_V, i4 %m_axis_weights_V_keep_V, i4 %m_axis_weights_V_strb_V, i1 %m_axis_weights_V_user_V, i1 %m_axis_weights_V_last_V, i1 %m_axis_weights_V_id_V, i1 %m_axis_weights_V_dest_V, void @empty_13, i32 1, i32 1, void @empty_33, i32 0, i32 0, void @empty_3, void @empty_3, void @empty_3, i32 0, i32 0, i32 0, i32 0, void @empty_3, void @empty_3, i32 4294967295, i32 0, i32 0, i32 0"   --->   Operation 113 'specinterface' 'specinterface_ln0' <Predicate = true> <Delay = 0.00>
ST_1 : Operation 114 [1/1] (0.00ns)   --->   "%specbitsmap_ln0 = specbitsmap void @_ssdm_op_SpecBitsMap, i32 %m_axis_weights_V_data_V"   --->   Operation 114 'specbitsmap' 'specbitsmap_ln0' <Predicate = true> <Delay = 0.00>
ST_1 : Operation 115 [1/1] (0.00ns)   --->   "%specbitsmap_ln0 = specbitsmap void @_ssdm_op_SpecBitsMap, i4 %m_axis_weights_V_keep_V"   --->   Operation 115 'specbitsmap' 'specbitsmap_ln0' <Predicate = true> <Delay = 0.00>
ST_1 : Operation 116 [1/1] (0.00ns)   --->   "%specbitsmap_ln0 = specbitsmap void @_ssdm_op_SpecBitsMap, i4 %m_axis_weights_V_strb_V"   --->   Operation 116 'specbitsmap' 'specbitsmap_ln0' <Predicate = true> <Delay = 0.00>
ST_1 : Operation 117 [1/1] (0.00ns)   --->   "%specbitsmap_ln0 = specbitsmap void @_ssdm_op_SpecBitsMap, i1 %m_axis_weights_V_user_V"   --->   Operation 117 'specbitsmap' 'specbitsmap_ln0' <Predicate = true> <Delay = 0.00>
ST_1 : Operation 118 [1/1] (0.00ns)   --->   "%specbitsmap_ln0 = specbitsmap void @_ssdm_op_SpecBitsMap, i1 %m_axis_weights_V_last_V"   --->   Operation 118 'specbitsmap' 'specbitsmap_ln0' <Predicate = true> <Delay = 0.00>
ST_1 : Operation 119 [1/1] (0.00ns)   --->   "%specbitsmap_ln0 = specbitsmap void @_ssdm_op_SpecBitsMap, i1 %m_axis_weights_V_id_V"   --->   Operation 119 'specbitsmap' 'specbitsmap_ln0' <Predicate = true> <Delay = 0.00>
ST_1 : Operation 120 [1/1] (0.00ns)   --->   "%specbitsmap_ln0 = specbitsmap void @_ssdm_op_SpecBitsMap, i1 %m_axis_weights_V_dest_V"   --->   Operation 120 'specbitsmap' 'specbitsmap_ln0' <Predicate = true> <Delay = 0.00>
ST_1 : Operation 121 [1/1] (0.00ns)   --->   "%specbitsmap_ln0 = specbitsmap void @_ssdm_op_SpecBitsMap, i8 %reward_signal"   --->   Operation 121 'specbitsmap' 'specbitsmap_ln0' <Predicate = true> <Delay = 0.00>
ST_1 : Operation 122 [1/1] (0.00ns)   --->   "%specinterface_ln0 = specinterface void @_ssdm_op_SpecInterface, i8 %reward_signal, void @empty_11, i32 4294967295, i32 4294967295, void @empty_3, i32 0, i32 0, void @empty_14, void @empty_32, void @empty_3, i32 0, i32 0, i32 0, i32 0, void @empty_3, void @empty_3, i32 4294967295, i32 0, i32 0, i32 0"   --->   Operation 122 'specinterface' 'specinterface_ln0' <Predicate = true> <Delay = 0.00>
ST_1 : Operation 123 [1/1] (0.00ns)   --->   "%specinterface_ln0 = specinterface void @_ssdm_op_SpecInterface, i8 %reward_signal, void @empty, i32 0, i32 0, void @empty_3, i32 0, i32 0, void @empty_3, void @empty_3, void @empty_3, i32 0, i32 0, i32 0, i32 0, void @empty_3, void @empty_3, i32 4294967295, i32 0, i32 0, i32 0"   --->   Operation 123 'specinterface' 'specinterface_ln0' <Predicate = true> <Delay = 0.00>
ST_1 : Operation 124 [1/1] (0.00ns)   --->   "%specbitsmap_ln0 = specbitsmap void @_ssdm_op_SpecBitsMap, i1 %spike_in_valid"   --->   Operation 124 'specbitsmap' 'specbitsmap_ln0' <Predicate = true> <Delay = 0.00>
ST_1 : Operation 125 [1/1] (0.00ns)   --->   "%specinterface_ln0 = specinterface void @_ssdm_op_SpecInterface, i1 %spike_in_valid, void @empty_8, i32 4294967295, i32 4294967295, void @empty_3, i32 0, i32 0, void @empty_3, void @empty_3, void @empty_3, i32 0, i32 0, i32 0, i32 0, void @empty_3, void @empty_3, i32 4294967295, i32 0, i32 0, i32 0"   --->   Operation 125 'specinterface' 'specinterface_ln0' <Predicate = true> <Delay = 0.00>
ST_1 : Operation 126 [1/1] (0.00ns)   --->   "%specbitsmap_ln0 = specbitsmap void @_ssdm_op_SpecBitsMap, i8 %spike_in_neuron_id"   --->   Operation 126 'specbitsmap' 'specbitsmap_ln0' <Predicate = true> <Delay = 0.00>
ST_1 : Operation 127 [1/1] (0.00ns)   --->   "%specinterface_ln0 = specinterface void @_ssdm_op_SpecInterface, i8 %spike_in_neuron_id, void @empty_8, i32 4294967295, i32 4294967295, void @empty_3, i32 0, i32 0, void @empty_3, void @empty_3, void @empty_3, i32 0, i32 0, i32 0, i32 0, void @empty_3, void @empty_3, i32 4294967295, i32 0, i32 0, i32 0"   --->   Operation 127 'specinterface' 'specinterface_ln0' <Predicate = true> <Delay = 0.00>
ST_1 : Operation 128 [1/1] (0.00ns)   --->   "%specbitsmap_ln0 = specbitsmap void @_ssdm_op_SpecBitsMap, i8 %spike_in_weight"   --->   Operation 128 'specbitsmap' 'specbitsmap_ln0' <Predicate = true> <Delay = 0.00>
ST_1 : Operation 129 [1/1] (0.00ns)   --->   "%specinterface_ln0 = specinterface void @_ssdm_op_SpecInterface, i8 %spike_in_weight, void @empty_8, i32 4294967295, i32 4294967295, void @empty_3, i32 0, i32 0, void @empty_3, void @empty_3, void @empty_3, i32 0, i32 0, i32 0, i32 0, void @empty_3, void @empty_3, i32 4294967295, i32 0, i32 0, i32 0"   --->   Operation 129 'specinterface' 'specinterface_ln0' <Predicate = true> <Delay = 0.00>
ST_1 : Operation 130 [1/1] (0.00ns)   --->   "%specbitsmap_ln0 = specbitsmap void @_ssdm_op_SpecBitsMap, i1 %spike_in_ready"   --->   Operation 130 'specbitsmap' 'specbitsmap_ln0' <Predicate = true> <Delay = 0.00>
ST_1 : Operation 131 [1/1] (0.00ns)   --->   "%specinterface_ln0 = specinterface void @_ssdm_op_SpecInterface, i1 %spike_in_ready, void @empty_8, i32 4294967295, i32 4294967295, void @empty_3, i32 0, i32 0, void @empty_3, void @empty_3, void @empty_3, i32 0, i32 0, i32 0, i32 0, void @empty_3, void @empty_3, i32 4294967295, i32 0, i32 0, i32 0"   --->   Operation 131 'specinterface' 'specinterface_ln0' <Predicate = true> <Delay = 0.00>
ST_1 : Operation 132 [1/1] (0.00ns)   --->   "%specbitsmap_ln0 = specbitsmap void @_ssdm_op_SpecBitsMap, i1 %spike_out_valid"   --->   Operation 132 'specbitsmap' 'specbitsmap_ln0' <Predicate = true> <Delay = 0.00>
ST_1 : Operation 133 [1/1] (0.00ns)   --->   "%specinterface_ln0 = specinterface void @_ssdm_op_SpecInterface, i1 %spike_out_valid, void @empty_8, i32 4294967295, i32 4294967295, void @empty_3, i32 0, i32 0, void @empty_3, void @empty_3, void @empty_3, i32 0, i32 0, i32 0, i32 0, void @empty_3, void @empty_3, i32 4294967295, i32 0, i32 0, i32 0"   --->   Operation 133 'specinterface' 'specinterface_ln0' <Predicate = true> <Delay = 0.00>
ST_1 : Operation 134 [1/1] (0.00ns)   --->   "%specbitsmap_ln0 = specbitsmap void @_ssdm_op_SpecBitsMap, i8 %spike_out_neuron_id"   --->   Operation 134 'specbitsmap' 'specbitsmap_ln0' <Predicate = true> <Delay = 0.00>
ST_1 : Operation 135 [1/1] (0.00ns)   --->   "%specinterface_ln0 = specinterface void @_ssdm_op_SpecInterface, i8 %spike_out_neuron_id, void @empty_8, i32 4294967295, i32 4294967295, void @empty_3, i32 0, i32 0, void @empty_3, void @empty_3, void @empty_3, i32 0, i32 0, i32 0, i32 0, void @empty_3, void @empty_3, i32 4294967295, i32 0, i32 0, i32 0"   --->   Operation 135 'specinterface' 'specinterface_ln0' <Predicate = true> <Delay = 0.00>
ST_1 : Operation 136 [1/1] (0.00ns)   --->   "%specbitsmap_ln0 = specbitsmap void @_ssdm_op_SpecBitsMap, i8 %spike_out_weight"   --->   Operation 136 'specbitsmap' 'specbitsmap_ln0' <Predicate = true> <Delay = 0.00>
ST_1 : Operation 137 [1/1] (0.00ns)   --->   "%specinterface_ln0 = specinterface void @_ssdm_op_SpecInterface, i8 %spike_out_weight, void @empty_8, i32 4294967295, i32 4294967295, void @empty_3, i32 0, i32 0, void @empty_3, void @empty_3, void @empty_3, i32 0, i32 0, i32 0, i32 0, void @empty_3, void @empty_3, i32 4294967295, i32 0, i32 0, i32 0"   --->   Operation 137 'specinterface' 'specinterface_ln0' <Predicate = true> <Delay = 0.00>
ST_1 : Operation 138 [1/1] (0.00ns)   --->   "%specbitsmap_ln0 = specbitsmap void @_ssdm_op_SpecBitsMap, i1 %spike_out_ready"   --->   Operation 138 'specbitsmap' 'specbitsmap_ln0' <Predicate = true> <Delay = 0.00>
ST_1 : Operation 139 [1/1] (0.00ns)   --->   "%specinterface_ln0 = specinterface void @_ssdm_op_SpecInterface, i1 %spike_out_ready, void @empty_8, i32 4294967295, i32 4294967295, void @empty_3, i32 0, i32 0, void @empty_3, void @empty_3, void @empty_3, i32 0, i32 0, i32 0, i32 0, void @empty_3, void @empty_3, i32 4294967295, i32 0, i32 0, i32 0"   --->   Operation 139 'specinterface' 'specinterface_ln0' <Predicate = true> <Delay = 0.00>
ST_1 : Operation 140 [1/1] (0.00ns)   --->   "%specbitsmap_ln0 = specbitsmap void @_ssdm_op_SpecBitsMap, i1 %snn_enable"   --->   Operation 140 'specbitsmap' 'specbitsmap_ln0' <Predicate = true> <Delay = 0.00>
ST_1 : Operation 141 [1/1] (0.00ns)   --->   "%specinterface_ln0 = specinterface void @_ssdm_op_SpecInterface, i1 %snn_enable, void @empty_8, i32 4294967295, i32 4294967295, void @empty_3, i32 0, i32 0, void @empty_3, void @empty_3, void @empty_3, i32 0, i32 0, i32 0, i32 0, void @empty_3, void @empty_3, i32 4294967295, i32 0, i32 0, i32 0"   --->   Operation 141 'specinterface' 'specinterface_ln0' <Predicate = true> <Delay = 0.00>
ST_1 : Operation 142 [1/1] (0.00ns)   --->   "%specbitsmap_ln0 = specbitsmap void @_ssdm_op_SpecBitsMap, i1 %snn_reset"   --->   Operation 142 'specbitsmap' 'specbitsmap_ln0' <Predicate = true> <Delay = 0.00>
ST_1 : Operation 143 [1/1] (0.00ns)   --->   "%specinterface_ln0 = specinterface void @_ssdm_op_SpecInterface, i1 %snn_reset, void @empty_8, i32 4294967295, i32 4294967295, void @empty_3, i32 0, i32 0, void @empty_3, void @empty_3, void @empty_3, i32 0, i32 0, i32 0, i32 0, void @empty_3, void @empty_3, i32 4294967295, i32 0, i32 0, i32 0"   --->   Operation 143 'specinterface' 'specinterface_ln0' <Predicate = true> <Delay = 0.00>
ST_1 : Operation 144 [1/1] (0.00ns)   --->   "%specbitsmap_ln0 = specbitsmap void @_ssdm_op_SpecBitsMap, i16 %threshold_out"   --->   Operation 144 'specbitsmap' 'specbitsmap_ln0' <Predicate = true> <Delay = 0.00>
ST_1 : Operation 145 [1/1] (0.00ns)   --->   "%specinterface_ln0 = specinterface void @_ssdm_op_SpecInterface, i16 %threshold_out, void @empty_8, i32 4294967295, i32 4294967295, void @empty_3, i32 0, i32 0, void @empty_3, void @empty_3, void @empty_3, i32 0, i32 0, i32 0, i32 0, void @empty_3, void @empty_3, i32 4294967295, i32 0, i32 0, i32 0"   --->   Operation 145 'specinterface' 'specinterface_ln0' <Predicate = true> <Delay = 0.00>
ST_1 : Operation 146 [1/1] (0.00ns)   --->   "%specbitsmap_ln0 = specbitsmap void @_ssdm_op_SpecBitsMap, i16 %leak_rate_out"   --->   Operation 146 'specbitsmap' 'specbitsmap_ln0' <Predicate = true> <Delay = 0.00>
ST_1 : Operation 147 [1/1] (0.00ns)   --->   "%specinterface_ln0 = specinterface void @_ssdm_op_SpecInterface, i16 %leak_rate_out, void @empty_8, i32 4294967295, i32 4294967295, void @empty_3, i32 0, i32 0, void @empty_3, void @empty_3, void @empty_3, i32 0, i32 0, i32 0, i32 0, void @empty_3, void @empty_3, i32 4294967295, i32 0, i32 0, i32 0"   --->   Operation 147 'specinterface' 'specinterface_ln0' <Predicate = true> <Delay = 0.00>
ST_1 : Operation 148 [1/1] (0.00ns)   --->   "%specbitsmap_ln0 = specbitsmap void @_ssdm_op_SpecBitsMap, i1 %snn_ready"   --->   Operation 148 'specbitsmap' 'specbitsmap_ln0' <Predicate = true> <Delay = 0.00>
ST_1 : Operation 149 [1/1] (0.00ns)   --->   "%specinterface_ln0 = specinterface void @_ssdm_op_SpecInterface, i1 %snn_ready, void @empty_8, i32 4294967295, i32 4294967295, void @empty_3, i32 0, i32 0, void @empty_3, void @empty_3, void @empty_3, i32 0, i32 0, i32 0, i32 0, void @empty_3, void @empty_3, i32 4294967295, i32 0, i32 0, i32 0"   --->   Operation 149 'specinterface' 'specinterface_ln0' <Predicate = true> <Delay = 0.00>
ST_1 : Operation 150 [1/1] (0.00ns)   --->   "%specbitsmap_ln0 = specbitsmap void @_ssdm_op_SpecBitsMap, i1 %snn_busy"   --->   Operation 150 'specbitsmap' 'specbitsmap_ln0' <Predicate = true> <Delay = 0.00>
ST_1 : Operation 151 [1/1] (0.00ns)   --->   "%specinterface_ln0 = specinterface void @_ssdm_op_SpecInterface, i1 %snn_busy, void @empty_8, i32 4294967295, i32 4294967295, void @empty_3, i32 0, i32 0, void @empty_3, void @empty_3, void @empty_3, i32 0, i32 0, i32 0, i32 0, void @empty_3, void @empty_3, i32 4294967295, i32 0, i32 0, i32 0"   --->   Operation 151 'specinterface' 'specinterface_ln0' <Predicate = true> <Delay = 0.00>
ST_1 : Operation 152 [1/1] (0.00ns)   --->   "%specinterface_ln0 = specinterface void @_ssdm_op_SpecInterface, i32 0, void @empty_11, i32 0, i32 0, void @empty_3, i32 0, i32 0, void @empty_14, void @empty_3, void @empty_3, i32 0, i32 0, i32 0, i32 0, void @empty_3, void @empty_3, i32 0, i32 0, i32 0, i32 0"   --->   Operation 152 'specinterface' 'specinterface_ln0' <Predicate = true> <Delay = 0.00>
ST_1 : Operation 153 [1/1] (0.00ns)   --->   "%encoder_spikes = alloca i64 1" [src/snn_top_hls.cpp:808]   --->   Operation 153 'alloca' 'encoder_spikes' <Predicate = true> <Delay = 0.00> <CoreInst = "FIFO">   --->   Core 77 'FIFO' <Latency = 0> <II = 1> <Delay = 3.60> <Storage> <Opcode : 'read' 'write' 'nbread' 'nbwrite'> <Ports = 0> <Width = 41> <Depth = 32> <FIFO>
ST_1 : Operation 154 [1/1] (0.00ns)   --->   "%empty = specchannel i32 @_ssdm_op_SpecChannel, void @encoder_spikes_str, i32 1, void @p_str, void @p_str, i32 32, i32 32, i41 %encoder_spikes, i41 %encoder_spikes"   --->   Operation 154 'specchannel' 'empty' <Predicate = true> <Delay = 0.00>
ST_1 : Operation 155 [1/1] (0.00ns)   --->   "%specinterface_ln0 = specinterface void @_ssdm_op_SpecInterface, i41 %encoder_spikes, void @empty_35, i32 0, i32 0, void @empty_3, i32 0, i32 0, void @empty_3, void @empty_3, void @empty_3, i32 0, i32 0, i32 0, i32 0, void @empty_3, void @empty_3, i32 4294967295, i32 0, i32 0, i32 0"   --->   Operation 155 'specinterface' 'specinterface_ln0' <Predicate = true> <Delay = 0.00>
ST_1 : Operation 156 [1/1] (0.00ns)   --->   "%learning_params_rstdp_enable = bitselect i1 @_ssdm_op_BitSelect.i1.i144.i144, i144 %learning_params_read, i144 96"   --->   Operation 156 'bitselect' 'learning_params_rstdp_enable' <Predicate = true> <Delay = 0.00>
ST_1 : Operation 157 [1/1] (0.00ns)   --->   "%encoder_config_encoding_type = trunc i144 %encoder_config_read"   --->   Operation 157 'trunc' 'encoder_config_encoding_type' <Predicate = true> <Delay = 0.00>
ST_1 : Operation 158 [1/1] (0.00ns)   --->   "%encoder_config_two_neuron_enable = bitselect i1 @_ssdm_op_BitSelect.i1.i144.i144, i144 %encoder_config_read, i144 8"   --->   Operation 158 'bitselect' 'encoder_config_two_neuron_enable' <Predicate = true> <Delay = 0.00>
ST_1 : Operation 159 [1/1] (0.00ns)   --->   "%encoder_config_baseline = partselect i8 @_ssdm_op_PartSelect.i8.i144.i144, i144 %encoder_config_read, i144 16"   --->   Operation 159 'partselect' 'encoder_config_baseline' <Predicate = true> <Delay = 0.00>
ST_1 : Operation 160 [1/1] (0.00ns)   --->   "%encoder_config_rate_scale = partselect i16 @_ssdm_op_PartSelect.i16.i144.i144, i144 %encoder_config_read, i144 48"   --->   Operation 160 'partselect' 'encoder_config_rate_scale' <Predicate = true> <Delay = 0.00>
ST_1 : Operation 161 [1/1] (0.00ns)   --->   "%encoder_config_latency_window = partselect i16 @_ssdm_op_PartSelect.i16.i144.i144, i144 %encoder_config_read, i144 64"   --->   Operation 161 'partselect' 'encoder_config_latency_window' <Predicate = true> <Delay = 0.00>
ST_1 : Operation 162 [1/1] (0.00ns)   --->   "%encoder_config_delta_threshold = partselect i16 @_ssdm_op_PartSelect.i16.i144.i144, i144 %encoder_config_read, i144 80"   --->   Operation 162 'partselect' 'encoder_config_delta_threshold' <Predicate = true> <Delay = 0.00>
ST_1 : Operation 163 [1/1] (0.00ns)   --->   "%encoder_config_delta_decay = partselect i16 @_ssdm_op_PartSelect.i16.i144.i144, i144 %encoder_config_read, i144 96"   --->   Operation 163 'partselect' 'encoder_config_delta_decay' <Predicate = true> <Delay = 0.00>
ST_1 : Operation 164 [1/1] (0.00ns)   --->   "%encoder_config_num_channels = partselect i16 @_ssdm_op_PartSelect.i16.i144.i144, i144 %encoder_config_read, i144 112"   --->   Operation 164 'partselect' 'encoder_config_num_channels' <Predicate = true> <Delay = 0.00>
ST_1 : Operation 165 [1/1] (0.00ns)   --->   "%encoder_config_default_weight = partselect i8 @_ssdm_op_PartSelect.i8.i144.i144, i144 %encoder_config_read, i144 128"   --->   Operation 165 'partselect' 'encoder_config_default_weight' <Predicate = true> <Delay = 0.00>
ST_1 : Operation 166 [1/1] (0.00ns)   --->   "%specmemcore_ln653 = specmemcore void @_ssdm_op_SpecMemCore, i8 %p_ZL13weight_memory_1, i64 666, i64 22, i64 18446744073709551615, i1 0" [src/snn_top_hls.cpp:653]   --->   Operation 166 'specmemcore' 'specmemcore_ln653' <Predicate = true> <Delay = 0.00>
ST_1 : Operation 167 [1/1] (0.00ns)   --->   "%specmemcore_ln653 = specmemcore void @_ssdm_op_SpecMemCore, i8 %p_ZL13weight_memory_0, i64 666, i64 22, i64 18446744073709551615, i1 0" [src/snn_top_hls.cpp:653]   --->   Operation 167 'specmemcore' 'specmemcore_ln653' <Predicate = true> <Delay = 0.00>
ST_1 : Operation 168 [1/1] (0.00ns)   --->   "%specmemcore_ln657 = specmemcore void @_ssdm_op_SpecMemCore, i8 %p_ZL15pre_eligibility_1, i64 666, i64 22, i64 18446744073709551615, i1 0" [src/snn_top_hls.cpp:657]   --->   Operation 168 'specmemcore' 'specmemcore_ln657' <Predicate = true> <Delay = 0.00>
ST_1 : Operation 169 [1/1] (0.00ns)   --->   "%specmemcore_ln657 = specmemcore void @_ssdm_op_SpecMemCore, i8 %p_ZL15pre_eligibility_0, i64 666, i64 22, i64 18446744073709551615, i1 0" [src/snn_top_hls.cpp:657]   --->   Operation 169 'specmemcore' 'specmemcore_ln657' <Predicate = true> <Delay = 0.00>
ST_1 : Operation 170 [1/1] (0.00ns)   --->   "%specmemcore_ln659 = specmemcore void @_ssdm_op_SpecMemCore, i8 %p_ZL16post_eligibility_1, i64 666, i64 22, i64 18446744073709551615, i1 0" [src/snn_top_hls.cpp:659]   --->   Operation 170 'specmemcore' 'specmemcore_ln659' <Predicate = true> <Delay = 0.00>
ST_1 : Operation 171 [1/1] (0.00ns)   --->   "%specmemcore_ln659 = specmemcore void @_ssdm_op_SpecMemCore, i8 %p_ZL16post_eligibility_0, i64 666, i64 22, i64 18446744073709551615, i1 0" [src/snn_top_hls.cpp:659]   --->   Operation 171 'specmemcore' 'specmemcore_ln659' <Predicate = true> <Delay = 0.00>
ST_1 : Operation 172 [1/1] (0.00ns)   --->   "%specmemcore_ln663 = specmemcore void @_ssdm_op_SpecMemCore, i8 %pre_traces_trace_1, i64 666, i64 22, i64 18446744073709551615, i1 0" [src/snn_top_hls.cpp:663]   --->   Operation 172 'specmemcore' 'specmemcore_ln663' <Predicate = true> <Delay = 0.00>
ST_1 : Operation 173 [1/1] (0.00ns)   --->   "%specmemcore_ln663 = specmemcore void @_ssdm_op_SpecMemCore, i8 %pre_traces_trace_0, i64 666, i64 22, i64 18446744073709551615, i1 0" [src/snn_top_hls.cpp:663]   --->   Operation 173 'specmemcore' 'specmemcore_ln663' <Predicate = true> <Delay = 0.00>
ST_1 : Operation 174 [1/1] (0.00ns)   --->   "%specmemcore_ln663 = specmemcore void @_ssdm_op_SpecMemCore, i16 %pre_traces_last_spike_time_1, i64 666, i64 22, i64 18446744073709551615, i1 0" [src/snn_top_hls.cpp:663]   --->   Operation 174 'specmemcore' 'specmemcore_ln663' <Predicate = true> <Delay = 0.00>
ST_1 : Operation 175 [1/1] (0.00ns)   --->   "%specmemcore_ln663 = specmemcore void @_ssdm_op_SpecMemCore, i16 %pre_traces_last_spike_time_0, i64 666, i64 22, i64 18446744073709551615, i1 0" [src/snn_top_hls.cpp:663]   --->   Operation 175 'specmemcore' 'specmemcore_ln663' <Predicate = true> <Delay = 0.00>
ST_1 : Operation 176 [1/1] (0.00ns)   --->   "%specmemcore_ln665 = specmemcore void @_ssdm_op_SpecMemCore, i8 %post_traces_trace_1, i64 666, i64 22, i64 18446744073709551615, i1 0" [src/snn_top_hls.cpp:665]   --->   Operation 176 'specmemcore' 'specmemcore_ln665' <Predicate = true> <Delay = 0.00>
ST_1 : Operation 177 [1/1] (0.00ns)   --->   "%specmemcore_ln665 = specmemcore void @_ssdm_op_SpecMemCore, i8 %post_traces_trace_0, i64 666, i64 22, i64 18446744073709551615, i1 0" [src/snn_top_hls.cpp:665]   --->   Operation 177 'specmemcore' 'specmemcore_ln665' <Predicate = true> <Delay = 0.00>
ST_1 : Operation 178 [1/1] (0.00ns)   --->   "%specmemcore_ln665 = specmemcore void @_ssdm_op_SpecMemCore, i16 %post_traces_last_spike_time_1, i64 666, i64 22, i64 18446744073709551615, i1 0" [src/snn_top_hls.cpp:665]   --->   Operation 178 'specmemcore' 'specmemcore_ln665' <Predicate = true> <Delay = 0.00>
ST_1 : Operation 179 [1/1] (0.00ns)   --->   "%specmemcore_ln665 = specmemcore void @_ssdm_op_SpecMemCore, i16 %post_traces_last_spike_time_0, i64 666, i64 22, i64 18446744073709551615, i1 0" [src/snn_top_hls.cpp:665]   --->   Operation 179 'specmemcore' 'specmemcore_ln665' <Predicate = true> <Delay = 0.00>
ST_1 : Operation 180 [1/1] (0.00ns)   --->   "%specmemcore_ln669 = specmemcore void @_ssdm_op_SpecMemCore, i16 %p_ZL17encoder_phase_acc_1, i64 666, i64 22, i64 18446744073709551615, i1 0" [src/snn_top_hls.cpp:669]   --->   Operation 180 'specmemcore' 'specmemcore_ln669' <Predicate = true> <Delay = 0.00>
ST_1 : Operation 181 [1/1] (0.00ns)   --->   "%specmemcore_ln669 = specmemcore void @_ssdm_op_SpecMemCore, i16 %p_ZL17encoder_phase_acc_0, i64 666, i64 22, i64 18446744073709551615, i1 0" [src/snn_top_hls.cpp:669]   --->   Operation 181 'specmemcore' 'specmemcore_ln669' <Predicate = true> <Delay = 0.00>
ST_1 : Operation 182 [1/1] (0.00ns)   --->   "%specmemcore_ln671 = specmemcore void @_ssdm_op_SpecMemCore, i1 %p_ZL22encoder_temporal_fired_1, i64 666, i64 22, i64 18446744073709551615, i1 0" [src/snn_top_hls.cpp:671]   --->   Operation 182 'specmemcore' 'specmemcore_ln671' <Predicate = true> <Delay = 0.00>
ST_1 : Operation 183 [1/1] (0.00ns)   --->   "%specmemcore_ln671 = specmemcore void @_ssdm_op_SpecMemCore, i1 %p_ZL22encoder_temporal_fired_0, i64 666, i64 22, i64 18446744073709551615, i1 0" [src/snn_top_hls.cpp:671]   --->   Operation 183 'specmemcore' 'specmemcore_ln671' <Predicate = true> <Delay = 0.00>
ST_1 : Operation 184 [1/1] (0.00ns)   --->   "%specmemcore_ln673 = specmemcore void @_ssdm_op_SpecMemCore, i32 %p_ZL22encoder_temporal_start_1, i64 666, i64 22, i64 18446744073709551615, i1 0" [src/snn_top_hls.cpp:673]   --->   Operation 184 'specmemcore' 'specmemcore_ln673' <Predicate = true> <Delay = 0.00>
ST_1 : Operation 185 [1/1] (0.00ns)   --->   "%specmemcore_ln673 = specmemcore void @_ssdm_op_SpecMemCore, i32 %p_ZL22encoder_temporal_start_0, i64 666, i64 22, i64 18446744073709551615, i1 0" [src/snn_top_hls.cpp:673]   --->   Operation 185 'specmemcore' 'specmemcore_ln673' <Predicate = true> <Delay = 0.00>
ST_1 : Operation 186 [1/1] (0.00ns)   --->   "%enable = trunc i32 %ctrl_reg_read" [src/snn_top_hls.cpp:691]   --->   Operation 186 'trunc' 'enable' <Predicate = true> <Delay = 0.00>
ST_1 : Operation 187 [1/1] (0.00ns)   --->   "%reset = bitselect i1 @_ssdm_op_BitSelect.i1.i32.i32, i32 %ctrl_reg_read, i32 1" [src/snn_top_hls.cpp:692]   --->   Operation 187 'bitselect' 'reset' <Predicate = true> <Delay = 0.00>
ST_1 : Operation 188 [1/1] (0.00ns)   --->   "%clear_counters = bitselect i1 @_ssdm_op_BitSelect.i1.i32.i32, i32 %ctrl_reg_read, i32 2" [src/snn_top_hls.cpp:693]   --->   Operation 188 'bitselect' 'clear_counters' <Predicate = true> <Delay = 0.00>
ST_1 : Operation 189 [1/1] (0.00ns)   --->   "%learning_enable = bitselect i1 @_ssdm_op_BitSelect.i1.i32.i32, i32 %ctrl_reg_read, i32 3" [src/snn_top_hls.cpp:694]   --->   Operation 189 'bitselect' 'learning_enable' <Predicate = true> <Delay = 0.00>
ST_1 : Operation 190 [1/1] (0.00ns)   --->   "%weight_read_mode = bitselect i1 @_ssdm_op_BitSelect.i1.i32.i32, i32 %ctrl_reg_read, i32 4" [src/snn_top_hls.cpp:695]   --->   Operation 190 'bitselect' 'weight_read_mode' <Predicate = true> <Delay = 0.00>
ST_1 : Operation 191 [1/1] (0.00ns)   --->   "%apply_reward = bitselect i1 @_ssdm_op_BitSelect.i1.i32.i32, i32 %ctrl_reg_read, i32 5" [src/snn_top_hls.cpp:696]   --->   Operation 191 'bitselect' 'apply_reward' <Predicate = true> <Delay = 0.00>
ST_1 : Operation 192 [1/1] (0.00ns)   --->   "%weight_load_mode = bitselect i1 @_ssdm_op_BitSelect.i1.i32.i32, i32 %ctrl_reg_read, i32 6" [src/snn_top_hls.cpp:697]   --->   Operation 192 'bitselect' 'weight_load_mode' <Predicate = true> <Delay = 0.00>
ST_1 : Operation 193 [1/1] (0.00ns)   --->   "%op_mode = trunc i32 %mode_reg_read" [src/snn_top_hls.cpp:698]   --->   Operation 193 'trunc' 'op_mode' <Predicate = true> <Delay = 0.00>
ST_1 : Operation 194 [1/1] (0.00ns)   --->   "%encoder_enable = bitselect i1 @_ssdm_op_BitSelect.i1.i32.i32, i32 %mode_reg_read, i32 8" [src/snn_top_hls.cpp:699]   --->   Operation 194 'bitselect' 'encoder_enable' <Predicate = true> <Delay = 0.00>
ST_1 : Operation 195 [1/1] (1.56ns)   --->   "%checkpoint_mode = icmp_eq  i2 %op_mode, i2 2" [src/snn_top_hls.cpp:700]   --->   Operation 195 'icmp' 'checkpoint_mode' <Predicate = true> <Delay = 1.56> <CoreInst = "Cmp">   --->   Core 9 'Cmp' <Latency = 0> <II = 1> <Delay = 1.56> <FuncUnit> <Opcode : 'seteq' 'setne' 'setle' 'setge' 'setlt' 'setgt'> <InPorts = 2> <OutPorts = 1>
ST_1 : Operation 196 [1/1] (1.56ns)   --->   "%stdp_mode = icmp_eq  i2 %op_mode, i2 1" [src/snn_top_hls.cpp:701]   --->   Operation 196 'icmp' 'stdp_mode' <Predicate = true> <Delay = 1.56> <CoreInst = "Cmp">   --->   Core 9 'Cmp' <Latency = 0> <II = 1> <Delay = 1.56> <FuncUnit> <Opcode : 'seteq' 'setne' 'setle' 'setge' 'setlt' 'setgt'> <InPorts = 2> <OutPorts = 1>
ST_1 : Operation 197 [1/1] (0.97ns)   --->   "%stdp_active = and i1 %learning_enable, i1 %stdp_mode" [src/snn_top_hls.cpp:702]   --->   Operation 197 'and' 'stdp_active' <Predicate = true> <Delay = 0.97> <CoreInst = "LogicGate">   --->   Core 74 'LogicGate' <Latency = 0> <II = 1> <Delay = 0.97> <FuncUnit> <Opcode : 'and' 'or' 'xor'> <InPorts = 2> <OutPorts = 1>
ST_1 : Operation 198 [1/1] (2.55ns)   --->   "%icmp_ln703 = icmp_eq  i32 %time_steps_reg_read, i32 0" [src/snn_top_hls.cpp:703]   --->   Operation 198 'icmp' 'icmp_ln703' <Predicate = true> <Delay = 2.55> <CoreInst = "Cmp">   --->   Core 9 'Cmp' <Latency = 0> <II = 1> <Delay = 2.55> <FuncUnit> <Opcode : 'seteq' 'setne' 'setle' 'setge' 'setlt' 'setgt'> <InPorts = 2> <OutPorts = 1>
ST_1 : Operation 199 [1/1] (0.00ns)   --->   "%time_steps = trunc i32 %time_steps_reg_read" [src/snn_top_hls.cpp:703]   --->   Operation 199 'trunc' 'time_steps' <Predicate = true> <Delay = 0.00>
ST_1 : Operation 200 [1/1] (0.80ns)   --->   "%time_steps_1 = select i1 %icmp_ln703, i16 1, i16 %time_steps" [src/snn_top_hls.cpp:703]   --->   Operation 200 'select' 'time_steps_1' <Predicate = true> <Delay = 0.80> <CoreInst = "Sel">   --->   Core 73 'Sel' <Latency = 0> <II = 1> <Delay = 0.80> <FuncUnit> <Opcode : 'select'> <InPorts = 3> <OutPorts = 1>
ST_1 : Operation 201 [1/1] (0.00ns)   --->   "%threshold = trunc i32 %config_reg_read" [src/snn_top_hls.cpp:705]   --->   Operation 201 'trunc' 'threshold' <Predicate = true> <Delay = 0.00>
ST_1 : Operation 202 [1/1] (0.00ns)   --->   "%leak_rate = partselect i16 @_ssdm_op_PartSelect.i16.i32.i32, i32 %config_reg_read, i32 16" [src/snn_top_hls.cpp:706]   --->   Operation 202 'partselect' 'leak_rate' <Predicate = true> <Delay = 0.00>
ST_1 : Operation 203 [1/1] (0.00ns)   --->   "%specaxissidechannel_ln711 = specaxissidechannel void @_ssdm_op_SpecAXISSideChannel, i32 %m_axis_spikes_V_data_V, i4 %m_axis_spikes_V_keep_V, i4 %m_axis_spikes_V_strb_V, i1 %m_axis_spikes_V_user_V, i1 %m_axis_spikes_V_last_V, i1 %m_axis_spikes_V_id_V, i1 %m_axis_spikes_V_dest_V, void @empty_10" [src/snn_top_hls.cpp:711]   --->   Operation 203 'specaxissidechannel' 'specaxissidechannel_ln711' <Predicate = true> <Delay = 0.00>
ST_1 : Operation 204 [1/1] (0.00ns)   --->   "%specaxissidechannel_ln711 = specaxissidechannel void @_ssdm_op_SpecAXISSideChannel, i32 %m_axis_weights_V_data_V, i4 %m_axis_weights_V_keep_V, i4 %m_axis_weights_V_strb_V, i1 %m_axis_weights_V_user_V, i1 %m_axis_weights_V_last_V, i1 %m_axis_weights_V_id_V, i1 %m_axis_weights_V_dest_V, void @empty_1" [src/snn_top_hls.cpp:711]   --->   Operation 204 'specaxissidechannel' 'specaxissidechannel_ln711' <Predicate = true> <Delay = 0.00>
ST_1 : Operation 205 [1/1] (0.00ns)   --->   "%specaxissidechannel_ln711 = specaxissidechannel void @_ssdm_op_SpecAXISSideChannel, i32 %s_axis_weights_V_data_V, i4 %s_axis_weights_V_keep_V, i4 %s_axis_weights_V_strb_V, i1 %s_axis_weights_V_user_V, i1 %s_axis_weights_V_last_V, i1 %s_axis_weights_V_id_V, i1 %s_axis_weights_V_dest_V, void @empty_2" [src/snn_top_hls.cpp:711]   --->   Operation 205 'specaxissidechannel' 'specaxissidechannel_ln711' <Predicate = true> <Delay = 0.00>
ST_1 : Operation 206 [1/1] (0.00ns)   --->   "%specaxissidechannel_ln711 = specaxissidechannel void @_ssdm_op_SpecAXISSideChannel, i32 %s_axis_data_V_data_V, i4 %s_axis_data_V_keep_V, i4 %s_axis_data_V_strb_V, i1 %s_axis_data_V_user_V, i1 %s_axis_data_V_last_V, i1 %s_axis_data_V_id_V, i1 %s_axis_data_V_dest_V, void @empty_36" [src/snn_top_hls.cpp:711]   --->   Operation 206 'specaxissidechannel' 'specaxissidechannel_ln711' <Predicate = true> <Delay = 0.00>
ST_1 : Operation 207 [1/1] (0.00ns)   --->   "%specaxissidechannel_ln711 = specaxissidechannel void @_ssdm_op_SpecAXISSideChannel, i32 %s_axis_spikes_V_data_V, i4 %s_axis_spikes_V_keep_V, i4 %s_axis_spikes_V_strb_V, i1 %s_axis_spikes_V_user_V, i1 %s_axis_spikes_V_last_V, i1 %s_axis_spikes_V_id_V, i1 %s_axis_spikes_V_dest_V, void @empty_4" [src/snn_top_hls.cpp:711]   --->   Operation 207 'specaxissidechannel' 'specaxissidechannel_ln711' <Predicate = true> <Delay = 0.00>
ST_1 : Operation 208 [1/1] (0.00ns)   --->   "%initialized_load = load i1 %initialized" [src/snn_top_hls.cpp:711]   --->   Operation 208 'load' 'initialized_load' <Predicate = true> <Delay = 0.00>
ST_1 : Operation 209 [1/1] (0.00ns)   --->   "%last_mode_load = load i2 %last_mode" [src/snn_top_hls.cpp:803]   --->   Operation 209 'load' 'last_mode_load' <Predicate = true> <Delay = 0.00>
ST_1 : Operation 210 [1/1] (0.00ns) (grouped into LUT with out node or_ln711)   --->   "%xor_ln711 = xor i1 %initialized_load, i1 1" [src/snn_top_hls.cpp:711]   --->   Operation 210 'xor' 'xor_ln711' <Predicate = true> <Delay = 0.00> <CoreInst = "LogicGate">   --->   Core 74 'LogicGate' <Latency = 0> <II = 1> <Delay = 0.97> <FuncUnit> <Opcode : 'and' 'or' 'xor'> <InPorts = 2> <OutPorts = 1>
ST_1 : Operation 211 [1/1] (0.97ns) (out node of the LUT)   --->   "%or_ln711 = or i1 %reset, i1 %xor_ln711" [src/snn_top_hls.cpp:711]   --->   Operation 211 'or' 'or_ln711' <Predicate = true> <Delay = 0.97> <CoreInst = "LogicGate">   --->   Core 74 'LogicGate' <Latency = 0> <II = 1> <Delay = 0.97> <FuncUnit> <Opcode : 'and' 'or' 'xor'> <InPorts = 2> <OutPorts = 1>
ST_1 : Operation 212 [1/1] (1.58ns)   --->   "%br_ln711 = br i1 %or_ln711, void %if.end118, void %if.then" [src/snn_top_hls.cpp:711]   --->   Operation 212 'br' 'br_ln711' <Predicate = true> <Delay = 1.58>
ST_1 : Operation 213 [1/1] (1.58ns)   --->   "%store_ln712 = store i32 0, i32 %timestamp" [src/snn_top_hls.cpp:712]   --->   Operation 213 'store' 'store_ln712' <Predicate = (or_ln711)> <Delay = 1.58>
ST_1 : Operation 214 [1/1] (1.58ns)   --->   "%store_ln713 = store i32 0, i32 %spike_counter" [src/snn_top_hls.cpp:713]   --->   Operation 214 'store' 'store_ln713' <Predicate = (or_ln711)> <Delay = 1.58>
ST_1 : Operation 215 [1/1] (0.00ns)   --->   "%store_ln715 = store i32 0, i32 %encoder_spike_counter" [src/snn_top_hls.cpp:715]   --->   Operation 215 'store' 'store_ln715' <Predicate = (or_ln711)> <Delay = 0.00>
ST_1 : Operation 216 [1/1] (1.58ns)   --->   "%store_ln718 = store i8 0, i8 %checkpoint_col" [src/snn_top_hls.cpp:718]   --->   Operation 216 'store' 'store_ln718' <Predicate = (or_ln711)> <Delay = 1.58>
ST_1 : Operation 217 [1/1] (1.58ns)   --->   "%store_ln719 = store i1 0, i1 %encoder_frame_loaded" [src/snn_top_hls.cpp:719]   --->   Operation 217 'store' 'store_ln719' <Predicate = (or_ln711)> <Delay = 1.58>
ST_1 : Operation 218 [2/2] (3.25ns)   --->   "%call_ln720 = call void @encoder_reset_temporal_state, i32 0, i1 %p_ZL22encoder_temporal_fired_0, i32 %p_ZL22encoder_temporal_start_0, i1 %p_ZL22encoder_temporal_fired_1, i32 %p_ZL22encoder_temporal_start_1" [src/snn_top_hls.cpp:720]   --->   Operation 218 'call' 'call_ln720' <Predicate = (or_ln711)> <Delay = 3.25> <CoreType = "Generic">   --->   Generic Core
ST_1 : Operation 219 [2/2] (0.00ns)   --->   "%call_ln0 = call void @snn_top_hls_Pipeline_RESET_ELIG, i8 %p_ZL15pre_eligibility_0, i8 %p_ZL16post_eligibility_0, i8 %p_ZL15pre_eligibility_1, i8 %p_ZL16post_eligibility_1"   --->   Operation 219 'call' 'call_ln0' <Predicate = (or_ln711)> <Delay = 0.00> <CoreType = "Generic">   --->   Generic Core
ST_1 : Operation 220 [2/2] (0.00ns)   --->   "%call_ln0 = call void @snn_top_hls_Pipeline_RESET_TRACES, i8 %pre_traces_trace_0, i16 %pre_traces_last_spike_time_0, i8 %post_traces_trace_0, i16 %post_traces_last_spike_time_0, i8 %pre_traces_trace_1, i16 %pre_traces_last_spike_time_1, i8 %post_traces_trace_1, i16 %post_traces_last_spike_time_1"   --->   Operation 220 'call' 'call_ln0' <Predicate = (or_ln711)> <Delay = 0.00> <CoreType = "Generic">   --->   Generic Core
ST_1 : Operation 221 [2/2] (0.00ns)   --->   "%call_ln0 = call void @snn_top_hls_Pipeline_RESET_ENCODER, i16 %p_ZL17encoder_phase_acc_0, i16 %p_ZL17encoder_phase_acc_1"   --->   Operation 221 'call' 'call_ln0' <Predicate = (or_ln711)> <Delay = 0.00> <CoreType = "Generic">   --->   Generic Core
ST_1 : Operation 222 [1/1] (0.00ns)   --->   "%store_ln742 = store i16 0, i16 %latency_window_counter" [src/snn_top_hls.cpp:742]   --->   Operation 222 'store' 'store_ln742' <Predicate = (or_ln711)> <Delay = 0.00>

State 2 <SV = 1> <Delay = 4.99>
ST_2 : Operation 223 [1/2] (4.90ns)   --->   "%call_ln720 = call void @encoder_reset_temporal_state, i32 0, i1 %p_ZL22encoder_temporal_fired_0, i32 %p_ZL22encoder_temporal_start_0, i1 %p_ZL22encoder_temporal_fired_1, i32 %p_ZL22encoder_temporal_start_1" [src/snn_top_hls.cpp:720]   --->   Operation 223 'call' 'call_ln720' <Predicate = true> <Delay = 4.90> <CoreType = "Generic">   --->   Generic Core
ST_2 : Operation 224 [1/2] (4.99ns)   --->   "%call_ln0 = call void @snn_top_hls_Pipeline_RESET_ELIG, i8 %p_ZL15pre_eligibility_0, i8 %p_ZL16post_eligibility_0, i8 %p_ZL15pre_eligibility_1, i8 %p_ZL16post_eligibility_1"   --->   Operation 224 'call' 'call_ln0' <Predicate = true> <Delay = 4.99> <CoreType = "Generic">   --->   Generic Core
ST_2 : Operation 225 [1/2] (4.99ns)   --->   "%call_ln0 = call void @snn_top_hls_Pipeline_RESET_TRACES, i8 %pre_traces_trace_0, i16 %pre_traces_last_spike_time_0, i8 %post_traces_trace_0, i16 %post_traces_last_spike_time_0, i8 %pre_traces_trace_1, i16 %pre_traces_last_spike_time_1, i8 %post_traces_trace_1, i16 %post_traces_last_spike_time_1"   --->   Operation 225 'call' 'call_ln0' <Predicate = true> <Delay = 4.99> <CoreType = "Generic">   --->   Generic Core
ST_2 : Operation 226 [1/2] (4.90ns)   --->   "%call_ln0 = call void @snn_top_hls_Pipeline_RESET_ENCODER, i16 %p_ZL17encoder_phase_acc_0, i16 %p_ZL17encoder_phase_acc_1"   --->   Operation 226 'call' 'call_ln0' <Predicate = true> <Delay = 4.90> <CoreType = "Generic">   --->   Generic Core
ST_2 : Operation 227 [1/1] (0.00ns)   --->   "%br_ln745 = br i1 %initialized_load, void %for.inc112.preheader, void %if.end" [src/snn_top_hls.cpp:745]   --->   Operation 227 'br' 'br_ln745' <Predicate = true> <Delay = 0.00>
ST_2 : Operation 228 [2/2] (0.00ns)   --->   "%call_ln0 = call void @snn_top_hls_Pipeline_INIT_WEIGHT_OUTER_INIT_WEIGHT_INNER, i8 %p_ZL13weight_memory_0, i8 %p_ZL13weight_memory_1"   --->   Operation 228 'call' 'call_ln0' <Predicate = (!initialized_load)> <Delay = 0.00> <CoreType = "Generic">   --->   Generic Core

State 3 <SV = 2> <Delay = 5.28>
ST_3 : Operation 229 [1/2] (5.28ns)   --->   "%call_ln0 = call void @snn_top_hls_Pipeline_INIT_WEIGHT_OUTER_INIT_WEIGHT_INNER, i8 %p_ZL13weight_memory_0, i8 %p_ZL13weight_memory_1"   --->   Operation 229 'call' 'call_ln0' <Predicate = (or_ln711 & !initialized_load)> <Delay = 5.28> <CoreType = "Generic">   --->   Generic Core
ST_3 : Operation 230 [1/1] (0.00ns)   --->   "%store_ln753 = store i1 1, i1 %initialized" [src/snn_top_hls.cpp:753]   --->   Operation 230 'store' 'store_ln753' <Predicate = (or_ln711 & !initialized_load)> <Delay = 0.00>
ST_3 : Operation 231 [1/1] (0.00ns)   --->   "%br_ln754 = br void %if.end" [src/snn_top_hls.cpp:754]   --->   Operation 231 'br' 'br_ln754' <Predicate = (or_ln711 & !initialized_load)> <Delay = 0.00>
ST_3 : Operation 232 [1/1] (1.58ns)   --->   "%br_ln755 = br void %if.end118" [src/snn_top_hls.cpp:755]   --->   Operation 232 'br' 'br_ln755' <Predicate = (or_ln711)> <Delay = 1.58>
ST_3 : Operation 233 [1/1] (0.00ns)   --->   "%last_mode_loc_0 = phi i2 0, void %if.end, i2 %last_mode_load, void %entry" [src/snn_top_hls.cpp:803]   --->   Operation 233 'phi' 'last_mode_loc_0' <Predicate = true> <Delay = 0.00>
ST_3 : Operation 234 [1/1] (0.00ns)   --->   "%br_ln760 = br i1 %weight_load_mode, void %if.end135, void %land.lhs.true" [src/snn_top_hls.cpp:760]   --->   Operation 234 'br' 'br_ln760' <Predicate = true> <Delay = 0.00>
ST_3 : Operation 235 [1/1] ( I:1.29ns O:1.29ns )   --->   "%tmp = nbreadreq i1 @_ssdm_op_NbReadReq.axis.i32P0A.i4P0A.i4P0A.i1P0A.i1P0A.i1P0A.i1P0A, i32 %s_axis_weights_V_data_V, i4 %s_axis_weights_V_keep_V, i4 %s_axis_weights_V_strb_V, i1 %s_axis_weights_V_user_V, i1 %s_axis_weights_V_last_V, i1 %s_axis_weights_V_id_V, i1 %s_axis_weights_V_dest_V, i32 1" [src/snn_top_hls.cpp:760]   --->   Operation 235 'nbreadreq' 'tmp' <Predicate = (weight_load_mode)> <Delay = 1.29> <CoreInst = "regslice">   --->   Core 135 'regslice' <Latency = 0> <II = 1> <Delay = 1.86> <Adapter> <Opcode : 'read' 'write'>
ST_3 : Operation 236 [1/1] (0.00ns)   --->   "%br_ln760 = br i1 %tmp, void %if.end135, void %if.then120" [src/snn_top_hls.cpp:760]   --->   Operation 236 'br' 'br_ln760' <Predicate = (weight_load_mode)> <Delay = 0.00>
ST_3 : Operation 237 [1/1] ( I:0.51ns O:0.51ns )   --->   "%empty_58 = read i44 @_ssdm_op_Read.axis.volatile.i32P0A.i4P0A.i4P0A.i1P0A.i1P0A.i1P0A.i1P0A, i32 %s_axis_weights_V_data_V, i4 %s_axis_weights_V_keep_V, i4 %s_axis_weights_V_strb_V, i1 %s_axis_weights_V_user_V, i1 %s_axis_weights_V_last_V, i1 %s_axis_weights_V_id_V, i1 %s_axis_weights_V_dest_V" [src/snn_top_hls.cpp:761]   --->   Operation 237 'read' 'empty_58' <Predicate = (weight_load_mode & tmp)> <Delay = 0.51> <CoreInst = "regslice">   --->   Core 135 'regslice' <Latency = 0> <II = 1> <Delay = 1.86> <Adapter> <Opcode : 'read' 'write'>
ST_3 : Operation 238 [1/1] (0.00ns)   --->   "%w_pkt_data = extractvalue i44 %empty_58" [src/snn_top_hls.cpp:761]   --->   Operation 238 'extractvalue' 'w_pkt_data' <Predicate = (weight_load_mode & tmp)> <Delay = 0.00>
ST_3 : Operation 239 [1/1] (0.00ns)   --->   "%weight_val = partselect i8 @_ssdm_op_PartSelect.i8.i32.i32, i32 %w_pkt_data, i32 16" [src/snn_top_hls.cpp:764]   --->   Operation 239 'partselect' 'weight_val' <Predicate = (weight_load_mode & tmp)> <Delay = 0.00>
ST_3 : Operation 240 [1/1] (0.00ns)   --->   "%tmp_17 = bitselect i1 @_ssdm_op_BitSelect.i1.i32.i32, i32 %w_pkt_data, i32 8" [src/snn_top_hls.cpp:767]   --->   Operation 240 'bitselect' 'tmp_17' <Predicate = (weight_load_mode & tmp)> <Delay = 0.00>
ST_3 : Operation 241 [1/1] (0.00ns)   --->   "%lshr_ln4 = partselect i7 @_ssdm_op_PartSelect.i7.i32.i32.i32, i32 %w_pkt_data, i32 9, i32 15" [src/snn_top_hls.cpp:767]   --->   Operation 241 'partselect' 'lshr_ln4' <Predicate = (weight_load_mode & tmp)> <Delay = 0.00>
ST_3 : Operation 242 [1/1] (0.00ns)   --->   "%trunc_ln767 = trunc i32 %w_pkt_data" [src/snn_top_hls.cpp:767]   --->   Operation 242 'trunc' 'trunc_ln767' <Predicate = (weight_load_mode & tmp)> <Delay = 0.00>
ST_3 : Operation 243 [1/1] (0.00ns)   --->   "%tmp_5 = bitconcatenate i15 @_ssdm_op_BitConcatenate.i15.i8.i7, i8 %trunc_ln767, i7 %lshr_ln4" [src/snn_top_hls.cpp:767]   --->   Operation 243 'bitconcatenate' 'tmp_5' <Predicate = (weight_load_mode & tmp)> <Delay = 0.00>
ST_3 : Operation 244 [1/1] (0.00ns)   --->   "%zext_ln767 = zext i15 %tmp_5" [src/snn_top_hls.cpp:767]   --->   Operation 244 'zext' 'zext_ln767' <Predicate = (weight_load_mode & tmp)> <Delay = 0.00>
ST_3 : Operation 245 [1/1] (0.00ns)   --->   "%p_ZL13weight_memory_0_addr_1 = getelementptr i8 %p_ZL13weight_memory_0, i64 0, i64 %zext_ln767" [src/snn_top_hls.cpp:767]   --->   Operation 245 'getelementptr' 'p_ZL13weight_memory_0_addr_1' <Predicate = (weight_load_mode & tmp)> <Delay = 0.00>
ST_3 : Operation 246 [1/1] (0.00ns)   --->   "%p_ZL13weight_memory_1_addr_1 = getelementptr i8 %p_ZL13weight_memory_1, i64 0, i64 %zext_ln767" [src/snn_top_hls.cpp:767]   --->   Operation 246 'getelementptr' 'p_ZL13weight_memory_1_addr_1' <Predicate = (weight_load_mode & tmp)> <Delay = 0.00>
ST_3 : Operation 247 [1/1] (0.00ns)   --->   "%br_ln767 = br i1 %tmp_17, void %arrayidx1337.case.0, void %arrayidx1337.case.1" [src/snn_top_hls.cpp:767]   --->   Operation 247 'br' 'br_ln767' <Predicate = (weight_load_mode & tmp)> <Delay = 0.00>

State 4 <SV = 3> <Delay = 3.25>
ST_4 : Operation 248 [1/1] ( I:3.25ns O:3.25ns )   --->   "%store_ln767 = store i8 %weight_val, i15 %p_ZL13weight_memory_0_addr_1" [src/snn_top_hls.cpp:767]   --->   Operation 248 'store' 'store_ln767' <Predicate = (weight_load_mode & tmp & !tmp_17)> <Delay = 3.25> <CoreInst = "RAM_2P_BRAM">   --->   Core 90 'RAM_2P_BRAM' <Latency = 1> <II = 1> <Delay = 3.25> <Storage> <Opcode : 'load' 'store'> <Ports = 2> <Width = 8> <Depth = 32768> <RAM>
ST_4 : Operation 249 [1/1] (0.00ns)   --->   "%br_ln767 = br void %arrayidx1337.exit" [src/snn_top_hls.cpp:767]   --->   Operation 249 'br' 'br_ln767' <Predicate = (weight_load_mode & tmp & !tmp_17)> <Delay = 0.00>
ST_4 : Operation 250 [1/1] ( I:3.25ns O:3.25ns )   --->   "%store_ln767 = store i8 %weight_val, i15 %p_ZL13weight_memory_1_addr_1" [src/snn_top_hls.cpp:767]   --->   Operation 250 'store' 'store_ln767' <Predicate = (weight_load_mode & tmp & tmp_17)> <Delay = 3.25> <CoreInst = "RAM_2P_BRAM">   --->   Core 90 'RAM_2P_BRAM' <Latency = 1> <II = 1> <Delay = 3.25> <Storage> <Opcode : 'load' 'store'> <Ports = 2> <Width = 8> <Depth = 32768> <RAM>
ST_4 : Operation 251 [1/1] (0.00ns)   --->   "%br_ln767 = br void %arrayidx1337.exit" [src/snn_top_hls.cpp:767]   --->   Operation 251 'br' 'br_ln767' <Predicate = (weight_load_mode & tmp & tmp_17)> <Delay = 0.00>
ST_4 : Operation 252 [1/1] (0.00ns)   --->   "%br_ln769 = br void %if.end135" [src/snn_top_hls.cpp:769]   --->   Operation 252 'br' 'br_ln769' <Predicate = (weight_load_mode & tmp)> <Delay = 0.00>
ST_4 : Operation 253 [1/1] (0.00ns)   --->   "%br_ln771 = br i1 %clear_counters, void %if.end140, void %if.then136" [src/snn_top_hls.cpp:771]   --->   Operation 253 'br' 'br_ln771' <Predicate = true> <Delay = 0.00>
ST_4 : Operation 254 [1/1] (1.58ns)   --->   "%store_ln772 = store i32 0, i32 %spike_counter" [src/snn_top_hls.cpp:772]   --->   Operation 254 'store' 'store_ln772' <Predicate = (clear_counters)> <Delay = 1.58>
ST_4 : Operation 255 [1/1] (0.00ns)   --->   "%store_ln774 = store i32 0, i32 %encoder_spike_counter" [src/snn_top_hls.cpp:774]   --->   Operation 255 'store' 'store_ln774' <Predicate = (clear_counters)> <Delay = 0.00>
ST_4 : Operation 256 [1/1] (0.00ns)   --->   "%br_ln775 = br void %if.end140" [src/snn_top_hls.cpp:775]   --->   Operation 256 'br' 'br_ln775' <Predicate = (clear_counters)> <Delay = 0.00>
ST_4 : Operation 257 [1/1] (0.00ns)   --->   "%write_ln780 = write void @_ssdm_op_Write.ap_none.i1P0A, i1 %snn_enable, i1 %enable" [src/snn_top_hls.cpp:780]   --->   Operation 257 'write' 'write_ln780' <Predicate = true> <Delay = 0.00>
ST_4 : Operation 258 [1/1] (0.00ns)   --->   "%write_ln781 = write void @_ssdm_op_Write.ap_none.i1P0A, i1 %snn_reset, i1 %reset" [src/snn_top_hls.cpp:781]   --->   Operation 258 'write' 'write_ln781' <Predicate = true> <Delay = 0.00>
ST_4 : Operation 259 [1/1] (0.00ns)   --->   "%write_ln782 = write void @_ssdm_op_Write.ap_none.i16P0A, i16 %threshold_out, i16 %threshold" [src/snn_top_hls.cpp:782]   --->   Operation 259 'write' 'write_ln782' <Predicate = true> <Delay = 0.00>
ST_4 : Operation 260 [1/1] (0.00ns)   --->   "%write_ln783 = write void @_ssdm_op_Write.ap_none.i16P0A, i16 %leak_rate_out, i16 %leak_rate" [src/snn_top_hls.cpp:783]   --->   Operation 260 'write' 'write_ln783' <Predicate = true> <Delay = 0.00>
ST_4 : Operation 261 [1/1] (0.00ns)   --->   "%br_ln786 = br i1 %encoder_enable, void %if.end201, void %land.lhs.true143" [src/snn_top_hls.cpp:786]   --->   Operation 261 'br' 'br_ln786' <Predicate = true> <Delay = 0.00>
ST_4 : Operation 262 [1/1] (0.00ns)   --->   "%encoder_frame_loaded_load = load i1 %encoder_frame_loaded" [src/snn_top_hls.cpp:786]   --->   Operation 262 'load' 'encoder_frame_loaded_load' <Predicate = (encoder_enable)> <Delay = 0.00>
ST_4 : Operation 263 [1/1] (0.00ns)   --->   "%br_ln786 = br i1 %encoder_frame_loaded_load, void %land.lhs.true144, void %if.end201" [src/snn_top_hls.cpp:786]   --->   Operation 263 'br' 'br_ln786' <Predicate = (encoder_enable)> <Delay = 0.00>
ST_4 : Operation 264 [1/1] ( I:1.29ns O:1.29ns )   --->   "%tmp_4 = nbreadreq i1 @_ssdm_op_NbReadReq.axis.i32P0A.i4P0A.i4P0A.i1P0A.i1P0A.i1P0A.i1P0A, i32 %s_axis_data_V_data_V, i4 %s_axis_data_V_keep_V, i4 %s_axis_data_V_strb_V, i1 %s_axis_data_V_user_V, i1 %s_axis_data_V_last_V, i1 %s_axis_data_V_id_V, i1 %s_axis_data_V_dest_V, i32 1" [src/snn_top_hls.cpp:786]   --->   Operation 264 'nbreadreq' 'tmp_4' <Predicate = (encoder_enable & !encoder_frame_loaded_load)> <Delay = 1.29> <CoreInst = "regslice">   --->   Core 135 'regslice' <Latency = 0> <II = 1> <Delay = 1.86> <Adapter> <Opcode : 'read' 'write'>
ST_4 : Operation 265 [1/1] (0.00ns)   --->   "%br_ln786 = br i1 %tmp_4, void %if.end201, void %for.body151.preheader" [src/snn_top_hls.cpp:786]   --->   Operation 265 'br' 'br_ln786' <Predicate = (encoder_enable & !encoder_frame_loaded_load)> <Delay = 0.00>

State 5 <SV = 4> <Delay = 3.77>
ST_5 : Operation 266 [2/2] (3.77ns)   --->   "%call_ln0 = call void @snn_top_hls_Pipeline_LOAD_FRAME, i32 %s_axis_data_V_data_V, i4 %s_axis_data_V_keep_V, i4 %s_axis_data_V_strb_V, i1 %s_axis_data_V_user_V, i1 %s_axis_data_V_last_V, i1 %s_axis_data_V_id_V, i1 %s_axis_data_V_dest_V, i8 %p_ZL13encoder_frame_0, i8 %p_ZL13encoder_frame_1"   --->   Operation 266 'call' 'call_ln0' <Predicate = true> <Delay = 3.77> <CoreType = "Generic">   --->   Generic Core
ST_5 : Operation 267 [1/1] (0.00ns)   --->   "%timestamp_load = load i32 %timestamp" [src/snn_top_hls.cpp:799]   --->   Operation 267 'load' 'timestamp_load' <Predicate = true> <Delay = 0.00>
ST_5 : Operation 268 [2/2] (3.25ns)   --->   "%call_ln799 = call void @encoder_reset_temporal_state, i32 %timestamp_load, i1 %p_ZL22encoder_temporal_fired_0, i32 %p_ZL22encoder_temporal_start_0, i1 %p_ZL22encoder_temporal_fired_1, i32 %p_ZL22encoder_temporal_start_1" [src/snn_top_hls.cpp:799]   --->   Operation 268 'call' 'call_ln799' <Predicate = true> <Delay = 3.25> <CoreType = "Generic">   --->   Generic Core

State 6 <SV = 5> <Delay = 7.98>
ST_6 : Operation 269 [1/2] (7.98ns)   --->   "%call_ln0 = call void @snn_top_hls_Pipeline_LOAD_FRAME, i32 %s_axis_data_V_data_V, i4 %s_axis_data_V_keep_V, i4 %s_axis_data_V_strb_V, i1 %s_axis_data_V_user_V, i1 %s_axis_data_V_last_V, i1 %s_axis_data_V_id_V, i1 %s_axis_data_V_dest_V, i8 %p_ZL13encoder_frame_0, i8 %p_ZL13encoder_frame_1"   --->   Operation 269 'call' 'call_ln0' <Predicate = true> <Delay = 7.98> <CoreType = "Generic">   --->   Generic Core
ST_6 : Operation 270 [1/2] (4.90ns)   --->   "%call_ln799 = call void @encoder_reset_temporal_state, i32 %timestamp_load, i1 %p_ZL22encoder_temporal_fired_0, i32 %p_ZL22encoder_temporal_start_0, i1 %p_ZL22encoder_temporal_fired_1, i32 %p_ZL22encoder_temporal_start_1" [src/snn_top_hls.cpp:799]   --->   Operation 270 'call' 'call_ln799' <Predicate = true> <Delay = 4.90> <CoreType = "Generic">   --->   Generic Core

State 7 <SV = 6> <Delay = 4.13>
ST_7 : Operation 271 [1/1] (1.58ns)   --->   "%store_ln798 = store i1 1, i1 %encoder_frame_loaded" [src/snn_top_hls.cpp:798]   --->   Operation 271 'store' 'store_ln798' <Predicate = (encoder_enable & !encoder_frame_loaded_load & tmp_4)> <Delay = 1.58>
ST_7 : Operation 272 [1/1] (0.00ns)   --->   "%br_ln800 = br void %if.end201" [src/snn_top_hls.cpp:800]   --->   Operation 272 'br' 'br_ln800' <Predicate = (encoder_enable & !encoder_frame_loaded_load & tmp_4)> <Delay = 0.00>
ST_7 : Operation 273 [1/1] (1.56ns)   --->   "%icmp_ln803 = icmp_ne  i2 %op_mode, i2 %last_mode_loc_0" [src/snn_top_hls.cpp:803]   --->   Operation 273 'icmp' 'icmp_ln803' <Predicate = true> <Delay = 1.56> <CoreInst = "Cmp">   --->   Core 9 'Cmp' <Latency = 0> <II = 1> <Delay = 1.56> <FuncUnit> <Opcode : 'seteq' 'setne' 'setle' 'setge' 'setlt' 'setgt'> <InPorts = 2> <OutPorts = 1>
ST_7 : Operation 274 [1/1] (0.97ns)   --->   "%and_ln803 = and i1 %checkpoint_mode, i1 %icmp_ln803" [src/snn_top_hls.cpp:803]   --->   Operation 274 'and' 'and_ln803' <Predicate = true> <Delay = 0.97> <CoreInst = "LogicGate">   --->   Core 74 'LogicGate' <Latency = 0> <II = 1> <Delay = 0.97> <FuncUnit> <Opcode : 'and' 'or' 'xor'> <InPorts = 2> <OutPorts = 1>
ST_7 : Operation 275 [1/1] (0.00ns)   --->   "%br_ln803 = br i1 %and_ln803, void %if.end207, void %if.then204" [src/snn_top_hls.cpp:803]   --->   Operation 275 'br' 'br_ln803' <Predicate = true> <Delay = 0.00>
ST_7 : Operation 276 [1/1] (1.58ns)   --->   "%store_ln805 = store i8 0, i8 %checkpoint_col" [src/snn_top_hls.cpp:805]   --->   Operation 276 'store' 'store_ln805' <Predicate = (and_ln803)> <Delay = 1.58>
ST_7 : Operation 277 [1/1] (0.00ns)   --->   "%br_ln806 = br void %if.end207" [src/snn_top_hls.cpp:806]   --->   Operation 277 'br' 'br_ln806' <Predicate = (and_ln803)> <Delay = 0.00>
ST_7 : Operation 278 [1/1] (0.00ns)   --->   "%p_phi17 = alloca i32 1"   --->   Operation 278 'alloca' 'p_phi17' <Predicate = true> <Delay = 0.00>
ST_7 : Operation 279 [1/1] (0.00ns)   --->   "%p_phi16 = alloca i32 1"   --->   Operation 279 'alloca' 'p_phi16' <Predicate = true> <Delay = 0.00>
ST_7 : Operation 280 [1/1] (0.00ns)   --->   "%p_phi15 = alloca i32 1"   --->   Operation 280 'alloca' 'p_phi15' <Predicate = true> <Delay = 0.00>
ST_7 : Operation 281 [1/1] (0.00ns)   --->   "%p_phi = alloca i32 1"   --->   Operation 281 'alloca' 'p_phi' <Predicate = true> <Delay = 0.00>
ST_7 : Operation 282 [1/1] (0.00ns)   --->   "%t = alloca i32 1" [src/snn_top_hls.cpp:814]   --->   Operation 282 'alloca' 't' <Predicate = true> <Delay = 0.00>
ST_7 : Operation 283 [1/1] (0.00ns)   --->   "%empty_59 = alloca i32 1"   --->   Operation 283 'alloca' 'empty_59' <Predicate = true> <Delay = 0.00>
ST_7 : Operation 284 [1/1] (0.00ns)   --->   "%zext_ln866 = zext i8 %spike_out_neuron_id_read" [src/snn_top_hls.cpp:866]   --->   Operation 284 'zext' 'zext_ln866' <Predicate = true> <Delay = 0.00>
ST_7 : Operation 285 [1/1] (0.00ns)   --->   "%trunc_ln548 = trunc i8 %spike_out_neuron_id_read" [src/snn_top_hls.cpp:548->src/snn_top_hls.cpp:884]   --->   Operation 285 'trunc' 'trunc_ln548' <Predicate = true> <Delay = 0.00>
ST_7 : Operation 286 [1/1] (0.00ns)   --->   "%lshr_ln5 = partselect i7 @_ssdm_op_PartSelect.i7.i8.i32.i32, i8 %spike_out_neuron_id_read, i32 1, i32 7" [src/snn_top_hls.cpp:548->src/snn_top_hls.cpp:884]   --->   Operation 286 'partselect' 'lshr_ln5' <Predicate = true> <Delay = 0.00>
ST_7 : Operation 287 [1/1] (0.00ns)   --->   "%zext_ln548 = zext i7 %lshr_ln5" [src/snn_top_hls.cpp:548->src/snn_top_hls.cpp:884]   --->   Operation 287 'zext' 'zext_ln548' <Predicate = true> <Delay = 0.00>
ST_7 : Operation 288 [1/1] (0.00ns)   --->   "%p_ZL16post_eligibility_0_addr = getelementptr i8 %p_ZL16post_eligibility_0, i64 0, i64 %zext_ln548" [src/snn_top_hls.cpp:548->src/snn_top_hls.cpp:884]   --->   Operation 288 'getelementptr' 'p_ZL16post_eligibility_0_addr' <Predicate = true> <Delay = 0.00>
ST_7 : Operation 289 [1/1] (0.00ns)   --->   "%p_ZL16post_eligibility_1_addr = getelementptr i8 %p_ZL16post_eligibility_1, i64 0, i64 %zext_ln548" [src/snn_top_hls.cpp:548->src/snn_top_hls.cpp:884]   --->   Operation 289 'getelementptr' 'p_ZL16post_eligibility_1_addr' <Predicate = true> <Delay = 0.00>
ST_7 : Operation 290 [1/1] (0.97ns)   --->   "%and_ln826 = and i1 %enable, i1 %spike_in_ready_read" [src/snn_top_hls.cpp:826]   --->   Operation 290 'and' 'and_ln826' <Predicate = true> <Delay = 0.97> <CoreInst = "LogicGate">   --->   Core 74 'LogicGate' <Latency = 0> <II = 1> <Delay = 0.97> <FuncUnit> <Opcode : 'and' 'or' 'xor'> <InPorts = 2> <OutPorts = 1>
ST_7 : Operation 291 [1/1] (0.00ns) (grouped into LUT with out node xor_ln889)   --->   "%and_ln889 = and i1 %apply_reward, i1 %stdp_active" [src/snn_top_hls.cpp:889]   --->   Operation 291 'and' 'and_ln889' <Predicate = true> <Delay = 0.00> <CoreInst = "LogicGate">   --->   Core 74 'LogicGate' <Latency = 0> <II = 1> <Delay = 0.97> <FuncUnit> <Opcode : 'and' 'or' 'xor'> <InPorts = 2> <OutPorts = 1>
ST_7 : Operation 292 [1/1] (0.97ns) (out node of the LUT)   --->   "%xor_ln889 = xor i1 %and_ln889, i1 1" [src/snn_top_hls.cpp:889]   --->   Operation 292 'xor' 'xor_ln889' <Predicate = true> <Delay = 0.97> <CoreInst = "LogicGate">   --->   Core 74 'LogicGate' <Latency = 0> <II = 1> <Delay = 0.97> <FuncUnit> <Opcode : 'and' 'or' 'xor'> <InPorts = 2> <OutPorts = 1>
ST_7 : Operation 293 [1/1] (0.97ns)   --->   "%or_ln895 = or i1 %weight_read_mode, i1 %checkpoint_mode" [src/snn_top_hls.cpp:895]   --->   Operation 293 'or' 'or_ln895' <Predicate = true> <Delay = 0.97> <CoreInst = "LogicGate">   --->   Core 74 'LogicGate' <Latency = 0> <II = 1> <Delay = 0.97> <FuncUnit> <Opcode : 'and' 'or' 'xor'> <InPorts = 2> <OutPorts = 1>
ST_7 : Operation 294 [1/1] (0.00ns) (grouped into LUT with out node or_ln889)   --->   "%xor_ln889_1 = xor i1 %learning_params_rstdp_enable, i1 1" [src/snn_top_hls.cpp:889]   --->   Operation 294 'xor' 'xor_ln889_1' <Predicate = true> <Delay = 0.00> <CoreInst = "LogicGate">   --->   Core 74 'LogicGate' <Latency = 0> <II = 1> <Delay = 0.97> <FuncUnit> <Opcode : 'and' 'or' 'xor'> <InPorts = 2> <OutPorts = 1>
ST_7 : Operation 295 [1/1] (0.97ns) (out node of the LUT)   --->   "%or_ln889 = or i1 %xor_ln889, i1 %xor_ln889_1" [src/snn_top_hls.cpp:889]   --->   Operation 295 'or' 'or_ln889' <Predicate = true> <Delay = 0.97> <CoreInst = "LogicGate">   --->   Core 74 'LogicGate' <Latency = 0> <II = 1> <Delay = 0.97> <FuncUnit> <Opcode : 'and' 'or' 'xor'> <InPorts = 2> <OutPorts = 1>
ST_7 : Operation 296 [1/1] (1.70ns)   --->   "%store_ln0 = store i1 %learning_params_rstdp_enable, i1 %empty_59"   --->   Operation 296 'store' 'store_ln0' <Predicate = true> <Delay = 1.70>
ST_7 : Operation 297 [1/1] (1.58ns)   --->   "%store_ln814 = store i16 0, i16 %t" [src/snn_top_hls.cpp:814]   --->   Operation 297 'store' 'store_ln814' <Predicate = true> <Delay = 1.58>
ST_7 : Operation 298 [1/1] (0.00ns)   --->   "%br_ln814 = br void %for.body211" [src/snn_top_hls.cpp:814]   --->   Operation 298 'br' 'br_ln814' <Predicate = true> <Delay = 0.00>

State 8 <SV = 7> <Delay = 6.72>
ST_8 : Operation 299 [1/1] (0.00ns)   --->   "%t_1 = load i16 %t" [src/snn_top_hls.cpp:814]   --->   Operation 299 'load' 't_1' <Predicate = true> <Delay = 0.00>
ST_8 : Operation 300 [1/1] (2.07ns)   --->   "%icmp_ln814 = icmp_eq  i16 %t_1, i16 %time_steps_1" [src/snn_top_hls.cpp:814]   --->   Operation 300 'icmp' 'icmp_ln814' <Predicate = true> <Delay = 2.07> <CoreInst = "Cmp">   --->   Core 9 'Cmp' <Latency = 0> <II = 1> <Delay = 2.07> <FuncUnit> <Opcode : 'seteq' 'setne' 'setle' 'setge' 'setlt' 'setgt'> <InPorts = 2> <OutPorts = 1>
ST_8 : Operation 301 [1/1] (2.07ns)   --->   "%t_2 = add i16 %t_1, i16 1" [src/snn_top_hls.cpp:814]   --->   Operation 301 'add' 't_2' <Predicate = true> <Delay = 2.07> <CoreInst = "Adder">   --->   Core 1 'Adder' <Latency = 0> <II = 1> <Delay = 2.07> <FuncUnit> <Opcode : 'add' 'sub'> <InPorts = 2> <OutPorts = 1>
ST_8 : Operation 302 [1/1] (0.00ns)   --->   "%br_ln814 = br i1 %icmp_ln814, void %for.body211.split, void %for.cond208.for.cond.cleanup210_crit_edge" [src/snn_top_hls.cpp:814]   --->   Operation 302 'br' 'br_ln814' <Predicate = true> <Delay = 0.00>
ST_8 : Operation 303 [1/1] (0.00ns)   --->   "%speclooptripcount_ln814 = speclooptripcount void @_ssdm_op_SpecLoopTripCount, i64 0, i64 65535, i64 32767" [src/snn_top_hls.cpp:814]   --->   Operation 303 'speclooptripcount' 'speclooptripcount_ln814' <Predicate = (!icmp_ln814)> <Delay = 0.00>
ST_8 : Operation 304 [1/1] (0.00ns)   --->   "%specloopname_ln814 = specloopname void @_ssdm_op_SpecLoopName, void @empty_18" [src/snn_top_hls.cpp:814]   --->   Operation 304 'specloopname' 'specloopname_ln814' <Predicate = (!icmp_ln814)> <Delay = 0.00>
ST_8 : Operation 305 [1/1] (0.00ns)   --->   "%br_ln817 = br i1 %encoder_enable, void %if.end215, void %land.lhs.true212" [src/snn_top_hls.cpp:817]   --->   Operation 305 'br' 'br_ln817' <Predicate = (!icmp_ln814)> <Delay = 0.00>
ST_8 : Operation 306 [1/1] (0.00ns)   --->   "%encoder_frame_loaded_load_1 = load i1 %encoder_frame_loaded" [src/snn_top_hls.cpp:817]   --->   Operation 306 'load' 'encoder_frame_loaded_load_1' <Predicate = (encoder_enable & !icmp_ln814)> <Delay = 0.00>
ST_8 : Operation 307 [1/1] (0.00ns)   --->   "%br_ln817 = br i1 %encoder_frame_loaded_load_1, void %if.end215, void %if.then213" [src/snn_top_hls.cpp:817]   --->   Operation 307 'br' 'br_ln817' <Predicate = (encoder_enable & !icmp_ln814)> <Delay = 0.00>
ST_8 : Operation 308 [1/1] (0.00ns)   --->   "%timestamp_load_1 = load i32 %timestamp" [src/snn_top_hls.cpp:818]   --->   Operation 308 'load' 'timestamp_load_1' <Predicate = (encoder_enable & !icmp_ln814 & encoder_frame_loaded_load_1)> <Delay = 0.00>
ST_8 : Operation 309 [2/2] (4.64ns)   --->   "%call_ln818 = call void @run_encoder_once, i4 %encoder_config_encoding_type, i1 %encoder_config_two_neuron_enable, i8 %encoder_config_baseline, i16 %encoder_config_rate_scale, i16 %encoder_config_latency_window, i16 %encoder_config_delta_threshold, i16 %encoder_config_delta_decay, i16 %encoder_config_num_channels, i8 %encoder_config_default_weight, i32 %timestamp_load_1, i41 %encoder_spikes, i1 %encoder_frame_loaded, i16 %latency_window_counter, i8 %p_ZL13encoder_frame_0, i16 %lfsr, i32 %encoder_spike_counter, i1 %p_ZL22encoder_temporal_fired_1, i1 %p_ZL22encoder_temporal_fired_0, i32 %p_ZL22encoder_temporal_start_0, i32 %p_ZL22encoder_temporal_start_1, i16 %p_ZL17encoder_phase_acc_1, i16 %p_ZL17encoder_phase_acc_0, i8 %p_ZL13encoder_frame_1" [src/snn_top_hls.cpp:818]   --->   Operation 309 'call' 'call_ln818' <Predicate = (encoder_enable & !icmp_ln814 & encoder_frame_loaded_load_1)> <Delay = 4.64> <CoreType = "Generic">   --->   Generic Core
ST_8 : Operation 310 [1/1] (2.07ns)   --->   "%icmp_ln814_1 = icmp_eq  i16 %time_steps_1, i16 0" [src/snn_top_hls.cpp:814]   --->   Operation 310 'icmp' 'icmp_ln814_1' <Predicate = (icmp_ln814)> <Delay = 2.07> <CoreInst = "Cmp">   --->   Core 9 'Cmp' <Latency = 0> <II = 1> <Delay = 2.07> <FuncUnit> <Opcode : 'seteq' 'setne' 'setle' 'setge' 'setlt' 'setgt'> <InPorts = 2> <OutPorts = 1>
ST_8 : Operation 311 [1/1] (0.00ns)   --->   "%br_ln814 = br i1 %icmp_ln814_1, void %for.cond208.for.cond.cleanup210_crit_edge.split, void %for.end352" [src/snn_top_hls.cpp:814]   --->   Operation 311 'br' 'br_ln814' <Predicate = (icmp_ln814)> <Delay = 0.00>
ST_8 : Operation 312 [1/1] (0.00ns)   --->   "%p_phi17_load = load i1 %p_phi17" [src/snn_top_hls.cpp:863]   --->   Operation 312 'load' 'p_phi17_load' <Predicate = (icmp_ln814 & !icmp_ln814_1)> <Delay = 0.00>
ST_8 : Operation 313 [1/1] (0.00ns)   --->   "%p_phi16_load = load i1 %p_phi16" [src/snn_top_hls.cpp:822]   --->   Operation 313 'load' 'p_phi16_load' <Predicate = (icmp_ln814 & !icmp_ln814_1)> <Delay = 0.00>
ST_8 : Operation 314 [1/1] (0.00ns)   --->   "%p_phi15_load = load i8 %p_phi15" [src/snn_top_hls.cpp:823]   --->   Operation 314 'load' 'p_phi15_load' <Predicate = (icmp_ln814 & !icmp_ln814_1)> <Delay = 0.00>
ST_8 : Operation 315 [1/1] (0.00ns)   --->   "%p_phi_load = load i8 %p_phi" [src/snn_top_hls.cpp:824]   --->   Operation 315 'load' 'p_phi_load' <Predicate = (icmp_ln814 & !icmp_ln814_1)> <Delay = 0.00>
ST_8 : Operation 316 [1/1] (0.00ns)   --->   "%write_ln822 = write void @_ssdm_op_Write.ap_none.i1P0A, i1 %spike_in_valid, i1 %p_phi16_load" [src/snn_top_hls.cpp:822]   --->   Operation 316 'write' 'write_ln822' <Predicate = (icmp_ln814 & !icmp_ln814_1)> <Delay = 0.00>
ST_8 : Operation 317 [1/1] (0.00ns)   --->   "%write_ln823 = write void @_ssdm_op_Write.ap_none.i8P0A, i8 %spike_in_neuron_id, i8 %p_phi15_load" [src/snn_top_hls.cpp:823]   --->   Operation 317 'write' 'write_ln823' <Predicate = (icmp_ln814 & !icmp_ln814_1)> <Delay = 0.00>
ST_8 : Operation 318 [1/1] (0.00ns)   --->   "%write_ln824 = write void @_ssdm_op_Write.ap_none.i8P0A, i8 %spike_in_weight, i8 %p_phi_load" [src/snn_top_hls.cpp:824]   --->   Operation 318 'write' 'write_ln824' <Predicate = (icmp_ln814 & !icmp_ln814_1)> <Delay = 0.00>
ST_8 : Operation 319 [1/1] (0.00ns)   --->   "%write_ln863 = write void @_ssdm_op_Write.ap_none.i1P0A, i1 %spike_out_ready, i1 %p_phi17_load" [src/snn_top_hls.cpp:863]   --->   Operation 319 'write' 'write_ln863' <Predicate = (icmp_ln814 & !icmp_ln814_1)> <Delay = 0.00>
ST_8 : Operation 320 [1/1] (0.00ns)   --->   "%br_ln814 = br void %for.end352" [src/snn_top_hls.cpp:814]   --->   Operation 320 'br' 'br_ln814' <Predicate = (icmp_ln814 & !icmp_ln814_1)> <Delay = 0.00>
ST_8 : Operation 321 [1/1] (0.00ns)   --->   "%encoder_frame_loaded_load_2 = load i1 %encoder_frame_loaded" [src/snn_top_hls.cpp:925]   --->   Operation 321 'load' 'encoder_frame_loaded_load_2' <Predicate = (icmp_ln814)> <Delay = 0.00>
ST_8 : Operation 322 [1/1] (0.00ns)   --->   "%br_ln925 = br i1 %encoder_frame_loaded_load_2, void %if.end354, void %if.then353" [src/snn_top_hls.cpp:925]   --->   Operation 322 'br' 'br_ln925' <Predicate = (icmp_ln814)> <Delay = 0.00>
ST_8 : Operation 323 [1/1] (1.58ns)   --->   "%store_ln926 = store i1 0, i1 %encoder_frame_loaded" [src/snn_top_hls.cpp:926]   --->   Operation 323 'store' 'store_ln926' <Predicate = (icmp_ln814 & encoder_frame_loaded_load_2)> <Delay = 1.58>
ST_8 : Operation 324 [1/1] (0.00ns)   --->   "%br_ln927 = br void %if.end354" [src/snn_top_hls.cpp:927]   --->   Operation 324 'br' 'br_ln927' <Predicate = (icmp_ln814 & encoder_frame_loaded_load_2)> <Delay = 0.00>
ST_8 : Operation 325 [1/1] (0.00ns)   --->   "%store_ln716 = store i2 %op_mode, i2 %last_mode" [src/snn_top_hls.cpp:716]   --->   Operation 325 'store' 'store_ln716' <Predicate = (icmp_ln814)> <Delay = 0.00>
ST_8 : Operation 326 [2/2] (0.00ns)   --->   "%call_ln0 = call void @snn_top_hls_Pipeline_WEIGHT_SUM, i14 %weight_sum_loc, i8 %p_ZL13weight_memory_0, i8 %p_ZL13weight_memory_1"   --->   Operation 326 'call' 'call_ln0' <Predicate = (icmp_ln814)> <Delay = 0.00> <CoreType = "Generic">   --->   Generic Core

State 9 <SV = 8> <Delay = 1.58>
ST_9 : Operation 327 [1/2] (0.00ns)   --->   "%call_ln818 = call void @run_encoder_once, i4 %encoder_config_encoding_type, i1 %encoder_config_two_neuron_enable, i8 %encoder_config_baseline, i16 %encoder_config_rate_scale, i16 %encoder_config_latency_window, i16 %encoder_config_delta_threshold, i16 %encoder_config_delta_decay, i16 %encoder_config_num_channels, i8 %encoder_config_default_weight, i32 %timestamp_load_1, i41 %encoder_spikes, i1 %encoder_frame_loaded, i16 %latency_window_counter, i8 %p_ZL13encoder_frame_0, i16 %lfsr, i32 %encoder_spike_counter, i1 %p_ZL22encoder_temporal_fired_1, i1 %p_ZL22encoder_temporal_fired_0, i32 %p_ZL22encoder_temporal_start_0, i32 %p_ZL22encoder_temporal_start_1, i16 %p_ZL17encoder_phase_acc_1, i16 %p_ZL17encoder_phase_acc_0, i8 %p_ZL13encoder_frame_1" [src/snn_top_hls.cpp:818]   --->   Operation 327 'call' 'call_ln818' <Predicate = (encoder_enable & encoder_frame_loaded_load_1)> <Delay = 0.00> <CoreType = "Generic">   --->   Generic Core
ST_9 : Operation 328 [1/1] (0.00ns)   --->   "%br_ln819 = br void %if.end215" [src/snn_top_hls.cpp:819]   --->   Operation 328 'br' 'br_ln819' <Predicate = (encoder_enable & encoder_frame_loaded_load_1)> <Delay = 0.00>
ST_9 : Operation 329 [1/1] (1.58ns)   --->   "%br_ln826 = br i1 %and_ln826, void %if.end253, void %if.then222" [src/snn_top_hls.cpp:826]   --->   Operation 329 'br' 'br_ln826' <Predicate = true> <Delay = 1.58>
ST_9 : Operation 330 [1/1] (0.00ns)   --->   "%br_ln830 = br i1 %encoder_enable, void %if.else, void %land.lhs.true223" [src/snn_top_hls.cpp:830]   --->   Operation 330 'br' 'br_ln830' <Predicate = (and_ln826)> <Delay = 0.00>

State 10 <SV = 9> <Delay = 3.60>
ST_10 : Operation 331 [1/1] ( I:0.00ns O:0.00ns )   --->   "%tmp_s = nbreadreq i1 @_ssdm_op_NbReadReq.ap_fifo.i41P0A, i41 %encoder_spikes, i32 1" [src/snn_top_hls.cpp:830]   --->   Operation 331 'nbreadreq' 'tmp_s' <Predicate = (encoder_enable)> <Delay = 0.00> <CoreInst = "FIFO">   --->   Core 77 'FIFO' <Latency = 0> <II = 1> <Delay = 3.60> <Storage> <Opcode : 'read' 'write' 'nbread' 'nbwrite'> <Ports = 0> <Width = 41> <Depth = 32> <FIFO>
ST_10 : Operation 332 [1/1] (0.00ns)   --->   "%br_ln830 = br i1 %tmp_s, void %if.else, void %if.then225" [src/snn_top_hls.cpp:830]   --->   Operation 332 'br' 'br_ln830' <Predicate = (encoder_enable)> <Delay = 0.00>
ST_10 : Operation 333 [1/1] ( I:1.29ns O:1.29ns )   --->   "%tmp_1 = nbreadreq i1 @_ssdm_op_NbReadReq.axis.i32P0A.i4P0A.i4P0A.i1P0A.i1P0A.i1P0A.i1P0A, i32 %s_axis_spikes_V_data_V, i4 %s_axis_spikes_V_keep_V, i4 %s_axis_spikes_V_strb_V, i1 %s_axis_spikes_V_user_V, i1 %s_axis_spikes_V_last_V, i1 %s_axis_spikes_V_id_V, i1 %s_axis_spikes_V_dest_V, i32 1" [src/snn_top_hls.cpp:840]   --->   Operation 333 'nbreadreq' 'tmp_1' <Predicate = (!tmp_s) | (!encoder_enable)> <Delay = 1.29> <CoreInst = "regslice">   --->   Core 135 'regslice' <Latency = 0> <II = 1> <Delay = 1.86> <Adapter> <Opcode : 'read' 'write'>
ST_10 : Operation 334 [1/1] (1.58ns)   --->   "%br_ln840 = br i1 %tmp_1, void %if.end253, void %if.then236" [src/snn_top_hls.cpp:840]   --->   Operation 334 'br' 'br_ln840' <Predicate = (!tmp_s) | (!encoder_enable)> <Delay = 1.58>
ST_10 : Operation 335 [1/1] ( I:0.51ns O:0.51ns )   --->   "%empty_60 = read i44 @_ssdm_op_Read.axis.volatile.i32P0A.i4P0A.i4P0A.i1P0A.i1P0A.i1P0A.i1P0A, i32 %s_axis_spikes_V_data_V, i4 %s_axis_spikes_V_keep_V, i4 %s_axis_spikes_V_strb_V, i1 %s_axis_spikes_V_user_V, i1 %s_axis_spikes_V_last_V, i1 %s_axis_spikes_V_id_V, i1 %s_axis_spikes_V_dest_V" [src/snn_top_hls.cpp:841]   --->   Operation 335 'read' 'empty_60' <Predicate = (!tmp_s & tmp_1) | (!encoder_enable & tmp_1)> <Delay = 0.51> <CoreInst = "regslice">   --->   Core 135 'regslice' <Latency = 0> <II = 1> <Delay = 1.86> <Adapter> <Opcode : 'read' 'write'>
ST_10 : Operation 336 [1/1] (0.00ns)   --->   "%in_pkt_data_1 = extractvalue i44 %empty_60" [src/snn_top_hls.cpp:841]   --->   Operation 336 'extractvalue' 'in_pkt_data_1' <Predicate = (!tmp_s & tmp_1) | (!encoder_enable & tmp_1)> <Delay = 0.00>
ST_10 : Operation 337 [1/1] (0.00ns)   --->   "%trunc_ln827 = trunc i32 %in_pkt_data_1" [src/snn_top_hls.cpp:827]   --->   Operation 337 'trunc' 'trunc_ln827' <Predicate = (!tmp_s & tmp_1) | (!encoder_enable & tmp_1)> <Delay = 0.00>
ST_10 : Operation 338 [1/1] (1.58ns)   --->   "%br_ln845 = br void %if.then240" [src/snn_top_hls.cpp:845]   --->   Operation 338 'br' 'br_ln845' <Predicate = (!tmp_s & tmp_1) | (!encoder_enable & tmp_1)> <Delay = 1.58>
ST_10 : Operation 339 [1/1] ( I:3.60ns O:3.60ns )   --->   "%encoder_spikes_read = read i41 @_ssdm_op_Read.ap_fifo.volatile.i41P0A, i41 %encoder_spikes" [src/snn_top_hls.cpp:831]   --->   Operation 339 'read' 'encoder_spikes_read' <Predicate = (encoder_enable & tmp_s)> <Delay = 3.60> <CoreInst = "FIFO">   --->   Core 77 'FIFO' <Latency = 0> <II = 1> <Delay = 3.60> <Storage> <Opcode : 'read' 'write' 'nbread' 'nbwrite'> <Ports = 0> <Width = 41> <Depth = 32> <FIFO>
ST_10 : Operation 340 [1/1] (0.00ns)   --->   "%enc_word_data = trunc i41 %encoder_spikes_read" [src/snn_top_hls.cpp:831]   --->   Operation 340 'trunc' 'enc_word_data' <Predicate = (encoder_enable & tmp_s)> <Delay = 0.00>
ST_10 : Operation 341 [1/1] (1.58ns)   --->   "%br_ln0 = br void %if.then240"   --->   Operation 341 'br' 'br_ln0' <Predicate = (encoder_enable & tmp_s)> <Delay = 1.58>

State 11 <SV = 10> <Delay = 4.39>
ST_11 : Operation 342 [1/1] (0.00ns)   --->   "%in_pkt_data_2 = phi i18 %trunc_ln827, void %if.then236, i18 %enc_word_data, void %if.then225"   --->   Operation 342 'phi' 'in_pkt_data_2' <Predicate = true> <Delay = 0.00>
ST_11 : Operation 343 [1/1] (0.00ns)   --->   "%trunc_ln846 = trunc i18 %in_pkt_data_2" [src/snn_top_hls.cpp:846]   --->   Operation 343 'trunc' 'trunc_ln846' <Predicate = true> <Delay = 0.00>
ST_11 : Operation 344 [1/1] (0.00ns)   --->   "%weight = partselect i8 @_ssdm_op_PartSelect.i8.i18.i32.i32, i18 %in_pkt_data_2, i32 10, i32 17" [src/snn_top_hls.cpp:847]   --->   Operation 344 'partselect' 'weight' <Predicate = true> <Delay = 0.00>
ST_11 : Operation 345 [1/1] (0.00ns)   --->   "%br_ln853 = br i1 %stdp_active, void %if.end251, void %if.then247" [src/snn_top_hls.cpp:853]   --->   Operation 345 'br' 'br_ln853' <Predicate = true> <Delay = 0.00>
ST_11 : Operation 346 [1/1] (0.00ns)   --->   "%timestamp_load_2 = load i32 %timestamp" [src/snn_top_hls.cpp:854]   --->   Operation 346 'load' 'timestamp_load_2' <Predicate = (stdp_active)> <Delay = 0.00>
ST_11 : Operation 347 [1/1] (0.00ns)   --->   "%trunc_ln854 = trunc i32 %timestamp_load_2" [src/snn_top_hls.cpp:854]   --->   Operation 347 'trunc' 'trunc_ln854' <Predicate = (stdp_active)> <Delay = 0.00>
ST_11 : Operation 348 [2/2] (4.39ns)   --->   "%call_ln854 = call void @process_pre_spike_aer, i8 %trunc_ln846, i16 %trunc_ln854, i8 %pre_traces_trace_0, i8 %pre_traces_trace_1, i16 %pre_traces_last_spike_time_0, i16 %pre_traces_last_spike_time_1, i8 %EXP_DECAY_LUT, i8 %post_traces_trace_1, i16 %post_traces_last_spike_time_1, i8 %post_traces_trace_0, i16 %post_traces_last_spike_time_0, i8 %p_ZL13weight_memory_0, i8 %p_ZL13weight_memory_1" [src/snn_top_hls.cpp:854]   --->   Operation 348 'call' 'call_ln854' <Predicate = (stdp_active)> <Delay = 4.39> <CoreType = "Generic">   --->   Generic Core
ST_11 : Operation 349 [1/1] (0.00ns)   --->   "%trunc_ln541 = trunc i18 %in_pkt_data_2" [src/snn_top_hls.cpp:541->src/snn_top_hls.cpp:855]   --->   Operation 349 'trunc' 'trunc_ln541' <Predicate = (stdp_active)> <Delay = 0.00>
ST_11 : Operation 350 [1/1] (0.00ns)   --->   "%lshr_ln6 = partselect i7 @_ssdm_op_PartSelect.i7.i18.i32.i32, i18 %in_pkt_data_2, i32 1, i32 7" [src/snn_top_hls.cpp:541->src/snn_top_hls.cpp:855]   --->   Operation 350 'partselect' 'lshr_ln6' <Predicate = (stdp_active)> <Delay = 0.00>
ST_11 : Operation 351 [1/1] (0.00ns)   --->   "%zext_ln541 = zext i7 %lshr_ln6" [src/snn_top_hls.cpp:541->src/snn_top_hls.cpp:855]   --->   Operation 351 'zext' 'zext_ln541' <Predicate = (stdp_active)> <Delay = 0.00>
ST_11 : Operation 352 [1/1] (0.00ns)   --->   "%p_ZL15pre_eligibility_0_addr = getelementptr i8 %p_ZL15pre_eligibility_0, i64 0, i64 %zext_ln541" [src/snn_top_hls.cpp:541->src/snn_top_hls.cpp:855]   --->   Operation 352 'getelementptr' 'p_ZL15pre_eligibility_0_addr' <Predicate = (stdp_active)> <Delay = 0.00>
ST_11 : Operation 353 [1/1] (0.00ns)   --->   "%p_ZL15pre_eligibility_1_addr = getelementptr i8 %p_ZL15pre_eligibility_1, i64 0, i64 %zext_ln541" [src/snn_top_hls.cpp:541->src/snn_top_hls.cpp:855]   --->   Operation 353 'getelementptr' 'p_ZL15pre_eligibility_1_addr' <Predicate = (stdp_active)> <Delay = 0.00>
ST_11 : Operation 354 [2/2] (3.25ns)   --->   "%p_ZL15pre_eligibility_0_load = load i7 %p_ZL15pre_eligibility_0_addr" [src/snn_top_hls.cpp:541->src/snn_top_hls.cpp:855]   --->   Operation 354 'load' 'p_ZL15pre_eligibility_0_load' <Predicate = (stdp_active)> <Delay = 3.25> <CoreInst = "RAM_2P_BRAM">   --->   Core 90 'RAM_2P_BRAM' <Latency = 1> <II = 1> <Delay = 3.25> <Storage> <Opcode : 'load' 'store'> <Ports = 2> <Width = 8> <Depth = 128> <RAM>
ST_11 : Operation 355 [2/2] (3.25ns)   --->   "%p_ZL15pre_eligibility_1_load = load i7 %p_ZL15pre_eligibility_1_addr" [src/snn_top_hls.cpp:541->src/snn_top_hls.cpp:855]   --->   Operation 355 'load' 'p_ZL15pre_eligibility_1_load' <Predicate = (stdp_active)> <Delay = 3.25> <CoreInst = "RAM_2P_BRAM">   --->   Core 90 'RAM_2P_BRAM' <Latency = 1> <II = 1> <Delay = 3.25> <Storage> <Opcode : 'load' 'store'> <Ports = 2> <Width = 8> <Depth = 128> <RAM>

State 12 <SV = 11> <Delay = 6.41>
ST_12 : Operation 356 [1/2] (0.00ns)   --->   "%call_ln854 = call void @process_pre_spike_aer, i8 %trunc_ln846, i16 %trunc_ln854, i8 %pre_traces_trace_0, i8 %pre_traces_trace_1, i16 %pre_traces_last_spike_time_0, i16 %pre_traces_last_spike_time_1, i8 %EXP_DECAY_LUT, i8 %post_traces_trace_1, i16 %post_traces_last_spike_time_1, i8 %post_traces_trace_0, i16 %post_traces_last_spike_time_0, i8 %p_ZL13weight_memory_0, i8 %p_ZL13weight_memory_1" [src/snn_top_hls.cpp:854]   --->   Operation 356 'call' 'call_ln854' <Predicate = true> <Delay = 0.00> <CoreType = "Generic">   --->   Generic Core
ST_12 : Operation 357 [1/2] ( I:3.25ns O:3.25ns )   --->   "%p_ZL15pre_eligibility_0_load = load i7 %p_ZL15pre_eligibility_0_addr" [src/snn_top_hls.cpp:541->src/snn_top_hls.cpp:855]   --->   Operation 357 'load' 'p_ZL15pre_eligibility_0_load' <Predicate = true> <Delay = 3.25> <CoreInst = "RAM_2P_BRAM">   --->   Core 90 'RAM_2P_BRAM' <Latency = 1> <II = 1> <Delay = 3.25> <Storage> <Opcode : 'load' 'store'> <Ports = 2> <Width = 8> <Depth = 128> <RAM>
ST_12 : Operation 358 [1/2] ( I:3.25ns O:3.25ns )   --->   "%p_ZL15pre_eligibility_1_load = load i7 %p_ZL15pre_eligibility_1_addr" [src/snn_top_hls.cpp:541->src/snn_top_hls.cpp:855]   --->   Operation 358 'load' 'p_ZL15pre_eligibility_1_load' <Predicate = true> <Delay = 3.25> <CoreInst = "RAM_2P_BRAM">   --->   Core 90 'RAM_2P_BRAM' <Latency = 1> <II = 1> <Delay = 3.25> <Storage> <Opcode : 'load' 'store'> <Ports = 2> <Width = 8> <Depth = 128> <RAM>
ST_12 : Operation 359 [1/1] (1.24ns)   --->   "%select_ln541 = select i1 %trunc_ln541, i8 %p_ZL15pre_eligibility_1_load, i8 %p_ZL15pre_eligibility_0_load" [src/snn_top_hls.cpp:541->src/snn_top_hls.cpp:855]   --->   Operation 359 'select' 'select_ln541' <Predicate = true> <Delay = 1.24> <CoreInst = "Sel">   --->   Core 73 'Sel' <Latency = 0> <II = 1> <Delay = 1.24> <FuncUnit> <Opcode : 'select'> <InPorts = 3> <OutPorts = 1>
ST_12 : Operation 360 [1/1] (0.00ns)   --->   "%sext_ln541 = sext i8 %select_ln541" [src/snn_top_hls.cpp:541->src/snn_top_hls.cpp:855]   --->   Operation 360 'sext' 'sext_ln541' <Predicate = true> <Delay = 0.00>
ST_12 : Operation 361 [1/1] (1.91ns)   --->   "%new_elig = add i9 %sext_ln541, i9 32" [src/snn_top_hls.cpp:541->src/snn_top_hls.cpp:855]   --->   Operation 361 'add' 'new_elig' <Predicate = true> <Delay = 1.91> <CoreInst = "Adder">   --->   Core 1 'Adder' <Latency = 0> <II = 1> <Delay = 1.91> <FuncUnit> <Opcode : 'add' 'sub'> <InPorts = 2> <OutPorts = 1>
ST_12 : Operation 362 [1/1] (0.00ns)   --->   "%tmp_18 = partselect i2 @_ssdm_op_PartSelect.i2.i9.i32.i32, i9 %new_elig, i32 7, i32 8" [src/snn_top_hls.cpp:542->src/snn_top_hls.cpp:855]   --->   Operation 362 'partselect' 'tmp_18' <Predicate = true> <Delay = 0.00>
ST_12 : Operation 363 [1/1] (0.00ns)   --->   "%trunc_ln542 = trunc i9 %new_elig" [src/snn_top_hls.cpp:542->src/snn_top_hls.cpp:855]   --->   Operation 363 'trunc' 'trunc_ln542' <Predicate = true> <Delay = 0.00>

State 13 <SV = 12> <Delay = 6.06>
ST_13 : Operation 364 [1/1] (1.56ns)   --->   "%icmp_ln542 = icmp_eq  i2 %tmp_18, i2 1" [src/snn_top_hls.cpp:542->src/snn_top_hls.cpp:855]   --->   Operation 364 'icmp' 'icmp_ln542' <Predicate = (and_ln826 & tmp_1 & stdp_active) | (encoder_enable & and_ln826 & tmp_s & stdp_active)> <Delay = 1.56> <CoreInst = "Cmp">   --->   Core 9 'Cmp' <Latency = 0> <II = 1> <Delay = 1.56> <FuncUnit> <Opcode : 'seteq' 'setne' 'setle' 'setge' 'setlt' 'setgt'> <InPorts = 2> <OutPorts = 1>
ST_13 : Operation 365 [1/1] (1.24ns)   --->   "%select_ln542 = select i1 %icmp_ln542, i8 127, i8 %trunc_ln542" [src/snn_top_hls.cpp:542->src/snn_top_hls.cpp:855]   --->   Operation 365 'select' 'select_ln542' <Predicate = (and_ln826 & tmp_1 & stdp_active) | (encoder_enable & and_ln826 & tmp_s & stdp_active)> <Delay = 1.24> <CoreInst = "Sel">   --->   Core 73 'Sel' <Latency = 0> <II = 1> <Delay = 1.24> <FuncUnit> <Opcode : 'select'> <InPorts = 3> <OutPorts = 1>
ST_13 : Operation 366 [1/1] (0.00ns)   --->   "%br_ln542 = br i1 %trunc_ln541, void %V1.i32.i4191063.case.0, void %V1.i32.i4191063.case.1" [src/snn_top_hls.cpp:542->src/snn_top_hls.cpp:855]   --->   Operation 366 'br' 'br_ln542' <Predicate = (and_ln826 & tmp_1 & stdp_active) | (encoder_enable & and_ln826 & tmp_s & stdp_active)> <Delay = 0.00>
ST_13 : Operation 367 [1/1] ( I:3.25ns O:3.25ns )   --->   "%store_ln542 = store i8 %select_ln542, i7 %p_ZL15pre_eligibility_0_addr" [src/snn_top_hls.cpp:542->src/snn_top_hls.cpp:855]   --->   Operation 367 'store' 'store_ln542' <Predicate = (and_ln826 & tmp_1 & stdp_active & !trunc_ln541) | (encoder_enable & and_ln826 & tmp_s & stdp_active & !trunc_ln541)> <Delay = 3.25> <CoreInst = "RAM_2P_BRAM">   --->   Core 90 'RAM_2P_BRAM' <Latency = 1> <II = 1> <Delay = 3.25> <Storage> <Opcode : 'load' 'store'> <Ports = 2> <Width = 8> <Depth = 128> <RAM>
ST_13 : Operation 368 [1/1] (0.00ns)   --->   "%br_ln542 = br void %V1.i32.i4191063.exit" [src/snn_top_hls.cpp:542->src/snn_top_hls.cpp:855]   --->   Operation 368 'br' 'br_ln542' <Predicate = (and_ln826 & tmp_1 & stdp_active & !trunc_ln541) | (encoder_enable & and_ln826 & tmp_s & stdp_active & !trunc_ln541)> <Delay = 0.00>
ST_13 : Operation 369 [1/1] ( I:3.25ns O:3.25ns )   --->   "%store_ln542 = store i8 %select_ln542, i7 %p_ZL15pre_eligibility_1_addr" [src/snn_top_hls.cpp:542->src/snn_top_hls.cpp:855]   --->   Operation 369 'store' 'store_ln542' <Predicate = (and_ln826 & tmp_1 & stdp_active & trunc_ln541) | (encoder_enable & and_ln826 & tmp_s & stdp_active & trunc_ln541)> <Delay = 3.25> <CoreInst = "RAM_2P_BRAM">   --->   Core 90 'RAM_2P_BRAM' <Latency = 1> <II = 1> <Delay = 3.25> <Storage> <Opcode : 'load' 'store'> <Ports = 2> <Width = 8> <Depth = 128> <RAM>
ST_13 : Operation 370 [1/1] (0.00ns)   --->   "%br_ln542 = br void %V1.i32.i4191063.exit" [src/snn_top_hls.cpp:542->src/snn_top_hls.cpp:855]   --->   Operation 370 'br' 'br_ln542' <Predicate = (and_ln826 & tmp_1 & stdp_active & trunc_ln541) | (encoder_enable & and_ln826 & tmp_s & stdp_active & trunc_ln541)> <Delay = 0.00>
ST_13 : Operation 371 [1/1] (0.00ns)   --->   "%br_ln856 = br void %if.end251" [src/snn_top_hls.cpp:856]   --->   Operation 371 'br' 'br_ln856' <Predicate = (and_ln826 & tmp_1 & stdp_active) | (encoder_enable & and_ln826 & tmp_s & stdp_active)> <Delay = 0.00>
ST_13 : Operation 372 [1/1] (0.00ns)   --->   "%spike_counter_load_1 = load i32 %spike_counter" [src/snn_top_hls.cpp:858]   --->   Operation 372 'load' 'spike_counter_load_1' <Predicate = (and_ln826 & tmp_1) | (encoder_enable & and_ln826 & tmp_s)> <Delay = 0.00>
ST_13 : Operation 373 [1/1] (2.55ns)   --->   "%add_ln858 = add i32 %spike_counter_load_1, i32 1" [src/snn_top_hls.cpp:858]   --->   Operation 373 'add' 'add_ln858' <Predicate = (and_ln826 & tmp_1) | (encoder_enable & and_ln826 & tmp_s)> <Delay = 2.55> <CoreInst = "Adder">   --->   Core 1 'Adder' <Latency = 0> <II = 1> <Delay = 2.55> <FuncUnit> <Opcode : 'add' 'sub'> <InPorts = 2> <OutPorts = 1>
ST_13 : Operation 374 [1/1] (1.58ns)   --->   "%store_ln858 = store i32 %add_ln858, i32 %spike_counter" [src/snn_top_hls.cpp:858]   --->   Operation 374 'store' 'store_ln858' <Predicate = (and_ln826 & tmp_1) | (encoder_enable & and_ln826 & tmp_s)> <Delay = 1.58>
ST_13 : Operation 375 [1/1] (1.58ns)   --->   "%br_ln859 = br void %if.end253" [src/snn_top_hls.cpp:859]   --->   Operation 375 'br' 'br_ln859' <Predicate = (and_ln826 & tmp_1) | (encoder_enable & and_ln826 & tmp_s)> <Delay = 1.58>
ST_13 : Operation 376 [1/1] (0.00ns)   --->   "%empty_61 = phi i8 %weight, void %if.end251, i8 0, void %if.end215, i8 0, void %if.else"   --->   Operation 376 'phi' 'empty_61' <Predicate = true> <Delay = 0.00>
ST_13 : Operation 377 [1/1] (0.00ns)   --->   "%empty_62 = phi i8 %trunc_ln846, void %if.end251, i8 0, void %if.end215, i8 0, void %if.else" [src/snn_top_hls.cpp:846]   --->   Operation 377 'phi' 'empty_62' <Predicate = true> <Delay = 0.00>
ST_13 : Operation 378 [1/1] (0.00ns)   --->   "%empty_63 = phi i1 1, void %if.end251, i1 0, void %if.end215, i1 0, void %if.else"   --->   Operation 378 'phi' 'empty_63' <Predicate = true> <Delay = 0.00>
ST_13 : Operation 379 [1/1] ( I:1.29ns O:1.29ns )   --->   "%tmp_3 = nbwritereq i1 @_ssdm_op_NbWriteReq.axis.i32P0A.i4P0A.i4P0A.i1P0A.i1P0A.i1P0A.i1P0A, i32 %m_axis_spikes_V_data_V, i4 %m_axis_spikes_V_keep_V, i4 %m_axis_spikes_V_strb_V, i1 %m_axis_spikes_V_user_V, i1 %m_axis_spikes_V_last_V, i1 %m_axis_spikes_V_id_V, i1 %m_axis_spikes_V_dest_V, i32 1" [src/snn_top_hls.cpp:863]   --->   Operation 379 'nbwritereq' 'tmp_3' <Predicate = true> <Delay = 1.29> <CoreInst = "regslice">   --->   Core 135 'regslice' <Latency = 0> <II = 1> <Delay = 1.86> <Adapter> <Opcode : 'read' 'write'>
ST_13 : Operation 380 [1/1] (0.00ns)   --->   "%store_ln865 = store i1 %empty_63, i1 %p_phi16" [src/snn_top_hls.cpp:865]   --->   Operation 380 'store' 'store_ln865' <Predicate = true> <Delay = 0.00>
ST_13 : Operation 381 [1/1] (0.00ns)   --->   "%store_ln865 = store i1 %tmp_3, i1 %p_phi17" [src/snn_top_hls.cpp:865]   --->   Operation 381 'store' 'store_ln865' <Predicate = true> <Delay = 0.00>
ST_13 : Operation 382 [1/1] (0.00ns)   --->   "%br_ln865 = br i1 %spike_out_valid_read, void %if.end292, void %land.lhs.true258" [src/snn_top_hls.cpp:865]   --->   Operation 382 'br' 'br_ln865' <Predicate = true> <Delay = 0.00>
ST_13 : Operation 383 [1/1] ( I:1.29ns O:1.29ns )   --->   "%tmp_2 = nbwritereq i1 @_ssdm_op_NbWriteReq.axis.i32P0A.i4P0A.i4P0A.i1P0A.i1P0A.i1P0A.i1P0A, i32 %m_axis_spikes_V_data_V, i4 %m_axis_spikes_V_keep_V, i4 %m_axis_spikes_V_strb_V, i1 %m_axis_spikes_V_user_V, i1 %m_axis_spikes_V_last_V, i1 %m_axis_spikes_V_id_V, i1 %m_axis_spikes_V_dest_V, i32 1" [src/snn_top_hls.cpp:865]   --->   Operation 383 'nbwritereq' 'tmp_2' <Predicate = (spike_out_valid_read)> <Delay = 1.29> <CoreInst = "regslice">   --->   Core 135 'regslice' <Latency = 0> <II = 1> <Delay = 1.86> <Adapter> <Opcode : 'read' 'write'>
ST_13 : Operation 384 [1/1] (0.00ns)   --->   "%br_ln865 = br i1 %tmp_2, void %if.end292, void %if.then260" [src/snn_top_hls.cpp:865]   --->   Operation 384 'br' 'br_ln865' <Predicate = (spike_out_valid_read)> <Delay = 0.00>
ST_13 : Operation 385 [1/1] (0.00ns)   --->   "%timestamp_load_3 = load i32 %timestamp" [src/snn_top_hls.cpp:873]   --->   Operation 385 'load' 'timestamp_load_3' <Predicate = (spike_out_valid_read & tmp_2)> <Delay = 0.00>
ST_13 : Operation 386 [1/1] (0.00ns)   --->   "%trunc_ln873 = trunc i32 %timestamp_load_3" [src/snn_top_hls.cpp:873]   --->   Operation 386 'trunc' 'trunc_ln873' <Predicate = (spike_out_valid_read & tmp_2)> <Delay = 0.00>
ST_13 : Operation 387 [1/1] (0.00ns)   --->   "%out_pkt_data = bitconcatenate i32 @_ssdm_op_BitConcatenate.i32.i14.i8.i10, i14 %trunc_ln873, i8 %spike_out_weight_read, i10 %zext_ln866" [src/snn_top_hls.cpp:873]   --->   Operation 387 'bitconcatenate' 'out_pkt_data' <Predicate = (spike_out_valid_read & tmp_2)> <Delay = 0.00>
ST_13 : Operation 388 [2/2] (1.29ns)   --->   "%write_ln880 = write void @_ssdm_op_Write.axis.volatile.i32P0A.i4P0A.i4P0A.i1P0A.i1P0A.i1P0A.i1P0A, i32 %m_axis_spikes_V_data_V, i4 %m_axis_spikes_V_keep_V, i4 %m_axis_spikes_V_strb_V, i1 %m_axis_spikes_V_user_V, i1 %m_axis_spikes_V_last_V, i1 %m_axis_spikes_V_id_V, i1 %m_axis_spikes_V_dest_V, i32 %out_pkt_data, i4 15, i4 15, i1 0, i1 1, i1 0, i1 0" [src/snn_top_hls.cpp:880]   --->   Operation 388 'write' 'write_ln880' <Predicate = (spike_out_valid_read & tmp_2)> <Delay = 1.29> <CoreInst = "regslice">   --->   Core 135 'regslice' <Latency = 0> <II = 1> <Delay = 1.86> <Adapter> <Opcode : 'read' 'write'>

State 14 <SV = 13> <Delay = 4.39>
ST_14 : Operation 389 [1/2] ( I:1.29ns O:1.29ns )   --->   "%write_ln880 = write void @_ssdm_op_Write.axis.volatile.i32P0A.i4P0A.i4P0A.i1P0A.i1P0A.i1P0A.i1P0A, i32 %m_axis_spikes_V_data_V, i4 %m_axis_spikes_V_keep_V, i4 %m_axis_spikes_V_strb_V, i1 %m_axis_spikes_V_user_V, i1 %m_axis_spikes_V_last_V, i1 %m_axis_spikes_V_id_V, i1 %m_axis_spikes_V_dest_V, i32 %out_pkt_data, i4 15, i4 15, i1 0, i1 1, i1 0, i1 0" [src/snn_top_hls.cpp:880]   --->   Operation 389 'write' 'write_ln880' <Predicate = true> <Delay = 1.29> <CoreInst = "regslice">   --->   Core 135 'regslice' <Latency = 0> <II = 1> <Delay = 1.86> <Adapter> <Opcode : 'read' 'write'>
ST_14 : Operation 390 [1/1] (0.00ns)   --->   "%br_ln882 = br i1 %stdp_active, void %if.end291, void %if.then287" [src/snn_top_hls.cpp:882]   --->   Operation 390 'br' 'br_ln882' <Predicate = true> <Delay = 0.00>
ST_14 : Operation 391 [1/1] (0.00ns)   --->   "%trunc_ln883 = trunc i32 %timestamp_load_3" [src/snn_top_hls.cpp:883]   --->   Operation 391 'trunc' 'trunc_ln883' <Predicate = (stdp_active)> <Delay = 0.00>
ST_14 : Operation 392 [2/2] (4.39ns)   --->   "%call_ln883 = call void @process_post_spike_aer, i8 %spike_out_neuron_id_read, i16 %trunc_ln883, i8 %post_traces_trace_0, i8 %post_traces_trace_1, i16 %post_traces_last_spike_time_0, i16 %post_traces_last_spike_time_1, i8 %EXP_DECAY_LUT, i8 %pre_traces_trace_1, i16 %pre_traces_last_spike_time_1, i8 %pre_traces_trace_0, i16 %pre_traces_last_spike_time_0, i8 %p_ZL13weight_memory_0, i8 %p_ZL13weight_memory_1" [src/snn_top_hls.cpp:883]   --->   Operation 392 'call' 'call_ln883' <Predicate = (stdp_active)> <Delay = 4.39> <CoreType = "Generic">   --->   Generic Core
ST_14 : Operation 393 [2/2] (3.25ns)   --->   "%p_ZL16post_eligibility_0_load = load i7 %p_ZL16post_eligibility_0_addr" [src/snn_top_hls.cpp:548->src/snn_top_hls.cpp:884]   --->   Operation 393 'load' 'p_ZL16post_eligibility_0_load' <Predicate = (stdp_active & !trunc_ln548)> <Delay = 3.25> <CoreInst = "RAM_2P_BRAM">   --->   Core 90 'RAM_2P_BRAM' <Latency = 1> <II = 1> <Delay = 3.25> <Storage> <Opcode : 'load' 'store'> <Ports = 2> <Width = 8> <Depth = 128> <RAM>
ST_14 : Operation 394 [2/2] (3.25ns)   --->   "%p_ZL16post_eligibility_1_load = load i7 %p_ZL16post_eligibility_1_addr" [src/snn_top_hls.cpp:548->src/snn_top_hls.cpp:884]   --->   Operation 394 'load' 'p_ZL16post_eligibility_1_load' <Predicate = (stdp_active & trunc_ln548)> <Delay = 3.25> <CoreInst = "RAM_2P_BRAM">   --->   Core 90 'RAM_2P_BRAM' <Latency = 1> <II = 1> <Delay = 3.25> <Storage> <Opcode : 'load' 'store'> <Ports = 2> <Width = 8> <Depth = 128> <RAM>

State 15 <SV = 14> <Delay = 6.41>
ST_15 : Operation 395 [1/2] (0.00ns)   --->   "%call_ln883 = call void @process_post_spike_aer, i8 %spike_out_neuron_id_read, i16 %trunc_ln883, i8 %post_traces_trace_0, i8 %post_traces_trace_1, i16 %post_traces_last_spike_time_0, i16 %post_traces_last_spike_time_1, i8 %EXP_DECAY_LUT, i8 %pre_traces_trace_1, i16 %pre_traces_last_spike_time_1, i8 %pre_traces_trace_0, i16 %pre_traces_last_spike_time_0, i8 %p_ZL13weight_memory_0, i8 %p_ZL13weight_memory_1" [src/snn_top_hls.cpp:883]   --->   Operation 395 'call' 'call_ln883' <Predicate = true> <Delay = 0.00> <CoreType = "Generic">   --->   Generic Core
ST_15 : Operation 396 [1/2] ( I:3.25ns O:3.25ns )   --->   "%p_ZL16post_eligibility_0_load = load i7 %p_ZL16post_eligibility_0_addr" [src/snn_top_hls.cpp:548->src/snn_top_hls.cpp:884]   --->   Operation 396 'load' 'p_ZL16post_eligibility_0_load' <Predicate = (!trunc_ln548)> <Delay = 3.25> <CoreInst = "RAM_2P_BRAM">   --->   Core 90 'RAM_2P_BRAM' <Latency = 1> <II = 1> <Delay = 3.25> <Storage> <Opcode : 'load' 'store'> <Ports = 2> <Width = 8> <Depth = 128> <RAM>
ST_15 : Operation 397 [1/2] ( I:3.25ns O:3.25ns )   --->   "%p_ZL16post_eligibility_1_load = load i7 %p_ZL16post_eligibility_1_addr" [src/snn_top_hls.cpp:548->src/snn_top_hls.cpp:884]   --->   Operation 397 'load' 'p_ZL16post_eligibility_1_load' <Predicate = (trunc_ln548)> <Delay = 3.25> <CoreInst = "RAM_2P_BRAM">   --->   Core 90 'RAM_2P_BRAM' <Latency = 1> <II = 1> <Delay = 3.25> <Storage> <Opcode : 'load' 'store'> <Ports = 2> <Width = 8> <Depth = 128> <RAM>
ST_15 : Operation 398 [1/1] (1.24ns)   --->   "%select_ln548 = select i1 %trunc_ln548, i8 %p_ZL16post_eligibility_1_load, i8 %p_ZL16post_eligibility_0_load" [src/snn_top_hls.cpp:548->src/snn_top_hls.cpp:884]   --->   Operation 398 'select' 'select_ln548' <Predicate = true> <Delay = 1.24> <CoreInst = "Sel">   --->   Core 73 'Sel' <Latency = 0> <II = 1> <Delay = 1.24> <FuncUnit> <Opcode : 'select'> <InPorts = 3> <OutPorts = 1>
ST_15 : Operation 399 [1/1] (0.00ns)   --->   "%sext_ln548 = sext i8 %select_ln548" [src/snn_top_hls.cpp:548->src/snn_top_hls.cpp:884]   --->   Operation 399 'sext' 'sext_ln548' <Predicate = true> <Delay = 0.00>
ST_15 : Operation 400 [1/1] (1.91ns)   --->   "%new_elig_1 = add i9 %sext_ln548, i9 32" [src/snn_top_hls.cpp:548->src/snn_top_hls.cpp:884]   --->   Operation 400 'add' 'new_elig_1' <Predicate = true> <Delay = 1.91> <CoreInst = "Adder">   --->   Core 1 'Adder' <Latency = 0> <II = 1> <Delay = 1.91> <FuncUnit> <Opcode : 'add' 'sub'> <InPorts = 2> <OutPorts = 1>
ST_15 : Operation 401 [1/1] (0.00ns)   --->   "%tmp_19 = partselect i2 @_ssdm_op_PartSelect.i2.i9.i32.i32, i9 %new_elig_1, i32 7, i32 8" [src/snn_top_hls.cpp:549->src/snn_top_hls.cpp:884]   --->   Operation 401 'partselect' 'tmp_19' <Predicate = true> <Delay = 0.00>
ST_15 : Operation 402 [1/1] (0.00ns)   --->   "%trunc_ln549 = trunc i9 %new_elig_1" [src/snn_top_hls.cpp:549->src/snn_top_hls.cpp:884]   --->   Operation 402 'trunc' 'trunc_ln549' <Predicate = true> <Delay = 0.00>

State 16 <SV = 15> <Delay = 6.06>
ST_16 : Operation 403 [1/1] (1.56ns)   --->   "%icmp_ln549 = icmp_eq  i2 %tmp_19, i2 1" [src/snn_top_hls.cpp:549->src/snn_top_hls.cpp:884]   --->   Operation 403 'icmp' 'icmp_ln549' <Predicate = (stdp_active & spike_out_valid_read & tmp_2)> <Delay = 1.56> <CoreInst = "Cmp">   --->   Core 9 'Cmp' <Latency = 0> <II = 1> <Delay = 1.56> <FuncUnit> <Opcode : 'seteq' 'setne' 'setle' 'setge' 'setlt' 'setgt'> <InPorts = 2> <OutPorts = 1>
ST_16 : Operation 404 [1/1] (1.24ns)   --->   "%select_ln549 = select i1 %icmp_ln549, i8 127, i8 %trunc_ln549" [src/snn_top_hls.cpp:549->src/snn_top_hls.cpp:884]   --->   Operation 404 'select' 'select_ln549' <Predicate = (stdp_active & spike_out_valid_read & tmp_2)> <Delay = 1.24> <CoreInst = "Sel">   --->   Core 73 'Sel' <Latency = 0> <II = 1> <Delay = 1.24> <FuncUnit> <Opcode : 'select'> <InPorts = 3> <OutPorts = 1>
ST_16 : Operation 405 [1/1] (0.00ns)   --->   "%br_ln549 = br i1 %trunc_ln548, void %V1.i32.i1025.case.0, void %V1.i32.i1025.case.1" [src/snn_top_hls.cpp:549->src/snn_top_hls.cpp:884]   --->   Operation 405 'br' 'br_ln549' <Predicate = (stdp_active & spike_out_valid_read & tmp_2)> <Delay = 0.00>
ST_16 : Operation 406 [1/1] ( I:3.25ns O:3.25ns )   --->   "%store_ln549 = store i8 %select_ln549, i7 %p_ZL16post_eligibility_0_addr" [src/snn_top_hls.cpp:549->src/snn_top_hls.cpp:884]   --->   Operation 406 'store' 'store_ln549' <Predicate = (stdp_active & spike_out_valid_read & tmp_2 & !trunc_ln548)> <Delay = 3.25> <CoreInst = "RAM_2P_BRAM">   --->   Core 90 'RAM_2P_BRAM' <Latency = 1> <II = 1> <Delay = 3.25> <Storage> <Opcode : 'load' 'store'> <Ports = 2> <Width = 8> <Depth = 128> <RAM>
ST_16 : Operation 407 [1/1] (0.00ns)   --->   "%br_ln549 = br void %V1.i32.i1025.exit" [src/snn_top_hls.cpp:549->src/snn_top_hls.cpp:884]   --->   Operation 407 'br' 'br_ln549' <Predicate = (stdp_active & spike_out_valid_read & tmp_2 & !trunc_ln548)> <Delay = 0.00>
ST_16 : Operation 408 [1/1] ( I:3.25ns O:3.25ns )   --->   "%store_ln549 = store i8 %select_ln549, i7 %p_ZL16post_eligibility_1_addr" [src/snn_top_hls.cpp:549->src/snn_top_hls.cpp:884]   --->   Operation 408 'store' 'store_ln549' <Predicate = (stdp_active & spike_out_valid_read & tmp_2 & trunc_ln548)> <Delay = 3.25> <CoreInst = "RAM_2P_BRAM">   --->   Core 90 'RAM_2P_BRAM' <Latency = 1> <II = 1> <Delay = 3.25> <Storage> <Opcode : 'load' 'store'> <Ports = 2> <Width = 8> <Depth = 128> <RAM>
ST_16 : Operation 409 [1/1] (0.00ns)   --->   "%br_ln549 = br void %V1.i32.i1025.exit" [src/snn_top_hls.cpp:549->src/snn_top_hls.cpp:884]   --->   Operation 409 'br' 'br_ln549' <Predicate = (stdp_active & spike_out_valid_read & tmp_2 & trunc_ln548)> <Delay = 0.00>
ST_16 : Operation 410 [1/1] (0.00ns)   --->   "%br_ln885 = br void %if.end291" [src/snn_top_hls.cpp:885]   --->   Operation 410 'br' 'br_ln885' <Predicate = (stdp_active & spike_out_valid_read & tmp_2)> <Delay = 0.00>
ST_16 : Operation 411 [1/1] (0.00ns)   --->   "%br_ln886 = br void %if.end292" [src/snn_top_hls.cpp:886]   --->   Operation 411 'br' 'br_ln886' <Predicate = (spike_out_valid_read & tmp_2)> <Delay = 0.00>
ST_16 : Operation 412 [1/1] (0.00ns)   --->   "%p_load = load i1 %empty_59" [src/snn_top_hls.cpp:889]   --->   Operation 412 'load' 'p_load' <Predicate = true> <Delay = 0.00>
ST_16 : Operation 413 [1/1] (0.97ns)   --->   "%and_ln889_1 = and i1 %p_load, i1 %xor_ln889" [src/snn_top_hls.cpp:889]   --->   Operation 413 'and' 'and_ln889_1' <Predicate = true> <Delay = 0.97> <CoreInst = "LogicGate">   --->   Core 74 'LogicGate' <Latency = 0> <II = 1> <Delay = 0.97> <FuncUnit> <Opcode : 'and' 'or' 'xor'> <InPorts = 2> <OutPorts = 1>
ST_16 : Operation 414 [1/1] (0.00ns)   --->   "%br_ln889 = br i1 %or_ln889, void %if.then295, void %if.end292.if.end298_crit_edge" [src/snn_top_hls.cpp:889]   --->   Operation 414 'br' 'br_ln889' <Predicate = true> <Delay = 0.00>
ST_16 : Operation 415 [1/1] (1.70ns)   --->   "%store_ln889 = store i1 %and_ln889_1, i1 %empty_59" [src/snn_top_hls.cpp:889]   --->   Operation 415 'store' 'store_ln889' <Predicate = (or_ln889)> <Delay = 1.70>
ST_16 : Operation 416 [1/1] (0.00ns)   --->   "%br_ln889 = br void %if.end298" [src/snn_top_hls.cpp:889]   --->   Operation 416 'br' 'br_ln889' <Predicate = (or_ln889)> <Delay = 0.00>

State 17 <SV = 16> <Delay = 6.48>
ST_17 : Operation 417 [2/2] (6.48ns)   --->   "%call_ln890 = call void @apply_rstdp_reward, i8 %reward_signal_read, i1 %learning_params_rstdp_enable, i8 %p_ZL15pre_eligibility_0, i8 %p_ZL15pre_eligibility_1, i8 %p_ZL16post_eligibility_0, i8 %p_ZL16post_eligibility_1, i8 %p_ZL13weight_memory_0, i8 %p_ZL13weight_memory_1" [src/snn_top_hls.cpp:890]   --->   Operation 417 'call' 'call_ln890' <Predicate = true> <Delay = 6.48> <CoreType = "Generic">   --->   Generic Core

State 18 <SV = 17> <Delay = 0.00>
ST_18 : Operation 418 [1/2] (0.00ns)   --->   "%call_ln890 = call void @apply_rstdp_reward, i8 %reward_signal_read, i1 %learning_params_rstdp_enable, i8 %p_ZL15pre_eligibility_0, i8 %p_ZL15pre_eligibility_1, i8 %p_ZL16post_eligibility_0, i8 %p_ZL16post_eligibility_1, i8 %p_ZL13weight_memory_0, i8 %p_ZL13weight_memory_1" [src/snn_top_hls.cpp:890]   --->   Operation 418 'call' 'call_ln890' <Predicate = true> <Delay = 0.00> <CoreType = "Generic">   --->   Generic Core

State 19 <SV = 18> <Delay = 0.00>
ST_19 : Operation 419 [2/2] (0.00ns)   --->   "%call_ln891 = call void @decay_eligibility_traces, i8 %p_ZL15pre_eligibility_0, i8 %p_ZL15pre_eligibility_1, i8 %p_ZL16post_eligibility_0, i8 %p_ZL16post_eligibility_1" [src/snn_top_hls.cpp:891]   --->   Operation 419 'call' 'call_ln891' <Predicate = true> <Delay = 0.00> <CoreType = "Generic">   --->   Generic Core

State 20 <SV = 19> <Delay = 3.50>
ST_20 : Operation 420 [1/2] (0.00ns)   --->   "%call_ln891 = call void @decay_eligibility_traces, i8 %p_ZL15pre_eligibility_0, i8 %p_ZL15pre_eligibility_1, i8 %p_ZL16post_eligibility_0, i8 %p_ZL16post_eligibility_1" [src/snn_top_hls.cpp:891]   --->   Operation 420 'call' 'call_ln891' <Predicate = (!or_ln889)> <Delay = 0.00> <CoreType = "Generic">   --->   Generic Core
ST_20 : Operation 421 [1/1] (1.70ns)   --->   "%store_ln0 = store i1 1, i1 %empty_59"   --->   Operation 421 'store' 'store_ln0' <Predicate = (!or_ln889)> <Delay = 1.70>
ST_20 : Operation 422 [1/1] (0.00ns)   --->   "%br_ln892 = br void %if.end298" [src/snn_top_hls.cpp:892]   --->   Operation 422 'br' 'br_ln892' <Predicate = (!or_ln889)> <Delay = 0.00>
ST_20 : Operation 423 [1/1] (0.00ns)   --->   "%br_ln895 = br i1 %or_ln895, void %if.end345, void %land.lhs.true300" [src/snn_top_hls.cpp:895]   --->   Operation 423 'br' 'br_ln895' <Predicate = true> <Delay = 0.00>
ST_20 : Operation 424 [1/1] ( I:1.29ns O:1.29ns )   --->   "%tmp_6 = nbwritereq i1 @_ssdm_op_NbWriteReq.axis.i32P0A.i4P0A.i4P0A.i1P0A.i1P0A.i1P0A.i1P0A, i32 %m_axis_weights_V_data_V, i4 %m_axis_weights_V_keep_V, i4 %m_axis_weights_V_strb_V, i1 %m_axis_weights_V_user_V, i1 %m_axis_weights_V_last_V, i1 %m_axis_weights_V_id_V, i1 %m_axis_weights_V_dest_V, i32 1" [src/snn_top_hls.cpp:895]   --->   Operation 424 'nbwritereq' 'tmp_6' <Predicate = (or_ln895)> <Delay = 1.29> <CoreInst = "regslice">   --->   Core 135 'regslice' <Latency = 0> <II = 1> <Delay = 1.86> <Adapter> <Opcode : 'read' 'write'>
ST_20 : Operation 425 [1/1] (0.00ns)   --->   "%br_ln895 = br i1 %tmp_6, void %if.end345, void %if.then302" [src/snn_top_hls.cpp:895]   --->   Operation 425 'br' 'br_ln895' <Predicate = (or_ln895)> <Delay = 0.00>
ST_20 : Operation 426 [1/1] (0.00ns)   --->   "%checkpoint_col_load = load i8 %checkpoint_col" [src/snn_top_hls.cpp:899]   --->   Operation 426 'load' 'checkpoint_col_load' <Predicate = (or_ln895 & tmp_6)> <Delay = 0.00>
ST_20 : Operation 427 [1/1] (0.00ns)   --->   "%trunc_ln900 = trunc i8 %checkpoint_col_load" [src/snn_top_hls.cpp:900]   --->   Operation 427 'trunc' 'trunc_ln900' <Predicate = (or_ln895 & tmp_6)> <Delay = 0.00>
ST_20 : Operation 428 [1/1] (0.00ns)   --->   "%lshr_ln7 = partselect i7 @_ssdm_op_PartSelect.i7.i8.i32.i32, i8 %checkpoint_col_load, i32 1, i32 7" [src/snn_top_hls.cpp:900]   --->   Operation 428 'partselect' 'lshr_ln7' <Predicate = (or_ln895 & tmp_6)> <Delay = 0.00>
ST_20 : Operation 429 [1/1] (0.00ns)   --->   "%zext_ln900 = zext i7 %lshr_ln7" [src/snn_top_hls.cpp:900]   --->   Operation 429 'zext' 'zext_ln900' <Predicate = (or_ln895 & tmp_6)> <Delay = 0.00>
ST_20 : Operation 430 [1/1] (0.00ns)   --->   "%p_ZL13weight_memory_0_addr = getelementptr i8 %p_ZL13weight_memory_0, i64 0, i64 %zext_ln900" [src/snn_top_hls.cpp:900]   --->   Operation 430 'getelementptr' 'p_ZL13weight_memory_0_addr' <Predicate = (or_ln895 & tmp_6)> <Delay = 0.00>
ST_20 : Operation 431 [1/1] (0.00ns)   --->   "%p_ZL13weight_memory_1_addr = getelementptr i8 %p_ZL13weight_memory_1, i64 0, i64 %zext_ln900" [src/snn_top_hls.cpp:900]   --->   Operation 431 'getelementptr' 'p_ZL13weight_memory_1_addr' <Predicate = (or_ln895 & tmp_6)> <Delay = 0.00>
ST_20 : Operation 432 [2/2] (3.25ns)   --->   "%p_ZL13weight_memory_0_load = load i15 %p_ZL13weight_memory_0_addr" [src/snn_top_hls.cpp:900]   --->   Operation 432 'load' 'p_ZL13weight_memory_0_load' <Predicate = (or_ln895 & tmp_6)> <Delay = 3.25> <CoreInst = "RAM_2P_BRAM">   --->   Core 90 'RAM_2P_BRAM' <Latency = 1> <II = 1> <Delay = 3.25> <Storage> <Opcode : 'load' 'store'> <Ports = 2> <Width = 8> <Depth = 32768> <RAM>
ST_20 : Operation 433 [2/2] (3.25ns)   --->   "%p_ZL13weight_memory_1_load = load i15 %p_ZL13weight_memory_1_addr" [src/snn_top_hls.cpp:900]   --->   Operation 433 'load' 'p_ZL13weight_memory_1_load' <Predicate = (or_ln895 & tmp_6)> <Delay = 3.25> <CoreInst = "RAM_2P_BRAM">   --->   Core 90 'RAM_2P_BRAM' <Latency = 1> <II = 1> <Delay = 3.25> <Storage> <Opcode : 'load' 'store'> <Ports = 2> <Width = 8> <Depth = 32768> <RAM>
ST_20 : Operation 434 [1/1] (1.91ns)   --->   "%add_ln909 = add i8 %checkpoint_col_load, i8 1" [src/snn_top_hls.cpp:909]   --->   Operation 434 'add' 'add_ln909' <Predicate = (or_ln895 & tmp_6)> <Delay = 1.91> <CoreInst = "Adder">   --->   Core 1 'Adder' <Latency = 0> <II = 1> <Delay = 1.91> <FuncUnit> <Opcode : 'add' 'sub'> <InPorts = 2> <OutPorts = 1>
ST_20 : Operation 435 [1/1] (1.58ns)   --->   "%store_ln909 = store i8 %add_ln909, i8 %checkpoint_col" [src/snn_top_hls.cpp:909]   --->   Operation 435 'store' 'store_ln909' <Predicate = (or_ln895 & tmp_6)> <Delay = 1.58>

State 21 <SV = 20> <Delay = 5.79>
ST_21 : Operation 436 [1/2] ( I:3.25ns O:3.25ns )   --->   "%p_ZL13weight_memory_0_load = load i15 %p_ZL13weight_memory_0_addr" [src/snn_top_hls.cpp:900]   --->   Operation 436 'load' 'p_ZL13weight_memory_0_load' <Predicate = true> <Delay = 3.25> <CoreInst = "RAM_2P_BRAM">   --->   Core 90 'RAM_2P_BRAM' <Latency = 1> <II = 1> <Delay = 3.25> <Storage> <Opcode : 'load' 'store'> <Ports = 2> <Width = 8> <Depth = 32768> <RAM>
ST_21 : Operation 437 [1/2] ( I:3.25ns O:3.25ns )   --->   "%p_ZL13weight_memory_1_load = load i15 %p_ZL13weight_memory_1_addr" [src/snn_top_hls.cpp:900]   --->   Operation 437 'load' 'p_ZL13weight_memory_1_load' <Predicate = true> <Delay = 3.25> <CoreInst = "RAM_2P_BRAM">   --->   Core 90 'RAM_2P_BRAM' <Latency = 1> <II = 1> <Delay = 3.25> <Storage> <Opcode : 'load' 'store'> <Ports = 2> <Width = 8> <Depth = 32768> <RAM>
ST_21 : Operation 438 [1/1] (1.24ns)   --->   "%select_ln900 = select i1 %trunc_ln900, i8 %p_ZL13weight_memory_1_load, i8 %p_ZL13weight_memory_0_load" [src/snn_top_hls.cpp:900]   --->   Operation 438 'select' 'select_ln900' <Predicate = true> <Delay = 1.24> <CoreInst = "Sel">   --->   Core 73 'Sel' <Latency = 0> <II = 1> <Delay = 1.24> <FuncUnit> <Opcode : 'select'> <InPorts = 3> <OutPorts = 1>
ST_21 : Operation 439 [1/1] (0.00ns)   --->   "%tmp_7 = bitconcatenate i24 @_ssdm_op_BitConcatenate.i24.i8.i8.i8, i8 %select_ln900, i8 %checkpoint_col_load, i8 0" [src/snn_top_hls.cpp:900]   --->   Operation 439 'bitconcatenate' 'tmp_7' <Predicate = true> <Delay = 0.00>
ST_21 : Operation 440 [1/1] (0.00ns)   --->   "%zext_ln900_1 = zext i24 %tmp_7" [src/snn_top_hls.cpp:900]   --->   Operation 440 'zext' 'zext_ln900_1' <Predicate = true> <Delay = 0.00>
ST_21 : Operation 441 [2/2] (1.29ns)   --->   "%write_ln907 = write void @_ssdm_op_Write.axis.volatile.i32P0A.i4P0A.i4P0A.i1P0A.i1P0A.i1P0A.i1P0A, i32 %m_axis_weights_V_data_V, i4 %m_axis_weights_V_keep_V, i4 %m_axis_weights_V_strb_V, i1 %m_axis_weights_V_user_V, i1 %m_axis_weights_V_last_V, i1 %m_axis_weights_V_id_V, i1 %m_axis_weights_V_dest_V, i32 %zext_ln900_1, i4 15, i4 15, i1 0, i1 0, i1 0, i1 0" [src/snn_top_hls.cpp:907]   --->   Operation 441 'write' 'write_ln907' <Predicate = true> <Delay = 1.29> <CoreInst = "regslice">   --->   Core 135 'regslice' <Latency = 0> <II = 1> <Delay = 1.86> <Adapter> <Opcode : 'read' 'write'>

State 22 <SV = 21> <Delay = 4.14>
ST_22 : Operation 442 [1/2] ( I:1.29ns O:1.29ns )   --->   "%write_ln907 = write void @_ssdm_op_Write.axis.volatile.i32P0A.i4P0A.i4P0A.i1P0A.i1P0A.i1P0A.i1P0A, i32 %m_axis_weights_V_data_V, i4 %m_axis_weights_V_keep_V, i4 %m_axis_weights_V_strb_V, i1 %m_axis_weights_V_user_V, i1 %m_axis_weights_V_last_V, i1 %m_axis_weights_V_id_V, i1 %m_axis_weights_V_dest_V, i32 %zext_ln900_1, i4 15, i4 15, i1 0, i1 0, i1 0, i1 0" [src/snn_top_hls.cpp:907]   --->   Operation 442 'write' 'write_ln907' <Predicate = (or_ln895 & tmp_6)> <Delay = 1.29> <CoreInst = "regslice">   --->   Core 135 'regslice' <Latency = 0> <II = 1> <Delay = 1.86> <Adapter> <Opcode : 'read' 'write'>
ST_22 : Operation 443 [1/1] (0.00ns)   --->   "%br_ln917 = br void %if.end345" [src/snn_top_hls.cpp:917]   --->   Operation 443 'br' 'br_ln917' <Predicate = (or_ln895 & tmp_6)> <Delay = 0.00>
ST_22 : Operation 444 [1/1] (0.00ns)   --->   "%br_ln919 = br i1 %enable, void %for.inc349, void %if.then346" [src/snn_top_hls.cpp:919]   --->   Operation 444 'br' 'br_ln919' <Predicate = true> <Delay = 0.00>
ST_22 : Operation 445 [1/1] (0.00ns)   --->   "%timestamp_load_4 = load i32 %timestamp" [src/snn_top_hls.cpp:920]   --->   Operation 445 'load' 'timestamp_load_4' <Predicate = (enable)> <Delay = 0.00>
ST_22 : Operation 446 [1/1] (2.55ns)   --->   "%add_ln920 = add i32 %timestamp_load_4, i32 1" [src/snn_top_hls.cpp:920]   --->   Operation 446 'add' 'add_ln920' <Predicate = (enable)> <Delay = 2.55> <CoreInst = "Adder">   --->   Core 1 'Adder' <Latency = 0> <II = 1> <Delay = 2.55> <FuncUnit> <Opcode : 'add' 'sub'> <InPorts = 2> <OutPorts = 1>
ST_22 : Operation 447 [1/1] (1.58ns)   --->   "%store_ln920 = store i32 %add_ln920, i32 %timestamp" [src/snn_top_hls.cpp:920]   --->   Operation 447 'store' 'store_ln920' <Predicate = (enable)> <Delay = 1.58>
ST_22 : Operation 448 [1/1] (0.00ns)   --->   "%br_ln921 = br void %for.inc349" [src/snn_top_hls.cpp:921]   --->   Operation 448 'br' 'br_ln921' <Predicate = (enable)> <Delay = 0.00>
ST_22 : Operation 449 [1/1] (1.58ns)   --->   "%store_ln814 = store i16 %t_2, i16 %t" [src/snn_top_hls.cpp:814]   --->   Operation 449 'store' 'store_ln814' <Predicate = true> <Delay = 1.58>
ST_22 : Operation 450 [1/1] (0.00ns)   --->   "%store_ln847 = store i8 %empty_61, i8 %p_phi" [src/snn_top_hls.cpp:847]   --->   Operation 450 'store' 'store_ln847' <Predicate = true> <Delay = 0.00>
ST_22 : Operation 451 [1/1] (0.00ns)   --->   "%store_ln846 = store i8 %empty_62, i8 %p_phi15" [src/snn_top_hls.cpp:846]   --->   Operation 451 'store' 'store_ln846' <Predicate = true> <Delay = 0.00>
ST_22 : Operation 452 [1/1] (0.00ns)   --->   "%br_ln814 = br void %for.body211" [src/snn_top_hls.cpp:814]   --->   Operation 452 'br' 'br_ln814' <Predicate = true> <Delay = 0.00>

State 23 <SV = 8> <Delay = 0.00>
ST_23 : Operation 453 [1/2] (0.00ns)   --->   "%call_ln0 = call void @snn_top_hls_Pipeline_WEIGHT_SUM, i14 %weight_sum_loc, i8 %p_ZL13weight_memory_0, i8 %p_ZL13weight_memory_1"   --->   Operation 453 'call' 'call_ln0' <Predicate = true> <Delay = 0.00> <CoreType = "Generic">   --->   Generic Core

State 24 <SV = 9> <Delay = 1.00>
ST_24 : Operation 454 [1/1] (0.00ns)   --->   "%p_load73 = load i1 %empty_59" [src/snn_top_hls.cpp:941]   --->   Operation 454 'load' 'p_load73' <Predicate = true> <Delay = 0.00>
ST_24 : Operation 455 [1/1] (0.00ns)   --->   "%status = bitconcatenate i8 @_ssdm_op_BitConcatenate.i8.i2.i1.i1.i1.i1.i1.i1, i2 %op_mode, i1 %encoder_enable, i1 %p_load73, i1 0, i1 %stdp_active, i1 %snn_busy_read, i1 %snn_ready_read" [src/snn_top_hls.cpp:941]   --->   Operation 455 'bitconcatenate' 'status' <Predicate = true> <Delay = 0.00>
ST_24 : Operation 456 [1/1] (0.00ns)   --->   "%zext_ln941 = zext i8 %status" [src/snn_top_hls.cpp:941]   --->   Operation 456 'zext' 'zext_ln941' <Predicate = true> <Delay = 0.00>
ST_24 : Operation 457 [1/1] (1.00ns)   --->   "%write_ln943 = write void @_ssdm_op_Write.s_axilite.i32P0A, i32 %status_reg, i32 %zext_ln941" [src/snn_top_hls.cpp:943]   --->   Operation 457 'write' 'write_ln943' <Predicate = true> <Delay = 1.00> <CoreInst = "s_axilite">   --->   Core 112 's_axilite' <Latency = 0> <II = 1> <Delay = 1.00> <Adapter> <Opcode : 'read' 'write'>
ST_24 : Operation 458 [1/1] (0.00ns)   --->   "%spike_counter_load = load i32 %spike_counter" [src/snn_top_hls.cpp:944]   --->   Operation 458 'load' 'spike_counter_load' <Predicate = true> <Delay = 0.00>
ST_24 : Operation 459 [1/1] (1.00ns)   --->   "%write_ln944 = write void @_ssdm_op_Write.s_axilite.i32P0A, i32 %spike_count_reg, i32 %spike_counter_load" [src/snn_top_hls.cpp:944]   --->   Operation 459 'write' 'write_ln944' <Predicate = true> <Delay = 1.00> <CoreInst = "s_axilite">   --->   Core 112 's_axilite' <Latency = 0> <II = 1> <Delay = 1.00> <Adapter> <Opcode : 'read' 'write'>
ST_24 : Operation 460 [1/1] (1.00ns)   --->   "%write_ln945 = write void @_ssdm_op_Write.s_axilite.i32P0A, i32 %version_reg, i32 539300357" [src/snn_top_hls.cpp:945]   --->   Operation 460 'write' 'write_ln945' <Predicate = true> <Delay = 1.00> <CoreInst = "s_axilite">   --->   Core 112 's_axilite' <Latency = 0> <II = 1> <Delay = 1.00> <Adapter> <Opcode : 'read' 'write'>
ST_24 : Operation 461 [1/1] (0.00ns)   --->   "%weight_sum_loc_load = load i14 %weight_sum_loc"   --->   Operation 461 'load' 'weight_sum_loc_load' <Predicate = true> <Delay = 0.00>
ST_24 : Operation 462 [1/1] (0.00ns)   --->   "%sext_ln949 = sext i14 %weight_sum_loc_load" [src/snn_top_hls.cpp:949]   --->   Operation 462 'sext' 'sext_ln949' <Predicate = true> <Delay = 0.00>
ST_24 : Operation 463 [1/1] (1.00ns)   --->   "%write_ln955 = write void @_ssdm_op_Write.s_axilite.i32P0A, i32 %weight_sum_reg, i32 %sext_ln949" [src/snn_top_hls.cpp:955]   --->   Operation 463 'write' 'write_ln955' <Predicate = true> <Delay = 1.00> <CoreInst = "s_axilite">   --->   Core 112 's_axilite' <Latency = 0> <II = 1> <Delay = 1.00> <Adapter> <Opcode : 'read' 'write'>

State 25 <SV = 10> <Delay = 0.00>

State 26 <SV = 11> <Delay = 0.00>

State 27 <SV = 12> <Delay = 0.00>

State 28 <SV = 13> <Delay = 0.00>

State 29 <SV = 14> <Delay = 0.00>

State 30 <SV = 15> <Delay = 0.00>

State 31 <SV = 16> <Delay = 0.00>

State 32 <SV = 17> <Delay = 0.00>

State 33 <SV = 18> <Delay = 0.00>

State 34 <SV = 19> <Delay = 0.00>

State 35 <SV = 20> <Delay = 0.00>
ST_35 : Operation 464 [1/1] (0.00ns)   --->   "%ret_ln956 = ret" [src/snn_top_hls.cpp:956]   --->   Operation 464 'ret' 'ret_ln956' <Predicate = true> <Delay = 0.00>


============================================================
+ Verbose Summary: Timing violations
============================================================
Target clock period: 10.000ns, clock uncertainty: 2.700ns.

 <State 1>: 5.232ns
The critical path consists of the following:
	s_axi read operation ('time_steps_reg_read') on port 'time_steps_reg' [102]  (1.000 ns)
	'icmp' operation 1 bit ('icmp_ln703', src/snn_top_hls.cpp:703) [255]  (2.552 ns)
	'select' operation 16 bit ('time_steps', src/snn_top_hls.cpp:703) [257]  (0.805 ns)
	blocking operation 0.875 ns on control path)

 <State 2>: 4.999ns
The critical path consists of the following:
	'call' operation ('call_ln0') to 'snn_top_hls_Pipeline_RESET_ELIG' [277]  (4.999 ns)

 <State 3>: 5.283ns
The critical path consists of the following:
	'call' operation ('call_ln0') to 'snn_top_hls_Pipeline_INIT_WEIGHT_OUTER_INIT_WEIGHT_INNER' [283]  (5.283 ns)

 <State 4>: 3.254ns
The critical path consists of the following:
	'store' operation ('store_ln767', src/snn_top_hls.cpp:767) of variable 'weight_val', src/snn_top_hls.cpp:764 8 bit on array 'p_ZL13weight_memory_0' [307]  (3.254 ns)

 <State 5>: 3.772ns
The critical path consists of the following:
	'call' operation ('call_ln0') to 'snn_top_hls_Pipeline_LOAD_FRAME' [333]  (3.772 ns)

 <State 6>: 7.984ns
The critical path consists of the following:
	'call' operation ('call_ln0') to 'snn_top_hls_Pipeline_LOAD_FRAME' [333]  (7.984 ns)

 <State 7>: 4.131ns
The critical path consists of the following:
	'icmp' operation 1 bit ('icmp_ln803', src/snn_top_hls.cpp:803) [339]  (1.565 ns)
	'and' operation 1 bit ('and_ln803', src/snn_top_hls.cpp:803) [340]  (0.978 ns)
	blocking operation 1.588 ns on control path)

 <State 8>: 6.720ns
The critical path consists of the following:
	'load' operation 16 bit ('t', src/snn_top_hls.cpp:814) on local variable 't', src/snn_top_hls.cpp:814 [368]  (0.000 ns)
	'icmp' operation 1 bit ('icmp_ln814', src/snn_top_hls.cpp:814) [369]  (2.077 ns)
	'call' operation ('call_ln818', src/snn_top_hls.cpp:818) to 'run_encoder_once' [381]  (4.643 ns)

 <State 9>: 1.588ns
The critical path consists of the following:
	multiplexor before 'phi' operation 8 bit ('weight') with incoming values : ('weight', src/snn_top_hls.cpp:847) [440]  (1.588 ns)
	'br' operation ('br_ln826', src/snn_top_hls.cpp:826) [384]  (1.588 ns)

 <State 10>: 3.607ns
The critical path consists of the following:
	fifo request operation ('tmp_s', src/snn_top_hls.cpp:830) on port 'encoder_spikes', src/snn_top_hls.cpp:808 (src/snn_top_hls.cpp:830) [388]  (0.000 ns)
	fifo read operation ('encoder_spikes_read', src/snn_top_hls.cpp:831) on port 'encoder_spikes', src/snn_top_hls.cpp:808 (src/snn_top_hls.cpp:831) [399]  (3.607 ns)

 <State 11>: 4.399ns
The critical path consists of the following:
	'phi' operation 18 bit ('enc_word.data') with incoming values : ('trunc_ln827', src/snn_top_hls.cpp:827) ('enc_word.data', src/snn_top_hls.cpp:831) [403]  (0.000 ns)
	'call' operation ('call_ln854', src/snn_top_hls.cpp:854) to 'process_pre_spike_aer' [410]  (4.399 ns)

 <State 12>: 6.417ns
The critical path consists of the following:
	'load' operation 8 bit ('p_ZL15pre_eligibility_0_load', src/snn_top_hls.cpp:541->src/snn_top_hls.cpp:855) on array 'p_ZL15pre_eligibility_0' [416]  (3.254 ns)
	'select' operation 8 bit ('select_ln541', src/snn_top_hls.cpp:541->src/snn_top_hls.cpp:855) [418]  (1.248 ns)
	'add' operation 9 bit ('new_elig', src/snn_top_hls.cpp:541->src/snn_top_hls.cpp:855) [420]  (1.915 ns)

 <State 13>: 6.067ns
The critical path consists of the following:
	'icmp' operation 1 bit ('icmp_ln542', src/snn_top_hls.cpp:542->src/snn_top_hls.cpp:855) [422]  (1.565 ns)
	'select' operation 8 bit ('select_ln542', src/snn_top_hls.cpp:542->src/snn_top_hls.cpp:855) [424]  (1.248 ns)
	'store' operation ('store_ln542', src/snn_top_hls.cpp:542->src/snn_top_hls.cpp:855) of variable 'select_ln542', src/snn_top_hls.cpp:542->src/snn_top_hls.cpp:855 8 bit on array 'p_ZL15pre_eligibility_0' [427]  (3.254 ns)

 <State 14>: 4.399ns
The critical path consists of the following:
	'call' operation ('call_ln883', src/snn_top_hls.cpp:883) to 'process_post_spike_aer' [458]  (4.399 ns)

 <State 15>: 6.417ns
The critical path consists of the following:
	'load' operation 8 bit ('p_ZL16post_eligibility_0_load', src/snn_top_hls.cpp:548->src/snn_top_hls.cpp:884) on array 'p_ZL16post_eligibility_0' [459]  (3.254 ns)
	'select' operation 8 bit ('select_ln548', src/snn_top_hls.cpp:548->src/snn_top_hls.cpp:884) [461]  (1.248 ns)
	'add' operation 9 bit ('new_elig', src/snn_top_hls.cpp:548->src/snn_top_hls.cpp:884) [463]  (1.915 ns)

 <State 16>: 6.067ns
The critical path consists of the following:
	'icmp' operation 1 bit ('icmp_ln549', src/snn_top_hls.cpp:549->src/snn_top_hls.cpp:884) [465]  (1.565 ns)
	'select' operation 8 bit ('select_ln549', src/snn_top_hls.cpp:549->src/snn_top_hls.cpp:884) [467]  (1.248 ns)
	'store' operation ('store_ln549', src/snn_top_hls.cpp:549->src/snn_top_hls.cpp:884) of variable 'select_ln549', src/snn_top_hls.cpp:549->src/snn_top_hls.cpp:884 8 bit on array 'p_ZL16post_eligibility_0' [470]  (3.254 ns)

 <State 17>: 6.486ns
The critical path consists of the following:
	'call' operation ('call_ln890', src/snn_top_hls.cpp:890) to 'apply_rstdp_reward' [484]  (6.486 ns)

 <State 18>: 0.000ns
The critical path consists of the following:

 <State 19>: 0.000ns
The critical path consists of the following:

 <State 20>: 3.503ns
The critical path consists of the following:
	'load' operation 8 bit ('checkpoint_col_load', src/snn_top_hls.cpp:899) on static variable 'checkpoint_col' [497]  (0.000 ns)
	'add' operation 8 bit ('add_ln909', src/snn_top_hls.cpp:909) [509]  (1.915 ns)
	'store' operation ('store_ln909', src/snn_top_hls.cpp:909) of variable 'add_ln909', src/snn_top_hls.cpp:909 8 bit on static variable 'checkpoint_col' [510]  (1.588 ns)

 <State 21>: 5.792ns
The critical path consists of the following:
	'load' operation 8 bit ('p_ZL13weight_memory_0_load', src/snn_top_hls.cpp:900) on array 'p_ZL13weight_memory_0' [503]  (3.254 ns)
	'select' operation 8 bit ('select_ln900', src/snn_top_hls.cpp:900) [505]  (1.248 ns)
	axis write operation ('write_ln907', src/snn_top_hls.cpp:907) on port 'm_axis_weights_V_data_V' (src/snn_top_hls.cpp:907) [508]  (0.000 ns)
	blocking operation 1.29 ns on control path)

 <State 22>: 4.140ns
The critical path consists of the following:
	'load' operation 32 bit ('timestamp_load_4', src/snn_top_hls.cpp:920) on static variable 'timestamp' [515]  (0.000 ns)
	'add' operation 32 bit ('add_ln920', src/snn_top_hls.cpp:920) [516]  (2.552 ns)
	'store' operation ('store_ln920', src/snn_top_hls.cpp:920) of variable 'add_ln920', src/snn_top_hls.cpp:920 32 bit on static variable 'timestamp' [517]  (1.588 ns)

 <State 23>: 0.000ns
The critical path consists of the following:

 <State 24>: 1.000ns
The critical path consists of the following:
	'load' operation 1 bit ('p_load73', src/snn_top_hls.cpp:941) on local variable 'empty_59' [544]  (0.000 ns)
	s_axi write operation ('write_ln943', src/snn_top_hls.cpp:943) on port 'status_reg' (src/snn_top_hls.cpp:943) [547]  (1.000 ns)

 <State 25>: 0.000ns
The critical path consists of the following:

 <State 26>: 0.000ns
The critical path consists of the following:

 <State 27>: 0.000ns
The critical path consists of the following:

 <State 28>: 0.000ns
The critical path consists of the following:

 <State 29>: 0.000ns
The critical path consists of the following:

 <State 30>: 0.000ns
The critical path consists of the following:

 <State 31>: 0.000ns
The critical path consists of the following:

 <State 32>: 0.000ns
The critical path consists of the following:

 <State 33>: 0.000ns
The critical path consists of the following:

 <State 34>: 0.000ns
The critical path consists of the following:

 <State 35>: 0.000ns
The critical path consists of the following:


============================================================
+ Verbose Summary: Binding
============================================================
N/A
* FSMD analyzer results:
  - Output states:
 - Input state : 
  - Chain level:
	State 1
	State 2
	State 3
	State 4
	State 5
	State 6
	State 7
	State 8
	State 9
	State 10
	State 11
	State 12
	State 13
	State 14
	State 15
	State 16
	State 17
	State 18
	State 19
	State 20
	State 21
	State 22
	State 23
	State 24
	State 25
	State 26
	State 27
	State 28
	State 29
	State 30
	State 31
	State 32
	State 33
	State 34
	State 35


============================================================
+ Verbose Summary: Datapath Resource usage 
============================================================
N/A
