

================================================================
== Vitis HLS Report for 'snn_top_hls'
================================================================
* Date:           Tue Feb 10 18:59:27 2026

* Version:        2025.2 (Build 6295257 on Nov 14 2025)
* Project:        hls_csim_output
* Solution:       hls (Vivado IP Flow Target)
* Product family: zynq
* Target device:  xc7z020-clg400-1


================================================================
== Performance Estimates
================================================================
+ Timing: 
    * Summary: 
    +--------+----------+----------+------------+
    |  Clock |  Target  | Estimated| Uncertainty|
    +--------+----------+----------+------------+
    |ap_clk  |  10.00 ns|  7.984 ns|     2.70 ns|
    +--------+----------+----------+------------+

+ Latency: 
    * Summary: 
    +---------+------------+----------+------------+-----+------------+---------+
    |   Latency (cycles)   |   Latency (absolute)  |     Interval     | Pipeline|
    |   min   |     max    |    min   |     max    | min |     max    |   Type  |
    +---------+------------+----------+------------+-----+------------+---------+
    |       36|  4577686899|  0.360 us|  45.777 sec|   37|  4577686900|       no|
    +---------+------------+----------+------------+-----+------------+---------+

    + Detail: 
        * Instance: 
        +----------------------------------------------------------------------+----------------------------------------------------------+---------+---------+-----------+-----------+-----+-------+-------------------+
        |                                                                      |                                                          |  Latency (cycles) |   Latency (absolute)  |   Interval  |      Pipeline     |
        |                               Instance                               |                          Module                          |   min   |   max   |    min    |    max    | min |  max  |        Type       |
        +----------------------------------------------------------------------+----------------------------------------------------------+---------+---------+-----------+-----------+-----+-------+-------------------+
        |grp_encoder_reset_temporal_state_fu_1012                              |encoder_reset_temporal_state                              |      786|      786|   7.860 us|   7.860 us|    0|      0|  loop pipeline stp|
        |grp_snn_top_hls_Pipeline_RESET_ELIG_fu_1026                           |snn_top_hls_Pipeline_RESET_ELIG                           |      258|      258|   2.580 us|   2.580 us|    0|      0|  loop pipeline stp|
        |grp_snn_top_hls_Pipeline_RESET_TRACES_fu_1038                         |snn_top_hls_Pipeline_RESET_TRACES                         |      258|      258|   2.580 us|   2.580 us|    0|      0|  loop pipeline stp|
        |grp_snn_top_hls_Pipeline_RESET_ENCODER_fu_1058                        |snn_top_hls_Pipeline_RESET_ENCODER                        |      786|      786|   7.860 us|   7.860 us|    0|      0|  loop pipeline stp|
        |grp_snn_top_hls_Pipeline_INIT_WEIGHT_OUTER_INIT_WEIGHT_INNER_fu_1066  |snn_top_hls_Pipeline_INIT_WEIGHT_OUTER_INIT_WEIGHT_INNER  |    65538|    65538|   0.655 ms|   0.655 ms|    0|      0|  loop pipeline stp|
        |grp_snn_top_hls_Pipeline_LOAD_FRAME_fu_1074                           |snn_top_hls_Pipeline_LOAD_FRAME                           |        2|      198|  20.000 ns|   1.980 us|    0|      0|  loop pipeline stp|
        |grp_run_encoder_once_fu_1096                                          |run_encoder_once                                          |        1|     1576|  10.000 ns|  15.760 us|    1|   1576|                 no|
        |grp_snn_top_hls_Pipeline_WEIGHT_SUM_fu_1135                           |snn_top_hls_Pipeline_WEIGHT_SUM                           |       19|       19|   0.190 us|   0.190 us|    0|      0|  loop pipeline stp|
        |grp_process_pre_spike_aer_fu_1144                                     |process_pre_spike_aer                                     |      271|      271|   2.710 us|   2.710 us|  271|    271|                 no|
        |grp_process_post_spike_aer_fu_1172                                    |process_post_spike_aer                                    |      271|      271|   2.710 us|   2.710 us|  271|    271|                 no|
        |grp_apply_rstdp_reward_fu_1200                                        |apply_rstdp_reward                                        |        1|    67585|  10.000 ns|   0.676 ms|    1|  67585|                 no|
        |grp_decay_eligibility_traces_fu_1218                                  |decay_eligibility_traces                                  |      132|      132|   1.320 us|   1.320 us|  132|    132|                 no|
        +----------------------------------------------------------------------+----------------------------------------------------------+---------+---------+-----------+-----------+-----+-------+-------------------+

        * Loop: 
        +-------------+---------+------------+-----------+-----------+-----------+-----------+----------+
        |             |   Latency (cycles)   | Iteration |  Initiation Interval  |    Trip   |          |
        |  Loop Name  |   min   |     max    |  Latency  |  achieved |   target  |   Count   | Pipelined|
        +-------------+---------+------------+-----------+-----------+-----------+-----------+----------+
        |- TIME_LOOP  |        0|  4577619750|  6 ~ 69850|          -|          -|  0 ~ 65535|        no|
        +-------------+---------+------------+-----------+-----------+-----------+-----------+----------+



================================================================
== Utilization Estimates
================================================================
* Summary: 
+-----------------+---------+-----+--------+-------+-----+
|       Name      | BRAM_18K| DSP |   FF   |  LUT  | URAM|
+-----------------+---------+-----+--------+-------+-----+
|DSP              |        -|    -|       -|      -|    -|
|Expression       |        -|    -|       0|    412|    -|
|FIFO             |        3|    -|     153|     66|    -|
|Instance         |        0|   12|    3288|   6894|    -|
|Memory           |       52|    -|       8|      2|    0|
|Multiplexer      |        -|    -|       0|   2272|    -|
|Register         |        -|    -|     700|      -|    -|
+-----------------+---------+-----+--------+-------+-----+
|Total            |       55|   12|    4149|   9646|    0|
+-----------------+---------+-----+--------+-------+-----+
|Available        |      280|  220|  106400|  53200|    0|
+-----------------+---------+-----+--------+-------+-----+
|Utilization (%)  |       19|    5|       3|     18|    0|
+-----------------+---------+-----+--------+-------+-----+

+ Detail: 
    * Instance: 
    +----------------------------------------------------------------------+----------------------------------------------------------+---------+----+------+------+-----+
    |                               Instance                               |                          Module                          | BRAM_18K| DSP|  FF  |  LUT | URAM|
    +----------------------------------------------------------------------+----------------------------------------------------------+---------+----+------+------+-----+
    |grp_apply_rstdp_reward_fu_1200                                        |apply_rstdp_reward                                        |        0|   0|   316|   517|    0|
    |ctrl_s_axi_U                                                          |ctrl_s_axi                                                |        0|   0|   654|  1144|    0|
    |grp_decay_eligibility_traces_fu_1218                                  |decay_eligibility_traces                                  |        0|   0|   120|   180|    0|
    |grp_encoder_reset_temporal_state_fu_1012                              |encoder_reset_temporal_state                              |        0|   0|    12|    53|    0|
    |grp_process_post_spike_aer_fu_1172                                    |process_post_spike_aer                                    |        0|   0|   549|   924|    0|
    |grp_process_pre_spike_aer_fu_1144                                     |process_pre_spike_aer                                     |        0|   0|   427|   742|    0|
    |grp_run_encoder_once_fu_1096                                          |run_encoder_once                                          |        0|  12|  1081|  2672|    0|
    |grp_snn_top_hls_Pipeline_INIT_WEIGHT_OUTER_INIT_WEIGHT_INNER_fu_1066  |snn_top_hls_Pipeline_INIT_WEIGHT_OUTER_INIT_WEIGHT_INNER  |        0|   0|    38|   164|    0|
    |grp_snn_top_hls_Pipeline_LOAD_FRAME_fu_1074                           |snn_top_hls_Pipeline_LOAD_FRAME                           |        0|   0|    10|    74|    0|
    |grp_snn_top_hls_Pipeline_RESET_ELIG_fu_1026                           |snn_top_hls_Pipeline_RESET_ELIG                           |        0|   0|    11|    54|    0|
    |grp_snn_top_hls_Pipeline_RESET_ENCODER_fu_1058                        |snn_top_hls_Pipeline_RESET_ENCODER                        |        0|   0|    12|    53|    0|
    |grp_snn_top_hls_Pipeline_RESET_TRACES_fu_1038                         |snn_top_hls_Pipeline_RESET_TRACES                         |        0|   0|    11|    54|    0|
    |grp_snn_top_hls_Pipeline_WEIGHT_SUM_fu_1135                           |snn_top_hls_Pipeline_WEIGHT_SUM                           |        0|   0|    47|   263|    0|
    +----------------------------------------------------------------------+----------------------------------------------------------+---------+----+------+------+-----+
    |Total                                                                 |                                                          |        0|  12|  3288|  6894|    0|
    +----------------------------------------------------------------------+----------------------------------------------------------+---------+----+------+------+-----+

    * DSP: 
    N/A

    * Memory: 
    +----------------------------------+-------------------------------------------------------------------+---------+---+----+-----+-------+-----+------+-------------+
    |              Memory              |                               Module                              | BRAM_18K| FF| LUT| URAM| Words | Bits| Banks| W*Bits*Banks|
    +----------------------------------+-------------------------------------------------------------------+---------+---+----+-----+-------+-----+------+-------------+
    |p_ZL13encoder_frame_0_U           |p_ZL13encoder_frame_0_RAM_AUTO_1R1W                                |        1|  0|   0|    0|    392|    8|     1|         3136|
    |p_ZL13encoder_frame_1_U           |p_ZL13encoder_frame_0_RAM_AUTO_1R1W                                |        1|  0|   0|    0|    392|    8|     1|         3136|
    |p_ZL13weight_memory_0_U           |p_ZL13weight_memory_0_RAM_2P_BRAM_1R1W                             |       16|  0|   0|    0|  32768|    8|     1|       262144|
    |p_ZL13weight_memory_1_U           |p_ZL13weight_memory_0_RAM_2P_BRAM_1R1W                             |       16|  0|   0|    0|  32768|    8|     1|       262144|
    |p_ZL15pre_eligibility_0_U         |p_ZL15pre_eligibility_0_RAM_2P_BRAM_1R1W                           |        1|  0|   0|    0|    128|    8|     1|         1024|
    |p_ZL16post_eligibility_0_U        |p_ZL15pre_eligibility_0_RAM_2P_BRAM_1R1W                           |        1|  0|   0|    0|    128|    8|     1|         1024|
    |p_ZL15pre_eligibility_1_U         |p_ZL15pre_eligibility_0_RAM_2P_BRAM_1R1W                           |        1|  0|   0|    0|    128|    8|     1|         1024|
    |p_ZL16post_eligibility_1_U        |p_ZL15pre_eligibility_0_RAM_2P_BRAM_1R1W                           |        1|  0|   0|    0|    128|    8|     1|         1024|
    |pre_traces_trace_0_U              |p_ZL15pre_eligibility_0_RAM_2P_BRAM_1R1W                           |        1|  0|   0|    0|    128|    8|     1|         1024|
    |post_traces_trace_0_U             |p_ZL15pre_eligibility_0_RAM_2P_BRAM_1R1W                           |        1|  0|   0|    0|    128|    8|     1|         1024|
    |pre_traces_trace_1_U              |p_ZL15pre_eligibility_0_RAM_2P_BRAM_1R1W                           |        1|  0|   0|    0|    128|    8|     1|         1024|
    |post_traces_trace_1_U             |p_ZL15pre_eligibility_0_RAM_2P_BRAM_1R1W                           |        1|  0|   0|    0|    128|    8|     1|         1024|
    |p_ZL17encoder_phase_acc_0_U       |p_ZL17encoder_phase_acc_0_RAM_2P_BRAM_1R1W                         |        1|  0|   0|    0|    392|   16|     1|         6272|
    |p_ZL17encoder_phase_acc_1_U       |p_ZL17encoder_phase_acc_0_RAM_2P_BRAM_1R1W                         |        1|  0|   0|    0|    392|   16|     1|         6272|
    |p_ZL22encoder_temporal_fired_0_U  |p_ZL22encoder_temporal_fired_0_RAM_2P_BRAM_1R1W                    |        1|  0|   0|    0|    392|    1|     1|          392|
    |p_ZL22encoder_temporal_fired_1_U  |p_ZL22encoder_temporal_fired_0_RAM_2P_BRAM_1R1W                    |        1|  0|   0|    0|    392|    1|     1|          392|
    |p_ZL22encoder_temporal_start_0_U  |p_ZL22encoder_temporal_start_0_RAM_2P_BRAM_1R1W                    |        1|  0|   0|    0|    392|   32|     1|        12544|
    |p_ZL22encoder_temporal_start_1_U  |p_ZL22encoder_temporal_start_0_RAM_2P_BRAM_1R1W                    |        1|  0|   0|    0|    392|   32|     1|        12544|
    |pre_traces_last_spike_time_0_U    |pre_traces_last_spike_time_0_RAM_2P_BRAM_1R1W                      |        1|  0|   0|    0|    128|   16|     1|         2048|
    |post_traces_last_spike_time_0_U   |pre_traces_last_spike_time_0_RAM_2P_BRAM_1R1W                      |        1|  0|   0|    0|    128|   16|     1|         2048|
    |pre_traces_last_spike_time_1_U    |pre_traces_last_spike_time_0_RAM_2P_BRAM_1R1W                      |        1|  0|   0|    0|    128|   16|     1|         2048|
    |post_traces_last_spike_time_1_U   |pre_traces_last_spike_time_0_RAM_2P_BRAM_1R1W                      |        1|  0|   0|    0|    128|   16|     1|         2048|
    |EXP_DECAY_LUT_U                   |process_pre_spike_aer_Pipeline_LTD_LOOP_EXP_DECAY_LUT_ROM_AUTO_1R  |        0|  8|   2|    0|     16|    8|     1|          128|
    +----------------------------------+-------------------------------------------------------------------+---------+---+----+-----+-------+-----+------+-------------+
    |Total                             |                                                                   |       52|  8|   2|    0|  70224|  266|    23|       585488|
    +----------------------------------+-------------------------------------------------------------------+---------+---+----+-----+-------+-----+------+-------------+

    * FIFO: 
    +-----------------------+---------+-----+----+-----+------+-----+---------+
    |          Name         | BRAM_18K|  FF | LUT| URAM| Depth| Bits| Size:D*B|
    +-----------------------+---------+-----+----+-----+------+-----+---------+
    |encoder_spikes_fifo_U  |        3|  153|   0|    -|    32|   41|     1312|
    +-----------------------+---------+-----+----+-----+------+-----+---------+
    |Total                  |        3|  153|   0|    0|    32|   41|     1312|
    +-----------------------+---------+-----+----+-----+------+-----+---------+

    * Expression: 
    +----------------------------------+----------+----+---+----+------------+------------+
    |           Variable Name          | Operation| DSP| FF| LUT| Bitwidth P0| Bitwidth P1|
    +----------------------------------+----------+----+---+----+------------+------------+
    |add_ln858_fu_1788_p2              |         +|   0|  0|  39|          32|           1|
    |add_ln909_fu_1912_p2              |         +|   0|  0|  15|           8|           1|
    |add_ln920_fu_1945_p2              |         +|   0|  0|  39|          32|           1|
    |new_elig_1_fu_1839_p2             |         +|   0|  0|  14|           9|           6|
    |new_elig_fu_1754_p2               |         +|   0|  0|  14|           9|           6|
    |t_2_fu_1653_p2                    |         +|   0|  0|  23|          16|           1|
    |and_ln803_fu_1575_p2              |       and|   0|  0|   2|           1|           1|
    |and_ln826_fu_1607_p2              |       and|   0|  0|   2|           1|           1|
    |and_ln889_1_fu_1873_p2            |       and|   0|  0|   2|           1|           1|
    |and_ln889_fu_1611_p2              |       and|   0|  0|   2|           1|           1|
    |ap_block_state13                  |       and|   0|  0|   2|           1|           1|
    |ap_block_state20_on_subcall_done  |       and|   0|  0|   2|           1|           1|
    |ap_block_state22                  |       and|   0|  0|   2|           1|           1|
    |ap_block_state3                   |       and|   0|  0|   2|           1|           1|
    |ap_block_state3_on_subcall_done   |       and|   0|  0|   2|           1|           1|
    |ap_block_state9_on_subcall_done   |       and|   0|  0|   2|           1|           1|
    |ap_predicate_op229_call_state3    |       and|   0|  0|   2|           1|           1|
    |ap_predicate_op237_read_state3    |       and|   0|  0|   2|           1|           1|
    |ap_predicate_op327_call_state9    |       and|   0|  0|   2|           1|           1|
    |ap_predicate_op339_read_state10   |       and|   0|  0|   2|           1|           1|
    |ap_predicate_op388_write_state13  |       and|   0|  0|   2|           1|           1|
    |ap_predicate_op442_write_state22  |       and|   0|  0|   2|           1|           1|
    |stdp_active_fu_1406_p2            |       and|   0|  0|   2|           1|           1|
    |tmp_1_nbreadreq_fu_659_p9         |       and|   0|  0|   2|           1|           0|
    |tmp_4_nbreadreq_fu_604_p9         |       and|   0|  0|   2|           1|           0|
    |tmp_nbreadreq_fu_538_p9           |       and|   0|  0|   2|           1|           0|
    |tmp_s_nbreadreq_fu_652_p3         |       and|   0|  0|   2|           1|           0|
    |checkpoint_mode_fu_1394_p2        |      icmp|   0|  0|  11|           2|           3|
    |icmp_ln542_fu_1774_p2             |      icmp|   0|  0|  10|           2|           1|
    |icmp_ln549_fu_1859_p2             |      icmp|   0|  0|  10|           2|           1|
    |icmp_ln703_fu_1412_p2             |      icmp|   0|  0|  39|          32|           1|
    |icmp_ln803_fu_1570_p2             |      icmp|   0|  0|  10|           2|           2|
    |icmp_ln814_1_fu_1659_p2           |      icmp|   0|  0|  23|          16|           1|
    |icmp_ln814_fu_1648_p2             |      icmp|   0|  0|  23|          16|          16|
    |stdp_mode_fu_1400_p2              |      icmp|   0|  0|  10|           2|           1|
    |ap_block_state10                  |        or|   0|  0|   2|           1|           1|
    |ap_block_state2_on_subcall_done   |        or|   0|  0|   2|           1|           1|
    |ap_block_state35                  |        or|   0|  0|   2|           1|           1|
    |ap_block_state6_on_subcall_done   |        or|   0|  0|   2|           1|           1|
    |ap_condition_422                  |        or|   0|  0|   2|           1|           1|
    |or_ln711_fu_1456_p2               |        or|   0|  0|   2|           1|           1|
    |or_ln889_fu_1630_p2               |        or|   0|  0|   2|           1|           1|
    |or_ln895_fu_1621_p2               |        or|   0|  0|   2|           1|           1|
    |p_ZL13weight_memory_0_we1         |        or|   0|  0|   2|           1|           1|
    |p_ZL13weight_memory_1_we1         |        or|   0|  0|   2|           1|           1|
    |p_ZL15pre_eligibility_0_we1       |        or|   0|  0|   2|           1|           1|
    |p_ZL15pre_eligibility_1_we1       |        or|   0|  0|   2|           1|           1|
    |p_ZL16post_eligibility_0_we1      |        or|   0|  0|   2|           1|           1|
    |p_ZL16post_eligibility_1_we1      |        or|   0|  0|   2|           1|           1|
    |select_ln541_fu_1743_p3           |    select|   0|  0|   8|           1|           8|
    |select_ln542_fu_1779_p3           |    select|   0|  0|   8|           1|           7|
    |select_ln548_fu_1828_p3           |    select|   0|  0|   8|           1|           8|
    |select_ln549_fu_1864_p3           |    select|   0|  0|   8|           1|           7|
    |select_ln900_fu_1924_p3           |    select|   0|  0|   8|           1|           8|
    |time_steps_1_fu_1422_p3           |    select|   0|  0|  16|           1|           1|
    |xor_ln711_fu_1450_p2              |       xor|   0|  0|   2|           1|           2|
    |xor_ln889_1_fu_1625_p2            |       xor|   0|  0|   2|           1|           2|
    |xor_ln889_fu_1615_p2              |       xor|   0|  0|   2|           2|           1|
    +----------------------------------+----------+----+---+----+------------+------------+
    |Total                             |          |   0|  0| 412|         225|         117|
    +----------------------------------+----------+----+---+----+------------+------------+

    * Multiplexer: 
    +--------------------------------------------------+-----+-----------+-----+-----------+
    |                       Name                       | LUT | Input Size| Bits| Total Bits|
    +--------------------------------------------------+-----+-----------+-----+-----------+
    |EXP_DECAY_LUT_address0                            |   14|          3|    4|         12|
    |EXP_DECAY_LUT_ce0                                 |   14|          3|    1|          3|
    |ap_NS_fsm                                         |  159|         36|    1|         36|
    |ap_phi_mux_empty_63_phi_fu_1001_p6                |    9|          2|    1|          2|
    |checkpoint_col                                    |    9|          2|    8|         16|
    |empty_59_fu_456                                   |   14|          3|    1|          3|
    |empty_61_reg_967                                  |    9|          2|    8|         16|
    |empty_62_reg_982                                  |    9|          2|    8|         16|
    |encoder_spike_counter                             |    9|          2|   32|         64|
    |encoder_spikes_write                              |    9|          2|    1|          2|
    |grp_encoder_reset_temporal_state_fu_1012_now_val  |   14|          3|   32|         96|
    |in_pkt_data_2_reg_958                             |    9|          2|   18|         36|
    |last_mode_loc_0_reg_947                           |    9|          2|    2|          4|
    |latency_window_counter                            |    9|          2|   16|         32|
    |leak_rate_out                                     |    9|          2|   16|         32|
    |m_axis_spikes_TDATA_blk_n                         |    9|          2|    1|          2|
    |m_axis_weights_TDATA_blk_n                        |    9|          2|    1|          2|
    |p_ZL13encoder_frame_0_address0                    |   14|          3|    9|         27|
    |p_ZL13encoder_frame_0_ce0                         |   14|          3|    1|          3|
    |p_ZL13encoder_frame_0_ce1                         |    9|          2|    1|          2|
    |p_ZL13encoder_frame_0_we0                         |    9|          2|    1|          2|
    |p_ZL13encoder_frame_0_we1                         |    9|          2|    1|          2|
    |p_ZL13encoder_frame_1_address0                    |   14|          3|    9|         27|
    |p_ZL13encoder_frame_1_ce0                         |   14|          3|    1|          3|
    |p_ZL13encoder_frame_1_ce1                         |    9|          2|    1|          2|
    |p_ZL13encoder_frame_1_we0                         |    9|          2|    1|          2|
    |p_ZL13encoder_frame_1_we1                         |    9|          2|    1|          2|
    |p_ZL13weight_memory_0_address0                    |   25|          5|   15|         75|
    |p_ZL13weight_memory_0_address1                    |   31|          6|   15|         90|
    |p_ZL13weight_memory_0_ce0                         |   25|          5|    1|          5|
    |p_ZL13weight_memory_0_ce1                         |   31|          6|    1|          6|
    |p_ZL13weight_memory_0_d1                          |   25|          5|    8|         40|
    |p_ZL13weight_memory_0_we1                         |   25|          5|    1|          5|
    |p_ZL13weight_memory_1_address0                    |   25|          5|   15|         75|
    |p_ZL13weight_memory_1_address1                    |   31|          6|   15|         90|
    |p_ZL13weight_memory_1_ce0                         |   25|          5|    1|          5|
    |p_ZL13weight_memory_1_ce1                         |   31|          6|    1|          6|
    |p_ZL13weight_memory_1_d1                          |   25|          5|    8|         40|
    |p_ZL13weight_memory_1_we1                         |   25|          5|    1|          5|
    |p_ZL15pre_eligibility_0_address0                  |   14|          3|    7|         21|
    |p_ZL15pre_eligibility_0_address1                  |   14|          3|    7|         21|
    |p_ZL15pre_eligibility_0_ce0                       |   14|          3|    1|          3|
    |p_ZL15pre_eligibility_0_ce1                       |   14|          3|    1|          3|
    |p_ZL15pre_eligibility_0_d1                        |   14|          3|    8|         24|
    |p_ZL15pre_eligibility_0_we1                       |   14|          3|    1|          3|
    |p_ZL15pre_eligibility_1_address0                  |   14|          3|    7|         21|
    |p_ZL15pre_eligibility_1_address1                  |   14|          3|    7|         21|
    |p_ZL15pre_eligibility_1_ce0                       |   14|          3|    1|          3|
    |p_ZL15pre_eligibility_1_ce1                       |   14|          3|    1|          3|
    |p_ZL15pre_eligibility_1_d1                        |   14|          3|    8|         24|
    |p_ZL15pre_eligibility_1_we1                       |   14|          3|    1|          3|
    |p_ZL16post_eligibility_0_address0                 |   14|          3|    7|         21|
    |p_ZL16post_eligibility_0_address1                 |   14|          3|    7|         21|
    |p_ZL16post_eligibility_0_ce0                      |   14|          3|    1|          3|
    |p_ZL16post_eligibility_0_ce1                      |   14|          3|    1|          3|
    |p_ZL16post_eligibility_0_d1                       |   14|          3|    8|         24|
    |p_ZL16post_eligibility_0_we1                      |   14|          3|    1|          3|
    |p_ZL16post_eligibility_1_address0                 |   14|          3|    7|         21|
    |p_ZL16post_eligibility_1_address1                 |   14|          3|    7|         21|
    |p_ZL16post_eligibility_1_ce0                      |   14|          3|    1|          3|
    |p_ZL16post_eligibility_1_ce1                      |   14|          3|    1|          3|
    |p_ZL16post_eligibility_1_d1                       |   14|          3|    8|         24|
    |p_ZL16post_eligibility_1_we1                      |   14|          3|    1|          3|
    |p_ZL17encoder_phase_acc_0_address1                |   14|          3|    9|         27|
    |p_ZL17encoder_phase_acc_0_ce0                     |    9|          2|    1|          2|
    |p_ZL17encoder_phase_acc_0_ce1                     |   14|          3|    1|          3|
    |p_ZL17encoder_phase_acc_0_d1                      |   14|          3|   16|         48|
    |p_ZL17encoder_phase_acc_0_we1                     |   14|          3|    1|          3|
    |p_ZL17encoder_phase_acc_1_address1                |   14|          3|    9|         27|
    |p_ZL17encoder_phase_acc_1_ce0                     |    9|          2|    1|          2|
    |p_ZL17encoder_phase_acc_1_ce1                     |   14|          3|    1|          3|
    |p_ZL17encoder_phase_acc_1_d1                      |   14|          3|   16|         48|
    |p_ZL17encoder_phase_acc_1_we1                     |   14|          3|    1|          3|
    |p_ZL22encoder_temporal_fired_0_address1           |   14|          3|    9|         27|
    |p_ZL22encoder_temporal_fired_0_ce0                |    9|          2|    1|          2|
    |p_ZL22encoder_temporal_fired_0_ce1                |   14|          3|    1|          3|
    |p_ZL22encoder_temporal_fired_0_d1                 |   14|          3|    1|          3|
    |p_ZL22encoder_temporal_fired_0_we1                |   14|          3|    1|          3|
    |p_ZL22encoder_temporal_fired_1_address1           |   14|          3|    9|         27|
    |p_ZL22encoder_temporal_fired_1_ce0                |    9|          2|    1|          2|
    |p_ZL22encoder_temporal_fired_1_ce1                |   14|          3|    1|          3|
    |p_ZL22encoder_temporal_fired_1_d1                 |   14|          3|    1|          3|
    |p_ZL22encoder_temporal_fired_1_we1                |   14|          3|    1|          3|
    |p_ZL22encoder_temporal_start_0_address1           |   14|          3|    9|         27|
    |p_ZL22encoder_temporal_start_0_ce0                |    9|          2|    1|          2|
    |p_ZL22encoder_temporal_start_0_ce1                |   14|          3|    1|          3|
    |p_ZL22encoder_temporal_start_0_d1                 |   14|          3|   32|         96|
    |p_ZL22encoder_temporal_start_0_we1                |   14|          3|    1|          3|
    |p_ZL22encoder_temporal_start_1_address1           |   14|          3|    9|         27|
    |p_ZL22encoder_temporal_start_1_ce0                |    9|          2|    1|          2|
    |p_ZL22encoder_temporal_start_1_ce1                |   14|          3|    1|          3|
    |p_ZL22encoder_temporal_start_1_d1                 |   14|          3|   32|         96|
    |p_ZL22encoder_temporal_start_1_we1                |   14|          3|    1|          3|
    |post_traces_last_spike_time_0_address0            |   14|          3|    7|         21|
    |post_traces_last_spike_time_0_address1            |   14|          3|    7|         21|
    |post_traces_last_spike_time_0_ce0                 |   14|          3|    1|          3|
    |post_traces_last_spike_time_0_ce1                 |   14|          3|    1|          3|
    |post_traces_last_spike_time_0_d1                  |   14|          3|   16|         48|
    |post_traces_last_spike_time_0_we1                 |   14|          3|    1|          3|
    |post_traces_last_spike_time_1_address0            |   14|          3|    7|         21|
    |post_traces_last_spike_time_1_address1            |   14|          3|    7|         21|
    |post_traces_last_spike_time_1_ce0                 |   14|          3|    1|          3|
    |post_traces_last_spike_time_1_ce1                 |   14|          3|    1|          3|
    |post_traces_last_spike_time_1_d1                  |   14|          3|   16|         48|
    |post_traces_last_spike_time_1_we1                 |   14|          3|    1|          3|
    |post_traces_trace_0_address0                      |   14|          3|    7|         21|
    |post_traces_trace_0_address1                      |   14|          3|    7|         21|
    |post_traces_trace_0_ce0                           |   14|          3|    1|          3|
    |post_traces_trace_0_ce1                           |   14|          3|    1|          3|
    |post_traces_trace_0_d1                            |   14|          3|    8|         24|
    |post_traces_trace_0_we1                           |   14|          3|    1|          3|
    |post_traces_trace_1_address0                      |   14|          3|    7|         21|
    |post_traces_trace_1_address1                      |   14|          3|    7|         21|
    |post_traces_trace_1_ce0                           |   14|          3|    1|          3|
    |post_traces_trace_1_ce1                           |   14|          3|    1|          3|
    |post_traces_trace_1_d1                            |   14|          3|    8|         24|
    |post_traces_trace_1_we1                           |   14|          3|    1|          3|
    |pre_traces_last_spike_time_0_address0             |   14|          3|    7|         21|
    |pre_traces_last_spike_time_0_address1             |   14|          3|    7|         21|
    |pre_traces_last_spike_time_0_ce0                  |   14|          3|    1|          3|
    |pre_traces_last_spike_time_0_ce1                  |   14|          3|    1|          3|
    |pre_traces_last_spike_time_0_d1                   |   14|          3|   16|         48|
    |pre_traces_last_spike_time_0_we1                  |   14|          3|    1|          3|
    |pre_traces_last_spike_time_1_address0             |   14|          3|    7|         21|
    |pre_traces_last_spike_time_1_address1             |   14|          3|    7|         21|
    |pre_traces_last_spike_time_1_ce0                  |   14|          3|    1|          3|
    |pre_traces_last_spike_time_1_ce1                  |   14|          3|    1|          3|
    |pre_traces_last_spike_time_1_d1                   |   14|          3|   16|         48|
    |pre_traces_last_spike_time_1_we1                  |   14|          3|    1|          3|
    |pre_traces_trace_0_address0                       |   14|          3|    7|         21|
    |pre_traces_trace_0_address1                       |   14|          3|    7|         21|
    |pre_traces_trace_0_ce0                            |   14|          3|    1|          3|
    |pre_traces_trace_0_ce1                            |   14|          3|    1|          3|
    |pre_traces_trace_0_d1                             |   14|          3|    8|         24|
    |pre_traces_trace_0_we1                            |   14|          3|    1|          3|
    |pre_traces_trace_1_address0                       |   14|          3|    7|         21|
    |pre_traces_trace_1_address1                       |   14|          3|    7|         21|
    |pre_traces_trace_1_ce0                            |   14|          3|    1|          3|
    |pre_traces_trace_1_ce1                            |   14|          3|    1|          3|
    |pre_traces_trace_1_d1                             |   14|          3|    8|         24|
    |pre_traces_trace_1_we1                            |   14|          3|    1|          3|
    |s_axis_data_TREADY_int_regslice                   |    9|          2|    1|          2|
    |s_axis_spikes_TDATA_blk_n                         |    9|          2|    1|          2|
    |s_axis_weights_TDATA_blk_n                        |    9|          2|    1|          2|
    |snn_enable                                        |    9|          2|    1|          2|
    |snn_reset                                         |    9|          2|    1|          2|
    |spike_counter                                     |    9|          2|   32|         64|
    |spike_in_neuron_id                                |    9|          2|    8|         16|
    |spike_in_valid                                    |    9|          2|    1|          2|
    |spike_in_weight                                   |    9|          2|    8|         16|
    |spike_out_ready                                   |    9|          2|    1|          2|
    |t_fu_452                                          |    9|          2|   16|         32|
    |threshold_out                                     |    9|          2|   16|         32|
    |timestamp                                         |    9|          2|   32|         64|
    +--------------------------------------------------+-----+-----------+-----+-----------+
    |Total                                             | 2272|        486|  880|       2626|
    +--------------------------------------------------+-----+-----------+-----+-----------+

    * Register: 
    +-----------------------------------------------------------------------------------+----+----+-----+-----------+
    |                                        Name                                       | FF | LUT| Bits| Const Bits|
    +-----------------------------------------------------------------------------------+----+----+-----+-----------+
    |and_ln826_reg_2275                                                                 |   1|   0|    1|          0|
    |ap_CS_fsm                                                                          |  35|   0|   35|          0|
    |apply_reward_reg_2119                                                              |   1|   0|    1|          0|
    |checkpoint_col                                                                     |   8|   0|    8|          0|
    |checkpoint_col_load_reg_2399                                                       |   8|   0|    8|          0|
    |checkpoint_mode_reg_2140                                                           |   1|   0|    1|          0|
    |clear_counters_reg_2110                                                            |   1|   0|    1|          0|
    |empty_59_fu_456                                                                    |   1|   0|    1|          0|
    |empty_61_reg_967                                                                   |   8|   0|    8|          0|
    |empty_62_reg_982                                                                   |   8|   0|    8|          0|
    |empty_63_reg_997                                                                   |   1|   0|    1|          0|
    |enable_reg_2099                                                                    |   1|   0|    1|          0|
    |encoder_config_baseline_reg_2064                                                   |   8|   0|    8|          0|
    |encoder_config_default_weight_reg_2094                                             |   8|   0|    8|          0|
    |encoder_config_delta_decay_reg_2084                                                |  16|   0|   16|          0|
    |encoder_config_delta_threshold_reg_2079                                            |  16|   0|   16|          0|
    |encoder_config_encoding_type_reg_2054                                              |   4|   0|    4|          0|
    |encoder_config_latency_window_reg_2074                                             |  16|   0|   16|          0|
    |encoder_config_num_channels_reg_2089                                               |  16|   0|   16|          0|
    |encoder_config_rate_scale_reg_2069                                                 |  16|   0|   16|          0|
    |encoder_config_two_neuron_enable_reg_2059                                          |   1|   0|    1|          0|
    |encoder_enable_reg_2135                                                            |   1|   0|    1|          0|
    |encoder_frame_loaded                                                               |   1|   0|    1|          0|
    |encoder_frame_loaded_load_1_reg_2300                                               |   1|   0|    1|          0|
    |encoder_frame_loaded_load_reg_2203                                                 |   1|   0|    1|          0|
    |encoder_spike_counter                                                              |  32|   0|   32|          0|
    |grp_apply_rstdp_reward_fu_1200_ap_start_reg                                        |   1|   0|    1|          0|
    |grp_decay_eligibility_traces_fu_1218_ap_start_reg                                  |   1|   0|    1|          0|
    |grp_encoder_reset_temporal_state_fu_1012_ap_start_reg                              |   1|   0|    1|          0|
    |grp_process_post_spike_aer_fu_1172_ap_start_reg                                    |   1|   0|    1|          0|
    |grp_process_pre_spike_aer_fu_1144_ap_start_reg                                     |   1|   0|    1|          0|
    |grp_run_encoder_once_fu_1096_ap_start_reg                                          |   1|   0|    1|          0|
    |grp_snn_top_hls_Pipeline_INIT_WEIGHT_OUTER_INIT_WEIGHT_INNER_fu_1066_ap_start_reg  |   1|   0|    1|          0|
    |grp_snn_top_hls_Pipeline_LOAD_FRAME_fu_1074_ap_start_reg                           |   1|   0|    1|          0|
    |grp_snn_top_hls_Pipeline_RESET_ELIG_fu_1026_ap_start_reg                           |   1|   0|    1|          0|
    |grp_snn_top_hls_Pipeline_RESET_ENCODER_fu_1058_ap_start_reg                        |   1|   0|    1|          0|
    |grp_snn_top_hls_Pipeline_RESET_TRACES_fu_1038_ap_start_reg                         |   1|   0|    1|          0|
    |grp_snn_top_hls_Pipeline_WEIGHT_SUM_fu_1135_ap_start_reg                           |   1|   0|    1|          0|
    |in_pkt_data_2_reg_958                                                              |  18|   0|   18|          0|
    |initialized                                                                        |   1|   0|    1|          0|
    |initialized_load_reg_2168                                                          |   1|   0|    1|          0|
    |last_mode                                                                          |   2|   0|    2|          0|
    |last_mode_loc_0_reg_947                                                            |   2|   0|    2|          0|
    |latency_window_counter                                                             |  16|   0|   16|          0|
    |leak_rate_out_preg                                                                 |  16|   0|   16|          0|
    |leak_rate_reg_2163                                                                 |  16|   0|   16|          0|
    |learning_params_rstdp_enable_reg_2047                                              |   1|   0|    1|          0|
    |op_mode_reg_2128                                                                   |   2|   0|    2|          0|
    |or_ln711_reg_2175                                                                  |   1|   0|    1|          0|
    |or_ln889_reg_2288                                                                  |   1|   0|    1|          0|
    |or_ln895_reg_2284                                                                  |   1|   0|    1|          0|
    |p_ZL13weight_memory_0_addr_1_reg_2193                                              |  15|   0|   15|          0|
    |p_ZL13weight_memory_1_addr_1_reg_2198                                              |  15|   0|   15|          0|
    |p_ZL15pre_eligibility_0_addr_reg_2349                                              |   7|   0|    7|          0|
    |p_ZL15pre_eligibility_1_addr_reg_2355                                              |   7|   0|    7|          0|
    |p_ZL16post_eligibility_0_addr_reg_2263                                             |   7|   0|    7|          0|
    |p_ZL16post_eligibility_1_addr_reg_2269                                             |   7|   0|    7|          0|
    |p_phi15_fu_444                                                                     |   8|   0|    8|          0|
    |p_phi16_fu_440                                                                     |   1|   0|    1|          0|
    |p_phi17_fu_436                                                                     |   1|   0|    1|          0|
    |p_phi_fu_448                                                                       |   8|   0|    8|          0|
    |reg_1248                                                                           |  32|   0|   32|          0|
    |reset_reg_2105                                                                     |   1|   0|    1|          0|
    |reward_signal_read_reg_2029                                                        |   8|   0|    8|          0|
    |snn_busy_read_reg_1997                                                             |   1|   0|    1|          0|
    |snn_enable_preg                                                                    |   1|   0|    1|          0|
    |snn_ready_read_reg_2002                                                            |   1|   0|    1|          0|
    |snn_reset_preg                                                                     |   1|   0|    1|          0|
    |spike_counter                                                                      |  32|   0|   32|          0|
    |spike_in_neuron_id_preg                                                            |   8|   0|    8|          0|
    |spike_in_ready_read_reg_2024                                                       |   1|   0|    1|          0|
    |spike_in_valid_preg                                                                |   1|   0|    1|          0|
    |spike_in_weight_preg                                                               |   8|   0|    8|          0|
    |spike_out_neuron_id_read_reg_2012                                                  |   8|   0|    8|          0|
    |spike_out_ready_preg                                                               |   1|   0|    1|          0|
    |spike_out_valid_read_reg_2020                                                      |   1|   0|    1|          0|
    |spike_out_weight_read_reg_2007                                                     |   8|   0|    8|          0|
    |stdp_active_reg_2146                                                               |   1|   0|    1|          0|
    |t_2_reg_2295                                                                       |  16|   0|   16|          0|
    |t_fu_452                                                                           |  16|   0|   16|          0|
    |threshold_out_preg                                                                 |  16|   0|   16|          0|
    |threshold_reg_2158                                                                 |  16|   0|   16|          0|
    |time_steps_1_reg_2152                                                              |  16|   0|   16|          0|
    |timestamp                                                                          |  32|   0|   32|          0|
    |tmp_17_reg_2189                                                                    |   1|   0|    1|          0|
    |tmp_18_reg_2361                                                                    |   2|   0|    2|          0|
    |tmp_19_reg_2385                                                                    |   2|   0|    2|          0|
    |tmp_1_reg_2314                                                                     |   1|   0|    1|          0|
    |tmp_2_reg_2371                                                                     |   1|   0|    1|          0|
    |tmp_4_reg_2207                                                                     |   1|   0|    1|          0|
    |tmp_6_reg_2395                                                                     |   1|   0|    1|          0|
    |tmp_reg_2179                                                                       |   1|   0|    1|          0|
    |tmp_s_reg_2310                                                                     |   1|   0|    1|          0|
    |trunc_ln541_reg_2344                                                               |   1|   0|    1|          0|
    |trunc_ln542_reg_2366                                                               |   8|   0|    8|          0|
    |trunc_ln548_reg_2258                                                               |   1|   0|    1|          0|
    |trunc_ln549_reg_2390                                                               |   8|   0|    8|          0|
    |trunc_ln846_reg_2328                                                               |   8|   0|    8|          0|
    |trunc_ln854_reg_2339                                                               |  16|   0|   16|          0|
    |trunc_ln883_reg_2380                                                               |  16|   0|   16|          0|
    |trunc_ln900_reg_2404                                                               |   1|   0|    1|          0|
    |weight_load_mode_reg_2124                                                          |   1|   0|    1|          0|
    |weight_read_mode_reg_2114                                                          |   1|   0|    1|          0|
    |weight_reg_2334                                                                    |   8|   0|    8|          0|
    |weight_val_reg_2183                                                                |   8|   0|    8|          0|
    |xor_ln889_reg_2279                                                                 |   1|   0|    1|          0|
    |zext_ln866_reg_2253                                                                |   8|   0|   10|          2|
    +-----------------------------------------------------------------------------------+----+----+-----+-----------+
    |Total                                                                              | 700|   0|  702|          2|
    +-----------------------------------------------------------------------------------+----+----+-----+-----------+



================================================================
== Interface
================================================================
* Summary: 
+-----------------------+-----+-----+------------+-------------------------+--------------+
|       RTL Ports       | Dir | Bits|  Protocol  |      Source Object      |    C Type    |
+-----------------------+-----+-----+------------+-------------------------+--------------+
|s_axi_ctrl_AWVALID     |   in|    1|       s_axi|                     ctrl|        scalar|
|s_axi_ctrl_AWREADY     |  out|    1|       s_axi|                     ctrl|        scalar|
|s_axi_ctrl_AWADDR      |   in|    8|       s_axi|                     ctrl|        scalar|
|s_axi_ctrl_WVALID      |   in|    1|       s_axi|                     ctrl|        scalar|
|s_axi_ctrl_WREADY      |  out|    1|       s_axi|                     ctrl|        scalar|
|s_axi_ctrl_WDATA       |   in|   32|       s_axi|                     ctrl|        scalar|
|s_axi_ctrl_WSTRB       |   in|    4|       s_axi|                     ctrl|        scalar|
|s_axi_ctrl_ARVALID     |   in|    1|       s_axi|                     ctrl|        scalar|
|s_axi_ctrl_ARREADY     |  out|    1|       s_axi|                     ctrl|        scalar|
|s_axi_ctrl_ARADDR      |   in|    8|       s_axi|                     ctrl|        scalar|
|s_axi_ctrl_RVALID      |  out|    1|       s_axi|                     ctrl|        scalar|
|s_axi_ctrl_RREADY      |   in|    1|       s_axi|                     ctrl|        scalar|
|s_axi_ctrl_RDATA       |  out|   32|       s_axi|                     ctrl|        scalar|
|s_axi_ctrl_RRESP       |  out|    2|       s_axi|                     ctrl|        scalar|
|s_axi_ctrl_BVALID      |  out|    1|       s_axi|                     ctrl|        scalar|
|s_axi_ctrl_BREADY      |   in|    1|       s_axi|                     ctrl|        scalar|
|s_axi_ctrl_BRESP       |  out|    2|       s_axi|                     ctrl|        scalar|
|ap_clk                 |   in|    1|  ap_ctrl_hs|              snn_top_hls|  return value|
|ap_rst_n               |   in|    1|  ap_ctrl_hs|              snn_top_hls|  return value|
|interrupt              |  out|    1|  ap_ctrl_hs|              snn_top_hls|  return value|
|s_axis_spikes_TDATA    |   in|   32|        axis|   s_axis_spikes_V_data_V|       pointer|
|s_axis_spikes_TVALID   |   in|    1|        axis|   s_axis_spikes_V_dest_V|       pointer|
|s_axis_spikes_TREADY   |  out|    1|        axis|   s_axis_spikes_V_dest_V|       pointer|
|s_axis_spikes_TDEST    |   in|    1|        axis|   s_axis_spikes_V_dest_V|       pointer|
|s_axis_spikes_TKEEP    |   in|    4|        axis|   s_axis_spikes_V_keep_V|       pointer|
|s_axis_spikes_TSTRB    |   in|    4|        axis|   s_axis_spikes_V_strb_V|       pointer|
|s_axis_spikes_TUSER    |   in|    1|        axis|   s_axis_spikes_V_user_V|       pointer|
|s_axis_spikes_TLAST    |   in|    1|        axis|   s_axis_spikes_V_last_V|       pointer|
|s_axis_spikes_TID      |   in|    1|        axis|     s_axis_spikes_V_id_V|       pointer|
|s_axis_data_TDATA      |   in|   32|        axis|     s_axis_data_V_data_V|       pointer|
|s_axis_data_TVALID     |   in|    1|        axis|     s_axis_data_V_dest_V|       pointer|
|s_axis_data_TREADY     |  out|    1|        axis|     s_axis_data_V_dest_V|       pointer|
|s_axis_data_TDEST      |   in|    1|        axis|     s_axis_data_V_dest_V|       pointer|
|s_axis_data_TKEEP      |   in|    4|        axis|     s_axis_data_V_keep_V|       pointer|
|s_axis_data_TSTRB      |   in|    4|        axis|     s_axis_data_V_strb_V|       pointer|
|s_axis_data_TUSER      |   in|    1|        axis|     s_axis_data_V_user_V|       pointer|
|s_axis_data_TLAST      |   in|    1|        axis|     s_axis_data_V_last_V|       pointer|
|s_axis_data_TID        |   in|    1|        axis|       s_axis_data_V_id_V|       pointer|
|s_axis_weights_TDATA   |   in|   32|        axis|  s_axis_weights_V_data_V|       pointer|
|s_axis_weights_TVALID  |   in|    1|        axis|  s_axis_weights_V_dest_V|       pointer|
|s_axis_weights_TREADY  |  out|    1|        axis|  s_axis_weights_V_dest_V|       pointer|
|s_axis_weights_TDEST   |   in|    1|        axis|  s_axis_weights_V_dest_V|       pointer|
|s_axis_weights_TKEEP   |   in|    4|        axis|  s_axis_weights_V_keep_V|       pointer|
|s_axis_weights_TSTRB   |   in|    4|        axis|  s_axis_weights_V_strb_V|       pointer|
|s_axis_weights_TUSER   |   in|    1|        axis|  s_axis_weights_V_user_V|       pointer|
|s_axis_weights_TLAST   |   in|    1|        axis|  s_axis_weights_V_last_V|       pointer|
|s_axis_weights_TID     |   in|    1|        axis|    s_axis_weights_V_id_V|       pointer|
|m_axis_spikes_TDATA    |  out|   32|        axis|   m_axis_spikes_V_data_V|       pointer|
|m_axis_spikes_TVALID   |  out|    1|        axis|   m_axis_spikes_V_dest_V|       pointer|
|m_axis_spikes_TREADY   |   in|    1|        axis|   m_axis_spikes_V_dest_V|       pointer|
|m_axis_spikes_TDEST    |  out|    1|        axis|   m_axis_spikes_V_dest_V|       pointer|
|m_axis_spikes_TKEEP    |  out|    4|        axis|   m_axis_spikes_V_keep_V|       pointer|
|m_axis_spikes_TSTRB    |  out|    4|        axis|   m_axis_spikes_V_strb_V|       pointer|
|m_axis_spikes_TUSER    |  out|    1|        axis|   m_axis_spikes_V_user_V|       pointer|
|m_axis_spikes_TLAST    |  out|    1|        axis|   m_axis_spikes_V_last_V|       pointer|
|m_axis_spikes_TID      |  out|    1|        axis|     m_axis_spikes_V_id_V|       pointer|
|m_axis_weights_TDATA   |  out|   32|        axis|  m_axis_weights_V_data_V|       pointer|
|m_axis_weights_TVALID  |  out|    1|        axis|  m_axis_weights_V_dest_V|       pointer|
|m_axis_weights_TREADY  |   in|    1|        axis|  m_axis_weights_V_dest_V|       pointer|
|m_axis_weights_TDEST   |  out|    1|        axis|  m_axis_weights_V_dest_V|       pointer|
|m_axis_weights_TKEEP   |  out|    4|        axis|  m_axis_weights_V_keep_V|       pointer|
|m_axis_weights_TSTRB   |  out|    4|        axis|  m_axis_weights_V_strb_V|       pointer|
|m_axis_weights_TUSER   |  out|    1|        axis|  m_axis_weights_V_user_V|       pointer|
|m_axis_weights_TLAST   |  out|    1|        axis|  m_axis_weights_V_last_V|       pointer|
|m_axis_weights_TID     |  out|    1|        axis|    m_axis_weights_V_id_V|       pointer|
|spike_in_valid         |  out|    1|     ap_none|           spike_in_valid|       pointer|
|spike_in_neuron_id     |  out|    8|     ap_none|       spike_in_neuron_id|       pointer|
|spike_in_weight        |  out|    8|     ap_none|          spike_in_weight|       pointer|
|spike_in_ready         |   in|    1|     ap_none|           spike_in_ready|        scalar|
|spike_out_valid        |   in|    1|     ap_none|          spike_out_valid|        scalar|
|spike_out_neuron_id    |   in|    8|     ap_none|      spike_out_neuron_id|        scalar|
|spike_out_weight       |   in|    8|     ap_none|         spike_out_weight|        scalar|
|spike_out_ready        |  out|    1|     ap_none|          spike_out_ready|       pointer|
|snn_enable             |  out|    1|     ap_none|               snn_enable|       pointer|
|snn_reset              |  out|    1|     ap_none|                snn_reset|       pointer|
|threshold_out          |  out|   16|     ap_none|            threshold_out|       pointer|
|leak_rate_out          |  out|   16|     ap_none|            leak_rate_out|       pointer|
|snn_ready              |   in|    1|     ap_none|                snn_ready|        scalar|
|snn_busy               |   in|    1|     ap_none|                 snn_busy|        scalar|
+-----------------------+-----+-----+------------+-------------------------+--------------+

============================================================
+ Verbose Summary: Synthesis Manager
============================================================
InlineROM: 1
ExposeGlobal: 0
============================================================
+ Verbose Summary: CDFG Model
============================================================
IsTopModel: 1
ResetActiveHigh: 1
IsCombinational: 2
IsDatapathOnly: 2
HasWiredReturn: 1
HasMFsm: 0
HasVarLatency: 1
IsPipeline: 0
IsRtlPipelined: 0
IsInstanceOverlapped: 0
IsDontTouch: 0
HasImplIP: 0
IsGatedGlobalClock: 0


============================================================
+ Verbose Summary: Schedule
============================================================
* Number of FSM states : 35
* Pipeline : 0
* Dataflow Pipeline: 0

* FSM state transitions: 
1 --> 2 3 
2 --> 3 
3 --> 4 
4 --> 7 5 
5 --> 6 
6 --> 7 
7 --> 8 
8 --> 9 23 
9 --> 13 10 
10 --> 13 11 
11 --> 12 13 
12 --> 13 
13 --> 16 14 
14 --> 15 16 
15 --> 16 
16 --> 17 20 
17 --> 18 
18 --> 19 
19 --> 20 
20 --> 22 21 
21 --> 22 
22 --> 8 
23 --> 24 
24 --> 25 
25 --> 26 
26 --> 27 
27 --> 28 
28 --> 29 
29 --> 30 
30 --> 31 
31 --> 32 
32 --> 33 
33 --> 34 
34 --> 35 
35 --> 

* FSM state operations: 

State 1 <SV = 0> <Delay = 5.23>
ST_1 : Operation 36 [1/1] (0.00ns)   --->   "%snn_busy_read = read i1 @_ssdm_op_Read.ap_none.i1, i1 %snn_busy"   --->   Operation 36 'read' 'snn_busy_read' <Predicate = true> <Delay = 0.00>
ST_1 : Operation 37 [1/1] (0.00ns)   --->   "%snn_ready_read = read i1 @_ssdm_op_Read.ap_none.i1, i1 %snn_ready"   --->   Operation 37 'read' 'snn_ready_read' <Predicate = true> <Delay = 0.00>
ST_1 : Operation 38 [1/1] (0.00ns)   --->   "%spike_out_weight_read = read i8 @_ssdm_op_Read.ap_none.i8, i8 %spike_out_weight"   --->   Operation 38 'read' 'spike_out_weight_read' <Predicate = true> <Delay = 0.00>
ST_1 : Operation 39 [1/1] (0.00ns)   --->   "%spike_out_neuron_id_read = read i8 @_ssdm_op_Read.ap_none.i8, i8 %spike_out_neuron_id"   --->   Operation 39 'read' 'spike_out_neuron_id_read' <Predicate = true> <Delay = 0.00>
ST_1 : Operation 40 [1/1] (0.00ns)   --->   "%spike_out_valid_read = read i1 @_ssdm_op_Read.ap_none.i1, i1 %spike_out_valid"   --->   Operation 40 'read' 'spike_out_valid_read' <Predicate = true> <Delay = 0.00>
ST_1 : Operation 41 [1/1] (0.00ns)   --->   "%spike_in_ready_read = read i1 @_ssdm_op_Read.ap_none.i1, i1 %spike_in_ready"   --->   Operation 41 'read' 'spike_in_ready_read' <Predicate = true> <Delay = 0.00>
ST_1 : Operation 42 [1/1] (1.00ns)   --->   "%reward_signal_read = read i8 @_ssdm_op_Read.s_axilite.i8, i8 %reward_signal"   --->   Operation 42 'read' 'reward_signal_read' <Predicate = true> <Delay = 1.00> <CoreInst = "s_axilite">   --->   Core 112 's_axilite' <Latency = 0> <II = 1> <Delay = 1.00> <Adapter> <Opcode : 'read' 'write'>
ST_1 : Operation 43 [1/1] (1.00ns)   --->   "%encoder_config_read = read i144 @_ssdm_op_Read.s_axilite.i144, i144 %encoder_config"   --->   Operation 43 'read' 'encoder_config_read' <Predicate = true> <Delay = 1.00> <CoreInst = "s_axilite">   --->   Core 112 's_axilite' <Latency = 0> <II = 1> <Delay = 1.00> <Adapter> <Opcode : 'read' 'write'>
ST_1 : Operation 44 [1/1] (1.00ns)   --->   "%learning_params_read = read i144 @_ssdm_op_Read.s_axilite.i144, i144 %learning_params"   --->   Operation 44 'read' 'learning_params_read' <Predicate = true> <Delay = 1.00> <CoreInst = "s_axilite">   --->   Core 112 's_axilite' <Latency = 0> <II = 1> <Delay = 1.00> <Adapter> <Opcode : 'read' 'write'>
ST_1 : Operation 45 [1/1] (1.00ns)   --->   "%time_steps_reg_read = read i32 @_ssdm_op_Read.s_axilite.i32, i32 %time_steps_reg"   --->   Operation 45 'read' 'time_steps_reg_read' <Predicate = true> <Delay = 1.00> <CoreInst = "s_axilite">   --->   Core 112 's_axilite' <Latency = 0> <II = 1> <Delay = 1.00> <Adapter> <Opcode : 'read' 'write'>
ST_1 : Operation 46 [1/1] (1.00ns)   --->   "%mode_reg_read = read i32 @_ssdm_op_Read.s_axilite.i32, i32 %mode_reg"   --->   Operation 46 'read' 'mode_reg_read' <Predicate = true> <Delay = 1.00> <CoreInst = "s_axilite">   --->   Core 112 's_axilite' <Latency = 0> <II = 1> <Delay = 1.00> <Adapter> <Opcode : 'read' 'write'>
ST_1 : Operation 47 [1/1] (1.00ns)   --->   "%config_reg_read = read i32 @_ssdm_op_Read.s_axilite.i32, i32 %config_reg"   --->   Operation 47 'read' 'config_reg_read' <Predicate = true> <Delay = 1.00> <CoreInst = "s_axilite">   --->   Core 112 's_axilite' <Latency = 0> <II = 1> <Delay = 1.00> <Adapter> <Opcode : 'read' 'write'>
ST_1 : Operation 48 [1/1] (1.00ns)   --->   "%ctrl_reg_read = read i32 @_ssdm_op_Read.s_axilite.i32, i32 %ctrl_reg"   --->   Operation 48 'read' 'ctrl_reg_read' <Predicate = true> <Delay = 1.00> <CoreInst = "s_axilite">   --->   Core 112 's_axilite' <Latency = 0> <II = 1> <Delay = 1.00> <Adapter> <Opcode : 'read' 'write'>
ST_1 : Operation 49 [1/1] (0.00ns)   --->   "%weight_sum_loc = alloca i64 1"   --->   Operation 49 'alloca' 'weight_sum_loc' <Predicate = true> <Delay = 0.00>
ST_1 : Operation 50 [1/1] (0.00ns)   --->   "%spectopmodule_ln555 = spectopmodule void @_ssdm_op_SpecTopModule, void @empty_9" [src/snn_top_hls.cpp:555]   --->   Operation 50 'spectopmodule' 'spectopmodule_ln555' <Predicate = true> <Delay = 0.00>
ST_1 : Operation 51 [1/1] (0.00ns)   --->   "%specbitsmap_ln0 = specbitsmap void @_ssdm_op_SpecBitsMap, i32 %ctrl_reg"   --->   Operation 51 'specbitsmap' 'specbitsmap_ln0' <Predicate = true> <Delay = 0.00>
ST_1 : Operation 52 [1/1] (0.00ns)   --->   "%specinterface_ln0 = specinterface void @_ssdm_op_SpecInterface, i32 %ctrl_reg, void @empty_11, i32 4294967295, i32 4294967295, void @empty_3, i32 0, i32 0, void @empty_14, void @empty_5, void @empty_3, i32 0, i32 0, i32 0, i32 0, void @empty_3, void @empty_3, i32 4294967295, i32 0, i32 0, i32 0"   --->   Operation 52 'specinterface' 'specinterface_ln0' <Predicate = true> <Delay = 0.00>
ST_1 : Operation 53 [1/1] (0.00ns)   --->   "%specinterface_ln0 = specinterface void @_ssdm_op_SpecInterface, i32 %ctrl_reg, void @empty, i32 0, i32 0, void @empty_3, i32 0, i32 0, void @empty_3, void @empty_3, void @empty_3, i32 0, i32 0, i32 0, i32 0, void @empty_3, void @empty_3, i32 4294967295, i32 0, i32 0, i32 0"   --->   Operation 53 'specinterface' 'specinterface_ln0' <Predicate = true> <Delay = 0.00>
ST_1 : Operation 54 [1/1] (0.00ns)   --->   "%specbitsmap_ln0 = specbitsmap void @_ssdm_op_SpecBitsMap, i32 %config_reg"   --->   Operation 54 'specbitsmap' 'specbitsmap_ln0' <Predicate = true> <Delay = 0.00>
ST_1 : Operation 55 [1/1] (0.00ns)   --->   "%specinterface_ln0 = specinterface void @_ssdm_op_SpecInterface, i32 %config_reg, void @empty_11, i32 4294967295, i32 4294967295, void @empty_3, i32 0, i32 0, void @empty_14, void @empty_27, void @empty_3, i32 0, i32 0, i32 0, i32 0, void @empty_3, void @empty_3, i32 4294967295, i32 0, i32 0, i32 0"   --->   Operation 55 'specinterface' 'specinterface_ln0' <Predicate = true> <Delay = 0.00>
ST_1 : Operation 56 [1/1] (0.00ns)   --->   "%specinterface_ln0 = specinterface void @_ssdm_op_SpecInterface, i32 %config_reg, void @empty, i32 0, i32 0, void @empty_3, i32 0, i32 0, void @empty_3, void @empty_3, void @empty_3, i32 0, i32 0, i32 0, i32 0, void @empty_3, void @empty_3, i32 4294967295, i32 0, i32 0, i32 0"   --->   Operation 56 'specinterface' 'specinterface_ln0' <Predicate = true> <Delay = 0.00>
ST_1 : Operation 57 [1/1] (0.00ns)   --->   "%specbitsmap_ln0 = specbitsmap void @_ssdm_op_SpecBitsMap, i32 %mode_reg"   --->   Operation 57 'specbitsmap' 'specbitsmap_ln0' <Predicate = true> <Delay = 0.00>
ST_1 : Operation 58 [1/1] (0.00ns)   --->   "%specinterface_ln0 = specinterface void @_ssdm_op_SpecInterface, i32 %mode_reg, void @empty_11, i32 4294967295, i32 4294967295, void @empty_3, i32 0, i32 0, void @empty_14, void @empty_12, void @empty_3, i32 0, i32 0, i32 0, i32 0, void @empty_3, void @empty_3, i32 4294967295, i32 0, i32 0, i32 0"   --->   Operation 58 'specinterface' 'specinterface_ln0' <Predicate = true> <Delay = 0.00>
ST_1 : Operation 59 [1/1] (0.00ns)   --->   "%specinterface_ln0 = specinterface void @_ssdm_op_SpecInterface, i32 %mode_reg, void @empty, i32 0, i32 0, void @empty_3, i32 0, i32 0, void @empty_3, void @empty_3, void @empty_3, i32 0, i32 0, i32 0, i32 0, void @empty_3, void @empty_3, i32 4294967295, i32 0, i32 0, i32 0"   --->   Operation 59 'specinterface' 'specinterface_ln0' <Predicate = true> <Delay = 0.00>
ST_1 : Operation 60 [1/1] (0.00ns)   --->   "%specbitsmap_ln0 = specbitsmap void @_ssdm_op_SpecBitsMap, i32 %time_steps_reg"   --->   Operation 60 'specbitsmap' 'specbitsmap_ln0' <Predicate = true> <Delay = 0.00>
ST_1 : Operation 61 [1/1] (0.00ns)   --->   "%specinterface_ln0 = specinterface void @_ssdm_op_SpecInterface, i32 %time_steps_reg, void @empty_11, i32 4294967295, i32 4294967295, void @empty_3, i32 0, i32 0, void @empty_14, void @empty_23, void @empty_3, i32 0, i32 0, i32 0, i32 0, void @empty_3, void @empty_3, i32 4294967295, i32 0, i32 0, i32 0"   --->   Operation 61 'specinterface' 'specinterface_ln0' <Predicate = true> <Delay = 0.00>
ST_1 : Operation 62 [1/1] (0.00ns)   --->   "%specinterface_ln0 = specinterface void @_ssdm_op_SpecInterface, i32 %time_steps_reg, void @empty, i32 0, i32 0, void @empty_3, i32 0, i32 0, void @empty_3, void @empty_3, void @empty_3, i32 0, i32 0, i32 0, i32 0, void @empty_3, void @empty_3, i32 4294967295, i32 0, i32 0, i32 0"   --->   Operation 62 'specinterface' 'specinterface_ln0' <Predicate = true> <Delay = 0.00>
ST_1 : Operation 63 [1/1] (0.00ns)   --->   "%specbitsmap_ln0 = specbitsmap void @_ssdm_op_SpecBitsMap, i144 %learning_params"   --->   Operation 63 'specbitsmap' 'specbitsmap_ln0' <Predicate = true> <Delay = 0.00>
ST_1 : Operation 64 [1/1] (0.00ns)   --->   "%specinterface_ln0 = specinterface void @_ssdm_op_SpecInterface, i144 %learning_params, void @empty_11, i32 4294967295, i32 4294967295, void @empty_3, i32 0, i32 0, void @empty_14, void @empty_26, void @empty_3, i32 0, i32 0, i32 0, i32 0, void @empty_3, void @empty_3, i32 4294967295, i32 0, i32 0, i32 0"   --->   Operation 64 'specinterface' 'specinterface_ln0' <Predicate = true> <Delay = 0.00>
ST_1 : Operation 65 [1/1] (0.00ns)   --->   "%specinterface_ln0 = specinterface void @_ssdm_op_SpecInterface, i144 %learning_params, void @empty, i32 0, i32 0, void @empty_3, i32 0, i32 0, void @empty_3, void @empty_3, void @empty_3, i32 0, i32 0, i32 0, i32 0, void @empty_3, void @empty_3, i32 4294967295, i32 0, i32 0, i32 0"   --->   Operation 65 'specinterface' 'specinterface_ln0' <Predicate = true> <Delay = 0.00>
ST_1 : Operation 66 [1/1] (0.00ns)   --->   "%specbitsmap_ln0 = specbitsmap void @_ssdm_op_SpecBitsMap, i144 %encoder_config"   --->   Operation 66 'specbitsmap' 'specbitsmap_ln0' <Predicate = true> <Delay = 0.00>
ST_1 : Operation 67 [1/1] (0.00ns)   --->   "%specinterface_ln0 = specinterface void @_ssdm_op_SpecInterface, i144 %encoder_config, void @empty_11, i32 4294967295, i32 4294967295, void @empty_3, i32 0, i32 0, void @empty_14, void @empty_21, void @empty_3, i32 0, i32 0, i32 0, i32 0, void @empty_3, void @empty_3, i32 4294967295, i32 0, i32 0, i32 0"   --->   Operation 67 'specinterface' 'specinterface_ln0' <Predicate = true> <Delay = 0.00>
ST_1 : Operation 68 [1/1] (0.00ns)   --->   "%specinterface_ln0 = specinterface void @_ssdm_op_SpecInterface, i144 %encoder_config, void @empty, i32 0, i32 0, void @empty_3, i32 0, i32 0, void @empty_3, void @empty_3, void @empty_3, i32 0, i32 0, i32 0, i32 0, void @empty_3, void @empty_3, i32 4294967295, i32 0, i32 0, i32 0"   --->   Operation 68 'specinterface' 'specinterface_ln0' <Predicate = true> <Delay = 0.00>
ST_1 : Operation 69 [1/1] (0.00ns)   --->   "%specbitsmap_ln0 = specbitsmap void @_ssdm_op_SpecBitsMap, i32 %status_reg"   --->   Operation 69 'specbitsmap' 'specbitsmap_ln0' <Predicate = true> <Delay = 0.00>
ST_1 : Operation 70 [1/1] (0.00ns)   --->   "%specinterface_ln0 = specinterface void @_ssdm_op_SpecInterface, i32 %status_reg, void @empty_11, i32 4294967295, i32 4294967295, void @empty_3, i32 0, i32 0, void @empty_14, void @empty_31, void @empty_3, i32 0, i32 0, i32 0, i32 0, void @empty_3, void @empty_3, i32 4294967295, i32 0, i32 0, i32 0"   --->   Operation 70 'specinterface' 'specinterface_ln0' <Predicate = true> <Delay = 0.00>
ST_1 : Operation 71 [1/1] (0.00ns)   --->   "%specinterface_ln0 = specinterface void @_ssdm_op_SpecInterface, i32 %status_reg, void @empty, i32 0, i32 0, void @empty_3, i32 0, i32 0, void @empty_3, void @empty_3, void @empty_3, i32 0, i32 0, i32 0, i32 0, void @empty_3, void @empty_3, i32 4294967295, i32 0, i32 0, i32 0"   --->   Operation 71 'specinterface' 'specinterface_ln0' <Predicate = true> <Delay = 0.00>
ST_1 : Operation 72 [1/1] (0.00ns)   --->   "%specbitsmap_ln0 = specbitsmap void @_ssdm_op_SpecBitsMap, i32 %spike_count_reg"   --->   Operation 72 'specbitsmap' 'specbitsmap_ln0' <Predicate = true> <Delay = 0.00>
ST_1 : Operation 73 [1/1] (0.00ns)   --->   "%specinterface_ln0 = specinterface void @_ssdm_op_SpecInterface, i32 %spike_count_reg, void @empty_11, i32 4294967295, i32 4294967295, void @empty_3, i32 0, i32 0, void @empty_14, void @empty_20, void @empty_3, i32 0, i32 0, i32 0, i32 0, void @empty_3, void @empty_3, i32 4294967295, i32 0, i32 0, i32 0"   --->   Operation 73 'specinterface' 'specinterface_ln0' <Predicate = true> <Delay = 0.00>
ST_1 : Operation 74 [1/1] (0.00ns)   --->   "%specinterface_ln0 = specinterface void @_ssdm_op_SpecInterface, i32 %spike_count_reg, void @empty, i32 0, i32 0, void @empty_3, i32 0, i32 0, void @empty_3, void @empty_3, void @empty_3, i32 0, i32 0, i32 0, i32 0, void @empty_3, void @empty_3, i32 4294967295, i32 0, i32 0, i32 0"   --->   Operation 74 'specinterface' 'specinterface_ln0' <Predicate = true> <Delay = 0.00>
ST_1 : Operation 75 [1/1] (0.00ns)   --->   "%specbitsmap_ln0 = specbitsmap void @_ssdm_op_SpecBitsMap, i32 %weight_sum_reg"   --->   Operation 75 'specbitsmap' 'specbitsmap_ln0' <Predicate = true> <Delay = 0.00>
ST_1 : Operation 76 [1/1] (0.00ns)   --->   "%specinterface_ln0 = specinterface void @_ssdm_op_SpecInterface, i32 %weight_sum_reg, void @empty_11, i32 4294967295, i32 4294967295, void @empty_3, i32 0, i32 0, void @empty_14, void @empty_19, void @empty_3, i32 0, i32 0, i32 0, i32 0, void @empty_3, void @empty_3, i32 4294967295, i32 0, i32 0, i32 0"   --->   Operation 76 'specinterface' 'specinterface_ln0' <Predicate = true> <Delay = 0.00>
ST_1 : Operation 77 [1/1] (0.00ns)   --->   "%specinterface_ln0 = specinterface void @_ssdm_op_SpecInterface, i32 %weight_sum_reg, void @empty, i32 0, i32 0, void @empty_3, i32 0, i32 0, void @empty_3, void @empty_3, void @empty_3, i32 0, i32 0, i32 0, i32 0, void @empty_3, void @empty_3, i32 4294967295, i32 0, i32 0, i32 0"   --->   Operation 77 'specinterface' 'specinterface_ln0' <Predicate = true> <Delay = 0.00>
ST_1 : Operation 78 [1/1] (0.00ns)   --->   "%specbitsmap_ln0 = specbitsmap void @_ssdm_op_SpecBitsMap, i32 %version_reg"   --->   Operation 78 'specbitsmap' 'specbitsmap_ln0' <Predicate = true> <Delay = 0.00>
ST_1 : Operation 79 [1/1] (0.00ns)   --->   "%specinterface_ln0 = specinterface void @_ssdm_op_SpecInterface, i32 %version_reg, void @empty_11, i32 4294967295, i32 4294967295, void @empty_3, i32 0, i32 0, void @empty_14, void @empty_15, void @empty_3, i32 0, i32 0, i32 0, i32 0, void @empty_3, void @empty_3, i32 4294967295, i32 0, i32 0, i32 0"   --->   Operation 79 'specinterface' 'specinterface_ln0' <Predicate = true> <Delay = 0.00>
ST_1 : Operation 80 [1/1] (0.00ns)   --->   "%specinterface_ln0 = specinterface void @_ssdm_op_SpecInterface, i32 %version_reg, void @empty, i32 0, i32 0, void @empty_3, i32 0, i32 0, void @empty_3, void @empty_3, void @empty_3, i32 0, i32 0, i32 0, i32 0, void @empty_3, void @empty_3, i32 4294967295, i32 0, i32 0, i32 0"   --->   Operation 80 'specinterface' 'specinterface_ln0' <Predicate = true> <Delay = 0.00>
ST_1 : Operation 81 [1/1] (0.00ns)   --->   "%specinterface_ln0 = specinterface void @_ssdm_op_SpecInterface, i32 %s_axis_spikes_V_data_V, i4 %s_axis_spikes_V_keep_V, i4 %s_axis_spikes_V_strb_V, i1 %s_axis_spikes_V_user_V, i1 %s_axis_spikes_V_last_V, i1 %s_axis_spikes_V_id_V, i1 %s_axis_spikes_V_dest_V, void @empty_13, i32 1, i32 1, void @empty_33, i32 0, i32 0, void @empty_3, void @empty_3, void @empty_3, i32 0, i32 0, i32 0, i32 0, void @empty_3, void @empty_3, i32 4294967295, i32 0, i32 0, i32 0"   --->   Operation 81 'specinterface' 'specinterface_ln0' <Predicate = true> <Delay = 0.00>
ST_1 : Operation 82 [1/1] (0.00ns)   --->   "%specbitsmap_ln0 = specbitsmap void @_ssdm_op_SpecBitsMap, i32 %s_axis_spikes_V_data_V"   --->   Operation 82 'specbitsmap' 'specbitsmap_ln0' <Predicate = true> <Delay = 0.00>
ST_1 : Operation 83 [1/1] (0.00ns)   --->   "%specbitsmap_ln0 = specbitsmap void @_ssdm_op_SpecBitsMap, i4 %s_axis_spikes_V_keep_V"   --->   Operation 83 'specbitsmap' 'specbitsmap_ln0' <Predicate = true> <Delay = 0.00>
ST_1 : Operation 84 [1/1] (0.00ns)   --->   "%specbitsmap_ln0 = specbitsmap void @_ssdm_op_SpecBitsMap, i4 %s_axis_spikes_V_strb_V"   --->   Operation 84 'specbitsmap' 'specbitsmap_ln0' <Predicate = true> <Delay = 0.00>
ST_1 : Operation 85 [1/1] (0.00ns)   --->   "%specbitsmap_ln0 = specbitsmap void @_ssdm_op_SpecBitsMap, i1 %s_axis_spikes_V_user_V"   --->   Operation 85 'specbitsmap' 'specbitsmap_ln0' <Predicate = true> <Delay = 0.00>
ST_1 : Operation 86 [1/1] (0.00ns)   --->   "%specbitsmap_ln0 = specbitsmap void @_ssdm_op_SpecBitsMap, i1 %s_axis_spikes_V_last_V"   --->   Operation 86 'specbitsmap' 'specbitsmap_ln0' <Predicate = true> <Delay = 0.00>
ST_1 : Operation 87 [1/1] (0.00ns)   --->   "%specbitsmap_ln0 = specbitsmap void @_ssdm_op_SpecBitsMap, i1 %s_axis_spikes_V_id_V"   --->   Operation 87 'specbitsmap' 'specbitsmap_ln0' <Predicate = true> <Delay = 0.00>
ST_1 : Operation 88 [1/1] (0.00ns)   --->   "%specbitsmap_ln0 = specbitsmap void @_ssdm_op_SpecBitsMap, i1 %s_axis_spikes_V_dest_V"   --->   Operation 88 'specbitsmap' 'specbitsmap_ln0' <Predicate = true> <Delay = 0.00>
ST_1 : Operation 89 [1/1] (0.00ns)   --->   "%specinterface_ln0 = specinterface void @_ssdm_op_SpecInterface, i32 %s_axis_data_V_data_V, i4 %s_axis_data_V_keep_V, i4 %s_axis_data_V_strb_V, i1 %s_axis_data_V_user_V, i1 %s_axis_data_V_last_V, i1 %s_axis_data_V_id_V, i1 %s_axis_data_V_dest_V, void @empty_13, i32 1, i32 1, void @empty_33, i32 0, i32 0, void @empty_3, void @empty_3, void @empty_3, i32 0, i32 0, i32 0, i32 0, void @empty_3, void @empty_3, i32 4294967295, i32 0, i32 0, i32 0"   --->   Operation 89 'specinterface' 'specinterface_ln0' <Predicate = true> <Delay = 0.00>
ST_1 : Operation 90 [1/1] (0.00ns)   --->   "%specbitsmap_ln0 = specbitsmap void @_ssdm_op_SpecBitsMap, i32 %s_axis_data_V_data_V"   --->   Operation 90 'specbitsmap' 'specbitsmap_ln0' <Predicate = true> <Delay = 0.00>
ST_1 : Operation 91 [1/1] (0.00ns)   --->   "%specbitsmap_ln0 = specbitsmap void @_ssdm_op_SpecBitsMap, i4 %s_axis_data_V_keep_V"   --->   Operation 91 'specbitsmap' 'specbitsmap_ln0' <Predicate = true> <Delay = 0.00>
ST_1 : Operation 92 [1/1] (0.00ns)   --->   "%specbitsmap_ln0 = specbitsmap void @_ssdm_op_SpecBitsMap, i4 %s_axis_data_V_strb_V"   --->   Operation 92 'specbitsmap' 'specbitsmap_ln0' <Predicate = true> <Delay = 0.00>
ST_1 : Operation 93 [1/1] (0.00ns)   --->   "%specbitsmap_ln0 = specbitsmap void @_ssdm_op_SpecBitsMap, i1 %s_axis_data_V_user_V"   --->   Operation 93 'specbitsmap' 'specbitsmap_ln0' <Predicate = true> <Delay = 0.00>
ST_1 : Operation 94 [1/1] (0.00ns)   --->   "%specbitsmap_ln0 = specbitsmap void @_ssdm_op_SpecBitsMap, i1 %s_axis_data_V_last_V"   --->   Operation 94 'specbitsmap' 'specbitsmap_ln0' <Predicate = true> <Delay = 0.00>
ST_1 : Operation 95 [1/1] (0.00ns)   --->   "%specbitsmap_ln0 = specbitsmap void @_ssdm_op_SpecBitsMap, i1 %s_axis_data_V_id_V"   --->   Operation 95 'specbitsmap' 'specbitsmap_ln0' <Predicate = true> <Delay = 0.00>
ST_1 : Operation 96 [1/1] (0.00ns)   --->   "%specbitsmap_ln0 = specbitsmap void @_ssdm_op_SpecBitsMap, i1 %s_axis_data_V_dest_V"   --->   Operation 96 'specbitsmap' 'specbitsmap_ln0' <Predicate = true> <Delay = 0.00>
ST_1 : Operation 97 [1/1] (0.00ns)   --->   "%specinterface_ln0 = specinterface void @_ssdm_op_SpecInterface, i32 %s_axis_weights_V_data_V, i4 %s_axis_weights_V_keep_V, i4 %s_axis_weights_V_strb_V, i1 %s_axis_weights_V_user_V, i1 %s_axis_weights_V_last_V, i1 %s_axis_weights_V_id_V, i1 %s_axis_weights_V_dest_V, void @empty_13, i32 1, i32 1, void @empty_33, i32 0, i32 0, void @empty_3, void @empty_3, void @empty_3, i32 0, i32 0, i32 0, i32 0, void @empty_3, void @empty_3, i32 4294967295, i32 0, i32 0, i32 0"   --->   Operation 97 'specinterface' 'specinterface_ln0' <Predicate = true> <Delay = 0.00>
ST_1 : Operation 98 [1/1] (0.00ns)   --->   "%specbitsmap_ln0 = specbitsmap void @_ssdm_op_SpecBitsMap, i32 %s_axis_weights_V_data_V"   --->   Operation 98 'specbitsmap' 'specbitsmap_ln0' <Predicate = true> <Delay = 0.00>
ST_1 : Operation 99 [1/1] (0.00ns)   --->   "%specbitsmap_ln0 = specbitsmap void @_ssdm_op_SpecBitsMap, i4 %s_axis_weights_V_keep_V"   --->   Operation 99 'specbitsmap' 'specbitsmap_ln0' <Predicate = true> <Delay = 0.00>
ST_1 : Operation 100 [1/1] (0.00ns)   --->   "%specbitsmap_ln0 = specbitsmap void @_ssdm_op_SpecBitsMap, i4 %s_axis_weights_V_strb_V"   --->   Operation 100 'specbitsmap' 'specbitsmap_ln0' <Predicate = true> <Delay = 0.00>
ST_1 : Operation 101 [1/1] (0.00ns)   --->   "%specbitsmap_ln0 = specbitsmap void @_ssdm_op_SpecBitsMap, i1 %s_axis_weights_V_user_V"   --->   Operation 101 'specbitsmap' 'specbitsmap_ln0' <Predicate = true> <Delay = 0.00>
ST_1 : Operation 102 [1/1] (0.00ns)   --->   "%specbitsmap_ln0 = specbitsmap void @_ssdm_op_SpecBitsMap, i1 %s_axis_weights_V_last_V"   --->   Operation 102 'specbitsmap' 'specbitsmap_ln0' <Predicate = true> <Delay = 0.00>
ST_1 : Operation 103 [1/1] (0.00ns)   --->   "%specbitsmap_ln0 = specbitsmap void @_ssdm_op_SpecBitsMap, i1 %s_axis_weights_V_id_V"   --->   Operation 103 'specbitsmap' 'specbitsmap_ln0' <Predicate = true> <Delay = 0.00>
ST_1 : Operation 104 [1/1] (0.00ns)   --->   "%specbitsmap_ln0 = specbitsmap void @_ssdm_op_SpecBitsMap, i1 %s_axis_weights_V_dest_V"   --->   Operation 104 'specbitsmap' 'specbitsmap_ln0' <Predicate = true> <Delay = 0.00>
ST_1 : Operation 105 [1/1] (0.00ns)   --->   "%specinterface_ln0 = specinterface void @_ssdm_op_SpecInterface, i32 %m_axis_spikes_V_data_V, i4 %m_axis_spikes_V_keep_V, i4 %m_axis_spikes_V_strb_V, i1 %m_axis_spikes_V_user_V, i1 %m_axis_spikes_V_last_V, i1 %m_axis_spikes_V_id_V, i1 %m_axis_spikes_V_dest_V, void @empty_13, i32 1, i32 1, void @empty_33, i32 0, i32 0, void @empty_3, void @empty_3, void @empty_3, i32 0, i32 0, i32 0, i32 0, void @empty_3, void @empty_3, i32 4294967295, i32 0, i32 0, i32 0"   --->   Operation 105 'specinterface' 'specinterface_ln0' <Predicate = true> <Delay = 0.00>
ST_1 : Operation 106 [1/1] (0.00ns)   --->   "%specbitsmap_ln0 = specbitsmap void @_ssdm_op_SpecBitsMap, i32 %m_axis_spikes_V_data_V"   --->   Operation 106 'specbitsmap' 'specbitsmap_ln0' <Predicate = true> <Delay = 0.00>
ST_1 : Operation 107 [1/1] (0.00ns)   --->   "%specbitsmap_ln0 = specbitsmap void @_ssdm_op_SpecBitsMap, i4 %m_axis_spikes_V_keep_V"   --->   Operation 107 'specbitsmap' 'specbitsmap_ln0' <Predicate = true> <Delay = 0.00>
ST_1 : Operation 108 [1/1] (0.00ns)   --->   "%specbitsmap_ln0 = specbitsmap void @_ssdm_op_SpecBitsMap, i4 %m_axis_spikes_V_strb_V"   --->   Operation 108 'specbitsmap' 'specbitsmap_ln0' <Predicate = true> <Delay = 0.00>
ST_1 : Operation 109 [1/1] (0.00ns)   --->   "%specbitsmap_ln0 = specbitsmap void @_ssdm_op_SpecBitsMap, i1 %m_axis_spikes_V_user_V"   --->   Operation 109 'specbitsmap' 'specbitsmap_ln0' <Predicate = true> <Delay = 0.00>
ST_1 : Operation 110 [1/1] (0.00ns)   --->   "%specbitsmap_ln0 = specbitsmap void @_ssdm_op_SpecBitsMap, i1 %m_axis_spikes_V_last_V"   --->   Operation 110 'specbitsmap' 'specbitsmap_ln0' <Predicate = true> <Delay = 0.00>
ST_1 : Operation 111 [1/1] (0.00ns)   --->   "%specbitsmap_ln0 = specbitsmap void @_ssdm_op_SpecBitsMap, i1 %m_axis_spikes_V_id_V"   --->   Operation 111 'specbitsmap' 'specbitsmap_ln0' <Predicate = true> <Delay = 0.00>
ST_1 : Operation 112 [1/1] (0.00ns)   --->   "%specbitsmap_ln0 = specbitsmap void @_ssdm_op_SpecBitsMap, i1 %m_axis_spikes_V_dest_V"   --->   Operation 112 'specbitsmap' 'specbitsmap_ln0' <Predicate = true> <Delay = 0.00>
ST_1 : Operation 113 [1/1] (0.00ns)   --->   "%specinterface_ln0 = specinterface void @_ssdm_op_SpecInterface, i32 %m_axis_weights_V_data_V, i4 %m_axis_weights_V_keep_V, i4 %m_axis_weights_V_strb_V, i1 %m_axis_weights_V_user_V, i1 %m_axis_weights_V_last_V, i1 %m_axis_weights_V_id_V, i1 %m_axis_weights_V_dest_V, void @empty_13, i32 1, i32 1, void @empty_33, i32 0, i32 0, void @empty_3, void @empty_3, void @empty_3, i32 0, i32 0, i32 0, i32 0, void @empty_3, void @empty_3, i32 4294967295, i32 0, i32 0, i32 0"   --->   Operation 113 'specinterface' 'specinterface_ln0' <Predicate = true> <Delay = 0.00>
ST_1 : Operation 114 [1/1] (0.00ns)   --->   "%specbitsmap_ln0 = specbitsmap void @_ssdm_op_SpecBitsMap, i32 %m_axis_weights_V_data_V"   --->   Operation 114 'specbitsmap' 'specbitsmap_ln0' <Predicate = true> <Delay = 0.00>
ST_1 : Operation 115 [1/1] (0.00ns)   --->   "%specbitsmap_ln0 = specbitsmap void @_ssdm_op_SpecBitsMap, i4 %m_axis_weights_V_keep_V"   --->   Operation 115 'specbitsmap' 'specbitsmap_ln0' <Predicate = true> <Delay = 0.00>
ST_1 : Operation 116 [1/1] (0.00ns)   --->   "%specbitsmap_ln0 = specbitsmap void @_ssdm_op_SpecBitsMap, i4 %m_axis_weights_V_strb_V"   --->   Operation 116 'specbitsmap' 'specbitsmap_ln0' <Predicate = true> <Delay = 0.00>
ST_1 : Operation 117 [1/1] (0.00ns)   --->   "%specbitsmap_ln0 = specbitsmap void @_ssdm_op_SpecBitsMap, i1 %m_axis_weights_V_user_V"   --->   Operation 117 'specbitsmap' 'specbitsmap_ln0' <Predicate = true> <Delay = 0.00>
ST_1 : Operation 118 [1/1] (0.00ns)   --->   "%specbitsmap_ln0 = specbitsmap void @_ssdm_op_SpecBitsMap, i1 %m_axis_weights_V_last_V"   --->   Operation 118 'specbitsmap' 'specbitsmap_ln0' <Predicate = true> <Delay = 0.00>
ST_1 : Operation 119 [1/1] (0.00ns)   --->   "%specbitsmap_ln0 = specbitsmap void @_ssdm_op_SpecBitsMap, i1 %m_axis_weights_V_id_V"   --->   Operation 119 'specbitsmap' 'specbitsmap_ln0' <Predicate = true> <Delay = 0.00>
ST_1 : Operation 120 [1/1] (0.00ns)   --->   "%specbitsmap_ln0 = specbitsmap void @_ssdm_op_SpecBitsMap, i1 %m_axis_weights_V_dest_V"   --->   Operation 120 'specbitsmap' 'specbitsmap_ln0' <Predicate = true> <Delay = 0.00>
ST_1 : Operation 121 [1/1] (0.00ns)   --->   "%specbitsmap_ln0 = specbitsmap void @_ssdm_op_SpecBitsMap, i8 %reward_signal"   --->   Operation 121 'specbitsmap' 'specbitsmap_ln0' <Predicate = true> <Delay = 0.00>
ST_1 : Operation 122 [1/1] (0.00ns)   --->   "%specinterface_ln0 = specinterface void @_ssdm_op_SpecInterface, i8 %reward_signal, void @empty_11, i32 4294967295, i32 4294967295, void @empty_3, i32 0, i32 0, void @empty_14, void @empty_32, void @empty_3, i32 0, i32 0, i32 0, i32 0, void @empty_3, void @empty_3, i32 4294967295, i32 0, i32 0, i32 0"   --->   Operation 122 'specinterface' 'specinterface_ln0' <Predicate = true> <Delay = 0.00>
ST_1 : Operation 123 [1/1] (0.00ns)   --->   "%specinterface_ln0 = specinterface void @_ssdm_op_SpecInterface, i8 %reward_signal, void @empty, i32 0, i32 0, void @empty_3, i32 0, i32 0, void @empty_3, void @empty_3, void @empty_3, i32 0, i32 0, i32 0, i32 0, void @empty_3, void @empty_3, i32 4294967295, i32 0, i32 0, i32 0"   --->   Operation 123 'specinterface' 'specinterface_ln0' <Predicate = true> <Delay = 0.00>
ST_1 : Operation 124 [1/1] (0.00ns)   --->   "%specbitsmap_ln0 = specbitsmap void @_ssdm_op_SpecBitsMap, i1 %spike_in_valid"   --->   Operation 124 'specbitsmap' 'specbitsmap_ln0' <Predicate = true> <Delay = 0.00>
ST_1 : Operation 125 [1/1] (0.00ns)   --->   "%specinterface_ln0 = specinterface void @_ssdm_op_SpecInterface, i1 %spike_in_valid, void @empty_8, i32 4294967295, i32 4294967295, void @empty_3, i32 0, i32 0, void @empty_3, void @empty_3, void @empty_3, i32 0, i32 0, i32 0, i32 0, void @empty_3, void @empty_3, i32 4294967295, i32 0, i32 0, i32 0"   --->   Operation 125 'specinterface' 'specinterface_ln0' <Predicate = true> <Delay = 0.00>
ST_1 : Operation 126 [1/1] (0.00ns)   --->   "%specbitsmap_ln0 = specbitsmap void @_ssdm_op_SpecBitsMap, i8 %spike_in_neuron_id"   --->   Operation 126 'specbitsmap' 'specbitsmap_ln0' <Predicate = true> <Delay = 0.00>
ST_1 : Operation 127 [1/1] (0.00ns)   --->   "%specinterface_ln0 = specinterface void @_ssdm_op_SpecInterface, i8 %spike_in_neuron_id, void @empty_8, i32 4294967295, i32 4294967295, void @empty_3, i32 0, i32 0, void @empty_3, void @empty_3, void @empty_3, i32 0, i32 0, i32 0, i32 0, void @empty_3, void @empty_3, i32 4294967295, i32 0, i32 0, i32 0"   --->   Operation 127 'specinterface' 'specinterface_ln0' <Predicate = true> <Delay = 0.00>
ST_1 : Operation 128 [1/1] (0.00ns)   --->   "%specbitsmap_ln0 = specbitsmap void @_ssdm_op_SpecBitsMap, i8 %spike_in_weight"   --->   Operation 128 'specbitsmap' 'specbitsmap_ln0' <Predicate = true> <Delay = 0.00>
ST_1 : Operation 129 [1/1] (0.00ns)   --->   "%specinterface_ln0 = specinterface void @_ssdm_op_SpecInterface, i8 %spike_in_weight, void @empty_8, i32 4294967295, i32 4294967295, void @empty_3, i32 0, i32 0, void @empty_3, void @empty_3, void @empty_3, i32 0, i32 0, i32 0, i32 0, void @empty_3, void @empty_3, i32 4294967295, i32 0, i32 0, i32 0"   --->   Operation 129 'specinterface' 'specinterface_ln0' <Predicate = true> <Delay = 0.00>
ST_1 : Operation 130 [1/1] (0.00ns)   --->   "%specbitsmap_ln0 = specbitsmap void @_ssdm_op_SpecBitsMap, i1 %spike_in_ready"   --->   Operation 130 'specbitsmap' 'specbitsmap_ln0' <Predicate = true> <Delay = 0.00>
ST_1 : Operation 131 [1/1] (0.00ns)   --->   "%specinterface_ln0 = specinterface void @_ssdm_op_SpecInterface, i1 %spike_in_ready, void @empty_8, i32 4294967295, i32 4294967295, void @empty_3, i32 0, i32 0, void @empty_3, void @empty_3, void @empty_3, i32 0, i32 0, i32 0, i32 0, void @empty_3, void @empty_3, i32 4294967295, i32 0, i32 0, i32 0"   --->   Operation 131 'specinterface' 'specinterface_ln0' <Predicate = true> <Delay = 0.00>
ST_1 : Operation 132 [1/1] (0.00ns)   --->   "%specbitsmap_ln0 = specbitsmap void @_ssdm_op_SpecBitsMap, i1 %spike_out_valid"   --->   Operation 132 'specbitsmap' 'specbitsmap_ln0' <Predicate = true> <Delay = 0.00>
ST_1 : Operation 133 [1/1] (0.00ns)   --->   "%specinterface_ln0 = specinterface void @_ssdm_op_SpecInterface, i1 %spike_out_valid, void @empty_8, i32 4294967295, i32 4294967295, void @empty_3, i32 0, i32 0, void @empty_3, void @empty_3, void @empty_3, i32 0, i32 0, i32 0, i32 0, void @empty_3, void @empty_3, i32 4294967295, i32 0, i32 0, i32 0"   --->   Operation 133 'specinterface' 'specinterface_ln0' <Predicate = true> <Delay = 0.00>
ST_1 : Operation 134 [1/1] (0.00ns)   --->   "%specbitsmap_ln0 = specbitsmap void @_ssdm_op_SpecBitsMap, i8 %spike_out_neuron_id"   --->   Operation 134 'specbitsmap' 'specbitsmap_ln0' <Predicate = true> <Delay = 0.00>
ST_1 : Operation 135 [1/1] (0.00ns)   --->   "%specinterface_ln0 = specinterface void @_ssdm_op_SpecInterface, i8 %spike_out_neuron_id, void @empty_8, i32 4294967295, i32 4294967295, void @empty_3, i32 0, i32 0, void @empty_3, void @empty_3, void @empty_3, i32 0, i32 0, i32 0, i32 0, void @empty_3, void @empty_3, i32 4294967295, i32 0, i32 0, i32 0"   --->   Operation 135 'specinterface' 'specinterface_ln0' <Predicate = true> <Delay = 0.00>
ST_1 : Operation 136 [1/1] (0.00ns)   --->   "%specbitsmap_ln0 = specbitsmap void @_ssdm_op_SpecBitsMap, i8 %spike_out_weight"   --->   Operation 136 'specbitsmap' 'specbitsmap_ln0' <Predicate = true> <Delay = 0.00>
ST_1 : Operation 137 [1/1] (0.00ns)   --->   "%specinterface_ln0 = specinterface void @_ssdm_op_SpecInterface, i8 %spike_out_weight, void @empty_8, i32 4294967295, i32 4294967295, void @empty_3, i32 0, i32 0, void @empty_3, void @empty_3, void @empty_3, i32 0, i32 0, i32 0, i32 0, void @empty_3, void @empty_3, i32 4294967295, i32 0, i32 0, i32 0"   --->   Operation 137 'specinterface' 'specinterface_ln0' <Predicate = true> <Delay = 0.00>
ST_1 : Operation 138 [1/1] (0.00ns)   --->   "%specbitsmap_ln0 = specbitsmap void @_ssdm_op_SpecBitsMap, i1 %spike_out_ready"   --->   Operation 138 'specbitsmap' 'specbitsmap_ln0' <Predicate = true> <Delay = 0.00>
ST_1 : Operation 139 [1/1] (0.00ns)   --->   "%specinterface_ln0 = specinterface void @_ssdm_op_SpecInterface, i1 %spike_out_ready, void @empty_8, i32 4294967295, i32 4294967295, void @empty_3, i32 0, i32 0, void @empty_3, void @empty_3, void @empty_3, i32 0, i32 0, i32 0, i32 0, void @empty_3, void @empty_3, i32 4294967295, i32 0, i32 0, i32 0"   --->   Operation 139 'specinterface' 'specinterface_ln0' <Predicate = true> <Delay = 0.00>
ST_1 : Operation 140 [1/1] (0.00ns)   --->   "%specbitsmap_ln0 = specbitsmap void @_ssdm_op_SpecBitsMap, i1 %snn_enable"   --->   Operation 140 'specbitsmap' 'specbitsmap_ln0' <Predicate = true> <Delay = 0.00>
ST_1 : Operation 141 [1/1] (0.00ns)   --->   "%specinterface_ln0 = specinterface void @_ssdm_op_SpecInterface, i1 %snn_enable, void @empty_8, i32 4294967295, i32 4294967295, void @empty_3, i32 0, i32 0, void @empty_3, void @empty_3, void @empty_3, i32 0, i32 0, i32 0, i32 0, void @empty_3, void @empty_3, i32 4294967295, i32 0, i32 0, i32 0"   --->   Operation 141 'specinterface' 'specinterface_ln0' <Predicate = true> <Delay = 0.00>
ST_1 : Operation 142 [1/1] (0.00ns)   --->   "%specbitsmap_ln0 = specbitsmap void @_ssdm_op_SpecBitsMap, i1 %snn_reset"   --->   Operation 142 'specbitsmap' 'specbitsmap_ln0' <Predicate = true> <Delay = 0.00>
ST_1 : Operation 143 [1/1] (0.00ns)   --->   "%specinterface_ln0 = specinterface void @_ssdm_op_SpecInterface, i1 %snn_reset, void @empty_8, i32 4294967295, i32 4294967295, void @empty_3, i32 0, i32 0, void @empty_3, void @empty_3, void @empty_3, i32 0, i32 0, i32 0, i32 0, void @empty_3, void @empty_3, i32 4294967295, i32 0, i32 0, i32 0"   --->   Operation 143 'specinterface' 'specinterface_ln0' <Predicate = true> <Delay = 0.00>
ST_1 : Operation 144 [1/1] (0.00ns)   --->   "%specbitsmap_ln0 = specbitsmap void @_ssdm_op_SpecBitsMap, i16 %threshold_out"   --->   Operation 144 'specbitsmap' 'specbitsmap_ln0' <Predicate = true> <Delay = 0.00>
ST_1 : Operation 145 [1/1] (0.00ns)   --->   "%specinterface_ln0 = specinterface void @_ssdm_op_SpecInterface, i16 %threshold_out, void @empty_8, i32 4294967295, i32 4294967295, void @empty_3, i32 0, i32 0, void @empty_3, void @empty_3, void @empty_3, i32 0, i32 0, i32 0, i32 0, void @empty_3, void @empty_3, i32 4294967295, i32 0, i32 0, i32 0"   --->   Operation 145 'specinterface' 'specinterface_ln0' <Predicate = true> <Delay = 0.00>
ST_1 : Operation 146 [1/1] (0.00ns)   --->   "%specbitsmap_ln0 = specbitsmap void @_ssdm_op_SpecBitsMap, i16 %leak_rate_out"   --->   Operation 146 'specbitsmap' 'specbitsmap_ln0' <Predicate = true> <Delay = 0.00>
ST_1 : Operation 147 [1/1] (0.00ns)   --->   "%specinterface_ln0 = specinterface void @_ssdm_op_SpecInterface, i16 %leak_rate_out, void @empty_8, i32 4294967295, i32 4294967295, void @empty_3, i32 0, i32 0, void @empty_3, void @empty_3, void @empty_3, i32 0, i32 0, i32 0, i32 0, void @empty_3, void @empty_3, i32 4294967295, i32 0, i32 0, i32 0"   --->   Operation 147 'specinterface' 'specinterface_ln0' <Predicate = true> <Delay = 0.00>
ST_1 : Operation 148 [1/1] (0.00ns)   --->   "%specbitsmap_ln0 = specbitsmap void @_ssdm_op_SpecBitsMap, i1 %snn_ready"   --->   Operation 148 'specbitsmap' 'specbitsmap_ln0' <Predicate = true> <Delay = 0.00>
ST_1 : Operation 149 [1/1] (0.00ns)   --->   "%specinterface_ln0 = specinterface void @_ssdm_op_SpecInterface, i1 %snn_ready, void @empty_8, i32 4294967295, i32 4294967295, void @empty_3, i32 0, i32 0, void @empty_3, void @empty_3, void @empty_3, i32 0, i32 0, i32 0, i32 0, void @empty_3, void @empty_3, i32 4294967295, i32 0, i32 0, i32 0"   --->   Operation 149 'specinterface' 'specinterface_ln0' <Predicate = true> <Delay = 0.00>
ST_1 : Operation 150 [1/1] (0.00ns)   --->   "%specbitsmap_ln0 = specbitsmap void @_ssdm_op_SpecBitsMap, i1 %snn_busy"   --->   Operation 150 'specbitsmap' 'specbitsmap_ln0' <Predicate = true> <Delay = 0.00>
ST_1 : Operation 151 [1/1] (0.00ns)   --->   "%specinterface_ln0 = specinterface void @_ssdm_op_SpecInterface, i1 %snn_busy, void @empty_8, i32 4294967295, i32 4294967295, void @empty_3, i32 0, i32 0, void @empty_3, void @empty_3, void @empty_3, i32 0, i32 0, i32 0, i32 0, void @empty_3, void @empty_3, i32 4294967295, i32 0, i32 0, i32 0"   --->   Operation 151 'specinterface' 'specinterface_ln0' <Predicate = true> <Delay = 0.00>
ST_1 : Operation 152 [1/1] (0.00ns)   --->   "%specinterface_ln0 = specinterface void @_ssdm_op_SpecInterface, i32 0, void @empty_11, i32 0, i32 0, void @empty_3, i32 0, i32 0, void @empty_14, void @empty_3, void @empty_3, i32 0, i32 0, i32 0, i32 0, void @empty_3, void @empty_3, i32 0, i32 0, i32 0, i32 0"   --->   Operation 152 'specinterface' 'specinterface_ln0' <Predicate = true> <Delay = 0.00>
ST_1 : Operation 153 [1/1] (0.00ns)   --->   "%encoder_spikes = alloca i64 1" [src/snn_top_hls.cpp:808]   --->   Operation 153 'alloca' 'encoder_spikes' <Predicate = true> <Delay = 0.00> <CoreInst = "FIFO">   --->   Core 77 'FIFO' <Latency = 0> <II = 1> <Delay = 3.60> <Storage> <Opcode : 'read' 'write' 'nbread' 'nbwrite'> <Ports = 0> <Width = 41> <Depth = 32> <FIFO>
ST_1 : Operation 154 [1/1] (0.00ns)   --->   "%empty = specchannel i32 @_ssdm_op_SpecChannel, void @encoder_spikes_str, i32 1, void @p_str, void @p_str, i32 32, i32 32, i41 %encoder_spikes, i41 %encoder_spikes"   --->   Operation 154 'specchannel' 'empty' <Predicate = true> <Delay = 0.00>
ST_1 : Operation 155 [1/1] (0.00ns)   --->   "%specinterface_ln0 = specinterface void @_ssdm_op_SpecInterface, i41 %encoder_spikes, void @empty_35, i32 0, i32 0, void @empty_3, i32 0, i32 0, void @empty_3, void @empty_3, void @empty_3, i32 0, i32 0, i32 0, i32 0, void @empty_3, void @empty_3, i32 4294967295, i32 0, i32 0, i32 0"   --->   Operation 155 'specinterface' 'specinterface_ln0' <Predicate = true> <Delay = 0.00>
ST_1 : Operation 156 [1/1] (0.00ns)   --->   "%learning_params_rstdp_enable = bitselect i1 @_ssdm_op_BitSelect.i1.i144.i144, i144 %learning_params_read, i144 96"   --->   Operation 156 'bitselect' 'learning_params_rstdp_enable' <Predicate = true> <Delay = 0.00>
ST_1 : Operation 157 [1/1] (0.00ns)   --->   "%encoder_config_encoding_type = trunc i144 %encoder_config_read"   --->   Operation 157 'trunc' 'encoder_config_encoding_type' <Predicate = true> <Delay = 0.00>
ST_1 : Operation 158 [1/1] (0.00ns)   --->   "%encoder_config_two_neuron_enable = bitselect i1 @_ssdm_op_BitSelect.i1.i144.i144, i144 %encoder_config_read, i144 8"   --->   Operation 158 'bitselect' 'encoder_config_two_neuron_enable' <Predicate = true> <Delay = 0.00>
ST_1 : Operation 159 [1/1] (0.00ns)   --->   "%encoder_config_baseline = partselect i8 @_ssdm_op_PartSelect.i8.i144.i144, i144 %encoder_config_read, i144 16"   --->   Operation 159 'partselect' 'encoder_config_baseline' <Predicate = true> <Delay = 0.00>
ST_1 : Operation 160 [1/1] (0.00ns)   --->   "%encoder_config_rate_scale = partselect i16 @_ssdm_op_PartSelect.i16.i144.i144, i144 %encoder_config_read, i144 48"   --->   Operation 160 'partselect' 'encoder_config_rate_scale' <Predicate = true> <Delay = 0.00>
ST_1 : Operation 161 [1/1] (0.00ns)   --->   "%encoder_config_latency_window = partselect i16 @_ssdm_op_PartSelect.i16.i144.i144, i144 %encoder_config_read, i144 64"   --->   Operation 161 'partselect' 'encoder_config_latency_window' <Predicate = true> <Delay = 0.00>
ST_1 : Operation 162 [1/1] (0.00ns)   --->   "%encoder_config_delta_threshold = partselect i16 @_ssdm_op_PartSelect.i16.i144.i144, i144 %encoder_config_read, i144 80"   --->   Operation 162 'partselect' 'encoder_config_delta_threshold' <Predicate = true> <Delay = 0.00>
ST_1 : Operation 163 [1/1] (0.00ns)   --->   "%encoder_config_delta_decay = partselect i16 @_ssdm_op_PartSelect.i16.i144.i144, i144 %encoder_config_read, i144 96"   --->   Operation 163 'partselect' 'encoder_config_delta_decay' <Predicate = true> <Delay = 0.00>
ST_1 : Operation 164 [1/1] (0.00ns)   --->   "%encoder_config_num_channels = partselect i16 @_ssdm_op_PartSelect.i16.i144.i144, i144 %encoder_config_read, i144 112"   --->   Operation 164 'partselect' 'encoder_config_num_channels' <Predicate = true> <Delay = 0.00>
ST_1 : Operation 165 [1/1] (0.00ns)   --->   "%encoder_config_default_weight = partselect i8 @_ssdm_op_PartSelect.i8.i144.i144, i144 %encoder_config_read, i144 128"   --->   Operation 165 'partselect' 'encoder_config_default_weight' <Predicate = true> <Delay = 0.00>
ST_1 : Operation 166 [1/1] (0.00ns)   --->   "%specmemcore_ln653 = specmemcore void @_ssdm_op_SpecMemCore, i8 %p_ZL13weight_memory_1, i64 666, i64 22, i64 18446744073709551615, i1 0" [src/snn_top_hls.cpp:653]   --->   Operation 166 'specmemcore' 'specmemcore_ln653' <Predicate = true> <Delay = 0.00>
ST_1 : Operation 167 [1/1] (0.00ns)   --->   "%specmemcore_ln653 = specmemcore void @_ssdm_op_SpecMemCore, i8 %p_ZL13weight_memory_0, i64 666, i64 22, i64 18446744073709551615, i1 0" [src/snn_top_hls.cpp:653]   --->   Operation 167 'specmemcore' 'specmemcore_ln653' <Predicate = true> <Delay = 0.00>
ST_1 : Operation 168 [1/1] (0.00ns)   --->   "%specmemcore_ln657 = specmemcore void @_ssdm_op_SpecMemCore, i8 %p_ZL15pre_eligibility_1, i64 666, i64 22, i64 18446744073709551615, i1 0" [src/snn_top_hls.cpp:657]   --->   Operation 168 'specmemcore' 'specmemcore_ln657' <Predicate = true> <Delay = 0.00>
ST_1 : Operation 169 [1/1] (0.00ns)   --->   "%specmemcore_ln657 = specmemcore void @_ssdm_op_SpecMemCore, i8 %p_ZL15pre_eligibility_0, i64 666, i64 22, i64 18446744073709551615, i1 0" [src/snn_top_hls.cpp:657]   --->   Operation 169 'specmemcore' 'specmemcore_ln657' <Predicate = true> <Delay = 0.00>
ST_1 : Operation 170 [1/1] (0.00ns)   --->   "%specmemcore_ln659 = specmemcore void @_ssdm_op_SpecMemCore, i8 %p_ZL16post_eligibility_1, i64 666, i64 22, i64 18446744073709551615, i1 0" [src/snn_top_hls.cpp:659]   --->   Operation 170 'specmemcore' 'specmemcore_ln659' <Predicate = true> <Delay = 0.00>
ST_1 : Operation 171 [1/1] (0.00ns)   --->   "%specmemcore_ln659 = specmemcore void @_ssdm_op_SpecMemCore, i8 %p_ZL16post_eligibility_0, i64 666, i64 22, i64 18446744073709551615, i1 0" [src/snn_top_hls.cpp:659]   --->   Operation 171 'specmemcore' 'specmemcore_ln659' <Predicate = true> <Delay = 0.00>
ST_1 : Operation 172 [1/1] (0.00ns)   --->   "%specmemcore_ln663 = specmemcore void @_ssdm_op_SpecMemCore, i8 %pre_traces_trace_1, i64 666, i64 22, i64 18446744073709551615, i1 0" [src/snn_top_hls.cpp:663]   --->   Operation 172 'specmemcore' 'specmemcore_ln663' <Predicate = true> <Delay = 0.00>
ST_1 : Operation 173 [1/1] (0.00ns)   --->   "%specmemcore_ln663 = specmemcore void @_ssdm_op_SpecMemCore, i8 %pre_traces_trace_0, i64 666, i64 22, i64 18446744073709551615, i1 0" [src/snn_top_hls.cpp:663]   --->   Operation 173 'specmemcore' 'specmemcore_ln663' <Predicate = true> <Delay = 0.00>
ST_1 : Operation 174 [1/1] (0.00ns)   --->   "%specmemcore_ln663 = specmemcore void @_ssdm_op_SpecMemCore, i16 %pre_traces_last_spike_time_1, i64 666, i64 22, i64 18446744073709551615, i1 0" [src/snn_top_hls.cpp:663]   --->   Operation 174 'specmemcore' 'specmemcore_ln663' <Predicate = true> <Delay = 0.00>
ST_1 : Operation 175 [1/1] (0.00ns)   --->   "%specmemcore_ln663 = specmemcore void @_ssdm_op_SpecMemCore, i16 %pre_traces_last_spike_time_0, i64 666, i64 22, i64 18446744073709551615, i1 0" [src/snn_top_hls.cpp:663]   --->   Operation 175 'specmemcore' 'specmemcore_ln663' <Predicate = true> <Delay = 0.00>
ST_1 : Operation 176 [1/1] (0.00ns)   --->   "%specmemcore_ln665 = specmemcore void @_ssdm_op_SpecMemCore, i8 %post_traces_trace_1, i64 666, i64 22, i64 18446744073709551615, i1 0" [src/snn_top_hls.cpp:665]   --->   Operation 176 'specmemcore' 'specmemcore_ln665' <Predicate = true> <Delay = 0.00>
ST_1 : Operation 177 [1/1] (0.00ns)   --->   "%specmemcore_ln665 = specmemcore void @_ssdm_op_SpecMemCore, i8 %post_traces_trace_0, i64 666, i64 22, i64 18446744073709551615, i1 0" [src/snn_top_hls.cpp:665]   --->   Operation 177 'specmemcore' 'specmemcore_ln665' <Predicate = true> <Delay = 0.00>
ST_1 : Operation 178 [1/1] (0.00ns)   --->   "%specmemcore_ln665 = specmemcore void @_ssdm_op_SpecMemCore, i16 %post_traces_last_spike_time_1, i64 666, i64 22, i64 18446744073709551615, i1 0" [src/snn_top_hls.cpp:665]   --->   Operation 178 'specmemcore' 'specmemcore_ln665' <Predicate = true> <Delay = 0.00>
ST_1 : Operation 179 [1/1] (0.00ns)   --->   "%specmemcore_ln665 = specmemcore void @_ssdm_op_SpecMemCore, i16 %post_traces_last_spike_time_0, i64 666, i64 22, i64 18446744073709551615, i1 0" [src/snn_top_hls.cpp:665]   --->   Operation 179 'specmemcore' 'specmemcore_ln665' <Predicate = true> <Delay = 0.00>
ST_1 : Operation 180 [1/1] (0.00ns)   --->   "%specmemcore_ln669 = specmemcore void @_ssdm_op_SpecMemCore, i16 %p_ZL17encoder_phase_acc_1, i64 666, i64 22, i64 18446744073709551615, i1 0" [src/snn_top_hls.cpp:669]   --->   Operation 180 'specmemcore' 'specmemcore_ln669' <Predicate = true> <Delay = 0.00>
ST_1 : Operation 181 [1/1] (0.00ns)   --->   "%specmemcore_ln669 = specmemcore void @_ssdm_op_SpecMemCore, i16 %p_ZL17encoder_phase_acc_0, i64 666, i64 22, i64 18446744073709551615, i1 0" [src/snn_top_hls.cpp:669]   --->   Operation 181 'specmemcore' 'specmemcore_ln669' <Predicate = true> <Delay = 0.00>
ST_1 : Operation 182 [1/1] (0.00ns)   --->   "%specmemcore_ln671 = specmemcore void @_ssdm_op_SpecMemCore, i1 %p_ZL22encoder_temporal_fired_1, i64 666, i64 22, i64 18446744073709551615, i1 0" [src/snn_top_hls.cpp:671]   --->   Operation 182 'specmemcore' 'specmemcore_ln671' <Predicate = true> <Delay = 0.00>
ST_1 : Operation 183 [1/1] (0.00ns)   --->   "%specmemcore_ln671 = specmemcore void @_ssdm_op_SpecMemCore, i1 %p_ZL22encoder_temporal_fired_0, i64 666, i64 22, i64 18446744073709551615, i1 0" [src/snn_top_hls.cpp:671]   --->   Operation 183 'specmemcore' 'specmemcore_ln671' <Predicate = true> <Delay = 0.00>
ST_1 : Operation 184 [1/1] (0.00ns)   --->   "%specmemcore_ln673 = specmemcore void @_ssdm_op_SpecMemCore, i32 %p_ZL22encoder_temporal_start_1, i64 666, i64 22, i64 18446744073709551615, i1 0" [src/snn_top_hls.cpp:673]   --->   Operation 184 'specmemcore' 'specmemcore_ln673' <Predicate = true> <Delay = 0.00>
ST_1 : Operation 185 [1/1] (0.00ns)   --->   "%specmemcore_ln673 = specmemcore void @_ssdm_op_SpecMemCore, i32 %p_ZL22encoder_temporal_start_0, i64 666, i64 22, i64 18446744073709551615, i1 0" [src/snn_top_hls.cpp:673]   --->   Operation 185 'specmemcore' 'specmemcore_ln673' <Predicate = true> <Delay = 0.00>
ST_1 : Operation 186 [1/1] (0.00ns)   --->   "%enable = trunc i32 %ctrl_reg_read" [src/snn_top_hls.cpp:691]   --->   Operation 186 'trunc' 'enable' <Predicate = true> <Delay = 0.00>
ST_1 : Operation 187 [1/1] (0.00ns)   --->   "%reset = bitselect i1 @_ssdm_op_BitSelect.i1.i32.i32, i32 %ctrl_reg_read, i32 1" [src/snn_top_hls.cpp:692]   --->   Operation 187 'bitselect' 'reset' <Predicate = true> <Delay = 0.00>
ST_1 : Operation 188 [1/1] (0.00ns)   --->   "%clear_counters = bitselect i1 @_ssdm_op_BitSelect.i1.i32.i32, i32 %ctrl_reg_read, i32 2" [src/snn_top_hls.cpp:693]   --->   Operation 188 'bitselect' 'clear_counters' <Predicate = true> <Delay = 0.00>
ST_1 : Operation 189 [1/1] (0.00ns)   --->   "%learning_enable = bitselect i1 @_ssdm_op_BitSelect.i1.i32.i32, i32 %ctrl_reg_read, i32 3" [src/snn_top_hls.cpp:694]   --->   Operation 189 'bitselect' 'learning_enable' <Predicate = true> <Delay = 0.00>
ST_1 : Operation 190 [1/1] (0.00ns)   --->   "%weight_read_mode = bitselect i1 @_ssdm_op_BitSelect.i1.i32.i32, i32 %ctrl_reg_read, i32 4" [src/snn_top_hls.cpp:695]   --->   Operation 190 'bitselect' 'weight_read_mode' <Predicate = true> <Delay = 0.00>
ST_1 : Operation 191 [1/1] (0.00ns)   --->   "%apply_reward = bitselect i1 @_ssdm_op_BitSelect.i1.i32.i32, i32 %ctrl_reg_read, i32 5" [src/snn_top_hls.cpp:696]   --->   Operation 191 'bitselect' 'apply_reward' <Predicate = true> <Delay = 0.00>
ST_1 : Operation 192 [1/1] (0.00ns)   --->   "%weight_load_mode = bitselect i1 @_ssdm_op_BitSelect.i1.i32.i32, i32 %ctrl_reg_read, i32 6" [src/snn_top_hls.cpp:697]   --->   Operation 192 'bitselect' 'weight_load_mode' <Predicate = true> <Delay = 0.00>
ST_1 : Operation 193 [1/1] (0.00ns)   --->   "%op_mode = trunc i32 %mode_reg_read" [src/snn_top_hls.cpp:698]   --->   Operation 193 'trunc' 'op_mode' <Predicate = true> <Delay = 0.00>
ST_1 : Operation 194 [1/1] (0.00ns)   --->   "%encoder_enable = bitselect i1 @_ssdm_op_BitSelect.i1.i32.i32, i32 %mode_reg_read, i32 8" [src/snn_top_hls.cpp:699]   --->   Operation 194 'bitselect' 'encoder_enable' <Predicate = true> <Delay = 0.00>
ST_1 : Operation 195 [1/1] (1.56ns)   --->   "%checkpoint_mode = icmp_eq  i2 %op_mode, i2 2" [src/snn_top_hls.cpp:700]   --->   Operation 195 'icmp' 'checkpoint_mode' <Predicate = true> <Delay = 1.56> <CoreInst = "Cmp">   --->   Core 9 'Cmp' <Latency = 0> <II = 1> <Delay = 1.65> <FuncUnit> <Opcode : 'seteq' 'setne' 'setle' 'setge' 'setlt' 'setgt'> <InPorts = 2> <OutPorts = 1>
ST_1 : Operation 196 [1/1] (1.56ns)   --->   "%stdp_mode = icmp_eq  i2 %op_mode, i2 1" [src/snn_top_hls.cpp:701]   --->   Operation 196 'icmp' 'stdp_mode' <Predicate = true> <Delay = 1.56> <CoreInst = "Cmp">   --->   Core 9 'Cmp' <Latency = 0> <II = 1> <Delay = 1.56> <FuncUnit> <Opcode : 'seteq' 'setne' 'setle' 'setge' 'setlt' 'setgt'> <InPorts = 2> <OutPorts = 1>
ST_1 : Operation 197 [1/1] (0.97ns)   --->   "%stdp_active = and i1 %learning_enable, i1 %stdp_mode" [src/snn_top_hls.cpp:702]   --->   Operation 197 'and' 'stdp_active' <Predicate = true> <Delay = 0.97> <CoreInst = "LogicGate">   --->   Core 74 'LogicGate' <Latency = 0> <II = 1> <Delay = 0.97> <FuncUnit> <Opcode : 'and' 'or' 'xor'> <InPorts = 2> <OutPorts = 1>
ST_1 : Operation 198 [1/1] (2.55ns)   --->   "%icmp_ln703 = icmp_eq  i32 %time_steps_reg_read, i32 0" [src/snn_top_hls.cpp:703]   --->   Operation 198 'icmp' 'icmp_ln703' <Predicate = true> <Delay = 2.55> <CoreInst = "Cmp">   --->   Core 9 'Cmp' <Latency = 0> <II = 1> <Delay = 2.55> <FuncUnit> <Opcode : 'seteq' 'setne' 'setle' 'setge' 'setlt' 'setgt'> <InPorts = 2> <OutPorts = 1>
ST_1 : Operation 199 [1/1] (0.00ns)   --->   "%time_steps = trunc i32 %time_steps_reg_read" [src/snn_top_hls.cpp:703]   --->   Operation 199 'trunc' 'time_steps' <Predicate = true> <Delay = 0.00>
ST_1 : Operation 200 [1/1] (0.80ns)   --->   "%time_steps_1 = select i1 %icmp_ln703, i16 1, i16 %time_steps" [src/snn_top_hls.cpp:703]   --->   Operation 200 'select' 'time_steps_1' <Predicate = true> <Delay = 0.80> <CoreInst = "Sel">   --->   Core 73 'Sel' <Latency = 0> <II = 1> <Delay = 0.80> <FuncUnit> <Opcode : 'select'> <InPorts = 3> <OutPorts = 1>
ST_1 : Operation 201 [1/1] (0.00ns)   --->   "%threshold = trunc i32 %config_reg_read" [src/snn_top_hls.cpp:705]   --->   Operation 201 'trunc' 'threshold' <Predicate = true> <Delay = 0.00>
ST_1 : Operation 202 [1/1] (0.00ns)   --->   "%leak_rate = partselect i16 @_ssdm_op_PartSelect.i16.i32.i32, i32 %config_reg_read, i32 16" [src/snn_top_hls.cpp:706]   --->   Operation 202 'partselect' 'leak_rate' <Predicate = true> <Delay = 0.00>
ST_1 : Operation 203 [1/1] (0.00ns)   --->   "%specaxissidechannel_ln711 = specaxissidechannel void @_ssdm_op_SpecAXISSideChannel, i32 %m_axis_spikes_V_data_V, i4 %m_axis_spikes_V_keep_V, i4 %m_axis_spikes_V_strb_V, i1 %m_axis_spikes_V_user_V, i1 %m_axis_spikes_V_last_V, i1 %m_axis_spikes_V_id_V, i1 %m_axis_spikes_V_dest_V, void @empty_10" [src/snn_top_hls.cpp:711]   --->   Operation 203 'specaxissidechannel' 'specaxissidechannel_ln711' <Predicate = true> <Delay = 0.00>
ST_1 : Operation 204 [1/1] (0.00ns)   --->   "%specaxissidechannel_ln711 = specaxissidechannel void @_ssdm_op_SpecAXISSideChannel, i32 %m_axis_weights_V_data_V, i4 %m_axis_weights_V_keep_V, i4 %m_axis_weights_V_strb_V, i1 %m_axis_weights_V_user_V, i1 %m_axis_weights_V_last_V, i1 %m_axis_weights_V_id_V, i1 %m_axis_weights_V_dest_V, void @empty_1" [src/snn_top_hls.cpp:711]   --->   Operation 204 'specaxissidechannel' 'specaxissidechannel_ln711' <Predicate = true> <Delay = 0.00>
ST_1 : Operation 205 [1/1] (0.00ns)   --->   "%specaxissidechannel_ln711 = specaxissidechannel void @_ssdm_op_SpecAXISSideChannel, i32 %s_axis_weights_V_data_V, i4 %s_axis_weights_V_keep_V, i4 %s_axis_weights_V_strb_V, i1 %s_axis_weights_V_user_V, i1 %s_axis_weights_V_last_V, i1 %s_axis_weights_V_id_V, i1 %s_axis_weights_V_dest_V, void @empty_2" [src/snn_top_hls.cpp:711]   --->   Operation 205 'specaxissidechannel' 'specaxissidechannel_ln711' <Predicate = true> <Delay = 0.00>
ST_1 : Operation 206 [1/1] (0.00ns)   --->   "%specaxissidechannel_ln711 = specaxissidechannel void @_ssdm_op_SpecAXISSideChannel, i32 %s_axis_data_V_data_V, i4 %s_axis_data_V_keep_V, i4 %s_axis_data_V_strb_V, i1 %s_axis_data_V_user_V, i1 %s_axis_data_V_last_V, i1 %s_axis_data_V_id_V, i1 %s_axis_data_V_dest_V, void @empty_36" [src/snn_top_hls.cpp:711]   --->   Operation 206 'specaxissidechannel' 'specaxissidechannel_ln711' <Predicate = true> <Delay = 0.00>
ST_1 : Operation 207 [1/1] (0.00ns)   --->   "%specaxissidechannel_ln711 = specaxissidechannel void @_ssdm_op_SpecAXISSideChannel, i32 %s_axis_spikes_V_data_V, i4 %s_axis_spikes_V_keep_V, i4 %s_axis_spikes_V_strb_V, i1 %s_axis_spikes_V_user_V, i1 %s_axis_spikes_V_last_V, i1 %s_axis_spikes_V_id_V, i1 %s_axis_spikes_V_dest_V, void @empty_4" [src/snn_top_hls.cpp:711]   --->   Operation 207 'specaxissidechannel' 'specaxissidechannel_ln711' <Predicate = true> <Delay = 0.00>
ST_1 : Operation 208 [1/1] (0.00ns)   --->   "%initialized_load = load i1 %initialized" [src/snn_top_hls.cpp:711]   --->   Operation 208 'load' 'initialized_load' <Predicate = true> <Delay = 0.00>
ST_1 : Operation 209 [1/1] (0.00ns)   --->   "%last_mode_load = load i2 %last_mode" [src/snn_top_hls.cpp:803]   --->   Operation 209 'load' 'last_mode_load' <Predicate = true> <Delay = 0.00>
ST_1 : Operation 210 [1/1] (0.00ns) (grouped into LUT with out node or_ln711)   --->   "%xor_ln711 = xor i1 %initialized_load, i1 1" [src/snn_top_hls.cpp:711]   --->   Operation 210 'xor' 'xor_ln711' <Predicate = true> <Delay = 0.00> <CoreInst = "LogicGate">   --->   Core 74 'LogicGate' <Latency = 0> <II = 1> <Delay = 0.97> <FuncUnit> <Opcode : 'and' 'or' 'xor'> <InPorts = 2> <OutPorts = 1>
ST_1 : Operation 211 [1/1] (0.97ns) (out node of the LUT)   --->   "%or_ln711 = or i1 %reset, i1 %xor_ln711" [src/snn_top_hls.cpp:711]   --->   Operation 211 'or' 'or_ln711' <Predicate = true> <Delay = 0.97> <CoreInst = "LogicGate">   --->   Core 74 'LogicGate' <Latency = 0> <II = 1> <Delay = 0.97> <FuncUnit> <Opcode : 'and' 'or' 'xor'> <InPorts = 2> <OutPorts = 1>
ST_1 : Operation 212 [1/1] (1.58ns)   --->   "%br_ln711 = br i1 %or_ln711, void %if.end118, void %if.then" [src/snn_top_hls.cpp:711]   --->   Operation 212 'br' 'br_ln711' <Predicate = true> <Delay = 1.58>
ST_1 : Operation 213 [1/1] (1.58ns)   --->   "%store_ln712 = store i32 0, i32 %timestamp" [src/snn_top_hls.cpp:712]   --->   Operation 213 'store' 'store_ln712' <Predicate = (or_ln711)> <Delay = 1.58>
ST_1 : Operation 214 [1/1] (1.58ns)   --->   "%store_ln713 = store i32 0, i32 %spike_counter" [src/snn_top_hls.cpp:713]   --->   Operation 214 'store' 'store_ln713' <Predicate = (or_ln711)> <Delay = 1.58>
ST_1 : Operation 215 [1/1] (0.00ns)   --->   "%store_ln715 = store i32 0, i32 %encoder_spike_counter" [src/snn_top_hls.cpp:715]   --->   Operation 215 'store' 'store_ln715' <Predicate = (or_ln711)> <Delay = 0.00>
ST_1 : Operation 216 [1/1] (1.58ns)   --->   "%store_ln718 = store i8 0, i8 %checkpoint_col" [src/snn_top_hls.cpp:718]   --->   Operation 216 'store' 'store_ln718' <Predicate = (or_ln711)> <Delay = 1.58>
ST_1 : Operation 217 [1/1] (1.58ns)   --->   "%store_ln719 = store i1 0, i1 %encoder_frame_loaded" [src/snn_top_hls.cpp:719]   --->   Operation 217 'store' 'store_ln719' <Predicate = (or_ln711)> <Delay = 1.58>
ST_1 : Operation 218 [2/2] (3.25ns)   --->   "%call_ln720 = call void @encoder_reset_temporal_state, i32 0, i1 %p_ZL22encoder_temporal_fired_0, i32 %p_ZL22encoder_temporal_start_0, i1 %p_ZL22encoder_temporal_fired_1, i32 %p_ZL22encoder_temporal_start_1" [src/snn_top_hls.cpp:720]   --->   Operation 218 'call' 'call_ln720' <Predicate = (or_ln711)> <Delay = 3.25> <CoreType = "Generic">   --->   Generic Core
ST_1 : Operation 219 [2/2] (0.00ns)   --->   "%call_ln0 = call void @snn_top_hls_Pipeline_RESET_ELIG, i8 %p_ZL15pre_eligibility_0, i8 %p_ZL16post_eligibility_0, i8 %p_ZL15pre_eligibility_1, i8 %p_ZL16post_eligibility_1"   --->   Operation 219 'call' 'call_ln0' <Predicate = (or_ln711)> <Delay = 0.00> <CoreType = "Generic">   --->   Generic Core
ST_1 : Operation 220 [2/2] (0.00ns)   --->   "%call_ln0 = call void @snn_top_hls_Pipeline_RESET_TRACES, i8 %pre_traces_trace_0, i16 %pre_traces_last_spike_time_0, i8 %post_traces_trace_0, i16 %post_traces_last_spike_time_0, i8 %pre_traces_trace_1, i16 %pre_traces_last_spike_time_1, i8 %post_traces_trace_1, i16 %post_traces_last_spike_time_1"   --->   Operation 220 'call' 'call_ln0' <Predicate = (or_ln711)> <Delay = 0.00> <CoreType = "Generic">   --->   Generic Core
ST_1 : Operation 221 [2/2] (0.00ns)   --->   "%call_ln0 = call void @snn_top_hls_Pipeline_RESET_ENCODER, i16 %p_ZL17encoder_phase_acc_0, i16 %p_ZL17encoder_phase_acc_1"   --->   Operation 221 'call' 'call_ln0' <Predicate = (or_ln711)> <Delay = 0.00> <CoreType = "Generic">   --->   Generic Core
ST_1 : Operation 222 [1/1] (0.00ns)   --->   "%store_ln742 = store i16 0, i16 %latency_window_counter" [src/snn_top_hls.cpp:742]   --->   Operation 222 'store' 'store_ln742' <Predicate = (or_ln711)> <Delay = 0.00>

State 2 <SV = 1> <Delay = 4.99>
ST_2 : Operation 223 [1/2] (4.90ns)   --->   "%call_ln720 = call void @encoder_reset_temporal_state, i32 0, i1 %p_ZL22encoder_temporal_fired_0, i32 %p_ZL22encoder_temporal_start_0, i1 %p_ZL22encoder_temporal_fired_1, i32 %p_ZL22encoder_temporal_start_1" [src/snn_top_hls.cpp:720]   --->   Operation 223 'call' 'call_ln720' <Predicate = true> <Delay = 4.90> <CoreType = "Generic">   --->   Generic Core
ST_2 : Operation 224 [1/2] (4.99ns)   --->   "%call_ln0 = call void @snn_top_hls_Pipeline_RESET_ELIG, i8 %p_ZL15pre_eligibility_0, i8 %p_ZL16post_eligibility_0, i8 %p_ZL15pre_eligibility_1, i8 %p_ZL16post_eligibility_1"   --->   Operation 224 'call' 'call_ln0' <Predicate = true> <Delay = 4.99> <CoreType = "Generic">   --->   Generic Core
ST_2 : Operation 225 [1/2] (4.99ns)   --->   "%call_ln0 = call void @snn_top_hls_Pipeline_RESET_TRACES, i8 %pre_traces_trace_0, i16 %pre_traces_last_spike_time_0, i8 %post_traces_trace_0, i16 %post_traces_last_spike_time_0, i8 %pre_traces_trace_1, i16 %pre_traces_last_spike_time_1, i8 %post_traces_trace_1, i16 %post_traces_last_spike_time_1"   --->   Operation 225 'call' 'call_ln0' <Predicate = true> <Delay = 4.99> <CoreType = "Generic">   --->   Generic Core
ST_2 : Operation 226 [1/2] (4.90ns)   --->   "%call_ln0 = call void @snn_top_hls_Pipeline_RESET_ENCODER, i16 %p_ZL17encoder_phase_acc_0, i16 %p_ZL17encoder_phase_acc_1"   --->   Operation 226 'call' 'call_ln0' <Predicate = true> <Delay = 4.90> <CoreType = "Generic">   --->   Generic Core
ST_2 : Operation 227 [1/1] (0.00ns)   --->   "%br_ln745 = br i1 %initialized_load, void %for.inc112.preheader, void %if.end" [src/snn_top_hls.cpp:745]   --->   Operation 227 'br' 'br_ln745' <Predicate = true> <Delay = 0.00>
ST_2 : Operation 228 [2/2] (0.00ns)   --->   "%call_ln0 = call void @snn_top_hls_Pipeline_INIT_WEIGHT_OUTER_INIT_WEIGHT_INNER, i8 %p_ZL13weight_memory_0, i8 %p_ZL13weight_memory_1"   --->   Operation 228 'call' 'call_ln0' <Predicate = (!initialized_load)> <Delay = 0.00> <CoreType = "Generic">   --->   Generic Core

State 3 <SV = 2> <Delay = 5.28>
ST_3 : Operation 229 [1/2] (5.28ns)   --->   "%call_ln0 = call void @snn_top_hls_Pipeline_INIT_WEIGHT_OUTER_INIT_WEIGHT_INNER, i8 %p_ZL13weight_memory_0, i8 %p_ZL13weight_memory_1"   --->   Operation 229 'call' 'call_ln0' <Predicate = (or_ln711 & !initialized_load)> <Delay = 5.28> <CoreType = "Generic">   --->   Generic Core
ST_3 : Operation 230 [1/1] (0.00ns)   --->   "%store_ln753 = store i1 1, i1 %initialized" [src/snn_top_hls.cpp:753]   --->   Operation 230 'store' 'store_ln753' <Predicate = (or_ln711 & !initialized_load)> <Delay = 0.00>
ST_3 : Operation 231 [1/1] (0.00ns)   --->   "%br_ln754 = br void %if.end" [src/snn_top_hls.cpp:754]   --->   Operation 231 'br' 'br_ln754' <Predicate = (or_ln711 & !initialized_load)> <Delay = 0.00>
ST_3 : Operation 232 [1/1] (1.58ns)   --->   "%br_ln755 = br void %if.end118" [src/snn_top_hls.cpp:755]   --->   Operation 232 'br' 'br_ln755' <Predicate = (or_ln711)> <Delay = 1.58>
ST_3 : Operation 233 [1/1] (0.00ns)   --->   "%last_mode_loc_0 = phi i2 0, void %if.end, i2 %last_mode_load, void %entry" [src/snn_top_hls.cpp:803]   --->   Operation 233 'phi' 'last_mode_loc_0' <Predicate = true> <Delay = 0.00>
ST_3 : Operation 234 [1/1] (0.00ns)   --->   "%br_ln760 = br i1 %weight_load_mode, void %if.end135, void %land.lhs.true" [src/snn_top_hls.cpp:760]   --->   Operation 234 'br' 'br_ln760' <Predicate = true> <Delay = 0.00>
ST_3 : Operation 235 [1/1] ( I:1.29ns O:1.29ns )   --->   "%tmp = nbreadreq i1 @_ssdm_op_NbReadReq.axis.i32P0A.i4P0A.i4P0A.i1P0A.i1P0A.i1P0A.i1P0A, i32 %s_axis_weights_V_data_V, i4 %s_axis_weights_V_keep_V, i4 %s_axis_weights_V_strb_V, i1 %s_axis_weights_V_user_V, i1 %s_axis_weights_V_last_V, i1 %s_axis_weights_V_id_V, i1 %s_axis_weights_V_dest_V, i32 1" [src/snn_top_hls.cpp:760]   --->   Operation 235 'nbreadreq' 'tmp' <Predicate = (weight_load_mode)> <Delay = 1.29> <CoreInst = "regslice">   --->   Core 135 'regslice' <Latency = 0> <II = 1> <Delay = 1.86> <Adapter> <Opcode : 'read' 'write'>
ST_3 : Operation 236 [1/1] (0.00ns)   --->   "%br_ln760 = br i1 %tmp, void %if.end135, void %if.then120" [src/snn_top_hls.cpp:760]   --->   Operation 236 'br' 'br_ln760' <Predicate = (weight_load_mode)> <Delay = 0.00>
ST_3 : Operation 237 [1/1] ( I:0.51ns O:0.51ns )   --->   "%empty_58 = read i44 @_ssdm_op_Read.axis.volatile.i32P0A.i4P0A.i4P0A.i1P0A.i1P0A.i1P0A.i1P0A, i32 %s_axis_weights_V_data_V, i4 %s_axis_weights_V_keep_V, i4 %s_axis_weights_V_strb_V, i1 %s_axis_weights_V_user_V, i1 %s_axis_weights_V_last_V, i1 %s_axis_weights_V_id_V, i1 %s_axis_weights_V_dest_V" [src/snn_top_hls.cpp:761]   --->   Operation 237 'read' 'empty_58' <Predicate = (weight_load_mode & tmp)> <Delay = 0.51> <CoreInst = "regslice">   --->   Core 135 'regslice' <Latency = 0> <II = 1> <Delay = 1.86> <Adapter> <Opcode : 'read' 'write'>
ST_3 : Operation 238 [1/1] (0.00ns)   --->   "%w_pkt_data = extractvalue i44 %empty_58" [src/snn_top_hls.cpp:761]   --->   Operation 238 'extractvalue' 'w_pkt_data' <Predicate = (weight_load_mode & tmp)> <Delay = 0.00>
ST_3 : Operation 239 [1/1] (0.00ns)   --->   "%weight_val = partselect i8 @_ssdm_op_PartSelect.i8.i32.i32, i32 %w_pkt_data, i32 16" [src/snn_top_hls.cpp:764]   --->   Operation 239 'partselect' 'weight_val' <Predicate = (weight_load_mode & tmp)> <Delay = 0.00>
ST_3 : Operation 240 [1/1] (0.00ns)   --->   "%tmp_17 = bitselect i1 @_ssdm_op_BitSelect.i1.i32.i32, i32 %w_pkt_data, i32 8" [src/snn_top_hls.cpp:767]   --->   Operation 240 'bitselect' 'tmp_17' <Predicate = (weight_load_mode & tmp)> <Delay = 0.00>
ST_3 : Operation 241 [1/1] (0.00ns)   --->   "%lshr_ln4 = partselect i7 @_ssdm_op_PartSelect.i7.i32.i32.i32, i32 %w_pkt_data, i32 9, i32 15" [src/snn_top_hls.cpp:767]   --->   Operation 241 'partselect' 'lshr_ln4' <Predicate = (weight_load_mode & tmp)> <Delay = 0.00>
ST_3 : Operation 242 [1/1] (0.00ns)   --->   "%trunc_ln767 = trunc i32 %w_pkt_data" [src/snn_top_hls.cpp:767]   --->   Operation 242 'trunc' 'trunc_ln767' <Predicate = (weight_load_mode & tmp)> <Delay = 0.00>
ST_3 : Operation 243 [1/1] (0.00ns)   --->   "%tmp_5 = bitconcatenate i15 @_ssdm_op_BitConcatenate.i15.i8.i7, i8 %trunc_ln767, i7 %lshr_ln4" [src/snn_top_hls.cpp:767]   --->   Operation 243 'bitconcatenate' 'tmp_5' <Predicate = (weight_load_mode & tmp)> <Delay = 0.00>
ST_3 : Operation 244 [1/1] (0.00ns)   --->   "%zext_ln767 = zext i15 %tmp_5" [src/snn_top_hls.cpp:767]   --->   Operation 244 'zext' 'zext_ln767' <Predicate = (weight_load_mode & tmp)> <Delay = 0.00>
ST_3 : Operation 245 [1/1] (0.00ns)   --->   "%p_ZL13weight_memory_0_addr_1 = getelementptr i8 %p_ZL13weight_memory_0, i64 0, i64 %zext_ln767" [src/snn_top_hls.cpp:767]   --->   Operation 245 'getelementptr' 'p_ZL13weight_memory_0_addr_1' <Predicate = (weight_load_mode & tmp)> <Delay = 0.00>
ST_3 : Operation 246 [1/1] (0.00ns)   --->   "%p_ZL13weight_memory_1_addr_1 = getelementptr i8 %p_ZL13weight_memory_1, i64 0, i64 %zext_ln767" [src/snn_top_hls.cpp:767]   --->   Operation 246 'getelementptr' 'p_ZL13weight_memory_1_addr_1' <Predicate = (weight_load_mode & tmp)> <Delay = 0.00>
ST_3 : Operation 247 [1/1] (0.00ns)   --->   "%br_ln767 = br i1 %tmp_17, void %arrayidx1337.case.0, void %arrayidx1337.case.1" [src/snn_top_hls.cpp:767]   --->   Operation 247 'br' 'br_ln767' <Predicate = (weight_load_mode & tmp)> <Delay = 0.00>

State 4 <SV = 3> <Delay = 3.25>
ST_4 : Operation 248 [1/1] ( I:3.25ns O:3.25ns )   --->   "%store_ln767 = store i8 %weight_val, i15 %p_ZL13weight_memory_0_addr_1" [src/snn_top_hls.cpp:767]   --->   Operation 248 'store' 'store_ln767' <Predicate = (weight_load_mode & tmp & !tmp_17)> <Delay = 3.25> <CoreInst = "RAM_2P_BRAM">   --->   Core 90 'RAM_2P_BRAM' <Latency = 1> <II = 1> <Delay = 3.25> <Storage> <Opcode : 'load' 'store'> <Ports = 2> <Width = 8> <Depth = 32768> <RAM>
ST_4 : Operation 249 [1/1] (0.00ns)   --->   "%br_ln767 = br void %arrayidx1337.exit" [src/snn_top_hls.cpp:767]   --->   Operation 249 'br' 'br_ln767' <Predicate = (weight_load_mode & tmp & !tmp_17)> <Delay = 0.00>
ST_4 : Operation 250 [1/1] ( I:3.25ns O:3.25ns )   --->   "%store_ln767 = store i8 %weight_val, i15 %p_ZL13weight_memory_1_addr_1" [src/snn_top_hls.cpp:767]   --->   Operation 250 'store' 'store_ln767' <Predicate = (weight_load_mode & tmp & tmp_17)> <Delay = 3.25> <CoreInst = "RAM_2P_BRAM">   --->   Core 90 'RAM_2P_BRAM' <Latency = 1> <II = 1> <Delay = 3.25> <Storage> <Opcode : 'load' 'store'> <Ports = 2> <Width = 8> <Depth = 32768> <RAM>
ST_4 : Operation 251 [1/1] (0.00ns)   --->   "%br_ln767 = br void %arrayidx1337.exit" [src/snn_top_hls.cpp:767]   --->   Operation 251 'br' 'br_ln767' <Predicate = (weight_load_mode & tmp & tmp_17)> <Delay = 0.00>
ST_4 : Operation 252 [1/1] (0.00ns)   --->   "%br_ln769 = br void %if.end135" [src/snn_top_hls.cpp:769]   --->   Operation 252 'br' 'br_ln769' <Predicate = (weight_load_mode & tmp)> <Delay = 0.00>
ST_4 : Operation 253 [1/1] (0.00ns)   --->   "%br_ln771 = br i1 %clear_counters, void %if.end140, void %if.then136" [src/snn_top_hls.cpp:771]   --->   Operation 253 'br' 'br_ln771' <Predicate = true> <Delay = 0.00>
ST_4 : Operation 254 [1/1] (1.58ns)   --->   "%store_ln772 = store i32 0, i32 %spike_counter" [src/snn_top_hls.cpp:772]   --->   Operation 254 'store' 'store_ln772' <Predicate = (clear_counters)> <Delay = 1.58>
ST_4 : Operation 255 [1/1] (0.00ns)   --->   "%store_ln774 = store i32 0, i32 %encoder_spike_counter" [src/snn_top_hls.cpp:774]   --->   Operation 255 'store' 'store_ln774' <Predicate = (clear_counters)> <Delay = 0.00>
ST_4 : Operation 256 [1/1] (0.00ns)   --->   "%br_ln775 = br void %if.end140" [src/snn_top_hls.cpp:775]   --->   Operation 256 'br' 'br_ln775' <Predicate = (clear_counters)> <Delay = 0.00>
ST_4 : Operation 257 [1/1] (0.00ns)   --->   "%write_ln780 = write void @_ssdm_op_Write.ap_none.i1P0A, i1 %snn_enable, i1 %enable" [src/snn_top_hls.cpp:780]   --->   Operation 257 'write' 'write_ln780' <Predicate = true> <Delay = 0.00>
ST_4 : Operation 258 [1/1] (0.00ns)   --->   "%write_ln781 = write void @_ssdm_op_Write.ap_none.i1P0A, i1 %snn_reset, i1 %reset" [src/snn_top_hls.cpp:781]   --->   Operation 258 'write' 'write_ln781' <Predicate = true> <Delay = 0.00>
ST_4 : Operation 259 [1/1] (0.00ns)   --->   "%write_ln782 = write void @_ssdm_op_Write.ap_none.i16P0A, i16 %threshold_out, i16 %threshold" [src/snn_top_hls.cpp:782]   --->   Operation 259 'write' 'write_ln782' <Predicate = true> <Delay = 0.00>
ST_4 : Operation 260 [1/1] (0.00ns)   --->   "%write_ln783 = write void @_ssdm_op_Write.ap_none.i16P0A, i16 %leak_rate_out, i16 %leak_rate" [src/snn_top_hls.cpp:783]   --->   Operation 260 'write' 'write_ln783' <Predicate = true> <Delay = 0.00>
ST_4 : Operation 261 [1/1] (0.00ns)   --->   "%br_ln786 = br i1 %encoder_enable, void %if.end201, void %land.lhs.true143" [src/snn_top_hls.cpp:786]   --->   Operation 261 'br' 'br_ln786' <Predicate = true> <Delay = 0.00>
ST_4 : Operation 262 [1/1] (0.00ns)   --->   "%encoder_frame_loaded_load = load i1 %encoder_frame_loaded" [src/snn_top_hls.cpp:786]   --->   Operation 262 'load' 'encoder_frame_loaded_load' <Predicate = (encoder_enable)> <Delay = 0.00>
ST_4 : Operation 263 [1/1] (0.00ns)   --->   "%br_ln786 = br i1 %encoder_frame_loaded_load, void %land.lhs.true144, void %if.end201" [src/snn_top_hls.cpp:786]   --->   Operation 263 'br' 'br_ln786' <Predicate = (encoder_enable)> <Delay = 0.00>
ST_4 : Operation 264 [1/1] ( I:1.29ns O:1.29ns )   --->   "%tmp_4 = nbreadreq i1 @_ssdm_op_NbReadReq.axis.i32P0A.i4P0A.i4P0A.i1P0A.i1P0A.i1P0A.i1P0A, i32 %s_axis_data_V_data_V, i4 %s_axis_data_V_keep_V, i4 %s_axis_data_V_strb_V, i1 %s_axis_data_V_user_V, i1 %s_axis_data_V_last_V, i1 %s_axis_data_V_id_V, i1 %s_axis_data_V_dest_V, i32 1" [src/snn_top_hls.cpp:786]   --->   Operation 264 'nbreadreq' 'tmp_4' <Predicate = (encoder_enable & !encoder_frame_loaded_load)> <Delay = 1.29> <CoreInst = "regslice">   --->   Core 135 'regslice' <Latency = 0> <II = 1> <Delay = 1.86> <Adapter> <Opcode : 'read' 'write'>
ST_4 : Operation 265 [1/1] (0.00ns)   --->   "%br_ln786 = br i1 %tmp_4, void %if.end201, void %for.body151.preheader" [src/snn_top_hls.cpp:786]   --->   Operation 265 'br' 'br_ln786' <Predicate = (encoder_enable & !encoder_frame_loaded_load)> <Delay = 0.00>

State 5 <SV = 4> <Delay = 3.77>
ST_5 : Operation 266 [2/2] (3.77ns)   --->   "%call_ln0 = call void @snn_top_hls_Pipeline_LOAD_FRAME, i32 %s_axis_data_V_data_V, i4 %s_axis_data_V_keep_V, i4 %s_axis_data_V_strb_V, i1 %s_axis_data_V_user_V, i1 %s_axis_data_V_last_V, i1 %s_axis_data_V_id_V, i1 %s_axis_data_V_dest_V, i8 %p_ZL13encoder_frame_0, i8 %p_ZL13encoder_frame_1"   --->   Operation 266 'call' 'call_ln0' <Predicate = true> <Delay = 3.77> <CoreType = "Generic">   --->   Generic Core
ST_5 : Operation 267 [1/1] (0.00ns)   --->   "%timestamp_load = load i32 %timestamp" [src/snn_top_hls.cpp:799]   --->   Operation 267 'load' 'timestamp_load' <Predicate = true> <Delay = 0.00>
ST_5 : Operation 268 [2/2] (3.25ns)   --->   "%call_ln799 = call void @encoder_reset_temporal_state, i32 %timestamp_load, i1 %p_ZL22encoder_temporal_fired_0, i32 %p_ZL22encoder_temporal_start_0, i1 %p_ZL22encoder_temporal_fired_1, i32 %p_ZL22encoder_temporal_start_1" [src/snn_top_hls.cpp:799]   --->   Operation 268 'call' 'call_ln799' <Predicate = true> <Delay = 3.25> <CoreType = "Generic">   --->   Generic Core

State 6 <SV = 5> <Delay = 7.98>
ST_6 : Operation 269 [1/2] (7.98ns)   --->   "%call_ln0 = call void @snn_top_hls_Pipeline_LOAD_FRAME, i32 %s_axis_data_V_data_V, i4 %s_axis_data_V_keep_V, i4 %s_axis_data_V_strb_V, i1 %s_axis_data_V_user_V, i1 %s_axis_data_V_last_V, i1 %s_axis_data_V_id_V, i1 %s_axis_data_V_dest_V, i8 %p_ZL13encoder_frame_0, i8 %p_ZL13encoder_frame_1"   --->   Operation 269 'call' 'call_ln0' <Predicate = true> <Delay = 7.98> <CoreType = "Generic">   --->   Generic Core
ST_6 : Operation 270 [1/2] (4.90ns)   --->   "%call_ln799 = call void @encoder_reset_temporal_state, i32 %timestamp_load, i1 %p_ZL22encoder_temporal_fired_0, i32 %p_ZL22encoder_temporal_start_0, i1 %p_ZL22encoder_temporal_fired_1, i32 %p_ZL22encoder_temporal_start_1" [src/snn_top_hls.cpp:799]   --->   Operation 270 'call' 'call_ln799' <Predicate = true> <Delay = 4.90> <CoreType = "Generic">   --->   Generic Core

State 7 <SV = 6> <Delay = 4.13>
ST_7 : Operation 271 [1/1] (1.58ns)   --->   "%store_ln798 = store i1 1, i1 %encoder_frame_loaded" [src/snn_top_hls.cpp:798]   --->   Operation 271 'store' 'store_ln798' <Predicate = (encoder_enable & !encoder_frame_loaded_load & tmp_4)> <Delay = 1.58>
ST_7 : Operation 272 [1/1] (0.00ns)   --->   "%br_ln800 = br void %if.end201" [src/snn_top_hls.cpp:800]   --->   Operation 272 'br' 'br_ln800' <Predicate = (encoder_enable & !encoder_frame_loaded_load & tmp_4)> <Delay = 0.00>
ST_7 : Operation 273 [1/1] (1.56ns)   --->   "%icmp_ln803 = icmp_ne  i2 %op_mode, i2 %last_mode_loc_0" [src/snn_top_hls.cpp:803]   --->   Operation 273 'icmp' 'icmp_ln803' <Predicate = true> <Delay = 1.56> <CoreInst = "Cmp">   --->   Core 9 'Cmp' <Latency = 0> <II = 1> <Delay = 1.56> <FuncUnit> <Opcode : 'seteq' 'setne' 'setle' 'setge' 'setlt' 'setgt'> <InPorts = 2> <OutPorts = 1>
ST_7 : Operation 274 [1/1] (0.97ns)   --->   "%and_ln803 = and i1 %checkpoint_mode, i1 %icmp_ln803" [src/snn_top_hls.cpp:803]   --->   Operation 274 'and' 'and_ln803' <Predicate = true> <Delay = 0.97> <CoreInst = "LogicGate">   --->   Core 74 'LogicGate' <Latency = 0> <II = 1> <Delay = 0.97> <FuncUnit> <Opcode : 'and' 'or' 'xor'> <InPorts = 2> <OutPorts = 1>
ST_7 : Operation 275 [1/1] (0.00ns)   --->   "%br_ln803 = br i1 %and_ln803, void %if.end207, void %if.then204" [src/snn_top_hls.cpp:803]   --->   Operation 275 'br' 'br_ln803' <Predicate = true> <Delay = 0.00>
ST_7 : Operation 276 [1/1] (1.58ns)   --->   "%store_ln805 = store i8 0, i8 %checkpoint_col" [src/snn_top_hls.cpp:805]   --->   Operation 276 'store' 'store_ln805' <Predicate = (and_ln803)> <Delay = 1.58>
ST_7 : Operation 277 [1/1] (0.00ns)   --->   "%br_ln806 = br void %if.end207" [src/snn_top_hls.cpp:806]   --->   Operation 277 'br' 'br_ln806' <Predicate = (and_ln803)> <Delay = 0.00>
ST_7 : Operation 278 [1/1] (0.00ns)   --->   "%p_phi17 = alloca i32 1"   --->   Operation 278 'alloca' 'p_phi17' <Predicate = true> <Delay = 0.00>
ST_7 : Operation 279 [1/1] (0.00ns)   --->   "%p_phi16 = alloca i32 1"   --->   Operation 279 'alloca' 'p_phi16' <Predicate = true> <Delay = 0.00>
ST_7 : Operation 280 [1/1] (0.00ns)   --->   "%p_phi15 = alloca i32 1"   --->   Operation 280 'alloca' 'p_phi15' <Predicate = true> <Delay = 0.00>
ST_7 : Operation 281 [1/1] (0.00ns)   --->   "%p_phi = alloca i32 1"   --->   Operation 281 'alloca' 'p_phi' <Predicate = true> <Delay = 0.00>
ST_7 : Operation 282 [1/1] (0.00ns)   --->   "%t = alloca i32 1" [src/snn_top_hls.cpp:814]   --->   Operation 282 'alloca' 't' <Predicate = true> <Delay = 0.00>
ST_7 : Operation 283 [1/1] (0.00ns)   --->   "%empty_59 = alloca i32 1"   --->   Operation 283 'alloca' 'empty_59' <Predicate = true> <Delay = 0.00>
ST_7 : Operation 284 [1/1] (0.00ns)   --->   "%zext_ln866 = zext i8 %spike_out_neuron_id_read" [src/snn_top_hls.cpp:866]   --->   Operation 284 'zext' 'zext_ln866' <Predicate = true> <Delay = 0.00>
ST_7 : Operation 285 [1/1] (0.00ns)   --->   "%trunc_ln548 = trunc i8 %spike_out_neuron_id_read" [src/snn_top_hls.cpp:548->src/snn_top_hls.cpp:884]   --->   Operation 285 'trunc' 'trunc_ln548' <Predicate = true> <Delay = 0.00>
ST_7 : Operation 286 [1/1] (0.00ns)   --->   "%lshr_ln5 = partselect i7 @_ssdm_op_PartSelect.i7.i8.i32.i32, i8 %spike_out_neuron_id_read, i32 1, i32 7" [src/snn_top_hls.cpp:548->src/snn_top_hls.cpp:884]   --->   Operation 286 'partselect' 'lshr_ln5' <Predicate = true> <Delay = 0.00>
ST_7 : Operation 287 [1/1] (0.00ns)   --->   "%zext_ln548 = zext i7 %lshr_ln5" [src/snn_top_hls.cpp:548->src/snn_top_hls.cpp:884]   --->   Operation 287 'zext' 'zext_ln548' <Predicate = true> <Delay = 0.00>
ST_7 : Operation 288 [1/1] (0.00ns)   --->   "%p_ZL16post_eligibility_0_addr = getelementptr i8 %p_ZL16post_eligibility_0, i64 0, i64 %zext_ln548" [src/snn_top_hls.cpp:548->src/snn_top_hls.cpp:884]   --->   Operation 288 'getelementptr' 'p_ZL16post_eligibility_0_addr' <Predicate = true> <Delay = 0.00>
ST_7 : Operation 289 [1/1] (0.00ns)   --->   "%p_ZL16post_eligibility_1_addr = getelementptr i8 %p_ZL16post_eligibility_1, i64 0, i64 %zext_ln548" [src/snn_top_hls.cpp:548->src/snn_top_hls.cpp:884]   --->   Operation 289 'getelementptr' 'p_ZL16post_eligibility_1_addr' <Predicate = true> <Delay = 0.00>
ST_7 : Operation 290 [1/1] (0.97ns)   --->   "%and_ln826 = and i1 %enable, i1 %spike_in_ready_read" [src/snn_top_hls.cpp:826]   --->   Operation 290 'and' 'and_ln826' <Predicate = true> <Delay = 0.97> <CoreInst = "LogicGate">   --->   Core 74 'LogicGate' <Latency = 0> <II = 1> <Delay = 0.97> <FuncUnit> <Opcode : 'and' 'or' 'xor'> <InPorts = 2> <OutPorts = 1>
ST_7 : Operation 291 [1/1] (0.00ns) (grouped into LUT with out node xor_ln889)   --->   "%and_ln889 = and i1 %apply_reward, i1 %stdp_active" [src/snn_top_hls.cpp:889]   --->   Operation 291 'and' 'and_ln889' <Predicate = true> <Delay = 0.00> <CoreInst = "LogicGate">   --->   Core 74 'LogicGate' <Latency = 0> <II = 1> <Delay = 0.97> <FuncUnit> <Opcode : 'and' 'or' 'xor'> <InPorts = 2> <OutPorts = 1>
ST_7 : Operation 292 [1/1] (0.97ns) (out node of the LUT)   --->   "%xor_ln889 = xor i1 %and_ln889, i1 1" [src/snn_top_hls.cpp:889]   --->   Operation 292 'xor' 'xor_ln889' <Predicate = true> <Delay = 0.97> <CoreInst = "LogicGate">   --->   Core 74 'LogicGate' <Latency = 0> <II = 1> <Delay = 0.97> <FuncUnit> <Opcode : 'and' 'or' 'xor'> <InPorts = 2> <OutPorts = 1>
ST_7 : Operation 293 [1/1] (0.97ns)   --->   "%or_ln895 = or i1 %weight_read_mode, i1 %checkpoint_mode" [src/snn_top_hls.cpp:895]   --->   Operation 293 'or' 'or_ln895' <Predicate = true> <Delay = 0.97> <CoreInst = "LogicGate">   --->   Core 74 'LogicGate' <Latency = 0> <II = 1> <Delay = 0.97> <FuncUnit> <Opcode : 'and' 'or' 'xor'> <InPorts = 2> <OutPorts = 1>
ST_7 : Operation 294 [1/1] (0.00ns) (grouped into LUT with out node or_ln889)   --->   "%xor_ln889_1 = xor i1 %learning_params_rstdp_enable, i1 1" [src/snn_top_hls.cpp:889]   --->   Operation 294 'xor' 'xor_ln889_1' <Predicate = true> <Delay = 0.00> <CoreInst = "LogicGate">   --->   Core 74 'LogicGate' <Latency = 0> <II = 1> <Delay = 0.97> <FuncUnit> <Opcode : 'and' 'or' 'xor'> <InPorts = 2> <OutPorts = 1>
ST_7 : Operation 295 [1/1] (0.97ns) (out node of the LUT)   --->   "%or_ln889 = or i1 %xor_ln889, i1 %xor_ln889_1" [src/snn_top_hls.cpp:889]   --->   Operation 295 'or' 'or_ln889' <Predicate = true> <Delay = 0.97> <CoreInst = "LogicGate">   --->   Core 74 'LogicGate' <Latency = 0> <II = 1> <Delay = 0.97> <FuncUnit> <Opcode : 'and' 'or' 'xor'> <InPorts = 2> <OutPorts = 1>
ST_7 : Operation 296 [1/1] (1.70ns)   --->   "%store_ln0 = store i1 %learning_params_rstdp_enable, i1 %empty_59"   --->   Operation 296 'store' 'store_ln0' <Predicate = true> <Delay = 1.70>
ST_7 : Operation 297 [1/1] (1.58ns)   --->   "%store_ln814 = store i16 0, i16 %t" [src/snn_top_hls.cpp:814]   --->   Operation 297 'store' 'store_ln814' <Predicate = true> <Delay = 1.58>
ST_7 : Operation 298 [1/1] (0.00ns)   --->   "%br_ln814 = br void %for.body211" [src/snn_top_hls.cpp:814]   --->   Operation 298 'br' 'br_ln814' <Predicate = true> <Delay = 0.00>

State 8 <SV = 7> <Delay = 6.72>
ST_8 : Operation 299 [1/1] (0.00ns)   --->   "%t_1 = load i16 %t" [src/snn_top_hls.cpp:814]   --->   Operation 299 'load' 't_1' <Predicate = true> <Delay = 0.00>
ST_8 : Operation 300 [1/1] (2.07ns)   --->   "%icmp_ln814 = icmp_eq  i16 %t_1, i16 %time_steps_1" [src/snn_top_hls.cpp:814]   --->   Operation 300 'icmp' 'icmp_ln814' <Predicate = true> <Delay = 2.07> <CoreInst = "Cmp">   --->   Core 9 'Cmp' <Latency = 0> <II = 1> <Delay = 2.07> <FuncUnit> <Opcode : 'seteq' 'setne' 'setle' 'setge' 'setlt' 'setgt'> <InPorts = 2> <OutPorts = 1>
ST_8 : Operation 301 [1/1] (2.07ns)   --->   "%t_2 = add i16 %t_1, i16 1" [src/snn_top_hls.cpp:814]   --->   Operation 301 'add' 't_2' <Predicate = true> <Delay = 2.07> <CoreInst = "Adder">   --->   Core 1 'Adder' <Latency = 0> <II = 1> <Delay = 2.07> <FuncUnit> <Opcode : 'add' 'sub'> <InPorts = 2> <OutPorts = 1>
ST_8 : Operation 302 [1/1] (0.00ns)   --->   "%br_ln814 = br i1 %icmp_ln814, void %for.body211.split, void %for.cond208.for.cond.cleanup210_crit_edge" [src/snn_top_hls.cpp:814]   --->   Operation 302 'br' 'br_ln814' <Predicate = true> <Delay = 0.00>
ST_8 : Operation 303 [1/1] (0.00ns)   --->   "%speclooptripcount_ln814 = speclooptripcount void @_ssdm_op_SpecLoopTripCount, i64 0, i64 65535, i64 32767" [src/snn_top_hls.cpp:814]   --->   Operation 303 'speclooptripcount' 'speclooptripcount_ln814' <Predicate = (!icmp_ln814)> <Delay = 0.00>
ST_8 : Operation 304 [1/1] (0.00ns)   --->   "%specloopname_ln814 = specloopname void @_ssdm_op_SpecLoopName, void @empty_18" [src/snn_top_hls.cpp:814]   --->   Operation 304 'specloopname' 'specloopname_ln814' <Predicate = (!icmp_ln814)> <Delay = 0.00>
ST_8 : Operation 305 [1/1] (0.00ns)   --->   "%br_ln817 = br i1 %encoder_enable, void %if.end215, void %land.lhs.true212" [src/snn_top_hls.cpp:817]   --->   Operation 305 'br' 'br_ln817' <Predicate = (!icmp_ln814)> <Delay = 0.00>
ST_8 : Operation 306 [1/1] (0.00ns)   --->   "%encoder_frame_loaded_load_1 = load i1 %encoder_frame_loaded" [src/snn_top_hls.cpp:817]   --->   Operation 306 'load' 'encoder_frame_loaded_load_1' <Predicate = (encoder_enable & !icmp_ln814)> <Delay = 0.00>
ST_8 : Operation 307 [1/1] (0.00ns)   --->   "%br_ln817 = br i1 %encoder_frame_loaded_load_1, void %if.end215, void %if.then213" [src/snn_top_hls.cpp:817]   --->   Operation 307 'br' 'br_ln817' <Predicate = (encoder_enable & !icmp_ln814)> <Delay = 0.00>
ST_8 : Operation 308 [1/1] (0.00ns)   --->   "%timestamp_load_1 = load i32 %timestamp" [src/snn_top_hls.cpp:818]   --->   Operation 308 'load' 'timestamp_load_1' <Predicate = (encoder_enable & !icmp_ln814 & encoder_frame_loaded_load_1)> <Delay = 0.00>
ST_8 : Operation 309 [2/2] (4.64ns)   --->   "%call_ln818 = call void @run_encoder_once, i4 %encoder_config_encoding_type, i1 %encoder_config_two_neuron_enable, i8 %encoder_config_baseline, i16 %encoder_config_rate_scale, i16 %encoder_config_latency_window, i16 %encoder_config_delta_threshold, i16 %encoder_config_delta_decay, i16 %encoder_config_num_channels, i8 %encoder_config_default_weight, i32 %timestamp_load_1, i41 %encoder_spikes, i1 %encoder_frame_loaded, i16 %latency_window_counter, i8 %p_ZL13encoder_frame_0, i16 %lfsr, i32 %encoder_spike_counter, i1 %p_ZL22encoder_temporal_fired_1, i1 %p_ZL22encoder_temporal_fired_0, i32 %p_ZL22encoder_temporal_start_0, i32 %p_ZL22encoder_temporal_start_1, i16 %p_ZL17encoder_phase_acc_1, i16 %p_ZL17encoder_phase_acc_0, i8 %p_ZL13encoder_frame_1" [src/snn_top_hls.cpp:818]   --->   Operation 309 'call' 'call_ln818' <Predicate = (encoder_enable & !icmp_ln814 & encoder_frame_loaded_load_1)> <Delay = 4.64> <CoreType = "Generic">   --->   Generic Core
ST_8 : Operation 310 [1/1] (2.07ns)   --->   "%icmp_ln814_1 = icmp_eq  i16 %time_steps_1, i16 0" [src/snn_top_hls.cpp:814]   --->   Operation 310 'icmp' 'icmp_ln814_1' <Predicate = (icmp_ln814)> <Delay = 2.07> <CoreInst = "Cmp">   --->   Core 9 'Cmp' <Latency = 0> <II = 1> <Delay = 2.07> <FuncUnit> <Opcode : 'seteq' 'setne' 'setle' 'setge' 'setlt' 'setgt'> <InPorts = 2> <OutPorts = 1>
ST_8 : Operation 311 [1/1] (0.00ns)   --->   "%br_ln814 = br i1 %icmp_ln814_1, void %for.cond208.for.cond.cleanup210_crit_edge.split, void %for.end352" [src/snn_top_hls.cpp:814]   --->   Operation 311 'br' 'br_ln814' <Predicate = (icmp_ln814)> <Delay = 0.00>
ST_8 : Operation 312 [1/1] (0.00ns)   --->   "%p_phi17_load = load i1 %p_phi17" [src/snn_top_hls.cpp:863]   --->   Operation 312 'load' 'p_phi17_load' <Predicate = (icmp_ln814 & !icmp_ln814_1)> <Delay = 0.00>
ST_8 : Operation 313 [1/1] (0.00ns)   --->   "%p_phi16_load = load i1 %p_phi16" [src/snn_top_hls.cpp:822]   --->   Operation 313 'load' 'p_phi16_load' <Predicate = (icmp_ln814 & !icmp_ln814_1)> <Delay = 0.00>
ST_8 : Operation 314 [1/1] (0.00ns)   --->   "%p_phi15_load = load i8 %p_phi15" [src/snn_top_hls.cpp:823]   --->   Operation 314 'load' 'p_phi15_load' <Predicate = (icmp_ln814 & !icmp_ln814_1)> <Delay = 0.00>
ST_8 : Operation 315 [1/1] (0.00ns)   --->   "%p_phi_load = load i8 %p_phi" [src/snn_top_hls.cpp:824]   --->   Operation 315 'load' 'p_phi_load' <Predicate = (icmp_ln814 & !icmp_ln814_1)> <Delay = 0.00>
ST_8 : Operation 316 [1/1] (0.00ns)   --->   "%write_ln822 = write void @_ssdm_op_Write.ap_none.i1P0A, i1 %spike_in_valid, i1 %p_phi16_load" [src/snn_top_hls.cpp:822]   --->   Operation 316 'write' 'write_ln822' <Predicate = (icmp_ln814 & !icmp_ln814_1)> <Delay = 0.00>
ST_8 : Operation 317 [1/1] (0.00ns)   --->   "%write_ln823 = write void @_ssdm_op_Write.ap_none.i8P0A, i8 %spike_in_neuron_id, i8 %p_phi15_load" [src/snn_top_hls.cpp:823]   --->   Operation 317 'write' 'write_ln823' <Predicate = (icmp_ln814 & !icmp_ln814_1)> <Delay = 0.00>
ST_8 : Operation 318 [1/1] (0.00ns)   --->   "%write_ln824 = write void @_ssdm_op_Write.ap_none.i8P0A, i8 %spike_in_weight, i8 %p_phi_load" [src/snn_top_hls.cpp:824]   --->   Operation 318 'write' 'write_ln824' <Predicate = (icmp_ln814 & !icmp_ln814_1)> <Delay = 0.00>
ST_8 : Operation 319 [1/1] (0.00ns)   --->   "%write_ln863 = write void @_ssdm_op_Write.ap_none.i1P0A, i1 %spike_out_ready, i1 %p_phi17_load" [src/snn_top_hls.cpp:863]   --->   Operation 319 'write' 'write_ln863' <Predicate = (icmp_ln814 & !icmp_ln814_1)> <Delay = 0.00>
ST_8 : Operation 320 [1/1] (0.00ns)   --->   "%br_ln814 = br void %for.end352" [src/snn_top_hls.cpp:814]   --->   Operation 320 'br' 'br_ln814' <Predicate = (icmp_ln814 & !icmp_ln814_1)> <Delay = 0.00>
ST_8 : Operation 321 [1/1] (0.00ns)   --->   "%encoder_frame_loaded_load_2 = load i1 %encoder_frame_loaded" [src/snn_top_hls.cpp:925]   --->   Operation 321 'load' 'encoder_frame_loaded_load_2' <Predicate = (icmp_ln814)> <Delay = 0.00>
ST_8 : Operation 322 [1/1] (0.00ns)   --->   "%br_ln925 = br i1 %encoder_frame_loaded_load_2, void %if.end354, void %if.then353" [src/snn_top_hls.cpp:925]   --->   Operation 322 'br' 'br_ln925' <Predicate = (icmp_ln814)> <Delay = 0.00>
ST_8 : Operation 323 [1/1] (1.58ns)   --->   "%store_ln926 = store i1 0, i1 %encoder_frame_loaded" [src/snn_top_hls.cpp:926]   --->   Operation 323 'store' 'store_ln926' <Predicate = (icmp_ln814 & encoder_frame_loaded_load_2)> <Delay = 1.58>
ST_8 : Operation 324 [1/1] (0.00ns)   --->   "%br_ln927 = br void %if.end354" [src/snn_top_hls.cpp:927]   --->   Operation 324 'br' 'br_ln927' <Predicate = (icmp_ln814 & encoder_frame_loaded_load_2)> <Delay = 0.00>
ST_8 : Operation 325 [1/1] (0.00ns)   --->   "%store_ln716 = store i2 %op_mode, i2 %last_mode" [src/snn_top_hls.cpp:716]   --->   Operation 325 'store' 'store_ln716' <Predicate = (icmp_ln814)> <Delay = 0.00>
ST_8 : Operation 326 [2/2] (0.00ns)   --->   "%call_ln0 = call void @snn_top_hls_Pipeline_WEIGHT_SUM, i14 %weight_sum_loc, i8 %p_ZL13weight_memory_0, i8 %p_ZL13weight_memory_1"   --->   Operation 326 'call' 'call_ln0' <Predicate = (icmp_ln814)> <Delay = 0.00> <CoreType = "Generic">   --->   Generic Core

State 9 <SV = 8> <Delay = 1.58>
ST_9 : Operation 327 [1/2] (0.00ns)   --->   "%call_ln818 = call void @run_encoder_once, i4 %encoder_config_encoding_type, i1 %encoder_config_two_neuron_enable, i8 %encoder_config_baseline, i16 %encoder_config_rate_scale, i16 %encoder_config_latency_window, i16 %encoder_config_delta_threshold, i16 %encoder_config_delta_decay, i16 %encoder_config_num_channels, i8 %encoder_config_default_weight, i32 %timestamp_load_1, i41 %encoder_spikes, i1 %encoder_frame_loaded, i16 %latency_window_counter, i8 %p_ZL13encoder_frame_0, i16 %lfsr, i32 %encoder_spike_counter, i1 %p_ZL22encoder_temporal_fired_1, i1 %p_ZL22encoder_temporal_fired_0, i32 %p_ZL22encoder_temporal_start_0, i32 %p_ZL22encoder_temporal_start_1, i16 %p_ZL17encoder_phase_acc_1, i16 %p_ZL17encoder_phase_acc_0, i8 %p_ZL13encoder_frame_1" [src/snn_top_hls.cpp:818]   --->   Operation 327 'call' 'call_ln818' <Predicate = (encoder_enable & encoder_frame_loaded_load_1)> <Delay = 0.00> <CoreType = "Generic">   --->   Generic Core
ST_9 : Operation 328 [1/1] (0.00ns)   --->   "%br_ln819 = br void %if.end215" [src/snn_top_hls.cpp:819]   --->   Operation 328 'br' 'br_ln819' <Predicate = (encoder_enable & encoder_frame_loaded_load_1)> <Delay = 0.00>
ST_9 : Operation 329 [1/1] (1.58ns)   --->   "%br_ln826 = br i1 %and_ln826, void %if.end253, void %if.then222" [src/snn_top_hls.cpp:826]   --->   Operation 329 'br' 'br_ln826' <Predicate = true> <Delay = 1.58>
ST_9 : Operation 330 [1/1] (0.00ns)   --->   "%br_ln830 = br i1 %encoder_enable, void %if.else, void %land.lhs.true223" [src/snn_top_hls.cpp:830]   --->   Operation 330 'br' 'br_ln830' <Predicate = (and_ln826)> <Delay = 0.00>

State 10 <SV = 9> <Delay = 3.60>
ST_10 : Operation 331 [1/1] ( I:0.00ns O:0.00ns )   --->   "%tmp_s = nbreadreq i1 @_ssdm_op_NbReadReq.ap_fifo.i41P0A, i41 %encoder_spikes, i32 1" [src/snn_top_hls.cpp:830]   --->   Operation 331 'nbreadreq' 'tmp_s' <Predicate = (encoder_enable)> <Delay = 0.00> <CoreInst = "FIFO">   --->   Core 77 'FIFO' <Latency = 0> <II = 1> <Delay = 3.60> <Storage> <Opcode : 'read' 'write' 'nbread' 'nbwrite'> <Ports = 0> <Width = 41> <Depth = 32> <FIFO>
ST_10 : Operation 332 [1/1] (0.00ns)   --->   "%br_ln830 = br i1 %tmp_s, void %if.else, void %if.then225" [src/snn_top_hls.cpp:830]   --->   Operation 332 'br' 'br_ln830' <Predicate = (encoder_enable)> <Delay = 0.00>
ST_10 : Operation 333 [1/1] ( I:1.29ns O:1.29ns )   --->   "%tmp_1 = nbreadreq i1 @_ssdm_op_NbReadReq.axis.i32P0A.i4P0A.i4P0A.i1P0A.i1P0A.i1P0A.i1P0A, i32 %s_axis_spikes_V_data_V, i4 %s_axis_spikes_V_keep_V, i4 %s_axis_spikes_V_strb_V, i1 %s_axis_spikes_V_user_V, i1 %s_axis_spikes_V_last_V, i1 %s_axis_spikes_V_id_V, i1 %s_axis_spikes_V_dest_V, i32 1" [src/snn_top_hls.cpp:840]   --->   Operation 333 'nbreadreq' 'tmp_1' <Predicate = (!tmp_s) | (!encoder_enable)> <Delay = 1.29> <CoreInst = "regslice">   --->   Core 135 'regslice' <Latency = 0> <II = 1> <Delay = 1.86> <Adapter> <Opcode : 'read' 'write'>
ST_10 : Operation 334 [1/1] (1.58ns)   --->   "%br_ln840 = br i1 %tmp_1, void %if.end253, void %if.then236" [src/snn_top_hls.cpp:840]   --->   Operation 334 'br' 'br_ln840' <Predicate = (!tmp_s) | (!encoder_enable)> <Delay = 1.58>
ST_10 : Operation 335 [1/1] ( I:0.51ns O:0.51ns )   --->   "%empty_60 = read i44 @_ssdm_op_Read.axis.volatile.i32P0A.i4P0A.i4P0A.i1P0A.i1P0A.i1P0A.i1P0A, i32 %s_axis_spikes_V_data_V, i4 %s_axis_spikes_V_keep_V, i4 %s_axis_spikes_V_strb_V, i1 %s_axis_spikes_V_user_V, i1 %s_axis_spikes_V_last_V, i1 %s_axis_spikes_V_id_V, i1 %s_axis_spikes_V_dest_V" [src/snn_top_hls.cpp:841]   --->   Operation 335 'read' 'empty_60' <Predicate = (!tmp_s & tmp_1) | (!encoder_enable & tmp_1)> <Delay = 0.51> <CoreInst = "regslice">   --->   Core 135 'regslice' <Latency = 0> <II = 1> <Delay = 1.86> <Adapter> <Opcode : 'read' 'write'>
ST_10 : Operation 336 [1/1] (0.00ns)   --->   "%in_pkt_data_1 = extractvalue i44 %empty_60" [src/snn_top_hls.cpp:841]   --->   Operation 336 'extractvalue' 'in_pkt_data_1' <Predicate = (!tmp_s & tmp_1) | (!encoder_enable & tmp_1)> <Delay = 0.00>
ST_10 : Operation 337 [1/1] (0.00ns)   --->   "%trunc_ln827 = trunc i32 %in_pkt_data_1" [src/snn_top_hls.cpp:827]   --->   Operation 337 'trunc' 'trunc_ln827' <Predicate = (!tmp_s & tmp_1) | (!encoder_enable & tmp_1)> <Delay = 0.00>
ST_10 : Operation 338 [1/1] (1.58ns)   --->   "%br_ln845 = br void %if.then240" [src/snn_top_hls.cpp:845]   --->   Operation 338 'br' 'br_ln845' <Predicate = (!tmp_s & tmp_1) | (!encoder_enable & tmp_1)> <Delay = 1.58>
ST_10 : Operation 339 [1/1] ( I:3.60ns O:3.60ns )   --->   "%encoder_spikes_read = read i41 @_ssdm_op_Read.ap_fifo.volatile.i41P0A, i41 %encoder_spikes" [src/snn_top_hls.cpp:831]   --->   Operation 339 'read' 'encoder_spikes_read' <Predicate = (encoder_enable & tmp_s)> <Delay = 3.60> <CoreInst = "FIFO">   --->   Core 77 'FIFO' <Latency = 0> <II = 1> <Delay = 3.60> <Storage> <Opcode : 'read' 'write' 'nbread' 'nbwrite'> <Ports = 0> <Width = 41> <Depth = 32> <FIFO>
ST_10 : Operation 340 [1/1] (0.00ns)   --->   "%enc_word_data = trunc i41 %encoder_spikes_read" [src/snn_top_hls.cpp:831]   --->   Operation 340 'trunc' 'enc_word_data' <Predicate = (encoder_enable & tmp_s)> <Delay = 0.00>
ST_10 : Operation 341 [1/1] (1.58ns)   --->   "%br_ln0 = br void %if.then240"   --->   Operation 341 'br' 'br_ln0' <Predicate = (encoder_enable & tmp_s)> <Delay = 1.58>

State 11 <SV = 10> <Delay = 4.39>
ST_11 : Operation 342 [1/1] (0.00ns)   --->   "%in_pkt_data_2 = phi i18 %trunc_ln827, void %if.then236, i18 %enc_word_data, void %if.then225"   --->   Operation 342 'phi' 'in_pkt_data_2' <Predicate = true> <Delay = 0.00>
ST_11 : Operation 343 [1/1] (0.00ns)   --->   "%trunc_ln846 = trunc i18 %in_pkt_data_2" [src/snn_top_hls.cpp:846]   --->   Operation 343 'trunc' 'trunc_ln846' <Predicate = true> <Delay = 0.00>
ST_11 : Operation 344 [1/1] (0.00ns)   --->   "%weight = partselect i8 @_ssdm_op_PartSelect.i8.i18.i32.i32, i18 %in_pkt_data_2, i32 10, i32 17" [src/snn_top_hls.cpp:847]   --->   Operation 344 'partselect' 'weight' <Predicate = true> <Delay = 0.00>
ST_11 : Operation 345 [1/1] (0.00ns)   --->   "%br_ln853 = br i1 %stdp_active, void %if.end251, void %if.then247" [src/snn_top_hls.cpp:853]   --->   Operation 345 'br' 'br_ln853' <Predicate = true> <Delay = 0.00>
ST_11 : Operation 346 [1/1] (0.00ns)   --->   "%timestamp_load_2 = load i32 %timestamp" [src/snn_top_hls.cpp:854]   --->   Operation 346 'load' 'timestamp_load_2' <Predicate = (stdp_active)> <Delay = 0.00>
ST_11 : Operation 347 [1/1] (0.00ns)   --->   "%trunc_ln854 = trunc i32 %timestamp_load_2" [src/snn_top_hls.cpp:854]   --->   Operation 347 'trunc' 'trunc_ln854' <Predicate = (stdp_active)> <Delay = 0.00>
ST_11 : Operation 348 [2/2] (4.39ns)   --->   "%call_ln854 = call void @process_pre_spike_aer, i8 %trunc_ln846, i16 %trunc_ln854, i8 %pre_traces_trace_0, i8 %pre_traces_trace_1, i16 %pre_traces_last_spike_time_0, i16 %pre_traces_last_spike_time_1, i8 %EXP_DECAY_LUT, i8 %post_traces_trace_1, i16 %post_traces_last_spike_time_1, i8 %post_traces_trace_0, i16 %post_traces_last_spike_time_0, i8 %p_ZL13weight_memory_0, i8 %p_ZL13weight_memory_1" [src/snn_top_hls.cpp:854]   --->   Operation 348 'call' 'call_ln854' <Predicate = (stdp_active)> <Delay = 4.39> <CoreType = "Generic">   --->   Generic Core
ST_11 : Operation 349 [1/1] (0.00ns)   --->   "%trunc_ln541 = trunc i18 %in_pkt_data_2" [src/snn_top_hls.cpp:541->src/snn_top_hls.cpp:855]   --->   Operation 349 'trunc' 'trunc_ln541' <Predicate = (stdp_active)> <Delay = 0.00>
ST_11 : Operation 350 [1/1] (0.00ns)   --->   "%lshr_ln6 = partselect i7 @_ssdm_op_PartSelect.i7.i18.i32.i32, i18 %in_pkt_data_2, i32 1, i32 7" [src/snn_top_hls.cpp:541->src/snn_top_hls.cpp:855]   --->   Operation 350 'partselect' 'lshr_ln6' <Predicate = (stdp_active)> <Delay = 0.00>
ST_11 : Operation 351 [1/1] (0.00ns)   --->   "%zext_ln541 = zext i7 %lshr_ln6" [src/snn_top_hls.cpp:541->src/snn_top_hls.cpp:855]   --->   Operation 351 'zext' 'zext_ln541' <Predicate = (stdp_active)> <Delay = 0.00>
ST_11 : Operation 352 [1/1] (0.00ns)   --->   "%p_ZL15pre_eligibility_0_addr = getelementptr i8 %p_ZL15pre_eligibility_0, i64 0, i64 %zext_ln541" [src/snn_top_hls.cpp:541->src/snn_top_hls.cpp:855]   --->   Operation 352 'getelementptr' 'p_ZL15pre_eligibility_0_addr' <Predicate = (stdp_active)> <Delay = 0.00>
ST_11 : Operation 353 [1/1] (0.00ns)   --->   "%p_ZL15pre_eligibility_1_addr = getelementptr i8 %p_ZL15pre_eligibility_1, i64 0, i64 %zext_ln541" [src/snn_top_hls.cpp:541->src/snn_top_hls.cpp:855]   --->   Operation 353 'getelementptr' 'p_ZL15pre_eligibility_1_addr' <Predicate = (stdp_active)> <Delay = 0.00>
ST_11 : Operation 354 [2/2] (3.25ns)   --->   "%p_ZL15pre_eligibility_0_load = load i7 %p_ZL15pre_eligibility_0_addr" [src/snn_top_hls.cpp:541->src/snn_top_hls.cpp:855]   --->   Operation 354 'load' 'p_ZL15pre_eligibility_0_load' <Predicate = (stdp_active)> <Delay = 3.25> <CoreInst = "RAM_2P_BRAM">   --->   Core 90 'RAM_2P_BRAM' <Latency = 1> <II = 1> <Delay = 3.25> <Storage> <Opcode : 'load' 'store'> <Ports = 2> <Width = 8> <Depth = 128> <RAM>
ST_11 : Operation 355 [2/2] (3.25ns)   --->   "%p_ZL15pre_eligibility_1_load = load i7 %p_ZL15pre_eligibility_1_addr" [src/snn_top_hls.cpp:541->src/snn_top_hls.cpp:855]   --->   Operation 355 'load' 'p_ZL15pre_eligibility_1_load' <Predicate = (stdp_active)> <Delay = 3.25> <CoreInst = "RAM_2P_BRAM">   --->   Core 90 'RAM_2P_BRAM' <Latency = 1> <II = 1> <Delay = 3.25> <Storage> <Opcode : 'load' 'store'> <Ports = 2> <Width = 8> <Depth = 128> <RAM>

State 12 <SV = 11> <Delay = 6.41>
ST_12 : Operation 356 [1/2] (0.00ns)   --->   "%call_ln854 = call void @process_pre_spike_aer, i8 %trunc_ln846, i16 %trunc_ln854, i8 %pre_traces_trace_0, i8 %pre_traces_trace_1, i16 %pre_traces_last_spike_time_0, i16 %pre_traces_last_spike_time_1, i8 %EXP_DECAY_LUT, i8 %post_traces_trace_1, i16 %post_traces_last_spike_time_1, i8 %post_traces_trace_0, i16 %post_traces_last_spike_time_0, i8 %p_ZL13weight_memory_0, i8 %p_ZL13weight_memory_1" [src/snn_top_hls.cpp:854]   --->   Operation 356 'call' 'call_ln854' <Predicate = true> <Delay = 0.00> <CoreType = "Generic">   --->   Generic Core
ST_12 : Operation 357 [1/2] ( I:3.25ns O:3.25ns )   --->   "%p_ZL15pre_eligibility_0_load = load i7 %p_ZL15pre_eligibility_0_addr" [src/snn_top_hls.cpp:541->src/snn_top_hls.cpp:855]   --->   Operation 357 'load' 'p_ZL15pre_eligibility_0_load' <Predicate = true> <Delay = 3.25> <CoreInst = "RAM_2P_BRAM">   --->   Core 90 'RAM_2P_BRAM' <Latency = 1> <II = 1> <Delay = 3.25> <Storage> <Opcode : 'load' 'store'> <Ports = 2> <Width = 8> <Depth = 128> <RAM>
ST_12 : Operation 358 [1/2] ( I:3.25ns O:3.25ns )   --->   "%p_ZL15pre_eligibility_1_load = load i7 %p_ZL15pre_eligibility_1_addr" [src/snn_top_hls.cpp:541->src/snn_top_hls.cpp:855]   --->   Operation 358 'load' 'p_ZL15pre_eligibility_1_load' <Predicate = true> <Delay = 3.25> <CoreInst = "RAM_2P_BRAM">   --->   Core 90 'RAM_2P_BRAM' <Latency = 1> <II = 1> <Delay = 3.25> <Storage> <Opcode : 'load' 'store'> <Ports = 2> <Width = 8> <Depth = 128> <RAM>
ST_12 : Operation 359 [1/1] (1.24ns)   --->   "%select_ln541 = select i1 %trunc_ln541, i8 %p_ZL15pre_eligibility_1_load, i8 %p_ZL15pre_eligibility_0_load" [src/snn_top_hls.cpp:541->src/snn_top_hls.cpp:855]   --->   Operation 359 'select' 'select_ln541' <Predicate = true> <Delay = 1.24> <CoreInst = "Sel">   --->   Core 73 'Sel' <Latency = 0> <II = 1> <Delay = 1.24> <FuncUnit> <Opcode : 'select'> <InPorts = 3> <OutPorts = 1>
ST_12 : Operation 360 [1/1] (0.00ns)   --->   "%sext_ln541 = sext i8 %select_ln541" [src/snn_top_hls.cpp:541->src/snn_top_hls.cpp:855]   --->   Operation 360 'sext' 'sext_ln541' <Predicate = true> <Delay = 0.00>
ST_12 : Operation 361 [1/1] (1.91ns)   --->   "%new_elig = add i9 %sext_ln541, i9 32" [src/snn_top_hls.cpp:541->src/snn_top_hls.cpp:855]   --->   Operation 361 'add' 'new_elig' <Predicate = true> <Delay = 1.91> <CoreInst = "Adder">   --->   Core 1 'Adder' <Latency = 0> <II = 1> <Delay = 1.82> <FuncUnit> <Opcode : 'add' 'sub'> <InPorts = 2> <OutPorts = 1>
ST_12 : Operation 362 [1/1] (0.00ns)   --->   "%tmp_18 = partselect i2 @_ssdm_op_PartSelect.i2.i9.i32.i32, i9 %new_elig, i32 7, i32 8" [src/snn_top_hls.cpp:542->src/snn_top_hls.cpp:855]   --->   Operation 362 'partselect' 'tmp_18' <Predicate = true> <Delay = 0.00>
ST_12 : Operation 363 [1/1] (0.00ns)   --->   "%trunc_ln542 = trunc i9 %new_elig" [src/snn_top_hls.cpp:542->src/snn_top_hls.cpp:855]   --->   Operation 363 'trunc' 'trunc_ln542' <Predicate = true> <Delay = 0.00>

State 13 <SV = 12> <Delay = 6.06>
ST_13 : Operation 364 [1/1] (1.56ns)   --->   "%icmp_ln542 = icmp_eq  i2 %tmp_18, i2 1" [src/snn_top_hls.cpp:542->src/snn_top_hls.cpp:855]   --->   Operation 364 'icmp' 'icmp_ln542' <Predicate = (and_ln826 & tmp_1 & stdp_active) | (encoder_enable & and_ln826 & tmp_s & stdp_active)> <Delay = 1.56> <CoreInst = "Cmp">   --->   Core 9 'Cmp' <Latency = 0> <II = 1> <Delay = 1.56> <FuncUnit> <Opcode : 'seteq' 'setne' 'setle' 'setge' 'setlt' 'setgt'> <InPorts = 2> <OutPorts = 1>
ST_13 : Operation 365 [1/1] (1.24ns)   --->   "%select_ln542 = select i1 %icmp_ln542, i8 127, i8 %trunc_ln542" [src/snn_top_hls.cpp:542->src/snn_top_hls.cpp:855]   --->   Operation 365 'select' 'select_ln542' <Predicate = (and_ln826 & tmp_1 & stdp_active) | (encoder_enable & and_ln826 & tmp_s & stdp_active)> <Delay = 1.24> <CoreInst = "Sel">   --->   Core 73 'Sel' <Latency = 0> <II = 1> <Delay = 1.24> <FuncUnit> <Opcode : 'select'> <InPorts = 3> <OutPorts = 1>
ST_13 : Operation 366 [1/1] (0.00ns)   --->   "%br_ln542 = br i1 %trunc_ln541, void %V1.i32.i4191063.case.0, void %V1.i32.i4191063.case.1" [src/snn_top_hls.cpp:542->src/snn_top_hls.cpp:855]   --->   Operation 366 'br' 'br_ln542' <Predicate = (and_ln826 & tmp_1 & stdp_active) | (encoder_enable & and_ln826 & tmp_s & stdp_active)> <Delay = 0.00>
ST_13 : Operation 367 [1/1] ( I:3.25ns O:3.25ns )   --->   "%store_ln542 = store i8 %select_ln542, i7 %p_ZL15pre_eligibility_0_addr" [src/snn_top_hls.cpp:542->src/snn_top_hls.cpp:855]   --->   Operation 367 'store' 'store_ln542' <Predicate = (and_ln826 & tmp_1 & stdp_active & !trunc_ln541) | (encoder_enable & and_ln826 & tmp_s & stdp_active & !trunc_ln541)> <Delay = 3.25> <CoreInst = "RAM_2P_BRAM">   --->   Core 90 'RAM_2P_BRAM' <Latency = 1> <II = 1> <Delay = 3.25> <Storage> <Opcode : 'load' 'store'> <Ports = 2> <Width = 8> <Depth = 128> <RAM>
ST_13 : Operation 368 [1/1] (0.00ns)   --->   "%br_ln542 = br void %V1.i32.i4191063.exit" [src/snn_top_hls.cpp:542->src/snn_top_hls.cpp:855]   --->   Operation 368 'br' 'br_ln542' <Predicate = (and_ln826 & tmp_1 & stdp_active & !trunc_ln541) | (encoder_enable & and_ln826 & tmp_s & stdp_active & !trunc_ln541)> <Delay = 0.00>
ST_13 : Operation 369 [1/1] ( I:3.25ns O:3.25ns )   --->   "%store_ln542 = store i8 %select_ln542, i7 %p_ZL15pre_eligibility_1_addr" [src/snn_top_hls.cpp:542->src/snn_top_hls.cpp:855]   --->   Operation 369 'store' 'store_ln542' <Predicate = (and_ln826 & tmp_1 & stdp_active & trunc_ln541) | (encoder_enable & and_ln826 & tmp_s & stdp_active & trunc_ln541)> <Delay = 3.25> <CoreInst = "RAM_2P_BRAM">   --->   Core 90 'RAM_2P_BRAM' <Latency = 1> <II = 1> <Delay = 3.25> <Storage> <Opcode : 'load' 'store'> <Ports = 2> <Width = 8> <Depth = 128> <RAM>
ST_13 : Operation 370 [1/1] (0.00ns)   --->   "%br_ln542 = br void %V1.i32.i4191063.exit" [src/snn_top_hls.cpp:542->src/snn_top_hls.cpp:855]   --->   Operation 370 'br' 'br_ln542' <Predicate = (and_ln826 & tmp_1 & stdp_active & trunc_ln541) | (encoder_enable & and_ln826 & tmp_s & stdp_active & trunc_ln541)> <Delay = 0.00>
ST_13 : Operation 371 [1/1] (0.00ns)   --->   "%br_ln856 = br void %if.end251" [src/snn_top_hls.cpp:856]   --->   Operation 371 'br' 'br_ln856' <Predicate = (and_ln826 & tmp_1 & stdp_active) | (encoder_enable & and_ln826 & tmp_s & stdp_active)> <Delay = 0.00>
ST_13 : Operation 372 [1/1] (0.00ns)   --->   "%spike_counter_load_1 = load i32 %spike_counter" [src/snn_top_hls.cpp:858]   --->   Operation 372 'load' 'spike_counter_load_1' <Predicate = (and_ln826 & tmp_1) | (encoder_enable & and_ln826 & tmp_s)> <Delay = 0.00>
ST_13 : Operation 373 [1/1] (2.55ns)   --->   "%add_ln858 = add i32 %spike_counter_load_1, i32 1" [src/snn_top_hls.cpp:858]   --->   Operation 373 'add' 'add_ln858' <Predicate = (and_ln826 & tmp_1) | (encoder_enable & and_ln826 & tmp_s)> <Delay = 2.55> <CoreInst = "Adder">   --->   Core 1 'Adder' <Latency = 0> <II = 1> <Delay = 2.55> <FuncUnit> <Opcode : 'add' 'sub'> <InPorts = 2> <OutPorts = 1>
ST_13 : Operation 374 [1/1] (1.58ns)   --->   "%store_ln858 = store i32 %add_ln858, i32 %spike_counter" [src/snn_top_hls.cpp:858]   --->   Operation 374 'store' 'store_ln858' <Predicate = (and_ln826 & tmp_1) | (encoder_enable & and_ln826 & tmp_s)> <Delay = 1.58>
ST_13 : Operation 375 [1/1] (1.58ns)   --->   "%br_ln859 = br void %if.end253" [src/snn_top_hls.cpp:859]   --->   Operation 375 'br' 'br_ln859' <Predicate = (and_ln826 & tmp_1) | (encoder_enable & and_ln826 & tmp_s)> <Delay = 1.58>
ST_13 : Operation 376 [1/1] (0.00ns)   --->   "%empty_61 = phi i8 %weight, void %if.end251, i8 0, void %if.end215, i8 0, void %if.else"   --->   Operation 376 'phi' 'empty_61' <Predicate = true> <Delay = 0.00>
ST_13 : Operation 377 [1/1] (0.00ns)   --->   "%empty_62 = phi i8 %trunc_ln846, void %if.end251, i8 0, void %if.end215, i8 0, void %if.else" [src/snn_top_hls.cpp:846]   --->   Operation 377 'phi' 'empty_62' <Predicate = true> <Delay = 0.00>
ST_13 : Operation 378 [1/1] (0.00ns)   --->   "%empty_63 = phi i1 1, void %if.end251, i1 0, void %if.end215, i1 0, void %if.else"   --->   Operation 378 'phi' 'empty_63' <Predicate = true> <Delay = 0.00>
ST_13 : Operation 379 [1/1] ( I:1.29ns O:1.29ns )   --->   "%tmp_3 = nbwritereq i1 @_ssdm_op_NbWriteReq.axis.i32P0A.i4P0A.i4P0A.i1P0A.i1P0A.i1P0A.i1P0A, i32 %m_axis_spikes_V_data_V, i4 %m_axis_spikes_V_keep_V, i4 %m_axis_spikes_V_strb_V, i1 %m_axis_spikes_V_user_V, i1 %m_axis_spikes_V_last_V, i1 %m_axis_spikes_V_id_V, i1 %m_axis_spikes_V_dest_V, i32 1" [src/snn_top_hls.cpp:863]   --->   Operation 379 'nbwritereq' 'tmp_3' <Predicate = true> <Delay = 1.29> <CoreInst = "regslice">   --->   Core 135 'regslice' <Latency = 0> <II = 1> <Delay = 1.86> <Adapter> <Opcode : 'read' 'write'>
ST_13 : Operation 380 [1/1] (0.00ns)   --->   "%store_ln865 = store i1 %empty_63, i1 %p_phi16" [src/snn_top_hls.cpp:865]   --->   Operation 380 'store' 'store_ln865' <Predicate = true> <Delay = 0.00>
ST_13 : Operation 381 [1/1] (0.00ns)   --->   "%store_ln865 = store i1 %tmp_3, i1 %p_phi17" [src/snn_top_hls.cpp:865]   --->   Operation 381 'store' 'store_ln865' <Predicate = true> <Delay = 0.00>
ST_13 : Operation 382 [1/1] (0.00ns)   --->   "%br_ln865 = br i1 %spike_out_valid_read, void %if.end292, void %land.lhs.true258" [src/snn_top_hls.cpp:865]   --->   Operation 382 'br' 'br_ln865' <Predicate = true> <Delay = 0.00>
ST_13 : Operation 383 [1/1] ( I:1.29ns O:1.29ns )   --->   "%tmp_2 = nbwritereq i1 @_ssdm_op_NbWriteReq.axis.i32P0A.i4P0A.i4P0A.i1P0A.i1P0A.i1P0A.i1P0A, i32 %m_axis_spikes_V_data_V, i4 %m_axis_spikes_V_keep_V, i4 %m_axis_spikes_V_strb_V, i1 %m_axis_spikes_V_user_V, i1 %m_axis_spikes_V_last_V, i1 %m_axis_spikes_V_id_V, i1 %m_axis_spikes_V_dest_V, i32 1" [src/snn_top_hls.cpp:865]   --->   Operation 383 'nbwritereq' 'tmp_2' <Predicate = (spike_out_valid_read)> <Delay = 1.29> <CoreInst = "regslice">   --->   Core 135 'regslice' <Latency = 0> <II = 1> <Delay = 1.86> <Adapter> <Opcode : 'read' 'write'>
ST_13 : Operation 384 [1/1] (0.00ns)   --->   "%br_ln865 = br i1 %tmp_2, void %if.end292, void %if.then260" [src/snn_top_hls.cpp:865]   --->   Operation 384 'br' 'br_ln865' <Predicate = (spike_out_valid_read)> <Delay = 0.00>
ST_13 : Operation 385 [1/1] (0.00ns)   --->   "%timestamp_load_3 = load i32 %timestamp" [src/snn_top_hls.cpp:873]   --->   Operation 385 'load' 'timestamp_load_3' <Predicate = (spike_out_valid_read & tmp_2)> <Delay = 0.00>
ST_13 : Operation 386 [1/1] (0.00ns)   --->   "%trunc_ln873 = trunc i32 %timestamp_load_3" [src/snn_top_hls.cpp:873]   --->   Operation 386 'trunc' 'trunc_ln873' <Predicate = (spike_out_valid_read & tmp_2)> <Delay = 0.00>
ST_13 : Operation 387 [1/1] (0.00ns)   --->   "%out_pkt_data = bitconcatenate i32 @_ssdm_op_BitConcatenate.i32.i14.i8.i10, i14 %trunc_ln873, i8 %spike_out_weight_read, i10 %zext_ln866" [src/snn_top_hls.cpp:873]   --->   Operation 387 'bitconcatenate' 'out_pkt_data' <Predicate = (spike_out_valid_read & tmp_2)> <Delay = 0.00>
ST_13 : Operation 388 [2/2] (1.29ns)   --->   "%write_ln880 = write void @_ssdm_op_Write.axis.volatile.i32P0A.i4P0A.i4P0A.i1P0A.i1P0A.i1P0A.i1P0A, i32 %m_axis_spikes_V_data_V, i4 %m_axis_spikes_V_keep_V, i4 %m_axis_spikes_V_strb_V, i1 %m_axis_spikes_V_user_V, i1 %m_axis_spikes_V_last_V, i1 %m_axis_spikes_V_id_V, i1 %m_axis_spikes_V_dest_V, i32 %out_pkt_data, i4 15, i4 15, i1 0, i1 1, i1 0, i1 0" [src/snn_top_hls.cpp:880]   --->   Operation 388 'write' 'write_ln880' <Predicate = (spike_out_valid_read & tmp_2)> <Delay = 1.29> <CoreInst = "regslice">   --->   Core 135 'regslice' <Latency = 0> <II = 1> <Delay = 1.86> <Adapter> <Opcode : 'read' 'write'>

State 14 <SV = 13> <Delay = 4.39>
ST_14 : Operation 389 [1/2] ( I:1.29ns O:1.29ns )   --->   "%write_ln880 = write void @_ssdm_op_Write.axis.volatile.i32P0A.i4P0A.i4P0A.i1P0A.i1P0A.i1P0A.i1P0A, i32 %m_axis_spikes_V_data_V, i4 %m_axis_spikes_V_keep_V, i4 %m_axis_spikes_V_strb_V, i1 %m_axis_spikes_V_user_V, i1 %m_axis_spikes_V_last_V, i1 %m_axis_spikes_V_id_V, i1 %m_axis_spikes_V_dest_V, i32 %out_pkt_data, i4 15, i4 15, i1 0, i1 1, i1 0, i1 0" [src/snn_top_hls.cpp:880]   --->   Operation 389 'write' 'write_ln880' <Predicate = true> <Delay = 1.29> <CoreInst = "regslice">   --->   Core 135 'regslice' <Latency = 0> <II = 1> <Delay = 1.86> <Adapter> <Opcode : 'read' 'write'>
ST_14 : Operation 390 [1/1] (0.00ns)   --->   "%br_ln882 = br i1 %stdp_active, void %if.end291, void %if.then287" [src/snn_top_hls.cpp:882]   --->   Operation 390 'br' 'br_ln882' <Predicate = true> <Delay = 0.00>
ST_14 : Operation 391 [1/1] (0.00ns)   --->   "%trunc_ln883 = trunc i32 %timestamp_load_3" [src/snn_top_hls.cpp:883]   --->   Operation 391 'trunc' 'trunc_ln883' <Predicate = (stdp_active)> <Delay = 0.00>
ST_14 : Operation 392 [2/2] (4.39ns)   --->   "%call_ln883 = call void @process_post_spike_aer, i8 %spike_out_neuron_id_read, i16 %trunc_ln883, i8 %post_traces_trace_0, i8 %post_traces_trace_1, i16 %post_traces_last_spike_time_0, i16 %post_traces_last_spike_time_1, i8 %EXP_DECAY_LUT, i8 %pre_traces_trace_1, i16 %pre_traces_last_spike_time_1, i8 %pre_traces_trace_0, i16 %pre_traces_last_spike_time_0, i8 %p_ZL13weight_memory_0, i8 %p_ZL13weight_memory_1" [src/snn_top_hls.cpp:883]   --->   Operation 392 'call' 'call_ln883' <Predicate = (stdp_active)> <Delay = 4.39> <CoreType = "Generic">   --->   Generic Core
ST_14 : Operation 393 [2/2] (3.25ns)   --->   "%p_ZL16post_eligibility_0_load = load i7 %p_ZL16post_eligibility_0_addr" [src/snn_top_hls.cpp:548->src/snn_top_hls.cpp:884]   --->   Operation 393 'load' 'p_ZL16post_eligibility_0_load' <Predicate = (stdp_active & !trunc_ln548)> <Delay = 3.25> <CoreInst = "RAM_2P_BRAM">   --->   Core 90 'RAM_2P_BRAM' <Latency = 1> <II = 1> <Delay = 3.25> <Storage> <Opcode : 'load' 'store'> <Ports = 2> <Width = 8> <Depth = 128> <RAM>
ST_14 : Operation 394 [2/2] (3.25ns)   --->   "%p_ZL16post_eligibility_1_load = load i7 %p_ZL16post_eligibility_1_addr" [src/snn_top_hls.cpp:548->src/snn_top_hls.cpp:884]   --->   Operation 394 'load' 'p_ZL16post_eligibility_1_load' <Predicate = (stdp_active & trunc_ln548)> <Delay = 3.25> <CoreInst = "RAM_2P_BRAM">   --->   Core 90 'RAM_2P_BRAM' <Latency = 1> <II = 1> <Delay = 3.25> <Storage> <Opcode : 'load' 'store'> <Ports = 2> <Width = 8> <Depth = 128> <RAM>

State 15 <SV = 14> <Delay = 6.41>
ST_15 : Operation 395 [1/2] (0.00ns)   --->   "%call_ln883 = call void @process_post_spike_aer, i8 %spike_out_neuron_id_read, i16 %trunc_ln883, i8 %post_traces_trace_0, i8 %post_traces_trace_1, i16 %post_traces_last_spike_time_0, i16 %post_traces_last_spike_time_1, i8 %EXP_DECAY_LUT, i8 %pre_traces_trace_1, i16 %pre_traces_last_spike_time_1, i8 %pre_traces_trace_0, i16 %pre_traces_last_spike_time_0, i8 %p_ZL13weight_memory_0, i8 %p_ZL13weight_memory_1" [src/snn_top_hls.cpp:883]   --->   Operation 395 'call' 'call_ln883' <Predicate = true> <Delay = 0.00> <CoreType = "Generic">   --->   Generic Core
ST_15 : Operation 396 [1/2] ( I:3.25ns O:3.25ns )   --->   "%p_ZL16post_eligibility_0_load = load i7 %p_ZL16post_eligibility_0_addr" [src/snn_top_hls.cpp:548->src/snn_top_hls.cpp:884]   --->   Operation 396 'load' 'p_ZL16post_eligibility_0_load' <Predicate = (!trunc_ln548)> <Delay = 3.25> <CoreInst = "RAM_2P_BRAM">   --->   Core 90 'RAM_2P_BRAM' <Latency = 1> <II = 1> <Delay = 3.25> <Storage> <Opcode : 'load' 'store'> <Ports = 2> <Width = 8> <Depth = 128> <RAM>
ST_15 : Operation 397 [1/2] ( I:3.25ns O:3.25ns )   --->   "%p_ZL16post_eligibility_1_load = load i7 %p_ZL16post_eligibility_1_addr" [src/snn_top_hls.cpp:548->src/snn_top_hls.cpp:884]   --->   Operation 397 'load' 'p_ZL16post_eligibility_1_load' <Predicate = (trunc_ln548)> <Delay = 3.25> <CoreInst = "RAM_2P_BRAM">   --->   Core 90 'RAM_2P_BRAM' <Latency = 1> <II = 1> <Delay = 3.25> <Storage> <Opcode : 'load' 'store'> <Ports = 2> <Width = 8> <Depth = 128> <RAM>
ST_15 : Operation 398 [1/1] (1.24ns)   --->   "%select_ln548 = select i1 %trunc_ln548, i8 %p_ZL16post_eligibility_1_load, i8 %p_ZL16post_eligibility_0_load" [src/snn_top_hls.cpp:548->src/snn_top_hls.cpp:884]   --->   Operation 398 'select' 'select_ln548' <Predicate = true> <Delay = 1.24> <CoreInst = "Sel">   --->   Core 73 'Sel' <Latency = 0> <II = 1> <Delay = 1.24> <FuncUnit> <Opcode : 'select'> <InPorts = 3> <OutPorts = 1>
ST_15 : Operation 399 [1/1] (0.00ns)   --->   "%sext_ln548 = sext i8 %select_ln548" [src/snn_top_hls.cpp:548->src/snn_top_hls.cpp:884]   --->   Operation 399 'sext' 'sext_ln548' <Predicate = true> <Delay = 0.00>
ST_15 : Operation 400 [1/1] (1.91ns)   --->   "%new_elig_1 = add i9 %sext_ln548, i9 32" [src/snn_top_hls.cpp:548->src/snn_top_hls.cpp:884]   --->   Operation 400 'add' 'new_elig_1' <Predicate = true> <Delay = 1.91> <CoreInst = "Adder">   --->   Core 1 'Adder' <Latency = 0> <II = 1> <Delay = 1.82> <FuncUnit> <Opcode : 'add' 'sub'> <InPorts = 2> <OutPorts = 1>
ST_15 : Operation 401 [1/1] (0.00ns)   --->   "%tmp_19 = partselect i2 @_ssdm_op_PartSelect.i2.i9.i32.i32, i9 %new_elig_1, i32 7, i32 8" [src/snn_top_hls.cpp:549->src/snn_top_hls.cpp:884]   --->   Operation 401 'partselect' 'tmp_19' <Predicate = true> <Delay = 0.00>
ST_15 : Operation 402 [1/1] (0.00ns)   --->   "%trunc_ln549 = trunc i9 %new_elig_1" [src/snn_top_hls.cpp:549->src/snn_top_hls.cpp:884]   --->   Operation 402 'trunc' 'trunc_ln549' <Predicate = true> <Delay = 0.00>

State 16 <SV = 15> <Delay = 6.06>
ST_16 : Operation 403 [1/1] (1.56ns)   --->   "%icmp_ln549 = icmp_eq  i2 %tmp_19, i2 1" [src/snn_top_hls.cpp:549->src/snn_top_hls.cpp:884]   --->   Operation 403 'icmp' 'icmp_ln549' <Predicate = (stdp_active & spike_out_valid_read & tmp_2)> <Delay = 1.56> <CoreInst = "Cmp">   --->   Core 9 'Cmp' <Latency = 0> <II = 1> <Delay = 1.56> <FuncUnit> <Opcode : 'seteq' 'setne' 'setle' 'setge' 'setlt' 'setgt'> <InPorts = 2> <OutPorts = 1>
ST_16 : Operation 404 [1/1] (1.24ns)   --->   "%select_ln549 = select i1 %icmp_ln549, i8 127, i8 %trunc_ln549" [src/snn_top_hls.cpp:549->src/snn_top_hls.cpp:884]   --->   Operation 404 'select' 'select_ln549' <Predicate = (stdp_active & spike_out_valid_read & tmp_2)> <Delay = 1.24> <CoreInst = "Sel">   --->   Core 73 'Sel' <Latency = 0> <II = 1> <Delay = 1.24> <FuncUnit> <Opcode : 'select'> <InPorts = 3> <OutPorts = 1>
ST_16 : Operation 405 [1/1] (0.00ns)   --->   "%br_ln549 = br i1 %trunc_ln548, void %V1.i32.i1025.case.0, void %V1.i32.i1025.case.1" [src/snn_top_hls.cpp:549->src/snn_top_hls.cpp:884]   --->   Operation 405 'br' 'br_ln549' <Predicate = (stdp_active & spike_out_valid_read & tmp_2)> <Delay = 0.00>
ST_16 : Operation 406 [1/1] ( I:3.25ns O:3.25ns )   --->   "%store_ln549 = store i8 %select_ln549, i7 %p_ZL16post_eligibility_0_addr" [src/snn_top_hls.cpp:549->src/snn_top_hls.cpp:884]   --->   Operation 406 'store' 'store_ln549' <Predicate = (stdp_active & spike_out_valid_read & tmp_2 & !trunc_ln548)> <Delay = 3.25> <CoreInst = "RAM_2P_BRAM">   --->   Core 90 'RAM_2P_BRAM' <Latency = 1> <II = 1> <Delay = 3.25> <Storage> <Opcode : 'load' 'store'> <Ports = 2> <Width = 8> <Depth = 128> <RAM>
ST_16 : Operation 407 [1/1] (0.00ns)   --->   "%br_ln549 = br void %V1.i32.i1025.exit" [src/snn_top_hls.cpp:549->src/snn_top_hls.cpp:884]   --->   Operation 407 'br' 'br_ln549' <Predicate = (stdp_active & spike_out_valid_read & tmp_2 & !trunc_ln548)> <Delay = 0.00>
ST_16 : Operation 408 [1/1] ( I:3.25ns O:3.25ns )   --->   "%store_ln549 = store i8 %select_ln549, i7 %p_ZL16post_eligibility_1_addr" [src/snn_top_hls.cpp:549->src/snn_top_hls.cpp:884]   --->   Operation 408 'store' 'store_ln549' <Predicate = (stdp_active & spike_out_valid_read & tmp_2 & trunc_ln548)> <Delay = 3.25> <CoreInst = "RAM_2P_BRAM">   --->   Core 90 'RAM_2P_BRAM' <Latency = 1> <II = 1> <Delay = 3.25> <Storage> <Opcode : 'load' 'store'> <Ports = 2> <Width = 8> <Depth = 128> <RAM>
ST_16 : Operation 409 [1/1] (0.00ns)   --->   "%br_ln549 = br void %V1.i32.i1025.exit" [src/snn_top_hls.cpp:549->src/snn_top_hls.cpp:884]   --->   Operation 409 'br' 'br_ln549' <Predicate = (stdp_active & spike_out_valid_read & tmp_2 & trunc_ln548)> <Delay = 0.00>
ST_16 : Operation 410 [1/1] (0.00ns)   --->   "%br_ln885 = br void %if.end291" [src/snn_top_hls.cpp:885]   --->   Operation 410 'br' 'br_ln885' <Predicate = (stdp_active & spike_out_valid_read & tmp_2)> <Delay = 0.00>
ST_16 : Operation 411 [1/1] (0.00ns)   --->   "%br_ln886 = br void %if.end292" [src/snn_top_hls.cpp:886]   --->   Operation 411 'br' 'br_ln886' <Predicate = (spike_out_valid_read & tmp_2)> <Delay = 0.00>
ST_16 : Operation 412 [1/1] (0.00ns)   --->   "%p_load = load i1 %empty_59" [src/snn_top_hls.cpp:889]   --->   Operation 412 'load' 'p_load' <Predicate = true> <Delay = 0.00>
ST_16 : Operation 413 [1/1] (0.97ns)   --->   "%and_ln889_1 = and i1 %p_load, i1 %xor_ln889" [src/snn_top_hls.cpp:889]   --->   Operation 413 'and' 'and_ln889_1' <Predicate = true> <Delay = 0.97> <CoreInst = "LogicGate">   --->   Core 74 'LogicGate' <Latency = 0> <II = 1> <Delay = 0.97> <FuncUnit> <Opcode : 'and' 'or' 'xor'> <InPorts = 2> <OutPorts = 1>
ST_16 : Operation 414 [1/1] (0.00ns)   --->   "%br_ln889 = br i1 %or_ln889, void %if.then295, void %if.end292.if.end298_crit_edge" [src/snn_top_hls.cpp:889]   --->   Operation 414 'br' 'br_ln889' <Predicate = true> <Delay = 0.00>
ST_16 : Operation 415 [1/1] (1.70ns)   --->   "%store_ln889 = store i1 %and_ln889_1, i1 %empty_59" [src/snn_top_hls.cpp:889]   --->   Operation 415 'store' 'store_ln889' <Predicate = (or_ln889)> <Delay = 1.70>
ST_16 : Operation 416 [1/1] (0.00ns)   --->   "%br_ln889 = br void %if.end298" [src/snn_top_hls.cpp:889]   --->   Operation 416 'br' 'br_ln889' <Predicate = (or_ln889)> <Delay = 0.00>

State 17 <SV = 16> <Delay = 6.48>
ST_17 : Operation 417 [2/2] (6.48ns)   --->   "%call_ln890 = call void @apply_rstdp_reward, i8 %reward_signal_read, i1 %learning_params_rstdp_enable, i8 %p_ZL15pre_eligibility_0, i8 %p_ZL15pre_eligibility_1, i8 %p_ZL16post_eligibility_0, i8 %p_ZL16post_eligibility_1, i8 %p_ZL13weight_memory_0, i8 %p_ZL13weight_memory_1" [src/snn_top_hls.cpp:890]   --->   Operation 417 'call' 'call_ln890' <Predicate = true> <Delay = 6.48> <CoreType = "Generic">   --->   Generic Core

State 18 <SV = 17> <Delay = 0.00>
ST_18 : Operation 418 [1/2] (0.00ns)   --->   "%call_ln890 = call void @apply_rstdp_reward, i8 %reward_signal_read, i1 %learning_params_rstdp_enable, i8 %p_ZL15pre_eligibility_0, i8 %p_ZL15pre_eligibility_1, i8 %p_ZL16post_eligibility_0, i8 %p_ZL16post_eligibility_1, i8 %p_ZL13weight_memory_0, i8 %p_ZL13weight_memory_1" [src/snn_top_hls.cpp:890]   --->   Operation 418 'call' 'call_ln890' <Predicate = true> <Delay = 0.00> <CoreType = "Generic">   --->   Generic Core

State 19 <SV = 18> <Delay = 0.00>
ST_19 : Operation 419 [2/2] (0.00ns)   --->   "%call_ln891 = call void @decay_eligibility_traces, i8 %p_ZL15pre_eligibility_0, i8 %p_ZL15pre_eligibility_1, i8 %p_ZL16post_eligibility_0, i8 %p_ZL16post_eligibility_1" [src/snn_top_hls.cpp:891]   --->   Operation 419 'call' 'call_ln891' <Predicate = true> <Delay = 0.00> <CoreType = "Generic">   --->   Generic Core

State 20 <SV = 19> <Delay = 3.50>
ST_20 : Operation 420 [1/2] (0.00ns)   --->   "%call_ln891 = call void @decay_eligibility_traces, i8 %p_ZL15pre_eligibility_0, i8 %p_ZL15pre_eligibility_1, i8 %p_ZL16post_eligibility_0, i8 %p_ZL16post_eligibility_1" [src/snn_top_hls.cpp:891]   --->   Operation 420 'call' 'call_ln891' <Predicate = (!or_ln889)> <Delay = 0.00> <CoreType = "Generic">   --->   Generic Core
ST_20 : Operation 421 [1/1] (1.70ns)   --->   "%store_ln0 = store i1 1, i1 %empty_59"   --->   Operation 421 'store' 'store_ln0' <Predicate = (!or_ln889)> <Delay = 1.70>
ST_20 : Operation 422 [1/1] (0.00ns)   --->   "%br_ln892 = br void %if.end298" [src/snn_top_hls.cpp:892]   --->   Operation 422 'br' 'br_ln892' <Predicate = (!or_ln889)> <Delay = 0.00>
ST_20 : Operation 423 [1/1] (0.00ns)   --->   "%br_ln895 = br i1 %or_ln895, void %if.end345, void %land.lhs.true300" [src/snn_top_hls.cpp:895]   --->   Operation 423 'br' 'br_ln895' <Predicate = true> <Delay = 0.00>
ST_20 : Operation 424 [1/1] ( I:1.29ns O:1.29ns )   --->   "%tmp_6 = nbwritereq i1 @_ssdm_op_NbWriteReq.axis.i32P0A.i4P0A.i4P0A.i1P0A.i1P0A.i1P0A.i1P0A, i32 %m_axis_weights_V_data_V, i4 %m_axis_weights_V_keep_V, i4 %m_axis_weights_V_strb_V, i1 %m_axis_weights_V_user_V, i1 %m_axis_weights_V_last_V, i1 %m_axis_weights_V_id_V, i1 %m_axis_weights_V_dest_V, i32 1" [src/snn_top_hls.cpp:895]   --->   Operation 424 'nbwritereq' 'tmp_6' <Predicate = (or_ln895)> <Delay = 1.29> <CoreInst = "regslice">   --->   Core 135 'regslice' <Latency = 0> <II = 1> <Delay = 1.86> <Adapter> <Opcode : 'read' 'write'>
ST_20 : Operation 425 [1/1] (0.00ns)   --->   "%br_ln895 = br i1 %tmp_6, void %if.end345, void %if.then302" [src/snn_top_hls.cpp:895]   --->   Operation 425 'br' 'br_ln895' <Predicate = (or_ln895)> <Delay = 0.00>
ST_20 : Operation 426 [1/1] (0.00ns)   --->   "%checkpoint_col_load = load i8 %checkpoint_col" [src/snn_top_hls.cpp:899]   --->   Operation 426 'load' 'checkpoint_col_load' <Predicate = (or_ln895 & tmp_6)> <Delay = 0.00>
ST_20 : Operation 427 [1/1] (0.00ns)   --->   "%trunc_ln900 = trunc i8 %checkpoint_col_load" [src/snn_top_hls.cpp:900]   --->   Operation 427 'trunc' 'trunc_ln900' <Predicate = (or_ln895 & tmp_6)> <Delay = 0.00>
ST_20 : Operation 428 [1/1] (0.00ns)   --->   "%lshr_ln7 = partselect i7 @_ssdm_op_PartSelect.i7.i8.i32.i32, i8 %checkpoint_col_load, i32 1, i32 7" [src/snn_top_hls.cpp:900]   --->   Operation 428 'partselect' 'lshr_ln7' <Predicate = (or_ln895 & tmp_6)> <Delay = 0.00>
ST_20 : Operation 429 [1/1] (0.00ns)   --->   "%zext_ln900 = zext i7 %lshr_ln7" [src/snn_top_hls.cpp:900]   --->   Operation 429 'zext' 'zext_ln900' <Predicate = (or_ln895 & tmp_6)> <Delay = 0.00>
ST_20 : Operation 430 [1/1] (0.00ns)   --->   "%p_ZL13weight_memory_0_addr = getelementptr i8 %p_ZL13weight_memory_0, i64 0, i64 %zext_ln900" [src/snn_top_hls.cpp:900]   --->   Operation 430 'getelementptr' 'p_ZL13weight_memory_0_addr' <Predicate = (or_ln895 & tmp_6)> <Delay = 0.00>
ST_20 : Operation 431 [1/1] (0.00ns)   --->   "%p_ZL13weight_memory_1_addr = getelementptr i8 %p_ZL13weight_memory_1, i64 0, i64 %zext_ln900" [src/snn_top_hls.cpp:900]   --->   Operation 431 'getelementptr' 'p_ZL13weight_memory_1_addr' <Predicate = (or_ln895 & tmp_6)> <Delay = 0.00>
ST_20 : Operation 432 [2/2] (3.25ns)   --->   "%p_ZL13weight_memory_0_load = load i15 %p_ZL13weight_memory_0_addr" [src/snn_top_hls.cpp:900]   --->   Operation 432 'load' 'p_ZL13weight_memory_0_load' <Predicate = (or_ln895 & tmp_6)> <Delay = 3.25> <CoreInst = "RAM_2P_BRAM">   --->   Core 90 'RAM_2P_BRAM' <Latency = 1> <II = 1> <Delay = 3.25> <Storage> <Opcode : 'load' 'store'> <Ports = 2> <Width = 8> <Depth = 32768> <RAM>
ST_20 : Operation 433 [2/2] (3.25ns)   --->   "%p_ZL13weight_memory_1_load = load i15 %p_ZL13weight_memory_1_addr" [src/snn_top_hls.cpp:900]   --->   Operation 433 'load' 'p_ZL13weight_memory_1_load' <Predicate = (or_ln895 & tmp_6)> <Delay = 3.25> <CoreInst = "RAM_2P_BRAM">   --->   Core 90 'RAM_2P_BRAM' <Latency = 1> <II = 1> <Delay = 3.25> <Storage> <Opcode : 'load' 'store'> <Ports = 2> <Width = 8> <Depth = 32768> <RAM>
ST_20 : Operation 434 [1/1] (1.91ns)   --->   "%add_ln909 = add i8 %checkpoint_col_load, i8 1" [src/snn_top_hls.cpp:909]   --->   Operation 434 'add' 'add_ln909' <Predicate = (or_ln895 & tmp_6)> <Delay = 1.91> <CoreInst = "Adder">   --->   Core 1 'Adder' <Latency = 0> <II = 1> <Delay = 1.91> <FuncUnit> <Opcode : 'add' 'sub'> <InPorts = 2> <OutPorts = 1>
ST_20 : Operation 435 [1/1] (1.58ns)   --->   "%store_ln909 = store i8 %add_ln909, i8 %checkpoint_col" [src/snn_top_hls.cpp:909]   --->   Operation 435 'store' 'store_ln909' <Predicate = (or_ln895 & tmp_6)> <Delay = 1.58>

State 21 <SV = 20> <Delay = 5.79>
ST_21 : Operation 436 [1/2] ( I:3.25ns O:3.25ns )   --->   "%p_ZL13weight_memory_0_load = load i15 %p_ZL13weight_memory_0_addr" [src/snn_top_hls.cpp:900]   --->   Operation 436 'load' 'p_ZL13weight_memory_0_load' <Predicate = true> <Delay = 3.25> <CoreInst = "RAM_2P_BRAM">   --->   Core 90 'RAM_2P_BRAM' <Latency = 1> <II = 1> <Delay = 3.25> <Storage> <Opcode : 'load' 'store'> <Ports = 2> <Width = 8> <Depth = 32768> <RAM>
ST_21 : Operation 437 [1/2] ( I:3.25ns O:3.25ns )   --->   "%p_ZL13weight_memory_1_load = load i15 %p_ZL13weight_memory_1_addr" [src/snn_top_hls.cpp:900]   --->   Operation 437 'load' 'p_ZL13weight_memory_1_load' <Predicate = true> <Delay = 3.25> <CoreInst = "RAM_2P_BRAM">   --->   Core 90 'RAM_2P_BRAM' <Latency = 1> <II = 1> <Delay = 3.25> <Storage> <Opcode : 'load' 'store'> <Ports = 2> <Width = 8> <Depth = 32768> <RAM>
ST_21 : Operation 438 [1/1] (1.24ns)   --->   "%select_ln900 = select i1 %trunc_ln900, i8 %p_ZL13weight_memory_1_load, i8 %p_ZL13weight_memory_0_load" [src/snn_top_hls.cpp:900]   --->   Operation 438 'select' 'select_ln900' <Predicate = true> <Delay = 1.24> <CoreInst = "Sel">   --->   Core 73 'Sel' <Latency = 0> <II = 1> <Delay = 1.24> <FuncUnit> <Opcode : 'select'> <InPorts = 3> <OutPorts = 1>
ST_21 : Operation 439 [1/1] (0.00ns)   --->   "%tmp_7 = bitconcatenate i24 @_ssdm_op_BitConcatenate.i24.i8.i8.i8, i8 %select_ln900, i8 %checkpoint_col_load, i8 0" [src/snn_top_hls.cpp:900]   --->   Operation 439 'bitconcatenate' 'tmp_7' <Predicate = true> <Delay = 0.00>
ST_21 : Operation 440 [1/1] (0.00ns)   --->   "%zext_ln900_1 = zext i24 %tmp_7" [src/snn_top_hls.cpp:900]   --->   Operation 440 'zext' 'zext_ln900_1' <Predicate = true> <Delay = 0.00>
ST_21 : Operation 441 [2/2] (1.29ns)   --->   "%write_ln907 = write void @_ssdm_op_Write.axis.volatile.i32P0A.i4P0A.i4P0A.i1P0A.i1P0A.i1P0A.i1P0A, i32 %m_axis_weights_V_data_V, i4 %m_axis_weights_V_keep_V, i4 %m_axis_weights_V_strb_V, i1 %m_axis_weights_V_user_V, i1 %m_axis_weights_V_last_V, i1 %m_axis_weights_V_id_V, i1 %m_axis_weights_V_dest_V, i32 %zext_ln900_1, i4 15, i4 15, i1 0, i1 0, i1 0, i1 0" [src/snn_top_hls.cpp:907]   --->   Operation 441 'write' 'write_ln907' <Predicate = true> <Delay = 1.29> <CoreInst = "regslice">   --->   Core 135 'regslice' <Latency = 0> <II = 1> <Delay = 1.86> <Adapter> <Opcode : 'read' 'write'>

State 22 <SV = 21> <Delay = 4.14>
ST_22 : Operation 442 [1/2] ( I:1.29ns O:1.29ns )   --->   "%write_ln907 = write void @_ssdm_op_Write.axis.volatile.i32P0A.i4P0A.i4P0A.i1P0A.i1P0A.i1P0A.i1P0A, i32 %m_axis_weights_V_data_V, i4 %m_axis_weights_V_keep_V, i4 %m_axis_weights_V_strb_V, i1 %m_axis_weights_V_user_V, i1 %m_axis_weights_V_last_V, i1 %m_axis_weights_V_id_V, i1 %m_axis_weights_V_dest_V, i32 %zext_ln900_1, i4 15, i4 15, i1 0, i1 0, i1 0, i1 0" [src/snn_top_hls.cpp:907]   --->   Operation 442 'write' 'write_ln907' <Predicate = (or_ln895 & tmp_6)> <Delay = 1.29> <CoreInst = "regslice">   --->   Core 135 'regslice' <Latency = 0> <II = 1> <Delay = 1.86> <Adapter> <Opcode : 'read' 'write'>
ST_22 : Operation 443 [1/1] (0.00ns)   --->   "%br_ln917 = br void %if.end345" [src/snn_top_hls.cpp:917]   --->   Operation 443 'br' 'br_ln917' <Predicate = (or_ln895 & tmp_6)> <Delay = 0.00>
ST_22 : Operation 444 [1/1] (0.00ns)   --->   "%br_ln919 = br i1 %enable, void %for.inc349, void %if.then346" [src/snn_top_hls.cpp:919]   --->   Operation 444 'br' 'br_ln919' <Predicate = true> <Delay = 0.00>
ST_22 : Operation 445 [1/1] (0.00ns)   --->   "%timestamp_load_4 = load i32 %timestamp" [src/snn_top_hls.cpp:920]   --->   Operation 445 'load' 'timestamp_load_4' <Predicate = (enable)> <Delay = 0.00>
ST_22 : Operation 446 [1/1] (2.55ns)   --->   "%add_ln920 = add i32 %timestamp_load_4, i32 1" [src/snn_top_hls.cpp:920]   --->   Operation 446 'add' 'add_ln920' <Predicate = (enable)> <Delay = 2.55> <CoreInst = "Adder">   --->   Core 1 'Adder' <Latency = 0> <II = 1> <Delay = 2.55> <FuncUnit> <Opcode : 'add' 'sub'> <InPorts = 2> <OutPorts = 1>
ST_22 : Operation 447 [1/1] (1.58ns)   --->   "%store_ln920 = store i32 %add_ln920, i32 %timestamp" [src/snn_top_hls.cpp:920]   --->   Operation 447 'store' 'store_ln920' <Predicate = (enable)> <Delay = 1.58>
ST_22 : Operation 448 [1/1] (0.00ns)   --->   "%br_ln921 = br void %for.inc349" [src/snn_top_hls.cpp:921]   --->   Operation 448 'br' 'br_ln921' <Predicate = (enable)> <Delay = 0.00>
ST_22 : Operation 449 [1/1] (1.58ns)   --->   "%store_ln814 = store i16 %t_2, i16 %t" [src/snn_top_hls.cpp:814]   --->   Operation 449 'store' 'store_ln814' <Predicate = true> <Delay = 1.58>
ST_22 : Operation 450 [1/1] (0.00ns)   --->   "%store_ln847 = store i8 %empty_61, i8 %p_phi" [src/snn_top_hls.cpp:847]   --->   Operation 450 'store' 'store_ln847' <Predicate = true> <Delay = 0.00>
ST_22 : Operation 451 [1/1] (0.00ns)   --->   "%store_ln846 = store i8 %empty_62, i8 %p_phi15" [src/snn_top_hls.cpp:846]   --->   Operation 451 'store' 'store_ln846' <Predicate = true> <Delay = 0.00>
ST_22 : Operation 452 [1/1] (0.00ns)   --->   "%br_ln814 = br void %for.body211" [src/snn_top_hls.cpp:814]   --->   Operation 452 'br' 'br_ln814' <Predicate = true> <Delay = 0.00>

State 23 <SV = 8> <Delay = 0.00>
ST_23 : Operation 453 [1/2] (0.00ns)   --->   "%call_ln0 = call void @snn_top_hls_Pipeline_WEIGHT_SUM, i14 %weight_sum_loc, i8 %p_ZL13weight_memory_0, i8 %p_ZL13weight_memory_1"   --->   Operation 453 'call' 'call_ln0' <Predicate = true> <Delay = 0.00> <CoreType = "Generic">   --->   Generic Core

State 24 <SV = 9> <Delay = 1.00>
ST_24 : Operation 454 [1/1] (0.00ns)   --->   "%p_load73 = load i1 %empty_59" [src/snn_top_hls.cpp:941]   --->   Operation 454 'load' 'p_load73' <Predicate = true> <Delay = 0.00>
ST_24 : Operation 455 [1/1] (0.00ns)   --->   "%status = bitconcatenate i8 @_ssdm_op_BitConcatenate.i8.i2.i1.i1.i1.i1.i1.i1, i2 %op_mode, i1 %encoder_enable, i1 %p_load73, i1 0, i1 %stdp_active, i1 %snn_busy_read, i1 %snn_ready_read" [src/snn_top_hls.cpp:941]   --->   Operation 455 'bitconcatenate' 'status' <Predicate = true> <Delay = 0.00>
ST_24 : Operation 456 [1/1] (0.00ns)   --->   "%zext_ln941 = zext i8 %status" [src/snn_top_hls.cpp:941]   --->   Operation 456 'zext' 'zext_ln941' <Predicate = true> <Delay = 0.00>
ST_24 : Operation 457 [1/1] (1.00ns)   --->   "%write_ln943 = write void @_ssdm_op_Write.s_axilite.i32P0A, i32 %status_reg, i32 %zext_ln941" [src/snn_top_hls.cpp:943]   --->   Operation 457 'write' 'write_ln943' <Predicate = true> <Delay = 1.00> <CoreInst = "s_axilite">   --->   Core 112 's_axilite' <Latency = 0> <II = 1> <Delay = 1.00> <Adapter> <Opcode : 'read' 'write'>
ST_24 : Operation 458 [1/1] (0.00ns)   --->   "%spike_counter_load = load i32 %spike_counter" [src/snn_top_hls.cpp:944]   --->   Operation 458 'load' 'spike_counter_load' <Predicate = true> <Delay = 0.00>
ST_24 : Operation 459 [1/1] (1.00ns)   --->   "%write_ln944 = write void @_ssdm_op_Write.s_axilite.i32P0A, i32 %spike_count_reg, i32 %spike_counter_load" [src/snn_top_hls.cpp:944]   --->   Operation 459 'write' 'write_ln944' <Predicate = true> <Delay = 1.00> <CoreInst = "s_axilite">   --->   Core 112 's_axilite' <Latency = 0> <II = 1> <Delay = 1.00> <Adapter> <Opcode : 'read' 'write'>
ST_24 : Operation 460 [1/1] (1.00ns)   --->   "%write_ln945 = write void @_ssdm_op_Write.s_axilite.i32P0A, i32 %version_reg, i32 539300357" [src/snn_top_hls.cpp:945]   --->   Operation 460 'write' 'write_ln945' <Predicate = true> <Delay = 1.00> <CoreInst = "s_axilite">   --->   Core 112 's_axilite' <Latency = 0> <II = 1> <Delay = 1.00> <Adapter> <Opcode : 'read' 'write'>
ST_24 : Operation 461 [1/1] (0.00ns)   --->   "%weight_sum_loc_load = load i14 %weight_sum_loc"   --->   Operation 461 'load' 'weight_sum_loc_load' <Predicate = true> <Delay = 0.00>
ST_24 : Operation 462 [1/1] (0.00ns)   --->   "%sext_ln949 = sext i14 %weight_sum_loc_load" [src/snn_top_hls.cpp:949]   --->   Operation 462 'sext' 'sext_ln949' <Predicate = true> <Delay = 0.00>
ST_24 : Operation 463 [1/1] (1.00ns)   --->   "%write_ln955 = write void @_ssdm_op_Write.s_axilite.i32P0A, i32 %weight_sum_reg, i32 %sext_ln949" [src/snn_top_hls.cpp:955]   --->   Operation 463 'write' 'write_ln955' <Predicate = true> <Delay = 1.00> <CoreInst = "s_axilite">   --->   Core 112 's_axilite' <Latency = 0> <II = 1> <Delay = 1.00> <Adapter> <Opcode : 'read' 'write'>

State 25 <SV = 10> <Delay = 0.00>

State 26 <SV = 11> <Delay = 0.00>

State 27 <SV = 12> <Delay = 0.00>

State 28 <SV = 13> <Delay = 0.00>

State 29 <SV = 14> <Delay = 0.00>

State 30 <SV = 15> <Delay = 0.00>

State 31 <SV = 16> <Delay = 0.00>

State 32 <SV = 17> <Delay = 0.00>

State 33 <SV = 18> <Delay = 0.00>

State 34 <SV = 19> <Delay = 0.00>

State 35 <SV = 20> <Delay = 0.00>
ST_35 : Operation 464 [1/1] (0.00ns)   --->   "%ret_ln956 = ret" [src/snn_top_hls.cpp:956]   --->   Operation 464 'ret' 'ret_ln956' <Predicate = true> <Delay = 0.00>


============================================================
+ Verbose Summary: Binding
============================================================
STG Binding: 
---------------- STG Properties BEGIN ----------------
- Is combinational: 0
- Is one-state seq: 0
- Is datapath-only: 0
- Is pipelined: 0
- Is top level: 1
Port [ Return ] is wired: 1; IO mode=ap_ctrl_hs:ce=0
Port [ ctrl_reg]:  wired=1; compound=0; hidden=0; nouse=0; global=0; static=0; extern=0; dir=0; type=0; pingpong=0; private_global=0; IO mode=ap_none:ce=0
Port [ config_reg]:  wired=1; compound=0; hidden=0; nouse=0; global=0; static=0; extern=0; dir=0; type=0; pingpong=0; private_global=0; IO mode=ap_none:ce=0
Port [ mode_reg]:  wired=1; compound=0; hidden=0; nouse=0; global=0; static=0; extern=0; dir=0; type=0; pingpong=0; private_global=0; IO mode=ap_none:ce=0
Port [ time_steps_reg]:  wired=1; compound=0; hidden=0; nouse=0; global=0; static=0; extern=0; dir=0; type=0; pingpong=0; private_global=0; IO mode=ap_none:ce=0
Port [ learning_params]:  wired=1; compound=0; hidden=0; nouse=0; global=0; static=0; extern=0; dir=0; type=0; pingpong=0; private_global=0; IO mode=ap_none:ce=0
Port [ encoder_config]:  wired=1; compound=0; hidden=0; nouse=0; global=0; static=0; extern=0; dir=0; type=0; pingpong=0; private_global=0; IO mode=ap_none:ce=0
Port [ status_reg]:  wired=1; compound=0; hidden=0; nouse=0; global=0; static=0; extern=0; dir=1; type=0; pingpong=0; private_global=0; IO mode=ap_vld:ce=0
Port [ spike_count_reg]:  wired=1; compound=0; hidden=0; nouse=0; global=0; static=0; extern=0; dir=1; type=0; pingpong=0; private_global=0; IO mode=ap_vld:ce=0
Port [ weight_sum_reg]:  wired=1; compound=0; hidden=0; nouse=0; global=0; static=0; extern=0; dir=1; type=0; pingpong=0; private_global=0; IO mode=ap_vld:ce=0
Port [ version_reg]:  wired=1; compound=0; hidden=0; nouse=0; global=0; static=0; extern=0; dir=1; type=0; pingpong=0; private_global=0; IO mode=ap_vld:ce=0
Port [ s_axis_spikes_V_data_V]:  wired=1; compound=1; hidden=0; nouse=0; global=0; static=0; extern=0; dir=0; type=0; pingpong=0; private_global=0; IO mode=axis:ce=0
Port [ s_axis_spikes_V_keep_V]:  wired=1; compound=1; hidden=0; nouse=0; global=0; static=0; extern=0; dir=0; type=0; pingpong=0; private_global=0; IO mode=axis:ce=0
Port [ s_axis_spikes_V_strb_V]:  wired=1; compound=1; hidden=0; nouse=0; global=0; static=0; extern=0; dir=0; type=0; pingpong=0; private_global=0; IO mode=axis:ce=0
Port [ s_axis_spikes_V_user_V]:  wired=1; compound=1; hidden=0; nouse=0; global=0; static=0; extern=0; dir=0; type=0; pingpong=0; private_global=0; IO mode=axis:ce=0
Port [ s_axis_spikes_V_last_V]:  wired=1; compound=1; hidden=0; nouse=0; global=0; static=0; extern=0; dir=0; type=0; pingpong=0; private_global=0; IO mode=axis:ce=0
Port [ s_axis_spikes_V_id_V]:  wired=1; compound=1; hidden=0; nouse=0; global=0; static=0; extern=0; dir=0; type=0; pingpong=0; private_global=0; IO mode=axis:ce=0
Port [ s_axis_spikes_V_dest_V]:  wired=1; compound=1; hidden=0; nouse=0; global=0; static=0; extern=0; dir=0; type=0; pingpong=0; private_global=0; IO mode=axis:ce=0
Port [ s_axis_data_V_data_V]:  wired=1; compound=1; hidden=0; nouse=0; global=0; static=0; extern=0; dir=0; type=0; pingpong=0; private_global=0; IO mode=axis:ce=0
Port [ s_axis_data_V_keep_V]:  wired=1; compound=1; hidden=0; nouse=0; global=0; static=0; extern=0; dir=0; type=0; pingpong=0; private_global=0; IO mode=axis:ce=0
Port [ s_axis_data_V_strb_V]:  wired=1; compound=1; hidden=0; nouse=0; global=0; static=0; extern=0; dir=0; type=0; pingpong=0; private_global=0; IO mode=axis:ce=0
Port [ s_axis_data_V_user_V]:  wired=1; compound=1; hidden=0; nouse=0; global=0; static=0; extern=0; dir=0; type=0; pingpong=0; private_global=0; IO mode=axis:ce=0
Port [ s_axis_data_V_last_V]:  wired=1; compound=1; hidden=0; nouse=0; global=0; static=0; extern=0; dir=0; type=0; pingpong=0; private_global=0; IO mode=axis:ce=0
Port [ s_axis_data_V_id_V]:  wired=1; compound=1; hidden=0; nouse=0; global=0; static=0; extern=0; dir=0; type=0; pingpong=0; private_global=0; IO mode=axis:ce=0
Port [ s_axis_data_V_dest_V]:  wired=1; compound=1; hidden=0; nouse=0; global=0; static=0; extern=0; dir=0; type=0; pingpong=0; private_global=0; IO mode=axis:ce=0
Port [ s_axis_weights_V_data_V]:  wired=1; compound=1; hidden=0; nouse=0; global=0; static=0; extern=0; dir=0; type=0; pingpong=0; private_global=0; IO mode=axis:ce=0
Port [ s_axis_weights_V_keep_V]:  wired=1; compound=1; hidden=0; nouse=0; global=0; static=0; extern=0; dir=0; type=0; pingpong=0; private_global=0; IO mode=axis:ce=0
Port [ s_axis_weights_V_strb_V]:  wired=1; compound=1; hidden=0; nouse=0; global=0; static=0; extern=0; dir=0; type=0; pingpong=0; private_global=0; IO mode=axis:ce=0
Port [ s_axis_weights_V_user_V]:  wired=1; compound=1; hidden=0; nouse=0; global=0; static=0; extern=0; dir=0; type=0; pingpong=0; private_global=0; IO mode=axis:ce=0
Port [ s_axis_weights_V_last_V]:  wired=1; compound=1; hidden=0; nouse=0; global=0; static=0; extern=0; dir=0; type=0; pingpong=0; private_global=0; IO mode=axis:ce=0
Port [ s_axis_weights_V_id_V]:  wired=1; compound=1; hidden=0; nouse=0; global=0; static=0; extern=0; dir=0; type=0; pingpong=0; private_global=0; IO mode=axis:ce=0
Port [ s_axis_weights_V_dest_V]:  wired=1; compound=1; hidden=0; nouse=0; global=0; static=0; extern=0; dir=0; type=0; pingpong=0; private_global=0; IO mode=axis:ce=0
Port [ m_axis_spikes_V_data_V]:  wired=1; compound=1; hidden=0; nouse=0; global=0; static=0; extern=0; dir=1; type=0; pingpong=0; private_global=0; IO mode=axis:ce=0
Port [ m_axis_spikes_V_keep_V]:  wired=1; compound=1; hidden=0; nouse=0; global=0; static=0; extern=0; dir=1; type=0; pingpong=0; private_global=0; IO mode=axis:ce=0
Port [ m_axis_spikes_V_strb_V]:  wired=1; compound=1; hidden=0; nouse=0; global=0; static=0; extern=0; dir=1; type=0; pingpong=0; private_global=0; IO mode=axis:ce=0
Port [ m_axis_spikes_V_user_V]:  wired=1; compound=1; hidden=0; nouse=0; global=0; static=0; extern=0; dir=1; type=0; pingpong=0; private_global=0; IO mode=axis:ce=0
Port [ m_axis_spikes_V_last_V]:  wired=1; compound=1; hidden=0; nouse=0; global=0; static=0; extern=0; dir=1; type=0; pingpong=0; private_global=0; IO mode=axis:ce=0
Port [ m_axis_spikes_V_id_V]:  wired=1; compound=1; hidden=0; nouse=0; global=0; static=0; extern=0; dir=1; type=0; pingpong=0; private_global=0; IO mode=axis:ce=0
Port [ m_axis_spikes_V_dest_V]:  wired=1; compound=1; hidden=0; nouse=0; global=0; static=0; extern=0; dir=1; type=0; pingpong=0; private_global=0; IO mode=axis:ce=0
Port [ m_axis_weights_V_data_V]:  wired=1; compound=1; hidden=0; nouse=0; global=0; static=0; extern=0; dir=1; type=0; pingpong=0; private_global=0; IO mode=axis:ce=0
Port [ m_axis_weights_V_keep_V]:  wired=1; compound=1; hidden=0; nouse=0; global=0; static=0; extern=0; dir=1; type=0; pingpong=0; private_global=0; IO mode=axis:ce=0
Port [ m_axis_weights_V_strb_V]:  wired=1; compound=1; hidden=0; nouse=0; global=0; static=0; extern=0; dir=1; type=0; pingpong=0; private_global=0; IO mode=axis:ce=0
Port [ m_axis_weights_V_user_V]:  wired=1; compound=1; hidden=0; nouse=0; global=0; static=0; extern=0; dir=1; type=0; pingpong=0; private_global=0; IO mode=axis:ce=0
Port [ m_axis_weights_V_last_V]:  wired=1; compound=1; hidden=0; nouse=0; global=0; static=0; extern=0; dir=1; type=0; pingpong=0; private_global=0; IO mode=axis:ce=0
Port [ m_axis_weights_V_id_V]:  wired=1; compound=1; hidden=0; nouse=0; global=0; static=0; extern=0; dir=1; type=0; pingpong=0; private_global=0; IO mode=axis:ce=0
Port [ m_axis_weights_V_dest_V]:  wired=1; compound=1; hidden=0; nouse=0; global=0; static=0; extern=0; dir=1; type=0; pingpong=0; private_global=0; IO mode=axis:ce=0
Port [ reward_signal]:  wired=1; compound=0; hidden=0; nouse=0; global=0; static=0; extern=0; dir=0; type=0; pingpong=0; private_global=0; IO mode=ap_none:ce=0
Port [ spike_in_valid]:  wired=1; compound=0; hidden=0; nouse=0; global=0; static=0; extern=0; dir=1; type=0; pingpong=0; private_global=0; IO mode=ap_none:ce=0
Port [ spike_in_neuron_id]:  wired=1; compound=0; hidden=0; nouse=0; global=0; static=0; extern=0; dir=1; type=0; pingpong=0; private_global=0; IO mode=ap_none:ce=0
Port [ spike_in_weight]:  wired=1; compound=0; hidden=0; nouse=0; global=0; static=0; extern=0; dir=1; type=0; pingpong=0; private_global=0; IO mode=ap_none:ce=0
Port [ spike_in_ready]:  wired=1; compound=0; hidden=0; nouse=0; global=0; static=0; extern=0; dir=0; type=0; pingpong=0; private_global=0; IO mode=ap_none:ce=0
Port [ spike_out_valid]:  wired=1; compound=0; hidden=0; nouse=0; global=0; static=0; extern=0; dir=0; type=0; pingpong=0; private_global=0; IO mode=ap_none:ce=0
Port [ spike_out_neuron_id]:  wired=1; compound=0; hidden=0; nouse=0; global=0; static=0; extern=0; dir=0; type=0; pingpong=0; private_global=0; IO mode=ap_none:ce=0
Port [ spike_out_weight]:  wired=1; compound=0; hidden=0; nouse=0; global=0; static=0; extern=0; dir=0; type=0; pingpong=0; private_global=0; IO mode=ap_none:ce=0
Port [ spike_out_ready]:  wired=1; compound=0; hidden=0; nouse=0; global=0; static=0; extern=0; dir=1; type=0; pingpong=0; private_global=0; IO mode=ap_none:ce=0
Port [ snn_enable]:  wired=1; compound=0; hidden=0; nouse=0; global=0; static=0; extern=0; dir=1; type=0; pingpong=0; private_global=0; IO mode=ap_none:ce=0
Port [ snn_reset]:  wired=1; compound=0; hidden=0; nouse=0; global=0; static=0; extern=0; dir=1; type=0; pingpong=0; private_global=0; IO mode=ap_none:ce=0
Port [ threshold_out]:  wired=1; compound=0; hidden=0; nouse=0; global=0; static=0; extern=0; dir=1; type=0; pingpong=0; private_global=0; IO mode=ap_none:ce=0
Port [ leak_rate_out]:  wired=1; compound=0; hidden=0; nouse=0; global=0; static=0; extern=0; dir=1; type=0; pingpong=0; private_global=0; IO mode=ap_none:ce=0
Port [ snn_ready]:  wired=1; compound=0; hidden=0; nouse=0; global=0; static=0; extern=0; dir=0; type=0; pingpong=0; private_global=0; IO mode=ap_none:ce=0
Port [ snn_busy]:  wired=1; compound=0; hidden=0; nouse=0; global=0; static=0; extern=0; dir=0; type=0; pingpong=0; private_global=0; IO mode=ap_none:ce=0
Port [ initialized]:  wired=0; compound=0; hidden=1; nouse=0; global=1; static=1; extern=0; dir=2; type=0; pingpong=0; private_global=1; IO mode=ap_ovld:ce=0
Port [ last_mode]:  wired=0; compound=0; hidden=1; nouse=0; global=1; static=1; extern=0; dir=2; type=0; pingpong=0; private_global=1; IO mode=ap_ovld:ce=0
Port [ timestamp]:  wired=0; compound=0; hidden=1; nouse=0; global=1; static=1; extern=0; dir=2; type=0; pingpong=0; private_global=1; IO mode=ap_ovld:ce=0
Port [ spike_counter]:  wired=0; compound=0; hidden=1; nouse=0; global=1; static=1; extern=0; dir=2; type=0; pingpong=0; private_global=1; IO mode=ap_ovld:ce=0
Port [ encoder_spike_counter]:  wired=0; compound=0; hidden=1; nouse=0; global=1; static=1; extern=0; dir=2; type=0; pingpong=0; private_global=1; IO mode=ap_ovld:ce=0
Port [ checkpoint_col]:  wired=0; compound=0; hidden=1; nouse=0; global=1; static=1; extern=0; dir=2; type=0; pingpong=0; private_global=1; IO mode=ap_ovld:ce=0
Port [ encoder_frame_loaded]:  wired=0; compound=0; hidden=1; nouse=0; global=1; static=1; extern=0; dir=2; type=0; pingpong=0; private_global=1; IO mode=ap_ovld:ce=0
Port [ p_ZL22encoder_temporal_fired_0]:  wired=0; compound=1; hidden=1; nouse=0; global=1; static=1; extern=0; dir=2; type=1; pingpong=0; private_global=1; MemPort=[12]; IO mode=ap_memory:ce=0
Port [ p_ZL22encoder_temporal_start_0]:  wired=0; compound=1; hidden=1; nouse=0; global=1; static=1; extern=0; dir=2; type=1; pingpong=0; private_global=1; MemPort=[10]; IO mode=ap_memory:ce=0
Port [ p_ZL22encoder_temporal_fired_1]:  wired=0; compound=1; hidden=1; nouse=0; global=1; static=1; extern=0; dir=2; type=1; pingpong=0; private_global=1; MemPort=[12]; IO mode=ap_memory:ce=0
Port [ p_ZL22encoder_temporal_start_1]:  wired=0; compound=1; hidden=1; nouse=0; global=1; static=1; extern=0; dir=2; type=1; pingpong=0; private_global=1; MemPort=[10]; IO mode=ap_memory:ce=0
Port [ p_ZL15pre_eligibility_0]:  wired=0; compound=1; hidden=1; nouse=0; global=1; static=1; extern=0; dir=2; type=1; pingpong=0; private_global=1; MemPort=[10]; IO mode=ap_memory:ce=0
Port [ p_ZL16post_eligibility_0]:  wired=0; compound=1; hidden=1; nouse=0; global=1; static=1; extern=0; dir=2; type=1; pingpong=0; private_global=1; MemPort=[10]; IO mode=ap_memory:ce=0
Port [ p_ZL15pre_eligibility_1]:  wired=0; compound=1; hidden=1; nouse=0; global=1; static=1; extern=0; dir=2; type=1; pingpong=0; private_global=1; MemPort=[10]; IO mode=ap_memory:ce=0
Port [ p_ZL16post_eligibility_1]:  wired=0; compound=1; hidden=1; nouse=0; global=1; static=1; extern=0; dir=2; type=1; pingpong=0; private_global=1; MemPort=[10]; IO mode=ap_memory:ce=0
Port [ pre_traces_trace_0]:  wired=0; compound=1; hidden=1; nouse=0; global=1; static=1; extern=0; dir=2; type=1; pingpong=0; private_global=1; MemPort=[10]; IO mode=ap_memory:ce=0
Port [ pre_traces_last_spike_time_0]:  wired=0; compound=1; hidden=1; nouse=0; global=1; static=1; extern=0; dir=2; type=1; pingpong=0; private_global=1; MemPort=[10]; IO mode=ap_memory:ce=0
Port [ post_traces_trace_0]:  wired=0; compound=1; hidden=1; nouse=0; global=1; static=1; extern=0; dir=2; type=1; pingpong=0; private_global=1; MemPort=[10]; IO mode=ap_memory:ce=0
Port [ post_traces_last_spike_time_0]:  wired=0; compound=1; hidden=1; nouse=0; global=1; static=1; extern=0; dir=2; type=1; pingpong=0; private_global=1; MemPort=[10]; IO mode=ap_memory:ce=0
Port [ pre_traces_trace_1]:  wired=0; compound=1; hidden=1; nouse=0; global=1; static=1; extern=0; dir=2; type=1; pingpong=0; private_global=1; MemPort=[10]; IO mode=ap_memory:ce=0
Port [ pre_traces_last_spike_time_1]:  wired=0; compound=1; hidden=1; nouse=0; global=1; static=1; extern=0; dir=2; type=1; pingpong=0; private_global=1; MemPort=[10]; IO mode=ap_memory:ce=0
Port [ post_traces_trace_1]:  wired=0; compound=1; hidden=1; nouse=0; global=1; static=1; extern=0; dir=2; type=1; pingpong=0; private_global=1; MemPort=[10]; IO mode=ap_memory:ce=0
Port [ post_traces_last_spike_time_1]:  wired=0; compound=1; hidden=1; nouse=0; global=1; static=1; extern=0; dir=2; type=1; pingpong=0; private_global=1; MemPort=[10]; IO mode=ap_memory:ce=0
Port [ p_ZL17encoder_phase_acc_0]:  wired=0; compound=1; hidden=1; nouse=0; global=1; static=1; extern=0; dir=2; type=1; pingpong=0; private_global=1; MemPort=[10]; IO mode=ap_memory:ce=0
Port [ p_ZL17encoder_phase_acc_1]:  wired=0; compound=1; hidden=1; nouse=0; global=1; static=1; extern=0; dir=2; type=1; pingpong=0; private_global=1; MemPort=[10]; IO mode=ap_memory:ce=0
Port [ latency_window_counter]:  wired=0; compound=0; hidden=1; nouse=0; global=1; static=1; extern=0; dir=2; type=0; pingpong=0; private_global=1; IO mode=ap_ovld:ce=0
Port [ p_ZL13weight_memory_0]:  wired=0; compound=1; hidden=1; nouse=0; global=1; static=1; extern=0; dir=2; type=1; pingpong=0; private_global=1; MemPort=[12]; IO mode=ap_memory:ce=0
Port [ p_ZL13weight_memory_1]:  wired=0; compound=1; hidden=1; nouse=0; global=1; static=1; extern=0; dir=2; type=1; pingpong=0; private_global=1; MemPort=[12]; IO mode=ap_memory:ce=0
Port [ p_ZL13encoder_frame_0]:  wired=0; compound=1; hidden=1; nouse=0; global=1; static=1; extern=0; dir=2; type=1; pingpong=0; private_global=1; MemPort=[20]; IO mode=ap_memory:ce=0
Port [ p_ZL13encoder_frame_1]:  wired=0; compound=1; hidden=1; nouse=0; global=1; static=1; extern=0; dir=2; type=1; pingpong=0; private_global=1; MemPort=[20]; IO mode=ap_memory:ce=0
Port [ lfsr]:  wired=0; compound=0; hidden=1; nouse=1; global=1; static=1; extern=0; dir=2; type=0; pingpong=0; private_global=0; IO mode=ap_ovld:ce=0
Port [ EXP_DECAY_LUT]:  wired=0; compound=1; hidden=1; nouse=0; global=1; static=1; extern=0; dir=0; type=1; pingpong=0; private_global=1; MemPort=[1]; IO mode=ap_memory:ce=0
---------------- STG Properties END ------------------

---------------- Datapath Model BEGIN ----------------

<LifeTime>
<method=bitvector/>
snn_busy_read                    (read               ) [ 001111111111111111111111100000000000]
snn_ready_read                   (read               ) [ 001111111111111111111111100000000000]
spike_out_weight_read            (read               ) [ 001111111111111111111110000000000000]
spike_out_neuron_id_read         (read               ) [ 001111111111111111111110000000000000]
spike_out_valid_read             (read               ) [ 001111111111111111111110000000000000]
spike_in_ready_read              (read               ) [ 001111110000000000000000000000000000]
reward_signal_read               (read               ) [ 001111111111111111111110000000000000]
encoder_config_read              (read               ) [ 000000000000000000000000000000000000]
learning_params_read             (read               ) [ 000000000000000000000000000000000000]
time_steps_reg_read              (read               ) [ 000000000000000000000000000000000000]
mode_reg_read                    (read               ) [ 000000000000000000000000000000000000]
config_reg_read                  (read               ) [ 000000000000000000000000000000000000]
ctrl_reg_read                    (read               ) [ 000000000000000000000000000000000000]
weight_sum_loc                   (alloca             ) [ 001111111111111111111111100000000000]
spectopmodule_ln555              (spectopmodule      ) [ 000000000000000000000000000000000000]
specbitsmap_ln0                  (specbitsmap        ) [ 000000000000000000000000000000000000]
specinterface_ln0                (specinterface      ) [ 000000000000000000000000000000000000]
specinterface_ln0                (specinterface      ) [ 000000000000000000000000000000000000]
specbitsmap_ln0                  (specbitsmap        ) [ 000000000000000000000000000000000000]
specinterface_ln0                (specinterface      ) [ 000000000000000000000000000000000000]
specinterface_ln0                (specinterface      ) [ 000000000000000000000000000000000000]
specbitsmap_ln0                  (specbitsmap        ) [ 000000000000000000000000000000000000]
specinterface_ln0                (specinterface      ) [ 000000000000000000000000000000000000]
specinterface_ln0                (specinterface      ) [ 000000000000000000000000000000000000]
specbitsmap_ln0                  (specbitsmap        ) [ 000000000000000000000000000000000000]
specinterface_ln0                (specinterface      ) [ 000000000000000000000000000000000000]
specinterface_ln0                (specinterface      ) [ 000000000000000000000000000000000000]
specbitsmap_ln0                  (specbitsmap        ) [ 000000000000000000000000000000000000]
specinterface_ln0                (specinterface      ) [ 000000000000000000000000000000000000]
specinterface_ln0                (specinterface      ) [ 000000000000000000000000000000000000]
specbitsmap_ln0                  (specbitsmap        ) [ 000000000000000000000000000000000000]
specinterface_ln0                (specinterface      ) [ 000000000000000000000000000000000000]
specinterface_ln0                (specinterface      ) [ 000000000000000000000000000000000000]
specbitsmap_ln0                  (specbitsmap        ) [ 000000000000000000000000000000000000]
specinterface_ln0                (specinterface      ) [ 000000000000000000000000000000000000]
specinterface_ln0                (specinterface      ) [ 000000000000000000000000000000000000]
specbitsmap_ln0                  (specbitsmap        ) [ 000000000000000000000000000000000000]
specinterface_ln0                (specinterface      ) [ 000000000000000000000000000000000000]
specinterface_ln0                (specinterface      ) [ 000000000000000000000000000000000000]
specbitsmap_ln0                  (specbitsmap        ) [ 000000000000000000000000000000000000]
specinterface_ln0                (specinterface      ) [ 000000000000000000000000000000000000]
specinterface_ln0                (specinterface      ) [ 000000000000000000000000000000000000]
specbitsmap_ln0                  (specbitsmap        ) [ 000000000000000000000000000000000000]
specinterface_ln0                (specinterface      ) [ 000000000000000000000000000000000000]
specinterface_ln0                (specinterface      ) [ 000000000000000000000000000000000000]
specinterface_ln0                (specinterface      ) [ 000000000000000000000000000000000000]
specbitsmap_ln0                  (specbitsmap        ) [ 000000000000000000000000000000000000]
specbitsmap_ln0                  (specbitsmap        ) [ 000000000000000000000000000000000000]
specbitsmap_ln0                  (specbitsmap        ) [ 000000000000000000000000000000000000]
specbitsmap_ln0                  (specbitsmap        ) [ 000000000000000000000000000000000000]
specbitsmap_ln0                  (specbitsmap        ) [ 000000000000000000000000000000000000]
specbitsmap_ln0                  (specbitsmap        ) [ 000000000000000000000000000000000000]
specbitsmap_ln0                  (specbitsmap        ) [ 000000000000000000000000000000000000]
specinterface_ln0                (specinterface      ) [ 000000000000000000000000000000000000]
specbitsmap_ln0                  (specbitsmap        ) [ 000000000000000000000000000000000000]
specbitsmap_ln0                  (specbitsmap        ) [ 000000000000000000000000000000000000]
specbitsmap_ln0                  (specbitsmap        ) [ 000000000000000000000000000000000000]
specbitsmap_ln0                  (specbitsmap        ) [ 000000000000000000000000000000000000]
specbitsmap_ln0                  (specbitsmap        ) [ 000000000000000000000000000000000000]
specbitsmap_ln0                  (specbitsmap        ) [ 000000000000000000000000000000000000]
specbitsmap_ln0                  (specbitsmap        ) [ 000000000000000000000000000000000000]
specinterface_ln0                (specinterface      ) [ 000000000000000000000000000000000000]
specbitsmap_ln0                  (specbitsmap        ) [ 000000000000000000000000000000000000]
specbitsmap_ln0                  (specbitsmap        ) [ 000000000000000000000000000000000000]
specbitsmap_ln0                  (specbitsmap        ) [ 000000000000000000000000000000000000]
specbitsmap_ln0                  (specbitsmap        ) [ 000000000000000000000000000000000000]
specbitsmap_ln0                  (specbitsmap        ) [ 000000000000000000000000000000000000]
specbitsmap_ln0                  (specbitsmap        ) [ 000000000000000000000000000000000000]
specbitsmap_ln0                  (specbitsmap        ) [ 000000000000000000000000000000000000]
specinterface_ln0                (specinterface      ) [ 000000000000000000000000000000000000]
specbitsmap_ln0                  (specbitsmap        ) [ 000000000000000000000000000000000000]
specbitsmap_ln0                  (specbitsmap        ) [ 000000000000000000000000000000000000]
specbitsmap_ln0                  (specbitsmap        ) [ 000000000000000000000000000000000000]
specbitsmap_ln0                  (specbitsmap        ) [ 000000000000000000000000000000000000]
specbitsmap_ln0                  (specbitsmap        ) [ 000000000000000000000000000000000000]
specbitsmap_ln0                  (specbitsmap        ) [ 000000000000000000000000000000000000]
specbitsmap_ln0                  (specbitsmap        ) [ 000000000000000000000000000000000000]
specinterface_ln0                (specinterface      ) [ 000000000000000000000000000000000000]
specbitsmap_ln0                  (specbitsmap        ) [ 000000000000000000000000000000000000]
specbitsmap_ln0                  (specbitsmap        ) [ 000000000000000000000000000000000000]
specbitsmap_ln0                  (specbitsmap        ) [ 000000000000000000000000000000000000]
specbitsmap_ln0                  (specbitsmap        ) [ 000000000000000000000000000000000000]
specbitsmap_ln0                  (specbitsmap        ) [ 000000000000000000000000000000000000]
specbitsmap_ln0                  (specbitsmap        ) [ 000000000000000000000000000000000000]
specbitsmap_ln0                  (specbitsmap        ) [ 000000000000000000000000000000000000]
specbitsmap_ln0                  (specbitsmap        ) [ 000000000000000000000000000000000000]
specinterface_ln0                (specinterface      ) [ 000000000000000000000000000000000000]
specinterface_ln0                (specinterface      ) [ 000000000000000000000000000000000000]
specbitsmap_ln0                  (specbitsmap        ) [ 000000000000000000000000000000000000]
specinterface_ln0                (specinterface      ) [ 000000000000000000000000000000000000]
specbitsmap_ln0                  (specbitsmap        ) [ 000000000000000000000000000000000000]
specinterface_ln0                (specinterface      ) [ 000000000000000000000000000000000000]
specbitsmap_ln0                  (specbitsmap        ) [ 000000000000000000000000000000000000]
specinterface_ln0                (specinterface      ) [ 000000000000000000000000000000000000]
specbitsmap_ln0                  (specbitsmap        ) [ 000000000000000000000000000000000000]
specinterface_ln0                (specinterface      ) [ 000000000000000000000000000000000000]
specbitsmap_ln0                  (specbitsmap        ) [ 000000000000000000000000000000000000]
specinterface_ln0                (specinterface      ) [ 000000000000000000000000000000000000]
specbitsmap_ln0                  (specbitsmap        ) [ 000000000000000000000000000000000000]
specinterface_ln0                (specinterface      ) [ 000000000000000000000000000000000000]
specbitsmap_ln0                  (specbitsmap        ) [ 000000000000000000000000000000000000]
specinterface_ln0                (specinterface      ) [ 000000000000000000000000000000000000]
specbitsmap_ln0                  (specbitsmap        ) [ 000000000000000000000000000000000000]
specinterface_ln0                (specinterface      ) [ 000000000000000000000000000000000000]
specbitsmap_ln0                  (specbitsmap        ) [ 000000000000000000000000000000000000]
specinterface_ln0                (specinterface      ) [ 000000000000000000000000000000000000]
specbitsmap_ln0                  (specbitsmap        ) [ 000000000000000000000000000000000000]
specinterface_ln0                (specinterface      ) [ 000000000000000000000000000000000000]
specbitsmap_ln0                  (specbitsmap        ) [ 000000000000000000000000000000000000]
specinterface_ln0                (specinterface      ) [ 000000000000000000000000000000000000]
specbitsmap_ln0                  (specbitsmap        ) [ 000000000000000000000000000000000000]
specinterface_ln0                (specinterface      ) [ 000000000000000000000000000000000000]
specbitsmap_ln0                  (specbitsmap        ) [ 000000000000000000000000000000000000]
specinterface_ln0                (specinterface      ) [ 000000000000000000000000000000000000]
specbitsmap_ln0                  (specbitsmap        ) [ 000000000000000000000000000000000000]
specinterface_ln0                (specinterface      ) [ 000000000000000000000000000000000000]
specinterface_ln0                (specinterface      ) [ 000000000000000000000000000000000000]
encoder_spikes                   (alloca             ) [ 011111111111111111111110000000000000]
empty                            (specchannel        ) [ 000000000000000000000000000000000000]
specinterface_ln0                (specinterface      ) [ 000000000000000000000000000000000000]
learning_params_rstdp_enable     (bitselect          ) [ 001111111111111111111110000000000000]
encoder_config_encoding_type     (trunc              ) [ 001111111111111111111110000000000000]
encoder_config_two_neuron_enable (bitselect          ) [ 001111111111111111111110000000000000]
encoder_config_baseline          (partselect         ) [ 001111111111111111111110000000000000]
encoder_config_rate_scale        (partselect         ) [ 001111111111111111111110000000000000]
encoder_config_latency_window    (partselect         ) [ 001111111111111111111110000000000000]
encoder_config_delta_threshold   (partselect         ) [ 001111111111111111111110000000000000]
encoder_config_delta_decay       (partselect         ) [ 001111111111111111111110000000000000]
encoder_config_num_channels      (partselect         ) [ 001111111111111111111110000000000000]
encoder_config_default_weight    (partselect         ) [ 001111111111111111111110000000000000]
specmemcore_ln653                (specmemcore        ) [ 000000000000000000000000000000000000]
specmemcore_ln653                (specmemcore        ) [ 000000000000000000000000000000000000]
specmemcore_ln657                (specmemcore        ) [ 000000000000000000000000000000000000]
specmemcore_ln657                (specmemcore        ) [ 000000000000000000000000000000000000]
specmemcore_ln659                (specmemcore        ) [ 000000000000000000000000000000000000]
specmemcore_ln659                (specmemcore        ) [ 000000000000000000000000000000000000]
specmemcore_ln663                (specmemcore        ) [ 000000000000000000000000000000000000]
specmemcore_ln663                (specmemcore        ) [ 000000000000000000000000000000000000]
specmemcore_ln663                (specmemcore        ) [ 000000000000000000000000000000000000]
specmemcore_ln663                (specmemcore        ) [ 000000000000000000000000000000000000]
specmemcore_ln665                (specmemcore        ) [ 000000000000000000000000000000000000]
specmemcore_ln665                (specmemcore        ) [ 000000000000000000000000000000000000]
specmemcore_ln665                (specmemcore        ) [ 000000000000000000000000000000000000]
specmemcore_ln665                (specmemcore        ) [ 000000000000000000000000000000000000]
specmemcore_ln669                (specmemcore        ) [ 000000000000000000000000000000000000]
specmemcore_ln669                (specmemcore        ) [ 000000000000000000000000000000000000]
specmemcore_ln671                (specmemcore        ) [ 000000000000000000000000000000000000]
specmemcore_ln671                (specmemcore        ) [ 000000000000000000000000000000000000]
specmemcore_ln673                (specmemcore        ) [ 000000000000000000000000000000000000]
specmemcore_ln673                (specmemcore        ) [ 000000000000000000000000000000000000]
enable                           (trunc              ) [ 001111111111111111111110000000000000]
reset                            (bitselect          ) [ 001110000000000000000000000000000000]
clear_counters                   (bitselect          ) [ 001110000000000000000000000000000000]
learning_enable                  (bitselect          ) [ 000000000000000000000000000000000000]
weight_read_mode                 (bitselect          ) [ 001111110000000000000000000000000000]
apply_reward                     (bitselect          ) [ 001111110000000000000000000000000000]
weight_load_mode                 (bitselect          ) [ 001110000000000000000000000000000000]
op_mode                          (trunc              ) [ 001111111111111111111111100000000000]
encoder_enable                   (bitselect          ) [ 001111111111111111111111100000000000]
checkpoint_mode                  (icmp               ) [ 001111110000000000000000000000000000]
stdp_mode                        (icmp               ) [ 000000000000000000000000000000000000]
stdp_active                      (and                ) [ 001111111111111111111111100000000000]
icmp_ln703                       (icmp               ) [ 000000000000000000000000000000000000]
time_steps                       (trunc              ) [ 000000000000000000000000000000000000]
time_steps_1                     (select             ) [ 001111111111111111111110000000000000]
threshold                        (trunc              ) [ 001110000000000000000000000000000000]
leak_rate                        (partselect         ) [ 001110000000000000000000000000000000]
specaxissidechannel_ln711        (specaxissidechannel) [ 000000000000000000000000000000000000]
specaxissidechannel_ln711        (specaxissidechannel) [ 000000000000000000000000000000000000]
specaxissidechannel_ln711        (specaxissidechannel) [ 000000000000000000000000000000000000]
specaxissidechannel_ln711        (specaxissidechannel) [ 000000000000000000000000000000000000]
specaxissidechannel_ln711        (specaxissidechannel) [ 000000000000000000000000000000000000]
initialized_load                 (load               ) [ 001100000000000000000000000000000000]
last_mode_load                   (load               ) [ 011100000000000000000000000000000000]
xor_ln711                        (xor                ) [ 000000000000000000000000000000000000]
or_ln711                         (or                 ) [ 011100000000000000000000000000000000]
br_ln711                         (br                 ) [ 011100000000000000000000000000000000]
store_ln712                      (store              ) [ 000000000000000000000000000000000000]
store_ln713                      (store              ) [ 000000000000000000000000000000000000]
store_ln715                      (store              ) [ 000000000000000000000000000000000000]
store_ln718                      (store              ) [ 000000000000000000000000000000000000]
store_ln719                      (store              ) [ 000000000000000000000000000000000000]
store_ln742                      (store              ) [ 000000000000000000000000000000000000]
call_ln720                       (call               ) [ 000000000000000000000000000000000000]
call_ln0                         (call               ) [ 000000000000000000000000000000000000]
call_ln0                         (call               ) [ 000000000000000000000000000000000000]
call_ln0                         (call               ) [ 000000000000000000000000000000000000]
br_ln745                         (br                 ) [ 000000000000000000000000000000000000]
call_ln0                         (call               ) [ 000000000000000000000000000000000000]
store_ln753                      (store              ) [ 000000000000000000000000000000000000]
br_ln754                         (br                 ) [ 000000000000000000000000000000000000]
br_ln755                         (br                 ) [ 000000000000000000000000000000000000]
last_mode_loc_0                  (phi                ) [ 001111110000000000000000000000000000]
br_ln760                         (br                 ) [ 000000000000000000000000000000000000]
tmp                              (nbreadreq          ) [ 000110000000000000000000000000000000]
br_ln760                         (br                 ) [ 000000000000000000000000000000000000]
empty_58                         (read               ) [ 000000000000000000000000000000000000]
w_pkt_data                       (extractvalue       ) [ 000000000000000000000000000000000000]
weight_val                       (partselect         ) [ 000010000000000000000000000000000000]
tmp_17                           (bitselect          ) [ 000010000000000000000000000000000000]
lshr_ln4                         (partselect         ) [ 000000000000000000000000000000000000]
trunc_ln767                      (trunc              ) [ 000000000000000000000000000000000000]
tmp_5                            (bitconcatenate     ) [ 000000000000000000000000000000000000]
zext_ln767                       (zext               ) [ 000000000000000000000000000000000000]
p_ZL13weight_memory_0_addr_1     (getelementptr      ) [ 000010000000000000000000000000000000]
p_ZL13weight_memory_1_addr_1     (getelementptr      ) [ 000010000000000000000000000000000000]
br_ln767                         (br                 ) [ 000000000000000000000000000000000000]
store_ln767                      (store              ) [ 000000000000000000000000000000000000]
br_ln767                         (br                 ) [ 000000000000000000000000000000000000]
store_ln767                      (store              ) [ 000000000000000000000000000000000000]
br_ln767                         (br                 ) [ 000000000000000000000000000000000000]
br_ln769                         (br                 ) [ 000000000000000000000000000000000000]
br_ln771                         (br                 ) [ 000000000000000000000000000000000000]
store_ln772                      (store              ) [ 000000000000000000000000000000000000]
store_ln774                      (store              ) [ 000000000000000000000000000000000000]
br_ln775                         (br                 ) [ 000000000000000000000000000000000000]
write_ln780                      (write              ) [ 000000000000000000000000000000000000]
write_ln781                      (write              ) [ 000000000000000000000000000000000000]
write_ln782                      (write              ) [ 000000000000000000000000000000000000]
write_ln783                      (write              ) [ 000000000000000000000000000000000000]
br_ln786                         (br                 ) [ 000000000000000000000000000000000000]
encoder_frame_loaded_load        (load               ) [ 000011110000000000000000000000000000]
br_ln786                         (br                 ) [ 000000000000000000000000000000000000]
tmp_4                            (nbreadreq          ) [ 000011110000000000000000000000000000]
br_ln786                         (br                 ) [ 000000000000000000000000000000000000]
timestamp_load                   (load               ) [ 000000100000000000000000000000000000]
call_ln0                         (call               ) [ 000000000000000000000000000000000000]
call_ln799                       (call               ) [ 000000000000000000000000000000000000]
store_ln798                      (store              ) [ 000000000000000000000000000000000000]
br_ln800                         (br                 ) [ 000000000000000000000000000000000000]
icmp_ln803                       (icmp               ) [ 000000000000000000000000000000000000]
and_ln803                        (and                ) [ 000000010000000000000000000000000000]
br_ln803                         (br                 ) [ 000000000000000000000000000000000000]
store_ln805                      (store              ) [ 000000000000000000000000000000000000]
br_ln806                         (br                 ) [ 000000000000000000000000000000000000]
p_phi17                          (alloca             ) [ 000000001111111111111110000000000000]
p_phi16                          (alloca             ) [ 000000001111111111111110000000000000]
p_phi15                          (alloca             ) [ 000000001111111111111110000000000000]
p_phi                            (alloca             ) [ 000000001111111111111110000000000000]
t                                (alloca             ) [ 000000011111111111111110000000000000]
empty_59                         (alloca             ) [ 000000011111111111111111100000000000]
zext_ln866                       (zext               ) [ 000000001111111111111110000000000000]
trunc_ln548                      (trunc              ) [ 000000001111111111111110000000000000]
lshr_ln5                         (partselect         ) [ 000000000000000000000000000000000000]
zext_ln548                       (zext               ) [ 000000000000000000000000000000000000]
p_ZL16post_eligibility_0_addr    (getelementptr      ) [ 000000001111111111111110000000000000]
p_ZL16post_eligibility_1_addr    (getelementptr      ) [ 000000001111111111111110000000000000]
and_ln826                        (and                ) [ 000000001111111111111110000000000000]
and_ln889                        (and                ) [ 000000000000000000000000000000000000]
xor_ln889                        (xor                ) [ 000000001111111111111110000000000000]
or_ln895                         (or                 ) [ 000000001111111111111110000000000000]
xor_ln889_1                      (xor                ) [ 000000000000000000000000000000000000]
or_ln889                         (or                 ) [ 000000001111111111111110000000000000]
store_ln0                        (store              ) [ 000000000000000000000000000000000000]
store_ln814                      (store              ) [ 000000000000000000000000000000000000]
br_ln814                         (br                 ) [ 000000000000000000000000000000000000]
t_1                              (load               ) [ 000000000000000000000000000000000000]
icmp_ln814                       (icmp               ) [ 000000001111111111111110000000000000]
t_2                              (add                ) [ 000000000111111111111110000000000000]
br_ln814                         (br                 ) [ 000000000000000000000000000000000000]
speclooptripcount_ln814          (speclooptripcount  ) [ 000000000000000000000000000000000000]
specloopname_ln814               (specloopname       ) [ 000000000000000000000000000000000000]
br_ln817                         (br                 ) [ 000000000000000000000000000000000000]
encoder_frame_loaded_load_1      (load               ) [ 000000001111111111111110000000000000]
br_ln817                         (br                 ) [ 000000000000000000000000000000000000]
timestamp_load_1                 (load               ) [ 000000000100000000000000000000000000]
icmp_ln814_1                     (icmp               ) [ 000000001111111111111110000000000000]
br_ln814                         (br                 ) [ 000000000000000000000000000000000000]
p_phi17_load                     (load               ) [ 000000000000000000000000000000000000]
p_phi16_load                     (load               ) [ 000000000000000000000000000000000000]
p_phi15_load                     (load               ) [ 000000000000000000000000000000000000]
p_phi_load                       (load               ) [ 000000000000000000000000000000000000]
write_ln822                      (write              ) [ 000000000000000000000000000000000000]
write_ln823                      (write              ) [ 000000000000000000000000000000000000]
write_ln824                      (write              ) [ 000000000000000000000000000000000000]
write_ln863                      (write              ) [ 000000000000000000000000000000000000]
br_ln814                         (br                 ) [ 000000000000000000000000000000000000]
encoder_frame_loaded_load_2      (load               ) [ 000000001111111111111110000000000000]
br_ln925                         (br                 ) [ 000000000000000000000000000000000000]
store_ln926                      (store              ) [ 000000000000000000000000000000000000]
br_ln927                         (br                 ) [ 000000000000000000000000000000000000]
store_ln716                      (store              ) [ 000000000000000000000000000000000000]
call_ln818                       (call               ) [ 000000000000000000000000000000000000]
br_ln819                         (br                 ) [ 000000000000000000000000000000000000]
br_ln826                         (br                 ) [ 000000001111111111111110000000000000]
br_ln830                         (br                 ) [ 000000000000000000000000000000000000]
tmp_s                            (nbreadreq          ) [ 000000001111111111111110000000000000]
br_ln830                         (br                 ) [ 000000000000000000000000000000000000]
tmp_1                            (nbreadreq          ) [ 000000001111111111111110000000000000]
br_ln840                         (br                 ) [ 000000001111111111111110000000000000]
empty_60                         (read               ) [ 000000000000000000000000000000000000]
in_pkt_data_1                    (extractvalue       ) [ 000000000000000000000000000000000000]
trunc_ln827                      (trunc              ) [ 000000001111111111111110000000000000]
br_ln845                         (br                 ) [ 000000001111111111111110000000000000]
encoder_spikes_read              (read               ) [ 000000000000000000000000000000000000]
enc_word_data                    (trunc              ) [ 000000001111111111111110000000000000]
br_ln0                           (br                 ) [ 000000001111111111111110000000000000]
in_pkt_data_2                    (phi                ) [ 000000000001000000000000000000000000]
trunc_ln846                      (trunc              ) [ 000000001110111111111110000000000000]
weight                           (partselect         ) [ 000000001110111111111110000000000000]
br_ln853                         (br                 ) [ 000000000000000000000000000000000000]
timestamp_load_2                 (load               ) [ 000000000000000000000000000000000000]
trunc_ln854                      (trunc              ) [ 000000000000100000000000000000000000]
trunc_ln541                      (trunc              ) [ 000000001110111111111110000000000000]
lshr_ln6                         (partselect         ) [ 000000000000000000000000000000000000]
zext_ln541                       (zext               ) [ 000000000000000000000000000000000000]
p_ZL15pre_eligibility_0_addr     (getelementptr      ) [ 000000001110111111111110000000000000]
p_ZL15pre_eligibility_1_addr     (getelementptr      ) [ 000000001110111111111110000000000000]
call_ln854                       (call               ) [ 000000000000000000000000000000000000]
p_ZL15pre_eligibility_0_load     (load               ) [ 000000000000000000000000000000000000]
p_ZL15pre_eligibility_1_load     (load               ) [ 000000000000000000000000000000000000]
select_ln541                     (select             ) [ 000000000000000000000000000000000000]
sext_ln541                       (sext               ) [ 000000000000000000000000000000000000]
new_elig                         (add                ) [ 000000000000000000000000000000000000]
tmp_18                           (partselect         ) [ 000000001111011111111110000000000000]
trunc_ln542                      (trunc              ) [ 000000001111011111111110000000000000]
icmp_ln542                       (icmp               ) [ 000000000000000000000000000000000000]
select_ln542                     (select             ) [ 000000000000000000000000000000000000]
br_ln542                         (br                 ) [ 000000000000000000000000000000000000]
store_ln542                      (store              ) [ 000000000000000000000000000000000000]
br_ln542                         (br                 ) [ 000000000000000000000000000000000000]
store_ln542                      (store              ) [ 000000000000000000000000000000000000]
br_ln542                         (br                 ) [ 000000000000000000000000000000000000]
br_ln856                         (br                 ) [ 000000000000000000000000000000000000]
spike_counter_load_1             (load               ) [ 000000000000000000000000000000000000]
add_ln858                        (add                ) [ 000000000000000000000000000000000000]
store_ln858                      (store              ) [ 000000000000000000000000000000000000]
br_ln859                         (br                 ) [ 000000000000000000000000000000000000]
empty_61                         (phi                ) [ 000000000001111111111110000000000000]
empty_62                         (phi                ) [ 000000000001111111111110000000000000]
empty_63                         (phi                ) [ 000000000000010000000000000000000000]
tmp_3                            (nbwritereq         ) [ 000000000000000000000000000000000000]
store_ln865                      (store              ) [ 000000000000000000000000000000000000]
store_ln865                      (store              ) [ 000000000000000000000000000000000000]
br_ln865                         (br                 ) [ 000000000000000000000000000000000000]
tmp_2                            (nbwritereq         ) [ 000000001111111111111110000000000000]
br_ln865                         (br                 ) [ 000000000000000000000000000000000000]
timestamp_load_3                 (load               ) [ 000000000000001000000000000000000000]
trunc_ln873                      (trunc              ) [ 000000000000000000000000000000000000]
out_pkt_data                     (bitconcatenate     ) [ 000000000000001000000000000000000000]
write_ln880                      (write              ) [ 000000000000000000000000000000000000]
br_ln882                         (br                 ) [ 000000000000000000000000000000000000]
trunc_ln883                      (trunc              ) [ 000000000000000100000000000000000000]
call_ln883                       (call               ) [ 000000000000000000000000000000000000]
p_ZL16post_eligibility_0_load    (load               ) [ 000000000000000000000000000000000000]
p_ZL16post_eligibility_1_load    (load               ) [ 000000000000000000000000000000000000]
select_ln548                     (select             ) [ 000000000000000000000000000000000000]
sext_ln548                       (sext               ) [ 000000000000000000000000000000000000]
new_elig_1                       (add                ) [ 000000000000000000000000000000000000]
tmp_19                           (partselect         ) [ 000000001111111011111110000000000000]
trunc_ln549                      (trunc              ) [ 000000001111111011111110000000000000]
icmp_ln549                       (icmp               ) [ 000000000000000000000000000000000000]
select_ln549                     (select             ) [ 000000000000000000000000000000000000]
br_ln549                         (br                 ) [ 000000000000000000000000000000000000]
store_ln549                      (store              ) [ 000000000000000000000000000000000000]
br_ln549                         (br                 ) [ 000000000000000000000000000000000000]
store_ln549                      (store              ) [ 000000000000000000000000000000000000]
br_ln549                         (br                 ) [ 000000000000000000000000000000000000]
br_ln885                         (br                 ) [ 000000000000000000000000000000000000]
br_ln886                         (br                 ) [ 000000000000000000000000000000000000]
p_load                           (load               ) [ 000000000000000000000000000000000000]
and_ln889_1                      (and                ) [ 000000000000000000000000000000000000]
br_ln889                         (br                 ) [ 000000000000000000000000000000000000]
store_ln889                      (store              ) [ 000000000000000000000000000000000000]
br_ln889                         (br                 ) [ 000000000000000000000000000000000000]
call_ln890                       (call               ) [ 000000000000000000000000000000000000]
call_ln891                       (call               ) [ 000000000000000000000000000000000000]
store_ln0                        (store              ) [ 000000000000000000000000000000000000]
br_ln892                         (br                 ) [ 000000000000000000000000000000000000]
br_ln895                         (br                 ) [ 000000000000000000000000000000000000]
tmp_6                            (nbwritereq         ) [ 000000001111111111111110000000000000]
br_ln895                         (br                 ) [ 000000000000000000000000000000000000]
checkpoint_col_load              (load               ) [ 000000000000000000000100000000000000]
trunc_ln900                      (trunc              ) [ 000000000000000000000100000000000000]
lshr_ln7                         (partselect         ) [ 000000000000000000000000000000000000]
zext_ln900                       (zext               ) [ 000000000000000000000000000000000000]
p_ZL13weight_memory_0_addr       (getelementptr      ) [ 000000000000000000000100000000000000]
p_ZL13weight_memory_1_addr       (getelementptr      ) [ 000000000000000000000100000000000000]
add_ln909                        (add                ) [ 000000000000000000000000000000000000]
store_ln909                      (store              ) [ 000000000000000000000000000000000000]
p_ZL13weight_memory_0_load       (load               ) [ 000000000000000000000000000000000000]
p_ZL13weight_memory_1_load       (load               ) [ 000000000000000000000000000000000000]
select_ln900                     (select             ) [ 000000000000000000000000000000000000]
tmp_7                            (bitconcatenate     ) [ 000000000000000000000000000000000000]
zext_ln900_1                     (zext               ) [ 000000001111111111111010000000000000]
write_ln907                      (write              ) [ 000000000000000000000000000000000000]
br_ln917                         (br                 ) [ 000000000000000000000000000000000000]
br_ln919                         (br                 ) [ 000000000000000000000000000000000000]
timestamp_load_4                 (load               ) [ 000000000000000000000000000000000000]
add_ln920                        (add                ) [ 000000000000000000000000000000000000]
store_ln920                      (store              ) [ 000000000000000000000000000000000000]
br_ln921                         (br                 ) [ 000000000000000000000000000000000000]
store_ln814                      (store              ) [ 000000000000000000000000000000000000]
store_ln847                      (store              ) [ 000000000000000000000000000000000000]
store_ln846                      (store              ) [ 000000000000000000000000000000000000]
br_ln814                         (br                 ) [ 000000000000000000000000000000000000]
call_ln0                         (call               ) [ 000000000000000000000000000000000000]
p_load73                         (load               ) [ 000000000000000000000000000000000000]
status                           (bitconcatenate     ) [ 000000000000000000000000000000000000]
zext_ln941                       (zext               ) [ 000000000000000000000000000000000000]
write_ln943                      (write              ) [ 000000000000000000000000000000000000]
spike_counter_load               (load               ) [ 000000000000000000000000000000000000]
write_ln944                      (write              ) [ 000000000000000000000000000000000000]
write_ln945                      (write              ) [ 000000000000000000000000000000000000]
weight_sum_loc_load              (load               ) [ 000000000000000000000000000000000000]
sext_ln949                       (sext               ) [ 000000000000000000000000000000000000]
write_ln955                      (write              ) [ 000000000000000000000000000000000000]
ret_ln956                        (ret                ) [ 000000000000000000000000000000000000]
</LifeTime>

<model>

<comp_list>
<comp id="0" class="1000" name="ctrl_reg">
<pin_list>
<pin id="1" dir="1" index="0" bw="1" slack="0"/>
</pin_list>
<bind>
<StgValue><ssdm name="ctrl_reg"/></StgValue>
</bind>
</comp>

<comp id="2" class="1000" name="config_reg">
<pin_list>
<pin id="3" dir="1" index="0" bw="1" slack="0"/>
</pin_list>
<bind>
<StgValue><ssdm name="config_reg"/></StgValue>
</bind>
</comp>

<comp id="4" class="1000" name="mode_reg">
<pin_list>
<pin id="5" dir="1" index="0" bw="1" slack="0"/>
</pin_list>
<bind>
<StgValue><ssdm name="mode_reg"/></StgValue>
</bind>
</comp>

<comp id="6" class="1000" name="time_steps_reg">
<pin_list>
<pin id="7" dir="1" index="0" bw="1" slack="0"/>
</pin_list>
<bind>
<StgValue><ssdm name="time_steps_reg"/></StgValue>
</bind>
</comp>

<comp id="8" class="1000" name="learning_params">
<pin_list>
<pin id="9" dir="1" index="0" bw="1" slack="0"/>
</pin_list>
<bind>
<StgValue><ssdm name="learning_params"/></StgValue>
</bind>
</comp>

<comp id="10" class="1000" name="encoder_config">
<pin_list>
<pin id="11" dir="1" index="0" bw="1" slack="0"/>
</pin_list>
<bind>
<StgValue><ssdm name="encoder_config"/></StgValue>
</bind>
</comp>

<comp id="12" class="1000" name="status_reg">
<pin_list>
<pin id="13" dir="1" index="0" bw="1" slack="0"/>
</pin_list>
<bind>
<StgValue><ssdm name="status_reg"/></StgValue>
</bind>
</comp>

<comp id="14" class="1000" name="spike_count_reg">
<pin_list>
<pin id="15" dir="1" index="0" bw="1" slack="0"/>
</pin_list>
<bind>
<StgValue><ssdm name="spike_count_reg"/></StgValue>
</bind>
</comp>

<comp id="16" class="1000" name="weight_sum_reg">
<pin_list>
<pin id="17" dir="1" index="0" bw="1" slack="0"/>
</pin_list>
<bind>
<StgValue><ssdm name="weight_sum_reg"/></StgValue>
</bind>
</comp>

<comp id="18" class="1000" name="version_reg">
<pin_list>
<pin id="19" dir="1" index="0" bw="1" slack="0"/>
</pin_list>
<bind>
<StgValue><ssdm name="version_reg"/></StgValue>
</bind>
</comp>

<comp id="20" class="1000" name="s_axis_spikes_V_data_V">
<pin_list>
<pin id="21" dir="1" index="0" bw="1" slack="0"/>
</pin_list>
<bind>
<StgValue><ssdm name="s_axis_spikes_V_data_V"/></StgValue>
</bind>
</comp>

<comp id="22" class="1000" name="s_axis_spikes_V_keep_V">
<pin_list>
<pin id="23" dir="1" index="0" bw="1" slack="0"/>
</pin_list>
<bind>
<StgValue><ssdm name="s_axis_spikes_V_keep_V"/></StgValue>
</bind>
</comp>

<comp id="24" class="1000" name="s_axis_spikes_V_strb_V">
<pin_list>
<pin id="25" dir="1" index="0" bw="1" slack="0"/>
</pin_list>
<bind>
<StgValue><ssdm name="s_axis_spikes_V_strb_V"/></StgValue>
</bind>
</comp>

<comp id="26" class="1000" name="s_axis_spikes_V_user_V">
<pin_list>
<pin id="27" dir="1" index="0" bw="1" slack="0"/>
</pin_list>
<bind>
<StgValue><ssdm name="s_axis_spikes_V_user_V"/></StgValue>
</bind>
</comp>

<comp id="28" class="1000" name="s_axis_spikes_V_last_V">
<pin_list>
<pin id="29" dir="1" index="0" bw="1" slack="0"/>
</pin_list>
<bind>
<StgValue><ssdm name="s_axis_spikes_V_last_V"/></StgValue>
</bind>
</comp>

<comp id="30" class="1000" name="s_axis_spikes_V_id_V">
<pin_list>
<pin id="31" dir="1" index="0" bw="1" slack="0"/>
</pin_list>
<bind>
<StgValue><ssdm name="s_axis_spikes_V_id_V"/></StgValue>
</bind>
</comp>

<comp id="32" class="1000" name="s_axis_spikes_V_dest_V">
<pin_list>
<pin id="33" dir="1" index="0" bw="1" slack="0"/>
</pin_list>
<bind>
<StgValue><ssdm name="s_axis_spikes_V_dest_V"/></StgValue>
</bind>
</comp>

<comp id="34" class="1000" name="s_axis_data_V_data_V">
<pin_list>
<pin id="35" dir="1" index="0" bw="1" slack="0"/>
</pin_list>
<bind>
<StgValue><ssdm name="s_axis_data_V_data_V"/></StgValue>
</bind>
</comp>

<comp id="36" class="1000" name="s_axis_data_V_keep_V">
<pin_list>
<pin id="37" dir="1" index="0" bw="1" slack="0"/>
</pin_list>
<bind>
<StgValue><ssdm name="s_axis_data_V_keep_V"/></StgValue>
</bind>
</comp>

<comp id="38" class="1000" name="s_axis_data_V_strb_V">
<pin_list>
<pin id="39" dir="1" index="0" bw="1" slack="0"/>
</pin_list>
<bind>
<StgValue><ssdm name="s_axis_data_V_strb_V"/></StgValue>
</bind>
</comp>

<comp id="40" class="1000" name="s_axis_data_V_user_V">
<pin_list>
<pin id="41" dir="1" index="0" bw="1" slack="0"/>
</pin_list>
<bind>
<StgValue><ssdm name="s_axis_data_V_user_V"/></StgValue>
</bind>
</comp>

<comp id="42" class="1000" name="s_axis_data_V_last_V">
<pin_list>
<pin id="43" dir="1" index="0" bw="1" slack="0"/>
</pin_list>
<bind>
<StgValue><ssdm name="s_axis_data_V_last_V"/></StgValue>
</bind>
</comp>

<comp id="44" class="1000" name="s_axis_data_V_id_V">
<pin_list>
<pin id="45" dir="1" index="0" bw="1" slack="0"/>
</pin_list>
<bind>
<StgValue><ssdm name="s_axis_data_V_id_V"/></StgValue>
</bind>
</comp>

<comp id="46" class="1000" name="s_axis_data_V_dest_V">
<pin_list>
<pin id="47" dir="1" index="0" bw="1" slack="0"/>
</pin_list>
<bind>
<StgValue><ssdm name="s_axis_data_V_dest_V"/></StgValue>
</bind>
</comp>

<comp id="48" class="1000" name="s_axis_weights_V_data_V">
<pin_list>
<pin id="49" dir="1" index="0" bw="1" slack="0"/>
</pin_list>
<bind>
<StgValue><ssdm name="s_axis_weights_V_data_V"/></StgValue>
</bind>
</comp>

<comp id="50" class="1000" name="s_axis_weights_V_keep_V">
<pin_list>
<pin id="51" dir="1" index="0" bw="1" slack="0"/>
</pin_list>
<bind>
<StgValue><ssdm name="s_axis_weights_V_keep_V"/></StgValue>
</bind>
</comp>

<comp id="52" class="1000" name="s_axis_weights_V_strb_V">
<pin_list>
<pin id="53" dir="1" index="0" bw="1" slack="0"/>
</pin_list>
<bind>
<StgValue><ssdm name="s_axis_weights_V_strb_V"/></StgValue>
</bind>
</comp>

<comp id="54" class="1000" name="s_axis_weights_V_user_V">
<pin_list>
<pin id="55" dir="1" index="0" bw="1" slack="0"/>
</pin_list>
<bind>
<StgValue><ssdm name="s_axis_weights_V_user_V"/></StgValue>
</bind>
</comp>

<comp id="56" class="1000" name="s_axis_weights_V_last_V">
<pin_list>
<pin id="57" dir="1" index="0" bw="1" slack="0"/>
</pin_list>
<bind>
<StgValue><ssdm name="s_axis_weights_V_last_V"/></StgValue>
</bind>
</comp>

<comp id="58" class="1000" name="s_axis_weights_V_id_V">
<pin_list>
<pin id="59" dir="1" index="0" bw="1" slack="0"/>
</pin_list>
<bind>
<StgValue><ssdm name="s_axis_weights_V_id_V"/></StgValue>
</bind>
</comp>

<comp id="60" class="1000" name="s_axis_weights_V_dest_V">
<pin_list>
<pin id="61" dir="1" index="0" bw="1" slack="0"/>
</pin_list>
<bind>
<StgValue><ssdm name="s_axis_weights_V_dest_V"/></StgValue>
</bind>
</comp>

<comp id="62" class="1000" name="m_axis_spikes_V_data_V">
<pin_list>
<pin id="63" dir="1" index="0" bw="1" slack="0"/>
</pin_list>
<bind>
<StgValue><ssdm name="m_axis_spikes_V_data_V"/></StgValue>
</bind>
</comp>

<comp id="64" class="1000" name="m_axis_spikes_V_keep_V">
<pin_list>
<pin id="65" dir="1" index="0" bw="1" slack="0"/>
</pin_list>
<bind>
<StgValue><ssdm name="m_axis_spikes_V_keep_V"/></StgValue>
</bind>
</comp>

<comp id="66" class="1000" name="m_axis_spikes_V_strb_V">
<pin_list>
<pin id="67" dir="1" index="0" bw="1" slack="0"/>
</pin_list>
<bind>
<StgValue><ssdm name="m_axis_spikes_V_strb_V"/></StgValue>
</bind>
</comp>

<comp id="68" class="1000" name="m_axis_spikes_V_user_V">
<pin_list>
<pin id="69" dir="1" index="0" bw="1" slack="0"/>
</pin_list>
<bind>
<StgValue><ssdm name="m_axis_spikes_V_user_V"/></StgValue>
</bind>
</comp>

<comp id="70" class="1000" name="m_axis_spikes_V_last_V">
<pin_list>
<pin id="71" dir="1" index="0" bw="1" slack="0"/>
</pin_list>
<bind>
<StgValue><ssdm name="m_axis_spikes_V_last_V"/></StgValue>
</bind>
</comp>

<comp id="72" class="1000" name="m_axis_spikes_V_id_V">
<pin_list>
<pin id="73" dir="1" index="0" bw="1" slack="0"/>
</pin_list>
<bind>
<StgValue><ssdm name="m_axis_spikes_V_id_V"/></StgValue>
</bind>
</comp>

<comp id="74" class="1000" name="m_axis_spikes_V_dest_V">
<pin_list>
<pin id="75" dir="1" index="0" bw="1" slack="0"/>
</pin_list>
<bind>
<StgValue><ssdm name="m_axis_spikes_V_dest_V"/></StgValue>
</bind>
</comp>

<comp id="76" class="1000" name="m_axis_weights_V_data_V">
<pin_list>
<pin id="77" dir="1" index="0" bw="1" slack="0"/>
</pin_list>
<bind>
<StgValue><ssdm name="m_axis_weights_V_data_V"/></StgValue>
</bind>
</comp>

<comp id="78" class="1000" name="m_axis_weights_V_keep_V">
<pin_list>
<pin id="79" dir="1" index="0" bw="1" slack="0"/>
</pin_list>
<bind>
<StgValue><ssdm name="m_axis_weights_V_keep_V"/></StgValue>
</bind>
</comp>

<comp id="80" class="1000" name="m_axis_weights_V_strb_V">
<pin_list>
<pin id="81" dir="1" index="0" bw="1" slack="0"/>
</pin_list>
<bind>
<StgValue><ssdm name="m_axis_weights_V_strb_V"/></StgValue>
</bind>
</comp>

<comp id="82" class="1000" name="m_axis_weights_V_user_V">
<pin_list>
<pin id="83" dir="1" index="0" bw="1" slack="0"/>
</pin_list>
<bind>
<StgValue><ssdm name="m_axis_weights_V_user_V"/></StgValue>
</bind>
</comp>

<comp id="84" class="1000" name="m_axis_weights_V_last_V">
<pin_list>
<pin id="85" dir="1" index="0" bw="1" slack="0"/>
</pin_list>
<bind>
<StgValue><ssdm name="m_axis_weights_V_last_V"/></StgValue>
</bind>
</comp>

<comp id="86" class="1000" name="m_axis_weights_V_id_V">
<pin_list>
<pin id="87" dir="1" index="0" bw="1" slack="0"/>
</pin_list>
<bind>
<StgValue><ssdm name="m_axis_weights_V_id_V"/></StgValue>
</bind>
</comp>

<comp id="88" class="1000" name="m_axis_weights_V_dest_V">
<pin_list>
<pin id="89" dir="1" index="0" bw="1" slack="0"/>
</pin_list>
<bind>
<StgValue><ssdm name="m_axis_weights_V_dest_V"/></StgValue>
</bind>
</comp>

<comp id="90" class="1000" name="reward_signal">
<pin_list>
<pin id="91" dir="1" index="0" bw="1" slack="0"/>
</pin_list>
<bind>
<StgValue><ssdm name="reward_signal"/></StgValue>
</bind>
</comp>

<comp id="92" class="1000" name="spike_in_valid">
<pin_list>
<pin id="93" dir="1" index="0" bw="1" slack="0"/>
</pin_list>
<bind>
<StgValue><ssdm name="spike_in_valid"/></StgValue>
</bind>
</comp>

<comp id="94" class="1000" name="spike_in_neuron_id">
<pin_list>
<pin id="95" dir="1" index="0" bw="1" slack="0"/>
</pin_list>
<bind>
<StgValue><ssdm name="spike_in_neuron_id"/></StgValue>
</bind>
</comp>

<comp id="96" class="1000" name="spike_in_weight">
<pin_list>
<pin id="97" dir="1" index="0" bw="1" slack="0"/>
</pin_list>
<bind>
<StgValue><ssdm name="spike_in_weight"/></StgValue>
</bind>
</comp>

<comp id="98" class="1000" name="spike_in_ready">
<pin_list>
<pin id="99" dir="1" index="0" bw="1" slack="0"/>
</pin_list>
<bind>
<StgValue><ssdm name="spike_in_ready"/></StgValue>
</bind>
</comp>

<comp id="100" class="1000" name="spike_out_valid">
<pin_list>
<pin id="101" dir="1" index="0" bw="1" slack="0"/>
</pin_list>
<bind>
<StgValue><ssdm name="spike_out_valid"/></StgValue>
</bind>
</comp>

<comp id="102" class="1000" name="spike_out_neuron_id">
<pin_list>
<pin id="103" dir="1" index="0" bw="1" slack="0"/>
</pin_list>
<bind>
<StgValue><ssdm name="spike_out_neuron_id"/></StgValue>
</bind>
</comp>

<comp id="104" class="1000" name="spike_out_weight">
<pin_list>
<pin id="105" dir="1" index="0" bw="1" slack="0"/>
</pin_list>
<bind>
<StgValue><ssdm name="spike_out_weight"/></StgValue>
</bind>
</comp>

<comp id="106" class="1000" name="spike_out_ready">
<pin_list>
<pin id="107" dir="1" index="0" bw="1" slack="0"/>
</pin_list>
<bind>
<StgValue><ssdm name="spike_out_ready"/></StgValue>
</bind>
</comp>

<comp id="108" class="1000" name="snn_enable">
<pin_list>
<pin id="109" dir="1" index="0" bw="1" slack="0"/>
</pin_list>
<bind>
<StgValue><ssdm name="snn_enable"/></StgValue>
</bind>
</comp>

<comp id="110" class="1000" name="snn_reset">
<pin_list>
<pin id="111" dir="1" index="0" bw="1" slack="0"/>
</pin_list>
<bind>
<StgValue><ssdm name="snn_reset"/></StgValue>
</bind>
</comp>

<comp id="112" class="1000" name="threshold_out">
<pin_list>
<pin id="113" dir="1" index="0" bw="1" slack="0"/>
</pin_list>
<bind>
<StgValue><ssdm name="threshold_out"/></StgValue>
</bind>
</comp>

<comp id="114" class="1000" name="leak_rate_out">
<pin_list>
<pin id="115" dir="1" index="0" bw="1" slack="0"/>
</pin_list>
<bind>
<StgValue><ssdm name="leak_rate_out"/></StgValue>
</bind>
</comp>

<comp id="116" class="1000" name="snn_ready">
<pin_list>
<pin id="117" dir="1" index="0" bw="1" slack="0"/>
</pin_list>
<bind>
<StgValue><ssdm name="snn_ready"/></StgValue>
</bind>
</comp>

<comp id="118" class="1000" name="snn_busy">
<pin_list>
<pin id="119" dir="1" index="0" bw="1" slack="0"/>
</pin_list>
<bind>
<StgValue><ssdm name="snn_busy"/></StgValue>
</bind>
</comp>

<comp id="120" class="1000" name="initialized">
<pin_list>
<pin id="121" dir="1" index="0" bw="1" slack="0"/>
</pin_list>
<bind>
<StgValue><ssdm name="initialized"/></StgValue>
</bind>
</comp>

<comp id="122" class="1000" name="last_mode">
<pin_list>
<pin id="123" dir="1" index="0" bw="1" slack="0"/>
</pin_list>
<bind>
<StgValue><ssdm name="last_mode"/></StgValue>
</bind>
</comp>

<comp id="124" class="1000" name="timestamp">
<pin_list>
<pin id="125" dir="1" index="0" bw="1" slack="0"/>
</pin_list>
<bind>
<StgValue><ssdm name="timestamp"/></StgValue>
</bind>
</comp>

<comp id="126" class="1000" name="spike_counter">
<pin_list>
<pin id="127" dir="1" index="0" bw="1" slack="0"/>
</pin_list>
<bind>
<StgValue><ssdm name="spike_counter"/></StgValue>
</bind>
</comp>

<comp id="128" class="1000" name="encoder_spike_counter">
<pin_list>
<pin id="129" dir="1" index="0" bw="1" slack="0"/>
</pin_list>
<bind>
<StgValue><ssdm name="encoder_spike_counter"/></StgValue>
</bind>
</comp>

<comp id="130" class="1000" name="checkpoint_col">
<pin_list>
<pin id="131" dir="1" index="0" bw="1" slack="0"/>
</pin_list>
<bind>
<StgValue><ssdm name="checkpoint_col"/></StgValue>
</bind>
</comp>

<comp id="132" class="1000" name="encoder_frame_loaded">
<pin_list>
<pin id="133" dir="1" index="0" bw="1" slack="0"/>
</pin_list>
<bind>
<StgValue><ssdm name="encoder_frame_loaded"/></StgValue>
</bind>
</comp>

<comp id="134" class="1000" name="p_ZL22encoder_temporal_fired_0">
<pin_list>
<pin id="135" dir="1" index="0" bw="1" slack="0"/>
</pin_list>
<bind>
<StgValue><ssdm name="p_ZL22encoder_temporal_fired_0"/><MemPortTyVec>1 2 </MemPortTyVec>
</StgValue>
</bind>
</comp>

<comp id="136" class="1000" name="p_ZL22encoder_temporal_start_0">
<pin_list>
<pin id="137" dir="1" index="0" bw="1" slack="0"/>
</pin_list>
<bind>
<StgValue><ssdm name="p_ZL22encoder_temporal_start_0"/><MemPortTyVec>1 0 </MemPortTyVec>
</StgValue>
</bind>
</comp>

<comp id="138" class="1000" name="p_ZL22encoder_temporal_fired_1">
<pin_list>
<pin id="139" dir="1" index="0" bw="1" slack="0"/>
</pin_list>
<bind>
<StgValue><ssdm name="p_ZL22encoder_temporal_fired_1"/><MemPortTyVec>1 2 </MemPortTyVec>
</StgValue>
</bind>
</comp>

<comp id="140" class="1000" name="p_ZL22encoder_temporal_start_1">
<pin_list>
<pin id="141" dir="1" index="0" bw="1" slack="0"/>
</pin_list>
<bind>
<StgValue><ssdm name="p_ZL22encoder_temporal_start_1"/><MemPortTyVec>1 0 </MemPortTyVec>
</StgValue>
</bind>
</comp>

<comp id="142" class="1000" name="p_ZL15pre_eligibility_0">
<pin_list>
<pin id="143" dir="1" index="0" bw="1" slack="0"/>
</pin_list>
<bind>
<StgValue><ssdm name="p_ZL15pre_eligibility_0"/><MemPortTyVec>1 0 </MemPortTyVec>
</StgValue>
</bind>
</comp>

<comp id="144" class="1000" name="p_ZL16post_eligibility_0">
<pin_list>
<pin id="145" dir="1" index="0" bw="1" slack="0"/>
</pin_list>
<bind>
<StgValue><ssdm name="p_ZL16post_eligibility_0"/><MemPortTyVec>1 0 </MemPortTyVec>
</StgValue>
</bind>
</comp>

<comp id="146" class="1000" name="p_ZL15pre_eligibility_1">
<pin_list>
<pin id="147" dir="1" index="0" bw="1" slack="0"/>
</pin_list>
<bind>
<StgValue><ssdm name="p_ZL15pre_eligibility_1"/><MemPortTyVec>1 0 </MemPortTyVec>
</StgValue>
</bind>
</comp>

<comp id="148" class="1000" name="p_ZL16post_eligibility_1">
<pin_list>
<pin id="149" dir="1" index="0" bw="1" slack="0"/>
</pin_list>
<bind>
<StgValue><ssdm name="p_ZL16post_eligibility_1"/><MemPortTyVec>1 0 </MemPortTyVec>
</StgValue>
</bind>
</comp>

<comp id="150" class="1000" name="pre_traces_trace_0">
<pin_list>
<pin id="151" dir="1" index="0" bw="1" slack="0"/>
</pin_list>
<bind>
<StgValue><ssdm name="pre_traces_trace_0"/><MemPortTyVec>1 0 </MemPortTyVec>
</StgValue>
</bind>
</comp>

<comp id="152" class="1000" name="pre_traces_last_spike_time_0">
<pin_list>
<pin id="153" dir="1" index="0" bw="1" slack="0"/>
</pin_list>
<bind>
<StgValue><ssdm name="pre_traces_last_spike_time_0"/><MemPortTyVec>1 0 </MemPortTyVec>
</StgValue>
</bind>
</comp>

<comp id="154" class="1000" name="post_traces_trace_0">
<pin_list>
<pin id="155" dir="1" index="0" bw="1" slack="0"/>
</pin_list>
<bind>
<StgValue><ssdm name="post_traces_trace_0"/><MemPortTyVec>1 0 </MemPortTyVec>
</StgValue>
</bind>
</comp>

<comp id="156" class="1000" name="post_traces_last_spike_time_0">
<pin_list>
<pin id="157" dir="1" index="0" bw="1" slack="0"/>
</pin_list>
<bind>
<StgValue><ssdm name="post_traces_last_spike_time_0"/><MemPortTyVec>1 0 </MemPortTyVec>
</StgValue>
</bind>
</comp>

<comp id="158" class="1000" name="pre_traces_trace_1">
<pin_list>
<pin id="159" dir="1" index="0" bw="1" slack="0"/>
</pin_list>
<bind>
<StgValue><ssdm name="pre_traces_trace_1"/><MemPortTyVec>1 0 </MemPortTyVec>
</StgValue>
</bind>
</comp>

<comp id="160" class="1000" name="pre_traces_last_spike_time_1">
<pin_list>
<pin id="161" dir="1" index="0" bw="1" slack="0"/>
</pin_list>
<bind>
<StgValue><ssdm name="pre_traces_last_spike_time_1"/><MemPortTyVec>1 0 </MemPortTyVec>
</StgValue>
</bind>
</comp>

<comp id="162" class="1000" name="post_traces_trace_1">
<pin_list>
<pin id="163" dir="1" index="0" bw="1" slack="0"/>
</pin_list>
<bind>
<StgValue><ssdm name="post_traces_trace_1"/><MemPortTyVec>1 0 </MemPortTyVec>
</StgValue>
</bind>
</comp>

<comp id="164" class="1000" name="post_traces_last_spike_time_1">
<pin_list>
<pin id="165" dir="1" index="0" bw="1" slack="0"/>
</pin_list>
<bind>
<StgValue><ssdm name="post_traces_last_spike_time_1"/><MemPortTyVec>1 0 </MemPortTyVec>
</StgValue>
</bind>
</comp>

<comp id="166" class="1000" name="p_ZL17encoder_phase_acc_0">
<pin_list>
<pin id="167" dir="1" index="0" bw="1" slack="0"/>
</pin_list>
<bind>
<StgValue><ssdm name="p_ZL17encoder_phase_acc_0"/><MemPortTyVec>1 0 </MemPortTyVec>
</StgValue>
</bind>
</comp>

<comp id="168" class="1000" name="p_ZL17encoder_phase_acc_1">
<pin_list>
<pin id="169" dir="1" index="0" bw="1" slack="0"/>
</pin_list>
<bind>
<StgValue><ssdm name="p_ZL17encoder_phase_acc_1"/><MemPortTyVec>1 0 </MemPortTyVec>
</StgValue>
</bind>
</comp>

<comp id="170" class="1000" name="latency_window_counter">
<pin_list>
<pin id="171" dir="1" index="0" bw="1" slack="0"/>
</pin_list>
<bind>
<StgValue><ssdm name="latency_window_counter"/></StgValue>
</bind>
</comp>

<comp id="172" class="1000" name="p_ZL13weight_memory_0">
<pin_list>
<pin id="173" dir="1" index="0" bw="1" slack="0"/>
</pin_list>
<bind>
<StgValue><ssdm name="p_ZL13weight_memory_0"/><MemPortTyVec>1 2 </MemPortTyVec>
</StgValue>
</bind>
</comp>

<comp id="174" class="1000" name="p_ZL13weight_memory_1">
<pin_list>
<pin id="175" dir="1" index="0" bw="1" slack="0"/>
</pin_list>
<bind>
<StgValue><ssdm name="p_ZL13weight_memory_1"/><MemPortTyVec>1 2 </MemPortTyVec>
</StgValue>
</bind>
</comp>

<comp id="176" class="1000" name="p_ZL13encoder_frame_0">
<pin_list>
<pin id="177" dir="1" index="0" bw="1" slack="0"/>
</pin_list>
<bind>
<StgValue><ssdm name="p_ZL13encoder_frame_0"/><MemPortTyVec>2 0 </MemPortTyVec>
</StgValue>
</bind>
</comp>

<comp id="178" class="1000" name="p_ZL13encoder_frame_1">
<pin_list>
<pin id="179" dir="1" index="0" bw="1" slack="0"/>
</pin_list>
<bind>
<StgValue><ssdm name="p_ZL13encoder_frame_1"/><MemPortTyVec>2 0 </MemPortTyVec>
</StgValue>
</bind>
</comp>

<comp id="180" class="1000" name="lfsr">
<pin_list>
<pin id="181" dir="1" index="0" bw="1" slack="0"/>
</pin_list>
<bind>
<StgValue><ssdm name="lfsr"/></StgValue>
</bind>
</comp>

<comp id="182" class="1000" name="EXP_DECAY_LUT">
<pin_list>
<pin id="183" dir="1" index="0" bw="1" slack="0"/>
</pin_list>
<bind>
<StgValue><ssdm name="EXP_DECAY_LUT"/><MemPortTyVec>1 </MemPortTyVec>
</StgValue>
</bind>
</comp>

<comp id="184" class="1001" name="const_184">
<pin_list>
<pin id="185" dir="1" index="0" bw="1" slack="0"/>
</pin_list>
<bind>
<StgValue><ssdm name="_ssdm_op_Read.ap_none.i1"/></StgValue>
</bind>
</comp>

<comp id="186" class="1001" name="const_186">
<pin_list>
<pin id="187" dir="1" index="0" bw="1" slack="0"/>
</pin_list>
<bind>
<StgValue><ssdm name="_ssdm_op_Read.ap_none.i8"/></StgValue>
</bind>
</comp>

<comp id="188" class="1001" name="const_188">
<pin_list>
<pin id="189" dir="1" index="0" bw="1" slack="0"/>
</pin_list>
<bind>
<StgValue><ssdm name="_ssdm_op_Read.s_axilite.i8"/></StgValue>
</bind>
</comp>

<comp id="190" class="1001" name="const_190">
<pin_list>
<pin id="191" dir="1" index="0" bw="1" slack="0"/>
</pin_list>
<bind>
<StgValue><ssdm name="_ssdm_op_Read.s_axilite.i144"/></StgValue>
</bind>
</comp>

<comp id="192" class="1001" name="const_192">
<pin_list>
<pin id="193" dir="1" index="0" bw="1" slack="0"/>
</pin_list>
<bind>
<StgValue><ssdm name="_ssdm_op_Read.s_axilite.i32"/></StgValue>
</bind>
</comp>

<comp id="194" class="1001" name="const_194">
<pin_list>
<pin id="195" dir="1" index="0" bw="1" slack="0"/>
</pin_list>
<bind>
<StgValue><ssdm name=""/></StgValue>
</bind>
</comp>

<comp id="196" class="1001" name="const_196">
<pin_list>
<pin id="197" dir="1" index="0" bw="1" slack="2147483647"/>
</pin_list>
<bind>
<StgValue><ssdm name="_ssdm_op_SpecTopModule"/></StgValue>
</bind>
</comp>

<comp id="198" class="1001" name="const_198">
<pin_list>
<pin id="199" dir="1" index="0" bw="1" slack="2147483647"/>
</pin_list>
<bind>
<StgValue><ssdm name="empty_9"/></StgValue>
</bind>
</comp>

<comp id="200" class="1001" name="const_200">
<pin_list>
<pin id="201" dir="1" index="0" bw="1" slack="2147483647"/>
</pin_list>
<bind>
<StgValue><ssdm name="_ssdm_op_SpecBitsMap"/></StgValue>
</bind>
</comp>

<comp id="202" class="1001" name="const_202">
<pin_list>
<pin id="203" dir="1" index="0" bw="1" slack="2147483647"/>
</pin_list>
<bind>
<StgValue><ssdm name="_ssdm_op_SpecInterface"/></StgValue>
</bind>
</comp>

<comp id="204" class="1001" name="const_204">
<pin_list>
<pin id="205" dir="1" index="0" bw="1" slack="2147483647"/>
</pin_list>
<bind>
<StgValue><ssdm name="empty_11"/></StgValue>
</bind>
</comp>

<comp id="206" class="1001" name="const_206">
<pin_list>
<pin id="207" dir="1" index="0" bw="1" slack="2147483647"/>
</pin_list>
<bind>
<StgValue><ssdm name=""/></StgValue>
</bind>
</comp>

<comp id="208" class="1001" name="const_208">
<pin_list>
<pin id="209" dir="1" index="0" bw="1" slack="2147483647"/>
</pin_list>
<bind>
<StgValue><ssdm name="empty_3"/></StgValue>
</bind>
</comp>

<comp id="210" class="1001" name="const_210">
<pin_list>
<pin id="211" dir="1" index="0" bw="1" slack="0"/>
</pin_list>
<bind>
<StgValue><ssdm name=""/></StgValue>
</bind>
</comp>

<comp id="212" class="1001" name="const_212">
<pin_list>
<pin id="213" dir="1" index="0" bw="1" slack="2147483647"/>
</pin_list>
<bind>
<StgValue><ssdm name="empty_14"/></StgValue>
</bind>
</comp>

<comp id="214" class="1001" name="const_214">
<pin_list>
<pin id="215" dir="1" index="0" bw="1" slack="2147483647"/>
</pin_list>
<bind>
<StgValue><ssdm name="empty_5"/></StgValue>
</bind>
</comp>

<comp id="216" class="1001" name="const_216">
<pin_list>
<pin id="217" dir="1" index="0" bw="1" slack="2147483647"/>
</pin_list>
<bind>
<StgValue><ssdm name="empty"/></StgValue>
</bind>
</comp>

<comp id="218" class="1001" name="const_218">
<pin_list>
<pin id="219" dir="1" index="0" bw="1" slack="2147483647"/>
</pin_list>
<bind>
<StgValue><ssdm name="empty_27"/></StgValue>
</bind>
</comp>

<comp id="220" class="1001" name="const_220">
<pin_list>
<pin id="221" dir="1" index="0" bw="1" slack="2147483647"/>
</pin_list>
<bind>
<StgValue><ssdm name="empty_12"/></StgValue>
</bind>
</comp>

<comp id="222" class="1001" name="const_222">
<pin_list>
<pin id="223" dir="1" index="0" bw="1" slack="2147483647"/>
</pin_list>
<bind>
<StgValue><ssdm name="empty_23"/></StgValue>
</bind>
</comp>

<comp id="224" class="1001" name="const_224">
<pin_list>
<pin id="225" dir="1" index="0" bw="1" slack="2147483647"/>
</pin_list>
<bind>
<StgValue><ssdm name="empty_26"/></StgValue>
</bind>
</comp>

<comp id="226" class="1001" name="const_226">
<pin_list>
<pin id="227" dir="1" index="0" bw="1" slack="2147483647"/>
</pin_list>
<bind>
<StgValue><ssdm name="empty_21"/></StgValue>
</bind>
</comp>

<comp id="228" class="1001" name="const_228">
<pin_list>
<pin id="229" dir="1" index="0" bw="1" slack="2147483647"/>
</pin_list>
<bind>
<StgValue><ssdm name="empty_31"/></StgValue>
</bind>
</comp>

<comp id="230" class="1001" name="const_230">
<pin_list>
<pin id="231" dir="1" index="0" bw="1" slack="2147483647"/>
</pin_list>
<bind>
<StgValue><ssdm name="empty_20"/></StgValue>
</bind>
</comp>

<comp id="232" class="1001" name="const_232">
<pin_list>
<pin id="233" dir="1" index="0" bw="1" slack="2147483647"/>
</pin_list>
<bind>
<StgValue><ssdm name="empty_19"/></StgValue>
</bind>
</comp>

<comp id="234" class="1001" name="const_234">
<pin_list>
<pin id="235" dir="1" index="0" bw="1" slack="2147483647"/>
</pin_list>
<bind>
<StgValue><ssdm name="empty_15"/></StgValue>
</bind>
</comp>

<comp id="236" class="1001" name="const_236">
<pin_list>
<pin id="237" dir="1" index="0" bw="1" slack="2147483647"/>
</pin_list>
<bind>
<StgValue><ssdm name="empty_13"/></StgValue>
</bind>
</comp>

<comp id="238" class="1001" name="const_238">
<pin_list>
<pin id="239" dir="1" index="0" bw="1" slack="0"/>
</pin_list>
<bind>
<StgValue><ssdm name=""/></StgValue>
</bind>
</comp>

<comp id="240" class="1001" name="const_240">
<pin_list>
<pin id="241" dir="1" index="0" bw="1" slack="2147483647"/>
</pin_list>
<bind>
<StgValue><ssdm name="empty_33"/></StgValue>
</bind>
</comp>

<comp id="242" class="1001" name="const_242">
<pin_list>
<pin id="243" dir="1" index="0" bw="1" slack="2147483647"/>
</pin_list>
<bind>
<StgValue><ssdm name="empty_32"/></StgValue>
</bind>
</comp>

<comp id="244" class="1001" name="const_244">
<pin_list>
<pin id="245" dir="1" index="0" bw="1" slack="2147483647"/>
</pin_list>
<bind>
<StgValue><ssdm name="empty_8"/></StgValue>
</bind>
</comp>

<comp id="246" class="1001" name="const_246">
<pin_list>
<pin id="247" dir="1" index="0" bw="1" slack="2147483647"/>
</pin_list>
<bind>
<StgValue><ssdm name="_ssdm_op_SpecChannel"/></StgValue>
</bind>
</comp>

<comp id="248" class="1001" name="const_248">
<pin_list>
<pin id="249" dir="1" index="0" bw="1" slack="2147483647"/>
</pin_list>
<bind>
<StgValue><ssdm name="encoder_spikes_str"/></StgValue>
</bind>
</comp>

<comp id="250" class="1001" name="const_250">
<pin_list>
<pin id="251" dir="1" index="0" bw="1" slack="2147483647"/>
</pin_list>
<bind>
<StgValue><ssdm name="p_str"/></StgValue>
</bind>
</comp>

<comp id="252" class="1001" name="const_252">
<pin_list>
<pin id="253" dir="1" index="0" bw="1" slack="2147483647"/>
</pin_list>
<bind>
<StgValue><ssdm name=""/></StgValue>
</bind>
</comp>

<comp id="254" class="1001" name="const_254">
<pin_list>
<pin id="255" dir="1" index="0" bw="1" slack="2147483647"/>
</pin_list>
<bind>
<StgValue><ssdm name="empty_35"/></StgValue>
</bind>
</comp>

<comp id="256" class="1001" name="const_256">
<pin_list>
<pin id="257" dir="1" index="0" bw="1" slack="0"/>
</pin_list>
<bind>
<StgValue><ssdm name="_ssdm_op_BitSelect.i1.i144.i144"/></StgValue>
</bind>
</comp>

<comp id="258" class="1001" name="const_258">
<pin_list>
<pin id="259" dir="1" index="0" bw="1" slack="0"/>
</pin_list>
<bind>
<StgValue><ssdm name=""/></StgValue>
</bind>
</comp>

<comp id="260" class="1001" name="const_260">
<pin_list>
<pin id="261" dir="1" index="0" bw="1" slack="0"/>
</pin_list>
<bind>
<StgValue><ssdm name=""/></StgValue>
</bind>
</comp>

<comp id="262" class="1001" name="const_262">
<pin_list>
<pin id="263" dir="1" index="0" bw="1" slack="0"/>
</pin_list>
<bind>
<StgValue><ssdm name="_ssdm_op_PartSelect.i8.i144.i144"/></StgValue>
</bind>
</comp>

<comp id="264" class="1001" name="const_264">
<pin_list>
<pin id="265" dir="1" index="0" bw="1" slack="0"/>
</pin_list>
<bind>
<StgValue><ssdm name=""/></StgValue>
</bind>
</comp>

<comp id="266" class="1001" name="const_266">
<pin_list>
<pin id="267" dir="1" index="0" bw="1" slack="0"/>
</pin_list>
<bind>
<StgValue><ssdm name="_ssdm_op_PartSelect.i16.i144.i144"/></StgValue>
</bind>
</comp>

<comp id="268" class="1001" name="const_268">
<pin_list>
<pin id="269" dir="1" index="0" bw="1" slack="0"/>
</pin_list>
<bind>
<StgValue><ssdm name=""/></StgValue>
</bind>
</comp>

<comp id="270" class="1001" name="const_270">
<pin_list>
<pin id="271" dir="1" index="0" bw="1" slack="0"/>
</pin_list>
<bind>
<StgValue><ssdm name=""/></StgValue>
</bind>
</comp>

<comp id="272" class="1001" name="const_272">
<pin_list>
<pin id="273" dir="1" index="0" bw="1" slack="0"/>
</pin_list>
<bind>
<StgValue><ssdm name=""/></StgValue>
</bind>
</comp>

<comp id="274" class="1001" name="const_274">
<pin_list>
<pin id="275" dir="1" index="0" bw="1" slack="0"/>
</pin_list>
<bind>
<StgValue><ssdm name=""/></StgValue>
</bind>
</comp>

<comp id="276" class="1001" name="const_276">
<pin_list>
<pin id="277" dir="1" index="0" bw="1" slack="0"/>
</pin_list>
<bind>
<StgValue><ssdm name=""/></StgValue>
</bind>
</comp>

<comp id="278" class="1001" name="const_278">
<pin_list>
<pin id="279" dir="1" index="0" bw="1" slack="2147483647"/>
</pin_list>
<bind>
<StgValue><ssdm name="_ssdm_op_SpecMemCore"/></StgValue>
</bind>
</comp>

<comp id="280" class="1001" name="const_280">
<pin_list>
<pin id="281" dir="1" index="0" bw="1" slack="2147483647"/>
</pin_list>
<bind>
<StgValue><ssdm name=""/></StgValue>
</bind>
</comp>

<comp id="282" class="1001" name="const_282">
<pin_list>
<pin id="283" dir="1" index="0" bw="1" slack="2147483647"/>
</pin_list>
<bind>
<StgValue><ssdm name=""/></StgValue>
</bind>
</comp>

<comp id="284" class="1001" name="const_284">
<pin_list>
<pin id="285" dir="1" index="0" bw="1" slack="2147483647"/>
</pin_list>
<bind>
<StgValue><ssdm name=""/></StgValue>
</bind>
</comp>

<comp id="286" class="1001" name="const_286">
<pin_list>
<pin id="287" dir="1" index="0" bw="1" slack="0"/>
</pin_list>
<bind>
<StgValue><ssdm name=""/></StgValue>
</bind>
</comp>

<comp id="288" class="1001" name="const_288">
<pin_list>
<pin id="289" dir="1" index="0" bw="1" slack="0"/>
</pin_list>
<bind>
<StgValue><ssdm name="_ssdm_op_BitSelect.i1.i32.i32"/></StgValue>
</bind>
</comp>

<comp id="290" class="1001" name="const_290">
<pin_list>
<pin id="291" dir="1" index="0" bw="1" slack="0"/>
</pin_list>
<bind>
<StgValue><ssdm name=""/></StgValue>
</bind>
</comp>

<comp id="292" class="1001" name="const_292">
<pin_list>
<pin id="293" dir="1" index="0" bw="1" slack="0"/>
</pin_list>
<bind>
<StgValue><ssdm name=""/></StgValue>
</bind>
</comp>

<comp id="294" class="1001" name="const_294">
<pin_list>
<pin id="295" dir="1" index="0" bw="1" slack="0"/>
</pin_list>
<bind>
<StgValue><ssdm name=""/></StgValue>
</bind>
</comp>

<comp id="296" class="1001" name="const_296">
<pin_list>
<pin id="297" dir="1" index="0" bw="1" slack="0"/>
</pin_list>
<bind>
<StgValue><ssdm name=""/></StgValue>
</bind>
</comp>

<comp id="298" class="1001" name="const_298">
<pin_list>
<pin id="299" dir="1" index="0" bw="1" slack="0"/>
</pin_list>
<bind>
<StgValue><ssdm name=""/></StgValue>
</bind>
</comp>

<comp id="300" class="1001" name="const_300">
<pin_list>
<pin id="301" dir="1" index="0" bw="1" slack="0"/>
</pin_list>
<bind>
<StgValue><ssdm name=""/></StgValue>
</bind>
</comp>

<comp id="302" class="1001" name="const_302">
<pin_list>
<pin id="303" dir="1" index="0" bw="1" slack="0"/>
</pin_list>
<bind>
<StgValue><ssdm name=""/></StgValue>
</bind>
</comp>

<comp id="304" class="1001" name="const_304">
<pin_list>
<pin id="305" dir="1" index="0" bw="1" slack="0"/>
</pin_list>
<bind>
<StgValue><ssdm name=""/></StgValue>
</bind>
</comp>

<comp id="306" class="1001" name="const_306">
<pin_list>
<pin id="307" dir="1" index="0" bw="1" slack="0"/>
</pin_list>
<bind>
<StgValue><ssdm name=""/></StgValue>
</bind>
</comp>

<comp id="308" class="1001" name="const_308">
<pin_list>
<pin id="309" dir="1" index="0" bw="1" slack="0"/>
</pin_list>
<bind>
<StgValue><ssdm name="_ssdm_op_PartSelect.i16.i32.i32"/></StgValue>
</bind>
</comp>

<comp id="310" class="1001" name="const_310">
<pin_list>
<pin id="311" dir="1" index="0" bw="1" slack="0"/>
</pin_list>
<bind>
<StgValue><ssdm name=""/></StgValue>
</bind>
</comp>

<comp id="312" class="1001" name="const_312">
<pin_list>
<pin id="313" dir="1" index="0" bw="1" slack="2147483647"/>
</pin_list>
<bind>
<StgValue><ssdm name="_ssdm_op_SpecAXISSideChannel"/></StgValue>
</bind>
</comp>

<comp id="314" class="1001" name="const_314">
<pin_list>
<pin id="315" dir="1" index="0" bw="1" slack="2147483647"/>
</pin_list>
<bind>
<StgValue><ssdm name="empty_10"/></StgValue>
</bind>
</comp>

<comp id="316" class="1001" name="const_316">
<pin_list>
<pin id="317" dir="1" index="0" bw="1" slack="2147483647"/>
</pin_list>
<bind>
<StgValue><ssdm name="empty_1"/></StgValue>
</bind>
</comp>

<comp id="318" class="1001" name="const_318">
<pin_list>
<pin id="319" dir="1" index="0" bw="1" slack="2147483647"/>
</pin_list>
<bind>
<StgValue><ssdm name="empty_2"/></StgValue>
</bind>
</comp>

<comp id="320" class="1001" name="const_320">
<pin_list>
<pin id="321" dir="1" index="0" bw="1" slack="2147483647"/>
</pin_list>
<bind>
<StgValue><ssdm name="empty_36"/></StgValue>
</bind>
</comp>

<comp id="322" class="1001" name="const_322">
<pin_list>
<pin id="323" dir="1" index="0" bw="1" slack="2147483647"/>
</pin_list>
<bind>
<StgValue><ssdm name="empty_4"/></StgValue>
</bind>
</comp>

<comp id="324" class="1001" name="const_324">
<pin_list>
<pin id="325" dir="1" index="0" bw="1" slack="0"/>
</pin_list>
<bind>
<StgValue><ssdm name=""/></StgValue>
</bind>
</comp>

<comp id="326" class="1001" name="const_326">
<pin_list>
<pin id="327" dir="1" index="0" bw="1" slack="0"/>
</pin_list>
<bind>
<StgValue><ssdm name=""/></StgValue>
</bind>
</comp>

<comp id="328" class="1001" name="const_328">
<pin_list>
<pin id="329" dir="1" index="0" bw="1" slack="0"/>
</pin_list>
<bind>
<StgValue><ssdm name="encoder_reset_temporal_state"/></StgValue>
</bind>
</comp>

<comp id="330" class="1001" name="const_330">
<pin_list>
<pin id="331" dir="1" index="0" bw="1" slack="0"/>
</pin_list>
<bind>
<StgValue><ssdm name="snn_top_hls_Pipeline_RESET_ELIG"/></StgValue>
</bind>
</comp>

<comp id="332" class="1001" name="const_332">
<pin_list>
<pin id="333" dir="1" index="0" bw="1" slack="0"/>
</pin_list>
<bind>
<StgValue><ssdm name="snn_top_hls_Pipeline_RESET_TRACES"/></StgValue>
</bind>
</comp>

<comp id="334" class="1001" name="const_334">
<pin_list>
<pin id="335" dir="1" index="0" bw="1" slack="0"/>
</pin_list>
<bind>
<StgValue><ssdm name="snn_top_hls_Pipeline_RESET_ENCODER"/></StgValue>
</bind>
</comp>

<comp id="336" class="1001" name="const_336">
<pin_list>
<pin id="337" dir="1" index="0" bw="1" slack="0"/>
</pin_list>
<bind>
<StgValue><ssdm name=""/></StgValue>
</bind>
</comp>

<comp id="338" class="1001" name="const_338">
<pin_list>
<pin id="339" dir="1" index="0" bw="1" slack="0"/>
</pin_list>
<bind>
<StgValue><ssdm name="snn_top_hls_Pipeline_INIT_WEIGHT_OUTER_INIT_WEIGHT_INNER"/></StgValue>
</bind>
</comp>

<comp id="340" class="1001" name="const_340">
<pin_list>
<pin id="341" dir="1" index="0" bw="1" slack="0"/>
</pin_list>
<bind>
<StgValue><ssdm name=""/></StgValue>
</bind>
</comp>

<comp id="342" class="1001" name="const_342">
<pin_list>
<pin id="343" dir="1" index="0" bw="1" slack="0"/>
</pin_list>
<bind>
<StgValue><ssdm name="_ssdm_op_NbReadReq.axis.i32P0A.i4P0A.i4P0A.i1P0A.i1P0A.i1P0A.i1P0A"/></StgValue>
</bind>
</comp>

<comp id="344" class="1001" name="const_344">
<pin_list>
<pin id="345" dir="1" index="0" bw="1" slack="0"/>
</pin_list>
<bind>
<StgValue><ssdm name="_ssdm_op_Read.axis.volatile.i32P0A.i4P0A.i4P0A.i1P0A.i1P0A.i1P0A.i1P0A"/></StgValue>
</bind>
</comp>

<comp id="346" class="1001" name="const_346">
<pin_list>
<pin id="347" dir="1" index="0" bw="1" slack="0"/>
</pin_list>
<bind>
<StgValue><ssdm name="_ssdm_op_PartSelect.i8.i32.i32"/></StgValue>
</bind>
</comp>

<comp id="348" class="1001" name="const_348">
<pin_list>
<pin id="349" dir="1" index="0" bw="1" slack="0"/>
</pin_list>
<bind>
<StgValue><ssdm name="_ssdm_op_PartSelect.i7.i32.i32.i32"/></StgValue>
</bind>
</comp>

<comp id="350" class="1001" name="const_350">
<pin_list>
<pin id="351" dir="1" index="0" bw="1" slack="0"/>
</pin_list>
<bind>
<StgValue><ssdm name=""/></StgValue>
</bind>
</comp>

<comp id="352" class="1001" name="const_352">
<pin_list>
<pin id="353" dir="1" index="0" bw="1" slack="0"/>
</pin_list>
<bind>
<StgValue><ssdm name=""/></StgValue>
</bind>
</comp>

<comp id="354" class="1001" name="const_354">
<pin_list>
<pin id="355" dir="1" index="0" bw="1" slack="0"/>
</pin_list>
<bind>
<StgValue><ssdm name="_ssdm_op_BitConcatenate.i15.i8.i7"/></StgValue>
</bind>
</comp>

<comp id="356" class="1001" name="const_356">
<pin_list>
<pin id="357" dir="1" index="0" bw="1" slack="0"/>
</pin_list>
<bind>
<StgValue><ssdm name=""/></StgValue>
</bind>
</comp>

<comp id="358" class="1001" name="const_358">
<pin_list>
<pin id="359" dir="1" index="0" bw="1" slack="0"/>
</pin_list>
<bind>
<StgValue><ssdm name="_ssdm_op_Write.ap_none.i1P0A"/></StgValue>
</bind>
</comp>

<comp id="360" class="1001" name="const_360">
<pin_list>
<pin id="361" dir="1" index="0" bw="1" slack="0"/>
</pin_list>
<bind>
<StgValue><ssdm name="_ssdm_op_Write.ap_none.i16P0A"/></StgValue>
</bind>
</comp>

<comp id="362" class="1001" name="const_362">
<pin_list>
<pin id="363" dir="1" index="0" bw="1" slack="0"/>
</pin_list>
<bind>
<StgValue><ssdm name="snn_top_hls_Pipeline_LOAD_FRAME"/></StgValue>
</bind>
</comp>

<comp id="364" class="1001" name="const_364">
<pin_list>
<pin id="365" dir="1" index="0" bw="1" slack="0"/>
</pin_list>
<bind>
<StgValue><ssdm name="_ssdm_op_PartSelect.i7.i8.i32.i32"/></StgValue>
</bind>
</comp>

<comp id="366" class="1001" name="const_366">
<pin_list>
<pin id="367" dir="1" index="0" bw="1" slack="0"/>
</pin_list>
<bind>
<StgValue><ssdm name=""/></StgValue>
</bind>
</comp>

<comp id="368" class="1001" name="const_368">
<pin_list>
<pin id="369" dir="1" index="0" bw="1" slack="2147483647"/>
</pin_list>
<bind>
<StgValue><ssdm name="_ssdm_op_SpecLoopTripCount"/></StgValue>
</bind>
</comp>

<comp id="370" class="1001" name="const_370">
<pin_list>
<pin id="371" dir="1" index="0" bw="1" slack="2147483647"/>
</pin_list>
<bind>
<StgValue><ssdm name=""/></StgValue>
</bind>
</comp>

<comp id="372" class="1001" name="const_372">
<pin_list>
<pin id="373" dir="1" index="0" bw="1" slack="2147483647"/>
</pin_list>
<bind>
<StgValue><ssdm name=""/></StgValue>
</bind>
</comp>

<comp id="374" class="1001" name="const_374">
<pin_list>
<pin id="375" dir="1" index="0" bw="1" slack="2147483647"/>
</pin_list>
<bind>
<StgValue><ssdm name="_ssdm_op_SpecLoopName"/></StgValue>
</bind>
</comp>

<comp id="376" class="1001" name="const_376">
<pin_list>
<pin id="377" dir="1" index="0" bw="1" slack="2147483647"/>
</pin_list>
<bind>
<StgValue><ssdm name="empty_18"/></StgValue>
</bind>
</comp>

<comp id="378" class="1001" name="const_378">
<pin_list>
<pin id="379" dir="1" index="0" bw="1" slack="0"/>
</pin_list>
<bind>
<StgValue><ssdm name="run_encoder_once"/></StgValue>
</bind>
</comp>

<comp id="380" class="1001" name="const_380">
<pin_list>
<pin id="381" dir="1" index="0" bw="1" slack="0"/>
</pin_list>
<bind>
<StgValue><ssdm name="_ssdm_op_Write.ap_none.i8P0A"/></StgValue>
</bind>
</comp>

<comp id="382" class="1001" name="const_382">
<pin_list>
<pin id="383" dir="1" index="0" bw="1" slack="0"/>
</pin_list>
<bind>
<StgValue><ssdm name="snn_top_hls_Pipeline_WEIGHT_SUM"/></StgValue>
</bind>
</comp>

<comp id="384" class="1001" name="const_384">
<pin_list>
<pin id="385" dir="1" index="0" bw="1" slack="0"/>
</pin_list>
<bind>
<StgValue><ssdm name="_ssdm_op_NbReadReq.ap_fifo.i41P0A"/></StgValue>
</bind>
</comp>

<comp id="386" class="1001" name="const_386">
<pin_list>
<pin id="387" dir="1" index="0" bw="1" slack="0"/>
</pin_list>
<bind>
<StgValue><ssdm name="_ssdm_op_Read.ap_fifo.volatile.i41P0A"/></StgValue>
</bind>
</comp>

<comp id="388" class="1001" name="const_388">
<pin_list>
<pin id="389" dir="1" index="0" bw="1" slack="0"/>
</pin_list>
<bind>
<StgValue><ssdm name="_ssdm_op_PartSelect.i8.i18.i32.i32"/></StgValue>
</bind>
</comp>

<comp id="390" class="1001" name="const_390">
<pin_list>
<pin id="391" dir="1" index="0" bw="1" slack="0"/>
</pin_list>
<bind>
<StgValue><ssdm name=""/></StgValue>
</bind>
</comp>

<comp id="392" class="1001" name="const_392">
<pin_list>
<pin id="393" dir="1" index="0" bw="1" slack="0"/>
</pin_list>
<bind>
<StgValue><ssdm name=""/></StgValue>
</bind>
</comp>

<comp id="394" class="1001" name="const_394">
<pin_list>
<pin id="395" dir="1" index="0" bw="1" slack="0"/>
</pin_list>
<bind>
<StgValue><ssdm name="process_pre_spike_aer"/></StgValue>
</bind>
</comp>

<comp id="396" class="1001" name="const_396">
<pin_list>
<pin id="397" dir="1" index="0" bw="1" slack="0"/>
</pin_list>
<bind>
<StgValue><ssdm name="_ssdm_op_PartSelect.i7.i18.i32.i32"/></StgValue>
</bind>
</comp>

<comp id="398" class="1001" name="const_398">
<pin_list>
<pin id="399" dir="1" index="0" bw="1" slack="0"/>
</pin_list>
<bind>
<StgValue><ssdm name=""/></StgValue>
</bind>
</comp>

<comp id="400" class="1001" name="const_400">
<pin_list>
<pin id="401" dir="1" index="0" bw="1" slack="0"/>
</pin_list>
<bind>
<StgValue><ssdm name="_ssdm_op_PartSelect.i2.i9.i32.i32"/></StgValue>
</bind>
</comp>

<comp id="402" class="1001" name="const_402">
<pin_list>
<pin id="403" dir="1" index="0" bw="1" slack="0"/>
</pin_list>
<bind>
<StgValue><ssdm name=""/></StgValue>
</bind>
</comp>

<comp id="404" class="1001" name="const_404">
<pin_list>
<pin id="405" dir="1" index="0" bw="1" slack="0"/>
</pin_list>
<bind>
<StgValue><ssdm name="_ssdm_op_NbWriteReq.axis.i32P0A.i4P0A.i4P0A.i1P0A.i1P0A.i1P0A.i1P0A"/></StgValue>
</bind>
</comp>

<comp id="406" class="1001" name="const_406">
<pin_list>
<pin id="407" dir="1" index="0" bw="1" slack="0"/>
</pin_list>
<bind>
<StgValue><ssdm name="_ssdm_op_BitConcatenate.i32.i14.i8.i10"/></StgValue>
</bind>
</comp>

<comp id="408" class="1001" name="const_408">
<pin_list>
<pin id="409" dir="1" index="0" bw="1" slack="0"/>
</pin_list>
<bind>
<StgValue><ssdm name="_ssdm_op_Write.axis.volatile.i32P0A.i4P0A.i4P0A.i1P0A.i1P0A.i1P0A.i1P0A"/></StgValue>
</bind>
</comp>

<comp id="410" class="1001" name="const_410">
<pin_list>
<pin id="411" dir="1" index="0" bw="1" slack="0"/>
</pin_list>
<bind>
<StgValue><ssdm name=""/></StgValue>
</bind>
</comp>

<comp id="412" class="1001" name="const_412">
<pin_list>
<pin id="413" dir="1" index="0" bw="1" slack="0"/>
</pin_list>
<bind>
<StgValue><ssdm name="process_post_spike_aer"/></StgValue>
</bind>
</comp>

<comp id="414" class="1001" name="const_414">
<pin_list>
<pin id="415" dir="1" index="0" bw="1" slack="0"/>
</pin_list>
<bind>
<StgValue><ssdm name="apply_rstdp_reward"/></StgValue>
</bind>
</comp>

<comp id="416" class="1001" name="const_416">
<pin_list>
<pin id="417" dir="1" index="0" bw="1" slack="0"/>
</pin_list>
<bind>
<StgValue><ssdm name="decay_eligibility_traces"/></StgValue>
</bind>
</comp>

<comp id="418" class="1001" name="const_418">
<pin_list>
<pin id="419" dir="1" index="0" bw="1" slack="0"/>
</pin_list>
<bind>
<StgValue><ssdm name=""/></StgValue>
</bind>
</comp>

<comp id="420" class="1001" name="const_420">
<pin_list>
<pin id="421" dir="1" index="0" bw="1" slack="0"/>
</pin_list>
<bind>
<StgValue><ssdm name="_ssdm_op_BitConcatenate.i24.i8.i8.i8"/></StgValue>
</bind>
</comp>

<comp id="422" class="1001" name="const_422">
<pin_list>
<pin id="423" dir="1" index="0" bw="1" slack="0"/>
</pin_list>
<bind>
<StgValue><ssdm name="_ssdm_op_BitConcatenate.i8.i2.i1.i1.i1.i1.i1.i1"/></StgValue>
</bind>
</comp>

<comp id="424" class="1001" name="const_424">
<pin_list>
<pin id="425" dir="1" index="0" bw="1" slack="0"/>
</pin_list>
<bind>
<StgValue><ssdm name="_ssdm_op_Write.s_axilite.i32P0A"/></StgValue>
</bind>
</comp>

<comp id="426" class="1001" name="const_426">
<pin_list>
<pin id="427" dir="1" index="0" bw="1" slack="0"/>
</pin_list>
<bind>
<StgValue><ssdm name=""/></StgValue>
</bind>
</comp>

<comp id="428" class="1004" name="weight_sum_loc_fu_428">
<pin_list>
<pin id="429" dir="0" index="0" bw="1" slack="0"/>
<pin id="430" dir="1" index="1" bw="14" slack="7"/>
</pin_list>
<bind>
<opcode="alloca(26) " fcode="alloca"/>
<opset="weight_sum_loc/1 "/>
</bind>
</comp>

<comp id="432" class="1004" name="encoder_spikes_fu_432">
<pin_list>
<pin id="433" dir="0" index="0" bw="1" slack="0"/>
<pin id="434" dir="1" index="1" bw="41" slack="0"/>
</pin_list>
<bind>
<opcode="alloca(26) " fcode="alloca"/>
<opset="encoder_spikes/1 "/>
</bind>
</comp>

<comp id="436" class="1004" name="p_phi17_fu_436">
<pin_list>
<pin id="437" dir="0" index="0" bw="1" slack="0"/>
<pin id="438" dir="1" index="1" bw="1" slack="1"/>
</pin_list>
<bind>
<opcode="alloca(26) " fcode="alloca"/>
<opset="p_phi17/7 "/>
</bind>
</comp>

<comp id="440" class="1004" name="p_phi16_fu_440">
<pin_list>
<pin id="441" dir="0" index="0" bw="1" slack="0"/>
<pin id="442" dir="1" index="1" bw="1" slack="1"/>
</pin_list>
<bind>
<opcode="alloca(26) " fcode="alloca"/>
<opset="p_phi16/7 "/>
</bind>
</comp>

<comp id="444" class="1004" name="p_phi15_fu_444">
<pin_list>
<pin id="445" dir="0" index="0" bw="1" slack="0"/>
<pin id="446" dir="1" index="1" bw="8" slack="1"/>
</pin_list>
<bind>
<opcode="alloca(26) " fcode="alloca"/>
<opset="p_phi15/7 "/>
</bind>
</comp>

<comp id="448" class="1004" name="p_phi_fu_448">
<pin_list>
<pin id="449" dir="0" index="0" bw="1" slack="0"/>
<pin id="450" dir="1" index="1" bw="8" slack="1"/>
</pin_list>
<bind>
<opcode="alloca(26) " fcode="alloca"/>
<opset="p_phi/7 "/>
</bind>
</comp>

<comp id="452" class="1004" name="t_fu_452">
<pin_list>
<pin id="453" dir="0" index="0" bw="1" slack="0"/>
<pin id="454" dir="1" index="1" bw="16" slack="0"/>
</pin_list>
<bind>
<opcode="alloca(26) " fcode="alloca"/>
<opset="t/7 "/>
</bind>
</comp>

<comp id="456" class="1004" name="empty_59_fu_456">
<pin_list>
<pin id="457" dir="0" index="0" bw="1" slack="0"/>
<pin id="458" dir="1" index="1" bw="1" slack="0"/>
</pin_list>
<bind>
<opcode="alloca(26) " fcode="alloca"/>
<opset="empty_59/7 "/>
</bind>
</comp>

<comp id="460" class="1004" name="snn_busy_read_read_fu_460">
<pin_list>
<pin id="461" dir="0" index="0" bw="1" slack="0"/>
<pin id="462" dir="0" index="1" bw="1" slack="0"/>
<pin id="463" dir="1" index="2" bw="1" slack="9"/>
</pin_list>
<bind>
<opcode="read(1150) " fcode="read"/>
<opset="snn_busy_read/1 "/>
</bind>
</comp>

<comp id="466" class="1004" name="snn_ready_read_read_fu_466">
<pin_list>
<pin id="467" dir="0" index="0" bw="1" slack="0"/>
<pin id="468" dir="0" index="1" bw="1" slack="0"/>
<pin id="469" dir="1" index="2" bw="1" slack="9"/>
</pin_list>
<bind>
<opcode="read(1150) " fcode="read"/>
<opset="snn_ready_read/1 "/>
</bind>
</comp>

<comp id="472" class="1004" name="spike_out_weight_read_read_fu_472">
<pin_list>
<pin id="473" dir="0" index="0" bw="8" slack="0"/>
<pin id="474" dir="0" index="1" bw="8" slack="0"/>
<pin id="475" dir="1" index="2" bw="8" slack="12"/>
</pin_list>
<bind>
<opcode="read(1150) " fcode="read"/>
<opset="spike_out_weight_read/1 "/>
</bind>
</comp>

<comp id="478" class="1004" name="spike_out_neuron_id_read_read_fu_478">
<pin_list>
<pin id="479" dir="0" index="0" bw="8" slack="0"/>
<pin id="480" dir="0" index="1" bw="8" slack="0"/>
<pin id="481" dir="1" index="2" bw="8" slack="6"/>
</pin_list>
<bind>
<opcode="read(1150) " fcode="read"/>
<opset="spike_out_neuron_id_read/1 "/>
</bind>
</comp>

<comp id="484" class="1004" name="spike_out_valid_read_read_fu_484">
<pin_list>
<pin id="485" dir="0" index="0" bw="1" slack="0"/>
<pin id="486" dir="0" index="1" bw="1" slack="0"/>
<pin id="487" dir="1" index="2" bw="1" slack="12"/>
</pin_list>
<bind>
<opcode="read(1150) " fcode="read"/>
<opset="spike_out_valid_read/1 "/>
</bind>
</comp>

<comp id="490" class="1004" name="spike_in_ready_read_read_fu_490">
<pin_list>
<pin id="491" dir="0" index="0" bw="1" slack="0"/>
<pin id="492" dir="0" index="1" bw="1" slack="0"/>
<pin id="493" dir="1" index="2" bw="1" slack="6"/>
</pin_list>
<bind>
<opcode="read(1150) " fcode="read"/>
<opset="spike_in_ready_read/1 "/>
</bind>
</comp>

<comp id="496" class="1004" name="reward_signal_read_read_fu_496">
<pin_list>
<pin id="497" dir="0" index="0" bw="8" slack="0"/>
<pin id="498" dir="0" index="1" bw="8" slack="0"/>
<pin id="499" dir="1" index="2" bw="8" slack="16"/>
</pin_list>
<bind>
<opcode="read(1150) " fcode="read"/>
<opset="reward_signal_read/1 "/>
</bind>
</comp>

<comp id="502" class="1004" name="encoder_config_read_read_fu_502">
<pin_list>
<pin id="503" dir="0" index="0" bw="144" slack="0"/>
<pin id="504" dir="0" index="1" bw="144" slack="0"/>
<pin id="505" dir="1" index="2" bw="144" slack="0"/>
</pin_list>
<bind>
<opcode="read(1150) " fcode="read"/>
<opset="encoder_config_read/1 "/>
</bind>
</comp>

<comp id="508" class="1004" name="learning_params_read_read_fu_508">
<pin_list>
<pin id="509" dir="0" index="0" bw="144" slack="0"/>
<pin id="510" dir="0" index="1" bw="144" slack="0"/>
<pin id="511" dir="1" index="2" bw="144" slack="0"/>
</pin_list>
<bind>
<opcode="read(1150) " fcode="read"/>
<opset="learning_params_read/1 "/>
</bind>
</comp>

<comp id="514" class="1004" name="time_steps_reg_read_read_fu_514">
<pin_list>
<pin id="515" dir="0" index="0" bw="32" slack="0"/>
<pin id="516" dir="0" index="1" bw="32" slack="0"/>
<pin id="517" dir="1" index="2" bw="32" slack="0"/>
</pin_list>
<bind>
<opcode="read(1150) " fcode="read"/>
<opset="time_steps_reg_read/1 "/>
</bind>
</comp>

<comp id="520" class="1004" name="mode_reg_read_read_fu_520">
<pin_list>
<pin id="521" dir="0" index="0" bw="32" slack="0"/>
<pin id="522" dir="0" index="1" bw="32" slack="0"/>
<pin id="523" dir="1" index="2" bw="32" slack="0"/>
</pin_list>
<bind>
<opcode="read(1150) " fcode="read"/>
<opset="mode_reg_read/1 "/>
</bind>
</comp>

<comp id="526" class="1004" name="config_reg_read_read_fu_526">
<pin_list>
<pin id="527" dir="0" index="0" bw="32" slack="0"/>
<pin id="528" dir="0" index="1" bw="32" slack="0"/>
<pin id="529" dir="1" index="2" bw="32" slack="0"/>
</pin_list>
<bind>
<opcode="read(1150) " fcode="read"/>
<opset="config_reg_read/1 "/>
</bind>
</comp>

<comp id="532" class="1004" name="ctrl_reg_read_read_fu_532">
<pin_list>
<pin id="533" dir="0" index="0" bw="32" slack="0"/>
<pin id="534" dir="0" index="1" bw="32" slack="0"/>
<pin id="535" dir="1" index="2" bw="32" slack="0"/>
</pin_list>
<bind>
<opcode="read(1150) " fcode="read"/>
<opset="ctrl_reg_read/1 "/>
</bind>
</comp>

<comp id="538" class="1004" name="tmp_nbreadreq_fu_538">
<pin_list>
<pin id="539" dir="0" index="0" bw="1" slack="0"/>
<pin id="540" dir="0" index="1" bw="32" slack="0"/>
<pin id="541" dir="0" index="2" bw="4" slack="0"/>
<pin id="542" dir="0" index="3" bw="4" slack="0"/>
<pin id="543" dir="0" index="4" bw="1" slack="0"/>
<pin id="544" dir="0" index="5" bw="1" slack="0"/>
<pin id="545" dir="0" index="6" bw="1" slack="0"/>
<pin id="546" dir="0" index="7" bw="1" slack="0"/>
<pin id="547" dir="0" index="8" bw="1" slack="0"/>
<pin id="548" dir="1" index="9" bw="1" slack="1"/>
</pin_list>
<bind>
<opcode="nbreadreq(1156) " fcode="nbreadreq"/>
<opset="tmp/3 "/>
</bind>
</comp>

<comp id="558" class="1004" name="empty_58_read_fu_558">
<pin_list>
<pin id="559" dir="0" index="0" bw="44" slack="0"/>
<pin id="560" dir="0" index="1" bw="32" slack="0"/>
<pin id="561" dir="0" index="2" bw="4" slack="0"/>
<pin id="562" dir="0" index="3" bw="4" slack="0"/>
<pin id="563" dir="0" index="4" bw="1" slack="0"/>
<pin id="564" dir="0" index="5" bw="1" slack="0"/>
<pin id="565" dir="0" index="6" bw="1" slack="0"/>
<pin id="566" dir="0" index="7" bw="1" slack="0"/>
<pin id="567" dir="1" index="8" bw="44" slack="0"/>
</pin_list>
<bind>
<opcode="read(1150) " fcode="read"/>
<opset="empty_58/3 "/>
</bind>
</comp>

<comp id="576" class="1004" name="write_ln780_write_fu_576">
<pin_list>
<pin id="577" dir="0" index="0" bw="0" slack="0"/>
<pin id="578" dir="0" index="1" bw="1" slack="0"/>
<pin id="579" dir="0" index="2" bw="1" slack="3"/>
<pin id="580" dir="1" index="3" bw="0" slack="2147483647"/>
</pin_list>
<bind>
<opcode="write(1151) " fcode="write"/>
<opset="write_ln780/4 "/>
</bind>
</comp>

<comp id="583" class="1004" name="write_ln781_write_fu_583">
<pin_list>
<pin id="584" dir="0" index="0" bw="0" slack="0"/>
<pin id="585" dir="0" index="1" bw="1" slack="0"/>
<pin id="586" dir="0" index="2" bw="1" slack="3"/>
<pin id="587" dir="1" index="3" bw="0" slack="2147483647"/>
</pin_list>
<bind>
<opcode="write(1151) " fcode="write"/>
<opset="write_ln781/4 "/>
</bind>
</comp>

<comp id="590" class="1004" name="write_ln782_write_fu_590">
<pin_list>
<pin id="591" dir="0" index="0" bw="0" slack="0"/>
<pin id="592" dir="0" index="1" bw="16" slack="0"/>
<pin id="593" dir="0" index="2" bw="16" slack="3"/>
<pin id="594" dir="1" index="3" bw="0" slack="2147483647"/>
</pin_list>
<bind>
<opcode="write(1151) " fcode="write"/>
<opset="write_ln782/4 "/>
</bind>
</comp>

<comp id="597" class="1004" name="write_ln783_write_fu_597">
<pin_list>
<pin id="598" dir="0" index="0" bw="0" slack="0"/>
<pin id="599" dir="0" index="1" bw="16" slack="0"/>
<pin id="600" dir="0" index="2" bw="16" slack="3"/>
<pin id="601" dir="1" index="3" bw="0" slack="2147483647"/>
</pin_list>
<bind>
<opcode="write(1151) " fcode="write"/>
<opset="write_ln783/4 "/>
</bind>
</comp>

<comp id="604" class="1004" name="tmp_4_nbreadreq_fu_604">
<pin_list>
<pin id="605" dir="0" index="0" bw="1" slack="0"/>
<pin id="606" dir="0" index="1" bw="32" slack="0"/>
<pin id="607" dir="0" index="2" bw="4" slack="0"/>
<pin id="608" dir="0" index="3" bw="4" slack="0"/>
<pin id="609" dir="0" index="4" bw="1" slack="0"/>
<pin id="610" dir="0" index="5" bw="1" slack="0"/>
<pin id="611" dir="0" index="6" bw="1" slack="0"/>
<pin id="612" dir="0" index="7" bw="1" slack="0"/>
<pin id="613" dir="0" index="8" bw="1" slack="0"/>
<pin id="614" dir="1" index="9" bw="1" slack="3"/>
</pin_list>
<bind>
<opcode="nbreadreq(1156) " fcode="nbreadreq"/>
<opset="tmp_4/4 "/>
</bind>
</comp>

<comp id="624" class="1004" name="write_ln822_write_fu_624">
<pin_list>
<pin id="625" dir="0" index="0" bw="0" slack="0"/>
<pin id="626" dir="0" index="1" bw="1" slack="0"/>
<pin id="627" dir="0" index="2" bw="1" slack="0"/>
<pin id="628" dir="1" index="3" bw="0" slack="2147483647"/>
</pin_list>
<bind>
<opcode="write(1151) " fcode="write"/>
<opset="write_ln822/8 "/>
</bind>
</comp>

<comp id="631" class="1004" name="write_ln823_write_fu_631">
<pin_list>
<pin id="632" dir="0" index="0" bw="0" slack="0"/>
<pin id="633" dir="0" index="1" bw="8" slack="0"/>
<pin id="634" dir="0" index="2" bw="8" slack="0"/>
<pin id="635" dir="1" index="3" bw="0" slack="2147483647"/>
</pin_list>
<bind>
<opcode="write(1151) " fcode="write"/>
<opset="write_ln823/8 "/>
</bind>
</comp>

<comp id="638" class="1004" name="write_ln824_write_fu_638">
<pin_list>
<pin id="639" dir="0" index="0" bw="0" slack="0"/>
<pin id="640" dir="0" index="1" bw="8" slack="0"/>
<pin id="641" dir="0" index="2" bw="8" slack="0"/>
<pin id="642" dir="1" index="3" bw="0" slack="2147483647"/>
</pin_list>
<bind>
<opcode="write(1151) " fcode="write"/>
<opset="write_ln824/8 "/>
</bind>
</comp>

<comp id="645" class="1004" name="write_ln863_write_fu_645">
<pin_list>
<pin id="646" dir="0" index="0" bw="0" slack="0"/>
<pin id="647" dir="0" index="1" bw="1" slack="0"/>
<pin id="648" dir="0" index="2" bw="1" slack="0"/>
<pin id="649" dir="1" index="3" bw="0" slack="2147483647"/>
</pin_list>
<bind>
<opcode="write(1151) " fcode="write"/>
<opset="write_ln863/8 "/>
</bind>
</comp>

<comp id="652" class="1004" name="tmp_s_nbreadreq_fu_652">
<pin_list>
<pin id="653" dir="0" index="0" bw="1" slack="0"/>
<pin id="654" dir="0" index="1" bw="41" slack="9"/>
<pin id="655" dir="0" index="2" bw="1" slack="0"/>
<pin id="656" dir="1" index="3" bw="1" slack="3"/>
</pin_list>
<bind>
<opcode="nbreadreq(1156) " fcode="nbreadreq"/>
<opset="tmp_s/10 "/>
</bind>
</comp>

<comp id="659" class="1004" name="tmp_1_nbreadreq_fu_659">
<pin_list>
<pin id="660" dir="0" index="0" bw="1" slack="0"/>
<pin id="661" dir="0" index="1" bw="32" slack="0"/>
<pin id="662" dir="0" index="2" bw="4" slack="0"/>
<pin id="663" dir="0" index="3" bw="4" slack="0"/>
<pin id="664" dir="0" index="4" bw="1" slack="0"/>
<pin id="665" dir="0" index="5" bw="1" slack="0"/>
<pin id="666" dir="0" index="6" bw="1" slack="0"/>
<pin id="667" dir="0" index="7" bw="1" slack="0"/>
<pin id="668" dir="0" index="8" bw="1" slack="0"/>
<pin id="669" dir="1" index="9" bw="1" slack="3"/>
</pin_list>
<bind>
<opcode="nbreadreq(1156) " fcode="nbreadreq"/>
<opset="tmp_1/10 "/>
</bind>
</comp>

<comp id="679" class="1004" name="empty_60_read_fu_679">
<pin_list>
<pin id="680" dir="0" index="0" bw="44" slack="0"/>
<pin id="681" dir="0" index="1" bw="32" slack="0"/>
<pin id="682" dir="0" index="2" bw="4" slack="0"/>
<pin id="683" dir="0" index="3" bw="4" slack="0"/>
<pin id="684" dir="0" index="4" bw="1" slack="0"/>
<pin id="685" dir="0" index="5" bw="1" slack="0"/>
<pin id="686" dir="0" index="6" bw="1" slack="0"/>
<pin id="687" dir="0" index="7" bw="1" slack="0"/>
<pin id="688" dir="1" index="8" bw="44" slack="0"/>
</pin_list>
<bind>
<opcode="read(1150) " fcode="read"/>
<opset="empty_60/10 "/>
</bind>
</comp>

<comp id="697" class="1004" name="encoder_spikes_read_read_fu_697">
<pin_list>
<pin id="698" dir="0" index="0" bw="41" slack="0"/>
<pin id="699" dir="0" index="1" bw="41" slack="9"/>
<pin id="700" dir="1" index="2" bw="41" slack="0"/>
</pin_list>
<bind>
<opcode="read(1150) " fcode="read"/>
<opset="encoder_spikes_read/10 "/>
</bind>
</comp>

<comp id="702" class="1004" name="grp_nbwritereq_fu_702">
<pin_list>
<pin id="703" dir="0" index="0" bw="1" slack="0"/>
<pin id="704" dir="0" index="1" bw="32" slack="0"/>
<pin id="705" dir="0" index="2" bw="4" slack="0"/>
<pin id="706" dir="0" index="3" bw="4" slack="0"/>
<pin id="707" dir="0" index="4" bw="1" slack="0"/>
<pin id="708" dir="0" index="5" bw="1" slack="0"/>
<pin id="709" dir="0" index="6" bw="1" slack="0"/>
<pin id="710" dir="0" index="7" bw="1" slack="0"/>
<pin id="711" dir="0" index="8" bw="1" slack="0"/>
<pin id="712" dir="1" index="9" bw="1" slack="0"/>
</pin_list>
<bind>
<opcode="nbwritereq(1157) " fcode="nbwritereq"/>
<opset="tmp_3/13 tmp_2/13 "/>
</bind>
</comp>

<comp id="722" class="1004" name="grp_write_fu_722">
<pin_list>
<pin id="723" dir="0" index="0" bw="0" slack="0"/>
<pin id="724" dir="0" index="1" bw="32" slack="0"/>
<pin id="725" dir="0" index="2" bw="4" slack="0"/>
<pin id="726" dir="0" index="3" bw="4" slack="0"/>
<pin id="727" dir="0" index="4" bw="1" slack="0"/>
<pin id="728" dir="0" index="5" bw="1" slack="0"/>
<pin id="729" dir="0" index="6" bw="1" slack="0"/>
<pin id="730" dir="0" index="7" bw="1" slack="0"/>
<pin id="731" dir="0" index="8" bw="32" slack="0"/>
<pin id="732" dir="0" index="9" bw="1" slack="0"/>
<pin id="733" dir="0" index="10" bw="1" slack="0"/>
<pin id="734" dir="0" index="11" bw="1" slack="0"/>
<pin id="735" dir="0" index="12" bw="1" slack="0"/>
<pin id="736" dir="0" index="13" bw="1" slack="0"/>
<pin id="737" dir="0" index="14" bw="1" slack="0"/>
<pin id="738" dir="1" index="15" bw="0" slack="2147483647"/>
</pin_list>
<bind>
<opcode="write(1151) " fcode="write"/>
<opset="write_ln880/13 "/>
</bind>
</comp>

<comp id="753" class="1004" name="tmp_6_nbwritereq_fu_753">
<pin_list>
<pin id="754" dir="0" index="0" bw="1" slack="0"/>
<pin id="755" dir="0" index="1" bw="32" slack="0"/>
<pin id="756" dir="0" index="2" bw="4" slack="0"/>
<pin id="757" dir="0" index="3" bw="4" slack="0"/>
<pin id="758" dir="0" index="4" bw="1" slack="0"/>
<pin id="759" dir="0" index="5" bw="1" slack="0"/>
<pin id="760" dir="0" index="6" bw="1" slack="0"/>
<pin id="761" dir="0" index="7" bw="1" slack="0"/>
<pin id="762" dir="0" index="8" bw="1" slack="0"/>
<pin id="763" dir="1" index="9" bw="1" slack="2"/>
</pin_list>
<bind>
<opcode="nbwritereq(1157) " fcode="nbwritereq"/>
<opset="tmp_6/20 "/>
</bind>
</comp>

<comp id="773" class="1004" name="grp_write_fu_773">
<pin_list>
<pin id="774" dir="0" index="0" bw="0" slack="0"/>
<pin id="775" dir="0" index="1" bw="32" slack="0"/>
<pin id="776" dir="0" index="2" bw="4" slack="0"/>
<pin id="777" dir="0" index="3" bw="4" slack="0"/>
<pin id="778" dir="0" index="4" bw="1" slack="0"/>
<pin id="779" dir="0" index="5" bw="1" slack="0"/>
<pin id="780" dir="0" index="6" bw="1" slack="0"/>
<pin id="781" dir="0" index="7" bw="1" slack="0"/>
<pin id="782" dir="0" index="8" bw="24" slack="0"/>
<pin id="783" dir="0" index="9" bw="1" slack="0"/>
<pin id="784" dir="0" index="10" bw="1" slack="0"/>
<pin id="785" dir="0" index="11" bw="1" slack="0"/>
<pin id="786" dir="0" index="12" bw="1" slack="0"/>
<pin id="787" dir="0" index="13" bw="1" slack="0"/>
<pin id="788" dir="0" index="14" bw="1" slack="0"/>
<pin id="789" dir="1" index="15" bw="0" slack="2147483647"/>
</pin_list>
<bind>
<opcode="write(1151) " fcode="write"/>
<opset="write_ln907/21 "/>
</bind>
</comp>

<comp id="804" class="1004" name="write_ln943_write_fu_804">
<pin_list>
<pin id="805" dir="0" index="0" bw="0" slack="0"/>
<pin id="806" dir="0" index="1" bw="32" slack="0"/>
<pin id="807" dir="0" index="2" bw="8" slack="0"/>
<pin id="808" dir="1" index="3" bw="0" slack="2147483647"/>
</pin_list>
<bind>
<opcode="write(1151) " fcode="write"/>
<opset="write_ln943/24 "/>
</bind>
</comp>

<comp id="811" class="1004" name="write_ln944_write_fu_811">
<pin_list>
<pin id="812" dir="0" index="0" bw="0" slack="0"/>
<pin id="813" dir="0" index="1" bw="32" slack="0"/>
<pin id="814" dir="0" index="2" bw="32" slack="0"/>
<pin id="815" dir="1" index="3" bw="0" slack="2147483647"/>
</pin_list>
<bind>
<opcode="write(1151) " fcode="write"/>
<opset="write_ln944/24 "/>
</bind>
</comp>

<comp id="818" class="1004" name="write_ln945_write_fu_818">
<pin_list>
<pin id="819" dir="0" index="0" bw="0" slack="0"/>
<pin id="820" dir="0" index="1" bw="32" slack="0"/>
<pin id="821" dir="0" index="2" bw="31" slack="0"/>
<pin id="822" dir="1" index="3" bw="0" slack="2147483647"/>
</pin_list>
<bind>
<opcode="write(1151) " fcode="write"/>
<opset="write_ln945/24 "/>
</bind>
</comp>

<comp id="826" class="1004" name="write_ln955_write_fu_826">
<pin_list>
<pin id="827" dir="0" index="0" bw="0" slack="0"/>
<pin id="828" dir="0" index="1" bw="32" slack="0"/>
<pin id="829" dir="0" index="2" bw="14" slack="0"/>
<pin id="830" dir="1" index="3" bw="0" slack="2147483647"/>
</pin_list>
<bind>
<opcode="write(1151) " fcode="write"/>
<opset="write_ln955/24 "/>
</bind>
</comp>

<comp id="833" class="1004" name="p_ZL13weight_memory_0_addr_1_gep_fu_833">
<pin_list>
<pin id="834" dir="0" index="0" bw="8" slack="0"/>
<pin id="835" dir="0" index="1" bw="1" slack="0"/>
<pin id="836" dir="0" index="2" bw="15" slack="0"/>
<pin id="837" dir="1" index="3" bw="15" slack="1"/>
</pin_list>
<bind>
<opcode="getelementptr(29) " fcode="getelementptr"/>
<opset="p_ZL13weight_memory_0_addr_1/3 "/>
</bind>
</comp>

<comp id="840" class="1004" name="p_ZL13weight_memory_1_addr_1_gep_fu_840">
<pin_list>
<pin id="841" dir="0" index="0" bw="8" slack="0"/>
<pin id="842" dir="0" index="1" bw="1" slack="0"/>
<pin id="843" dir="0" index="2" bw="15" slack="0"/>
<pin id="844" dir="1" index="3" bw="15" slack="1"/>
</pin_list>
<bind>
<opcode="getelementptr(29) " fcode="getelementptr"/>
<opset="p_ZL13weight_memory_1_addr_1/3 "/>
</bind>
</comp>

<comp id="847" class="1004" name="grp_access_fu_847">
<pin_list>
<pin id="848" dir="0" index="0" bw="15" slack="0"/>
<pin id="849" dir="0" index="1" bw="8" slack="2147483647"/>
<pin id="850" dir="0" index="2" bw="0" slack="1"/>
<pin id="852" dir="0" index="4" bw="15" slack="1"/>
<pin id="853" dir="0" index="5" bw="8" slack="2147483647"/>
<pin id="854" dir="0" index="6" bw="0" slack="2147483647"/>
<pin id="851" dir="1" index="3" bw="8" slack="0"/>
<pin id="855" dir="1" index="7" bw="8" slack="2147483647"/>
</pin_list>
<bind>
<opcode="load(27) store(28) " fcode="load"/>
<opset="store_ln767/4 p_ZL13weight_memory_0_load/20 "/>
</bind>
</comp>

<comp id="856" class="1004" name="grp_access_fu_856">
<pin_list>
<pin id="857" dir="0" index="0" bw="15" slack="0"/>
<pin id="858" dir="0" index="1" bw="8" slack="2147483647"/>
<pin id="859" dir="0" index="2" bw="0" slack="1"/>
<pin id="861" dir="0" index="4" bw="15" slack="1"/>
<pin id="862" dir="0" index="5" bw="8" slack="2147483647"/>
<pin id="863" dir="0" index="6" bw="0" slack="2147483647"/>
<pin id="860" dir="1" index="3" bw="8" slack="0"/>
<pin id="864" dir="1" index="7" bw="8" slack="2147483647"/>
</pin_list>
<bind>
<opcode="load(27) store(28) " fcode="load"/>
<opset="store_ln767/4 p_ZL13weight_memory_1_load/20 "/>
</bind>
</comp>

<comp id="865" class="1004" name="p_ZL16post_eligibility_0_addr_gep_fu_865">
<pin_list>
<pin id="866" dir="0" index="0" bw="8" slack="0"/>
<pin id="867" dir="0" index="1" bw="1" slack="0"/>
<pin id="868" dir="0" index="2" bw="7" slack="0"/>
<pin id="869" dir="1" index="3" bw="7" slack="7"/>
</pin_list>
<bind>
<opcode="getelementptr(29) " fcode="getelementptr"/>
<opset="p_ZL16post_eligibility_0_addr/7 "/>
</bind>
</comp>

<comp id="872" class="1004" name="p_ZL16post_eligibility_1_addr_gep_fu_872">
<pin_list>
<pin id="873" dir="0" index="0" bw="8" slack="0"/>
<pin id="874" dir="0" index="1" bw="1" slack="0"/>
<pin id="875" dir="0" index="2" bw="7" slack="0"/>
<pin id="876" dir="1" index="3" bw="7" slack="7"/>
</pin_list>
<bind>
<opcode="getelementptr(29) " fcode="getelementptr"/>
<opset="p_ZL16post_eligibility_1_addr/7 "/>
</bind>
</comp>

<comp id="879" class="1004" name="p_ZL15pre_eligibility_0_addr_gep_fu_879">
<pin_list>
<pin id="880" dir="0" index="0" bw="8" slack="0"/>
<pin id="881" dir="0" index="1" bw="1" slack="0"/>
<pin id="882" dir="0" index="2" bw="7" slack="0"/>
<pin id="883" dir="1" index="3" bw="7" slack="0"/>
</pin_list>
<bind>
<opcode="getelementptr(29) " fcode="getelementptr"/>
<opset="p_ZL15pre_eligibility_0_addr/11 "/>
</bind>
</comp>

<comp id="886" class="1004" name="p_ZL15pre_eligibility_1_addr_gep_fu_886">
<pin_list>
<pin id="887" dir="0" index="0" bw="8" slack="0"/>
<pin id="888" dir="0" index="1" bw="1" slack="0"/>
<pin id="889" dir="0" index="2" bw="7" slack="0"/>
<pin id="890" dir="1" index="3" bw="7" slack="0"/>
</pin_list>
<bind>
<opcode="getelementptr(29) " fcode="getelementptr"/>
<opset="p_ZL15pre_eligibility_1_addr/11 "/>
</bind>
</comp>

<comp id="893" class="1004" name="grp_access_fu_893">
<pin_list>
<pin id="894" dir="0" index="0" bw="7" slack="0"/>
<pin id="895" dir="0" index="1" bw="8" slack="2147483647"/>
<pin id="896" dir="0" index="2" bw="0" slack="2"/>
<pin id="905" dir="0" index="4" bw="7" slack="0"/>
<pin id="906" dir="0" index="5" bw="8" slack="2147483647"/>
<pin id="907" dir="0" index="6" bw="0" slack="2147483647"/>
<pin id="897" dir="1" index="3" bw="8" slack="0"/>
<pin id="908" dir="1" index="7" bw="8" slack="2147483647"/>
</pin_list>
<bind>
<opcode="load(27) store(28) " fcode="store"/>
<opset="p_ZL15pre_eligibility_0_load/11 store_ln542/13 "/>
</bind>
</comp>

<comp id="899" class="1004" name="grp_access_fu_899">
<pin_list>
<pin id="900" dir="0" index="0" bw="7" slack="0"/>
<pin id="901" dir="0" index="1" bw="8" slack="2147483647"/>
<pin id="902" dir="0" index="2" bw="0" slack="2"/>
<pin id="909" dir="0" index="4" bw="7" slack="0"/>
<pin id="910" dir="0" index="5" bw="8" slack="2147483647"/>
<pin id="911" dir="0" index="6" bw="0" slack="2147483647"/>
<pin id="903" dir="1" index="3" bw="8" slack="0"/>
<pin id="912" dir="1" index="7" bw="8" slack="2147483647"/>
</pin_list>
<bind>
<opcode="load(27) store(28) " fcode="store"/>
<opset="p_ZL15pre_eligibility_1_load/11 store_ln542/13 "/>
</bind>
</comp>

<comp id="913" class="1004" name="grp_access_fu_913">
<pin_list>
<pin id="914" dir="0" index="0" bw="7" slack="7"/>
<pin id="915" dir="0" index="1" bw="8" slack="2147483647"/>
<pin id="916" dir="0" index="2" bw="0" slack="9"/>
<pin id="923" dir="0" index="4" bw="7" slack="0"/>
<pin id="924" dir="0" index="5" bw="8" slack="2147483647"/>
<pin id="925" dir="0" index="6" bw="0" slack="2147483647"/>
<pin id="917" dir="1" index="3" bw="8" slack="0"/>
<pin id="926" dir="1" index="7" bw="8" slack="2147483647"/>
</pin_list>
<bind>
<opcode="load(27) store(28) " fcode="store"/>
<opset="p_ZL16post_eligibility_0_load/14 store_ln549/16 "/>
</bind>
</comp>

<comp id="918" class="1004" name="grp_access_fu_918">
<pin_list>
<pin id="919" dir="0" index="0" bw="7" slack="7"/>
<pin id="920" dir="0" index="1" bw="8" slack="2147483647"/>
<pin id="921" dir="0" index="2" bw="0" slack="9"/>
<pin id="927" dir="0" index="4" bw="7" slack="0"/>
<pin id="928" dir="0" index="5" bw="8" slack="2147483647"/>
<pin id="929" dir="0" index="6" bw="0" slack="2147483647"/>
<pin id="922" dir="1" index="3" bw="8" slack="0"/>
<pin id="930" dir="1" index="7" bw="8" slack="2147483647"/>
</pin_list>
<bind>
<opcode="load(27) store(28) " fcode="store"/>
<opset="p_ZL16post_eligibility_1_load/14 store_ln549/16 "/>
</bind>
</comp>

<comp id="931" class="1004" name="p_ZL13weight_memory_0_addr_gep_fu_931">
<pin_list>
<pin id="932" dir="0" index="0" bw="8" slack="0"/>
<pin id="933" dir="0" index="1" bw="1" slack="0"/>
<pin id="934" dir="0" index="2" bw="7" slack="0"/>
<pin id="935" dir="1" index="3" bw="15" slack="0"/>
</pin_list>
<bind>
<opcode="getelementptr(29) " fcode="getelementptr"/>
<opset="p_ZL13weight_memory_0_addr/20 "/>
</bind>
</comp>

<comp id="938" class="1004" name="p_ZL13weight_memory_1_addr_gep_fu_938">
<pin_list>
<pin id="939" dir="0" index="0" bw="8" slack="0"/>
<pin id="940" dir="0" index="1" bw="1" slack="0"/>
<pin id="941" dir="0" index="2" bw="7" slack="0"/>
<pin id="942" dir="1" index="3" bw="15" slack="0"/>
</pin_list>
<bind>
<opcode="getelementptr(29) " fcode="getelementptr"/>
<opset="p_ZL13weight_memory_1_addr/20 "/>
</bind>
</comp>

<comp id="947" class="1005" name="last_mode_loc_0_reg_947">
<pin_list>
<pin id="948" dir="0" index="0" bw="2" slack="4"/>
<pin id="949" dir="1" index="1" bw="2" slack="4"/>
</pin_list>
<bind>
<opset="last_mode_loc_0 (phireg) "/>
</bind>
</comp>

<comp id="950" class="1004" name="last_mode_loc_0_phi_fu_950">
<pin_list>
<pin id="951" dir="0" index="0" bw="1" slack="0"/>
<pin id="952" dir="0" index="1" bw="0" slack="2147483647"/>
<pin id="953" dir="0" index="2" bw="2" slack="2147483647"/>
<pin id="954" dir="0" index="3" bw="0" slack="2147483647"/>
<pin id="955" dir="1" index="4" bw="2" slack="4"/>
</pin_list>
<bind>
<opcode="phi(47) " fcode="phi"/>
<opset="last_mode_loc_0/3 "/>
</bind>
</comp>

<comp id="958" class="1005" name="in_pkt_data_2_reg_958">
<pin_list>
<pin id="959" dir="0" index="0" bw="18" slack="2147483647"/>
<pin id="960" dir="1" index="1" bw="18" slack="2147483647"/>
</pin_list>
<bind>
<opset="in_pkt_data_2 (phireg) "/>
</bind>
</comp>

<comp id="961" class="1004" name="in_pkt_data_2_phi_fu_961">
<pin_list>
<pin id="962" dir="0" index="0" bw="18" slack="1"/>
<pin id="963" dir="0" index="1" bw="0" slack="2147483647"/>
<pin id="964" dir="0" index="2" bw="18" slack="1"/>
<pin id="965" dir="0" index="3" bw="0" slack="2147483647"/>
<pin id="966" dir="1" index="4" bw="18" slack="0"/>
</pin_list>
<bind>
<opcode="phi(47) " fcode="phi"/>
<opset="in_pkt_data_2/11 "/>
</bind>
</comp>

<comp id="967" class="1005" name="empty_61_reg_967">
<pin_list>
<pin id="968" dir="0" index="0" bw="8" slack="3"/>
<pin id="969" dir="1" index="1" bw="8" slack="3"/>
</pin_list>
<bind>
<opset="empty_61 (phireg) "/>
</bind>
</comp>

<comp id="971" class="1004" name="empty_61_phi_fu_971">
<pin_list>
<pin id="972" dir="0" index="0" bw="8" slack="2"/>
<pin id="973" dir="0" index="1" bw="0" slack="2147483647"/>
<pin id="974" dir="0" index="2" bw="1" slack="4"/>
<pin id="975" dir="0" index="3" bw="0" slack="2147483647"/>
<pin id="976" dir="0" index="4" bw="1" slack="3"/>
<pin id="977" dir="0" index="5" bw="0" slack="2147483647"/>
<pin id="978" dir="1" index="6" bw="8" slack="9"/>
</pin_list>
<bind>
<opcode="phi(47) " fcode="phi"/>
<opset="empty_61/13 "/>
</bind>
</comp>

<comp id="982" class="1005" name="empty_62_reg_982">
<pin_list>
<pin id="983" dir="0" index="0" bw="8" slack="3"/>
<pin id="984" dir="1" index="1" bw="8" slack="3"/>
</pin_list>
<bind>
<opset="empty_62 (phireg) "/>
</bind>
</comp>

<comp id="986" class="1004" name="empty_62_phi_fu_986">
<pin_list>
<pin id="987" dir="0" index="0" bw="8" slack="2"/>
<pin id="988" dir="0" index="1" bw="0" slack="2147483647"/>
<pin id="989" dir="0" index="2" bw="1" slack="4"/>
<pin id="990" dir="0" index="3" bw="0" slack="2147483647"/>
<pin id="991" dir="0" index="4" bw="1" slack="3"/>
<pin id="992" dir="0" index="5" bw="0" slack="2147483647"/>
<pin id="993" dir="1" index="6" bw="8" slack="9"/>
</pin_list>
<bind>
<opcode="phi(47) " fcode="phi"/>
<opset="empty_62/13 "/>
</bind>
</comp>

<comp id="997" class="1005" name="empty_63_reg_997">
<pin_list>
<pin id="998" dir="0" index="0" bw="1" slack="3"/>
<pin id="999" dir="1" index="1" bw="1" slack="3"/>
</pin_list>
<bind>
<opset="empty_63 (phireg) "/>
</bind>
</comp>

<comp id="1001" class="1004" name="empty_63_phi_fu_1001">
<pin_list>
<pin id="1002" dir="0" index="0" bw="1" slack="0"/>
<pin id="1003" dir="0" index="1" bw="0" slack="2147483647"/>
<pin id="1004" dir="0" index="2" bw="1" slack="4"/>
<pin id="1005" dir="0" index="3" bw="0" slack="2147483647"/>
<pin id="1006" dir="0" index="4" bw="1" slack="3"/>
<pin id="1007" dir="0" index="5" bw="0" slack="2147483647"/>
<pin id="1008" dir="1" index="6" bw="1" slack="0"/>
</pin_list>
<bind>
<opcode="phi(47) " fcode="phi"/>
<opset="empty_63/13 "/>
</bind>
</comp>

<comp id="1012" class="1004" name="grp_encoder_reset_temporal_state_fu_1012">
<pin_list>
<pin id="1013" dir="0" index="0" bw="0" slack="0"/>
<pin id="1014" dir="0" index="1" bw="32" slack="0"/>
<pin id="1015" dir="0" index="2" bw="1" slack="0"/>
<pin id="1016" dir="0" index="3" bw="32" slack="0"/>
<pin id="1017" dir="0" index="4" bw="1" slack="0"/>
<pin id="1018" dir="0" index="5" bw="32" slack="0"/>
<pin id="1019" dir="1" index="6" bw="0" slack="2147483647"/>
</pin_list>
<bind>
<opcode="call(48) " fcode="call"/>
<opset="call_ln720/1 call_ln799/5 "/>
</bind>
</comp>

<comp id="1026" class="1004" name="grp_snn_top_hls_Pipeline_RESET_ELIG_fu_1026">
<pin_list>
<pin id="1027" dir="0" index="0" bw="0" slack="0"/>
<pin id="1028" dir="0" index="1" bw="8" slack="0"/>
<pin id="1029" dir="0" index="2" bw="8" slack="0"/>
<pin id="1030" dir="0" index="3" bw="8" slack="0"/>
<pin id="1031" dir="0" index="4" bw="8" slack="0"/>
<pin id="1032" dir="1" index="5" bw="0" slack="2147483647"/>
</pin_list>
<bind>
<opcode="call(48) " fcode="call"/>
<opset="call_ln0/1 "/>
</bind>
</comp>

<comp id="1038" class="1004" name="grp_snn_top_hls_Pipeline_RESET_TRACES_fu_1038">
<pin_list>
<pin id="1039" dir="0" index="0" bw="0" slack="0"/>
<pin id="1040" dir="0" index="1" bw="8" slack="0"/>
<pin id="1041" dir="0" index="2" bw="16" slack="0"/>
<pin id="1042" dir="0" index="3" bw="8" slack="0"/>
<pin id="1043" dir="0" index="4" bw="16" slack="0"/>
<pin id="1044" dir="0" index="5" bw="8" slack="0"/>
<pin id="1045" dir="0" index="6" bw="16" slack="0"/>
<pin id="1046" dir="0" index="7" bw="8" slack="0"/>
<pin id="1047" dir="0" index="8" bw="16" slack="0"/>
<pin id="1048" dir="1" index="9" bw="0" slack="2147483647"/>
</pin_list>
<bind>
<opcode="call(48) " fcode="call"/>
<opset="call_ln0/1 "/>
</bind>
</comp>

<comp id="1058" class="1004" name="grp_snn_top_hls_Pipeline_RESET_ENCODER_fu_1058">
<pin_list>
<pin id="1059" dir="0" index="0" bw="0" slack="0"/>
<pin id="1060" dir="0" index="1" bw="16" slack="0"/>
<pin id="1061" dir="0" index="2" bw="16" slack="0"/>
<pin id="1062" dir="1" index="3" bw="0" slack="2147483647"/>
</pin_list>
<bind>
<opcode="call(48) " fcode="call"/>
<opset="call_ln0/1 "/>
</bind>
</comp>

<comp id="1066" class="1004" name="grp_snn_top_hls_Pipeline_INIT_WEIGHT_OUTER_INIT_WEIGHT_INNER_fu_1066">
<pin_list>
<pin id="1067" dir="0" index="0" bw="0" slack="0"/>
<pin id="1068" dir="0" index="1" bw="8" slack="0"/>
<pin id="1069" dir="0" index="2" bw="8" slack="0"/>
<pin id="1070" dir="1" index="3" bw="0" slack="2147483647"/>
</pin_list>
<bind>
<opcode="call(48) " fcode="call"/>
<opset="call_ln0/2 "/>
</bind>
</comp>

<comp id="1074" class="1004" name="grp_snn_top_hls_Pipeline_LOAD_FRAME_fu_1074">
<pin_list>
<pin id="1075" dir="0" index="0" bw="0" slack="0"/>
<pin id="1076" dir="0" index="1" bw="32" slack="0"/>
<pin id="1077" dir="0" index="2" bw="4" slack="0"/>
<pin id="1078" dir="0" index="3" bw="4" slack="0"/>
<pin id="1079" dir="0" index="4" bw="1" slack="0"/>
<pin id="1080" dir="0" index="5" bw="1" slack="0"/>
<pin id="1081" dir="0" index="6" bw="1" slack="0"/>
<pin id="1082" dir="0" index="7" bw="1" slack="0"/>
<pin id="1083" dir="0" index="8" bw="8" slack="0"/>
<pin id="1084" dir="0" index="9" bw="8" slack="0"/>
<pin id="1085" dir="1" index="10" bw="0" slack="2147483647"/>
</pin_list>
<bind>
<opcode="call(48) " fcode="call"/>
<opset="call_ln0/5 "/>
</bind>
</comp>

<comp id="1096" class="1004" name="grp_run_encoder_once_fu_1096">
<pin_list>
<pin id="1097" dir="0" index="0" bw="0" slack="0"/>
<pin id="1098" dir="0" index="1" bw="4" slack="7"/>
<pin id="1099" dir="0" index="2" bw="1" slack="7"/>
<pin id="1100" dir="0" index="3" bw="8" slack="7"/>
<pin id="1101" dir="0" index="4" bw="16" slack="7"/>
<pin id="1102" dir="0" index="5" bw="16" slack="7"/>
<pin id="1103" dir="0" index="6" bw="16" slack="7"/>
<pin id="1104" dir="0" index="7" bw="16" slack="7"/>
<pin id="1105" dir="0" index="8" bw="16" slack="7"/>
<pin id="1106" dir="0" index="9" bw="8" slack="7"/>
<pin id="1107" dir="0" index="10" bw="32" slack="0"/>
<pin id="1108" dir="0" index="11" bw="41" slack="7"/>
<pin id="1109" dir="0" index="12" bw="1" slack="0"/>
<pin id="1110" dir="0" index="13" bw="16" slack="0"/>
<pin id="1111" dir="0" index="14" bw="8" slack="0"/>
<pin id="1112" dir="0" index="15" bw="16" slack="0"/>
<pin id="1113" dir="0" index="16" bw="32" slack="0"/>
<pin id="1114" dir="0" index="17" bw="1" slack="0"/>
<pin id="1115" dir="0" index="18" bw="1" slack="0"/>
<pin id="1116" dir="0" index="19" bw="32" slack="0"/>
<pin id="1117" dir="0" index="20" bw="32" slack="0"/>
<pin id="1118" dir="0" index="21" bw="16" slack="0"/>
<pin id="1119" dir="0" index="22" bw="16" slack="0"/>
<pin id="1120" dir="0" index="23" bw="8" slack="0"/>
<pin id="1121" dir="1" index="24" bw="0" slack="2147483647"/>
</pin_list>
<bind>
<opcode="call(48) " fcode="call"/>
<opset="call_ln818/8 "/>
</bind>
</comp>

<comp id="1135" class="1004" name="grp_snn_top_hls_Pipeline_WEIGHT_SUM_fu_1135">
<pin_list>
<pin id="1136" dir="0" index="0" bw="0" slack="0"/>
<pin id="1137" dir="0" index="1" bw="14" slack="7"/>
<pin id="1138" dir="0" index="2" bw="8" slack="0"/>
<pin id="1139" dir="0" index="3" bw="8" slack="0"/>
<pin id="1140" dir="1" index="4" bw="0" slack="2147483647"/>
</pin_list>
<bind>
<opcode="call(48) " fcode="call"/>
<opset="call_ln0/8 "/>
</bind>
</comp>

<comp id="1144" class="1004" name="grp_process_pre_spike_aer_fu_1144">
<pin_list>
<pin id="1145" dir="0" index="0" bw="0" slack="0"/>
<pin id="1146" dir="0" index="1" bw="8" slack="0"/>
<pin id="1147" dir="0" index="2" bw="16" slack="0"/>
<pin id="1148" dir="0" index="3" bw="8" slack="0"/>
<pin id="1149" dir="0" index="4" bw="8" slack="0"/>
<pin id="1150" dir="0" index="5" bw="16" slack="0"/>
<pin id="1151" dir="0" index="6" bw="16" slack="0"/>
<pin id="1152" dir="0" index="7" bw="8" slack="0"/>
<pin id="1153" dir="0" index="8" bw="8" slack="0"/>
<pin id="1154" dir="0" index="9" bw="16" slack="0"/>
<pin id="1155" dir="0" index="10" bw="8" slack="0"/>
<pin id="1156" dir="0" index="11" bw="16" slack="0"/>
<pin id="1157" dir="0" index="12" bw="8" slack="0"/>
<pin id="1158" dir="0" index="13" bw="8" slack="0"/>
<pin id="1159" dir="1" index="14" bw="0" slack="2147483647"/>
</pin_list>
<bind>
<opcode="call(48) " fcode="call"/>
<opset="call_ln854/11 "/>
</bind>
</comp>

<comp id="1172" class="1004" name="grp_process_post_spike_aer_fu_1172">
<pin_list>
<pin id="1173" dir="0" index="0" bw="0" slack="0"/>
<pin id="1174" dir="0" index="1" bw="8" slack="13"/>
<pin id="1175" dir="0" index="2" bw="16" slack="0"/>
<pin id="1176" dir="0" index="3" bw="8" slack="0"/>
<pin id="1177" dir="0" index="4" bw="8" slack="0"/>
<pin id="1178" dir="0" index="5" bw="16" slack="0"/>
<pin id="1179" dir="0" index="6" bw="16" slack="0"/>
<pin id="1180" dir="0" index="7" bw="8" slack="0"/>
<pin id="1181" dir="0" index="8" bw="8" slack="0"/>
<pin id="1182" dir="0" index="9" bw="16" slack="0"/>
<pin id="1183" dir="0" index="10" bw="8" slack="0"/>
<pin id="1184" dir="0" index="11" bw="16" slack="0"/>
<pin id="1185" dir="0" index="12" bw="8" slack="0"/>
<pin id="1186" dir="0" index="13" bw="8" slack="0"/>
<pin id="1187" dir="1" index="14" bw="0" slack="2147483647"/>
</pin_list>
<bind>
<opcode="call(48) " fcode="call"/>
<opset="call_ln883/14 "/>
</bind>
</comp>

<comp id="1200" class="1004" name="grp_apply_rstdp_reward_fu_1200">
<pin_list>
<pin id="1201" dir="0" index="0" bw="0" slack="0"/>
<pin id="1202" dir="0" index="1" bw="8" slack="16"/>
<pin id="1203" dir="0" index="2" bw="1" slack="16"/>
<pin id="1204" dir="0" index="3" bw="8" slack="0"/>
<pin id="1205" dir="0" index="4" bw="8" slack="0"/>
<pin id="1206" dir="0" index="5" bw="8" slack="0"/>
<pin id="1207" dir="0" index="6" bw="8" slack="0"/>
<pin id="1208" dir="0" index="7" bw="8" slack="0"/>
<pin id="1209" dir="0" index="8" bw="8" slack="0"/>
<pin id="1210" dir="1" index="9" bw="0" slack="2147483647"/>
</pin_list>
<bind>
<opcode="call(48) " fcode="call"/>
<opset="call_ln890/17 "/>
</bind>
</comp>

<comp id="1218" class="1004" name="grp_decay_eligibility_traces_fu_1218">
<pin_list>
<pin id="1219" dir="0" index="0" bw="0" slack="0"/>
<pin id="1220" dir="0" index="1" bw="8" slack="0"/>
<pin id="1221" dir="0" index="2" bw="8" slack="0"/>
<pin id="1222" dir="0" index="3" bw="8" slack="0"/>
<pin id="1223" dir="0" index="4" bw="8" slack="0"/>
<pin id="1224" dir="1" index="5" bw="0" slack="2147483647"/>
</pin_list>
<bind>
<opcode="call(48) " fcode="call"/>
<opset="call_ln891/19 "/>
</bind>
</comp>

<comp id="1230" class="1004" name="grp_load_fu_1230">
<pin_list>
<pin id="1231" dir="0" index="0" bw="1" slack="0"/>
<pin id="1232" dir="1" index="1" bw="1" slack="1"/>
</pin_list>
<bind>
<opcode="load(27) " fcode="load"/>
<opset="encoder_frame_loaded_load/4 encoder_frame_loaded_load_1/8 encoder_frame_loaded_load_2/8 "/>
</bind>
</comp>

<comp id="1234" class="1004" name="grp_load_fu_1234">
<pin_list>
<pin id="1235" dir="0" index="0" bw="32" slack="0"/>
<pin id="1236" dir="1" index="1" bw="32" slack="0"/>
</pin_list>
<bind>
<opcode="load(27) " fcode="load"/>
<opset="timestamp_load/5 timestamp_load_1/8 timestamp_load_2/11 timestamp_load_3/13 timestamp_load_4/22 "/>
</bind>
</comp>

<comp id="1240" class="1004" name="grp_load_fu_1240">
<pin_list>
<pin id="1241" dir="0" index="0" bw="32" slack="0"/>
<pin id="1242" dir="1" index="1" bw="32" slack="0"/>
</pin_list>
<bind>
<opcode="load(27) " fcode="load"/>
<opset="spike_counter_load_1/13 spike_counter_load/24 "/>
</bind>
</comp>

<comp id="1245" class="1004" name="grp_load_fu_1245">
<pin_list>
<pin id="1246" dir="0" index="0" bw="1" slack="3"/>
<pin id="1247" dir="1" index="1" bw="1" slack="0"/>
</pin_list>
<bind>
<opcode="load(27) " fcode="load"/>
<opset="p_load/16 p_load73/24 "/>
</bind>
</comp>

<comp id="1248" class="1005" name="reg_1248">
<pin_list>
<pin id="1249" dir="0" index="0" bw="32" slack="1"/>
<pin id="1250" dir="1" index="1" bw="32" slack="1"/>
</pin_list>
<bind>
<opset="timestamp_load timestamp_load_1 timestamp_load_3 "/>
</bind>
</comp>

<comp id="1254" class="1004" name="learning_params_rstdp_enable_fu_1254">
<pin_list>
<pin id="1255" dir="0" index="0" bw="1" slack="0"/>
<pin id="1256" dir="0" index="1" bw="144" slack="0"/>
<pin id="1257" dir="0" index="2" bw="8" slack="0"/>
<pin id="1258" dir="1" index="3" bw="1" slack="6"/>
</pin_list>
<bind>
<opcode="bitselect(1000) " fcode="bitselect"/>
<opset="learning_params_rstdp_enable/1 "/>
</bind>
</comp>

<comp id="1262" class="1004" name="encoder_config_encoding_type_fu_1262">
<pin_list>
<pin id="1263" dir="0" index="0" bw="144" slack="0"/>
<pin id="1264" dir="1" index="1" bw="4" slack="7"/>
</pin_list>
<bind>
<opcode="trunc(33) " fcode="trunc"/>
<opset="encoder_config_encoding_type/1 "/>
</bind>
</comp>

<comp id="1266" class="1004" name="encoder_config_two_neuron_enable_fu_1266">
<pin_list>
<pin id="1267" dir="0" index="0" bw="1" slack="0"/>
<pin id="1268" dir="0" index="1" bw="144" slack="0"/>
<pin id="1269" dir="0" index="2" bw="5" slack="0"/>
<pin id="1270" dir="1" index="3" bw="1" slack="7"/>
</pin_list>
<bind>
<opcode="bitselect(1000) " fcode="bitselect"/>
<opset="encoder_config_two_neuron_enable/1 "/>
</bind>
</comp>

<comp id="1274" class="1004" name="encoder_config_baseline_fu_1274">
<pin_list>
<pin id="1275" dir="0" index="0" bw="8" slack="0"/>
<pin id="1276" dir="0" index="1" bw="144" slack="0"/>
<pin id="1277" dir="0" index="2" bw="6" slack="0"/>
<pin id="1278" dir="1" index="3" bw="8" slack="7"/>
</pin_list>
<bind>
<opcode="partselect(1002) " fcode="partselect"/>
<opset="encoder_config_baseline/1 "/>
</bind>
</comp>

<comp id="1282" class="1004" name="encoder_config_rate_scale_fu_1282">
<pin_list>
<pin id="1283" dir="0" index="0" bw="16" slack="0"/>
<pin id="1284" dir="0" index="1" bw="144" slack="0"/>
<pin id="1285" dir="0" index="2" bw="7" slack="0"/>
<pin id="1286" dir="1" index="3" bw="16" slack="7"/>
</pin_list>
<bind>
<opcode="partselect(1002) " fcode="partselect"/>
<opset="encoder_config_rate_scale/1 "/>
</bind>
</comp>

<comp id="1290" class="1004" name="encoder_config_latency_window_fu_1290">
<pin_list>
<pin id="1291" dir="0" index="0" bw="16" slack="0"/>
<pin id="1292" dir="0" index="1" bw="144" slack="0"/>
<pin id="1293" dir="0" index="2" bw="8" slack="0"/>
<pin id="1294" dir="1" index="3" bw="16" slack="7"/>
</pin_list>
<bind>
<opcode="partselect(1002) " fcode="partselect"/>
<opset="encoder_config_latency_window/1 "/>
</bind>
</comp>

<comp id="1298" class="1004" name="encoder_config_delta_threshold_fu_1298">
<pin_list>
<pin id="1299" dir="0" index="0" bw="16" slack="0"/>
<pin id="1300" dir="0" index="1" bw="144" slack="0"/>
<pin id="1301" dir="0" index="2" bw="8" slack="0"/>
<pin id="1302" dir="1" index="3" bw="16" slack="7"/>
</pin_list>
<bind>
<opcode="partselect(1002) " fcode="partselect"/>
<opset="encoder_config_delta_threshold/1 "/>
</bind>
</comp>

<comp id="1306" class="1004" name="encoder_config_delta_decay_fu_1306">
<pin_list>
<pin id="1307" dir="0" index="0" bw="16" slack="0"/>
<pin id="1308" dir="0" index="1" bw="144" slack="0"/>
<pin id="1309" dir="0" index="2" bw="8" slack="0"/>
<pin id="1310" dir="1" index="3" bw="16" slack="7"/>
</pin_list>
<bind>
<opcode="partselect(1002) " fcode="partselect"/>
<opset="encoder_config_delta_decay/1 "/>
</bind>
</comp>

<comp id="1314" class="1004" name="encoder_config_num_channels_fu_1314">
<pin_list>
<pin id="1315" dir="0" index="0" bw="16" slack="0"/>
<pin id="1316" dir="0" index="1" bw="144" slack="0"/>
<pin id="1317" dir="0" index="2" bw="8" slack="0"/>
<pin id="1318" dir="1" index="3" bw="16" slack="7"/>
</pin_list>
<bind>
<opcode="partselect(1002) " fcode="partselect"/>
<opset="encoder_config_num_channels/1 "/>
</bind>
</comp>

<comp id="1322" class="1004" name="encoder_config_default_weight_fu_1322">
<pin_list>
<pin id="1323" dir="0" index="0" bw="8" slack="0"/>
<pin id="1324" dir="0" index="1" bw="144" slack="0"/>
<pin id="1325" dir="0" index="2" bw="9" slack="0"/>
<pin id="1326" dir="1" index="3" bw="8" slack="7"/>
</pin_list>
<bind>
<opcode="partselect(1002) " fcode="partselect"/>
<opset="encoder_config_default_weight/1 "/>
</bind>
</comp>

<comp id="1330" class="1004" name="enable_fu_1330">
<pin_list>
<pin id="1331" dir="0" index="0" bw="32" slack="0"/>
<pin id="1332" dir="1" index="1" bw="1" slack="3"/>
</pin_list>
<bind>
<opcode="trunc(33) " fcode="trunc"/>
<opset="enable/1 "/>
</bind>
</comp>

<comp id="1334" class="1004" name="reset_fu_1334">
<pin_list>
<pin id="1335" dir="0" index="0" bw="1" slack="0"/>
<pin id="1336" dir="0" index="1" bw="32" slack="0"/>
<pin id="1337" dir="0" index="2" bw="1" slack="0"/>
<pin id="1338" dir="1" index="3" bw="1" slack="0"/>
</pin_list>
<bind>
<opcode="bitselect(1000) " fcode="bitselect"/>
<opset="reset/1 "/>
</bind>
</comp>

<comp id="1342" class="1004" name="clear_counters_fu_1342">
<pin_list>
<pin id="1343" dir="0" index="0" bw="1" slack="0"/>
<pin id="1344" dir="0" index="1" bw="32" slack="0"/>
<pin id="1345" dir="0" index="2" bw="3" slack="0"/>
<pin id="1346" dir="1" index="3" bw="1" slack="3"/>
</pin_list>
<bind>
<opcode="bitselect(1000) " fcode="bitselect"/>
<opset="clear_counters/1 "/>
</bind>
</comp>

<comp id="1350" class="1004" name="learning_enable_fu_1350">
<pin_list>
<pin id="1351" dir="0" index="0" bw="1" slack="0"/>
<pin id="1352" dir="0" index="1" bw="32" slack="0"/>
<pin id="1353" dir="0" index="2" bw="3" slack="0"/>
<pin id="1354" dir="1" index="3" bw="1" slack="0"/>
</pin_list>
<bind>
<opcode="bitselect(1000) " fcode="bitselect"/>
<opset="learning_enable/1 "/>
</bind>
</comp>

<comp id="1358" class="1004" name="weight_read_mode_fu_1358">
<pin_list>
<pin id="1359" dir="0" index="0" bw="1" slack="0"/>
<pin id="1360" dir="0" index="1" bw="32" slack="0"/>
<pin id="1361" dir="0" index="2" bw="4" slack="0"/>
<pin id="1362" dir="1" index="3" bw="1" slack="6"/>
</pin_list>
<bind>
<opcode="bitselect(1000) " fcode="bitselect"/>
<opset="weight_read_mode/1 "/>
</bind>
</comp>

<comp id="1366" class="1004" name="apply_reward_fu_1366">
<pin_list>
<pin id="1367" dir="0" index="0" bw="1" slack="0"/>
<pin id="1368" dir="0" index="1" bw="32" slack="0"/>
<pin id="1369" dir="0" index="2" bw="4" slack="0"/>
<pin id="1370" dir="1" index="3" bw="1" slack="6"/>
</pin_list>
<bind>
<opcode="bitselect(1000) " fcode="bitselect"/>
<opset="apply_reward/1 "/>
</bind>
</comp>

<comp id="1374" class="1004" name="weight_load_mode_fu_1374">
<pin_list>
<pin id="1375" dir="0" index="0" bw="1" slack="0"/>
<pin id="1376" dir="0" index="1" bw="32" slack="0"/>
<pin id="1377" dir="0" index="2" bw="4" slack="0"/>
<pin id="1378" dir="1" index="3" bw="1" slack="2"/>
</pin_list>
<bind>
<opcode="bitselect(1000) " fcode="bitselect"/>
<opset="weight_load_mode/1 "/>
</bind>
</comp>

<comp id="1382" class="1004" name="op_mode_fu_1382">
<pin_list>
<pin id="1383" dir="0" index="0" bw="32" slack="0"/>
<pin id="1384" dir="1" index="1" bw="2" slack="0"/>
</pin_list>
<bind>
<opcode="trunc(33) " fcode="trunc"/>
<opset="op_mode/1 "/>
</bind>
</comp>

<comp id="1386" class="1004" name="encoder_enable_fu_1386">
<pin_list>
<pin id="1387" dir="0" index="0" bw="1" slack="0"/>
<pin id="1388" dir="0" index="1" bw="32" slack="0"/>
<pin id="1389" dir="0" index="2" bw="5" slack="0"/>
<pin id="1390" dir="1" index="3" bw="1" slack="3"/>
</pin_list>
<bind>
<opcode="bitselect(1000) " fcode="bitselect"/>
<opset="encoder_enable/1 "/>
</bind>
</comp>

<comp id="1394" class="1004" name="checkpoint_mode_fu_1394">
<pin_list>
<pin id="1395" dir="0" index="0" bw="2" slack="0"/>
<pin id="1396" dir="0" index="1" bw="2" slack="0"/>
<pin id="1397" dir="1" index="2" bw="1" slack="6"/>
</pin_list>
<bind>
<opcode="icmp(45) " fcode="icmp"/>
<opset="checkpoint_mode/1 "/>
</bind>
</comp>

<comp id="1400" class="1004" name="stdp_mode_fu_1400">
<pin_list>
<pin id="1401" dir="0" index="0" bw="2" slack="0"/>
<pin id="1402" dir="0" index="1" bw="2" slack="0"/>
<pin id="1403" dir="1" index="2" bw="1" slack="0"/>
</pin_list>
<bind>
<opcode="icmp(45) " fcode="icmp"/>
<opset="stdp_mode/1 "/>
</bind>
</comp>

<comp id="1406" class="1004" name="stdp_active_fu_1406">
<pin_list>
<pin id="1407" dir="0" index="0" bw="1" slack="0"/>
<pin id="1408" dir="0" index="1" bw="1" slack="0"/>
<pin id="1409" dir="1" index="2" bw="1" slack="6"/>
</pin_list>
<bind>
<opcode="and(23) " fcode="and"/>
<opset="stdp_active/1 "/>
</bind>
</comp>

<comp id="1412" class="1004" name="icmp_ln703_fu_1412">
<pin_list>
<pin id="1413" dir="0" index="0" bw="32" slack="0"/>
<pin id="1414" dir="0" index="1" bw="32" slack="0"/>
<pin id="1415" dir="1" index="2" bw="1" slack="0"/>
</pin_list>
<bind>
<opcode="icmp(45) " fcode="icmp"/>
<opset="icmp_ln703/1 "/>
</bind>
</comp>

<comp id="1418" class="1004" name="time_steps_fu_1418">
<pin_list>
<pin id="1419" dir="0" index="0" bw="32" slack="0"/>
<pin id="1420" dir="1" index="1" bw="16" slack="0"/>
</pin_list>
<bind>
<opcode="trunc(33) " fcode="trunc"/>
<opset="time_steps/1 "/>
</bind>
</comp>

<comp id="1422" class="1004" name="time_steps_1_fu_1422">
<pin_list>
<pin id="1423" dir="0" index="0" bw="1" slack="0"/>
<pin id="1424" dir="0" index="1" bw="16" slack="0"/>
<pin id="1425" dir="0" index="2" bw="16" slack="0"/>
<pin id="1426" dir="1" index="3" bw="16" slack="7"/>
</pin_list>
<bind>
<opcode="select(49) " fcode="select"/>
<opset="time_steps_1/1 "/>
</bind>
</comp>

<comp id="1430" class="1004" name="threshold_fu_1430">
<pin_list>
<pin id="1431" dir="0" index="0" bw="32" slack="0"/>
<pin id="1432" dir="1" index="1" bw="16" slack="3"/>
</pin_list>
<bind>
<opcode="trunc(33) " fcode="trunc"/>
<opset="threshold/1 "/>
</bind>
</comp>

<comp id="1434" class="1004" name="leak_rate_fu_1434">
<pin_list>
<pin id="1435" dir="0" index="0" bw="16" slack="0"/>
<pin id="1436" dir="0" index="1" bw="32" slack="0"/>
<pin id="1437" dir="0" index="2" bw="6" slack="0"/>
<pin id="1438" dir="1" index="3" bw="16" slack="3"/>
</pin_list>
<bind>
<opcode="partselect(1002) " fcode="partselect"/>
<opset="leak_rate/1 "/>
</bind>
</comp>

<comp id="1442" class="1004" name="initialized_load_load_fu_1442">
<pin_list>
<pin id="1443" dir="0" index="0" bw="1" slack="0"/>
<pin id="1444" dir="1" index="1" bw="1" slack="0"/>
</pin_list>
<bind>
<opcode="load(27) " fcode="load"/>
<opset="initialized_load/1 "/>
</bind>
</comp>

<comp id="1446" class="1004" name="last_mode_load_load_fu_1446">
<pin_list>
<pin id="1447" dir="0" index="0" bw="2" slack="0"/>
<pin id="1448" dir="1" index="1" bw="2" slack="2147483647"/>
</pin_list>
<bind>
<opcode="load(27) " fcode="load"/>
<opset="last_mode_load/1 "/>
</bind>
</comp>

<comp id="1450" class="1004" name="xor_ln711_fu_1450">
<pin_list>
<pin id="1451" dir="0" index="0" bw="1" slack="0"/>
<pin id="1452" dir="0" index="1" bw="1" slack="0"/>
<pin id="1453" dir="1" index="2" bw="1" slack="0"/>
</pin_list>
<bind>
<opcode="xor(25) " fcode="xor"/>
<opset="xor_ln711/1 "/>
</bind>
</comp>

<comp id="1456" class="1004" name="or_ln711_fu_1456">
<pin_list>
<pin id="1457" dir="0" index="0" bw="1" slack="0"/>
<pin id="1458" dir="0" index="1" bw="1" slack="0"/>
<pin id="1459" dir="1" index="2" bw="1" slack="2"/>
</pin_list>
<bind>
<opcode="or(24) " fcode="or"/>
<opset="or_ln711/1 "/>
</bind>
</comp>

<comp id="1462" class="1004" name="store_ln712_store_fu_1462">
<pin_list>
<pin id="1463" dir="0" index="0" bw="1" slack="0"/>
<pin id="1464" dir="0" index="1" bw="32" slack="0"/>
<pin id="1465" dir="1" index="2" bw="0" slack="2147483647"/>
</pin_list>
<bind>
<opcode="store(28) " fcode="store"/>
<opset="store_ln712/1 "/>
</bind>
</comp>

<comp id="1468" class="1004" name="store_ln713_store_fu_1468">
<pin_list>
<pin id="1469" dir="0" index="0" bw="1" slack="0"/>
<pin id="1470" dir="0" index="1" bw="32" slack="0"/>
<pin id="1471" dir="1" index="2" bw="0" slack="2147483647"/>
</pin_list>
<bind>
<opcode="store(28) " fcode="store"/>
<opset="store_ln713/1 "/>
</bind>
</comp>

<comp id="1474" class="1004" name="store_ln715_store_fu_1474">
<pin_list>
<pin id="1475" dir="0" index="0" bw="1" slack="0"/>
<pin id="1476" dir="0" index="1" bw="32" slack="0"/>
<pin id="1477" dir="1" index="2" bw="0" slack="2147483647"/>
</pin_list>
<bind>
<opcode="store(28) " fcode="store"/>
<opset="store_ln715/1 "/>
</bind>
</comp>

<comp id="1480" class="1004" name="store_ln718_store_fu_1480">
<pin_list>
<pin id="1481" dir="0" index="0" bw="1" slack="0"/>
<pin id="1482" dir="0" index="1" bw="8" slack="0"/>
<pin id="1483" dir="1" index="2" bw="0" slack="2147483647"/>
</pin_list>
<bind>
<opcode="store(28) " fcode="store"/>
<opset="store_ln718/1 "/>
</bind>
</comp>

<comp id="1486" class="1004" name="store_ln719_store_fu_1486">
<pin_list>
<pin id="1487" dir="0" index="0" bw="1" slack="0"/>
<pin id="1488" dir="0" index="1" bw="1" slack="0"/>
<pin id="1489" dir="1" index="2" bw="0" slack="2147483647"/>
</pin_list>
<bind>
<opcode="store(28) " fcode="store"/>
<opset="store_ln719/1 "/>
</bind>
</comp>

<comp id="1492" class="1004" name="store_ln742_store_fu_1492">
<pin_list>
<pin id="1493" dir="0" index="0" bw="1" slack="0"/>
<pin id="1494" dir="0" index="1" bw="16" slack="0"/>
<pin id="1495" dir="1" index="2" bw="0" slack="2147483647"/>
</pin_list>
<bind>
<opcode="store(28) " fcode="store"/>
<opset="store_ln742/1 "/>
</bind>
</comp>

<comp id="1498" class="1004" name="store_ln753_store_fu_1498">
<pin_list>
<pin id="1499" dir="0" index="0" bw="1" slack="0"/>
<pin id="1500" dir="0" index="1" bw="1" slack="0"/>
<pin id="1501" dir="1" index="2" bw="0" slack="2147483647"/>
</pin_list>
<bind>
<opcode="store(28) " fcode="store"/>
<opset="store_ln753/3 "/>
</bind>
</comp>

<comp id="1504" class="1004" name="w_pkt_data_fu_1504">
<pin_list>
<pin id="1505" dir="0" index="0" bw="44" slack="0"/>
<pin id="1506" dir="1" index="1" bw="32" slack="0"/>
</pin_list>
<bind>
<opcode="extractvalue(56) " fcode="extractvalue"/>
<opset="w_pkt_data/3 "/>
</bind>
</comp>

<comp id="1508" class="1004" name="weight_val_fu_1508">
<pin_list>
<pin id="1509" dir="0" index="0" bw="8" slack="0"/>
<pin id="1510" dir="0" index="1" bw="32" slack="0"/>
<pin id="1511" dir="0" index="2" bw="6" slack="0"/>
<pin id="1512" dir="1" index="3" bw="8" slack="1"/>
</pin_list>
<bind>
<opcode="partselect(1002) " fcode="partselect"/>
<opset="weight_val/3 "/>
</bind>
</comp>

<comp id="1516" class="1004" name="tmp_17_fu_1516">
<pin_list>
<pin id="1517" dir="0" index="0" bw="1" slack="0"/>
<pin id="1518" dir="0" index="1" bw="32" slack="0"/>
<pin id="1519" dir="0" index="2" bw="5" slack="0"/>
<pin id="1520" dir="1" index="3" bw="1" slack="1"/>
</pin_list>
<bind>
<opcode="bitselect(1000) " fcode="bitselect"/>
<opset="tmp_17/3 "/>
</bind>
</comp>

<comp id="1524" class="1004" name="lshr_ln4_fu_1524">
<pin_list>
<pin id="1525" dir="0" index="0" bw="7" slack="0"/>
<pin id="1526" dir="0" index="1" bw="32" slack="0"/>
<pin id="1527" dir="0" index="2" bw="5" slack="0"/>
<pin id="1528" dir="0" index="3" bw="5" slack="0"/>
<pin id="1529" dir="1" index="4" bw="7" slack="0"/>
</pin_list>
<bind>
<opcode="partselect(1002) " fcode="partselect"/>
<opset="lshr_ln4/3 "/>
</bind>
</comp>

<comp id="1534" class="1004" name="trunc_ln767_fu_1534">
<pin_list>
<pin id="1535" dir="0" index="0" bw="32" slack="0"/>
<pin id="1536" dir="1" index="1" bw="8" slack="0"/>
</pin_list>
<bind>
<opcode="trunc(33) " fcode="trunc"/>
<opset="trunc_ln767/3 "/>
</bind>
</comp>

<comp id="1538" class="1004" name="tmp_5_fu_1538">
<pin_list>
<pin id="1539" dir="0" index="0" bw="15" slack="0"/>
<pin id="1540" dir="0" index="1" bw="8" slack="0"/>
<pin id="1541" dir="0" index="2" bw="7" slack="0"/>
<pin id="1542" dir="1" index="3" bw="15" slack="0"/>
</pin_list>
<bind>
<opcode="bitconcatenate(1004) " fcode="bitconcatenate"/>
<opset="tmp_5/3 "/>
</bind>
</comp>

<comp id="1546" class="1004" name="zext_ln767_fu_1546">
<pin_list>
<pin id="1547" dir="0" index="0" bw="15" slack="0"/>
<pin id="1548" dir="1" index="1" bw="64" slack="0"/>
</pin_list>
<bind>
<opcode="zext(34) " fcode="zext"/>
<opset="zext_ln767/3 "/>
</bind>
</comp>

<comp id="1552" class="1004" name="store_ln772_store_fu_1552">
<pin_list>
<pin id="1553" dir="0" index="0" bw="1" slack="0"/>
<pin id="1554" dir="0" index="1" bw="32" slack="0"/>
<pin id="1555" dir="1" index="2" bw="0" slack="2147483647"/>
</pin_list>
<bind>
<opcode="store(28) " fcode="store"/>
<opset="store_ln772/4 "/>
</bind>
</comp>

<comp id="1558" class="1004" name="store_ln774_store_fu_1558">
<pin_list>
<pin id="1559" dir="0" index="0" bw="1" slack="0"/>
<pin id="1560" dir="0" index="1" bw="32" slack="0"/>
<pin id="1561" dir="1" index="2" bw="0" slack="2147483647"/>
</pin_list>
<bind>
<opcode="store(28) " fcode="store"/>
<opset="store_ln774/4 "/>
</bind>
</comp>

<comp id="1564" class="1004" name="store_ln798_store_fu_1564">
<pin_list>
<pin id="1565" dir="0" index="0" bw="1" slack="0"/>
<pin id="1566" dir="0" index="1" bw="1" slack="0"/>
<pin id="1567" dir="1" index="2" bw="0" slack="2147483647"/>
</pin_list>
<bind>
<opcode="store(28) " fcode="store"/>
<opset="store_ln798/7 "/>
</bind>
</comp>

<comp id="1570" class="1004" name="icmp_ln803_fu_1570">
<pin_list>
<pin id="1571" dir="0" index="0" bw="2" slack="6"/>
<pin id="1572" dir="0" index="1" bw="2" slack="4"/>
<pin id="1573" dir="1" index="2" bw="1" slack="0"/>
</pin_list>
<bind>
<opcode="icmp(45) " fcode="icmp"/>
<opset="icmp_ln803/7 "/>
</bind>
</comp>

<comp id="1575" class="1004" name="and_ln803_fu_1575">
<pin_list>
<pin id="1576" dir="0" index="0" bw="1" slack="6"/>
<pin id="1577" dir="0" index="1" bw="1" slack="0"/>
<pin id="1578" dir="1" index="2" bw="1" slack="2147483647"/>
</pin_list>
<bind>
<opcode="and(23) " fcode="and"/>
<opset="and_ln803/7 "/>
</bind>
</comp>

<comp id="1580" class="1004" name="store_ln805_store_fu_1580">
<pin_list>
<pin id="1581" dir="0" index="0" bw="1" slack="0"/>
<pin id="1582" dir="0" index="1" bw="8" slack="0"/>
<pin id="1583" dir="1" index="2" bw="0" slack="2147483647"/>
</pin_list>
<bind>
<opcode="store(28) " fcode="store"/>
<opset="store_ln805/7 "/>
</bind>
</comp>

<comp id="1586" class="1004" name="zext_ln866_fu_1586">
<pin_list>
<pin id="1587" dir="0" index="0" bw="8" slack="6"/>
<pin id="1588" dir="1" index="1" bw="10" slack="6"/>
</pin_list>
<bind>
<opcode="zext(34) " fcode="zext"/>
<opset="zext_ln866/7 "/>
</bind>
</comp>

<comp id="1589" class="1004" name="trunc_ln548_fu_1589">
<pin_list>
<pin id="1590" dir="0" index="0" bw="8" slack="6"/>
<pin id="1591" dir="1" index="1" bw="1" slack="7"/>
</pin_list>
<bind>
<opcode="trunc(33) " fcode="trunc"/>
<opset="trunc_ln548/7 "/>
</bind>
</comp>

<comp id="1592" class="1004" name="lshr_ln5_fu_1592">
<pin_list>
<pin id="1593" dir="0" index="0" bw="7" slack="0"/>
<pin id="1594" dir="0" index="1" bw="8" slack="6"/>
<pin id="1595" dir="0" index="2" bw="1" slack="0"/>
<pin id="1596" dir="0" index="3" bw="4" slack="0"/>
<pin id="1597" dir="1" index="4" bw="7" slack="0"/>
</pin_list>
<bind>
<opcode="partselect(1002) " fcode="partselect"/>
<opset="lshr_ln5/7 "/>
</bind>
</comp>

<comp id="1601" class="1004" name="zext_ln548_fu_1601">
<pin_list>
<pin id="1602" dir="0" index="0" bw="7" slack="0"/>
<pin id="1603" dir="1" index="1" bw="64" slack="0"/>
</pin_list>
<bind>
<opcode="zext(34) " fcode="zext"/>
<opset="zext_ln548/7 "/>
</bind>
</comp>

<comp id="1607" class="1004" name="and_ln826_fu_1607">
<pin_list>
<pin id="1608" dir="0" index="0" bw="1" slack="6"/>
<pin id="1609" dir="0" index="1" bw="1" slack="6"/>
<pin id="1610" dir="1" index="2" bw="1" slack="2"/>
</pin_list>
<bind>
<opcode="and(23) " fcode="and"/>
<opset="and_ln826/7 "/>
</bind>
</comp>

<comp id="1611" class="1004" name="and_ln889_fu_1611">
<pin_list>
<pin id="1612" dir="0" index="0" bw="1" slack="6"/>
<pin id="1613" dir="0" index="1" bw="1" slack="6"/>
<pin id="1614" dir="1" index="2" bw="1" slack="0"/>
</pin_list>
<bind>
<opcode="and(23) " fcode="and"/>
<opset="and_ln889/7 "/>
</bind>
</comp>

<comp id="1615" class="1004" name="xor_ln889_fu_1615">
<pin_list>
<pin id="1616" dir="0" index="0" bw="1" slack="0"/>
<pin id="1617" dir="0" index="1" bw="1" slack="0"/>
<pin id="1618" dir="1" index="2" bw="1" slack="0"/>
</pin_list>
<bind>
<opcode="xor(25) " fcode="xor"/>
<opset="xor_ln889/7 "/>
</bind>
</comp>

<comp id="1621" class="1004" name="or_ln895_fu_1621">
<pin_list>
<pin id="1622" dir="0" index="0" bw="1" slack="6"/>
<pin id="1623" dir="0" index="1" bw="1" slack="6"/>
<pin id="1624" dir="1" index="2" bw="1" slack="13"/>
</pin_list>
<bind>
<opcode="or(24) " fcode="or"/>
<opset="or_ln895/7 "/>
</bind>
</comp>

<comp id="1625" class="1004" name="xor_ln889_1_fu_1625">
<pin_list>
<pin id="1626" dir="0" index="0" bw="1" slack="6"/>
<pin id="1627" dir="0" index="1" bw="1" slack="0"/>
<pin id="1628" dir="1" index="2" bw="1" slack="0"/>
</pin_list>
<bind>
<opcode="xor(25) " fcode="xor"/>
<opset="xor_ln889_1/7 "/>
</bind>
</comp>

<comp id="1630" class="1004" name="or_ln889_fu_1630">
<pin_list>
<pin id="1631" dir="0" index="0" bw="1" slack="0"/>
<pin id="1632" dir="0" index="1" bw="1" slack="0"/>
<pin id="1633" dir="1" index="2" bw="1" slack="9"/>
</pin_list>
<bind>
<opcode="or(24) " fcode="or"/>
<opset="or_ln889/7 "/>
</bind>
</comp>

<comp id="1636" class="1004" name="store_ln0_store_fu_1636">
<pin_list>
<pin id="1637" dir="0" index="0" bw="1" slack="6"/>
<pin id="1638" dir="0" index="1" bw="1" slack="0"/>
<pin id="1639" dir="1" index="2" bw="0" slack="2147483647"/>
</pin_list>
<bind>
<opcode="store(28) " fcode="store"/>
<opset="store_ln0/7 "/>
</bind>
</comp>

<comp id="1640" class="1004" name="store_ln814_store_fu_1640">
<pin_list>
<pin id="1641" dir="0" index="0" bw="1" slack="0"/>
<pin id="1642" dir="0" index="1" bw="16" slack="0"/>
<pin id="1643" dir="1" index="2" bw="0" slack="2147483647"/>
</pin_list>
<bind>
<opcode="store(28) " fcode="store"/>
<opset="store_ln814/7 "/>
</bind>
</comp>

<comp id="1645" class="1004" name="t_1_load_fu_1645">
<pin_list>
<pin id="1646" dir="0" index="0" bw="16" slack="1"/>
<pin id="1647" dir="1" index="1" bw="16" slack="0"/>
</pin_list>
<bind>
<opcode="load(27) " fcode="load"/>
<opset="t_1/8 "/>
</bind>
</comp>

<comp id="1648" class="1004" name="icmp_ln814_fu_1648">
<pin_list>
<pin id="1649" dir="0" index="0" bw="16" slack="0"/>
<pin id="1650" dir="0" index="1" bw="16" slack="7"/>
<pin id="1651" dir="1" index="2" bw="1" slack="2147483647"/>
</pin_list>
<bind>
<opcode="icmp(45) " fcode="icmp"/>
<opset="icmp_ln814/8 "/>
</bind>
</comp>

<comp id="1653" class="1004" name="t_2_fu_1653">
<pin_list>
<pin id="1654" dir="0" index="0" bw="16" slack="0"/>
<pin id="1655" dir="0" index="1" bw="1" slack="0"/>
<pin id="1656" dir="1" index="2" bw="16" slack="14"/>
</pin_list>
<bind>
<opcode="add(8) " fcode="add"/>
<opset="t_2/8 "/>
</bind>
</comp>

<comp id="1659" class="1004" name="icmp_ln814_1_fu_1659">
<pin_list>
<pin id="1660" dir="0" index="0" bw="16" slack="7"/>
<pin id="1661" dir="0" index="1" bw="16" slack="0"/>
<pin id="1662" dir="1" index="2" bw="1" slack="2147483647"/>
</pin_list>
<bind>
<opcode="icmp(45) " fcode="icmp"/>
<opset="icmp_ln814_1/8 "/>
</bind>
</comp>

<comp id="1664" class="1004" name="p_phi17_load_load_fu_1664">
<pin_list>
<pin id="1665" dir="0" index="0" bw="1" slack="1"/>
<pin id="1666" dir="1" index="1" bw="1" slack="0"/>
</pin_list>
<bind>
<opcode="load(27) " fcode="load"/>
<opset="p_phi17_load/8 "/>
</bind>
</comp>

<comp id="1668" class="1004" name="p_phi16_load_load_fu_1668">
<pin_list>
<pin id="1669" dir="0" index="0" bw="1" slack="1"/>
<pin id="1670" dir="1" index="1" bw="1" slack="0"/>
</pin_list>
<bind>
<opcode="load(27) " fcode="load"/>
<opset="p_phi16_load/8 "/>
</bind>
</comp>

<comp id="1672" class="1004" name="p_phi15_load_load_fu_1672">
<pin_list>
<pin id="1673" dir="0" index="0" bw="8" slack="1"/>
<pin id="1674" dir="1" index="1" bw="8" slack="0"/>
</pin_list>
<bind>
<opcode="load(27) " fcode="load"/>
<opset="p_phi15_load/8 "/>
</bind>
</comp>

<comp id="1676" class="1004" name="p_phi_load_load_fu_1676">
<pin_list>
<pin id="1677" dir="0" index="0" bw="8" slack="1"/>
<pin id="1678" dir="1" index="1" bw="8" slack="0"/>
</pin_list>
<bind>
<opcode="load(27) " fcode="load"/>
<opset="p_phi_load/8 "/>
</bind>
</comp>

<comp id="1680" class="1004" name="store_ln926_store_fu_1680">
<pin_list>
<pin id="1681" dir="0" index="0" bw="1" slack="0"/>
<pin id="1682" dir="0" index="1" bw="1" slack="0"/>
<pin id="1683" dir="1" index="2" bw="0" slack="2147483647"/>
</pin_list>
<bind>
<opcode="store(28) " fcode="store"/>
<opset="store_ln926/8 "/>
</bind>
</comp>

<comp id="1686" class="1004" name="store_ln716_store_fu_1686">
<pin_list>
<pin id="1687" dir="0" index="0" bw="2" slack="7"/>
<pin id="1688" dir="0" index="1" bw="2" slack="0"/>
<pin id="1689" dir="1" index="2" bw="0" slack="2147483647"/>
</pin_list>
<bind>
<opcode="store(28) " fcode="store"/>
<opset="store_ln716/8 "/>
</bind>
</comp>

<comp id="1691" class="1004" name="in_pkt_data_1_fu_1691">
<pin_list>
<pin id="1692" dir="0" index="0" bw="44" slack="0"/>
<pin id="1693" dir="1" index="1" bw="32" slack="0"/>
</pin_list>
<bind>
<opcode="extractvalue(56) " fcode="extractvalue"/>
<opset="in_pkt_data_1/10 "/>
</bind>
</comp>

<comp id="1695" class="1004" name="trunc_ln827_fu_1695">
<pin_list>
<pin id="1696" dir="0" index="0" bw="32" slack="0"/>
<pin id="1697" dir="1" index="1" bw="18" slack="1"/>
</pin_list>
<bind>
<opcode="trunc(33) " fcode="trunc"/>
<opset="trunc_ln827/10 "/>
</bind>
</comp>

<comp id="1699" class="1004" name="enc_word_data_fu_1699">
<pin_list>
<pin id="1700" dir="0" index="0" bw="41" slack="0"/>
<pin id="1701" dir="1" index="1" bw="18" slack="1"/>
</pin_list>
<bind>
<opcode="trunc(33) " fcode="trunc"/>
<opset="enc_word_data/10 "/>
</bind>
</comp>

<comp id="1703" class="1004" name="trunc_ln846_fu_1703">
<pin_list>
<pin id="1704" dir="0" index="0" bw="18" slack="0"/>
<pin id="1705" dir="1" index="1" bw="8" slack="0"/>
</pin_list>
<bind>
<opcode="trunc(33) " fcode="trunc"/>
<opset="trunc_ln846/11 "/>
</bind>
</comp>

<comp id="1708" class="1004" name="weight_fu_1708">
<pin_list>
<pin id="1709" dir="0" index="0" bw="8" slack="0"/>
<pin id="1710" dir="0" index="1" bw="18" slack="0"/>
<pin id="1711" dir="0" index="2" bw="5" slack="0"/>
<pin id="1712" dir="0" index="3" bw="6" slack="0"/>
<pin id="1713" dir="1" index="4" bw="8" slack="2"/>
</pin_list>
<bind>
<opcode="partselect(1002) " fcode="partselect"/>
<opset="weight/11 "/>
</bind>
</comp>

<comp id="1718" class="1004" name="trunc_ln854_fu_1718">
<pin_list>
<pin id="1719" dir="0" index="0" bw="32" slack="0"/>
<pin id="1720" dir="1" index="1" bw="16" slack="0"/>
</pin_list>
<bind>
<opcode="trunc(33) " fcode="trunc"/>
<opset="trunc_ln854/11 "/>
</bind>
</comp>

<comp id="1723" class="1004" name="trunc_ln541_fu_1723">
<pin_list>
<pin id="1724" dir="0" index="0" bw="18" slack="0"/>
<pin id="1725" dir="1" index="1" bw="1" slack="1"/>
</pin_list>
<bind>
<opcode="trunc(33) " fcode="trunc"/>
<opset="trunc_ln541/11 "/>
</bind>
</comp>

<comp id="1727" class="1004" name="lshr_ln6_fu_1727">
<pin_list>
<pin id="1728" dir="0" index="0" bw="7" slack="0"/>
<pin id="1729" dir="0" index="1" bw="18" slack="0"/>
<pin id="1730" dir="0" index="2" bw="1" slack="0"/>
<pin id="1731" dir="0" index="3" bw="4" slack="0"/>
<pin id="1732" dir="1" index="4" bw="7" slack="0"/>
</pin_list>
<bind>
<opcode="partselect(1002) " fcode="partselect"/>
<opset="lshr_ln6/11 "/>
</bind>
</comp>

<comp id="1737" class="1004" name="zext_ln541_fu_1737">
<pin_list>
<pin id="1738" dir="0" index="0" bw="7" slack="0"/>
<pin id="1739" dir="1" index="1" bw="64" slack="0"/>
</pin_list>
<bind>
<opcode="zext(34) " fcode="zext"/>
<opset="zext_ln541/11 "/>
</bind>
</comp>

<comp id="1743" class="1004" name="select_ln541_fu_1743">
<pin_list>
<pin id="1744" dir="0" index="0" bw="1" slack="1"/>
<pin id="1745" dir="0" index="1" bw="8" slack="0"/>
<pin id="1746" dir="0" index="2" bw="8" slack="0"/>
<pin id="1747" dir="1" index="3" bw="8" slack="0"/>
</pin_list>
<bind>
<opcode="select(49) " fcode="select"/>
<opset="select_ln541/12 "/>
</bind>
</comp>

<comp id="1750" class="1004" name="sext_ln541_fu_1750">
<pin_list>
<pin id="1751" dir="0" index="0" bw="8" slack="0"/>
<pin id="1752" dir="1" index="1" bw="9" slack="0"/>
</pin_list>
<bind>
<opcode="sext(35) " fcode="sext"/>
<opset="sext_ln541/12 "/>
</bind>
</comp>

<comp id="1754" class="1004" name="new_elig_fu_1754">
<pin_list>
<pin id="1755" dir="0" index="0" bw="8" slack="0"/>
<pin id="1756" dir="0" index="1" bw="7" slack="0"/>
<pin id="1757" dir="1" index="2" bw="9" slack="0"/>
</pin_list>
<bind>
<opcode="add(8) " fcode="add"/>
<opset="new_elig/12 "/>
</bind>
</comp>

<comp id="1760" class="1004" name="tmp_18_fu_1760">
<pin_list>
<pin id="1761" dir="0" index="0" bw="2" slack="0"/>
<pin id="1762" dir="0" index="1" bw="9" slack="0"/>
<pin id="1763" dir="0" index="2" bw="4" slack="0"/>
<pin id="1764" dir="0" index="3" bw="5" slack="0"/>
<pin id="1765" dir="1" index="4" bw="2" slack="1"/>
</pin_list>
<bind>
<opcode="partselect(1002) " fcode="partselect"/>
<opset="tmp_18/12 "/>
</bind>
</comp>

<comp id="1770" class="1004" name="trunc_ln542_fu_1770">
<pin_list>
<pin id="1771" dir="0" index="0" bw="9" slack="0"/>
<pin id="1772" dir="1" index="1" bw="8" slack="1"/>
</pin_list>
<bind>
<opcode="trunc(33) " fcode="trunc"/>
<opset="trunc_ln542/12 "/>
</bind>
</comp>

<comp id="1774" class="1004" name="icmp_ln542_fu_1774">
<pin_list>
<pin id="1775" dir="0" index="0" bw="2" slack="1"/>
<pin id="1776" dir="0" index="1" bw="2" slack="0"/>
<pin id="1777" dir="1" index="2" bw="1" slack="0"/>
</pin_list>
<bind>
<opcode="icmp(45) " fcode="icmp"/>
<opset="icmp_ln542/13 "/>
</bind>
</comp>

<comp id="1779" class="1004" name="select_ln542_fu_1779">
<pin_list>
<pin id="1780" dir="0" index="0" bw="1" slack="0"/>
<pin id="1781" dir="0" index="1" bw="8" slack="0"/>
<pin id="1782" dir="0" index="2" bw="8" slack="1"/>
<pin id="1783" dir="1" index="3" bw="8" slack="0"/>
</pin_list>
<bind>
<opcode="select(49) " fcode="select"/>
<opset="select_ln542/13 "/>
</bind>
</comp>

<comp id="1788" class="1004" name="add_ln858_fu_1788">
<pin_list>
<pin id="1789" dir="0" index="0" bw="32" slack="0"/>
<pin id="1790" dir="0" index="1" bw="1" slack="0"/>
<pin id="1791" dir="1" index="2" bw="32" slack="0"/>
</pin_list>
<bind>
<opcode="add(8) " fcode="add"/>
<opset="add_ln858/13 "/>
</bind>
</comp>

<comp id="1794" class="1004" name="store_ln858_store_fu_1794">
<pin_list>
<pin id="1795" dir="0" index="0" bw="32" slack="0"/>
<pin id="1796" dir="0" index="1" bw="32" slack="0"/>
<pin id="1797" dir="1" index="2" bw="0" slack="2147483647"/>
</pin_list>
<bind>
<opcode="store(28) " fcode="store"/>
<opset="store_ln858/13 "/>
</bind>
</comp>

<comp id="1800" class="1004" name="store_ln865_store_fu_1800">
<pin_list>
<pin id="1801" dir="0" index="0" bw="1" slack="0"/>
<pin id="1802" dir="0" index="1" bw="1" slack="6"/>
<pin id="1803" dir="1" index="2" bw="0" slack="2147483647"/>
</pin_list>
<bind>
<opcode="store(28) " fcode="store"/>
<opset="store_ln865/13 "/>
</bind>
</comp>

<comp id="1805" class="1004" name="store_ln865_store_fu_1805">
<pin_list>
<pin id="1806" dir="0" index="0" bw="1" slack="0"/>
<pin id="1807" dir="0" index="1" bw="1" slack="6"/>
<pin id="1808" dir="1" index="2" bw="0" slack="2147483647"/>
</pin_list>
<bind>
<opcode="store(28) " fcode="store"/>
<opset="store_ln865/13 "/>
</bind>
</comp>

<comp id="1810" class="1004" name="trunc_ln873_fu_1810">
<pin_list>
<pin id="1811" dir="0" index="0" bw="32" slack="0"/>
<pin id="1812" dir="1" index="1" bw="14" slack="0"/>
</pin_list>
<bind>
<opcode="trunc(33) " fcode="trunc"/>
<opset="trunc_ln873/13 "/>
</bind>
</comp>

<comp id="1814" class="1004" name="out_pkt_data_fu_1814">
<pin_list>
<pin id="1815" dir="0" index="0" bw="32" slack="0"/>
<pin id="1816" dir="0" index="1" bw="14" slack="0"/>
<pin id="1817" dir="0" index="2" bw="8" slack="12"/>
<pin id="1818" dir="0" index="3" bw="8" slack="6"/>
<pin id="1819" dir="1" index="4" bw="32" slack="0"/>
</pin_list>
<bind>
<opcode="bitconcatenate(1004) " fcode="bitconcatenate"/>
<opset="out_pkt_data/13 "/>
</bind>
</comp>

<comp id="1823" class="1004" name="trunc_ln883_fu_1823">
<pin_list>
<pin id="1824" dir="0" index="0" bw="32" slack="1"/>
<pin id="1825" dir="1" index="1" bw="16" slack="0"/>
</pin_list>
<bind>
<opcode="trunc(33) " fcode="trunc"/>
<opset="trunc_ln883/14 "/>
</bind>
</comp>

<comp id="1828" class="1004" name="select_ln548_fu_1828">
<pin_list>
<pin id="1829" dir="0" index="0" bw="1" slack="8"/>
<pin id="1830" dir="0" index="1" bw="8" slack="0"/>
<pin id="1831" dir="0" index="2" bw="8" slack="0"/>
<pin id="1832" dir="1" index="3" bw="8" slack="0"/>
</pin_list>
<bind>
<opcode="select(49) " fcode="select"/>
<opset="select_ln548/15 "/>
</bind>
</comp>

<comp id="1835" class="1004" name="sext_ln548_fu_1835">
<pin_list>
<pin id="1836" dir="0" index="0" bw="8" slack="0"/>
<pin id="1837" dir="1" index="1" bw="9" slack="0"/>
</pin_list>
<bind>
<opcode="sext(35) " fcode="sext"/>
<opset="sext_ln548/15 "/>
</bind>
</comp>

<comp id="1839" class="1004" name="new_elig_1_fu_1839">
<pin_list>
<pin id="1840" dir="0" index="0" bw="8" slack="0"/>
<pin id="1841" dir="0" index="1" bw="7" slack="0"/>
<pin id="1842" dir="1" index="2" bw="9" slack="0"/>
</pin_list>
<bind>
<opcode="add(8) " fcode="add"/>
<opset="new_elig_1/15 "/>
</bind>
</comp>

<comp id="1845" class="1004" name="tmp_19_fu_1845">
<pin_list>
<pin id="1846" dir="0" index="0" bw="2" slack="0"/>
<pin id="1847" dir="0" index="1" bw="9" slack="0"/>
<pin id="1848" dir="0" index="2" bw="4" slack="0"/>
<pin id="1849" dir="0" index="3" bw="5" slack="0"/>
<pin id="1850" dir="1" index="4" bw="2" slack="1"/>
</pin_list>
<bind>
<opcode="partselect(1002) " fcode="partselect"/>
<opset="tmp_19/15 "/>
</bind>
</comp>

<comp id="1855" class="1004" name="trunc_ln549_fu_1855">
<pin_list>
<pin id="1856" dir="0" index="0" bw="9" slack="0"/>
<pin id="1857" dir="1" index="1" bw="8" slack="1"/>
</pin_list>
<bind>
<opcode="trunc(33) " fcode="trunc"/>
<opset="trunc_ln549/15 "/>
</bind>
</comp>

<comp id="1859" class="1004" name="icmp_ln549_fu_1859">
<pin_list>
<pin id="1860" dir="0" index="0" bw="2" slack="1"/>
<pin id="1861" dir="0" index="1" bw="2" slack="0"/>
<pin id="1862" dir="1" index="2" bw="1" slack="0"/>
</pin_list>
<bind>
<opcode="icmp(45) " fcode="icmp"/>
<opset="icmp_ln549/16 "/>
</bind>
</comp>

<comp id="1864" class="1004" name="select_ln549_fu_1864">
<pin_list>
<pin id="1865" dir="0" index="0" bw="1" slack="0"/>
<pin id="1866" dir="0" index="1" bw="8" slack="0"/>
<pin id="1867" dir="0" index="2" bw="8" slack="1"/>
<pin id="1868" dir="1" index="3" bw="8" slack="0"/>
</pin_list>
<bind>
<opcode="select(49) " fcode="select"/>
<opset="select_ln549/16 "/>
</bind>
</comp>

<comp id="1873" class="1004" name="and_ln889_1_fu_1873">
<pin_list>
<pin id="1874" dir="0" index="0" bw="1" slack="0"/>
<pin id="1875" dir="0" index="1" bw="1" slack="9"/>
<pin id="1876" dir="1" index="2" bw="1" slack="0"/>
</pin_list>
<bind>
<opcode="and(23) " fcode="and"/>
<opset="and_ln889_1/16 "/>
</bind>
</comp>

<comp id="1878" class="1004" name="store_ln889_store_fu_1878">
<pin_list>
<pin id="1879" dir="0" index="0" bw="1" slack="0"/>
<pin id="1880" dir="0" index="1" bw="1" slack="9"/>
<pin id="1881" dir="1" index="2" bw="0" slack="2147483647"/>
</pin_list>
<bind>
<opcode="store(28) " fcode="store"/>
<opset="store_ln889/16 "/>
</bind>
</comp>

<comp id="1883" class="1004" name="store_ln0_store_fu_1883">
<pin_list>
<pin id="1884" dir="0" index="0" bw="1" slack="0"/>
<pin id="1885" dir="0" index="1" bw="1" slack="13"/>
<pin id="1886" dir="1" index="2" bw="0" slack="2147483647"/>
</pin_list>
<bind>
<opcode="store(28) " fcode="store"/>
<opset="store_ln0/20 "/>
</bind>
</comp>

<comp id="1888" class="1004" name="checkpoint_col_load_load_fu_1888">
<pin_list>
<pin id="1889" dir="0" index="0" bw="8" slack="0"/>
<pin id="1890" dir="1" index="1" bw="8" slack="0"/>
</pin_list>
<bind>
<opcode="load(27) " fcode="load"/>
<opset="checkpoint_col_load/20 "/>
</bind>
</comp>

<comp id="1892" class="1004" name="trunc_ln900_fu_1892">
<pin_list>
<pin id="1893" dir="0" index="0" bw="8" slack="0"/>
<pin id="1894" dir="1" index="1" bw="1" slack="1"/>
</pin_list>
<bind>
<opcode="trunc(33) " fcode="trunc"/>
<opset="trunc_ln900/20 "/>
</bind>
</comp>

<comp id="1896" class="1004" name="lshr_ln7_fu_1896">
<pin_list>
<pin id="1897" dir="0" index="0" bw="7" slack="0"/>
<pin id="1898" dir="0" index="1" bw="8" slack="0"/>
<pin id="1899" dir="0" index="2" bw="1" slack="0"/>
<pin id="1900" dir="0" index="3" bw="4" slack="0"/>
<pin id="1901" dir="1" index="4" bw="7" slack="0"/>
</pin_list>
<bind>
<opcode="partselect(1002) " fcode="partselect"/>
<opset="lshr_ln7/20 "/>
</bind>
</comp>

<comp id="1906" class="1004" name="zext_ln900_fu_1906">
<pin_list>
<pin id="1907" dir="0" index="0" bw="7" slack="0"/>
<pin id="1908" dir="1" index="1" bw="64" slack="0"/>
</pin_list>
<bind>
<opcode="zext(34) " fcode="zext"/>
<opset="zext_ln900/20 "/>
</bind>
</comp>

<comp id="1912" class="1004" name="add_ln909_fu_1912">
<pin_list>
<pin id="1913" dir="0" index="0" bw="8" slack="0"/>
<pin id="1914" dir="0" index="1" bw="1" slack="0"/>
<pin id="1915" dir="1" index="2" bw="8" slack="0"/>
</pin_list>
<bind>
<opcode="add(8) " fcode="add"/>
<opset="add_ln909/20 "/>
</bind>
</comp>

<comp id="1918" class="1004" name="store_ln909_store_fu_1918">
<pin_list>
<pin id="1919" dir="0" index="0" bw="8" slack="0"/>
<pin id="1920" dir="0" index="1" bw="8" slack="0"/>
<pin id="1921" dir="1" index="2" bw="0" slack="2147483647"/>
</pin_list>
<bind>
<opcode="store(28) " fcode="store"/>
<opset="store_ln909/20 "/>
</bind>
</comp>

<comp id="1924" class="1004" name="select_ln900_fu_1924">
<pin_list>
<pin id="1925" dir="0" index="0" bw="1" slack="1"/>
<pin id="1926" dir="0" index="1" bw="8" slack="0"/>
<pin id="1927" dir="0" index="2" bw="8" slack="0"/>
<pin id="1928" dir="1" index="3" bw="8" slack="0"/>
</pin_list>
<bind>
<opcode="select(49) " fcode="select"/>
<opset="select_ln900/21 "/>
</bind>
</comp>

<comp id="1931" class="1004" name="tmp_7_fu_1931">
<pin_list>
<pin id="1932" dir="0" index="0" bw="24" slack="0"/>
<pin id="1933" dir="0" index="1" bw="8" slack="0"/>
<pin id="1934" dir="0" index="2" bw="8" slack="1"/>
<pin id="1935" dir="0" index="3" bw="1" slack="0"/>
<pin id="1936" dir="1" index="4" bw="24" slack="0"/>
</pin_list>
<bind>
<opcode="bitconcatenate(1004) " fcode="bitconcatenate"/>
<opset="tmp_7/21 "/>
</bind>
</comp>

<comp id="1940" class="1004" name="zext_ln900_1_fu_1940">
<pin_list>
<pin id="1941" dir="0" index="0" bw="24" slack="0"/>
<pin id="1942" dir="1" index="1" bw="32" slack="0"/>
</pin_list>
<bind>
<opcode="zext(34) " fcode="zext"/>
<opset="zext_ln900_1/21 "/>
</bind>
</comp>

<comp id="1945" class="1004" name="add_ln920_fu_1945">
<pin_list>
<pin id="1946" dir="0" index="0" bw="32" slack="0"/>
<pin id="1947" dir="0" index="1" bw="1" slack="0"/>
<pin id="1948" dir="1" index="2" bw="32" slack="0"/>
</pin_list>
<bind>
<opcode="add(8) " fcode="add"/>
<opset="add_ln920/22 "/>
</bind>
</comp>

<comp id="1951" class="1004" name="store_ln920_store_fu_1951">
<pin_list>
<pin id="1952" dir="0" index="0" bw="32" slack="0"/>
<pin id="1953" dir="0" index="1" bw="32" slack="0"/>
<pin id="1954" dir="1" index="2" bw="0" slack="2147483647"/>
</pin_list>
<bind>
<opcode="store(28) " fcode="store"/>
<opset="store_ln920/22 "/>
</bind>
</comp>

<comp id="1957" class="1004" name="store_ln814_store_fu_1957">
<pin_list>
<pin id="1958" dir="0" index="0" bw="16" slack="14"/>
<pin id="1959" dir="0" index="1" bw="16" slack="15"/>
<pin id="1960" dir="1" index="2" bw="0" slack="2147483647"/>
</pin_list>
<bind>
<opcode="store(28) " fcode="store"/>
<opset="store_ln814/22 "/>
</bind>
</comp>

<comp id="1961" class="1004" name="store_ln847_store_fu_1961">
<pin_list>
<pin id="1962" dir="0" index="0" bw="8" slack="9"/>
<pin id="1963" dir="0" index="1" bw="8" slack="15"/>
<pin id="1964" dir="1" index="2" bw="0" slack="2147483647"/>
</pin_list>
<bind>
<opcode="store(28) " fcode="store"/>
<opset="store_ln847/22 "/>
</bind>
</comp>

<comp id="1966" class="1004" name="store_ln846_store_fu_1966">
<pin_list>
<pin id="1967" dir="0" index="0" bw="8" slack="9"/>
<pin id="1968" dir="0" index="1" bw="8" slack="15"/>
<pin id="1969" dir="1" index="2" bw="0" slack="2147483647"/>
</pin_list>
<bind>
<opcode="store(28) " fcode="store"/>
<opset="store_ln846/22 "/>
</bind>
</comp>

<comp id="1971" class="1004" name="status_fu_1971">
<pin_list>
<pin id="1972" dir="0" index="0" bw="8" slack="0"/>
<pin id="1973" dir="0" index="1" bw="2" slack="9"/>
<pin id="1974" dir="0" index="2" bw="1" slack="9"/>
<pin id="1975" dir="0" index="3" bw="1" slack="0"/>
<pin id="1976" dir="0" index="4" bw="1" slack="0"/>
<pin id="1977" dir="0" index="5" bw="1" slack="9"/>
<pin id="1978" dir="0" index="6" bw="1" slack="9"/>
<pin id="1979" dir="0" index="7" bw="1" slack="9"/>
<pin id="1980" dir="1" index="8" bw="8" slack="0"/>
</pin_list>
<bind>
<opcode="bitconcatenate(1004) " fcode="bitconcatenate"/>
<opset="status/24 "/>
</bind>
</comp>

<comp id="1984" class="1004" name="zext_ln941_fu_1984">
<pin_list>
<pin id="1985" dir="0" index="0" bw="8" slack="0"/>
<pin id="1986" dir="1" index="1" bw="32" slack="0"/>
</pin_list>
<bind>
<opcode="zext(34) " fcode="zext"/>
<opset="zext_ln941/24 "/>
</bind>
</comp>

<comp id="1989" class="1004" name="weight_sum_loc_load_load_fu_1989">
<pin_list>
<pin id="1990" dir="0" index="0" bw="14" slack="9"/>
<pin id="1991" dir="1" index="1" bw="14" slack="0"/>
</pin_list>
<bind>
<opcode="load(27) " fcode="load"/>
<opset="weight_sum_loc_load/24 "/>
</bind>
</comp>

<comp id="1992" class="1004" name="sext_ln949_fu_1992">
<pin_list>
<pin id="1993" dir="0" index="0" bw="14" slack="0"/>
<pin id="1994" dir="1" index="1" bw="32" slack="0"/>
</pin_list>
<bind>
<opcode="sext(35) " fcode="sext"/>
<opset="sext_ln949/24 "/>
</bind>
</comp>

<comp id="1997" class="1005" name="snn_busy_read_reg_1997">
<pin_list>
<pin id="1998" dir="0" index="0" bw="1" slack="9"/>
<pin id="1999" dir="1" index="1" bw="1" slack="9"/>
</pin_list>
<bind>
<opset="snn_busy_read "/>
</bind>
</comp>

<comp id="2002" class="1005" name="snn_ready_read_reg_2002">
<pin_list>
<pin id="2003" dir="0" index="0" bw="1" slack="9"/>
<pin id="2004" dir="1" index="1" bw="1" slack="9"/>
</pin_list>
<bind>
<opset="snn_ready_read "/>
</bind>
</comp>

<comp id="2007" class="1005" name="spike_out_weight_read_reg_2007">
<pin_list>
<pin id="2008" dir="0" index="0" bw="8" slack="12"/>
<pin id="2009" dir="1" index="1" bw="8" slack="12"/>
</pin_list>
<bind>
<opset="spike_out_weight_read "/>
</bind>
</comp>

<comp id="2012" class="1005" name="spike_out_neuron_id_read_reg_2012">
<pin_list>
<pin id="2013" dir="0" index="0" bw="8" slack="6"/>
<pin id="2014" dir="1" index="1" bw="8" slack="6"/>
</pin_list>
<bind>
<opset="spike_out_neuron_id_read "/>
</bind>
</comp>

<comp id="2020" class="1005" name="spike_out_valid_read_reg_2020">
<pin_list>
<pin id="2021" dir="0" index="0" bw="1" slack="12"/>
<pin id="2022" dir="1" index="1" bw="1" slack="2147483647"/>
</pin_list>
<bind>
<opset="spike_out_valid_read "/>
</bind>
</comp>

<comp id="2024" class="1005" name="spike_in_ready_read_reg_2024">
<pin_list>
<pin id="2025" dir="0" index="0" bw="1" slack="6"/>
<pin id="2026" dir="1" index="1" bw="1" slack="6"/>
</pin_list>
<bind>
<opset="spike_in_ready_read "/>
</bind>
</comp>

<comp id="2029" class="1005" name="reward_signal_read_reg_2029">
<pin_list>
<pin id="2030" dir="0" index="0" bw="8" slack="16"/>
<pin id="2031" dir="1" index="1" bw="8" slack="16"/>
</pin_list>
<bind>
<opset="reward_signal_read "/>
</bind>
</comp>

<comp id="2034" class="1005" name="weight_sum_loc_reg_2034">
<pin_list>
<pin id="2035" dir="0" index="0" bw="14" slack="7"/>
<pin id="2036" dir="1" index="1" bw="14" slack="7"/>
</pin_list>
<bind>
<opset="weight_sum_loc "/>
</bind>
</comp>

<comp id="2040" class="1005" name="encoder_spikes_reg_2040">
<pin_list>
<pin id="2041" dir="0" index="0" bw="41" slack="0"/>
<pin id="2042" dir="1" index="1" bw="41" slack="7"/>
</pin_list>
<bind>
<opset="encoder_spikes "/>
</bind>
</comp>

<comp id="2047" class="1005" name="learning_params_rstdp_enable_reg_2047">
<pin_list>
<pin id="2048" dir="0" index="0" bw="1" slack="6"/>
<pin id="2049" dir="1" index="1" bw="1" slack="6"/>
</pin_list>
<bind>
<opset="learning_params_rstdp_enable "/>
</bind>
</comp>

<comp id="2054" class="1005" name="encoder_config_encoding_type_reg_2054">
<pin_list>
<pin id="2055" dir="0" index="0" bw="4" slack="7"/>
<pin id="2056" dir="1" index="1" bw="4" slack="7"/>
</pin_list>
<bind>
<opset="encoder_config_encoding_type "/>
</bind>
</comp>

<comp id="2059" class="1005" name="encoder_config_two_neuron_enable_reg_2059">
<pin_list>
<pin id="2060" dir="0" index="0" bw="1" slack="7"/>
<pin id="2061" dir="1" index="1" bw="1" slack="7"/>
</pin_list>
<bind>
<opset="encoder_config_two_neuron_enable "/>
</bind>
</comp>

<comp id="2064" class="1005" name="encoder_config_baseline_reg_2064">
<pin_list>
<pin id="2065" dir="0" index="0" bw="8" slack="7"/>
<pin id="2066" dir="1" index="1" bw="8" slack="7"/>
</pin_list>
<bind>
<opset="encoder_config_baseline "/>
</bind>
</comp>

<comp id="2069" class="1005" name="encoder_config_rate_scale_reg_2069">
<pin_list>
<pin id="2070" dir="0" index="0" bw="16" slack="7"/>
<pin id="2071" dir="1" index="1" bw="16" slack="7"/>
</pin_list>
<bind>
<opset="encoder_config_rate_scale "/>
</bind>
</comp>

<comp id="2074" class="1005" name="encoder_config_latency_window_reg_2074">
<pin_list>
<pin id="2075" dir="0" index="0" bw="16" slack="7"/>
<pin id="2076" dir="1" index="1" bw="16" slack="7"/>
</pin_list>
<bind>
<opset="encoder_config_latency_window "/>
</bind>
</comp>

<comp id="2079" class="1005" name="encoder_config_delta_threshold_reg_2079">
<pin_list>
<pin id="2080" dir="0" index="0" bw="16" slack="7"/>
<pin id="2081" dir="1" index="1" bw="16" slack="7"/>
</pin_list>
<bind>
<opset="encoder_config_delta_threshold "/>
</bind>
</comp>

<comp id="2084" class="1005" name="encoder_config_delta_decay_reg_2084">
<pin_list>
<pin id="2085" dir="0" index="0" bw="16" slack="7"/>
<pin id="2086" dir="1" index="1" bw="16" slack="7"/>
</pin_list>
<bind>
<opset="encoder_config_delta_decay "/>
</bind>
</comp>

<comp id="2089" class="1005" name="encoder_config_num_channels_reg_2089">
<pin_list>
<pin id="2090" dir="0" index="0" bw="16" slack="7"/>
<pin id="2091" dir="1" index="1" bw="16" slack="7"/>
</pin_list>
<bind>
<opset="encoder_config_num_channels "/>
</bind>
</comp>

<comp id="2094" class="1005" name="encoder_config_default_weight_reg_2094">
<pin_list>
<pin id="2095" dir="0" index="0" bw="8" slack="7"/>
<pin id="2096" dir="1" index="1" bw="8" slack="7"/>
</pin_list>
<bind>
<opset="encoder_config_default_weight "/>
</bind>
</comp>

<comp id="2099" class="1005" name="enable_reg_2099">
<pin_list>
<pin id="2100" dir="0" index="0" bw="1" slack="3"/>
<pin id="2101" dir="1" index="1" bw="1" slack="3"/>
</pin_list>
<bind>
<opset="enable "/>
</bind>
</comp>

<comp id="2105" class="1005" name="reset_reg_2105">
<pin_list>
<pin id="2106" dir="0" index="0" bw="1" slack="3"/>
<pin id="2107" dir="1" index="1" bw="1" slack="3"/>
</pin_list>
<bind>
<opset="reset "/>
</bind>
</comp>

<comp id="2110" class="1005" name="clear_counters_reg_2110">
<pin_list>
<pin id="2111" dir="0" index="0" bw="1" slack="3"/>
<pin id="2112" dir="1" index="1" bw="1" slack="2147483647"/>
</pin_list>
<bind>
<opset="clear_counters "/>
</bind>
</comp>

<comp id="2114" class="1005" name="weight_read_mode_reg_2114">
<pin_list>
<pin id="2115" dir="0" index="0" bw="1" slack="6"/>
<pin id="2116" dir="1" index="1" bw="1" slack="6"/>
</pin_list>
<bind>
<opset="weight_read_mode "/>
</bind>
</comp>

<comp id="2119" class="1005" name="apply_reward_reg_2119">
<pin_list>
<pin id="2120" dir="0" index="0" bw="1" slack="6"/>
<pin id="2121" dir="1" index="1" bw="1" slack="6"/>
</pin_list>
<bind>
<opset="apply_reward "/>
</bind>
</comp>

<comp id="2124" class="1005" name="weight_load_mode_reg_2124">
<pin_list>
<pin id="2125" dir="0" index="0" bw="1" slack="2"/>
<pin id="2126" dir="1" index="1" bw="1" slack="2147483647"/>
</pin_list>
<bind>
<opset="weight_load_mode "/>
</bind>
</comp>

<comp id="2128" class="1005" name="op_mode_reg_2128">
<pin_list>
<pin id="2129" dir="0" index="0" bw="2" slack="6"/>
<pin id="2130" dir="1" index="1" bw="2" slack="6"/>
</pin_list>
<bind>
<opset="op_mode "/>
</bind>
</comp>

<comp id="2135" class="1005" name="encoder_enable_reg_2135">
<pin_list>
<pin id="2136" dir="0" index="0" bw="1" slack="3"/>
<pin id="2137" dir="1" index="1" bw="1" slack="9"/>
</pin_list>
<bind>
<opset="encoder_enable "/>
</bind>
</comp>

<comp id="2140" class="1005" name="checkpoint_mode_reg_2140">
<pin_list>
<pin id="2141" dir="0" index="0" bw="1" slack="6"/>
<pin id="2142" dir="1" index="1" bw="1" slack="6"/>
</pin_list>
<bind>
<opset="checkpoint_mode "/>
</bind>
</comp>

<comp id="2146" class="1005" name="stdp_active_reg_2146">
<pin_list>
<pin id="2147" dir="0" index="0" bw="1" slack="6"/>
<pin id="2148" dir="1" index="1" bw="1" slack="6"/>
</pin_list>
<bind>
<opset="stdp_active "/>
</bind>
</comp>

<comp id="2152" class="1005" name="time_steps_1_reg_2152">
<pin_list>
<pin id="2153" dir="0" index="0" bw="16" slack="7"/>
<pin id="2154" dir="1" index="1" bw="16" slack="7"/>
</pin_list>
<bind>
<opset="time_steps_1 "/>
</bind>
</comp>

<comp id="2158" class="1005" name="threshold_reg_2158">
<pin_list>
<pin id="2159" dir="0" index="0" bw="16" slack="3"/>
<pin id="2160" dir="1" index="1" bw="16" slack="3"/>
</pin_list>
<bind>
<opset="threshold "/>
</bind>
</comp>

<comp id="2163" class="1005" name="leak_rate_reg_2163">
<pin_list>
<pin id="2164" dir="0" index="0" bw="16" slack="3"/>
<pin id="2165" dir="1" index="1" bw="16" slack="3"/>
</pin_list>
<bind>
<opset="leak_rate "/>
</bind>
</comp>

<comp id="2168" class="1005" name="initialized_load_reg_2168">
<pin_list>
<pin id="2169" dir="0" index="0" bw="1" slack="1"/>
<pin id="2170" dir="1" index="1" bw="1" slack="2147483647"/>
</pin_list>
<bind>
<opset="initialized_load "/>
</bind>
</comp>

<comp id="2175" class="1005" name="or_ln711_reg_2175">
<pin_list>
<pin id="2176" dir="0" index="0" bw="1" slack="2"/>
<pin id="2177" dir="1" index="1" bw="1" slack="2147483647"/>
</pin_list>
<bind>
<opset="or_ln711 "/>
</bind>
</comp>

<comp id="2179" class="1005" name="tmp_reg_2179">
<pin_list>
<pin id="2180" dir="0" index="0" bw="1" slack="1"/>
<pin id="2181" dir="1" index="1" bw="1" slack="2147483647"/>
</pin_list>
<bind>
<opset="tmp "/>
</bind>
</comp>

<comp id="2183" class="1005" name="weight_val_reg_2183">
<pin_list>
<pin id="2184" dir="0" index="0" bw="8" slack="1"/>
<pin id="2185" dir="1" index="1" bw="8" slack="1"/>
</pin_list>
<bind>
<opset="weight_val "/>
</bind>
</comp>

<comp id="2189" class="1005" name="tmp_17_reg_2189">
<pin_list>
<pin id="2190" dir="0" index="0" bw="1" slack="1"/>
<pin id="2191" dir="1" index="1" bw="1" slack="2147483647"/>
</pin_list>
<bind>
<opset="tmp_17 "/>
</bind>
</comp>

<comp id="2193" class="1005" name="p_ZL13weight_memory_0_addr_1_reg_2193">
<pin_list>
<pin id="2194" dir="0" index="0" bw="15" slack="1"/>
<pin id="2195" dir="1" index="1" bw="15" slack="1"/>
</pin_list>
<bind>
<opset="p_ZL13weight_memory_0_addr_1 "/>
</bind>
</comp>

<comp id="2198" class="1005" name="p_ZL13weight_memory_1_addr_1_reg_2198">
<pin_list>
<pin id="2199" dir="0" index="0" bw="15" slack="1"/>
<pin id="2200" dir="1" index="1" bw="15" slack="1"/>
</pin_list>
<bind>
<opset="p_ZL13weight_memory_1_addr_1 "/>
</bind>
</comp>

<comp id="2203" class="1005" name="encoder_frame_loaded_load_reg_2203">
<pin_list>
<pin id="2204" dir="0" index="0" bw="1" slack="3"/>
<pin id="2205" dir="1" index="1" bw="1" slack="2147483647"/>
</pin_list>
<bind>
<opset="encoder_frame_loaded_load "/>
</bind>
</comp>

<comp id="2207" class="1005" name="tmp_4_reg_2207">
<pin_list>
<pin id="2208" dir="0" index="0" bw="1" slack="3"/>
<pin id="2209" dir="1" index="1" bw="1" slack="2147483647"/>
</pin_list>
<bind>
<opset="tmp_4 "/>
</bind>
</comp>

<comp id="2214" class="1005" name="p_phi17_reg_2214">
<pin_list>
<pin id="2215" dir="0" index="0" bw="1" slack="1"/>
<pin id="2216" dir="1" index="1" bw="1" slack="1"/>
</pin_list>
<bind>
<opset="p_phi17 "/>
</bind>
</comp>

<comp id="2220" class="1005" name="p_phi16_reg_2220">
<pin_list>
<pin id="2221" dir="0" index="0" bw="1" slack="1"/>
<pin id="2222" dir="1" index="1" bw="1" slack="1"/>
</pin_list>
<bind>
<opset="p_phi16 "/>
</bind>
</comp>

<comp id="2226" class="1005" name="p_phi15_reg_2226">
<pin_list>
<pin id="2227" dir="0" index="0" bw="8" slack="1"/>
<pin id="2228" dir="1" index="1" bw="8" slack="1"/>
</pin_list>
<bind>
<opset="p_phi15 "/>
</bind>
</comp>

<comp id="2232" class="1005" name="p_phi_reg_2232">
<pin_list>
<pin id="2233" dir="0" index="0" bw="8" slack="1"/>
<pin id="2234" dir="1" index="1" bw="8" slack="1"/>
</pin_list>
<bind>
<opset="p_phi "/>
</bind>
</comp>

<comp id="2238" class="1005" name="t_reg_2238">
<pin_list>
<pin id="2239" dir="0" index="0" bw="16" slack="0"/>
<pin id="2240" dir="1" index="1" bw="16" slack="0"/>
</pin_list>
<bind>
<opset="t "/>
</bind>
</comp>

<comp id="2245" class="1005" name="empty_59_reg_2245">
<pin_list>
<pin id="2246" dir="0" index="0" bw="1" slack="0"/>
<pin id="2247" dir="1" index="1" bw="1" slack="0"/>
</pin_list>
<bind>
<opset="empty_59 "/>
</bind>
</comp>

<comp id="2253" class="1005" name="zext_ln866_reg_2253">
<pin_list>
<pin id="2254" dir="0" index="0" bw="10" slack="6"/>
<pin id="2255" dir="1" index="1" bw="10" slack="6"/>
</pin_list>
<bind>
<opset="zext_ln866 "/>
</bind>
</comp>

<comp id="2258" class="1005" name="trunc_ln548_reg_2258">
<pin_list>
<pin id="2259" dir="0" index="0" bw="1" slack="7"/>
<pin id="2260" dir="1" index="1" bw="1" slack="8"/>
</pin_list>
<bind>
<opset="trunc_ln548 "/>
</bind>
</comp>

<comp id="2263" class="1005" name="p_ZL16post_eligibility_0_addr_reg_2263">
<pin_list>
<pin id="2264" dir="0" index="0" bw="7" slack="7"/>
<pin id="2265" dir="1" index="1" bw="7" slack="7"/>
</pin_list>
<bind>
<opset="p_ZL16post_eligibility_0_addr "/>
</bind>
</comp>

<comp id="2269" class="1005" name="p_ZL16post_eligibility_1_addr_reg_2269">
<pin_list>
<pin id="2270" dir="0" index="0" bw="7" slack="7"/>
<pin id="2271" dir="1" index="1" bw="7" slack="7"/>
</pin_list>
<bind>
<opset="p_ZL16post_eligibility_1_addr "/>
</bind>
</comp>

<comp id="2275" class="1005" name="and_ln826_reg_2275">
<pin_list>
<pin id="2276" dir="0" index="0" bw="1" slack="2"/>
<pin id="2277" dir="1" index="1" bw="1" slack="2147483647"/>
</pin_list>
<bind>
<opset="and_ln826 "/>
</bind>
</comp>

<comp id="2279" class="1005" name="xor_ln889_reg_2279">
<pin_list>
<pin id="2280" dir="0" index="0" bw="1" slack="9"/>
<pin id="2281" dir="1" index="1" bw="1" slack="9"/>
</pin_list>
<bind>
<opset="xor_ln889 "/>
</bind>
</comp>

<comp id="2284" class="1005" name="or_ln895_reg_2284">
<pin_list>
<pin id="2285" dir="0" index="0" bw="1" slack="13"/>
<pin id="2286" dir="1" index="1" bw="1" slack="2147483647"/>
</pin_list>
<bind>
<opset="or_ln895 "/>
</bind>
</comp>

<comp id="2288" class="1005" name="or_ln889_reg_2288">
<pin_list>
<pin id="2289" dir="0" index="0" bw="1" slack="9"/>
<pin id="2290" dir="1" index="1" bw="1" slack="2147483647"/>
</pin_list>
<bind>
<opset="or_ln889 "/>
</bind>
</comp>

<comp id="2295" class="1005" name="t_2_reg_2295">
<pin_list>
<pin id="2296" dir="0" index="0" bw="16" slack="14"/>
<pin id="2297" dir="1" index="1" bw="16" slack="14"/>
</pin_list>
<bind>
<opset="t_2 "/>
</bind>
</comp>

<comp id="2300" class="1005" name="encoder_frame_loaded_load_1_reg_2300">
<pin_list>
<pin id="2301" dir="0" index="0" bw="1" slack="1"/>
<pin id="2302" dir="1" index="1" bw="1" slack="2147483647"/>
</pin_list>
<bind>
<opset="encoder_frame_loaded_load_1 "/>
</bind>
</comp>

<comp id="2310" class="1005" name="tmp_s_reg_2310">
<pin_list>
<pin id="2311" dir="0" index="0" bw="1" slack="3"/>
<pin id="2312" dir="1" index="1" bw="1" slack="2147483647"/>
</pin_list>
<bind>
<opset="tmp_s "/>
</bind>
</comp>

<comp id="2314" class="1005" name="tmp_1_reg_2314">
<pin_list>
<pin id="2315" dir="0" index="0" bw="1" slack="3"/>
<pin id="2316" dir="1" index="1" bw="1" slack="2147483647"/>
</pin_list>
<bind>
<opset="tmp_1 "/>
</bind>
</comp>

<comp id="2318" class="1005" name="trunc_ln827_reg_2318">
<pin_list>
<pin id="2319" dir="0" index="0" bw="18" slack="1"/>
<pin id="2320" dir="1" index="1" bw="18" slack="1"/>
</pin_list>
<bind>
<opset="trunc_ln827 "/>
</bind>
</comp>

<comp id="2323" class="1005" name="enc_word_data_reg_2323">
<pin_list>
<pin id="2324" dir="0" index="0" bw="18" slack="1"/>
<pin id="2325" dir="1" index="1" bw="18" slack="1"/>
</pin_list>
<bind>
<opset="enc_word_data "/>
</bind>
</comp>

<comp id="2328" class="1005" name="trunc_ln846_reg_2328">
<pin_list>
<pin id="2329" dir="0" index="0" bw="8" slack="1"/>
<pin id="2330" dir="1" index="1" bw="8" slack="1"/>
</pin_list>
<bind>
<opset="trunc_ln846 "/>
</bind>
</comp>

<comp id="2334" class="1005" name="weight_reg_2334">
<pin_list>
<pin id="2335" dir="0" index="0" bw="8" slack="2"/>
<pin id="2336" dir="1" index="1" bw="8" slack="2"/>
</pin_list>
<bind>
<opset="weight "/>
</bind>
</comp>

<comp id="2339" class="1005" name="trunc_ln854_reg_2339">
<pin_list>
<pin id="2340" dir="0" index="0" bw="16" slack="1"/>
<pin id="2341" dir="1" index="1" bw="16" slack="1"/>
</pin_list>
<bind>
<opset="trunc_ln854 "/>
</bind>
</comp>

<comp id="2344" class="1005" name="trunc_ln541_reg_2344">
<pin_list>
<pin id="2345" dir="0" index="0" bw="1" slack="1"/>
<pin id="2346" dir="1" index="1" bw="1" slack="1"/>
</pin_list>
<bind>
<opset="trunc_ln541 "/>
</bind>
</comp>

<comp id="2349" class="1005" name="p_ZL15pre_eligibility_0_addr_reg_2349">
<pin_list>
<pin id="2350" dir="0" index="0" bw="7" slack="1"/>
<pin id="2351" dir="1" index="1" bw="7" slack="1"/>
</pin_list>
<bind>
<opset="p_ZL15pre_eligibility_0_addr "/>
</bind>
</comp>

<comp id="2355" class="1005" name="p_ZL15pre_eligibility_1_addr_reg_2355">
<pin_list>
<pin id="2356" dir="0" index="0" bw="7" slack="1"/>
<pin id="2357" dir="1" index="1" bw="7" slack="1"/>
</pin_list>
<bind>
<opset="p_ZL15pre_eligibility_1_addr "/>
</bind>
</comp>

<comp id="2361" class="1005" name="tmp_18_reg_2361">
<pin_list>
<pin id="2362" dir="0" index="0" bw="2" slack="1"/>
<pin id="2363" dir="1" index="1" bw="2" slack="1"/>
</pin_list>
<bind>
<opset="tmp_18 "/>
</bind>
</comp>

<comp id="2366" class="1005" name="trunc_ln542_reg_2366">
<pin_list>
<pin id="2367" dir="0" index="0" bw="8" slack="1"/>
<pin id="2368" dir="1" index="1" bw="8" slack="1"/>
</pin_list>
<bind>
<opset="trunc_ln542 "/>
</bind>
</comp>

<comp id="2371" class="1005" name="tmp_2_reg_2371">
<pin_list>
<pin id="2372" dir="0" index="0" bw="1" slack="3"/>
<pin id="2373" dir="1" index="1" bw="1" slack="2147483647"/>
</pin_list>
<bind>
<opset="tmp_2 "/>
</bind>
</comp>

<comp id="2375" class="1005" name="out_pkt_data_reg_2375">
<pin_list>
<pin id="2376" dir="0" index="0" bw="32" slack="1"/>
<pin id="2377" dir="1" index="1" bw="32" slack="1"/>
</pin_list>
<bind>
<opset="out_pkt_data "/>
</bind>
</comp>

<comp id="2380" class="1005" name="trunc_ln883_reg_2380">
<pin_list>
<pin id="2381" dir="0" index="0" bw="16" slack="1"/>
<pin id="2382" dir="1" index="1" bw="16" slack="1"/>
</pin_list>
<bind>
<opset="trunc_ln883 "/>
</bind>
</comp>

<comp id="2385" class="1005" name="tmp_19_reg_2385">
<pin_list>
<pin id="2386" dir="0" index="0" bw="2" slack="1"/>
<pin id="2387" dir="1" index="1" bw="2" slack="1"/>
</pin_list>
<bind>
<opset="tmp_19 "/>
</bind>
</comp>

<comp id="2390" class="1005" name="trunc_ln549_reg_2390">
<pin_list>
<pin id="2391" dir="0" index="0" bw="8" slack="1"/>
<pin id="2392" dir="1" index="1" bw="8" slack="1"/>
</pin_list>
<bind>
<opset="trunc_ln549 "/>
</bind>
</comp>

<comp id="2395" class="1005" name="tmp_6_reg_2395">
<pin_list>
<pin id="2396" dir="0" index="0" bw="1" slack="2"/>
<pin id="2397" dir="1" index="1" bw="1" slack="2147483647"/>
</pin_list>
<bind>
<opset="tmp_6 "/>
</bind>
</comp>

<comp id="2399" class="1005" name="checkpoint_col_load_reg_2399">
<pin_list>
<pin id="2400" dir="0" index="0" bw="8" slack="1"/>
<pin id="2401" dir="1" index="1" bw="8" slack="1"/>
</pin_list>
<bind>
<opset="checkpoint_col_load "/>
</bind>
</comp>

<comp id="2404" class="1005" name="trunc_ln900_reg_2404">
<pin_list>
<pin id="2405" dir="0" index="0" bw="1" slack="1"/>
<pin id="2406" dir="1" index="1" bw="1" slack="1"/>
</pin_list>
<bind>
<opset="trunc_ln900 "/>
</bind>
</comp>

<comp id="2409" class="1005" name="p_ZL13weight_memory_0_addr_reg_2409">
<pin_list>
<pin id="2410" dir="0" index="0" bw="15" slack="1"/>
<pin id="2411" dir="1" index="1" bw="15" slack="1"/>
</pin_list>
<bind>
<opset="p_ZL13weight_memory_0_addr "/>
</bind>
</comp>

<comp id="2414" class="1005" name="p_ZL13weight_memory_1_addr_reg_2414">
<pin_list>
<pin id="2415" dir="0" index="0" bw="15" slack="1"/>
<pin id="2416" dir="1" index="1" bw="15" slack="1"/>
</pin_list>
<bind>
<opset="p_ZL13weight_memory_1_addr "/>
</bind>
</comp>

<comp id="2419" class="1005" name="zext_ln900_1_reg_2419">
<pin_list>
<pin id="2420" dir="0" index="0" bw="32" slack="1"/>
<pin id="2421" dir="1" index="1" bw="32" slack="1"/>
</pin_list>
<bind>
<opset="zext_ln900_1 "/>
</bind>
</comp>

</comp_list>

<net_list>
<net id="431"><net_src comp="194" pin="0"/><net_sink comp="428" pin=0"/></net>

<net id="435"><net_src comp="194" pin="0"/><net_sink comp="432" pin=0"/></net>

<net id="439"><net_src comp="238" pin="0"/><net_sink comp="436" pin=0"/></net>

<net id="443"><net_src comp="238" pin="0"/><net_sink comp="440" pin=0"/></net>

<net id="447"><net_src comp="238" pin="0"/><net_sink comp="444" pin=0"/></net>

<net id="451"><net_src comp="238" pin="0"/><net_sink comp="448" pin=0"/></net>

<net id="455"><net_src comp="238" pin="0"/><net_sink comp="452" pin=0"/></net>

<net id="459"><net_src comp="238" pin="0"/><net_sink comp="456" pin=0"/></net>

<net id="464"><net_src comp="184" pin="0"/><net_sink comp="460" pin=0"/></net>

<net id="465"><net_src comp="118" pin="0"/><net_sink comp="460" pin=1"/></net>

<net id="470"><net_src comp="184" pin="0"/><net_sink comp="466" pin=0"/></net>

<net id="471"><net_src comp="116" pin="0"/><net_sink comp="466" pin=1"/></net>

<net id="476"><net_src comp="186" pin="0"/><net_sink comp="472" pin=0"/></net>

<net id="477"><net_src comp="104" pin="0"/><net_sink comp="472" pin=1"/></net>

<net id="482"><net_src comp="186" pin="0"/><net_sink comp="478" pin=0"/></net>

<net id="483"><net_src comp="102" pin="0"/><net_sink comp="478" pin=1"/></net>

<net id="488"><net_src comp="184" pin="0"/><net_sink comp="484" pin=0"/></net>

<net id="489"><net_src comp="100" pin="0"/><net_sink comp="484" pin=1"/></net>

<net id="494"><net_src comp="184" pin="0"/><net_sink comp="490" pin=0"/></net>

<net id="495"><net_src comp="98" pin="0"/><net_sink comp="490" pin=1"/></net>

<net id="500"><net_src comp="188" pin="0"/><net_sink comp="496" pin=0"/></net>

<net id="501"><net_src comp="90" pin="0"/><net_sink comp="496" pin=1"/></net>

<net id="506"><net_src comp="190" pin="0"/><net_sink comp="502" pin=0"/></net>

<net id="507"><net_src comp="10" pin="0"/><net_sink comp="502" pin=1"/></net>

<net id="512"><net_src comp="190" pin="0"/><net_sink comp="508" pin=0"/></net>

<net id="513"><net_src comp="8" pin="0"/><net_sink comp="508" pin=1"/></net>

<net id="518"><net_src comp="192" pin="0"/><net_sink comp="514" pin=0"/></net>

<net id="519"><net_src comp="6" pin="0"/><net_sink comp="514" pin=1"/></net>

<net id="524"><net_src comp="192" pin="0"/><net_sink comp="520" pin=0"/></net>

<net id="525"><net_src comp="4" pin="0"/><net_sink comp="520" pin=1"/></net>

<net id="530"><net_src comp="192" pin="0"/><net_sink comp="526" pin=0"/></net>

<net id="531"><net_src comp="2" pin="0"/><net_sink comp="526" pin=1"/></net>

<net id="536"><net_src comp="192" pin="0"/><net_sink comp="532" pin=0"/></net>

<net id="537"><net_src comp="0" pin="0"/><net_sink comp="532" pin=1"/></net>

<net id="549"><net_src comp="342" pin="0"/><net_sink comp="538" pin=0"/></net>

<net id="550"><net_src comp="48" pin="0"/><net_sink comp="538" pin=1"/></net>

<net id="551"><net_src comp="50" pin="0"/><net_sink comp="538" pin=2"/></net>

<net id="552"><net_src comp="52" pin="0"/><net_sink comp="538" pin=3"/></net>

<net id="553"><net_src comp="54" pin="0"/><net_sink comp="538" pin=4"/></net>

<net id="554"><net_src comp="56" pin="0"/><net_sink comp="538" pin=5"/></net>

<net id="555"><net_src comp="58" pin="0"/><net_sink comp="538" pin=6"/></net>

<net id="556"><net_src comp="60" pin="0"/><net_sink comp="538" pin=7"/></net>

<net id="557"><net_src comp="238" pin="0"/><net_sink comp="538" pin=8"/></net>

<net id="568"><net_src comp="344" pin="0"/><net_sink comp="558" pin=0"/></net>

<net id="569"><net_src comp="48" pin="0"/><net_sink comp="558" pin=1"/></net>

<net id="570"><net_src comp="50" pin="0"/><net_sink comp="558" pin=2"/></net>

<net id="571"><net_src comp="52" pin="0"/><net_sink comp="558" pin=3"/></net>

<net id="572"><net_src comp="54" pin="0"/><net_sink comp="558" pin=4"/></net>

<net id="573"><net_src comp="56" pin="0"/><net_sink comp="558" pin=5"/></net>

<net id="574"><net_src comp="58" pin="0"/><net_sink comp="558" pin=6"/></net>

<net id="575"><net_src comp="60" pin="0"/><net_sink comp="558" pin=7"/></net>

<net id="581"><net_src comp="358" pin="0"/><net_sink comp="576" pin=0"/></net>

<net id="582"><net_src comp="108" pin="0"/><net_sink comp="576" pin=1"/></net>

<net id="588"><net_src comp="358" pin="0"/><net_sink comp="583" pin=0"/></net>

<net id="589"><net_src comp="110" pin="0"/><net_sink comp="583" pin=1"/></net>

<net id="595"><net_src comp="360" pin="0"/><net_sink comp="590" pin=0"/></net>

<net id="596"><net_src comp="112" pin="0"/><net_sink comp="590" pin=1"/></net>

<net id="602"><net_src comp="360" pin="0"/><net_sink comp="597" pin=0"/></net>

<net id="603"><net_src comp="114" pin="0"/><net_sink comp="597" pin=1"/></net>

<net id="615"><net_src comp="342" pin="0"/><net_sink comp="604" pin=0"/></net>

<net id="616"><net_src comp="34" pin="0"/><net_sink comp="604" pin=1"/></net>

<net id="617"><net_src comp="36" pin="0"/><net_sink comp="604" pin=2"/></net>

<net id="618"><net_src comp="38" pin="0"/><net_sink comp="604" pin=3"/></net>

<net id="619"><net_src comp="40" pin="0"/><net_sink comp="604" pin=4"/></net>

<net id="620"><net_src comp="42" pin="0"/><net_sink comp="604" pin=5"/></net>

<net id="621"><net_src comp="44" pin="0"/><net_sink comp="604" pin=6"/></net>

<net id="622"><net_src comp="46" pin="0"/><net_sink comp="604" pin=7"/></net>

<net id="623"><net_src comp="238" pin="0"/><net_sink comp="604" pin=8"/></net>

<net id="629"><net_src comp="358" pin="0"/><net_sink comp="624" pin=0"/></net>

<net id="630"><net_src comp="92" pin="0"/><net_sink comp="624" pin=1"/></net>

<net id="636"><net_src comp="380" pin="0"/><net_sink comp="631" pin=0"/></net>

<net id="637"><net_src comp="94" pin="0"/><net_sink comp="631" pin=1"/></net>

<net id="643"><net_src comp="380" pin="0"/><net_sink comp="638" pin=0"/></net>

<net id="644"><net_src comp="96" pin="0"/><net_sink comp="638" pin=1"/></net>

<net id="650"><net_src comp="358" pin="0"/><net_sink comp="645" pin=0"/></net>

<net id="651"><net_src comp="106" pin="0"/><net_sink comp="645" pin=1"/></net>

<net id="657"><net_src comp="384" pin="0"/><net_sink comp="652" pin=0"/></net>

<net id="658"><net_src comp="238" pin="0"/><net_sink comp="652" pin=2"/></net>

<net id="670"><net_src comp="342" pin="0"/><net_sink comp="659" pin=0"/></net>

<net id="671"><net_src comp="20" pin="0"/><net_sink comp="659" pin=1"/></net>

<net id="672"><net_src comp="22" pin="0"/><net_sink comp="659" pin=2"/></net>

<net id="673"><net_src comp="24" pin="0"/><net_sink comp="659" pin=3"/></net>

<net id="674"><net_src comp="26" pin="0"/><net_sink comp="659" pin=4"/></net>

<net id="675"><net_src comp="28" pin="0"/><net_sink comp="659" pin=5"/></net>

<net id="676"><net_src comp="30" pin="0"/><net_sink comp="659" pin=6"/></net>

<net id="677"><net_src comp="32" pin="0"/><net_sink comp="659" pin=7"/></net>

<net id="678"><net_src comp="238" pin="0"/><net_sink comp="659" pin=8"/></net>

<net id="689"><net_src comp="344" pin="0"/><net_sink comp="679" pin=0"/></net>

<net id="690"><net_src comp="20" pin="0"/><net_sink comp="679" pin=1"/></net>

<net id="691"><net_src comp="22" pin="0"/><net_sink comp="679" pin=2"/></net>

<net id="692"><net_src comp="24" pin="0"/><net_sink comp="679" pin=3"/></net>

<net id="693"><net_src comp="26" pin="0"/><net_sink comp="679" pin=4"/></net>

<net id="694"><net_src comp="28" pin="0"/><net_sink comp="679" pin=5"/></net>

<net id="695"><net_src comp="30" pin="0"/><net_sink comp="679" pin=6"/></net>

<net id="696"><net_src comp="32" pin="0"/><net_sink comp="679" pin=7"/></net>

<net id="701"><net_src comp="386" pin="0"/><net_sink comp="697" pin=0"/></net>

<net id="713"><net_src comp="404" pin="0"/><net_sink comp="702" pin=0"/></net>

<net id="714"><net_src comp="62" pin="0"/><net_sink comp="702" pin=1"/></net>

<net id="715"><net_src comp="64" pin="0"/><net_sink comp="702" pin=2"/></net>

<net id="716"><net_src comp="66" pin="0"/><net_sink comp="702" pin=3"/></net>

<net id="717"><net_src comp="68" pin="0"/><net_sink comp="702" pin=4"/></net>

<net id="718"><net_src comp="70" pin="0"/><net_sink comp="702" pin=5"/></net>

<net id="719"><net_src comp="72" pin="0"/><net_sink comp="702" pin=6"/></net>

<net id="720"><net_src comp="74" pin="0"/><net_sink comp="702" pin=7"/></net>

<net id="721"><net_src comp="238" pin="0"/><net_sink comp="702" pin=8"/></net>

<net id="739"><net_src comp="408" pin="0"/><net_sink comp="722" pin=0"/></net>

<net id="740"><net_src comp="62" pin="0"/><net_sink comp="722" pin=1"/></net>

<net id="741"><net_src comp="64" pin="0"/><net_sink comp="722" pin=2"/></net>

<net id="742"><net_src comp="66" pin="0"/><net_sink comp="722" pin=3"/></net>

<net id="743"><net_src comp="68" pin="0"/><net_sink comp="722" pin=4"/></net>

<net id="744"><net_src comp="70" pin="0"/><net_sink comp="722" pin=5"/></net>

<net id="745"><net_src comp="72" pin="0"/><net_sink comp="722" pin=6"/></net>

<net id="746"><net_src comp="74" pin="0"/><net_sink comp="722" pin=7"/></net>

<net id="747"><net_src comp="410" pin="0"/><net_sink comp="722" pin=9"/></net>

<net id="748"><net_src comp="410" pin="0"/><net_sink comp="722" pin=10"/></net>

<net id="749"><net_src comp="286" pin="0"/><net_sink comp="722" pin=11"/></net>

<net id="750"><net_src comp="324" pin="0"/><net_sink comp="722" pin=12"/></net>

<net id="751"><net_src comp="286" pin="0"/><net_sink comp="722" pin=13"/></net>

<net id="752"><net_src comp="286" pin="0"/><net_sink comp="722" pin=14"/></net>

<net id="764"><net_src comp="404" pin="0"/><net_sink comp="753" pin=0"/></net>

<net id="765"><net_src comp="76" pin="0"/><net_sink comp="753" pin=1"/></net>

<net id="766"><net_src comp="78" pin="0"/><net_sink comp="753" pin=2"/></net>

<net id="767"><net_src comp="80" pin="0"/><net_sink comp="753" pin=3"/></net>

<net id="768"><net_src comp="82" pin="0"/><net_sink comp="753" pin=4"/></net>

<net id="769"><net_src comp="84" pin="0"/><net_sink comp="753" pin=5"/></net>

<net id="770"><net_src comp="86" pin="0"/><net_sink comp="753" pin=6"/></net>

<net id="771"><net_src comp="88" pin="0"/><net_sink comp="753" pin=7"/></net>

<net id="772"><net_src comp="238" pin="0"/><net_sink comp="753" pin=8"/></net>

<net id="790"><net_src comp="408" pin="0"/><net_sink comp="773" pin=0"/></net>

<net id="791"><net_src comp="76" pin="0"/><net_sink comp="773" pin=1"/></net>

<net id="792"><net_src comp="78" pin="0"/><net_sink comp="773" pin=2"/></net>

<net id="793"><net_src comp="80" pin="0"/><net_sink comp="773" pin=3"/></net>

<net id="794"><net_src comp="82" pin="0"/><net_sink comp="773" pin=4"/></net>

<net id="795"><net_src comp="84" pin="0"/><net_sink comp="773" pin=5"/></net>

<net id="796"><net_src comp="86" pin="0"/><net_sink comp="773" pin=6"/></net>

<net id="797"><net_src comp="88" pin="0"/><net_sink comp="773" pin=7"/></net>

<net id="798"><net_src comp="410" pin="0"/><net_sink comp="773" pin=9"/></net>

<net id="799"><net_src comp="410" pin="0"/><net_sink comp="773" pin=10"/></net>

<net id="800"><net_src comp="286" pin="0"/><net_sink comp="773" pin=11"/></net>

<net id="801"><net_src comp="286" pin="0"/><net_sink comp="773" pin=12"/></net>

<net id="802"><net_src comp="286" pin="0"/><net_sink comp="773" pin=13"/></net>

<net id="803"><net_src comp="286" pin="0"/><net_sink comp="773" pin=14"/></net>

<net id="809"><net_src comp="424" pin="0"/><net_sink comp="804" pin=0"/></net>

<net id="810"><net_src comp="12" pin="0"/><net_sink comp="804" pin=1"/></net>

<net id="816"><net_src comp="424" pin="0"/><net_sink comp="811" pin=0"/></net>

<net id="817"><net_src comp="14" pin="0"/><net_sink comp="811" pin=1"/></net>

<net id="823"><net_src comp="424" pin="0"/><net_sink comp="818" pin=0"/></net>

<net id="824"><net_src comp="18" pin="0"/><net_sink comp="818" pin=1"/></net>

<net id="825"><net_src comp="426" pin="0"/><net_sink comp="818" pin=2"/></net>

<net id="831"><net_src comp="424" pin="0"/><net_sink comp="826" pin=0"/></net>

<net id="832"><net_src comp="16" pin="0"/><net_sink comp="826" pin=1"/></net>

<net id="838"><net_src comp="172" pin="0"/><net_sink comp="833" pin=0"/></net>

<net id="839"><net_src comp="356" pin="0"/><net_sink comp="833" pin=1"/></net>

<net id="845"><net_src comp="174" pin="0"/><net_sink comp="840" pin=0"/></net>

<net id="846"><net_src comp="356" pin="0"/><net_sink comp="840" pin=1"/></net>

<net id="870"><net_src comp="144" pin="0"/><net_sink comp="865" pin=0"/></net>

<net id="871"><net_src comp="356" pin="0"/><net_sink comp="865" pin=1"/></net>

<net id="877"><net_src comp="148" pin="0"/><net_sink comp="872" pin=0"/></net>

<net id="878"><net_src comp="356" pin="0"/><net_sink comp="872" pin=1"/></net>

<net id="884"><net_src comp="142" pin="0"/><net_sink comp="879" pin=0"/></net>

<net id="885"><net_src comp="356" pin="0"/><net_sink comp="879" pin=1"/></net>

<net id="891"><net_src comp="146" pin="0"/><net_sink comp="886" pin=0"/></net>

<net id="892"><net_src comp="356" pin="0"/><net_sink comp="886" pin=1"/></net>

<net id="898"><net_src comp="879" pin="3"/><net_sink comp="893" pin=0"/></net>

<net id="904"><net_src comp="886" pin="3"/><net_sink comp="899" pin=0"/></net>

<net id="936"><net_src comp="172" pin="0"/><net_sink comp="931" pin=0"/></net>

<net id="937"><net_src comp="356" pin="0"/><net_sink comp="931" pin=1"/></net>

<net id="943"><net_src comp="174" pin="0"/><net_sink comp="938" pin=0"/></net>

<net id="944"><net_src comp="356" pin="0"/><net_sink comp="938" pin=1"/></net>

<net id="945"><net_src comp="931" pin="3"/><net_sink comp="847" pin=0"/></net>

<net id="946"><net_src comp="938" pin="3"/><net_sink comp="856" pin=0"/></net>

<net id="956"><net_src comp="340" pin="0"/><net_sink comp="950" pin=0"/></net>

<net id="957"><net_src comp="950" pin="4"/><net_sink comp="947" pin=0"/></net>

<net id="970"><net_src comp="326" pin="0"/><net_sink comp="967" pin=0"/></net>

<net id="979"><net_src comp="967" pin="1"/><net_sink comp="971" pin=2"/></net>

<net id="980"><net_src comp="967" pin="1"/><net_sink comp="971" pin=4"/></net>

<net id="981"><net_src comp="971" pin="6"/><net_sink comp="967" pin=0"/></net>

<net id="985"><net_src comp="326" pin="0"/><net_sink comp="982" pin=0"/></net>

<net id="994"><net_src comp="982" pin="1"/><net_sink comp="986" pin=2"/></net>

<net id="995"><net_src comp="982" pin="1"/><net_sink comp="986" pin=4"/></net>

<net id="996"><net_src comp="986" pin="6"/><net_sink comp="982" pin=0"/></net>

<net id="1000"><net_src comp="286" pin="0"/><net_sink comp="997" pin=0"/></net>

<net id="1009"><net_src comp="324" pin="0"/><net_sink comp="1001" pin=0"/></net>

<net id="1010"><net_src comp="997" pin="1"/><net_sink comp="1001" pin=2"/></net>

<net id="1011"><net_src comp="997" pin="1"/><net_sink comp="1001" pin=4"/></net>

<net id="1020"><net_src comp="328" pin="0"/><net_sink comp="1012" pin=0"/></net>

<net id="1021"><net_src comp="210" pin="0"/><net_sink comp="1012" pin=1"/></net>

<net id="1022"><net_src comp="134" pin="0"/><net_sink comp="1012" pin=2"/></net>

<net id="1023"><net_src comp="136" pin="0"/><net_sink comp="1012" pin=3"/></net>

<net id="1024"><net_src comp="138" pin="0"/><net_sink comp="1012" pin=4"/></net>

<net id="1025"><net_src comp="140" pin="0"/><net_sink comp="1012" pin=5"/></net>

<net id="1033"><net_src comp="330" pin="0"/><net_sink comp="1026" pin=0"/></net>

<net id="1034"><net_src comp="142" pin="0"/><net_sink comp="1026" pin=1"/></net>

<net id="1035"><net_src comp="144" pin="0"/><net_sink comp="1026" pin=2"/></net>

<net id="1036"><net_src comp="146" pin="0"/><net_sink comp="1026" pin=3"/></net>

<net id="1037"><net_src comp="148" pin="0"/><net_sink comp="1026" pin=4"/></net>

<net id="1049"><net_src comp="332" pin="0"/><net_sink comp="1038" pin=0"/></net>

<net id="1050"><net_src comp="150" pin="0"/><net_sink comp="1038" pin=1"/></net>

<net id="1051"><net_src comp="152" pin="0"/><net_sink comp="1038" pin=2"/></net>

<net id="1052"><net_src comp="154" pin="0"/><net_sink comp="1038" pin=3"/></net>

<net id="1053"><net_src comp="156" pin="0"/><net_sink comp="1038" pin=4"/></net>

<net id="1054"><net_src comp="158" pin="0"/><net_sink comp="1038" pin=5"/></net>

<net id="1055"><net_src comp="160" pin="0"/><net_sink comp="1038" pin=6"/></net>

<net id="1056"><net_src comp="162" pin="0"/><net_sink comp="1038" pin=7"/></net>

<net id="1057"><net_src comp="164" pin="0"/><net_sink comp="1038" pin=8"/></net>

<net id="1063"><net_src comp="334" pin="0"/><net_sink comp="1058" pin=0"/></net>

<net id="1064"><net_src comp="166" pin="0"/><net_sink comp="1058" pin=1"/></net>

<net id="1065"><net_src comp="168" pin="0"/><net_sink comp="1058" pin=2"/></net>

<net id="1071"><net_src comp="338" pin="0"/><net_sink comp="1066" pin=0"/></net>

<net id="1072"><net_src comp="172" pin="0"/><net_sink comp="1066" pin=1"/></net>

<net id="1073"><net_src comp="174" pin="0"/><net_sink comp="1066" pin=2"/></net>

<net id="1086"><net_src comp="362" pin="0"/><net_sink comp="1074" pin=0"/></net>

<net id="1087"><net_src comp="34" pin="0"/><net_sink comp="1074" pin=1"/></net>

<net id="1088"><net_src comp="36" pin="0"/><net_sink comp="1074" pin=2"/></net>

<net id="1089"><net_src comp="38" pin="0"/><net_sink comp="1074" pin=3"/></net>

<net id="1090"><net_src comp="40" pin="0"/><net_sink comp="1074" pin=4"/></net>

<net id="1091"><net_src comp="42" pin="0"/><net_sink comp="1074" pin=5"/></net>

<net id="1092"><net_src comp="44" pin="0"/><net_sink comp="1074" pin=6"/></net>

<net id="1093"><net_src comp="46" pin="0"/><net_sink comp="1074" pin=7"/></net>

<net id="1094"><net_src comp="176" pin="0"/><net_sink comp="1074" pin=8"/></net>

<net id="1095"><net_src comp="178" pin="0"/><net_sink comp="1074" pin=9"/></net>

<net id="1122"><net_src comp="378" pin="0"/><net_sink comp="1096" pin=0"/></net>

<net id="1123"><net_src comp="132" pin="0"/><net_sink comp="1096" pin=12"/></net>

<net id="1124"><net_src comp="170" pin="0"/><net_sink comp="1096" pin=13"/></net>

<net id="1125"><net_src comp="176" pin="0"/><net_sink comp="1096" pin=14"/></net>

<net id="1126"><net_src comp="180" pin="0"/><net_sink comp="1096" pin=15"/></net>

<net id="1127"><net_src comp="128" pin="0"/><net_sink comp="1096" pin=16"/></net>

<net id="1128"><net_src comp="138" pin="0"/><net_sink comp="1096" pin=17"/></net>

<net id="1129"><net_src comp="134" pin="0"/><net_sink comp="1096" pin=18"/></net>

<net id="1130"><net_src comp="136" pin="0"/><net_sink comp="1096" pin=19"/></net>

<net id="1131"><net_src comp="140" pin="0"/><net_sink comp="1096" pin=20"/></net>

<net id="1132"><net_src comp="168" pin="0"/><net_sink comp="1096" pin=21"/></net>

<net id="1133"><net_src comp="166" pin="0"/><net_sink comp="1096" pin=22"/></net>

<net id="1134"><net_src comp="178" pin="0"/><net_sink comp="1096" pin=23"/></net>

<net id="1141"><net_src comp="382" pin="0"/><net_sink comp="1135" pin=0"/></net>

<net id="1142"><net_src comp="172" pin="0"/><net_sink comp="1135" pin=2"/></net>

<net id="1143"><net_src comp="174" pin="0"/><net_sink comp="1135" pin=3"/></net>

<net id="1160"><net_src comp="394" pin="0"/><net_sink comp="1144" pin=0"/></net>

<net id="1161"><net_src comp="150" pin="0"/><net_sink comp="1144" pin=3"/></net>

<net id="1162"><net_src comp="158" pin="0"/><net_sink comp="1144" pin=4"/></net>

<net id="1163"><net_src comp="152" pin="0"/><net_sink comp="1144" pin=5"/></net>

<net id="1164"><net_src comp="160" pin="0"/><net_sink comp="1144" pin=6"/></net>

<net id="1165"><net_src comp="182" pin="0"/><net_sink comp="1144" pin=7"/></net>

<net id="1166"><net_src comp="162" pin="0"/><net_sink comp="1144" pin=8"/></net>

<net id="1167"><net_src comp="164" pin="0"/><net_sink comp="1144" pin=9"/></net>

<net id="1168"><net_src comp="154" pin="0"/><net_sink comp="1144" pin=10"/></net>

<net id="1169"><net_src comp="156" pin="0"/><net_sink comp="1144" pin=11"/></net>

<net id="1170"><net_src comp="172" pin="0"/><net_sink comp="1144" pin=12"/></net>

<net id="1171"><net_src comp="174" pin="0"/><net_sink comp="1144" pin=13"/></net>

<net id="1188"><net_src comp="412" pin="0"/><net_sink comp="1172" pin=0"/></net>

<net id="1189"><net_src comp="154" pin="0"/><net_sink comp="1172" pin=3"/></net>

<net id="1190"><net_src comp="162" pin="0"/><net_sink comp="1172" pin=4"/></net>

<net id="1191"><net_src comp="156" pin="0"/><net_sink comp="1172" pin=5"/></net>

<net id="1192"><net_src comp="164" pin="0"/><net_sink comp="1172" pin=6"/></net>

<net id="1193"><net_src comp="182" pin="0"/><net_sink comp="1172" pin=7"/></net>

<net id="1194"><net_src comp="158" pin="0"/><net_sink comp="1172" pin=8"/></net>

<net id="1195"><net_src comp="160" pin="0"/><net_sink comp="1172" pin=9"/></net>

<net id="1196"><net_src comp="150" pin="0"/><net_sink comp="1172" pin=10"/></net>

<net id="1197"><net_src comp="152" pin="0"/><net_sink comp="1172" pin=11"/></net>

<net id="1198"><net_src comp="172" pin="0"/><net_sink comp="1172" pin=12"/></net>

<net id="1199"><net_src comp="174" pin="0"/><net_sink comp="1172" pin=13"/></net>

<net id="1211"><net_src comp="414" pin="0"/><net_sink comp="1200" pin=0"/></net>

<net id="1212"><net_src comp="142" pin="0"/><net_sink comp="1200" pin=3"/></net>

<net id="1213"><net_src comp="146" pin="0"/><net_sink comp="1200" pin=4"/></net>

<net id="1214"><net_src comp="144" pin="0"/><net_sink comp="1200" pin=5"/></net>

<net id="1215"><net_src comp="148" pin="0"/><net_sink comp="1200" pin=6"/></net>

<net id="1216"><net_src comp="172" pin="0"/><net_sink comp="1200" pin=7"/></net>

<net id="1217"><net_src comp="174" pin="0"/><net_sink comp="1200" pin=8"/></net>

<net id="1225"><net_src comp="416" pin="0"/><net_sink comp="1218" pin=0"/></net>

<net id="1226"><net_src comp="142" pin="0"/><net_sink comp="1218" pin=1"/></net>

<net id="1227"><net_src comp="146" pin="0"/><net_sink comp="1218" pin=2"/></net>

<net id="1228"><net_src comp="144" pin="0"/><net_sink comp="1218" pin=3"/></net>

<net id="1229"><net_src comp="148" pin="0"/><net_sink comp="1218" pin=4"/></net>

<net id="1233"><net_src comp="132" pin="0"/><net_sink comp="1230" pin=0"/></net>

<net id="1237"><net_src comp="124" pin="0"/><net_sink comp="1234" pin=0"/></net>

<net id="1238"><net_src comp="1234" pin="1"/><net_sink comp="1012" pin=1"/></net>

<net id="1239"><net_src comp="1234" pin="1"/><net_sink comp="1096" pin=10"/></net>

<net id="1243"><net_src comp="126" pin="0"/><net_sink comp="1240" pin=0"/></net>

<net id="1244"><net_src comp="1240" pin="1"/><net_sink comp="811" pin=2"/></net>

<net id="1251"><net_src comp="1234" pin="1"/><net_sink comp="1248" pin=0"/></net>

<net id="1252"><net_src comp="1248" pin="1"/><net_sink comp="1012" pin=1"/></net>

<net id="1253"><net_src comp="1248" pin="1"/><net_sink comp="1096" pin=10"/></net>

<net id="1259"><net_src comp="256" pin="0"/><net_sink comp="1254" pin=0"/></net>

<net id="1260"><net_src comp="508" pin="2"/><net_sink comp="1254" pin=1"/></net>

<net id="1261"><net_src comp="258" pin="0"/><net_sink comp="1254" pin=2"/></net>

<net id="1265"><net_src comp="502" pin="2"/><net_sink comp="1262" pin=0"/></net>

<net id="1271"><net_src comp="256" pin="0"/><net_sink comp="1266" pin=0"/></net>

<net id="1272"><net_src comp="502" pin="2"/><net_sink comp="1266" pin=1"/></net>

<net id="1273"><net_src comp="260" pin="0"/><net_sink comp="1266" pin=2"/></net>

<net id="1279"><net_src comp="262" pin="0"/><net_sink comp="1274" pin=0"/></net>

<net id="1280"><net_src comp="502" pin="2"/><net_sink comp="1274" pin=1"/></net>

<net id="1281"><net_src comp="264" pin="0"/><net_sink comp="1274" pin=2"/></net>

<net id="1287"><net_src comp="266" pin="0"/><net_sink comp="1282" pin=0"/></net>

<net id="1288"><net_src comp="502" pin="2"/><net_sink comp="1282" pin=1"/></net>

<net id="1289"><net_src comp="268" pin="0"/><net_sink comp="1282" pin=2"/></net>

<net id="1295"><net_src comp="266" pin="0"/><net_sink comp="1290" pin=0"/></net>

<net id="1296"><net_src comp="502" pin="2"/><net_sink comp="1290" pin=1"/></net>

<net id="1297"><net_src comp="270" pin="0"/><net_sink comp="1290" pin=2"/></net>

<net id="1303"><net_src comp="266" pin="0"/><net_sink comp="1298" pin=0"/></net>

<net id="1304"><net_src comp="502" pin="2"/><net_sink comp="1298" pin=1"/></net>

<net id="1305"><net_src comp="272" pin="0"/><net_sink comp="1298" pin=2"/></net>

<net id="1311"><net_src comp="266" pin="0"/><net_sink comp="1306" pin=0"/></net>

<net id="1312"><net_src comp="502" pin="2"/><net_sink comp="1306" pin=1"/></net>

<net id="1313"><net_src comp="258" pin="0"/><net_sink comp="1306" pin=2"/></net>

<net id="1319"><net_src comp="266" pin="0"/><net_sink comp="1314" pin=0"/></net>

<net id="1320"><net_src comp="502" pin="2"/><net_sink comp="1314" pin=1"/></net>

<net id="1321"><net_src comp="274" pin="0"/><net_sink comp="1314" pin=2"/></net>

<net id="1327"><net_src comp="262" pin="0"/><net_sink comp="1322" pin=0"/></net>

<net id="1328"><net_src comp="502" pin="2"/><net_sink comp="1322" pin=1"/></net>

<net id="1329"><net_src comp="276" pin="0"/><net_sink comp="1322" pin=2"/></net>

<net id="1333"><net_src comp="532" pin="2"/><net_sink comp="1330" pin=0"/></net>

<net id="1339"><net_src comp="288" pin="0"/><net_sink comp="1334" pin=0"/></net>

<net id="1340"><net_src comp="532" pin="2"/><net_sink comp="1334" pin=1"/></net>

<net id="1341"><net_src comp="238" pin="0"/><net_sink comp="1334" pin=2"/></net>

<net id="1347"><net_src comp="288" pin="0"/><net_sink comp="1342" pin=0"/></net>

<net id="1348"><net_src comp="532" pin="2"/><net_sink comp="1342" pin=1"/></net>

<net id="1349"><net_src comp="290" pin="0"/><net_sink comp="1342" pin=2"/></net>

<net id="1355"><net_src comp="288" pin="0"/><net_sink comp="1350" pin=0"/></net>

<net id="1356"><net_src comp="532" pin="2"/><net_sink comp="1350" pin=1"/></net>

<net id="1357"><net_src comp="292" pin="0"/><net_sink comp="1350" pin=2"/></net>

<net id="1363"><net_src comp="288" pin="0"/><net_sink comp="1358" pin=0"/></net>

<net id="1364"><net_src comp="532" pin="2"/><net_sink comp="1358" pin=1"/></net>

<net id="1365"><net_src comp="294" pin="0"/><net_sink comp="1358" pin=2"/></net>

<net id="1371"><net_src comp="288" pin="0"/><net_sink comp="1366" pin=0"/></net>

<net id="1372"><net_src comp="532" pin="2"/><net_sink comp="1366" pin=1"/></net>

<net id="1373"><net_src comp="296" pin="0"/><net_sink comp="1366" pin=2"/></net>

<net id="1379"><net_src comp="288" pin="0"/><net_sink comp="1374" pin=0"/></net>

<net id="1380"><net_src comp="532" pin="2"/><net_sink comp="1374" pin=1"/></net>

<net id="1381"><net_src comp="298" pin="0"/><net_sink comp="1374" pin=2"/></net>

<net id="1385"><net_src comp="520" pin="2"/><net_sink comp="1382" pin=0"/></net>

<net id="1391"><net_src comp="288" pin="0"/><net_sink comp="1386" pin=0"/></net>

<net id="1392"><net_src comp="520" pin="2"/><net_sink comp="1386" pin=1"/></net>

<net id="1393"><net_src comp="300" pin="0"/><net_sink comp="1386" pin=2"/></net>

<net id="1398"><net_src comp="1382" pin="1"/><net_sink comp="1394" pin=0"/></net>

<net id="1399"><net_src comp="302" pin="0"/><net_sink comp="1394" pin=1"/></net>

<net id="1404"><net_src comp="1382" pin="1"/><net_sink comp="1400" pin=0"/></net>

<net id="1405"><net_src comp="304" pin="0"/><net_sink comp="1400" pin=1"/></net>

<net id="1410"><net_src comp="1350" pin="3"/><net_sink comp="1406" pin=0"/></net>

<net id="1411"><net_src comp="1400" pin="2"/><net_sink comp="1406" pin=1"/></net>

<net id="1416"><net_src comp="514" pin="2"/><net_sink comp="1412" pin=0"/></net>

<net id="1417"><net_src comp="210" pin="0"/><net_sink comp="1412" pin=1"/></net>

<net id="1421"><net_src comp="514" pin="2"/><net_sink comp="1418" pin=0"/></net>

<net id="1427"><net_src comp="1412" pin="2"/><net_sink comp="1422" pin=0"/></net>

<net id="1428"><net_src comp="306" pin="0"/><net_sink comp="1422" pin=1"/></net>

<net id="1429"><net_src comp="1418" pin="1"/><net_sink comp="1422" pin=2"/></net>

<net id="1433"><net_src comp="526" pin="2"/><net_sink comp="1430" pin=0"/></net>

<net id="1439"><net_src comp="308" pin="0"/><net_sink comp="1434" pin=0"/></net>

<net id="1440"><net_src comp="526" pin="2"/><net_sink comp="1434" pin=1"/></net>

<net id="1441"><net_src comp="310" pin="0"/><net_sink comp="1434" pin=2"/></net>

<net id="1445"><net_src comp="120" pin="0"/><net_sink comp="1442" pin=0"/></net>

<net id="1449"><net_src comp="122" pin="0"/><net_sink comp="1446" pin=0"/></net>

<net id="1454"><net_src comp="1442" pin="1"/><net_sink comp="1450" pin=0"/></net>

<net id="1455"><net_src comp="324" pin="0"/><net_sink comp="1450" pin=1"/></net>

<net id="1460"><net_src comp="1334" pin="3"/><net_sink comp="1456" pin=0"/></net>

<net id="1461"><net_src comp="1450" pin="2"/><net_sink comp="1456" pin=1"/></net>

<net id="1466"><net_src comp="210" pin="0"/><net_sink comp="1462" pin=0"/></net>

<net id="1467"><net_src comp="124" pin="0"/><net_sink comp="1462" pin=1"/></net>

<net id="1472"><net_src comp="210" pin="0"/><net_sink comp="1468" pin=0"/></net>

<net id="1473"><net_src comp="126" pin="0"/><net_sink comp="1468" pin=1"/></net>

<net id="1478"><net_src comp="210" pin="0"/><net_sink comp="1474" pin=0"/></net>

<net id="1479"><net_src comp="128" pin="0"/><net_sink comp="1474" pin=1"/></net>

<net id="1484"><net_src comp="326" pin="0"/><net_sink comp="1480" pin=0"/></net>

<net id="1485"><net_src comp="130" pin="0"/><net_sink comp="1480" pin=1"/></net>

<net id="1490"><net_src comp="286" pin="0"/><net_sink comp="1486" pin=0"/></net>

<net id="1491"><net_src comp="132" pin="0"/><net_sink comp="1486" pin=1"/></net>

<net id="1496"><net_src comp="336" pin="0"/><net_sink comp="1492" pin=0"/></net>

<net id="1497"><net_src comp="170" pin="0"/><net_sink comp="1492" pin=1"/></net>

<net id="1502"><net_src comp="324" pin="0"/><net_sink comp="1498" pin=0"/></net>

<net id="1503"><net_src comp="120" pin="0"/><net_sink comp="1498" pin=1"/></net>

<net id="1507"><net_src comp="558" pin="8"/><net_sink comp="1504" pin=0"/></net>

<net id="1513"><net_src comp="346" pin="0"/><net_sink comp="1508" pin=0"/></net>

<net id="1514"><net_src comp="1504" pin="1"/><net_sink comp="1508" pin=1"/></net>

<net id="1515"><net_src comp="310" pin="0"/><net_sink comp="1508" pin=2"/></net>

<net id="1521"><net_src comp="288" pin="0"/><net_sink comp="1516" pin=0"/></net>

<net id="1522"><net_src comp="1504" pin="1"/><net_sink comp="1516" pin=1"/></net>

<net id="1523"><net_src comp="300" pin="0"/><net_sink comp="1516" pin=2"/></net>

<net id="1530"><net_src comp="348" pin="0"/><net_sink comp="1524" pin=0"/></net>

<net id="1531"><net_src comp="1504" pin="1"/><net_sink comp="1524" pin=1"/></net>

<net id="1532"><net_src comp="350" pin="0"/><net_sink comp="1524" pin=2"/></net>

<net id="1533"><net_src comp="352" pin="0"/><net_sink comp="1524" pin=3"/></net>

<net id="1537"><net_src comp="1504" pin="1"/><net_sink comp="1534" pin=0"/></net>

<net id="1543"><net_src comp="354" pin="0"/><net_sink comp="1538" pin=0"/></net>

<net id="1544"><net_src comp="1534" pin="1"/><net_sink comp="1538" pin=1"/></net>

<net id="1545"><net_src comp="1524" pin="4"/><net_sink comp="1538" pin=2"/></net>

<net id="1549"><net_src comp="1538" pin="3"/><net_sink comp="1546" pin=0"/></net>

<net id="1550"><net_src comp="1546" pin="1"/><net_sink comp="833" pin=2"/></net>

<net id="1551"><net_src comp="1546" pin="1"/><net_sink comp="840" pin=2"/></net>

<net id="1556"><net_src comp="210" pin="0"/><net_sink comp="1552" pin=0"/></net>

<net id="1557"><net_src comp="126" pin="0"/><net_sink comp="1552" pin=1"/></net>

<net id="1562"><net_src comp="210" pin="0"/><net_sink comp="1558" pin=0"/></net>

<net id="1563"><net_src comp="128" pin="0"/><net_sink comp="1558" pin=1"/></net>

<net id="1568"><net_src comp="324" pin="0"/><net_sink comp="1564" pin=0"/></net>

<net id="1569"><net_src comp="132" pin="0"/><net_sink comp="1564" pin=1"/></net>

<net id="1574"><net_src comp="947" pin="1"/><net_sink comp="1570" pin=1"/></net>

<net id="1579"><net_src comp="1570" pin="2"/><net_sink comp="1575" pin=1"/></net>

<net id="1584"><net_src comp="326" pin="0"/><net_sink comp="1580" pin=0"/></net>

<net id="1585"><net_src comp="130" pin="0"/><net_sink comp="1580" pin=1"/></net>

<net id="1598"><net_src comp="364" pin="0"/><net_sink comp="1592" pin=0"/></net>

<net id="1599"><net_src comp="238" pin="0"/><net_sink comp="1592" pin=2"/></net>

<net id="1600"><net_src comp="366" pin="0"/><net_sink comp="1592" pin=3"/></net>

<net id="1604"><net_src comp="1592" pin="4"/><net_sink comp="1601" pin=0"/></net>

<net id="1605"><net_src comp="1601" pin="1"/><net_sink comp="865" pin=2"/></net>

<net id="1606"><net_src comp="1601" pin="1"/><net_sink comp="872" pin=2"/></net>

<net id="1619"><net_src comp="1611" pin="2"/><net_sink comp="1615" pin=0"/></net>

<net id="1620"><net_src comp="324" pin="0"/><net_sink comp="1615" pin=1"/></net>

<net id="1629"><net_src comp="324" pin="0"/><net_sink comp="1625" pin=1"/></net>

<net id="1634"><net_src comp="1615" pin="2"/><net_sink comp="1630" pin=0"/></net>

<net id="1635"><net_src comp="1625" pin="2"/><net_sink comp="1630" pin=1"/></net>

<net id="1644"><net_src comp="336" pin="0"/><net_sink comp="1640" pin=0"/></net>

<net id="1652"><net_src comp="1645" pin="1"/><net_sink comp="1648" pin=0"/></net>

<net id="1657"><net_src comp="1645" pin="1"/><net_sink comp="1653" pin=0"/></net>

<net id="1658"><net_src comp="306" pin="0"/><net_sink comp="1653" pin=1"/></net>

<net id="1663"><net_src comp="336" pin="0"/><net_sink comp="1659" pin=1"/></net>

<net id="1667"><net_src comp="1664" pin="1"/><net_sink comp="645" pin=2"/></net>

<net id="1671"><net_src comp="1668" pin="1"/><net_sink comp="624" pin=2"/></net>

<net id="1675"><net_src comp="1672" pin="1"/><net_sink comp="631" pin=2"/></net>

<net id="1679"><net_src comp="1676" pin="1"/><net_sink comp="638" pin=2"/></net>

<net id="1684"><net_src comp="286" pin="0"/><net_sink comp="1680" pin=0"/></net>

<net id="1685"><net_src comp="132" pin="0"/><net_sink comp="1680" pin=1"/></net>

<net id="1690"><net_src comp="122" pin="0"/><net_sink comp="1686" pin=1"/></net>

<net id="1694"><net_src comp="679" pin="8"/><net_sink comp="1691" pin=0"/></net>

<net id="1698"><net_src comp="1691" pin="1"/><net_sink comp="1695" pin=0"/></net>

<net id="1702"><net_src comp="697" pin="2"/><net_sink comp="1699" pin=0"/></net>

<net id="1706"><net_src comp="961" pin="4"/><net_sink comp="1703" pin=0"/></net>

<net id="1707"><net_src comp="1703" pin="1"/><net_sink comp="1144" pin=1"/></net>

<net id="1714"><net_src comp="388" pin="0"/><net_sink comp="1708" pin=0"/></net>

<net id="1715"><net_src comp="961" pin="4"/><net_sink comp="1708" pin=1"/></net>

<net id="1716"><net_src comp="390" pin="0"/><net_sink comp="1708" pin=2"/></net>

<net id="1717"><net_src comp="392" pin="0"/><net_sink comp="1708" pin=3"/></net>

<net id="1721"><net_src comp="1234" pin="1"/><net_sink comp="1718" pin=0"/></net>

<net id="1722"><net_src comp="1718" pin="1"/><net_sink comp="1144" pin=2"/></net>

<net id="1726"><net_src comp="961" pin="4"/><net_sink comp="1723" pin=0"/></net>

<net id="1733"><net_src comp="396" pin="0"/><net_sink comp="1727" pin=0"/></net>

<net id="1734"><net_src comp="961" pin="4"/><net_sink comp="1727" pin=1"/></net>

<net id="1735"><net_src comp="238" pin="0"/><net_sink comp="1727" pin=2"/></net>

<net id="1736"><net_src comp="366" pin="0"/><net_sink comp="1727" pin=3"/></net>

<net id="1740"><net_src comp="1727" pin="4"/><net_sink comp="1737" pin=0"/></net>

<net id="1741"><net_src comp="1737" pin="1"/><net_sink comp="879" pin=2"/></net>

<net id="1742"><net_src comp="1737" pin="1"/><net_sink comp="886" pin=2"/></net>

<net id="1748"><net_src comp="899" pin="3"/><net_sink comp="1743" pin=1"/></net>

<net id="1749"><net_src comp="893" pin="3"/><net_sink comp="1743" pin=2"/></net>

<net id="1753"><net_src comp="1743" pin="3"/><net_sink comp="1750" pin=0"/></net>

<net id="1758"><net_src comp="1750" pin="1"/><net_sink comp="1754" pin=0"/></net>

<net id="1759"><net_src comp="398" pin="0"/><net_sink comp="1754" pin=1"/></net>

<net id="1766"><net_src comp="400" pin="0"/><net_sink comp="1760" pin=0"/></net>

<net id="1767"><net_src comp="1754" pin="2"/><net_sink comp="1760" pin=1"/></net>

<net id="1768"><net_src comp="366" pin="0"/><net_sink comp="1760" pin=2"/></net>

<net id="1769"><net_src comp="300" pin="0"/><net_sink comp="1760" pin=3"/></net>

<net id="1773"><net_src comp="1754" pin="2"/><net_sink comp="1770" pin=0"/></net>

<net id="1778"><net_src comp="304" pin="0"/><net_sink comp="1774" pin=1"/></net>

<net id="1784"><net_src comp="1774" pin="2"/><net_sink comp="1779" pin=0"/></net>

<net id="1785"><net_src comp="402" pin="0"/><net_sink comp="1779" pin=1"/></net>

<net id="1786"><net_src comp="1779" pin="3"/><net_sink comp="893" pin=4"/></net>

<net id="1787"><net_src comp="1779" pin="3"/><net_sink comp="899" pin=4"/></net>

<net id="1792"><net_src comp="1240" pin="1"/><net_sink comp="1788" pin=0"/></net>

<net id="1793"><net_src comp="238" pin="0"/><net_sink comp="1788" pin=1"/></net>

<net id="1798"><net_src comp="1788" pin="2"/><net_sink comp="1794" pin=0"/></net>

<net id="1799"><net_src comp="126" pin="0"/><net_sink comp="1794" pin=1"/></net>

<net id="1804"><net_src comp="1001" pin="6"/><net_sink comp="1800" pin=0"/></net>

<net id="1809"><net_src comp="702" pin="9"/><net_sink comp="1805" pin=0"/></net>

<net id="1813"><net_src comp="1234" pin="1"/><net_sink comp="1810" pin=0"/></net>

<net id="1820"><net_src comp="406" pin="0"/><net_sink comp="1814" pin=0"/></net>

<net id="1821"><net_src comp="1810" pin="1"/><net_sink comp="1814" pin=1"/></net>

<net id="1822"><net_src comp="1814" pin="4"/><net_sink comp="722" pin=8"/></net>

<net id="1826"><net_src comp="1248" pin="1"/><net_sink comp="1823" pin=0"/></net>

<net id="1827"><net_src comp="1823" pin="1"/><net_sink comp="1172" pin=2"/></net>

<net id="1833"><net_src comp="918" pin="3"/><net_sink comp="1828" pin=1"/></net>

<net id="1834"><net_src comp="913" pin="3"/><net_sink comp="1828" pin=2"/></net>

<net id="1838"><net_src comp="1828" pin="3"/><net_sink comp="1835" pin=0"/></net>

<net id="1843"><net_src comp="1835" pin="1"/><net_sink comp="1839" pin=0"/></net>

<net id="1844"><net_src comp="398" pin="0"/><net_sink comp="1839" pin=1"/></net>

<net id="1851"><net_src comp="400" pin="0"/><net_sink comp="1845" pin=0"/></net>

<net id="1852"><net_src comp="1839" pin="2"/><net_sink comp="1845" pin=1"/></net>

<net id="1853"><net_src comp="366" pin="0"/><net_sink comp="1845" pin=2"/></net>

<net id="1854"><net_src comp="300" pin="0"/><net_sink comp="1845" pin=3"/></net>

<net id="1858"><net_src comp="1839" pin="2"/><net_sink comp="1855" pin=0"/></net>

<net id="1863"><net_src comp="304" pin="0"/><net_sink comp="1859" pin=1"/></net>

<net id="1869"><net_src comp="1859" pin="2"/><net_sink comp="1864" pin=0"/></net>

<net id="1870"><net_src comp="402" pin="0"/><net_sink comp="1864" pin=1"/></net>

<net id="1871"><net_src comp="1864" pin="3"/><net_sink comp="913" pin=4"/></net>

<net id="1872"><net_src comp="1864" pin="3"/><net_sink comp="918" pin=4"/></net>

<net id="1877"><net_src comp="1245" pin="1"/><net_sink comp="1873" pin=0"/></net>

<net id="1882"><net_src comp="1873" pin="2"/><net_sink comp="1878" pin=0"/></net>

<net id="1887"><net_src comp="324" pin="0"/><net_sink comp="1883" pin=0"/></net>

<net id="1891"><net_src comp="130" pin="0"/><net_sink comp="1888" pin=0"/></net>

<net id="1895"><net_src comp="1888" pin="1"/><net_sink comp="1892" pin=0"/></net>

<net id="1902"><net_src comp="364" pin="0"/><net_sink comp="1896" pin=0"/></net>

<net id="1903"><net_src comp="1888" pin="1"/><net_sink comp="1896" pin=1"/></net>

<net id="1904"><net_src comp="238" pin="0"/><net_sink comp="1896" pin=2"/></net>

<net id="1905"><net_src comp="366" pin="0"/><net_sink comp="1896" pin=3"/></net>

<net id="1909"><net_src comp="1896" pin="4"/><net_sink comp="1906" pin=0"/></net>

<net id="1910"><net_src comp="1906" pin="1"/><net_sink comp="931" pin=2"/></net>

<net id="1911"><net_src comp="1906" pin="1"/><net_sink comp="938" pin=2"/></net>

<net id="1916"><net_src comp="1888" pin="1"/><net_sink comp="1912" pin=0"/></net>

<net id="1917"><net_src comp="418" pin="0"/><net_sink comp="1912" pin=1"/></net>

<net id="1922"><net_src comp="1912" pin="2"/><net_sink comp="1918" pin=0"/></net>

<net id="1923"><net_src comp="130" pin="0"/><net_sink comp="1918" pin=1"/></net>

<net id="1929"><net_src comp="856" pin="3"/><net_sink comp="1924" pin=1"/></net>

<net id="1930"><net_src comp="847" pin="3"/><net_sink comp="1924" pin=2"/></net>

<net id="1937"><net_src comp="420" pin="0"/><net_sink comp="1931" pin=0"/></net>

<net id="1938"><net_src comp="1924" pin="3"/><net_sink comp="1931" pin=1"/></net>

<net id="1939"><net_src comp="326" pin="0"/><net_sink comp="1931" pin=3"/></net>

<net id="1943"><net_src comp="1931" pin="4"/><net_sink comp="1940" pin=0"/></net>

<net id="1944"><net_src comp="1940" pin="1"/><net_sink comp="773" pin=8"/></net>

<net id="1949"><net_src comp="1234" pin="1"/><net_sink comp="1945" pin=0"/></net>

<net id="1950"><net_src comp="238" pin="0"/><net_sink comp="1945" pin=1"/></net>

<net id="1955"><net_src comp="1945" pin="2"/><net_sink comp="1951" pin=0"/></net>

<net id="1956"><net_src comp="124" pin="0"/><net_sink comp="1951" pin=1"/></net>

<net id="1965"><net_src comp="967" pin="1"/><net_sink comp="1961" pin=0"/></net>

<net id="1970"><net_src comp="982" pin="1"/><net_sink comp="1966" pin=0"/></net>

<net id="1981"><net_src comp="422" pin="0"/><net_sink comp="1971" pin=0"/></net>

<net id="1982"><net_src comp="1245" pin="1"/><net_sink comp="1971" pin=3"/></net>

<net id="1983"><net_src comp="286" pin="0"/><net_sink comp="1971" pin=4"/></net>

<net id="1987"><net_src comp="1971" pin="8"/><net_sink comp="1984" pin=0"/></net>

<net id="1988"><net_src comp="1984" pin="1"/><net_sink comp="804" pin=2"/></net>

<net id="1995"><net_src comp="1989" pin="1"/><net_sink comp="1992" pin=0"/></net>

<net id="1996"><net_src comp="1992" pin="1"/><net_sink comp="826" pin=2"/></net>

<net id="2000"><net_src comp="460" pin="2"/><net_sink comp="1997" pin=0"/></net>

<net id="2001"><net_src comp="1997" pin="1"/><net_sink comp="1971" pin=6"/></net>

<net id="2005"><net_src comp="466" pin="2"/><net_sink comp="2002" pin=0"/></net>

<net id="2006"><net_src comp="2002" pin="1"/><net_sink comp="1971" pin=7"/></net>

<net id="2010"><net_src comp="472" pin="2"/><net_sink comp="2007" pin=0"/></net>

<net id="2011"><net_src comp="2007" pin="1"/><net_sink comp="1814" pin=2"/></net>

<net id="2015"><net_src comp="478" pin="2"/><net_sink comp="2012" pin=0"/></net>

<net id="2016"><net_src comp="2012" pin="1"/><net_sink comp="1586" pin=0"/></net>

<net id="2017"><net_src comp="2012" pin="1"/><net_sink comp="1589" pin=0"/></net>

<net id="2018"><net_src comp="2012" pin="1"/><net_sink comp="1592" pin=1"/></net>

<net id="2019"><net_src comp="2012" pin="1"/><net_sink comp="1172" pin=1"/></net>

<net id="2023"><net_src comp="484" pin="2"/><net_sink comp="2020" pin=0"/></net>

<net id="2027"><net_src comp="490" pin="2"/><net_sink comp="2024" pin=0"/></net>

<net id="2028"><net_src comp="2024" pin="1"/><net_sink comp="1607" pin=1"/></net>

<net id="2032"><net_src comp="496" pin="2"/><net_sink comp="2029" pin=0"/></net>

<net id="2033"><net_src comp="2029" pin="1"/><net_sink comp="1200" pin=1"/></net>

<net id="2037"><net_src comp="428" pin="1"/><net_sink comp="2034" pin=0"/></net>

<net id="2038"><net_src comp="2034" pin="1"/><net_sink comp="1135" pin=1"/></net>

<net id="2039"><net_src comp="2034" pin="1"/><net_sink comp="1989" pin=0"/></net>

<net id="2043"><net_src comp="432" pin="1"/><net_sink comp="2040" pin=0"/></net>

<net id="2044"><net_src comp="2040" pin="1"/><net_sink comp="1096" pin=11"/></net>

<net id="2045"><net_src comp="2040" pin="1"/><net_sink comp="652" pin=1"/></net>

<net id="2046"><net_src comp="2040" pin="1"/><net_sink comp="697" pin=1"/></net>

<net id="2050"><net_src comp="1254" pin="3"/><net_sink comp="2047" pin=0"/></net>

<net id="2051"><net_src comp="2047" pin="1"/><net_sink comp="1625" pin=0"/></net>

<net id="2052"><net_src comp="2047" pin="1"/><net_sink comp="1636" pin=0"/></net>

<net id="2053"><net_src comp="2047" pin="1"/><net_sink comp="1200" pin=2"/></net>

<net id="2057"><net_src comp="1262" pin="1"/><net_sink comp="2054" pin=0"/></net>

<net id="2058"><net_src comp="2054" pin="1"/><net_sink comp="1096" pin=1"/></net>

<net id="2062"><net_src comp="1266" pin="3"/><net_sink comp="2059" pin=0"/></net>

<net id="2063"><net_src comp="2059" pin="1"/><net_sink comp="1096" pin=2"/></net>

<net id="2067"><net_src comp="1274" pin="3"/><net_sink comp="2064" pin=0"/></net>

<net id="2068"><net_src comp="2064" pin="1"/><net_sink comp="1096" pin=3"/></net>

<net id="2072"><net_src comp="1282" pin="3"/><net_sink comp="2069" pin=0"/></net>

<net id="2073"><net_src comp="2069" pin="1"/><net_sink comp="1096" pin=4"/></net>

<net id="2077"><net_src comp="1290" pin="3"/><net_sink comp="2074" pin=0"/></net>

<net id="2078"><net_src comp="2074" pin="1"/><net_sink comp="1096" pin=5"/></net>

<net id="2082"><net_src comp="1298" pin="3"/><net_sink comp="2079" pin=0"/></net>

<net id="2083"><net_src comp="2079" pin="1"/><net_sink comp="1096" pin=6"/></net>

<net id="2087"><net_src comp="1306" pin="3"/><net_sink comp="2084" pin=0"/></net>

<net id="2088"><net_src comp="2084" pin="1"/><net_sink comp="1096" pin=7"/></net>

<net id="2092"><net_src comp="1314" pin="3"/><net_sink comp="2089" pin=0"/></net>

<net id="2093"><net_src comp="2089" pin="1"/><net_sink comp="1096" pin=8"/></net>

<net id="2097"><net_src comp="1322" pin="3"/><net_sink comp="2094" pin=0"/></net>

<net id="2098"><net_src comp="2094" pin="1"/><net_sink comp="1096" pin=9"/></net>

<net id="2102"><net_src comp="1330" pin="1"/><net_sink comp="2099" pin=0"/></net>

<net id="2103"><net_src comp="2099" pin="1"/><net_sink comp="576" pin=2"/></net>

<net id="2104"><net_src comp="2099" pin="1"/><net_sink comp="1607" pin=0"/></net>

<net id="2108"><net_src comp="1334" pin="3"/><net_sink comp="2105" pin=0"/></net>

<net id="2109"><net_src comp="2105" pin="1"/><net_sink comp="583" pin=2"/></net>

<net id="2113"><net_src comp="1342" pin="3"/><net_sink comp="2110" pin=0"/></net>

<net id="2117"><net_src comp="1358" pin="3"/><net_sink comp="2114" pin=0"/></net>

<net id="2118"><net_src comp="2114" pin="1"/><net_sink comp="1621" pin=0"/></net>

<net id="2122"><net_src comp="1366" pin="3"/><net_sink comp="2119" pin=0"/></net>

<net id="2123"><net_src comp="2119" pin="1"/><net_sink comp="1611" pin=0"/></net>

<net id="2127"><net_src comp="1374" pin="3"/><net_sink comp="2124" pin=0"/></net>

<net id="2131"><net_src comp="1382" pin="1"/><net_sink comp="2128" pin=0"/></net>

<net id="2132"><net_src comp="2128" pin="1"/><net_sink comp="1570" pin=0"/></net>

<net id="2133"><net_src comp="2128" pin="1"/><net_sink comp="1686" pin=0"/></net>

<net id="2134"><net_src comp="2128" pin="1"/><net_sink comp="1971" pin=1"/></net>

<net id="2138"><net_src comp="1386" pin="3"/><net_sink comp="2135" pin=0"/></net>

<net id="2139"><net_src comp="2135" pin="1"/><net_sink comp="1971" pin=2"/></net>

<net id="2143"><net_src comp="1394" pin="2"/><net_sink comp="2140" pin=0"/></net>

<net id="2144"><net_src comp="2140" pin="1"/><net_sink comp="1575" pin=0"/></net>

<net id="2145"><net_src comp="2140" pin="1"/><net_sink comp="1621" pin=1"/></net>

<net id="2149"><net_src comp="1406" pin="2"/><net_sink comp="2146" pin=0"/></net>

<net id="2150"><net_src comp="2146" pin="1"/><net_sink comp="1611" pin=1"/></net>

<net id="2151"><net_src comp="2146" pin="1"/><net_sink comp="1971" pin=5"/></net>

<net id="2155"><net_src comp="1422" pin="3"/><net_sink comp="2152" pin=0"/></net>

<net id="2156"><net_src comp="2152" pin="1"/><net_sink comp="1648" pin=1"/></net>

<net id="2157"><net_src comp="2152" pin="1"/><net_sink comp="1659" pin=0"/></net>

<net id="2161"><net_src comp="1430" pin="1"/><net_sink comp="2158" pin=0"/></net>

<net id="2162"><net_src comp="2158" pin="1"/><net_sink comp="590" pin=2"/></net>

<net id="2166"><net_src comp="1434" pin="3"/><net_sink comp="2163" pin=0"/></net>

<net id="2167"><net_src comp="2163" pin="1"/><net_sink comp="597" pin=2"/></net>

<net id="2171"><net_src comp="1442" pin="1"/><net_sink comp="2168" pin=0"/></net>

<net id="2178"><net_src comp="1456" pin="2"/><net_sink comp="2175" pin=0"/></net>

<net id="2182"><net_src comp="538" pin="9"/><net_sink comp="2179" pin=0"/></net>

<net id="2186"><net_src comp="1508" pin="3"/><net_sink comp="2183" pin=0"/></net>

<net id="2187"><net_src comp="2183" pin="1"/><net_sink comp="847" pin=4"/></net>

<net id="2188"><net_src comp="2183" pin="1"/><net_sink comp="856" pin=4"/></net>

<net id="2192"><net_src comp="1516" pin="3"/><net_sink comp="2189" pin=0"/></net>

<net id="2196"><net_src comp="833" pin="3"/><net_sink comp="2193" pin=0"/></net>

<net id="2197"><net_src comp="2193" pin="1"/><net_sink comp="847" pin=2"/></net>

<net id="2201"><net_src comp="840" pin="3"/><net_sink comp="2198" pin=0"/></net>

<net id="2202"><net_src comp="2198" pin="1"/><net_sink comp="856" pin=2"/></net>

<net id="2206"><net_src comp="1230" pin="1"/><net_sink comp="2203" pin=0"/></net>

<net id="2210"><net_src comp="604" pin="9"/><net_sink comp="2207" pin=0"/></net>

<net id="2217"><net_src comp="436" pin="1"/><net_sink comp="2214" pin=0"/></net>

<net id="2218"><net_src comp="2214" pin="1"/><net_sink comp="1664" pin=0"/></net>

<net id="2219"><net_src comp="2214" pin="1"/><net_sink comp="1805" pin=1"/></net>

<net id="2223"><net_src comp="440" pin="1"/><net_sink comp="2220" pin=0"/></net>

<net id="2224"><net_src comp="2220" pin="1"/><net_sink comp="1668" pin=0"/></net>

<net id="2225"><net_src comp="2220" pin="1"/><net_sink comp="1800" pin=1"/></net>

<net id="2229"><net_src comp="444" pin="1"/><net_sink comp="2226" pin=0"/></net>

<net id="2230"><net_src comp="2226" pin="1"/><net_sink comp="1672" pin=0"/></net>

<net id="2231"><net_src comp="2226" pin="1"/><net_sink comp="1966" pin=1"/></net>

<net id="2235"><net_src comp="448" pin="1"/><net_sink comp="2232" pin=0"/></net>

<net id="2236"><net_src comp="2232" pin="1"/><net_sink comp="1676" pin=0"/></net>

<net id="2237"><net_src comp="2232" pin="1"/><net_sink comp="1961" pin=1"/></net>

<net id="2241"><net_src comp="452" pin="1"/><net_sink comp="2238" pin=0"/></net>

<net id="2242"><net_src comp="2238" pin="1"/><net_sink comp="1640" pin=1"/></net>

<net id="2243"><net_src comp="2238" pin="1"/><net_sink comp="1645" pin=0"/></net>

<net id="2244"><net_src comp="2238" pin="1"/><net_sink comp="1957" pin=1"/></net>

<net id="2248"><net_src comp="456" pin="1"/><net_sink comp="2245" pin=0"/></net>

<net id="2249"><net_src comp="2245" pin="1"/><net_sink comp="1636" pin=1"/></net>

<net id="2250"><net_src comp="2245" pin="1"/><net_sink comp="1245" pin=0"/></net>

<net id="2251"><net_src comp="2245" pin="1"/><net_sink comp="1878" pin=1"/></net>

<net id="2252"><net_src comp="2245" pin="1"/><net_sink comp="1883" pin=1"/></net>

<net id="2256"><net_src comp="1586" pin="1"/><net_sink comp="2253" pin=0"/></net>

<net id="2257"><net_src comp="2253" pin="1"/><net_sink comp="1814" pin=3"/></net>

<net id="2261"><net_src comp="1589" pin="1"/><net_sink comp="2258" pin=0"/></net>

<net id="2262"><net_src comp="2258" pin="1"/><net_sink comp="1828" pin=0"/></net>

<net id="2266"><net_src comp="865" pin="3"/><net_sink comp="2263" pin=0"/></net>

<net id="2267"><net_src comp="2263" pin="1"/><net_sink comp="913" pin=0"/></net>

<net id="2268"><net_src comp="2263" pin="1"/><net_sink comp="913" pin=2"/></net>

<net id="2272"><net_src comp="872" pin="3"/><net_sink comp="2269" pin=0"/></net>

<net id="2273"><net_src comp="2269" pin="1"/><net_sink comp="918" pin=0"/></net>

<net id="2274"><net_src comp="2269" pin="1"/><net_sink comp="918" pin=2"/></net>

<net id="2278"><net_src comp="1607" pin="2"/><net_sink comp="2275" pin=0"/></net>

<net id="2282"><net_src comp="1615" pin="2"/><net_sink comp="2279" pin=0"/></net>

<net id="2283"><net_src comp="2279" pin="1"/><net_sink comp="1873" pin=1"/></net>

<net id="2287"><net_src comp="1621" pin="2"/><net_sink comp="2284" pin=0"/></net>

<net id="2291"><net_src comp="1630" pin="2"/><net_sink comp="2288" pin=0"/></net>

<net id="2298"><net_src comp="1653" pin="2"/><net_sink comp="2295" pin=0"/></net>

<net id="2299"><net_src comp="2295" pin="1"/><net_sink comp="1957" pin=0"/></net>

<net id="2303"><net_src comp="1230" pin="1"/><net_sink comp="2300" pin=0"/></net>

<net id="2313"><net_src comp="652" pin="3"/><net_sink comp="2310" pin=0"/></net>

<net id="2317"><net_src comp="659" pin="9"/><net_sink comp="2314" pin=0"/></net>

<net id="2321"><net_src comp="1695" pin="1"/><net_sink comp="2318" pin=0"/></net>

<net id="2322"><net_src comp="2318" pin="1"/><net_sink comp="961" pin=0"/></net>

<net id="2326"><net_src comp="1699" pin="1"/><net_sink comp="2323" pin=0"/></net>

<net id="2327"><net_src comp="2323" pin="1"/><net_sink comp="961" pin=2"/></net>

<net id="2331"><net_src comp="1703" pin="1"/><net_sink comp="2328" pin=0"/></net>

<net id="2332"><net_src comp="2328" pin="1"/><net_sink comp="1144" pin=1"/></net>

<net id="2333"><net_src comp="2328" pin="1"/><net_sink comp="986" pin=0"/></net>

<net id="2337"><net_src comp="1708" pin="4"/><net_sink comp="2334" pin=0"/></net>

<net id="2338"><net_src comp="2334" pin="1"/><net_sink comp="971" pin=0"/></net>

<net id="2342"><net_src comp="1718" pin="1"/><net_sink comp="2339" pin=0"/></net>

<net id="2343"><net_src comp="2339" pin="1"/><net_sink comp="1144" pin=2"/></net>

<net id="2347"><net_src comp="1723" pin="1"/><net_sink comp="2344" pin=0"/></net>

<net id="2348"><net_src comp="2344" pin="1"/><net_sink comp="1743" pin=0"/></net>

<net id="2352"><net_src comp="879" pin="3"/><net_sink comp="2349" pin=0"/></net>

<net id="2353"><net_src comp="2349" pin="1"/><net_sink comp="893" pin=0"/></net>

<net id="2354"><net_src comp="2349" pin="1"/><net_sink comp="893" pin=2"/></net>

<net id="2358"><net_src comp="886" pin="3"/><net_sink comp="2355" pin=0"/></net>

<net id="2359"><net_src comp="2355" pin="1"/><net_sink comp="899" pin=0"/></net>

<net id="2360"><net_src comp="2355" pin="1"/><net_sink comp="899" pin=2"/></net>

<net id="2364"><net_src comp="1760" pin="4"/><net_sink comp="2361" pin=0"/></net>

<net id="2365"><net_src comp="2361" pin="1"/><net_sink comp="1774" pin=0"/></net>

<net id="2369"><net_src comp="1770" pin="1"/><net_sink comp="2366" pin=0"/></net>

<net id="2370"><net_src comp="2366" pin="1"/><net_sink comp="1779" pin=2"/></net>

<net id="2374"><net_src comp="702" pin="9"/><net_sink comp="2371" pin=0"/></net>

<net id="2378"><net_src comp="1814" pin="4"/><net_sink comp="2375" pin=0"/></net>

<net id="2379"><net_src comp="2375" pin="1"/><net_sink comp="722" pin=8"/></net>

<net id="2383"><net_src comp="1823" pin="1"/><net_sink comp="2380" pin=0"/></net>

<net id="2384"><net_src comp="2380" pin="1"/><net_sink comp="1172" pin=2"/></net>

<net id="2388"><net_src comp="1845" pin="4"/><net_sink comp="2385" pin=0"/></net>

<net id="2389"><net_src comp="2385" pin="1"/><net_sink comp="1859" pin=0"/></net>

<net id="2393"><net_src comp="1855" pin="1"/><net_sink comp="2390" pin=0"/></net>

<net id="2394"><net_src comp="2390" pin="1"/><net_sink comp="1864" pin=2"/></net>

<net id="2398"><net_src comp="753" pin="9"/><net_sink comp="2395" pin=0"/></net>

<net id="2402"><net_src comp="1888" pin="1"/><net_sink comp="2399" pin=0"/></net>

<net id="2403"><net_src comp="2399" pin="1"/><net_sink comp="1931" pin=2"/></net>

<net id="2407"><net_src comp="1892" pin="1"/><net_sink comp="2404" pin=0"/></net>

<net id="2408"><net_src comp="2404" pin="1"/><net_sink comp="1924" pin=0"/></net>

<net id="2412"><net_src comp="931" pin="3"/><net_sink comp="2409" pin=0"/></net>

<net id="2413"><net_src comp="2409" pin="1"/><net_sink comp="847" pin=0"/></net>

<net id="2417"><net_src comp="938" pin="3"/><net_sink comp="2414" pin=0"/></net>

<net id="2418"><net_src comp="2414" pin="1"/><net_sink comp="856" pin=0"/></net>

<net id="2422"><net_src comp="1940" pin="1"/><net_sink comp="2419" pin=0"/></net>

<net id="2423"><net_src comp="2419" pin="1"/><net_sink comp="773" pin=8"/></net>

</net_list>

</model> 
---------------- Datapath Model END ------------------

* FSMD analyzer results:
  - Output states:
	Port: status_reg | {24 }
	Port: spike_count_reg | {24 }
	Port: weight_sum_reg | {24 }
	Port: version_reg | {24 }
	Port: m_axis_spikes_V_data_V | {13 14 }
	Port: m_axis_spikes_V_keep_V | {13 14 }
	Port: m_axis_spikes_V_strb_V | {13 14 }
	Port: m_axis_spikes_V_user_V | {13 14 }
	Port: m_axis_spikes_V_last_V | {13 14 }
	Port: m_axis_spikes_V_id_V | {13 14 }
	Port: m_axis_spikes_V_dest_V | {13 14 }
	Port: m_axis_weights_V_data_V | {20 22 }
	Port: m_axis_weights_V_keep_V | {20 22 }
	Port: m_axis_weights_V_strb_V | {20 22 }
	Port: m_axis_weights_V_user_V | {20 22 }
	Port: m_axis_weights_V_last_V | {20 22 }
	Port: m_axis_weights_V_id_V | {20 22 }
	Port: m_axis_weights_V_dest_V | {20 22 }
	Port: spike_in_valid | {8 }
	Port: spike_in_neuron_id | {8 }
	Port: spike_in_weight | {8 }
	Port: spike_out_ready | {8 }
	Port: snn_enable | {4 }
	Port: snn_reset | {4 }
	Port: threshold_out | {4 }
	Port: leak_rate_out | {4 }
	Port: initialized | {3 }
	Port: last_mode | {8 }
	Port: timestamp | {1 22 }
	Port: spike_counter | {1 4 13 }
	Port: encoder_spike_counter | {1 4 8 9 }
	Port: checkpoint_col | {1 7 20 }
	Port: encoder_frame_loaded | {1 7 8 }
	Port: p_ZL22encoder_temporal_fired_0 | {1 2 5 6 8 9 }
	Port: p_ZL22encoder_temporal_start_0 | {1 2 5 6 8 9 }
	Port: p_ZL22encoder_temporal_fired_1 | {1 2 5 6 8 9 }
	Port: p_ZL22encoder_temporal_start_1 | {1 2 5 6 8 9 }
	Port: p_ZL15pre_eligibility_0 | {1 2 13 19 20 }
	Port: p_ZL16post_eligibility_0 | {1 2 16 19 20 }
	Port: p_ZL15pre_eligibility_1 | {1 2 13 19 20 }
	Port: p_ZL16post_eligibility_1 | {1 2 16 19 20 }
	Port: pre_traces_trace_0 | {1 2 11 12 }
	Port: pre_traces_last_spike_time_0 | {1 2 11 12 }
	Port: post_traces_trace_0 | {1 2 14 15 }
	Port: post_traces_last_spike_time_0 | {1 2 14 15 }
	Port: pre_traces_trace_1 | {1 2 11 12 }
	Port: pre_traces_last_spike_time_1 | {1 2 11 12 }
	Port: post_traces_trace_1 | {1 2 14 15 }
	Port: post_traces_last_spike_time_1 | {1 2 14 15 }
	Port: p_ZL17encoder_phase_acc_0 | {1 2 8 9 }
	Port: p_ZL17encoder_phase_acc_1 | {1 2 8 9 }
	Port: latency_window_counter | {1 8 9 }
	Port: p_ZL13weight_memory_0 | {2 3 4 11 12 14 15 17 18 }
	Port: p_ZL13weight_memory_1 | {2 3 4 11 12 14 15 17 18 }
	Port: p_ZL13encoder_frame_0 | {5 6 }
	Port: p_ZL13encoder_frame_1 | {5 6 }
	Port: lfsr | {8 9 }
 - Input state : 
	Port: snn_top_hls : ctrl_reg | {1 }
	Port: snn_top_hls : config_reg | {1 }
	Port: snn_top_hls : mode_reg | {1 }
	Port: snn_top_hls : time_steps_reg | {1 }
	Port: snn_top_hls : learning_params | {1 }
	Port: snn_top_hls : encoder_config | {1 }
	Port: snn_top_hls : s_axis_spikes_V_data_V | {10 }
	Port: snn_top_hls : s_axis_spikes_V_keep_V | {10 }
	Port: snn_top_hls : s_axis_spikes_V_strb_V | {10 }
	Port: snn_top_hls : s_axis_spikes_V_user_V | {10 }
	Port: snn_top_hls : s_axis_spikes_V_last_V | {10 }
	Port: snn_top_hls : s_axis_spikes_V_id_V | {10 }
	Port: snn_top_hls : s_axis_spikes_V_dest_V | {10 }
	Port: snn_top_hls : s_axis_data_V_data_V | {4 5 6 }
	Port: snn_top_hls : s_axis_data_V_keep_V | {4 5 6 }
	Port: snn_top_hls : s_axis_data_V_strb_V | {4 5 6 }
	Port: snn_top_hls : s_axis_data_V_user_V | {4 5 6 }
	Port: snn_top_hls : s_axis_data_V_last_V | {4 5 6 }
	Port: snn_top_hls : s_axis_data_V_id_V | {4 5 6 }
	Port: snn_top_hls : s_axis_data_V_dest_V | {4 5 6 }
	Port: snn_top_hls : s_axis_weights_V_data_V | {3 }
	Port: snn_top_hls : s_axis_weights_V_keep_V | {3 }
	Port: snn_top_hls : s_axis_weights_V_strb_V | {3 }
	Port: snn_top_hls : s_axis_weights_V_user_V | {3 }
	Port: snn_top_hls : s_axis_weights_V_last_V | {3 }
	Port: snn_top_hls : s_axis_weights_V_id_V | {3 }
	Port: snn_top_hls : s_axis_weights_V_dest_V | {3 }
	Port: snn_top_hls : reward_signal | {1 }
	Port: snn_top_hls : spike_in_ready | {1 }
	Port: snn_top_hls : spike_out_valid | {1 }
	Port: snn_top_hls : spike_out_neuron_id | {1 }
	Port: snn_top_hls : spike_out_weight | {1 }
	Port: snn_top_hls : snn_ready | {1 }
	Port: snn_top_hls : snn_busy | {1 }
	Port: snn_top_hls : initialized | {1 }
	Port: snn_top_hls : last_mode | {1 }
	Port: snn_top_hls : timestamp | {5 8 11 13 22 }
	Port: snn_top_hls : spike_counter | {13 24 }
	Port: snn_top_hls : encoder_spike_counter | {8 9 }
	Port: snn_top_hls : checkpoint_col | {20 }
	Port: snn_top_hls : encoder_frame_loaded | {4 8 9 }
	Port: snn_top_hls : p_ZL22encoder_temporal_fired_0 | {8 9 }
	Port: snn_top_hls : p_ZL22encoder_temporal_start_0 | {8 9 }
	Port: snn_top_hls : p_ZL22encoder_temporal_fired_1 | {8 9 }
	Port: snn_top_hls : p_ZL22encoder_temporal_start_1 | {8 9 }
	Port: snn_top_hls : p_ZL15pre_eligibility_0 | {11 12 17 18 19 20 }
	Port: snn_top_hls : p_ZL16post_eligibility_0 | {14 15 17 18 19 20 }
	Port: snn_top_hls : p_ZL15pre_eligibility_1 | {11 12 17 18 19 20 }
	Port: snn_top_hls : p_ZL16post_eligibility_1 | {14 15 17 18 19 20 }
	Port: snn_top_hls : pre_traces_trace_0 | {11 12 14 15 }
	Port: snn_top_hls : pre_traces_last_spike_time_0 | {11 12 14 15 }
	Port: snn_top_hls : post_traces_trace_0 | {11 12 14 15 }
	Port: snn_top_hls : post_traces_last_spike_time_0 | {11 12 14 15 }
	Port: snn_top_hls : pre_traces_trace_1 | {11 12 14 15 }
	Port: snn_top_hls : pre_traces_last_spike_time_1 | {11 12 14 15 }
	Port: snn_top_hls : post_traces_trace_1 | {11 12 14 15 }
	Port: snn_top_hls : post_traces_last_spike_time_1 | {11 12 14 15 }
	Port: snn_top_hls : p_ZL17encoder_phase_acc_0 | {8 9 }
	Port: snn_top_hls : p_ZL17encoder_phase_acc_1 | {8 9 }
	Port: snn_top_hls : latency_window_counter | {8 9 }
	Port: snn_top_hls : p_ZL13weight_memory_0 | {8 11 12 14 15 17 18 20 21 23 }
	Port: snn_top_hls : p_ZL13weight_memory_1 | {8 11 12 14 15 17 18 20 21 23 }
	Port: snn_top_hls : p_ZL13encoder_frame_0 | {8 9 }
	Port: snn_top_hls : p_ZL13encoder_frame_1 | {8 9 }
	Port: snn_top_hls : lfsr | {8 9 }
	Port: snn_top_hls : EXP_DECAY_LUT | {11 12 14 15 }
  - Chain level:
	State 1
		empty : 1
		specinterface_ln0 : 1
		checkpoint_mode : 1
		stdp_mode : 1
		stdp_active : 2
		time_steps_1 : 1
		xor_ln711 : 1
		or_ln711 : 1
		br_ln711 : 1
	State 2
	State 3
		last_mode_loc_0 : 1
		weight_val : 1
		tmp_17 : 1
		lshr_ln4 : 1
		trunc_ln767 : 1
		tmp_5 : 2
		zext_ln767 : 3
		p_ZL13weight_memory_0_addr_1 : 4
		p_ZL13weight_memory_1_addr_1 : 4
		br_ln767 : 2
	State 4
		br_ln786 : 1
	State 5
		call_ln799 : 1
	State 6
	State 7
		and_ln803 : 1
		br_ln803 : 1
		zext_ln548 : 1
		p_ZL16post_eligibility_0_addr : 2
		p_ZL16post_eligibility_1_addr : 2
		store_ln0 : 1
		store_ln814 : 1
	State 8
		icmp_ln814 : 1
		t_2 : 1
		br_ln814 : 2
		br_ln817 : 1
		call_ln818 : 1
		br_ln814 : 1
		write_ln822 : 1
		write_ln823 : 1
		write_ln824 : 1
		write_ln863 : 1
		br_ln925 : 1
	State 9
	State 10
		trunc_ln827 : 1
	State 11
		trunc_ln846 : 1
		weight : 1
		trunc_ln854 : 1
		call_ln854 : 2
		trunc_ln541 : 1
		lshr_ln6 : 1
		zext_ln541 : 2
		p_ZL15pre_eligibility_0_addr : 3
		p_ZL15pre_eligibility_1_addr : 3
		p_ZL15pre_eligibility_0_load : 4
		p_ZL15pre_eligibility_1_load : 4
	State 12
		select_ln541 : 1
		sext_ln541 : 2
		new_elig : 3
		tmp_18 : 4
		trunc_ln542 : 4
	State 13
		select_ln542 : 1
		store_ln542 : 2
		store_ln542 : 2
		add_ln858 : 1
		store_ln858 : 2
		empty_61 : 1
		empty_62 : 1
		empty_63 : 1
		store_ln865 : 2
		trunc_ln873 : 1
		out_pkt_data : 2
		write_ln880 : 3
	State 14
		call_ln883 : 1
	State 15
		select_ln548 : 1
		sext_ln548 : 2
		new_elig_1 : 3
		tmp_19 : 4
		trunc_ln549 : 4
	State 16
		select_ln549 : 1
		store_ln549 : 2
		store_ln549 : 2
		and_ln889_1 : 1
		store_ln889 : 1
	State 17
	State 18
	State 19
	State 20
		trunc_ln900 : 1
		lshr_ln7 : 1
		zext_ln900 : 2
		p_ZL13weight_memory_0_addr : 3
		p_ZL13weight_memory_1_addr : 3
		p_ZL13weight_memory_0_load : 4
		p_ZL13weight_memory_1_load : 4
		add_ln909 : 1
		store_ln909 : 2
	State 21
		select_ln900 : 1
		tmp_7 : 2
		zext_ln900_1 : 3
		write_ln907 : 4
	State 22
		add_ln920 : 1
		store_ln920 : 2
	State 23
	State 24
		status : 1
		zext_ln941 : 2
		write_ln943 : 3
		write_ln944 : 1
		sext_ln949 : 1
		write_ln955 : 2
	State 25
	State 26
	State 27
	State 28
	State 29
	State 30
	State 31
	State 32
	State 33
	State 34
	State 35


============================================================
+ Verbose Summary: Datapath Resource usage 
============================================================

* Functional unit list:
|----------|----------------------------------------------------------------------|---------|---------|---------|---------|
| Operation|                            Functional Unit                           |   DSP   |  Delay  |    FF   |   LUT   |
|----------|----------------------------------------------------------------------|---------|---------|---------|---------|
|          |               grp_encoder_reset_temporal_state_fu_1012               |    0    |    0    |    10   |    26   |
|          |              grp_snn_top_hls_Pipeline_RESET_ELIG_fu_1026             |    0    |    0    |    9    |    28   |
|          |             grp_snn_top_hls_Pipeline_RESET_TRACES_fu_1038            |    0    |    0    |    9    |    28   |
|          |            grp_snn_top_hls_Pipeline_RESET_ENCODER_fu_1058            |    0    |    0    |    10   |    26   |
|          | grp_snn_top_hls_Pipeline_INIT_WEIGHT_OUTER_INIT_WEIGHT_INNER_fu_1066 |    0    |    0    |    35   |   108   |
|   call   |              grp_snn_top_hls_Pipeline_LOAD_FRAME_fu_1074             |    0    |    0    |    8    |    34   |
|          |                     grp_run_encoder_once_fu_1096                     |    12   | 40.4842 |   1408  |   2366  |
|          |              grp_snn_top_hls_Pipeline_WEIGHT_SUM_fu_1135             |    0    |  7.3064 |   162   |   224   |
|          |                   grp_process_pre_spike_aer_fu_1144                  |    0    | 14.5306 |   439   |   643   |
|          |                  grp_process_post_spike_aer_fu_1172                  |    0    | 22.9478 |   462   |   778   |
|          |                    grp_apply_rstdp_reward_fu_1200                    |    0    |  12.704 |   177   |   450   |
|          |                 grp_decay_eligibility_traces_fu_1218                 |    0    |  6.352  |    80   |   124   |
|----------|----------------------------------------------------------------------|---------|---------|---------|---------|
|          |                              t_2_fu_1653                             |    0    |    0    |    0    |    23   |
|          |                           new_elig_fu_1754                           |    0    |    0    |    0    |    15   |
|    add   |                           add_ln858_fu_1788                          |    0    |    0    |    0    |    39   |
|          |                          new_elig_1_fu_1839                          |    0    |    0    |    0    |    15   |
|          |                           add_ln909_fu_1912                          |    0    |    0    |    0    |    15   |
|          |                           add_ln920_fu_1945                          |    0    |    0    |    0    |    39   |
|----------|----------------------------------------------------------------------|---------|---------|---------|---------|
|          |                        checkpoint_mode_fu_1394                       |    0    |    0    |    0    |    10   |
|          |                           stdp_mode_fu_1400                          |    0    |    0    |    0    |    10   |
|          |                          icmp_ln703_fu_1412                          |    0    |    0    |    0    |    39   |
|   icmp   |                          icmp_ln803_fu_1570                          |    0    |    0    |    0    |    10   |
|          |                          icmp_ln814_fu_1648                          |    0    |    0    |    0    |    23   |
|          |                         icmp_ln814_1_fu_1659                         |    0    |    0    |    0    |    23   |
|          |                          icmp_ln542_fu_1774                          |    0    |    0    |    0    |    10   |
|          |                          icmp_ln549_fu_1859                          |    0    |    0    |    0    |    10   |
|----------|----------------------------------------------------------------------|---------|---------|---------|---------|
|          |                         time_steps_1_fu_1422                         |    0    |    0    |    0    |    16   |
|          |                         select_ln541_fu_1743                         |    0    |    0    |    0    |    8    |
|  select  |                         select_ln542_fu_1779                         |    0    |    0    |    0    |    8    |
|          |                         select_ln548_fu_1828                         |    0    |    0    |    0    |    8    |
|          |                         select_ln549_fu_1864                         |    0    |    0    |    0    |    8    |
|          |                         select_ln900_fu_1924                         |    0    |    0    |    0    |    8    |
|----------|----------------------------------------------------------------------|---------|---------|---------|---------|
|          |                          stdp_active_fu_1406                         |    0    |    0    |    0    |    2    |
|          |                           and_ln803_fu_1575                          |    0    |    0    |    0    |    2    |
|    and   |                           and_ln826_fu_1607                          |    0    |    0    |    0    |    2    |
|          |                           and_ln889_fu_1611                          |    0    |    0    |    0    |    2    |
|          |                          and_ln889_1_fu_1873                         |    0    |    0    |    0    |    2    |
|----------|----------------------------------------------------------------------|---------|---------|---------|---------|
|          |                           xor_ln711_fu_1450                          |    0    |    0    |    0    |    2    |
|    xor   |                           xor_ln889_fu_1615                          |    0    |    0    |    0    |    2    |
|          |                          xor_ln889_1_fu_1625                         |    0    |    0    |    0    |    2    |
|----------|----------------------------------------------------------------------|---------|---------|---------|---------|
|          |                           or_ln711_fu_1456                           |    0    |    0    |    0    |    2    |
|    or    |                           or_ln895_fu_1621                           |    0    |    0    |    0    |    2    |
|          |                           or_ln889_fu_1630                           |    0    |    0    |    0    |    2    |
|----------|----------------------------------------------------------------------|---------|---------|---------|---------|
|          |                       snn_busy_read_read_fu_460                      |    0    |    0    |    0    |    0    |
|          |                      snn_ready_read_read_fu_466                      |    0    |    0    |    0    |    0    |
|          |                   spike_out_weight_read_read_fu_472                  |    0    |    0    |    0    |    0    |
|          |                 spike_out_neuron_id_read_read_fu_478                 |    0    |    0    |    0    |    0    |
|          |                   spike_out_valid_read_read_fu_484                   |    0    |    0    |    0    |    0    |
|          |                    spike_in_ready_read_read_fu_490                   |    0    |    0    |    0    |    0    |
|          |                    reward_signal_read_read_fu_496                    |    0    |    0    |    0    |    0    |
|   read   |                    encoder_config_read_read_fu_502                   |    0    |    0    |    0    |    0    |
|          |                   learning_params_read_read_fu_508                   |    0    |    0    |    0    |    0    |
|          |                    time_steps_reg_read_read_fu_514                   |    0    |    0    |    0    |    0    |
|          |                       mode_reg_read_read_fu_520                      |    0    |    0    |    0    |    0    |
|          |                      config_reg_read_read_fu_526                     |    0    |    0    |    0    |    0    |
|          |                       ctrl_reg_read_read_fu_532                      |    0    |    0    |    0    |    0    |
|          |                         empty_58_read_fu_558                         |    0    |    0    |    0    |    0    |
|          |                         empty_60_read_fu_679                         |    0    |    0    |    0    |    0    |
|          |                    encoder_spikes_read_read_fu_697                   |    0    |    0    |    0    |    0    |
|----------|----------------------------------------------------------------------|---------|---------|---------|---------|
|          |                         tmp_nbreadreq_fu_538                         |    0    |    0    |    0    |    0    |
| nbreadreq|                        tmp_4_nbreadreq_fu_604                        |    0    |    0    |    0    |    0    |
|          |                        tmp_s_nbreadreq_fu_652                        |    0    |    0    |    0    |    0    |
|          |                        tmp_1_nbreadreq_fu_659                        |    0    |    0    |    0    |    0    |
|----------|----------------------------------------------------------------------|---------|---------|---------|---------|
|          |                       write_ln780_write_fu_576                       |    0    |    0    |    0    |    0    |
|          |                       write_ln781_write_fu_583                       |    0    |    0    |    0    |    0    |
|          |                       write_ln782_write_fu_590                       |    0    |    0    |    0    |    0    |
|          |                       write_ln783_write_fu_597                       |    0    |    0    |    0    |    0    |
|          |                       write_ln822_write_fu_624                       |    0    |    0    |    0    |    0    |
|          |                       write_ln823_write_fu_631                       |    0    |    0    |    0    |    0    |
|   write  |                       write_ln824_write_fu_638                       |    0    |    0    |    0    |    0    |
|          |                       write_ln863_write_fu_645                       |    0    |    0    |    0    |    0    |
|          |                           grp_write_fu_722                           |    0    |    0    |    0    |    0    |
|          |                           grp_write_fu_773                           |    0    |    0    |    0    |    0    |
|          |                       write_ln943_write_fu_804                       |    0    |    0    |    0    |    0    |
|          |                       write_ln944_write_fu_811                       |    0    |    0    |    0    |    0    |
|          |                       write_ln945_write_fu_818                       |    0    |    0    |    0    |    0    |
|          |                       write_ln955_write_fu_826                       |    0    |    0    |    0    |    0    |
|----------|----------------------------------------------------------------------|---------|---------|---------|---------|
|nbwritereq|                         grp_nbwritereq_fu_702                        |    0    |    0    |    0    |    0    |
|          |                        tmp_6_nbwritereq_fu_753                       |    0    |    0    |    0    |    0    |
|----------|----------------------------------------------------------------------|---------|---------|---------|---------|
|          |                 learning_params_rstdp_enable_fu_1254                 |    0    |    0    |    0    |    0    |
|          |               encoder_config_two_neuron_enable_fu_1266               |    0    |    0    |    0    |    0    |
|          |                             reset_fu_1334                            |    0    |    0    |    0    |    0    |
|          |                        clear_counters_fu_1342                        |    0    |    0    |    0    |    0    |
| bitselect|                        learning_enable_fu_1350                       |    0    |    0    |    0    |    0    |
|          |                       weight_read_mode_fu_1358                       |    0    |    0    |    0    |    0    |
|          |                         apply_reward_fu_1366                         |    0    |    0    |    0    |    0    |
|          |                       weight_load_mode_fu_1374                       |    0    |    0    |    0    |    0    |
|          |                        encoder_enable_fu_1386                        |    0    |    0    |    0    |    0    |
|          |                            tmp_17_fu_1516                            |    0    |    0    |    0    |    0    |
|----------|----------------------------------------------------------------------|---------|---------|---------|---------|
|          |                 encoder_config_encoding_type_fu_1262                 |    0    |    0    |    0    |    0    |
|          |                            enable_fu_1330                            |    0    |    0    |    0    |    0    |
|          |                            op_mode_fu_1382                           |    0    |    0    |    0    |    0    |
|          |                          time_steps_fu_1418                          |    0    |    0    |    0    |    0    |
|          |                           threshold_fu_1430                          |    0    |    0    |    0    |    0    |
|          |                          trunc_ln767_fu_1534                         |    0    |    0    |    0    |    0    |
|          |                          trunc_ln548_fu_1589                         |    0    |    0    |    0    |    0    |
|          |                          trunc_ln827_fu_1695                         |    0    |    0    |    0    |    0    |
|   trunc  |                         enc_word_data_fu_1699                        |    0    |    0    |    0    |    0    |
|          |                          trunc_ln846_fu_1703                         |    0    |    0    |    0    |    0    |
|          |                          trunc_ln854_fu_1718                         |    0    |    0    |    0    |    0    |
|          |                          trunc_ln541_fu_1723                         |    0    |    0    |    0    |    0    |
|          |                          trunc_ln542_fu_1770                         |    0    |    0    |    0    |    0    |
|          |                          trunc_ln873_fu_1810                         |    0    |    0    |    0    |    0    |
|          |                          trunc_ln883_fu_1823                         |    0    |    0    |    0    |    0    |
|          |                          trunc_ln549_fu_1855                         |    0    |    0    |    0    |    0    |
|          |                          trunc_ln900_fu_1892                         |    0    |    0    |    0    |    0    |
|----------|----------------------------------------------------------------------|---------|---------|---------|---------|
|          |                    encoder_config_baseline_fu_1274                   |    0    |    0    |    0    |    0    |
|          |                   encoder_config_rate_scale_fu_1282                  |    0    |    0    |    0    |    0    |
|          |                 encoder_config_latency_window_fu_1290                |    0    |    0    |    0    |    0    |
|          |                encoder_config_delta_threshold_fu_1298                |    0    |    0    |    0    |    0    |
|          |                  encoder_config_delta_decay_fu_1306                  |    0    |    0    |    0    |    0    |
|          |                  encoder_config_num_channels_fu_1314                 |    0    |    0    |    0    |    0    |
|          |                 encoder_config_default_weight_fu_1322                |    0    |    0    |    0    |    0    |
|partselect|                           leak_rate_fu_1434                          |    0    |    0    |    0    |    0    |
|          |                          weight_val_fu_1508                          |    0    |    0    |    0    |    0    |
|          |                           lshr_ln4_fu_1524                           |    0    |    0    |    0    |    0    |
|          |                           lshr_ln5_fu_1592                           |    0    |    0    |    0    |    0    |
|          |                            weight_fu_1708                            |    0    |    0    |    0    |    0    |
|          |                           lshr_ln6_fu_1727                           |    0    |    0    |    0    |    0    |
|          |                            tmp_18_fu_1760                            |    0    |    0    |    0    |    0    |
|          |                            tmp_19_fu_1845                            |    0    |    0    |    0    |    0    |
|          |                           lshr_ln7_fu_1896                           |    0    |    0    |    0    |    0    |
|----------|----------------------------------------------------------------------|---------|---------|---------|---------|
|extractvalue|                          w_pkt_data_fu_1504                          |    0    |    0    |    0    |    0    |
|          |                         in_pkt_data_1_fu_1691                        |    0    |    0    |    0    |    0    |
|----------|----------------------------------------------------------------------|---------|---------|---------|---------|
|          |                             tmp_5_fu_1538                            |    0    |    0    |    0    |    0    |
|bitconcatenate|                         out_pkt_data_fu_1814                         |    0    |    0    |    0    |    0    |
|          |                             tmp_7_fu_1931                            |    0    |    0    |    0    |    0    |
|          |                            status_fu_1971                            |    0    |    0    |    0    |    0    |
|----------|----------------------------------------------------------------------|---------|---------|---------|---------|
|          |                          zext_ln767_fu_1546                          |    0    |    0    |    0    |    0    |
|          |                          zext_ln866_fu_1586                          |    0    |    0    |    0    |    0    |
|          |                          zext_ln548_fu_1601                          |    0    |    0    |    0    |    0    |
|   zext   |                          zext_ln541_fu_1737                          |    0    |    0    |    0    |    0    |
|          |                          zext_ln900_fu_1906                          |    0    |    0    |    0    |    0    |
|          |                         zext_ln900_1_fu_1940                         |    0    |    0    |    0    |    0    |
|          |                          zext_ln941_fu_1984                          |    0    |    0    |    0    |    0    |
|----------|----------------------------------------------------------------------|---------|---------|---------|---------|
|          |                          sext_ln541_fu_1750                          |    0    |    0    |    0    |    0    |
|   sext   |                          sext_ln548_fu_1835                          |    0    |    0    |    0    |    0    |
|          |                          sext_ln949_fu_1992                          |    0    |    0    |    0    |    0    |
|----------|----------------------------------------------------------------------|---------|---------|---------|---------|
|   Total  |                                                                      |    12   | 104.325 |   2809  |   5194  |
|----------|----------------------------------------------------------------------|---------|---------|---------|---------|

Memories:
+------------------------------+--------+--------+--------+--------+
|                              |  BRAM  |   FF   |   LUT  |  URAM  |
+------------------------------+--------+--------+--------+--------+
|         EXP_DECAY_LUT        |    0   |    8   |    2   |    -   |
|     p_ZL13encoder_frame_0    |    1   |    0   |    0   |    0   |
|     p_ZL13encoder_frame_1    |    1   |    0   |    0   |    0   |
|     p_ZL13weight_memory_0    |   16   |    0   |    0   |    -   |
|     p_ZL13weight_memory_1    |   16   |    0   |    0   |    -   |
|    p_ZL15pre_eligibility_0   |    1   |    0   |    0   |    -   |
|    p_ZL15pre_eligibility_1   |    1   |    0   |    0   |    -   |
|   p_ZL16post_eligibility_0   |    1   |    0   |    0   |    -   |
|   p_ZL16post_eligibility_1   |    1   |    0   |    0   |    -   |
|   p_ZL17encoder_phase_acc_0  |    1   |    0   |    0   |    -   |
|   p_ZL17encoder_phase_acc_1  |    1   |    0   |    0   |    -   |
|p_ZL22encoder_temporal_fired_0|    1   |    0   |    0   |    -   |
|p_ZL22encoder_temporal_fired_1|    1   |    0   |    0   |    -   |
|p_ZL22encoder_temporal_start_0|    1   |    0   |    0   |    -   |
|p_ZL22encoder_temporal_start_1|    1   |    0   |    0   |    -   |
| post_traces_last_spike_time_0|    1   |    0   |    0   |    -   |
| post_traces_last_spike_time_1|    1   |    0   |    0   |    -   |
|      post_traces_trace_0     |    1   |    0   |    0   |    -   |
|      post_traces_trace_1     |    1   |    0   |    0   |    -   |
| pre_traces_last_spike_time_0 |    1   |    0   |    0   |    -   |
| pre_traces_last_spike_time_1 |    1   |    0   |    0   |    -   |
|      pre_traces_trace_0      |    1   |    0   |    0   |    -   |
|      pre_traces_trace_1      |    1   |    0   |    0   |    -   |
+------------------------------+--------+--------+--------+--------+
|             Total            |   52   |    8   |    2   |    0   |
+------------------------------+--------+--------+--------+--------+

* Register list:
+-----------------------------------------+--------+
|                                         |   FF   |
+-----------------------------------------+--------+
|            and_ln826_reg_2275           |    1   |
|          apply_reward_reg_2119          |    1   |
|       checkpoint_col_load_reg_2399      |    8   |
|         checkpoint_mode_reg_2140        |    1   |
|         clear_counters_reg_2110         |    1   |
|            empty_59_reg_2245            |    1   |
|             empty_61_reg_967            |    8   |
|             empty_62_reg_982            |    8   |
|             empty_63_reg_997            |    1   |
|             enable_reg_2099             |    1   |
|          enc_word_data_reg_2323         |   18   |
|     encoder_config_baseline_reg_2064    |    8   |
|  encoder_config_default_weight_reg_2094 |    8   |
|   encoder_config_delta_decay_reg_2084   |   16   |
| encoder_config_delta_threshold_reg_2079 |   16   |
|  encoder_config_encoding_type_reg_2054  |    4   |
|  encoder_config_latency_window_reg_2074 |   16   |
|   encoder_config_num_channels_reg_2089  |   16   |
|    encoder_config_rate_scale_reg_2069   |   16   |
|encoder_config_two_neuron_enable_reg_2059|    1   |
|         encoder_enable_reg_2135         |    1   |
|   encoder_frame_loaded_load_1_reg_2300  |    1   |
|    encoder_frame_loaded_load_reg_2203   |    1   |
|         encoder_spikes_reg_2040         |   41   |
|          in_pkt_data_2_reg_958          |   18   |
|        initialized_load_reg_2168        |    1   |
|         last_mode_loc_0_reg_947         |    2   |
|            leak_rate_reg_2163           |   16   |
|  learning_params_rstdp_enable_reg_2047  |    1   |
|             op_mode_reg_2128            |    2   |
|            or_ln711_reg_2175            |    1   |
|            or_ln889_reg_2288            |    1   |
|            or_ln895_reg_2284            |    1   |
|          out_pkt_data_reg_2375          |   32   |
|  p_ZL13weight_memory_0_addr_1_reg_2193  |   15   |
|   p_ZL13weight_memory_0_addr_reg_2409   |   15   |
|  p_ZL13weight_memory_1_addr_1_reg_2198  |   15   |
|   p_ZL13weight_memory_1_addr_reg_2414   |   15   |
|  p_ZL15pre_eligibility_0_addr_reg_2349  |    7   |
|  p_ZL15pre_eligibility_1_addr_reg_2355  |    7   |
|  p_ZL16post_eligibility_0_addr_reg_2263 |    7   |
|  p_ZL16post_eligibility_1_addr_reg_2269 |    7   |
|             p_phi15_reg_2226            |    8   |
|             p_phi16_reg_2220            |    1   |
|             p_phi17_reg_2214            |    1   |
|              p_phi_reg_2232             |    8   |
|                 reg_1248                |   32   |
|              reset_reg_2105             |    1   |
|       reward_signal_read_reg_2029       |    8   |
|          snn_busy_read_reg_1997         |    1   |
|         snn_ready_read_reg_2002         |    1   |
|       spike_in_ready_read_reg_2024      |    1   |
|    spike_out_neuron_id_read_reg_2012    |    8   |
|      spike_out_valid_read_reg_2020      |    1   |
|      spike_out_weight_read_reg_2007     |    8   |
|           stdp_active_reg_2146          |    1   |
|               t_2_reg_2295              |   16   |
|                t_reg_2238               |   16   |
|            threshold_reg_2158           |   16   |
|          time_steps_1_reg_2152          |   16   |
|             tmp_17_reg_2189             |    1   |
|             tmp_18_reg_2361             |    2   |
|             tmp_19_reg_2385             |    2   |
|              tmp_1_reg_2314             |    1   |
|              tmp_2_reg_2371             |    1   |
|              tmp_4_reg_2207             |    1   |
|              tmp_6_reg_2395             |    1   |
|               tmp_reg_2179              |    1   |
|              tmp_s_reg_2310             |    1   |
|           trunc_ln541_reg_2344          |    1   |
|           trunc_ln542_reg_2366          |    8   |
|           trunc_ln548_reg_2258          |    1   |
|           trunc_ln549_reg_2390          |    8   |
|           trunc_ln827_reg_2318          |   18   |
|           trunc_ln846_reg_2328          |    8   |
|           trunc_ln854_reg_2339          |   16   |
|           trunc_ln883_reg_2380          |   16   |
|           trunc_ln900_reg_2404          |    1   |
|        weight_load_mode_reg_2124        |    1   |
|        weight_read_mode_reg_2114        |    1   |
|             weight_reg_2334             |    8   |
|         weight_sum_loc_reg_2034         |   14   |
|           weight_val_reg_2183           |    8   |
|            xor_ln889_reg_2279           |    1   |
|           zext_ln866_reg_2253           |   10   |
|          zext_ln900_1_reg_2419          |   32   |
+-----------------------------------------+--------+
|                  Total                  |   664  |
+-----------------------------------------+--------+

* Multiplexer (MUX) list: 
|------------------------------------------|------|------|------|--------||---------||---------||---------|
|                   Comp                   |  Pin | Size |  BW  | S x BW ||  Delay  ||    FF   ||   LUT   |
|------------------------------------------|------|------|------|--------||---------||---------||---------|
|             grp_write_fu_722             |  p8  |   2  |  32  |   64   ||    0    ||    9    |
|             grp_write_fu_773             |  p8  |   2  |  24  |   48   ||    0    ||    9    |
|             grp_access_fu_847            |  p0  |   2  |  15  |   30   ||    0    ||    9    |
|             grp_access_fu_856            |  p0  |   2  |  15  |   30   ||    0    ||    9    |
|             grp_access_fu_893            |  p0  |   2  |   7  |   14   ||    0    ||    9    |
|             grp_access_fu_899            |  p0  |   2  |   7  |   14   ||    0    ||    9    |
|             empty_61_reg_967             |  p0  |   2  |   8  |   16   ||    0    ||    9    |
|             empty_62_reg_982             |  p0  |   2  |   8  |   16   ||    0    ||    9    |
| grp_encoder_reset_temporal_state_fu_1012 |  p1  |   3  |  32  |   96   ||    0    ||    14   |
|       grp_run_encoder_once_fu_1096       |  p10 |   2  |  32  |   64   ||    0    ||    9    |
|     grp_process_pre_spike_aer_fu_1144    |  p1  |   2  |   8  |   16   ||    0    ||    9    |
|     grp_process_pre_spike_aer_fu_1144    |  p2  |   2  |  16  |   32   ||    0    ||    9    |
|    grp_process_post_spike_aer_fu_1172    |  p2  |   2  |  16  |   32   ||    0    ||    9    |
|------------------------------------------|------|------|------|--------||---------||---------||---------|
|                   Total                  |      |      |      |   472  || 20.7633 ||    0    ||   122   |
|------------------------------------------|------|------|------|--------||---------||---------||---------|



* Summary:
+-----------+--------+--------+--------+--------+--------+--------+
|           |  BRAM  |   DSP  |  Delay |   FF   |   LUT  |  URAM  |
+-----------+--------+--------+--------+--------+--------+--------+
|  Function |    -   |   12   |   104  |  2809  |  5194  |    -   |
|   Memory  |   52   |    -   |    -   |    8   |    2   |    0   |
|Multiplexer|    -   |    -   |   20   |    0   |   122  |    -   |
|  Register |    -   |    -   |    -   |   664  |    -   |    -   |
+-----------+--------+--------+--------+--------+--------+--------+
|   Total   |   52   |   12   |   125  |  3481  |  5318  |    0   |
+-----------+--------+--------+--------+--------+--------+--------+
