Copyright 1986-2022 Xilinx, Inc. All Rights Reserved. Copyright 2022-2025 Advanced Micro Devices, Inc. All Rights Reserved.
------------------------------------------------------------------------------------------------------------------------------------------------------------------------------------------------------------------------------------------------------------------
| Tool Version : Vivado v.2025.2 (lin64) Build 6299465 Fri Nov 14 12:34:56 MST 2025
| Date         : Sun Sep 20 03:22:50 2026
| Host         : Mariana running 64-bit Ubuntu 22.04.5 LTS
| Command      : report_timing_summary -max_paths 10 -routable_nets -report_unconstrained -file snn_core_group_top_timing_summary_routed.rpt -pb snn_core_group_top_timing_summary_routed.pb -rpx snn_core_group_top_timing_summary_routed.rpx -warn_on_violation
| Design       : snn_core_group_top
| Device       : 7z020-clg400
| Speed File   : -1  PRODUCTION 1.12 2019-11-22
| Design State : Routed
------------------------------------------------------------------------------------------------------------------------------------------------------------------------------------------------------------------------------------------------------------------

Timing Summary Report

------------------------------------------------------------------------------------------------
| Timer Settings
| --------------
------------------------------------------------------------------------------------------------

  Enable Multi Corner Analysis               :  Yes
  Enable Pessimism Removal                   :  Yes
  Pessimism Removal Resolution               :  Nearest Common Node
  Enable Input Delay Default Clock           :  No
  Enable Preset / Clear Arcs                 :  No
  Disable Flight Delays                      :  No
  Ignore I/O Paths                           :  No
  Timing Early Launch at Borrowing Latches   :  No
  Borrow Time for Max Delay Exceptions       :  Yes
  Merge Timing Exceptions                    :  Yes
  Inter-SLR Compensation                     :  Conservative

  Corner  Analyze    Analyze    
  Name    Max Paths  Min Paths  
  ------  ---------  ---------  
  Slow    Yes        Yes        
  Fast    Yes        Yes        


------------------------------------------------------------------------------------------------
| Report Methodology
| ------------------
------------------------------------------------------------------------------------------------

Rule       Severity  Description                                 Violations  
---------  --------  ------------------------------------------  ----------  
LUTAR-1    Warning   LUT drives async reset alert                6           
SYNTH-6    Warning   Timing of a RAM block might be sub-optimal  42          
TIMING-18  Warning   Missing input or output delay               1           

Note: This report is based on the most recent report_methodology run and may not be up-to-date. Run report_methodology on the current design for the latest report.



check_timing report

Table of Contents
-----------------
1. checking no_clock (0)
2. checking constant_clock (0)
3. checking pulse_width_clock (0)
4. checking unconstrained_internal_endpoints (0)
5. checking no_input_delay (0)
6. checking no_output_delay (1)
7. checking multiple_clock (0)
8. checking generated_clocks (0)
9. checking loops (0)
10. checking partial_input_delay (0)
11. checking partial_output_delay (0)
12. checking latch_loops (0)

1. checking no_clock (0)
------------------------
 There are 0 register/latch pins with no clock.


2. checking constant_clock (0)
------------------------------
 There are 0 register/latch pins with constant_clock.


3. checking pulse_width_clock (0)
---------------------------------
 There are 0 register/latch pins which need pulse_width check


4. checking unconstrained_internal_endpoints (0)
------------------------------------------------
 There are 0 pins that are not constrained for maximum delay.

 There are 0 pins that are not constrained for maximum delay due to constant clock.


5. checking no_input_delay (0)
------------------------------
 There are 0 input ports with no input delay specified.

 There are 0 input ports with no input delay but user has a false path constraint.


6. checking no_output_delay (1)
-------------------------------
 There is 1 port with no output delay specified. (HIGH)

 There are 0 ports with no output delay but user has a false path constraint

 There are 0 ports with no output delay but with a timing clock defined on it or propagating through it


7. checking multiple_clock (0)
------------------------------
 There are 0 register/latch pins with multiple clocks.


8. checking generated_clocks (0)
--------------------------------
 There are 0 generated clocks that are not connected to a clock source.


9. checking loops (0)
---------------------
 There are 0 combinational loops in the design.


10. checking partial_input_delay (0)
------------------------------------
 There are 0 input ports with partial input delay specified.


11. checking partial_output_delay (0)
-------------------------------------
 There are 0 ports with partial output delay specified.


12. checking latch_loops (0)
----------------------------
 There are 0 combinational latch loops in the design through latch input



------------------------------------------------------------------------------------------------
| Design Timing Summary
| ---------------------
------------------------------------------------------------------------------------------------

    WNS(ns)      TNS(ns)  TNS Failing Endpoints  TNS Total Endpoints      WHS(ns)      THS(ns)  THS Failing Endpoints  THS Total Endpoints     WPWS(ns)     TPWS(ns)  TPWS Failing Endpoints  TPWS Total Endpoints  
    -------      -------  ---------------------  -------------------      -------      -------  ---------------------  -------------------     --------     --------  ----------------------  --------------------  
      0.295        0.000                      0                36835        0.008        0.000                      0                36835        3.750        0.000                       0                 12062  


All user specified timing constraints are met.


------------------------------------------------------------------------------------------------
| Clock Summary
| -------------
------------------------------------------------------------------------------------------------

Clock       Waveform(ns)       Period(ns)      Frequency(MHz)
-----       ------------       ----------      --------------
clk_fpga_0  {0.000 5.000}      10.000          100.000         


------------------------------------------------------------------------------------------------
| Intra Clock Table
| -----------------
------------------------------------------------------------------------------------------------

Clock             WNS(ns)      TNS(ns)  TNS Failing Endpoints  TNS Total Endpoints      WHS(ns)      THS(ns)  THS Failing Endpoints  THS Total Endpoints     WPWS(ns)     TPWS(ns)  TPWS Failing Endpoints  TPWS Total Endpoints  
-----             -------      -------  ---------------------  -------------------      -------      -------  ---------------------  -------------------     --------     --------  ----------------------  --------------------  
clk_fpga_0          0.295        0.000                      0                36643        0.008        0.000                      0                36643        3.750        0.000                       0                 12062  


------------------------------------------------------------------------------------------------
| Inter Clock Table
| -----------------
------------------------------------------------------------------------------------------------

From Clock    To Clock          WNS(ns)      TNS(ns)  TNS Failing Endpoints  TNS Total Endpoints      WHS(ns)      THS(ns)  THS Failing Endpoints  THS Total Endpoints  
----------    --------          -------      -------  ---------------------  -------------------      -------      -------  ---------------------  -------------------  


------------------------------------------------------------------------------------------------
| Other Path Groups Table
| -----------------------
------------------------------------------------------------------------------------------------

Path Group         From Clock         To Clock               WNS(ns)      TNS(ns)  TNS Failing Endpoints  TNS Total Endpoints      WHS(ns)      THS(ns)  THS Failing Endpoints  THS Total Endpoints  
----------         ----------         --------               -------      -------  ---------------------  -------------------      -------      -------  ---------------------  -------------------  
**async_default**  clk_fpga_0         clk_fpga_0               6.124        0.000                      0                  192        0.448        0.000                      0                  192  


------------------------------------------------------------------------------------------------
| User Ignored Path Table
| -----------------------
------------------------------------------------------------------------------------------------

Path Group    From Clock    To Clock    
----------    ----------    --------    
(none)                      clk_fpga_0    
(none)        clk_fpga_0    clk_fpga_0    


------------------------------------------------------------------------------------------------
| Unconstrained Path Table
| ------------------------
------------------------------------------------------------------------------------------------

Path Group    From Clock    To Clock    
----------    ----------    --------    
(none)        clk_fpga_0                  


------------------------------------------------------------------------------------------------
| Timing Details
| --------------
------------------------------------------------------------------------------------------------


---------------------------------------------------------------------------------------------------
From Clock:  clk_fpga_0
  To Clock:  clk_fpga_0

Setup :            0  Failing Endpoints,  Worst Slack        0.295ns,  Total Violation        0.000ns
Hold  :            0  Failing Endpoints,  Worst Slack        0.008ns,  Total Violation        0.000ns
PW    :            0  Failing Endpoints,  Worst Slack        3.750ns,  Total Violation        0.000ns
---------------------------------------------------------------------------------------------------


Max Delay Paths
--------------------------------------------------------------------------------------
Slack (MET) :             0.295ns  (required time - arrival time)
  Source:                 gen_core_groups[1].u_core_group/neuron_state_mem_reg/CLKARDCLK
                            (rising edge-triggered cell RAMB18E1 clocked by clk_fpga_0  {rise@0.000ns fall@5.000ns period=10.000ns})
  Destination:            gen_core_groups[1].u_core_group/ns_din_reg[16]/D
                            (rising edge-triggered cell FDRE clocked by clk_fpga_0  {rise@0.000ns fall@5.000ns period=10.000ns})
  Path Group:             clk_fpga_0
  Path Type:              Setup (Max at Slow Process Corner)
  Requirement:            10.000ns  (clk_fpga_0 rise@10.000ns - clk_fpga_0 rise@0.000ns)
  Data Path Delay:        9.347ns  (logic 4.721ns (50.510%)  route 4.626ns (49.490%))
  Logic Levels:           9  (CARRY4=4 LUT4=1 LUT5=1 LUT6=3)
  Clock Path Skew:        -0.233ns (DCD - SCD + CPR)
    Destination Clock Delay (DCD):    2.659ns = ( 12.659 - 10.000 ) 
    Source Clock Delay      (SCD):    3.006ns
    Clock Pessimism Removal (CPR):    0.115ns
  Clock Uncertainty:      0.154ns  ((TSJ^2 + TIJ^2)^1/2 + DJ) / 2 + PE
    Total System Jitter     (TSJ):    0.071ns
    Total Input Jitter      (TIJ):    0.300ns
    Discrete Jitter          (DJ):    0.000ns
    Phase Error              (PE):    0.000ns

    Location             Delay type                Incr(ns)  Path(ns)    Netlist Resource(s)
  -------------------------------------------------------------------    -------------------
                         (clock clk_fpga_0 rise edge)
                                                      0.000     0.000 r  
    PS7_X0Y0             PS7                          0.000     0.000 r  u_block_design/design_1_i/processing_system7_0/inst/PS7_i/FCLKCLK[0]
                         net (fo=1, routed)           1.193     1.193    u_block_design/design_1_i/processing_system7_0/inst/FCLK_CLK_unbuffered[0]
    BUFGCTRL_X0Y16       BUFG (Prop_bufg_I_O)         0.101     1.294 r  u_block_design/design_1_i/processing_system7_0/inst/buffer_fclk_clk_0.FCLK_CLK_0_BUFG/O
                         net (fo=12063, routed)       1.712     3.006    gen_core_groups[1].u_core_group/clk_100mhz
    RAMB18_X2Y18         RAMB18E1                                     r  gen_core_groups[1].u_core_group/neuron_state_mem_reg/CLKARDCLK
  -------------------------------------------------------------------    -------------------
    RAMB18_X2Y18         RAMB18E1 (Prop_ramb18e1_CLKARDCLK_DOADO[11])
                                                      2.454     5.460 r  gen_core_groups[1].u_core_group/neuron_state_mem_reg/DOADO[11]
                         net (fo=15, routed)          1.196     6.656    gen_core_groups[1].u_core_group/mem_rd[3]
    SLICE_X33Y46         LUT6 (Prop_lut6_I1_O)        0.124     6.780 r  gen_core_groups[1].u_core_group/ns_din[11]_i_29/O
                         net (fo=2, routed)           0.582     7.362    u_block_design/ns_din_reg[11]_i_18_3
    SLICE_X34Y47         LUT5 (Prop_lut5_I0_O)        0.124     7.486 r  u_block_design/ns_din[11]_i_21/O
                         net (fo=2, routed)           0.641     8.127    u_block_design/gen_core_groups[1].u_core_group/leak_primary[1]
    SLICE_X35Y48         CARRY4 (Prop_carry4_DI[1]_CO[3])
                                                      0.507     8.634 r  u_block_design/ns_din_reg[11]_i_18/CO[3]
                         net (fo=1, routed)           0.000     8.634    u_block_design/ns_din_reg[11]_i_18_n_0
    SLICE_X35Y49         CARRY4 (Prop_carry4_CI_CO[3])
                                                      0.114     8.748 r  u_block_design/ns_din_reg[15]_i_18/CO[3]
                         net (fo=1, routed)           0.001     8.749    u_block_design/ns_din_reg[15]_i_18_n_0
    SLICE_X35Y50         CARRY4 (Prop_carry4_CI_O[1])
                                                      0.334     9.083 r  u_block_design/ns_din_reg[19]_i_14/O[1]
                         net (fo=3, routed)           0.760     9.843    u_block_design/neuron_state_mem_reg[9]
    SLICE_X36Y50         LUT4 (Prop_lut4_I0_O)        0.303    10.146 r  u_block_design/ns_din[23]_i_37__0/O
                         net (fo=1, routed)           0.000    10.146    u_block_design/ns_din[23]_i_37__0_n_0
    SLICE_X36Y50         CARRY4 (Prop_carry4_S[0]_CO[3])
                                                      0.513    10.659 r  u_block_design/ns_din_reg[23]_i_11__0/CO[3]
                         net (fo=1, routed)           0.883    11.541    gen_core_groups[1].u_core_group/CO[0]
    SLICE_X37Y50         LUT6 (Prop_lut6_I3_O)        0.124    11.665 f  gen_core_groups[1].u_core_group/ns_din[23]_i_5__0/O
                         net (fo=16, routed)          0.564    12.229    gen_core_groups[1].u_core_group/ns_din[23]_i_5__0_n_0
    SLICE_X37Y51         LUT6 (Prop_lut6_I4_O)        0.124    12.353 r  gen_core_groups[1].u_core_group/ns_din[16]_i_1__0/O
                         net (fo=1, routed)           0.000    12.353    gen_core_groups[1].u_core_group/ns_din__0[16]
    SLICE_X37Y51         FDRE                                         r  gen_core_groups[1].u_core_group/ns_din_reg[16]/D
  -------------------------------------------------------------------    -------------------

                         (clock clk_fpga_0 rise edge)
                                                     10.000    10.000 r  
    PS7_X0Y0             PS7                          0.000    10.000 r  u_block_design/design_1_i/processing_system7_0/inst/PS7_i/FCLKCLK[0]
                         net (fo=1, routed)           1.088    11.088    u_block_design/design_1_i/processing_system7_0/inst/FCLK_CLK_unbuffered[0]
    BUFGCTRL_X0Y16       BUFG (Prop_bufg_I_O)         0.091    11.179 r  u_block_design/design_1_i/processing_system7_0/inst/buffer_fclk_clk_0.FCLK_CLK_0_BUFG/O
                         net (fo=12063, routed)       1.480    12.659    gen_core_groups[1].u_core_group/clk_100mhz
    SLICE_X37Y51         FDRE                                         r  gen_core_groups[1].u_core_group/ns_din_reg[16]/C
                         clock pessimism              0.115    12.774    
                         clock uncertainty           -0.154    12.620    
    SLICE_X37Y51         FDRE (Setup_fdre_C_D)        0.029    12.649    gen_core_groups[1].u_core_group/ns_din_reg[16]
  -------------------------------------------------------------------
                         required time                         12.649    
                         arrival time                         -12.353    
  -------------------------------------------------------------------
                         slack                                  0.295    

Slack (MET) :             0.300ns  (required time - arrival time)
  Source:                 gen_core_groups[1].u_core_group/neuron_state_mem_reg/CLKARDCLK
                            (rising edge-triggered cell RAMB18E1 clocked by clk_fpga_0  {rise@0.000ns fall@5.000ns period=10.000ns})
  Destination:            gen_core_groups[1].u_core_group/ns_din_reg[17]/D
                            (rising edge-triggered cell FDRE clocked by clk_fpga_0  {rise@0.000ns fall@5.000ns period=10.000ns})
  Path Group:             clk_fpga_0
  Path Type:              Setup (Max at Slow Process Corner)
  Requirement:            10.000ns  (clk_fpga_0 rise@10.000ns - clk_fpga_0 rise@0.000ns)
  Data Path Delay:        9.344ns  (logic 4.721ns (50.526%)  route 4.623ns (49.474%))
  Logic Levels:           9  (CARRY4=4 LUT4=1 LUT5=1 LUT6=3)
  Clock Path Skew:        -0.233ns (DCD - SCD + CPR)
    Destination Clock Delay (DCD):    2.659ns = ( 12.659 - 10.000 ) 
    Source Clock Delay      (SCD):    3.006ns
    Clock Pessimism Removal (CPR):    0.115ns
  Clock Uncertainty:      0.154ns  ((TSJ^2 + TIJ^2)^1/2 + DJ) / 2 + PE
    Total System Jitter     (TSJ):    0.071ns
    Total Input Jitter      (TIJ):    0.300ns
    Discrete Jitter          (DJ):    0.000ns
    Phase Error              (PE):    0.000ns

    Location             Delay type                Incr(ns)  Path(ns)    Netlist Resource(s)
  -------------------------------------------------------------------    -------------------
                         (clock clk_fpga_0 rise edge)
                                                      0.000     0.000 r  
    PS7_X0Y0             PS7                          0.000     0.000 r  u_block_design/design_1_i/processing_system7_0/inst/PS7_i/FCLKCLK[0]
                         net (fo=1, routed)           1.193     1.193    u_block_design/design_1_i/processing_system7_0/inst/FCLK_CLK_unbuffered[0]
    BUFGCTRL_X0Y16       BUFG (Prop_bufg_I_O)         0.101     1.294 r  u_block_design/design_1_i/processing_system7_0/inst/buffer_fclk_clk_0.FCLK_CLK_0_BUFG/O
                         net (fo=12063, routed)       1.712     3.006    gen_core_groups[1].u_core_group/clk_100mhz
    RAMB18_X2Y18         RAMB18E1                                     r  gen_core_groups[1].u_core_group/neuron_state_mem_reg/CLKARDCLK
  -------------------------------------------------------------------    -------------------
    RAMB18_X2Y18         RAMB18E1 (Prop_ramb18e1_CLKARDCLK_DOADO[11])
                                                      2.454     5.460 r  gen_core_groups[1].u_core_group/neuron_state_mem_reg/DOADO[11]
                         net (fo=15, routed)          1.196     6.656    gen_core_groups[1].u_core_group/mem_rd[3]
    SLICE_X33Y46         LUT6 (Prop_lut6_I1_O)        0.124     6.780 r  gen_core_groups[1].u_core_group/ns_din[11]_i_29/O
                         net (fo=2, routed)           0.582     7.362    u_block_design/ns_din_reg[11]_i_18_3
    SLICE_X34Y47         LUT5 (Prop_lut5_I0_O)        0.124     7.486 r  u_block_design/ns_din[11]_i_21/O
                         net (fo=2, routed)           0.641     8.127    u_block_design/gen_core_groups[1].u_core_group/leak_primary[1]
    SLICE_X35Y48         CARRY4 (Prop_carry4_DI[1]_CO[3])
                                                      0.507     8.634 r  u_block_design/ns_din_reg[11]_i_18/CO[3]
                         net (fo=1, routed)           0.000     8.634    u_block_design/ns_din_reg[11]_i_18_n_0
    SLICE_X35Y49         CARRY4 (Prop_carry4_CI_CO[3])
                                                      0.114     8.748 r  u_block_design/ns_din_reg[15]_i_18/CO[3]
                         net (fo=1, routed)           0.001     8.749    u_block_design/ns_din_reg[15]_i_18_n_0
    SLICE_X35Y50         CARRY4 (Prop_carry4_CI_O[1])
                                                      0.334     9.083 r  u_block_design/ns_din_reg[19]_i_14/O[1]
                         net (fo=3, routed)           0.760     9.843    u_block_design/neuron_state_mem_reg[9]
    SLICE_X36Y50         LUT4 (Prop_lut4_I0_O)        0.303    10.146 r  u_block_design/ns_din[23]_i_37__0/O
                         net (fo=1, routed)           0.000    10.146    u_block_design/ns_din[23]_i_37__0_n_0
    SLICE_X36Y50         CARRY4 (Prop_carry4_S[0]_CO[3])
                                                      0.513    10.659 r  u_block_design/ns_din_reg[23]_i_11__0/CO[3]
                         net (fo=1, routed)           0.883    11.541    gen_core_groups[1].u_core_group/CO[0]
    SLICE_X37Y50         LUT6 (Prop_lut6_I3_O)        0.124    11.665 f  gen_core_groups[1].u_core_group/ns_din[23]_i_5__0/O
                         net (fo=16, routed)          0.561    12.226    gen_core_groups[1].u_core_group/ns_din[23]_i_5__0_n_0
    SLICE_X37Y51         LUT6 (Prop_lut6_I4_O)        0.124    12.350 r  gen_core_groups[1].u_core_group/ns_din[17]_i_1__0/O
                         net (fo=1, routed)           0.000    12.350    gen_core_groups[1].u_core_group/ns_din__0[17]
    SLICE_X37Y51         FDRE                                         r  gen_core_groups[1].u_core_group/ns_din_reg[17]/D
  -------------------------------------------------------------------    -------------------

                         (clock clk_fpga_0 rise edge)
                                                     10.000    10.000 r  
    PS7_X0Y0             PS7                          0.000    10.000 r  u_block_design/design_1_i/processing_system7_0/inst/PS7_i/FCLKCLK[0]
                         net (fo=1, routed)           1.088    11.088    u_block_design/design_1_i/processing_system7_0/inst/FCLK_CLK_unbuffered[0]
    BUFGCTRL_X0Y16       BUFG (Prop_bufg_I_O)         0.091    11.179 r  u_block_design/design_1_i/processing_system7_0/inst/buffer_fclk_clk_0.FCLK_CLK_0_BUFG/O
                         net (fo=12063, routed)       1.480    12.659    gen_core_groups[1].u_core_group/clk_100mhz
    SLICE_X37Y51         FDRE                                         r  gen_core_groups[1].u_core_group/ns_din_reg[17]/C
                         clock pessimism              0.115    12.774    
                         clock uncertainty           -0.154    12.620    
    SLICE_X37Y51         FDRE (Setup_fdre_C_D)        0.031    12.651    gen_core_groups[1].u_core_group/ns_din_reg[17]
  -------------------------------------------------------------------
                         required time                         12.651    
                         arrival time                         -12.350    
  -------------------------------------------------------------------
                         slack                                  0.300    

Slack (MET) :             0.368ns  (required time - arrival time)
  Source:                 gen_core_groups[1].u_core_group/neuron_state_mem_reg/CLKARDCLK
                            (rising edge-triggered cell RAMB18E1 clocked by clk_fpga_0  {rise@0.000ns fall@5.000ns period=10.000ns})
  Destination:            gen_core_groups[1].u_core_group/ns_din_reg[9]/D
                            (rising edge-triggered cell FDRE clocked by clk_fpga_0  {rise@0.000ns fall@5.000ns period=10.000ns})
  Path Group:             clk_fpga_0
  Path Type:              Setup (Max at Slow Process Corner)
  Requirement:            10.000ns  (clk_fpga_0 rise@10.000ns - clk_fpga_0 rise@0.000ns)
  Data Path Delay:        9.407ns  (logic 4.721ns (50.184%)  route 4.686ns (49.816%))
  Logic Levels:           9  (CARRY4=4 LUT4=1 LUT5=1 LUT6=3)
  Clock Path Skew:        -0.101ns (DCD - SCD + CPR)
    Destination Clock Delay (DCD):    2.675ns = ( 12.675 - 10.000 ) 
    Source Clock Delay      (SCD):    3.006ns
    Clock Pessimism Removal (CPR):    0.230ns
  Clock Uncertainty:      0.154ns  ((TSJ^2 + TIJ^2)^1/2 + DJ) / 2 + PE
    Total System Jitter     (TSJ):    0.071ns
    Total Input Jitter      (TIJ):    0.300ns
    Discrete Jitter          (DJ):    0.000ns
    Phase Error              (PE):    0.000ns

    Location             Delay type                Incr(ns)  Path(ns)    Netlist Resource(s)
  -------------------------------------------------------------------    -------------------
                         (clock clk_fpga_0 rise edge)
                                                      0.000     0.000 r  
    PS7_X0Y0             PS7                          0.000     0.000 r  u_block_design/design_1_i/processing_system7_0/inst/PS7_i/FCLKCLK[0]
                         net (fo=1, routed)           1.193     1.193    u_block_design/design_1_i/processing_system7_0/inst/FCLK_CLK_unbuffered[0]
    BUFGCTRL_X0Y16       BUFG (Prop_bufg_I_O)         0.101     1.294 r  u_block_design/design_1_i/processing_system7_0/inst/buffer_fclk_clk_0.FCLK_CLK_0_BUFG/O
                         net (fo=12063, routed)       1.712     3.006    gen_core_groups[1].u_core_group/clk_100mhz
    RAMB18_X2Y18         RAMB18E1                                     r  gen_core_groups[1].u_core_group/neuron_state_mem_reg/CLKARDCLK
  -------------------------------------------------------------------    -------------------
    RAMB18_X2Y18         RAMB18E1 (Prop_ramb18e1_CLKARDCLK_DOADO[11])
                                                      2.454     5.460 r  gen_core_groups[1].u_core_group/neuron_state_mem_reg/DOADO[11]
                         net (fo=15, routed)          1.196     6.656    gen_core_groups[1].u_core_group/mem_rd[3]
    SLICE_X33Y46         LUT6 (Prop_lut6_I1_O)        0.124     6.780 r  gen_core_groups[1].u_core_group/ns_din[11]_i_29/O
                         net (fo=2, routed)           0.582     7.362    u_block_design/ns_din_reg[11]_i_18_3
    SLICE_X34Y47         LUT5 (Prop_lut5_I0_O)        0.124     7.486 r  u_block_design/ns_din[11]_i_21/O
                         net (fo=2, routed)           0.641     8.127    u_block_design/gen_core_groups[1].u_core_group/leak_primary[1]
    SLICE_X35Y48         CARRY4 (Prop_carry4_DI[1]_CO[3])
                                                      0.507     8.634 r  u_block_design/ns_din_reg[11]_i_18/CO[3]
                         net (fo=1, routed)           0.000     8.634    u_block_design/ns_din_reg[11]_i_18_n_0
    SLICE_X35Y49         CARRY4 (Prop_carry4_CI_CO[3])
                                                      0.114     8.748 r  u_block_design/ns_din_reg[15]_i_18/CO[3]
                         net (fo=1, routed)           0.001     8.749    u_block_design/ns_din_reg[15]_i_18_n_0
    SLICE_X35Y50         CARRY4 (Prop_carry4_CI_O[1])
                                                      0.334     9.083 r  u_block_design/ns_din_reg[19]_i_14/O[1]
                         net (fo=3, routed)           0.760     9.843    u_block_design/neuron_state_mem_reg[9]
    SLICE_X36Y50         LUT4 (Prop_lut4_I0_O)        0.303    10.146 r  u_block_design/ns_din[23]_i_37__0/O
                         net (fo=1, routed)           0.000    10.146    u_block_design/ns_din[23]_i_37__0_n_0
    SLICE_X36Y50         CARRY4 (Prop_carry4_S[0]_CO[3])
                                                      0.513    10.659 r  u_block_design/ns_din_reg[23]_i_11__0/CO[3]
                         net (fo=1, routed)           0.883    11.541    gen_core_groups[1].u_core_group/CO[0]
    SLICE_X37Y50         LUT6 (Prop_lut6_I3_O)        0.124    11.665 f  gen_core_groups[1].u_core_group/ns_din[23]_i_5__0/O
                         net (fo=16, routed)          0.624    12.290    gen_core_groups[1].u_core_group/ns_din[23]_i_5__0_n_0
    SLICE_X37Y49         LUT6 (Prop_lut6_I4_O)        0.124    12.414 r  gen_core_groups[1].u_core_group/ns_din[9]_i_1__0/O
                         net (fo=1, routed)           0.000    12.414    gen_core_groups[1].u_core_group/ns_din__0[9]
    SLICE_X37Y49         FDRE                                         r  gen_core_groups[1].u_core_group/ns_din_reg[9]/D
  -------------------------------------------------------------------    -------------------

                         (clock clk_fpga_0 rise edge)
                                                     10.000    10.000 r  
    PS7_X0Y0             PS7                          0.000    10.000 r  u_block_design/design_1_i/processing_system7_0/inst/PS7_i/FCLKCLK[0]
                         net (fo=1, routed)           1.088    11.088    u_block_design/design_1_i/processing_system7_0/inst/FCLK_CLK_unbuffered[0]
    BUFGCTRL_X0Y16       BUFG (Prop_bufg_I_O)         0.091    11.179 r  u_block_design/design_1_i/processing_system7_0/inst/buffer_fclk_clk_0.FCLK_CLK_0_BUFG/O
                         net (fo=12063, routed)       1.496    12.675    gen_core_groups[1].u_core_group/clk_100mhz
    SLICE_X37Y49         FDRE                                         r  gen_core_groups[1].u_core_group/ns_din_reg[9]/C
                         clock pessimism              0.230    12.905    
                         clock uncertainty           -0.154    12.751    
    SLICE_X37Y49         FDRE (Setup_fdre_C_D)        0.031    12.782    gen_core_groups[1].u_core_group/ns_din_reg[9]
  -------------------------------------------------------------------
                         required time                         12.782    
                         arrival time                         -12.414    
  -------------------------------------------------------------------
                         slack                                  0.368    

Slack (MET) :             0.370ns  (required time - arrival time)
  Source:                 gen_core_groups[1].u_core_group/neuron_state_mem_reg/CLKARDCLK
                            (rising edge-triggered cell RAMB18E1 clocked by clk_fpga_0  {rise@0.000ns fall@5.000ns period=10.000ns})
  Destination:            gen_core_groups[1].u_core_group/ns_din_reg[10]/D
                            (rising edge-triggered cell FDRE clocked by clk_fpga_0  {rise@0.000ns fall@5.000ns period=10.000ns})
  Path Group:             clk_fpga_0
  Path Type:              Setup (Max at Slow Process Corner)
  Requirement:            10.000ns  (clk_fpga_0 rise@10.000ns - clk_fpga_0 rise@0.000ns)
  Data Path Delay:        9.406ns  (logic 4.721ns (50.190%)  route 4.685ns (49.810%))
  Logic Levels:           9  (CARRY4=4 LUT4=1 LUT5=1 LUT6=3)
  Clock Path Skew:        -0.101ns (DCD - SCD + CPR)
    Destination Clock Delay (DCD):    2.675ns = ( 12.675 - 10.000 ) 
    Source Clock Delay      (SCD):    3.006ns
    Clock Pessimism Removal (CPR):    0.230ns
  Clock Uncertainty:      0.154ns  ((TSJ^2 + TIJ^2)^1/2 + DJ) / 2 + PE
    Total System Jitter     (TSJ):    0.071ns
    Total Input Jitter      (TIJ):    0.300ns
    Discrete Jitter          (DJ):    0.000ns
    Phase Error              (PE):    0.000ns

    Location             Delay type                Incr(ns)  Path(ns)    Netlist Resource(s)
  -------------------------------------------------------------------    -------------------
                         (clock clk_fpga_0 rise edge)
                                                      0.000     0.000 r  
    PS7_X0Y0             PS7                          0.000     0.000 r  u_block_design/design_1_i/processing_system7_0/inst/PS7_i/FCLKCLK[0]
                         net (fo=1, routed)           1.193     1.193    u_block_design/design_1_i/processing_system7_0/inst/FCLK_CLK_unbuffered[0]
    BUFGCTRL_X0Y16       BUFG (Prop_bufg_I_O)         0.101     1.294 r  u_block_design/design_1_i/processing_system7_0/inst/buffer_fclk_clk_0.FCLK_CLK_0_BUFG/O
                         net (fo=12063, routed)       1.712     3.006    gen_core_groups[1].u_core_group/clk_100mhz
    RAMB18_X2Y18         RAMB18E1                                     r  gen_core_groups[1].u_core_group/neuron_state_mem_reg/CLKARDCLK
  -------------------------------------------------------------------    -------------------
    RAMB18_X2Y18         RAMB18E1 (Prop_ramb18e1_CLKARDCLK_DOADO[11])
                                                      2.454     5.460 r  gen_core_groups[1].u_core_group/neuron_state_mem_reg/DOADO[11]
                         net (fo=15, routed)          1.196     6.656    gen_core_groups[1].u_core_group/mem_rd[3]
    SLICE_X33Y46         LUT6 (Prop_lut6_I1_O)        0.124     6.780 r  gen_core_groups[1].u_core_group/ns_din[11]_i_29/O
                         net (fo=2, routed)           0.582     7.362    u_block_design/ns_din_reg[11]_i_18_3
    SLICE_X34Y47         LUT5 (Prop_lut5_I0_O)        0.124     7.486 r  u_block_design/ns_din[11]_i_21/O
                         net (fo=2, routed)           0.641     8.127    u_block_design/gen_core_groups[1].u_core_group/leak_primary[1]
    SLICE_X35Y48         CARRY4 (Prop_carry4_DI[1]_CO[3])
                                                      0.507     8.634 r  u_block_design/ns_din_reg[11]_i_18/CO[3]
                         net (fo=1, routed)           0.000     8.634    u_block_design/ns_din_reg[11]_i_18_n_0
    SLICE_X35Y49         CARRY4 (Prop_carry4_CI_CO[3])
                                                      0.114     8.748 r  u_block_design/ns_din_reg[15]_i_18/CO[3]
                         net (fo=1, routed)           0.001     8.749    u_block_design/ns_din_reg[15]_i_18_n_0
    SLICE_X35Y50         CARRY4 (Prop_carry4_CI_O[1])
                                                      0.334     9.083 r  u_block_design/ns_din_reg[19]_i_14/O[1]
                         net (fo=3, routed)           0.760     9.843    u_block_design/neuron_state_mem_reg[9]
    SLICE_X36Y50         LUT4 (Prop_lut4_I0_O)        0.303    10.146 r  u_block_design/ns_din[23]_i_37__0/O
                         net (fo=1, routed)           0.000    10.146    u_block_design/ns_din[23]_i_37__0_n_0
    SLICE_X36Y50         CARRY4 (Prop_carry4_S[0]_CO[3])
                                                      0.513    10.659 r  u_block_design/ns_din_reg[23]_i_11__0/CO[3]
                         net (fo=1, routed)           0.883    11.541    gen_core_groups[1].u_core_group/CO[0]
    SLICE_X37Y50         LUT6 (Prop_lut6_I3_O)        0.124    11.665 f  gen_core_groups[1].u_core_group/ns_din[23]_i_5__0/O
                         net (fo=16, routed)          0.623    12.289    gen_core_groups[1].u_core_group/ns_din[23]_i_5__0_n_0
    SLICE_X37Y49         LUT6 (Prop_lut6_I4_O)        0.124    12.413 r  gen_core_groups[1].u_core_group/ns_din[10]_i_1__0/O
                         net (fo=1, routed)           0.000    12.413    gen_core_groups[1].u_core_group/ns_din__0[10]
    SLICE_X37Y49         FDRE                                         r  gen_core_groups[1].u_core_group/ns_din_reg[10]/D
  -------------------------------------------------------------------    -------------------

                         (clock clk_fpga_0 rise edge)
                                                     10.000    10.000 r  
    PS7_X0Y0             PS7                          0.000    10.000 r  u_block_design/design_1_i/processing_system7_0/inst/PS7_i/FCLKCLK[0]
                         net (fo=1, routed)           1.088    11.088    u_block_design/design_1_i/processing_system7_0/inst/FCLK_CLK_unbuffered[0]
    BUFGCTRL_X0Y16       BUFG (Prop_bufg_I_O)         0.091    11.179 r  u_block_design/design_1_i/processing_system7_0/inst/buffer_fclk_clk_0.FCLK_CLK_0_BUFG/O
                         net (fo=12063, routed)       1.496    12.675    gen_core_groups[1].u_core_group/clk_100mhz
    SLICE_X37Y49         FDRE                                         r  gen_core_groups[1].u_core_group/ns_din_reg[10]/C
                         clock pessimism              0.230    12.905    
                         clock uncertainty           -0.154    12.751    
    SLICE_X37Y49         FDRE (Setup_fdre_C_D)        0.032    12.783    gen_core_groups[1].u_core_group/ns_din_reg[10]
  -------------------------------------------------------------------
                         required time                         12.783    
                         arrival time                         -12.413    
  -------------------------------------------------------------------
                         slack                                  0.370    

Slack (MET) :             0.382ns  (required time - arrival time)
  Source:                 gen_core_groups[1].u_core_group/neuron_state_mem_reg/CLKARDCLK
                            (rising edge-triggered cell RAMB18E1 clocked by clk_fpga_0  {rise@0.000ns fall@5.000ns period=10.000ns})
  Destination:            gen_core_groups[1].u_core_group/ns_din_reg[15]/D
                            (rising edge-triggered cell FDRE clocked by clk_fpga_0  {rise@0.000ns fall@5.000ns period=10.000ns})
  Path Group:             clk_fpga_0
  Path Type:              Setup (Max at Slow Process Corner)
  Requirement:            10.000ns  (clk_fpga_0 rise@10.000ns - clk_fpga_0 rise@0.000ns)
  Data Path Delay:        9.393ns  (logic 4.721ns (50.259%)  route 4.672ns (49.741%))
  Logic Levels:           9  (CARRY4=4 LUT4=1 LUT5=1 LUT6=3)
  Clock Path Skew:        -0.101ns (DCD - SCD + CPR)
    Destination Clock Delay (DCD):    2.675ns = ( 12.675 - 10.000 ) 
    Source Clock Delay      (SCD):    3.006ns
    Clock Pessimism Removal (CPR):    0.230ns
  Clock Uncertainty:      0.154ns  ((TSJ^2 + TIJ^2)^1/2 + DJ) / 2 + PE
    Total System Jitter     (TSJ):    0.071ns
    Total Input Jitter      (TIJ):    0.300ns
    Discrete Jitter          (DJ):    0.000ns
    Phase Error              (PE):    0.000ns

    Location             Delay type                Incr(ns)  Path(ns)    Netlist Resource(s)
  -------------------------------------------------------------------    -------------------
                         (clock clk_fpga_0 rise edge)
                                                      0.000     0.000 r  
    PS7_X0Y0             PS7                          0.000     0.000 r  u_block_design/design_1_i/processing_system7_0/inst/PS7_i/FCLKCLK[0]
                         net (fo=1, routed)           1.193     1.193    u_block_design/design_1_i/processing_system7_0/inst/FCLK_CLK_unbuffered[0]
    BUFGCTRL_X0Y16       BUFG (Prop_bufg_I_O)         0.101     1.294 r  u_block_design/design_1_i/processing_system7_0/inst/buffer_fclk_clk_0.FCLK_CLK_0_BUFG/O
                         net (fo=12063, routed)       1.712     3.006    gen_core_groups[1].u_core_group/clk_100mhz
    RAMB18_X2Y18         RAMB18E1                                     r  gen_core_groups[1].u_core_group/neuron_state_mem_reg/CLKARDCLK
  -------------------------------------------------------------------    -------------------
    RAMB18_X2Y18         RAMB18E1 (Prop_ramb18e1_CLKARDCLK_DOADO[11])
                                                      2.454     5.460 r  gen_core_groups[1].u_core_group/neuron_state_mem_reg/DOADO[11]
                         net (fo=15, routed)          1.196     6.656    gen_core_groups[1].u_core_group/mem_rd[3]
    SLICE_X33Y46         LUT6 (Prop_lut6_I1_O)        0.124     6.780 r  gen_core_groups[1].u_core_group/ns_din[11]_i_29/O
                         net (fo=2, routed)           0.582     7.362    u_block_design/ns_din_reg[11]_i_18_3
    SLICE_X34Y47         LUT5 (Prop_lut5_I0_O)        0.124     7.486 r  u_block_design/ns_din[11]_i_21/O
                         net (fo=2, routed)           0.641     8.127    u_block_design/gen_core_groups[1].u_core_group/leak_primary[1]
    SLICE_X35Y48         CARRY4 (Prop_carry4_DI[1]_CO[3])
                                                      0.507     8.634 r  u_block_design/ns_din_reg[11]_i_18/CO[3]
                         net (fo=1, routed)           0.000     8.634    u_block_design/ns_din_reg[11]_i_18_n_0
    SLICE_X35Y49         CARRY4 (Prop_carry4_CI_CO[3])
                                                      0.114     8.748 r  u_block_design/ns_din_reg[15]_i_18/CO[3]
                         net (fo=1, routed)           0.001     8.749    u_block_design/ns_din_reg[15]_i_18_n_0
    SLICE_X35Y50         CARRY4 (Prop_carry4_CI_O[1])
                                                      0.334     9.083 r  u_block_design/ns_din_reg[19]_i_14/O[1]
                         net (fo=3, routed)           0.760     9.843    u_block_design/neuron_state_mem_reg[9]
    SLICE_X36Y50         LUT4 (Prop_lut4_I0_O)        0.303    10.146 r  u_block_design/ns_din[23]_i_37__0/O
                         net (fo=1, routed)           0.000    10.146    u_block_design/ns_din[23]_i_37__0_n_0
    SLICE_X36Y50         CARRY4 (Prop_carry4_S[0]_CO[3])
                                                      0.513    10.659 r  u_block_design/ns_din_reg[23]_i_11__0/CO[3]
                         net (fo=1, routed)           0.883    11.541    gen_core_groups[1].u_core_group/CO[0]
    SLICE_X37Y50         LUT6 (Prop_lut6_I3_O)        0.124    11.665 f  gen_core_groups[1].u_core_group/ns_din[23]_i_5__0/O
                         net (fo=16, routed)          0.610    12.276    gen_core_groups[1].u_core_group/ns_din[23]_i_5__0_n_0
    SLICE_X39Y49         LUT6 (Prop_lut6_I4_O)        0.124    12.400 r  gen_core_groups[1].u_core_group/ns_din[15]_i_1__0/O
                         net (fo=1, routed)           0.000    12.400    gen_core_groups[1].u_core_group/ns_din__0[15]
    SLICE_X39Y49         FDRE                                         r  gen_core_groups[1].u_core_group/ns_din_reg[15]/D
  -------------------------------------------------------------------    -------------------

                         (clock clk_fpga_0 rise edge)
                                                     10.000    10.000 r  
    PS7_X0Y0             PS7                          0.000    10.000 r  u_block_design/design_1_i/processing_system7_0/inst/PS7_i/FCLKCLK[0]
                         net (fo=1, routed)           1.088    11.088    u_block_design/design_1_i/processing_system7_0/inst/FCLK_CLK_unbuffered[0]
    BUFGCTRL_X0Y16       BUFG (Prop_bufg_I_O)         0.091    11.179 r  u_block_design/design_1_i/processing_system7_0/inst/buffer_fclk_clk_0.FCLK_CLK_0_BUFG/O
                         net (fo=12063, routed)       1.496    12.675    gen_core_groups[1].u_core_group/clk_100mhz
    SLICE_X39Y49         FDRE                                         r  gen_core_groups[1].u_core_group/ns_din_reg[15]/C
                         clock pessimism              0.230    12.905    
                         clock uncertainty           -0.154    12.751    
    SLICE_X39Y49         FDRE (Setup_fdre_C_D)        0.031    12.782    gen_core_groups[1].u_core_group/ns_din_reg[15]
  -------------------------------------------------------------------
                         required time                         12.782    
                         arrival time                         -12.400    
  -------------------------------------------------------------------
                         slack                                  0.382    

Slack (MET) :             0.386ns  (required time - arrival time)
  Source:                 gen_core_groups[1].u_core_group/neuron_state_mem_reg/CLKARDCLK
                            (rising edge-triggered cell RAMB18E1 clocked by clk_fpga_0  {rise@0.000ns fall@5.000ns period=10.000ns})
  Destination:            gen_core_groups[1].u_core_group/ns_din_reg[19]/D
                            (rising edge-triggered cell FDRE clocked by clk_fpga_0  {rise@0.000ns fall@5.000ns period=10.000ns})
  Path Group:             clk_fpga_0
  Path Type:              Setup (Max at Slow Process Corner)
  Requirement:            10.000ns  (clk_fpga_0 rise@10.000ns - clk_fpga_0 rise@0.000ns)
  Data Path Delay:        9.258ns  (logic 4.721ns (50.994%)  route 4.537ns (49.006%))
  Logic Levels:           9  (CARRY4=4 LUT4=1 LUT5=1 LUT6=3)
  Clock Path Skew:        -0.233ns (DCD - SCD + CPR)
    Destination Clock Delay (DCD):    2.659ns = ( 12.659 - 10.000 ) 
    Source Clock Delay      (SCD):    3.006ns
    Clock Pessimism Removal (CPR):    0.115ns
  Clock Uncertainty:      0.154ns  ((TSJ^2 + TIJ^2)^1/2 + DJ) / 2 + PE
    Total System Jitter     (TSJ):    0.071ns
    Total Input Jitter      (TIJ):    0.300ns
    Discrete Jitter          (DJ):    0.000ns
    Phase Error              (PE):    0.000ns

    Location             Delay type                Incr(ns)  Path(ns)    Netlist Resource(s)
  -------------------------------------------------------------------    -------------------
                         (clock clk_fpga_0 rise edge)
                                                      0.000     0.000 r  
    PS7_X0Y0             PS7                          0.000     0.000 r  u_block_design/design_1_i/processing_system7_0/inst/PS7_i/FCLKCLK[0]
                         net (fo=1, routed)           1.193     1.193    u_block_design/design_1_i/processing_system7_0/inst/FCLK_CLK_unbuffered[0]
    BUFGCTRL_X0Y16       BUFG (Prop_bufg_I_O)         0.101     1.294 r  u_block_design/design_1_i/processing_system7_0/inst/buffer_fclk_clk_0.FCLK_CLK_0_BUFG/O
                         net (fo=12063, routed)       1.712     3.006    gen_core_groups[1].u_core_group/clk_100mhz
    RAMB18_X2Y18         RAMB18E1                                     r  gen_core_groups[1].u_core_group/neuron_state_mem_reg/CLKARDCLK
  -------------------------------------------------------------------    -------------------
    RAMB18_X2Y18         RAMB18E1 (Prop_ramb18e1_CLKARDCLK_DOADO[11])
                                                      2.454     5.460 r  gen_core_groups[1].u_core_group/neuron_state_mem_reg/DOADO[11]
                         net (fo=15, routed)          1.196     6.656    gen_core_groups[1].u_core_group/mem_rd[3]
    SLICE_X33Y46         LUT6 (Prop_lut6_I1_O)        0.124     6.780 r  gen_core_groups[1].u_core_group/ns_din[11]_i_29/O
                         net (fo=2, routed)           0.582     7.362    u_block_design/ns_din_reg[11]_i_18_3
    SLICE_X34Y47         LUT5 (Prop_lut5_I0_O)        0.124     7.486 r  u_block_design/ns_din[11]_i_21/O
                         net (fo=2, routed)           0.641     8.127    u_block_design/gen_core_groups[1].u_core_group/leak_primary[1]
    SLICE_X35Y48         CARRY4 (Prop_carry4_DI[1]_CO[3])
                                                      0.507     8.634 r  u_block_design/ns_din_reg[11]_i_18/CO[3]
                         net (fo=1, routed)           0.000     8.634    u_block_design/ns_din_reg[11]_i_18_n_0
    SLICE_X35Y49         CARRY4 (Prop_carry4_CI_CO[3])
                                                      0.114     8.748 r  u_block_design/ns_din_reg[15]_i_18/CO[3]
                         net (fo=1, routed)           0.001     8.749    u_block_design/ns_din_reg[15]_i_18_n_0
    SLICE_X35Y50         CARRY4 (Prop_carry4_CI_O[1])
                                                      0.334     9.083 r  u_block_design/ns_din_reg[19]_i_14/O[1]
                         net (fo=3, routed)           0.760     9.843    u_block_design/neuron_state_mem_reg[9]
    SLICE_X36Y50         LUT4 (Prop_lut4_I0_O)        0.303    10.146 r  u_block_design/ns_din[23]_i_37__0/O
                         net (fo=1, routed)           0.000    10.146    u_block_design/ns_din[23]_i_37__0_n_0
    SLICE_X36Y50         CARRY4 (Prop_carry4_S[0]_CO[3])
                                                      0.513    10.659 r  u_block_design/ns_din_reg[23]_i_11__0/CO[3]
                         net (fo=1, routed)           0.883    11.541    gen_core_groups[1].u_core_group/CO[0]
    SLICE_X37Y50         LUT6 (Prop_lut6_I3_O)        0.124    11.665 f  gen_core_groups[1].u_core_group/ns_din[23]_i_5__0/O
                         net (fo=16, routed)          0.475    12.140    gen_core_groups[1].u_core_group/ns_din[23]_i_5__0_n_0
    SLICE_X37Y50         LUT6 (Prop_lut6_I4_O)        0.124    12.264 r  gen_core_groups[1].u_core_group/ns_din[19]_i_1__0/O
                         net (fo=1, routed)           0.000    12.264    gen_core_groups[1].u_core_group/ns_din__0[19]
    SLICE_X37Y50         FDRE                                         r  gen_core_groups[1].u_core_group/ns_din_reg[19]/D
  -------------------------------------------------------------------    -------------------

                         (clock clk_fpga_0 rise edge)
                                                     10.000    10.000 r  
    PS7_X0Y0             PS7                          0.000    10.000 r  u_block_design/design_1_i/processing_system7_0/inst/PS7_i/FCLKCLK[0]
                         net (fo=1, routed)           1.088    11.088    u_block_design/design_1_i/processing_system7_0/inst/FCLK_CLK_unbuffered[0]
    BUFGCTRL_X0Y16       BUFG (Prop_bufg_I_O)         0.091    11.179 r  u_block_design/design_1_i/processing_system7_0/inst/buffer_fclk_clk_0.FCLK_CLK_0_BUFG/O
                         net (fo=12063, routed)       1.480    12.659    gen_core_groups[1].u_core_group/clk_100mhz
    SLICE_X37Y50         FDRE                                         r  gen_core_groups[1].u_core_group/ns_din_reg[19]/C
                         clock pessimism              0.115    12.774    
                         clock uncertainty           -0.154    12.620    
    SLICE_X37Y50         FDRE (Setup_fdre_C_D)        0.031    12.651    gen_core_groups[1].u_core_group/ns_din_reg[19]
  -------------------------------------------------------------------
                         required time                         12.651    
                         arrival time                         -12.264    
  -------------------------------------------------------------------
                         slack                                  0.386    

Slack (MET) :             0.388ns  (required time - arrival time)
  Source:                 gen_core_groups[1].u_core_group/neuron_state_mem_reg/CLKARDCLK
                            (rising edge-triggered cell RAMB18E1 clocked by clk_fpga_0  {rise@0.000ns fall@5.000ns period=10.000ns})
  Destination:            gen_core_groups[1].u_core_group/ns_din_reg[18]/D
                            (rising edge-triggered cell FDRE clocked by clk_fpga_0  {rise@0.000ns fall@5.000ns period=10.000ns})
  Path Group:             clk_fpga_0
  Path Type:              Setup (Max at Slow Process Corner)
  Requirement:            10.000ns  (clk_fpga_0 rise@10.000ns - clk_fpga_0 rise@0.000ns)
  Data Path Delay:        9.254ns  (logic 4.721ns (51.016%)  route 4.533ns (48.984%))
  Logic Levels:           9  (CARRY4=4 LUT4=1 LUT5=1 LUT6=3)
  Clock Path Skew:        -0.233ns (DCD - SCD + CPR)
    Destination Clock Delay (DCD):    2.659ns = ( 12.659 - 10.000 ) 
    Source Clock Delay      (SCD):    3.006ns
    Clock Pessimism Removal (CPR):    0.115ns
  Clock Uncertainty:      0.154ns  ((TSJ^2 + TIJ^2)^1/2 + DJ) / 2 + PE
    Total System Jitter     (TSJ):    0.071ns
    Total Input Jitter      (TIJ):    0.300ns
    Discrete Jitter          (DJ):    0.000ns
    Phase Error              (PE):    0.000ns

    Location             Delay type                Incr(ns)  Path(ns)    Netlist Resource(s)
  -------------------------------------------------------------------    -------------------
                         (clock clk_fpga_0 rise edge)
                                                      0.000     0.000 r  
    PS7_X0Y0             PS7                          0.000     0.000 r  u_block_design/design_1_i/processing_system7_0/inst/PS7_i/FCLKCLK[0]
                         net (fo=1, routed)           1.193     1.193    u_block_design/design_1_i/processing_system7_0/inst/FCLK_CLK_unbuffered[0]
    BUFGCTRL_X0Y16       BUFG (Prop_bufg_I_O)         0.101     1.294 r  u_block_design/design_1_i/processing_system7_0/inst/buffer_fclk_clk_0.FCLK_CLK_0_BUFG/O
                         net (fo=12063, routed)       1.712     3.006    gen_core_groups[1].u_core_group/clk_100mhz
    RAMB18_X2Y18         RAMB18E1                                     r  gen_core_groups[1].u_core_group/neuron_state_mem_reg/CLKARDCLK
  -------------------------------------------------------------------    -------------------
    RAMB18_X2Y18         RAMB18E1 (Prop_ramb18e1_CLKARDCLK_DOADO[11])
                                                      2.454     5.460 r  gen_core_groups[1].u_core_group/neuron_state_mem_reg/DOADO[11]
                         net (fo=15, routed)          1.196     6.656    gen_core_groups[1].u_core_group/mem_rd[3]
    SLICE_X33Y46         LUT6 (Prop_lut6_I1_O)        0.124     6.780 r  gen_core_groups[1].u_core_group/ns_din[11]_i_29/O
                         net (fo=2, routed)           0.582     7.362    u_block_design/ns_din_reg[11]_i_18_3
    SLICE_X34Y47         LUT5 (Prop_lut5_I0_O)        0.124     7.486 r  u_block_design/ns_din[11]_i_21/O
                         net (fo=2, routed)           0.641     8.127    u_block_design/gen_core_groups[1].u_core_group/leak_primary[1]
    SLICE_X35Y48         CARRY4 (Prop_carry4_DI[1]_CO[3])
                                                      0.507     8.634 r  u_block_design/ns_din_reg[11]_i_18/CO[3]
                         net (fo=1, routed)           0.000     8.634    u_block_design/ns_din_reg[11]_i_18_n_0
    SLICE_X35Y49         CARRY4 (Prop_carry4_CI_CO[3])
                                                      0.114     8.748 r  u_block_design/ns_din_reg[15]_i_18/CO[3]
                         net (fo=1, routed)           0.001     8.749    u_block_design/ns_din_reg[15]_i_18_n_0
    SLICE_X35Y50         CARRY4 (Prop_carry4_CI_O[1])
                                                      0.334     9.083 r  u_block_design/ns_din_reg[19]_i_14/O[1]
                         net (fo=3, routed)           0.760     9.843    u_block_design/neuron_state_mem_reg[9]
    SLICE_X36Y50         LUT4 (Prop_lut4_I0_O)        0.303    10.146 r  u_block_design/ns_din[23]_i_37__0/O
                         net (fo=1, routed)           0.000    10.146    u_block_design/ns_din[23]_i_37__0_n_0
    SLICE_X36Y50         CARRY4 (Prop_carry4_S[0]_CO[3])
                                                      0.513    10.659 r  u_block_design/ns_din_reg[23]_i_11__0/CO[3]
                         net (fo=1, routed)           0.883    11.541    gen_core_groups[1].u_core_group/CO[0]
    SLICE_X37Y50         LUT6 (Prop_lut6_I3_O)        0.124    11.665 f  gen_core_groups[1].u_core_group/ns_din[23]_i_5__0/O
                         net (fo=16, routed)          0.471    12.136    gen_core_groups[1].u_core_group/ns_din[23]_i_5__0_n_0
    SLICE_X37Y50         LUT6 (Prop_lut6_I4_O)        0.124    12.260 r  gen_core_groups[1].u_core_group/ns_din[18]_i_1__0/O
                         net (fo=1, routed)           0.000    12.260    gen_core_groups[1].u_core_group/ns_din__0[18]
    SLICE_X37Y50         FDRE                                         r  gen_core_groups[1].u_core_group/ns_din_reg[18]/D
  -------------------------------------------------------------------    -------------------

                         (clock clk_fpga_0 rise edge)
                                                     10.000    10.000 r  
    PS7_X0Y0             PS7                          0.000    10.000 r  u_block_design/design_1_i/processing_system7_0/inst/PS7_i/FCLKCLK[0]
                         net (fo=1, routed)           1.088    11.088    u_block_design/design_1_i/processing_system7_0/inst/FCLK_CLK_unbuffered[0]
    BUFGCTRL_X0Y16       BUFG (Prop_bufg_I_O)         0.091    11.179 r  u_block_design/design_1_i/processing_system7_0/inst/buffer_fclk_clk_0.FCLK_CLK_0_BUFG/O
                         net (fo=12063, routed)       1.480    12.659    gen_core_groups[1].u_core_group/clk_100mhz
    SLICE_X37Y50         FDRE                                         r  gen_core_groups[1].u_core_group/ns_din_reg[18]/C
                         clock pessimism              0.115    12.774    
                         clock uncertainty           -0.154    12.620    
    SLICE_X37Y50         FDRE (Setup_fdre_C_D)        0.029    12.649    gen_core_groups[1].u_core_group/ns_din_reg[18]
  -------------------------------------------------------------------
                         required time                         12.649    
                         arrival time                         -12.260    
  -------------------------------------------------------------------
                         slack                                  0.388    

Slack (MET) :             0.389ns  (required time - arrival time)
  Source:                 gen_core_groups[1].u_core_group/neuron_state_mem_reg/CLKARDCLK
                            (rising edge-triggered cell RAMB18E1 clocked by clk_fpga_0  {rise@0.000ns fall@5.000ns period=10.000ns})
  Destination:            gen_core_groups[1].u_core_group/ns_din_reg[22]/D
                            (rising edge-triggered cell FDRE clocked by clk_fpga_0  {rise@0.000ns fall@5.000ns period=10.000ns})
  Path Group:             clk_fpga_0
  Path Type:              Setup (Max at Slow Process Corner)
  Requirement:            10.000ns  (clk_fpga_0 rise@10.000ns - clk_fpga_0 rise@0.000ns)
  Data Path Delay:        9.255ns  (logic 4.721ns (51.012%)  route 4.534ns (48.988%))
  Logic Levels:           9  (CARRY4=4 LUT4=1 LUT5=1 LUT6=3)
  Clock Path Skew:        -0.233ns (DCD - SCD + CPR)
    Destination Clock Delay (DCD):    2.659ns = ( 12.659 - 10.000 ) 
    Source Clock Delay      (SCD):    3.006ns
    Clock Pessimism Removal (CPR):    0.115ns
  Clock Uncertainty:      0.154ns  ((TSJ^2 + TIJ^2)^1/2 + DJ) / 2 + PE
    Total System Jitter     (TSJ):    0.071ns
    Total Input Jitter      (TIJ):    0.300ns
    Discrete Jitter          (DJ):    0.000ns
    Phase Error              (PE):    0.000ns

    Location             Delay type                Incr(ns)  Path(ns)    Netlist Resource(s)
  -------------------------------------------------------------------    -------------------
                         (clock clk_fpga_0 rise edge)
                                                      0.000     0.000 r  
    PS7_X0Y0             PS7                          0.000     0.000 r  u_block_design/design_1_i/processing_system7_0/inst/PS7_i/FCLKCLK[0]
                         net (fo=1, routed)           1.193     1.193    u_block_design/design_1_i/processing_system7_0/inst/FCLK_CLK_unbuffered[0]
    BUFGCTRL_X0Y16       BUFG (Prop_bufg_I_O)         0.101     1.294 r  u_block_design/design_1_i/processing_system7_0/inst/buffer_fclk_clk_0.FCLK_CLK_0_BUFG/O
                         net (fo=12063, routed)       1.712     3.006    gen_core_groups[1].u_core_group/clk_100mhz
    RAMB18_X2Y18         RAMB18E1                                     r  gen_core_groups[1].u_core_group/neuron_state_mem_reg/CLKARDCLK
  -------------------------------------------------------------------    -------------------
    RAMB18_X2Y18         RAMB18E1 (Prop_ramb18e1_CLKARDCLK_DOADO[11])
                                                      2.454     5.460 r  gen_core_groups[1].u_core_group/neuron_state_mem_reg/DOADO[11]
                         net (fo=15, routed)          1.196     6.656    gen_core_groups[1].u_core_group/mem_rd[3]
    SLICE_X33Y46         LUT6 (Prop_lut6_I1_O)        0.124     6.780 r  gen_core_groups[1].u_core_group/ns_din[11]_i_29/O
                         net (fo=2, routed)           0.582     7.362    u_block_design/ns_din_reg[11]_i_18_3
    SLICE_X34Y47         LUT5 (Prop_lut5_I0_O)        0.124     7.486 r  u_block_design/ns_din[11]_i_21/O
                         net (fo=2, routed)           0.641     8.127    u_block_design/gen_core_groups[1].u_core_group/leak_primary[1]
    SLICE_X35Y48         CARRY4 (Prop_carry4_DI[1]_CO[3])
                                                      0.507     8.634 r  u_block_design/ns_din_reg[11]_i_18/CO[3]
                         net (fo=1, routed)           0.000     8.634    u_block_design/ns_din_reg[11]_i_18_n_0
    SLICE_X35Y49         CARRY4 (Prop_carry4_CI_CO[3])
                                                      0.114     8.748 r  u_block_design/ns_din_reg[15]_i_18/CO[3]
                         net (fo=1, routed)           0.001     8.749    u_block_design/ns_din_reg[15]_i_18_n_0
    SLICE_X35Y50         CARRY4 (Prop_carry4_CI_O[1])
                                                      0.334     9.083 r  u_block_design/ns_din_reg[19]_i_14/O[1]
                         net (fo=3, routed)           0.760     9.843    u_block_design/neuron_state_mem_reg[9]
    SLICE_X36Y50         LUT4 (Prop_lut4_I0_O)        0.303    10.146 r  u_block_design/ns_din[23]_i_37__0/O
                         net (fo=1, routed)           0.000    10.146    u_block_design/ns_din[23]_i_37__0_n_0
    SLICE_X36Y50         CARRY4 (Prop_carry4_S[0]_CO[3])
                                                      0.513    10.659 r  u_block_design/ns_din_reg[23]_i_11__0/CO[3]
                         net (fo=1, routed)           0.883    11.541    gen_core_groups[1].u_core_group/CO[0]
    SLICE_X37Y50         LUT6 (Prop_lut6_I3_O)        0.124    11.665 f  gen_core_groups[1].u_core_group/ns_din[23]_i_5__0/O
                         net (fo=16, routed)          0.472    12.137    gen_core_groups[1].u_core_group/ns_din[23]_i_5__0_n_0
    SLICE_X37Y51         LUT6 (Prop_lut6_I4_O)        0.124    12.261 r  gen_core_groups[1].u_core_group/ns_din[22]_i_1__0/O
                         net (fo=1, routed)           0.000    12.261    gen_core_groups[1].u_core_group/ns_din__0[22]
    SLICE_X37Y51         FDRE                                         r  gen_core_groups[1].u_core_group/ns_din_reg[22]/D
  -------------------------------------------------------------------    -------------------

                         (clock clk_fpga_0 rise edge)
                                                     10.000    10.000 r  
    PS7_X0Y0             PS7                          0.000    10.000 r  u_block_design/design_1_i/processing_system7_0/inst/PS7_i/FCLKCLK[0]
                         net (fo=1, routed)           1.088    11.088    u_block_design/design_1_i/processing_system7_0/inst/FCLK_CLK_unbuffered[0]
    BUFGCTRL_X0Y16       BUFG (Prop_bufg_I_O)         0.091    11.179 r  u_block_design/design_1_i/processing_system7_0/inst/buffer_fclk_clk_0.FCLK_CLK_0_BUFG/O
                         net (fo=12063, routed)       1.480    12.659    gen_core_groups[1].u_core_group/clk_100mhz
    SLICE_X37Y51         FDRE                                         r  gen_core_groups[1].u_core_group/ns_din_reg[22]/C
                         clock pessimism              0.115    12.774    
                         clock uncertainty           -0.154    12.620    
    SLICE_X37Y51         FDRE (Setup_fdre_C_D)        0.031    12.651    gen_core_groups[1].u_core_group/ns_din_reg[22]
  -------------------------------------------------------------------
                         required time                         12.651    
                         arrival time                         -12.261    
  -------------------------------------------------------------------
                         slack                                  0.389    

Slack (MET) :             0.429ns  (required time - arrival time)
  Source:                 gen_core_groups[1].u_core_group/neuron_state_mem_reg/CLKARDCLK
                            (rising edge-triggered cell RAMB18E1 clocked by clk_fpga_0  {rise@0.000ns fall@5.000ns period=10.000ns})
  Destination:            gen_core_groups[1].u_core_group/ns_din_reg[14]/D
                            (rising edge-triggered cell FDRE clocked by clk_fpga_0  {rise@0.000ns fall@5.000ns period=10.000ns})
  Path Group:             clk_fpga_0
  Path Type:              Setup (Max at Slow Process Corner)
  Requirement:            10.000ns  (clk_fpga_0 rise@10.000ns - clk_fpga_0 rise@0.000ns)
  Data Path Delay:        9.345ns  (logic 4.721ns (50.521%)  route 4.624ns (49.479%))
  Logic Levels:           9  (CARRY4=4 LUT4=1 LUT5=1 LUT6=3)
  Clock Path Skew:        -0.101ns (DCD - SCD + CPR)
    Destination Clock Delay (DCD):    2.675ns = ( 12.675 - 10.000 ) 
    Source Clock Delay      (SCD):    3.006ns
    Clock Pessimism Removal (CPR):    0.230ns
  Clock Uncertainty:      0.154ns  ((TSJ^2 + TIJ^2)^1/2 + DJ) / 2 + PE
    Total System Jitter     (TSJ):    0.071ns
    Total Input Jitter      (TIJ):    0.300ns
    Discrete Jitter          (DJ):    0.000ns
    Phase Error              (PE):    0.000ns

    Location             Delay type                Incr(ns)  Path(ns)    Netlist Resource(s)
  -------------------------------------------------------------------    -------------------
                         (clock clk_fpga_0 rise edge)
                                                      0.000     0.000 r  
    PS7_X0Y0             PS7                          0.000     0.000 r  u_block_design/design_1_i/processing_system7_0/inst/PS7_i/FCLKCLK[0]
                         net (fo=1, routed)           1.193     1.193    u_block_design/design_1_i/processing_system7_0/inst/FCLK_CLK_unbuffered[0]
    BUFGCTRL_X0Y16       BUFG (Prop_bufg_I_O)         0.101     1.294 r  u_block_design/design_1_i/processing_system7_0/inst/buffer_fclk_clk_0.FCLK_CLK_0_BUFG/O
                         net (fo=12063, routed)       1.712     3.006    gen_core_groups[1].u_core_group/clk_100mhz
    RAMB18_X2Y18         RAMB18E1                                     r  gen_core_groups[1].u_core_group/neuron_state_mem_reg/CLKARDCLK
  -------------------------------------------------------------------    -------------------
    RAMB18_X2Y18         RAMB18E1 (Prop_ramb18e1_CLKARDCLK_DOADO[11])
                                                      2.454     5.460 r  gen_core_groups[1].u_core_group/neuron_state_mem_reg/DOADO[11]
                         net (fo=15, routed)          1.196     6.656    gen_core_groups[1].u_core_group/mem_rd[3]
    SLICE_X33Y46         LUT6 (Prop_lut6_I1_O)        0.124     6.780 r  gen_core_groups[1].u_core_group/ns_din[11]_i_29/O
                         net (fo=2, routed)           0.582     7.362    u_block_design/ns_din_reg[11]_i_18_3
    SLICE_X34Y47         LUT5 (Prop_lut5_I0_O)        0.124     7.486 r  u_block_design/ns_din[11]_i_21/O
                         net (fo=2, routed)           0.641     8.127    u_block_design/gen_core_groups[1].u_core_group/leak_primary[1]
    SLICE_X35Y48         CARRY4 (Prop_carry4_DI[1]_CO[3])
                                                      0.507     8.634 r  u_block_design/ns_din_reg[11]_i_18/CO[3]
                         net (fo=1, routed)           0.000     8.634    u_block_design/ns_din_reg[11]_i_18_n_0
    SLICE_X35Y49         CARRY4 (Prop_carry4_CI_CO[3])
                                                      0.114     8.748 r  u_block_design/ns_din_reg[15]_i_18/CO[3]
                         net (fo=1, routed)           0.001     8.749    u_block_design/ns_din_reg[15]_i_18_n_0
    SLICE_X35Y50         CARRY4 (Prop_carry4_CI_O[1])
                                                      0.334     9.083 r  u_block_design/ns_din_reg[19]_i_14/O[1]
                         net (fo=3, routed)           0.760     9.843    u_block_design/neuron_state_mem_reg[9]
    SLICE_X36Y50         LUT4 (Prop_lut4_I0_O)        0.303    10.146 r  u_block_design/ns_din[23]_i_37__0/O
                         net (fo=1, routed)           0.000    10.146    u_block_design/ns_din[23]_i_37__0_n_0
    SLICE_X36Y50         CARRY4 (Prop_carry4_S[0]_CO[3])
                                                      0.513    10.659 r  u_block_design/ns_din_reg[23]_i_11__0/CO[3]
                         net (fo=1, routed)           0.883    11.541    gen_core_groups[1].u_core_group/CO[0]
    SLICE_X37Y50         LUT6 (Prop_lut6_I3_O)        0.124    11.665 f  gen_core_groups[1].u_core_group/ns_din[23]_i_5__0/O
                         net (fo=16, routed)          0.562    12.227    gen_core_groups[1].u_core_group/ns_din[23]_i_5__0_n_0
    SLICE_X39Y49         LUT6 (Prop_lut6_I4_O)        0.124    12.351 r  gen_core_groups[1].u_core_group/ns_din[14]_i_1__0/O
                         net (fo=1, routed)           0.000    12.351    gen_core_groups[1].u_core_group/ns_din__0[14]
    SLICE_X39Y49         FDRE                                         r  gen_core_groups[1].u_core_group/ns_din_reg[14]/D
  -------------------------------------------------------------------    -------------------

                         (clock clk_fpga_0 rise edge)
                                                     10.000    10.000 r  
    PS7_X0Y0             PS7                          0.000    10.000 r  u_block_design/design_1_i/processing_system7_0/inst/PS7_i/FCLKCLK[0]
                         net (fo=1, routed)           1.088    11.088    u_block_design/design_1_i/processing_system7_0/inst/FCLK_CLK_unbuffered[0]
    BUFGCTRL_X0Y16       BUFG (Prop_bufg_I_O)         0.091    11.179 r  u_block_design/design_1_i/processing_system7_0/inst/buffer_fclk_clk_0.FCLK_CLK_0_BUFG/O
                         net (fo=12063, routed)       1.496    12.675    gen_core_groups[1].u_core_group/clk_100mhz
    SLICE_X39Y49         FDRE                                         r  gen_core_groups[1].u_core_group/ns_din_reg[14]/C
                         clock pessimism              0.230    12.905    
                         clock uncertainty           -0.154    12.751    
    SLICE_X39Y49         FDRE (Setup_fdre_C_D)        0.029    12.780    gen_core_groups[1].u_core_group/ns_din_reg[14]
  -------------------------------------------------------------------
                         required time                         12.780    
                         arrival time                         -12.351    
  -------------------------------------------------------------------
                         slack                                  0.429    

Slack (MET) :             0.476ns  (required time - arrival time)
  Source:                 gen_core_groups[1].u_core_group/neuron_state_mem_reg/CLKARDCLK
                            (rising edge-triggered cell RAMB18E1 clocked by clk_fpga_0  {rise@0.000ns fall@5.000ns period=10.000ns})
  Destination:            gen_core_groups[1].u_core_group/ns_din_reg[11]/D
                            (rising edge-triggered cell FDRE clocked by clk_fpga_0  {rise@0.000ns fall@5.000ns period=10.000ns})
  Path Group:             clk_fpga_0
  Path Type:              Setup (Max at Slow Process Corner)
  Requirement:            10.000ns  (clk_fpga_0 rise@10.000ns - clk_fpga_0 rise@0.000ns)
  Data Path Delay:        9.297ns  (logic 4.721ns (50.778%)  route 4.576ns (49.222%))
  Logic Levels:           9  (CARRY4=4 LUT4=1 LUT5=1 LUT6=3)
  Clock Path Skew:        -0.101ns (DCD - SCD + CPR)
    Destination Clock Delay (DCD):    2.675ns = ( 12.675 - 10.000 ) 
    Source Clock Delay      (SCD):    3.006ns
    Clock Pessimism Removal (CPR):    0.230ns
  Clock Uncertainty:      0.154ns  ((TSJ^2 + TIJ^2)^1/2 + DJ) / 2 + PE
    Total System Jitter     (TSJ):    0.071ns
    Total Input Jitter      (TIJ):    0.300ns
    Discrete Jitter          (DJ):    0.000ns
    Phase Error              (PE):    0.000ns

    Location             Delay type                Incr(ns)  Path(ns)    Netlist Resource(s)
  -------------------------------------------------------------------    -------------------
                         (clock clk_fpga_0 rise edge)
                                                      0.000     0.000 r  
    PS7_X0Y0             PS7                          0.000     0.000 r  u_block_design/design_1_i/processing_system7_0/inst/PS7_i/FCLKCLK[0]
                         net (fo=1, routed)           1.193     1.193    u_block_design/design_1_i/processing_system7_0/inst/FCLK_CLK_unbuffered[0]
    BUFGCTRL_X0Y16       BUFG (Prop_bufg_I_O)         0.101     1.294 r  u_block_design/design_1_i/processing_system7_0/inst/buffer_fclk_clk_0.FCLK_CLK_0_BUFG/O
                         net (fo=12063, routed)       1.712     3.006    gen_core_groups[1].u_core_group/clk_100mhz
    RAMB18_X2Y18         RAMB18E1                                     r  gen_core_groups[1].u_core_group/neuron_state_mem_reg/CLKARDCLK
  -------------------------------------------------------------------    -------------------
    RAMB18_X2Y18         RAMB18E1 (Prop_ramb18e1_CLKARDCLK_DOADO[11])
                                                      2.454     5.460 r  gen_core_groups[1].u_core_group/neuron_state_mem_reg/DOADO[11]
                         net (fo=15, routed)          1.196     6.656    gen_core_groups[1].u_core_group/mem_rd[3]
    SLICE_X33Y46         LUT6 (Prop_lut6_I1_O)        0.124     6.780 r  gen_core_groups[1].u_core_group/ns_din[11]_i_29/O
                         net (fo=2, routed)           0.582     7.362    u_block_design/ns_din_reg[11]_i_18_3
    SLICE_X34Y47         LUT5 (Prop_lut5_I0_O)        0.124     7.486 r  u_block_design/ns_din[11]_i_21/O
                         net (fo=2, routed)           0.641     8.127    u_block_design/gen_core_groups[1].u_core_group/leak_primary[1]
    SLICE_X35Y48         CARRY4 (Prop_carry4_DI[1]_CO[3])
                                                      0.507     8.634 r  u_block_design/ns_din_reg[11]_i_18/CO[3]
                         net (fo=1, routed)           0.000     8.634    u_block_design/ns_din_reg[11]_i_18_n_0
    SLICE_X35Y49         CARRY4 (Prop_carry4_CI_CO[3])
                                                      0.114     8.748 r  u_block_design/ns_din_reg[15]_i_18/CO[3]
                         net (fo=1, routed)           0.001     8.749    u_block_design/ns_din_reg[15]_i_18_n_0
    SLICE_X35Y50         CARRY4 (Prop_carry4_CI_O[1])
                                                      0.334     9.083 r  u_block_design/ns_din_reg[19]_i_14/O[1]
                         net (fo=3, routed)           0.760     9.843    u_block_design/neuron_state_mem_reg[9]
    SLICE_X36Y50         LUT4 (Prop_lut4_I0_O)        0.303    10.146 r  u_block_design/ns_din[23]_i_37__0/O
                         net (fo=1, routed)           0.000    10.146    u_block_design/ns_din[23]_i_37__0_n_0
    SLICE_X36Y50         CARRY4 (Prop_carry4_S[0]_CO[3])
                                                      0.513    10.659 r  u_block_design/ns_din_reg[23]_i_11__0/CO[3]
                         net (fo=1, routed)           0.883    11.541    gen_core_groups[1].u_core_group/CO[0]
    SLICE_X37Y50         LUT6 (Prop_lut6_I3_O)        0.124    11.665 f  gen_core_groups[1].u_core_group/ns_din[23]_i_5__0/O
                         net (fo=16, routed)          0.514    12.180    gen_core_groups[1].u_core_group/ns_din[23]_i_5__0_n_0
    SLICE_X37Y49         LUT6 (Prop_lut6_I4_O)        0.124    12.304 r  gen_core_groups[1].u_core_group/ns_din[11]_i_1__0/O
                         net (fo=1, routed)           0.000    12.304    gen_core_groups[1].u_core_group/ns_din__0[11]
    SLICE_X37Y49         FDRE                                         r  gen_core_groups[1].u_core_group/ns_din_reg[11]/D
  -------------------------------------------------------------------    -------------------

                         (clock clk_fpga_0 rise edge)
                                                     10.000    10.000 r  
    PS7_X0Y0             PS7                          0.000    10.000 r  u_block_design/design_1_i/processing_system7_0/inst/PS7_i/FCLKCLK[0]
                         net (fo=1, routed)           1.088    11.088    u_block_design/design_1_i/processing_system7_0/inst/FCLK_CLK_unbuffered[0]
    BUFGCTRL_X0Y16       BUFG (Prop_bufg_I_O)         0.091    11.179 r  u_block_design/design_1_i/processing_system7_0/inst/buffer_fclk_clk_0.FCLK_CLK_0_BUFG/O
                         net (fo=12063, routed)       1.496    12.675    gen_core_groups[1].u_core_group/clk_100mhz
    SLICE_X37Y49         FDRE                                         r  gen_core_groups[1].u_core_group/ns_din_reg[11]/C
                         clock pessimism              0.230    12.905    
                         clock uncertainty           -0.154    12.751    
    SLICE_X37Y49         FDRE (Setup_fdre_C_D)        0.029    12.780    gen_core_groups[1].u_core_group/ns_din_reg[11]
  -------------------------------------------------------------------
                         required time                         12.780    
                         arrival time                         -12.304    
  -------------------------------------------------------------------
                         slack                                  0.476    





Min Delay Paths
--------------------------------------------------------------------------------------
Slack (MET) :             0.008ns  (arrival time - required time)
  Source:                 u_block_design/design_1_i/axi_dma_0/U0/I_PRMRY_DATAMOVER/GEN_S2MM_FULL.I_S2MM_FULL_WRAPPER/I_CMD_STATUS/I_CMD_FIFO/USE_SINGLE_REG.sig_regfifo_dout_reg_reg[60]/C
                            (rising edge-triggered cell FDRE clocked by clk_fpga_0  {rise@0.000ns fall@5.000ns period=10.000ns})
  Destination:            u_block_design/design_1_i/axi_dma_0/U0/I_PRMRY_DATAMOVER/GEN_S2MM_FULL.I_S2MM_FULL_WRAPPER/GEN_INCLUDE_IBTTCC.I_S2MM_MSTR_IBTTCC/sig_input_addr_reg_reg[25]/D
                            (rising edge-triggered cell FDRE clocked by clk_fpga_0  {rise@0.000ns fall@5.000ns period=10.000ns})
  Path Group:             clk_fpga_0
  Path Type:              Hold (Min at Fast Process Corner)
  Requirement:            0.000ns  (clk_fpga_0 rise@0.000ns - clk_fpga_0 rise@0.000ns)
  Data Path Delay:        0.318ns  (logic 0.141ns (44.376%)  route 0.177ns (55.624%))
  Logic Levels:           0  
  Clock Path Skew:        0.262ns (DCD - SCD - CPR)
    Destination Clock Delay (DCD):    1.187ns
    Source Clock Delay      (SCD):    0.895ns
    Clock Pessimism Removal (CPR):    0.030ns

    Location             Delay type                Incr(ns)  Path(ns)    Netlist Resource(s)
  -------------------------------------------------------------------    -------------------
                         (clock clk_fpga_0 rise edge)
                                                      0.000     0.000 r  
    PS7_X0Y0             PS7                          0.000     0.000 r  u_block_design/design_1_i/processing_system7_0/inst/PS7_i/FCLKCLK[0]
                         net (fo=1, routed)           0.310     0.310    u_block_design/design_1_i/processing_system7_0/inst/FCLK_CLK_unbuffered[0]
    BUFGCTRL_X0Y16       BUFG (Prop_bufg_I_O)         0.026     0.336 r  u_block_design/design_1_i/processing_system7_0/inst/buffer_fclk_clk_0.FCLK_CLK_0_BUFG/O
                         net (fo=12063, routed)       0.559     0.895    u_block_design/design_1_i/axi_dma_0/U0/I_PRMRY_DATAMOVER/GEN_S2MM_FULL.I_S2MM_FULL_WRAPPER/I_CMD_STATUS/I_CMD_FIFO/m_axi_s2mm_aclk
    SLICE_X52Y49         FDRE                                         r  u_block_design/design_1_i/axi_dma_0/U0/I_PRMRY_DATAMOVER/GEN_S2MM_FULL.I_S2MM_FULL_WRAPPER/I_CMD_STATUS/I_CMD_FIFO/USE_SINGLE_REG.sig_regfifo_dout_reg_reg[60]/C
  -------------------------------------------------------------------    -------------------
    SLICE_X52Y49         FDRE (Prop_fdre_C_Q)         0.141     1.036 r  u_block_design/design_1_i/axi_dma_0/U0/I_PRMRY_DATAMOVER/GEN_S2MM_FULL.I_S2MM_FULL_WRAPPER/I_CMD_STATUS/I_CMD_FIFO/USE_SINGLE_REG.sig_regfifo_dout_reg_reg[60]/Q
                         net (fo=1, routed)           0.177     1.212    u_block_design/design_1_i/axi_dma_0/U0/I_PRMRY_DATAMOVER/GEN_S2MM_FULL.I_S2MM_FULL_WRAPPER/GEN_INCLUDE_IBTTCC.I_S2MM_MSTR_IBTTCC/Q[50]
    SLICE_X52Y50         FDRE                                         r  u_block_design/design_1_i/axi_dma_0/U0/I_PRMRY_DATAMOVER/GEN_S2MM_FULL.I_S2MM_FULL_WRAPPER/GEN_INCLUDE_IBTTCC.I_S2MM_MSTR_IBTTCC/sig_input_addr_reg_reg[25]/D
  -------------------------------------------------------------------    -------------------

                         (clock clk_fpga_0 rise edge)
                                                      0.000     0.000 r  
    PS7_X0Y0             PS7                          0.000     0.000 r  u_block_design/design_1_i/processing_system7_0/inst/PS7_i/FCLKCLK[0]
                         net (fo=1, routed)           0.337     0.337    u_block_design/design_1_i/processing_system7_0/inst/FCLK_CLK_unbuffered[0]
    BUFGCTRL_X0Y16       BUFG (Prop_bufg_I_O)         0.029     0.366 r  u_block_design/design_1_i/processing_system7_0/inst/buffer_fclk_clk_0.FCLK_CLK_0_BUFG/O
                         net (fo=12063, routed)       0.821     1.187    u_block_design/design_1_i/axi_dma_0/U0/I_PRMRY_DATAMOVER/GEN_S2MM_FULL.I_S2MM_FULL_WRAPPER/GEN_INCLUDE_IBTTCC.I_S2MM_MSTR_IBTTCC/m_axi_s2mm_aclk
    SLICE_X52Y50         FDRE                                         r  u_block_design/design_1_i/axi_dma_0/U0/I_PRMRY_DATAMOVER/GEN_S2MM_FULL.I_S2MM_FULL_WRAPPER/GEN_INCLUDE_IBTTCC.I_S2MM_MSTR_IBTTCC/sig_input_addr_reg_reg[25]/C
                         clock pessimism             -0.030     1.157    
    SLICE_X52Y50         FDRE (Hold_fdre_C_D)         0.047     1.204    u_block_design/design_1_i/axi_dma_0/U0/I_PRMRY_DATAMOVER/GEN_S2MM_FULL.I_S2MM_FULL_WRAPPER/GEN_INCLUDE_IBTTCC.I_S2MM_MSTR_IBTTCC/sig_input_addr_reg_reg[25]
  -------------------------------------------------------------------
                         required time                         -1.204    
                         arrival time                           1.212    
  -------------------------------------------------------------------
                         slack                                  0.008    

Slack (MET) :             0.017ns  (arrival time - required time)
  Source:                 u_block_design/design_1_i/axi_dma_0/U0/INCLUDE_MM2S_SOF_EOF_GENERATOR.I_MM2S_DMA_MNGR/GEN_MM2S_DMA_CONTROL.GEN_SIMPLE_DMA_MODE.I_MM2S_SMPL_SM/GEN_CMD_BTT_LESS_23.cmnd_data_reg[4]/C
                            (rising edge-triggered cell FDRE clocked by clk_fpga_0  {rise@0.000ns fall@5.000ns period=10.000ns})
  Destination:            u_block_design/design_1_i/axi_dma_0/U0/I_PRMRY_DATAMOVER/GEN_MM2S_FULL.I_MM2S_FULL_WRAPPER/I_CMD_STATUS/I_CMD_FIFO/USE_SINGLE_REG.sig_regfifo_dout_reg_reg[4]/D
                            (rising edge-triggered cell FDRE clocked by clk_fpga_0  {rise@0.000ns fall@5.000ns period=10.000ns})
  Path Group:             clk_fpga_0
  Path Type:              Hold (Min at Fast Process Corner)
  Requirement:            0.000ns  (clk_fpga_0 rise@0.000ns - clk_fpga_0 rise@0.000ns)
  Data Path Delay:        0.305ns  (logic 0.148ns (48.555%)  route 0.157ns (51.445%))
  Logic Levels:           0  
  Clock Path Skew:        0.265ns (DCD - SCD - CPR)
    Destination Clock Delay (DCD):    1.193ns
    Source Clock Delay      (SCD):    0.893ns
    Clock Pessimism Removal (CPR):    0.035ns

    Location             Delay type                Incr(ns)  Path(ns)    Netlist Resource(s)
  -------------------------------------------------------------------    -------------------
                         (clock clk_fpga_0 rise edge)
                                                      0.000     0.000 r  
    PS7_X0Y0             PS7                          0.000     0.000 r  u_block_design/design_1_i/processing_system7_0/inst/PS7_i/FCLKCLK[0]
                         net (fo=1, routed)           0.310     0.310    u_block_design/design_1_i/processing_system7_0/inst/FCLK_CLK_unbuffered[0]
    BUFGCTRL_X0Y16       BUFG (Prop_bufg_I_O)         0.026     0.336 r  u_block_design/design_1_i/processing_system7_0/inst/buffer_fclk_clk_0.FCLK_CLK_0_BUFG/O
                         net (fo=12063, routed)       0.557     0.893    u_block_design/design_1_i/axi_dma_0/U0/INCLUDE_MM2S_SOF_EOF_GENERATOR.I_MM2S_DMA_MNGR/GEN_MM2S_DMA_CONTROL.GEN_SIMPLE_DMA_MODE.I_MM2S_SMPL_SM/s_axi_lite_aclk
    SLICE_X50Y40         FDRE                                         r  u_block_design/design_1_i/axi_dma_0/U0/INCLUDE_MM2S_SOF_EOF_GENERATOR.I_MM2S_DMA_MNGR/GEN_MM2S_DMA_CONTROL.GEN_SIMPLE_DMA_MODE.I_MM2S_SMPL_SM/GEN_CMD_BTT_LESS_23.cmnd_data_reg[4]/C
  -------------------------------------------------------------------    -------------------
    SLICE_X50Y40         FDRE (Prop_fdre_C_Q)         0.148     1.041 r  u_block_design/design_1_i/axi_dma_0/U0/INCLUDE_MM2S_SOF_EOF_GENERATOR.I_MM2S_DMA_MNGR/GEN_MM2S_DMA_CONTROL.GEN_SIMPLE_DMA_MODE.I_MM2S_SMPL_SM/GEN_CMD_BTT_LESS_23.cmnd_data_reg[4]/Q
                         net (fo=1, routed)           0.157     1.197    u_block_design/design_1_i/axi_dma_0/U0/I_PRMRY_DATAMOVER/GEN_MM2S_FULL.I_MM2S_FULL_WRAPPER/I_CMD_STATUS/I_CMD_FIFO/D[4]
    SLICE_X48Y39         FDRE                                         r  u_block_design/design_1_i/axi_dma_0/U0/I_PRMRY_DATAMOVER/GEN_MM2S_FULL.I_MM2S_FULL_WRAPPER/I_CMD_STATUS/I_CMD_FIFO/USE_SINGLE_REG.sig_regfifo_dout_reg_reg[4]/D
  -------------------------------------------------------------------    -------------------

                         (clock clk_fpga_0 rise edge)
                                                      0.000     0.000 r  
    PS7_X0Y0             PS7                          0.000     0.000 r  u_block_design/design_1_i/processing_system7_0/inst/PS7_i/FCLKCLK[0]
                         net (fo=1, routed)           0.337     0.337    u_block_design/design_1_i/processing_system7_0/inst/FCLK_CLK_unbuffered[0]
    BUFGCTRL_X0Y16       BUFG (Prop_bufg_I_O)         0.029     0.366 r  u_block_design/design_1_i/processing_system7_0/inst/buffer_fclk_clk_0.FCLK_CLK_0_BUFG/O
                         net (fo=12063, routed)       0.827     1.193    u_block_design/design_1_i/axi_dma_0/U0/I_PRMRY_DATAMOVER/GEN_MM2S_FULL.I_MM2S_FULL_WRAPPER/I_CMD_STATUS/I_CMD_FIFO/m_axi_mm2s_aclk
    SLICE_X48Y39         FDRE                                         r  u_block_design/design_1_i/axi_dma_0/U0/I_PRMRY_DATAMOVER/GEN_MM2S_FULL.I_MM2S_FULL_WRAPPER/I_CMD_STATUS/I_CMD_FIFO/USE_SINGLE_REG.sig_regfifo_dout_reg_reg[4]/C
                         clock pessimism             -0.035     1.158    
    SLICE_X48Y39         FDRE (Hold_fdre_C_D)         0.022     1.180    u_block_design/design_1_i/axi_dma_0/U0/I_PRMRY_DATAMOVER/GEN_MM2S_FULL.I_MM2S_FULL_WRAPPER/I_CMD_STATUS/I_CMD_FIFO/USE_SINGLE_REG.sig_regfifo_dout_reg_reg[4]
  -------------------------------------------------------------------
                         required time                         -1.180    
                         arrival time                           1.197    
  -------------------------------------------------------------------
                         slack                                  0.017    

Slack (MET) :             0.024ns  (arrival time - required time)
  Source:                 snn_core_group_top/design_1_wrapper/design_1/design_1_axi_interconnect_hp0_0/s03_couplers_imp_13X28CE/design_1_axi_interconnect_hp0_imp_auto_pc_3/design_1_axi_interconnect_hp0_imp_auto_pc_3_axi_protocol_converter_v2_1_37_axi_protocol_converter/design_1_axi_interconnect_hp0_imp_auto_pc_3_axi_protocol_converter_v2_1_37_axi3_conv/design_1_axi_interconnect_hp0_imp_auto_pc_3_axi_protocol_converter_v2_1_37_a_axi3_conv/design_1_axi_interconnect_hp0_imp_auto_pc_3_axi_data_fifo_v2_1_36_axic_fifo/design_1_axi_interconnect_hp0_imp_auto_pc_3_axi_data_fifo_v2_1_36_fifo_gen_1/<hidden>/<hidden>/<hidden>/<hidden>/<hidden>/<hidden>
                            (rising edge-triggered cell FDCE clocked by clk_fpga_0  {rise@0.000ns fall@5.000ns period=10.000ns})
  Destination:            snn_core_group_top/design_1_wrapper/design_1/design_1_axi_interconnect_hp0_0/s03_couplers_imp_13X28CE/design_1_axi_interconnect_hp0_imp_auto_pc_3/design_1_axi_interconnect_hp0_imp_auto_pc_3_axi_protocol_converter_v2_1_37_axi_protocol_converter/design_1_axi_interconnect_hp0_imp_auto_pc_3_axi_protocol_converter_v2_1_37_axi3_conv/design_1_axi_interconnect_hp0_imp_auto_pc_3_axi_protocol_converter_v2_1_37_a_axi3_conv/design_1_axi_interconnect_hp0_imp_auto_pc_3_axi_data_fifo_v2_1_36_axic_fifo/design_1_axi_interconnect_hp0_imp_auto_pc_3_axi_data_fifo_v2_1_36_fifo_gen_1/<hidden>/<hidden>/<hidden>/<hidden>/<hidden>/<hidden>/<hidden>
                            (rising edge-triggered cell RAMD32 clocked by clk_fpga_0  {rise@0.000ns fall@5.000ns period=10.000ns})
  Path Group:             clk_fpga_0
  Path Type:              Hold (Min at Fast Process Corner)
  Requirement:            0.000ns  (clk_fpga_0 rise@0.000ns - clk_fpga_0 rise@0.000ns)
  Data Path Delay:        0.347ns  (logic 0.141ns (40.599%)  route 0.206ns (59.401%))
  Logic Levels:           0  
  Clock Path Skew:        0.013ns (DCD - SCD - CPR)
    Destination Clock Delay (DCD):    1.229ns
    Source Clock Delay      (SCD):    0.929ns
    Clock Pessimism Removal (CPR):    0.287ns

    Location             Delay type                Incr(ns)  Path(ns)    Netlist Resource(s)
  -------------------------------------------------------------------    -------------------
                         (clock clk_fpga_0 rise edge)
                                                      0.000     0.000 r  
    PS7_X0Y0             PS7                          0.000     0.000 r  u_block_design/design_1_i/processing_system7_0/inst/PS7_i/FCLKCLK[0]
                         net (fo=1, routed)           0.310     0.310    u_block_design/design_1_i/processing_system7_0/inst/FCLK_CLK_unbuffered[0]
    BUFGCTRL_X0Y16       BUFG (Prop_bufg_I_O)         0.026     0.336 r  u_block_design/design_1_i/processing_system7_0/inst/buffer_fclk_clk_0.FCLK_CLK_0_BUFG/O
                         net (fo=12063, routed)       0.593     0.929    snn_core_group_top/design_1_wrapper/design_1/design_1_axi_interconnect_hp0_0/s03_couplers_imp_13X28CE/design_1_axi_interconnect_hp0_imp_auto_pc_3/design_1_axi_interconnect_hp0_imp_auto_pc_3_axi_protocol_converter_v2_1_37_axi_protocol_converter/design_1_axi_interconnect_hp0_imp_auto_pc_3_axi_protocol_converter_v2_1_37_axi3_conv/design_1_axi_interconnect_hp0_imp_auto_pc_3_axi_protocol_converter_v2_1_37_a_axi3_conv/design_1_axi_interconnect_hp0_imp_auto_pc_3_axi_data_fifo_v2_1_36_axic_fifo/design_1_axi_interconnect_hp0_imp_auto_pc_3_axi_data_fifo_v2_1_36_fifo_gen_1/<hidden>/<hidden>/<hidden>/<hidden>/<hidden>/<hidden>
    SLICE_X17Y38         FDCE                                         r  snn_core_group_top/design_1_wrapper/design_1/design_1_axi_interconnect_hp0_0/s03_couplers_imp_13X28CE/design_1_axi_interconnect_hp0_imp_auto_pc_3/design_1_axi_interconnect_hp0_imp_auto_pc_3_axi_protocol_converter_v2_1_37_axi_protocol_converter/design_1_axi_interconnect_hp0_imp_auto_pc_3_axi_protocol_converter_v2_1_37_axi3_conv/design_1_axi_interconnect_hp0_imp_auto_pc_3_axi_protocol_converter_v2_1_37_a_axi3_conv/design_1_axi_interconnect_hp0_imp_auto_pc_3_axi_data_fifo_v2_1_36_axic_fifo/design_1_axi_interconnect_hp0_imp_auto_pc_3_axi_data_fifo_v2_1_36_fifo_gen_1/<hidden>/<hidden>/<hidden>/<hidden>/<hidden>/<hidden>
  -------------------------------------------------------------------    -------------------
    SLICE_X17Y38         FDCE (Prop_fdce_C_Q)         0.141     1.070 r  snn_core_group_top/design_1_wrapper/design_1/design_1_axi_interconnect_hp0_0/s03_couplers_imp_13X28CE/design_1_axi_interconnect_hp0_imp_auto_pc_3/design_1_axi_interconnect_hp0_imp_auto_pc_3_axi_protocol_converter_v2_1_37_axi_protocol_converter/design_1_axi_interconnect_hp0_imp_auto_pc_3_axi_protocol_converter_v2_1_37_axi3_conv/design_1_axi_interconnect_hp0_imp_auto_pc_3_axi_protocol_converter_v2_1_37_a_axi3_conv/design_1_axi_interconnect_hp0_imp_auto_pc_3_axi_data_fifo_v2_1_36_axic_fifo/design_1_axi_interconnect_hp0_imp_auto_pc_3_axi_data_fifo_v2_1_36_fifo_gen_1/<hidden>/<hidden>/<hidden>/<hidden>/<hidden>/<hidden>
                         net (fo=10, routed)          0.206     1.276    snn_core_group_top/design_1_wrapper/design_1/design_1_axi_interconnect_hp0_0/s03_couplers_imp_13X28CE/design_1_axi_interconnect_hp0_imp_auto_pc_3/design_1_axi_interconnect_hp0_imp_auto_pc_3_axi_protocol_converter_v2_1_37_axi_protocol_converter/design_1_axi_interconnect_hp0_imp_auto_pc_3_axi_protocol_converter_v2_1_37_axi3_conv/design_1_axi_interconnect_hp0_imp_auto_pc_3_axi_protocol_converter_v2_1_37_a_axi3_conv/design_1_axi_interconnect_hp0_imp_auto_pc_3_axi_data_fifo_v2_1_36_axic_fifo/design_1_axi_interconnect_hp0_imp_auto_pc_3_axi_data_fifo_v2_1_36_fifo_gen_1/<hidden>/<hidden>/<hidden>/<hidden>/<hidden>/<hidden>/<hidden>
    SLICE_X16Y38         RAMD32                                       r  snn_core_group_top/design_1_wrapper/design_1/design_1_axi_interconnect_hp0_0/s03_couplers_imp_13X28CE/design_1_axi_interconnect_hp0_imp_auto_pc_3/design_1_axi_interconnect_hp0_imp_auto_pc_3_axi_protocol_converter_v2_1_37_axi_protocol_converter/design_1_axi_interconnect_hp0_imp_auto_pc_3_axi_protocol_converter_v2_1_37_axi3_conv/design_1_axi_interconnect_hp0_imp_auto_pc_3_axi_protocol_converter_v2_1_37_a_axi3_conv/design_1_axi_interconnect_hp0_imp_auto_pc_3_axi_data_fifo_v2_1_36_axic_fifo/design_1_axi_interconnect_hp0_imp_auto_pc_3_axi_data_fifo_v2_1_36_fifo_gen_1/<hidden>/<hidden>/<hidden>/<hidden>/<hidden>/<hidden>/<hidden>
  -------------------------------------------------------------------    -------------------

                         (clock clk_fpga_0 rise edge)
                                                      0.000     0.000 r  
    PS7_X0Y0             PS7                          0.000     0.000 r  u_block_design/design_1_i/processing_system7_0/inst/PS7_i/FCLKCLK[0]
                         net (fo=1, routed)           0.337     0.337    u_block_design/design_1_i/processing_system7_0/inst/FCLK_CLK_unbuffered[0]
    BUFGCTRL_X0Y16       BUFG (Prop_bufg_I_O)         0.029     0.366 r  u_block_design/design_1_i/processing_system7_0/inst/buffer_fclk_clk_0.FCLK_CLK_0_BUFG/O
                         net (fo=12063, routed)       0.863     1.229    snn_core_group_top/design_1_wrapper/design_1/design_1_axi_interconnect_hp0_0/s03_couplers_imp_13X28CE/design_1_axi_interconnect_hp0_imp_auto_pc_3/design_1_axi_interconnect_hp0_imp_auto_pc_3_axi_protocol_converter_v2_1_37_axi_protocol_converter/design_1_axi_interconnect_hp0_imp_auto_pc_3_axi_protocol_converter_v2_1_37_axi3_conv/design_1_axi_interconnect_hp0_imp_auto_pc_3_axi_protocol_converter_v2_1_37_a_axi3_conv/design_1_axi_interconnect_hp0_imp_auto_pc_3_axi_data_fifo_v2_1_36_axic_fifo/design_1_axi_interconnect_hp0_imp_auto_pc_3_axi_data_fifo_v2_1_36_fifo_gen_1/<hidden>/<hidden>/<hidden>/<hidden>/<hidden>/<hidden>/<hidden>
    SLICE_X16Y38         RAMD32                                       r  snn_core_group_top/design_1_wrapper/design_1/design_1_axi_interconnect_hp0_0/s03_couplers_imp_13X28CE/design_1_axi_interconnect_hp0_imp_auto_pc_3/design_1_axi_interconnect_hp0_imp_auto_pc_3_axi_protocol_converter_v2_1_37_axi_protocol_converter/design_1_axi_interconnect_hp0_imp_auto_pc_3_axi_protocol_converter_v2_1_37_axi3_conv/design_1_axi_interconnect_hp0_imp_auto_pc_3_axi_protocol_converter_v2_1_37_a_axi3_conv/design_1_axi_interconnect_hp0_imp_auto_pc_3_axi_data_fifo_v2_1_36_axic_fifo/design_1_axi_interconnect_hp0_imp_auto_pc_3_axi_data_fifo_v2_1_36_fifo_gen_1/<hidden>/<hidden>/<hidden>/<hidden>/<hidden>/<hidden>/<hidden>
                         clock pessimism             -0.287     0.942    
    SLICE_X16Y38         RAMD32 (Hold_ramd32_CLK_WADR0)
                                                      0.310     1.252    snn_core_group_top/design_1_wrapper/design_1/design_1_axi_interconnect_hp0_0/s03_couplers_imp_13X28CE/design_1_axi_interconnect_hp0_imp_auto_pc_3/design_1_axi_interconnect_hp0_imp_auto_pc_3_axi_protocol_converter_v2_1_37_axi_protocol_converter/design_1_axi_interconnect_hp0_imp_auto_pc_3_axi_protocol_converter_v2_1_37_axi3_conv/design_1_axi_interconnect_hp0_imp_auto_pc_3_axi_protocol_converter_v2_1_37_a_axi3_conv/design_1_axi_interconnect_hp0_imp_auto_pc_3_axi_data_fifo_v2_1_36_axic_fifo/design_1_axi_interconnect_hp0_imp_auto_pc_3_axi_data_fifo_v2_1_36_fifo_gen_1/<hidden>/<hidden>/<hidden>/<hidden>/<hidden>/<hidden>/<hidden>
  -------------------------------------------------------------------
                         required time                         -1.252    
                         arrival time                           1.276    
  -------------------------------------------------------------------
                         slack                                  0.024    

Slack (MET) :             0.024ns  (arrival time - required time)
  Source:                 snn_core_group_top/design_1_wrapper/design_1/design_1_axi_interconnect_hp0_0/s03_couplers_imp_13X28CE/design_1_axi_interconnect_hp0_imp_auto_pc_3/design_1_axi_interconnect_hp0_imp_auto_pc_3_axi_protocol_converter_v2_1_37_axi_protocol_converter/design_1_axi_interconnect_hp0_imp_auto_pc_3_axi_protocol_converter_v2_1_37_axi3_conv/design_1_axi_interconnect_hp0_imp_auto_pc_3_axi_protocol_converter_v2_1_37_a_axi3_conv/design_1_axi_interconnect_hp0_imp_auto_pc_3_axi_data_fifo_v2_1_36_axic_fifo/design_1_axi_interconnect_hp0_imp_auto_pc_3_axi_data_fifo_v2_1_36_fifo_gen_1/<hidden>/<hidden>/<hidden>/<hidden>/<hidden>/<hidden>
                            (rising edge-triggered cell FDCE clocked by clk_fpga_0  {rise@0.000ns fall@5.000ns period=10.000ns})
  Destination:            snn_core_group_top/design_1_wrapper/design_1/design_1_axi_interconnect_hp0_0/s03_couplers_imp_13X28CE/design_1_axi_interconnect_hp0_imp_auto_pc_3/design_1_axi_interconnect_hp0_imp_auto_pc_3_axi_protocol_converter_v2_1_37_axi_protocol_converter/design_1_axi_interconnect_hp0_imp_auto_pc_3_axi_protocol_converter_v2_1_37_axi3_conv/design_1_axi_interconnect_hp0_imp_auto_pc_3_axi_protocol_converter_v2_1_37_a_axi3_conv/design_1_axi_interconnect_hp0_imp_auto_pc_3_axi_data_fifo_v2_1_36_axic_fifo/design_1_axi_interconnect_hp0_imp_auto_pc_3_axi_data_fifo_v2_1_36_fifo_gen_1/<hidden>/<hidden>/<hidden>/<hidden>/<hidden>/<hidden>/<hidden>
                            (rising edge-triggered cell RAMD32 clocked by clk_fpga_0  {rise@0.000ns fall@5.000ns period=10.000ns})
  Path Group:             clk_fpga_0
  Path Type:              Hold (Min at Fast Process Corner)
  Requirement:            0.000ns  (clk_fpga_0 rise@0.000ns - clk_fpga_0 rise@0.000ns)
  Data Path Delay:        0.347ns  (logic 0.141ns (40.599%)  route 0.206ns (59.401%))
  Logic Levels:           0  
  Clock Path Skew:        0.013ns (DCD - SCD - CPR)
    Destination Clock Delay (DCD):    1.229ns
    Source Clock Delay      (SCD):    0.929ns
    Clock Pessimism Removal (CPR):    0.287ns

    Location             Delay type                Incr(ns)  Path(ns)    Netlist Resource(s)
  -------------------------------------------------------------------    -------------------
                         (clock clk_fpga_0 rise edge)
                                                      0.000     0.000 r  
    PS7_X0Y0             PS7                          0.000     0.000 r  u_block_design/design_1_i/processing_system7_0/inst/PS7_i/FCLKCLK[0]
                         net (fo=1, routed)           0.310     0.310    u_block_design/design_1_i/processing_system7_0/inst/FCLK_CLK_unbuffered[0]
    BUFGCTRL_X0Y16       BUFG (Prop_bufg_I_O)         0.026     0.336 r  u_block_design/design_1_i/processing_system7_0/inst/buffer_fclk_clk_0.FCLK_CLK_0_BUFG/O
                         net (fo=12063, routed)       0.593     0.929    snn_core_group_top/design_1_wrapper/design_1/design_1_axi_interconnect_hp0_0/s03_couplers_imp_13X28CE/design_1_axi_interconnect_hp0_imp_auto_pc_3/design_1_axi_interconnect_hp0_imp_auto_pc_3_axi_protocol_converter_v2_1_37_axi_protocol_converter/design_1_axi_interconnect_hp0_imp_auto_pc_3_axi_protocol_converter_v2_1_37_axi3_conv/design_1_axi_interconnect_hp0_imp_auto_pc_3_axi_protocol_converter_v2_1_37_a_axi3_conv/design_1_axi_interconnect_hp0_imp_auto_pc_3_axi_data_fifo_v2_1_36_axic_fifo/design_1_axi_interconnect_hp0_imp_auto_pc_3_axi_data_fifo_v2_1_36_fifo_gen_1/<hidden>/<hidden>/<hidden>/<hidden>/<hidden>/<hidden>
    SLICE_X17Y38         FDCE                                         r  snn_core_group_top/design_1_wrapper/design_1/design_1_axi_interconnect_hp0_0/s03_couplers_imp_13X28CE/design_1_axi_interconnect_hp0_imp_auto_pc_3/design_1_axi_interconnect_hp0_imp_auto_pc_3_axi_protocol_converter_v2_1_37_axi_protocol_converter/design_1_axi_interconnect_hp0_imp_auto_pc_3_axi_protocol_converter_v2_1_37_axi3_conv/design_1_axi_interconnect_hp0_imp_auto_pc_3_axi_protocol_converter_v2_1_37_a_axi3_conv/design_1_axi_interconnect_hp0_imp_auto_pc_3_axi_data_fifo_v2_1_36_axic_fifo/design_1_axi_interconnect_hp0_imp_auto_pc_3_axi_data_fifo_v2_1_36_fifo_gen_1/<hidden>/<hidden>/<hidden>/<hidden>/<hidden>/<hidden>
  -------------------------------------------------------------------    -------------------
    SLICE_X17Y38         FDCE (Prop_fdce_C_Q)         0.141     1.070 r  snn_core_group_top/design_1_wrapper/design_1/design_1_axi_interconnect_hp0_0/s03_couplers_imp_13X28CE/design_1_axi_interconnect_hp0_imp_auto_pc_3/design_1_axi_interconnect_hp0_imp_auto_pc_3_axi_protocol_converter_v2_1_37_axi_protocol_converter/design_1_axi_interconnect_hp0_imp_auto_pc_3_axi_protocol_converter_v2_1_37_axi3_conv/design_1_axi_interconnect_hp0_imp_auto_pc_3_axi_protocol_converter_v2_1_37_a_axi3_conv/design_1_axi_interconnect_hp0_imp_auto_pc_3_axi_data_fifo_v2_1_36_axic_fifo/design_1_axi_interconnect_hp0_imp_auto_pc_3_axi_data_fifo_v2_1_36_fifo_gen_1/<hidden>/<hidden>/<hidden>/<hidden>/<hidden>/<hidden>
                         net (fo=10, routed)          0.206     1.276    snn_core_group_top/design_1_wrapper/design_1/design_1_axi_interconnect_hp0_0/s03_couplers_imp_13X28CE/design_1_axi_interconnect_hp0_imp_auto_pc_3/design_1_axi_interconnect_hp0_imp_auto_pc_3_axi_protocol_converter_v2_1_37_axi_protocol_converter/design_1_axi_interconnect_hp0_imp_auto_pc_3_axi_protocol_converter_v2_1_37_axi3_conv/design_1_axi_interconnect_hp0_imp_auto_pc_3_axi_protocol_converter_v2_1_37_a_axi3_conv/design_1_axi_interconnect_hp0_imp_auto_pc_3_axi_data_fifo_v2_1_36_axic_fifo/design_1_axi_interconnect_hp0_imp_auto_pc_3_axi_data_fifo_v2_1_36_fifo_gen_1/<hidden>/<hidden>/<hidden>/<hidden>/<hidden>/<hidden>/<hidden>
    SLICE_X16Y38         RAMD32                                       r  snn_core_group_top/design_1_wrapper/design_1/design_1_axi_interconnect_hp0_0/s03_couplers_imp_13X28CE/design_1_axi_interconnect_hp0_imp_auto_pc_3/design_1_axi_interconnect_hp0_imp_auto_pc_3_axi_protocol_converter_v2_1_37_axi_protocol_converter/design_1_axi_interconnect_hp0_imp_auto_pc_3_axi_protocol_converter_v2_1_37_axi3_conv/design_1_axi_interconnect_hp0_imp_auto_pc_3_axi_protocol_converter_v2_1_37_a_axi3_conv/design_1_axi_interconnect_hp0_imp_auto_pc_3_axi_data_fifo_v2_1_36_axic_fifo/design_1_axi_interconnect_hp0_imp_auto_pc_3_axi_data_fifo_v2_1_36_fifo_gen_1/<hidden>/<hidden>/<hidden>/<hidden>/<hidden>/<hidden>/<hidden>
  -------------------------------------------------------------------    -------------------

                         (clock clk_fpga_0 rise edge)
                                                      0.000     0.000 r  
    PS7_X0Y0             PS7                          0.000     0.000 r  u_block_design/design_1_i/processing_system7_0/inst/PS7_i/FCLKCLK[0]
                         net (fo=1, routed)           0.337     0.337    u_block_design/design_1_i/processing_system7_0/inst/FCLK_CLK_unbuffered[0]
    BUFGCTRL_X0Y16       BUFG (Prop_bufg_I_O)         0.029     0.366 r  u_block_design/design_1_i/processing_system7_0/inst/buffer_fclk_clk_0.FCLK_CLK_0_BUFG/O
                         net (fo=12063, routed)       0.863     1.229    snn_core_group_top/design_1_wrapper/design_1/design_1_axi_interconnect_hp0_0/s03_couplers_imp_13X28CE/design_1_axi_interconnect_hp0_imp_auto_pc_3/design_1_axi_interconnect_hp0_imp_auto_pc_3_axi_protocol_converter_v2_1_37_axi_protocol_converter/design_1_axi_interconnect_hp0_imp_auto_pc_3_axi_protocol_converter_v2_1_37_axi3_conv/design_1_axi_interconnect_hp0_imp_auto_pc_3_axi_protocol_converter_v2_1_37_a_axi3_conv/design_1_axi_interconnect_hp0_imp_auto_pc_3_axi_data_fifo_v2_1_36_axic_fifo/design_1_axi_interconnect_hp0_imp_auto_pc_3_axi_data_fifo_v2_1_36_fifo_gen_1/<hidden>/<hidden>/<hidden>/<hidden>/<hidden>/<hidden>/<hidden>
    SLICE_X16Y38         RAMD32                                       r  snn_core_group_top/design_1_wrapper/design_1/design_1_axi_interconnect_hp0_0/s03_couplers_imp_13X28CE/design_1_axi_interconnect_hp0_imp_auto_pc_3/design_1_axi_interconnect_hp0_imp_auto_pc_3_axi_protocol_converter_v2_1_37_axi_protocol_converter/design_1_axi_interconnect_hp0_imp_auto_pc_3_axi_protocol_converter_v2_1_37_axi3_conv/design_1_axi_interconnect_hp0_imp_auto_pc_3_axi_protocol_converter_v2_1_37_a_axi3_conv/design_1_axi_interconnect_hp0_imp_auto_pc_3_axi_data_fifo_v2_1_36_axic_fifo/design_1_axi_interconnect_hp0_imp_auto_pc_3_axi_data_fifo_v2_1_36_fifo_gen_1/<hidden>/<hidden>/<hidden>/<hidden>/<hidden>/<hidden>/<hidden>
                         clock pessimism             -0.287     0.942    
    SLICE_X16Y38         RAMD32 (Hold_ramd32_CLK_WADR0)
                                                      0.310     1.252    snn_core_group_top/design_1_wrapper/design_1/design_1_axi_interconnect_hp0_0/s03_couplers_imp_13X28CE/design_1_axi_interconnect_hp0_imp_auto_pc_3/design_1_axi_interconnect_hp0_imp_auto_pc_3_axi_protocol_converter_v2_1_37_axi_protocol_converter/design_1_axi_interconnect_hp0_imp_auto_pc_3_axi_protocol_converter_v2_1_37_axi3_conv/design_1_axi_interconnect_hp0_imp_auto_pc_3_axi_protocol_converter_v2_1_37_a_axi3_conv/design_1_axi_interconnect_hp0_imp_auto_pc_3_axi_data_fifo_v2_1_36_axic_fifo/design_1_axi_interconnect_hp0_imp_auto_pc_3_axi_data_fifo_v2_1_36_fifo_gen_1/<hidden>/<hidden>/<hidden>/<hidden>/<hidden>/<hidden>/<hidden>
  -------------------------------------------------------------------
                         required time                         -1.252    
                         arrival time                           1.276    
  -------------------------------------------------------------------
                         slack                                  0.024    

Slack (MET) :             0.024ns  (arrival time - required time)
  Source:                 snn_core_group_top/design_1_wrapper/design_1/design_1_axi_interconnect_hp0_0/s03_couplers_imp_13X28CE/design_1_axi_interconnect_hp0_imp_auto_pc_3/design_1_axi_interconnect_hp0_imp_auto_pc_3_axi_protocol_converter_v2_1_37_axi_protocol_converter/design_1_axi_interconnect_hp0_imp_auto_pc_3_axi_protocol_converter_v2_1_37_axi3_conv/design_1_axi_interconnect_hp0_imp_auto_pc_3_axi_protocol_converter_v2_1_37_a_axi3_conv/design_1_axi_interconnect_hp0_imp_auto_pc_3_axi_data_fifo_v2_1_36_axic_fifo/design_1_axi_interconnect_hp0_imp_auto_pc_3_axi_data_fifo_v2_1_36_fifo_gen_1/<hidden>/<hidden>/<hidden>/<hidden>/<hidden>/<hidden>
                            (rising edge-triggered cell FDCE clocked by clk_fpga_0  {rise@0.000ns fall@5.000ns period=10.000ns})
  Destination:            snn_core_group_top/design_1_wrapper/design_1/design_1_axi_interconnect_hp0_0/s03_couplers_imp_13X28CE/design_1_axi_interconnect_hp0_imp_auto_pc_3/design_1_axi_interconnect_hp0_imp_auto_pc_3_axi_protocol_converter_v2_1_37_axi_protocol_converter/design_1_axi_interconnect_hp0_imp_auto_pc_3_axi_protocol_converter_v2_1_37_axi3_conv/design_1_axi_interconnect_hp0_imp_auto_pc_3_axi_protocol_converter_v2_1_37_a_axi3_conv/design_1_axi_interconnect_hp0_imp_auto_pc_3_axi_data_fifo_v2_1_36_axic_fifo/design_1_axi_interconnect_hp0_imp_auto_pc_3_axi_data_fifo_v2_1_36_fifo_gen_1/<hidden>/<hidden>/<hidden>/<hidden>/<hidden>/<hidden>/<hidden>
                            (rising edge-triggered cell RAMD32 clocked by clk_fpga_0  {rise@0.000ns fall@5.000ns period=10.000ns})
  Path Group:             clk_fpga_0
  Path Type:              Hold (Min at Fast Process Corner)
  Requirement:            0.000ns  (clk_fpga_0 rise@0.000ns - clk_fpga_0 rise@0.000ns)
  Data Path Delay:        0.347ns  (logic 0.141ns (40.599%)  route 0.206ns (59.401%))
  Logic Levels:           0  
  Clock Path Skew:        0.013ns (DCD - SCD - CPR)
    Destination Clock Delay (DCD):    1.229ns
    Source Clock Delay      (SCD):    0.929ns
    Clock Pessimism Removal (CPR):    0.287ns

    Location             Delay type                Incr(ns)  Path(ns)    Netlist Resource(s)
  -------------------------------------------------------------------    -------------------
                         (clock clk_fpga_0 rise edge)
                                                      0.000     0.000 r  
    PS7_X0Y0             PS7                          0.000     0.000 r  u_block_design/design_1_i/processing_system7_0/inst/PS7_i/FCLKCLK[0]
                         net (fo=1, routed)           0.310     0.310    u_block_design/design_1_i/processing_system7_0/inst/FCLK_CLK_unbuffered[0]
    BUFGCTRL_X0Y16       BUFG (Prop_bufg_I_O)         0.026     0.336 r  u_block_design/design_1_i/processing_system7_0/inst/buffer_fclk_clk_0.FCLK_CLK_0_BUFG/O
                         net (fo=12063, routed)       0.593     0.929    snn_core_group_top/design_1_wrapper/design_1/design_1_axi_interconnect_hp0_0/s03_couplers_imp_13X28CE/design_1_axi_interconnect_hp0_imp_auto_pc_3/design_1_axi_interconnect_hp0_imp_auto_pc_3_axi_protocol_converter_v2_1_37_axi_protocol_converter/design_1_axi_interconnect_hp0_imp_auto_pc_3_axi_protocol_converter_v2_1_37_axi3_conv/design_1_axi_interconnect_hp0_imp_auto_pc_3_axi_protocol_converter_v2_1_37_a_axi3_conv/design_1_axi_interconnect_hp0_imp_auto_pc_3_axi_data_fifo_v2_1_36_axic_fifo/design_1_axi_interconnect_hp0_imp_auto_pc_3_axi_data_fifo_v2_1_36_fifo_gen_1/<hidden>/<hidden>/<hidden>/<hidden>/<hidden>/<hidden>
    SLICE_X17Y38         FDCE                                         r  snn_core_group_top/design_1_wrapper/design_1/design_1_axi_interconnect_hp0_0/s03_couplers_imp_13X28CE/design_1_axi_interconnect_hp0_imp_auto_pc_3/design_1_axi_interconnect_hp0_imp_auto_pc_3_axi_protocol_converter_v2_1_37_axi_protocol_converter/design_1_axi_interconnect_hp0_imp_auto_pc_3_axi_protocol_converter_v2_1_37_axi3_conv/design_1_axi_interconnect_hp0_imp_auto_pc_3_axi_protocol_converter_v2_1_37_a_axi3_conv/design_1_axi_interconnect_hp0_imp_auto_pc_3_axi_data_fifo_v2_1_36_axic_fifo/design_1_axi_interconnect_hp0_imp_auto_pc_3_axi_data_fifo_v2_1_36_fifo_gen_1/<hidden>/<hidden>/<hidden>/<hidden>/<hidden>/<hidden>
  -------------------------------------------------------------------    -------------------
    SLICE_X17Y38         FDCE (Prop_fdce_C_Q)         0.141     1.070 r  snn_core_group_top/design_1_wrapper/design_1/design_1_axi_interconnect_hp0_0/s03_couplers_imp_13X28CE/design_1_axi_interconnect_hp0_imp_auto_pc_3/design_1_axi_interconnect_hp0_imp_auto_pc_3_axi_protocol_converter_v2_1_37_axi_protocol_converter/design_1_axi_interconnect_hp0_imp_auto_pc_3_axi_protocol_converter_v2_1_37_axi3_conv/design_1_axi_interconnect_hp0_imp_auto_pc_3_axi_protocol_converter_v2_1_37_a_axi3_conv/design_1_axi_interconnect_hp0_imp_auto_pc_3_axi_data_fifo_v2_1_36_axic_fifo/design_1_axi_interconnect_hp0_imp_auto_pc_3_axi_data_fifo_v2_1_36_fifo_gen_1/<hidden>/<hidden>/<hidden>/<hidden>/<hidden>/<hidden>
                         net (fo=10, routed)          0.206     1.276    snn_core_group_top/design_1_wrapper/design_1/design_1_axi_interconnect_hp0_0/s03_couplers_imp_13X28CE/design_1_axi_interconnect_hp0_imp_auto_pc_3/design_1_axi_interconnect_hp0_imp_auto_pc_3_axi_protocol_converter_v2_1_37_axi_protocol_converter/design_1_axi_interconnect_hp0_imp_auto_pc_3_axi_protocol_converter_v2_1_37_axi3_conv/design_1_axi_interconnect_hp0_imp_auto_pc_3_axi_protocol_converter_v2_1_37_a_axi3_conv/design_1_axi_interconnect_hp0_imp_auto_pc_3_axi_data_fifo_v2_1_36_axic_fifo/design_1_axi_interconnect_hp0_imp_auto_pc_3_axi_data_fifo_v2_1_36_fifo_gen_1/<hidden>/<hidden>/<hidden>/<hidden>/<hidden>/<hidden>/<hidden>
    SLICE_X16Y38         RAMD32                                       r  snn_core_group_top/design_1_wrapper/design_1/design_1_axi_interconnect_hp0_0/s03_couplers_imp_13X28CE/design_1_axi_interconnect_hp0_imp_auto_pc_3/design_1_axi_interconnect_hp0_imp_auto_pc_3_axi_protocol_converter_v2_1_37_axi_protocol_converter/design_1_axi_interconnect_hp0_imp_auto_pc_3_axi_protocol_converter_v2_1_37_axi3_conv/design_1_axi_interconnect_hp0_imp_auto_pc_3_axi_protocol_converter_v2_1_37_a_axi3_conv/design_1_axi_interconnect_hp0_imp_auto_pc_3_axi_data_fifo_v2_1_36_axic_fifo/design_1_axi_interconnect_hp0_imp_auto_pc_3_axi_data_fifo_v2_1_36_fifo_gen_1/<hidden>/<hidden>/<hidden>/<hidden>/<hidden>/<hidden>/<hidden>
  -------------------------------------------------------------------    -------------------

                         (clock clk_fpga_0 rise edge)
                                                      0.000     0.000 r  
    PS7_X0Y0             PS7                          0.000     0.000 r  u_block_design/design_1_i/processing_system7_0/inst/PS7_i/FCLKCLK[0]
                         net (fo=1, routed)           0.337     0.337    u_block_design/design_1_i/processing_system7_0/inst/FCLK_CLK_unbuffered[0]
    BUFGCTRL_X0Y16       BUFG (Prop_bufg_I_O)         0.029     0.366 r  u_block_design/design_1_i/processing_system7_0/inst/buffer_fclk_clk_0.FCLK_CLK_0_BUFG/O
                         net (fo=12063, routed)       0.863     1.229    snn_core_group_top/design_1_wrapper/design_1/design_1_axi_interconnect_hp0_0/s03_couplers_imp_13X28CE/design_1_axi_interconnect_hp0_imp_auto_pc_3/design_1_axi_interconnect_hp0_imp_auto_pc_3_axi_protocol_converter_v2_1_37_axi_protocol_converter/design_1_axi_interconnect_hp0_imp_auto_pc_3_axi_protocol_converter_v2_1_37_axi3_conv/design_1_axi_interconnect_hp0_imp_auto_pc_3_axi_protocol_converter_v2_1_37_a_axi3_conv/design_1_axi_interconnect_hp0_imp_auto_pc_3_axi_data_fifo_v2_1_36_axic_fifo/design_1_axi_interconnect_hp0_imp_auto_pc_3_axi_data_fifo_v2_1_36_fifo_gen_1/<hidden>/<hidden>/<hidden>/<hidden>/<hidden>/<hidden>/<hidden>
    SLICE_X16Y38         RAMD32                                       r  snn_core_group_top/design_1_wrapper/design_1/design_1_axi_interconnect_hp0_0/s03_couplers_imp_13X28CE/design_1_axi_interconnect_hp0_imp_auto_pc_3/design_1_axi_interconnect_hp0_imp_auto_pc_3_axi_protocol_converter_v2_1_37_axi_protocol_converter/design_1_axi_interconnect_hp0_imp_auto_pc_3_axi_protocol_converter_v2_1_37_axi3_conv/design_1_axi_interconnect_hp0_imp_auto_pc_3_axi_protocol_converter_v2_1_37_a_axi3_conv/design_1_axi_interconnect_hp0_imp_auto_pc_3_axi_data_fifo_v2_1_36_axic_fifo/design_1_axi_interconnect_hp0_imp_auto_pc_3_axi_data_fifo_v2_1_36_fifo_gen_1/<hidden>/<hidden>/<hidden>/<hidden>/<hidden>/<hidden>/<hidden>
                         clock pessimism             -0.287     0.942    
    SLICE_X16Y38         RAMD32 (Hold_ramd32_CLK_WADR0)
                                                      0.310     1.252    snn_core_group_top/design_1_wrapper/design_1/design_1_axi_interconnect_hp0_0/s03_couplers_imp_13X28CE/design_1_axi_interconnect_hp0_imp_auto_pc_3/design_1_axi_interconnect_hp0_imp_auto_pc_3_axi_protocol_converter_v2_1_37_axi_protocol_converter/design_1_axi_interconnect_hp0_imp_auto_pc_3_axi_protocol_converter_v2_1_37_axi3_conv/design_1_axi_interconnect_hp0_imp_auto_pc_3_axi_protocol_converter_v2_1_37_a_axi3_conv/design_1_axi_interconnect_hp0_imp_auto_pc_3_axi_data_fifo_v2_1_36_axic_fifo/design_1_axi_interconnect_hp0_imp_auto_pc_3_axi_data_fifo_v2_1_36_fifo_gen_1/<hidden>/<hidden>/<hidden>/<hidden>/<hidden>/<hidden>/<hidden>
  -------------------------------------------------------------------
                         required time                         -1.252    
                         arrival time                           1.276    
  -------------------------------------------------------------------
                         slack                                  0.024    

Slack (MET) :             0.024ns  (arrival time - required time)
  Source:                 snn_core_group_top/design_1_wrapper/design_1/design_1_axi_interconnect_hp0_0/s03_couplers_imp_13X28CE/design_1_axi_interconnect_hp0_imp_auto_pc_3/design_1_axi_interconnect_hp0_imp_auto_pc_3_axi_protocol_converter_v2_1_37_axi_protocol_converter/design_1_axi_interconnect_hp0_imp_auto_pc_3_axi_protocol_converter_v2_1_37_axi3_conv/design_1_axi_interconnect_hp0_imp_auto_pc_3_axi_protocol_converter_v2_1_37_a_axi3_conv/design_1_axi_interconnect_hp0_imp_auto_pc_3_axi_data_fifo_v2_1_36_axic_fifo/design_1_axi_interconnect_hp0_imp_auto_pc_3_axi_data_fifo_v2_1_36_fifo_gen_1/<hidden>/<hidden>/<hidden>/<hidden>/<hidden>/<hidden>
                            (rising edge-triggered cell FDCE clocked by clk_fpga_0  {rise@0.000ns fall@5.000ns period=10.000ns})
  Destination:            snn_core_group_top/design_1_wrapper/design_1/design_1_axi_interconnect_hp0_0/s03_couplers_imp_13X28CE/design_1_axi_interconnect_hp0_imp_auto_pc_3/design_1_axi_interconnect_hp0_imp_auto_pc_3_axi_protocol_converter_v2_1_37_axi_protocol_converter/design_1_axi_interconnect_hp0_imp_auto_pc_3_axi_protocol_converter_v2_1_37_axi3_conv/design_1_axi_interconnect_hp0_imp_auto_pc_3_axi_protocol_converter_v2_1_37_a_axi3_conv/design_1_axi_interconnect_hp0_imp_auto_pc_3_axi_data_fifo_v2_1_36_axic_fifo/design_1_axi_interconnect_hp0_imp_auto_pc_3_axi_data_fifo_v2_1_36_fifo_gen_1/<hidden>/<hidden>/<hidden>/<hidden>/<hidden>/<hidden>/<hidden>
                            (rising edge-triggered cell RAMD32 clocked by clk_fpga_0  {rise@0.000ns fall@5.000ns period=10.000ns})
  Path Group:             clk_fpga_0
  Path Type:              Hold (Min at Fast Process Corner)
  Requirement:            0.000ns  (clk_fpga_0 rise@0.000ns - clk_fpga_0 rise@0.000ns)
  Data Path Delay:        0.347ns  (logic 0.141ns (40.599%)  route 0.206ns (59.401%))
  Logic Levels:           0  
  Clock Path Skew:        0.013ns (DCD - SCD - CPR)
    Destination Clock Delay (DCD):    1.229ns
    Source Clock Delay      (SCD):    0.929ns
    Clock Pessimism Removal (CPR):    0.287ns

    Location             Delay type                Incr(ns)  Path(ns)    Netlist Resource(s)
  -------------------------------------------------------------------    -------------------
                         (clock clk_fpga_0 rise edge)
                                                      0.000     0.000 r  
    PS7_X0Y0             PS7                          0.000     0.000 r  u_block_design/design_1_i/processing_system7_0/inst/PS7_i/FCLKCLK[0]
                         net (fo=1, routed)           0.310     0.310    u_block_design/design_1_i/processing_system7_0/inst/FCLK_CLK_unbuffered[0]
    BUFGCTRL_X0Y16       BUFG (Prop_bufg_I_O)         0.026     0.336 r  u_block_design/design_1_i/processing_system7_0/inst/buffer_fclk_clk_0.FCLK_CLK_0_BUFG/O
                         net (fo=12063, routed)       0.593     0.929    snn_core_group_top/design_1_wrapper/design_1/design_1_axi_interconnect_hp0_0/s03_couplers_imp_13X28CE/design_1_axi_interconnect_hp0_imp_auto_pc_3/design_1_axi_interconnect_hp0_imp_auto_pc_3_axi_protocol_converter_v2_1_37_axi_protocol_converter/design_1_axi_interconnect_hp0_imp_auto_pc_3_axi_protocol_converter_v2_1_37_axi3_conv/design_1_axi_interconnect_hp0_imp_auto_pc_3_axi_protocol_converter_v2_1_37_a_axi3_conv/design_1_axi_interconnect_hp0_imp_auto_pc_3_axi_data_fifo_v2_1_36_axic_fifo/design_1_axi_interconnect_hp0_imp_auto_pc_3_axi_data_fifo_v2_1_36_fifo_gen_1/<hidden>/<hidden>/<hidden>/<hidden>/<hidden>/<hidden>
    SLICE_X17Y38         FDCE                                         r  snn_core_group_top/design_1_wrapper/design_1/design_1_axi_interconnect_hp0_0/s03_couplers_imp_13X28CE/design_1_axi_interconnect_hp0_imp_auto_pc_3/design_1_axi_interconnect_hp0_imp_auto_pc_3_axi_protocol_converter_v2_1_37_axi_protocol_converter/design_1_axi_interconnect_hp0_imp_auto_pc_3_axi_protocol_converter_v2_1_37_axi3_conv/design_1_axi_interconnect_hp0_imp_auto_pc_3_axi_protocol_converter_v2_1_37_a_axi3_conv/design_1_axi_interconnect_hp0_imp_auto_pc_3_axi_data_fifo_v2_1_36_axic_fifo/design_1_axi_interconnect_hp0_imp_auto_pc_3_axi_data_fifo_v2_1_36_fifo_gen_1/<hidden>/<hidden>/<hidden>/<hidden>/<hidden>/<hidden>
  -------------------------------------------------------------------    -------------------
    SLICE_X17Y38         FDCE (Prop_fdce_C_Q)         0.141     1.070 r  snn_core_group_top/design_1_wrapper/design_1/design_1_axi_interconnect_hp0_0/s03_couplers_imp_13X28CE/design_1_axi_interconnect_hp0_imp_auto_pc_3/design_1_axi_interconnect_hp0_imp_auto_pc_3_axi_protocol_converter_v2_1_37_axi_protocol_converter/design_1_axi_interconnect_hp0_imp_auto_pc_3_axi_protocol_converter_v2_1_37_axi3_conv/design_1_axi_interconnect_hp0_imp_auto_pc_3_axi_protocol_converter_v2_1_37_a_axi3_conv/design_1_axi_interconnect_hp0_imp_auto_pc_3_axi_data_fifo_v2_1_36_axic_fifo/design_1_axi_interconnect_hp0_imp_auto_pc_3_axi_data_fifo_v2_1_36_fifo_gen_1/<hidden>/<hidden>/<hidden>/<hidden>/<hidden>/<hidden>
                         net (fo=10, routed)          0.206     1.276    snn_core_group_top/design_1_wrapper/design_1/design_1_axi_interconnect_hp0_0/s03_couplers_imp_13X28CE/design_1_axi_interconnect_hp0_imp_auto_pc_3/design_1_axi_interconnect_hp0_imp_auto_pc_3_axi_protocol_converter_v2_1_37_axi_protocol_converter/design_1_axi_interconnect_hp0_imp_auto_pc_3_axi_protocol_converter_v2_1_37_axi3_conv/design_1_axi_interconnect_hp0_imp_auto_pc_3_axi_protocol_converter_v2_1_37_a_axi3_conv/design_1_axi_interconnect_hp0_imp_auto_pc_3_axi_data_fifo_v2_1_36_axic_fifo/design_1_axi_interconnect_hp0_imp_auto_pc_3_axi_data_fifo_v2_1_36_fifo_gen_1/<hidden>/<hidden>/<hidden>/<hidden>/<hidden>/<hidden>/<hidden>
    SLICE_X16Y38         RAMD32                                       r  snn_core_group_top/design_1_wrapper/design_1/design_1_axi_interconnect_hp0_0/s03_couplers_imp_13X28CE/design_1_axi_interconnect_hp0_imp_auto_pc_3/design_1_axi_interconnect_hp0_imp_auto_pc_3_axi_protocol_converter_v2_1_37_axi_protocol_converter/design_1_axi_interconnect_hp0_imp_auto_pc_3_axi_protocol_converter_v2_1_37_axi3_conv/design_1_axi_interconnect_hp0_imp_auto_pc_3_axi_protocol_converter_v2_1_37_a_axi3_conv/design_1_axi_interconnect_hp0_imp_auto_pc_3_axi_data_fifo_v2_1_36_axic_fifo/design_1_axi_interconnect_hp0_imp_auto_pc_3_axi_data_fifo_v2_1_36_fifo_gen_1/<hidden>/<hidden>/<hidden>/<hidden>/<hidden>/<hidden>/<hidden>
  -------------------------------------------------------------------    -------------------

                         (clock clk_fpga_0 rise edge)
                                                      0.000     0.000 r  
    PS7_X0Y0             PS7                          0.000     0.000 r  u_block_design/design_1_i/processing_system7_0/inst/PS7_i/FCLKCLK[0]
                         net (fo=1, routed)           0.337     0.337    u_block_design/design_1_i/processing_system7_0/inst/FCLK_CLK_unbuffered[0]
    BUFGCTRL_X0Y16       BUFG (Prop_bufg_I_O)         0.029     0.366 r  u_block_design/design_1_i/processing_system7_0/inst/buffer_fclk_clk_0.FCLK_CLK_0_BUFG/O
                         net (fo=12063, routed)       0.863     1.229    snn_core_group_top/design_1_wrapper/design_1/design_1_axi_interconnect_hp0_0/s03_couplers_imp_13X28CE/design_1_axi_interconnect_hp0_imp_auto_pc_3/design_1_axi_interconnect_hp0_imp_auto_pc_3_axi_protocol_converter_v2_1_37_axi_protocol_converter/design_1_axi_interconnect_hp0_imp_auto_pc_3_axi_protocol_converter_v2_1_37_axi3_conv/design_1_axi_interconnect_hp0_imp_auto_pc_3_axi_protocol_converter_v2_1_37_a_axi3_conv/design_1_axi_interconnect_hp0_imp_auto_pc_3_axi_data_fifo_v2_1_36_axic_fifo/design_1_axi_interconnect_hp0_imp_auto_pc_3_axi_data_fifo_v2_1_36_fifo_gen_1/<hidden>/<hidden>/<hidden>/<hidden>/<hidden>/<hidden>/<hidden>
    SLICE_X16Y38         RAMD32                                       r  snn_core_group_top/design_1_wrapper/design_1/design_1_axi_interconnect_hp0_0/s03_couplers_imp_13X28CE/design_1_axi_interconnect_hp0_imp_auto_pc_3/design_1_axi_interconnect_hp0_imp_auto_pc_3_axi_protocol_converter_v2_1_37_axi_protocol_converter/design_1_axi_interconnect_hp0_imp_auto_pc_3_axi_protocol_converter_v2_1_37_axi3_conv/design_1_axi_interconnect_hp0_imp_auto_pc_3_axi_protocol_converter_v2_1_37_a_axi3_conv/design_1_axi_interconnect_hp0_imp_auto_pc_3_axi_data_fifo_v2_1_36_axic_fifo/design_1_axi_interconnect_hp0_imp_auto_pc_3_axi_data_fifo_v2_1_36_fifo_gen_1/<hidden>/<hidden>/<hidden>/<hidden>/<hidden>/<hidden>/<hidden>
                         clock pessimism             -0.287     0.942    
    SLICE_X16Y38         RAMD32 (Hold_ramd32_CLK_WADR0)
                                                      0.310     1.252    snn_core_group_top/design_1_wrapper/design_1/design_1_axi_interconnect_hp0_0/s03_couplers_imp_13X28CE/design_1_axi_interconnect_hp0_imp_auto_pc_3/design_1_axi_interconnect_hp0_imp_auto_pc_3_axi_protocol_converter_v2_1_37_axi_protocol_converter/design_1_axi_interconnect_hp0_imp_auto_pc_3_axi_protocol_converter_v2_1_37_axi3_conv/design_1_axi_interconnect_hp0_imp_auto_pc_3_axi_protocol_converter_v2_1_37_a_axi3_conv/design_1_axi_interconnect_hp0_imp_auto_pc_3_axi_data_fifo_v2_1_36_axic_fifo/design_1_axi_interconnect_hp0_imp_auto_pc_3_axi_data_fifo_v2_1_36_fifo_gen_1/<hidden>/<hidden>/<hidden>/<hidden>/<hidden>/<hidden>/<hidden>
  -------------------------------------------------------------------
                         required time                         -1.252    
                         arrival time                           1.276    
  -------------------------------------------------------------------
                         slack                                  0.024    

Slack (MET) :             0.024ns  (arrival time - required time)
  Source:                 snn_core_group_top/design_1_wrapper/design_1/design_1_axi_interconnect_hp0_0/s03_couplers_imp_13X28CE/design_1_axi_interconnect_hp0_imp_auto_pc_3/design_1_axi_interconnect_hp0_imp_auto_pc_3_axi_protocol_converter_v2_1_37_axi_protocol_converter/design_1_axi_interconnect_hp0_imp_auto_pc_3_axi_protocol_converter_v2_1_37_axi3_conv/design_1_axi_interconnect_hp0_imp_auto_pc_3_axi_protocol_converter_v2_1_37_a_axi3_conv/design_1_axi_interconnect_hp0_imp_auto_pc_3_axi_data_fifo_v2_1_36_axic_fifo/design_1_axi_interconnect_hp0_imp_auto_pc_3_axi_data_fifo_v2_1_36_fifo_gen_1/<hidden>/<hidden>/<hidden>/<hidden>/<hidden>/<hidden>
                            (rising edge-triggered cell FDCE clocked by clk_fpga_0  {rise@0.000ns fall@5.000ns period=10.000ns})
  Destination:            snn_core_group_top/design_1_wrapper/design_1/design_1_axi_interconnect_hp0_0/s03_couplers_imp_13X28CE/design_1_axi_interconnect_hp0_imp_auto_pc_3/design_1_axi_interconnect_hp0_imp_auto_pc_3_axi_protocol_converter_v2_1_37_axi_protocol_converter/design_1_axi_interconnect_hp0_imp_auto_pc_3_axi_protocol_converter_v2_1_37_axi3_conv/design_1_axi_interconnect_hp0_imp_auto_pc_3_axi_protocol_converter_v2_1_37_a_axi3_conv/design_1_axi_interconnect_hp0_imp_auto_pc_3_axi_data_fifo_v2_1_36_axic_fifo/design_1_axi_interconnect_hp0_imp_auto_pc_3_axi_data_fifo_v2_1_36_fifo_gen_1/<hidden>/<hidden>/<hidden>/<hidden>/<hidden>/<hidden>/<hidden>
                            (rising edge-triggered cell RAMD32 clocked by clk_fpga_0  {rise@0.000ns fall@5.000ns period=10.000ns})
  Path Group:             clk_fpga_0
  Path Type:              Hold (Min at Fast Process Corner)
  Requirement:            0.000ns  (clk_fpga_0 rise@0.000ns - clk_fpga_0 rise@0.000ns)
  Data Path Delay:        0.347ns  (logic 0.141ns (40.599%)  route 0.206ns (59.401%))
  Logic Levels:           0  
  Clock Path Skew:        0.013ns (DCD - SCD - CPR)
    Destination Clock Delay (DCD):    1.229ns
    Source Clock Delay      (SCD):    0.929ns
    Clock Pessimism Removal (CPR):    0.287ns

    Location             Delay type                Incr(ns)  Path(ns)    Netlist Resource(s)
  -------------------------------------------------------------------    -------------------
                         (clock clk_fpga_0 rise edge)
                                                      0.000     0.000 r  
    PS7_X0Y0             PS7                          0.000     0.000 r  u_block_design/design_1_i/processing_system7_0/inst/PS7_i/FCLKCLK[0]
                         net (fo=1, routed)           0.310     0.310    u_block_design/design_1_i/processing_system7_0/inst/FCLK_CLK_unbuffered[0]
    BUFGCTRL_X0Y16       BUFG (Prop_bufg_I_O)         0.026     0.336 r  u_block_design/design_1_i/processing_system7_0/inst/buffer_fclk_clk_0.FCLK_CLK_0_BUFG/O
                         net (fo=12063, routed)       0.593     0.929    snn_core_group_top/design_1_wrapper/design_1/design_1_axi_interconnect_hp0_0/s03_couplers_imp_13X28CE/design_1_axi_interconnect_hp0_imp_auto_pc_3/design_1_axi_interconnect_hp0_imp_auto_pc_3_axi_protocol_converter_v2_1_37_axi_protocol_converter/design_1_axi_interconnect_hp0_imp_auto_pc_3_axi_protocol_converter_v2_1_37_axi3_conv/design_1_axi_interconnect_hp0_imp_auto_pc_3_axi_protocol_converter_v2_1_37_a_axi3_conv/design_1_axi_interconnect_hp0_imp_auto_pc_3_axi_data_fifo_v2_1_36_axic_fifo/design_1_axi_interconnect_hp0_imp_auto_pc_3_axi_data_fifo_v2_1_36_fifo_gen_1/<hidden>/<hidden>/<hidden>/<hidden>/<hidden>/<hidden>
    SLICE_X17Y38         FDCE                                         r  snn_core_group_top/design_1_wrapper/design_1/design_1_axi_interconnect_hp0_0/s03_couplers_imp_13X28CE/design_1_axi_interconnect_hp0_imp_auto_pc_3/design_1_axi_interconnect_hp0_imp_auto_pc_3_axi_protocol_converter_v2_1_37_axi_protocol_converter/design_1_axi_interconnect_hp0_imp_auto_pc_3_axi_protocol_converter_v2_1_37_axi3_conv/design_1_axi_interconnect_hp0_imp_auto_pc_3_axi_protocol_converter_v2_1_37_a_axi3_conv/design_1_axi_interconnect_hp0_imp_auto_pc_3_axi_data_fifo_v2_1_36_axic_fifo/design_1_axi_interconnect_hp0_imp_auto_pc_3_axi_data_fifo_v2_1_36_fifo_gen_1/<hidden>/<hidden>/<hidden>/<hidden>/<hidden>/<hidden>
  -------------------------------------------------------------------    -------------------
    SLICE_X17Y38         FDCE (Prop_fdce_C_Q)         0.141     1.070 r  snn_core_group_top/design_1_wrapper/design_1/design_1_axi_interconnect_hp0_0/s03_couplers_imp_13X28CE/design_1_axi_interconnect_hp0_imp_auto_pc_3/design_1_axi_interconnect_hp0_imp_auto_pc_3_axi_protocol_converter_v2_1_37_axi_protocol_converter/design_1_axi_interconnect_hp0_imp_auto_pc_3_axi_protocol_converter_v2_1_37_axi3_conv/design_1_axi_interconnect_hp0_imp_auto_pc_3_axi_protocol_converter_v2_1_37_a_axi3_conv/design_1_axi_interconnect_hp0_imp_auto_pc_3_axi_data_fifo_v2_1_36_axic_fifo/design_1_axi_interconnect_hp0_imp_auto_pc_3_axi_data_fifo_v2_1_36_fifo_gen_1/<hidden>/<hidden>/<hidden>/<hidden>/<hidden>/<hidden>
                         net (fo=10, routed)          0.206     1.276    snn_core_group_top/design_1_wrapper/design_1/design_1_axi_interconnect_hp0_0/s03_couplers_imp_13X28CE/design_1_axi_interconnect_hp0_imp_auto_pc_3/design_1_axi_interconnect_hp0_imp_auto_pc_3_axi_protocol_converter_v2_1_37_axi_protocol_converter/design_1_axi_interconnect_hp0_imp_auto_pc_3_axi_protocol_converter_v2_1_37_axi3_conv/design_1_axi_interconnect_hp0_imp_auto_pc_3_axi_protocol_converter_v2_1_37_a_axi3_conv/design_1_axi_interconnect_hp0_imp_auto_pc_3_axi_data_fifo_v2_1_36_axic_fifo/design_1_axi_interconnect_hp0_imp_auto_pc_3_axi_data_fifo_v2_1_36_fifo_gen_1/<hidden>/<hidden>/<hidden>/<hidden>/<hidden>/<hidden>/<hidden>
    SLICE_X16Y38         RAMD32                                       r  snn_core_group_top/design_1_wrapper/design_1/design_1_axi_interconnect_hp0_0/s03_couplers_imp_13X28CE/design_1_axi_interconnect_hp0_imp_auto_pc_3/design_1_axi_interconnect_hp0_imp_auto_pc_3_axi_protocol_converter_v2_1_37_axi_protocol_converter/design_1_axi_interconnect_hp0_imp_auto_pc_3_axi_protocol_converter_v2_1_37_axi3_conv/design_1_axi_interconnect_hp0_imp_auto_pc_3_axi_protocol_converter_v2_1_37_a_axi3_conv/design_1_axi_interconnect_hp0_imp_auto_pc_3_axi_data_fifo_v2_1_36_axic_fifo/design_1_axi_interconnect_hp0_imp_auto_pc_3_axi_data_fifo_v2_1_36_fifo_gen_1/<hidden>/<hidden>/<hidden>/<hidden>/<hidden>/<hidden>/<hidden>
  -------------------------------------------------------------------    -------------------

                         (clock clk_fpga_0 rise edge)
                                                      0.000     0.000 r  
    PS7_X0Y0             PS7                          0.000     0.000 r  u_block_design/design_1_i/processing_system7_0/inst/PS7_i/FCLKCLK[0]
                         net (fo=1, routed)           0.337     0.337    u_block_design/design_1_i/processing_system7_0/inst/FCLK_CLK_unbuffered[0]
    BUFGCTRL_X0Y16       BUFG (Prop_bufg_I_O)         0.029     0.366 r  u_block_design/design_1_i/processing_system7_0/inst/buffer_fclk_clk_0.FCLK_CLK_0_BUFG/O
                         net (fo=12063, routed)       0.863     1.229    snn_core_group_top/design_1_wrapper/design_1/design_1_axi_interconnect_hp0_0/s03_couplers_imp_13X28CE/design_1_axi_interconnect_hp0_imp_auto_pc_3/design_1_axi_interconnect_hp0_imp_auto_pc_3_axi_protocol_converter_v2_1_37_axi_protocol_converter/design_1_axi_interconnect_hp0_imp_auto_pc_3_axi_protocol_converter_v2_1_37_axi3_conv/design_1_axi_interconnect_hp0_imp_auto_pc_3_axi_protocol_converter_v2_1_37_a_axi3_conv/design_1_axi_interconnect_hp0_imp_auto_pc_3_axi_data_fifo_v2_1_36_axic_fifo/design_1_axi_interconnect_hp0_imp_auto_pc_3_axi_data_fifo_v2_1_36_fifo_gen_1/<hidden>/<hidden>/<hidden>/<hidden>/<hidden>/<hidden>/<hidden>
    SLICE_X16Y38         RAMD32                                       r  snn_core_group_top/design_1_wrapper/design_1/design_1_axi_interconnect_hp0_0/s03_couplers_imp_13X28CE/design_1_axi_interconnect_hp0_imp_auto_pc_3/design_1_axi_interconnect_hp0_imp_auto_pc_3_axi_protocol_converter_v2_1_37_axi_protocol_converter/design_1_axi_interconnect_hp0_imp_auto_pc_3_axi_protocol_converter_v2_1_37_axi3_conv/design_1_axi_interconnect_hp0_imp_auto_pc_3_axi_protocol_converter_v2_1_37_a_axi3_conv/design_1_axi_interconnect_hp0_imp_auto_pc_3_axi_data_fifo_v2_1_36_axic_fifo/design_1_axi_interconnect_hp0_imp_auto_pc_3_axi_data_fifo_v2_1_36_fifo_gen_1/<hidden>/<hidden>/<hidden>/<hidden>/<hidden>/<hidden>/<hidden>
                         clock pessimism             -0.287     0.942    
    SLICE_X16Y38         RAMD32 (Hold_ramd32_CLK_WADR0)
                                                      0.310     1.252    snn_core_group_top/design_1_wrapper/design_1/design_1_axi_interconnect_hp0_0/s03_couplers_imp_13X28CE/design_1_axi_interconnect_hp0_imp_auto_pc_3/design_1_axi_interconnect_hp0_imp_auto_pc_3_axi_protocol_converter_v2_1_37_axi_protocol_converter/design_1_axi_interconnect_hp0_imp_auto_pc_3_axi_protocol_converter_v2_1_37_axi3_conv/design_1_axi_interconnect_hp0_imp_auto_pc_3_axi_protocol_converter_v2_1_37_a_axi3_conv/design_1_axi_interconnect_hp0_imp_auto_pc_3_axi_data_fifo_v2_1_36_axic_fifo/design_1_axi_interconnect_hp0_imp_auto_pc_3_axi_data_fifo_v2_1_36_fifo_gen_1/<hidden>/<hidden>/<hidden>/<hidden>/<hidden>/<hidden>/<hidden>
  -------------------------------------------------------------------
                         required time                         -1.252    
                         arrival time                           1.276    
  -------------------------------------------------------------------
                         slack                                  0.024    

Slack (MET) :             0.024ns  (arrival time - required time)
  Source:                 snn_core_group_top/design_1_wrapper/design_1/design_1_axi_interconnect_hp0_0/s03_couplers_imp_13X28CE/design_1_axi_interconnect_hp0_imp_auto_pc_3/design_1_axi_interconnect_hp0_imp_auto_pc_3_axi_protocol_converter_v2_1_37_axi_protocol_converter/design_1_axi_interconnect_hp0_imp_auto_pc_3_axi_protocol_converter_v2_1_37_axi3_conv/design_1_axi_interconnect_hp0_imp_auto_pc_3_axi_protocol_converter_v2_1_37_a_axi3_conv/design_1_axi_interconnect_hp0_imp_auto_pc_3_axi_data_fifo_v2_1_36_axic_fifo/design_1_axi_interconnect_hp0_imp_auto_pc_3_axi_data_fifo_v2_1_36_fifo_gen_1/<hidden>/<hidden>/<hidden>/<hidden>/<hidden>/<hidden>
                            (rising edge-triggered cell FDCE clocked by clk_fpga_0  {rise@0.000ns fall@5.000ns period=10.000ns})
  Destination:            snn_core_group_top/design_1_wrapper/design_1/design_1_axi_interconnect_hp0_0/s03_couplers_imp_13X28CE/design_1_axi_interconnect_hp0_imp_auto_pc_3/design_1_axi_interconnect_hp0_imp_auto_pc_3_axi_protocol_converter_v2_1_37_axi_protocol_converter/design_1_axi_interconnect_hp0_imp_auto_pc_3_axi_protocol_converter_v2_1_37_axi3_conv/design_1_axi_interconnect_hp0_imp_auto_pc_3_axi_protocol_converter_v2_1_37_a_axi3_conv/design_1_axi_interconnect_hp0_imp_auto_pc_3_axi_data_fifo_v2_1_36_axic_fifo/design_1_axi_interconnect_hp0_imp_auto_pc_3_axi_data_fifo_v2_1_36_fifo_gen_1/<hidden>/<hidden>/<hidden>/<hidden>/<hidden>/<hidden>/<hidden>
                            (rising edge-triggered cell RAMD32 clocked by clk_fpga_0  {rise@0.000ns fall@5.000ns period=10.000ns})
  Path Group:             clk_fpga_0
  Path Type:              Hold (Min at Fast Process Corner)
  Requirement:            0.000ns  (clk_fpga_0 rise@0.000ns - clk_fpga_0 rise@0.000ns)
  Data Path Delay:        0.347ns  (logic 0.141ns (40.599%)  route 0.206ns (59.401%))
  Logic Levels:           0  
  Clock Path Skew:        0.013ns (DCD - SCD - CPR)
    Destination Clock Delay (DCD):    1.229ns
    Source Clock Delay      (SCD):    0.929ns
    Clock Pessimism Removal (CPR):    0.287ns

    Location             Delay type                Incr(ns)  Path(ns)    Netlist Resource(s)
  -------------------------------------------------------------------    -------------------
                         (clock clk_fpga_0 rise edge)
                                                      0.000     0.000 r  
    PS7_X0Y0             PS7                          0.000     0.000 r  u_block_design/design_1_i/processing_system7_0/inst/PS7_i/FCLKCLK[0]
                         net (fo=1, routed)           0.310     0.310    u_block_design/design_1_i/processing_system7_0/inst/FCLK_CLK_unbuffered[0]
    BUFGCTRL_X0Y16       BUFG (Prop_bufg_I_O)         0.026     0.336 r  u_block_design/design_1_i/processing_system7_0/inst/buffer_fclk_clk_0.FCLK_CLK_0_BUFG/O
                         net (fo=12063, routed)       0.593     0.929    snn_core_group_top/design_1_wrapper/design_1/design_1_axi_interconnect_hp0_0/s03_couplers_imp_13X28CE/design_1_axi_interconnect_hp0_imp_auto_pc_3/design_1_axi_interconnect_hp0_imp_auto_pc_3_axi_protocol_converter_v2_1_37_axi_protocol_converter/design_1_axi_interconnect_hp0_imp_auto_pc_3_axi_protocol_converter_v2_1_37_axi3_conv/design_1_axi_interconnect_hp0_imp_auto_pc_3_axi_protocol_converter_v2_1_37_a_axi3_conv/design_1_axi_interconnect_hp0_imp_auto_pc_3_axi_data_fifo_v2_1_36_axic_fifo/design_1_axi_interconnect_hp0_imp_auto_pc_3_axi_data_fifo_v2_1_36_fifo_gen_1/<hidden>/<hidden>/<hidden>/<hidden>/<hidden>/<hidden>
    SLICE_X17Y38         FDCE                                         r  snn_core_group_top/design_1_wrapper/design_1/design_1_axi_interconnect_hp0_0/s03_couplers_imp_13X28CE/design_1_axi_interconnect_hp0_imp_auto_pc_3/design_1_axi_interconnect_hp0_imp_auto_pc_3_axi_protocol_converter_v2_1_37_axi_protocol_converter/design_1_axi_interconnect_hp0_imp_auto_pc_3_axi_protocol_converter_v2_1_37_axi3_conv/design_1_axi_interconnect_hp0_imp_auto_pc_3_axi_protocol_converter_v2_1_37_a_axi3_conv/design_1_axi_interconnect_hp0_imp_auto_pc_3_axi_data_fifo_v2_1_36_axic_fifo/design_1_axi_interconnect_hp0_imp_auto_pc_3_axi_data_fifo_v2_1_36_fifo_gen_1/<hidden>/<hidden>/<hidden>/<hidden>/<hidden>/<hidden>
  -------------------------------------------------------------------    -------------------
    SLICE_X17Y38         FDCE (Prop_fdce_C_Q)         0.141     1.070 r  snn_core_group_top/design_1_wrapper/design_1/design_1_axi_interconnect_hp0_0/s03_couplers_imp_13X28CE/design_1_axi_interconnect_hp0_imp_auto_pc_3/design_1_axi_interconnect_hp0_imp_auto_pc_3_axi_protocol_converter_v2_1_37_axi_protocol_converter/design_1_axi_interconnect_hp0_imp_auto_pc_3_axi_protocol_converter_v2_1_37_axi3_conv/design_1_axi_interconnect_hp0_imp_auto_pc_3_axi_protocol_converter_v2_1_37_a_axi3_conv/design_1_axi_interconnect_hp0_imp_auto_pc_3_axi_data_fifo_v2_1_36_axic_fifo/design_1_axi_interconnect_hp0_imp_auto_pc_3_axi_data_fifo_v2_1_36_fifo_gen_1/<hidden>/<hidden>/<hidden>/<hidden>/<hidden>/<hidden>
                         net (fo=10, routed)          0.206     1.276    snn_core_group_top/design_1_wrapper/design_1/design_1_axi_interconnect_hp0_0/s03_couplers_imp_13X28CE/design_1_axi_interconnect_hp0_imp_auto_pc_3/design_1_axi_interconnect_hp0_imp_auto_pc_3_axi_protocol_converter_v2_1_37_axi_protocol_converter/design_1_axi_interconnect_hp0_imp_auto_pc_3_axi_protocol_converter_v2_1_37_axi3_conv/design_1_axi_interconnect_hp0_imp_auto_pc_3_axi_protocol_converter_v2_1_37_a_axi3_conv/design_1_axi_interconnect_hp0_imp_auto_pc_3_axi_data_fifo_v2_1_36_axic_fifo/design_1_axi_interconnect_hp0_imp_auto_pc_3_axi_data_fifo_v2_1_36_fifo_gen_1/<hidden>/<hidden>/<hidden>/<hidden>/<hidden>/<hidden>/<hidden>
    SLICE_X16Y38         RAMD32                                       r  snn_core_group_top/design_1_wrapper/design_1/design_1_axi_interconnect_hp0_0/s03_couplers_imp_13X28CE/design_1_axi_interconnect_hp0_imp_auto_pc_3/design_1_axi_interconnect_hp0_imp_auto_pc_3_axi_protocol_converter_v2_1_37_axi_protocol_converter/design_1_axi_interconnect_hp0_imp_auto_pc_3_axi_protocol_converter_v2_1_37_axi3_conv/design_1_axi_interconnect_hp0_imp_auto_pc_3_axi_protocol_converter_v2_1_37_a_axi3_conv/design_1_axi_interconnect_hp0_imp_auto_pc_3_axi_data_fifo_v2_1_36_axic_fifo/design_1_axi_interconnect_hp0_imp_auto_pc_3_axi_data_fifo_v2_1_36_fifo_gen_1/<hidden>/<hidden>/<hidden>/<hidden>/<hidden>/<hidden>/<hidden>
  -------------------------------------------------------------------    -------------------

                         (clock clk_fpga_0 rise edge)
                                                      0.000     0.000 r  
    PS7_X0Y0             PS7                          0.000     0.000 r  u_block_design/design_1_i/processing_system7_0/inst/PS7_i/FCLKCLK[0]
                         net (fo=1, routed)           0.337     0.337    u_block_design/design_1_i/processing_system7_0/inst/FCLK_CLK_unbuffered[0]
    BUFGCTRL_X0Y16       BUFG (Prop_bufg_I_O)         0.029     0.366 r  u_block_design/design_1_i/processing_system7_0/inst/buffer_fclk_clk_0.FCLK_CLK_0_BUFG/O
                         net (fo=12063, routed)       0.863     1.229    snn_core_group_top/design_1_wrapper/design_1/design_1_axi_interconnect_hp0_0/s03_couplers_imp_13X28CE/design_1_axi_interconnect_hp0_imp_auto_pc_3/design_1_axi_interconnect_hp0_imp_auto_pc_3_axi_protocol_converter_v2_1_37_axi_protocol_converter/design_1_axi_interconnect_hp0_imp_auto_pc_3_axi_protocol_converter_v2_1_37_axi3_conv/design_1_axi_interconnect_hp0_imp_auto_pc_3_axi_protocol_converter_v2_1_37_a_axi3_conv/design_1_axi_interconnect_hp0_imp_auto_pc_3_axi_data_fifo_v2_1_36_axic_fifo/design_1_axi_interconnect_hp0_imp_auto_pc_3_axi_data_fifo_v2_1_36_fifo_gen_1/<hidden>/<hidden>/<hidden>/<hidden>/<hidden>/<hidden>/<hidden>
    SLICE_X16Y38         RAMD32                                       r  snn_core_group_top/design_1_wrapper/design_1/design_1_axi_interconnect_hp0_0/s03_couplers_imp_13X28CE/design_1_axi_interconnect_hp0_imp_auto_pc_3/design_1_axi_interconnect_hp0_imp_auto_pc_3_axi_protocol_converter_v2_1_37_axi_protocol_converter/design_1_axi_interconnect_hp0_imp_auto_pc_3_axi_protocol_converter_v2_1_37_axi3_conv/design_1_axi_interconnect_hp0_imp_auto_pc_3_axi_protocol_converter_v2_1_37_a_axi3_conv/design_1_axi_interconnect_hp0_imp_auto_pc_3_axi_data_fifo_v2_1_36_axic_fifo/design_1_axi_interconnect_hp0_imp_auto_pc_3_axi_data_fifo_v2_1_36_fifo_gen_1/<hidden>/<hidden>/<hidden>/<hidden>/<hidden>/<hidden>/<hidden>
                         clock pessimism             -0.287     0.942    
    SLICE_X16Y38         RAMD32 (Hold_ramd32_CLK_WADR0)
                                                      0.310     1.252    snn_core_group_top/design_1_wrapper/design_1/design_1_axi_interconnect_hp0_0/s03_couplers_imp_13X28CE/design_1_axi_interconnect_hp0_imp_auto_pc_3/design_1_axi_interconnect_hp0_imp_auto_pc_3_axi_protocol_converter_v2_1_37_axi_protocol_converter/design_1_axi_interconnect_hp0_imp_auto_pc_3_axi_protocol_converter_v2_1_37_axi3_conv/design_1_axi_interconnect_hp0_imp_auto_pc_3_axi_protocol_converter_v2_1_37_a_axi3_conv/design_1_axi_interconnect_hp0_imp_auto_pc_3_axi_data_fifo_v2_1_36_axic_fifo/design_1_axi_interconnect_hp0_imp_auto_pc_3_axi_data_fifo_v2_1_36_fifo_gen_1/<hidden>/<hidden>/<hidden>/<hidden>/<hidden>/<hidden>/<hidden>
  -------------------------------------------------------------------
                         required time                         -1.252    
                         arrival time                           1.276    
  -------------------------------------------------------------------
                         slack                                  0.024    

Slack (MET) :             0.024ns  (arrival time - required time)
  Source:                 snn_core_group_top/design_1_wrapper/design_1/design_1_axi_interconnect_hp0_0/s03_couplers_imp_13X28CE/design_1_axi_interconnect_hp0_imp_auto_pc_3/design_1_axi_interconnect_hp0_imp_auto_pc_3_axi_protocol_converter_v2_1_37_axi_protocol_converter/design_1_axi_interconnect_hp0_imp_auto_pc_3_axi_protocol_converter_v2_1_37_axi3_conv/design_1_axi_interconnect_hp0_imp_auto_pc_3_axi_protocol_converter_v2_1_37_a_axi3_conv/design_1_axi_interconnect_hp0_imp_auto_pc_3_axi_data_fifo_v2_1_36_axic_fifo/design_1_axi_interconnect_hp0_imp_auto_pc_3_axi_data_fifo_v2_1_36_fifo_gen_1/<hidden>/<hidden>/<hidden>/<hidden>/<hidden>/<hidden>
                            (rising edge-triggered cell FDCE clocked by clk_fpga_0  {rise@0.000ns fall@5.000ns period=10.000ns})
  Destination:            snn_core_group_top/design_1_wrapper/design_1/design_1_axi_interconnect_hp0_0/s03_couplers_imp_13X28CE/design_1_axi_interconnect_hp0_imp_auto_pc_3/design_1_axi_interconnect_hp0_imp_auto_pc_3_axi_protocol_converter_v2_1_37_axi_protocol_converter/design_1_axi_interconnect_hp0_imp_auto_pc_3_axi_protocol_converter_v2_1_37_axi3_conv/design_1_axi_interconnect_hp0_imp_auto_pc_3_axi_protocol_converter_v2_1_37_a_axi3_conv/design_1_axi_interconnect_hp0_imp_auto_pc_3_axi_data_fifo_v2_1_36_axic_fifo/design_1_axi_interconnect_hp0_imp_auto_pc_3_axi_data_fifo_v2_1_36_fifo_gen_1/<hidden>/<hidden>/<hidden>/<hidden>/<hidden>/<hidden>/<hidden>
                            (rising edge-triggered cell RAMS32 clocked by clk_fpga_0  {rise@0.000ns fall@5.000ns period=10.000ns})
  Path Group:             clk_fpga_0
  Path Type:              Hold (Min at Fast Process Corner)
  Requirement:            0.000ns  (clk_fpga_0 rise@0.000ns - clk_fpga_0 rise@0.000ns)
  Data Path Delay:        0.347ns  (logic 0.141ns (40.599%)  route 0.206ns (59.401%))
  Logic Levels:           0  
  Clock Path Skew:        0.013ns (DCD - SCD - CPR)
    Destination Clock Delay (DCD):    1.229ns
    Source Clock Delay      (SCD):    0.929ns
    Clock Pessimism Removal (CPR):    0.287ns

    Location             Delay type                Incr(ns)  Path(ns)    Netlist Resource(s)
  -------------------------------------------------------------------    -------------------
                         (clock clk_fpga_0 rise edge)
                                                      0.000     0.000 r  
    PS7_X0Y0             PS7                          0.000     0.000 r  u_block_design/design_1_i/processing_system7_0/inst/PS7_i/FCLKCLK[0]
                         net (fo=1, routed)           0.310     0.310    u_block_design/design_1_i/processing_system7_0/inst/FCLK_CLK_unbuffered[0]
    BUFGCTRL_X0Y16       BUFG (Prop_bufg_I_O)         0.026     0.336 r  u_block_design/design_1_i/processing_system7_0/inst/buffer_fclk_clk_0.FCLK_CLK_0_BUFG/O
                         net (fo=12063, routed)       0.593     0.929    snn_core_group_top/design_1_wrapper/design_1/design_1_axi_interconnect_hp0_0/s03_couplers_imp_13X28CE/design_1_axi_interconnect_hp0_imp_auto_pc_3/design_1_axi_interconnect_hp0_imp_auto_pc_3_axi_protocol_converter_v2_1_37_axi_protocol_converter/design_1_axi_interconnect_hp0_imp_auto_pc_3_axi_protocol_converter_v2_1_37_axi3_conv/design_1_axi_interconnect_hp0_imp_auto_pc_3_axi_protocol_converter_v2_1_37_a_axi3_conv/design_1_axi_interconnect_hp0_imp_auto_pc_3_axi_data_fifo_v2_1_36_axic_fifo/design_1_axi_interconnect_hp0_imp_auto_pc_3_axi_data_fifo_v2_1_36_fifo_gen_1/<hidden>/<hidden>/<hidden>/<hidden>/<hidden>/<hidden>
    SLICE_X17Y38         FDCE                                         r  snn_core_group_top/design_1_wrapper/design_1/design_1_axi_interconnect_hp0_0/s03_couplers_imp_13X28CE/design_1_axi_interconnect_hp0_imp_auto_pc_3/design_1_axi_interconnect_hp0_imp_auto_pc_3_axi_protocol_converter_v2_1_37_axi_protocol_converter/design_1_axi_interconnect_hp0_imp_auto_pc_3_axi_protocol_converter_v2_1_37_axi3_conv/design_1_axi_interconnect_hp0_imp_auto_pc_3_axi_protocol_converter_v2_1_37_a_axi3_conv/design_1_axi_interconnect_hp0_imp_auto_pc_3_axi_data_fifo_v2_1_36_axic_fifo/design_1_axi_interconnect_hp0_imp_auto_pc_3_axi_data_fifo_v2_1_36_fifo_gen_1/<hidden>/<hidden>/<hidden>/<hidden>/<hidden>/<hidden>
  -------------------------------------------------------------------    -------------------
    SLICE_X17Y38         FDCE (Prop_fdce_C_Q)         0.141     1.070 r  snn_core_group_top/design_1_wrapper/design_1/design_1_axi_interconnect_hp0_0/s03_couplers_imp_13X28CE/design_1_axi_interconnect_hp0_imp_auto_pc_3/design_1_axi_interconnect_hp0_imp_auto_pc_3_axi_protocol_converter_v2_1_37_axi_protocol_converter/design_1_axi_interconnect_hp0_imp_auto_pc_3_axi_protocol_converter_v2_1_37_axi3_conv/design_1_axi_interconnect_hp0_imp_auto_pc_3_axi_protocol_converter_v2_1_37_a_axi3_conv/design_1_axi_interconnect_hp0_imp_auto_pc_3_axi_data_fifo_v2_1_36_axic_fifo/design_1_axi_interconnect_hp0_imp_auto_pc_3_axi_data_fifo_v2_1_36_fifo_gen_1/<hidden>/<hidden>/<hidden>/<hidden>/<hidden>/<hidden>
                         net (fo=10, routed)          0.206     1.276    snn_core_group_top/design_1_wrapper/design_1/design_1_axi_interconnect_hp0_0/s03_couplers_imp_13X28CE/design_1_axi_interconnect_hp0_imp_auto_pc_3/design_1_axi_interconnect_hp0_imp_auto_pc_3_axi_protocol_converter_v2_1_37_axi_protocol_converter/design_1_axi_interconnect_hp0_imp_auto_pc_3_axi_protocol_converter_v2_1_37_axi3_conv/design_1_axi_interconnect_hp0_imp_auto_pc_3_axi_protocol_converter_v2_1_37_a_axi3_conv/design_1_axi_interconnect_hp0_imp_auto_pc_3_axi_data_fifo_v2_1_36_axic_fifo/design_1_axi_interconnect_hp0_imp_auto_pc_3_axi_data_fifo_v2_1_36_fifo_gen_1/<hidden>/<hidden>/<hidden>/<hidden>/<hidden>/<hidden>/<hidden>
    SLICE_X16Y38         RAMS32                                       r  snn_core_group_top/design_1_wrapper/design_1/design_1_axi_interconnect_hp0_0/s03_couplers_imp_13X28CE/design_1_axi_interconnect_hp0_imp_auto_pc_3/design_1_axi_interconnect_hp0_imp_auto_pc_3_axi_protocol_converter_v2_1_37_axi_protocol_converter/design_1_axi_interconnect_hp0_imp_auto_pc_3_axi_protocol_converter_v2_1_37_axi3_conv/design_1_axi_interconnect_hp0_imp_auto_pc_3_axi_protocol_converter_v2_1_37_a_axi3_conv/design_1_axi_interconnect_hp0_imp_auto_pc_3_axi_data_fifo_v2_1_36_axic_fifo/design_1_axi_interconnect_hp0_imp_auto_pc_3_axi_data_fifo_v2_1_36_fifo_gen_1/<hidden>/<hidden>/<hidden>/<hidden>/<hidden>/<hidden>/<hidden>
  -------------------------------------------------------------------    -------------------

                         (clock clk_fpga_0 rise edge)
                                                      0.000     0.000 r  
    PS7_X0Y0             PS7                          0.000     0.000 r  u_block_design/design_1_i/processing_system7_0/inst/PS7_i/FCLKCLK[0]
                         net (fo=1, routed)           0.337     0.337    u_block_design/design_1_i/processing_system7_0/inst/FCLK_CLK_unbuffered[0]
    BUFGCTRL_X0Y16       BUFG (Prop_bufg_I_O)         0.029     0.366 r  u_block_design/design_1_i/processing_system7_0/inst/buffer_fclk_clk_0.FCLK_CLK_0_BUFG/O
                         net (fo=12063, routed)       0.863     1.229    snn_core_group_top/design_1_wrapper/design_1/design_1_axi_interconnect_hp0_0/s03_couplers_imp_13X28CE/design_1_axi_interconnect_hp0_imp_auto_pc_3/design_1_axi_interconnect_hp0_imp_auto_pc_3_axi_protocol_converter_v2_1_37_axi_protocol_converter/design_1_axi_interconnect_hp0_imp_auto_pc_3_axi_protocol_converter_v2_1_37_axi3_conv/design_1_axi_interconnect_hp0_imp_auto_pc_3_axi_protocol_converter_v2_1_37_a_axi3_conv/design_1_axi_interconnect_hp0_imp_auto_pc_3_axi_data_fifo_v2_1_36_axic_fifo/design_1_axi_interconnect_hp0_imp_auto_pc_3_axi_data_fifo_v2_1_36_fifo_gen_1/<hidden>/<hidden>/<hidden>/<hidden>/<hidden>/<hidden>/<hidden>
    SLICE_X16Y38         RAMS32                                       r  snn_core_group_top/design_1_wrapper/design_1/design_1_axi_interconnect_hp0_0/s03_couplers_imp_13X28CE/design_1_axi_interconnect_hp0_imp_auto_pc_3/design_1_axi_interconnect_hp0_imp_auto_pc_3_axi_protocol_converter_v2_1_37_axi_protocol_converter/design_1_axi_interconnect_hp0_imp_auto_pc_3_axi_protocol_converter_v2_1_37_axi3_conv/design_1_axi_interconnect_hp0_imp_auto_pc_3_axi_protocol_converter_v2_1_37_a_axi3_conv/design_1_axi_interconnect_hp0_imp_auto_pc_3_axi_data_fifo_v2_1_36_axic_fifo/design_1_axi_interconnect_hp0_imp_auto_pc_3_axi_data_fifo_v2_1_36_fifo_gen_1/<hidden>/<hidden>/<hidden>/<hidden>/<hidden>/<hidden>/<hidden>
                         clock pessimism             -0.287     0.942    
    SLICE_X16Y38         RAMS32 (Hold_rams32_CLK_ADR0)
                                                      0.310     1.252    snn_core_group_top/design_1_wrapper/design_1/design_1_axi_interconnect_hp0_0/s03_couplers_imp_13X28CE/design_1_axi_interconnect_hp0_imp_auto_pc_3/design_1_axi_interconnect_hp0_imp_auto_pc_3_axi_protocol_converter_v2_1_37_axi_protocol_converter/design_1_axi_interconnect_hp0_imp_auto_pc_3_axi_protocol_converter_v2_1_37_axi3_conv/design_1_axi_interconnect_hp0_imp_auto_pc_3_axi_protocol_converter_v2_1_37_a_axi3_conv/design_1_axi_interconnect_hp0_imp_auto_pc_3_axi_data_fifo_v2_1_36_axic_fifo/design_1_axi_interconnect_hp0_imp_auto_pc_3_axi_data_fifo_v2_1_36_fifo_gen_1/<hidden>/<hidden>/<hidden>/<hidden>/<hidden>/<hidden>/<hidden>
  -------------------------------------------------------------------
                         required time                         -1.252    
                         arrival time                           1.276    
  -------------------------------------------------------------------
                         slack                                  0.024    

Slack (MET) :             0.024ns  (arrival time - required time)
  Source:                 snn_core_group_top/design_1_wrapper/design_1/design_1_axi_interconnect_hp0_0/s03_couplers_imp_13X28CE/design_1_axi_interconnect_hp0_imp_auto_pc_3/design_1_axi_interconnect_hp0_imp_auto_pc_3_axi_protocol_converter_v2_1_37_axi_protocol_converter/design_1_axi_interconnect_hp0_imp_auto_pc_3_axi_protocol_converter_v2_1_37_axi3_conv/design_1_axi_interconnect_hp0_imp_auto_pc_3_axi_protocol_converter_v2_1_37_a_axi3_conv/design_1_axi_interconnect_hp0_imp_auto_pc_3_axi_data_fifo_v2_1_36_axic_fifo/design_1_axi_interconnect_hp0_imp_auto_pc_3_axi_data_fifo_v2_1_36_fifo_gen_1/<hidden>/<hidden>/<hidden>/<hidden>/<hidden>/<hidden>
                            (rising edge-triggered cell FDCE clocked by clk_fpga_0  {rise@0.000ns fall@5.000ns period=10.000ns})
  Destination:            snn_core_group_top/design_1_wrapper/design_1/design_1_axi_interconnect_hp0_0/s03_couplers_imp_13X28CE/design_1_axi_interconnect_hp0_imp_auto_pc_3/design_1_axi_interconnect_hp0_imp_auto_pc_3_axi_protocol_converter_v2_1_37_axi_protocol_converter/design_1_axi_interconnect_hp0_imp_auto_pc_3_axi_protocol_converter_v2_1_37_axi3_conv/design_1_axi_interconnect_hp0_imp_auto_pc_3_axi_protocol_converter_v2_1_37_a_axi3_conv/design_1_axi_interconnect_hp0_imp_auto_pc_3_axi_data_fifo_v2_1_36_axic_fifo/design_1_axi_interconnect_hp0_imp_auto_pc_3_axi_data_fifo_v2_1_36_fifo_gen_1/<hidden>/<hidden>/<hidden>/<hidden>/<hidden>/<hidden>/<hidden>
                            (rising edge-triggered cell RAMS32 clocked by clk_fpga_0  {rise@0.000ns fall@5.000ns period=10.000ns})
  Path Group:             clk_fpga_0
  Path Type:              Hold (Min at Fast Process Corner)
  Requirement:            0.000ns  (clk_fpga_0 rise@0.000ns - clk_fpga_0 rise@0.000ns)
  Data Path Delay:        0.347ns  (logic 0.141ns (40.599%)  route 0.206ns (59.401%))
  Logic Levels:           0  
  Clock Path Skew:        0.013ns (DCD - SCD - CPR)
    Destination Clock Delay (DCD):    1.229ns
    Source Clock Delay      (SCD):    0.929ns
    Clock Pessimism Removal (CPR):    0.287ns

    Location             Delay type                Incr(ns)  Path(ns)    Netlist Resource(s)
  -------------------------------------------------------------------    -------------------
                         (clock clk_fpga_0 rise edge)
                                                      0.000     0.000 r  
    PS7_X0Y0             PS7                          0.000     0.000 r  u_block_design/design_1_i/processing_system7_0/inst/PS7_i/FCLKCLK[0]
                         net (fo=1, routed)           0.310     0.310    u_block_design/design_1_i/processing_system7_0/inst/FCLK_CLK_unbuffered[0]
    BUFGCTRL_X0Y16       BUFG (Prop_bufg_I_O)         0.026     0.336 r  u_block_design/design_1_i/processing_system7_0/inst/buffer_fclk_clk_0.FCLK_CLK_0_BUFG/O
                         net (fo=12063, routed)       0.593     0.929    snn_core_group_top/design_1_wrapper/design_1/design_1_axi_interconnect_hp0_0/s03_couplers_imp_13X28CE/design_1_axi_interconnect_hp0_imp_auto_pc_3/design_1_axi_interconnect_hp0_imp_auto_pc_3_axi_protocol_converter_v2_1_37_axi_protocol_converter/design_1_axi_interconnect_hp0_imp_auto_pc_3_axi_protocol_converter_v2_1_37_axi3_conv/design_1_axi_interconnect_hp0_imp_auto_pc_3_axi_protocol_converter_v2_1_37_a_axi3_conv/design_1_axi_interconnect_hp0_imp_auto_pc_3_axi_data_fifo_v2_1_36_axic_fifo/design_1_axi_interconnect_hp0_imp_auto_pc_3_axi_data_fifo_v2_1_36_fifo_gen_1/<hidden>/<hidden>/<hidden>/<hidden>/<hidden>/<hidden>
    SLICE_X17Y38         FDCE                                         r  snn_core_group_top/design_1_wrapper/design_1/design_1_axi_interconnect_hp0_0/s03_couplers_imp_13X28CE/design_1_axi_interconnect_hp0_imp_auto_pc_3/design_1_axi_interconnect_hp0_imp_auto_pc_3_axi_protocol_converter_v2_1_37_axi_protocol_converter/design_1_axi_interconnect_hp0_imp_auto_pc_3_axi_protocol_converter_v2_1_37_axi3_conv/design_1_axi_interconnect_hp0_imp_auto_pc_3_axi_protocol_converter_v2_1_37_a_axi3_conv/design_1_axi_interconnect_hp0_imp_auto_pc_3_axi_data_fifo_v2_1_36_axic_fifo/design_1_axi_interconnect_hp0_imp_auto_pc_3_axi_data_fifo_v2_1_36_fifo_gen_1/<hidden>/<hidden>/<hidden>/<hidden>/<hidden>/<hidden>
  -------------------------------------------------------------------    -------------------
    SLICE_X17Y38         FDCE (Prop_fdce_C_Q)         0.141     1.070 r  snn_core_group_top/design_1_wrapper/design_1/design_1_axi_interconnect_hp0_0/s03_couplers_imp_13X28CE/design_1_axi_interconnect_hp0_imp_auto_pc_3/design_1_axi_interconnect_hp0_imp_auto_pc_3_axi_protocol_converter_v2_1_37_axi_protocol_converter/design_1_axi_interconnect_hp0_imp_auto_pc_3_axi_protocol_converter_v2_1_37_axi3_conv/design_1_axi_interconnect_hp0_imp_auto_pc_3_axi_protocol_converter_v2_1_37_a_axi3_conv/design_1_axi_interconnect_hp0_imp_auto_pc_3_axi_data_fifo_v2_1_36_axic_fifo/design_1_axi_interconnect_hp0_imp_auto_pc_3_axi_data_fifo_v2_1_36_fifo_gen_1/<hidden>/<hidden>/<hidden>/<hidden>/<hidden>/<hidden>
                         net (fo=10, routed)          0.206     1.276    snn_core_group_top/design_1_wrapper/design_1/design_1_axi_interconnect_hp0_0/s03_couplers_imp_13X28CE/design_1_axi_interconnect_hp0_imp_auto_pc_3/design_1_axi_interconnect_hp0_imp_auto_pc_3_axi_protocol_converter_v2_1_37_axi_protocol_converter/design_1_axi_interconnect_hp0_imp_auto_pc_3_axi_protocol_converter_v2_1_37_axi3_conv/design_1_axi_interconnect_hp0_imp_auto_pc_3_axi_protocol_converter_v2_1_37_a_axi3_conv/design_1_axi_interconnect_hp0_imp_auto_pc_3_axi_data_fifo_v2_1_36_axic_fifo/design_1_axi_interconnect_hp0_imp_auto_pc_3_axi_data_fifo_v2_1_36_fifo_gen_1/<hidden>/<hidden>/<hidden>/<hidden>/<hidden>/<hidden>/<hidden>
    SLICE_X16Y38         RAMS32                                       r  snn_core_group_top/design_1_wrapper/design_1/design_1_axi_interconnect_hp0_0/s03_couplers_imp_13X28CE/design_1_axi_interconnect_hp0_imp_auto_pc_3/design_1_axi_interconnect_hp0_imp_auto_pc_3_axi_protocol_converter_v2_1_37_axi_protocol_converter/design_1_axi_interconnect_hp0_imp_auto_pc_3_axi_protocol_converter_v2_1_37_axi3_conv/design_1_axi_interconnect_hp0_imp_auto_pc_3_axi_protocol_converter_v2_1_37_a_axi3_conv/design_1_axi_interconnect_hp0_imp_auto_pc_3_axi_data_fifo_v2_1_36_axic_fifo/design_1_axi_interconnect_hp0_imp_auto_pc_3_axi_data_fifo_v2_1_36_fifo_gen_1/<hidden>/<hidden>/<hidden>/<hidden>/<hidden>/<hidden>/<hidden>
  -------------------------------------------------------------------    -------------------

                         (clock clk_fpga_0 rise edge)
                                                      0.000     0.000 r  
    PS7_X0Y0             PS7                          0.000     0.000 r  u_block_design/design_1_i/processing_system7_0/inst/PS7_i/FCLKCLK[0]
                         net (fo=1, routed)           0.337     0.337    u_block_design/design_1_i/processing_system7_0/inst/FCLK_CLK_unbuffered[0]
    BUFGCTRL_X0Y16       BUFG (Prop_bufg_I_O)         0.029     0.366 r  u_block_design/design_1_i/processing_system7_0/inst/buffer_fclk_clk_0.FCLK_CLK_0_BUFG/O
                         net (fo=12063, routed)       0.863     1.229    snn_core_group_top/design_1_wrapper/design_1/design_1_axi_interconnect_hp0_0/s03_couplers_imp_13X28CE/design_1_axi_interconnect_hp0_imp_auto_pc_3/design_1_axi_interconnect_hp0_imp_auto_pc_3_axi_protocol_converter_v2_1_37_axi_protocol_converter/design_1_axi_interconnect_hp0_imp_auto_pc_3_axi_protocol_converter_v2_1_37_axi3_conv/design_1_axi_interconnect_hp0_imp_auto_pc_3_axi_protocol_converter_v2_1_37_a_axi3_conv/design_1_axi_interconnect_hp0_imp_auto_pc_3_axi_data_fifo_v2_1_36_axic_fifo/design_1_axi_interconnect_hp0_imp_auto_pc_3_axi_data_fifo_v2_1_36_fifo_gen_1/<hidden>/<hidden>/<hidden>/<hidden>/<hidden>/<hidden>/<hidden>
    SLICE_X16Y38         RAMS32                                       r  snn_core_group_top/design_1_wrapper/design_1/design_1_axi_interconnect_hp0_0/s03_couplers_imp_13X28CE/design_1_axi_interconnect_hp0_imp_auto_pc_3/design_1_axi_interconnect_hp0_imp_auto_pc_3_axi_protocol_converter_v2_1_37_axi_protocol_converter/design_1_axi_interconnect_hp0_imp_auto_pc_3_axi_protocol_converter_v2_1_37_axi3_conv/design_1_axi_interconnect_hp0_imp_auto_pc_3_axi_protocol_converter_v2_1_37_a_axi3_conv/design_1_axi_interconnect_hp0_imp_auto_pc_3_axi_data_fifo_v2_1_36_axic_fifo/design_1_axi_interconnect_hp0_imp_auto_pc_3_axi_data_fifo_v2_1_36_fifo_gen_1/<hidden>/<hidden>/<hidden>/<hidden>/<hidden>/<hidden>/<hidden>
                         clock pessimism             -0.287     0.942    
    SLICE_X16Y38         RAMS32 (Hold_rams32_CLK_ADR0)
                                                      0.310     1.252    snn_core_group_top/design_1_wrapper/design_1/design_1_axi_interconnect_hp0_0/s03_couplers_imp_13X28CE/design_1_axi_interconnect_hp0_imp_auto_pc_3/design_1_axi_interconnect_hp0_imp_auto_pc_3_axi_protocol_converter_v2_1_37_axi_protocol_converter/design_1_axi_interconnect_hp0_imp_auto_pc_3_axi_protocol_converter_v2_1_37_axi3_conv/design_1_axi_interconnect_hp0_imp_auto_pc_3_axi_protocol_converter_v2_1_37_a_axi3_conv/design_1_axi_interconnect_hp0_imp_auto_pc_3_axi_data_fifo_v2_1_36_axic_fifo/design_1_axi_interconnect_hp0_imp_auto_pc_3_axi_data_fifo_v2_1_36_fifo_gen_1/<hidden>/<hidden>/<hidden>/<hidden>/<hidden>/<hidden>/<hidden>
  -------------------------------------------------------------------
                         required time                         -1.252    
                         arrival time                           1.276    
  -------------------------------------------------------------------
                         slack                                  0.024    





Pulse Width Checks
--------------------------------------------------------------------------------------
Clock Name:         clk_fpga_0
Waveform(ns):       { 0.000 5.000 }
Period(ns):         10.000
Sources:            { u_block_design/design_1_i/processing_system7_0/inst/PS7_i/FCLKCLK[0] }

Check Type        Corner  Lib Pin             Reference Pin  Required(ns)  Actual(ns)  Slack(ns)  Location      Pin
Min Period        n/a     DSP48E1/CLK         n/a            3.884         10.000      6.116      DSP48_X2Y5    u_block_design/design_1_i/snn_top_hls_0/inst/grp_apply_rstdp_reward_fu_1425/grp_apply_rstdp_reward_Pipeline_RSTDP_INNER_fu_190/mul_8s_8s_16_3_1_U118/buff0_reg/CLK
Min Period        n/a     DSP48E1/CLK         n/a            3.884         10.000      6.116      DSP48_X3Y4    u_block_design/design_1_i/snn_top_hls_0/inst/grp_decay_all_traces_fu_1327/grp_decay_all_traces_Pipeline_DECAY_POST_TRACE_fu_36/mul_8ns_8ns_16_3_1_U21/buff0_reg/CLK
Min Period        n/a     DSP48E1/CLK         n/a            3.884         10.000      6.116      DSP48_X3Y5    u_block_design/design_1_i/snn_top_hls_0/inst/grp_decay_all_traces_fu_1327/grp_decay_all_traces_Pipeline_DECAY_PRE_TRACE_fu_28/mul_8ns_8ns_16_3_1_U17/buff0_reg/CLK
Min Period        n/a     RAMB36E1/CLKARDCLK  n/a            3.363         10.000      6.637      RAMB36_X4Y0   u_block_design/design_1_i/snn_top_hls_0/inst/weight_memory_U/ram_reg_0_0/CLKARDCLK
Min Period        n/a     RAMB36E1/CLKARDCLK  n/a            3.363         10.000      6.637      RAMB36_X5Y0   u_block_design/design_1_i/snn_top_hls_0/inst/weight_memory_U/ram_reg_0_1/CLKARDCLK
Min Period        n/a     RAMB36E1/CLKARDCLK  n/a            3.363         10.000      6.637      RAMB36_X4Y3   u_block_design/design_1_i/snn_top_hls_0/inst/weight_memory_U/ram_reg_0_2/CLKARDCLK
Min Period        n/a     RAMB36E1/CLKARDCLK  n/a            3.363         10.000      6.637      RAMB36_X5Y3   u_block_design/design_1_i/snn_top_hls_0/inst/weight_memory_U/ram_reg_0_3/CLKARDCLK
Min Period        n/a     RAMB36E1/CLKARDCLK  n/a            3.363         10.000      6.637      RAMB36_X4Y1   u_block_design/design_1_i/snn_top_hls_0/inst/weight_memory_U/ram_reg_1_0/CLKARDCLK
Min Period        n/a     RAMB36E1/CLKARDCLK  n/a            3.363         10.000      6.637      RAMB36_X5Y1   u_block_design/design_1_i/snn_top_hls_0/inst/weight_memory_U/ram_reg_1_1/CLKARDCLK
Min Period        n/a     RAMB36E1/CLKARDCLK  n/a            3.363         10.000      6.637      RAMB36_X4Y4   u_block_design/design_1_i/snn_top_hls_0/inst/weight_memory_U/ram_reg_1_2/CLKARDCLK
Low Pulse Width   Slow    RAMD64E/CLK         n/a            1.250         5.000       3.750      SLICE_X58Y50  gen_core_groups[0].u_core_group/spike_fifo_reg_0_63_0_2/RAMA/CLK
Low Pulse Width   Fast    RAMD64E/CLK         n/a            1.250         5.000       3.750      SLICE_X58Y50  gen_core_groups[0].u_core_group/spike_fifo_reg_0_63_0_2/RAMA/CLK
Low Pulse Width   Slow    RAMD64E/CLK         n/a            1.250         5.000       3.750      SLICE_X58Y50  gen_core_groups[0].u_core_group/spike_fifo_reg_0_63_0_2/RAMB/CLK
Low Pulse Width   Fast    RAMD64E/CLK         n/a            1.250         5.000       3.750      SLICE_X58Y50  gen_core_groups[0].u_core_group/spike_fifo_reg_0_63_0_2/RAMB/CLK
Low Pulse Width   Slow    RAMD64E/CLK         n/a            1.250         5.000       3.750      SLICE_X58Y50  gen_core_groups[0].u_core_group/spike_fifo_reg_0_63_0_2/RAMC/CLK
Low Pulse Width   Fast    RAMD64E/CLK         n/a            1.250         5.000       3.750      SLICE_X58Y50  gen_core_groups[0].u_core_group/spike_fifo_reg_0_63_0_2/RAMC/CLK
Low Pulse Width   Slow    RAMD64E/CLK         n/a            1.250         5.000       3.750      SLICE_X58Y50  gen_core_groups[0].u_core_group/spike_fifo_reg_0_63_0_2/RAMD/CLK
Low Pulse Width   Fast    RAMD64E/CLK         n/a            1.250         5.000       3.750      SLICE_X58Y50  gen_core_groups[0].u_core_group/spike_fifo_reg_0_63_0_2/RAMD/CLK
Low Pulse Width   Slow    RAMD64E/CLK         n/a            1.250         5.000       3.750      SLICE_X62Y52  gen_core_groups[0].u_core_group/spike_fifo_reg_0_63_12_14/RAMA/CLK
Low Pulse Width   Fast    RAMD64E/CLK         n/a            1.250         5.000       3.750      SLICE_X62Y52  gen_core_groups[0].u_core_group/spike_fifo_reg_0_63_12_14/RAMA/CLK
High Pulse Width  Slow    RAMD64E/CLK         n/a            1.250         5.000       3.750      SLICE_X58Y50  gen_core_groups[0].u_core_group/spike_fifo_reg_0_63_0_2/RAMA/CLK
High Pulse Width  Fast    RAMD64E/CLK         n/a            1.250         5.000       3.750      SLICE_X58Y50  gen_core_groups[0].u_core_group/spike_fifo_reg_0_63_0_2/RAMA/CLK
High Pulse Width  Slow    RAMD64E/CLK         n/a            1.250         5.000       3.750      SLICE_X58Y50  gen_core_groups[0].u_core_group/spike_fifo_reg_0_63_0_2/RAMB/CLK
High Pulse Width  Fast    RAMD64E/CLK         n/a            1.250         5.000       3.750      SLICE_X58Y50  gen_core_groups[0].u_core_group/spike_fifo_reg_0_63_0_2/RAMB/CLK
High Pulse Width  Slow    RAMD64E/CLK         n/a            1.250         5.000       3.750      SLICE_X58Y50  gen_core_groups[0].u_core_group/spike_fifo_reg_0_63_0_2/RAMC/CLK
High Pulse Width  Fast    RAMD64E/CLK         n/a            1.250         5.000       3.750      SLICE_X58Y50  gen_core_groups[0].u_core_group/spike_fifo_reg_0_63_0_2/RAMC/CLK
High Pulse Width  Slow    RAMD64E/CLK         n/a            1.250         5.000       3.750      SLICE_X58Y50  gen_core_groups[0].u_core_group/spike_fifo_reg_0_63_0_2/RAMD/CLK
High Pulse Width  Fast    RAMD64E/CLK         n/a            1.250         5.000       3.750      SLICE_X58Y50  gen_core_groups[0].u_core_group/spike_fifo_reg_0_63_0_2/RAMD/CLK
High Pulse Width  Slow    RAMD64E/CLK         n/a            1.250         5.000       3.750      SLICE_X62Y52  gen_core_groups[0].u_core_group/spike_fifo_reg_0_63_12_14/RAMA/CLK
High Pulse Width  Fast    RAMD64E/CLK         n/a            1.250         5.000       3.750      SLICE_X62Y52  gen_core_groups[0].u_core_group/spike_fifo_reg_0_63_12_14/RAMA/CLK



---------------------------------------------------------------------------------------------------
Path Group:  **async_default**
From Clock:  clk_fpga_0
  To Clock:  clk_fpga_0

Setup :            0  Failing Endpoints,  Worst Slack        6.124ns,  Total Violation        0.000ns
Hold  :            0  Failing Endpoints,  Worst Slack        0.448ns,  Total Violation        0.000ns
---------------------------------------------------------------------------------------------------


Max Delay Paths
--------------------------------------------------------------------------------------
Slack (MET) :             6.124ns  (required time - arrival time)
  Source:                 snn_core_group_top/design_1_wrapper/design_1/design_1_axi_interconnect_hp0_0/s01_couplers_imp_12AUBLP/design_1_axi_interconnect_hp0_imp_auto_pc_1/design_1_axi_interconnect_hp0_imp_auto_pc_1_axi_protocol_converter_v2_1_37_axi_protocol_converter/design_1_axi_interconnect_hp0_imp_auto_pc_1_axi_protocol_converter_v2_1_37_axi3_conv/design_1_axi_interconnect_hp0_imp_auto_pc_1_axi_protocol_converter_v2_1_37_a_axi3_conv/design_1_axi_interconnect_hp0_imp_auto_pc_1_axi_data_fifo_v2_1_36_axic_fifo_0/design_1_axi_interconnect_hp0_imp_auto_pc_1_axi_data_fifo_v2_1_36_fifo_gen/<hidden>/<hidden>/<hidden>/<hidden>/<hidden>/<hidden>
                            (rising edge-triggered cell FDPE clocked by clk_fpga_0  {rise@0.000ns fall@5.000ns period=10.000ns})
  Destination:            snn_core_group_top/design_1_wrapper/design_1/design_1_axi_interconnect_hp0_0/s01_couplers_imp_12AUBLP/design_1_axi_interconnect_hp0_imp_auto_pc_1/design_1_axi_interconnect_hp0_imp_auto_pc_1_axi_protocol_converter_v2_1_37_axi_protocol_converter/design_1_axi_interconnect_hp0_imp_auto_pc_1_axi_protocol_converter_v2_1_37_axi3_conv/design_1_axi_interconnect_hp0_imp_auto_pc_1_axi_protocol_converter_v2_1_37_a_axi3_conv/design_1_axi_interconnect_hp0_imp_auto_pc_1_axi_data_fifo_v2_1_36_axic_fifo_0/design_1_axi_interconnect_hp0_imp_auto_pc_1_axi_data_fifo_v2_1_36_fifo_gen/<hidden>/<hidden>/<hidden>/<hidden>/<hidden>/<hidden>
                            (recovery check against rising-edge clock clk_fpga_0  {rise@0.000ns fall@5.000ns period=10.000ns})
  Path Group:             **async_default**
  Path Type:              Recovery (Max at Slow Process Corner)
  Requirement:            10.000ns  (clk_fpga_0 rise@10.000ns - clk_fpga_0 rise@0.000ns)
  Data Path Delay:        3.338ns  (logic 0.773ns (23.157%)  route 2.565ns (76.843%))
  Logic Levels:           1  (LUT3=1)
  Clock Path Skew:        -0.023ns (DCD - SCD + CPR)
    Destination Clock Delay (DCD):    2.674ns = ( 12.674 - 10.000 ) 
    Source Clock Delay      (SCD):    2.960ns
    Clock Pessimism Removal (CPR):    0.263ns
  Clock Uncertainty:      0.154ns  ((TSJ^2 + TIJ^2)^1/2 + DJ) / 2 + PE
    Total System Jitter     (TSJ):    0.071ns
    Total Input Jitter      (TIJ):    0.300ns
    Discrete Jitter          (DJ):    0.000ns
    Phase Error              (PE):    0.000ns

    Location             Delay type                Incr(ns)  Path(ns)    Netlist Resource(s)
  -------------------------------------------------------------------    -------------------
                         (clock clk_fpga_0 rise edge)
                                                      0.000     0.000 r  
    PS7_X0Y0             PS7                          0.000     0.000 r  u_block_design/design_1_i/processing_system7_0/inst/PS7_i/FCLKCLK[0]
                         net (fo=1, routed)           1.193     1.193    u_block_design/design_1_i/processing_system7_0/inst/FCLK_CLK_unbuffered[0]
    BUFGCTRL_X0Y16       BUFG (Prop_bufg_I_O)         0.101     1.294 r  u_block_design/design_1_i/processing_system7_0/inst/buffer_fclk_clk_0.FCLK_CLK_0_BUFG/O
                         net (fo=12063, routed)       1.666     2.960    snn_core_group_top/design_1_wrapper/design_1/design_1_axi_interconnect_hp0_0/s01_couplers_imp_12AUBLP/design_1_axi_interconnect_hp0_imp_auto_pc_1/design_1_axi_interconnect_hp0_imp_auto_pc_1_axi_protocol_converter_v2_1_37_axi_protocol_converter/design_1_axi_interconnect_hp0_imp_auto_pc_1_axi_protocol_converter_v2_1_37_axi3_conv/design_1_axi_interconnect_hp0_imp_auto_pc_1_axi_protocol_converter_v2_1_37_a_axi3_conv/design_1_axi_interconnect_hp0_imp_auto_pc_1_axi_data_fifo_v2_1_36_axic_fifo_0/design_1_axi_interconnect_hp0_imp_auto_pc_1_axi_data_fifo_v2_1_36_fifo_gen/<hidden>/<hidden>/<hidden>/<hidden>/<hidden>/<hidden>
    SLICE_X42Y39         FDPE                                         r  snn_core_group_top/design_1_wrapper/design_1/design_1_axi_interconnect_hp0_0/s01_couplers_imp_12AUBLP/design_1_axi_interconnect_hp0_imp_auto_pc_1/design_1_axi_interconnect_hp0_imp_auto_pc_1_axi_protocol_converter_v2_1_37_axi_protocol_converter/design_1_axi_interconnect_hp0_imp_auto_pc_1_axi_protocol_converter_v2_1_37_axi3_conv/design_1_axi_interconnect_hp0_imp_auto_pc_1_axi_protocol_converter_v2_1_37_a_axi3_conv/design_1_axi_interconnect_hp0_imp_auto_pc_1_axi_data_fifo_v2_1_36_axic_fifo_0/design_1_axi_interconnect_hp0_imp_auto_pc_1_axi_data_fifo_v2_1_36_fifo_gen/<hidden>/<hidden>/<hidden>/<hidden>/<hidden>/<hidden>
  -------------------------------------------------------------------    -------------------
    SLICE_X42Y39         FDPE (Prop_fdpe_C_Q)         0.478     3.438 f  snn_core_group_top/design_1_wrapper/design_1/design_1_axi_interconnect_hp0_0/s01_couplers_imp_12AUBLP/design_1_axi_interconnect_hp0_imp_auto_pc_1/design_1_axi_interconnect_hp0_imp_auto_pc_1_axi_protocol_converter_v2_1_37_axi_protocol_converter/design_1_axi_interconnect_hp0_imp_auto_pc_1_axi_protocol_converter_v2_1_37_axi3_conv/design_1_axi_interconnect_hp0_imp_auto_pc_1_axi_protocol_converter_v2_1_37_a_axi3_conv/design_1_axi_interconnect_hp0_imp_auto_pc_1_axi_data_fifo_v2_1_36_axic_fifo_0/design_1_axi_interconnect_hp0_imp_auto_pc_1_axi_data_fifo_v2_1_36_fifo_gen/<hidden>/<hidden>/<hidden>/<hidden>/<hidden>/<hidden>
                         net (fo=3, routed)           0.980     4.418    snn_core_group_top/design_1_wrapper/design_1/design_1_axi_interconnect_hp0_0/s01_couplers_imp_12AUBLP/design_1_axi_interconnect_hp0_imp_auto_pc_1/design_1_axi_interconnect_hp0_imp_auto_pc_1_axi_protocol_converter_v2_1_37_axi_protocol_converter/design_1_axi_interconnect_hp0_imp_auto_pc_1_axi_protocol_converter_v2_1_37_axi3_conv/design_1_axi_interconnect_hp0_imp_auto_pc_1_axi_protocol_converter_v2_1_37_a_axi3_conv/design_1_axi_interconnect_hp0_imp_auto_pc_1_axi_data_fifo_v2_1_36_axic_fifo_0/design_1_axi_interconnect_hp0_imp_auto_pc_1_axi_data_fifo_v2_1_36_fifo_gen/<hidden>/<hidden>/<hidden>/<hidden>/<hidden>
    SLICE_X41Y41         LUT3 (Prop_lut3_I2_O)        0.295     4.713 f  snn_core_group_top/design_1_wrapper/design_1/design_1_axi_interconnect_hp0_0/s01_couplers_imp_12AUBLP/design_1_axi_interconnect_hp0_imp_auto_pc_1/design_1_axi_interconnect_hp0_imp_auto_pc_1_axi_protocol_converter_v2_1_37_axi_protocol_converter/design_1_axi_interconnect_hp0_imp_auto_pc_1_axi_protocol_converter_v2_1_37_axi3_conv/design_1_axi_interconnect_hp0_imp_auto_pc_1_axi_protocol_converter_v2_1_37_a_axi3_conv/design_1_axi_interconnect_hp0_imp_auto_pc_1_axi_data_fifo_v2_1_36_axic_fifo_0/design_1_axi_interconnect_hp0_imp_auto_pc_1_axi_data_fifo_v2_1_36_fifo_gen/<hidden>/<hidden>/<hidden>/<hidden>/<hidden>
                         net (fo=32, routed)          1.585     6.298    snn_core_group_top/design_1_wrapper/design_1/design_1_axi_interconnect_hp0_0/s01_couplers_imp_12AUBLP/design_1_axi_interconnect_hp0_imp_auto_pc_1/design_1_axi_interconnect_hp0_imp_auto_pc_1_axi_protocol_converter_v2_1_37_axi_protocol_converter/design_1_axi_interconnect_hp0_imp_auto_pc_1_axi_protocol_converter_v2_1_37_axi3_conv/design_1_axi_interconnect_hp0_imp_auto_pc_1_axi_protocol_converter_v2_1_37_a_axi3_conv/design_1_axi_interconnect_hp0_imp_auto_pc_1_axi_data_fifo_v2_1_36_axic_fifo_0/design_1_axi_interconnect_hp0_imp_auto_pc_1_axi_data_fifo_v2_1_36_fifo_gen/<hidden>/<hidden>/<hidden>/<hidden>/<hidden>/<hidden>
    SLICE_X42Y44         FDPE                                         f  snn_core_group_top/design_1_wrapper/design_1/design_1_axi_interconnect_hp0_0/s01_couplers_imp_12AUBLP/design_1_axi_interconnect_hp0_imp_auto_pc_1/design_1_axi_interconnect_hp0_imp_auto_pc_1_axi_protocol_converter_v2_1_37_axi_protocol_converter/design_1_axi_interconnect_hp0_imp_auto_pc_1_axi_protocol_converter_v2_1_37_axi3_conv/design_1_axi_interconnect_hp0_imp_auto_pc_1_axi_protocol_converter_v2_1_37_a_axi3_conv/design_1_axi_interconnect_hp0_imp_auto_pc_1_axi_data_fifo_v2_1_36_axic_fifo_0/design_1_axi_interconnect_hp0_imp_auto_pc_1_axi_data_fifo_v2_1_36_fifo_gen/<hidden>/<hidden>/<hidden>/<hidden>/<hidden>/<hidden>
  -------------------------------------------------------------------    -------------------

                         (clock clk_fpga_0 rise edge)
                                                     10.000    10.000 r  
    PS7_X0Y0             PS7                          0.000    10.000 r  u_block_design/design_1_i/processing_system7_0/inst/PS7_i/FCLKCLK[0]
                         net (fo=1, routed)           1.088    11.088    u_block_design/design_1_i/processing_system7_0/inst/FCLK_CLK_unbuffered[0]
    BUFGCTRL_X0Y16       BUFG (Prop_bufg_I_O)         0.091    11.179 r  u_block_design/design_1_i/processing_system7_0/inst/buffer_fclk_clk_0.FCLK_CLK_0_BUFG/O
                         net (fo=12063, routed)       1.495    12.674    snn_core_group_top/design_1_wrapper/design_1/design_1_axi_interconnect_hp0_0/s01_couplers_imp_12AUBLP/design_1_axi_interconnect_hp0_imp_auto_pc_1/design_1_axi_interconnect_hp0_imp_auto_pc_1_axi_protocol_converter_v2_1_37_axi_protocol_converter/design_1_axi_interconnect_hp0_imp_auto_pc_1_axi_protocol_converter_v2_1_37_axi3_conv/design_1_axi_interconnect_hp0_imp_auto_pc_1_axi_protocol_converter_v2_1_37_a_axi3_conv/design_1_axi_interconnect_hp0_imp_auto_pc_1_axi_data_fifo_v2_1_36_axic_fifo_0/design_1_axi_interconnect_hp0_imp_auto_pc_1_axi_data_fifo_v2_1_36_fifo_gen/<hidden>/<hidden>/<hidden>/<hidden>/<hidden>/<hidden>
    SLICE_X42Y44         FDPE                                         r  snn_core_group_top/design_1_wrapper/design_1/design_1_axi_interconnect_hp0_0/s01_couplers_imp_12AUBLP/design_1_axi_interconnect_hp0_imp_auto_pc_1/design_1_axi_interconnect_hp0_imp_auto_pc_1_axi_protocol_converter_v2_1_37_axi_protocol_converter/design_1_axi_interconnect_hp0_imp_auto_pc_1_axi_protocol_converter_v2_1_37_axi3_conv/design_1_axi_interconnect_hp0_imp_auto_pc_1_axi_protocol_converter_v2_1_37_a_axi3_conv/design_1_axi_interconnect_hp0_imp_auto_pc_1_axi_data_fifo_v2_1_36_axic_fifo_0/design_1_axi_interconnect_hp0_imp_auto_pc_1_axi_data_fifo_v2_1_36_fifo_gen/<hidden>/<hidden>/<hidden>/<hidden>/<hidden>/<hidden>
                         clock pessimism              0.263    12.937    
                         clock uncertainty           -0.154    12.783    
    SLICE_X42Y44         FDPE (Recov_fdpe_C_PRE)     -0.361    12.422    snn_core_group_top/design_1_wrapper/design_1/design_1_axi_interconnect_hp0_0/s01_couplers_imp_12AUBLP/design_1_axi_interconnect_hp0_imp_auto_pc_1/design_1_axi_interconnect_hp0_imp_auto_pc_1_axi_protocol_converter_v2_1_37_axi_protocol_converter/design_1_axi_interconnect_hp0_imp_auto_pc_1_axi_protocol_converter_v2_1_37_axi3_conv/design_1_axi_interconnect_hp0_imp_auto_pc_1_axi_protocol_converter_v2_1_37_a_axi3_conv/design_1_axi_interconnect_hp0_imp_auto_pc_1_axi_data_fifo_v2_1_36_axic_fifo_0/design_1_axi_interconnect_hp0_imp_auto_pc_1_axi_data_fifo_v2_1_36_fifo_gen/<hidden>/<hidden>/<hidden>/<hidden>/<hidden>/<hidden>
  -------------------------------------------------------------------
                         required time                         12.422    
                         arrival time                          -6.298    
  -------------------------------------------------------------------
                         slack                                  6.124    

Slack (MET) :             6.124ns  (required time - arrival time)
  Source:                 snn_core_group_top/design_1_wrapper/design_1/design_1_axi_interconnect_hp0_0/s01_couplers_imp_12AUBLP/design_1_axi_interconnect_hp0_imp_auto_pc_1/design_1_axi_interconnect_hp0_imp_auto_pc_1_axi_protocol_converter_v2_1_37_axi_protocol_converter/design_1_axi_interconnect_hp0_imp_auto_pc_1_axi_protocol_converter_v2_1_37_axi3_conv/design_1_axi_interconnect_hp0_imp_auto_pc_1_axi_protocol_converter_v2_1_37_a_axi3_conv/design_1_axi_interconnect_hp0_imp_auto_pc_1_axi_data_fifo_v2_1_36_axic_fifo_0/design_1_axi_interconnect_hp0_imp_auto_pc_1_axi_data_fifo_v2_1_36_fifo_gen/<hidden>/<hidden>/<hidden>/<hidden>/<hidden>/<hidden>
                            (rising edge-triggered cell FDPE clocked by clk_fpga_0  {rise@0.000ns fall@5.000ns period=10.000ns})
  Destination:            snn_core_group_top/design_1_wrapper/design_1/design_1_axi_interconnect_hp0_0/s01_couplers_imp_12AUBLP/design_1_axi_interconnect_hp0_imp_auto_pc_1/design_1_axi_interconnect_hp0_imp_auto_pc_1_axi_protocol_converter_v2_1_37_axi_protocol_converter/design_1_axi_interconnect_hp0_imp_auto_pc_1_axi_protocol_converter_v2_1_37_axi3_conv/design_1_axi_interconnect_hp0_imp_auto_pc_1_axi_protocol_converter_v2_1_37_a_axi3_conv/design_1_axi_interconnect_hp0_imp_auto_pc_1_axi_data_fifo_v2_1_36_axic_fifo_0/design_1_axi_interconnect_hp0_imp_auto_pc_1_axi_data_fifo_v2_1_36_fifo_gen/<hidden>/<hidden>/<hidden>/<hidden>/<hidden>/<hidden>
                            (recovery check against rising-edge clock clk_fpga_0  {rise@0.000ns fall@5.000ns period=10.000ns})
  Path Group:             **async_default**
  Path Type:              Recovery (Max at Slow Process Corner)
  Requirement:            10.000ns  (clk_fpga_0 rise@10.000ns - clk_fpga_0 rise@0.000ns)
  Data Path Delay:        3.338ns  (logic 0.773ns (23.157%)  route 2.565ns (76.843%))
  Logic Levels:           1  (LUT3=1)
  Clock Path Skew:        -0.023ns (DCD - SCD + CPR)
    Destination Clock Delay (DCD):    2.674ns = ( 12.674 - 10.000 ) 
    Source Clock Delay      (SCD):    2.960ns
    Clock Pessimism Removal (CPR):    0.263ns
  Clock Uncertainty:      0.154ns  ((TSJ^2 + TIJ^2)^1/2 + DJ) / 2 + PE
    Total System Jitter     (TSJ):    0.071ns
    Total Input Jitter      (TIJ):    0.300ns
    Discrete Jitter          (DJ):    0.000ns
    Phase Error              (PE):    0.000ns

    Location             Delay type                Incr(ns)  Path(ns)    Netlist Resource(s)
  -------------------------------------------------------------------    -------------------
                         (clock clk_fpga_0 rise edge)
                                                      0.000     0.000 r  
    PS7_X0Y0             PS7                          0.000     0.000 r  u_block_design/design_1_i/processing_system7_0/inst/PS7_i/FCLKCLK[0]
                         net (fo=1, routed)           1.193     1.193    u_block_design/design_1_i/processing_system7_0/inst/FCLK_CLK_unbuffered[0]
    BUFGCTRL_X0Y16       BUFG (Prop_bufg_I_O)         0.101     1.294 r  u_block_design/design_1_i/processing_system7_0/inst/buffer_fclk_clk_0.FCLK_CLK_0_BUFG/O
                         net (fo=12063, routed)       1.666     2.960    snn_core_group_top/design_1_wrapper/design_1/design_1_axi_interconnect_hp0_0/s01_couplers_imp_12AUBLP/design_1_axi_interconnect_hp0_imp_auto_pc_1/design_1_axi_interconnect_hp0_imp_auto_pc_1_axi_protocol_converter_v2_1_37_axi_protocol_converter/design_1_axi_interconnect_hp0_imp_auto_pc_1_axi_protocol_converter_v2_1_37_axi3_conv/design_1_axi_interconnect_hp0_imp_auto_pc_1_axi_protocol_converter_v2_1_37_a_axi3_conv/design_1_axi_interconnect_hp0_imp_auto_pc_1_axi_data_fifo_v2_1_36_axic_fifo_0/design_1_axi_interconnect_hp0_imp_auto_pc_1_axi_data_fifo_v2_1_36_fifo_gen/<hidden>/<hidden>/<hidden>/<hidden>/<hidden>/<hidden>
    SLICE_X42Y39         FDPE                                         r  snn_core_group_top/design_1_wrapper/design_1/design_1_axi_interconnect_hp0_0/s01_couplers_imp_12AUBLP/design_1_axi_interconnect_hp0_imp_auto_pc_1/design_1_axi_interconnect_hp0_imp_auto_pc_1_axi_protocol_converter_v2_1_37_axi_protocol_converter/design_1_axi_interconnect_hp0_imp_auto_pc_1_axi_protocol_converter_v2_1_37_axi3_conv/design_1_axi_interconnect_hp0_imp_auto_pc_1_axi_protocol_converter_v2_1_37_a_axi3_conv/design_1_axi_interconnect_hp0_imp_auto_pc_1_axi_data_fifo_v2_1_36_axic_fifo_0/design_1_axi_interconnect_hp0_imp_auto_pc_1_axi_data_fifo_v2_1_36_fifo_gen/<hidden>/<hidden>/<hidden>/<hidden>/<hidden>/<hidden>
  -------------------------------------------------------------------    -------------------
    SLICE_X42Y39         FDPE (Prop_fdpe_C_Q)         0.478     3.438 f  snn_core_group_top/design_1_wrapper/design_1/design_1_axi_interconnect_hp0_0/s01_couplers_imp_12AUBLP/design_1_axi_interconnect_hp0_imp_auto_pc_1/design_1_axi_interconnect_hp0_imp_auto_pc_1_axi_protocol_converter_v2_1_37_axi_protocol_converter/design_1_axi_interconnect_hp0_imp_auto_pc_1_axi_protocol_converter_v2_1_37_axi3_conv/design_1_axi_interconnect_hp0_imp_auto_pc_1_axi_protocol_converter_v2_1_37_a_axi3_conv/design_1_axi_interconnect_hp0_imp_auto_pc_1_axi_data_fifo_v2_1_36_axic_fifo_0/design_1_axi_interconnect_hp0_imp_auto_pc_1_axi_data_fifo_v2_1_36_fifo_gen/<hidden>/<hidden>/<hidden>/<hidden>/<hidden>/<hidden>
                         net (fo=3, routed)           0.980     4.418    snn_core_group_top/design_1_wrapper/design_1/design_1_axi_interconnect_hp0_0/s01_couplers_imp_12AUBLP/design_1_axi_interconnect_hp0_imp_auto_pc_1/design_1_axi_interconnect_hp0_imp_auto_pc_1_axi_protocol_converter_v2_1_37_axi_protocol_converter/design_1_axi_interconnect_hp0_imp_auto_pc_1_axi_protocol_converter_v2_1_37_axi3_conv/design_1_axi_interconnect_hp0_imp_auto_pc_1_axi_protocol_converter_v2_1_37_a_axi3_conv/design_1_axi_interconnect_hp0_imp_auto_pc_1_axi_data_fifo_v2_1_36_axic_fifo_0/design_1_axi_interconnect_hp0_imp_auto_pc_1_axi_data_fifo_v2_1_36_fifo_gen/<hidden>/<hidden>/<hidden>/<hidden>/<hidden>
    SLICE_X41Y41         LUT3 (Prop_lut3_I2_O)        0.295     4.713 f  snn_core_group_top/design_1_wrapper/design_1/design_1_axi_interconnect_hp0_0/s01_couplers_imp_12AUBLP/design_1_axi_interconnect_hp0_imp_auto_pc_1/design_1_axi_interconnect_hp0_imp_auto_pc_1_axi_protocol_converter_v2_1_37_axi_protocol_converter/design_1_axi_interconnect_hp0_imp_auto_pc_1_axi_protocol_converter_v2_1_37_axi3_conv/design_1_axi_interconnect_hp0_imp_auto_pc_1_axi_protocol_converter_v2_1_37_a_axi3_conv/design_1_axi_interconnect_hp0_imp_auto_pc_1_axi_data_fifo_v2_1_36_axic_fifo_0/design_1_axi_interconnect_hp0_imp_auto_pc_1_axi_data_fifo_v2_1_36_fifo_gen/<hidden>/<hidden>/<hidden>/<hidden>/<hidden>
                         net (fo=32, routed)          1.585     6.298    snn_core_group_top/design_1_wrapper/design_1/design_1_axi_interconnect_hp0_0/s01_couplers_imp_12AUBLP/design_1_axi_interconnect_hp0_imp_auto_pc_1/design_1_axi_interconnect_hp0_imp_auto_pc_1_axi_protocol_converter_v2_1_37_axi_protocol_converter/design_1_axi_interconnect_hp0_imp_auto_pc_1_axi_protocol_converter_v2_1_37_axi3_conv/design_1_axi_interconnect_hp0_imp_auto_pc_1_axi_protocol_converter_v2_1_37_a_axi3_conv/design_1_axi_interconnect_hp0_imp_auto_pc_1_axi_data_fifo_v2_1_36_axic_fifo_0/design_1_axi_interconnect_hp0_imp_auto_pc_1_axi_data_fifo_v2_1_36_fifo_gen/<hidden>/<hidden>/<hidden>/<hidden>/<hidden>/<hidden>
    SLICE_X42Y44         FDCE                                         f  snn_core_group_top/design_1_wrapper/design_1/design_1_axi_interconnect_hp0_0/s01_couplers_imp_12AUBLP/design_1_axi_interconnect_hp0_imp_auto_pc_1/design_1_axi_interconnect_hp0_imp_auto_pc_1_axi_protocol_converter_v2_1_37_axi_protocol_converter/design_1_axi_interconnect_hp0_imp_auto_pc_1_axi_protocol_converter_v2_1_37_axi3_conv/design_1_axi_interconnect_hp0_imp_auto_pc_1_axi_protocol_converter_v2_1_37_a_axi3_conv/design_1_axi_interconnect_hp0_imp_auto_pc_1_axi_data_fifo_v2_1_36_axic_fifo_0/design_1_axi_interconnect_hp0_imp_auto_pc_1_axi_data_fifo_v2_1_36_fifo_gen/<hidden>/<hidden>/<hidden>/<hidden>/<hidden>/<hidden>
  -------------------------------------------------------------------    -------------------

                         (clock clk_fpga_0 rise edge)
                                                     10.000    10.000 r  
    PS7_X0Y0             PS7                          0.000    10.000 r  u_block_design/design_1_i/processing_system7_0/inst/PS7_i/FCLKCLK[0]
                         net (fo=1, routed)           1.088    11.088    u_block_design/design_1_i/processing_system7_0/inst/FCLK_CLK_unbuffered[0]
    BUFGCTRL_X0Y16       BUFG (Prop_bufg_I_O)         0.091    11.179 r  u_block_design/design_1_i/processing_system7_0/inst/buffer_fclk_clk_0.FCLK_CLK_0_BUFG/O
                         net (fo=12063, routed)       1.495    12.674    snn_core_group_top/design_1_wrapper/design_1/design_1_axi_interconnect_hp0_0/s01_couplers_imp_12AUBLP/design_1_axi_interconnect_hp0_imp_auto_pc_1/design_1_axi_interconnect_hp0_imp_auto_pc_1_axi_protocol_converter_v2_1_37_axi_protocol_converter/design_1_axi_interconnect_hp0_imp_auto_pc_1_axi_protocol_converter_v2_1_37_axi3_conv/design_1_axi_interconnect_hp0_imp_auto_pc_1_axi_protocol_converter_v2_1_37_a_axi3_conv/design_1_axi_interconnect_hp0_imp_auto_pc_1_axi_data_fifo_v2_1_36_axic_fifo_0/design_1_axi_interconnect_hp0_imp_auto_pc_1_axi_data_fifo_v2_1_36_fifo_gen/<hidden>/<hidden>/<hidden>/<hidden>/<hidden>/<hidden>
    SLICE_X42Y44         FDCE                                         r  snn_core_group_top/design_1_wrapper/design_1/design_1_axi_interconnect_hp0_0/s01_couplers_imp_12AUBLP/design_1_axi_interconnect_hp0_imp_auto_pc_1/design_1_axi_interconnect_hp0_imp_auto_pc_1_axi_protocol_converter_v2_1_37_axi_protocol_converter/design_1_axi_interconnect_hp0_imp_auto_pc_1_axi_protocol_converter_v2_1_37_axi3_conv/design_1_axi_interconnect_hp0_imp_auto_pc_1_axi_protocol_converter_v2_1_37_a_axi3_conv/design_1_axi_interconnect_hp0_imp_auto_pc_1_axi_data_fifo_v2_1_36_axic_fifo_0/design_1_axi_interconnect_hp0_imp_auto_pc_1_axi_data_fifo_v2_1_36_fifo_gen/<hidden>/<hidden>/<hidden>/<hidden>/<hidden>/<hidden>
                         clock pessimism              0.263    12.937    
                         clock uncertainty           -0.154    12.783    
    SLICE_X42Y44         FDCE (Recov_fdce_C_CLR)     -0.361    12.422    snn_core_group_top/design_1_wrapper/design_1/design_1_axi_interconnect_hp0_0/s01_couplers_imp_12AUBLP/design_1_axi_interconnect_hp0_imp_auto_pc_1/design_1_axi_interconnect_hp0_imp_auto_pc_1_axi_protocol_converter_v2_1_37_axi_protocol_converter/design_1_axi_interconnect_hp0_imp_auto_pc_1_axi_protocol_converter_v2_1_37_axi3_conv/design_1_axi_interconnect_hp0_imp_auto_pc_1_axi_protocol_converter_v2_1_37_a_axi3_conv/design_1_axi_interconnect_hp0_imp_auto_pc_1_axi_data_fifo_v2_1_36_axic_fifo_0/design_1_axi_interconnect_hp0_imp_auto_pc_1_axi_data_fifo_v2_1_36_fifo_gen/<hidden>/<hidden>/<hidden>/<hidden>/<hidden>/<hidden>
  -------------------------------------------------------------------
                         required time                         12.422    
                         arrival time                          -6.298    
  -------------------------------------------------------------------
                         slack                                  6.124    

Slack (MET) :             6.160ns  (required time - arrival time)
  Source:                 snn_core_group_top/design_1_wrapper/design_1/design_1_axi_interconnect_hp0_0/s03_couplers_imp_13X28CE/design_1_axi_interconnect_hp0_imp_auto_pc_3/design_1_axi_interconnect_hp0_imp_auto_pc_3_axi_protocol_converter_v2_1_37_axi_protocol_converter/design_1_axi_interconnect_hp0_imp_auto_pc_3_axi_protocol_converter_v2_1_37_axi3_conv/design_1_axi_interconnect_hp0_imp_auto_pc_3_axi_protocol_converter_v2_1_37_a_axi3_conv/design_1_axi_interconnect_hp0_imp_auto_pc_3_axi_data_fifo_v2_1_36_axic_fifo/design_1_axi_interconnect_hp0_imp_auto_pc_3_axi_data_fifo_v2_1_36_fifo_gen_1/<hidden>/<hidden>/<hidden>/<hidden>/<hidden>/<hidden>
                            (rising edge-triggered cell FDPE clocked by clk_fpga_0  {rise@0.000ns fall@5.000ns period=10.000ns})
  Destination:            snn_core_group_top/design_1_wrapper/design_1/design_1_axi_interconnect_hp0_0/s03_couplers_imp_13X28CE/design_1_axi_interconnect_hp0_imp_auto_pc_3/design_1_axi_interconnect_hp0_imp_auto_pc_3_axi_protocol_converter_v2_1_37_axi_protocol_converter/design_1_axi_interconnect_hp0_imp_auto_pc_3_axi_protocol_converter_v2_1_37_axi3_conv/design_1_axi_interconnect_hp0_imp_auto_pc_3_axi_protocol_converter_v2_1_37_a_axi3_conv/design_1_axi_interconnect_hp0_imp_auto_pc_3_axi_data_fifo_v2_1_36_axic_fifo/design_1_axi_interconnect_hp0_imp_auto_pc_3_axi_data_fifo_v2_1_36_fifo_gen_1/<hidden>/<hidden>/<hidden>/<hidden>/<hidden>/<hidden>
                            (recovery check against rising-edge clock clk_fpga_0  {rise@0.000ns fall@5.000ns period=10.000ns})
  Path Group:             **async_default**
  Path Type:              Recovery (Max at Slow Process Corner)
  Requirement:            10.000ns  (clk_fpga_0 rise@10.000ns - clk_fpga_0 rise@0.000ns)
  Data Path Delay:        3.255ns  (logic 0.773ns (23.747%)  route 2.482ns (76.253%))
  Logic Levels:           1  (LUT3=1)
  Clock Path Skew:        -0.026ns (DCD - SCD + CPR)
    Destination Clock Delay (DCD):    2.757ns = ( 12.757 - 10.000 ) 
    Source Clock Delay      (SCD):    3.049ns
    Clock Pessimism Removal (CPR):    0.267ns
  Clock Uncertainty:      0.154ns  ((TSJ^2 + TIJ^2)^1/2 + DJ) / 2 + PE
    Total System Jitter     (TSJ):    0.071ns
    Total Input Jitter      (TIJ):    0.300ns
    Discrete Jitter          (DJ):    0.000ns
    Phase Error              (PE):    0.000ns

    Location             Delay type                Incr(ns)  Path(ns)    Netlist Resource(s)
  -------------------------------------------------------------------    -------------------
                         (clock clk_fpga_0 rise edge)
                                                      0.000     0.000 r  
    PS7_X0Y0             PS7                          0.000     0.000 r  u_block_design/design_1_i/processing_system7_0/inst/PS7_i/FCLKCLK[0]
                         net (fo=1, routed)           1.193     1.193    u_block_design/design_1_i/processing_system7_0/inst/FCLK_CLK_unbuffered[0]
    BUFGCTRL_X0Y16       BUFG (Prop_bufg_I_O)         0.101     1.294 r  u_block_design/design_1_i/processing_system7_0/inst/buffer_fclk_clk_0.FCLK_CLK_0_BUFG/O
                         net (fo=12063, routed)       1.755     3.049    snn_core_group_top/design_1_wrapper/design_1/design_1_axi_interconnect_hp0_0/s03_couplers_imp_13X28CE/design_1_axi_interconnect_hp0_imp_auto_pc_3/design_1_axi_interconnect_hp0_imp_auto_pc_3_axi_protocol_converter_v2_1_37_axi_protocol_converter/design_1_axi_interconnect_hp0_imp_auto_pc_3_axi_protocol_converter_v2_1_37_axi3_conv/design_1_axi_interconnect_hp0_imp_auto_pc_3_axi_protocol_converter_v2_1_37_a_axi3_conv/design_1_axi_interconnect_hp0_imp_auto_pc_3_axi_data_fifo_v2_1_36_axic_fifo/design_1_axi_interconnect_hp0_imp_auto_pc_3_axi_data_fifo_v2_1_36_fifo_gen_1/<hidden>/<hidden>/<hidden>/<hidden>/<hidden>/<hidden>
    SLICE_X14Y39         FDPE                                         r  snn_core_group_top/design_1_wrapper/design_1/design_1_axi_interconnect_hp0_0/s03_couplers_imp_13X28CE/design_1_axi_interconnect_hp0_imp_auto_pc_3/design_1_axi_interconnect_hp0_imp_auto_pc_3_axi_protocol_converter_v2_1_37_axi_protocol_converter/design_1_axi_interconnect_hp0_imp_auto_pc_3_axi_protocol_converter_v2_1_37_axi3_conv/design_1_axi_interconnect_hp0_imp_auto_pc_3_axi_protocol_converter_v2_1_37_a_axi3_conv/design_1_axi_interconnect_hp0_imp_auto_pc_3_axi_data_fifo_v2_1_36_axic_fifo/design_1_axi_interconnect_hp0_imp_auto_pc_3_axi_data_fifo_v2_1_36_fifo_gen_1/<hidden>/<hidden>/<hidden>/<hidden>/<hidden>/<hidden>
  -------------------------------------------------------------------    -------------------
    SLICE_X14Y39         FDPE (Prop_fdpe_C_Q)         0.478     3.527 f  snn_core_group_top/design_1_wrapper/design_1/design_1_axi_interconnect_hp0_0/s03_couplers_imp_13X28CE/design_1_axi_interconnect_hp0_imp_auto_pc_3/design_1_axi_interconnect_hp0_imp_auto_pc_3_axi_protocol_converter_v2_1_37_axi_protocol_converter/design_1_axi_interconnect_hp0_imp_auto_pc_3_axi_protocol_converter_v2_1_37_axi3_conv/design_1_axi_interconnect_hp0_imp_auto_pc_3_axi_protocol_converter_v2_1_37_a_axi3_conv/design_1_axi_interconnect_hp0_imp_auto_pc_3_axi_data_fifo_v2_1_36_axic_fifo/design_1_axi_interconnect_hp0_imp_auto_pc_3_axi_data_fifo_v2_1_36_fifo_gen_1/<hidden>/<hidden>/<hidden>/<hidden>/<hidden>/<hidden>
                         net (fo=3, routed)           1.145     4.672    snn_core_group_top/design_1_wrapper/design_1/design_1_axi_interconnect_hp0_0/s03_couplers_imp_13X28CE/design_1_axi_interconnect_hp0_imp_auto_pc_3/design_1_axi_interconnect_hp0_imp_auto_pc_3_axi_protocol_converter_v2_1_37_axi_protocol_converter/design_1_axi_interconnect_hp0_imp_auto_pc_3_axi_protocol_converter_v2_1_37_axi3_conv/design_1_axi_interconnect_hp0_imp_auto_pc_3_axi_protocol_converter_v2_1_37_a_axi3_conv/design_1_axi_interconnect_hp0_imp_auto_pc_3_axi_data_fifo_v2_1_36_axic_fifo/design_1_axi_interconnect_hp0_imp_auto_pc_3_axi_data_fifo_v2_1_36_fifo_gen_1/<hidden>/<hidden>/<hidden>/<hidden>/<hidden>
    SLICE_X14Y39         LUT3 (Prop_lut3_I2_O)        0.295     4.967 f  snn_core_group_top/design_1_wrapper/design_1/design_1_axi_interconnect_hp0_0/s03_couplers_imp_13X28CE/design_1_axi_interconnect_hp0_imp_auto_pc_3/design_1_axi_interconnect_hp0_imp_auto_pc_3_axi_protocol_converter_v2_1_37_axi_protocol_converter/design_1_axi_interconnect_hp0_imp_auto_pc_3_axi_protocol_converter_v2_1_37_axi3_conv/design_1_axi_interconnect_hp0_imp_auto_pc_3_axi_protocol_converter_v2_1_37_a_axi3_conv/design_1_axi_interconnect_hp0_imp_auto_pc_3_axi_data_fifo_v2_1_36_axic_fifo/design_1_axi_interconnect_hp0_imp_auto_pc_3_axi_data_fifo_v2_1_36_fifo_gen_1/<hidden>/<hidden>/<hidden>/<hidden>/<hidden>
                         net (fo=32, routed)          1.338     6.304    snn_core_group_top/design_1_wrapper/design_1/design_1_axi_interconnect_hp0_0/s03_couplers_imp_13X28CE/design_1_axi_interconnect_hp0_imp_auto_pc_3/design_1_axi_interconnect_hp0_imp_auto_pc_3_axi_protocol_converter_v2_1_37_axi_protocol_converter/design_1_axi_interconnect_hp0_imp_auto_pc_3_axi_protocol_converter_v2_1_37_axi3_conv/design_1_axi_interconnect_hp0_imp_auto_pc_3_axi_protocol_converter_v2_1_37_a_axi3_conv/design_1_axi_interconnect_hp0_imp_auto_pc_3_axi_data_fifo_v2_1_36_axic_fifo/design_1_axi_interconnect_hp0_imp_auto_pc_3_axi_data_fifo_v2_1_36_fifo_gen_1/<hidden>/<hidden>/<hidden>/<hidden>/<hidden>/<hidden>
    SLICE_X15Y38         FDCE                                         f  snn_core_group_top/design_1_wrapper/design_1/design_1_axi_interconnect_hp0_0/s03_couplers_imp_13X28CE/design_1_axi_interconnect_hp0_imp_auto_pc_3/design_1_axi_interconnect_hp0_imp_auto_pc_3_axi_protocol_converter_v2_1_37_axi_protocol_converter/design_1_axi_interconnect_hp0_imp_auto_pc_3_axi_protocol_converter_v2_1_37_axi3_conv/design_1_axi_interconnect_hp0_imp_auto_pc_3_axi_protocol_converter_v2_1_37_a_axi3_conv/design_1_axi_interconnect_hp0_imp_auto_pc_3_axi_data_fifo_v2_1_36_axic_fifo/design_1_axi_interconnect_hp0_imp_auto_pc_3_axi_data_fifo_v2_1_36_fifo_gen_1/<hidden>/<hidden>/<hidden>/<hidden>/<hidden>/<hidden>
  -------------------------------------------------------------------    -------------------

                         (clock clk_fpga_0 rise edge)
                                                     10.000    10.000 r  
    PS7_X0Y0             PS7                          0.000    10.000 r  u_block_design/design_1_i/processing_system7_0/inst/PS7_i/FCLKCLK[0]
                         net (fo=1, routed)           1.088    11.088    u_block_design/design_1_i/processing_system7_0/inst/FCLK_CLK_unbuffered[0]
    BUFGCTRL_X0Y16       BUFG (Prop_bufg_I_O)         0.091    11.179 r  u_block_design/design_1_i/processing_system7_0/inst/buffer_fclk_clk_0.FCLK_CLK_0_BUFG/O
                         net (fo=12063, routed)       1.577    12.757    snn_core_group_top/design_1_wrapper/design_1/design_1_axi_interconnect_hp0_0/s03_couplers_imp_13X28CE/design_1_axi_interconnect_hp0_imp_auto_pc_3/design_1_axi_interconnect_hp0_imp_auto_pc_3_axi_protocol_converter_v2_1_37_axi_protocol_converter/design_1_axi_interconnect_hp0_imp_auto_pc_3_axi_protocol_converter_v2_1_37_axi3_conv/design_1_axi_interconnect_hp0_imp_auto_pc_3_axi_protocol_converter_v2_1_37_a_axi3_conv/design_1_axi_interconnect_hp0_imp_auto_pc_3_axi_data_fifo_v2_1_36_axic_fifo/design_1_axi_interconnect_hp0_imp_auto_pc_3_axi_data_fifo_v2_1_36_fifo_gen_1/<hidden>/<hidden>/<hidden>/<hidden>/<hidden>/<hidden>
    SLICE_X15Y38         FDCE                                         r  snn_core_group_top/design_1_wrapper/design_1/design_1_axi_interconnect_hp0_0/s03_couplers_imp_13X28CE/design_1_axi_interconnect_hp0_imp_auto_pc_3/design_1_axi_interconnect_hp0_imp_auto_pc_3_axi_protocol_converter_v2_1_37_axi_protocol_converter/design_1_axi_interconnect_hp0_imp_auto_pc_3_axi_protocol_converter_v2_1_37_axi3_conv/design_1_axi_interconnect_hp0_imp_auto_pc_3_axi_protocol_converter_v2_1_37_a_axi3_conv/design_1_axi_interconnect_hp0_imp_auto_pc_3_axi_data_fifo_v2_1_36_axic_fifo/design_1_axi_interconnect_hp0_imp_auto_pc_3_axi_data_fifo_v2_1_36_fifo_gen_1/<hidden>/<hidden>/<hidden>/<hidden>/<hidden>/<hidden>
                         clock pessimism              0.267    13.023    
                         clock uncertainty           -0.154    12.869    
    SLICE_X15Y38         FDCE (Recov_fdce_C_CLR)     -0.405    12.464    snn_core_group_top/design_1_wrapper/design_1/design_1_axi_interconnect_hp0_0/s03_couplers_imp_13X28CE/design_1_axi_interconnect_hp0_imp_auto_pc_3/design_1_axi_interconnect_hp0_imp_auto_pc_3_axi_protocol_converter_v2_1_37_axi_protocol_converter/design_1_axi_interconnect_hp0_imp_auto_pc_3_axi_protocol_converter_v2_1_37_axi3_conv/design_1_axi_interconnect_hp0_imp_auto_pc_3_axi_protocol_converter_v2_1_37_a_axi3_conv/design_1_axi_interconnect_hp0_imp_auto_pc_3_axi_data_fifo_v2_1_36_axic_fifo/design_1_axi_interconnect_hp0_imp_auto_pc_3_axi_data_fifo_v2_1_36_fifo_gen_1/<hidden>/<hidden>/<hidden>/<hidden>/<hidden>/<hidden>
  -------------------------------------------------------------------
                         required time                         12.464    
                         arrival time                          -6.304    
  -------------------------------------------------------------------
                         slack                                  6.160    

Slack (MET) :             6.160ns  (required time - arrival time)
  Source:                 snn_core_group_top/design_1_wrapper/design_1/design_1_axi_interconnect_hp0_0/s03_couplers_imp_13X28CE/design_1_axi_interconnect_hp0_imp_auto_pc_3/design_1_axi_interconnect_hp0_imp_auto_pc_3_axi_protocol_converter_v2_1_37_axi_protocol_converter/design_1_axi_interconnect_hp0_imp_auto_pc_3_axi_protocol_converter_v2_1_37_axi3_conv/design_1_axi_interconnect_hp0_imp_auto_pc_3_axi_protocol_converter_v2_1_37_a_axi3_conv/design_1_axi_interconnect_hp0_imp_auto_pc_3_axi_data_fifo_v2_1_36_axic_fifo/design_1_axi_interconnect_hp0_imp_auto_pc_3_axi_data_fifo_v2_1_36_fifo_gen_1/<hidden>/<hidden>/<hidden>/<hidden>/<hidden>/<hidden>
                            (rising edge-triggered cell FDPE clocked by clk_fpga_0  {rise@0.000ns fall@5.000ns period=10.000ns})
  Destination:            snn_core_group_top/design_1_wrapper/design_1/design_1_axi_interconnect_hp0_0/s03_couplers_imp_13X28CE/design_1_axi_interconnect_hp0_imp_auto_pc_3/design_1_axi_interconnect_hp0_imp_auto_pc_3_axi_protocol_converter_v2_1_37_axi_protocol_converter/design_1_axi_interconnect_hp0_imp_auto_pc_3_axi_protocol_converter_v2_1_37_axi3_conv/design_1_axi_interconnect_hp0_imp_auto_pc_3_axi_protocol_converter_v2_1_37_a_axi3_conv/design_1_axi_interconnect_hp0_imp_auto_pc_3_axi_data_fifo_v2_1_36_axic_fifo/design_1_axi_interconnect_hp0_imp_auto_pc_3_axi_data_fifo_v2_1_36_fifo_gen_1/<hidden>/<hidden>/<hidden>/<hidden>/<hidden>/<hidden>
                            (recovery check against rising-edge clock clk_fpga_0  {rise@0.000ns fall@5.000ns period=10.000ns})
  Path Group:             **async_default**
  Path Type:              Recovery (Max at Slow Process Corner)
  Requirement:            10.000ns  (clk_fpga_0 rise@10.000ns - clk_fpga_0 rise@0.000ns)
  Data Path Delay:        3.255ns  (logic 0.773ns (23.747%)  route 2.482ns (76.253%))
  Logic Levels:           1  (LUT3=1)
  Clock Path Skew:        -0.026ns (DCD - SCD + CPR)
    Destination Clock Delay (DCD):    2.757ns = ( 12.757 - 10.000 ) 
    Source Clock Delay      (SCD):    3.049ns
    Clock Pessimism Removal (CPR):    0.267ns
  Clock Uncertainty:      0.154ns  ((TSJ^2 + TIJ^2)^1/2 + DJ) / 2 + PE
    Total System Jitter     (TSJ):    0.071ns
    Total Input Jitter      (TIJ):    0.300ns
    Discrete Jitter          (DJ):    0.000ns
    Phase Error              (PE):    0.000ns

    Location             Delay type                Incr(ns)  Path(ns)    Netlist Resource(s)
  -------------------------------------------------------------------    -------------------
                         (clock clk_fpga_0 rise edge)
                                                      0.000     0.000 r  
    PS7_X0Y0             PS7                          0.000     0.000 r  u_block_design/design_1_i/processing_system7_0/inst/PS7_i/FCLKCLK[0]
                         net (fo=1, routed)           1.193     1.193    u_block_design/design_1_i/processing_system7_0/inst/FCLK_CLK_unbuffered[0]
    BUFGCTRL_X0Y16       BUFG (Prop_bufg_I_O)         0.101     1.294 r  u_block_design/design_1_i/processing_system7_0/inst/buffer_fclk_clk_0.FCLK_CLK_0_BUFG/O
                         net (fo=12063, routed)       1.755     3.049    snn_core_group_top/design_1_wrapper/design_1/design_1_axi_interconnect_hp0_0/s03_couplers_imp_13X28CE/design_1_axi_interconnect_hp0_imp_auto_pc_3/design_1_axi_interconnect_hp0_imp_auto_pc_3_axi_protocol_converter_v2_1_37_axi_protocol_converter/design_1_axi_interconnect_hp0_imp_auto_pc_3_axi_protocol_converter_v2_1_37_axi3_conv/design_1_axi_interconnect_hp0_imp_auto_pc_3_axi_protocol_converter_v2_1_37_a_axi3_conv/design_1_axi_interconnect_hp0_imp_auto_pc_3_axi_data_fifo_v2_1_36_axic_fifo/design_1_axi_interconnect_hp0_imp_auto_pc_3_axi_data_fifo_v2_1_36_fifo_gen_1/<hidden>/<hidden>/<hidden>/<hidden>/<hidden>/<hidden>
    SLICE_X14Y39         FDPE                                         r  snn_core_group_top/design_1_wrapper/design_1/design_1_axi_interconnect_hp0_0/s03_couplers_imp_13X28CE/design_1_axi_interconnect_hp0_imp_auto_pc_3/design_1_axi_interconnect_hp0_imp_auto_pc_3_axi_protocol_converter_v2_1_37_axi_protocol_converter/design_1_axi_interconnect_hp0_imp_auto_pc_3_axi_protocol_converter_v2_1_37_axi3_conv/design_1_axi_interconnect_hp0_imp_auto_pc_3_axi_protocol_converter_v2_1_37_a_axi3_conv/design_1_axi_interconnect_hp0_imp_auto_pc_3_axi_data_fifo_v2_1_36_axic_fifo/design_1_axi_interconnect_hp0_imp_auto_pc_3_axi_data_fifo_v2_1_36_fifo_gen_1/<hidden>/<hidden>/<hidden>/<hidden>/<hidden>/<hidden>
  -------------------------------------------------------------------    -------------------
    SLICE_X14Y39         FDPE (Prop_fdpe_C_Q)         0.478     3.527 f  snn_core_group_top/design_1_wrapper/design_1/design_1_axi_interconnect_hp0_0/s03_couplers_imp_13X28CE/design_1_axi_interconnect_hp0_imp_auto_pc_3/design_1_axi_interconnect_hp0_imp_auto_pc_3_axi_protocol_converter_v2_1_37_axi_protocol_converter/design_1_axi_interconnect_hp0_imp_auto_pc_3_axi_protocol_converter_v2_1_37_axi3_conv/design_1_axi_interconnect_hp0_imp_auto_pc_3_axi_protocol_converter_v2_1_37_a_axi3_conv/design_1_axi_interconnect_hp0_imp_auto_pc_3_axi_data_fifo_v2_1_36_axic_fifo/design_1_axi_interconnect_hp0_imp_auto_pc_3_axi_data_fifo_v2_1_36_fifo_gen_1/<hidden>/<hidden>/<hidden>/<hidden>/<hidden>/<hidden>
                         net (fo=3, routed)           1.145     4.672    snn_core_group_top/design_1_wrapper/design_1/design_1_axi_interconnect_hp0_0/s03_couplers_imp_13X28CE/design_1_axi_interconnect_hp0_imp_auto_pc_3/design_1_axi_interconnect_hp0_imp_auto_pc_3_axi_protocol_converter_v2_1_37_axi_protocol_converter/design_1_axi_interconnect_hp0_imp_auto_pc_3_axi_protocol_converter_v2_1_37_axi3_conv/design_1_axi_interconnect_hp0_imp_auto_pc_3_axi_protocol_converter_v2_1_37_a_axi3_conv/design_1_axi_interconnect_hp0_imp_auto_pc_3_axi_data_fifo_v2_1_36_axic_fifo/design_1_axi_interconnect_hp0_imp_auto_pc_3_axi_data_fifo_v2_1_36_fifo_gen_1/<hidden>/<hidden>/<hidden>/<hidden>/<hidden>
    SLICE_X14Y39         LUT3 (Prop_lut3_I2_O)        0.295     4.967 f  snn_core_group_top/design_1_wrapper/design_1/design_1_axi_interconnect_hp0_0/s03_couplers_imp_13X28CE/design_1_axi_interconnect_hp0_imp_auto_pc_3/design_1_axi_interconnect_hp0_imp_auto_pc_3_axi_protocol_converter_v2_1_37_axi_protocol_converter/design_1_axi_interconnect_hp0_imp_auto_pc_3_axi_protocol_converter_v2_1_37_axi3_conv/design_1_axi_interconnect_hp0_imp_auto_pc_3_axi_protocol_converter_v2_1_37_a_axi3_conv/design_1_axi_interconnect_hp0_imp_auto_pc_3_axi_data_fifo_v2_1_36_axic_fifo/design_1_axi_interconnect_hp0_imp_auto_pc_3_axi_data_fifo_v2_1_36_fifo_gen_1/<hidden>/<hidden>/<hidden>/<hidden>/<hidden>
                         net (fo=32, routed)          1.338     6.304    snn_core_group_top/design_1_wrapper/design_1/design_1_axi_interconnect_hp0_0/s03_couplers_imp_13X28CE/design_1_axi_interconnect_hp0_imp_auto_pc_3/design_1_axi_interconnect_hp0_imp_auto_pc_3_axi_protocol_converter_v2_1_37_axi_protocol_converter/design_1_axi_interconnect_hp0_imp_auto_pc_3_axi_protocol_converter_v2_1_37_axi3_conv/design_1_axi_interconnect_hp0_imp_auto_pc_3_axi_protocol_converter_v2_1_37_a_axi3_conv/design_1_axi_interconnect_hp0_imp_auto_pc_3_axi_data_fifo_v2_1_36_axic_fifo/design_1_axi_interconnect_hp0_imp_auto_pc_3_axi_data_fifo_v2_1_36_fifo_gen_1/<hidden>/<hidden>/<hidden>/<hidden>/<hidden>/<hidden>
    SLICE_X15Y38         FDCE                                         f  snn_core_group_top/design_1_wrapper/design_1/design_1_axi_interconnect_hp0_0/s03_couplers_imp_13X28CE/design_1_axi_interconnect_hp0_imp_auto_pc_3/design_1_axi_interconnect_hp0_imp_auto_pc_3_axi_protocol_converter_v2_1_37_axi_protocol_converter/design_1_axi_interconnect_hp0_imp_auto_pc_3_axi_protocol_converter_v2_1_37_axi3_conv/design_1_axi_interconnect_hp0_imp_auto_pc_3_axi_protocol_converter_v2_1_37_a_axi3_conv/design_1_axi_interconnect_hp0_imp_auto_pc_3_axi_data_fifo_v2_1_36_axic_fifo/design_1_axi_interconnect_hp0_imp_auto_pc_3_axi_data_fifo_v2_1_36_fifo_gen_1/<hidden>/<hidden>/<hidden>/<hidden>/<hidden>/<hidden>
  -------------------------------------------------------------------    -------------------

                         (clock clk_fpga_0 rise edge)
                                                     10.000    10.000 r  
    PS7_X0Y0             PS7                          0.000    10.000 r  u_block_design/design_1_i/processing_system7_0/inst/PS7_i/FCLKCLK[0]
                         net (fo=1, routed)           1.088    11.088    u_block_design/design_1_i/processing_system7_0/inst/FCLK_CLK_unbuffered[0]
    BUFGCTRL_X0Y16       BUFG (Prop_bufg_I_O)         0.091    11.179 r  u_block_design/design_1_i/processing_system7_0/inst/buffer_fclk_clk_0.FCLK_CLK_0_BUFG/O
                         net (fo=12063, routed)       1.577    12.757    snn_core_group_top/design_1_wrapper/design_1/design_1_axi_interconnect_hp0_0/s03_couplers_imp_13X28CE/design_1_axi_interconnect_hp0_imp_auto_pc_3/design_1_axi_interconnect_hp0_imp_auto_pc_3_axi_protocol_converter_v2_1_37_axi_protocol_converter/design_1_axi_interconnect_hp0_imp_auto_pc_3_axi_protocol_converter_v2_1_37_axi3_conv/design_1_axi_interconnect_hp0_imp_auto_pc_3_axi_protocol_converter_v2_1_37_a_axi3_conv/design_1_axi_interconnect_hp0_imp_auto_pc_3_axi_data_fifo_v2_1_36_axic_fifo/design_1_axi_interconnect_hp0_imp_auto_pc_3_axi_data_fifo_v2_1_36_fifo_gen_1/<hidden>/<hidden>/<hidden>/<hidden>/<hidden>/<hidden>
    SLICE_X15Y38         FDCE                                         r  snn_core_group_top/design_1_wrapper/design_1/design_1_axi_interconnect_hp0_0/s03_couplers_imp_13X28CE/design_1_axi_interconnect_hp0_imp_auto_pc_3/design_1_axi_interconnect_hp0_imp_auto_pc_3_axi_protocol_converter_v2_1_37_axi_protocol_converter/design_1_axi_interconnect_hp0_imp_auto_pc_3_axi_protocol_converter_v2_1_37_axi3_conv/design_1_axi_interconnect_hp0_imp_auto_pc_3_axi_protocol_converter_v2_1_37_a_axi3_conv/design_1_axi_interconnect_hp0_imp_auto_pc_3_axi_data_fifo_v2_1_36_axic_fifo/design_1_axi_interconnect_hp0_imp_auto_pc_3_axi_data_fifo_v2_1_36_fifo_gen_1/<hidden>/<hidden>/<hidden>/<hidden>/<hidden>/<hidden>
                         clock pessimism              0.267    13.023    
                         clock uncertainty           -0.154    12.869    
    SLICE_X15Y38         FDCE (Recov_fdce_C_CLR)     -0.405    12.464    snn_core_group_top/design_1_wrapper/design_1/design_1_axi_interconnect_hp0_0/s03_couplers_imp_13X28CE/design_1_axi_interconnect_hp0_imp_auto_pc_3/design_1_axi_interconnect_hp0_imp_auto_pc_3_axi_protocol_converter_v2_1_37_axi_protocol_converter/design_1_axi_interconnect_hp0_imp_auto_pc_3_axi_protocol_converter_v2_1_37_axi3_conv/design_1_axi_interconnect_hp0_imp_auto_pc_3_axi_protocol_converter_v2_1_37_a_axi3_conv/design_1_axi_interconnect_hp0_imp_auto_pc_3_axi_data_fifo_v2_1_36_axic_fifo/design_1_axi_interconnect_hp0_imp_auto_pc_3_axi_data_fifo_v2_1_36_fifo_gen_1/<hidden>/<hidden>/<hidden>/<hidden>/<hidden>/<hidden>
  -------------------------------------------------------------------
                         required time                         12.464    
                         arrival time                          -6.304    
  -------------------------------------------------------------------
                         slack                                  6.160    

Slack (MET) :             6.160ns  (required time - arrival time)
  Source:                 snn_core_group_top/design_1_wrapper/design_1/design_1_axi_interconnect_hp0_0/s03_couplers_imp_13X28CE/design_1_axi_interconnect_hp0_imp_auto_pc_3/design_1_axi_interconnect_hp0_imp_auto_pc_3_axi_protocol_converter_v2_1_37_axi_protocol_converter/design_1_axi_interconnect_hp0_imp_auto_pc_3_axi_protocol_converter_v2_1_37_axi3_conv/design_1_axi_interconnect_hp0_imp_auto_pc_3_axi_protocol_converter_v2_1_37_a_axi3_conv/design_1_axi_interconnect_hp0_imp_auto_pc_3_axi_data_fifo_v2_1_36_axic_fifo/design_1_axi_interconnect_hp0_imp_auto_pc_3_axi_data_fifo_v2_1_36_fifo_gen_1/<hidden>/<hidden>/<hidden>/<hidden>/<hidden>/<hidden>
                            (rising edge-triggered cell FDPE clocked by clk_fpga_0  {rise@0.000ns fall@5.000ns period=10.000ns})
  Destination:            snn_core_group_top/design_1_wrapper/design_1/design_1_axi_interconnect_hp0_0/s03_couplers_imp_13X28CE/design_1_axi_interconnect_hp0_imp_auto_pc_3/design_1_axi_interconnect_hp0_imp_auto_pc_3_axi_protocol_converter_v2_1_37_axi_protocol_converter/design_1_axi_interconnect_hp0_imp_auto_pc_3_axi_protocol_converter_v2_1_37_axi3_conv/design_1_axi_interconnect_hp0_imp_auto_pc_3_axi_protocol_converter_v2_1_37_a_axi3_conv/design_1_axi_interconnect_hp0_imp_auto_pc_3_axi_data_fifo_v2_1_36_axic_fifo/design_1_axi_interconnect_hp0_imp_auto_pc_3_axi_data_fifo_v2_1_36_fifo_gen_1/<hidden>/<hidden>/<hidden>/<hidden>/<hidden>/<hidden>
                            (recovery check against rising-edge clock clk_fpga_0  {rise@0.000ns fall@5.000ns period=10.000ns})
  Path Group:             **async_default**
  Path Type:              Recovery (Max at Slow Process Corner)
  Requirement:            10.000ns  (clk_fpga_0 rise@10.000ns - clk_fpga_0 rise@0.000ns)
  Data Path Delay:        3.255ns  (logic 0.773ns (23.747%)  route 2.482ns (76.253%))
  Logic Levels:           1  (LUT3=1)
  Clock Path Skew:        -0.026ns (DCD - SCD + CPR)
    Destination Clock Delay (DCD):    2.757ns = ( 12.757 - 10.000 ) 
    Source Clock Delay      (SCD):    3.049ns
    Clock Pessimism Removal (CPR):    0.267ns
  Clock Uncertainty:      0.154ns  ((TSJ^2 + TIJ^2)^1/2 + DJ) / 2 + PE
    Total System Jitter     (TSJ):    0.071ns
    Total Input Jitter      (TIJ):    0.300ns
    Discrete Jitter          (DJ):    0.000ns
    Phase Error              (PE):    0.000ns

    Location             Delay type                Incr(ns)  Path(ns)    Netlist Resource(s)
  -------------------------------------------------------------------    -------------------
                         (clock clk_fpga_0 rise edge)
                                                      0.000     0.000 r  
    PS7_X0Y0             PS7                          0.000     0.000 r  u_block_design/design_1_i/processing_system7_0/inst/PS7_i/FCLKCLK[0]
                         net (fo=1, routed)           1.193     1.193    u_block_design/design_1_i/processing_system7_0/inst/FCLK_CLK_unbuffered[0]
    BUFGCTRL_X0Y16       BUFG (Prop_bufg_I_O)         0.101     1.294 r  u_block_design/design_1_i/processing_system7_0/inst/buffer_fclk_clk_0.FCLK_CLK_0_BUFG/O
                         net (fo=12063, routed)       1.755     3.049    snn_core_group_top/design_1_wrapper/design_1/design_1_axi_interconnect_hp0_0/s03_couplers_imp_13X28CE/design_1_axi_interconnect_hp0_imp_auto_pc_3/design_1_axi_interconnect_hp0_imp_auto_pc_3_axi_protocol_converter_v2_1_37_axi_protocol_converter/design_1_axi_interconnect_hp0_imp_auto_pc_3_axi_protocol_converter_v2_1_37_axi3_conv/design_1_axi_interconnect_hp0_imp_auto_pc_3_axi_protocol_converter_v2_1_37_a_axi3_conv/design_1_axi_interconnect_hp0_imp_auto_pc_3_axi_data_fifo_v2_1_36_axic_fifo/design_1_axi_interconnect_hp0_imp_auto_pc_3_axi_data_fifo_v2_1_36_fifo_gen_1/<hidden>/<hidden>/<hidden>/<hidden>/<hidden>/<hidden>
    SLICE_X14Y39         FDPE                                         r  snn_core_group_top/design_1_wrapper/design_1/design_1_axi_interconnect_hp0_0/s03_couplers_imp_13X28CE/design_1_axi_interconnect_hp0_imp_auto_pc_3/design_1_axi_interconnect_hp0_imp_auto_pc_3_axi_protocol_converter_v2_1_37_axi_protocol_converter/design_1_axi_interconnect_hp0_imp_auto_pc_3_axi_protocol_converter_v2_1_37_axi3_conv/design_1_axi_interconnect_hp0_imp_auto_pc_3_axi_protocol_converter_v2_1_37_a_axi3_conv/design_1_axi_interconnect_hp0_imp_auto_pc_3_axi_data_fifo_v2_1_36_axic_fifo/design_1_axi_interconnect_hp0_imp_auto_pc_3_axi_data_fifo_v2_1_36_fifo_gen_1/<hidden>/<hidden>/<hidden>/<hidden>/<hidden>/<hidden>
  -------------------------------------------------------------------    -------------------
    SLICE_X14Y39         FDPE (Prop_fdpe_C_Q)         0.478     3.527 f  snn_core_group_top/design_1_wrapper/design_1/design_1_axi_interconnect_hp0_0/s03_couplers_imp_13X28CE/design_1_axi_interconnect_hp0_imp_auto_pc_3/design_1_axi_interconnect_hp0_imp_auto_pc_3_axi_protocol_converter_v2_1_37_axi_protocol_converter/design_1_axi_interconnect_hp0_imp_auto_pc_3_axi_protocol_converter_v2_1_37_axi3_conv/design_1_axi_interconnect_hp0_imp_auto_pc_3_axi_protocol_converter_v2_1_37_a_axi3_conv/design_1_axi_interconnect_hp0_imp_auto_pc_3_axi_data_fifo_v2_1_36_axic_fifo/design_1_axi_interconnect_hp0_imp_auto_pc_3_axi_data_fifo_v2_1_36_fifo_gen_1/<hidden>/<hidden>/<hidden>/<hidden>/<hidden>/<hidden>
                         net (fo=3, routed)           1.145     4.672    snn_core_group_top/design_1_wrapper/design_1/design_1_axi_interconnect_hp0_0/s03_couplers_imp_13X28CE/design_1_axi_interconnect_hp0_imp_auto_pc_3/design_1_axi_interconnect_hp0_imp_auto_pc_3_axi_protocol_converter_v2_1_37_axi_protocol_converter/design_1_axi_interconnect_hp0_imp_auto_pc_3_axi_protocol_converter_v2_1_37_axi3_conv/design_1_axi_interconnect_hp0_imp_auto_pc_3_axi_protocol_converter_v2_1_37_a_axi3_conv/design_1_axi_interconnect_hp0_imp_auto_pc_3_axi_data_fifo_v2_1_36_axic_fifo/design_1_axi_interconnect_hp0_imp_auto_pc_3_axi_data_fifo_v2_1_36_fifo_gen_1/<hidden>/<hidden>/<hidden>/<hidden>/<hidden>
    SLICE_X14Y39         LUT3 (Prop_lut3_I2_O)        0.295     4.967 f  snn_core_group_top/design_1_wrapper/design_1/design_1_axi_interconnect_hp0_0/s03_couplers_imp_13X28CE/design_1_axi_interconnect_hp0_imp_auto_pc_3/design_1_axi_interconnect_hp0_imp_auto_pc_3_axi_protocol_converter_v2_1_37_axi_protocol_converter/design_1_axi_interconnect_hp0_imp_auto_pc_3_axi_protocol_converter_v2_1_37_axi3_conv/design_1_axi_interconnect_hp0_imp_auto_pc_3_axi_protocol_converter_v2_1_37_a_axi3_conv/design_1_axi_interconnect_hp0_imp_auto_pc_3_axi_data_fifo_v2_1_36_axic_fifo/design_1_axi_interconnect_hp0_imp_auto_pc_3_axi_data_fifo_v2_1_36_fifo_gen_1/<hidden>/<hidden>/<hidden>/<hidden>/<hidden>
                         net (fo=32, routed)          1.338     6.304    snn_core_group_top/design_1_wrapper/design_1/design_1_axi_interconnect_hp0_0/s03_couplers_imp_13X28CE/design_1_axi_interconnect_hp0_imp_auto_pc_3/design_1_axi_interconnect_hp0_imp_auto_pc_3_axi_protocol_converter_v2_1_37_axi_protocol_converter/design_1_axi_interconnect_hp0_imp_auto_pc_3_axi_protocol_converter_v2_1_37_axi3_conv/design_1_axi_interconnect_hp0_imp_auto_pc_3_axi_protocol_converter_v2_1_37_a_axi3_conv/design_1_axi_interconnect_hp0_imp_auto_pc_3_axi_data_fifo_v2_1_36_axic_fifo/design_1_axi_interconnect_hp0_imp_auto_pc_3_axi_data_fifo_v2_1_36_fifo_gen_1/<hidden>/<hidden>/<hidden>/<hidden>/<hidden>/<hidden>
    SLICE_X15Y38         FDCE                                         f  snn_core_group_top/design_1_wrapper/design_1/design_1_axi_interconnect_hp0_0/s03_couplers_imp_13X28CE/design_1_axi_interconnect_hp0_imp_auto_pc_3/design_1_axi_interconnect_hp0_imp_auto_pc_3_axi_protocol_converter_v2_1_37_axi_protocol_converter/design_1_axi_interconnect_hp0_imp_auto_pc_3_axi_protocol_converter_v2_1_37_axi3_conv/design_1_axi_interconnect_hp0_imp_auto_pc_3_axi_protocol_converter_v2_1_37_a_axi3_conv/design_1_axi_interconnect_hp0_imp_auto_pc_3_axi_data_fifo_v2_1_36_axic_fifo/design_1_axi_interconnect_hp0_imp_auto_pc_3_axi_data_fifo_v2_1_36_fifo_gen_1/<hidden>/<hidden>/<hidden>/<hidden>/<hidden>/<hidden>
  -------------------------------------------------------------------    -------------------

                         (clock clk_fpga_0 rise edge)
                                                     10.000    10.000 r  
    PS7_X0Y0             PS7                          0.000    10.000 r  u_block_design/design_1_i/processing_system7_0/inst/PS7_i/FCLKCLK[0]
                         net (fo=1, routed)           1.088    11.088    u_block_design/design_1_i/processing_system7_0/inst/FCLK_CLK_unbuffered[0]
    BUFGCTRL_X0Y16       BUFG (Prop_bufg_I_O)         0.091    11.179 r  u_block_design/design_1_i/processing_system7_0/inst/buffer_fclk_clk_0.FCLK_CLK_0_BUFG/O
                         net (fo=12063, routed)       1.577    12.757    snn_core_group_top/design_1_wrapper/design_1/design_1_axi_interconnect_hp0_0/s03_couplers_imp_13X28CE/design_1_axi_interconnect_hp0_imp_auto_pc_3/design_1_axi_interconnect_hp0_imp_auto_pc_3_axi_protocol_converter_v2_1_37_axi_protocol_converter/design_1_axi_interconnect_hp0_imp_auto_pc_3_axi_protocol_converter_v2_1_37_axi3_conv/design_1_axi_interconnect_hp0_imp_auto_pc_3_axi_protocol_converter_v2_1_37_a_axi3_conv/design_1_axi_interconnect_hp0_imp_auto_pc_3_axi_data_fifo_v2_1_36_axic_fifo/design_1_axi_interconnect_hp0_imp_auto_pc_3_axi_data_fifo_v2_1_36_fifo_gen_1/<hidden>/<hidden>/<hidden>/<hidden>/<hidden>/<hidden>
    SLICE_X15Y38         FDCE                                         r  snn_core_group_top/design_1_wrapper/design_1/design_1_axi_interconnect_hp0_0/s03_couplers_imp_13X28CE/design_1_axi_interconnect_hp0_imp_auto_pc_3/design_1_axi_interconnect_hp0_imp_auto_pc_3_axi_protocol_converter_v2_1_37_axi_protocol_converter/design_1_axi_interconnect_hp0_imp_auto_pc_3_axi_protocol_converter_v2_1_37_axi3_conv/design_1_axi_interconnect_hp0_imp_auto_pc_3_axi_protocol_converter_v2_1_37_a_axi3_conv/design_1_axi_interconnect_hp0_imp_auto_pc_3_axi_data_fifo_v2_1_36_axic_fifo/design_1_axi_interconnect_hp0_imp_auto_pc_3_axi_data_fifo_v2_1_36_fifo_gen_1/<hidden>/<hidden>/<hidden>/<hidden>/<hidden>/<hidden>
                         clock pessimism              0.267    13.023    
                         clock uncertainty           -0.154    12.869    
    SLICE_X15Y38         FDCE (Recov_fdce_C_CLR)     -0.405    12.464    snn_core_group_top/design_1_wrapper/design_1/design_1_axi_interconnect_hp0_0/s03_couplers_imp_13X28CE/design_1_axi_interconnect_hp0_imp_auto_pc_3/design_1_axi_interconnect_hp0_imp_auto_pc_3_axi_protocol_converter_v2_1_37_axi_protocol_converter/design_1_axi_interconnect_hp0_imp_auto_pc_3_axi_protocol_converter_v2_1_37_axi3_conv/design_1_axi_interconnect_hp0_imp_auto_pc_3_axi_protocol_converter_v2_1_37_a_axi3_conv/design_1_axi_interconnect_hp0_imp_auto_pc_3_axi_data_fifo_v2_1_36_axic_fifo/design_1_axi_interconnect_hp0_imp_auto_pc_3_axi_data_fifo_v2_1_36_fifo_gen_1/<hidden>/<hidden>/<hidden>/<hidden>/<hidden>/<hidden>
  -------------------------------------------------------------------
                         required time                         12.464    
                         arrival time                          -6.304    
  -------------------------------------------------------------------
                         slack                                  6.160    

Slack (MET) :             6.160ns  (required time - arrival time)
  Source:                 snn_core_group_top/design_1_wrapper/design_1/design_1_axi_interconnect_hp0_0/s03_couplers_imp_13X28CE/design_1_axi_interconnect_hp0_imp_auto_pc_3/design_1_axi_interconnect_hp0_imp_auto_pc_3_axi_protocol_converter_v2_1_37_axi_protocol_converter/design_1_axi_interconnect_hp0_imp_auto_pc_3_axi_protocol_converter_v2_1_37_axi3_conv/design_1_axi_interconnect_hp0_imp_auto_pc_3_axi_protocol_converter_v2_1_37_a_axi3_conv/design_1_axi_interconnect_hp0_imp_auto_pc_3_axi_data_fifo_v2_1_36_axic_fifo/design_1_axi_interconnect_hp0_imp_auto_pc_3_axi_data_fifo_v2_1_36_fifo_gen_1/<hidden>/<hidden>/<hidden>/<hidden>/<hidden>/<hidden>
                            (rising edge-triggered cell FDPE clocked by clk_fpga_0  {rise@0.000ns fall@5.000ns period=10.000ns})
  Destination:            snn_core_group_top/design_1_wrapper/design_1/design_1_axi_interconnect_hp0_0/s03_couplers_imp_13X28CE/design_1_axi_interconnect_hp0_imp_auto_pc_3/design_1_axi_interconnect_hp0_imp_auto_pc_3_axi_protocol_converter_v2_1_37_axi_protocol_converter/design_1_axi_interconnect_hp0_imp_auto_pc_3_axi_protocol_converter_v2_1_37_axi3_conv/design_1_axi_interconnect_hp0_imp_auto_pc_3_axi_protocol_converter_v2_1_37_a_axi3_conv/design_1_axi_interconnect_hp0_imp_auto_pc_3_axi_data_fifo_v2_1_36_axic_fifo/design_1_axi_interconnect_hp0_imp_auto_pc_3_axi_data_fifo_v2_1_36_fifo_gen_1/<hidden>/<hidden>/<hidden>/<hidden>/<hidden>/<hidden>
                            (recovery check against rising-edge clock clk_fpga_0  {rise@0.000ns fall@5.000ns period=10.000ns})
  Path Group:             **async_default**
  Path Type:              Recovery (Max at Slow Process Corner)
  Requirement:            10.000ns  (clk_fpga_0 rise@10.000ns - clk_fpga_0 rise@0.000ns)
  Data Path Delay:        3.255ns  (logic 0.773ns (23.747%)  route 2.482ns (76.253%))
  Logic Levels:           1  (LUT3=1)
  Clock Path Skew:        -0.026ns (DCD - SCD + CPR)
    Destination Clock Delay (DCD):    2.757ns = ( 12.757 - 10.000 ) 
    Source Clock Delay      (SCD):    3.049ns
    Clock Pessimism Removal (CPR):    0.267ns
  Clock Uncertainty:      0.154ns  ((TSJ^2 + TIJ^2)^1/2 + DJ) / 2 + PE
    Total System Jitter     (TSJ):    0.071ns
    Total Input Jitter      (TIJ):    0.300ns
    Discrete Jitter          (DJ):    0.000ns
    Phase Error              (PE):    0.000ns

    Location             Delay type                Incr(ns)  Path(ns)    Netlist Resource(s)
  -------------------------------------------------------------------    -------------------
                         (clock clk_fpga_0 rise edge)
                                                      0.000     0.000 r  
    PS7_X0Y0             PS7                          0.000     0.000 r  u_block_design/design_1_i/processing_system7_0/inst/PS7_i/FCLKCLK[0]
                         net (fo=1, routed)           1.193     1.193    u_block_design/design_1_i/processing_system7_0/inst/FCLK_CLK_unbuffered[0]
    BUFGCTRL_X0Y16       BUFG (Prop_bufg_I_O)         0.101     1.294 r  u_block_design/design_1_i/processing_system7_0/inst/buffer_fclk_clk_0.FCLK_CLK_0_BUFG/O
                         net (fo=12063, routed)       1.755     3.049    snn_core_group_top/design_1_wrapper/design_1/design_1_axi_interconnect_hp0_0/s03_couplers_imp_13X28CE/design_1_axi_interconnect_hp0_imp_auto_pc_3/design_1_axi_interconnect_hp0_imp_auto_pc_3_axi_protocol_converter_v2_1_37_axi_protocol_converter/design_1_axi_interconnect_hp0_imp_auto_pc_3_axi_protocol_converter_v2_1_37_axi3_conv/design_1_axi_interconnect_hp0_imp_auto_pc_3_axi_protocol_converter_v2_1_37_a_axi3_conv/design_1_axi_interconnect_hp0_imp_auto_pc_3_axi_data_fifo_v2_1_36_axic_fifo/design_1_axi_interconnect_hp0_imp_auto_pc_3_axi_data_fifo_v2_1_36_fifo_gen_1/<hidden>/<hidden>/<hidden>/<hidden>/<hidden>/<hidden>
    SLICE_X14Y39         FDPE                                         r  snn_core_group_top/design_1_wrapper/design_1/design_1_axi_interconnect_hp0_0/s03_couplers_imp_13X28CE/design_1_axi_interconnect_hp0_imp_auto_pc_3/design_1_axi_interconnect_hp0_imp_auto_pc_3_axi_protocol_converter_v2_1_37_axi_protocol_converter/design_1_axi_interconnect_hp0_imp_auto_pc_3_axi_protocol_converter_v2_1_37_axi3_conv/design_1_axi_interconnect_hp0_imp_auto_pc_3_axi_protocol_converter_v2_1_37_a_axi3_conv/design_1_axi_interconnect_hp0_imp_auto_pc_3_axi_data_fifo_v2_1_36_axic_fifo/design_1_axi_interconnect_hp0_imp_auto_pc_3_axi_data_fifo_v2_1_36_fifo_gen_1/<hidden>/<hidden>/<hidden>/<hidden>/<hidden>/<hidden>
  -------------------------------------------------------------------    -------------------
    SLICE_X14Y39         FDPE (Prop_fdpe_C_Q)         0.478     3.527 f  snn_core_group_top/design_1_wrapper/design_1/design_1_axi_interconnect_hp0_0/s03_couplers_imp_13X28CE/design_1_axi_interconnect_hp0_imp_auto_pc_3/design_1_axi_interconnect_hp0_imp_auto_pc_3_axi_protocol_converter_v2_1_37_axi_protocol_converter/design_1_axi_interconnect_hp0_imp_auto_pc_3_axi_protocol_converter_v2_1_37_axi3_conv/design_1_axi_interconnect_hp0_imp_auto_pc_3_axi_protocol_converter_v2_1_37_a_axi3_conv/design_1_axi_interconnect_hp0_imp_auto_pc_3_axi_data_fifo_v2_1_36_axic_fifo/design_1_axi_interconnect_hp0_imp_auto_pc_3_axi_data_fifo_v2_1_36_fifo_gen_1/<hidden>/<hidden>/<hidden>/<hidden>/<hidden>/<hidden>
                         net (fo=3, routed)           1.145     4.672    snn_core_group_top/design_1_wrapper/design_1/design_1_axi_interconnect_hp0_0/s03_couplers_imp_13X28CE/design_1_axi_interconnect_hp0_imp_auto_pc_3/design_1_axi_interconnect_hp0_imp_auto_pc_3_axi_protocol_converter_v2_1_37_axi_protocol_converter/design_1_axi_interconnect_hp0_imp_auto_pc_3_axi_protocol_converter_v2_1_37_axi3_conv/design_1_axi_interconnect_hp0_imp_auto_pc_3_axi_protocol_converter_v2_1_37_a_axi3_conv/design_1_axi_interconnect_hp0_imp_auto_pc_3_axi_data_fifo_v2_1_36_axic_fifo/design_1_axi_interconnect_hp0_imp_auto_pc_3_axi_data_fifo_v2_1_36_fifo_gen_1/<hidden>/<hidden>/<hidden>/<hidden>/<hidden>
    SLICE_X14Y39         LUT3 (Prop_lut3_I2_O)        0.295     4.967 f  snn_core_group_top/design_1_wrapper/design_1/design_1_axi_interconnect_hp0_0/s03_couplers_imp_13X28CE/design_1_axi_interconnect_hp0_imp_auto_pc_3/design_1_axi_interconnect_hp0_imp_auto_pc_3_axi_protocol_converter_v2_1_37_axi_protocol_converter/design_1_axi_interconnect_hp0_imp_auto_pc_3_axi_protocol_converter_v2_1_37_axi3_conv/design_1_axi_interconnect_hp0_imp_auto_pc_3_axi_protocol_converter_v2_1_37_a_axi3_conv/design_1_axi_interconnect_hp0_imp_auto_pc_3_axi_data_fifo_v2_1_36_axic_fifo/design_1_axi_interconnect_hp0_imp_auto_pc_3_axi_data_fifo_v2_1_36_fifo_gen_1/<hidden>/<hidden>/<hidden>/<hidden>/<hidden>
                         net (fo=32, routed)          1.338     6.304    snn_core_group_top/design_1_wrapper/design_1/design_1_axi_interconnect_hp0_0/s03_couplers_imp_13X28CE/design_1_axi_interconnect_hp0_imp_auto_pc_3/design_1_axi_interconnect_hp0_imp_auto_pc_3_axi_protocol_converter_v2_1_37_axi_protocol_converter/design_1_axi_interconnect_hp0_imp_auto_pc_3_axi_protocol_converter_v2_1_37_axi3_conv/design_1_axi_interconnect_hp0_imp_auto_pc_3_axi_protocol_converter_v2_1_37_a_axi3_conv/design_1_axi_interconnect_hp0_imp_auto_pc_3_axi_data_fifo_v2_1_36_axic_fifo/design_1_axi_interconnect_hp0_imp_auto_pc_3_axi_data_fifo_v2_1_36_fifo_gen_1/<hidden>/<hidden>/<hidden>/<hidden>/<hidden>/<hidden>
    SLICE_X15Y38         FDCE                                         f  snn_core_group_top/design_1_wrapper/design_1/design_1_axi_interconnect_hp0_0/s03_couplers_imp_13X28CE/design_1_axi_interconnect_hp0_imp_auto_pc_3/design_1_axi_interconnect_hp0_imp_auto_pc_3_axi_protocol_converter_v2_1_37_axi_protocol_converter/design_1_axi_interconnect_hp0_imp_auto_pc_3_axi_protocol_converter_v2_1_37_axi3_conv/design_1_axi_interconnect_hp0_imp_auto_pc_3_axi_protocol_converter_v2_1_37_a_axi3_conv/design_1_axi_interconnect_hp0_imp_auto_pc_3_axi_data_fifo_v2_1_36_axic_fifo/design_1_axi_interconnect_hp0_imp_auto_pc_3_axi_data_fifo_v2_1_36_fifo_gen_1/<hidden>/<hidden>/<hidden>/<hidden>/<hidden>/<hidden>
  -------------------------------------------------------------------    -------------------

                         (clock clk_fpga_0 rise edge)
                                                     10.000    10.000 r  
    PS7_X0Y0             PS7                          0.000    10.000 r  u_block_design/design_1_i/processing_system7_0/inst/PS7_i/FCLKCLK[0]
                         net (fo=1, routed)           1.088    11.088    u_block_design/design_1_i/processing_system7_0/inst/FCLK_CLK_unbuffered[0]
    BUFGCTRL_X0Y16       BUFG (Prop_bufg_I_O)         0.091    11.179 r  u_block_design/design_1_i/processing_system7_0/inst/buffer_fclk_clk_0.FCLK_CLK_0_BUFG/O
                         net (fo=12063, routed)       1.577    12.757    snn_core_group_top/design_1_wrapper/design_1/design_1_axi_interconnect_hp0_0/s03_couplers_imp_13X28CE/design_1_axi_interconnect_hp0_imp_auto_pc_3/design_1_axi_interconnect_hp0_imp_auto_pc_3_axi_protocol_converter_v2_1_37_axi_protocol_converter/design_1_axi_interconnect_hp0_imp_auto_pc_3_axi_protocol_converter_v2_1_37_axi3_conv/design_1_axi_interconnect_hp0_imp_auto_pc_3_axi_protocol_converter_v2_1_37_a_axi3_conv/design_1_axi_interconnect_hp0_imp_auto_pc_3_axi_data_fifo_v2_1_36_axic_fifo/design_1_axi_interconnect_hp0_imp_auto_pc_3_axi_data_fifo_v2_1_36_fifo_gen_1/<hidden>/<hidden>/<hidden>/<hidden>/<hidden>/<hidden>
    SLICE_X15Y38         FDCE                                         r  snn_core_group_top/design_1_wrapper/design_1/design_1_axi_interconnect_hp0_0/s03_couplers_imp_13X28CE/design_1_axi_interconnect_hp0_imp_auto_pc_3/design_1_axi_interconnect_hp0_imp_auto_pc_3_axi_protocol_converter_v2_1_37_axi_protocol_converter/design_1_axi_interconnect_hp0_imp_auto_pc_3_axi_protocol_converter_v2_1_37_axi3_conv/design_1_axi_interconnect_hp0_imp_auto_pc_3_axi_protocol_converter_v2_1_37_a_axi3_conv/design_1_axi_interconnect_hp0_imp_auto_pc_3_axi_data_fifo_v2_1_36_axic_fifo/design_1_axi_interconnect_hp0_imp_auto_pc_3_axi_data_fifo_v2_1_36_fifo_gen_1/<hidden>/<hidden>/<hidden>/<hidden>/<hidden>/<hidden>
                         clock pessimism              0.267    13.023    
                         clock uncertainty           -0.154    12.869    
    SLICE_X15Y38         FDCE (Recov_fdce_C_CLR)     -0.405    12.464    snn_core_group_top/design_1_wrapper/design_1/design_1_axi_interconnect_hp0_0/s03_couplers_imp_13X28CE/design_1_axi_interconnect_hp0_imp_auto_pc_3/design_1_axi_interconnect_hp0_imp_auto_pc_3_axi_protocol_converter_v2_1_37_axi_protocol_converter/design_1_axi_interconnect_hp0_imp_auto_pc_3_axi_protocol_converter_v2_1_37_axi3_conv/design_1_axi_interconnect_hp0_imp_auto_pc_3_axi_protocol_converter_v2_1_37_a_axi3_conv/design_1_axi_interconnect_hp0_imp_auto_pc_3_axi_data_fifo_v2_1_36_axic_fifo/design_1_axi_interconnect_hp0_imp_auto_pc_3_axi_data_fifo_v2_1_36_fifo_gen_1/<hidden>/<hidden>/<hidden>/<hidden>/<hidden>/<hidden>
  -------------------------------------------------------------------
                         required time                         12.464    
                         arrival time                          -6.304    
  -------------------------------------------------------------------
                         slack                                  6.160    

Slack (MET) :             6.160ns  (required time - arrival time)
  Source:                 snn_core_group_top/design_1_wrapper/design_1/design_1_axi_interconnect_hp0_0/s03_couplers_imp_13X28CE/design_1_axi_interconnect_hp0_imp_auto_pc_3/design_1_axi_interconnect_hp0_imp_auto_pc_3_axi_protocol_converter_v2_1_37_axi_protocol_converter/design_1_axi_interconnect_hp0_imp_auto_pc_3_axi_protocol_converter_v2_1_37_axi3_conv/design_1_axi_interconnect_hp0_imp_auto_pc_3_axi_protocol_converter_v2_1_37_a_axi3_conv/design_1_axi_interconnect_hp0_imp_auto_pc_3_axi_data_fifo_v2_1_36_axic_fifo/design_1_axi_interconnect_hp0_imp_auto_pc_3_axi_data_fifo_v2_1_36_fifo_gen_1/<hidden>/<hidden>/<hidden>/<hidden>/<hidden>/<hidden>
                            (rising edge-triggered cell FDPE clocked by clk_fpga_0  {rise@0.000ns fall@5.000ns period=10.000ns})
  Destination:            snn_core_group_top/design_1_wrapper/design_1/design_1_axi_interconnect_hp0_0/s03_couplers_imp_13X28CE/design_1_axi_interconnect_hp0_imp_auto_pc_3/design_1_axi_interconnect_hp0_imp_auto_pc_3_axi_protocol_converter_v2_1_37_axi_protocol_converter/design_1_axi_interconnect_hp0_imp_auto_pc_3_axi_protocol_converter_v2_1_37_axi3_conv/design_1_axi_interconnect_hp0_imp_auto_pc_3_axi_protocol_converter_v2_1_37_a_axi3_conv/design_1_axi_interconnect_hp0_imp_auto_pc_3_axi_data_fifo_v2_1_36_axic_fifo/design_1_axi_interconnect_hp0_imp_auto_pc_3_axi_data_fifo_v2_1_36_fifo_gen_1/<hidden>/<hidden>/<hidden>/<hidden>/<hidden>/<hidden>
                            (recovery check against rising-edge clock clk_fpga_0  {rise@0.000ns fall@5.000ns period=10.000ns})
  Path Group:             **async_default**
  Path Type:              Recovery (Max at Slow Process Corner)
  Requirement:            10.000ns  (clk_fpga_0 rise@10.000ns - clk_fpga_0 rise@0.000ns)
  Data Path Delay:        3.255ns  (logic 0.773ns (23.747%)  route 2.482ns (76.253%))
  Logic Levels:           1  (LUT3=1)
  Clock Path Skew:        -0.026ns (DCD - SCD + CPR)
    Destination Clock Delay (DCD):    2.757ns = ( 12.757 - 10.000 ) 
    Source Clock Delay      (SCD):    3.049ns
    Clock Pessimism Removal (CPR):    0.267ns
  Clock Uncertainty:      0.154ns  ((TSJ^2 + TIJ^2)^1/2 + DJ) / 2 + PE
    Total System Jitter     (TSJ):    0.071ns
    Total Input Jitter      (TIJ):    0.300ns
    Discrete Jitter          (DJ):    0.000ns
    Phase Error              (PE):    0.000ns

    Location             Delay type                Incr(ns)  Path(ns)    Netlist Resource(s)
  -------------------------------------------------------------------    -------------------
                         (clock clk_fpga_0 rise edge)
                                                      0.000     0.000 r  
    PS7_X0Y0             PS7                          0.000     0.000 r  u_block_design/design_1_i/processing_system7_0/inst/PS7_i/FCLKCLK[0]
                         net (fo=1, routed)           1.193     1.193    u_block_design/design_1_i/processing_system7_0/inst/FCLK_CLK_unbuffered[0]
    BUFGCTRL_X0Y16       BUFG (Prop_bufg_I_O)         0.101     1.294 r  u_block_design/design_1_i/processing_system7_0/inst/buffer_fclk_clk_0.FCLK_CLK_0_BUFG/O
                         net (fo=12063, routed)       1.755     3.049    snn_core_group_top/design_1_wrapper/design_1/design_1_axi_interconnect_hp0_0/s03_couplers_imp_13X28CE/design_1_axi_interconnect_hp0_imp_auto_pc_3/design_1_axi_interconnect_hp0_imp_auto_pc_3_axi_protocol_converter_v2_1_37_axi_protocol_converter/design_1_axi_interconnect_hp0_imp_auto_pc_3_axi_protocol_converter_v2_1_37_axi3_conv/design_1_axi_interconnect_hp0_imp_auto_pc_3_axi_protocol_converter_v2_1_37_a_axi3_conv/design_1_axi_interconnect_hp0_imp_auto_pc_3_axi_data_fifo_v2_1_36_axic_fifo/design_1_axi_interconnect_hp0_imp_auto_pc_3_axi_data_fifo_v2_1_36_fifo_gen_1/<hidden>/<hidden>/<hidden>/<hidden>/<hidden>/<hidden>
    SLICE_X14Y39         FDPE                                         r  snn_core_group_top/design_1_wrapper/design_1/design_1_axi_interconnect_hp0_0/s03_couplers_imp_13X28CE/design_1_axi_interconnect_hp0_imp_auto_pc_3/design_1_axi_interconnect_hp0_imp_auto_pc_3_axi_protocol_converter_v2_1_37_axi_protocol_converter/design_1_axi_interconnect_hp0_imp_auto_pc_3_axi_protocol_converter_v2_1_37_axi3_conv/design_1_axi_interconnect_hp0_imp_auto_pc_3_axi_protocol_converter_v2_1_37_a_axi3_conv/design_1_axi_interconnect_hp0_imp_auto_pc_3_axi_data_fifo_v2_1_36_axic_fifo/design_1_axi_interconnect_hp0_imp_auto_pc_3_axi_data_fifo_v2_1_36_fifo_gen_1/<hidden>/<hidden>/<hidden>/<hidden>/<hidden>/<hidden>
  -------------------------------------------------------------------    -------------------
    SLICE_X14Y39         FDPE (Prop_fdpe_C_Q)         0.478     3.527 f  snn_core_group_top/design_1_wrapper/design_1/design_1_axi_interconnect_hp0_0/s03_couplers_imp_13X28CE/design_1_axi_interconnect_hp0_imp_auto_pc_3/design_1_axi_interconnect_hp0_imp_auto_pc_3_axi_protocol_converter_v2_1_37_axi_protocol_converter/design_1_axi_interconnect_hp0_imp_auto_pc_3_axi_protocol_converter_v2_1_37_axi3_conv/design_1_axi_interconnect_hp0_imp_auto_pc_3_axi_protocol_converter_v2_1_37_a_axi3_conv/design_1_axi_interconnect_hp0_imp_auto_pc_3_axi_data_fifo_v2_1_36_axic_fifo/design_1_axi_interconnect_hp0_imp_auto_pc_3_axi_data_fifo_v2_1_36_fifo_gen_1/<hidden>/<hidden>/<hidden>/<hidden>/<hidden>/<hidden>
                         net (fo=3, routed)           1.145     4.672    snn_core_group_top/design_1_wrapper/design_1/design_1_axi_interconnect_hp0_0/s03_couplers_imp_13X28CE/design_1_axi_interconnect_hp0_imp_auto_pc_3/design_1_axi_interconnect_hp0_imp_auto_pc_3_axi_protocol_converter_v2_1_37_axi_protocol_converter/design_1_axi_interconnect_hp0_imp_auto_pc_3_axi_protocol_converter_v2_1_37_axi3_conv/design_1_axi_interconnect_hp0_imp_auto_pc_3_axi_protocol_converter_v2_1_37_a_axi3_conv/design_1_axi_interconnect_hp0_imp_auto_pc_3_axi_data_fifo_v2_1_36_axic_fifo/design_1_axi_interconnect_hp0_imp_auto_pc_3_axi_data_fifo_v2_1_36_fifo_gen_1/<hidden>/<hidden>/<hidden>/<hidden>/<hidden>
    SLICE_X14Y39         LUT3 (Prop_lut3_I2_O)        0.295     4.967 f  snn_core_group_top/design_1_wrapper/design_1/design_1_axi_interconnect_hp0_0/s03_couplers_imp_13X28CE/design_1_axi_interconnect_hp0_imp_auto_pc_3/design_1_axi_interconnect_hp0_imp_auto_pc_3_axi_protocol_converter_v2_1_37_axi_protocol_converter/design_1_axi_interconnect_hp0_imp_auto_pc_3_axi_protocol_converter_v2_1_37_axi3_conv/design_1_axi_interconnect_hp0_imp_auto_pc_3_axi_protocol_converter_v2_1_37_a_axi3_conv/design_1_axi_interconnect_hp0_imp_auto_pc_3_axi_data_fifo_v2_1_36_axic_fifo/design_1_axi_interconnect_hp0_imp_auto_pc_3_axi_data_fifo_v2_1_36_fifo_gen_1/<hidden>/<hidden>/<hidden>/<hidden>/<hidden>
                         net (fo=32, routed)          1.338     6.304    snn_core_group_top/design_1_wrapper/design_1/design_1_axi_interconnect_hp0_0/s03_couplers_imp_13X28CE/design_1_axi_interconnect_hp0_imp_auto_pc_3/design_1_axi_interconnect_hp0_imp_auto_pc_3_axi_protocol_converter_v2_1_37_axi_protocol_converter/design_1_axi_interconnect_hp0_imp_auto_pc_3_axi_protocol_converter_v2_1_37_axi3_conv/design_1_axi_interconnect_hp0_imp_auto_pc_3_axi_protocol_converter_v2_1_37_a_axi3_conv/design_1_axi_interconnect_hp0_imp_auto_pc_3_axi_data_fifo_v2_1_36_axic_fifo/design_1_axi_interconnect_hp0_imp_auto_pc_3_axi_data_fifo_v2_1_36_fifo_gen_1/<hidden>/<hidden>/<hidden>/<hidden>/<hidden>/<hidden>
    SLICE_X15Y38         FDCE                                         f  snn_core_group_top/design_1_wrapper/design_1/design_1_axi_interconnect_hp0_0/s03_couplers_imp_13X28CE/design_1_axi_interconnect_hp0_imp_auto_pc_3/design_1_axi_interconnect_hp0_imp_auto_pc_3_axi_protocol_converter_v2_1_37_axi_protocol_converter/design_1_axi_interconnect_hp0_imp_auto_pc_3_axi_protocol_converter_v2_1_37_axi3_conv/design_1_axi_interconnect_hp0_imp_auto_pc_3_axi_protocol_converter_v2_1_37_a_axi3_conv/design_1_axi_interconnect_hp0_imp_auto_pc_3_axi_data_fifo_v2_1_36_axic_fifo/design_1_axi_interconnect_hp0_imp_auto_pc_3_axi_data_fifo_v2_1_36_fifo_gen_1/<hidden>/<hidden>/<hidden>/<hidden>/<hidden>/<hidden>
  -------------------------------------------------------------------    -------------------

                         (clock clk_fpga_0 rise edge)
                                                     10.000    10.000 r  
    PS7_X0Y0             PS7                          0.000    10.000 r  u_block_design/design_1_i/processing_system7_0/inst/PS7_i/FCLKCLK[0]
                         net (fo=1, routed)           1.088    11.088    u_block_design/design_1_i/processing_system7_0/inst/FCLK_CLK_unbuffered[0]
    BUFGCTRL_X0Y16       BUFG (Prop_bufg_I_O)         0.091    11.179 r  u_block_design/design_1_i/processing_system7_0/inst/buffer_fclk_clk_0.FCLK_CLK_0_BUFG/O
                         net (fo=12063, routed)       1.577    12.757    snn_core_group_top/design_1_wrapper/design_1/design_1_axi_interconnect_hp0_0/s03_couplers_imp_13X28CE/design_1_axi_interconnect_hp0_imp_auto_pc_3/design_1_axi_interconnect_hp0_imp_auto_pc_3_axi_protocol_converter_v2_1_37_axi_protocol_converter/design_1_axi_interconnect_hp0_imp_auto_pc_3_axi_protocol_converter_v2_1_37_axi3_conv/design_1_axi_interconnect_hp0_imp_auto_pc_3_axi_protocol_converter_v2_1_37_a_axi3_conv/design_1_axi_interconnect_hp0_imp_auto_pc_3_axi_data_fifo_v2_1_36_axic_fifo/design_1_axi_interconnect_hp0_imp_auto_pc_3_axi_data_fifo_v2_1_36_fifo_gen_1/<hidden>/<hidden>/<hidden>/<hidden>/<hidden>/<hidden>
    SLICE_X15Y38         FDCE                                         r  snn_core_group_top/design_1_wrapper/design_1/design_1_axi_interconnect_hp0_0/s03_couplers_imp_13X28CE/design_1_axi_interconnect_hp0_imp_auto_pc_3/design_1_axi_interconnect_hp0_imp_auto_pc_3_axi_protocol_converter_v2_1_37_axi_protocol_converter/design_1_axi_interconnect_hp0_imp_auto_pc_3_axi_protocol_converter_v2_1_37_axi3_conv/design_1_axi_interconnect_hp0_imp_auto_pc_3_axi_protocol_converter_v2_1_37_a_axi3_conv/design_1_axi_interconnect_hp0_imp_auto_pc_3_axi_data_fifo_v2_1_36_axic_fifo/design_1_axi_interconnect_hp0_imp_auto_pc_3_axi_data_fifo_v2_1_36_fifo_gen_1/<hidden>/<hidden>/<hidden>/<hidden>/<hidden>/<hidden>
                         clock pessimism              0.267    13.023    
                         clock uncertainty           -0.154    12.869    
    SLICE_X15Y38         FDCE (Recov_fdce_C_CLR)     -0.405    12.464    snn_core_group_top/design_1_wrapper/design_1/design_1_axi_interconnect_hp0_0/s03_couplers_imp_13X28CE/design_1_axi_interconnect_hp0_imp_auto_pc_3/design_1_axi_interconnect_hp0_imp_auto_pc_3_axi_protocol_converter_v2_1_37_axi_protocol_converter/design_1_axi_interconnect_hp0_imp_auto_pc_3_axi_protocol_converter_v2_1_37_axi3_conv/design_1_axi_interconnect_hp0_imp_auto_pc_3_axi_protocol_converter_v2_1_37_a_axi3_conv/design_1_axi_interconnect_hp0_imp_auto_pc_3_axi_data_fifo_v2_1_36_axic_fifo/design_1_axi_interconnect_hp0_imp_auto_pc_3_axi_data_fifo_v2_1_36_fifo_gen_1/<hidden>/<hidden>/<hidden>/<hidden>/<hidden>/<hidden>
  -------------------------------------------------------------------
                         required time                         12.464    
                         arrival time                          -6.304    
  -------------------------------------------------------------------
                         slack                                  6.160    

Slack (MET) :             6.166ns  (required time - arrival time)
  Source:                 snn_core_group_top/design_1_wrapper/design_1/design_1_axi_interconnect_hp0_0/s01_couplers_imp_12AUBLP/design_1_axi_interconnect_hp0_imp_auto_pc_1/design_1_axi_interconnect_hp0_imp_auto_pc_1_axi_protocol_converter_v2_1_37_axi_protocol_converter/design_1_axi_interconnect_hp0_imp_auto_pc_1_axi_protocol_converter_v2_1_37_axi3_conv/design_1_axi_interconnect_hp0_imp_auto_pc_1_axi_protocol_converter_v2_1_37_a_axi3_conv/design_1_axi_interconnect_hp0_imp_auto_pc_1_axi_data_fifo_v2_1_36_axic_fifo_0/design_1_axi_interconnect_hp0_imp_auto_pc_1_axi_data_fifo_v2_1_36_fifo_gen/<hidden>/<hidden>/<hidden>/<hidden>/<hidden>/<hidden>
                            (rising edge-triggered cell FDPE clocked by clk_fpga_0  {rise@0.000ns fall@5.000ns period=10.000ns})
  Destination:            snn_core_group_top/design_1_wrapper/design_1/design_1_axi_interconnect_hp0_0/s01_couplers_imp_12AUBLP/design_1_axi_interconnect_hp0_imp_auto_pc_1/design_1_axi_interconnect_hp0_imp_auto_pc_1_axi_protocol_converter_v2_1_37_axi_protocol_converter/design_1_axi_interconnect_hp0_imp_auto_pc_1_axi_protocol_converter_v2_1_37_axi3_conv/design_1_axi_interconnect_hp0_imp_auto_pc_1_axi_protocol_converter_v2_1_37_a_axi3_conv/design_1_axi_interconnect_hp0_imp_auto_pc_1_axi_data_fifo_v2_1_36_axic_fifo_0/design_1_axi_interconnect_hp0_imp_auto_pc_1_axi_data_fifo_v2_1_36_fifo_gen/<hidden>/<hidden>/<hidden>/<hidden>/<hidden>/<hidden>
                            (recovery check against rising-edge clock clk_fpga_0  {rise@0.000ns fall@5.000ns period=10.000ns})
  Path Group:             **async_default**
  Path Type:              Recovery (Max at Slow Process Corner)
  Requirement:            10.000ns  (clk_fpga_0 rise@10.000ns - clk_fpga_0 rise@0.000ns)
  Data Path Delay:        3.338ns  (logic 0.773ns (23.157%)  route 2.565ns (76.843%))
  Logic Levels:           1  (LUT3=1)
  Clock Path Skew:        -0.023ns (DCD - SCD + CPR)
    Destination Clock Delay (DCD):    2.674ns = ( 12.674 - 10.000 ) 
    Source Clock Delay      (SCD):    2.960ns
    Clock Pessimism Removal (CPR):    0.263ns
  Clock Uncertainty:      0.154ns  ((TSJ^2 + TIJ^2)^1/2 + DJ) / 2 + PE
    Total System Jitter     (TSJ):    0.071ns
    Total Input Jitter      (TIJ):    0.300ns
    Discrete Jitter          (DJ):    0.000ns
    Phase Error              (PE):    0.000ns

    Location             Delay type                Incr(ns)  Path(ns)    Netlist Resource(s)
  -------------------------------------------------------------------    -------------------
                         (clock clk_fpga_0 rise edge)
                                                      0.000     0.000 r  
    PS7_X0Y0             PS7                          0.000     0.000 r  u_block_design/design_1_i/processing_system7_0/inst/PS7_i/FCLKCLK[0]
                         net (fo=1, routed)           1.193     1.193    u_block_design/design_1_i/processing_system7_0/inst/FCLK_CLK_unbuffered[0]
    BUFGCTRL_X0Y16       BUFG (Prop_bufg_I_O)         0.101     1.294 r  u_block_design/design_1_i/processing_system7_0/inst/buffer_fclk_clk_0.FCLK_CLK_0_BUFG/O
                         net (fo=12063, routed)       1.666     2.960    snn_core_group_top/design_1_wrapper/design_1/design_1_axi_interconnect_hp0_0/s01_couplers_imp_12AUBLP/design_1_axi_interconnect_hp0_imp_auto_pc_1/design_1_axi_interconnect_hp0_imp_auto_pc_1_axi_protocol_converter_v2_1_37_axi_protocol_converter/design_1_axi_interconnect_hp0_imp_auto_pc_1_axi_protocol_converter_v2_1_37_axi3_conv/design_1_axi_interconnect_hp0_imp_auto_pc_1_axi_protocol_converter_v2_1_37_a_axi3_conv/design_1_axi_interconnect_hp0_imp_auto_pc_1_axi_data_fifo_v2_1_36_axic_fifo_0/design_1_axi_interconnect_hp0_imp_auto_pc_1_axi_data_fifo_v2_1_36_fifo_gen/<hidden>/<hidden>/<hidden>/<hidden>/<hidden>/<hidden>
    SLICE_X42Y39         FDPE                                         r  snn_core_group_top/design_1_wrapper/design_1/design_1_axi_interconnect_hp0_0/s01_couplers_imp_12AUBLP/design_1_axi_interconnect_hp0_imp_auto_pc_1/design_1_axi_interconnect_hp0_imp_auto_pc_1_axi_protocol_converter_v2_1_37_axi_protocol_converter/design_1_axi_interconnect_hp0_imp_auto_pc_1_axi_protocol_converter_v2_1_37_axi3_conv/design_1_axi_interconnect_hp0_imp_auto_pc_1_axi_protocol_converter_v2_1_37_a_axi3_conv/design_1_axi_interconnect_hp0_imp_auto_pc_1_axi_data_fifo_v2_1_36_axic_fifo_0/design_1_axi_interconnect_hp0_imp_auto_pc_1_axi_data_fifo_v2_1_36_fifo_gen/<hidden>/<hidden>/<hidden>/<hidden>/<hidden>/<hidden>
  -------------------------------------------------------------------    -------------------
    SLICE_X42Y39         FDPE (Prop_fdpe_C_Q)         0.478     3.438 f  snn_core_group_top/design_1_wrapper/design_1/design_1_axi_interconnect_hp0_0/s01_couplers_imp_12AUBLP/design_1_axi_interconnect_hp0_imp_auto_pc_1/design_1_axi_interconnect_hp0_imp_auto_pc_1_axi_protocol_converter_v2_1_37_axi_protocol_converter/design_1_axi_interconnect_hp0_imp_auto_pc_1_axi_protocol_converter_v2_1_37_axi3_conv/design_1_axi_interconnect_hp0_imp_auto_pc_1_axi_protocol_converter_v2_1_37_a_axi3_conv/design_1_axi_interconnect_hp0_imp_auto_pc_1_axi_data_fifo_v2_1_36_axic_fifo_0/design_1_axi_interconnect_hp0_imp_auto_pc_1_axi_data_fifo_v2_1_36_fifo_gen/<hidden>/<hidden>/<hidden>/<hidden>/<hidden>/<hidden>
                         net (fo=3, routed)           0.980     4.418    snn_core_group_top/design_1_wrapper/design_1/design_1_axi_interconnect_hp0_0/s01_couplers_imp_12AUBLP/design_1_axi_interconnect_hp0_imp_auto_pc_1/design_1_axi_interconnect_hp0_imp_auto_pc_1_axi_protocol_converter_v2_1_37_axi_protocol_converter/design_1_axi_interconnect_hp0_imp_auto_pc_1_axi_protocol_converter_v2_1_37_axi3_conv/design_1_axi_interconnect_hp0_imp_auto_pc_1_axi_protocol_converter_v2_1_37_a_axi3_conv/design_1_axi_interconnect_hp0_imp_auto_pc_1_axi_data_fifo_v2_1_36_axic_fifo_0/design_1_axi_interconnect_hp0_imp_auto_pc_1_axi_data_fifo_v2_1_36_fifo_gen/<hidden>/<hidden>/<hidden>/<hidden>/<hidden>
    SLICE_X41Y41         LUT3 (Prop_lut3_I2_O)        0.295     4.713 f  snn_core_group_top/design_1_wrapper/design_1/design_1_axi_interconnect_hp0_0/s01_couplers_imp_12AUBLP/design_1_axi_interconnect_hp0_imp_auto_pc_1/design_1_axi_interconnect_hp0_imp_auto_pc_1_axi_protocol_converter_v2_1_37_axi_protocol_converter/design_1_axi_interconnect_hp0_imp_auto_pc_1_axi_protocol_converter_v2_1_37_axi3_conv/design_1_axi_interconnect_hp0_imp_auto_pc_1_axi_protocol_converter_v2_1_37_a_axi3_conv/design_1_axi_interconnect_hp0_imp_auto_pc_1_axi_data_fifo_v2_1_36_axic_fifo_0/design_1_axi_interconnect_hp0_imp_auto_pc_1_axi_data_fifo_v2_1_36_fifo_gen/<hidden>/<hidden>/<hidden>/<hidden>/<hidden>
                         net (fo=32, routed)          1.585     6.298    snn_core_group_top/design_1_wrapper/design_1/design_1_axi_interconnect_hp0_0/s01_couplers_imp_12AUBLP/design_1_axi_interconnect_hp0_imp_auto_pc_1/design_1_axi_interconnect_hp0_imp_auto_pc_1_axi_protocol_converter_v2_1_37_axi_protocol_converter/design_1_axi_interconnect_hp0_imp_auto_pc_1_axi_protocol_converter_v2_1_37_axi3_conv/design_1_axi_interconnect_hp0_imp_auto_pc_1_axi_protocol_converter_v2_1_37_a_axi3_conv/design_1_axi_interconnect_hp0_imp_auto_pc_1_axi_data_fifo_v2_1_36_axic_fifo_0/design_1_axi_interconnect_hp0_imp_auto_pc_1_axi_data_fifo_v2_1_36_fifo_gen/<hidden>/<hidden>/<hidden>/<hidden>/<hidden>/<hidden>
    SLICE_X42Y44         FDCE                                         f  snn_core_group_top/design_1_wrapper/design_1/design_1_axi_interconnect_hp0_0/s01_couplers_imp_12AUBLP/design_1_axi_interconnect_hp0_imp_auto_pc_1/design_1_axi_interconnect_hp0_imp_auto_pc_1_axi_protocol_converter_v2_1_37_axi_protocol_converter/design_1_axi_interconnect_hp0_imp_auto_pc_1_axi_protocol_converter_v2_1_37_axi3_conv/design_1_axi_interconnect_hp0_imp_auto_pc_1_axi_protocol_converter_v2_1_37_a_axi3_conv/design_1_axi_interconnect_hp0_imp_auto_pc_1_axi_data_fifo_v2_1_36_axic_fifo_0/design_1_axi_interconnect_hp0_imp_auto_pc_1_axi_data_fifo_v2_1_36_fifo_gen/<hidden>/<hidden>/<hidden>/<hidden>/<hidden>/<hidden>
  -------------------------------------------------------------------    -------------------

                         (clock clk_fpga_0 rise edge)
                                                     10.000    10.000 r  
    PS7_X0Y0             PS7                          0.000    10.000 r  u_block_design/design_1_i/processing_system7_0/inst/PS7_i/FCLKCLK[0]
                         net (fo=1, routed)           1.088    11.088    u_block_design/design_1_i/processing_system7_0/inst/FCLK_CLK_unbuffered[0]
    BUFGCTRL_X0Y16       BUFG (Prop_bufg_I_O)         0.091    11.179 r  u_block_design/design_1_i/processing_system7_0/inst/buffer_fclk_clk_0.FCLK_CLK_0_BUFG/O
                         net (fo=12063, routed)       1.495    12.674    snn_core_group_top/design_1_wrapper/design_1/design_1_axi_interconnect_hp0_0/s01_couplers_imp_12AUBLP/design_1_axi_interconnect_hp0_imp_auto_pc_1/design_1_axi_interconnect_hp0_imp_auto_pc_1_axi_protocol_converter_v2_1_37_axi_protocol_converter/design_1_axi_interconnect_hp0_imp_auto_pc_1_axi_protocol_converter_v2_1_37_axi3_conv/design_1_axi_interconnect_hp0_imp_auto_pc_1_axi_protocol_converter_v2_1_37_a_axi3_conv/design_1_axi_interconnect_hp0_imp_auto_pc_1_axi_data_fifo_v2_1_36_axic_fifo_0/design_1_axi_interconnect_hp0_imp_auto_pc_1_axi_data_fifo_v2_1_36_fifo_gen/<hidden>/<hidden>/<hidden>/<hidden>/<hidden>/<hidden>
    SLICE_X42Y44         FDCE                                         r  snn_core_group_top/design_1_wrapper/design_1/design_1_axi_interconnect_hp0_0/s01_couplers_imp_12AUBLP/design_1_axi_interconnect_hp0_imp_auto_pc_1/design_1_axi_interconnect_hp0_imp_auto_pc_1_axi_protocol_converter_v2_1_37_axi_protocol_converter/design_1_axi_interconnect_hp0_imp_auto_pc_1_axi_protocol_converter_v2_1_37_axi3_conv/design_1_axi_interconnect_hp0_imp_auto_pc_1_axi_protocol_converter_v2_1_37_a_axi3_conv/design_1_axi_interconnect_hp0_imp_auto_pc_1_axi_data_fifo_v2_1_36_axic_fifo_0/design_1_axi_interconnect_hp0_imp_auto_pc_1_axi_data_fifo_v2_1_36_fifo_gen/<hidden>/<hidden>/<hidden>/<hidden>/<hidden>/<hidden>
                         clock pessimism              0.263    12.937    
                         clock uncertainty           -0.154    12.783    
    SLICE_X42Y44         FDCE (Recov_fdce_C_CLR)     -0.319    12.464    snn_core_group_top/design_1_wrapper/design_1/design_1_axi_interconnect_hp0_0/s01_couplers_imp_12AUBLP/design_1_axi_interconnect_hp0_imp_auto_pc_1/design_1_axi_interconnect_hp0_imp_auto_pc_1_axi_protocol_converter_v2_1_37_axi_protocol_converter/design_1_axi_interconnect_hp0_imp_auto_pc_1_axi_protocol_converter_v2_1_37_axi3_conv/design_1_axi_interconnect_hp0_imp_auto_pc_1_axi_protocol_converter_v2_1_37_a_axi3_conv/design_1_axi_interconnect_hp0_imp_auto_pc_1_axi_data_fifo_v2_1_36_axic_fifo_0/design_1_axi_interconnect_hp0_imp_auto_pc_1_axi_data_fifo_v2_1_36_fifo_gen/<hidden>/<hidden>/<hidden>/<hidden>/<hidden>/<hidden>
  -------------------------------------------------------------------
                         required time                         12.464    
                         arrival time                          -6.298    
  -------------------------------------------------------------------
                         slack                                  6.166    

Slack (MET) :             6.166ns  (required time - arrival time)
  Source:                 snn_core_group_top/design_1_wrapper/design_1/design_1_axi_interconnect_hp0_0/s01_couplers_imp_12AUBLP/design_1_axi_interconnect_hp0_imp_auto_pc_1/design_1_axi_interconnect_hp0_imp_auto_pc_1_axi_protocol_converter_v2_1_37_axi_protocol_converter/design_1_axi_interconnect_hp0_imp_auto_pc_1_axi_protocol_converter_v2_1_37_axi3_conv/design_1_axi_interconnect_hp0_imp_auto_pc_1_axi_protocol_converter_v2_1_37_a_axi3_conv/design_1_axi_interconnect_hp0_imp_auto_pc_1_axi_data_fifo_v2_1_36_axic_fifo_0/design_1_axi_interconnect_hp0_imp_auto_pc_1_axi_data_fifo_v2_1_36_fifo_gen/<hidden>/<hidden>/<hidden>/<hidden>/<hidden>/<hidden>
                            (rising edge-triggered cell FDPE clocked by clk_fpga_0  {rise@0.000ns fall@5.000ns period=10.000ns})
  Destination:            snn_core_group_top/design_1_wrapper/design_1/design_1_axi_interconnect_hp0_0/s01_couplers_imp_12AUBLP/design_1_axi_interconnect_hp0_imp_auto_pc_1/design_1_axi_interconnect_hp0_imp_auto_pc_1_axi_protocol_converter_v2_1_37_axi_protocol_converter/design_1_axi_interconnect_hp0_imp_auto_pc_1_axi_protocol_converter_v2_1_37_axi3_conv/design_1_axi_interconnect_hp0_imp_auto_pc_1_axi_protocol_converter_v2_1_37_a_axi3_conv/design_1_axi_interconnect_hp0_imp_auto_pc_1_axi_data_fifo_v2_1_36_axic_fifo_0/design_1_axi_interconnect_hp0_imp_auto_pc_1_axi_data_fifo_v2_1_36_fifo_gen/<hidden>/<hidden>/<hidden>/<hidden>/<hidden>/<hidden>
                            (recovery check against rising-edge clock clk_fpga_0  {rise@0.000ns fall@5.000ns period=10.000ns})
  Path Group:             **async_default**
  Path Type:              Recovery (Max at Slow Process Corner)
  Requirement:            10.000ns  (clk_fpga_0 rise@10.000ns - clk_fpga_0 rise@0.000ns)
  Data Path Delay:        3.338ns  (logic 0.773ns (23.157%)  route 2.565ns (76.843%))
  Logic Levels:           1  (LUT3=1)
  Clock Path Skew:        -0.023ns (DCD - SCD + CPR)
    Destination Clock Delay (DCD):    2.674ns = ( 12.674 - 10.000 ) 
    Source Clock Delay      (SCD):    2.960ns
    Clock Pessimism Removal (CPR):    0.263ns
  Clock Uncertainty:      0.154ns  ((TSJ^2 + TIJ^2)^1/2 + DJ) / 2 + PE
    Total System Jitter     (TSJ):    0.071ns
    Total Input Jitter      (TIJ):    0.300ns
    Discrete Jitter          (DJ):    0.000ns
    Phase Error              (PE):    0.000ns

    Location             Delay type                Incr(ns)  Path(ns)    Netlist Resource(s)
  -------------------------------------------------------------------    -------------------
                         (clock clk_fpga_0 rise edge)
                                                      0.000     0.000 r  
    PS7_X0Y0             PS7                          0.000     0.000 r  u_block_design/design_1_i/processing_system7_0/inst/PS7_i/FCLKCLK[0]
                         net (fo=1, routed)           1.193     1.193    u_block_design/design_1_i/processing_system7_0/inst/FCLK_CLK_unbuffered[0]
    BUFGCTRL_X0Y16       BUFG (Prop_bufg_I_O)         0.101     1.294 r  u_block_design/design_1_i/processing_system7_0/inst/buffer_fclk_clk_0.FCLK_CLK_0_BUFG/O
                         net (fo=12063, routed)       1.666     2.960    snn_core_group_top/design_1_wrapper/design_1/design_1_axi_interconnect_hp0_0/s01_couplers_imp_12AUBLP/design_1_axi_interconnect_hp0_imp_auto_pc_1/design_1_axi_interconnect_hp0_imp_auto_pc_1_axi_protocol_converter_v2_1_37_axi_protocol_converter/design_1_axi_interconnect_hp0_imp_auto_pc_1_axi_protocol_converter_v2_1_37_axi3_conv/design_1_axi_interconnect_hp0_imp_auto_pc_1_axi_protocol_converter_v2_1_37_a_axi3_conv/design_1_axi_interconnect_hp0_imp_auto_pc_1_axi_data_fifo_v2_1_36_axic_fifo_0/design_1_axi_interconnect_hp0_imp_auto_pc_1_axi_data_fifo_v2_1_36_fifo_gen/<hidden>/<hidden>/<hidden>/<hidden>/<hidden>/<hidden>
    SLICE_X42Y39         FDPE                                         r  snn_core_group_top/design_1_wrapper/design_1/design_1_axi_interconnect_hp0_0/s01_couplers_imp_12AUBLP/design_1_axi_interconnect_hp0_imp_auto_pc_1/design_1_axi_interconnect_hp0_imp_auto_pc_1_axi_protocol_converter_v2_1_37_axi_protocol_converter/design_1_axi_interconnect_hp0_imp_auto_pc_1_axi_protocol_converter_v2_1_37_axi3_conv/design_1_axi_interconnect_hp0_imp_auto_pc_1_axi_protocol_converter_v2_1_37_a_axi3_conv/design_1_axi_interconnect_hp0_imp_auto_pc_1_axi_data_fifo_v2_1_36_axic_fifo_0/design_1_axi_interconnect_hp0_imp_auto_pc_1_axi_data_fifo_v2_1_36_fifo_gen/<hidden>/<hidden>/<hidden>/<hidden>/<hidden>/<hidden>
  -------------------------------------------------------------------    -------------------
    SLICE_X42Y39         FDPE (Prop_fdpe_C_Q)         0.478     3.438 f  snn_core_group_top/design_1_wrapper/design_1/design_1_axi_interconnect_hp0_0/s01_couplers_imp_12AUBLP/design_1_axi_interconnect_hp0_imp_auto_pc_1/design_1_axi_interconnect_hp0_imp_auto_pc_1_axi_protocol_converter_v2_1_37_axi_protocol_converter/design_1_axi_interconnect_hp0_imp_auto_pc_1_axi_protocol_converter_v2_1_37_axi3_conv/design_1_axi_interconnect_hp0_imp_auto_pc_1_axi_protocol_converter_v2_1_37_a_axi3_conv/design_1_axi_interconnect_hp0_imp_auto_pc_1_axi_data_fifo_v2_1_36_axic_fifo_0/design_1_axi_interconnect_hp0_imp_auto_pc_1_axi_data_fifo_v2_1_36_fifo_gen/<hidden>/<hidden>/<hidden>/<hidden>/<hidden>/<hidden>
                         net (fo=3, routed)           0.980     4.418    snn_core_group_top/design_1_wrapper/design_1/design_1_axi_interconnect_hp0_0/s01_couplers_imp_12AUBLP/design_1_axi_interconnect_hp0_imp_auto_pc_1/design_1_axi_interconnect_hp0_imp_auto_pc_1_axi_protocol_converter_v2_1_37_axi_protocol_converter/design_1_axi_interconnect_hp0_imp_auto_pc_1_axi_protocol_converter_v2_1_37_axi3_conv/design_1_axi_interconnect_hp0_imp_auto_pc_1_axi_protocol_converter_v2_1_37_a_axi3_conv/design_1_axi_interconnect_hp0_imp_auto_pc_1_axi_data_fifo_v2_1_36_axic_fifo_0/design_1_axi_interconnect_hp0_imp_auto_pc_1_axi_data_fifo_v2_1_36_fifo_gen/<hidden>/<hidden>/<hidden>/<hidden>/<hidden>
    SLICE_X41Y41         LUT3 (Prop_lut3_I2_O)        0.295     4.713 f  snn_core_group_top/design_1_wrapper/design_1/design_1_axi_interconnect_hp0_0/s01_couplers_imp_12AUBLP/design_1_axi_interconnect_hp0_imp_auto_pc_1/design_1_axi_interconnect_hp0_imp_auto_pc_1_axi_protocol_converter_v2_1_37_axi_protocol_converter/design_1_axi_interconnect_hp0_imp_auto_pc_1_axi_protocol_converter_v2_1_37_axi3_conv/design_1_axi_interconnect_hp0_imp_auto_pc_1_axi_protocol_converter_v2_1_37_a_axi3_conv/design_1_axi_interconnect_hp0_imp_auto_pc_1_axi_data_fifo_v2_1_36_axic_fifo_0/design_1_axi_interconnect_hp0_imp_auto_pc_1_axi_data_fifo_v2_1_36_fifo_gen/<hidden>/<hidden>/<hidden>/<hidden>/<hidden>
                         net (fo=32, routed)          1.585     6.298    snn_core_group_top/design_1_wrapper/design_1/design_1_axi_interconnect_hp0_0/s01_couplers_imp_12AUBLP/design_1_axi_interconnect_hp0_imp_auto_pc_1/design_1_axi_interconnect_hp0_imp_auto_pc_1_axi_protocol_converter_v2_1_37_axi_protocol_converter/design_1_axi_interconnect_hp0_imp_auto_pc_1_axi_protocol_converter_v2_1_37_axi3_conv/design_1_axi_interconnect_hp0_imp_auto_pc_1_axi_protocol_converter_v2_1_37_a_axi3_conv/design_1_axi_interconnect_hp0_imp_auto_pc_1_axi_data_fifo_v2_1_36_axic_fifo_0/design_1_axi_interconnect_hp0_imp_auto_pc_1_axi_data_fifo_v2_1_36_fifo_gen/<hidden>/<hidden>/<hidden>/<hidden>/<hidden>/<hidden>
    SLICE_X42Y44         FDCE                                         f  snn_core_group_top/design_1_wrapper/design_1/design_1_axi_interconnect_hp0_0/s01_couplers_imp_12AUBLP/design_1_axi_interconnect_hp0_imp_auto_pc_1/design_1_axi_interconnect_hp0_imp_auto_pc_1_axi_protocol_converter_v2_1_37_axi_protocol_converter/design_1_axi_interconnect_hp0_imp_auto_pc_1_axi_protocol_converter_v2_1_37_axi3_conv/design_1_axi_interconnect_hp0_imp_auto_pc_1_axi_protocol_converter_v2_1_37_a_axi3_conv/design_1_axi_interconnect_hp0_imp_auto_pc_1_axi_data_fifo_v2_1_36_axic_fifo_0/design_1_axi_interconnect_hp0_imp_auto_pc_1_axi_data_fifo_v2_1_36_fifo_gen/<hidden>/<hidden>/<hidden>/<hidden>/<hidden>/<hidden>
  -------------------------------------------------------------------    -------------------

                         (clock clk_fpga_0 rise edge)
                                                     10.000    10.000 r  
    PS7_X0Y0             PS7                          0.000    10.000 r  u_block_design/design_1_i/processing_system7_0/inst/PS7_i/FCLKCLK[0]
                         net (fo=1, routed)           1.088    11.088    u_block_design/design_1_i/processing_system7_0/inst/FCLK_CLK_unbuffered[0]
    BUFGCTRL_X0Y16       BUFG (Prop_bufg_I_O)         0.091    11.179 r  u_block_design/design_1_i/processing_system7_0/inst/buffer_fclk_clk_0.FCLK_CLK_0_BUFG/O
                         net (fo=12063, routed)       1.495    12.674    snn_core_group_top/design_1_wrapper/design_1/design_1_axi_interconnect_hp0_0/s01_couplers_imp_12AUBLP/design_1_axi_interconnect_hp0_imp_auto_pc_1/design_1_axi_interconnect_hp0_imp_auto_pc_1_axi_protocol_converter_v2_1_37_axi_protocol_converter/design_1_axi_interconnect_hp0_imp_auto_pc_1_axi_protocol_converter_v2_1_37_axi3_conv/design_1_axi_interconnect_hp0_imp_auto_pc_1_axi_protocol_converter_v2_1_37_a_axi3_conv/design_1_axi_interconnect_hp0_imp_auto_pc_1_axi_data_fifo_v2_1_36_axic_fifo_0/design_1_axi_interconnect_hp0_imp_auto_pc_1_axi_data_fifo_v2_1_36_fifo_gen/<hidden>/<hidden>/<hidden>/<hidden>/<hidden>/<hidden>
    SLICE_X42Y44         FDCE                                         r  snn_core_group_top/design_1_wrapper/design_1/design_1_axi_interconnect_hp0_0/s01_couplers_imp_12AUBLP/design_1_axi_interconnect_hp0_imp_auto_pc_1/design_1_axi_interconnect_hp0_imp_auto_pc_1_axi_protocol_converter_v2_1_37_axi_protocol_converter/design_1_axi_interconnect_hp0_imp_auto_pc_1_axi_protocol_converter_v2_1_37_axi3_conv/design_1_axi_interconnect_hp0_imp_auto_pc_1_axi_protocol_converter_v2_1_37_a_axi3_conv/design_1_axi_interconnect_hp0_imp_auto_pc_1_axi_data_fifo_v2_1_36_axic_fifo_0/design_1_axi_interconnect_hp0_imp_auto_pc_1_axi_data_fifo_v2_1_36_fifo_gen/<hidden>/<hidden>/<hidden>/<hidden>/<hidden>/<hidden>
                         clock pessimism              0.263    12.937    
                         clock uncertainty           -0.154    12.783    
    SLICE_X42Y44         FDCE (Recov_fdce_C_CLR)     -0.319    12.464    snn_core_group_top/design_1_wrapper/design_1/design_1_axi_interconnect_hp0_0/s01_couplers_imp_12AUBLP/design_1_axi_interconnect_hp0_imp_auto_pc_1/design_1_axi_interconnect_hp0_imp_auto_pc_1_axi_protocol_converter_v2_1_37_axi_protocol_converter/design_1_axi_interconnect_hp0_imp_auto_pc_1_axi_protocol_converter_v2_1_37_axi3_conv/design_1_axi_interconnect_hp0_imp_auto_pc_1_axi_protocol_converter_v2_1_37_a_axi3_conv/design_1_axi_interconnect_hp0_imp_auto_pc_1_axi_data_fifo_v2_1_36_axic_fifo_0/design_1_axi_interconnect_hp0_imp_auto_pc_1_axi_data_fifo_v2_1_36_fifo_gen/<hidden>/<hidden>/<hidden>/<hidden>/<hidden>/<hidden>
  -------------------------------------------------------------------
                         required time                         12.464    
                         arrival time                          -6.298    
  -------------------------------------------------------------------
                         slack                                  6.166    

Slack (MET) :             6.166ns  (required time - arrival time)
  Source:                 snn_core_group_top/design_1_wrapper/design_1/design_1_axi_interconnect_hp0_0/s01_couplers_imp_12AUBLP/design_1_axi_interconnect_hp0_imp_auto_pc_1/design_1_axi_interconnect_hp0_imp_auto_pc_1_axi_protocol_converter_v2_1_37_axi_protocol_converter/design_1_axi_interconnect_hp0_imp_auto_pc_1_axi_protocol_converter_v2_1_37_axi3_conv/design_1_axi_interconnect_hp0_imp_auto_pc_1_axi_protocol_converter_v2_1_37_a_axi3_conv/design_1_axi_interconnect_hp0_imp_auto_pc_1_axi_data_fifo_v2_1_36_axic_fifo_0/design_1_axi_interconnect_hp0_imp_auto_pc_1_axi_data_fifo_v2_1_36_fifo_gen/<hidden>/<hidden>/<hidden>/<hidden>/<hidden>/<hidden>
                            (rising edge-triggered cell FDPE clocked by clk_fpga_0  {rise@0.000ns fall@5.000ns period=10.000ns})
  Destination:            snn_core_group_top/design_1_wrapper/design_1/design_1_axi_interconnect_hp0_0/s01_couplers_imp_12AUBLP/design_1_axi_interconnect_hp0_imp_auto_pc_1/design_1_axi_interconnect_hp0_imp_auto_pc_1_axi_protocol_converter_v2_1_37_axi_protocol_converter/design_1_axi_interconnect_hp0_imp_auto_pc_1_axi_protocol_converter_v2_1_37_axi3_conv/design_1_axi_interconnect_hp0_imp_auto_pc_1_axi_protocol_converter_v2_1_37_a_axi3_conv/design_1_axi_interconnect_hp0_imp_auto_pc_1_axi_data_fifo_v2_1_36_axic_fifo_0/design_1_axi_interconnect_hp0_imp_auto_pc_1_axi_data_fifo_v2_1_36_fifo_gen/<hidden>/<hidden>/<hidden>/<hidden>/<hidden>/<hidden>
                            (recovery check against rising-edge clock clk_fpga_0  {rise@0.000ns fall@5.000ns period=10.000ns})
  Path Group:             **async_default**
  Path Type:              Recovery (Max at Slow Process Corner)
  Requirement:            10.000ns  (clk_fpga_0 rise@10.000ns - clk_fpga_0 rise@0.000ns)
  Data Path Delay:        3.338ns  (logic 0.773ns (23.157%)  route 2.565ns (76.843%))
  Logic Levels:           1  (LUT3=1)
  Clock Path Skew:        -0.023ns (DCD - SCD + CPR)
    Destination Clock Delay (DCD):    2.674ns = ( 12.674 - 10.000 ) 
    Source Clock Delay      (SCD):    2.960ns
    Clock Pessimism Removal (CPR):    0.263ns
  Clock Uncertainty:      0.154ns  ((TSJ^2 + TIJ^2)^1/2 + DJ) / 2 + PE
    Total System Jitter     (TSJ):    0.071ns
    Total Input Jitter      (TIJ):    0.300ns
    Discrete Jitter          (DJ):    0.000ns
    Phase Error              (PE):    0.000ns

    Location             Delay type                Incr(ns)  Path(ns)    Netlist Resource(s)
  -------------------------------------------------------------------    -------------------
                         (clock clk_fpga_0 rise edge)
                                                      0.000     0.000 r  
    PS7_X0Y0             PS7                          0.000     0.000 r  u_block_design/design_1_i/processing_system7_0/inst/PS7_i/FCLKCLK[0]
                         net (fo=1, routed)           1.193     1.193    u_block_design/design_1_i/processing_system7_0/inst/FCLK_CLK_unbuffered[0]
    BUFGCTRL_X0Y16       BUFG (Prop_bufg_I_O)         0.101     1.294 r  u_block_design/design_1_i/processing_system7_0/inst/buffer_fclk_clk_0.FCLK_CLK_0_BUFG/O
                         net (fo=12063, routed)       1.666     2.960    snn_core_group_top/design_1_wrapper/design_1/design_1_axi_interconnect_hp0_0/s01_couplers_imp_12AUBLP/design_1_axi_interconnect_hp0_imp_auto_pc_1/design_1_axi_interconnect_hp0_imp_auto_pc_1_axi_protocol_converter_v2_1_37_axi_protocol_converter/design_1_axi_interconnect_hp0_imp_auto_pc_1_axi_protocol_converter_v2_1_37_axi3_conv/design_1_axi_interconnect_hp0_imp_auto_pc_1_axi_protocol_converter_v2_1_37_a_axi3_conv/design_1_axi_interconnect_hp0_imp_auto_pc_1_axi_data_fifo_v2_1_36_axic_fifo_0/design_1_axi_interconnect_hp0_imp_auto_pc_1_axi_data_fifo_v2_1_36_fifo_gen/<hidden>/<hidden>/<hidden>/<hidden>/<hidden>/<hidden>
    SLICE_X42Y39         FDPE                                         r  snn_core_group_top/design_1_wrapper/design_1/design_1_axi_interconnect_hp0_0/s01_couplers_imp_12AUBLP/design_1_axi_interconnect_hp0_imp_auto_pc_1/design_1_axi_interconnect_hp0_imp_auto_pc_1_axi_protocol_converter_v2_1_37_axi_protocol_converter/design_1_axi_interconnect_hp0_imp_auto_pc_1_axi_protocol_converter_v2_1_37_axi3_conv/design_1_axi_interconnect_hp0_imp_auto_pc_1_axi_protocol_converter_v2_1_37_a_axi3_conv/design_1_axi_interconnect_hp0_imp_auto_pc_1_axi_data_fifo_v2_1_36_axic_fifo_0/design_1_axi_interconnect_hp0_imp_auto_pc_1_axi_data_fifo_v2_1_36_fifo_gen/<hidden>/<hidden>/<hidden>/<hidden>/<hidden>/<hidden>
  -------------------------------------------------------------------    -------------------
    SLICE_X42Y39         FDPE (Prop_fdpe_C_Q)         0.478     3.438 f  snn_core_group_top/design_1_wrapper/design_1/design_1_axi_interconnect_hp0_0/s01_couplers_imp_12AUBLP/design_1_axi_interconnect_hp0_imp_auto_pc_1/design_1_axi_interconnect_hp0_imp_auto_pc_1_axi_protocol_converter_v2_1_37_axi_protocol_converter/design_1_axi_interconnect_hp0_imp_auto_pc_1_axi_protocol_converter_v2_1_37_axi3_conv/design_1_axi_interconnect_hp0_imp_auto_pc_1_axi_protocol_converter_v2_1_37_a_axi3_conv/design_1_axi_interconnect_hp0_imp_auto_pc_1_axi_data_fifo_v2_1_36_axic_fifo_0/design_1_axi_interconnect_hp0_imp_auto_pc_1_axi_data_fifo_v2_1_36_fifo_gen/<hidden>/<hidden>/<hidden>/<hidden>/<hidden>/<hidden>
                         net (fo=3, routed)           0.980     4.418    snn_core_group_top/design_1_wrapper/design_1/design_1_axi_interconnect_hp0_0/s01_couplers_imp_12AUBLP/design_1_axi_interconnect_hp0_imp_auto_pc_1/design_1_axi_interconnect_hp0_imp_auto_pc_1_axi_protocol_converter_v2_1_37_axi_protocol_converter/design_1_axi_interconnect_hp0_imp_auto_pc_1_axi_protocol_converter_v2_1_37_axi3_conv/design_1_axi_interconnect_hp0_imp_auto_pc_1_axi_protocol_converter_v2_1_37_a_axi3_conv/design_1_axi_interconnect_hp0_imp_auto_pc_1_axi_data_fifo_v2_1_36_axic_fifo_0/design_1_axi_interconnect_hp0_imp_auto_pc_1_axi_data_fifo_v2_1_36_fifo_gen/<hidden>/<hidden>/<hidden>/<hidden>/<hidden>
    SLICE_X41Y41         LUT3 (Prop_lut3_I2_O)        0.295     4.713 f  snn_core_group_top/design_1_wrapper/design_1/design_1_axi_interconnect_hp0_0/s01_couplers_imp_12AUBLP/design_1_axi_interconnect_hp0_imp_auto_pc_1/design_1_axi_interconnect_hp0_imp_auto_pc_1_axi_protocol_converter_v2_1_37_axi_protocol_converter/design_1_axi_interconnect_hp0_imp_auto_pc_1_axi_protocol_converter_v2_1_37_axi3_conv/design_1_axi_interconnect_hp0_imp_auto_pc_1_axi_protocol_converter_v2_1_37_a_axi3_conv/design_1_axi_interconnect_hp0_imp_auto_pc_1_axi_data_fifo_v2_1_36_axic_fifo_0/design_1_axi_interconnect_hp0_imp_auto_pc_1_axi_data_fifo_v2_1_36_fifo_gen/<hidden>/<hidden>/<hidden>/<hidden>/<hidden>
                         net (fo=32, routed)          1.585     6.298    snn_core_group_top/design_1_wrapper/design_1/design_1_axi_interconnect_hp0_0/s01_couplers_imp_12AUBLP/design_1_axi_interconnect_hp0_imp_auto_pc_1/design_1_axi_interconnect_hp0_imp_auto_pc_1_axi_protocol_converter_v2_1_37_axi_protocol_converter/design_1_axi_interconnect_hp0_imp_auto_pc_1_axi_protocol_converter_v2_1_37_axi3_conv/design_1_axi_interconnect_hp0_imp_auto_pc_1_axi_protocol_converter_v2_1_37_a_axi3_conv/design_1_axi_interconnect_hp0_imp_auto_pc_1_axi_data_fifo_v2_1_36_axic_fifo_0/design_1_axi_interconnect_hp0_imp_auto_pc_1_axi_data_fifo_v2_1_36_fifo_gen/<hidden>/<hidden>/<hidden>/<hidden>/<hidden>/<hidden>
    SLICE_X42Y44         FDCE                                         f  snn_core_group_top/design_1_wrapper/design_1/design_1_axi_interconnect_hp0_0/s01_couplers_imp_12AUBLP/design_1_axi_interconnect_hp0_imp_auto_pc_1/design_1_axi_interconnect_hp0_imp_auto_pc_1_axi_protocol_converter_v2_1_37_axi_protocol_converter/design_1_axi_interconnect_hp0_imp_auto_pc_1_axi_protocol_converter_v2_1_37_axi3_conv/design_1_axi_interconnect_hp0_imp_auto_pc_1_axi_protocol_converter_v2_1_37_a_axi3_conv/design_1_axi_interconnect_hp0_imp_auto_pc_1_axi_data_fifo_v2_1_36_axic_fifo_0/design_1_axi_interconnect_hp0_imp_auto_pc_1_axi_data_fifo_v2_1_36_fifo_gen/<hidden>/<hidden>/<hidden>/<hidden>/<hidden>/<hidden>
  -------------------------------------------------------------------    -------------------

                         (clock clk_fpga_0 rise edge)
                                                     10.000    10.000 r  
    PS7_X0Y0             PS7                          0.000    10.000 r  u_block_design/design_1_i/processing_system7_0/inst/PS7_i/FCLKCLK[0]
                         net (fo=1, routed)           1.088    11.088    u_block_design/design_1_i/processing_system7_0/inst/FCLK_CLK_unbuffered[0]
    BUFGCTRL_X0Y16       BUFG (Prop_bufg_I_O)         0.091    11.179 r  u_block_design/design_1_i/processing_system7_0/inst/buffer_fclk_clk_0.FCLK_CLK_0_BUFG/O
                         net (fo=12063, routed)       1.495    12.674    snn_core_group_top/design_1_wrapper/design_1/design_1_axi_interconnect_hp0_0/s01_couplers_imp_12AUBLP/design_1_axi_interconnect_hp0_imp_auto_pc_1/design_1_axi_interconnect_hp0_imp_auto_pc_1_axi_protocol_converter_v2_1_37_axi_protocol_converter/design_1_axi_interconnect_hp0_imp_auto_pc_1_axi_protocol_converter_v2_1_37_axi3_conv/design_1_axi_interconnect_hp0_imp_auto_pc_1_axi_protocol_converter_v2_1_37_a_axi3_conv/design_1_axi_interconnect_hp0_imp_auto_pc_1_axi_data_fifo_v2_1_36_axic_fifo_0/design_1_axi_interconnect_hp0_imp_auto_pc_1_axi_data_fifo_v2_1_36_fifo_gen/<hidden>/<hidden>/<hidden>/<hidden>/<hidden>/<hidden>
    SLICE_X42Y44         FDCE                                         r  snn_core_group_top/design_1_wrapper/design_1/design_1_axi_interconnect_hp0_0/s01_couplers_imp_12AUBLP/design_1_axi_interconnect_hp0_imp_auto_pc_1/design_1_axi_interconnect_hp0_imp_auto_pc_1_axi_protocol_converter_v2_1_37_axi_protocol_converter/design_1_axi_interconnect_hp0_imp_auto_pc_1_axi_protocol_converter_v2_1_37_axi3_conv/design_1_axi_interconnect_hp0_imp_auto_pc_1_axi_protocol_converter_v2_1_37_a_axi3_conv/design_1_axi_interconnect_hp0_imp_auto_pc_1_axi_data_fifo_v2_1_36_axic_fifo_0/design_1_axi_interconnect_hp0_imp_auto_pc_1_axi_data_fifo_v2_1_36_fifo_gen/<hidden>/<hidden>/<hidden>/<hidden>/<hidden>/<hidden>
                         clock pessimism              0.263    12.937    
                         clock uncertainty           -0.154    12.783    
    SLICE_X42Y44         FDCE (Recov_fdce_C_CLR)     -0.319    12.464    snn_core_group_top/design_1_wrapper/design_1/design_1_axi_interconnect_hp0_0/s01_couplers_imp_12AUBLP/design_1_axi_interconnect_hp0_imp_auto_pc_1/design_1_axi_interconnect_hp0_imp_auto_pc_1_axi_protocol_converter_v2_1_37_axi_protocol_converter/design_1_axi_interconnect_hp0_imp_auto_pc_1_axi_protocol_converter_v2_1_37_axi3_conv/design_1_axi_interconnect_hp0_imp_auto_pc_1_axi_protocol_converter_v2_1_37_a_axi3_conv/design_1_axi_interconnect_hp0_imp_auto_pc_1_axi_data_fifo_v2_1_36_axic_fifo_0/design_1_axi_interconnect_hp0_imp_auto_pc_1_axi_data_fifo_v2_1_36_fifo_gen/<hidden>/<hidden>/<hidden>/<hidden>/<hidden>/<hidden>
  -------------------------------------------------------------------
                         required time                         12.464    
                         arrival time                          -6.298    
  -------------------------------------------------------------------
                         slack                                  6.166    





Min Delay Paths
--------------------------------------------------------------------------------------
Slack (MET) :             0.448ns  (arrival time - required time)
  Source:                 snn_core_group_top/design_1_wrapper/design_1/design_1_axi_interconnect_hp0_0/s01_couplers_imp_12AUBLP/design_1_axi_interconnect_hp0_imp_auto_pc_1/design_1_axi_interconnect_hp0_imp_auto_pc_1_axi_protocol_converter_v2_1_37_axi_protocol_converter/design_1_axi_interconnect_hp0_imp_auto_pc_1_axi_protocol_converter_v2_1_37_axi3_conv/design_1_axi_interconnect_hp0_imp_auto_pc_1_axi_protocol_converter_v2_1_37_a_axi3_conv/design_1_axi_interconnect_hp0_imp_auto_pc_1_axi_data_fifo_v2_1_36_axic_fifo/design_1_axi_interconnect_hp0_imp_auto_pc_1_axi_data_fifo_v2_1_36_fifo_gen_1/<hidden>/<hidden>/<hidden>/<hidden>/<hidden>
                            (rising edge-triggered cell FDRE clocked by clk_fpga_0  {rise@0.000ns fall@5.000ns period=10.000ns})
  Destination:            snn_core_group_top/design_1_wrapper/design_1/design_1_axi_interconnect_hp0_0/s01_couplers_imp_12AUBLP/design_1_axi_interconnect_hp0_imp_auto_pc_1/design_1_axi_interconnect_hp0_imp_auto_pc_1_axi_protocol_converter_v2_1_37_axi_protocol_converter/design_1_axi_interconnect_hp0_imp_auto_pc_1_axi_protocol_converter_v2_1_37_axi3_conv/design_1_axi_interconnect_hp0_imp_auto_pc_1_axi_protocol_converter_v2_1_37_a_axi3_conv/design_1_axi_interconnect_hp0_imp_auto_pc_1_axi_data_fifo_v2_1_36_axic_fifo/design_1_axi_interconnect_hp0_imp_auto_pc_1_axi_data_fifo_v2_1_36_fifo_gen_1/<hidden>/<hidden>/<hidden>/<hidden>/<hidden>/<hidden>
                            (removal check against rising-edge clock clk_fpga_0  {rise@0.000ns fall@5.000ns period=10.000ns})
  Path Group:             **async_default**
  Path Type:              Removal (Min at Fast Process Corner)
  Requirement:            0.000ns  (clk_fpga_0 rise@0.000ns - clk_fpga_0 rise@0.000ns)
  Data Path Delay:        0.664ns  (logic 0.226ns (34.046%)  route 0.438ns (65.954%))
  Logic Levels:           1  (LUT3=1)
  Clock Path Skew:        0.282ns (DCD - SCD - CPR)
    Destination Clock Delay (DCD):    1.225ns
    Source Clock Delay      (SCD):    0.913ns
    Clock Pessimism Removal (CPR):    0.030ns

    Location             Delay type                Incr(ns)  Path(ns)    Netlist Resource(s)
  -------------------------------------------------------------------    -------------------
                         (clock clk_fpga_0 rise edge)
                                                      0.000     0.000 r  
    PS7_X0Y0             PS7                          0.000     0.000 r  u_block_design/design_1_i/processing_system7_0/inst/PS7_i/FCLKCLK[0]
                         net (fo=1, routed)           0.310     0.310    u_block_design/design_1_i/processing_system7_0/inst/FCLK_CLK_unbuffered[0]
    BUFGCTRL_X0Y16       BUFG (Prop_bufg_I_O)         0.026     0.336 r  u_block_design/design_1_i/processing_system7_0/inst/buffer_fclk_clk_0.FCLK_CLK_0_BUFG/O
                         net (fo=12063, routed)       0.577     0.913    snn_core_group_top/design_1_wrapper/design_1/design_1_axi_interconnect_hp0_0/s01_couplers_imp_12AUBLP/design_1_axi_interconnect_hp0_imp_auto_pc_1/design_1_axi_interconnect_hp0_imp_auto_pc_1_axi_protocol_converter_v2_1_37_axi_protocol_converter/design_1_axi_interconnect_hp0_imp_auto_pc_1_axi_protocol_converter_v2_1_37_axi3_conv/design_1_axi_interconnect_hp0_imp_auto_pc_1_axi_protocol_converter_v2_1_37_a_axi3_conv/design_1_axi_interconnect_hp0_imp_auto_pc_1_axi_data_fifo_v2_1_36_axic_fifo/design_1_axi_interconnect_hp0_imp_auto_pc_1_axi_data_fifo_v2_1_36_fifo_gen_1/<hidden>/<hidden>/<hidden>/<hidden>/<hidden>
    SLICE_X28Y50         FDRE                                         r  snn_core_group_top/design_1_wrapper/design_1/design_1_axi_interconnect_hp0_0/s01_couplers_imp_12AUBLP/design_1_axi_interconnect_hp0_imp_auto_pc_1/design_1_axi_interconnect_hp0_imp_auto_pc_1_axi_protocol_converter_v2_1_37_axi_protocol_converter/design_1_axi_interconnect_hp0_imp_auto_pc_1_axi_protocol_converter_v2_1_37_axi3_conv/design_1_axi_interconnect_hp0_imp_auto_pc_1_axi_protocol_converter_v2_1_37_a_axi3_conv/design_1_axi_interconnect_hp0_imp_auto_pc_1_axi_data_fifo_v2_1_36_axic_fifo/design_1_axi_interconnect_hp0_imp_auto_pc_1_axi_data_fifo_v2_1_36_fifo_gen_1/<hidden>/<hidden>/<hidden>/<hidden>/<hidden>
  -------------------------------------------------------------------    -------------------
    SLICE_X28Y50         FDRE (Prop_fdre_C_Q)         0.128     1.041 f  snn_core_group_top/design_1_wrapper/design_1/design_1_axi_interconnect_hp0_0/s01_couplers_imp_12AUBLP/design_1_axi_interconnect_hp0_imp_auto_pc_1/design_1_axi_interconnect_hp0_imp_auto_pc_1_axi_protocol_converter_v2_1_37_axi_protocol_converter/design_1_axi_interconnect_hp0_imp_auto_pc_1_axi_protocol_converter_v2_1_37_axi3_conv/design_1_axi_interconnect_hp0_imp_auto_pc_1_axi_protocol_converter_v2_1_37_a_axi3_conv/design_1_axi_interconnect_hp0_imp_auto_pc_1_axi_data_fifo_v2_1_36_axic_fifo/design_1_axi_interconnect_hp0_imp_auto_pc_1_axi_data_fifo_v2_1_36_fifo_gen_1/<hidden>/<hidden>/<hidden>/<hidden>/<hidden>
                         net (fo=2, routed)           0.121     1.162    snn_core_group_top/design_1_wrapper/design_1/design_1_axi_interconnect_hp0_0/s01_couplers_imp_12AUBLP/design_1_axi_interconnect_hp0_imp_auto_pc_1/design_1_axi_interconnect_hp0_imp_auto_pc_1_axi_protocol_converter_v2_1_37_axi_protocol_converter/design_1_axi_interconnect_hp0_imp_auto_pc_1_axi_protocol_converter_v2_1_37_axi3_conv/design_1_axi_interconnect_hp0_imp_auto_pc_1_axi_protocol_converter_v2_1_37_a_axi3_conv/design_1_axi_interconnect_hp0_imp_auto_pc_1_axi_data_fifo_v2_1_36_axic_fifo/design_1_axi_interconnect_hp0_imp_auto_pc_1_axi_data_fifo_v2_1_36_fifo_gen_1/<hidden>/<hidden>/<hidden>/<hidden>/<hidden>
    SLICE_X28Y50         LUT3 (Prop_lut3_I0_O)        0.098     1.260 f  snn_core_group_top/design_1_wrapper/design_1/design_1_axi_interconnect_hp0_0/s01_couplers_imp_12AUBLP/design_1_axi_interconnect_hp0_imp_auto_pc_1/design_1_axi_interconnect_hp0_imp_auto_pc_1_axi_protocol_converter_v2_1_37_axi_protocol_converter/design_1_axi_interconnect_hp0_imp_auto_pc_1_axi_protocol_converter_v2_1_37_axi3_conv/design_1_axi_interconnect_hp0_imp_auto_pc_1_axi_protocol_converter_v2_1_37_a_axi3_conv/design_1_axi_interconnect_hp0_imp_auto_pc_1_axi_data_fifo_v2_1_36_axic_fifo/design_1_axi_interconnect_hp0_imp_auto_pc_1_axi_data_fifo_v2_1_36_fifo_gen_1/<hidden>/<hidden>/<hidden>/<hidden>/<hidden>
                         net (fo=32, routed)          0.317     1.576    snn_core_group_top/design_1_wrapper/design_1/design_1_axi_interconnect_hp0_0/s01_couplers_imp_12AUBLP/design_1_axi_interconnect_hp0_imp_auto_pc_1/design_1_axi_interconnect_hp0_imp_auto_pc_1_axi_protocol_converter_v2_1_37_axi_protocol_converter/design_1_axi_interconnect_hp0_imp_auto_pc_1_axi_protocol_converter_v2_1_37_axi3_conv/design_1_axi_interconnect_hp0_imp_auto_pc_1_axi_protocol_converter_v2_1_37_a_axi3_conv/design_1_axi_interconnect_hp0_imp_auto_pc_1_axi_data_fifo_v2_1_36_axic_fifo/design_1_axi_interconnect_hp0_imp_auto_pc_1_axi_data_fifo_v2_1_36_fifo_gen_1/<hidden>/<hidden>/<hidden>/<hidden>/<hidden>/<hidden>
    SLICE_X30Y49         FDCE                                         f  snn_core_group_top/design_1_wrapper/design_1/design_1_axi_interconnect_hp0_0/s01_couplers_imp_12AUBLP/design_1_axi_interconnect_hp0_imp_auto_pc_1/design_1_axi_interconnect_hp0_imp_auto_pc_1_axi_protocol_converter_v2_1_37_axi_protocol_converter/design_1_axi_interconnect_hp0_imp_auto_pc_1_axi_protocol_converter_v2_1_37_axi3_conv/design_1_axi_interconnect_hp0_imp_auto_pc_1_axi_protocol_converter_v2_1_37_a_axi3_conv/design_1_axi_interconnect_hp0_imp_auto_pc_1_axi_data_fifo_v2_1_36_axic_fifo/design_1_axi_interconnect_hp0_imp_auto_pc_1_axi_data_fifo_v2_1_36_fifo_gen_1/<hidden>/<hidden>/<hidden>/<hidden>/<hidden>/<hidden>
  -------------------------------------------------------------------    -------------------

                         (clock clk_fpga_0 rise edge)
                                                      0.000     0.000 r  
    PS7_X0Y0             PS7                          0.000     0.000 r  u_block_design/design_1_i/processing_system7_0/inst/PS7_i/FCLKCLK[0]
                         net (fo=1, routed)           0.337     0.337    u_block_design/design_1_i/processing_system7_0/inst/FCLK_CLK_unbuffered[0]
    BUFGCTRL_X0Y16       BUFG (Prop_bufg_I_O)         0.029     0.366 r  u_block_design/design_1_i/processing_system7_0/inst/buffer_fclk_clk_0.FCLK_CLK_0_BUFG/O
                         net (fo=12063, routed)       0.859     1.225    snn_core_group_top/design_1_wrapper/design_1/design_1_axi_interconnect_hp0_0/s01_couplers_imp_12AUBLP/design_1_axi_interconnect_hp0_imp_auto_pc_1/design_1_axi_interconnect_hp0_imp_auto_pc_1_axi_protocol_converter_v2_1_37_axi_protocol_converter/design_1_axi_interconnect_hp0_imp_auto_pc_1_axi_protocol_converter_v2_1_37_axi3_conv/design_1_axi_interconnect_hp0_imp_auto_pc_1_axi_protocol_converter_v2_1_37_a_axi3_conv/design_1_axi_interconnect_hp0_imp_auto_pc_1_axi_data_fifo_v2_1_36_axic_fifo/design_1_axi_interconnect_hp0_imp_auto_pc_1_axi_data_fifo_v2_1_36_fifo_gen_1/<hidden>/<hidden>/<hidden>/<hidden>/<hidden>/<hidden>
    SLICE_X30Y49         FDCE                                         r  snn_core_group_top/design_1_wrapper/design_1/design_1_axi_interconnect_hp0_0/s01_couplers_imp_12AUBLP/design_1_axi_interconnect_hp0_imp_auto_pc_1/design_1_axi_interconnect_hp0_imp_auto_pc_1_axi_protocol_converter_v2_1_37_axi_protocol_converter/design_1_axi_interconnect_hp0_imp_auto_pc_1_axi_protocol_converter_v2_1_37_axi3_conv/design_1_axi_interconnect_hp0_imp_auto_pc_1_axi_protocol_converter_v2_1_37_a_axi3_conv/design_1_axi_interconnect_hp0_imp_auto_pc_1_axi_data_fifo_v2_1_36_axic_fifo/design_1_axi_interconnect_hp0_imp_auto_pc_1_axi_data_fifo_v2_1_36_fifo_gen_1/<hidden>/<hidden>/<hidden>/<hidden>/<hidden>/<hidden>
                         clock pessimism             -0.030     1.195    
    SLICE_X30Y49         FDCE (Remov_fdce_C_CLR)     -0.067     1.128    snn_core_group_top/design_1_wrapper/design_1/design_1_axi_interconnect_hp0_0/s01_couplers_imp_12AUBLP/design_1_axi_interconnect_hp0_imp_auto_pc_1/design_1_axi_interconnect_hp0_imp_auto_pc_1_axi_protocol_converter_v2_1_37_axi_protocol_converter/design_1_axi_interconnect_hp0_imp_auto_pc_1_axi_protocol_converter_v2_1_37_axi3_conv/design_1_axi_interconnect_hp0_imp_auto_pc_1_axi_protocol_converter_v2_1_37_a_axi3_conv/design_1_axi_interconnect_hp0_imp_auto_pc_1_axi_data_fifo_v2_1_36_axic_fifo/design_1_axi_interconnect_hp0_imp_auto_pc_1_axi_data_fifo_v2_1_36_fifo_gen_1/<hidden>/<hidden>/<hidden>/<hidden>/<hidden>/<hidden>
  -------------------------------------------------------------------
                         required time                         -1.128    
                         arrival time                           1.576    
  -------------------------------------------------------------------
                         slack                                  0.448    

Slack (MET) :             0.448ns  (arrival time - required time)
  Source:                 snn_core_group_top/design_1_wrapper/design_1/design_1_axi_interconnect_hp0_0/s01_couplers_imp_12AUBLP/design_1_axi_interconnect_hp0_imp_auto_pc_1/design_1_axi_interconnect_hp0_imp_auto_pc_1_axi_protocol_converter_v2_1_37_axi_protocol_converter/design_1_axi_interconnect_hp0_imp_auto_pc_1_axi_protocol_converter_v2_1_37_axi3_conv/design_1_axi_interconnect_hp0_imp_auto_pc_1_axi_protocol_converter_v2_1_37_a_axi3_conv/design_1_axi_interconnect_hp0_imp_auto_pc_1_axi_data_fifo_v2_1_36_axic_fifo/design_1_axi_interconnect_hp0_imp_auto_pc_1_axi_data_fifo_v2_1_36_fifo_gen_1/<hidden>/<hidden>/<hidden>/<hidden>/<hidden>
                            (rising edge-triggered cell FDRE clocked by clk_fpga_0  {rise@0.000ns fall@5.000ns period=10.000ns})
  Destination:            snn_core_group_top/design_1_wrapper/design_1/design_1_axi_interconnect_hp0_0/s01_couplers_imp_12AUBLP/design_1_axi_interconnect_hp0_imp_auto_pc_1/design_1_axi_interconnect_hp0_imp_auto_pc_1_axi_protocol_converter_v2_1_37_axi_protocol_converter/design_1_axi_interconnect_hp0_imp_auto_pc_1_axi_protocol_converter_v2_1_37_axi3_conv/design_1_axi_interconnect_hp0_imp_auto_pc_1_axi_protocol_converter_v2_1_37_a_axi3_conv/design_1_axi_interconnect_hp0_imp_auto_pc_1_axi_data_fifo_v2_1_36_axic_fifo/design_1_axi_interconnect_hp0_imp_auto_pc_1_axi_data_fifo_v2_1_36_fifo_gen_1/<hidden>/<hidden>/<hidden>/<hidden>/<hidden>/<hidden>
                            (removal check against rising-edge clock clk_fpga_0  {rise@0.000ns fall@5.000ns period=10.000ns})
  Path Group:             **async_default**
  Path Type:              Removal (Min at Fast Process Corner)
  Requirement:            0.000ns  (clk_fpga_0 rise@0.000ns - clk_fpga_0 rise@0.000ns)
  Data Path Delay:        0.664ns  (logic 0.226ns (34.046%)  route 0.438ns (65.954%))
  Logic Levels:           1  (LUT3=1)
  Clock Path Skew:        0.282ns (DCD - SCD - CPR)
    Destination Clock Delay (DCD):    1.225ns
    Source Clock Delay      (SCD):    0.913ns
    Clock Pessimism Removal (CPR):    0.030ns

    Location             Delay type                Incr(ns)  Path(ns)    Netlist Resource(s)
  -------------------------------------------------------------------    -------------------
                         (clock clk_fpga_0 rise edge)
                                                      0.000     0.000 r  
    PS7_X0Y0             PS7                          0.000     0.000 r  u_block_design/design_1_i/processing_system7_0/inst/PS7_i/FCLKCLK[0]
                         net (fo=1, routed)           0.310     0.310    u_block_design/design_1_i/processing_system7_0/inst/FCLK_CLK_unbuffered[0]
    BUFGCTRL_X0Y16       BUFG (Prop_bufg_I_O)         0.026     0.336 r  u_block_design/design_1_i/processing_system7_0/inst/buffer_fclk_clk_0.FCLK_CLK_0_BUFG/O
                         net (fo=12063, routed)       0.577     0.913    snn_core_group_top/design_1_wrapper/design_1/design_1_axi_interconnect_hp0_0/s01_couplers_imp_12AUBLP/design_1_axi_interconnect_hp0_imp_auto_pc_1/design_1_axi_interconnect_hp0_imp_auto_pc_1_axi_protocol_converter_v2_1_37_axi_protocol_converter/design_1_axi_interconnect_hp0_imp_auto_pc_1_axi_protocol_converter_v2_1_37_axi3_conv/design_1_axi_interconnect_hp0_imp_auto_pc_1_axi_protocol_converter_v2_1_37_a_axi3_conv/design_1_axi_interconnect_hp0_imp_auto_pc_1_axi_data_fifo_v2_1_36_axic_fifo/design_1_axi_interconnect_hp0_imp_auto_pc_1_axi_data_fifo_v2_1_36_fifo_gen_1/<hidden>/<hidden>/<hidden>/<hidden>/<hidden>
    SLICE_X28Y50         FDRE                                         r  snn_core_group_top/design_1_wrapper/design_1/design_1_axi_interconnect_hp0_0/s01_couplers_imp_12AUBLP/design_1_axi_interconnect_hp0_imp_auto_pc_1/design_1_axi_interconnect_hp0_imp_auto_pc_1_axi_protocol_converter_v2_1_37_axi_protocol_converter/design_1_axi_interconnect_hp0_imp_auto_pc_1_axi_protocol_converter_v2_1_37_axi3_conv/design_1_axi_interconnect_hp0_imp_auto_pc_1_axi_protocol_converter_v2_1_37_a_axi3_conv/design_1_axi_interconnect_hp0_imp_auto_pc_1_axi_data_fifo_v2_1_36_axic_fifo/design_1_axi_interconnect_hp0_imp_auto_pc_1_axi_data_fifo_v2_1_36_fifo_gen_1/<hidden>/<hidden>/<hidden>/<hidden>/<hidden>
  -------------------------------------------------------------------    -------------------
    SLICE_X28Y50         FDRE (Prop_fdre_C_Q)         0.128     1.041 f  snn_core_group_top/design_1_wrapper/design_1/design_1_axi_interconnect_hp0_0/s01_couplers_imp_12AUBLP/design_1_axi_interconnect_hp0_imp_auto_pc_1/design_1_axi_interconnect_hp0_imp_auto_pc_1_axi_protocol_converter_v2_1_37_axi_protocol_converter/design_1_axi_interconnect_hp0_imp_auto_pc_1_axi_protocol_converter_v2_1_37_axi3_conv/design_1_axi_interconnect_hp0_imp_auto_pc_1_axi_protocol_converter_v2_1_37_a_axi3_conv/design_1_axi_interconnect_hp0_imp_auto_pc_1_axi_data_fifo_v2_1_36_axic_fifo/design_1_axi_interconnect_hp0_imp_auto_pc_1_axi_data_fifo_v2_1_36_fifo_gen_1/<hidden>/<hidden>/<hidden>/<hidden>/<hidden>
                         net (fo=2, routed)           0.121     1.162    snn_core_group_top/design_1_wrapper/design_1/design_1_axi_interconnect_hp0_0/s01_couplers_imp_12AUBLP/design_1_axi_interconnect_hp0_imp_auto_pc_1/design_1_axi_interconnect_hp0_imp_auto_pc_1_axi_protocol_converter_v2_1_37_axi_protocol_converter/design_1_axi_interconnect_hp0_imp_auto_pc_1_axi_protocol_converter_v2_1_37_axi3_conv/design_1_axi_interconnect_hp0_imp_auto_pc_1_axi_protocol_converter_v2_1_37_a_axi3_conv/design_1_axi_interconnect_hp0_imp_auto_pc_1_axi_data_fifo_v2_1_36_axic_fifo/design_1_axi_interconnect_hp0_imp_auto_pc_1_axi_data_fifo_v2_1_36_fifo_gen_1/<hidden>/<hidden>/<hidden>/<hidden>/<hidden>
    SLICE_X28Y50         LUT3 (Prop_lut3_I0_O)        0.098     1.260 f  snn_core_group_top/design_1_wrapper/design_1/design_1_axi_interconnect_hp0_0/s01_couplers_imp_12AUBLP/design_1_axi_interconnect_hp0_imp_auto_pc_1/design_1_axi_interconnect_hp0_imp_auto_pc_1_axi_protocol_converter_v2_1_37_axi_protocol_converter/design_1_axi_interconnect_hp0_imp_auto_pc_1_axi_protocol_converter_v2_1_37_axi3_conv/design_1_axi_interconnect_hp0_imp_auto_pc_1_axi_protocol_converter_v2_1_37_a_axi3_conv/design_1_axi_interconnect_hp0_imp_auto_pc_1_axi_data_fifo_v2_1_36_axic_fifo/design_1_axi_interconnect_hp0_imp_auto_pc_1_axi_data_fifo_v2_1_36_fifo_gen_1/<hidden>/<hidden>/<hidden>/<hidden>/<hidden>
                         net (fo=32, routed)          0.317     1.576    snn_core_group_top/design_1_wrapper/design_1/design_1_axi_interconnect_hp0_0/s01_couplers_imp_12AUBLP/design_1_axi_interconnect_hp0_imp_auto_pc_1/design_1_axi_interconnect_hp0_imp_auto_pc_1_axi_protocol_converter_v2_1_37_axi_protocol_converter/design_1_axi_interconnect_hp0_imp_auto_pc_1_axi_protocol_converter_v2_1_37_axi3_conv/design_1_axi_interconnect_hp0_imp_auto_pc_1_axi_protocol_converter_v2_1_37_a_axi3_conv/design_1_axi_interconnect_hp0_imp_auto_pc_1_axi_data_fifo_v2_1_36_axic_fifo/design_1_axi_interconnect_hp0_imp_auto_pc_1_axi_data_fifo_v2_1_36_fifo_gen_1/<hidden>/<hidden>/<hidden>/<hidden>/<hidden>/<hidden>
    SLICE_X30Y49         FDCE                                         f  snn_core_group_top/design_1_wrapper/design_1/design_1_axi_interconnect_hp0_0/s01_couplers_imp_12AUBLP/design_1_axi_interconnect_hp0_imp_auto_pc_1/design_1_axi_interconnect_hp0_imp_auto_pc_1_axi_protocol_converter_v2_1_37_axi_protocol_converter/design_1_axi_interconnect_hp0_imp_auto_pc_1_axi_protocol_converter_v2_1_37_axi3_conv/design_1_axi_interconnect_hp0_imp_auto_pc_1_axi_protocol_converter_v2_1_37_a_axi3_conv/design_1_axi_interconnect_hp0_imp_auto_pc_1_axi_data_fifo_v2_1_36_axic_fifo/design_1_axi_interconnect_hp0_imp_auto_pc_1_axi_data_fifo_v2_1_36_fifo_gen_1/<hidden>/<hidden>/<hidden>/<hidden>/<hidden>/<hidden>
  -------------------------------------------------------------------    -------------------

                         (clock clk_fpga_0 rise edge)
                                                      0.000     0.000 r  
    PS7_X0Y0             PS7                          0.000     0.000 r  u_block_design/design_1_i/processing_system7_0/inst/PS7_i/FCLKCLK[0]
                         net (fo=1, routed)           0.337     0.337    u_block_design/design_1_i/processing_system7_0/inst/FCLK_CLK_unbuffered[0]
    BUFGCTRL_X0Y16       BUFG (Prop_bufg_I_O)         0.029     0.366 r  u_block_design/design_1_i/processing_system7_0/inst/buffer_fclk_clk_0.FCLK_CLK_0_BUFG/O
                         net (fo=12063, routed)       0.859     1.225    snn_core_group_top/design_1_wrapper/design_1/design_1_axi_interconnect_hp0_0/s01_couplers_imp_12AUBLP/design_1_axi_interconnect_hp0_imp_auto_pc_1/design_1_axi_interconnect_hp0_imp_auto_pc_1_axi_protocol_converter_v2_1_37_axi_protocol_converter/design_1_axi_interconnect_hp0_imp_auto_pc_1_axi_protocol_converter_v2_1_37_axi3_conv/design_1_axi_interconnect_hp0_imp_auto_pc_1_axi_protocol_converter_v2_1_37_a_axi3_conv/design_1_axi_interconnect_hp0_imp_auto_pc_1_axi_data_fifo_v2_1_36_axic_fifo/design_1_axi_interconnect_hp0_imp_auto_pc_1_axi_data_fifo_v2_1_36_fifo_gen_1/<hidden>/<hidden>/<hidden>/<hidden>/<hidden>/<hidden>
    SLICE_X30Y49         FDCE                                         r  snn_core_group_top/design_1_wrapper/design_1/design_1_axi_interconnect_hp0_0/s01_couplers_imp_12AUBLP/design_1_axi_interconnect_hp0_imp_auto_pc_1/design_1_axi_interconnect_hp0_imp_auto_pc_1_axi_protocol_converter_v2_1_37_axi_protocol_converter/design_1_axi_interconnect_hp0_imp_auto_pc_1_axi_protocol_converter_v2_1_37_axi3_conv/design_1_axi_interconnect_hp0_imp_auto_pc_1_axi_protocol_converter_v2_1_37_a_axi3_conv/design_1_axi_interconnect_hp0_imp_auto_pc_1_axi_data_fifo_v2_1_36_axic_fifo/design_1_axi_interconnect_hp0_imp_auto_pc_1_axi_data_fifo_v2_1_36_fifo_gen_1/<hidden>/<hidden>/<hidden>/<hidden>/<hidden>/<hidden>
                         clock pessimism             -0.030     1.195    
    SLICE_X30Y49         FDCE (Remov_fdce_C_CLR)     -0.067     1.128    snn_core_group_top/design_1_wrapper/design_1/design_1_axi_interconnect_hp0_0/s01_couplers_imp_12AUBLP/design_1_axi_interconnect_hp0_imp_auto_pc_1/design_1_axi_interconnect_hp0_imp_auto_pc_1_axi_protocol_converter_v2_1_37_axi_protocol_converter/design_1_axi_interconnect_hp0_imp_auto_pc_1_axi_protocol_converter_v2_1_37_axi3_conv/design_1_axi_interconnect_hp0_imp_auto_pc_1_axi_protocol_converter_v2_1_37_a_axi3_conv/design_1_axi_interconnect_hp0_imp_auto_pc_1_axi_data_fifo_v2_1_36_axic_fifo/design_1_axi_interconnect_hp0_imp_auto_pc_1_axi_data_fifo_v2_1_36_fifo_gen_1/<hidden>/<hidden>/<hidden>/<hidden>/<hidden>/<hidden>
  -------------------------------------------------------------------
                         required time                         -1.128    
                         arrival time                           1.576    
  -------------------------------------------------------------------
                         slack                                  0.448    

Slack (MET) :             0.448ns  (arrival time - required time)
  Source:                 snn_core_group_top/design_1_wrapper/design_1/design_1_axi_interconnect_hp0_0/s01_couplers_imp_12AUBLP/design_1_axi_interconnect_hp0_imp_auto_pc_1/design_1_axi_interconnect_hp0_imp_auto_pc_1_axi_protocol_converter_v2_1_37_axi_protocol_converter/design_1_axi_interconnect_hp0_imp_auto_pc_1_axi_protocol_converter_v2_1_37_axi3_conv/design_1_axi_interconnect_hp0_imp_auto_pc_1_axi_protocol_converter_v2_1_37_a_axi3_conv/design_1_axi_interconnect_hp0_imp_auto_pc_1_axi_data_fifo_v2_1_36_axic_fifo/design_1_axi_interconnect_hp0_imp_auto_pc_1_axi_data_fifo_v2_1_36_fifo_gen_1/<hidden>/<hidden>/<hidden>/<hidden>/<hidden>
                            (rising edge-triggered cell FDRE clocked by clk_fpga_0  {rise@0.000ns fall@5.000ns period=10.000ns})
  Destination:            snn_core_group_top/design_1_wrapper/design_1/design_1_axi_interconnect_hp0_0/s01_couplers_imp_12AUBLP/design_1_axi_interconnect_hp0_imp_auto_pc_1/design_1_axi_interconnect_hp0_imp_auto_pc_1_axi_protocol_converter_v2_1_37_axi_protocol_converter/design_1_axi_interconnect_hp0_imp_auto_pc_1_axi_protocol_converter_v2_1_37_axi3_conv/design_1_axi_interconnect_hp0_imp_auto_pc_1_axi_protocol_converter_v2_1_37_a_axi3_conv/design_1_axi_interconnect_hp0_imp_auto_pc_1_axi_data_fifo_v2_1_36_axic_fifo/design_1_axi_interconnect_hp0_imp_auto_pc_1_axi_data_fifo_v2_1_36_fifo_gen_1/<hidden>/<hidden>/<hidden>/<hidden>/<hidden>/<hidden>
                            (removal check against rising-edge clock clk_fpga_0  {rise@0.000ns fall@5.000ns period=10.000ns})
  Path Group:             **async_default**
  Path Type:              Removal (Min at Fast Process Corner)
  Requirement:            0.000ns  (clk_fpga_0 rise@0.000ns - clk_fpga_0 rise@0.000ns)
  Data Path Delay:        0.664ns  (logic 0.226ns (34.046%)  route 0.438ns (65.954%))
  Logic Levels:           1  (LUT3=1)
  Clock Path Skew:        0.282ns (DCD - SCD - CPR)
    Destination Clock Delay (DCD):    1.225ns
    Source Clock Delay      (SCD):    0.913ns
    Clock Pessimism Removal (CPR):    0.030ns

    Location             Delay type                Incr(ns)  Path(ns)    Netlist Resource(s)
  -------------------------------------------------------------------    -------------------
                         (clock clk_fpga_0 rise edge)
                                                      0.000     0.000 r  
    PS7_X0Y0             PS7                          0.000     0.000 r  u_block_design/design_1_i/processing_system7_0/inst/PS7_i/FCLKCLK[0]
                         net (fo=1, routed)           0.310     0.310    u_block_design/design_1_i/processing_system7_0/inst/FCLK_CLK_unbuffered[0]
    BUFGCTRL_X0Y16       BUFG (Prop_bufg_I_O)         0.026     0.336 r  u_block_design/design_1_i/processing_system7_0/inst/buffer_fclk_clk_0.FCLK_CLK_0_BUFG/O
                         net (fo=12063, routed)       0.577     0.913    snn_core_group_top/design_1_wrapper/design_1/design_1_axi_interconnect_hp0_0/s01_couplers_imp_12AUBLP/design_1_axi_interconnect_hp0_imp_auto_pc_1/design_1_axi_interconnect_hp0_imp_auto_pc_1_axi_protocol_converter_v2_1_37_axi_protocol_converter/design_1_axi_interconnect_hp0_imp_auto_pc_1_axi_protocol_converter_v2_1_37_axi3_conv/design_1_axi_interconnect_hp0_imp_auto_pc_1_axi_protocol_converter_v2_1_37_a_axi3_conv/design_1_axi_interconnect_hp0_imp_auto_pc_1_axi_data_fifo_v2_1_36_axic_fifo/design_1_axi_interconnect_hp0_imp_auto_pc_1_axi_data_fifo_v2_1_36_fifo_gen_1/<hidden>/<hidden>/<hidden>/<hidden>/<hidden>
    SLICE_X28Y50         FDRE                                         r  snn_core_group_top/design_1_wrapper/design_1/design_1_axi_interconnect_hp0_0/s01_couplers_imp_12AUBLP/design_1_axi_interconnect_hp0_imp_auto_pc_1/design_1_axi_interconnect_hp0_imp_auto_pc_1_axi_protocol_converter_v2_1_37_axi_protocol_converter/design_1_axi_interconnect_hp0_imp_auto_pc_1_axi_protocol_converter_v2_1_37_axi3_conv/design_1_axi_interconnect_hp0_imp_auto_pc_1_axi_protocol_converter_v2_1_37_a_axi3_conv/design_1_axi_interconnect_hp0_imp_auto_pc_1_axi_data_fifo_v2_1_36_axic_fifo/design_1_axi_interconnect_hp0_imp_auto_pc_1_axi_data_fifo_v2_1_36_fifo_gen_1/<hidden>/<hidden>/<hidden>/<hidden>/<hidden>
  -------------------------------------------------------------------    -------------------
    SLICE_X28Y50         FDRE (Prop_fdre_C_Q)         0.128     1.041 f  snn_core_group_top/design_1_wrapper/design_1/design_1_axi_interconnect_hp0_0/s01_couplers_imp_12AUBLP/design_1_axi_interconnect_hp0_imp_auto_pc_1/design_1_axi_interconnect_hp0_imp_auto_pc_1_axi_protocol_converter_v2_1_37_axi_protocol_converter/design_1_axi_interconnect_hp0_imp_auto_pc_1_axi_protocol_converter_v2_1_37_axi3_conv/design_1_axi_interconnect_hp0_imp_auto_pc_1_axi_protocol_converter_v2_1_37_a_axi3_conv/design_1_axi_interconnect_hp0_imp_auto_pc_1_axi_data_fifo_v2_1_36_axic_fifo/design_1_axi_interconnect_hp0_imp_auto_pc_1_axi_data_fifo_v2_1_36_fifo_gen_1/<hidden>/<hidden>/<hidden>/<hidden>/<hidden>
                         net (fo=2, routed)           0.121     1.162    snn_core_group_top/design_1_wrapper/design_1/design_1_axi_interconnect_hp0_0/s01_couplers_imp_12AUBLP/design_1_axi_interconnect_hp0_imp_auto_pc_1/design_1_axi_interconnect_hp0_imp_auto_pc_1_axi_protocol_converter_v2_1_37_axi_protocol_converter/design_1_axi_interconnect_hp0_imp_auto_pc_1_axi_protocol_converter_v2_1_37_axi3_conv/design_1_axi_interconnect_hp0_imp_auto_pc_1_axi_protocol_converter_v2_1_37_a_axi3_conv/design_1_axi_interconnect_hp0_imp_auto_pc_1_axi_data_fifo_v2_1_36_axic_fifo/design_1_axi_interconnect_hp0_imp_auto_pc_1_axi_data_fifo_v2_1_36_fifo_gen_1/<hidden>/<hidden>/<hidden>/<hidden>/<hidden>
    SLICE_X28Y50         LUT3 (Prop_lut3_I0_O)        0.098     1.260 f  snn_core_group_top/design_1_wrapper/design_1/design_1_axi_interconnect_hp0_0/s01_couplers_imp_12AUBLP/design_1_axi_interconnect_hp0_imp_auto_pc_1/design_1_axi_interconnect_hp0_imp_auto_pc_1_axi_protocol_converter_v2_1_37_axi_protocol_converter/design_1_axi_interconnect_hp0_imp_auto_pc_1_axi_protocol_converter_v2_1_37_axi3_conv/design_1_axi_interconnect_hp0_imp_auto_pc_1_axi_protocol_converter_v2_1_37_a_axi3_conv/design_1_axi_interconnect_hp0_imp_auto_pc_1_axi_data_fifo_v2_1_36_axic_fifo/design_1_axi_interconnect_hp0_imp_auto_pc_1_axi_data_fifo_v2_1_36_fifo_gen_1/<hidden>/<hidden>/<hidden>/<hidden>/<hidden>
                         net (fo=32, routed)          0.317     1.576    snn_core_group_top/design_1_wrapper/design_1/design_1_axi_interconnect_hp0_0/s01_couplers_imp_12AUBLP/design_1_axi_interconnect_hp0_imp_auto_pc_1/design_1_axi_interconnect_hp0_imp_auto_pc_1_axi_protocol_converter_v2_1_37_axi_protocol_converter/design_1_axi_interconnect_hp0_imp_auto_pc_1_axi_protocol_converter_v2_1_37_axi3_conv/design_1_axi_interconnect_hp0_imp_auto_pc_1_axi_protocol_converter_v2_1_37_a_axi3_conv/design_1_axi_interconnect_hp0_imp_auto_pc_1_axi_data_fifo_v2_1_36_axic_fifo/design_1_axi_interconnect_hp0_imp_auto_pc_1_axi_data_fifo_v2_1_36_fifo_gen_1/<hidden>/<hidden>/<hidden>/<hidden>/<hidden>/<hidden>
    SLICE_X30Y49         FDCE                                         f  snn_core_group_top/design_1_wrapper/design_1/design_1_axi_interconnect_hp0_0/s01_couplers_imp_12AUBLP/design_1_axi_interconnect_hp0_imp_auto_pc_1/design_1_axi_interconnect_hp0_imp_auto_pc_1_axi_protocol_converter_v2_1_37_axi_protocol_converter/design_1_axi_interconnect_hp0_imp_auto_pc_1_axi_protocol_converter_v2_1_37_axi3_conv/design_1_axi_interconnect_hp0_imp_auto_pc_1_axi_protocol_converter_v2_1_37_a_axi3_conv/design_1_axi_interconnect_hp0_imp_auto_pc_1_axi_data_fifo_v2_1_36_axic_fifo/design_1_axi_interconnect_hp0_imp_auto_pc_1_axi_data_fifo_v2_1_36_fifo_gen_1/<hidden>/<hidden>/<hidden>/<hidden>/<hidden>/<hidden>
  -------------------------------------------------------------------    -------------------

                         (clock clk_fpga_0 rise edge)
                                                      0.000     0.000 r  
    PS7_X0Y0             PS7                          0.000     0.000 r  u_block_design/design_1_i/processing_system7_0/inst/PS7_i/FCLKCLK[0]
                         net (fo=1, routed)           0.337     0.337    u_block_design/design_1_i/processing_system7_0/inst/FCLK_CLK_unbuffered[0]
    BUFGCTRL_X0Y16       BUFG (Prop_bufg_I_O)         0.029     0.366 r  u_block_design/design_1_i/processing_system7_0/inst/buffer_fclk_clk_0.FCLK_CLK_0_BUFG/O
                         net (fo=12063, routed)       0.859     1.225    snn_core_group_top/design_1_wrapper/design_1/design_1_axi_interconnect_hp0_0/s01_couplers_imp_12AUBLP/design_1_axi_interconnect_hp0_imp_auto_pc_1/design_1_axi_interconnect_hp0_imp_auto_pc_1_axi_protocol_converter_v2_1_37_axi_protocol_converter/design_1_axi_interconnect_hp0_imp_auto_pc_1_axi_protocol_converter_v2_1_37_axi3_conv/design_1_axi_interconnect_hp0_imp_auto_pc_1_axi_protocol_converter_v2_1_37_a_axi3_conv/design_1_axi_interconnect_hp0_imp_auto_pc_1_axi_data_fifo_v2_1_36_axic_fifo/design_1_axi_interconnect_hp0_imp_auto_pc_1_axi_data_fifo_v2_1_36_fifo_gen_1/<hidden>/<hidden>/<hidden>/<hidden>/<hidden>/<hidden>
    SLICE_X30Y49         FDCE                                         r  snn_core_group_top/design_1_wrapper/design_1/design_1_axi_interconnect_hp0_0/s01_couplers_imp_12AUBLP/design_1_axi_interconnect_hp0_imp_auto_pc_1/design_1_axi_interconnect_hp0_imp_auto_pc_1_axi_protocol_converter_v2_1_37_axi_protocol_converter/design_1_axi_interconnect_hp0_imp_auto_pc_1_axi_protocol_converter_v2_1_37_axi3_conv/design_1_axi_interconnect_hp0_imp_auto_pc_1_axi_protocol_converter_v2_1_37_a_axi3_conv/design_1_axi_interconnect_hp0_imp_auto_pc_1_axi_data_fifo_v2_1_36_axic_fifo/design_1_axi_interconnect_hp0_imp_auto_pc_1_axi_data_fifo_v2_1_36_fifo_gen_1/<hidden>/<hidden>/<hidden>/<hidden>/<hidden>/<hidden>
                         clock pessimism             -0.030     1.195    
    SLICE_X30Y49         FDCE (Remov_fdce_C_CLR)     -0.067     1.128    snn_core_group_top/design_1_wrapper/design_1/design_1_axi_interconnect_hp0_0/s01_couplers_imp_12AUBLP/design_1_axi_interconnect_hp0_imp_auto_pc_1/design_1_axi_interconnect_hp0_imp_auto_pc_1_axi_protocol_converter_v2_1_37_axi_protocol_converter/design_1_axi_interconnect_hp0_imp_auto_pc_1_axi_protocol_converter_v2_1_37_axi3_conv/design_1_axi_interconnect_hp0_imp_auto_pc_1_axi_protocol_converter_v2_1_37_a_axi3_conv/design_1_axi_interconnect_hp0_imp_auto_pc_1_axi_data_fifo_v2_1_36_axic_fifo/design_1_axi_interconnect_hp0_imp_auto_pc_1_axi_data_fifo_v2_1_36_fifo_gen_1/<hidden>/<hidden>/<hidden>/<hidden>/<hidden>/<hidden>
  -------------------------------------------------------------------
                         required time                         -1.128    
                         arrival time                           1.576    
  -------------------------------------------------------------------
                         slack                                  0.448    

Slack (MET) :             0.452ns  (arrival time - required time)
  Source:                 snn_core_group_top/design_1_wrapper/design_1/design_1_axi_interconnect_hp0_0/s01_couplers_imp_12AUBLP/design_1_axi_interconnect_hp0_imp_auto_pc_1/design_1_axi_interconnect_hp0_imp_auto_pc_1_axi_protocol_converter_v2_1_37_axi_protocol_converter/design_1_axi_interconnect_hp0_imp_auto_pc_1_axi_protocol_converter_v2_1_37_axi3_conv/design_1_axi_interconnect_hp0_imp_auto_pc_1_axi_protocol_converter_v2_1_37_a_axi3_conv/design_1_axi_interconnect_hp0_imp_auto_pc_1_axi_data_fifo_v2_1_36_axic_fifo/design_1_axi_interconnect_hp0_imp_auto_pc_1_axi_data_fifo_v2_1_36_fifo_gen_1/<hidden>/<hidden>/<hidden>/<hidden>/<hidden>
                            (rising edge-triggered cell FDRE clocked by clk_fpga_0  {rise@0.000ns fall@5.000ns period=10.000ns})
  Destination:            snn_core_group_top/design_1_wrapper/design_1/design_1_axi_interconnect_hp0_0/s01_couplers_imp_12AUBLP/design_1_axi_interconnect_hp0_imp_auto_pc_1/design_1_axi_interconnect_hp0_imp_auto_pc_1_axi_protocol_converter_v2_1_37_axi_protocol_converter/design_1_axi_interconnect_hp0_imp_auto_pc_1_axi_protocol_converter_v2_1_37_axi3_conv/design_1_axi_interconnect_hp0_imp_auto_pc_1_axi_protocol_converter_v2_1_37_a_axi3_conv/design_1_axi_interconnect_hp0_imp_auto_pc_1_axi_data_fifo_v2_1_36_axic_fifo/design_1_axi_interconnect_hp0_imp_auto_pc_1_axi_data_fifo_v2_1_36_fifo_gen_1/<hidden>/<hidden>/<hidden>/<hidden>/<hidden>/<hidden>
                            (removal check against rising-edge clock clk_fpga_0  {rise@0.000ns fall@5.000ns period=10.000ns})
  Path Group:             **async_default**
  Path Type:              Removal (Min at Fast Process Corner)
  Requirement:            0.000ns  (clk_fpga_0 rise@0.000ns - clk_fpga_0 rise@0.000ns)
  Data Path Delay:        0.664ns  (logic 0.226ns (34.046%)  route 0.438ns (65.954%))
  Logic Levels:           1  (LUT3=1)
  Clock Path Skew:        0.282ns (DCD - SCD - CPR)
    Destination Clock Delay (DCD):    1.225ns
    Source Clock Delay      (SCD):    0.913ns
    Clock Pessimism Removal (CPR):    0.030ns

    Location             Delay type                Incr(ns)  Path(ns)    Netlist Resource(s)
  -------------------------------------------------------------------    -------------------
                         (clock clk_fpga_0 rise edge)
                                                      0.000     0.000 r  
    PS7_X0Y0             PS7                          0.000     0.000 r  u_block_design/design_1_i/processing_system7_0/inst/PS7_i/FCLKCLK[0]
                         net (fo=1, routed)           0.310     0.310    u_block_design/design_1_i/processing_system7_0/inst/FCLK_CLK_unbuffered[0]
    BUFGCTRL_X0Y16       BUFG (Prop_bufg_I_O)         0.026     0.336 r  u_block_design/design_1_i/processing_system7_0/inst/buffer_fclk_clk_0.FCLK_CLK_0_BUFG/O
                         net (fo=12063, routed)       0.577     0.913    snn_core_group_top/design_1_wrapper/design_1/design_1_axi_interconnect_hp0_0/s01_couplers_imp_12AUBLP/design_1_axi_interconnect_hp0_imp_auto_pc_1/design_1_axi_interconnect_hp0_imp_auto_pc_1_axi_protocol_converter_v2_1_37_axi_protocol_converter/design_1_axi_interconnect_hp0_imp_auto_pc_1_axi_protocol_converter_v2_1_37_axi3_conv/design_1_axi_interconnect_hp0_imp_auto_pc_1_axi_protocol_converter_v2_1_37_a_axi3_conv/design_1_axi_interconnect_hp0_imp_auto_pc_1_axi_data_fifo_v2_1_36_axic_fifo/design_1_axi_interconnect_hp0_imp_auto_pc_1_axi_data_fifo_v2_1_36_fifo_gen_1/<hidden>/<hidden>/<hidden>/<hidden>/<hidden>
    SLICE_X28Y50         FDRE                                         r  snn_core_group_top/design_1_wrapper/design_1/design_1_axi_interconnect_hp0_0/s01_couplers_imp_12AUBLP/design_1_axi_interconnect_hp0_imp_auto_pc_1/design_1_axi_interconnect_hp0_imp_auto_pc_1_axi_protocol_converter_v2_1_37_axi_protocol_converter/design_1_axi_interconnect_hp0_imp_auto_pc_1_axi_protocol_converter_v2_1_37_axi3_conv/design_1_axi_interconnect_hp0_imp_auto_pc_1_axi_protocol_converter_v2_1_37_a_axi3_conv/design_1_axi_interconnect_hp0_imp_auto_pc_1_axi_data_fifo_v2_1_36_axic_fifo/design_1_axi_interconnect_hp0_imp_auto_pc_1_axi_data_fifo_v2_1_36_fifo_gen_1/<hidden>/<hidden>/<hidden>/<hidden>/<hidden>
  -------------------------------------------------------------------    -------------------
    SLICE_X28Y50         FDRE (Prop_fdre_C_Q)         0.128     1.041 f  snn_core_group_top/design_1_wrapper/design_1/design_1_axi_interconnect_hp0_0/s01_couplers_imp_12AUBLP/design_1_axi_interconnect_hp0_imp_auto_pc_1/design_1_axi_interconnect_hp0_imp_auto_pc_1_axi_protocol_converter_v2_1_37_axi_protocol_converter/design_1_axi_interconnect_hp0_imp_auto_pc_1_axi_protocol_converter_v2_1_37_axi3_conv/design_1_axi_interconnect_hp0_imp_auto_pc_1_axi_protocol_converter_v2_1_37_a_axi3_conv/design_1_axi_interconnect_hp0_imp_auto_pc_1_axi_data_fifo_v2_1_36_axic_fifo/design_1_axi_interconnect_hp0_imp_auto_pc_1_axi_data_fifo_v2_1_36_fifo_gen_1/<hidden>/<hidden>/<hidden>/<hidden>/<hidden>
                         net (fo=2, routed)           0.121     1.162    snn_core_group_top/design_1_wrapper/design_1/design_1_axi_interconnect_hp0_0/s01_couplers_imp_12AUBLP/design_1_axi_interconnect_hp0_imp_auto_pc_1/design_1_axi_interconnect_hp0_imp_auto_pc_1_axi_protocol_converter_v2_1_37_axi_protocol_converter/design_1_axi_interconnect_hp0_imp_auto_pc_1_axi_protocol_converter_v2_1_37_axi3_conv/design_1_axi_interconnect_hp0_imp_auto_pc_1_axi_protocol_converter_v2_1_37_a_axi3_conv/design_1_axi_interconnect_hp0_imp_auto_pc_1_axi_data_fifo_v2_1_36_axic_fifo/design_1_axi_interconnect_hp0_imp_auto_pc_1_axi_data_fifo_v2_1_36_fifo_gen_1/<hidden>/<hidden>/<hidden>/<hidden>/<hidden>
    SLICE_X28Y50         LUT3 (Prop_lut3_I0_O)        0.098     1.260 f  snn_core_group_top/design_1_wrapper/design_1/design_1_axi_interconnect_hp0_0/s01_couplers_imp_12AUBLP/design_1_axi_interconnect_hp0_imp_auto_pc_1/design_1_axi_interconnect_hp0_imp_auto_pc_1_axi_protocol_converter_v2_1_37_axi_protocol_converter/design_1_axi_interconnect_hp0_imp_auto_pc_1_axi_protocol_converter_v2_1_37_axi3_conv/design_1_axi_interconnect_hp0_imp_auto_pc_1_axi_protocol_converter_v2_1_37_a_axi3_conv/design_1_axi_interconnect_hp0_imp_auto_pc_1_axi_data_fifo_v2_1_36_axic_fifo/design_1_axi_interconnect_hp0_imp_auto_pc_1_axi_data_fifo_v2_1_36_fifo_gen_1/<hidden>/<hidden>/<hidden>/<hidden>/<hidden>
                         net (fo=32, routed)          0.317     1.576    snn_core_group_top/design_1_wrapper/design_1/design_1_axi_interconnect_hp0_0/s01_couplers_imp_12AUBLP/design_1_axi_interconnect_hp0_imp_auto_pc_1/design_1_axi_interconnect_hp0_imp_auto_pc_1_axi_protocol_converter_v2_1_37_axi_protocol_converter/design_1_axi_interconnect_hp0_imp_auto_pc_1_axi_protocol_converter_v2_1_37_axi3_conv/design_1_axi_interconnect_hp0_imp_auto_pc_1_axi_protocol_converter_v2_1_37_a_axi3_conv/design_1_axi_interconnect_hp0_imp_auto_pc_1_axi_data_fifo_v2_1_36_axic_fifo/design_1_axi_interconnect_hp0_imp_auto_pc_1_axi_data_fifo_v2_1_36_fifo_gen_1/<hidden>/<hidden>/<hidden>/<hidden>/<hidden>/<hidden>
    SLICE_X30Y49         FDPE                                         f  snn_core_group_top/design_1_wrapper/design_1/design_1_axi_interconnect_hp0_0/s01_couplers_imp_12AUBLP/design_1_axi_interconnect_hp0_imp_auto_pc_1/design_1_axi_interconnect_hp0_imp_auto_pc_1_axi_protocol_converter_v2_1_37_axi_protocol_converter/design_1_axi_interconnect_hp0_imp_auto_pc_1_axi_protocol_converter_v2_1_37_axi3_conv/design_1_axi_interconnect_hp0_imp_auto_pc_1_axi_protocol_converter_v2_1_37_a_axi3_conv/design_1_axi_interconnect_hp0_imp_auto_pc_1_axi_data_fifo_v2_1_36_axic_fifo/design_1_axi_interconnect_hp0_imp_auto_pc_1_axi_data_fifo_v2_1_36_fifo_gen_1/<hidden>/<hidden>/<hidden>/<hidden>/<hidden>/<hidden>
  -------------------------------------------------------------------    -------------------

                         (clock clk_fpga_0 rise edge)
                                                      0.000     0.000 r  
    PS7_X0Y0             PS7                          0.000     0.000 r  u_block_design/design_1_i/processing_system7_0/inst/PS7_i/FCLKCLK[0]
                         net (fo=1, routed)           0.337     0.337    u_block_design/design_1_i/processing_system7_0/inst/FCLK_CLK_unbuffered[0]
    BUFGCTRL_X0Y16       BUFG (Prop_bufg_I_O)         0.029     0.366 r  u_block_design/design_1_i/processing_system7_0/inst/buffer_fclk_clk_0.FCLK_CLK_0_BUFG/O
                         net (fo=12063, routed)       0.859     1.225    snn_core_group_top/design_1_wrapper/design_1/design_1_axi_interconnect_hp0_0/s01_couplers_imp_12AUBLP/design_1_axi_interconnect_hp0_imp_auto_pc_1/design_1_axi_interconnect_hp0_imp_auto_pc_1_axi_protocol_converter_v2_1_37_axi_protocol_converter/design_1_axi_interconnect_hp0_imp_auto_pc_1_axi_protocol_converter_v2_1_37_axi3_conv/design_1_axi_interconnect_hp0_imp_auto_pc_1_axi_protocol_converter_v2_1_37_a_axi3_conv/design_1_axi_interconnect_hp0_imp_auto_pc_1_axi_data_fifo_v2_1_36_axic_fifo/design_1_axi_interconnect_hp0_imp_auto_pc_1_axi_data_fifo_v2_1_36_fifo_gen_1/<hidden>/<hidden>/<hidden>/<hidden>/<hidden>/<hidden>
    SLICE_X30Y49         FDPE                                         r  snn_core_group_top/design_1_wrapper/design_1/design_1_axi_interconnect_hp0_0/s01_couplers_imp_12AUBLP/design_1_axi_interconnect_hp0_imp_auto_pc_1/design_1_axi_interconnect_hp0_imp_auto_pc_1_axi_protocol_converter_v2_1_37_axi_protocol_converter/design_1_axi_interconnect_hp0_imp_auto_pc_1_axi_protocol_converter_v2_1_37_axi3_conv/design_1_axi_interconnect_hp0_imp_auto_pc_1_axi_protocol_converter_v2_1_37_a_axi3_conv/design_1_axi_interconnect_hp0_imp_auto_pc_1_axi_data_fifo_v2_1_36_axic_fifo/design_1_axi_interconnect_hp0_imp_auto_pc_1_axi_data_fifo_v2_1_36_fifo_gen_1/<hidden>/<hidden>/<hidden>/<hidden>/<hidden>/<hidden>
                         clock pessimism             -0.030     1.195    
    SLICE_X30Y49         FDPE (Remov_fdpe_C_PRE)     -0.071     1.124    snn_core_group_top/design_1_wrapper/design_1/design_1_axi_interconnect_hp0_0/s01_couplers_imp_12AUBLP/design_1_axi_interconnect_hp0_imp_auto_pc_1/design_1_axi_interconnect_hp0_imp_auto_pc_1_axi_protocol_converter_v2_1_37_axi_protocol_converter/design_1_axi_interconnect_hp0_imp_auto_pc_1_axi_protocol_converter_v2_1_37_axi3_conv/design_1_axi_interconnect_hp0_imp_auto_pc_1_axi_protocol_converter_v2_1_37_a_axi3_conv/design_1_axi_interconnect_hp0_imp_auto_pc_1_axi_data_fifo_v2_1_36_axic_fifo/design_1_axi_interconnect_hp0_imp_auto_pc_1_axi_data_fifo_v2_1_36_fifo_gen_1/<hidden>/<hidden>/<hidden>/<hidden>/<hidden>/<hidden>
  -------------------------------------------------------------------
                         required time                         -1.124    
                         arrival time                           1.576    
  -------------------------------------------------------------------
                         slack                                  0.452    

Slack (MET) :             0.580ns  (arrival time - required time)
  Source:                 snn_core_group_top/design_1_wrapper/design_1/design_1_axi_interconnect_hp0_0/s02_couplers_imp_QSEXJZ/design_1_axi_interconnect_hp0_imp_auto_pc_2/design_1_axi_interconnect_hp0_imp_auto_pc_2_axi_protocol_converter_v2_1_37_axi_protocol_converter/design_1_axi_interconnect_hp0_imp_auto_pc_2_axi_protocol_converter_v2_1_37_axi3_conv/design_1_axi_interconnect_hp0_imp_auto_pc_2_axi_protocol_converter_v2_1_37_a_axi3_conv/design_1_axi_interconnect_hp0_imp_auto_pc_2_axi_data_fifo_v2_1_36_axic_fifo/design_1_axi_interconnect_hp0_imp_auto_pc_2_axi_data_fifo_v2_1_36_fifo_gen/<hidden>/<hidden>/<hidden>/<hidden>/<hidden>
                            (rising edge-triggered cell FDRE clocked by clk_fpga_0  {rise@0.000ns fall@5.000ns period=10.000ns})
  Destination:            snn_core_group_top/design_1_wrapper/design_1/design_1_axi_interconnect_hp0_0/s02_couplers_imp_QSEXJZ/design_1_axi_interconnect_hp0_imp_auto_pc_2/design_1_axi_interconnect_hp0_imp_auto_pc_2_axi_protocol_converter_v2_1_37_axi_protocol_converter/design_1_axi_interconnect_hp0_imp_auto_pc_2_axi_protocol_converter_v2_1_37_axi3_conv/design_1_axi_interconnect_hp0_imp_auto_pc_2_axi_protocol_converter_v2_1_37_a_axi3_conv/design_1_axi_interconnect_hp0_imp_auto_pc_2_axi_data_fifo_v2_1_36_axic_fifo/design_1_axi_interconnect_hp0_imp_auto_pc_2_axi_data_fifo_v2_1_36_fifo_gen/<hidden>/<hidden>/<hidden>/<hidden>/<hidden>/<hidden>
                            (removal check against rising-edge clock clk_fpga_0  {rise@0.000ns fall@5.000ns period=10.000ns})
  Path Group:             **async_default**
  Path Type:              Removal (Min at Fast Process Corner)
  Requirement:            0.000ns  (clk_fpga_0 rise@0.000ns - clk_fpga_0 rise@0.000ns)
  Data Path Delay:        0.526ns  (logic 0.186ns (35.362%)  route 0.340ns (64.638%))
  Logic Levels:           1  (LUT3=1)
  Clock Path Skew:        0.013ns (DCD - SCD - CPR)
    Destination Clock Delay (DCD):    1.248ns
    Source Clock Delay      (SCD):    0.951ns
    Clock Pessimism Removal (CPR):    0.284ns

    Location             Delay type                Incr(ns)  Path(ns)    Netlist Resource(s)
  -------------------------------------------------------------------    -------------------
                         (clock clk_fpga_0 rise edge)
                                                      0.000     0.000 r  
    PS7_X0Y0             PS7                          0.000     0.000 r  u_block_design/design_1_i/processing_system7_0/inst/PS7_i/FCLKCLK[0]
                         net (fo=1, routed)           0.310     0.310    u_block_design/design_1_i/processing_system7_0/inst/FCLK_CLK_unbuffered[0]
    BUFGCTRL_X0Y16       BUFG (Prop_bufg_I_O)         0.026     0.336 r  u_block_design/design_1_i/processing_system7_0/inst/buffer_fclk_clk_0.FCLK_CLK_0_BUFG/O
                         net (fo=12063, routed)       0.615     0.951    snn_core_group_top/design_1_wrapper/design_1/design_1_axi_interconnect_hp0_0/s02_couplers_imp_QSEXJZ/design_1_axi_interconnect_hp0_imp_auto_pc_2/design_1_axi_interconnect_hp0_imp_auto_pc_2_axi_protocol_converter_v2_1_37_axi_protocol_converter/design_1_axi_interconnect_hp0_imp_auto_pc_2_axi_protocol_converter_v2_1_37_axi3_conv/design_1_axi_interconnect_hp0_imp_auto_pc_2_axi_protocol_converter_v2_1_37_a_axi3_conv/design_1_axi_interconnect_hp0_imp_auto_pc_2_axi_data_fifo_v2_1_36_axic_fifo/design_1_axi_interconnect_hp0_imp_auto_pc_2_axi_data_fifo_v2_1_36_fifo_gen/<hidden>/<hidden>/<hidden>/<hidden>/<hidden>
    SLICE_X5Y21          FDRE                                         r  snn_core_group_top/design_1_wrapper/design_1/design_1_axi_interconnect_hp0_0/s02_couplers_imp_QSEXJZ/design_1_axi_interconnect_hp0_imp_auto_pc_2/design_1_axi_interconnect_hp0_imp_auto_pc_2_axi_protocol_converter_v2_1_37_axi_protocol_converter/design_1_axi_interconnect_hp0_imp_auto_pc_2_axi_protocol_converter_v2_1_37_axi3_conv/design_1_axi_interconnect_hp0_imp_auto_pc_2_axi_protocol_converter_v2_1_37_a_axi3_conv/design_1_axi_interconnect_hp0_imp_auto_pc_2_axi_data_fifo_v2_1_36_axic_fifo/design_1_axi_interconnect_hp0_imp_auto_pc_2_axi_data_fifo_v2_1_36_fifo_gen/<hidden>/<hidden>/<hidden>/<hidden>/<hidden>
  -------------------------------------------------------------------    -------------------
    SLICE_X5Y21          FDRE (Prop_fdre_C_Q)         0.141     1.092 f  snn_core_group_top/design_1_wrapper/design_1/design_1_axi_interconnect_hp0_0/s02_couplers_imp_QSEXJZ/design_1_axi_interconnect_hp0_imp_auto_pc_2/design_1_axi_interconnect_hp0_imp_auto_pc_2_axi_protocol_converter_v2_1_37_axi_protocol_converter/design_1_axi_interconnect_hp0_imp_auto_pc_2_axi_protocol_converter_v2_1_37_axi3_conv/design_1_axi_interconnect_hp0_imp_auto_pc_2_axi_protocol_converter_v2_1_37_a_axi3_conv/design_1_axi_interconnect_hp0_imp_auto_pc_2_axi_data_fifo_v2_1_36_axic_fifo/design_1_axi_interconnect_hp0_imp_auto_pc_2_axi_data_fifo_v2_1_36_fifo_gen/<hidden>/<hidden>/<hidden>/<hidden>/<hidden>
                         net (fo=1, routed)           0.156     1.248    snn_core_group_top/design_1_wrapper/design_1/design_1_axi_interconnect_hp0_0/s02_couplers_imp_QSEXJZ/design_1_axi_interconnect_hp0_imp_auto_pc_2/design_1_axi_interconnect_hp0_imp_auto_pc_2_axi_protocol_converter_v2_1_37_axi_protocol_converter/design_1_axi_interconnect_hp0_imp_auto_pc_2_axi_protocol_converter_v2_1_37_axi3_conv/design_1_axi_interconnect_hp0_imp_auto_pc_2_axi_protocol_converter_v2_1_37_a_axi3_conv/design_1_axi_interconnect_hp0_imp_auto_pc_2_axi_data_fifo_v2_1_36_axic_fifo/design_1_axi_interconnect_hp0_imp_auto_pc_2_axi_data_fifo_v2_1_36_fifo_gen/<hidden>/<hidden>/<hidden>/<hidden>/<hidden>
    SLICE_X5Y21          LUT3 (Prop_lut3_I0_O)        0.045     1.293 f  snn_core_group_top/design_1_wrapper/design_1/design_1_axi_interconnect_hp0_0/s02_couplers_imp_QSEXJZ/design_1_axi_interconnect_hp0_imp_auto_pc_2/design_1_axi_interconnect_hp0_imp_auto_pc_2_axi_protocol_converter_v2_1_37_axi_protocol_converter/design_1_axi_interconnect_hp0_imp_auto_pc_2_axi_protocol_converter_v2_1_37_axi3_conv/design_1_axi_interconnect_hp0_imp_auto_pc_2_axi_protocol_converter_v2_1_37_a_axi3_conv/design_1_axi_interconnect_hp0_imp_auto_pc_2_axi_data_fifo_v2_1_36_axic_fifo/design_1_axi_interconnect_hp0_imp_auto_pc_2_axi_data_fifo_v2_1_36_fifo_gen/<hidden>/<hidden>/<hidden>/<hidden>/<hidden>
                         net (fo=33, routed)          0.184     1.476    snn_core_group_top/design_1_wrapper/design_1/design_1_axi_interconnect_hp0_0/s02_couplers_imp_QSEXJZ/design_1_axi_interconnect_hp0_imp_auto_pc_2/design_1_axi_interconnect_hp0_imp_auto_pc_2_axi_protocol_converter_v2_1_37_axi_protocol_converter/design_1_axi_interconnect_hp0_imp_auto_pc_2_axi_protocol_converter_v2_1_37_axi3_conv/design_1_axi_interconnect_hp0_imp_auto_pc_2_axi_protocol_converter_v2_1_37_a_axi3_conv/design_1_axi_interconnect_hp0_imp_auto_pc_2_axi_data_fifo_v2_1_36_axic_fifo/design_1_axi_interconnect_hp0_imp_auto_pc_2_axi_data_fifo_v2_1_36_fifo_gen/<hidden>/<hidden>/<hidden>/<hidden>/<hidden>/<hidden>
    SLICE_X4Y21          FDCE                                         f  snn_core_group_top/design_1_wrapper/design_1/design_1_axi_interconnect_hp0_0/s02_couplers_imp_QSEXJZ/design_1_axi_interconnect_hp0_imp_auto_pc_2/design_1_axi_interconnect_hp0_imp_auto_pc_2_axi_protocol_converter_v2_1_37_axi_protocol_converter/design_1_axi_interconnect_hp0_imp_auto_pc_2_axi_protocol_converter_v2_1_37_axi3_conv/design_1_axi_interconnect_hp0_imp_auto_pc_2_axi_protocol_converter_v2_1_37_a_axi3_conv/design_1_axi_interconnect_hp0_imp_auto_pc_2_axi_data_fifo_v2_1_36_axic_fifo/design_1_axi_interconnect_hp0_imp_auto_pc_2_axi_data_fifo_v2_1_36_fifo_gen/<hidden>/<hidden>/<hidden>/<hidden>/<hidden>/<hidden>
  -------------------------------------------------------------------    -------------------

                         (clock clk_fpga_0 rise edge)
                                                      0.000     0.000 r  
    PS7_X0Y0             PS7                          0.000     0.000 r  u_block_design/design_1_i/processing_system7_0/inst/PS7_i/FCLKCLK[0]
                         net (fo=1, routed)           0.337     0.337    u_block_design/design_1_i/processing_system7_0/inst/FCLK_CLK_unbuffered[0]
    BUFGCTRL_X0Y16       BUFG (Prop_bufg_I_O)         0.029     0.366 r  u_block_design/design_1_i/processing_system7_0/inst/buffer_fclk_clk_0.FCLK_CLK_0_BUFG/O
                         net (fo=12063, routed)       0.882     1.248    snn_core_group_top/design_1_wrapper/design_1/design_1_axi_interconnect_hp0_0/s02_couplers_imp_QSEXJZ/design_1_axi_interconnect_hp0_imp_auto_pc_2/design_1_axi_interconnect_hp0_imp_auto_pc_2_axi_protocol_converter_v2_1_37_axi_protocol_converter/design_1_axi_interconnect_hp0_imp_auto_pc_2_axi_protocol_converter_v2_1_37_axi3_conv/design_1_axi_interconnect_hp0_imp_auto_pc_2_axi_protocol_converter_v2_1_37_a_axi3_conv/design_1_axi_interconnect_hp0_imp_auto_pc_2_axi_data_fifo_v2_1_36_axic_fifo/design_1_axi_interconnect_hp0_imp_auto_pc_2_axi_data_fifo_v2_1_36_fifo_gen/<hidden>/<hidden>/<hidden>/<hidden>/<hidden>/<hidden>
    SLICE_X4Y21          FDCE                                         r  snn_core_group_top/design_1_wrapper/design_1/design_1_axi_interconnect_hp0_0/s02_couplers_imp_QSEXJZ/design_1_axi_interconnect_hp0_imp_auto_pc_2/design_1_axi_interconnect_hp0_imp_auto_pc_2_axi_protocol_converter_v2_1_37_axi_protocol_converter/design_1_axi_interconnect_hp0_imp_auto_pc_2_axi_protocol_converter_v2_1_37_axi3_conv/design_1_axi_interconnect_hp0_imp_auto_pc_2_axi_protocol_converter_v2_1_37_a_axi3_conv/design_1_axi_interconnect_hp0_imp_auto_pc_2_axi_data_fifo_v2_1_36_axic_fifo/design_1_axi_interconnect_hp0_imp_auto_pc_2_axi_data_fifo_v2_1_36_fifo_gen/<hidden>/<hidden>/<hidden>/<hidden>/<hidden>/<hidden>
                         clock pessimism             -0.284     0.964    
    SLICE_X4Y21          FDCE (Remov_fdce_C_CLR)     -0.067     0.896    snn_core_group_top/design_1_wrapper/design_1/design_1_axi_interconnect_hp0_0/s02_couplers_imp_QSEXJZ/design_1_axi_interconnect_hp0_imp_auto_pc_2/design_1_axi_interconnect_hp0_imp_auto_pc_2_axi_protocol_converter_v2_1_37_axi_protocol_converter/design_1_axi_interconnect_hp0_imp_auto_pc_2_axi_protocol_converter_v2_1_37_axi3_conv/design_1_axi_interconnect_hp0_imp_auto_pc_2_axi_protocol_converter_v2_1_37_a_axi3_conv/design_1_axi_interconnect_hp0_imp_auto_pc_2_axi_data_fifo_v2_1_36_axic_fifo/design_1_axi_interconnect_hp0_imp_auto_pc_2_axi_data_fifo_v2_1_36_fifo_gen/<hidden>/<hidden>/<hidden>/<hidden>/<hidden>/<hidden>
  -------------------------------------------------------------------
                         required time                         -0.897    
                         arrival time                           1.476    
  -------------------------------------------------------------------
                         slack                                  0.580    

Slack (MET) :             0.580ns  (arrival time - required time)
  Source:                 snn_core_group_top/design_1_wrapper/design_1/design_1_axi_interconnect_hp0_0/s02_couplers_imp_QSEXJZ/design_1_axi_interconnect_hp0_imp_auto_pc_2/design_1_axi_interconnect_hp0_imp_auto_pc_2_axi_protocol_converter_v2_1_37_axi_protocol_converter/design_1_axi_interconnect_hp0_imp_auto_pc_2_axi_protocol_converter_v2_1_37_axi3_conv/design_1_axi_interconnect_hp0_imp_auto_pc_2_axi_protocol_converter_v2_1_37_a_axi3_conv/design_1_axi_interconnect_hp0_imp_auto_pc_2_axi_data_fifo_v2_1_36_axic_fifo/design_1_axi_interconnect_hp0_imp_auto_pc_2_axi_data_fifo_v2_1_36_fifo_gen/<hidden>/<hidden>/<hidden>/<hidden>/<hidden>
                            (rising edge-triggered cell FDRE clocked by clk_fpga_0  {rise@0.000ns fall@5.000ns period=10.000ns})
  Destination:            snn_core_group_top/design_1_wrapper/design_1/design_1_axi_interconnect_hp0_0/s02_couplers_imp_QSEXJZ/design_1_axi_interconnect_hp0_imp_auto_pc_2/design_1_axi_interconnect_hp0_imp_auto_pc_2_axi_protocol_converter_v2_1_37_axi_protocol_converter/design_1_axi_interconnect_hp0_imp_auto_pc_2_axi_protocol_converter_v2_1_37_axi3_conv/design_1_axi_interconnect_hp0_imp_auto_pc_2_axi_protocol_converter_v2_1_37_a_axi3_conv/design_1_axi_interconnect_hp0_imp_auto_pc_2_axi_data_fifo_v2_1_36_axic_fifo/design_1_axi_interconnect_hp0_imp_auto_pc_2_axi_data_fifo_v2_1_36_fifo_gen/<hidden>/<hidden>/<hidden>/<hidden>/<hidden>/<hidden>
                            (removal check against rising-edge clock clk_fpga_0  {rise@0.000ns fall@5.000ns period=10.000ns})
  Path Group:             **async_default**
  Path Type:              Removal (Min at Fast Process Corner)
  Requirement:            0.000ns  (clk_fpga_0 rise@0.000ns - clk_fpga_0 rise@0.000ns)
  Data Path Delay:        0.526ns  (logic 0.186ns (35.362%)  route 0.340ns (64.638%))
  Logic Levels:           1  (LUT3=1)
  Clock Path Skew:        0.013ns (DCD - SCD - CPR)
    Destination Clock Delay (DCD):    1.248ns
    Source Clock Delay      (SCD):    0.951ns
    Clock Pessimism Removal (CPR):    0.284ns

    Location             Delay type                Incr(ns)  Path(ns)    Netlist Resource(s)
  -------------------------------------------------------------------    -------------------
                         (clock clk_fpga_0 rise edge)
                                                      0.000     0.000 r  
    PS7_X0Y0             PS7                          0.000     0.000 r  u_block_design/design_1_i/processing_system7_0/inst/PS7_i/FCLKCLK[0]
                         net (fo=1, routed)           0.310     0.310    u_block_design/design_1_i/processing_system7_0/inst/FCLK_CLK_unbuffered[0]
    BUFGCTRL_X0Y16       BUFG (Prop_bufg_I_O)         0.026     0.336 r  u_block_design/design_1_i/processing_system7_0/inst/buffer_fclk_clk_0.FCLK_CLK_0_BUFG/O
                         net (fo=12063, routed)       0.615     0.951    snn_core_group_top/design_1_wrapper/design_1/design_1_axi_interconnect_hp0_0/s02_couplers_imp_QSEXJZ/design_1_axi_interconnect_hp0_imp_auto_pc_2/design_1_axi_interconnect_hp0_imp_auto_pc_2_axi_protocol_converter_v2_1_37_axi_protocol_converter/design_1_axi_interconnect_hp0_imp_auto_pc_2_axi_protocol_converter_v2_1_37_axi3_conv/design_1_axi_interconnect_hp0_imp_auto_pc_2_axi_protocol_converter_v2_1_37_a_axi3_conv/design_1_axi_interconnect_hp0_imp_auto_pc_2_axi_data_fifo_v2_1_36_axic_fifo/design_1_axi_interconnect_hp0_imp_auto_pc_2_axi_data_fifo_v2_1_36_fifo_gen/<hidden>/<hidden>/<hidden>/<hidden>/<hidden>
    SLICE_X5Y21          FDRE                                         r  snn_core_group_top/design_1_wrapper/design_1/design_1_axi_interconnect_hp0_0/s02_couplers_imp_QSEXJZ/design_1_axi_interconnect_hp0_imp_auto_pc_2/design_1_axi_interconnect_hp0_imp_auto_pc_2_axi_protocol_converter_v2_1_37_axi_protocol_converter/design_1_axi_interconnect_hp0_imp_auto_pc_2_axi_protocol_converter_v2_1_37_axi3_conv/design_1_axi_interconnect_hp0_imp_auto_pc_2_axi_protocol_converter_v2_1_37_a_axi3_conv/design_1_axi_interconnect_hp0_imp_auto_pc_2_axi_data_fifo_v2_1_36_axic_fifo/design_1_axi_interconnect_hp0_imp_auto_pc_2_axi_data_fifo_v2_1_36_fifo_gen/<hidden>/<hidden>/<hidden>/<hidden>/<hidden>
  -------------------------------------------------------------------    -------------------
    SLICE_X5Y21          FDRE (Prop_fdre_C_Q)         0.141     1.092 f  snn_core_group_top/design_1_wrapper/design_1/design_1_axi_interconnect_hp0_0/s02_couplers_imp_QSEXJZ/design_1_axi_interconnect_hp0_imp_auto_pc_2/design_1_axi_interconnect_hp0_imp_auto_pc_2_axi_protocol_converter_v2_1_37_axi_protocol_converter/design_1_axi_interconnect_hp0_imp_auto_pc_2_axi_protocol_converter_v2_1_37_axi3_conv/design_1_axi_interconnect_hp0_imp_auto_pc_2_axi_protocol_converter_v2_1_37_a_axi3_conv/design_1_axi_interconnect_hp0_imp_auto_pc_2_axi_data_fifo_v2_1_36_axic_fifo/design_1_axi_interconnect_hp0_imp_auto_pc_2_axi_data_fifo_v2_1_36_fifo_gen/<hidden>/<hidden>/<hidden>/<hidden>/<hidden>
                         net (fo=1, routed)           0.156     1.248    snn_core_group_top/design_1_wrapper/design_1/design_1_axi_interconnect_hp0_0/s02_couplers_imp_QSEXJZ/design_1_axi_interconnect_hp0_imp_auto_pc_2/design_1_axi_interconnect_hp0_imp_auto_pc_2_axi_protocol_converter_v2_1_37_axi_protocol_converter/design_1_axi_interconnect_hp0_imp_auto_pc_2_axi_protocol_converter_v2_1_37_axi3_conv/design_1_axi_interconnect_hp0_imp_auto_pc_2_axi_protocol_converter_v2_1_37_a_axi3_conv/design_1_axi_interconnect_hp0_imp_auto_pc_2_axi_data_fifo_v2_1_36_axic_fifo/design_1_axi_interconnect_hp0_imp_auto_pc_2_axi_data_fifo_v2_1_36_fifo_gen/<hidden>/<hidden>/<hidden>/<hidden>/<hidden>
    SLICE_X5Y21          LUT3 (Prop_lut3_I0_O)        0.045     1.293 f  snn_core_group_top/design_1_wrapper/design_1/design_1_axi_interconnect_hp0_0/s02_couplers_imp_QSEXJZ/design_1_axi_interconnect_hp0_imp_auto_pc_2/design_1_axi_interconnect_hp0_imp_auto_pc_2_axi_protocol_converter_v2_1_37_axi_protocol_converter/design_1_axi_interconnect_hp0_imp_auto_pc_2_axi_protocol_converter_v2_1_37_axi3_conv/design_1_axi_interconnect_hp0_imp_auto_pc_2_axi_protocol_converter_v2_1_37_a_axi3_conv/design_1_axi_interconnect_hp0_imp_auto_pc_2_axi_data_fifo_v2_1_36_axic_fifo/design_1_axi_interconnect_hp0_imp_auto_pc_2_axi_data_fifo_v2_1_36_fifo_gen/<hidden>/<hidden>/<hidden>/<hidden>/<hidden>
                         net (fo=33, routed)          0.184     1.476    snn_core_group_top/design_1_wrapper/design_1/design_1_axi_interconnect_hp0_0/s02_couplers_imp_QSEXJZ/design_1_axi_interconnect_hp0_imp_auto_pc_2/design_1_axi_interconnect_hp0_imp_auto_pc_2_axi_protocol_converter_v2_1_37_axi_protocol_converter/design_1_axi_interconnect_hp0_imp_auto_pc_2_axi_protocol_converter_v2_1_37_axi3_conv/design_1_axi_interconnect_hp0_imp_auto_pc_2_axi_protocol_converter_v2_1_37_a_axi3_conv/design_1_axi_interconnect_hp0_imp_auto_pc_2_axi_data_fifo_v2_1_36_axic_fifo/design_1_axi_interconnect_hp0_imp_auto_pc_2_axi_data_fifo_v2_1_36_fifo_gen/<hidden>/<hidden>/<hidden>/<hidden>/<hidden>/<hidden>
    SLICE_X4Y21          FDCE                                         f  snn_core_group_top/design_1_wrapper/design_1/design_1_axi_interconnect_hp0_0/s02_couplers_imp_QSEXJZ/design_1_axi_interconnect_hp0_imp_auto_pc_2/design_1_axi_interconnect_hp0_imp_auto_pc_2_axi_protocol_converter_v2_1_37_axi_protocol_converter/design_1_axi_interconnect_hp0_imp_auto_pc_2_axi_protocol_converter_v2_1_37_axi3_conv/design_1_axi_interconnect_hp0_imp_auto_pc_2_axi_protocol_converter_v2_1_37_a_axi3_conv/design_1_axi_interconnect_hp0_imp_auto_pc_2_axi_data_fifo_v2_1_36_axic_fifo/design_1_axi_interconnect_hp0_imp_auto_pc_2_axi_data_fifo_v2_1_36_fifo_gen/<hidden>/<hidden>/<hidden>/<hidden>/<hidden>/<hidden>
  -------------------------------------------------------------------    -------------------

                         (clock clk_fpga_0 rise edge)
                                                      0.000     0.000 r  
    PS7_X0Y0             PS7                          0.000     0.000 r  u_block_design/design_1_i/processing_system7_0/inst/PS7_i/FCLKCLK[0]
                         net (fo=1, routed)           0.337     0.337    u_block_design/design_1_i/processing_system7_0/inst/FCLK_CLK_unbuffered[0]
    BUFGCTRL_X0Y16       BUFG (Prop_bufg_I_O)         0.029     0.366 r  u_block_design/design_1_i/processing_system7_0/inst/buffer_fclk_clk_0.FCLK_CLK_0_BUFG/O
                         net (fo=12063, routed)       0.882     1.248    snn_core_group_top/design_1_wrapper/design_1/design_1_axi_interconnect_hp0_0/s02_couplers_imp_QSEXJZ/design_1_axi_interconnect_hp0_imp_auto_pc_2/design_1_axi_interconnect_hp0_imp_auto_pc_2_axi_protocol_converter_v2_1_37_axi_protocol_converter/design_1_axi_interconnect_hp0_imp_auto_pc_2_axi_protocol_converter_v2_1_37_axi3_conv/design_1_axi_interconnect_hp0_imp_auto_pc_2_axi_protocol_converter_v2_1_37_a_axi3_conv/design_1_axi_interconnect_hp0_imp_auto_pc_2_axi_data_fifo_v2_1_36_axic_fifo/design_1_axi_interconnect_hp0_imp_auto_pc_2_axi_data_fifo_v2_1_36_fifo_gen/<hidden>/<hidden>/<hidden>/<hidden>/<hidden>/<hidden>
    SLICE_X4Y21          FDCE                                         r  snn_core_group_top/design_1_wrapper/design_1/design_1_axi_interconnect_hp0_0/s02_couplers_imp_QSEXJZ/design_1_axi_interconnect_hp0_imp_auto_pc_2/design_1_axi_interconnect_hp0_imp_auto_pc_2_axi_protocol_converter_v2_1_37_axi_protocol_converter/design_1_axi_interconnect_hp0_imp_auto_pc_2_axi_protocol_converter_v2_1_37_axi3_conv/design_1_axi_interconnect_hp0_imp_auto_pc_2_axi_protocol_converter_v2_1_37_a_axi3_conv/design_1_axi_interconnect_hp0_imp_auto_pc_2_axi_data_fifo_v2_1_36_axic_fifo/design_1_axi_interconnect_hp0_imp_auto_pc_2_axi_data_fifo_v2_1_36_fifo_gen/<hidden>/<hidden>/<hidden>/<hidden>/<hidden>/<hidden>
                         clock pessimism             -0.284     0.964    
    SLICE_X4Y21          FDCE (Remov_fdce_C_CLR)     -0.067     0.896    snn_core_group_top/design_1_wrapper/design_1/design_1_axi_interconnect_hp0_0/s02_couplers_imp_QSEXJZ/design_1_axi_interconnect_hp0_imp_auto_pc_2/design_1_axi_interconnect_hp0_imp_auto_pc_2_axi_protocol_converter_v2_1_37_axi_protocol_converter/design_1_axi_interconnect_hp0_imp_auto_pc_2_axi_protocol_converter_v2_1_37_axi3_conv/design_1_axi_interconnect_hp0_imp_auto_pc_2_axi_protocol_converter_v2_1_37_a_axi3_conv/design_1_axi_interconnect_hp0_imp_auto_pc_2_axi_data_fifo_v2_1_36_axic_fifo/design_1_axi_interconnect_hp0_imp_auto_pc_2_axi_data_fifo_v2_1_36_fifo_gen/<hidden>/<hidden>/<hidden>/<hidden>/<hidden>/<hidden>
  -------------------------------------------------------------------
                         required time                         -0.897    
                         arrival time                           1.476    
  -------------------------------------------------------------------
                         slack                                  0.580    

Slack (MET) :             0.580ns  (arrival time - required time)
  Source:                 snn_core_group_top/design_1_wrapper/design_1/design_1_axi_interconnect_hp0_0/s02_couplers_imp_QSEXJZ/design_1_axi_interconnect_hp0_imp_auto_pc_2/design_1_axi_interconnect_hp0_imp_auto_pc_2_axi_protocol_converter_v2_1_37_axi_protocol_converter/design_1_axi_interconnect_hp0_imp_auto_pc_2_axi_protocol_converter_v2_1_37_axi3_conv/design_1_axi_interconnect_hp0_imp_auto_pc_2_axi_protocol_converter_v2_1_37_a_axi3_conv/design_1_axi_interconnect_hp0_imp_auto_pc_2_axi_data_fifo_v2_1_36_axic_fifo/design_1_axi_interconnect_hp0_imp_auto_pc_2_axi_data_fifo_v2_1_36_fifo_gen/<hidden>/<hidden>/<hidden>/<hidden>/<hidden>
                            (rising edge-triggered cell FDRE clocked by clk_fpga_0  {rise@0.000ns fall@5.000ns period=10.000ns})
  Destination:            snn_core_group_top/design_1_wrapper/design_1/design_1_axi_interconnect_hp0_0/s02_couplers_imp_QSEXJZ/design_1_axi_interconnect_hp0_imp_auto_pc_2/design_1_axi_interconnect_hp0_imp_auto_pc_2_axi_protocol_converter_v2_1_37_axi_protocol_converter/design_1_axi_interconnect_hp0_imp_auto_pc_2_axi_protocol_converter_v2_1_37_axi3_conv/design_1_axi_interconnect_hp0_imp_auto_pc_2_axi_protocol_converter_v2_1_37_a_axi3_conv/design_1_axi_interconnect_hp0_imp_auto_pc_2_axi_data_fifo_v2_1_36_axic_fifo/design_1_axi_interconnect_hp0_imp_auto_pc_2_axi_data_fifo_v2_1_36_fifo_gen/<hidden>/<hidden>/<hidden>/<hidden>/<hidden>/<hidden>
                            (removal check against rising-edge clock clk_fpga_0  {rise@0.000ns fall@5.000ns period=10.000ns})
  Path Group:             **async_default**
  Path Type:              Removal (Min at Fast Process Corner)
  Requirement:            0.000ns  (clk_fpga_0 rise@0.000ns - clk_fpga_0 rise@0.000ns)
  Data Path Delay:        0.526ns  (logic 0.186ns (35.362%)  route 0.340ns (64.638%))
  Logic Levels:           1  (LUT3=1)
  Clock Path Skew:        0.013ns (DCD - SCD - CPR)
    Destination Clock Delay (DCD):    1.248ns
    Source Clock Delay      (SCD):    0.951ns
    Clock Pessimism Removal (CPR):    0.284ns

    Location             Delay type                Incr(ns)  Path(ns)    Netlist Resource(s)
  -------------------------------------------------------------------    -------------------
                         (clock clk_fpga_0 rise edge)
                                                      0.000     0.000 r  
    PS7_X0Y0             PS7                          0.000     0.000 r  u_block_design/design_1_i/processing_system7_0/inst/PS7_i/FCLKCLK[0]
                         net (fo=1, routed)           0.310     0.310    u_block_design/design_1_i/processing_system7_0/inst/FCLK_CLK_unbuffered[0]
    BUFGCTRL_X0Y16       BUFG (Prop_bufg_I_O)         0.026     0.336 r  u_block_design/design_1_i/processing_system7_0/inst/buffer_fclk_clk_0.FCLK_CLK_0_BUFG/O
                         net (fo=12063, routed)       0.615     0.951    snn_core_group_top/design_1_wrapper/design_1/design_1_axi_interconnect_hp0_0/s02_couplers_imp_QSEXJZ/design_1_axi_interconnect_hp0_imp_auto_pc_2/design_1_axi_interconnect_hp0_imp_auto_pc_2_axi_protocol_converter_v2_1_37_axi_protocol_converter/design_1_axi_interconnect_hp0_imp_auto_pc_2_axi_protocol_converter_v2_1_37_axi3_conv/design_1_axi_interconnect_hp0_imp_auto_pc_2_axi_protocol_converter_v2_1_37_a_axi3_conv/design_1_axi_interconnect_hp0_imp_auto_pc_2_axi_data_fifo_v2_1_36_axic_fifo/design_1_axi_interconnect_hp0_imp_auto_pc_2_axi_data_fifo_v2_1_36_fifo_gen/<hidden>/<hidden>/<hidden>/<hidden>/<hidden>
    SLICE_X5Y21          FDRE                                         r  snn_core_group_top/design_1_wrapper/design_1/design_1_axi_interconnect_hp0_0/s02_couplers_imp_QSEXJZ/design_1_axi_interconnect_hp0_imp_auto_pc_2/design_1_axi_interconnect_hp0_imp_auto_pc_2_axi_protocol_converter_v2_1_37_axi_protocol_converter/design_1_axi_interconnect_hp0_imp_auto_pc_2_axi_protocol_converter_v2_1_37_axi3_conv/design_1_axi_interconnect_hp0_imp_auto_pc_2_axi_protocol_converter_v2_1_37_a_axi3_conv/design_1_axi_interconnect_hp0_imp_auto_pc_2_axi_data_fifo_v2_1_36_axic_fifo/design_1_axi_interconnect_hp0_imp_auto_pc_2_axi_data_fifo_v2_1_36_fifo_gen/<hidden>/<hidden>/<hidden>/<hidden>/<hidden>
  -------------------------------------------------------------------    -------------------
    SLICE_X5Y21          FDRE (Prop_fdre_C_Q)         0.141     1.092 f  snn_core_group_top/design_1_wrapper/design_1/design_1_axi_interconnect_hp0_0/s02_couplers_imp_QSEXJZ/design_1_axi_interconnect_hp0_imp_auto_pc_2/design_1_axi_interconnect_hp0_imp_auto_pc_2_axi_protocol_converter_v2_1_37_axi_protocol_converter/design_1_axi_interconnect_hp0_imp_auto_pc_2_axi_protocol_converter_v2_1_37_axi3_conv/design_1_axi_interconnect_hp0_imp_auto_pc_2_axi_protocol_converter_v2_1_37_a_axi3_conv/design_1_axi_interconnect_hp0_imp_auto_pc_2_axi_data_fifo_v2_1_36_axic_fifo/design_1_axi_interconnect_hp0_imp_auto_pc_2_axi_data_fifo_v2_1_36_fifo_gen/<hidden>/<hidden>/<hidden>/<hidden>/<hidden>
                         net (fo=1, routed)           0.156     1.248    snn_core_group_top/design_1_wrapper/design_1/design_1_axi_interconnect_hp0_0/s02_couplers_imp_QSEXJZ/design_1_axi_interconnect_hp0_imp_auto_pc_2/design_1_axi_interconnect_hp0_imp_auto_pc_2_axi_protocol_converter_v2_1_37_axi_protocol_converter/design_1_axi_interconnect_hp0_imp_auto_pc_2_axi_protocol_converter_v2_1_37_axi3_conv/design_1_axi_interconnect_hp0_imp_auto_pc_2_axi_protocol_converter_v2_1_37_a_axi3_conv/design_1_axi_interconnect_hp0_imp_auto_pc_2_axi_data_fifo_v2_1_36_axic_fifo/design_1_axi_interconnect_hp0_imp_auto_pc_2_axi_data_fifo_v2_1_36_fifo_gen/<hidden>/<hidden>/<hidden>/<hidden>/<hidden>
    SLICE_X5Y21          LUT3 (Prop_lut3_I0_O)        0.045     1.293 f  snn_core_group_top/design_1_wrapper/design_1/design_1_axi_interconnect_hp0_0/s02_couplers_imp_QSEXJZ/design_1_axi_interconnect_hp0_imp_auto_pc_2/design_1_axi_interconnect_hp0_imp_auto_pc_2_axi_protocol_converter_v2_1_37_axi_protocol_converter/design_1_axi_interconnect_hp0_imp_auto_pc_2_axi_protocol_converter_v2_1_37_axi3_conv/design_1_axi_interconnect_hp0_imp_auto_pc_2_axi_protocol_converter_v2_1_37_a_axi3_conv/design_1_axi_interconnect_hp0_imp_auto_pc_2_axi_data_fifo_v2_1_36_axic_fifo/design_1_axi_interconnect_hp0_imp_auto_pc_2_axi_data_fifo_v2_1_36_fifo_gen/<hidden>/<hidden>/<hidden>/<hidden>/<hidden>
                         net (fo=33, routed)          0.184     1.476    snn_core_group_top/design_1_wrapper/design_1/design_1_axi_interconnect_hp0_0/s02_couplers_imp_QSEXJZ/design_1_axi_interconnect_hp0_imp_auto_pc_2/design_1_axi_interconnect_hp0_imp_auto_pc_2_axi_protocol_converter_v2_1_37_axi_protocol_converter/design_1_axi_interconnect_hp0_imp_auto_pc_2_axi_protocol_converter_v2_1_37_axi3_conv/design_1_axi_interconnect_hp0_imp_auto_pc_2_axi_protocol_converter_v2_1_37_a_axi3_conv/design_1_axi_interconnect_hp0_imp_auto_pc_2_axi_data_fifo_v2_1_36_axic_fifo/design_1_axi_interconnect_hp0_imp_auto_pc_2_axi_data_fifo_v2_1_36_fifo_gen/<hidden>/<hidden>/<hidden>/<hidden>/<hidden>/<hidden>
    SLICE_X4Y21          FDCE                                         f  snn_core_group_top/design_1_wrapper/design_1/design_1_axi_interconnect_hp0_0/s02_couplers_imp_QSEXJZ/design_1_axi_interconnect_hp0_imp_auto_pc_2/design_1_axi_interconnect_hp0_imp_auto_pc_2_axi_protocol_converter_v2_1_37_axi_protocol_converter/design_1_axi_interconnect_hp0_imp_auto_pc_2_axi_protocol_converter_v2_1_37_axi3_conv/design_1_axi_interconnect_hp0_imp_auto_pc_2_axi_protocol_converter_v2_1_37_a_axi3_conv/design_1_axi_interconnect_hp0_imp_auto_pc_2_axi_data_fifo_v2_1_36_axic_fifo/design_1_axi_interconnect_hp0_imp_auto_pc_2_axi_data_fifo_v2_1_36_fifo_gen/<hidden>/<hidden>/<hidden>/<hidden>/<hidden>/<hidden>
  -------------------------------------------------------------------    -------------------

                         (clock clk_fpga_0 rise edge)
                                                      0.000     0.000 r  
    PS7_X0Y0             PS7                          0.000     0.000 r  u_block_design/design_1_i/processing_system7_0/inst/PS7_i/FCLKCLK[0]
                         net (fo=1, routed)           0.337     0.337    u_block_design/design_1_i/processing_system7_0/inst/FCLK_CLK_unbuffered[0]
    BUFGCTRL_X0Y16       BUFG (Prop_bufg_I_O)         0.029     0.366 r  u_block_design/design_1_i/processing_system7_0/inst/buffer_fclk_clk_0.FCLK_CLK_0_BUFG/O
                         net (fo=12063, routed)       0.882     1.248    snn_core_group_top/design_1_wrapper/design_1/design_1_axi_interconnect_hp0_0/s02_couplers_imp_QSEXJZ/design_1_axi_interconnect_hp0_imp_auto_pc_2/design_1_axi_interconnect_hp0_imp_auto_pc_2_axi_protocol_converter_v2_1_37_axi_protocol_converter/design_1_axi_interconnect_hp0_imp_auto_pc_2_axi_protocol_converter_v2_1_37_axi3_conv/design_1_axi_interconnect_hp0_imp_auto_pc_2_axi_protocol_converter_v2_1_37_a_axi3_conv/design_1_axi_interconnect_hp0_imp_auto_pc_2_axi_data_fifo_v2_1_36_axic_fifo/design_1_axi_interconnect_hp0_imp_auto_pc_2_axi_data_fifo_v2_1_36_fifo_gen/<hidden>/<hidden>/<hidden>/<hidden>/<hidden>/<hidden>
    SLICE_X4Y21          FDCE                                         r  snn_core_group_top/design_1_wrapper/design_1/design_1_axi_interconnect_hp0_0/s02_couplers_imp_QSEXJZ/design_1_axi_interconnect_hp0_imp_auto_pc_2/design_1_axi_interconnect_hp0_imp_auto_pc_2_axi_protocol_converter_v2_1_37_axi_protocol_converter/design_1_axi_interconnect_hp0_imp_auto_pc_2_axi_protocol_converter_v2_1_37_axi3_conv/design_1_axi_interconnect_hp0_imp_auto_pc_2_axi_protocol_converter_v2_1_37_a_axi3_conv/design_1_axi_interconnect_hp0_imp_auto_pc_2_axi_data_fifo_v2_1_36_axic_fifo/design_1_axi_interconnect_hp0_imp_auto_pc_2_axi_data_fifo_v2_1_36_fifo_gen/<hidden>/<hidden>/<hidden>/<hidden>/<hidden>/<hidden>
                         clock pessimism             -0.284     0.964    
    SLICE_X4Y21          FDCE (Remov_fdce_C_CLR)     -0.067     0.896    snn_core_group_top/design_1_wrapper/design_1/design_1_axi_interconnect_hp0_0/s02_couplers_imp_QSEXJZ/design_1_axi_interconnect_hp0_imp_auto_pc_2/design_1_axi_interconnect_hp0_imp_auto_pc_2_axi_protocol_converter_v2_1_37_axi_protocol_converter/design_1_axi_interconnect_hp0_imp_auto_pc_2_axi_protocol_converter_v2_1_37_axi3_conv/design_1_axi_interconnect_hp0_imp_auto_pc_2_axi_protocol_converter_v2_1_37_a_axi3_conv/design_1_axi_interconnect_hp0_imp_auto_pc_2_axi_data_fifo_v2_1_36_axic_fifo/design_1_axi_interconnect_hp0_imp_auto_pc_2_axi_data_fifo_v2_1_36_fifo_gen/<hidden>/<hidden>/<hidden>/<hidden>/<hidden>/<hidden>
  -------------------------------------------------------------------
                         required time                         -0.897    
                         arrival time                           1.476    
  -------------------------------------------------------------------
                         slack                                  0.580    

Slack (MET) :             0.584ns  (arrival time - required time)
  Source:                 snn_core_group_top/design_1_wrapper/design_1/design_1_axi_interconnect_hp0_0/s02_couplers_imp_QSEXJZ/design_1_axi_interconnect_hp0_imp_auto_pc_2/design_1_axi_interconnect_hp0_imp_auto_pc_2_axi_protocol_converter_v2_1_37_axi_protocol_converter/design_1_axi_interconnect_hp0_imp_auto_pc_2_axi_protocol_converter_v2_1_37_axi3_conv/design_1_axi_interconnect_hp0_imp_auto_pc_2_axi_protocol_converter_v2_1_37_a_axi3_conv/design_1_axi_interconnect_hp0_imp_auto_pc_2_axi_data_fifo_v2_1_36_axic_fifo/design_1_axi_interconnect_hp0_imp_auto_pc_2_axi_data_fifo_v2_1_36_fifo_gen/<hidden>/<hidden>/<hidden>/<hidden>/<hidden>
                            (rising edge-triggered cell FDRE clocked by clk_fpga_0  {rise@0.000ns fall@5.000ns period=10.000ns})
  Destination:            snn_core_group_top/design_1_wrapper/design_1/design_1_axi_interconnect_hp0_0/s02_couplers_imp_QSEXJZ/design_1_axi_interconnect_hp0_imp_auto_pc_2/design_1_axi_interconnect_hp0_imp_auto_pc_2_axi_protocol_converter_v2_1_37_axi_protocol_converter/design_1_axi_interconnect_hp0_imp_auto_pc_2_axi_protocol_converter_v2_1_37_axi3_conv/design_1_axi_interconnect_hp0_imp_auto_pc_2_axi_protocol_converter_v2_1_37_a_axi3_conv/design_1_axi_interconnect_hp0_imp_auto_pc_2_axi_data_fifo_v2_1_36_axic_fifo/design_1_axi_interconnect_hp0_imp_auto_pc_2_axi_data_fifo_v2_1_36_fifo_gen/<hidden>/<hidden>/<hidden>/<hidden>/<hidden>/<hidden>
                            (removal check against rising-edge clock clk_fpga_0  {rise@0.000ns fall@5.000ns period=10.000ns})
  Path Group:             **async_default**
  Path Type:              Removal (Min at Fast Process Corner)
  Requirement:            0.000ns  (clk_fpga_0 rise@0.000ns - clk_fpga_0 rise@0.000ns)
  Data Path Delay:        0.526ns  (logic 0.186ns (35.362%)  route 0.340ns (64.638%))
  Logic Levels:           1  (LUT3=1)
  Clock Path Skew:        0.013ns (DCD - SCD - CPR)
    Destination Clock Delay (DCD):    1.248ns
    Source Clock Delay      (SCD):    0.951ns
    Clock Pessimism Removal (CPR):    0.284ns

    Location             Delay type                Incr(ns)  Path(ns)    Netlist Resource(s)
  -------------------------------------------------------------------    -------------------
                         (clock clk_fpga_0 rise edge)
                                                      0.000     0.000 r  
    PS7_X0Y0             PS7                          0.000     0.000 r  u_block_design/design_1_i/processing_system7_0/inst/PS7_i/FCLKCLK[0]
                         net (fo=1, routed)           0.310     0.310    u_block_design/design_1_i/processing_system7_0/inst/FCLK_CLK_unbuffered[0]
    BUFGCTRL_X0Y16       BUFG (Prop_bufg_I_O)         0.026     0.336 r  u_block_design/design_1_i/processing_system7_0/inst/buffer_fclk_clk_0.FCLK_CLK_0_BUFG/O
                         net (fo=12063, routed)       0.615     0.951    snn_core_group_top/design_1_wrapper/design_1/design_1_axi_interconnect_hp0_0/s02_couplers_imp_QSEXJZ/design_1_axi_interconnect_hp0_imp_auto_pc_2/design_1_axi_interconnect_hp0_imp_auto_pc_2_axi_protocol_converter_v2_1_37_axi_protocol_converter/design_1_axi_interconnect_hp0_imp_auto_pc_2_axi_protocol_converter_v2_1_37_axi3_conv/design_1_axi_interconnect_hp0_imp_auto_pc_2_axi_protocol_converter_v2_1_37_a_axi3_conv/design_1_axi_interconnect_hp0_imp_auto_pc_2_axi_data_fifo_v2_1_36_axic_fifo/design_1_axi_interconnect_hp0_imp_auto_pc_2_axi_data_fifo_v2_1_36_fifo_gen/<hidden>/<hidden>/<hidden>/<hidden>/<hidden>
    SLICE_X5Y21          FDRE                                         r  snn_core_group_top/design_1_wrapper/design_1/design_1_axi_interconnect_hp0_0/s02_couplers_imp_QSEXJZ/design_1_axi_interconnect_hp0_imp_auto_pc_2/design_1_axi_interconnect_hp0_imp_auto_pc_2_axi_protocol_converter_v2_1_37_axi_protocol_converter/design_1_axi_interconnect_hp0_imp_auto_pc_2_axi_protocol_converter_v2_1_37_axi3_conv/design_1_axi_interconnect_hp0_imp_auto_pc_2_axi_protocol_converter_v2_1_37_a_axi3_conv/design_1_axi_interconnect_hp0_imp_auto_pc_2_axi_data_fifo_v2_1_36_axic_fifo/design_1_axi_interconnect_hp0_imp_auto_pc_2_axi_data_fifo_v2_1_36_fifo_gen/<hidden>/<hidden>/<hidden>/<hidden>/<hidden>
  -------------------------------------------------------------------    -------------------
    SLICE_X5Y21          FDRE (Prop_fdre_C_Q)         0.141     1.092 f  snn_core_group_top/design_1_wrapper/design_1/design_1_axi_interconnect_hp0_0/s02_couplers_imp_QSEXJZ/design_1_axi_interconnect_hp0_imp_auto_pc_2/design_1_axi_interconnect_hp0_imp_auto_pc_2_axi_protocol_converter_v2_1_37_axi_protocol_converter/design_1_axi_interconnect_hp0_imp_auto_pc_2_axi_protocol_converter_v2_1_37_axi3_conv/design_1_axi_interconnect_hp0_imp_auto_pc_2_axi_protocol_converter_v2_1_37_a_axi3_conv/design_1_axi_interconnect_hp0_imp_auto_pc_2_axi_data_fifo_v2_1_36_axic_fifo/design_1_axi_interconnect_hp0_imp_auto_pc_2_axi_data_fifo_v2_1_36_fifo_gen/<hidden>/<hidden>/<hidden>/<hidden>/<hidden>
                         net (fo=1, routed)           0.156     1.248    snn_core_group_top/design_1_wrapper/design_1/design_1_axi_interconnect_hp0_0/s02_couplers_imp_QSEXJZ/design_1_axi_interconnect_hp0_imp_auto_pc_2/design_1_axi_interconnect_hp0_imp_auto_pc_2_axi_protocol_converter_v2_1_37_axi_protocol_converter/design_1_axi_interconnect_hp0_imp_auto_pc_2_axi_protocol_converter_v2_1_37_axi3_conv/design_1_axi_interconnect_hp0_imp_auto_pc_2_axi_protocol_converter_v2_1_37_a_axi3_conv/design_1_axi_interconnect_hp0_imp_auto_pc_2_axi_data_fifo_v2_1_36_axic_fifo/design_1_axi_interconnect_hp0_imp_auto_pc_2_axi_data_fifo_v2_1_36_fifo_gen/<hidden>/<hidden>/<hidden>/<hidden>/<hidden>
    SLICE_X5Y21          LUT3 (Prop_lut3_I0_O)        0.045     1.293 f  snn_core_group_top/design_1_wrapper/design_1/design_1_axi_interconnect_hp0_0/s02_couplers_imp_QSEXJZ/design_1_axi_interconnect_hp0_imp_auto_pc_2/design_1_axi_interconnect_hp0_imp_auto_pc_2_axi_protocol_converter_v2_1_37_axi_protocol_converter/design_1_axi_interconnect_hp0_imp_auto_pc_2_axi_protocol_converter_v2_1_37_axi3_conv/design_1_axi_interconnect_hp0_imp_auto_pc_2_axi_protocol_converter_v2_1_37_a_axi3_conv/design_1_axi_interconnect_hp0_imp_auto_pc_2_axi_data_fifo_v2_1_36_axic_fifo/design_1_axi_interconnect_hp0_imp_auto_pc_2_axi_data_fifo_v2_1_36_fifo_gen/<hidden>/<hidden>/<hidden>/<hidden>/<hidden>
                         net (fo=33, routed)          0.184     1.476    snn_core_group_top/design_1_wrapper/design_1/design_1_axi_interconnect_hp0_0/s02_couplers_imp_QSEXJZ/design_1_axi_interconnect_hp0_imp_auto_pc_2/design_1_axi_interconnect_hp0_imp_auto_pc_2_axi_protocol_converter_v2_1_37_axi_protocol_converter/design_1_axi_interconnect_hp0_imp_auto_pc_2_axi_protocol_converter_v2_1_37_axi3_conv/design_1_axi_interconnect_hp0_imp_auto_pc_2_axi_protocol_converter_v2_1_37_a_axi3_conv/design_1_axi_interconnect_hp0_imp_auto_pc_2_axi_data_fifo_v2_1_36_axic_fifo/design_1_axi_interconnect_hp0_imp_auto_pc_2_axi_data_fifo_v2_1_36_fifo_gen/<hidden>/<hidden>/<hidden>/<hidden>/<hidden>/<hidden>
    SLICE_X4Y21          FDPE                                         f  snn_core_group_top/design_1_wrapper/design_1/design_1_axi_interconnect_hp0_0/s02_couplers_imp_QSEXJZ/design_1_axi_interconnect_hp0_imp_auto_pc_2/design_1_axi_interconnect_hp0_imp_auto_pc_2_axi_protocol_converter_v2_1_37_axi_protocol_converter/design_1_axi_interconnect_hp0_imp_auto_pc_2_axi_protocol_converter_v2_1_37_axi3_conv/design_1_axi_interconnect_hp0_imp_auto_pc_2_axi_protocol_converter_v2_1_37_a_axi3_conv/design_1_axi_interconnect_hp0_imp_auto_pc_2_axi_data_fifo_v2_1_36_axic_fifo/design_1_axi_interconnect_hp0_imp_auto_pc_2_axi_data_fifo_v2_1_36_fifo_gen/<hidden>/<hidden>/<hidden>/<hidden>/<hidden>/<hidden>
  -------------------------------------------------------------------    -------------------

                         (clock clk_fpga_0 rise edge)
                                                      0.000     0.000 r  
    PS7_X0Y0             PS7                          0.000     0.000 r  u_block_design/design_1_i/processing_system7_0/inst/PS7_i/FCLKCLK[0]
                         net (fo=1, routed)           0.337     0.337    u_block_design/design_1_i/processing_system7_0/inst/FCLK_CLK_unbuffered[0]
    BUFGCTRL_X0Y16       BUFG (Prop_bufg_I_O)         0.029     0.366 r  u_block_design/design_1_i/processing_system7_0/inst/buffer_fclk_clk_0.FCLK_CLK_0_BUFG/O
                         net (fo=12063, routed)       0.882     1.248    snn_core_group_top/design_1_wrapper/design_1/design_1_axi_interconnect_hp0_0/s02_couplers_imp_QSEXJZ/design_1_axi_interconnect_hp0_imp_auto_pc_2/design_1_axi_interconnect_hp0_imp_auto_pc_2_axi_protocol_converter_v2_1_37_axi_protocol_converter/design_1_axi_interconnect_hp0_imp_auto_pc_2_axi_protocol_converter_v2_1_37_axi3_conv/design_1_axi_interconnect_hp0_imp_auto_pc_2_axi_protocol_converter_v2_1_37_a_axi3_conv/design_1_axi_interconnect_hp0_imp_auto_pc_2_axi_data_fifo_v2_1_36_axic_fifo/design_1_axi_interconnect_hp0_imp_auto_pc_2_axi_data_fifo_v2_1_36_fifo_gen/<hidden>/<hidden>/<hidden>/<hidden>/<hidden>/<hidden>
    SLICE_X4Y21          FDPE                                         r  snn_core_group_top/design_1_wrapper/design_1/design_1_axi_interconnect_hp0_0/s02_couplers_imp_QSEXJZ/design_1_axi_interconnect_hp0_imp_auto_pc_2/design_1_axi_interconnect_hp0_imp_auto_pc_2_axi_protocol_converter_v2_1_37_axi_protocol_converter/design_1_axi_interconnect_hp0_imp_auto_pc_2_axi_protocol_converter_v2_1_37_axi3_conv/design_1_axi_interconnect_hp0_imp_auto_pc_2_axi_protocol_converter_v2_1_37_a_axi3_conv/design_1_axi_interconnect_hp0_imp_auto_pc_2_axi_data_fifo_v2_1_36_axic_fifo/design_1_axi_interconnect_hp0_imp_auto_pc_2_axi_data_fifo_v2_1_36_fifo_gen/<hidden>/<hidden>/<hidden>/<hidden>/<hidden>/<hidden>
                         clock pessimism             -0.284     0.964    
    SLICE_X4Y21          FDPE (Remov_fdpe_C_PRE)     -0.071     0.893    snn_core_group_top/design_1_wrapper/design_1/design_1_axi_interconnect_hp0_0/s02_couplers_imp_QSEXJZ/design_1_axi_interconnect_hp0_imp_auto_pc_2/design_1_axi_interconnect_hp0_imp_auto_pc_2_axi_protocol_converter_v2_1_37_axi_protocol_converter/design_1_axi_interconnect_hp0_imp_auto_pc_2_axi_protocol_converter_v2_1_37_axi3_conv/design_1_axi_interconnect_hp0_imp_auto_pc_2_axi_protocol_converter_v2_1_37_a_axi3_conv/design_1_axi_interconnect_hp0_imp_auto_pc_2_axi_data_fifo_v2_1_36_axic_fifo/design_1_axi_interconnect_hp0_imp_auto_pc_2_axi_data_fifo_v2_1_36_fifo_gen/<hidden>/<hidden>/<hidden>/<hidden>/<hidden>/<hidden>
  -------------------------------------------------------------------
                         required time                         -0.893    
                         arrival time                           1.476    
  -------------------------------------------------------------------
                         slack                                  0.584    

Slack (MET) :             0.589ns  (arrival time - required time)
  Source:                 snn_core_group_top/design_1_wrapper/design_1/design_1_axi_interconnect_hp0_0/s01_couplers_imp_12AUBLP/design_1_axi_interconnect_hp0_imp_auto_pc_1/design_1_axi_interconnect_hp0_imp_auto_pc_1_axi_protocol_converter_v2_1_37_axi_protocol_converter/design_1_axi_interconnect_hp0_imp_auto_pc_1_axi_protocol_converter_v2_1_37_axi3_conv/design_1_axi_interconnect_hp0_imp_auto_pc_1_axi_protocol_converter_v2_1_37_a_axi3_conv/design_1_axi_interconnect_hp0_imp_auto_pc_1_axi_data_fifo_v2_1_36_axic_fifo/design_1_axi_interconnect_hp0_imp_auto_pc_1_axi_data_fifo_v2_1_36_fifo_gen_1/<hidden>/<hidden>/<hidden>/<hidden>/<hidden>
                            (rising edge-triggered cell FDRE clocked by clk_fpga_0  {rise@0.000ns fall@5.000ns period=10.000ns})
  Destination:            snn_core_group_top/design_1_wrapper/design_1/design_1_axi_interconnect_hp0_0/s01_couplers_imp_12AUBLP/design_1_axi_interconnect_hp0_imp_auto_pc_1/design_1_axi_interconnect_hp0_imp_auto_pc_1_axi_protocol_converter_v2_1_37_axi_protocol_converter/design_1_axi_interconnect_hp0_imp_auto_pc_1_axi_protocol_converter_v2_1_37_axi3_conv/design_1_axi_interconnect_hp0_imp_auto_pc_1_axi_protocol_converter_v2_1_37_a_axi3_conv/design_1_axi_interconnect_hp0_imp_auto_pc_1_axi_data_fifo_v2_1_36_axic_fifo/design_1_axi_interconnect_hp0_imp_auto_pc_1_axi_data_fifo_v2_1_36_fifo_gen_1/<hidden>/<hidden>/<hidden>/<hidden>/<hidden>/<hidden>
                            (removal check against rising-edge clock clk_fpga_0  {rise@0.000ns fall@5.000ns period=10.000ns})
  Path Group:             **async_default**
  Path Type:              Removal (Min at Fast Process Corner)
  Requirement:            0.000ns  (clk_fpga_0 rise@0.000ns - clk_fpga_0 rise@0.000ns)
  Data Path Delay:        0.555ns  (logic 0.226ns (40.747%)  route 0.329ns (59.253%))
  Logic Levels:           1  (LUT3=1)
  Clock Path Skew:        0.033ns (DCD - SCD - CPR)
    Destination Clock Delay (DCD):    1.210ns
    Source Clock Delay      (SCD):    0.913ns
    Clock Pessimism Removal (CPR):    0.264ns

    Location             Delay type                Incr(ns)  Path(ns)    Netlist Resource(s)
  -------------------------------------------------------------------    -------------------
                         (clock clk_fpga_0 rise edge)
                                                      0.000     0.000 r  
    PS7_X0Y0             PS7                          0.000     0.000 r  u_block_design/design_1_i/processing_system7_0/inst/PS7_i/FCLKCLK[0]
                         net (fo=1, routed)           0.310     0.310    u_block_design/design_1_i/processing_system7_0/inst/FCLK_CLK_unbuffered[0]
    BUFGCTRL_X0Y16       BUFG (Prop_bufg_I_O)         0.026     0.336 r  u_block_design/design_1_i/processing_system7_0/inst/buffer_fclk_clk_0.FCLK_CLK_0_BUFG/O
                         net (fo=12063, routed)       0.577     0.913    snn_core_group_top/design_1_wrapper/design_1/design_1_axi_interconnect_hp0_0/s01_couplers_imp_12AUBLP/design_1_axi_interconnect_hp0_imp_auto_pc_1/design_1_axi_interconnect_hp0_imp_auto_pc_1_axi_protocol_converter_v2_1_37_axi_protocol_converter/design_1_axi_interconnect_hp0_imp_auto_pc_1_axi_protocol_converter_v2_1_37_axi3_conv/design_1_axi_interconnect_hp0_imp_auto_pc_1_axi_protocol_converter_v2_1_37_a_axi3_conv/design_1_axi_interconnect_hp0_imp_auto_pc_1_axi_data_fifo_v2_1_36_axic_fifo/design_1_axi_interconnect_hp0_imp_auto_pc_1_axi_data_fifo_v2_1_36_fifo_gen_1/<hidden>/<hidden>/<hidden>/<hidden>/<hidden>
    SLICE_X28Y50         FDRE                                         r  snn_core_group_top/design_1_wrapper/design_1/design_1_axi_interconnect_hp0_0/s01_couplers_imp_12AUBLP/design_1_axi_interconnect_hp0_imp_auto_pc_1/design_1_axi_interconnect_hp0_imp_auto_pc_1_axi_protocol_converter_v2_1_37_axi_protocol_converter/design_1_axi_interconnect_hp0_imp_auto_pc_1_axi_protocol_converter_v2_1_37_axi3_conv/design_1_axi_interconnect_hp0_imp_auto_pc_1_axi_protocol_converter_v2_1_37_a_axi3_conv/design_1_axi_interconnect_hp0_imp_auto_pc_1_axi_data_fifo_v2_1_36_axic_fifo/design_1_axi_interconnect_hp0_imp_auto_pc_1_axi_data_fifo_v2_1_36_fifo_gen_1/<hidden>/<hidden>/<hidden>/<hidden>/<hidden>
  -------------------------------------------------------------------    -------------------
    SLICE_X28Y50         FDRE (Prop_fdre_C_Q)         0.128     1.041 f  snn_core_group_top/design_1_wrapper/design_1/design_1_axi_interconnect_hp0_0/s01_couplers_imp_12AUBLP/design_1_axi_interconnect_hp0_imp_auto_pc_1/design_1_axi_interconnect_hp0_imp_auto_pc_1_axi_protocol_converter_v2_1_37_axi_protocol_converter/design_1_axi_interconnect_hp0_imp_auto_pc_1_axi_protocol_converter_v2_1_37_axi3_conv/design_1_axi_interconnect_hp0_imp_auto_pc_1_axi_protocol_converter_v2_1_37_a_axi3_conv/design_1_axi_interconnect_hp0_imp_auto_pc_1_axi_data_fifo_v2_1_36_axic_fifo/design_1_axi_interconnect_hp0_imp_auto_pc_1_axi_data_fifo_v2_1_36_fifo_gen_1/<hidden>/<hidden>/<hidden>/<hidden>/<hidden>
                         net (fo=2, routed)           0.121     1.162    snn_core_group_top/design_1_wrapper/design_1/design_1_axi_interconnect_hp0_0/s01_couplers_imp_12AUBLP/design_1_axi_interconnect_hp0_imp_auto_pc_1/design_1_axi_interconnect_hp0_imp_auto_pc_1_axi_protocol_converter_v2_1_37_axi_protocol_converter/design_1_axi_interconnect_hp0_imp_auto_pc_1_axi_protocol_converter_v2_1_37_axi3_conv/design_1_axi_interconnect_hp0_imp_auto_pc_1_axi_protocol_converter_v2_1_37_a_axi3_conv/design_1_axi_interconnect_hp0_imp_auto_pc_1_axi_data_fifo_v2_1_36_axic_fifo/design_1_axi_interconnect_hp0_imp_auto_pc_1_axi_data_fifo_v2_1_36_fifo_gen_1/<hidden>/<hidden>/<hidden>/<hidden>/<hidden>
    SLICE_X28Y50         LUT3 (Prop_lut3_I0_O)        0.098     1.260 f  snn_core_group_top/design_1_wrapper/design_1/design_1_axi_interconnect_hp0_0/s01_couplers_imp_12AUBLP/design_1_axi_interconnect_hp0_imp_auto_pc_1/design_1_axi_interconnect_hp0_imp_auto_pc_1_axi_protocol_converter_v2_1_37_axi_protocol_converter/design_1_axi_interconnect_hp0_imp_auto_pc_1_axi_protocol_converter_v2_1_37_axi3_conv/design_1_axi_interconnect_hp0_imp_auto_pc_1_axi_protocol_converter_v2_1_37_a_axi3_conv/design_1_axi_interconnect_hp0_imp_auto_pc_1_axi_data_fifo_v2_1_36_axic_fifo/design_1_axi_interconnect_hp0_imp_auto_pc_1_axi_data_fifo_v2_1_36_fifo_gen_1/<hidden>/<hidden>/<hidden>/<hidden>/<hidden>
                         net (fo=32, routed)          0.207     1.467    snn_core_group_top/design_1_wrapper/design_1/design_1_axi_interconnect_hp0_0/s01_couplers_imp_12AUBLP/design_1_axi_interconnect_hp0_imp_auto_pc_1/design_1_axi_interconnect_hp0_imp_auto_pc_1_axi_protocol_converter_v2_1_37_axi_protocol_converter/design_1_axi_interconnect_hp0_imp_auto_pc_1_axi_protocol_converter_v2_1_37_axi3_conv/design_1_axi_interconnect_hp0_imp_auto_pc_1_axi_protocol_converter_v2_1_37_a_axi3_conv/design_1_axi_interconnect_hp0_imp_auto_pc_1_axi_data_fifo_v2_1_36_axic_fifo/design_1_axi_interconnect_hp0_imp_auto_pc_1_axi_data_fifo_v2_1_36_fifo_gen_1/<hidden>/<hidden>/<hidden>/<hidden>/<hidden>/<hidden>
    SLICE_X26Y50         FDCE                                         f  snn_core_group_top/design_1_wrapper/design_1/design_1_axi_interconnect_hp0_0/s01_couplers_imp_12AUBLP/design_1_axi_interconnect_hp0_imp_auto_pc_1/design_1_axi_interconnect_hp0_imp_auto_pc_1_axi_protocol_converter_v2_1_37_axi_protocol_converter/design_1_axi_interconnect_hp0_imp_auto_pc_1_axi_protocol_converter_v2_1_37_axi3_conv/design_1_axi_interconnect_hp0_imp_auto_pc_1_axi_protocol_converter_v2_1_37_a_axi3_conv/design_1_axi_interconnect_hp0_imp_auto_pc_1_axi_data_fifo_v2_1_36_axic_fifo/design_1_axi_interconnect_hp0_imp_auto_pc_1_axi_data_fifo_v2_1_36_fifo_gen_1/<hidden>/<hidden>/<hidden>/<hidden>/<hidden>/<hidden>
  -------------------------------------------------------------------    -------------------

                         (clock clk_fpga_0 rise edge)
                                                      0.000     0.000 r  
    PS7_X0Y0             PS7                          0.000     0.000 r  u_block_design/design_1_i/processing_system7_0/inst/PS7_i/FCLKCLK[0]
                         net (fo=1, routed)           0.337     0.337    u_block_design/design_1_i/processing_system7_0/inst/FCLK_CLK_unbuffered[0]
    BUFGCTRL_X0Y16       BUFG (Prop_bufg_I_O)         0.029     0.366 r  u_block_design/design_1_i/processing_system7_0/inst/buffer_fclk_clk_0.FCLK_CLK_0_BUFG/O
                         net (fo=12063, routed)       0.844     1.210    snn_core_group_top/design_1_wrapper/design_1/design_1_axi_interconnect_hp0_0/s01_couplers_imp_12AUBLP/design_1_axi_interconnect_hp0_imp_auto_pc_1/design_1_axi_interconnect_hp0_imp_auto_pc_1_axi_protocol_converter_v2_1_37_axi_protocol_converter/design_1_axi_interconnect_hp0_imp_auto_pc_1_axi_protocol_converter_v2_1_37_axi3_conv/design_1_axi_interconnect_hp0_imp_auto_pc_1_axi_protocol_converter_v2_1_37_a_axi3_conv/design_1_axi_interconnect_hp0_imp_auto_pc_1_axi_data_fifo_v2_1_36_axic_fifo/design_1_axi_interconnect_hp0_imp_auto_pc_1_axi_data_fifo_v2_1_36_fifo_gen_1/<hidden>/<hidden>/<hidden>/<hidden>/<hidden>/<hidden>
    SLICE_X26Y50         FDCE                                         r  snn_core_group_top/design_1_wrapper/design_1/design_1_axi_interconnect_hp0_0/s01_couplers_imp_12AUBLP/design_1_axi_interconnect_hp0_imp_auto_pc_1/design_1_axi_interconnect_hp0_imp_auto_pc_1_axi_protocol_converter_v2_1_37_axi_protocol_converter/design_1_axi_interconnect_hp0_imp_auto_pc_1_axi_protocol_converter_v2_1_37_axi3_conv/design_1_axi_interconnect_hp0_imp_auto_pc_1_axi_protocol_converter_v2_1_37_a_axi3_conv/design_1_axi_interconnect_hp0_imp_auto_pc_1_axi_data_fifo_v2_1_36_axic_fifo/design_1_axi_interconnect_hp0_imp_auto_pc_1_axi_data_fifo_v2_1_36_fifo_gen_1/<hidden>/<hidden>/<hidden>/<hidden>/<hidden>/<hidden>
                         clock pessimism             -0.264     0.946    
    SLICE_X26Y50         FDCE (Remov_fdce_C_CLR)     -0.067     0.879    snn_core_group_top/design_1_wrapper/design_1/design_1_axi_interconnect_hp0_0/s01_couplers_imp_12AUBLP/design_1_axi_interconnect_hp0_imp_auto_pc_1/design_1_axi_interconnect_hp0_imp_auto_pc_1_axi_protocol_converter_v2_1_37_axi_protocol_converter/design_1_axi_interconnect_hp0_imp_auto_pc_1_axi_protocol_converter_v2_1_37_axi3_conv/design_1_axi_interconnect_hp0_imp_auto_pc_1_axi_protocol_converter_v2_1_37_a_axi3_conv/design_1_axi_interconnect_hp0_imp_auto_pc_1_axi_data_fifo_v2_1_36_axic_fifo/design_1_axi_interconnect_hp0_imp_auto_pc_1_axi_data_fifo_v2_1_36_fifo_gen_1/<hidden>/<hidden>/<hidden>/<hidden>/<hidden>/<hidden>
  -------------------------------------------------------------------
                         required time                         -0.879    
                         arrival time                           1.467    
  -------------------------------------------------------------------
                         slack                                  0.589    

Slack (MET) :             0.589ns  (arrival time - required time)
  Source:                 snn_core_group_top/design_1_wrapper/design_1/design_1_axi_interconnect_hp0_0/s01_couplers_imp_12AUBLP/design_1_axi_interconnect_hp0_imp_auto_pc_1/design_1_axi_interconnect_hp0_imp_auto_pc_1_axi_protocol_converter_v2_1_37_axi_protocol_converter/design_1_axi_interconnect_hp0_imp_auto_pc_1_axi_protocol_converter_v2_1_37_axi3_conv/design_1_axi_interconnect_hp0_imp_auto_pc_1_axi_protocol_converter_v2_1_37_a_axi3_conv/design_1_axi_interconnect_hp0_imp_auto_pc_1_axi_data_fifo_v2_1_36_axic_fifo/design_1_axi_interconnect_hp0_imp_auto_pc_1_axi_data_fifo_v2_1_36_fifo_gen_1/<hidden>/<hidden>/<hidden>/<hidden>/<hidden>
                            (rising edge-triggered cell FDRE clocked by clk_fpga_0  {rise@0.000ns fall@5.000ns period=10.000ns})
  Destination:            snn_core_group_top/design_1_wrapper/design_1/design_1_axi_interconnect_hp0_0/s01_couplers_imp_12AUBLP/design_1_axi_interconnect_hp0_imp_auto_pc_1/design_1_axi_interconnect_hp0_imp_auto_pc_1_axi_protocol_converter_v2_1_37_axi_protocol_converter/design_1_axi_interconnect_hp0_imp_auto_pc_1_axi_protocol_converter_v2_1_37_axi3_conv/design_1_axi_interconnect_hp0_imp_auto_pc_1_axi_protocol_converter_v2_1_37_a_axi3_conv/design_1_axi_interconnect_hp0_imp_auto_pc_1_axi_data_fifo_v2_1_36_axic_fifo/design_1_axi_interconnect_hp0_imp_auto_pc_1_axi_data_fifo_v2_1_36_fifo_gen_1/<hidden>/<hidden>/<hidden>/<hidden>/<hidden>/<hidden>
                            (removal check against rising-edge clock clk_fpga_0  {rise@0.000ns fall@5.000ns period=10.000ns})
  Path Group:             **async_default**
  Path Type:              Removal (Min at Fast Process Corner)
  Requirement:            0.000ns  (clk_fpga_0 rise@0.000ns - clk_fpga_0 rise@0.000ns)
  Data Path Delay:        0.555ns  (logic 0.226ns (40.747%)  route 0.329ns (59.253%))
  Logic Levels:           1  (LUT3=1)
  Clock Path Skew:        0.033ns (DCD - SCD - CPR)
    Destination Clock Delay (DCD):    1.210ns
    Source Clock Delay      (SCD):    0.913ns
    Clock Pessimism Removal (CPR):    0.264ns

    Location             Delay type                Incr(ns)  Path(ns)    Netlist Resource(s)
  -------------------------------------------------------------------    -------------------
                         (clock clk_fpga_0 rise edge)
                                                      0.000     0.000 r  
    PS7_X0Y0             PS7                          0.000     0.000 r  u_block_design/design_1_i/processing_system7_0/inst/PS7_i/FCLKCLK[0]
                         net (fo=1, routed)           0.310     0.310    u_block_design/design_1_i/processing_system7_0/inst/FCLK_CLK_unbuffered[0]
    BUFGCTRL_X0Y16       BUFG (Prop_bufg_I_O)         0.026     0.336 r  u_block_design/design_1_i/processing_system7_0/inst/buffer_fclk_clk_0.FCLK_CLK_0_BUFG/O
                         net (fo=12063, routed)       0.577     0.913    snn_core_group_top/design_1_wrapper/design_1/design_1_axi_interconnect_hp0_0/s01_couplers_imp_12AUBLP/design_1_axi_interconnect_hp0_imp_auto_pc_1/design_1_axi_interconnect_hp0_imp_auto_pc_1_axi_protocol_converter_v2_1_37_axi_protocol_converter/design_1_axi_interconnect_hp0_imp_auto_pc_1_axi_protocol_converter_v2_1_37_axi3_conv/design_1_axi_interconnect_hp0_imp_auto_pc_1_axi_protocol_converter_v2_1_37_a_axi3_conv/design_1_axi_interconnect_hp0_imp_auto_pc_1_axi_data_fifo_v2_1_36_axic_fifo/design_1_axi_interconnect_hp0_imp_auto_pc_1_axi_data_fifo_v2_1_36_fifo_gen_1/<hidden>/<hidden>/<hidden>/<hidden>/<hidden>
    SLICE_X28Y50         FDRE                                         r  snn_core_group_top/design_1_wrapper/design_1/design_1_axi_interconnect_hp0_0/s01_couplers_imp_12AUBLP/design_1_axi_interconnect_hp0_imp_auto_pc_1/design_1_axi_interconnect_hp0_imp_auto_pc_1_axi_protocol_converter_v2_1_37_axi_protocol_converter/design_1_axi_interconnect_hp0_imp_auto_pc_1_axi_protocol_converter_v2_1_37_axi3_conv/design_1_axi_interconnect_hp0_imp_auto_pc_1_axi_protocol_converter_v2_1_37_a_axi3_conv/design_1_axi_interconnect_hp0_imp_auto_pc_1_axi_data_fifo_v2_1_36_axic_fifo/design_1_axi_interconnect_hp0_imp_auto_pc_1_axi_data_fifo_v2_1_36_fifo_gen_1/<hidden>/<hidden>/<hidden>/<hidden>/<hidden>
  -------------------------------------------------------------------    -------------------
    SLICE_X28Y50         FDRE (Prop_fdre_C_Q)         0.128     1.041 f  snn_core_group_top/design_1_wrapper/design_1/design_1_axi_interconnect_hp0_0/s01_couplers_imp_12AUBLP/design_1_axi_interconnect_hp0_imp_auto_pc_1/design_1_axi_interconnect_hp0_imp_auto_pc_1_axi_protocol_converter_v2_1_37_axi_protocol_converter/design_1_axi_interconnect_hp0_imp_auto_pc_1_axi_protocol_converter_v2_1_37_axi3_conv/design_1_axi_interconnect_hp0_imp_auto_pc_1_axi_protocol_converter_v2_1_37_a_axi3_conv/design_1_axi_interconnect_hp0_imp_auto_pc_1_axi_data_fifo_v2_1_36_axic_fifo/design_1_axi_interconnect_hp0_imp_auto_pc_1_axi_data_fifo_v2_1_36_fifo_gen_1/<hidden>/<hidden>/<hidden>/<hidden>/<hidden>
                         net (fo=2, routed)           0.121     1.162    snn_core_group_top/design_1_wrapper/design_1/design_1_axi_interconnect_hp0_0/s01_couplers_imp_12AUBLP/design_1_axi_interconnect_hp0_imp_auto_pc_1/design_1_axi_interconnect_hp0_imp_auto_pc_1_axi_protocol_converter_v2_1_37_axi_protocol_converter/design_1_axi_interconnect_hp0_imp_auto_pc_1_axi_protocol_converter_v2_1_37_axi3_conv/design_1_axi_interconnect_hp0_imp_auto_pc_1_axi_protocol_converter_v2_1_37_a_axi3_conv/design_1_axi_interconnect_hp0_imp_auto_pc_1_axi_data_fifo_v2_1_36_axic_fifo/design_1_axi_interconnect_hp0_imp_auto_pc_1_axi_data_fifo_v2_1_36_fifo_gen_1/<hidden>/<hidden>/<hidden>/<hidden>/<hidden>
    SLICE_X28Y50         LUT3 (Prop_lut3_I0_O)        0.098     1.260 f  snn_core_group_top/design_1_wrapper/design_1/design_1_axi_interconnect_hp0_0/s01_couplers_imp_12AUBLP/design_1_axi_interconnect_hp0_imp_auto_pc_1/design_1_axi_interconnect_hp0_imp_auto_pc_1_axi_protocol_converter_v2_1_37_axi_protocol_converter/design_1_axi_interconnect_hp0_imp_auto_pc_1_axi_protocol_converter_v2_1_37_axi3_conv/design_1_axi_interconnect_hp0_imp_auto_pc_1_axi_protocol_converter_v2_1_37_a_axi3_conv/design_1_axi_interconnect_hp0_imp_auto_pc_1_axi_data_fifo_v2_1_36_axic_fifo/design_1_axi_interconnect_hp0_imp_auto_pc_1_axi_data_fifo_v2_1_36_fifo_gen_1/<hidden>/<hidden>/<hidden>/<hidden>/<hidden>
                         net (fo=32, routed)          0.207     1.467    snn_core_group_top/design_1_wrapper/design_1/design_1_axi_interconnect_hp0_0/s01_couplers_imp_12AUBLP/design_1_axi_interconnect_hp0_imp_auto_pc_1/design_1_axi_interconnect_hp0_imp_auto_pc_1_axi_protocol_converter_v2_1_37_axi_protocol_converter/design_1_axi_interconnect_hp0_imp_auto_pc_1_axi_protocol_converter_v2_1_37_axi3_conv/design_1_axi_interconnect_hp0_imp_auto_pc_1_axi_protocol_converter_v2_1_37_a_axi3_conv/design_1_axi_interconnect_hp0_imp_auto_pc_1_axi_data_fifo_v2_1_36_axic_fifo/design_1_axi_interconnect_hp0_imp_auto_pc_1_axi_data_fifo_v2_1_36_fifo_gen_1/<hidden>/<hidden>/<hidden>/<hidden>/<hidden>/<hidden>
    SLICE_X26Y50         FDCE                                         f  snn_core_group_top/design_1_wrapper/design_1/design_1_axi_interconnect_hp0_0/s01_couplers_imp_12AUBLP/design_1_axi_interconnect_hp0_imp_auto_pc_1/design_1_axi_interconnect_hp0_imp_auto_pc_1_axi_protocol_converter_v2_1_37_axi_protocol_converter/design_1_axi_interconnect_hp0_imp_auto_pc_1_axi_protocol_converter_v2_1_37_axi3_conv/design_1_axi_interconnect_hp0_imp_auto_pc_1_axi_protocol_converter_v2_1_37_a_axi3_conv/design_1_axi_interconnect_hp0_imp_auto_pc_1_axi_data_fifo_v2_1_36_axic_fifo/design_1_axi_interconnect_hp0_imp_auto_pc_1_axi_data_fifo_v2_1_36_fifo_gen_1/<hidden>/<hidden>/<hidden>/<hidden>/<hidden>/<hidden>
  -------------------------------------------------------------------    -------------------

                         (clock clk_fpga_0 rise edge)
                                                      0.000     0.000 r  
    PS7_X0Y0             PS7                          0.000     0.000 r  u_block_design/design_1_i/processing_system7_0/inst/PS7_i/FCLKCLK[0]
                         net (fo=1, routed)           0.337     0.337    u_block_design/design_1_i/processing_system7_0/inst/FCLK_CLK_unbuffered[0]
    BUFGCTRL_X0Y16       BUFG (Prop_bufg_I_O)         0.029     0.366 r  u_block_design/design_1_i/processing_system7_0/inst/buffer_fclk_clk_0.FCLK_CLK_0_BUFG/O
                         net (fo=12063, routed)       0.844     1.210    snn_core_group_top/design_1_wrapper/design_1/design_1_axi_interconnect_hp0_0/s01_couplers_imp_12AUBLP/design_1_axi_interconnect_hp0_imp_auto_pc_1/design_1_axi_interconnect_hp0_imp_auto_pc_1_axi_protocol_converter_v2_1_37_axi_protocol_converter/design_1_axi_interconnect_hp0_imp_auto_pc_1_axi_protocol_converter_v2_1_37_axi3_conv/design_1_axi_interconnect_hp0_imp_auto_pc_1_axi_protocol_converter_v2_1_37_a_axi3_conv/design_1_axi_interconnect_hp0_imp_auto_pc_1_axi_data_fifo_v2_1_36_axic_fifo/design_1_axi_interconnect_hp0_imp_auto_pc_1_axi_data_fifo_v2_1_36_fifo_gen_1/<hidden>/<hidden>/<hidden>/<hidden>/<hidden>/<hidden>
    SLICE_X26Y50         FDCE                                         r  snn_core_group_top/design_1_wrapper/design_1/design_1_axi_interconnect_hp0_0/s01_couplers_imp_12AUBLP/design_1_axi_interconnect_hp0_imp_auto_pc_1/design_1_axi_interconnect_hp0_imp_auto_pc_1_axi_protocol_converter_v2_1_37_axi_protocol_converter/design_1_axi_interconnect_hp0_imp_auto_pc_1_axi_protocol_converter_v2_1_37_axi3_conv/design_1_axi_interconnect_hp0_imp_auto_pc_1_axi_protocol_converter_v2_1_37_a_axi3_conv/design_1_axi_interconnect_hp0_imp_auto_pc_1_axi_data_fifo_v2_1_36_axic_fifo/design_1_axi_interconnect_hp0_imp_auto_pc_1_axi_data_fifo_v2_1_36_fifo_gen_1/<hidden>/<hidden>/<hidden>/<hidden>/<hidden>/<hidden>
                         clock pessimism             -0.264     0.946    
    SLICE_X26Y50         FDCE (Remov_fdce_C_CLR)     -0.067     0.879    snn_core_group_top/design_1_wrapper/design_1/design_1_axi_interconnect_hp0_0/s01_couplers_imp_12AUBLP/design_1_axi_interconnect_hp0_imp_auto_pc_1/design_1_axi_interconnect_hp0_imp_auto_pc_1_axi_protocol_converter_v2_1_37_axi_protocol_converter/design_1_axi_interconnect_hp0_imp_auto_pc_1_axi_protocol_converter_v2_1_37_axi3_conv/design_1_axi_interconnect_hp0_imp_auto_pc_1_axi_protocol_converter_v2_1_37_a_axi3_conv/design_1_axi_interconnect_hp0_imp_auto_pc_1_axi_data_fifo_v2_1_36_axic_fifo/design_1_axi_interconnect_hp0_imp_auto_pc_1_axi_data_fifo_v2_1_36_fifo_gen_1/<hidden>/<hidden>/<hidden>/<hidden>/<hidden>/<hidden>
  -------------------------------------------------------------------
                         required time                         -0.879    
                         arrival time                           1.467    
  -------------------------------------------------------------------
                         slack                                  0.589    





--------------------------------------------------------------------------------------
Path Group:  (none)
From Clock:  
  To Clock:  clk_fpga_0

Max Delay             1 Endpoint
Min Delay             1 Endpoint
--------------------------------------------------------------------------------------


Max Delay Paths
--------------------------------------------------------------------------------------
Slack:                    inf
  Source:                 u_block_design/design_1_i/processing_system7_0/inst/PS7_i/FCLKRESETN[0]
                            (internal pin)
  Destination:            u_block_design/design_1_i/proc_sys_reset_0/U0/EXT_LPF/ACTIVE_LOW_EXT.ACT_LO_EXT/syncstages_ff_reg[0]/D
                            (rising edge-triggered cell FDRE clocked by clk_fpga_0  {rise@0.000ns fall@5.000ns period=10.000ns})
  Path Group:             (none)
  Path Type:              Setup (Max at Slow Process Corner)
  Data Path Delay:        1.978ns  (logic 0.124ns (6.269%)  route 1.854ns (93.731%))
  Logic Levels:           1  (LUT1=1)
  Clock Uncertainty:      0.152ns  ((TSJ^2 + TIJ^2)^1/2 + DJ) / 2 + PE
    Total System Jitter     (TSJ):    0.050ns
    Total Input Jitter      (TIJ):    0.300ns
    Discrete Jitter          (DJ):    0.000ns
    Phase Error              (PE):    0.000ns
  Timing Exception:       False Path

    Location             Delay type                Incr(ns)  Path(ns)    Netlist Resource(s)
  -------------------------------------------------------------------    -------------------
    PS7_X0Y0             PS7                          0.000     0.000 f  u_block_design/design_1_i/processing_system7_0/inst/PS7_i/FCLKRESETN[0]
                         net (fo=1, routed)           1.854     1.854    u_block_design/design_1_i/proc_sys_reset_0/U0/EXT_LPF/ext_reset_in
    SLICE_X40Y78         LUT1 (Prop_lut1_I0_O)        0.124     1.978 r  u_block_design/design_1_i/proc_sys_reset_0/U0/EXT_LPF/ACTIVE_LOW_EXT.ACT_LO_EXT_i_1/O
                         net (fo=1, routed)           0.000     1.978    u_block_design/design_1_i/proc_sys_reset_0/U0/EXT_LPF/ACTIVE_LOW_EXT.ACT_LO_EXT/src_in
    SLICE_X40Y78         FDRE                                         r  u_block_design/design_1_i/proc_sys_reset_0/U0/EXT_LPF/ACTIVE_LOW_EXT.ACT_LO_EXT/syncstages_ff_reg[0]/D
  -------------------------------------------------------------------    -------------------

                         (clock clk_fpga_0 rise edge)
                                                      0.000     0.000 r  
    PS7_X0Y0             PS7                          0.000     0.000 r  u_block_design/design_1_i/processing_system7_0/inst/PS7_i/FCLKCLK[0]
                         net (fo=1, routed)           1.088     1.088    u_block_design/design_1_i/processing_system7_0/inst/FCLK_CLK_unbuffered[0]
    BUFGCTRL_X0Y16       BUFG (Prop_bufg_I_O)         0.091     1.179 r  u_block_design/design_1_i/processing_system7_0/inst/buffer_fclk_clk_0.FCLK_CLK_0_BUFG/O
                         net (fo=12063, routed)       1.467     2.646    u_block_design/design_1_i/proc_sys_reset_0/U0/EXT_LPF/ACTIVE_LOW_EXT.ACT_LO_EXT/dest_clk
    SLICE_X40Y78         FDRE                                         r  u_block_design/design_1_i/proc_sys_reset_0/U0/EXT_LPF/ACTIVE_LOW_EXT.ACT_LO_EXT/syncstages_ff_reg[0]/C





Min Delay Paths
--------------------------------------------------------------------------------------
Slack:                    inf
  Source:                 u_block_design/design_1_i/processing_system7_0/inst/PS7_i/FCLKRESETN[0]
                            (internal pin)
  Destination:            u_block_design/design_1_i/proc_sys_reset_0/U0/EXT_LPF/ACTIVE_LOW_EXT.ACT_LO_EXT/syncstages_ff_reg[0]/D
                            (rising edge-triggered cell FDRE clocked by clk_fpga_0  {rise@0.000ns fall@5.000ns period=10.000ns})
  Path Group:             (none)
  Path Type:              Hold (Min at Fast Process Corner)
  Data Path Delay:        0.790ns  (logic 0.045ns (5.696%)  route 0.745ns (94.304%))
  Logic Levels:           1  (LUT1=1)
  Clock Uncertainty:      0.152ns  ((TSJ^2 + TIJ^2)^1/2 + DJ) / 2 + PE
    Total System Jitter     (TSJ):    0.050ns
    Total Input Jitter      (TIJ):    0.300ns
    Discrete Jitter          (DJ):    0.000ns
    Phase Error              (PE):    0.000ns
  Timing Exception:       False Path

    Location             Delay type                Incr(ns)  Path(ns)    Netlist Resource(s)
  -------------------------------------------------------------------    -------------------
    PS7_X0Y0             PS7                          0.000     0.000 f  u_block_design/design_1_i/processing_system7_0/inst/PS7_i/FCLKRESETN[0]
                         net (fo=1, routed)           0.745     0.745    u_block_design/design_1_i/proc_sys_reset_0/U0/EXT_LPF/ext_reset_in
    SLICE_X40Y78         LUT1 (Prop_lut1_I0_O)        0.045     0.790 r  u_block_design/design_1_i/proc_sys_reset_0/U0/EXT_LPF/ACTIVE_LOW_EXT.ACT_LO_EXT_i_1/O
                         net (fo=1, routed)           0.000     0.790    u_block_design/design_1_i/proc_sys_reset_0/U0/EXT_LPF/ACTIVE_LOW_EXT.ACT_LO_EXT/src_in
    SLICE_X40Y78         FDRE                                         r  u_block_design/design_1_i/proc_sys_reset_0/U0/EXT_LPF/ACTIVE_LOW_EXT.ACT_LO_EXT/syncstages_ff_reg[0]/D
  -------------------------------------------------------------------    -------------------

                         (clock clk_fpga_0 rise edge)
                                                      0.000     0.000 r  
    PS7_X0Y0             PS7                          0.000     0.000 r  u_block_design/design_1_i/processing_system7_0/inst/PS7_i/FCLKCLK[0]
                         net (fo=1, routed)           0.337     0.337    u_block_design/design_1_i/processing_system7_0/inst/FCLK_CLK_unbuffered[0]
    BUFGCTRL_X0Y16       BUFG (Prop_bufg_I_O)         0.029     0.366 r  u_block_design/design_1_i/processing_system7_0/inst/buffer_fclk_clk_0.FCLK_CLK_0_BUFG/O
                         net (fo=12063, routed)       0.812     1.178    u_block_design/design_1_i/proc_sys_reset_0/U0/EXT_LPF/ACTIVE_LOW_EXT.ACT_LO_EXT/dest_clk
    SLICE_X40Y78         FDRE                                         r  u_block_design/design_1_i/proc_sys_reset_0/U0/EXT_LPF/ACTIVE_LOW_EXT.ACT_LO_EXT/syncstages_ff_reg[0]/C





--------------------------------------------------------------------------------------
Path Group:  (none)
From Clock:  clk_fpga_0
  To Clock:  clk_fpga_0

Max Delay            16 Endpoints
Min Delay            16 Endpoints
--------------------------------------------------------------------------------------


Max Delay Paths
--------------------------------------------------------------------------------------
Slack:                    inf
  Source:                 u_block_design/design_1_i/proc_sys_reset_0/U0/ACTIVE_LOW_PR_OUT_DFF[0].FDRE_PER_N/C
                            (rising edge-triggered cell FDRE clocked by clk_fpga_0  {rise@0.000ns fall@5.000ns period=10.000ns})
  Destination:            snn_core_group_top/design_1_wrapper/design_1/design_1_axi_interconnect_hp0_0/s03_couplers_imp_13X28CE/design_1_axi_interconnect_hp0_imp_auto_pc_3/design_1_axi_interconnect_hp0_imp_auto_pc_3_axi_protocol_converter_v2_1_37_axi_protocol_converter/design_1_axi_interconnect_hp0_imp_auto_pc_3_axi_protocol_converter_v2_1_37_axi3_conv/design_1_axi_interconnect_hp0_imp_auto_pc_3_axi_protocol_converter_v2_1_37_a_axi3_conv/design_1_axi_interconnect_hp0_imp_auto_pc_3_axi_data_fifo_v2_1_36_axic_fifo_0/design_1_axi_interconnect_hp0_imp_auto_pc_3_axi_data_fifo_v2_1_36_fifo_gen/<hidden>/<hidden>/<hidden>/<hidden>/<hidden>/<hidden>
                            (recovery check against rising-edge clock clk_fpga_0  {rise@0.000ns fall@5.000ns period=10.000ns})
  Path Group:             (none)
  Path Type:              Recovery (Max at Slow Process Corner)
  Data Path Delay:        5.896ns  (logic 0.580ns (9.837%)  route 5.316ns (90.163%))
  Logic Levels:           1  (LUT1=1)
  Clock Path Skew:        -0.178ns (DCD - SCD + CPR)
    Destination Clock Delay (DCD):    2.752ns
    Source Clock Delay      (SCD):    2.930ns
    Clock Pessimism Removal (CPR):    0.000ns
  Clock Uncertainty:      0.154ns  ((TSJ^2 + TIJ^2)^1/2 + DJ) / 2 + PE
    Total System Jitter     (TSJ):    0.071ns
    Total Input Jitter      (TIJ):    0.300ns
    Discrete Jitter          (DJ):    0.000ns
    Phase Error              (PE):    0.000ns
  Timing Exception:       False Path

    Location             Delay type                Incr(ns)  Path(ns)    Netlist Resource(s)
  -------------------------------------------------------------------    -------------------
                         (clock clk_fpga_0 rise edge)
                                                      0.000     0.000 r  
    PS7_X0Y0             PS7                          0.000     0.000 r  u_block_design/design_1_i/processing_system7_0/inst/PS7_i/FCLKCLK[0]
                         net (fo=1, routed)           1.193     1.193    u_block_design/design_1_i/processing_system7_0/inst/FCLK_CLK_unbuffered[0]
    BUFGCTRL_X0Y16       BUFG (Prop_bufg_I_O)         0.101     1.294 r  u_block_design/design_1_i/processing_system7_0/inst/buffer_fclk_clk_0.FCLK_CLK_0_BUFG/O
                         net (fo=12063, routed)       1.636     2.930    u_block_design/design_1_i/proc_sys_reset_0/U0/slowest_sync_clk
    SLICE_X49Y71         FDRE                                         r  u_block_design/design_1_i/proc_sys_reset_0/U0/ACTIVE_LOW_PR_OUT_DFF[0].FDRE_PER_N/C
  -------------------------------------------------------------------    -------------------
    SLICE_X49Y71         FDRE (Prop_fdre_C_Q)         0.456     3.386 r  u_block_design/design_1_i/proc_sys_reset_0/U0/ACTIVE_LOW_PR_OUT_DFF[0].FDRE_PER_N/Q
                         net (fo=69, routed)          2.880     6.266    u_block_design/design_1_i/axi_interconnect_hp0/s03_couplers/auto_pc/inst/gen_axi4_axi3.axi3_conv_inst/USE_WRITE.write_addr_inst/USE_BURSTS.cmd_queue/inst/aresetn
    SLICE_X30Y37         LUT1 (Prop_lut1_I0_O)        0.124     6.390 f  u_block_design/design_1_i/axi_interconnect_hp0/s03_couplers/auto_pc/inst/gen_axi4_axi3.axi3_conv_inst/USE_WRITE.write_addr_inst/USE_BURSTS.cmd_queue/inst/S_AXI_AREADY_I_i_1/O
                         net (fo=115, routed)         2.436     8.826    snn_core_group_top/design_1_wrapper/design_1/design_1_axi_interconnect_hp0_0/s03_couplers_imp_13X28CE/design_1_axi_interconnect_hp0_imp_auto_pc_3/design_1_axi_interconnect_hp0_imp_auto_pc_3_axi_protocol_converter_v2_1_37_axi_protocol_converter/design_1_axi_interconnect_hp0_imp_auto_pc_3_axi_protocol_converter_v2_1_37_axi3_conv/design_1_axi_interconnect_hp0_imp_auto_pc_3_axi_protocol_converter_v2_1_37_a_axi3_conv/design_1_axi_interconnect_hp0_imp_auto_pc_3_axi_data_fifo_v2_1_36_axic_fifo_0/design_1_axi_interconnect_hp0_imp_auto_pc_3_axi_data_fifo_v2_1_36_fifo_gen/<hidden>/<hidden>/<hidden>/<hidden>/<hidden>/<hidden>
    SLICE_X13Y33         FDPE                                         f  snn_core_group_top/design_1_wrapper/design_1/design_1_axi_interconnect_hp0_0/s03_couplers_imp_13X28CE/design_1_axi_interconnect_hp0_imp_auto_pc_3/design_1_axi_interconnect_hp0_imp_auto_pc_3_axi_protocol_converter_v2_1_37_axi_protocol_converter/design_1_axi_interconnect_hp0_imp_auto_pc_3_axi_protocol_converter_v2_1_37_axi3_conv/design_1_axi_interconnect_hp0_imp_auto_pc_3_axi_protocol_converter_v2_1_37_a_axi3_conv/design_1_axi_interconnect_hp0_imp_auto_pc_3_axi_data_fifo_v2_1_36_axic_fifo_0/design_1_axi_interconnect_hp0_imp_auto_pc_3_axi_data_fifo_v2_1_36_fifo_gen/<hidden>/<hidden>/<hidden>/<hidden>/<hidden>/<hidden>
  -------------------------------------------------------------------    -------------------

                         (clock clk_fpga_0 rise edge)
                                                      0.000     0.000 r  
    PS7_X0Y0             PS7                          0.000     0.000 r  u_block_design/design_1_i/processing_system7_0/inst/PS7_i/FCLKCLK[0]
                         net (fo=1, routed)           1.088     1.088    u_block_design/design_1_i/processing_system7_0/inst/FCLK_CLK_unbuffered[0]
    BUFGCTRL_X0Y16       BUFG (Prop_bufg_I_O)         0.091     1.179 r  u_block_design/design_1_i/processing_system7_0/inst/buffer_fclk_clk_0.FCLK_CLK_0_BUFG/O
                         net (fo=12063, routed)       1.573     2.752    snn_core_group_top/design_1_wrapper/design_1/design_1_axi_interconnect_hp0_0/s03_couplers_imp_13X28CE/design_1_axi_interconnect_hp0_imp_auto_pc_3/design_1_axi_interconnect_hp0_imp_auto_pc_3_axi_protocol_converter_v2_1_37_axi_protocol_converter/design_1_axi_interconnect_hp0_imp_auto_pc_3_axi_protocol_converter_v2_1_37_axi3_conv/design_1_axi_interconnect_hp0_imp_auto_pc_3_axi_protocol_converter_v2_1_37_a_axi3_conv/design_1_axi_interconnect_hp0_imp_auto_pc_3_axi_data_fifo_v2_1_36_axic_fifo_0/design_1_axi_interconnect_hp0_imp_auto_pc_3_axi_data_fifo_v2_1_36_fifo_gen/<hidden>/<hidden>/<hidden>/<hidden>/<hidden>/<hidden>
    SLICE_X13Y33         FDPE                                         r  snn_core_group_top/design_1_wrapper/design_1/design_1_axi_interconnect_hp0_0/s03_couplers_imp_13X28CE/design_1_axi_interconnect_hp0_imp_auto_pc_3/design_1_axi_interconnect_hp0_imp_auto_pc_3_axi_protocol_converter_v2_1_37_axi_protocol_converter/design_1_axi_interconnect_hp0_imp_auto_pc_3_axi_protocol_converter_v2_1_37_axi3_conv/design_1_axi_interconnect_hp0_imp_auto_pc_3_axi_protocol_converter_v2_1_37_a_axi3_conv/design_1_axi_interconnect_hp0_imp_auto_pc_3_axi_data_fifo_v2_1_36_axic_fifo_0/design_1_axi_interconnect_hp0_imp_auto_pc_3_axi_data_fifo_v2_1_36_fifo_gen/<hidden>/<hidden>/<hidden>/<hidden>/<hidden>/<hidden>

Slack:                    inf
  Source:                 u_block_design/design_1_i/proc_sys_reset_0/U0/ACTIVE_LOW_PR_OUT_DFF[0].FDRE_PER_N/C
                            (rising edge-triggered cell FDRE clocked by clk_fpga_0  {rise@0.000ns fall@5.000ns period=10.000ns})
  Destination:            snn_core_group_top/design_1_wrapper/design_1/design_1_axi_interconnect_hp0_0/s03_couplers_imp_13X28CE/design_1_axi_interconnect_hp0_imp_auto_pc_3/design_1_axi_interconnect_hp0_imp_auto_pc_3_axi_protocol_converter_v2_1_37_axi_protocol_converter/design_1_axi_interconnect_hp0_imp_auto_pc_3_axi_protocol_converter_v2_1_37_axi3_conv/design_1_axi_interconnect_hp0_imp_auto_pc_3_axi_protocol_converter_v2_1_37_a_axi3_conv/design_1_axi_interconnect_hp0_imp_auto_pc_3_axi_data_fifo_v2_1_36_axic_fifo_0/design_1_axi_interconnect_hp0_imp_auto_pc_3_axi_data_fifo_v2_1_36_fifo_gen/<hidden>/<hidden>/<hidden>/<hidden>/<hidden>/<hidden>
                            (recovery check against rising-edge clock clk_fpga_0  {rise@0.000ns fall@5.000ns period=10.000ns})
  Path Group:             (none)
  Path Type:              Recovery (Max at Slow Process Corner)
  Data Path Delay:        5.896ns  (logic 0.580ns (9.837%)  route 5.316ns (90.163%))
  Logic Levels:           1  (LUT1=1)
  Clock Path Skew:        -0.178ns (DCD - SCD + CPR)
    Destination Clock Delay (DCD):    2.752ns
    Source Clock Delay      (SCD):    2.930ns
    Clock Pessimism Removal (CPR):    0.000ns
  Clock Uncertainty:      0.154ns  ((TSJ^2 + TIJ^2)^1/2 + DJ) / 2 + PE
    Total System Jitter     (TSJ):    0.071ns
    Total Input Jitter      (TIJ):    0.300ns
    Discrete Jitter          (DJ):    0.000ns
    Phase Error              (PE):    0.000ns
  Timing Exception:       False Path

    Location             Delay type                Incr(ns)  Path(ns)    Netlist Resource(s)
  -------------------------------------------------------------------    -------------------
                         (clock clk_fpga_0 rise edge)
                                                      0.000     0.000 r  
    PS7_X0Y0             PS7                          0.000     0.000 r  u_block_design/design_1_i/processing_system7_0/inst/PS7_i/FCLKCLK[0]
                         net (fo=1, routed)           1.193     1.193    u_block_design/design_1_i/processing_system7_0/inst/FCLK_CLK_unbuffered[0]
    BUFGCTRL_X0Y16       BUFG (Prop_bufg_I_O)         0.101     1.294 r  u_block_design/design_1_i/processing_system7_0/inst/buffer_fclk_clk_0.FCLK_CLK_0_BUFG/O
                         net (fo=12063, routed)       1.636     2.930    u_block_design/design_1_i/proc_sys_reset_0/U0/slowest_sync_clk
    SLICE_X49Y71         FDRE                                         r  u_block_design/design_1_i/proc_sys_reset_0/U0/ACTIVE_LOW_PR_OUT_DFF[0].FDRE_PER_N/C
  -------------------------------------------------------------------    -------------------
    SLICE_X49Y71         FDRE (Prop_fdre_C_Q)         0.456     3.386 r  u_block_design/design_1_i/proc_sys_reset_0/U0/ACTIVE_LOW_PR_OUT_DFF[0].FDRE_PER_N/Q
                         net (fo=69, routed)          2.880     6.266    u_block_design/design_1_i/axi_interconnect_hp0/s03_couplers/auto_pc/inst/gen_axi4_axi3.axi3_conv_inst/USE_WRITE.write_addr_inst/USE_BURSTS.cmd_queue/inst/aresetn
    SLICE_X30Y37         LUT1 (Prop_lut1_I0_O)        0.124     6.390 f  u_block_design/design_1_i/axi_interconnect_hp0/s03_couplers/auto_pc/inst/gen_axi4_axi3.axi3_conv_inst/USE_WRITE.write_addr_inst/USE_BURSTS.cmd_queue/inst/S_AXI_AREADY_I_i_1/O
                         net (fo=115, routed)         2.436     8.826    snn_core_group_top/design_1_wrapper/design_1/design_1_axi_interconnect_hp0_0/s03_couplers_imp_13X28CE/design_1_axi_interconnect_hp0_imp_auto_pc_3/design_1_axi_interconnect_hp0_imp_auto_pc_3_axi_protocol_converter_v2_1_37_axi_protocol_converter/design_1_axi_interconnect_hp0_imp_auto_pc_3_axi_protocol_converter_v2_1_37_axi3_conv/design_1_axi_interconnect_hp0_imp_auto_pc_3_axi_protocol_converter_v2_1_37_a_axi3_conv/design_1_axi_interconnect_hp0_imp_auto_pc_3_axi_data_fifo_v2_1_36_axic_fifo_0/design_1_axi_interconnect_hp0_imp_auto_pc_3_axi_data_fifo_v2_1_36_fifo_gen/<hidden>/<hidden>/<hidden>/<hidden>/<hidden>/<hidden>
    SLICE_X13Y33         FDPE                                         f  snn_core_group_top/design_1_wrapper/design_1/design_1_axi_interconnect_hp0_0/s03_couplers_imp_13X28CE/design_1_axi_interconnect_hp0_imp_auto_pc_3/design_1_axi_interconnect_hp0_imp_auto_pc_3_axi_protocol_converter_v2_1_37_axi_protocol_converter/design_1_axi_interconnect_hp0_imp_auto_pc_3_axi_protocol_converter_v2_1_37_axi3_conv/design_1_axi_interconnect_hp0_imp_auto_pc_3_axi_protocol_converter_v2_1_37_a_axi3_conv/design_1_axi_interconnect_hp0_imp_auto_pc_3_axi_data_fifo_v2_1_36_axic_fifo_0/design_1_axi_interconnect_hp0_imp_auto_pc_3_axi_data_fifo_v2_1_36_fifo_gen/<hidden>/<hidden>/<hidden>/<hidden>/<hidden>/<hidden>
  -------------------------------------------------------------------    -------------------

                         (clock clk_fpga_0 rise edge)
                                                      0.000     0.000 r  
    PS7_X0Y0             PS7                          0.000     0.000 r  u_block_design/design_1_i/processing_system7_0/inst/PS7_i/FCLKCLK[0]
                         net (fo=1, routed)           1.088     1.088    u_block_design/design_1_i/processing_system7_0/inst/FCLK_CLK_unbuffered[0]
    BUFGCTRL_X0Y16       BUFG (Prop_bufg_I_O)         0.091     1.179 r  u_block_design/design_1_i/processing_system7_0/inst/buffer_fclk_clk_0.FCLK_CLK_0_BUFG/O
                         net (fo=12063, routed)       1.573     2.752    snn_core_group_top/design_1_wrapper/design_1/design_1_axi_interconnect_hp0_0/s03_couplers_imp_13X28CE/design_1_axi_interconnect_hp0_imp_auto_pc_3/design_1_axi_interconnect_hp0_imp_auto_pc_3_axi_protocol_converter_v2_1_37_axi_protocol_converter/design_1_axi_interconnect_hp0_imp_auto_pc_3_axi_protocol_converter_v2_1_37_axi3_conv/design_1_axi_interconnect_hp0_imp_auto_pc_3_axi_protocol_converter_v2_1_37_a_axi3_conv/design_1_axi_interconnect_hp0_imp_auto_pc_3_axi_data_fifo_v2_1_36_axic_fifo_0/design_1_axi_interconnect_hp0_imp_auto_pc_3_axi_data_fifo_v2_1_36_fifo_gen/<hidden>/<hidden>/<hidden>/<hidden>/<hidden>/<hidden>
    SLICE_X13Y33         FDPE                                         r  snn_core_group_top/design_1_wrapper/design_1/design_1_axi_interconnect_hp0_0/s03_couplers_imp_13X28CE/design_1_axi_interconnect_hp0_imp_auto_pc_3/design_1_axi_interconnect_hp0_imp_auto_pc_3_axi_protocol_converter_v2_1_37_axi_protocol_converter/design_1_axi_interconnect_hp0_imp_auto_pc_3_axi_protocol_converter_v2_1_37_axi3_conv/design_1_axi_interconnect_hp0_imp_auto_pc_3_axi_protocol_converter_v2_1_37_a_axi3_conv/design_1_axi_interconnect_hp0_imp_auto_pc_3_axi_data_fifo_v2_1_36_axic_fifo_0/design_1_axi_interconnect_hp0_imp_auto_pc_3_axi_data_fifo_v2_1_36_fifo_gen/<hidden>/<hidden>/<hidden>/<hidden>/<hidden>/<hidden>

Slack:                    inf
  Source:                 u_block_design/design_1_i/proc_sys_reset_0/U0/ACTIVE_LOW_PR_OUT_DFF[0].FDRE_PER_N/C
                            (rising edge-triggered cell FDRE clocked by clk_fpga_0  {rise@0.000ns fall@5.000ns period=10.000ns})
  Destination:            snn_core_group_top/design_1_wrapper/design_1/design_1_axi_interconnect_hp0_0/s02_couplers_imp_QSEXJZ/design_1_axi_interconnect_hp0_imp_auto_pc_2/design_1_axi_interconnect_hp0_imp_auto_pc_2_axi_protocol_converter_v2_1_37_axi_protocol_converter/design_1_axi_interconnect_hp0_imp_auto_pc_2_axi_protocol_converter_v2_1_37_axi3_conv/design_1_axi_interconnect_hp0_imp_auto_pc_2_axi_protocol_converter_v2_1_37_a_axi3_conv/design_1_axi_interconnect_hp0_imp_auto_pc_2_axi_data_fifo_v2_1_36_axic_fifo/design_1_axi_interconnect_hp0_imp_auto_pc_2_axi_data_fifo_v2_1_36_fifo_gen/<hidden>/<hidden>/<hidden>/<hidden>/<hidden>/<hidden>
                            (recovery check against rising-edge clock clk_fpga_0  {rise@0.000ns fall@5.000ns period=10.000ns})
  Path Group:             (none)
  Path Type:              Recovery (Max at Slow Process Corner)
  Data Path Delay:        5.758ns  (logic 0.580ns (10.073%)  route 5.178ns (89.927%))
  Logic Levels:           1  (LUT1=1)
  Clock Path Skew:        -0.184ns (DCD - SCD + CPR)
    Destination Clock Delay (DCD):    2.745ns
    Source Clock Delay      (SCD):    2.930ns
    Clock Pessimism Removal (CPR):    0.000ns
  Clock Uncertainty:      0.154ns  ((TSJ^2 + TIJ^2)^1/2 + DJ) / 2 + PE
    Total System Jitter     (TSJ):    0.071ns
    Total Input Jitter      (TIJ):    0.300ns
    Discrete Jitter          (DJ):    0.000ns
    Phase Error              (PE):    0.000ns
  Timing Exception:       False Path

    Location             Delay type                Incr(ns)  Path(ns)    Netlist Resource(s)
  -------------------------------------------------------------------    -------------------
                         (clock clk_fpga_0 rise edge)
                                                      0.000     0.000 r  
    PS7_X0Y0             PS7                          0.000     0.000 r  u_block_design/design_1_i/processing_system7_0/inst/PS7_i/FCLKCLK[0]
                         net (fo=1, routed)           1.193     1.193    u_block_design/design_1_i/processing_system7_0/inst/FCLK_CLK_unbuffered[0]
    BUFGCTRL_X0Y16       BUFG (Prop_bufg_I_O)         0.101     1.294 r  u_block_design/design_1_i/processing_system7_0/inst/buffer_fclk_clk_0.FCLK_CLK_0_BUFG/O
                         net (fo=12063, routed)       1.636     2.930    u_block_design/design_1_i/proc_sys_reset_0/U0/slowest_sync_clk
    SLICE_X49Y71         FDRE                                         r  u_block_design/design_1_i/proc_sys_reset_0/U0/ACTIVE_LOW_PR_OUT_DFF[0].FDRE_PER_N/C
  -------------------------------------------------------------------    -------------------
    SLICE_X49Y71         FDRE (Prop_fdre_C_Q)         0.456     3.386 r  u_block_design/design_1_i/proc_sys_reset_0/U0/ACTIVE_LOW_PR_OUT_DFF[0].FDRE_PER_N/Q
                         net (fo=69, routed)          4.331     7.717    u_block_design/design_1_i/axi_interconnect_hp0/s02_couplers/auto_pc/inst/gen_axi4_axi3.axi3_conv_inst/USE_READ.USE_SPLIT_R.read_addr_inst/USE_R_CHANNEL.cmd_queue/inst/aresetn
    SLICE_X14Y28         LUT1 (Prop_lut1_I0_O)        0.124     7.841 f  u_block_design/design_1_i/axi_interconnect_hp0/s02_couplers/auto_pc/inst/gen_axi4_axi3.axi3_conv_inst/USE_READ.USE_SPLIT_R.read_addr_inst/USE_R_CHANNEL.cmd_queue/inst/S_AXI_ASIZE_Q[2]_i_1/O
                         net (fo=44, routed)          0.847     8.688    snn_core_group_top/design_1_wrapper/design_1/design_1_axi_interconnect_hp0_0/s02_couplers_imp_QSEXJZ/design_1_axi_interconnect_hp0_imp_auto_pc_2/design_1_axi_interconnect_hp0_imp_auto_pc_2_axi_protocol_converter_v2_1_37_axi_protocol_converter/design_1_axi_interconnect_hp0_imp_auto_pc_2_axi_protocol_converter_v2_1_37_axi3_conv/design_1_axi_interconnect_hp0_imp_auto_pc_2_axi_protocol_converter_v2_1_37_a_axi3_conv/design_1_axi_interconnect_hp0_imp_auto_pc_2_axi_data_fifo_v2_1_36_axic_fifo/design_1_axi_interconnect_hp0_imp_auto_pc_2_axi_data_fifo_v2_1_36_fifo_gen/<hidden>/<hidden>/<hidden>/<hidden>/<hidden>/<hidden>
    SLICE_X10Y26         FDPE                                         f  snn_core_group_top/design_1_wrapper/design_1/design_1_axi_interconnect_hp0_0/s02_couplers_imp_QSEXJZ/design_1_axi_interconnect_hp0_imp_auto_pc_2/design_1_axi_interconnect_hp0_imp_auto_pc_2_axi_protocol_converter_v2_1_37_axi_protocol_converter/design_1_axi_interconnect_hp0_imp_auto_pc_2_axi_protocol_converter_v2_1_37_axi3_conv/design_1_axi_interconnect_hp0_imp_auto_pc_2_axi_protocol_converter_v2_1_37_a_axi3_conv/design_1_axi_interconnect_hp0_imp_auto_pc_2_axi_data_fifo_v2_1_36_axic_fifo/design_1_axi_interconnect_hp0_imp_auto_pc_2_axi_data_fifo_v2_1_36_fifo_gen/<hidden>/<hidden>/<hidden>/<hidden>/<hidden>/<hidden>
  -------------------------------------------------------------------    -------------------

                         (clock clk_fpga_0 rise edge)
                                                      0.000     0.000 r  
    PS7_X0Y0             PS7                          0.000     0.000 r  u_block_design/design_1_i/processing_system7_0/inst/PS7_i/FCLKCLK[0]
                         net (fo=1, routed)           1.088     1.088    u_block_design/design_1_i/processing_system7_0/inst/FCLK_CLK_unbuffered[0]
    BUFGCTRL_X0Y16       BUFG (Prop_bufg_I_O)         0.091     1.179 r  u_block_design/design_1_i/processing_system7_0/inst/buffer_fclk_clk_0.FCLK_CLK_0_BUFG/O
                         net (fo=12063, routed)       1.566     2.745    snn_core_group_top/design_1_wrapper/design_1/design_1_axi_interconnect_hp0_0/s02_couplers_imp_QSEXJZ/design_1_axi_interconnect_hp0_imp_auto_pc_2/design_1_axi_interconnect_hp0_imp_auto_pc_2_axi_protocol_converter_v2_1_37_axi_protocol_converter/design_1_axi_interconnect_hp0_imp_auto_pc_2_axi_protocol_converter_v2_1_37_axi3_conv/design_1_axi_interconnect_hp0_imp_auto_pc_2_axi_protocol_converter_v2_1_37_a_axi3_conv/design_1_axi_interconnect_hp0_imp_auto_pc_2_axi_data_fifo_v2_1_36_axic_fifo/design_1_axi_interconnect_hp0_imp_auto_pc_2_axi_data_fifo_v2_1_36_fifo_gen/<hidden>/<hidden>/<hidden>/<hidden>/<hidden>/<hidden>
    SLICE_X10Y26         FDPE                                         r  snn_core_group_top/design_1_wrapper/design_1/design_1_axi_interconnect_hp0_0/s02_couplers_imp_QSEXJZ/design_1_axi_interconnect_hp0_imp_auto_pc_2/design_1_axi_interconnect_hp0_imp_auto_pc_2_axi_protocol_converter_v2_1_37_axi_protocol_converter/design_1_axi_interconnect_hp0_imp_auto_pc_2_axi_protocol_converter_v2_1_37_axi3_conv/design_1_axi_interconnect_hp0_imp_auto_pc_2_axi_protocol_converter_v2_1_37_a_axi3_conv/design_1_axi_interconnect_hp0_imp_auto_pc_2_axi_data_fifo_v2_1_36_axic_fifo/design_1_axi_interconnect_hp0_imp_auto_pc_2_axi_data_fifo_v2_1_36_fifo_gen/<hidden>/<hidden>/<hidden>/<hidden>/<hidden>/<hidden>

Slack:                    inf
  Source:                 u_block_design/design_1_i/proc_sys_reset_0/U0/ACTIVE_LOW_PR_OUT_DFF[0].FDRE_PER_N/C
                            (rising edge-triggered cell FDRE clocked by clk_fpga_0  {rise@0.000ns fall@5.000ns period=10.000ns})
  Destination:            snn_core_group_top/design_1_wrapper/design_1/design_1_axi_interconnect_hp0_0/s02_couplers_imp_QSEXJZ/design_1_axi_interconnect_hp0_imp_auto_pc_2/design_1_axi_interconnect_hp0_imp_auto_pc_2_axi_protocol_converter_v2_1_37_axi_protocol_converter/design_1_axi_interconnect_hp0_imp_auto_pc_2_axi_protocol_converter_v2_1_37_axi3_conv/design_1_axi_interconnect_hp0_imp_auto_pc_2_axi_protocol_converter_v2_1_37_a_axi3_conv/design_1_axi_interconnect_hp0_imp_auto_pc_2_axi_data_fifo_v2_1_36_axic_fifo/design_1_axi_interconnect_hp0_imp_auto_pc_2_axi_data_fifo_v2_1_36_fifo_gen/<hidden>/<hidden>/<hidden>/<hidden>/<hidden>/<hidden>
                            (recovery check against rising-edge clock clk_fpga_0  {rise@0.000ns fall@5.000ns period=10.000ns})
  Path Group:             (none)
  Path Type:              Recovery (Max at Slow Process Corner)
  Data Path Delay:        5.758ns  (logic 0.580ns (10.073%)  route 5.178ns (89.927%))
  Logic Levels:           1  (LUT1=1)
  Clock Path Skew:        -0.184ns (DCD - SCD + CPR)
    Destination Clock Delay (DCD):    2.745ns
    Source Clock Delay      (SCD):    2.930ns
    Clock Pessimism Removal (CPR):    0.000ns
  Clock Uncertainty:      0.154ns  ((TSJ^2 + TIJ^2)^1/2 + DJ) / 2 + PE
    Total System Jitter     (TSJ):    0.071ns
    Total Input Jitter      (TIJ):    0.300ns
    Discrete Jitter          (DJ):    0.000ns
    Phase Error              (PE):    0.000ns
  Timing Exception:       False Path

    Location             Delay type                Incr(ns)  Path(ns)    Netlist Resource(s)
  -------------------------------------------------------------------    -------------------
                         (clock clk_fpga_0 rise edge)
                                                      0.000     0.000 r  
    PS7_X0Y0             PS7                          0.000     0.000 r  u_block_design/design_1_i/processing_system7_0/inst/PS7_i/FCLKCLK[0]
                         net (fo=1, routed)           1.193     1.193    u_block_design/design_1_i/processing_system7_0/inst/FCLK_CLK_unbuffered[0]
    BUFGCTRL_X0Y16       BUFG (Prop_bufg_I_O)         0.101     1.294 r  u_block_design/design_1_i/processing_system7_0/inst/buffer_fclk_clk_0.FCLK_CLK_0_BUFG/O
                         net (fo=12063, routed)       1.636     2.930    u_block_design/design_1_i/proc_sys_reset_0/U0/slowest_sync_clk
    SLICE_X49Y71         FDRE                                         r  u_block_design/design_1_i/proc_sys_reset_0/U0/ACTIVE_LOW_PR_OUT_DFF[0].FDRE_PER_N/C
  -------------------------------------------------------------------    -------------------
    SLICE_X49Y71         FDRE (Prop_fdre_C_Q)         0.456     3.386 r  u_block_design/design_1_i/proc_sys_reset_0/U0/ACTIVE_LOW_PR_OUT_DFF[0].FDRE_PER_N/Q
                         net (fo=69, routed)          4.331     7.717    u_block_design/design_1_i/axi_interconnect_hp0/s02_couplers/auto_pc/inst/gen_axi4_axi3.axi3_conv_inst/USE_READ.USE_SPLIT_R.read_addr_inst/USE_R_CHANNEL.cmd_queue/inst/aresetn
    SLICE_X14Y28         LUT1 (Prop_lut1_I0_O)        0.124     7.841 f  u_block_design/design_1_i/axi_interconnect_hp0/s02_couplers/auto_pc/inst/gen_axi4_axi3.axi3_conv_inst/USE_READ.USE_SPLIT_R.read_addr_inst/USE_R_CHANNEL.cmd_queue/inst/S_AXI_ASIZE_Q[2]_i_1/O
                         net (fo=44, routed)          0.847     8.688    snn_core_group_top/design_1_wrapper/design_1/design_1_axi_interconnect_hp0_0/s02_couplers_imp_QSEXJZ/design_1_axi_interconnect_hp0_imp_auto_pc_2/design_1_axi_interconnect_hp0_imp_auto_pc_2_axi_protocol_converter_v2_1_37_axi_protocol_converter/design_1_axi_interconnect_hp0_imp_auto_pc_2_axi_protocol_converter_v2_1_37_axi3_conv/design_1_axi_interconnect_hp0_imp_auto_pc_2_axi_protocol_converter_v2_1_37_a_axi3_conv/design_1_axi_interconnect_hp0_imp_auto_pc_2_axi_data_fifo_v2_1_36_axic_fifo/design_1_axi_interconnect_hp0_imp_auto_pc_2_axi_data_fifo_v2_1_36_fifo_gen/<hidden>/<hidden>/<hidden>/<hidden>/<hidden>/<hidden>
    SLICE_X10Y26         FDPE                                         f  snn_core_group_top/design_1_wrapper/design_1/design_1_axi_interconnect_hp0_0/s02_couplers_imp_QSEXJZ/design_1_axi_interconnect_hp0_imp_auto_pc_2/design_1_axi_interconnect_hp0_imp_auto_pc_2_axi_protocol_converter_v2_1_37_axi_protocol_converter/design_1_axi_interconnect_hp0_imp_auto_pc_2_axi_protocol_converter_v2_1_37_axi3_conv/design_1_axi_interconnect_hp0_imp_auto_pc_2_axi_protocol_converter_v2_1_37_a_axi3_conv/design_1_axi_interconnect_hp0_imp_auto_pc_2_axi_data_fifo_v2_1_36_axic_fifo/design_1_axi_interconnect_hp0_imp_auto_pc_2_axi_data_fifo_v2_1_36_fifo_gen/<hidden>/<hidden>/<hidden>/<hidden>/<hidden>/<hidden>
  -------------------------------------------------------------------    -------------------

                         (clock clk_fpga_0 rise edge)
                                                      0.000     0.000 r  
    PS7_X0Y0             PS7                          0.000     0.000 r  u_block_design/design_1_i/processing_system7_0/inst/PS7_i/FCLKCLK[0]
                         net (fo=1, routed)           1.088     1.088    u_block_design/design_1_i/processing_system7_0/inst/FCLK_CLK_unbuffered[0]
    BUFGCTRL_X0Y16       BUFG (Prop_bufg_I_O)         0.091     1.179 r  u_block_design/design_1_i/processing_system7_0/inst/buffer_fclk_clk_0.FCLK_CLK_0_BUFG/O
                         net (fo=12063, routed)       1.566     2.745    snn_core_group_top/design_1_wrapper/design_1/design_1_axi_interconnect_hp0_0/s02_couplers_imp_QSEXJZ/design_1_axi_interconnect_hp0_imp_auto_pc_2/design_1_axi_interconnect_hp0_imp_auto_pc_2_axi_protocol_converter_v2_1_37_axi_protocol_converter/design_1_axi_interconnect_hp0_imp_auto_pc_2_axi_protocol_converter_v2_1_37_axi3_conv/design_1_axi_interconnect_hp0_imp_auto_pc_2_axi_protocol_converter_v2_1_37_a_axi3_conv/design_1_axi_interconnect_hp0_imp_auto_pc_2_axi_data_fifo_v2_1_36_axic_fifo/design_1_axi_interconnect_hp0_imp_auto_pc_2_axi_data_fifo_v2_1_36_fifo_gen/<hidden>/<hidden>/<hidden>/<hidden>/<hidden>/<hidden>
    SLICE_X10Y26         FDPE                                         r  snn_core_group_top/design_1_wrapper/design_1/design_1_axi_interconnect_hp0_0/s02_couplers_imp_QSEXJZ/design_1_axi_interconnect_hp0_imp_auto_pc_2/design_1_axi_interconnect_hp0_imp_auto_pc_2_axi_protocol_converter_v2_1_37_axi_protocol_converter/design_1_axi_interconnect_hp0_imp_auto_pc_2_axi_protocol_converter_v2_1_37_axi3_conv/design_1_axi_interconnect_hp0_imp_auto_pc_2_axi_protocol_converter_v2_1_37_a_axi3_conv/design_1_axi_interconnect_hp0_imp_auto_pc_2_axi_data_fifo_v2_1_36_axic_fifo/design_1_axi_interconnect_hp0_imp_auto_pc_2_axi_data_fifo_v2_1_36_fifo_gen/<hidden>/<hidden>/<hidden>/<hidden>/<hidden>/<hidden>

Slack:                    inf
  Source:                 u_block_design/design_1_i/proc_sys_reset_0/U0/ACTIVE_LOW_PR_OUT_DFF[0].FDRE_PER_N/C
                            (rising edge-triggered cell FDRE clocked by clk_fpga_0  {rise@0.000ns fall@5.000ns period=10.000ns})
  Destination:            snn_core_group_top/design_1_wrapper/design_1/design_1_axi_interconnect_hp0_0/s03_couplers_imp_13X28CE/design_1_axi_interconnect_hp0_imp_auto_pc_3/design_1_axi_interconnect_hp0_imp_auto_pc_3_axi_protocol_converter_v2_1_37_axi_protocol_converter/design_1_axi_interconnect_hp0_imp_auto_pc_3_axi_protocol_converter_v2_1_37_axi3_conv/design_1_axi_interconnect_hp0_imp_auto_pc_3_axi_protocol_converter_v2_1_37_a_axi3_conv/design_1_axi_interconnect_hp0_imp_auto_pc_3_axi_data_fifo_v2_1_36_axic_fifo/design_1_axi_interconnect_hp0_imp_auto_pc_3_axi_data_fifo_v2_1_36_fifo_gen_1/<hidden>/<hidden>/<hidden>/<hidden>/<hidden>/<hidden>
                            (recovery check against rising-edge clock clk_fpga_0  {rise@0.000ns fall@5.000ns period=10.000ns})
  Path Group:             (none)
  Path Type:              Recovery (Max at Slow Process Corner)
  Data Path Delay:        5.378ns  (logic 0.580ns (10.785%)  route 4.798ns (89.215%))
  Logic Levels:           1  (LUT1=1)
  Clock Path Skew:        -0.173ns (DCD - SCD + CPR)
    Destination Clock Delay (DCD):    2.757ns
    Source Clock Delay      (SCD):    2.930ns
    Clock Pessimism Removal (CPR):    0.000ns
  Clock Uncertainty:      0.154ns  ((TSJ^2 + TIJ^2)^1/2 + DJ) / 2 + PE
    Total System Jitter     (TSJ):    0.071ns
    Total Input Jitter      (TIJ):    0.300ns
    Discrete Jitter          (DJ):    0.000ns
    Phase Error              (PE):    0.000ns
  Timing Exception:       False Path

    Location             Delay type                Incr(ns)  Path(ns)    Netlist Resource(s)
  -------------------------------------------------------------------    -------------------
                         (clock clk_fpga_0 rise edge)
                                                      0.000     0.000 r  
    PS7_X0Y0             PS7                          0.000     0.000 r  u_block_design/design_1_i/processing_system7_0/inst/PS7_i/FCLKCLK[0]
                         net (fo=1, routed)           1.193     1.193    u_block_design/design_1_i/processing_system7_0/inst/FCLK_CLK_unbuffered[0]
    BUFGCTRL_X0Y16       BUFG (Prop_bufg_I_O)         0.101     1.294 r  u_block_design/design_1_i/processing_system7_0/inst/buffer_fclk_clk_0.FCLK_CLK_0_BUFG/O
                         net (fo=12063, routed)       1.636     2.930    u_block_design/design_1_i/proc_sys_reset_0/U0/slowest_sync_clk
    SLICE_X49Y71         FDRE                                         r  u_block_design/design_1_i/proc_sys_reset_0/U0/ACTIVE_LOW_PR_OUT_DFF[0].FDRE_PER_N/C
  -------------------------------------------------------------------    -------------------
    SLICE_X49Y71         FDRE (Prop_fdre_C_Q)         0.456     3.386 r  u_block_design/design_1_i/proc_sys_reset_0/U0/ACTIVE_LOW_PR_OUT_DFF[0].FDRE_PER_N/Q
                         net (fo=69, routed)          2.880     6.266    u_block_design/design_1_i/axi_interconnect_hp0/s03_couplers/auto_pc/inst/gen_axi4_axi3.axi3_conv_inst/USE_WRITE.write_addr_inst/USE_BURSTS.cmd_queue/inst/aresetn
    SLICE_X30Y37         LUT1 (Prop_lut1_I0_O)        0.124     6.390 f  u_block_design/design_1_i/axi_interconnect_hp0/s03_couplers/auto_pc/inst/gen_axi4_axi3.axi3_conv_inst/USE_WRITE.write_addr_inst/USE_BURSTS.cmd_queue/inst/S_AXI_AREADY_I_i_1/O
                         net (fo=115, routed)         1.917     8.308    snn_core_group_top/design_1_wrapper/design_1/design_1_axi_interconnect_hp0_0/s03_couplers_imp_13X28CE/design_1_axi_interconnect_hp0_imp_auto_pc_3/design_1_axi_interconnect_hp0_imp_auto_pc_3_axi_protocol_converter_v2_1_37_axi_protocol_converter/design_1_axi_interconnect_hp0_imp_auto_pc_3_axi_protocol_converter_v2_1_37_axi3_conv/design_1_axi_interconnect_hp0_imp_auto_pc_3_axi_protocol_converter_v2_1_37_a_axi3_conv/design_1_axi_interconnect_hp0_imp_auto_pc_3_axi_data_fifo_v2_1_36_axic_fifo/design_1_axi_interconnect_hp0_imp_auto_pc_3_axi_data_fifo_v2_1_36_fifo_gen_1/<hidden>/<hidden>/<hidden>/<hidden>/<hidden>/<hidden>
    SLICE_X14Y39         FDPE                                         f  snn_core_group_top/design_1_wrapper/design_1/design_1_axi_interconnect_hp0_0/s03_couplers_imp_13X28CE/design_1_axi_interconnect_hp0_imp_auto_pc_3/design_1_axi_interconnect_hp0_imp_auto_pc_3_axi_protocol_converter_v2_1_37_axi_protocol_converter/design_1_axi_interconnect_hp0_imp_auto_pc_3_axi_protocol_converter_v2_1_37_axi3_conv/design_1_axi_interconnect_hp0_imp_auto_pc_3_axi_protocol_converter_v2_1_37_a_axi3_conv/design_1_axi_interconnect_hp0_imp_auto_pc_3_axi_data_fifo_v2_1_36_axic_fifo/design_1_axi_interconnect_hp0_imp_auto_pc_3_axi_data_fifo_v2_1_36_fifo_gen_1/<hidden>/<hidden>/<hidden>/<hidden>/<hidden>/<hidden>
  -------------------------------------------------------------------    -------------------

                         (clock clk_fpga_0 rise edge)
                                                      0.000     0.000 r  
    PS7_X0Y0             PS7                          0.000     0.000 r  u_block_design/design_1_i/processing_system7_0/inst/PS7_i/FCLKCLK[0]
                         net (fo=1, routed)           1.088     1.088    u_block_design/design_1_i/processing_system7_0/inst/FCLK_CLK_unbuffered[0]
    BUFGCTRL_X0Y16       BUFG (Prop_bufg_I_O)         0.091     1.179 r  u_block_design/design_1_i/processing_system7_0/inst/buffer_fclk_clk_0.FCLK_CLK_0_BUFG/O
                         net (fo=12063, routed)       1.578     2.757    snn_core_group_top/design_1_wrapper/design_1/design_1_axi_interconnect_hp0_0/s03_couplers_imp_13X28CE/design_1_axi_interconnect_hp0_imp_auto_pc_3/design_1_axi_interconnect_hp0_imp_auto_pc_3_axi_protocol_converter_v2_1_37_axi_protocol_converter/design_1_axi_interconnect_hp0_imp_auto_pc_3_axi_protocol_converter_v2_1_37_axi3_conv/design_1_axi_interconnect_hp0_imp_auto_pc_3_axi_protocol_converter_v2_1_37_a_axi3_conv/design_1_axi_interconnect_hp0_imp_auto_pc_3_axi_data_fifo_v2_1_36_axic_fifo/design_1_axi_interconnect_hp0_imp_auto_pc_3_axi_data_fifo_v2_1_36_fifo_gen_1/<hidden>/<hidden>/<hidden>/<hidden>/<hidden>/<hidden>
    SLICE_X14Y39         FDPE                                         r  snn_core_group_top/design_1_wrapper/design_1/design_1_axi_interconnect_hp0_0/s03_couplers_imp_13X28CE/design_1_axi_interconnect_hp0_imp_auto_pc_3/design_1_axi_interconnect_hp0_imp_auto_pc_3_axi_protocol_converter_v2_1_37_axi_protocol_converter/design_1_axi_interconnect_hp0_imp_auto_pc_3_axi_protocol_converter_v2_1_37_axi3_conv/design_1_axi_interconnect_hp0_imp_auto_pc_3_axi_protocol_converter_v2_1_37_a_axi3_conv/design_1_axi_interconnect_hp0_imp_auto_pc_3_axi_data_fifo_v2_1_36_axic_fifo/design_1_axi_interconnect_hp0_imp_auto_pc_3_axi_data_fifo_v2_1_36_fifo_gen_1/<hidden>/<hidden>/<hidden>/<hidden>/<hidden>/<hidden>

Slack:                    inf
  Source:                 u_block_design/design_1_i/proc_sys_reset_0/U0/ACTIVE_LOW_PR_OUT_DFF[0].FDRE_PER_N/C
                            (rising edge-triggered cell FDRE clocked by clk_fpga_0  {rise@0.000ns fall@5.000ns period=10.000ns})
  Destination:            snn_core_group_top/design_1_wrapper/design_1/design_1_axi_interconnect_hp0_0/s03_couplers_imp_13X28CE/design_1_axi_interconnect_hp0_imp_auto_pc_3/design_1_axi_interconnect_hp0_imp_auto_pc_3_axi_protocol_converter_v2_1_37_axi_protocol_converter/design_1_axi_interconnect_hp0_imp_auto_pc_3_axi_protocol_converter_v2_1_37_axi3_conv/design_1_axi_interconnect_hp0_imp_auto_pc_3_axi_protocol_converter_v2_1_37_a_axi3_conv/design_1_axi_interconnect_hp0_imp_auto_pc_3_axi_data_fifo_v2_1_36_axic_fifo/design_1_axi_interconnect_hp0_imp_auto_pc_3_axi_data_fifo_v2_1_36_fifo_gen_1/<hidden>/<hidden>/<hidden>/<hidden>/<hidden>/<hidden>
                            (recovery check against rising-edge clock clk_fpga_0  {rise@0.000ns fall@5.000ns period=10.000ns})
  Path Group:             (none)
  Path Type:              Recovery (Max at Slow Process Corner)
  Data Path Delay:        5.378ns  (logic 0.580ns (10.785%)  route 4.798ns (89.215%))
  Logic Levels:           1  (LUT1=1)
  Clock Path Skew:        -0.173ns (DCD - SCD + CPR)
    Destination Clock Delay (DCD):    2.757ns
    Source Clock Delay      (SCD):    2.930ns
    Clock Pessimism Removal (CPR):    0.000ns
  Clock Uncertainty:      0.154ns  ((TSJ^2 + TIJ^2)^1/2 + DJ) / 2 + PE
    Total System Jitter     (TSJ):    0.071ns
    Total Input Jitter      (TIJ):    0.300ns
    Discrete Jitter          (DJ):    0.000ns
    Phase Error              (PE):    0.000ns
  Timing Exception:       False Path

    Location             Delay type                Incr(ns)  Path(ns)    Netlist Resource(s)
  -------------------------------------------------------------------    -------------------
                         (clock clk_fpga_0 rise edge)
                                                      0.000     0.000 r  
    PS7_X0Y0             PS7                          0.000     0.000 r  u_block_design/design_1_i/processing_system7_0/inst/PS7_i/FCLKCLK[0]
                         net (fo=1, routed)           1.193     1.193    u_block_design/design_1_i/processing_system7_0/inst/FCLK_CLK_unbuffered[0]
    BUFGCTRL_X0Y16       BUFG (Prop_bufg_I_O)         0.101     1.294 r  u_block_design/design_1_i/processing_system7_0/inst/buffer_fclk_clk_0.FCLK_CLK_0_BUFG/O
                         net (fo=12063, routed)       1.636     2.930    u_block_design/design_1_i/proc_sys_reset_0/U0/slowest_sync_clk
    SLICE_X49Y71         FDRE                                         r  u_block_design/design_1_i/proc_sys_reset_0/U0/ACTIVE_LOW_PR_OUT_DFF[0].FDRE_PER_N/C
  -------------------------------------------------------------------    -------------------
    SLICE_X49Y71         FDRE (Prop_fdre_C_Q)         0.456     3.386 r  u_block_design/design_1_i/proc_sys_reset_0/U0/ACTIVE_LOW_PR_OUT_DFF[0].FDRE_PER_N/Q
                         net (fo=69, routed)          2.880     6.266    u_block_design/design_1_i/axi_interconnect_hp0/s03_couplers/auto_pc/inst/gen_axi4_axi3.axi3_conv_inst/USE_WRITE.write_addr_inst/USE_BURSTS.cmd_queue/inst/aresetn
    SLICE_X30Y37         LUT1 (Prop_lut1_I0_O)        0.124     6.390 f  u_block_design/design_1_i/axi_interconnect_hp0/s03_couplers/auto_pc/inst/gen_axi4_axi3.axi3_conv_inst/USE_WRITE.write_addr_inst/USE_BURSTS.cmd_queue/inst/S_AXI_AREADY_I_i_1/O
                         net (fo=115, routed)         1.917     8.308    snn_core_group_top/design_1_wrapper/design_1/design_1_axi_interconnect_hp0_0/s03_couplers_imp_13X28CE/design_1_axi_interconnect_hp0_imp_auto_pc_3/design_1_axi_interconnect_hp0_imp_auto_pc_3_axi_protocol_converter_v2_1_37_axi_protocol_converter/design_1_axi_interconnect_hp0_imp_auto_pc_3_axi_protocol_converter_v2_1_37_axi3_conv/design_1_axi_interconnect_hp0_imp_auto_pc_3_axi_protocol_converter_v2_1_37_a_axi3_conv/design_1_axi_interconnect_hp0_imp_auto_pc_3_axi_data_fifo_v2_1_36_axic_fifo/design_1_axi_interconnect_hp0_imp_auto_pc_3_axi_data_fifo_v2_1_36_fifo_gen_1/<hidden>/<hidden>/<hidden>/<hidden>/<hidden>/<hidden>
    SLICE_X14Y39         FDPE                                         f  snn_core_group_top/design_1_wrapper/design_1/design_1_axi_interconnect_hp0_0/s03_couplers_imp_13X28CE/design_1_axi_interconnect_hp0_imp_auto_pc_3/design_1_axi_interconnect_hp0_imp_auto_pc_3_axi_protocol_converter_v2_1_37_axi_protocol_converter/design_1_axi_interconnect_hp0_imp_auto_pc_3_axi_protocol_converter_v2_1_37_axi3_conv/design_1_axi_interconnect_hp0_imp_auto_pc_3_axi_protocol_converter_v2_1_37_a_axi3_conv/design_1_axi_interconnect_hp0_imp_auto_pc_3_axi_data_fifo_v2_1_36_axic_fifo/design_1_axi_interconnect_hp0_imp_auto_pc_3_axi_data_fifo_v2_1_36_fifo_gen_1/<hidden>/<hidden>/<hidden>/<hidden>/<hidden>/<hidden>
  -------------------------------------------------------------------    -------------------

                         (clock clk_fpga_0 rise edge)
                                                      0.000     0.000 r  
    PS7_X0Y0             PS7                          0.000     0.000 r  u_block_design/design_1_i/processing_system7_0/inst/PS7_i/FCLKCLK[0]
                         net (fo=1, routed)           1.088     1.088    u_block_design/design_1_i/processing_system7_0/inst/FCLK_CLK_unbuffered[0]
    BUFGCTRL_X0Y16       BUFG (Prop_bufg_I_O)         0.091     1.179 r  u_block_design/design_1_i/processing_system7_0/inst/buffer_fclk_clk_0.FCLK_CLK_0_BUFG/O
                         net (fo=12063, routed)       1.578     2.757    snn_core_group_top/design_1_wrapper/design_1/design_1_axi_interconnect_hp0_0/s03_couplers_imp_13X28CE/design_1_axi_interconnect_hp0_imp_auto_pc_3/design_1_axi_interconnect_hp0_imp_auto_pc_3_axi_protocol_converter_v2_1_37_axi_protocol_converter/design_1_axi_interconnect_hp0_imp_auto_pc_3_axi_protocol_converter_v2_1_37_axi3_conv/design_1_axi_interconnect_hp0_imp_auto_pc_3_axi_protocol_converter_v2_1_37_a_axi3_conv/design_1_axi_interconnect_hp0_imp_auto_pc_3_axi_data_fifo_v2_1_36_axic_fifo/design_1_axi_interconnect_hp0_imp_auto_pc_3_axi_data_fifo_v2_1_36_fifo_gen_1/<hidden>/<hidden>/<hidden>/<hidden>/<hidden>/<hidden>
    SLICE_X14Y39         FDPE                                         r  snn_core_group_top/design_1_wrapper/design_1/design_1_axi_interconnect_hp0_0/s03_couplers_imp_13X28CE/design_1_axi_interconnect_hp0_imp_auto_pc_3/design_1_axi_interconnect_hp0_imp_auto_pc_3_axi_protocol_converter_v2_1_37_axi_protocol_converter/design_1_axi_interconnect_hp0_imp_auto_pc_3_axi_protocol_converter_v2_1_37_axi3_conv/design_1_axi_interconnect_hp0_imp_auto_pc_3_axi_protocol_converter_v2_1_37_a_axi3_conv/design_1_axi_interconnect_hp0_imp_auto_pc_3_axi_data_fifo_v2_1_36_axic_fifo/design_1_axi_interconnect_hp0_imp_auto_pc_3_axi_data_fifo_v2_1_36_fifo_gen_1/<hidden>/<hidden>/<hidden>/<hidden>/<hidden>/<hidden>

Slack:                    inf
  Source:                 u_block_design/design_1_i/proc_sys_reset_0/U0/ACTIVE_LOW_PR_OUT_DFF[0].FDRE_PER_N/C
                            (rising edge-triggered cell FDRE clocked by clk_fpga_0  {rise@0.000ns fall@5.000ns period=10.000ns})
  Destination:            snn_core_group_top/design_1_wrapper/design_1/design_1_axi_interconnect_hp0_0/s01_couplers_imp_12AUBLP/design_1_axi_interconnect_hp0_imp_auto_pc_1/design_1_axi_interconnect_hp0_imp_auto_pc_1_axi_protocol_converter_v2_1_37_axi_protocol_converter/design_1_axi_interconnect_hp0_imp_auto_pc_1_axi_protocol_converter_v2_1_37_axi3_conv/design_1_axi_interconnect_hp0_imp_auto_pc_1_axi_protocol_converter_v2_1_37_a_axi3_conv/design_1_axi_interconnect_hp0_imp_auto_pc_1_axi_data_fifo_v2_1_36_axic_fifo_0/design_1_axi_interconnect_hp0_imp_auto_pc_1_axi_data_fifo_v2_1_36_fifo_gen/<hidden>/<hidden>/<hidden>/<hidden>/<hidden>/<hidden>
                            (recovery check against rising-edge clock clk_fpga_0  {rise@0.000ns fall@5.000ns period=10.000ns})
  Path Group:             (none)
  Path Type:              Recovery (Max at Slow Process Corner)
  Data Path Delay:        5.345ns  (logic 0.580ns (10.851%)  route 4.765ns (89.149%))
  Logic Levels:           1  (LUT1=1)
  Clock Path Skew:        -0.258ns (DCD - SCD + CPR)
    Destination Clock Delay (DCD):    2.672ns
    Source Clock Delay      (SCD):    2.930ns
    Clock Pessimism Removal (CPR):    0.000ns
  Clock Uncertainty:      0.154ns  ((TSJ^2 + TIJ^2)^1/2 + DJ) / 2 + PE
    Total System Jitter     (TSJ):    0.071ns
    Total Input Jitter      (TIJ):    0.300ns
    Discrete Jitter          (DJ):    0.000ns
    Phase Error              (PE):    0.000ns
  Timing Exception:       False Path

    Location             Delay type                Incr(ns)  Path(ns)    Netlist Resource(s)
  -------------------------------------------------------------------    -------------------
                         (clock clk_fpga_0 rise edge)
                                                      0.000     0.000 r  
    PS7_X0Y0             PS7                          0.000     0.000 r  u_block_design/design_1_i/processing_system7_0/inst/PS7_i/FCLKCLK[0]
                         net (fo=1, routed)           1.193     1.193    u_block_design/design_1_i/processing_system7_0/inst/FCLK_CLK_unbuffered[0]
    BUFGCTRL_X0Y16       BUFG (Prop_bufg_I_O)         0.101     1.294 r  u_block_design/design_1_i/processing_system7_0/inst/buffer_fclk_clk_0.FCLK_CLK_0_BUFG/O
                         net (fo=12063, routed)       1.636     2.930    u_block_design/design_1_i/proc_sys_reset_0/U0/slowest_sync_clk
    SLICE_X49Y71         FDRE                                         r  u_block_design/design_1_i/proc_sys_reset_0/U0/ACTIVE_LOW_PR_OUT_DFF[0].FDRE_PER_N/C
  -------------------------------------------------------------------    -------------------
    SLICE_X49Y71         FDRE (Prop_fdre_C_Q)         0.456     3.386 r  u_block_design/design_1_i/proc_sys_reset_0/U0/ACTIVE_LOW_PR_OUT_DFF[0].FDRE_PER_N/Q
                         net (fo=69, routed)          2.045     5.431    u_block_design/design_1_i/axi_interconnect_hp0/s01_couplers/auto_pc/inst/gen_axi4_axi3.axi3_conv_inst/USE_WRITE.write_addr_inst/USE_BURSTS.cmd_queue/inst/aresetn
    SLICE_X30Y47         LUT1 (Prop_lut1_I0_O)        0.124     5.555 f  u_block_design/design_1_i/axi_interconnect_hp0/s01_couplers/auto_pc/inst/gen_axi4_axi3.axi3_conv_inst/USE_WRITE.write_addr_inst/USE_BURSTS.cmd_queue/inst/S_AXI_AREADY_I_i_1/O
                         net (fo=115, routed)         2.721     8.275    snn_core_group_top/design_1_wrapper/design_1/design_1_axi_interconnect_hp0_0/s01_couplers_imp_12AUBLP/design_1_axi_interconnect_hp0_imp_auto_pc_1/design_1_axi_interconnect_hp0_imp_auto_pc_1_axi_protocol_converter_v2_1_37_axi_protocol_converter/design_1_axi_interconnect_hp0_imp_auto_pc_1_axi_protocol_converter_v2_1_37_axi3_conv/design_1_axi_interconnect_hp0_imp_auto_pc_1_axi_protocol_converter_v2_1_37_a_axi3_conv/design_1_axi_interconnect_hp0_imp_auto_pc_1_axi_data_fifo_v2_1_36_axic_fifo_0/design_1_axi_interconnect_hp0_imp_auto_pc_1_axi_data_fifo_v2_1_36_fifo_gen/<hidden>/<hidden>/<hidden>/<hidden>/<hidden>/<hidden>
    SLICE_X42Y39         FDPE                                         f  snn_core_group_top/design_1_wrapper/design_1/design_1_axi_interconnect_hp0_0/s01_couplers_imp_12AUBLP/design_1_axi_interconnect_hp0_imp_auto_pc_1/design_1_axi_interconnect_hp0_imp_auto_pc_1_axi_protocol_converter_v2_1_37_axi_protocol_converter/design_1_axi_interconnect_hp0_imp_auto_pc_1_axi_protocol_converter_v2_1_37_axi3_conv/design_1_axi_interconnect_hp0_imp_auto_pc_1_axi_protocol_converter_v2_1_37_a_axi3_conv/design_1_axi_interconnect_hp0_imp_auto_pc_1_axi_data_fifo_v2_1_36_axic_fifo_0/design_1_axi_interconnect_hp0_imp_auto_pc_1_axi_data_fifo_v2_1_36_fifo_gen/<hidden>/<hidden>/<hidden>/<hidden>/<hidden>/<hidden>
  -------------------------------------------------------------------    -------------------

                         (clock clk_fpga_0 rise edge)
                                                      0.000     0.000 r  
    PS7_X0Y0             PS7                          0.000     0.000 r  u_block_design/design_1_i/processing_system7_0/inst/PS7_i/FCLKCLK[0]
                         net (fo=1, routed)           1.088     1.088    u_block_design/design_1_i/processing_system7_0/inst/FCLK_CLK_unbuffered[0]
    BUFGCTRL_X0Y16       BUFG (Prop_bufg_I_O)         0.091     1.179 r  u_block_design/design_1_i/processing_system7_0/inst/buffer_fclk_clk_0.FCLK_CLK_0_BUFG/O
                         net (fo=12063, routed)       1.493     2.672    snn_core_group_top/design_1_wrapper/design_1/design_1_axi_interconnect_hp0_0/s01_couplers_imp_12AUBLP/design_1_axi_interconnect_hp0_imp_auto_pc_1/design_1_axi_interconnect_hp0_imp_auto_pc_1_axi_protocol_converter_v2_1_37_axi_protocol_converter/design_1_axi_interconnect_hp0_imp_auto_pc_1_axi_protocol_converter_v2_1_37_axi3_conv/design_1_axi_interconnect_hp0_imp_auto_pc_1_axi_protocol_converter_v2_1_37_a_axi3_conv/design_1_axi_interconnect_hp0_imp_auto_pc_1_axi_data_fifo_v2_1_36_axic_fifo_0/design_1_axi_interconnect_hp0_imp_auto_pc_1_axi_data_fifo_v2_1_36_fifo_gen/<hidden>/<hidden>/<hidden>/<hidden>/<hidden>/<hidden>
    SLICE_X42Y39         FDPE                                         r  snn_core_group_top/design_1_wrapper/design_1/design_1_axi_interconnect_hp0_0/s01_couplers_imp_12AUBLP/design_1_axi_interconnect_hp0_imp_auto_pc_1/design_1_axi_interconnect_hp0_imp_auto_pc_1_axi_protocol_converter_v2_1_37_axi_protocol_converter/design_1_axi_interconnect_hp0_imp_auto_pc_1_axi_protocol_converter_v2_1_37_axi3_conv/design_1_axi_interconnect_hp0_imp_auto_pc_1_axi_protocol_converter_v2_1_37_a_axi3_conv/design_1_axi_interconnect_hp0_imp_auto_pc_1_axi_data_fifo_v2_1_36_axic_fifo_0/design_1_axi_interconnect_hp0_imp_auto_pc_1_axi_data_fifo_v2_1_36_fifo_gen/<hidden>/<hidden>/<hidden>/<hidden>/<hidden>/<hidden>

Slack:                    inf
  Source:                 u_block_design/design_1_i/proc_sys_reset_0/U0/ACTIVE_LOW_PR_OUT_DFF[0].FDRE_PER_N/C
                            (rising edge-triggered cell FDRE clocked by clk_fpga_0  {rise@0.000ns fall@5.000ns period=10.000ns})
  Destination:            snn_core_group_top/design_1_wrapper/design_1/design_1_axi_interconnect_hp0_0/s01_couplers_imp_12AUBLP/design_1_axi_interconnect_hp0_imp_auto_pc_1/design_1_axi_interconnect_hp0_imp_auto_pc_1_axi_protocol_converter_v2_1_37_axi_protocol_converter/design_1_axi_interconnect_hp0_imp_auto_pc_1_axi_protocol_converter_v2_1_37_axi3_conv/design_1_axi_interconnect_hp0_imp_auto_pc_1_axi_protocol_converter_v2_1_37_a_axi3_conv/design_1_axi_interconnect_hp0_imp_auto_pc_1_axi_data_fifo_v2_1_36_axic_fifo_0/design_1_axi_interconnect_hp0_imp_auto_pc_1_axi_data_fifo_v2_1_36_fifo_gen/<hidden>/<hidden>/<hidden>/<hidden>/<hidden>/<hidden>
                            (recovery check against rising-edge clock clk_fpga_0  {rise@0.000ns fall@5.000ns period=10.000ns})
  Path Group:             (none)
  Path Type:              Recovery (Max at Slow Process Corner)
  Data Path Delay:        5.345ns  (logic 0.580ns (10.851%)  route 4.765ns (89.149%))
  Logic Levels:           1  (LUT1=1)
  Clock Path Skew:        -0.258ns (DCD - SCD + CPR)
    Destination Clock Delay (DCD):    2.672ns
    Source Clock Delay      (SCD):    2.930ns
    Clock Pessimism Removal (CPR):    0.000ns
  Clock Uncertainty:      0.154ns  ((TSJ^2 + TIJ^2)^1/2 + DJ) / 2 + PE
    Total System Jitter     (TSJ):    0.071ns
    Total Input Jitter      (TIJ):    0.300ns
    Discrete Jitter          (DJ):    0.000ns
    Phase Error              (PE):    0.000ns
  Timing Exception:       False Path

    Location             Delay type                Incr(ns)  Path(ns)    Netlist Resource(s)
  -------------------------------------------------------------------    -------------------
                         (clock clk_fpga_0 rise edge)
                                                      0.000     0.000 r  
    PS7_X0Y0             PS7                          0.000     0.000 r  u_block_design/design_1_i/processing_system7_0/inst/PS7_i/FCLKCLK[0]
                         net (fo=1, routed)           1.193     1.193    u_block_design/design_1_i/processing_system7_0/inst/FCLK_CLK_unbuffered[0]
    BUFGCTRL_X0Y16       BUFG (Prop_bufg_I_O)         0.101     1.294 r  u_block_design/design_1_i/processing_system7_0/inst/buffer_fclk_clk_0.FCLK_CLK_0_BUFG/O
                         net (fo=12063, routed)       1.636     2.930    u_block_design/design_1_i/proc_sys_reset_0/U0/slowest_sync_clk
    SLICE_X49Y71         FDRE                                         r  u_block_design/design_1_i/proc_sys_reset_0/U0/ACTIVE_LOW_PR_OUT_DFF[0].FDRE_PER_N/C
  -------------------------------------------------------------------    -------------------
    SLICE_X49Y71         FDRE (Prop_fdre_C_Q)         0.456     3.386 r  u_block_design/design_1_i/proc_sys_reset_0/U0/ACTIVE_LOW_PR_OUT_DFF[0].FDRE_PER_N/Q
                         net (fo=69, routed)          2.045     5.431    u_block_design/design_1_i/axi_interconnect_hp0/s01_couplers/auto_pc/inst/gen_axi4_axi3.axi3_conv_inst/USE_WRITE.write_addr_inst/USE_BURSTS.cmd_queue/inst/aresetn
    SLICE_X30Y47         LUT1 (Prop_lut1_I0_O)        0.124     5.555 f  u_block_design/design_1_i/axi_interconnect_hp0/s01_couplers/auto_pc/inst/gen_axi4_axi3.axi3_conv_inst/USE_WRITE.write_addr_inst/USE_BURSTS.cmd_queue/inst/S_AXI_AREADY_I_i_1/O
                         net (fo=115, routed)         2.721     8.275    snn_core_group_top/design_1_wrapper/design_1/design_1_axi_interconnect_hp0_0/s01_couplers_imp_12AUBLP/design_1_axi_interconnect_hp0_imp_auto_pc_1/design_1_axi_interconnect_hp0_imp_auto_pc_1_axi_protocol_converter_v2_1_37_axi_protocol_converter/design_1_axi_interconnect_hp0_imp_auto_pc_1_axi_protocol_converter_v2_1_37_axi3_conv/design_1_axi_interconnect_hp0_imp_auto_pc_1_axi_protocol_converter_v2_1_37_a_axi3_conv/design_1_axi_interconnect_hp0_imp_auto_pc_1_axi_data_fifo_v2_1_36_axic_fifo_0/design_1_axi_interconnect_hp0_imp_auto_pc_1_axi_data_fifo_v2_1_36_fifo_gen/<hidden>/<hidden>/<hidden>/<hidden>/<hidden>/<hidden>
    SLICE_X42Y39         FDPE                                         f  snn_core_group_top/design_1_wrapper/design_1/design_1_axi_interconnect_hp0_0/s01_couplers_imp_12AUBLP/design_1_axi_interconnect_hp0_imp_auto_pc_1/design_1_axi_interconnect_hp0_imp_auto_pc_1_axi_protocol_converter_v2_1_37_axi_protocol_converter/design_1_axi_interconnect_hp0_imp_auto_pc_1_axi_protocol_converter_v2_1_37_axi3_conv/design_1_axi_interconnect_hp0_imp_auto_pc_1_axi_protocol_converter_v2_1_37_a_axi3_conv/design_1_axi_interconnect_hp0_imp_auto_pc_1_axi_data_fifo_v2_1_36_axic_fifo_0/design_1_axi_interconnect_hp0_imp_auto_pc_1_axi_data_fifo_v2_1_36_fifo_gen/<hidden>/<hidden>/<hidden>/<hidden>/<hidden>/<hidden>
  -------------------------------------------------------------------    -------------------

                         (clock clk_fpga_0 rise edge)
                                                      0.000     0.000 r  
    PS7_X0Y0             PS7                          0.000     0.000 r  u_block_design/design_1_i/processing_system7_0/inst/PS7_i/FCLKCLK[0]
                         net (fo=1, routed)           1.088     1.088    u_block_design/design_1_i/processing_system7_0/inst/FCLK_CLK_unbuffered[0]
    BUFGCTRL_X0Y16       BUFG (Prop_bufg_I_O)         0.091     1.179 r  u_block_design/design_1_i/processing_system7_0/inst/buffer_fclk_clk_0.FCLK_CLK_0_BUFG/O
                         net (fo=12063, routed)       1.493     2.672    snn_core_group_top/design_1_wrapper/design_1/design_1_axi_interconnect_hp0_0/s01_couplers_imp_12AUBLP/design_1_axi_interconnect_hp0_imp_auto_pc_1/design_1_axi_interconnect_hp0_imp_auto_pc_1_axi_protocol_converter_v2_1_37_axi_protocol_converter/design_1_axi_interconnect_hp0_imp_auto_pc_1_axi_protocol_converter_v2_1_37_axi3_conv/design_1_axi_interconnect_hp0_imp_auto_pc_1_axi_protocol_converter_v2_1_37_a_axi3_conv/design_1_axi_interconnect_hp0_imp_auto_pc_1_axi_data_fifo_v2_1_36_axic_fifo_0/design_1_axi_interconnect_hp0_imp_auto_pc_1_axi_data_fifo_v2_1_36_fifo_gen/<hidden>/<hidden>/<hidden>/<hidden>/<hidden>/<hidden>
    SLICE_X42Y39         FDPE                                         r  snn_core_group_top/design_1_wrapper/design_1/design_1_axi_interconnect_hp0_0/s01_couplers_imp_12AUBLP/design_1_axi_interconnect_hp0_imp_auto_pc_1/design_1_axi_interconnect_hp0_imp_auto_pc_1_axi_protocol_converter_v2_1_37_axi_protocol_converter/design_1_axi_interconnect_hp0_imp_auto_pc_1_axi_protocol_converter_v2_1_37_axi3_conv/design_1_axi_interconnect_hp0_imp_auto_pc_1_axi_protocol_converter_v2_1_37_a_axi3_conv/design_1_axi_interconnect_hp0_imp_auto_pc_1_axi_data_fifo_v2_1_36_axic_fifo_0/design_1_axi_interconnect_hp0_imp_auto_pc_1_axi_data_fifo_v2_1_36_fifo_gen/<hidden>/<hidden>/<hidden>/<hidden>/<hidden>/<hidden>

Slack:                    inf
  Source:                 u_block_design/design_1_i/proc_sys_reset_0/U0/ACTIVE_LOW_PR_OUT_DFF[0].FDRE_PER_N/C
                            (rising edge-triggered cell FDRE clocked by clk_fpga_0  {rise@0.000ns fall@5.000ns period=10.000ns})
  Destination:            snn_core_group_top/design_1_wrapper/design_1/design_1_axi_interconnect_hp0_0/s00_couplers_imp_S4BDUK/design_1_axi_interconnect_hp0_imp_auto_pc_0/design_1_axi_interconnect_hp0_imp_auto_pc_0_axi_protocol_converter_v2_1_37_axi_protocol_converter/design_1_axi_interconnect_hp0_imp_auto_pc_0_axi_protocol_converter_v2_1_37_axi3_conv/design_1_axi_interconnect_hp0_imp_auto_pc_0_axi_protocol_converter_v2_1_37_a_axi3_conv/design_1_axi_interconnect_hp0_imp_auto_pc_0_axi_data_fifo_v2_1_36_axic_fifo/design_1_axi_interconnect_hp0_imp_auto_pc_0_axi_data_fifo_v2_1_36_fifo_gen/<hidden>/<hidden>/<hidden>/<hidden>/<hidden>/<hidden>
                            (recovery check against rising-edge clock clk_fpga_0  {rise@0.000ns fall@5.000ns period=10.000ns})
  Path Group:             (none)
  Path Type:              Recovery (Max at Slow Process Corner)
  Data Path Delay:        4.723ns  (logic 0.580ns (12.281%)  route 4.143ns (87.719%))
  Logic Levels:           1  (LUT1=1)
  Clock Path Skew:        -0.176ns (DCD - SCD + CPR)
    Destination Clock Delay (DCD):    2.754ns
    Source Clock Delay      (SCD):    2.930ns
    Clock Pessimism Removal (CPR):    0.000ns
  Clock Uncertainty:      0.154ns  ((TSJ^2 + TIJ^2)^1/2 + DJ) / 2 + PE
    Total System Jitter     (TSJ):    0.071ns
    Total Input Jitter      (TIJ):    0.300ns
    Discrete Jitter          (DJ):    0.000ns
    Phase Error              (PE):    0.000ns
  Timing Exception:       False Path

    Location             Delay type                Incr(ns)  Path(ns)    Netlist Resource(s)
  -------------------------------------------------------------------    -------------------
                         (clock clk_fpga_0 rise edge)
                                                      0.000     0.000 r  
    PS7_X0Y0             PS7                          0.000     0.000 r  u_block_design/design_1_i/processing_system7_0/inst/PS7_i/FCLKCLK[0]
                         net (fo=1, routed)           1.193     1.193    u_block_design/design_1_i/processing_system7_0/inst/FCLK_CLK_unbuffered[0]
    BUFGCTRL_X0Y16       BUFG (Prop_bufg_I_O)         0.101     1.294 r  u_block_design/design_1_i/processing_system7_0/inst/buffer_fclk_clk_0.FCLK_CLK_0_BUFG/O
                         net (fo=12063, routed)       1.636     2.930    u_block_design/design_1_i/proc_sys_reset_0/U0/slowest_sync_clk
    SLICE_X49Y71         FDRE                                         r  u_block_design/design_1_i/proc_sys_reset_0/U0/ACTIVE_LOW_PR_OUT_DFF[0].FDRE_PER_N/C
  -------------------------------------------------------------------    -------------------
    SLICE_X49Y71         FDRE (Prop_fdre_C_Q)         0.456     3.386 r  u_block_design/design_1_i/proc_sys_reset_0/U0/ACTIVE_LOW_PR_OUT_DFF[0].FDRE_PER_N/Q
                         net (fo=69, routed)          2.936     6.322    u_block_design/design_1_i/axi_interconnect_hp0/s00_couplers/auto_pc/inst/gen_axi4_axi3.axi3_conv_inst/USE_READ.USE_SPLIT_R.read_addr_inst/USE_R_CHANNEL.cmd_queue/inst/aresetn
    SLICE_X27Y37         LUT1 (Prop_lut1_I0_O)        0.124     6.446 f  u_block_design/design_1_i/axi_interconnect_hp0/s00_couplers/auto_pc/inst/gen_axi4_axi3.axi3_conv_inst/USE_READ.USE_SPLIT_R.read_addr_inst/USE_R_CHANNEL.cmd_queue/inst/S_AXI_ASIZE_Q[2]_i_1/O
                         net (fo=44, routed)          1.207     7.653    snn_core_group_top/design_1_wrapper/design_1/design_1_axi_interconnect_hp0_0/s00_couplers_imp_S4BDUK/design_1_axi_interconnect_hp0_imp_auto_pc_0/design_1_axi_interconnect_hp0_imp_auto_pc_0_axi_protocol_converter_v2_1_37_axi_protocol_converter/design_1_axi_interconnect_hp0_imp_auto_pc_0_axi_protocol_converter_v2_1_37_axi3_conv/design_1_axi_interconnect_hp0_imp_auto_pc_0_axi_protocol_converter_v2_1_37_a_axi3_conv/design_1_axi_interconnect_hp0_imp_auto_pc_0_axi_data_fifo_v2_1_36_axic_fifo/design_1_axi_interconnect_hp0_imp_auto_pc_0_axi_data_fifo_v2_1_36_fifo_gen/<hidden>/<hidden>/<hidden>/<hidden>/<hidden>/<hidden>
    SLICE_X17Y35         FDPE                                         f  snn_core_group_top/design_1_wrapper/design_1/design_1_axi_interconnect_hp0_0/s00_couplers_imp_S4BDUK/design_1_axi_interconnect_hp0_imp_auto_pc_0/design_1_axi_interconnect_hp0_imp_auto_pc_0_axi_protocol_converter_v2_1_37_axi_protocol_converter/design_1_axi_interconnect_hp0_imp_auto_pc_0_axi_protocol_converter_v2_1_37_axi3_conv/design_1_axi_interconnect_hp0_imp_auto_pc_0_axi_protocol_converter_v2_1_37_a_axi3_conv/design_1_axi_interconnect_hp0_imp_auto_pc_0_axi_data_fifo_v2_1_36_axic_fifo/design_1_axi_interconnect_hp0_imp_auto_pc_0_axi_data_fifo_v2_1_36_fifo_gen/<hidden>/<hidden>/<hidden>/<hidden>/<hidden>/<hidden>
  -------------------------------------------------------------------    -------------------

                         (clock clk_fpga_0 rise edge)
                                                      0.000     0.000 r  
    PS7_X0Y0             PS7                          0.000     0.000 r  u_block_design/design_1_i/processing_system7_0/inst/PS7_i/FCLKCLK[0]
                         net (fo=1, routed)           1.088     1.088    u_block_design/design_1_i/processing_system7_0/inst/FCLK_CLK_unbuffered[0]
    BUFGCTRL_X0Y16       BUFG (Prop_bufg_I_O)         0.091     1.179 r  u_block_design/design_1_i/processing_system7_0/inst/buffer_fclk_clk_0.FCLK_CLK_0_BUFG/O
                         net (fo=12063, routed)       1.575     2.754    snn_core_group_top/design_1_wrapper/design_1/design_1_axi_interconnect_hp0_0/s00_couplers_imp_S4BDUK/design_1_axi_interconnect_hp0_imp_auto_pc_0/design_1_axi_interconnect_hp0_imp_auto_pc_0_axi_protocol_converter_v2_1_37_axi_protocol_converter/design_1_axi_interconnect_hp0_imp_auto_pc_0_axi_protocol_converter_v2_1_37_axi3_conv/design_1_axi_interconnect_hp0_imp_auto_pc_0_axi_protocol_converter_v2_1_37_a_axi3_conv/design_1_axi_interconnect_hp0_imp_auto_pc_0_axi_data_fifo_v2_1_36_axic_fifo/design_1_axi_interconnect_hp0_imp_auto_pc_0_axi_data_fifo_v2_1_36_fifo_gen/<hidden>/<hidden>/<hidden>/<hidden>/<hidden>/<hidden>
    SLICE_X17Y35         FDPE                                         r  snn_core_group_top/design_1_wrapper/design_1/design_1_axi_interconnect_hp0_0/s00_couplers_imp_S4BDUK/design_1_axi_interconnect_hp0_imp_auto_pc_0/design_1_axi_interconnect_hp0_imp_auto_pc_0_axi_protocol_converter_v2_1_37_axi_protocol_converter/design_1_axi_interconnect_hp0_imp_auto_pc_0_axi_protocol_converter_v2_1_37_axi3_conv/design_1_axi_interconnect_hp0_imp_auto_pc_0_axi_protocol_converter_v2_1_37_a_axi3_conv/design_1_axi_interconnect_hp0_imp_auto_pc_0_axi_data_fifo_v2_1_36_axic_fifo/design_1_axi_interconnect_hp0_imp_auto_pc_0_axi_data_fifo_v2_1_36_fifo_gen/<hidden>/<hidden>/<hidden>/<hidden>/<hidden>/<hidden>

Slack:                    inf
  Source:                 u_block_design/design_1_i/proc_sys_reset_0/U0/ACTIVE_LOW_PR_OUT_DFF[0].FDRE_PER_N/C
                            (rising edge-triggered cell FDRE clocked by clk_fpga_0  {rise@0.000ns fall@5.000ns period=10.000ns})
  Destination:            snn_core_group_top/design_1_wrapper/design_1/design_1_axi_interconnect_hp0_0/s00_couplers_imp_S4BDUK/design_1_axi_interconnect_hp0_imp_auto_pc_0/design_1_axi_interconnect_hp0_imp_auto_pc_0_axi_protocol_converter_v2_1_37_axi_protocol_converter/design_1_axi_interconnect_hp0_imp_auto_pc_0_axi_protocol_converter_v2_1_37_axi3_conv/design_1_axi_interconnect_hp0_imp_auto_pc_0_axi_protocol_converter_v2_1_37_a_axi3_conv/design_1_axi_interconnect_hp0_imp_auto_pc_0_axi_data_fifo_v2_1_36_axic_fifo/design_1_axi_interconnect_hp0_imp_auto_pc_0_axi_data_fifo_v2_1_36_fifo_gen/<hidden>/<hidden>/<hidden>/<hidden>/<hidden>/<hidden>
                            (recovery check against rising-edge clock clk_fpga_0  {rise@0.000ns fall@5.000ns period=10.000ns})
  Path Group:             (none)
  Path Type:              Recovery (Max at Slow Process Corner)
  Data Path Delay:        4.723ns  (logic 0.580ns (12.281%)  route 4.143ns (87.719%))
  Logic Levels:           1  (LUT1=1)
  Clock Path Skew:        -0.176ns (DCD - SCD + CPR)
    Destination Clock Delay (DCD):    2.754ns
    Source Clock Delay      (SCD):    2.930ns
    Clock Pessimism Removal (CPR):    0.000ns
  Clock Uncertainty:      0.154ns  ((TSJ^2 + TIJ^2)^1/2 + DJ) / 2 + PE
    Total System Jitter     (TSJ):    0.071ns
    Total Input Jitter      (TIJ):    0.300ns
    Discrete Jitter          (DJ):    0.000ns
    Phase Error              (PE):    0.000ns
  Timing Exception:       False Path

    Location             Delay type                Incr(ns)  Path(ns)    Netlist Resource(s)
  -------------------------------------------------------------------    -------------------
                         (clock clk_fpga_0 rise edge)
                                                      0.000     0.000 r  
    PS7_X0Y0             PS7                          0.000     0.000 r  u_block_design/design_1_i/processing_system7_0/inst/PS7_i/FCLKCLK[0]
                         net (fo=1, routed)           1.193     1.193    u_block_design/design_1_i/processing_system7_0/inst/FCLK_CLK_unbuffered[0]
    BUFGCTRL_X0Y16       BUFG (Prop_bufg_I_O)         0.101     1.294 r  u_block_design/design_1_i/processing_system7_0/inst/buffer_fclk_clk_0.FCLK_CLK_0_BUFG/O
                         net (fo=12063, routed)       1.636     2.930    u_block_design/design_1_i/proc_sys_reset_0/U0/slowest_sync_clk
    SLICE_X49Y71         FDRE                                         r  u_block_design/design_1_i/proc_sys_reset_0/U0/ACTIVE_LOW_PR_OUT_DFF[0].FDRE_PER_N/C
  -------------------------------------------------------------------    -------------------
    SLICE_X49Y71         FDRE (Prop_fdre_C_Q)         0.456     3.386 r  u_block_design/design_1_i/proc_sys_reset_0/U0/ACTIVE_LOW_PR_OUT_DFF[0].FDRE_PER_N/Q
                         net (fo=69, routed)          2.936     6.322    u_block_design/design_1_i/axi_interconnect_hp0/s00_couplers/auto_pc/inst/gen_axi4_axi3.axi3_conv_inst/USE_READ.USE_SPLIT_R.read_addr_inst/USE_R_CHANNEL.cmd_queue/inst/aresetn
    SLICE_X27Y37         LUT1 (Prop_lut1_I0_O)        0.124     6.446 f  u_block_design/design_1_i/axi_interconnect_hp0/s00_couplers/auto_pc/inst/gen_axi4_axi3.axi3_conv_inst/USE_READ.USE_SPLIT_R.read_addr_inst/USE_R_CHANNEL.cmd_queue/inst/S_AXI_ASIZE_Q[2]_i_1/O
                         net (fo=44, routed)          1.207     7.653    snn_core_group_top/design_1_wrapper/design_1/design_1_axi_interconnect_hp0_0/s00_couplers_imp_S4BDUK/design_1_axi_interconnect_hp0_imp_auto_pc_0/design_1_axi_interconnect_hp0_imp_auto_pc_0_axi_protocol_converter_v2_1_37_axi_protocol_converter/design_1_axi_interconnect_hp0_imp_auto_pc_0_axi_protocol_converter_v2_1_37_axi3_conv/design_1_axi_interconnect_hp0_imp_auto_pc_0_axi_protocol_converter_v2_1_37_a_axi3_conv/design_1_axi_interconnect_hp0_imp_auto_pc_0_axi_data_fifo_v2_1_36_axic_fifo/design_1_axi_interconnect_hp0_imp_auto_pc_0_axi_data_fifo_v2_1_36_fifo_gen/<hidden>/<hidden>/<hidden>/<hidden>/<hidden>/<hidden>
    SLICE_X17Y35         FDPE                                         f  snn_core_group_top/design_1_wrapper/design_1/design_1_axi_interconnect_hp0_0/s00_couplers_imp_S4BDUK/design_1_axi_interconnect_hp0_imp_auto_pc_0/design_1_axi_interconnect_hp0_imp_auto_pc_0_axi_protocol_converter_v2_1_37_axi_protocol_converter/design_1_axi_interconnect_hp0_imp_auto_pc_0_axi_protocol_converter_v2_1_37_axi3_conv/design_1_axi_interconnect_hp0_imp_auto_pc_0_axi_protocol_converter_v2_1_37_a_axi3_conv/design_1_axi_interconnect_hp0_imp_auto_pc_0_axi_data_fifo_v2_1_36_axic_fifo/design_1_axi_interconnect_hp0_imp_auto_pc_0_axi_data_fifo_v2_1_36_fifo_gen/<hidden>/<hidden>/<hidden>/<hidden>/<hidden>/<hidden>
  -------------------------------------------------------------------    -------------------

                         (clock clk_fpga_0 rise edge)
                                                      0.000     0.000 r  
    PS7_X0Y0             PS7                          0.000     0.000 r  u_block_design/design_1_i/processing_system7_0/inst/PS7_i/FCLKCLK[0]
                         net (fo=1, routed)           1.088     1.088    u_block_design/design_1_i/processing_system7_0/inst/FCLK_CLK_unbuffered[0]
    BUFGCTRL_X0Y16       BUFG (Prop_bufg_I_O)         0.091     1.179 r  u_block_design/design_1_i/processing_system7_0/inst/buffer_fclk_clk_0.FCLK_CLK_0_BUFG/O
                         net (fo=12063, routed)       1.575     2.754    snn_core_group_top/design_1_wrapper/design_1/design_1_axi_interconnect_hp0_0/s00_couplers_imp_S4BDUK/design_1_axi_interconnect_hp0_imp_auto_pc_0/design_1_axi_interconnect_hp0_imp_auto_pc_0_axi_protocol_converter_v2_1_37_axi_protocol_converter/design_1_axi_interconnect_hp0_imp_auto_pc_0_axi_protocol_converter_v2_1_37_axi3_conv/design_1_axi_interconnect_hp0_imp_auto_pc_0_axi_protocol_converter_v2_1_37_a_axi3_conv/design_1_axi_interconnect_hp0_imp_auto_pc_0_axi_data_fifo_v2_1_36_axic_fifo/design_1_axi_interconnect_hp0_imp_auto_pc_0_axi_data_fifo_v2_1_36_fifo_gen/<hidden>/<hidden>/<hidden>/<hidden>/<hidden>/<hidden>
    SLICE_X17Y35         FDPE                                         r  snn_core_group_top/design_1_wrapper/design_1/design_1_axi_interconnect_hp0_0/s00_couplers_imp_S4BDUK/design_1_axi_interconnect_hp0_imp_auto_pc_0/design_1_axi_interconnect_hp0_imp_auto_pc_0_axi_protocol_converter_v2_1_37_axi_protocol_converter/design_1_axi_interconnect_hp0_imp_auto_pc_0_axi_protocol_converter_v2_1_37_axi3_conv/design_1_axi_interconnect_hp0_imp_auto_pc_0_axi_protocol_converter_v2_1_37_a_axi3_conv/design_1_axi_interconnect_hp0_imp_auto_pc_0_axi_data_fifo_v2_1_36_axic_fifo/design_1_axi_interconnect_hp0_imp_auto_pc_0_axi_data_fifo_v2_1_36_fifo_gen/<hidden>/<hidden>/<hidden>/<hidden>/<hidden>/<hidden>





Min Delay Paths
--------------------------------------------------------------------------------------
Slack:                    inf
  Source:                 u_block_design/design_1_i/proc_sys_reset_0/U0/ACTIVE_LOW_PR_OUT_DFF[0].FDRE_PER_N/C
                            (rising edge-triggered cell FDRE clocked by clk_fpga_0  {rise@0.000ns fall@5.000ns period=10.000ns})
  Destination:            u_block_design/design_1_i/axi_dma_0/U0/I_RST_MODULE/REG_HRD_RST/syncstages_ff_reg[0]/D
                            (rising edge-triggered cell FDRE clocked by clk_fpga_0  {rise@0.000ns fall@5.000ns period=10.000ns})
  Path Group:             (none)
  Path Type:              Hold (Min at Fast Process Corner)
  Data Path Delay:        0.833ns  (logic 0.141ns (16.925%)  route 0.692ns (83.075%))
  Logic Levels:           0  
  Clock Path Skew:        0.308ns (DCD - SCD - CPR)
    Destination Clock Delay (DCD):    1.189ns
    Source Clock Delay      (SCD):    0.881ns
    Clock Pessimism Removal (CPR):    -0.000ns
  Clock Uncertainty:      0.154ns  ((TSJ^2 + TIJ^2)^1/2 + DJ) / 2 + PE
    Total System Jitter     (TSJ):    0.071ns
    Total Input Jitter      (TIJ):    0.300ns
    Discrete Jitter          (DJ):    0.000ns
    Phase Error              (PE):    0.000ns
  Timing Exception:       False Path

    Location             Delay type                Incr(ns)  Path(ns)    Netlist Resource(s)
  -------------------------------------------------------------------    -------------------
                         (clock clk_fpga_0 rise edge)
                                                      0.000     0.000 r  
    PS7_X0Y0             PS7                          0.000     0.000 r  u_block_design/design_1_i/processing_system7_0/inst/PS7_i/FCLKCLK[0]
                         net (fo=1, routed)           0.310     0.310    u_block_design/design_1_i/processing_system7_0/inst/FCLK_CLK_unbuffered[0]
    BUFGCTRL_X0Y16       BUFG (Prop_bufg_I_O)         0.026     0.336 r  u_block_design/design_1_i/processing_system7_0/inst/buffer_fclk_clk_0.FCLK_CLK_0_BUFG/O
                         net (fo=12063, routed)       0.545     0.881    u_block_design/design_1_i/proc_sys_reset_0/U0/slowest_sync_clk
    SLICE_X49Y71         FDRE                                         r  u_block_design/design_1_i/proc_sys_reset_0/U0/ACTIVE_LOW_PR_OUT_DFF[0].FDRE_PER_N/C
  -------------------------------------------------------------------    -------------------
    SLICE_X49Y71         FDRE (Prop_fdre_C_Q)         0.141     1.022 r  u_block_design/design_1_i/proc_sys_reset_0/U0/ACTIVE_LOW_PR_OUT_DFF[0].FDRE_PER_N/Q
                         net (fo=69, routed)          0.692     1.714    u_block_design/design_1_i/axi_dma_0/U0/I_RST_MODULE/REG_HRD_RST/src_rst
    SLICE_X48Y34         FDRE                                         r  u_block_design/design_1_i/axi_dma_0/U0/I_RST_MODULE/REG_HRD_RST/syncstages_ff_reg[0]/D
  -------------------------------------------------------------------    -------------------

                         (clock clk_fpga_0 rise edge)
                                                      0.000     0.000 r  
    PS7_X0Y0             PS7                          0.000     0.000 r  u_block_design/design_1_i/processing_system7_0/inst/PS7_i/FCLKCLK[0]
                         net (fo=1, routed)           0.337     0.337    u_block_design/design_1_i/processing_system7_0/inst/FCLK_CLK_unbuffered[0]
    BUFGCTRL_X0Y16       BUFG (Prop_bufg_I_O)         0.029     0.366 r  u_block_design/design_1_i/processing_system7_0/inst/buffer_fclk_clk_0.FCLK_CLK_0_BUFG/O
                         net (fo=12063, routed)       0.823     1.189    u_block_design/design_1_i/axi_dma_0/U0/I_RST_MODULE/REG_HRD_RST/dest_clk
    SLICE_X48Y34         FDRE                                         r  u_block_design/design_1_i/axi_dma_0/U0/I_RST_MODULE/REG_HRD_RST/syncstages_ff_reg[0]/C

Slack:                    inf
  Source:                 u_block_design/design_1_i/proc_sys_reset_0/U0/ACTIVE_LOW_PR_OUT_DFF[0].FDRE_PER_N/C
                            (rising edge-triggered cell FDRE clocked by clk_fpga_0  {rise@0.000ns fall@5.000ns period=10.000ns})
  Destination:            u_block_design/design_1_i/axi_dma_1/U0/I_RST_MODULE/REG_HRD_RST_OUT/syncstages_ff_reg[0]/D
                            (rising edge-triggered cell FDRE clocked by clk_fpga_0  {rise@0.000ns fall@5.000ns period=10.000ns})
  Path Group:             (none)
  Path Type:              Hold (Min at Fast Process Corner)
  Data Path Delay:        1.212ns  (logic 0.141ns (11.630%)  route 1.071ns (88.370%))
  Logic Levels:           0  
  Clock Path Skew:        0.322ns (DCD - SCD - CPR)
    Destination Clock Delay (DCD):    1.203ns
    Source Clock Delay      (SCD):    0.881ns
    Clock Pessimism Removal (CPR):    -0.000ns
  Clock Uncertainty:      0.154ns  ((TSJ^2 + TIJ^2)^1/2 + DJ) / 2 + PE
    Total System Jitter     (TSJ):    0.071ns
    Total Input Jitter      (TIJ):    0.300ns
    Discrete Jitter          (DJ):    0.000ns
    Phase Error              (PE):    0.000ns
  Timing Exception:       False Path

    Location             Delay type                Incr(ns)  Path(ns)    Netlist Resource(s)
  -------------------------------------------------------------------    -------------------
                         (clock clk_fpga_0 rise edge)
                                                      0.000     0.000 r  
    PS7_X0Y0             PS7                          0.000     0.000 r  u_block_design/design_1_i/processing_system7_0/inst/PS7_i/FCLKCLK[0]
                         net (fo=1, routed)           0.310     0.310    u_block_design/design_1_i/processing_system7_0/inst/FCLK_CLK_unbuffered[0]
    BUFGCTRL_X0Y16       BUFG (Prop_bufg_I_O)         0.026     0.336 r  u_block_design/design_1_i/processing_system7_0/inst/buffer_fclk_clk_0.FCLK_CLK_0_BUFG/O
                         net (fo=12063, routed)       0.545     0.881    u_block_design/design_1_i/proc_sys_reset_0/U0/slowest_sync_clk
    SLICE_X49Y71         FDRE                                         r  u_block_design/design_1_i/proc_sys_reset_0/U0/ACTIVE_LOW_PR_OUT_DFF[0].FDRE_PER_N/C
  -------------------------------------------------------------------    -------------------
    SLICE_X49Y71         FDRE (Prop_fdre_C_Q)         0.141     1.022 r  u_block_design/design_1_i/proc_sys_reset_0/U0/ACTIVE_LOW_PR_OUT_DFF[0].FDRE_PER_N/Q
                         net (fo=69, routed)          1.071     2.093    u_block_design/design_1_i/axi_dma_1/U0/I_RST_MODULE/REG_HRD_RST_OUT/src_rst
    SLICE_X28Y66         FDRE                                         r  u_block_design/design_1_i/axi_dma_1/U0/I_RST_MODULE/REG_HRD_RST_OUT/syncstages_ff_reg[0]/D
  -------------------------------------------------------------------    -------------------

                         (clock clk_fpga_0 rise edge)
                                                      0.000     0.000 r  
    PS7_X0Y0             PS7                          0.000     0.000 r  u_block_design/design_1_i/processing_system7_0/inst/PS7_i/FCLKCLK[0]
                         net (fo=1, routed)           0.337     0.337    u_block_design/design_1_i/processing_system7_0/inst/FCLK_CLK_unbuffered[0]
    BUFGCTRL_X0Y16       BUFG (Prop_bufg_I_O)         0.029     0.366 r  u_block_design/design_1_i/processing_system7_0/inst/buffer_fclk_clk_0.FCLK_CLK_0_BUFG/O
                         net (fo=12063, routed)       0.837     1.203    u_block_design/design_1_i/axi_dma_1/U0/I_RST_MODULE/REG_HRD_RST_OUT/dest_clk
    SLICE_X28Y66         FDRE                                         r  u_block_design/design_1_i/axi_dma_1/U0/I_RST_MODULE/REG_HRD_RST_OUT/syncstages_ff_reg[0]/C

Slack:                    inf
  Source:                 u_block_design/design_1_i/proc_sys_reset_0/U0/ACTIVE_LOW_PR_OUT_DFF[0].FDRE_PER_N/C
                            (rising edge-triggered cell FDRE clocked by clk_fpga_0  {rise@0.000ns fall@5.000ns period=10.000ns})
  Destination:            u_block_design/design_1_i/axi_dma_0/U0/I_RST_MODULE/REG_HRD_RST_OUT/syncstages_ff_reg[0]/D
                            (rising edge-triggered cell FDRE clocked by clk_fpga_0  {rise@0.000ns fall@5.000ns period=10.000ns})
  Path Group:             (none)
  Path Type:              Hold (Min at Fast Process Corner)
  Data Path Delay:        1.295ns  (logic 0.141ns (10.887%)  route 1.154ns (89.113%))
  Logic Levels:           0  
  Clock Path Skew:        0.324ns (DCD - SCD - CPR)
    Destination Clock Delay (DCD):    1.205ns
    Source Clock Delay      (SCD):    0.881ns
    Clock Pessimism Removal (CPR):    -0.000ns
  Clock Uncertainty:      0.154ns  ((TSJ^2 + TIJ^2)^1/2 + DJ) / 2 + PE
    Total System Jitter     (TSJ):    0.071ns
    Total Input Jitter      (TIJ):    0.300ns
    Discrete Jitter          (DJ):    0.000ns
    Phase Error              (PE):    0.000ns
  Timing Exception:       False Path

    Location             Delay type                Incr(ns)  Path(ns)    Netlist Resource(s)
  -------------------------------------------------------------------    -------------------
                         (clock clk_fpga_0 rise edge)
                                                      0.000     0.000 r  
    PS7_X0Y0             PS7                          0.000     0.000 r  u_block_design/design_1_i/processing_system7_0/inst/PS7_i/FCLKCLK[0]
                         net (fo=1, routed)           0.310     0.310    u_block_design/design_1_i/processing_system7_0/inst/FCLK_CLK_unbuffered[0]
    BUFGCTRL_X0Y16       BUFG (Prop_bufg_I_O)         0.026     0.336 r  u_block_design/design_1_i/processing_system7_0/inst/buffer_fclk_clk_0.FCLK_CLK_0_BUFG/O
                         net (fo=12063, routed)       0.545     0.881    u_block_design/design_1_i/proc_sys_reset_0/U0/slowest_sync_clk
    SLICE_X49Y71         FDRE                                         r  u_block_design/design_1_i/proc_sys_reset_0/U0/ACTIVE_LOW_PR_OUT_DFF[0].FDRE_PER_N/C
  -------------------------------------------------------------------    -------------------
    SLICE_X49Y71         FDRE (Prop_fdre_C_Q)         0.141     1.022 r  u_block_design/design_1_i/proc_sys_reset_0/U0/ACTIVE_LOW_PR_OUT_DFF[0].FDRE_PER_N/Q
                         net (fo=69, routed)          1.154     2.176    u_block_design/design_1_i/axi_dma_0/U0/I_RST_MODULE/REG_HRD_RST_OUT/src_rst
    SLICE_X29Y64         FDRE                                         r  u_block_design/design_1_i/axi_dma_0/U0/I_RST_MODULE/REG_HRD_RST_OUT/syncstages_ff_reg[0]/D
  -------------------------------------------------------------------    -------------------

                         (clock clk_fpga_0 rise edge)
                                                      0.000     0.000 r  
    PS7_X0Y0             PS7                          0.000     0.000 r  u_block_design/design_1_i/processing_system7_0/inst/PS7_i/FCLKCLK[0]
                         net (fo=1, routed)           0.337     0.337    u_block_design/design_1_i/processing_system7_0/inst/FCLK_CLK_unbuffered[0]
    BUFGCTRL_X0Y16       BUFG (Prop_bufg_I_O)         0.029     0.366 r  u_block_design/design_1_i/processing_system7_0/inst/buffer_fclk_clk_0.FCLK_CLK_0_BUFG/O
                         net (fo=12063, routed)       0.839     1.205    u_block_design/design_1_i/axi_dma_0/U0/I_RST_MODULE/REG_HRD_RST_OUT/dest_clk
    SLICE_X29Y64         FDRE                                         r  u_block_design/design_1_i/axi_dma_0/U0/I_RST_MODULE/REG_HRD_RST_OUT/syncstages_ff_reg[0]/C

Slack:                    inf
  Source:                 u_block_design/design_1_i/proc_sys_reset_0/U0/ACTIVE_LOW_PR_OUT_DFF[0].FDRE_PER_N/C
                            (rising edge-triggered cell FDRE clocked by clk_fpga_0  {rise@0.000ns fall@5.000ns period=10.000ns})
  Destination:            snn_core_group_top/design_1_wrapper/design_1/design_1_axi_interconnect_hp0_0/s01_couplers_imp_12AUBLP/design_1_axi_interconnect_hp0_imp_auto_pc_1/design_1_axi_interconnect_hp0_imp_auto_pc_1_axi_protocol_converter_v2_1_37_axi_protocol_converter/design_1_axi_interconnect_hp0_imp_auto_pc_1_axi_protocol_converter_v2_1_37_axi3_conv/design_1_axi_interconnect_hp0_imp_auto_pc_1_axi_protocol_converter_v2_1_37_a_axi3_conv/design_1_axi_interconnect_hp0_imp_auto_pc_1_axi_data_fifo_v2_1_36_axic_fifo/design_1_axi_interconnect_hp0_imp_auto_pc_1_axi_data_fifo_v2_1_36_fifo_gen_1/<hidden>/<hidden>/<hidden>/<hidden>/<hidden>/<hidden>
                            (removal check against rising-edge clock clk_fpga_0  {rise@0.000ns fall@5.000ns period=10.000ns})
  Path Group:             (none)
  Path Type:              Removal (Min at Fast Process Corner)
  Data Path Delay:        1.531ns  (logic 0.186ns (12.146%)  route 1.345ns (87.854%))
  Logic Levels:           1  (LUT1=1)
  Clock Path Skew:        0.330ns (DCD - SCD - CPR)
    Destination Clock Delay (DCD):    1.211ns
    Source Clock Delay      (SCD):    0.881ns
    Clock Pessimism Removal (CPR):    -0.000ns
  Clock Uncertainty:      0.154ns  ((TSJ^2 + TIJ^2)^1/2 + DJ) / 2 + PE
    Total System Jitter     (TSJ):    0.071ns
    Total Input Jitter      (TIJ):    0.300ns
    Discrete Jitter          (DJ):    0.000ns
    Phase Error              (PE):    0.000ns
  Timing Exception:       False Path

    Location             Delay type                Incr(ns)  Path(ns)    Netlist Resource(s)
  -------------------------------------------------------------------    -------------------
                         (clock clk_fpga_0 rise edge)
                                                      0.000     0.000 r  
    PS7_X0Y0             PS7                          0.000     0.000 r  u_block_design/design_1_i/processing_system7_0/inst/PS7_i/FCLKCLK[0]
                         net (fo=1, routed)           0.310     0.310    u_block_design/design_1_i/processing_system7_0/inst/FCLK_CLK_unbuffered[0]
    BUFGCTRL_X0Y16       BUFG (Prop_bufg_I_O)         0.026     0.336 r  u_block_design/design_1_i/processing_system7_0/inst/buffer_fclk_clk_0.FCLK_CLK_0_BUFG/O
                         net (fo=12063, routed)       0.545     0.881    u_block_design/design_1_i/proc_sys_reset_0/U0/slowest_sync_clk
    SLICE_X49Y71         FDRE                                         r  u_block_design/design_1_i/proc_sys_reset_0/U0/ACTIVE_LOW_PR_OUT_DFF[0].FDRE_PER_N/C
  -------------------------------------------------------------------    -------------------
    SLICE_X49Y71         FDRE (Prop_fdre_C_Q)         0.141     1.022 r  u_block_design/design_1_i/proc_sys_reset_0/U0/ACTIVE_LOW_PR_OUT_DFF[0].FDRE_PER_N/Q
                         net (fo=69, routed)          0.867     1.888    u_block_design/design_1_i/axi_interconnect_hp0/s01_couplers/auto_pc/inst/gen_axi4_axi3.axi3_conv_inst/USE_WRITE.write_addr_inst/USE_BURSTS.cmd_queue/inst/aresetn
    SLICE_X30Y47         LUT1 (Prop_lut1_I0_O)        0.045     1.933 f  u_block_design/design_1_i/axi_interconnect_hp0/s01_couplers/auto_pc/inst/gen_axi4_axi3.axi3_conv_inst/USE_WRITE.write_addr_inst/USE_BURSTS.cmd_queue/inst/S_AXI_AREADY_I_i_1/O
                         net (fo=115, routed)         0.479     2.412    snn_core_group_top/design_1_wrapper/design_1/design_1_axi_interconnect_hp0_0/s01_couplers_imp_12AUBLP/design_1_axi_interconnect_hp0_imp_auto_pc_1/design_1_axi_interconnect_hp0_imp_auto_pc_1_axi_protocol_converter_v2_1_37_axi_protocol_converter/design_1_axi_interconnect_hp0_imp_auto_pc_1_axi_protocol_converter_v2_1_37_axi3_conv/design_1_axi_interconnect_hp0_imp_auto_pc_1_axi_protocol_converter_v2_1_37_a_axi3_conv/design_1_axi_interconnect_hp0_imp_auto_pc_1_axi_data_fifo_v2_1_36_axic_fifo/design_1_axi_interconnect_hp0_imp_auto_pc_1_axi_data_fifo_v2_1_36_fifo_gen_1/<hidden>/<hidden>/<hidden>/<hidden>/<hidden>/<hidden>
    SLICE_X28Y51         FDPE                                         f  snn_core_group_top/design_1_wrapper/design_1/design_1_axi_interconnect_hp0_0/s01_couplers_imp_12AUBLP/design_1_axi_interconnect_hp0_imp_auto_pc_1/design_1_axi_interconnect_hp0_imp_auto_pc_1_axi_protocol_converter_v2_1_37_axi_protocol_converter/design_1_axi_interconnect_hp0_imp_auto_pc_1_axi_protocol_converter_v2_1_37_axi3_conv/design_1_axi_interconnect_hp0_imp_auto_pc_1_axi_protocol_converter_v2_1_37_a_axi3_conv/design_1_axi_interconnect_hp0_imp_auto_pc_1_axi_data_fifo_v2_1_36_axic_fifo/design_1_axi_interconnect_hp0_imp_auto_pc_1_axi_data_fifo_v2_1_36_fifo_gen_1/<hidden>/<hidden>/<hidden>/<hidden>/<hidden>/<hidden>
  -------------------------------------------------------------------    -------------------

                         (clock clk_fpga_0 rise edge)
                                                      0.000     0.000 r  
    PS7_X0Y0             PS7                          0.000     0.000 r  u_block_design/design_1_i/processing_system7_0/inst/PS7_i/FCLKCLK[0]
                         net (fo=1, routed)           0.337     0.337    u_block_design/design_1_i/processing_system7_0/inst/FCLK_CLK_unbuffered[0]
    BUFGCTRL_X0Y16       BUFG (Prop_bufg_I_O)         0.029     0.366 r  u_block_design/design_1_i/processing_system7_0/inst/buffer_fclk_clk_0.FCLK_CLK_0_BUFG/O
                         net (fo=12063, routed)       0.845     1.211    snn_core_group_top/design_1_wrapper/design_1/design_1_axi_interconnect_hp0_0/s01_couplers_imp_12AUBLP/design_1_axi_interconnect_hp0_imp_auto_pc_1/design_1_axi_interconnect_hp0_imp_auto_pc_1_axi_protocol_converter_v2_1_37_axi_protocol_converter/design_1_axi_interconnect_hp0_imp_auto_pc_1_axi_protocol_converter_v2_1_37_axi3_conv/design_1_axi_interconnect_hp0_imp_auto_pc_1_axi_protocol_converter_v2_1_37_a_axi3_conv/design_1_axi_interconnect_hp0_imp_auto_pc_1_axi_data_fifo_v2_1_36_axic_fifo/design_1_axi_interconnect_hp0_imp_auto_pc_1_axi_data_fifo_v2_1_36_fifo_gen_1/<hidden>/<hidden>/<hidden>/<hidden>/<hidden>/<hidden>
    SLICE_X28Y51         FDPE                                         r  snn_core_group_top/design_1_wrapper/design_1/design_1_axi_interconnect_hp0_0/s01_couplers_imp_12AUBLP/design_1_axi_interconnect_hp0_imp_auto_pc_1/design_1_axi_interconnect_hp0_imp_auto_pc_1_axi_protocol_converter_v2_1_37_axi_protocol_converter/design_1_axi_interconnect_hp0_imp_auto_pc_1_axi_protocol_converter_v2_1_37_axi3_conv/design_1_axi_interconnect_hp0_imp_auto_pc_1_axi_protocol_converter_v2_1_37_a_axi3_conv/design_1_axi_interconnect_hp0_imp_auto_pc_1_axi_data_fifo_v2_1_36_axic_fifo/design_1_axi_interconnect_hp0_imp_auto_pc_1_axi_data_fifo_v2_1_36_fifo_gen_1/<hidden>/<hidden>/<hidden>/<hidden>/<hidden>/<hidden>

Slack:                    inf
  Source:                 u_block_design/design_1_i/proc_sys_reset_0/U0/ACTIVE_LOW_PR_OUT_DFF[0].FDRE_PER_N/C
                            (rising edge-triggered cell FDRE clocked by clk_fpga_0  {rise@0.000ns fall@5.000ns period=10.000ns})
  Destination:            snn_core_group_top/design_1_wrapper/design_1/design_1_axi_interconnect_hp0_0/s01_couplers_imp_12AUBLP/design_1_axi_interconnect_hp0_imp_auto_pc_1/design_1_axi_interconnect_hp0_imp_auto_pc_1_axi_protocol_converter_v2_1_37_axi_protocol_converter/design_1_axi_interconnect_hp0_imp_auto_pc_1_axi_protocol_converter_v2_1_37_axi3_conv/design_1_axi_interconnect_hp0_imp_auto_pc_1_axi_protocol_converter_v2_1_37_a_axi3_conv/design_1_axi_interconnect_hp0_imp_auto_pc_1_axi_data_fifo_v2_1_36_axic_fifo/design_1_axi_interconnect_hp0_imp_auto_pc_1_axi_data_fifo_v2_1_36_fifo_gen_1/<hidden>/<hidden>/<hidden>/<hidden>/<hidden>/<hidden>
                            (removal check against rising-edge clock clk_fpga_0  {rise@0.000ns fall@5.000ns period=10.000ns})
  Path Group:             (none)
  Path Type:              Removal (Min at Fast Process Corner)
  Data Path Delay:        1.531ns  (logic 0.186ns (12.146%)  route 1.345ns (87.854%))
  Logic Levels:           1  (LUT1=1)
  Clock Path Skew:        0.330ns (DCD - SCD - CPR)
    Destination Clock Delay (DCD):    1.211ns
    Source Clock Delay      (SCD):    0.881ns
    Clock Pessimism Removal (CPR):    -0.000ns
  Clock Uncertainty:      0.154ns  ((TSJ^2 + TIJ^2)^1/2 + DJ) / 2 + PE
    Total System Jitter     (TSJ):    0.071ns
    Total Input Jitter      (TIJ):    0.300ns
    Discrete Jitter          (DJ):    0.000ns
    Phase Error              (PE):    0.000ns
  Timing Exception:       False Path

    Location             Delay type                Incr(ns)  Path(ns)    Netlist Resource(s)
  -------------------------------------------------------------------    -------------------
                         (clock clk_fpga_0 rise edge)
                                                      0.000     0.000 r  
    PS7_X0Y0             PS7                          0.000     0.000 r  u_block_design/design_1_i/processing_system7_0/inst/PS7_i/FCLKCLK[0]
                         net (fo=1, routed)           0.310     0.310    u_block_design/design_1_i/processing_system7_0/inst/FCLK_CLK_unbuffered[0]
    BUFGCTRL_X0Y16       BUFG (Prop_bufg_I_O)         0.026     0.336 r  u_block_design/design_1_i/processing_system7_0/inst/buffer_fclk_clk_0.FCLK_CLK_0_BUFG/O
                         net (fo=12063, routed)       0.545     0.881    u_block_design/design_1_i/proc_sys_reset_0/U0/slowest_sync_clk
    SLICE_X49Y71         FDRE                                         r  u_block_design/design_1_i/proc_sys_reset_0/U0/ACTIVE_LOW_PR_OUT_DFF[0].FDRE_PER_N/C
  -------------------------------------------------------------------    -------------------
    SLICE_X49Y71         FDRE (Prop_fdre_C_Q)         0.141     1.022 r  u_block_design/design_1_i/proc_sys_reset_0/U0/ACTIVE_LOW_PR_OUT_DFF[0].FDRE_PER_N/Q
                         net (fo=69, routed)          0.867     1.888    u_block_design/design_1_i/axi_interconnect_hp0/s01_couplers/auto_pc/inst/gen_axi4_axi3.axi3_conv_inst/USE_WRITE.write_addr_inst/USE_BURSTS.cmd_queue/inst/aresetn
    SLICE_X30Y47         LUT1 (Prop_lut1_I0_O)        0.045     1.933 f  u_block_design/design_1_i/axi_interconnect_hp0/s01_couplers/auto_pc/inst/gen_axi4_axi3.axi3_conv_inst/USE_WRITE.write_addr_inst/USE_BURSTS.cmd_queue/inst/S_AXI_AREADY_I_i_1/O
                         net (fo=115, routed)         0.479     2.412    snn_core_group_top/design_1_wrapper/design_1/design_1_axi_interconnect_hp0_0/s01_couplers_imp_12AUBLP/design_1_axi_interconnect_hp0_imp_auto_pc_1/design_1_axi_interconnect_hp0_imp_auto_pc_1_axi_protocol_converter_v2_1_37_axi_protocol_converter/design_1_axi_interconnect_hp0_imp_auto_pc_1_axi_protocol_converter_v2_1_37_axi3_conv/design_1_axi_interconnect_hp0_imp_auto_pc_1_axi_protocol_converter_v2_1_37_a_axi3_conv/design_1_axi_interconnect_hp0_imp_auto_pc_1_axi_data_fifo_v2_1_36_axic_fifo/design_1_axi_interconnect_hp0_imp_auto_pc_1_axi_data_fifo_v2_1_36_fifo_gen_1/<hidden>/<hidden>/<hidden>/<hidden>/<hidden>/<hidden>
    SLICE_X28Y51         FDPE                                         f  snn_core_group_top/design_1_wrapper/design_1/design_1_axi_interconnect_hp0_0/s01_couplers_imp_12AUBLP/design_1_axi_interconnect_hp0_imp_auto_pc_1/design_1_axi_interconnect_hp0_imp_auto_pc_1_axi_protocol_converter_v2_1_37_axi_protocol_converter/design_1_axi_interconnect_hp0_imp_auto_pc_1_axi_protocol_converter_v2_1_37_axi3_conv/design_1_axi_interconnect_hp0_imp_auto_pc_1_axi_protocol_converter_v2_1_37_a_axi3_conv/design_1_axi_interconnect_hp0_imp_auto_pc_1_axi_data_fifo_v2_1_36_axic_fifo/design_1_axi_interconnect_hp0_imp_auto_pc_1_axi_data_fifo_v2_1_36_fifo_gen_1/<hidden>/<hidden>/<hidden>/<hidden>/<hidden>/<hidden>
  -------------------------------------------------------------------    -------------------

                         (clock clk_fpga_0 rise edge)
                                                      0.000     0.000 r  
    PS7_X0Y0             PS7                          0.000     0.000 r  u_block_design/design_1_i/processing_system7_0/inst/PS7_i/FCLKCLK[0]
                         net (fo=1, routed)           0.337     0.337    u_block_design/design_1_i/processing_system7_0/inst/FCLK_CLK_unbuffered[0]
    BUFGCTRL_X0Y16       BUFG (Prop_bufg_I_O)         0.029     0.366 r  u_block_design/design_1_i/processing_system7_0/inst/buffer_fclk_clk_0.FCLK_CLK_0_BUFG/O
                         net (fo=12063, routed)       0.845     1.211    snn_core_group_top/design_1_wrapper/design_1/design_1_axi_interconnect_hp0_0/s01_couplers_imp_12AUBLP/design_1_axi_interconnect_hp0_imp_auto_pc_1/design_1_axi_interconnect_hp0_imp_auto_pc_1_axi_protocol_converter_v2_1_37_axi_protocol_converter/design_1_axi_interconnect_hp0_imp_auto_pc_1_axi_protocol_converter_v2_1_37_axi3_conv/design_1_axi_interconnect_hp0_imp_auto_pc_1_axi_protocol_converter_v2_1_37_a_axi3_conv/design_1_axi_interconnect_hp0_imp_auto_pc_1_axi_data_fifo_v2_1_36_axic_fifo/design_1_axi_interconnect_hp0_imp_auto_pc_1_axi_data_fifo_v2_1_36_fifo_gen_1/<hidden>/<hidden>/<hidden>/<hidden>/<hidden>/<hidden>
    SLICE_X28Y51         FDPE                                         r  snn_core_group_top/design_1_wrapper/design_1/design_1_axi_interconnect_hp0_0/s01_couplers_imp_12AUBLP/design_1_axi_interconnect_hp0_imp_auto_pc_1/design_1_axi_interconnect_hp0_imp_auto_pc_1_axi_protocol_converter_v2_1_37_axi_protocol_converter/design_1_axi_interconnect_hp0_imp_auto_pc_1_axi_protocol_converter_v2_1_37_axi3_conv/design_1_axi_interconnect_hp0_imp_auto_pc_1_axi_protocol_converter_v2_1_37_a_axi3_conv/design_1_axi_interconnect_hp0_imp_auto_pc_1_axi_data_fifo_v2_1_36_axic_fifo/design_1_axi_interconnect_hp0_imp_auto_pc_1_axi_data_fifo_v2_1_36_fifo_gen_1/<hidden>/<hidden>/<hidden>/<hidden>/<hidden>/<hidden>

Slack:                    inf
  Source:                 u_block_design/design_1_i/proc_sys_reset_0/U0/ACTIVE_LOW_PR_OUT_DFF[0].FDRE_PER_N/C
                            (rising edge-triggered cell FDRE clocked by clk_fpga_0  {rise@0.000ns fall@5.000ns period=10.000ns})
  Destination:            snn_core_group_top/design_1_wrapper/design_1/design_1_axi_interconnect_hp0_0/s00_couplers_imp_S4BDUK/design_1_axi_interconnect_hp0_imp_auto_pc_0/design_1_axi_interconnect_hp0_imp_auto_pc_0_axi_protocol_converter_v2_1_37_axi_protocol_converter/design_1_axi_interconnect_hp0_imp_auto_pc_0_axi_protocol_converter_v2_1_37_axi3_conv/design_1_axi_interconnect_hp0_imp_auto_pc_0_axi_protocol_converter_v2_1_37_a_axi3_conv/design_1_axi_interconnect_hp0_imp_auto_pc_0_axi_data_fifo_v2_1_36_axic_fifo/design_1_axi_interconnect_hp0_imp_auto_pc_0_axi_data_fifo_v2_1_36_fifo_gen/<hidden>/<hidden>/<hidden>/<hidden>/<hidden>/<hidden>
                            (removal check against rising-edge clock clk_fpga_0  {rise@0.000ns fall@5.000ns period=10.000ns})
  Path Group:             (none)
  Path Type:              Removal (Min at Fast Process Corner)
  Data Path Delay:        1.959ns  (logic 0.186ns (9.496%)  route 1.773ns (90.504%))
  Logic Levels:           1  (LUT1=1)
  Clock Path Skew:        0.345ns (DCD - SCD - CPR)
    Destination Clock Delay (DCD):    1.226ns
    Source Clock Delay      (SCD):    0.881ns
    Clock Pessimism Removal (CPR):    -0.000ns
  Clock Uncertainty:      0.154ns  ((TSJ^2 + TIJ^2)^1/2 + DJ) / 2 + PE
    Total System Jitter     (TSJ):    0.071ns
    Total Input Jitter      (TIJ):    0.300ns
    Discrete Jitter          (DJ):    0.000ns
    Phase Error              (PE):    0.000ns
  Timing Exception:       False Path

    Location             Delay type                Incr(ns)  Path(ns)    Netlist Resource(s)
  -------------------------------------------------------------------    -------------------
                         (clock clk_fpga_0 rise edge)
                                                      0.000     0.000 r  
    PS7_X0Y0             PS7                          0.000     0.000 r  u_block_design/design_1_i/processing_system7_0/inst/PS7_i/FCLKCLK[0]
                         net (fo=1, routed)           0.310     0.310    u_block_design/design_1_i/processing_system7_0/inst/FCLK_CLK_unbuffered[0]
    BUFGCTRL_X0Y16       BUFG (Prop_bufg_I_O)         0.026     0.336 r  u_block_design/design_1_i/processing_system7_0/inst/buffer_fclk_clk_0.FCLK_CLK_0_BUFG/O
                         net (fo=12063, routed)       0.545     0.881    u_block_design/design_1_i/proc_sys_reset_0/U0/slowest_sync_clk
    SLICE_X49Y71         FDRE                                         r  u_block_design/design_1_i/proc_sys_reset_0/U0/ACTIVE_LOW_PR_OUT_DFF[0].FDRE_PER_N/C
  -------------------------------------------------------------------    -------------------
    SLICE_X49Y71         FDRE (Prop_fdre_C_Q)         0.141     1.022 r  u_block_design/design_1_i/proc_sys_reset_0/U0/ACTIVE_LOW_PR_OUT_DFF[0].FDRE_PER_N/Q
                         net (fo=69, routed)          1.253     2.275    u_block_design/design_1_i/axi_interconnect_hp0/s00_couplers/auto_pc/inst/gen_axi4_axi3.axi3_conv_inst/USE_READ.USE_SPLIT_R.read_addr_inst/USE_R_CHANNEL.cmd_queue/inst/aresetn
    SLICE_X27Y37         LUT1 (Prop_lut1_I0_O)        0.045     2.320 f  u_block_design/design_1_i/axi_interconnect_hp0/s00_couplers/auto_pc/inst/gen_axi4_axi3.axi3_conv_inst/USE_READ.USE_SPLIT_R.read_addr_inst/USE_R_CHANNEL.cmd_queue/inst/S_AXI_ASIZE_Q[2]_i_1/O
                         net (fo=44, routed)          0.520     2.839    snn_core_group_top/design_1_wrapper/design_1/design_1_axi_interconnect_hp0_0/s00_couplers_imp_S4BDUK/design_1_axi_interconnect_hp0_imp_auto_pc_0/design_1_axi_interconnect_hp0_imp_auto_pc_0_axi_protocol_converter_v2_1_37_axi_protocol_converter/design_1_axi_interconnect_hp0_imp_auto_pc_0_axi_protocol_converter_v2_1_37_axi3_conv/design_1_axi_interconnect_hp0_imp_auto_pc_0_axi_protocol_converter_v2_1_37_a_axi3_conv/design_1_axi_interconnect_hp0_imp_auto_pc_0_axi_data_fifo_v2_1_36_axic_fifo/design_1_axi_interconnect_hp0_imp_auto_pc_0_axi_data_fifo_v2_1_36_fifo_gen/<hidden>/<hidden>/<hidden>/<hidden>/<hidden>/<hidden>
    SLICE_X17Y35         FDPE                                         f  snn_core_group_top/design_1_wrapper/design_1/design_1_axi_interconnect_hp0_0/s00_couplers_imp_S4BDUK/design_1_axi_interconnect_hp0_imp_auto_pc_0/design_1_axi_interconnect_hp0_imp_auto_pc_0_axi_protocol_converter_v2_1_37_axi_protocol_converter/design_1_axi_interconnect_hp0_imp_auto_pc_0_axi_protocol_converter_v2_1_37_axi3_conv/design_1_axi_interconnect_hp0_imp_auto_pc_0_axi_protocol_converter_v2_1_37_a_axi3_conv/design_1_axi_interconnect_hp0_imp_auto_pc_0_axi_data_fifo_v2_1_36_axic_fifo/design_1_axi_interconnect_hp0_imp_auto_pc_0_axi_data_fifo_v2_1_36_fifo_gen/<hidden>/<hidden>/<hidden>/<hidden>/<hidden>/<hidden>
  -------------------------------------------------------------------    -------------------

                         (clock clk_fpga_0 rise edge)
                                                      0.000     0.000 r  
    PS7_X0Y0             PS7                          0.000     0.000 r  u_block_design/design_1_i/processing_system7_0/inst/PS7_i/FCLKCLK[0]
                         net (fo=1, routed)           0.337     0.337    u_block_design/design_1_i/processing_system7_0/inst/FCLK_CLK_unbuffered[0]
    BUFGCTRL_X0Y16       BUFG (Prop_bufg_I_O)         0.029     0.366 r  u_block_design/design_1_i/processing_system7_0/inst/buffer_fclk_clk_0.FCLK_CLK_0_BUFG/O
                         net (fo=12063, routed)       0.860     1.226    snn_core_group_top/design_1_wrapper/design_1/design_1_axi_interconnect_hp0_0/s00_couplers_imp_S4BDUK/design_1_axi_interconnect_hp0_imp_auto_pc_0/design_1_axi_interconnect_hp0_imp_auto_pc_0_axi_protocol_converter_v2_1_37_axi_protocol_converter/design_1_axi_interconnect_hp0_imp_auto_pc_0_axi_protocol_converter_v2_1_37_axi3_conv/design_1_axi_interconnect_hp0_imp_auto_pc_0_axi_protocol_converter_v2_1_37_a_axi3_conv/design_1_axi_interconnect_hp0_imp_auto_pc_0_axi_data_fifo_v2_1_36_axic_fifo/design_1_axi_interconnect_hp0_imp_auto_pc_0_axi_data_fifo_v2_1_36_fifo_gen/<hidden>/<hidden>/<hidden>/<hidden>/<hidden>/<hidden>
    SLICE_X17Y35         FDPE                                         r  snn_core_group_top/design_1_wrapper/design_1/design_1_axi_interconnect_hp0_0/s00_couplers_imp_S4BDUK/design_1_axi_interconnect_hp0_imp_auto_pc_0/design_1_axi_interconnect_hp0_imp_auto_pc_0_axi_protocol_converter_v2_1_37_axi_protocol_converter/design_1_axi_interconnect_hp0_imp_auto_pc_0_axi_protocol_converter_v2_1_37_axi3_conv/design_1_axi_interconnect_hp0_imp_auto_pc_0_axi_protocol_converter_v2_1_37_a_axi3_conv/design_1_axi_interconnect_hp0_imp_auto_pc_0_axi_data_fifo_v2_1_36_axic_fifo/design_1_axi_interconnect_hp0_imp_auto_pc_0_axi_data_fifo_v2_1_36_fifo_gen/<hidden>/<hidden>/<hidden>/<hidden>/<hidden>/<hidden>

Slack:                    inf
  Source:                 u_block_design/design_1_i/proc_sys_reset_0/U0/ACTIVE_LOW_PR_OUT_DFF[0].FDRE_PER_N/C
                            (rising edge-triggered cell FDRE clocked by clk_fpga_0  {rise@0.000ns fall@5.000ns period=10.000ns})
  Destination:            snn_core_group_top/design_1_wrapper/design_1/design_1_axi_interconnect_hp0_0/s00_couplers_imp_S4BDUK/design_1_axi_interconnect_hp0_imp_auto_pc_0/design_1_axi_interconnect_hp0_imp_auto_pc_0_axi_protocol_converter_v2_1_37_axi_protocol_converter/design_1_axi_interconnect_hp0_imp_auto_pc_0_axi_protocol_converter_v2_1_37_axi3_conv/design_1_axi_interconnect_hp0_imp_auto_pc_0_axi_protocol_converter_v2_1_37_a_axi3_conv/design_1_axi_interconnect_hp0_imp_auto_pc_0_axi_data_fifo_v2_1_36_axic_fifo/design_1_axi_interconnect_hp0_imp_auto_pc_0_axi_data_fifo_v2_1_36_fifo_gen/<hidden>/<hidden>/<hidden>/<hidden>/<hidden>/<hidden>
                            (removal check against rising-edge clock clk_fpga_0  {rise@0.000ns fall@5.000ns period=10.000ns})
  Path Group:             (none)
  Path Type:              Removal (Min at Fast Process Corner)
  Data Path Delay:        1.959ns  (logic 0.186ns (9.496%)  route 1.773ns (90.504%))
  Logic Levels:           1  (LUT1=1)
  Clock Path Skew:        0.345ns (DCD - SCD - CPR)
    Destination Clock Delay (DCD):    1.226ns
    Source Clock Delay      (SCD):    0.881ns
    Clock Pessimism Removal (CPR):    -0.000ns
  Clock Uncertainty:      0.154ns  ((TSJ^2 + TIJ^2)^1/2 + DJ) / 2 + PE
    Total System Jitter     (TSJ):    0.071ns
    Total Input Jitter      (TIJ):    0.300ns
    Discrete Jitter          (DJ):    0.000ns
    Phase Error              (PE):    0.000ns
  Timing Exception:       False Path

    Location             Delay type                Incr(ns)  Path(ns)    Netlist Resource(s)
  -------------------------------------------------------------------    -------------------
                         (clock clk_fpga_0 rise edge)
                                                      0.000     0.000 r  
    PS7_X0Y0             PS7                          0.000     0.000 r  u_block_design/design_1_i/processing_system7_0/inst/PS7_i/FCLKCLK[0]
                         net (fo=1, routed)           0.310     0.310    u_block_design/design_1_i/processing_system7_0/inst/FCLK_CLK_unbuffered[0]
    BUFGCTRL_X0Y16       BUFG (Prop_bufg_I_O)         0.026     0.336 r  u_block_design/design_1_i/processing_system7_0/inst/buffer_fclk_clk_0.FCLK_CLK_0_BUFG/O
                         net (fo=12063, routed)       0.545     0.881    u_block_design/design_1_i/proc_sys_reset_0/U0/slowest_sync_clk
    SLICE_X49Y71         FDRE                                         r  u_block_design/design_1_i/proc_sys_reset_0/U0/ACTIVE_LOW_PR_OUT_DFF[0].FDRE_PER_N/C
  -------------------------------------------------------------------    -------------------
    SLICE_X49Y71         FDRE (Prop_fdre_C_Q)         0.141     1.022 r  u_block_design/design_1_i/proc_sys_reset_0/U0/ACTIVE_LOW_PR_OUT_DFF[0].FDRE_PER_N/Q
                         net (fo=69, routed)          1.253     2.275    u_block_design/design_1_i/axi_interconnect_hp0/s00_couplers/auto_pc/inst/gen_axi4_axi3.axi3_conv_inst/USE_READ.USE_SPLIT_R.read_addr_inst/USE_R_CHANNEL.cmd_queue/inst/aresetn
    SLICE_X27Y37         LUT1 (Prop_lut1_I0_O)        0.045     2.320 f  u_block_design/design_1_i/axi_interconnect_hp0/s00_couplers/auto_pc/inst/gen_axi4_axi3.axi3_conv_inst/USE_READ.USE_SPLIT_R.read_addr_inst/USE_R_CHANNEL.cmd_queue/inst/S_AXI_ASIZE_Q[2]_i_1/O
                         net (fo=44, routed)          0.520     2.839    snn_core_group_top/design_1_wrapper/design_1/design_1_axi_interconnect_hp0_0/s00_couplers_imp_S4BDUK/design_1_axi_interconnect_hp0_imp_auto_pc_0/design_1_axi_interconnect_hp0_imp_auto_pc_0_axi_protocol_converter_v2_1_37_axi_protocol_converter/design_1_axi_interconnect_hp0_imp_auto_pc_0_axi_protocol_converter_v2_1_37_axi3_conv/design_1_axi_interconnect_hp0_imp_auto_pc_0_axi_protocol_converter_v2_1_37_a_axi3_conv/design_1_axi_interconnect_hp0_imp_auto_pc_0_axi_data_fifo_v2_1_36_axic_fifo/design_1_axi_interconnect_hp0_imp_auto_pc_0_axi_data_fifo_v2_1_36_fifo_gen/<hidden>/<hidden>/<hidden>/<hidden>/<hidden>/<hidden>
    SLICE_X17Y35         FDPE                                         f  snn_core_group_top/design_1_wrapper/design_1/design_1_axi_interconnect_hp0_0/s00_couplers_imp_S4BDUK/design_1_axi_interconnect_hp0_imp_auto_pc_0/design_1_axi_interconnect_hp0_imp_auto_pc_0_axi_protocol_converter_v2_1_37_axi_protocol_converter/design_1_axi_interconnect_hp0_imp_auto_pc_0_axi_protocol_converter_v2_1_37_axi3_conv/design_1_axi_interconnect_hp0_imp_auto_pc_0_axi_protocol_converter_v2_1_37_a_axi3_conv/design_1_axi_interconnect_hp0_imp_auto_pc_0_axi_data_fifo_v2_1_36_axic_fifo/design_1_axi_interconnect_hp0_imp_auto_pc_0_axi_data_fifo_v2_1_36_fifo_gen/<hidden>/<hidden>/<hidden>/<hidden>/<hidden>/<hidden>
  -------------------------------------------------------------------    -------------------

                         (clock clk_fpga_0 rise edge)
                                                      0.000     0.000 r  
    PS7_X0Y0             PS7                          0.000     0.000 r  u_block_design/design_1_i/processing_system7_0/inst/PS7_i/FCLKCLK[0]
                         net (fo=1, routed)           0.337     0.337    u_block_design/design_1_i/processing_system7_0/inst/FCLK_CLK_unbuffered[0]
    BUFGCTRL_X0Y16       BUFG (Prop_bufg_I_O)         0.029     0.366 r  u_block_design/design_1_i/processing_system7_0/inst/buffer_fclk_clk_0.FCLK_CLK_0_BUFG/O
                         net (fo=12063, routed)       0.860     1.226    snn_core_group_top/design_1_wrapper/design_1/design_1_axi_interconnect_hp0_0/s00_couplers_imp_S4BDUK/design_1_axi_interconnect_hp0_imp_auto_pc_0/design_1_axi_interconnect_hp0_imp_auto_pc_0_axi_protocol_converter_v2_1_37_axi_protocol_converter/design_1_axi_interconnect_hp0_imp_auto_pc_0_axi_protocol_converter_v2_1_37_axi3_conv/design_1_axi_interconnect_hp0_imp_auto_pc_0_axi_protocol_converter_v2_1_37_a_axi3_conv/design_1_axi_interconnect_hp0_imp_auto_pc_0_axi_data_fifo_v2_1_36_axic_fifo/design_1_axi_interconnect_hp0_imp_auto_pc_0_axi_data_fifo_v2_1_36_fifo_gen/<hidden>/<hidden>/<hidden>/<hidden>/<hidden>/<hidden>
    SLICE_X17Y35         FDPE                                         r  snn_core_group_top/design_1_wrapper/design_1/design_1_axi_interconnect_hp0_0/s00_couplers_imp_S4BDUK/design_1_axi_interconnect_hp0_imp_auto_pc_0/design_1_axi_interconnect_hp0_imp_auto_pc_0_axi_protocol_converter_v2_1_37_axi_protocol_converter/design_1_axi_interconnect_hp0_imp_auto_pc_0_axi_protocol_converter_v2_1_37_axi3_conv/design_1_axi_interconnect_hp0_imp_auto_pc_0_axi_protocol_converter_v2_1_37_a_axi3_conv/design_1_axi_interconnect_hp0_imp_auto_pc_0_axi_data_fifo_v2_1_36_axic_fifo/design_1_axi_interconnect_hp0_imp_auto_pc_0_axi_data_fifo_v2_1_36_fifo_gen/<hidden>/<hidden>/<hidden>/<hidden>/<hidden>/<hidden>

Slack:                    inf
  Source:                 u_block_design/design_1_i/proc_sys_reset_0/U0/ACTIVE_LOW_PR_OUT_DFF[0].FDRE_PER_N/C
                            (rising edge-triggered cell FDRE clocked by clk_fpga_0  {rise@0.000ns fall@5.000ns period=10.000ns})
  Destination:            u_block_design/design_1_i/axi_dma_1/U0/I_RST_MODULE/REG_HRD_RST/syncstages_ff_reg[0]/D
                            (rising edge-triggered cell FDRE clocked by clk_fpga_0  {rise@0.000ns fall@5.000ns period=10.000ns})
  Path Group:             (none)
  Path Type:              Hold (Min at Fast Process Corner)
  Data Path Delay:        2.033ns  (logic 0.141ns (6.934%)  route 1.892ns (93.066%))
  Logic Levels:           0  
  Clock Path Skew:        0.338ns (DCD - SCD - CPR)
    Destination Clock Delay (DCD):    1.219ns
    Source Clock Delay      (SCD):    0.881ns
    Clock Pessimism Removal (CPR):    -0.000ns
  Clock Uncertainty:      0.154ns  ((TSJ^2 + TIJ^2)^1/2 + DJ) / 2 + PE
    Total System Jitter     (TSJ):    0.071ns
    Total Input Jitter      (TIJ):    0.300ns
    Discrete Jitter          (DJ):    0.000ns
    Phase Error              (PE):    0.000ns
  Timing Exception:       False Path

    Location             Delay type                Incr(ns)  Path(ns)    Netlist Resource(s)
  -------------------------------------------------------------------    -------------------
                         (clock clk_fpga_0 rise edge)
                                                      0.000     0.000 r  
    PS7_X0Y0             PS7                          0.000     0.000 r  u_block_design/design_1_i/processing_system7_0/inst/PS7_i/FCLKCLK[0]
                         net (fo=1, routed)           0.310     0.310    u_block_design/design_1_i/processing_system7_0/inst/FCLK_CLK_unbuffered[0]
    BUFGCTRL_X0Y16       BUFG (Prop_bufg_I_O)         0.026     0.336 r  u_block_design/design_1_i/processing_system7_0/inst/buffer_fclk_clk_0.FCLK_CLK_0_BUFG/O
                         net (fo=12063, routed)       0.545     0.881    u_block_design/design_1_i/proc_sys_reset_0/U0/slowest_sync_clk
    SLICE_X49Y71         FDRE                                         r  u_block_design/design_1_i/proc_sys_reset_0/U0/ACTIVE_LOW_PR_OUT_DFF[0].FDRE_PER_N/C
  -------------------------------------------------------------------    -------------------
    SLICE_X49Y71         FDRE (Prop_fdre_C_Q)         0.141     1.022 r  u_block_design/design_1_i/proc_sys_reset_0/U0/ACTIVE_LOW_PR_OUT_DFF[0].FDRE_PER_N/Q
                         net (fo=69, routed)          1.892     2.914    u_block_design/design_1_i/axi_dma_1/U0/I_RST_MODULE/REG_HRD_RST/src_rst
    SLICE_X19Y21         FDRE                                         r  u_block_design/design_1_i/axi_dma_1/U0/I_RST_MODULE/REG_HRD_RST/syncstages_ff_reg[0]/D
  -------------------------------------------------------------------    -------------------

                         (clock clk_fpga_0 rise edge)
                                                      0.000     0.000 r  
    PS7_X0Y0             PS7                          0.000     0.000 r  u_block_design/design_1_i/processing_system7_0/inst/PS7_i/FCLKCLK[0]
                         net (fo=1, routed)           0.337     0.337    u_block_design/design_1_i/processing_system7_0/inst/FCLK_CLK_unbuffered[0]
    BUFGCTRL_X0Y16       BUFG (Prop_bufg_I_O)         0.029     0.366 r  u_block_design/design_1_i/processing_system7_0/inst/buffer_fclk_clk_0.FCLK_CLK_0_BUFG/O
                         net (fo=12063, routed)       0.853     1.219    u_block_design/design_1_i/axi_dma_1/U0/I_RST_MODULE/REG_HRD_RST/dest_clk
    SLICE_X19Y21         FDRE                                         r  u_block_design/design_1_i/axi_dma_1/U0/I_RST_MODULE/REG_HRD_RST/syncstages_ff_reg[0]/C

Slack:                    inf
  Source:                 u_block_design/design_1_i/proc_sys_reset_0/U0/ACTIVE_LOW_PR_OUT_DFF[0].FDRE_PER_N/C
                            (rising edge-triggered cell FDRE clocked by clk_fpga_0  {rise@0.000ns fall@5.000ns period=10.000ns})
  Destination:            snn_core_group_top/design_1_wrapper/design_1/design_1_axi_interconnect_hp0_0/s01_couplers_imp_12AUBLP/design_1_axi_interconnect_hp0_imp_auto_pc_1/design_1_axi_interconnect_hp0_imp_auto_pc_1_axi_protocol_converter_v2_1_37_axi_protocol_converter/design_1_axi_interconnect_hp0_imp_auto_pc_1_axi_protocol_converter_v2_1_37_axi3_conv/design_1_axi_interconnect_hp0_imp_auto_pc_1_axi_protocol_converter_v2_1_37_a_axi3_conv/design_1_axi_interconnect_hp0_imp_auto_pc_1_axi_data_fifo_v2_1_36_axic_fifo_0/design_1_axi_interconnect_hp0_imp_auto_pc_1_axi_data_fifo_v2_1_36_fifo_gen/<hidden>/<hidden>/<hidden>/<hidden>/<hidden>/<hidden>
                            (removal check against rising-edge clock clk_fpga_0  {rise@0.000ns fall@5.000ns period=10.000ns})
  Path Group:             (none)
  Path Type:              Removal (Min at Fast Process Corner)
  Data Path Delay:        2.224ns  (logic 0.186ns (8.362%)  route 2.038ns (91.638%))
  Logic Levels:           1  (LUT1=1)
  Clock Path Skew:        0.312ns (DCD - SCD - CPR)
    Destination Clock Delay (DCD):    1.193ns
    Source Clock Delay      (SCD):    0.881ns
    Clock Pessimism Removal (CPR):    -0.000ns
  Clock Uncertainty:      0.154ns  ((TSJ^2 + TIJ^2)^1/2 + DJ) / 2 + PE
    Total System Jitter     (TSJ):    0.071ns
    Total Input Jitter      (TIJ):    0.300ns
    Discrete Jitter          (DJ):    0.000ns
    Phase Error              (PE):    0.000ns
  Timing Exception:       False Path

    Location             Delay type                Incr(ns)  Path(ns)    Netlist Resource(s)
  -------------------------------------------------------------------    -------------------
                         (clock clk_fpga_0 rise edge)
                                                      0.000     0.000 r  
    PS7_X0Y0             PS7                          0.000     0.000 r  u_block_design/design_1_i/processing_system7_0/inst/PS7_i/FCLKCLK[0]
                         net (fo=1, routed)           0.310     0.310    u_block_design/design_1_i/processing_system7_0/inst/FCLK_CLK_unbuffered[0]
    BUFGCTRL_X0Y16       BUFG (Prop_bufg_I_O)         0.026     0.336 r  u_block_design/design_1_i/processing_system7_0/inst/buffer_fclk_clk_0.FCLK_CLK_0_BUFG/O
                         net (fo=12063, routed)       0.545     0.881    u_block_design/design_1_i/proc_sys_reset_0/U0/slowest_sync_clk
    SLICE_X49Y71         FDRE                                         r  u_block_design/design_1_i/proc_sys_reset_0/U0/ACTIVE_LOW_PR_OUT_DFF[0].FDRE_PER_N/C
  -------------------------------------------------------------------    -------------------
    SLICE_X49Y71         FDRE (Prop_fdre_C_Q)         0.141     1.022 r  u_block_design/design_1_i/proc_sys_reset_0/U0/ACTIVE_LOW_PR_OUT_DFF[0].FDRE_PER_N/Q
                         net (fo=69, routed)          0.867     1.888    u_block_design/design_1_i/axi_interconnect_hp0/s01_couplers/auto_pc/inst/gen_axi4_axi3.axi3_conv_inst/USE_WRITE.write_addr_inst/USE_BURSTS.cmd_queue/inst/aresetn
    SLICE_X30Y47         LUT1 (Prop_lut1_I0_O)        0.045     1.933 f  u_block_design/design_1_i/axi_interconnect_hp0/s01_couplers/auto_pc/inst/gen_axi4_axi3.axi3_conv_inst/USE_WRITE.write_addr_inst/USE_BURSTS.cmd_queue/inst/S_AXI_AREADY_I_i_1/O
                         net (fo=115, routed)         1.172     3.105    snn_core_group_top/design_1_wrapper/design_1/design_1_axi_interconnect_hp0_0/s01_couplers_imp_12AUBLP/design_1_axi_interconnect_hp0_imp_auto_pc_1/design_1_axi_interconnect_hp0_imp_auto_pc_1_axi_protocol_converter_v2_1_37_axi_protocol_converter/design_1_axi_interconnect_hp0_imp_auto_pc_1_axi_protocol_converter_v2_1_37_axi3_conv/design_1_axi_interconnect_hp0_imp_auto_pc_1_axi_protocol_converter_v2_1_37_a_axi3_conv/design_1_axi_interconnect_hp0_imp_auto_pc_1_axi_data_fifo_v2_1_36_axic_fifo_0/design_1_axi_interconnect_hp0_imp_auto_pc_1_axi_data_fifo_v2_1_36_fifo_gen/<hidden>/<hidden>/<hidden>/<hidden>/<hidden>/<hidden>
    SLICE_X42Y39         FDPE                                         f  snn_core_group_top/design_1_wrapper/design_1/design_1_axi_interconnect_hp0_0/s01_couplers_imp_12AUBLP/design_1_axi_interconnect_hp0_imp_auto_pc_1/design_1_axi_interconnect_hp0_imp_auto_pc_1_axi_protocol_converter_v2_1_37_axi_protocol_converter/design_1_axi_interconnect_hp0_imp_auto_pc_1_axi_protocol_converter_v2_1_37_axi3_conv/design_1_axi_interconnect_hp0_imp_auto_pc_1_axi_protocol_converter_v2_1_37_a_axi3_conv/design_1_axi_interconnect_hp0_imp_auto_pc_1_axi_data_fifo_v2_1_36_axic_fifo_0/design_1_axi_interconnect_hp0_imp_auto_pc_1_axi_data_fifo_v2_1_36_fifo_gen/<hidden>/<hidden>/<hidden>/<hidden>/<hidden>/<hidden>
  -------------------------------------------------------------------    -------------------

                         (clock clk_fpga_0 rise edge)
                                                      0.000     0.000 r  
    PS7_X0Y0             PS7                          0.000     0.000 r  u_block_design/design_1_i/processing_system7_0/inst/PS7_i/FCLKCLK[0]
                         net (fo=1, routed)           0.337     0.337    u_block_design/design_1_i/processing_system7_0/inst/FCLK_CLK_unbuffered[0]
    BUFGCTRL_X0Y16       BUFG (Prop_bufg_I_O)         0.029     0.366 r  u_block_design/design_1_i/processing_system7_0/inst/buffer_fclk_clk_0.FCLK_CLK_0_BUFG/O
                         net (fo=12063, routed)       0.827     1.193    snn_core_group_top/design_1_wrapper/design_1/design_1_axi_interconnect_hp0_0/s01_couplers_imp_12AUBLP/design_1_axi_interconnect_hp0_imp_auto_pc_1/design_1_axi_interconnect_hp0_imp_auto_pc_1_axi_protocol_converter_v2_1_37_axi_protocol_converter/design_1_axi_interconnect_hp0_imp_auto_pc_1_axi_protocol_converter_v2_1_37_axi3_conv/design_1_axi_interconnect_hp0_imp_auto_pc_1_axi_protocol_converter_v2_1_37_a_axi3_conv/design_1_axi_interconnect_hp0_imp_auto_pc_1_axi_data_fifo_v2_1_36_axic_fifo_0/design_1_axi_interconnect_hp0_imp_auto_pc_1_axi_data_fifo_v2_1_36_fifo_gen/<hidden>/<hidden>/<hidden>/<hidden>/<hidden>/<hidden>
    SLICE_X42Y39         FDPE                                         r  snn_core_group_top/design_1_wrapper/design_1/design_1_axi_interconnect_hp0_0/s01_couplers_imp_12AUBLP/design_1_axi_interconnect_hp0_imp_auto_pc_1/design_1_axi_interconnect_hp0_imp_auto_pc_1_axi_protocol_converter_v2_1_37_axi_protocol_converter/design_1_axi_interconnect_hp0_imp_auto_pc_1_axi_protocol_converter_v2_1_37_axi3_conv/design_1_axi_interconnect_hp0_imp_auto_pc_1_axi_protocol_converter_v2_1_37_a_axi3_conv/design_1_axi_interconnect_hp0_imp_auto_pc_1_axi_data_fifo_v2_1_36_axic_fifo_0/design_1_axi_interconnect_hp0_imp_auto_pc_1_axi_data_fifo_v2_1_36_fifo_gen/<hidden>/<hidden>/<hidden>/<hidden>/<hidden>/<hidden>

Slack:                    inf
  Source:                 u_block_design/design_1_i/proc_sys_reset_0/U0/ACTIVE_LOW_PR_OUT_DFF[0].FDRE_PER_N/C
                            (rising edge-triggered cell FDRE clocked by clk_fpga_0  {rise@0.000ns fall@5.000ns period=10.000ns})
  Destination:            snn_core_group_top/design_1_wrapper/design_1/design_1_axi_interconnect_hp0_0/s01_couplers_imp_12AUBLP/design_1_axi_interconnect_hp0_imp_auto_pc_1/design_1_axi_interconnect_hp0_imp_auto_pc_1_axi_protocol_converter_v2_1_37_axi_protocol_converter/design_1_axi_interconnect_hp0_imp_auto_pc_1_axi_protocol_converter_v2_1_37_axi3_conv/design_1_axi_interconnect_hp0_imp_auto_pc_1_axi_protocol_converter_v2_1_37_a_axi3_conv/design_1_axi_interconnect_hp0_imp_auto_pc_1_axi_data_fifo_v2_1_36_axic_fifo_0/design_1_axi_interconnect_hp0_imp_auto_pc_1_axi_data_fifo_v2_1_36_fifo_gen/<hidden>/<hidden>/<hidden>/<hidden>/<hidden>/<hidden>
                            (removal check against rising-edge clock clk_fpga_0  {rise@0.000ns fall@5.000ns period=10.000ns})
  Path Group:             (none)
  Path Type:              Removal (Min at Fast Process Corner)
  Data Path Delay:        2.224ns  (logic 0.186ns (8.362%)  route 2.038ns (91.638%))
  Logic Levels:           1  (LUT1=1)
  Clock Path Skew:        0.312ns (DCD - SCD - CPR)
    Destination Clock Delay (DCD):    1.193ns
    Source Clock Delay      (SCD):    0.881ns
    Clock Pessimism Removal (CPR):    -0.000ns
  Clock Uncertainty:      0.154ns  ((TSJ^2 + TIJ^2)^1/2 + DJ) / 2 + PE
    Total System Jitter     (TSJ):    0.071ns
    Total Input Jitter      (TIJ):    0.300ns
    Discrete Jitter          (DJ):    0.000ns
    Phase Error              (PE):    0.000ns
  Timing Exception:       False Path

    Location             Delay type                Incr(ns)  Path(ns)    Netlist Resource(s)
  -------------------------------------------------------------------    -------------------
                         (clock clk_fpga_0 rise edge)
                                                      0.000     0.000 r  
    PS7_X0Y0             PS7                          0.000     0.000 r  u_block_design/design_1_i/processing_system7_0/inst/PS7_i/FCLKCLK[0]
                         net (fo=1, routed)           0.310     0.310    u_block_design/design_1_i/processing_system7_0/inst/FCLK_CLK_unbuffered[0]
    BUFGCTRL_X0Y16       BUFG (Prop_bufg_I_O)         0.026     0.336 r  u_block_design/design_1_i/processing_system7_0/inst/buffer_fclk_clk_0.FCLK_CLK_0_BUFG/O
                         net (fo=12063, routed)       0.545     0.881    u_block_design/design_1_i/proc_sys_reset_0/U0/slowest_sync_clk
    SLICE_X49Y71         FDRE                                         r  u_block_design/design_1_i/proc_sys_reset_0/U0/ACTIVE_LOW_PR_OUT_DFF[0].FDRE_PER_N/C
  -------------------------------------------------------------------    -------------------
    SLICE_X49Y71         FDRE (Prop_fdre_C_Q)         0.141     1.022 r  u_block_design/design_1_i/proc_sys_reset_0/U0/ACTIVE_LOW_PR_OUT_DFF[0].FDRE_PER_N/Q
                         net (fo=69, routed)          0.867     1.888    u_block_design/design_1_i/axi_interconnect_hp0/s01_couplers/auto_pc/inst/gen_axi4_axi3.axi3_conv_inst/USE_WRITE.write_addr_inst/USE_BURSTS.cmd_queue/inst/aresetn
    SLICE_X30Y47         LUT1 (Prop_lut1_I0_O)        0.045     1.933 f  u_block_design/design_1_i/axi_interconnect_hp0/s01_couplers/auto_pc/inst/gen_axi4_axi3.axi3_conv_inst/USE_WRITE.write_addr_inst/USE_BURSTS.cmd_queue/inst/S_AXI_AREADY_I_i_1/O
                         net (fo=115, routed)         1.172     3.105    snn_core_group_top/design_1_wrapper/design_1/design_1_axi_interconnect_hp0_0/s01_couplers_imp_12AUBLP/design_1_axi_interconnect_hp0_imp_auto_pc_1/design_1_axi_interconnect_hp0_imp_auto_pc_1_axi_protocol_converter_v2_1_37_axi_protocol_converter/design_1_axi_interconnect_hp0_imp_auto_pc_1_axi_protocol_converter_v2_1_37_axi3_conv/design_1_axi_interconnect_hp0_imp_auto_pc_1_axi_protocol_converter_v2_1_37_a_axi3_conv/design_1_axi_interconnect_hp0_imp_auto_pc_1_axi_data_fifo_v2_1_36_axic_fifo_0/design_1_axi_interconnect_hp0_imp_auto_pc_1_axi_data_fifo_v2_1_36_fifo_gen/<hidden>/<hidden>/<hidden>/<hidden>/<hidden>/<hidden>
    SLICE_X42Y39         FDPE                                         f  snn_core_group_top/design_1_wrapper/design_1/design_1_axi_interconnect_hp0_0/s01_couplers_imp_12AUBLP/design_1_axi_interconnect_hp0_imp_auto_pc_1/design_1_axi_interconnect_hp0_imp_auto_pc_1_axi_protocol_converter_v2_1_37_axi_protocol_converter/design_1_axi_interconnect_hp0_imp_auto_pc_1_axi_protocol_converter_v2_1_37_axi3_conv/design_1_axi_interconnect_hp0_imp_auto_pc_1_axi_protocol_converter_v2_1_37_a_axi3_conv/design_1_axi_interconnect_hp0_imp_auto_pc_1_axi_data_fifo_v2_1_36_axic_fifo_0/design_1_axi_interconnect_hp0_imp_auto_pc_1_axi_data_fifo_v2_1_36_fifo_gen/<hidden>/<hidden>/<hidden>/<hidden>/<hidden>/<hidden>
  -------------------------------------------------------------------    -------------------

                         (clock clk_fpga_0 rise edge)
                                                      0.000     0.000 r  
    PS7_X0Y0             PS7                          0.000     0.000 r  u_block_design/design_1_i/processing_system7_0/inst/PS7_i/FCLKCLK[0]
                         net (fo=1, routed)           0.337     0.337    u_block_design/design_1_i/processing_system7_0/inst/FCLK_CLK_unbuffered[0]
    BUFGCTRL_X0Y16       BUFG (Prop_bufg_I_O)         0.029     0.366 r  u_block_design/design_1_i/processing_system7_0/inst/buffer_fclk_clk_0.FCLK_CLK_0_BUFG/O
                         net (fo=12063, routed)       0.827     1.193    snn_core_group_top/design_1_wrapper/design_1/design_1_axi_interconnect_hp0_0/s01_couplers_imp_12AUBLP/design_1_axi_interconnect_hp0_imp_auto_pc_1/design_1_axi_interconnect_hp0_imp_auto_pc_1_axi_protocol_converter_v2_1_37_axi_protocol_converter/design_1_axi_interconnect_hp0_imp_auto_pc_1_axi_protocol_converter_v2_1_37_axi3_conv/design_1_axi_interconnect_hp0_imp_auto_pc_1_axi_protocol_converter_v2_1_37_a_axi3_conv/design_1_axi_interconnect_hp0_imp_auto_pc_1_axi_data_fifo_v2_1_36_axic_fifo_0/design_1_axi_interconnect_hp0_imp_auto_pc_1_axi_data_fifo_v2_1_36_fifo_gen/<hidden>/<hidden>/<hidden>/<hidden>/<hidden>/<hidden>
    SLICE_X42Y39         FDPE                                         r  snn_core_group_top/design_1_wrapper/design_1/design_1_axi_interconnect_hp0_0/s01_couplers_imp_12AUBLP/design_1_axi_interconnect_hp0_imp_auto_pc_1/design_1_axi_interconnect_hp0_imp_auto_pc_1_axi_protocol_converter_v2_1_37_axi_protocol_converter/design_1_axi_interconnect_hp0_imp_auto_pc_1_axi_protocol_converter_v2_1_37_axi3_conv/design_1_axi_interconnect_hp0_imp_auto_pc_1_axi_protocol_converter_v2_1_37_a_axi3_conv/design_1_axi_interconnect_hp0_imp_auto_pc_1_axi_data_fifo_v2_1_36_axic_fifo_0/design_1_axi_interconnect_hp0_imp_auto_pc_1_axi_data_fifo_v2_1_36_fifo_gen/<hidden>/<hidden>/<hidden>/<hidden>/<hidden>/<hidden>





--------------------------------------------------------------------------------------
Path Group:  (none)
From Clock:  clk_fpga_0
  To Clock:  

Max Delay             1 Endpoint
Min Delay             1 Endpoint
--------------------------------------------------------------------------------------


Max Delay Paths
--------------------------------------------------------------------------------------
Slack:                    inf
  Source:                 gen_core_groups[2].u_core_group/fifo_count_reg[6]/C
                            (rising edge-triggered cell FDRE clocked by clk_fpga_0  {rise@0.000ns fall@5.000ns period=10.000ns})
  Destination:            snn_busy
                            (output port)
  Path Group:             (none)
  Path Type:              Max at Slow Process Corner
  Data Path Delay:        11.846ns  (logic 4.781ns (40.363%)  route 7.065ns (59.637%))
  Logic Levels:           5  (LUT4=3 LUT6=1 OBUF=1)
  Clock Uncertainty:      0.152ns  ((TSJ^2 + TIJ^2)^1/2 + DJ) / 2 + PE
    Total System Jitter     (TSJ):    0.050ns
    Total Input Jitter      (TIJ):    0.300ns
    Discrete Jitter          (DJ):    0.000ns
    Phase Error              (PE):    0.000ns

    Location             Delay type                Incr(ns)  Path(ns)    Netlist Resource(s)
  -------------------------------------------------------------------    -------------------
                         (clock clk_fpga_0 rise edge)
                                                      0.000     0.000 r  
    PS7_X0Y0             PS7                          0.000     0.000 r  u_block_design/design_1_i/processing_system7_0/inst/PS7_i/FCLKCLK[0]
                         net (fo=1, routed)           1.193     1.193    u_block_design/design_1_i/processing_system7_0/inst/FCLK_CLK_unbuffered[0]
    BUFGCTRL_X0Y16       BUFG (Prop_bufg_I_O)         0.101     1.294 r  u_block_design/design_1_i/processing_system7_0/inst/buffer_fclk_clk_0.FCLK_CLK_0_BUFG/O
                         net (fo=12063, routed)       1.650     2.944    gen_core_groups[2].u_core_group/clk_100mhz
    SLICE_X49Y56         FDRE                                         r  gen_core_groups[2].u_core_group/fifo_count_reg[6]/C
  -------------------------------------------------------------------    -------------------
    SLICE_X49Y56         FDRE (Prop_fdre_C_Q)         0.456     3.400 r  gen_core_groups[2].u_core_group/fifo_count_reg[6]/Q
                         net (fo=3, routed)           0.975     4.375    gen_core_groups[2].u_core_group/fifo_count_reg[6]
    SLICE_X50Y55         LUT4 (Prop_lut4_I0_O)        0.124     4.499 r  gen_core_groups[2].u_core_group/FSM_sequential_state[2]_i_4__0/O
                         net (fo=1, routed)           0.502     5.001    gen_core_groups[2].u_core_group/FSM_sequential_state[2]_i_4__0_n_0
    SLICE_X50Y55         LUT4 (Prop_lut4_I3_O)        0.124     5.125 f  gen_core_groups[2].u_core_group/FSM_sequential_state[2]_i_2__1/O
                         net (fo=17, routed)          1.076     6.201    gen_core_groups[2].u_core_group/fifo_empty
    SLICE_X46Y56         LUT4 (Prop_lut4_I3_O)        0.150     6.351 r  gen_core_groups[2].u_core_group/snn_busy_OBUF_inst_i_3/O
                         net (fo=2, routed)           1.045     7.396    gen_core_groups[0].u_core_group/grp_busy[0]
    SLICE_X57Y52         LUT6 (Prop_lut6_I1_O)        0.348     7.744 r  gen_core_groups[0].u_core_group/snn_busy_OBUF_inst_i_1/O
                         net (fo=2, routed)           3.466    11.211    snn_busy_OBUF
    Y18                  OBUF (Prop_obuf_I_O)         3.579    14.790 r  snn_busy_OBUF_inst/O
                         net (fo=0)                   0.000    14.790    snn_busy
    Y18                                                               r  snn_busy (OUT)
  -------------------------------------------------------------------    -------------------





Min Delay Paths
--------------------------------------------------------------------------------------
Slack:                    inf
  Source:                 gen_core_groups[0].u_core_group/FSM_sequential_state_reg[1]/C
                            (rising edge-triggered cell FDRE clocked by clk_fpga_0  {rise@0.000ns fall@5.000ns period=10.000ns})
  Destination:            snn_busy
                            (output port)
  Path Group:             (none)
  Path Type:              Min at Fast Process Corner
  Data Path Delay:        3.256ns  (logic 1.511ns (46.406%)  route 1.745ns (53.594%))
  Logic Levels:           3  (LUT3=1 LUT6=1 OBUF=1)
  Clock Uncertainty:      0.152ns  ((TSJ^2 + TIJ^2)^1/2 + DJ) / 2 + PE
    Total System Jitter     (TSJ):    0.050ns
    Total Input Jitter      (TIJ):    0.300ns
    Discrete Jitter          (DJ):    0.000ns
    Phase Error              (PE):    0.000ns

    Location             Delay type                Incr(ns)  Path(ns)    Netlist Resource(s)
  -------------------------------------------------------------------    -------------------
                         (clock clk_fpga_0 rise edge)
                                                      0.000     0.000 r  
    PS7_X0Y0             PS7                          0.000     0.000 r  u_block_design/design_1_i/processing_system7_0/inst/PS7_i/FCLKCLK[0]
                         net (fo=1, routed)           0.310     0.310    u_block_design/design_1_i/processing_system7_0/inst/FCLK_CLK_unbuffered[0]
    BUFGCTRL_X0Y16       BUFG (Prop_bufg_I_O)         0.026     0.336 r  u_block_design/design_1_i/processing_system7_0/inst/buffer_fclk_clk_0.FCLK_CLK_0_BUFG/O
                         net (fo=12063, routed)       0.580     0.916    gen_core_groups[0].u_core_group/clk_100mhz
    SLICE_X63Y52         FDRE                                         r  gen_core_groups[0].u_core_group/FSM_sequential_state_reg[1]/C
  -------------------------------------------------------------------    -------------------
    SLICE_X63Y52         FDRE (Prop_fdre_C_Q)         0.141     1.057 r  gen_core_groups[0].u_core_group/FSM_sequential_state_reg[1]/Q
                         net (fo=32, routed)          0.340     1.396    gen_core_groups[0].u_core_group/state__0[1]
    SLICE_X63Y52         LUT3 (Prop_lut3_I1_O)        0.045     1.441 r  gen_core_groups[0].u_core_group/snn_busy_OBUF_inst_i_5/O
                         net (fo=2, routed)           0.167     1.608    gen_core_groups[0].u_core_group/snn_busy_OBUF_inst_i_5_n_0
    SLICE_X57Y52         LUT6 (Prop_lut6_I3_O)        0.045     1.653 r  gen_core_groups[0].u_core_group/snn_busy_OBUF_inst_i_1/O
                         net (fo=2, routed)           1.238     2.891    snn_busy_OBUF
    Y18                  OBUF (Prop_obuf_I_O)         1.280     4.171 r  snn_busy_OBUF_inst/O
                         net (fo=0)                   0.000     4.171    snn_busy
    Y18                                                               r  snn_busy (OUT)
  -------------------------------------------------------------------    -------------------





