Copyright 1986-2022 Xilinx, Inc. All Rights Reserved. Copyright 2022-2025 Advanced Micro Devices, Inc. All Rights Reserved.
------------------------------------------------------------------------------------------------------------------------------------------------------------------------------------------------------------------------------------------------------------------
| Tool Version : Vivado v.2025.2 (lin64) Build 6299465 Fri Nov 14 12:34:56 MST 2025
| Date         : Mon Aug 24 13:05:28 2026
| Host         : Mariana running 64-bit Ubuntu 22.04.5 LTS
| Command      : report_timing_summary -max_paths 10 -routable_nets -report_unconstrained -file snn_integrated_top_timing_summary_routed.rpt -pb snn_integrated_top_timing_summary_routed.pb -rpx snn_integrated_top_timing_summary_routed.rpx -warn_on_violation
| Design       : snn_integrated_top
| Device       : 7z020-clg400
| Speed File   : -1  PRODUCTION 1.12 2019-11-22
| Design State : Routed
------------------------------------------------------------------------------------------------------------------------------------------------------------------------------------------------------------------------------------------------------------------

Timing Summary Report

------------------------------------------------------------------------------------------------
| Timer Settings
| --------------
------------------------------------------------------------------------------------------------

  Enable Multi Corner Analysis               :  Yes
  Enable Pessimism Removal                   :  Yes
  Pessimism Removal Resolution               :  Nearest Common Node
  Enable Input Delay Default Clock           :  No
  Enable Preset / Clear Arcs                 :  No
  Disable Flight Delays                      :  No
  Ignore I/O Paths                           :  No
  Timing Early Launch at Borrowing Latches   :  No
  Borrow Time for Max Delay Exceptions       :  Yes
  Merge Timing Exceptions                    :  Yes
  Inter-SLR Compensation                     :  Conservative

  Corner  Analyze    Analyze    
  Name    Max Paths  Min Paths  
  ------  ---------  ---------  
  Slow    Yes        Yes        
  Fast    Yes        Yes        


------------------------------------------------------------------------------------------------
| Report Methodology
| ------------------
------------------------------------------------------------------------------------------------

Rule     Severity  Description                                 Violations  
-------  --------  ------------------------------------------  ----------  
LUTAR-1  Warning   LUT drives async reset alert                6           
SYNTH-6  Warning   Timing of a RAM block might be sub-optimal  29          

Note: This report is based on the most recent report_methodology run and may not be up-to-date. Run report_methodology on the current design for the latest report.



check_timing report

Table of Contents
-----------------
1. checking no_clock (0)
2. checking constant_clock (0)
3. checking pulse_width_clock (0)
4. checking unconstrained_internal_endpoints (0)
5. checking no_input_delay (0)
6. checking no_output_delay (0)
7. checking multiple_clock (0)
8. checking generated_clocks (0)
9. checking loops (0)
10. checking partial_input_delay (0)
11. checking partial_output_delay (0)
12. checking latch_loops (0)

1. checking no_clock (0)
------------------------
 There are 0 register/latch pins with no clock.


2. checking constant_clock (0)
------------------------------
 There are 0 register/latch pins with constant_clock.


3. checking pulse_width_clock (0)
---------------------------------
 There are 0 register/latch pins which need pulse_width check


4. checking unconstrained_internal_endpoints (0)
------------------------------------------------
 There are 0 pins that are not constrained for maximum delay.

 There are 0 pins that are not constrained for maximum delay due to constant clock.


5. checking no_input_delay (0)
------------------------------
 There are 0 input ports with no input delay specified.

 There are 0 input ports with no input delay but user has a false path constraint.


6. checking no_output_delay (0)
-------------------------------
 There are 0 ports with no output delay specified.

 There are 0 ports with no output delay but user has a false path constraint

 There are 0 ports with no output delay but with a timing clock defined on it or propagating through it


7. checking multiple_clock (0)
------------------------------
 There are 0 register/latch pins with multiple clocks.


8. checking generated_clocks (0)
--------------------------------
 There are 0 generated clocks that are not connected to a clock source.


9. checking loops (0)
---------------------
 There are 0 combinational loops in the design.


10. checking partial_input_delay (0)
------------------------------------
 There are 0 input ports with partial input delay specified.


11. checking partial_output_delay (0)
-------------------------------------
 There are 0 ports with partial output delay specified.


12. checking latch_loops (0)
----------------------------
 There are 0 combinational latch loops in the design through latch input



------------------------------------------------------------------------------------------------
| Design Timing Summary
| ---------------------
------------------------------------------------------------------------------------------------

    WNS(ns)      TNS(ns)  TNS Failing Endpoints  TNS Total Endpoints      WHS(ns)      THS(ns)  THS Failing Endpoints  THS Total Endpoints     WPWS(ns)     TPWS(ns)  TPWS Failing Endpoints  TPWS Total Endpoints  
    -------      -------  ---------------------  -------------------      -------      -------  ---------------------  -------------------     --------     --------  ----------------------  --------------------  
      0.146        0.000                      0                71017        0.012        0.000                      0                71017        3.750        0.000                       0                 16057  


All user specified timing constraints are met.


------------------------------------------------------------------------------------------------
| Clock Summary
| -------------
------------------------------------------------------------------------------------------------

Clock       Waveform(ns)       Period(ns)      Frequency(MHz)
-----       ------------       ----------      --------------
clk_fpga_0  {0.000 5.000}      10.000          100.000         


------------------------------------------------------------------------------------------------
| Intra Clock Table
| -----------------
------------------------------------------------------------------------------------------------

Clock             WNS(ns)      TNS(ns)  TNS Failing Endpoints  TNS Total Endpoints      WHS(ns)      THS(ns)  THS Failing Endpoints  THS Total Endpoints     WPWS(ns)     TPWS(ns)  TPWS Failing Endpoints  TPWS Total Endpoints  
-----             -------      -------  ---------------------  -------------------      -------      -------  ---------------------  -------------------     --------     --------  ----------------------  --------------------  
clk_fpga_0          0.146        0.000                      0                70825        0.012        0.000                      0                70825        3.750        0.000                       0                 16057  


------------------------------------------------------------------------------------------------
| Inter Clock Table
| -----------------
------------------------------------------------------------------------------------------------

From Clock    To Clock          WNS(ns)      TNS(ns)  TNS Failing Endpoints  TNS Total Endpoints      WHS(ns)      THS(ns)  THS Failing Endpoints  THS Total Endpoints  
----------    --------          -------      -------  ---------------------  -------------------      -------      -------  ---------------------  -------------------  


------------------------------------------------------------------------------------------------
| Other Path Groups Table
| -----------------------
------------------------------------------------------------------------------------------------

Path Group         From Clock         To Clock               WNS(ns)      TNS(ns)  TNS Failing Endpoints  TNS Total Endpoints      WHS(ns)      THS(ns)  THS Failing Endpoints  THS Total Endpoints  
----------         ----------         --------               -------      -------  ---------------------  -------------------      -------      -------  ---------------------  -------------------  
**async_default**  clk_fpga_0         clk_fpga_0               5.891        0.000                      0                  192        0.590        0.000                      0                  192  


------------------------------------------------------------------------------------------------
| User Ignored Path Table
| -----------------------
------------------------------------------------------------------------------------------------

Path Group    From Clock    To Clock    
----------    ----------    --------    
(none)                      clk_fpga_0    
(none)        clk_fpga_0    clk_fpga_0    


------------------------------------------------------------------------------------------------
| Unconstrained Path Table
| ------------------------
------------------------------------------------------------------------------------------------

Path Group    From Clock    To Clock    
----------    ----------    --------    


------------------------------------------------------------------------------------------------
| Timing Details
| --------------
------------------------------------------------------------------------------------------------


---------------------------------------------------------------------------------------------------
From Clock:  clk_fpga_0
  To Clock:  clk_fpga_0

Setup :            0  Failing Endpoints,  Worst Slack        0.146ns,  Total Violation        0.000ns
Hold  :            0  Failing Endpoints,  Worst Slack        0.012ns,  Total Violation        0.000ns
PW    :            0  Failing Endpoints,  Worst Slack        3.750ns,  Total Violation        0.000ns
---------------------------------------------------------------------------------------------------


Max Delay Paths
--------------------------------------------------------------------------------------
Slack (MET) :             0.146ns  (required time - arrival time)
  Source:                 u_block_design/design_1_i/snn_top_hls_0/inst/weight_memory_U/address0_t1_reg[11]_rep__1/C
                            (rising edge-triggered cell FDRE clocked by clk_fpga_0  {rise@0.000ns fall@5.000ns period=10.000ns})
  Destination:            u_block_design/design_1_i/snn_top_hls_0/inst/weight_memory_U/ram_reg_16_3/ADDRARDADDR[11]
                            (rising edge-triggered cell RAMB36E1 clocked by clk_fpga_0  {rise@0.000ns fall@5.000ns period=10.000ns})
  Path Group:             clk_fpga_0
  Path Type:              Setup (Max at Slow Process Corner)
  Requirement:            10.000ns  (clk_fpga_0 rise@10.000ns - clk_fpga_0 rise@0.000ns)
  Data Path Delay:        9.043ns  (logic 0.456ns (5.042%)  route 8.587ns (94.958%))
  Logic Levels:           0  
  Clock Path Skew:        -0.090ns (DCD - SCD + CPR)
    Destination Clock Delay (DCD):    2.795ns = ( 12.795 - 10.000 ) 
    Source Clock Delay      (SCD):    3.014ns
    Clock Pessimism Removal (CPR):    0.129ns
  Clock Uncertainty:      0.154ns  ((TSJ^2 + TIJ^2)^1/2 + DJ) / 2 + PE
    Total System Jitter     (TSJ):    0.071ns
    Total Input Jitter      (TIJ):    0.300ns
    Discrete Jitter          (DJ):    0.000ns
    Phase Error              (PE):    0.000ns

    Location             Delay type                Incr(ns)  Path(ns)    Netlist Resource(s)
  -------------------------------------------------------------------    -------------------
                         (clock clk_fpga_0 rise edge)
                                                      0.000     0.000 r  
    PS7_X0Y0             PS7                          0.000     0.000 r  u_block_design/design_1_i/processing_system7_0/inst/PS7_i/FCLKCLK[0]
                         net (fo=1, routed)           1.193     1.193    u_block_design/design_1_i/processing_system7_0/inst/FCLK_CLK_unbuffered[0]
    BUFGCTRL_X0Y16       BUFG (Prop_bufg_I_O)         0.101     1.294 r  u_block_design/design_1_i/processing_system7_0/inst/buffer_fclk_clk_0.FCLK_CLK_0_BUFG/O
                         net (fo=16061, routed)       1.720     3.014    u_block_design/design_1_i/snn_top_hls_0/inst/weight_memory_U/ap_clk
    SLICE_X69Y29         FDRE                                         r  u_block_design/design_1_i/snn_top_hls_0/inst/weight_memory_U/address0_t1_reg[11]_rep__1/C
  -------------------------------------------------------------------    -------------------
    SLICE_X69Y29         FDRE (Prop_fdre_C_Q)         0.456     3.470 r  u_block_design/design_1_i/snn_top_hls_0/inst/weight_memory_U/address0_t1_reg[11]_rep__1/Q
                         net (fo=26, routed)          8.587    12.057    u_block_design/design_1_i/snn_top_hls_0/inst/weight_memory_U/address0_t1_reg[11]_rep__1_n_6
    RAMB36_X0Y6          RAMB36E1                                     r  u_block_design/design_1_i/snn_top_hls_0/inst/weight_memory_U/ram_reg_16_3/ADDRARDADDR[11]
  -------------------------------------------------------------------    -------------------

                         (clock clk_fpga_0 rise edge)
                                                     10.000    10.000 r  
    PS7_X0Y0             PS7                          0.000    10.000 r  u_block_design/design_1_i/processing_system7_0/inst/PS7_i/FCLKCLK[0]
                         net (fo=1, routed)           1.088    11.088    u_block_design/design_1_i/processing_system7_0/inst/FCLK_CLK_unbuffered[0]
    BUFGCTRL_X0Y16       BUFG (Prop_bufg_I_O)         0.091    11.179 r  u_block_design/design_1_i/processing_system7_0/inst/buffer_fclk_clk_0.FCLK_CLK_0_BUFG/O
                         net (fo=16061, routed)       1.616    12.795    u_block_design/design_1_i/snn_top_hls_0/inst/weight_memory_U/ap_clk
    RAMB36_X0Y6          RAMB36E1                                     r  u_block_design/design_1_i/snn_top_hls_0/inst/weight_memory_U/ram_reg_16_3/CLKARDCLK
                         clock pessimism              0.129    12.924    
                         clock uncertainty           -0.154    12.770    
    RAMB36_X0Y6          RAMB36E1 (Setup_ramb36e1_CLKARDCLK_ADDRARDADDR[11])
                                                     -0.566    12.204    u_block_design/design_1_i/snn_top_hls_0/inst/weight_memory_U/ram_reg_16_3
  -------------------------------------------------------------------
                         required time                         12.204    
                         arrival time                         -12.057    
  -------------------------------------------------------------------
                         slack                                  0.146    

Slack (MET) :             0.151ns  (required time - arrival time)
  Source:                 u_block_design/design_1_i/snn_top_hls_0/inst/weight_memory_U/address0_t1_reg[2]_rep__1/C
                            (rising edge-triggered cell FDRE clocked by clk_fpga_0  {rise@0.000ns fall@5.000ns period=10.000ns})
  Destination:            u_block_design/design_1_i/snn_top_hls_0/inst/weight_memory_U/ram_reg_1_3/ADDRARDADDR[2]
                            (rising edge-triggered cell RAMB36E1 clocked by clk_fpga_0  {rise@0.000ns fall@5.000ns period=10.000ns})
  Path Group:             clk_fpga_0
  Path Type:              Setup (Max at Slow Process Corner)
  Requirement:            10.000ns  (clk_fpga_0 rise@10.000ns - clk_fpga_0 rise@0.000ns)
  Data Path Delay:        9.051ns  (logic 0.456ns (5.038%)  route 8.595ns (94.962%))
  Logic Levels:           0  
  Clock Path Skew:        -0.078ns (DCD - SCD + CPR)
    Destination Clock Delay (DCD):    2.803ns = ( 12.803 - 10.000 ) 
    Source Clock Delay      (SCD):    3.010ns
    Clock Pessimism Removal (CPR):    0.129ns
  Clock Uncertainty:      0.154ns  ((TSJ^2 + TIJ^2)^1/2 + DJ) / 2 + PE
    Total System Jitter     (TSJ):    0.071ns
    Total Input Jitter      (TIJ):    0.300ns
    Discrete Jitter          (DJ):    0.000ns
    Phase Error              (PE):    0.000ns

    Location             Delay type                Incr(ns)  Path(ns)    Netlist Resource(s)
  -------------------------------------------------------------------    -------------------
                         (clock clk_fpga_0 rise edge)
                                                      0.000     0.000 r  
    PS7_X0Y0             PS7                          0.000     0.000 r  u_block_design/design_1_i/processing_system7_0/inst/PS7_i/FCLKCLK[0]
                         net (fo=1, routed)           1.193     1.193    u_block_design/design_1_i/processing_system7_0/inst/FCLK_CLK_unbuffered[0]
    BUFGCTRL_X0Y16       BUFG (Prop_bufg_I_O)         0.101     1.294 r  u_block_design/design_1_i/processing_system7_0/inst/buffer_fclk_clk_0.FCLK_CLK_0_BUFG/O
                         net (fo=16061, routed)       1.716     3.010    u_block_design/design_1_i/snn_top_hls_0/inst/weight_memory_U/ap_clk
    SLICE_X71Y27         FDRE                                         r  u_block_design/design_1_i/snn_top_hls_0/inst/weight_memory_U/address0_t1_reg[2]_rep__1/C
  -------------------------------------------------------------------    -------------------
    SLICE_X71Y27         FDRE (Prop_fdre_C_Q)         0.456     3.466 r  u_block_design/design_1_i/snn_top_hls_0/inst/weight_memory_U/address0_t1_reg[2]_rep__1/Q
                         net (fo=26, routed)          8.595    12.061    u_block_design/design_1_i/snn_top_hls_0/inst/weight_memory_U/address0_t1_reg[2]_rep__1_n_6
    RAMB36_X0Y9          RAMB36E1                                     r  u_block_design/design_1_i/snn_top_hls_0/inst/weight_memory_U/ram_reg_1_3/ADDRARDADDR[2]
  -------------------------------------------------------------------    -------------------

                         (clock clk_fpga_0 rise edge)
                                                     10.000    10.000 r  
    PS7_X0Y0             PS7                          0.000    10.000 r  u_block_design/design_1_i/processing_system7_0/inst/PS7_i/FCLKCLK[0]
                         net (fo=1, routed)           1.088    11.088    u_block_design/design_1_i/processing_system7_0/inst/FCLK_CLK_unbuffered[0]
    BUFGCTRL_X0Y16       BUFG (Prop_bufg_I_O)         0.091    11.179 r  u_block_design/design_1_i/processing_system7_0/inst/buffer_fclk_clk_0.FCLK_CLK_0_BUFG/O
                         net (fo=16061, routed)       1.624    12.803    u_block_design/design_1_i/snn_top_hls_0/inst/weight_memory_U/ap_clk
    RAMB36_X0Y9          RAMB36E1                                     r  u_block_design/design_1_i/snn_top_hls_0/inst/weight_memory_U/ram_reg_1_3/CLKARDCLK
                         clock pessimism              0.129    12.932    
                         clock uncertainty           -0.154    12.778    
    RAMB36_X0Y9          RAMB36E1 (Setup_ramb36e1_CLKARDCLK_ADDRARDADDR[2])
                                                     -0.566    12.212    u_block_design/design_1_i/snn_top_hls_0/inst/weight_memory_U/ram_reg_1_3
  -------------------------------------------------------------------
                         required time                         12.212    
                         arrival time                         -12.061    
  -------------------------------------------------------------------
                         slack                                  0.151    

Slack (MET) :             0.294ns  (required time - arrival time)
  Source:                 u_block_design/design_1_i/snn_top_hls_0/inst/weight_memory_U/address1_t1_reg[7]_rep__0/C
                            (rising edge-triggered cell FDRE clocked by clk_fpga_0  {rise@0.000ns fall@5.000ns period=10.000ns})
  Destination:            u_block_design/design_1_i/snn_top_hls_0/inst/weight_memory_U/ram_reg_23_2/ADDRBWRADDR[7]
                            (rising edge-triggered cell RAMB36E1 clocked by clk_fpga_0  {rise@0.000ns fall@5.000ns period=10.000ns})
  Path Group:             clk_fpga_0
  Path Type:              Setup (Max at Slow Process Corner)
  Requirement:            10.000ns  (clk_fpga_0 rise@10.000ns - clk_fpga_0 rise@0.000ns)
  Data Path Delay:        9.084ns  (logic 0.456ns (5.020%)  route 8.628ns (94.980%))
  Logic Levels:           0  
  Clock Path Skew:        0.098ns (DCD - SCD + CPR)
    Destination Clock Delay (DCD):    2.998ns = ( 12.998 - 10.000 ) 
    Source Clock Delay      (SCD):    3.015ns
    Clock Pessimism Removal (CPR):    0.115ns
  Clock Uncertainty:      0.154ns  ((TSJ^2 + TIJ^2)^1/2 + DJ) / 2 + PE
    Total System Jitter     (TSJ):    0.071ns
    Total Input Jitter      (TIJ):    0.300ns
    Discrete Jitter          (DJ):    0.000ns
    Phase Error              (PE):    0.000ns

    Location             Delay type                Incr(ns)  Path(ns)    Netlist Resource(s)
  -------------------------------------------------------------------    -------------------
                         (clock clk_fpga_0 rise edge)
                                                      0.000     0.000 r  
    PS7_X0Y0             PS7                          0.000     0.000 r  u_block_design/design_1_i/processing_system7_0/inst/PS7_i/FCLKCLK[0]
                         net (fo=1, routed)           1.193     1.193    u_block_design/design_1_i/processing_system7_0/inst/FCLK_CLK_unbuffered[0]
    BUFGCTRL_X0Y16       BUFG (Prop_bufg_I_O)         0.101     1.294 r  u_block_design/design_1_i/processing_system7_0/inst/buffer_fclk_clk_0.FCLK_CLK_0_BUFG/O
                         net (fo=16061, routed)       1.721     3.015    u_block_design/design_1_i/snn_top_hls_0/inst/weight_memory_U/ap_clk
    SLICE_X81Y22         FDRE                                         r  u_block_design/design_1_i/snn_top_hls_0/inst/weight_memory_U/address1_t1_reg[7]_rep__0/C
  -------------------------------------------------------------------    -------------------
    SLICE_X81Y22         FDRE (Prop_fdre_C_Q)         0.456     3.471 r  u_block_design/design_1_i/snn_top_hls_0/inst/weight_memory_U/address1_t1_reg[7]_rep__0/Q
                         net (fo=26, routed)          8.628    12.099    u_block_design/design_1_i/snn_top_hls_0/inst/weight_memory_U/address1_t1_reg[7]_rep__0_n_6
    RAMB36_X4Y22         RAMB36E1                                     r  u_block_design/design_1_i/snn_top_hls_0/inst/weight_memory_U/ram_reg_23_2/ADDRBWRADDR[7]
  -------------------------------------------------------------------    -------------------

                         (clock clk_fpga_0 rise edge)
                                                     10.000    10.000 r  
    PS7_X0Y0             PS7                          0.000    10.000 r  u_block_design/design_1_i/processing_system7_0/inst/PS7_i/FCLKCLK[0]
                         net (fo=1, routed)           1.088    11.088    u_block_design/design_1_i/processing_system7_0/inst/FCLK_CLK_unbuffered[0]
    BUFGCTRL_X0Y16       BUFG (Prop_bufg_I_O)         0.091    11.179 r  u_block_design/design_1_i/processing_system7_0/inst/buffer_fclk_clk_0.FCLK_CLK_0_BUFG/O
                         net (fo=16061, routed)       1.819    12.998    u_block_design/design_1_i/snn_top_hls_0/inst/weight_memory_U/ap_clk
    RAMB36_X4Y22         RAMB36E1                                     r  u_block_design/design_1_i/snn_top_hls_0/inst/weight_memory_U/ram_reg_23_2/CLKBWRCLK
                         clock pessimism              0.115    13.113    
                         clock uncertainty           -0.154    12.958    
    RAMB36_X4Y22         RAMB36E1 (Setup_ramb36e1_CLKBWRCLK_ADDRBWRADDR[7])
                                                     -0.566    12.392    u_block_design/design_1_i/snn_top_hls_0/inst/weight_memory_U/ram_reg_23_2
  -------------------------------------------------------------------
                         required time                         12.392    
                         arrival time                         -12.099    
  -------------------------------------------------------------------
                         slack                                  0.294    

Slack (MET) :             0.320ns  (required time - arrival time)
  Source:                 u_block_design/design_1_i/snn_top_hls_0/inst/or_ln1028_reg_4132_reg[0]/C
                            (rising edge-triggered cell FDRE clocked by clk_fpga_0  {rise@0.000ns fall@5.000ns period=10.000ns})
  Destination:            u_block_design/design_1_i/snn_top_hls_0/inst/grp_apply_rstdp_reward_fu_1580/grp_apply_rstdp_reward_Pipeline_RSTDP_INNER_fu_264/mul_8s_8s_16_3_1_U126/buff0_reg/A[20]
                            (rising edge-triggered cell DSP48E1 clocked by clk_fpga_0  {rise@0.000ns fall@5.000ns period=10.000ns})
  Path Group:             clk_fpga_0
  Path Type:              Setup (Max at Slow Process Corner)
  Requirement:            10.000ns  (clk_fpga_0 rise@10.000ns - clk_fpga_0 rise@0.000ns)
  Data Path Delay:        9.004ns  (logic 1.791ns (19.891%)  route 7.213ns (80.109%))
  Logic Levels:           8  (LUT2=1 LUT6=3 MUXF7=2 MUXF8=1 RAMD64E=1)
  Clock Path Skew:        0.015ns (DCD - SCD + CPR)
    Destination Clock Delay (DCD):    2.833ns = ( 12.833 - 10.000 ) 
    Source Clock Delay      (SCD):    2.947ns
    Clock Pessimism Removal (CPR):    0.129ns
  Clock Uncertainty:      0.154ns  ((TSJ^2 + TIJ^2)^1/2 + DJ) / 2 + PE
    Total System Jitter     (TSJ):    0.071ns
    Total Input Jitter      (TIJ):    0.300ns
    Discrete Jitter          (DJ):    0.000ns
    Phase Error              (PE):    0.000ns

    Location             Delay type                Incr(ns)  Path(ns)    Netlist Resource(s)
  -------------------------------------------------------------------    -------------------
                         (clock clk_fpga_0 rise edge)
                                                      0.000     0.000 r  
    PS7_X0Y0             PS7                          0.000     0.000 r  u_block_design/design_1_i/processing_system7_0/inst/PS7_i/FCLKCLK[0]
                         net (fo=1, routed)           1.193     1.193    u_block_design/design_1_i/processing_system7_0/inst/FCLK_CLK_unbuffered[0]
    BUFGCTRL_X0Y16       BUFG (Prop_bufg_I_O)         0.101     1.294 r  u_block_design/design_1_i/processing_system7_0/inst/buffer_fclk_clk_0.FCLK_CLK_0_BUFG/O
                         net (fo=16061, routed)       1.653     2.947    u_block_design/design_1_i/snn_top_hls_0/inst/ap_clk
    SLICE_X53Y38         FDRE                                         r  u_block_design/design_1_i/snn_top_hls_0/inst/or_ln1028_reg_4132_reg[0]/C
  -------------------------------------------------------------------    -------------------
    SLICE_X53Y38         FDRE (Prop_fdre_C_Q)         0.456     3.403 f  u_block_design/design_1_i/snn_top_hls_0/inst/or_ln1028_reg_4132_reg[0]/Q
                         net (fo=27, routed)          0.610     4.013    u_block_design/design_1_i/snn_top_hls_0/inst/pre_eligibility_U/empty_83_fu_646_reg[0]_0
    SLICE_X52Y34         LUT2 (Prop_lut2_I1_O)        0.124     4.137 r  u_block_design/design_1_i/snn_top_hls_0/inst/pre_eligibility_U/ram_reg_0_63_0_2_i_24__2/O
                         net (fo=171, routed)         2.131     6.268    u_block_design/design_1_i/snn_top_hls_0/inst/grp_decay_eligibility_traces_fu_1620/grp_decay_eligibility_traces_Pipeline_DECAY_POST_fu_24/flow_control_loop_pipe_sequential_init_U/empty_83_fu_646_reg[0]
    SLICE_X28Y38         LUT6 (Prop_lut6_I3_O)        0.124     6.392 r  u_block_design/design_1_i/snn_top_hls_0/inst/grp_decay_eligibility_traces_fu_1620/grp_decay_eligibility_traces_Pipeline_DECAY_POST_fu_24/flow_control_loop_pipe_sequential_init_U/ram_reg_0_63_6_7_i_4__0/O
                         net (fo=96, routed)          1.243     7.634    u_block_design/design_1_i/snn_top_hls_0/inst/post_eligibility_U/ram_reg_960_1023_6_7/ADDRB4
    SLICE_X32Y48         RAMD64E (Prop_ramd64e_RADR4_O)
                                                      0.124     7.758 r  u_block_design/design_1_i/snn_top_hls_0/inst/post_eligibility_U/ram_reg_960_1023_6_7/RAMB/O
                         net (fo=1, routed)           1.596     9.354    u_block_design/design_1_i/snn_top_hls_0/inst/post_eligibility_U/ram_reg_960_1023_6_7_n_7
    SLICE_X25Y36         LUT6 (Prop_lut6_I0_O)        0.124     9.478 r  u_block_design/design_1_i/snn_top_hls_0/inst/post_eligibility_U/buff0_reg_i_191/O
                         net (fo=1, routed)           0.000     9.478    u_block_design/design_1_i/snn_top_hls_0/inst/post_eligibility_U/buff0_reg_i_191_n_6
    SLICE_X25Y36         MUXF7 (Prop_muxf7_I1_O)      0.217     9.695 r  u_block_design/design_1_i/snn_top_hls_0/inst/post_eligibility_U/buff0_reg_i_86/O
                         net (fo=1, routed)           0.000     9.695    u_block_design/design_1_i/snn_top_hls_0/inst/post_eligibility_U/buff0_reg_i_86_n_6
    SLICE_X25Y36         MUXF8 (Prop_muxf8_I1_O)      0.094     9.789 r  u_block_design/design_1_i/snn_top_hls_0/inst/post_eligibility_U/buff0_reg_i_33/O
                         net (fo=1, routed)           0.652    10.441    u_block_design/design_1_i/snn_top_hls_0/inst/post_eligibility_U/buff0_reg_i_33_n_6
    SLICE_X24Y29         LUT6 (Prop_lut6_I5_O)        0.316    10.757 r  u_block_design/design_1_i/snn_top_hls_0/inst/post_eligibility_U/buff0_reg_i_12/O
                         net (fo=1, routed)           0.000    10.757    u_block_design/design_1_i/snn_top_hls_0/inst/grp_decay_eligibility_traces_fu_1620/grp_decay_eligibility_traces_Pipeline_DECAY_POST_fu_24/flow_control_loop_pipe_sequential_init_U/q0_reg[7]
    SLICE_X24Y29         MUXF7 (Prop_muxf7_I0_O)      0.212    10.969 r  u_block_design/design_1_i/snn_top_hls_0/inst/grp_decay_eligibility_traces_fu_1620/grp_decay_eligibility_traces_Pipeline_DECAY_POST_fu_24/flow_control_loop_pipe_sequential_init_U/buff0_reg_i_2/O
                         net (fo=24, routed)          0.982    11.951    u_block_design/design_1_i/snn_top_hls_0/inst/grp_apply_rstdp_reward_fu_1580/grp_apply_rstdp_reward_Pipeline_RSTDP_INNER_fu_264/mul_8s_8s_16_3_1_U126/A[7]
    DSP48_X1Y10          DSP48E1                                      r  u_block_design/design_1_i/snn_top_hls_0/inst/grp_apply_rstdp_reward_fu_1580/grp_apply_rstdp_reward_Pipeline_RSTDP_INNER_fu_264/mul_8s_8s_16_3_1_U126/buff0_reg/A[20]
  -------------------------------------------------------------------    -------------------

                         (clock clk_fpga_0 rise edge)
                                                     10.000    10.000 r  
    PS7_X0Y0             PS7                          0.000    10.000 r  u_block_design/design_1_i/processing_system7_0/inst/PS7_i/FCLKCLK[0]
                         net (fo=1, routed)           1.088    11.088    u_block_design/design_1_i/processing_system7_0/inst/FCLK_CLK_unbuffered[0]
    BUFGCTRL_X0Y16       BUFG (Prop_bufg_I_O)         0.091    11.179 r  u_block_design/design_1_i/processing_system7_0/inst/buffer_fclk_clk_0.FCLK_CLK_0_BUFG/O
                         net (fo=16061, routed)       1.654    12.833    u_block_design/design_1_i/snn_top_hls_0/inst/grp_apply_rstdp_reward_fu_1580/grp_apply_rstdp_reward_Pipeline_RSTDP_INNER_fu_264/mul_8s_8s_16_3_1_U126/ap_clk
    DSP48_X1Y10          DSP48E1                                      r  u_block_design/design_1_i/snn_top_hls_0/inst/grp_apply_rstdp_reward_fu_1580/grp_apply_rstdp_reward_Pipeline_RSTDP_INNER_fu_264/mul_8s_8s_16_3_1_U126/buff0_reg/CLK
                         clock pessimism              0.129    12.962    
                         clock uncertainty           -0.154    12.808    
    DSP48_X1Y10          DSP48E1 (Setup_dsp48e1_CLK_A[20])
                                                     -0.537    12.271    u_block_design/design_1_i/snn_top_hls_0/inst/grp_apply_rstdp_reward_fu_1580/grp_apply_rstdp_reward_Pipeline_RSTDP_INNER_fu_264/mul_8s_8s_16_3_1_U126/buff0_reg
  -------------------------------------------------------------------
                         required time                         12.271    
                         arrival time                         -11.951    
  -------------------------------------------------------------------
                         slack                                  0.320    

Slack (MET) :             0.328ns  (required time - arrival time)
  Source:                 u_block_design/design_1_i/snn_top_hls_0/inst/weight_memory_U/address1_t1_reg[5]_rep__1/C
                            (rising edge-triggered cell FDRE clocked by clk_fpga_0  {rise@0.000ns fall@5.000ns period=10.000ns})
  Destination:            u_block_design/design_1_i/snn_top_hls_0/inst/weight_memory_U/ram_reg_0_3/ADDRBWRADDR[5]
                            (rising edge-triggered cell RAMB36E1 clocked by clk_fpga_0  {rise@0.000ns fall@5.000ns period=10.000ns})
  Path Group:             clk_fpga_0
  Path Type:              Setup (Max at Slow Process Corner)
  Requirement:            10.000ns  (clk_fpga_0 rise@10.000ns - clk_fpga_0 rise@0.000ns)
  Data Path Delay:        8.867ns  (logic 0.456ns (5.143%)  route 8.411ns (94.857%))
  Logic Levels:           0  
  Clock Path Skew:        -0.085ns (DCD - SCD + CPR)
    Destination Clock Delay (DCD):    2.801ns = ( 12.801 - 10.000 ) 
    Source Clock Delay      (SCD):    3.015ns
    Clock Pessimism Removal (CPR):    0.129ns
  Clock Uncertainty:      0.154ns  ((TSJ^2 + TIJ^2)^1/2 + DJ) / 2 + PE
    Total System Jitter     (TSJ):    0.071ns
    Total Input Jitter      (TIJ):    0.300ns
    Discrete Jitter          (DJ):    0.000ns
    Phase Error              (PE):    0.000ns

    Location             Delay type                Incr(ns)  Path(ns)    Netlist Resource(s)
  -------------------------------------------------------------------    -------------------
                         (clock clk_fpga_0 rise edge)
                                                      0.000     0.000 r  
    PS7_X0Y0             PS7                          0.000     0.000 r  u_block_design/design_1_i/processing_system7_0/inst/PS7_i/FCLKCLK[0]
                         net (fo=1, routed)           1.193     1.193    u_block_design/design_1_i/processing_system7_0/inst/FCLK_CLK_unbuffered[0]
    BUFGCTRL_X0Y16       BUFG (Prop_bufg_I_O)         0.101     1.294 r  u_block_design/design_1_i/processing_system7_0/inst/buffer_fclk_clk_0.FCLK_CLK_0_BUFG/O
                         net (fo=16061, routed)       1.721     3.015    u_block_design/design_1_i/snn_top_hls_0/inst/weight_memory_U/ap_clk
    SLICE_X83Y23         FDRE                                         r  u_block_design/design_1_i/snn_top_hls_0/inst/weight_memory_U/address1_t1_reg[5]_rep__1/C
  -------------------------------------------------------------------    -------------------
    SLICE_X83Y23         FDRE (Prop_fdre_C_Q)         0.456     3.471 r  u_block_design/design_1_i/snn_top_hls_0/inst/weight_memory_U/address1_t1_reg[5]_rep__1/Q
                         net (fo=26, routed)          8.411    11.882    u_block_design/design_1_i/snn_top_hls_0/inst/weight_memory_U/address1_t1_reg[5]_rep__1_n_6
    RAMB36_X0Y8          RAMB36E1                                     r  u_block_design/design_1_i/snn_top_hls_0/inst/weight_memory_U/ram_reg_0_3/ADDRBWRADDR[5]
  -------------------------------------------------------------------    -------------------

                         (clock clk_fpga_0 rise edge)
                                                     10.000    10.000 r  
    PS7_X0Y0             PS7                          0.000    10.000 r  u_block_design/design_1_i/processing_system7_0/inst/PS7_i/FCLKCLK[0]
                         net (fo=1, routed)           1.088    11.088    u_block_design/design_1_i/processing_system7_0/inst/FCLK_CLK_unbuffered[0]
    BUFGCTRL_X0Y16       BUFG (Prop_bufg_I_O)         0.091    11.179 r  u_block_design/design_1_i/processing_system7_0/inst/buffer_fclk_clk_0.FCLK_CLK_0_BUFG/O
                         net (fo=16061, routed)       1.622    12.801    u_block_design/design_1_i/snn_top_hls_0/inst/weight_memory_U/ap_clk
    RAMB36_X0Y8          RAMB36E1                                     r  u_block_design/design_1_i/snn_top_hls_0/inst/weight_memory_U/ram_reg_0_3/CLKBWRCLK
                         clock pessimism              0.129    12.930    
                         clock uncertainty           -0.154    12.776    
    RAMB36_X0Y8          RAMB36E1 (Setup_ramb36e1_CLKBWRCLK_ADDRBWRADDR[5])
                                                     -0.566    12.210    u_block_design/design_1_i/snn_top_hls_0/inst/weight_memory_U/ram_reg_0_3
  -------------------------------------------------------------------
                         required time                         12.210    
                         arrival time                         -11.882    
  -------------------------------------------------------------------
                         slack                                  0.328    

Slack (MET) :             0.339ns  (required time - arrival time)
  Source:                 u_block_design/design_1_i/snn_top_hls_0/inst/weight_memory_U/address1_t1_reg[5]_rep__1/C
                            (rising edge-triggered cell FDRE clocked by clk_fpga_0  {rise@0.000ns fall@5.000ns period=10.000ns})
  Destination:            u_block_design/design_1_i/snn_top_hls_0/inst/weight_memory_U/ram_reg_16_3/ADDRBWRADDR[5]
                            (rising edge-triggered cell RAMB36E1 clocked by clk_fpga_0  {rise@0.000ns fall@5.000ns period=10.000ns})
  Path Group:             clk_fpga_0
  Path Type:              Setup (Max at Slow Process Corner)
  Requirement:            10.000ns  (clk_fpga_0 rise@10.000ns - clk_fpga_0 rise@0.000ns)
  Data Path Delay:        8.847ns  (logic 0.456ns (5.154%)  route 8.391ns (94.846%))
  Logic Levels:           0  
  Clock Path Skew:        -0.094ns (DCD - SCD + CPR)
    Destination Clock Delay (DCD):    2.792ns = ( 12.792 - 10.000 ) 
    Source Clock Delay      (SCD):    3.015ns
    Clock Pessimism Removal (CPR):    0.129ns
  Clock Uncertainty:      0.154ns  ((TSJ^2 + TIJ^2)^1/2 + DJ) / 2 + PE
    Total System Jitter     (TSJ):    0.071ns
    Total Input Jitter      (TIJ):    0.300ns
    Discrete Jitter          (DJ):    0.000ns
    Phase Error              (PE):    0.000ns

    Location             Delay type                Incr(ns)  Path(ns)    Netlist Resource(s)
  -------------------------------------------------------------------    -------------------
                         (clock clk_fpga_0 rise edge)
                                                      0.000     0.000 r  
    PS7_X0Y0             PS7                          0.000     0.000 r  u_block_design/design_1_i/processing_system7_0/inst/PS7_i/FCLKCLK[0]
                         net (fo=1, routed)           1.193     1.193    u_block_design/design_1_i/processing_system7_0/inst/FCLK_CLK_unbuffered[0]
    BUFGCTRL_X0Y16       BUFG (Prop_bufg_I_O)         0.101     1.294 r  u_block_design/design_1_i/processing_system7_0/inst/buffer_fclk_clk_0.FCLK_CLK_0_BUFG/O
                         net (fo=16061, routed)       1.721     3.015    u_block_design/design_1_i/snn_top_hls_0/inst/weight_memory_U/ap_clk
    SLICE_X83Y23         FDRE                                         r  u_block_design/design_1_i/snn_top_hls_0/inst/weight_memory_U/address1_t1_reg[5]_rep__1/C
  -------------------------------------------------------------------    -------------------
    SLICE_X83Y23         FDRE (Prop_fdre_C_Q)         0.456     3.471 r  u_block_design/design_1_i/snn_top_hls_0/inst/weight_memory_U/address1_t1_reg[5]_rep__1/Q
                         net (fo=26, routed)          8.391    11.862    u_block_design/design_1_i/snn_top_hls_0/inst/weight_memory_U/address1_t1_reg[5]_rep__1_n_6
    RAMB36_X0Y6          RAMB36E1                                     r  u_block_design/design_1_i/snn_top_hls_0/inst/weight_memory_U/ram_reg_16_3/ADDRBWRADDR[5]
  -------------------------------------------------------------------    -------------------

                         (clock clk_fpga_0 rise edge)
                                                     10.000    10.000 r  
    PS7_X0Y0             PS7                          0.000    10.000 r  u_block_design/design_1_i/processing_system7_0/inst/PS7_i/FCLKCLK[0]
                         net (fo=1, routed)           1.088    11.088    u_block_design/design_1_i/processing_system7_0/inst/FCLK_CLK_unbuffered[0]
    BUFGCTRL_X0Y16       BUFG (Prop_bufg_I_O)         0.091    11.179 r  u_block_design/design_1_i/processing_system7_0/inst/buffer_fclk_clk_0.FCLK_CLK_0_BUFG/O
                         net (fo=16061, routed)       1.613    12.792    u_block_design/design_1_i/snn_top_hls_0/inst/weight_memory_U/ap_clk
    RAMB36_X0Y6          RAMB36E1                                     r  u_block_design/design_1_i/snn_top_hls_0/inst/weight_memory_U/ram_reg_16_3/CLKBWRCLK
                         clock pessimism              0.129    12.921    
                         clock uncertainty           -0.154    12.767    
    RAMB36_X0Y6          RAMB36E1 (Setup_ramb36e1_CLKBWRCLK_ADDRBWRADDR[5])
                                                     -0.566    12.201    u_block_design/design_1_i/snn_top_hls_0/inst/weight_memory_U/ram_reg_16_3
  -------------------------------------------------------------------
                         required time                         12.201    
                         arrival time                         -11.862    
  -------------------------------------------------------------------
                         slack                                  0.339    

Slack (MET) :             0.343ns  (required time - arrival time)
  Source:                 u_block_design/design_1_i/snn_top_hls_0/inst/or_ln1028_reg_4132_reg[0]/C
                            (rising edge-triggered cell FDRE clocked by clk_fpga_0  {rise@0.000ns fall@5.000ns period=10.000ns})
  Destination:            u_block_design/design_1_i/snn_top_hls_0/inst/grp_apply_rstdp_reward_fu_1580/grp_apply_rstdp_reward_Pipeline_RSTDP_INNER_fu_264/mul_8s_8s_16_3_1_U126/buff0_reg/A[11]
                            (rising edge-triggered cell DSP48E1 clocked by clk_fpga_0  {rise@0.000ns fall@5.000ns period=10.000ns})
  Path Group:             clk_fpga_0
  Path Type:              Setup (Max at Slow Process Corner)
  Requirement:            10.000ns  (clk_fpga_0 rise@10.000ns - clk_fpga_0 rise@0.000ns)
  Data Path Delay:        8.981ns  (logic 1.791ns (19.943%)  route 7.190ns (80.057%))
  Logic Levels:           8  (LUT2=1 LUT6=3 MUXF7=2 MUXF8=1 RAMD64E=1)
  Clock Path Skew:        0.015ns (DCD - SCD + CPR)
    Destination Clock Delay (DCD):    2.833ns = ( 12.833 - 10.000 ) 
    Source Clock Delay      (SCD):    2.947ns
    Clock Pessimism Removal (CPR):    0.129ns
  Clock Uncertainty:      0.154ns  ((TSJ^2 + TIJ^2)^1/2 + DJ) / 2 + PE
    Total System Jitter     (TSJ):    0.071ns
    Total Input Jitter      (TIJ):    0.300ns
    Discrete Jitter          (DJ):    0.000ns
    Phase Error              (PE):    0.000ns

    Location             Delay type                Incr(ns)  Path(ns)    Netlist Resource(s)
  -------------------------------------------------------------------    -------------------
                         (clock clk_fpga_0 rise edge)
                                                      0.000     0.000 r  
    PS7_X0Y0             PS7                          0.000     0.000 r  u_block_design/design_1_i/processing_system7_0/inst/PS7_i/FCLKCLK[0]
                         net (fo=1, routed)           1.193     1.193    u_block_design/design_1_i/processing_system7_0/inst/FCLK_CLK_unbuffered[0]
    BUFGCTRL_X0Y16       BUFG (Prop_bufg_I_O)         0.101     1.294 r  u_block_design/design_1_i/processing_system7_0/inst/buffer_fclk_clk_0.FCLK_CLK_0_BUFG/O
                         net (fo=16061, routed)       1.653     2.947    u_block_design/design_1_i/snn_top_hls_0/inst/ap_clk
    SLICE_X53Y38         FDRE                                         r  u_block_design/design_1_i/snn_top_hls_0/inst/or_ln1028_reg_4132_reg[0]/C
  -------------------------------------------------------------------    -------------------
    SLICE_X53Y38         FDRE (Prop_fdre_C_Q)         0.456     3.403 f  u_block_design/design_1_i/snn_top_hls_0/inst/or_ln1028_reg_4132_reg[0]/Q
                         net (fo=27, routed)          0.610     4.013    u_block_design/design_1_i/snn_top_hls_0/inst/pre_eligibility_U/empty_83_fu_646_reg[0]_0
    SLICE_X52Y34         LUT2 (Prop_lut2_I1_O)        0.124     4.137 r  u_block_design/design_1_i/snn_top_hls_0/inst/pre_eligibility_U/ram_reg_0_63_0_2_i_24__2/O
                         net (fo=171, routed)         2.131     6.268    u_block_design/design_1_i/snn_top_hls_0/inst/grp_decay_eligibility_traces_fu_1620/grp_decay_eligibility_traces_Pipeline_DECAY_POST_fu_24/flow_control_loop_pipe_sequential_init_U/empty_83_fu_646_reg[0]
    SLICE_X28Y38         LUT6 (Prop_lut6_I3_O)        0.124     6.392 r  u_block_design/design_1_i/snn_top_hls_0/inst/grp_decay_eligibility_traces_fu_1620/grp_decay_eligibility_traces_Pipeline_DECAY_POST_fu_24/flow_control_loop_pipe_sequential_init_U/ram_reg_0_63_6_7_i_4__0/O
                         net (fo=96, routed)          1.243     7.634    u_block_design/design_1_i/snn_top_hls_0/inst/post_eligibility_U/ram_reg_960_1023_6_7/ADDRB4
    SLICE_X32Y48         RAMD64E (Prop_ramd64e_RADR4_O)
                                                      0.124     7.758 r  u_block_design/design_1_i/snn_top_hls_0/inst/post_eligibility_U/ram_reg_960_1023_6_7/RAMB/O
                         net (fo=1, routed)           1.596     9.354    u_block_design/design_1_i/snn_top_hls_0/inst/post_eligibility_U/ram_reg_960_1023_6_7_n_7
    SLICE_X25Y36         LUT6 (Prop_lut6_I0_O)        0.124     9.478 r  u_block_design/design_1_i/snn_top_hls_0/inst/post_eligibility_U/buff0_reg_i_191/O
                         net (fo=1, routed)           0.000     9.478    u_block_design/design_1_i/snn_top_hls_0/inst/post_eligibility_U/buff0_reg_i_191_n_6
    SLICE_X25Y36         MUXF7 (Prop_muxf7_I1_O)      0.217     9.695 r  u_block_design/design_1_i/snn_top_hls_0/inst/post_eligibility_U/buff0_reg_i_86/O
                         net (fo=1, routed)           0.000     9.695    u_block_design/design_1_i/snn_top_hls_0/inst/post_eligibility_U/buff0_reg_i_86_n_6
    SLICE_X25Y36         MUXF8 (Prop_muxf8_I1_O)      0.094     9.789 r  u_block_design/design_1_i/snn_top_hls_0/inst/post_eligibility_U/buff0_reg_i_33/O
                         net (fo=1, routed)           0.652    10.441    u_block_design/design_1_i/snn_top_hls_0/inst/post_eligibility_U/buff0_reg_i_33_n_6
    SLICE_X24Y29         LUT6 (Prop_lut6_I5_O)        0.316    10.757 r  u_block_design/design_1_i/snn_top_hls_0/inst/post_eligibility_U/buff0_reg_i_12/O
                         net (fo=1, routed)           0.000    10.757    u_block_design/design_1_i/snn_top_hls_0/inst/grp_decay_eligibility_traces_fu_1620/grp_decay_eligibility_traces_Pipeline_DECAY_POST_fu_24/flow_control_loop_pipe_sequential_init_U/q0_reg[7]
    SLICE_X24Y29         MUXF7 (Prop_muxf7_I0_O)      0.212    10.969 r  u_block_design/design_1_i/snn_top_hls_0/inst/grp_decay_eligibility_traces_fu_1620/grp_decay_eligibility_traces_Pipeline_DECAY_POST_fu_24/flow_control_loop_pipe_sequential_init_U/buff0_reg_i_2/O
                         net (fo=24, routed)          0.959    11.928    u_block_design/design_1_i/snn_top_hls_0/inst/grp_apply_rstdp_reward_fu_1580/grp_apply_rstdp_reward_Pipeline_RSTDP_INNER_fu_264/mul_8s_8s_16_3_1_U126/A[7]
    DSP48_X1Y10          DSP48E1                                      r  u_block_design/design_1_i/snn_top_hls_0/inst/grp_apply_rstdp_reward_fu_1580/grp_apply_rstdp_reward_Pipeline_RSTDP_INNER_fu_264/mul_8s_8s_16_3_1_U126/buff0_reg/A[11]
  -------------------------------------------------------------------    -------------------

                         (clock clk_fpga_0 rise edge)
                                                     10.000    10.000 r  
    PS7_X0Y0             PS7                          0.000    10.000 r  u_block_design/design_1_i/processing_system7_0/inst/PS7_i/FCLKCLK[0]
                         net (fo=1, routed)           1.088    11.088    u_block_design/design_1_i/processing_system7_0/inst/FCLK_CLK_unbuffered[0]
    BUFGCTRL_X0Y16       BUFG (Prop_bufg_I_O)         0.091    11.179 r  u_block_design/design_1_i/processing_system7_0/inst/buffer_fclk_clk_0.FCLK_CLK_0_BUFG/O
                         net (fo=16061, routed)       1.654    12.833    u_block_design/design_1_i/snn_top_hls_0/inst/grp_apply_rstdp_reward_fu_1580/grp_apply_rstdp_reward_Pipeline_RSTDP_INNER_fu_264/mul_8s_8s_16_3_1_U126/ap_clk
    DSP48_X1Y10          DSP48E1                                      r  u_block_design/design_1_i/snn_top_hls_0/inst/grp_apply_rstdp_reward_fu_1580/grp_apply_rstdp_reward_Pipeline_RSTDP_INNER_fu_264/mul_8s_8s_16_3_1_U126/buff0_reg/CLK
                         clock pessimism              0.129    12.962    
                         clock uncertainty           -0.154    12.808    
    DSP48_X1Y10          DSP48E1 (Setup_dsp48e1_CLK_A[11])
                                                     -0.537    12.271    u_block_design/design_1_i/snn_top_hls_0/inst/grp_apply_rstdp_reward_fu_1580/grp_apply_rstdp_reward_Pipeline_RSTDP_INNER_fu_264/mul_8s_8s_16_3_1_U126/buff0_reg
  -------------------------------------------------------------------
                         required time                         12.271    
                         arrival time                         -11.928    
  -------------------------------------------------------------------
                         slack                                  0.343    

Slack (MET) :             0.343ns  (required time - arrival time)
  Source:                 u_block_design/design_1_i/snn_top_hls_0/inst/or_ln1028_reg_4132_reg[0]/C
                            (rising edge-triggered cell FDRE clocked by clk_fpga_0  {rise@0.000ns fall@5.000ns period=10.000ns})
  Destination:            u_block_design/design_1_i/snn_top_hls_0/inst/grp_apply_rstdp_reward_fu_1580/grp_apply_rstdp_reward_Pipeline_RSTDP_INNER_fu_264/mul_8s_8s_16_3_1_U126/buff0_reg/A[24]
                            (rising edge-triggered cell DSP48E1 clocked by clk_fpga_0  {rise@0.000ns fall@5.000ns period=10.000ns})
  Path Group:             clk_fpga_0
  Path Type:              Setup (Max at Slow Process Corner)
  Requirement:            10.000ns  (clk_fpga_0 rise@10.000ns - clk_fpga_0 rise@0.000ns)
  Data Path Delay:        8.981ns  (logic 1.791ns (19.943%)  route 7.190ns (80.057%))
  Logic Levels:           8  (LUT2=1 LUT6=3 MUXF7=2 MUXF8=1 RAMD64E=1)
  Clock Path Skew:        0.015ns (DCD - SCD + CPR)
    Destination Clock Delay (DCD):    2.833ns = ( 12.833 - 10.000 ) 
    Source Clock Delay      (SCD):    2.947ns
    Clock Pessimism Removal (CPR):    0.129ns
  Clock Uncertainty:      0.154ns  ((TSJ^2 + TIJ^2)^1/2 + DJ) / 2 + PE
    Total System Jitter     (TSJ):    0.071ns
    Total Input Jitter      (TIJ):    0.300ns
    Discrete Jitter          (DJ):    0.000ns
    Phase Error              (PE):    0.000ns

    Location             Delay type                Incr(ns)  Path(ns)    Netlist Resource(s)
  -------------------------------------------------------------------    -------------------
                         (clock clk_fpga_0 rise edge)
                                                      0.000     0.000 r  
    PS7_X0Y0             PS7                          0.000     0.000 r  u_block_design/design_1_i/processing_system7_0/inst/PS7_i/FCLKCLK[0]
                         net (fo=1, routed)           1.193     1.193    u_block_design/design_1_i/processing_system7_0/inst/FCLK_CLK_unbuffered[0]
    BUFGCTRL_X0Y16       BUFG (Prop_bufg_I_O)         0.101     1.294 r  u_block_design/design_1_i/processing_system7_0/inst/buffer_fclk_clk_0.FCLK_CLK_0_BUFG/O
                         net (fo=16061, routed)       1.653     2.947    u_block_design/design_1_i/snn_top_hls_0/inst/ap_clk
    SLICE_X53Y38         FDRE                                         r  u_block_design/design_1_i/snn_top_hls_0/inst/or_ln1028_reg_4132_reg[0]/C
  -------------------------------------------------------------------    -------------------
    SLICE_X53Y38         FDRE (Prop_fdre_C_Q)         0.456     3.403 f  u_block_design/design_1_i/snn_top_hls_0/inst/or_ln1028_reg_4132_reg[0]/Q
                         net (fo=27, routed)          0.610     4.013    u_block_design/design_1_i/snn_top_hls_0/inst/pre_eligibility_U/empty_83_fu_646_reg[0]_0
    SLICE_X52Y34         LUT2 (Prop_lut2_I1_O)        0.124     4.137 r  u_block_design/design_1_i/snn_top_hls_0/inst/pre_eligibility_U/ram_reg_0_63_0_2_i_24__2/O
                         net (fo=171, routed)         2.131     6.268    u_block_design/design_1_i/snn_top_hls_0/inst/grp_decay_eligibility_traces_fu_1620/grp_decay_eligibility_traces_Pipeline_DECAY_POST_fu_24/flow_control_loop_pipe_sequential_init_U/empty_83_fu_646_reg[0]
    SLICE_X28Y38         LUT6 (Prop_lut6_I3_O)        0.124     6.392 r  u_block_design/design_1_i/snn_top_hls_0/inst/grp_decay_eligibility_traces_fu_1620/grp_decay_eligibility_traces_Pipeline_DECAY_POST_fu_24/flow_control_loop_pipe_sequential_init_U/ram_reg_0_63_6_7_i_4__0/O
                         net (fo=96, routed)          1.243     7.634    u_block_design/design_1_i/snn_top_hls_0/inst/post_eligibility_U/ram_reg_960_1023_6_7/ADDRB4
    SLICE_X32Y48         RAMD64E (Prop_ramd64e_RADR4_O)
                                                      0.124     7.758 r  u_block_design/design_1_i/snn_top_hls_0/inst/post_eligibility_U/ram_reg_960_1023_6_7/RAMB/O
                         net (fo=1, routed)           1.596     9.354    u_block_design/design_1_i/snn_top_hls_0/inst/post_eligibility_U/ram_reg_960_1023_6_7_n_7
    SLICE_X25Y36         LUT6 (Prop_lut6_I0_O)        0.124     9.478 r  u_block_design/design_1_i/snn_top_hls_0/inst/post_eligibility_U/buff0_reg_i_191/O
                         net (fo=1, routed)           0.000     9.478    u_block_design/design_1_i/snn_top_hls_0/inst/post_eligibility_U/buff0_reg_i_191_n_6
    SLICE_X25Y36         MUXF7 (Prop_muxf7_I1_O)      0.217     9.695 r  u_block_design/design_1_i/snn_top_hls_0/inst/post_eligibility_U/buff0_reg_i_86/O
                         net (fo=1, routed)           0.000     9.695    u_block_design/design_1_i/snn_top_hls_0/inst/post_eligibility_U/buff0_reg_i_86_n_6
    SLICE_X25Y36         MUXF8 (Prop_muxf8_I1_O)      0.094     9.789 r  u_block_design/design_1_i/snn_top_hls_0/inst/post_eligibility_U/buff0_reg_i_33/O
                         net (fo=1, routed)           0.652    10.441    u_block_design/design_1_i/snn_top_hls_0/inst/post_eligibility_U/buff0_reg_i_33_n_6
    SLICE_X24Y29         LUT6 (Prop_lut6_I5_O)        0.316    10.757 r  u_block_design/design_1_i/snn_top_hls_0/inst/post_eligibility_U/buff0_reg_i_12/O
                         net (fo=1, routed)           0.000    10.757    u_block_design/design_1_i/snn_top_hls_0/inst/grp_decay_eligibility_traces_fu_1620/grp_decay_eligibility_traces_Pipeline_DECAY_POST_fu_24/flow_control_loop_pipe_sequential_init_U/q0_reg[7]
    SLICE_X24Y29         MUXF7 (Prop_muxf7_I0_O)      0.212    10.969 r  u_block_design/design_1_i/snn_top_hls_0/inst/grp_decay_eligibility_traces_fu_1620/grp_decay_eligibility_traces_Pipeline_DECAY_POST_fu_24/flow_control_loop_pipe_sequential_init_U/buff0_reg_i_2/O
                         net (fo=24, routed)          0.959    11.928    u_block_design/design_1_i/snn_top_hls_0/inst/grp_apply_rstdp_reward_fu_1580/grp_apply_rstdp_reward_Pipeline_RSTDP_INNER_fu_264/mul_8s_8s_16_3_1_U126/A[7]
    DSP48_X1Y10          DSP48E1                                      r  u_block_design/design_1_i/snn_top_hls_0/inst/grp_apply_rstdp_reward_fu_1580/grp_apply_rstdp_reward_Pipeline_RSTDP_INNER_fu_264/mul_8s_8s_16_3_1_U126/buff0_reg/A[24]
  -------------------------------------------------------------------    -------------------

                         (clock clk_fpga_0 rise edge)
                                                     10.000    10.000 r  
    PS7_X0Y0             PS7                          0.000    10.000 r  u_block_design/design_1_i/processing_system7_0/inst/PS7_i/FCLKCLK[0]
                         net (fo=1, routed)           1.088    11.088    u_block_design/design_1_i/processing_system7_0/inst/FCLK_CLK_unbuffered[0]
    BUFGCTRL_X0Y16       BUFG (Prop_bufg_I_O)         0.091    11.179 r  u_block_design/design_1_i/processing_system7_0/inst/buffer_fclk_clk_0.FCLK_CLK_0_BUFG/O
                         net (fo=16061, routed)       1.654    12.833    u_block_design/design_1_i/snn_top_hls_0/inst/grp_apply_rstdp_reward_fu_1580/grp_apply_rstdp_reward_Pipeline_RSTDP_INNER_fu_264/mul_8s_8s_16_3_1_U126/ap_clk
    DSP48_X1Y10          DSP48E1                                      r  u_block_design/design_1_i/snn_top_hls_0/inst/grp_apply_rstdp_reward_fu_1580/grp_apply_rstdp_reward_Pipeline_RSTDP_INNER_fu_264/mul_8s_8s_16_3_1_U126/buff0_reg/CLK
                         clock pessimism              0.129    12.962    
                         clock uncertainty           -0.154    12.808    
    DSP48_X1Y10          DSP48E1 (Setup_dsp48e1_CLK_A[24])
                                                     -0.537    12.271    u_block_design/design_1_i/snn_top_hls_0/inst/grp_apply_rstdp_reward_fu_1580/grp_apply_rstdp_reward_Pipeline_RSTDP_INNER_fu_264/mul_8s_8s_16_3_1_U126/buff0_reg
  -------------------------------------------------------------------
                         required time                         12.271    
                         arrival time                         -11.928    
  -------------------------------------------------------------------
                         slack                                  0.343    

Slack (MET) :             0.343ns  (required time - arrival time)
  Source:                 u_block_design/design_1_i/snn_top_hls_0/inst/or_ln1028_reg_4132_reg[0]/C
                            (rising edge-triggered cell FDRE clocked by clk_fpga_0  {rise@0.000ns fall@5.000ns period=10.000ns})
  Destination:            u_block_design/design_1_i/snn_top_hls_0/inst/grp_apply_rstdp_reward_fu_1580/grp_apply_rstdp_reward_Pipeline_RSTDP_INNER_fu_264/mul_8s_8s_16_3_1_U126/buff0_reg/A[25]
                            (rising edge-triggered cell DSP48E1 clocked by clk_fpga_0  {rise@0.000ns fall@5.000ns period=10.000ns})
  Path Group:             clk_fpga_0
  Path Type:              Setup (Max at Slow Process Corner)
  Requirement:            10.000ns  (clk_fpga_0 rise@10.000ns - clk_fpga_0 rise@0.000ns)
  Data Path Delay:        8.981ns  (logic 1.791ns (19.943%)  route 7.190ns (80.057%))
  Logic Levels:           8  (LUT2=1 LUT6=3 MUXF7=2 MUXF8=1 RAMD64E=1)
  Clock Path Skew:        0.015ns (DCD - SCD + CPR)
    Destination Clock Delay (DCD):    2.833ns = ( 12.833 - 10.000 ) 
    Source Clock Delay      (SCD):    2.947ns
    Clock Pessimism Removal (CPR):    0.129ns
  Clock Uncertainty:      0.154ns  ((TSJ^2 + TIJ^2)^1/2 + DJ) / 2 + PE
    Total System Jitter     (TSJ):    0.071ns
    Total Input Jitter      (TIJ):    0.300ns
    Discrete Jitter          (DJ):    0.000ns
    Phase Error              (PE):    0.000ns

    Location             Delay type                Incr(ns)  Path(ns)    Netlist Resource(s)
  -------------------------------------------------------------------    -------------------
                         (clock clk_fpga_0 rise edge)
                                                      0.000     0.000 r  
    PS7_X0Y0             PS7                          0.000     0.000 r  u_block_design/design_1_i/processing_system7_0/inst/PS7_i/FCLKCLK[0]
                         net (fo=1, routed)           1.193     1.193    u_block_design/design_1_i/processing_system7_0/inst/FCLK_CLK_unbuffered[0]
    BUFGCTRL_X0Y16       BUFG (Prop_bufg_I_O)         0.101     1.294 r  u_block_design/design_1_i/processing_system7_0/inst/buffer_fclk_clk_0.FCLK_CLK_0_BUFG/O
                         net (fo=16061, routed)       1.653     2.947    u_block_design/design_1_i/snn_top_hls_0/inst/ap_clk
    SLICE_X53Y38         FDRE                                         r  u_block_design/design_1_i/snn_top_hls_0/inst/or_ln1028_reg_4132_reg[0]/C
  -------------------------------------------------------------------    -------------------
    SLICE_X53Y38         FDRE (Prop_fdre_C_Q)         0.456     3.403 f  u_block_design/design_1_i/snn_top_hls_0/inst/or_ln1028_reg_4132_reg[0]/Q
                         net (fo=27, routed)          0.610     4.013    u_block_design/design_1_i/snn_top_hls_0/inst/pre_eligibility_U/empty_83_fu_646_reg[0]_0
    SLICE_X52Y34         LUT2 (Prop_lut2_I1_O)        0.124     4.137 r  u_block_design/design_1_i/snn_top_hls_0/inst/pre_eligibility_U/ram_reg_0_63_0_2_i_24__2/O
                         net (fo=171, routed)         2.131     6.268    u_block_design/design_1_i/snn_top_hls_0/inst/grp_decay_eligibility_traces_fu_1620/grp_decay_eligibility_traces_Pipeline_DECAY_POST_fu_24/flow_control_loop_pipe_sequential_init_U/empty_83_fu_646_reg[0]
    SLICE_X28Y38         LUT6 (Prop_lut6_I3_O)        0.124     6.392 r  u_block_design/design_1_i/snn_top_hls_0/inst/grp_decay_eligibility_traces_fu_1620/grp_decay_eligibility_traces_Pipeline_DECAY_POST_fu_24/flow_control_loop_pipe_sequential_init_U/ram_reg_0_63_6_7_i_4__0/O
                         net (fo=96, routed)          1.243     7.634    u_block_design/design_1_i/snn_top_hls_0/inst/post_eligibility_U/ram_reg_960_1023_6_7/ADDRB4
    SLICE_X32Y48         RAMD64E (Prop_ramd64e_RADR4_O)
                                                      0.124     7.758 r  u_block_design/design_1_i/snn_top_hls_0/inst/post_eligibility_U/ram_reg_960_1023_6_7/RAMB/O
                         net (fo=1, routed)           1.596     9.354    u_block_design/design_1_i/snn_top_hls_0/inst/post_eligibility_U/ram_reg_960_1023_6_7_n_7
    SLICE_X25Y36         LUT6 (Prop_lut6_I0_O)        0.124     9.478 r  u_block_design/design_1_i/snn_top_hls_0/inst/post_eligibility_U/buff0_reg_i_191/O
                         net (fo=1, routed)           0.000     9.478    u_block_design/design_1_i/snn_top_hls_0/inst/post_eligibility_U/buff0_reg_i_191_n_6
    SLICE_X25Y36         MUXF7 (Prop_muxf7_I1_O)      0.217     9.695 r  u_block_design/design_1_i/snn_top_hls_0/inst/post_eligibility_U/buff0_reg_i_86/O
                         net (fo=1, routed)           0.000     9.695    u_block_design/design_1_i/snn_top_hls_0/inst/post_eligibility_U/buff0_reg_i_86_n_6
    SLICE_X25Y36         MUXF8 (Prop_muxf8_I1_O)      0.094     9.789 r  u_block_design/design_1_i/snn_top_hls_0/inst/post_eligibility_U/buff0_reg_i_33/O
                         net (fo=1, routed)           0.652    10.441    u_block_design/design_1_i/snn_top_hls_0/inst/post_eligibility_U/buff0_reg_i_33_n_6
    SLICE_X24Y29         LUT6 (Prop_lut6_I5_O)        0.316    10.757 r  u_block_design/design_1_i/snn_top_hls_0/inst/post_eligibility_U/buff0_reg_i_12/O
                         net (fo=1, routed)           0.000    10.757    u_block_design/design_1_i/snn_top_hls_0/inst/grp_decay_eligibility_traces_fu_1620/grp_decay_eligibility_traces_Pipeline_DECAY_POST_fu_24/flow_control_loop_pipe_sequential_init_U/q0_reg[7]
    SLICE_X24Y29         MUXF7 (Prop_muxf7_I0_O)      0.212    10.969 r  u_block_design/design_1_i/snn_top_hls_0/inst/grp_decay_eligibility_traces_fu_1620/grp_decay_eligibility_traces_Pipeline_DECAY_POST_fu_24/flow_control_loop_pipe_sequential_init_U/buff0_reg_i_2/O
                         net (fo=24, routed)          0.959    11.928    u_block_design/design_1_i/snn_top_hls_0/inst/grp_apply_rstdp_reward_fu_1580/grp_apply_rstdp_reward_Pipeline_RSTDP_INNER_fu_264/mul_8s_8s_16_3_1_U126/A[7]
    DSP48_X1Y10          DSP48E1                                      r  u_block_design/design_1_i/snn_top_hls_0/inst/grp_apply_rstdp_reward_fu_1580/grp_apply_rstdp_reward_Pipeline_RSTDP_INNER_fu_264/mul_8s_8s_16_3_1_U126/buff0_reg/A[25]
  -------------------------------------------------------------------    -------------------

                         (clock clk_fpga_0 rise edge)
                                                     10.000    10.000 r  
    PS7_X0Y0             PS7                          0.000    10.000 r  u_block_design/design_1_i/processing_system7_0/inst/PS7_i/FCLKCLK[0]
                         net (fo=1, routed)           1.088    11.088    u_block_design/design_1_i/processing_system7_0/inst/FCLK_CLK_unbuffered[0]
    BUFGCTRL_X0Y16       BUFG (Prop_bufg_I_O)         0.091    11.179 r  u_block_design/design_1_i/processing_system7_0/inst/buffer_fclk_clk_0.FCLK_CLK_0_BUFG/O
                         net (fo=16061, routed)       1.654    12.833    u_block_design/design_1_i/snn_top_hls_0/inst/grp_apply_rstdp_reward_fu_1580/grp_apply_rstdp_reward_Pipeline_RSTDP_INNER_fu_264/mul_8s_8s_16_3_1_U126/ap_clk
    DSP48_X1Y10          DSP48E1                                      r  u_block_design/design_1_i/snn_top_hls_0/inst/grp_apply_rstdp_reward_fu_1580/grp_apply_rstdp_reward_Pipeline_RSTDP_INNER_fu_264/mul_8s_8s_16_3_1_U126/buff0_reg/CLK
                         clock pessimism              0.129    12.962    
                         clock uncertainty           -0.154    12.808    
    DSP48_X1Y10          DSP48E1 (Setup_dsp48e1_CLK_A[25])
                                                     -0.537    12.271    u_block_design/design_1_i/snn_top_hls_0/inst/grp_apply_rstdp_reward_fu_1580/grp_apply_rstdp_reward_Pipeline_RSTDP_INNER_fu_264/mul_8s_8s_16_3_1_U126/buff0_reg
  -------------------------------------------------------------------
                         required time                         12.271    
                         arrival time                         -11.928    
  -------------------------------------------------------------------
                         slack                                  0.343    

Slack (MET) :             0.352ns  (required time - arrival time)
  Source:                 u_block_design/design_1_i/processing_system7_0/inst/PS7_i/MAXIGP0ACLK
                            (rising edge-triggered cell PS7 clocked by clk_fpga_0  {rise@0.000ns fall@5.000ns period=10.000ns})
  Destination:            u_block_design/design_1_i/snn_config_regs_0/inst/reg_leak_rate_reg[2]/D
                            (rising edge-triggered cell FDRE clocked by clk_fpga_0  {rise@0.000ns fall@5.000ns period=10.000ns})
  Path Group:             clk_fpga_0
  Path Type:              Setup (Max at Slow Process Corner)
  Requirement:            10.000ns  (clk_fpga_0 rise@10.000ns - clk_fpga_0 rise@0.000ns)
  Data Path Delay:        9.268ns  (logic 1.450ns (15.645%)  route 7.818ns (84.355%))
  Logic Levels:           0  
  Clock Path Skew:        -0.167ns (DCD - SCD + CPR)
    Destination Clock Delay (DCD):    2.748ns = ( 12.748 - 10.000 ) 
    Source Clock Delay      (SCD):    3.031ns
    Clock Pessimism Removal (CPR):    0.115ns
  Clock Uncertainty:      0.154ns  ((TSJ^2 + TIJ^2)^1/2 + DJ) / 2 + PE
    Total System Jitter     (TSJ):    0.071ns
    Total Input Jitter      (TIJ):    0.300ns
    Discrete Jitter          (DJ):    0.000ns
    Phase Error              (PE):    0.000ns

    Location             Delay type                Incr(ns)  Path(ns)    Netlist Resource(s)
  -------------------------------------------------------------------    -------------------
                         (clock clk_fpga_0 rise edge)
                                                      0.000     0.000 r  
    PS7_X0Y0             PS7                          0.000     0.000 r  u_block_design/design_1_i/processing_system7_0/inst/PS7_i/FCLKCLK[0]
                         net (fo=1, routed)           1.193     1.193    u_block_design/design_1_i/processing_system7_0/inst/FCLK_CLK_unbuffered[0]
    BUFGCTRL_X0Y16       BUFG (Prop_bufg_I_O)         0.101     1.294 r  u_block_design/design_1_i/processing_system7_0/inst/buffer_fclk_clk_0.FCLK_CLK_0_BUFG/O
                         net (fo=16061, routed)       1.737     3.031    u_block_design/design_1_i/processing_system7_0/inst/M_AXI_GP0_ACLK
    PS7_X0Y0             PS7                                          r  u_block_design/design_1_i/processing_system7_0/inst/PS7_i/MAXIGP0ACLK
  -------------------------------------------------------------------    -------------------
    PS7_X0Y0             PS7 (Prop_ps7_MAXIGP0ACLK_MAXIGP0WDATA[2])
                                                      1.450     4.481 r  u_block_design/design_1_i/processing_system7_0/inst/PS7_i/MAXIGP0WDATA[2]
                         net (fo=32, routed)          7.818    12.299    u_block_design/design_1_i/snn_config_regs_0/inst/s_axi_wdata[2]
    SLICE_X16Y19         FDRE                                         r  u_block_design/design_1_i/snn_config_regs_0/inst/reg_leak_rate_reg[2]/D
  -------------------------------------------------------------------    -------------------

                         (clock clk_fpga_0 rise edge)
                                                     10.000    10.000 r  
    PS7_X0Y0             PS7                          0.000    10.000 r  u_block_design/design_1_i/processing_system7_0/inst/PS7_i/FCLKCLK[0]
                         net (fo=1, routed)           1.088    11.088    u_block_design/design_1_i/processing_system7_0/inst/FCLK_CLK_unbuffered[0]
    BUFGCTRL_X0Y16       BUFG (Prop_bufg_I_O)         0.091    11.179 r  u_block_design/design_1_i/processing_system7_0/inst/buffer_fclk_clk_0.FCLK_CLK_0_BUFG/O
                         net (fo=16061, routed)       1.569    12.748    u_block_design/design_1_i/snn_config_regs_0/inst/s_axi_aclk
    SLICE_X16Y19         FDRE                                         r  u_block_design/design_1_i/snn_config_regs_0/inst/reg_leak_rate_reg[2]/C
                         clock pessimism              0.115    12.863    
                         clock uncertainty           -0.154    12.709    
    SLICE_X16Y19         FDRE (Setup_fdre_C_D)       -0.058    12.651    u_block_design/design_1_i/snn_config_regs_0/inst/reg_leak_rate_reg[2]
  -------------------------------------------------------------------
                         required time                         12.651    
                         arrival time                         -12.299    
  -------------------------------------------------------------------
                         slack                                  0.352    





Min Delay Paths
--------------------------------------------------------------------------------------
Slack (MET) :             0.012ns  (arrival time - required time)
  Source:                 u_block_design/design_1_i/axi_dma_1/U0/I_AXI_DMA_REG_MODULE/GEN_AXI_LITE_IF.AXI_LITE_IF_I/GEN_SYNC_READ.axi2ip_rdaddr_i_reg[5]/C
                            (rising edge-triggered cell FDRE clocked by clk_fpga_0  {rise@0.000ns fall@5.000ns period=10.000ns})
  Destination:            u_block_design/design_1_i/axi_dma_1/U0/I_AXI_DMA_REG_MODULE/GEN_AXI_LITE_IF.AXI_LITE_IF_I/GEN_SYNC_READ.axi2ip_rdaddr_reg[5]/D
                            (rising edge-triggered cell FDRE clocked by clk_fpga_0  {rise@0.000ns fall@5.000ns period=10.000ns})
  Path Group:             clk_fpga_0
  Path Type:              Hold (Min at Fast Process Corner)
  Requirement:            0.000ns  (clk_fpga_0 rise@0.000ns - clk_fpga_0 rise@0.000ns)
  Data Path Delay:        0.285ns  (logic 0.128ns (44.990%)  route 0.157ns (55.010%))
  Logic Levels:           0  
  Clock Path Skew:        0.260ns (DCD - SCD - CPR)
    Destination Clock Delay (DCD):    1.187ns
    Source Clock Delay      (SCD):    0.892ns
    Clock Pessimism Removal (CPR):    0.035ns

    Location             Delay type                Incr(ns)  Path(ns)    Netlist Resource(s)
  -------------------------------------------------------------------    -------------------
                         (clock clk_fpga_0 rise edge)
                                                      0.000     0.000 r  
    PS7_X0Y0             PS7                          0.000     0.000 r  u_block_design/design_1_i/processing_system7_0/inst/PS7_i/FCLKCLK[0]
                         net (fo=1, routed)           0.310     0.310    u_block_design/design_1_i/processing_system7_0/inst/FCLK_CLK_unbuffered[0]
    BUFGCTRL_X0Y16       BUFG (Prop_bufg_I_O)         0.026     0.336 r  u_block_design/design_1_i/processing_system7_0/inst/buffer_fclk_clk_0.FCLK_CLK_0_BUFG/O
                         net (fo=16061, routed)       0.556     0.892    u_block_design/design_1_i/axi_dma_1/U0/I_AXI_DMA_REG_MODULE/GEN_AXI_LITE_IF.AXI_LITE_IF_I/s_axi_lite_aclk
    SLICE_X48Y98         FDRE                                         r  u_block_design/design_1_i/axi_dma_1/U0/I_AXI_DMA_REG_MODULE/GEN_AXI_LITE_IF.AXI_LITE_IF_I/GEN_SYNC_READ.axi2ip_rdaddr_i_reg[5]/C
  -------------------------------------------------------------------    -------------------
    SLICE_X48Y98         FDRE (Prop_fdre_C_Q)         0.128     1.020 r  u_block_design/design_1_i/axi_dma_1/U0/I_AXI_DMA_REG_MODULE/GEN_AXI_LITE_IF.AXI_LITE_IF_I/GEN_SYNC_READ.axi2ip_rdaddr_i_reg[5]/Q
                         net (fo=1, routed)           0.157     1.176    u_block_design/design_1_i/axi_dma_1/U0/I_AXI_DMA_REG_MODULE/GEN_AXI_LITE_IF.AXI_LITE_IF_I/axi2ip_rdaddr_i[5]
    SLICE_X51Y97         FDRE                                         r  u_block_design/design_1_i/axi_dma_1/U0/I_AXI_DMA_REG_MODULE/GEN_AXI_LITE_IF.AXI_LITE_IF_I/GEN_SYNC_READ.axi2ip_rdaddr_reg[5]/D
  -------------------------------------------------------------------    -------------------

                         (clock clk_fpga_0 rise edge)
                                                      0.000     0.000 r  
    PS7_X0Y0             PS7                          0.000     0.000 r  u_block_design/design_1_i/processing_system7_0/inst/PS7_i/FCLKCLK[0]
                         net (fo=1, routed)           0.337     0.337    u_block_design/design_1_i/processing_system7_0/inst/FCLK_CLK_unbuffered[0]
    BUFGCTRL_X0Y16       BUFG (Prop_bufg_I_O)         0.029     0.366 r  u_block_design/design_1_i/processing_system7_0/inst/buffer_fclk_clk_0.FCLK_CLK_0_BUFG/O
                         net (fo=16061, routed)       0.821     1.187    u_block_design/design_1_i/axi_dma_1/U0/I_AXI_DMA_REG_MODULE/GEN_AXI_LITE_IF.AXI_LITE_IF_I/s_axi_lite_aclk
    SLICE_X51Y97         FDRE                                         r  u_block_design/design_1_i/axi_dma_1/U0/I_AXI_DMA_REG_MODULE/GEN_AXI_LITE_IF.AXI_LITE_IF_I/GEN_SYNC_READ.axi2ip_rdaddr_reg[5]/C
                         clock pessimism             -0.035     1.152    
    SLICE_X51Y97         FDRE (Hold_fdre_C_D)         0.012     1.164    u_block_design/design_1_i/axi_dma_1/U0/I_AXI_DMA_REG_MODULE/GEN_AXI_LITE_IF.AXI_LITE_IF_I/GEN_SYNC_READ.axi2ip_rdaddr_reg[5]
  -------------------------------------------------------------------
                         required time                         -1.164    
                         arrival time                           1.176    
  -------------------------------------------------------------------
                         slack                                  0.012    

Slack (MET) :             0.021ns  (arrival time - required time)
  Source:                 u_block_design/design_1_i/axi_dma_1/U0/I_AXI_DMA_REG_MODULE/GEN_AXI_LITE_IF.AXI_LITE_IF_I/GEN_SYNC_READ.axi2ip_rdaddr_i_reg[4]/C
                            (rising edge-triggered cell FDRE clocked by clk_fpga_0  {rise@0.000ns fall@5.000ns period=10.000ns})
  Destination:            u_block_design/design_1_i/axi_dma_1/U0/I_AXI_DMA_REG_MODULE/GEN_AXI_LITE_IF.AXI_LITE_IF_I/GEN_SYNC_READ.axi2ip_rdaddr_reg[4]/D
                            (rising edge-triggered cell FDRE clocked by clk_fpga_0  {rise@0.000ns fall@5.000ns period=10.000ns})
  Path Group:             clk_fpga_0
  Path Type:              Hold (Min at Fast Process Corner)
  Requirement:            0.000ns  (clk_fpga_0 rise@0.000ns - clk_fpga_0 rise@0.000ns)
  Data Path Delay:        0.352ns  (logic 0.141ns (40.102%)  route 0.211ns (59.898%))
  Logic Levels:           0  
  Clock Path Skew:        0.260ns (DCD - SCD - CPR)
    Destination Clock Delay (DCD):    1.187ns
    Source Clock Delay      (SCD):    0.892ns
    Clock Pessimism Removal (CPR):    0.035ns

    Location             Delay type                Incr(ns)  Path(ns)    Netlist Resource(s)
  -------------------------------------------------------------------    -------------------
                         (clock clk_fpga_0 rise edge)
                                                      0.000     0.000 r  
    PS7_X0Y0             PS7                          0.000     0.000 r  u_block_design/design_1_i/processing_system7_0/inst/PS7_i/FCLKCLK[0]
                         net (fo=1, routed)           0.310     0.310    u_block_design/design_1_i/processing_system7_0/inst/FCLK_CLK_unbuffered[0]
    BUFGCTRL_X0Y16       BUFG (Prop_bufg_I_O)         0.026     0.336 r  u_block_design/design_1_i/processing_system7_0/inst/buffer_fclk_clk_0.FCLK_CLK_0_BUFG/O
                         net (fo=16061, routed)       0.556     0.892    u_block_design/design_1_i/axi_dma_1/U0/I_AXI_DMA_REG_MODULE/GEN_AXI_LITE_IF.AXI_LITE_IF_I/s_axi_lite_aclk
    SLICE_X48Y98         FDRE                                         r  u_block_design/design_1_i/axi_dma_1/U0/I_AXI_DMA_REG_MODULE/GEN_AXI_LITE_IF.AXI_LITE_IF_I/GEN_SYNC_READ.axi2ip_rdaddr_i_reg[4]/C
  -------------------------------------------------------------------    -------------------
    SLICE_X48Y98         FDRE (Prop_fdre_C_Q)         0.141     1.033 r  u_block_design/design_1_i/axi_dma_1/U0/I_AXI_DMA_REG_MODULE/GEN_AXI_LITE_IF.AXI_LITE_IF_I/GEN_SYNC_READ.axi2ip_rdaddr_i_reg[4]/Q
                         net (fo=1, routed)           0.211     1.243    u_block_design/design_1_i/axi_dma_1/U0/I_AXI_DMA_REG_MODULE/GEN_AXI_LITE_IF.AXI_LITE_IF_I/axi2ip_rdaddr_i[4]
    SLICE_X51Y97         FDRE                                         r  u_block_design/design_1_i/axi_dma_1/U0/I_AXI_DMA_REG_MODULE/GEN_AXI_LITE_IF.AXI_LITE_IF_I/GEN_SYNC_READ.axi2ip_rdaddr_reg[4]/D
  -------------------------------------------------------------------    -------------------

                         (clock clk_fpga_0 rise edge)
                                                      0.000     0.000 r  
    PS7_X0Y0             PS7                          0.000     0.000 r  u_block_design/design_1_i/processing_system7_0/inst/PS7_i/FCLKCLK[0]
                         net (fo=1, routed)           0.337     0.337    u_block_design/design_1_i/processing_system7_0/inst/FCLK_CLK_unbuffered[0]
    BUFGCTRL_X0Y16       BUFG (Prop_bufg_I_O)         0.029     0.366 r  u_block_design/design_1_i/processing_system7_0/inst/buffer_fclk_clk_0.FCLK_CLK_0_BUFG/O
                         net (fo=16061, routed)       0.821     1.187    u_block_design/design_1_i/axi_dma_1/U0/I_AXI_DMA_REG_MODULE/GEN_AXI_LITE_IF.AXI_LITE_IF_I/s_axi_lite_aclk
    SLICE_X51Y97         FDRE                                         r  u_block_design/design_1_i/axi_dma_1/U0/I_AXI_DMA_REG_MODULE/GEN_AXI_LITE_IF.AXI_LITE_IF_I/GEN_SYNC_READ.axi2ip_rdaddr_reg[4]/C
                         clock pessimism             -0.035     1.152    
    SLICE_X51Y97         FDRE (Hold_fdre_C_D)         0.070     1.222    u_block_design/design_1_i/axi_dma_1/U0/I_AXI_DMA_REG_MODULE/GEN_AXI_LITE_IF.AXI_LITE_IF_I/GEN_SYNC_READ.axi2ip_rdaddr_reg[4]
  -------------------------------------------------------------------
                         required time                         -1.222    
                         arrival time                           1.243    
  -------------------------------------------------------------------
                         slack                                  0.021    

Slack (MET) :             0.036ns  (arrival time - required time)
  Source:                 u_block_design/design_1_i/axi_dma_0/U0/I_PRMRY_DATAMOVER/GEN_S2MM_FULL.I_S2MM_FULL_WRAPPER/GEN_INCLUDE_IBTTCC.I_S2MM_MSTR_IBTTCC/sig_xfer_type_reg_reg/C
                            (rising edge-triggered cell FDRE clocked by clk_fpga_0  {rise@0.000ns fall@5.000ns period=10.000ns})
  Destination:            u_block_design/design_1_i/axi_dma_0/U0/I_PRMRY_DATAMOVER/GEN_S2MM_FULL.I_S2MM_FULL_WRAPPER/I_ADDR_CNTL/GEN_ADDR_FIFO.I_ADDR_QUAL_FIFO/USE_SRL_FIFO.I_SYNC_FIFO/data_reg[3][11]_srl4/D
                            (rising edge-triggered cell SRL16E clocked by clk_fpga_0  {rise@0.000ns fall@5.000ns period=10.000ns})
  Path Group:             clk_fpga_0
  Path Type:              Hold (Min at Fast Process Corner)
  Requirement:            0.000ns  (clk_fpga_0 rise@0.000ns - clk_fpga_0 rise@0.000ns)
  Data Path Delay:        0.357ns  (logic 0.128ns (35.891%)  route 0.229ns (64.109%))
  Logic Levels:           0  
  Clock Path Skew:        0.264ns (DCD - SCD - CPR)
    Destination Clock Delay (DCD):    1.183ns
    Source Clock Delay      (SCD):    0.884ns
    Clock Pessimism Removal (CPR):    0.035ns

    Location             Delay type                Incr(ns)  Path(ns)    Netlist Resource(s)
  -------------------------------------------------------------------    -------------------
                         (clock clk_fpga_0 rise edge)
                                                      0.000     0.000 r  
    PS7_X0Y0             PS7                          0.000     0.000 r  u_block_design/design_1_i/processing_system7_0/inst/PS7_i/FCLKCLK[0]
                         net (fo=1, routed)           0.310     0.310    u_block_design/design_1_i/processing_system7_0/inst/FCLK_CLK_unbuffered[0]
    BUFGCTRL_X0Y16       BUFG (Prop_bufg_I_O)         0.026     0.336 r  u_block_design/design_1_i/processing_system7_0/inst/buffer_fclk_clk_0.FCLK_CLK_0_BUFG/O
                         net (fo=16061, routed)       0.548     0.884    u_block_design/design_1_i/axi_dma_0/U0/I_PRMRY_DATAMOVER/GEN_S2MM_FULL.I_S2MM_FULL_WRAPPER/GEN_INCLUDE_IBTTCC.I_S2MM_MSTR_IBTTCC/m_axi_s2mm_aclk
    SLICE_X53Y65         FDRE                                         r  u_block_design/design_1_i/axi_dma_0/U0/I_PRMRY_DATAMOVER/GEN_S2MM_FULL.I_S2MM_FULL_WRAPPER/GEN_INCLUDE_IBTTCC.I_S2MM_MSTR_IBTTCC/sig_xfer_type_reg_reg/C
  -------------------------------------------------------------------    -------------------
    SLICE_X53Y65         FDRE (Prop_fdre_C_Q)         0.128     1.012 r  u_block_design/design_1_i/axi_dma_0/U0/I_PRMRY_DATAMOVER/GEN_S2MM_FULL.I_S2MM_FULL_WRAPPER/GEN_INCLUDE_IBTTCC.I_S2MM_MSTR_IBTTCC/sig_xfer_type_reg_reg/Q
                         net (fo=1, routed)           0.229     1.240    u_block_design/design_1_i/axi_dma_0/U0/I_PRMRY_DATAMOVER/GEN_S2MM_FULL.I_S2MM_FULL_WRAPPER/I_ADDR_CNTL/GEN_ADDR_FIFO.I_ADDR_QUAL_FIFO/USE_SRL_FIFO.I_SYNC_FIFO/in[37]
    SLICE_X46Y66         SRL16E                                       r  u_block_design/design_1_i/axi_dma_0/U0/I_PRMRY_DATAMOVER/GEN_S2MM_FULL.I_S2MM_FULL_WRAPPER/I_ADDR_CNTL/GEN_ADDR_FIFO.I_ADDR_QUAL_FIFO/USE_SRL_FIFO.I_SYNC_FIFO/data_reg[3][11]_srl4/D
  -------------------------------------------------------------------    -------------------

                         (clock clk_fpga_0 rise edge)
                                                      0.000     0.000 r  
    PS7_X0Y0             PS7                          0.000     0.000 r  u_block_design/design_1_i/processing_system7_0/inst/PS7_i/FCLKCLK[0]
                         net (fo=1, routed)           0.337     0.337    u_block_design/design_1_i/processing_system7_0/inst/FCLK_CLK_unbuffered[0]
    BUFGCTRL_X0Y16       BUFG (Prop_bufg_I_O)         0.029     0.366 r  u_block_design/design_1_i/processing_system7_0/inst/buffer_fclk_clk_0.FCLK_CLK_0_BUFG/O
                         net (fo=16061, routed)       0.817     1.183    u_block_design/design_1_i/axi_dma_0/U0/I_PRMRY_DATAMOVER/GEN_S2MM_FULL.I_S2MM_FULL_WRAPPER/I_ADDR_CNTL/GEN_ADDR_FIFO.I_ADDR_QUAL_FIFO/USE_SRL_FIFO.I_SYNC_FIFO/m_axi_s2mm_aclk
    SLICE_X46Y66         SRL16E                                       r  u_block_design/design_1_i/axi_dma_0/U0/I_PRMRY_DATAMOVER/GEN_S2MM_FULL.I_S2MM_FULL_WRAPPER/I_ADDR_CNTL/GEN_ADDR_FIFO.I_ADDR_QUAL_FIFO/USE_SRL_FIFO.I_SYNC_FIFO/data_reg[3][11]_srl4/CLK
                         clock pessimism             -0.035     1.148    
    SLICE_X46Y66         SRL16E (Hold_srl16e_CLK_D)
                                                      0.056     1.204    u_block_design/design_1_i/axi_dma_0/U0/I_PRMRY_DATAMOVER/GEN_S2MM_FULL.I_S2MM_FULL_WRAPPER/I_ADDR_CNTL/GEN_ADDR_FIFO.I_ADDR_QUAL_FIFO/USE_SRL_FIFO.I_SYNC_FIFO/data_reg[3][11]_srl4
  -------------------------------------------------------------------
                         required time                         -1.204    
                         arrival time                           1.240    
  -------------------------------------------------------------------
                         slack                                  0.036    

Slack (MET) :             0.041ns  (arrival time - required time)
  Source:                 u_block_design/design_1_i/axi_interconnect_hp0/s00_couplers/auto_us/inst/gen_upsizer.gen_full_upsizer.axi_upsizer_inst/si_register_slice_inst/ar.ar_pipe/aresetn_d_reg[0]/C
                            (rising edge-triggered cell FDRE clocked by clk_fpga_0  {rise@0.000ns fall@5.000ns period=10.000ns})
  Destination:            u_block_design/design_1_i/axi_interconnect_hp0/s00_couplers/auto_us/inst/gen_upsizer.gen_full_upsizer.axi_upsizer_inst/si_register_slice_inst/ar.ar_pipe/aresetn_d_reg[1]/D
                            (rising edge-triggered cell FDRE clocked by clk_fpga_0  {rise@0.000ns fall@5.000ns period=10.000ns})
  Path Group:             clk_fpga_0
  Path Type:              Hold (Min at Fast Process Corner)
  Requirement:            0.000ns  (clk_fpga_0 rise@0.000ns - clk_fpga_0 rise@0.000ns)
  Data Path Delay:        0.325ns  (logic 0.128ns (39.328%)  route 0.197ns (60.672%))
  Logic Levels:           0  
  Clock Path Skew:        0.262ns (DCD - SCD - CPR)
    Destination Clock Delay (DCD):    1.191ns
    Source Clock Delay      (SCD):    0.899ns
    Clock Pessimism Removal (CPR):    0.030ns

    Location             Delay type                Incr(ns)  Path(ns)    Netlist Resource(s)
  -------------------------------------------------------------------    -------------------
                         (clock clk_fpga_0 rise edge)
                                                      0.000     0.000 r  
    PS7_X0Y0             PS7                          0.000     0.000 r  u_block_design/design_1_i/processing_system7_0/inst/PS7_i/FCLKCLK[0]
                         net (fo=1, routed)           0.310     0.310    u_block_design/design_1_i/processing_system7_0/inst/FCLK_CLK_unbuffered[0]
    BUFGCTRL_X0Y16       BUFG (Prop_bufg_I_O)         0.026     0.336 r  u_block_design/design_1_i/processing_system7_0/inst/buffer_fclk_clk_0.FCLK_CLK_0_BUFG/O
                         net (fo=16061, routed)       0.563     0.899    u_block_design/design_1_i/axi_interconnect_hp0/s00_couplers/auto_us/inst/gen_upsizer.gen_full_upsizer.axi_upsizer_inst/si_register_slice_inst/ar.ar_pipe/out
    SLICE_X41Y49         FDRE                                         r  u_block_design/design_1_i/axi_interconnect_hp0/s00_couplers/auto_us/inst/gen_upsizer.gen_full_upsizer.axi_upsizer_inst/si_register_slice_inst/ar.ar_pipe/aresetn_d_reg[0]/C
  -------------------------------------------------------------------    -------------------
    SLICE_X41Y49         FDRE (Prop_fdre_C_Q)         0.128     1.027 r  u_block_design/design_1_i/axi_interconnect_hp0/s00_couplers/auto_us/inst/gen_upsizer.gen_full_upsizer.axi_upsizer_inst/si_register_slice_inst/ar.ar_pipe/aresetn_d_reg[0]/Q
                         net (fo=3, routed)           0.197     1.224    u_block_design/design_1_i/axi_interconnect_hp0/s00_couplers/auto_us/inst/gen_upsizer.gen_full_upsizer.axi_upsizer_inst/si_register_slice_inst/ar.ar_pipe/aresetn_d_reg[0]_0
    SLICE_X40Y52         FDRE                                         r  u_block_design/design_1_i/axi_interconnect_hp0/s00_couplers/auto_us/inst/gen_upsizer.gen_full_upsizer.axi_upsizer_inst/si_register_slice_inst/ar.ar_pipe/aresetn_d_reg[1]/D
  -------------------------------------------------------------------    -------------------

                         (clock clk_fpga_0 rise edge)
                                                      0.000     0.000 r  
    PS7_X0Y0             PS7                          0.000     0.000 r  u_block_design/design_1_i/processing_system7_0/inst/PS7_i/FCLKCLK[0]
                         net (fo=1, routed)           0.337     0.337    u_block_design/design_1_i/processing_system7_0/inst/FCLK_CLK_unbuffered[0]
    BUFGCTRL_X0Y16       BUFG (Prop_bufg_I_O)         0.029     0.366 r  u_block_design/design_1_i/processing_system7_0/inst/buffer_fclk_clk_0.FCLK_CLK_0_BUFG/O
                         net (fo=16061, routed)       0.825     1.191    u_block_design/design_1_i/axi_interconnect_hp0/s00_couplers/auto_us/inst/gen_upsizer.gen_full_upsizer.axi_upsizer_inst/si_register_slice_inst/ar.ar_pipe/out
    SLICE_X40Y52         FDRE                                         r  u_block_design/design_1_i/axi_interconnect_hp0/s00_couplers/auto_us/inst/gen_upsizer.gen_full_upsizer.axi_upsizer_inst/si_register_slice_inst/ar.ar_pipe/aresetn_d_reg[1]/C
                         clock pessimism             -0.030     1.161    
    SLICE_X40Y52         FDRE (Hold_fdre_C_D)         0.022     1.183    u_block_design/design_1_i/axi_interconnect_hp0/s00_couplers/auto_us/inst/gen_upsizer.gen_full_upsizer.axi_upsizer_inst/si_register_slice_inst/ar.ar_pipe/aresetn_d_reg[1]
  -------------------------------------------------------------------
                         required time                         -1.183    
                         arrival time                           1.224    
  -------------------------------------------------------------------
                         slack                                  0.041    

Slack (MET) :             0.043ns  (arrival time - required time)
  Source:                 u_block_design/design_1_i/axi_dma_0/U0/I_PRMRY_DATAMOVER/GEN_S2MM_FULL.I_S2MM_FULL_WRAPPER/GEN_INCLUDE_IBTTCC.I_S2MM_MSTR_IBTTCC/sig_xfer_addr_reg_reg[16]/C
                            (rising edge-triggered cell FDRE clocked by clk_fpga_0  {rise@0.000ns fall@5.000ns period=10.000ns})
  Destination:            u_block_design/design_1_i/axi_dma_0/U0/I_PRMRY_DATAMOVER/GEN_S2MM_FULL.I_S2MM_FULL_WRAPPER/I_ADDR_CNTL/GEN_ADDR_FIFO.I_ADDR_QUAL_FIFO/USE_SRL_FIFO.I_SYNC_FIFO/data_reg[3][38]_srl4/D
                            (rising edge-triggered cell SRL16E clocked by clk_fpga_0  {rise@0.000ns fall@5.000ns period=10.000ns})
  Path Group:             clk_fpga_0
  Path Type:              Hold (Min at Fast Process Corner)
  Requirement:            0.000ns  (clk_fpga_0 rise@0.000ns - clk_fpga_0 rise@0.000ns)
  Data Path Delay:        0.241ns  (logic 0.141ns (58.505%)  route 0.100ns (41.495%))
  Logic Levels:           0  
  Clock Path Skew:        0.015ns (DCD - SCD - CPR)
    Destination Clock Delay (DCD):    1.175ns
    Source Clock Delay      (SCD):    0.878ns
    Clock Pessimism Removal (CPR):    0.282ns

    Location             Delay type                Incr(ns)  Path(ns)    Netlist Resource(s)
  -------------------------------------------------------------------    -------------------
                         (clock clk_fpga_0 rise edge)
                                                      0.000     0.000 r  
    PS7_X0Y0             PS7                          0.000     0.000 r  u_block_design/design_1_i/processing_system7_0/inst/PS7_i/FCLKCLK[0]
                         net (fo=1, routed)           0.310     0.310    u_block_design/design_1_i/processing_system7_0/inst/FCLK_CLK_unbuffered[0]
    BUFGCTRL_X0Y16       BUFG (Prop_bufg_I_O)         0.026     0.336 r  u_block_design/design_1_i/processing_system7_0/inst/buffer_fclk_clk_0.FCLK_CLK_0_BUFG/O
                         net (fo=16061, routed)       0.542     0.878    u_block_design/design_1_i/axi_dma_0/U0/I_PRMRY_DATAMOVER/GEN_S2MM_FULL.I_S2MM_FULL_WRAPPER/GEN_INCLUDE_IBTTCC.I_S2MM_MSTR_IBTTCC/m_axi_s2mm_aclk
    SLICE_X53Y71         FDRE                                         r  u_block_design/design_1_i/axi_dma_0/U0/I_PRMRY_DATAMOVER/GEN_S2MM_FULL.I_S2MM_FULL_WRAPPER/GEN_INCLUDE_IBTTCC.I_S2MM_MSTR_IBTTCC/sig_xfer_addr_reg_reg[16]/C
  -------------------------------------------------------------------    -------------------
    SLICE_X53Y71         FDRE (Prop_fdre_C_Q)         0.141     1.019 r  u_block_design/design_1_i/axi_dma_0/U0/I_PRMRY_DATAMOVER/GEN_S2MM_FULL.I_S2MM_FULL_WRAPPER/GEN_INCLUDE_IBTTCC.I_S2MM_MSTR_IBTTCC/sig_xfer_addr_reg_reg[16]/Q
                         net (fo=1, routed)           0.100     1.119    u_block_design/design_1_i/axi_dma_0/U0/I_PRMRY_DATAMOVER/GEN_S2MM_FULL.I_S2MM_FULL_WRAPPER/I_ADDR_CNTL/GEN_ADDR_FIFO.I_ADDR_QUAL_FIFO/USE_SRL_FIFO.I_SYNC_FIFO/in[16]
    SLICE_X50Y70         SRL16E                                       r  u_block_design/design_1_i/axi_dma_0/U0/I_PRMRY_DATAMOVER/GEN_S2MM_FULL.I_S2MM_FULL_WRAPPER/I_ADDR_CNTL/GEN_ADDR_FIFO.I_ADDR_QUAL_FIFO/USE_SRL_FIFO.I_SYNC_FIFO/data_reg[3][38]_srl4/D
  -------------------------------------------------------------------    -------------------

                         (clock clk_fpga_0 rise edge)
                                                      0.000     0.000 r  
    PS7_X0Y0             PS7                          0.000     0.000 r  u_block_design/design_1_i/processing_system7_0/inst/PS7_i/FCLKCLK[0]
                         net (fo=1, routed)           0.337     0.337    u_block_design/design_1_i/processing_system7_0/inst/FCLK_CLK_unbuffered[0]
    BUFGCTRL_X0Y16       BUFG (Prop_bufg_I_O)         0.029     0.366 r  u_block_design/design_1_i/processing_system7_0/inst/buffer_fclk_clk_0.FCLK_CLK_0_BUFG/O
                         net (fo=16061, routed)       0.809     1.175    u_block_design/design_1_i/axi_dma_0/U0/I_PRMRY_DATAMOVER/GEN_S2MM_FULL.I_S2MM_FULL_WRAPPER/I_ADDR_CNTL/GEN_ADDR_FIFO.I_ADDR_QUAL_FIFO/USE_SRL_FIFO.I_SYNC_FIFO/m_axi_s2mm_aclk
    SLICE_X50Y70         SRL16E                                       r  u_block_design/design_1_i/axi_dma_0/U0/I_PRMRY_DATAMOVER/GEN_S2MM_FULL.I_S2MM_FULL_WRAPPER/I_ADDR_CNTL/GEN_ADDR_FIFO.I_ADDR_QUAL_FIFO/USE_SRL_FIFO.I_SYNC_FIFO/data_reg[3][38]_srl4/CLK
                         clock pessimism             -0.282     0.893    
    SLICE_X50Y70         SRL16E (Hold_srl16e_CLK_D)
                                                      0.183     1.076    u_block_design/design_1_i/axi_dma_0/U0/I_PRMRY_DATAMOVER/GEN_S2MM_FULL.I_S2MM_FULL_WRAPPER/I_ADDR_CNTL/GEN_ADDR_FIFO.I_ADDR_QUAL_FIFO/USE_SRL_FIFO.I_SYNC_FIFO/data_reg[3][38]_srl4
  -------------------------------------------------------------------
                         required time                         -1.076    
                         arrival time                           1.119    
  -------------------------------------------------------------------
                         slack                                  0.043    

Slack (MET) :             0.044ns  (arrival time - required time)
  Source:                 u_block_design/design_1_i/axi_interconnect_0/s00_couplers/auto_pc/inst/gen_axilite.gen_b2s_conv.axilite_b2s/RD.r_channel_0/r_arid_r_reg[7]/C
                            (rising edge-triggered cell FDRE clocked by clk_fpga_0  {rise@0.000ns fall@5.000ns period=10.000ns})
  Destination:            u_block_design/design_1_i/axi_interconnect_0/s00_couplers/auto_pc/inst/gen_axilite.gen_b2s_conv.axilite_b2s/RD.r_channel_0/transaction_fifo_0/memory_reg[31][8]_srl32/D
                            (rising edge-triggered cell SRLC32E clocked by clk_fpga_0  {rise@0.000ns fall@5.000ns period=10.000ns})
  Path Group:             clk_fpga_0
  Path Type:              Hold (Min at Fast Process Corner)
  Requirement:            0.000ns  (clk_fpga_0 rise@0.000ns - clk_fpga_0 rise@0.000ns)
  Data Path Delay:        0.259ns  (logic 0.141ns (54.469%)  route 0.118ns (45.531%))
  Logic Levels:           0  
  Clock Path Skew:        0.032ns (DCD - SCD - CPR)
    Destination Clock Delay (DCD):    1.209ns
    Source Clock Delay      (SCD):    0.913ns
    Clock Pessimism Removal (CPR):    0.264ns

    Location             Delay type                Incr(ns)  Path(ns)    Netlist Resource(s)
  -------------------------------------------------------------------    -------------------
                         (clock clk_fpga_0 rise edge)
                                                      0.000     0.000 r  
    PS7_X0Y0             PS7                          0.000     0.000 r  u_block_design/design_1_i/processing_system7_0/inst/PS7_i/FCLKCLK[0]
                         net (fo=1, routed)           0.310     0.310    u_block_design/design_1_i/processing_system7_0/inst/FCLK_CLK_unbuffered[0]
    BUFGCTRL_X0Y16       BUFG (Prop_bufg_I_O)         0.026     0.336 r  u_block_design/design_1_i/processing_system7_0/inst/buffer_fclk_clk_0.FCLK_CLK_0_BUFG/O
                         net (fo=16061, routed)       0.577     0.913    u_block_design/design_1_i/axi_interconnect_0/s00_couplers/auto_pc/inst/gen_axilite.gen_b2s_conv.axilite_b2s/RD.r_channel_0/aclk
    SLICE_X28Y97         FDRE                                         r  u_block_design/design_1_i/axi_interconnect_0/s00_couplers/auto_pc/inst/gen_axilite.gen_b2s_conv.axilite_b2s/RD.r_channel_0/r_arid_r_reg[7]/C
  -------------------------------------------------------------------    -------------------
    SLICE_X28Y97         FDRE (Prop_fdre_C_Q)         0.141     1.054 r  u_block_design/design_1_i/axi_interconnect_0/s00_couplers/auto_pc/inst/gen_axilite.gen_b2s_conv.axilite_b2s/RD.r_channel_0/r_arid_r_reg[7]/Q
                         net (fo=1, routed)           0.118     1.171    u_block_design/design_1_i/axi_interconnect_0/s00_couplers/auto_pc/inst/gen_axilite.gen_b2s_conv.axilite_b2s/RD.r_channel_0/transaction_fifo_0/in[8]
    SLICE_X26Y96         SRLC32E                                      r  u_block_design/design_1_i/axi_interconnect_0/s00_couplers/auto_pc/inst/gen_axilite.gen_b2s_conv.axilite_b2s/RD.r_channel_0/transaction_fifo_0/memory_reg[31][8]_srl32/D
  -------------------------------------------------------------------    -------------------

                         (clock clk_fpga_0 rise edge)
                                                      0.000     0.000 r  
    PS7_X0Y0             PS7                          0.000     0.000 r  u_block_design/design_1_i/processing_system7_0/inst/PS7_i/FCLKCLK[0]
                         net (fo=1, routed)           0.337     0.337    u_block_design/design_1_i/processing_system7_0/inst/FCLK_CLK_unbuffered[0]
    BUFGCTRL_X0Y16       BUFG (Prop_bufg_I_O)         0.029     0.366 r  u_block_design/design_1_i/processing_system7_0/inst/buffer_fclk_clk_0.FCLK_CLK_0_BUFG/O
                         net (fo=16061, routed)       0.843     1.209    u_block_design/design_1_i/axi_interconnect_0/s00_couplers/auto_pc/inst/gen_axilite.gen_b2s_conv.axilite_b2s/RD.r_channel_0/transaction_fifo_0/aclk
    SLICE_X26Y96         SRLC32E                                      r  u_block_design/design_1_i/axi_interconnect_0/s00_couplers/auto_pc/inst/gen_axilite.gen_b2s_conv.axilite_b2s/RD.r_channel_0/transaction_fifo_0/memory_reg[31][8]_srl32/CLK
                         clock pessimism             -0.264     0.945    
    SLICE_X26Y96         SRLC32E (Hold_srlc32e_CLK_D)
                                                      0.183     1.128    u_block_design/design_1_i/axi_interconnect_0/s00_couplers/auto_pc/inst/gen_axilite.gen_b2s_conv.axilite_b2s/RD.r_channel_0/transaction_fifo_0/memory_reg[31][8]_srl32
  -------------------------------------------------------------------
                         required time                         -1.128    
                         arrival time                           1.171    
  -------------------------------------------------------------------
                         slack                                  0.044    

Slack (MET) :             0.045ns  (arrival time - required time)
  Source:                 u_block_design/design_1_i/axi_dma_0/U0/I_AXI_DMA_REG_MODULE/GEN_S2MM_REGISTERS.I_S2MM_DMA_REGISTER/GEN_REG_FOR_SMPL.buffer_length_i_reg[12]/C
                            (rising edge-triggered cell FDRE clocked by clk_fpga_0  {rise@0.000ns fall@5.000ns period=10.000ns})
  Destination:            u_block_design/design_1_i/axi_dma_0/U0/INCLUDE_S2MM_SOF_EOF_GENERATOR.I_S2MM_DMA_MNGR/GEN_S2MM_DMA_CONTROL.GEN_SIMPLE_DMA_MODE.I_S2MM_SMPL_SM/GEN_CMD_BTT_LESS_23.cmnd_data_reg[12]/D
                            (rising edge-triggered cell FDRE clocked by clk_fpga_0  {rise@0.000ns fall@5.000ns period=10.000ns})
  Path Group:             clk_fpga_0
  Path Type:              Hold (Min at Fast Process Corner)
  Requirement:            0.000ns  (clk_fpga_0 rise@0.000ns - clk_fpga_0 rise@0.000ns)
  Data Path Delay:        0.379ns  (logic 0.141ns (37.187%)  route 0.238ns (62.813%))
  Logic Levels:           0  
  Clock Path Skew:        0.259ns (DCD - SCD - CPR)
    Destination Clock Delay (DCD):    1.178ns
    Source Clock Delay      (SCD):    0.884ns
    Clock Pessimism Removal (CPR):    0.035ns

    Location             Delay type                Incr(ns)  Path(ns)    Netlist Resource(s)
  -------------------------------------------------------------------    -------------------
                         (clock clk_fpga_0 rise edge)
                                                      0.000     0.000 r  
    PS7_X0Y0             PS7                          0.000     0.000 r  u_block_design/design_1_i/processing_system7_0/inst/PS7_i/FCLKCLK[0]
                         net (fo=1, routed)           0.310     0.310    u_block_design/design_1_i/processing_system7_0/inst/FCLK_CLK_unbuffered[0]
    BUFGCTRL_X0Y16       BUFG (Prop_bufg_I_O)         0.026     0.336 r  u_block_design/design_1_i/processing_system7_0/inst/buffer_fclk_clk_0.FCLK_CLK_0_BUFG/O
                         net (fo=16061, routed)       0.548     0.884    u_block_design/design_1_i/axi_dma_0/U0/I_AXI_DMA_REG_MODULE/GEN_S2MM_REGISTERS.I_S2MM_DMA_REGISTER/s_axi_lite_aclk
    SLICE_X45Y80         FDRE                                         r  u_block_design/design_1_i/axi_dma_0/U0/I_AXI_DMA_REG_MODULE/GEN_S2MM_REGISTERS.I_S2MM_DMA_REGISTER/GEN_REG_FOR_SMPL.buffer_length_i_reg[12]/C
  -------------------------------------------------------------------    -------------------
    SLICE_X45Y80         FDRE (Prop_fdre_C_Q)         0.141     1.025 r  u_block_design/design_1_i/axi_dma_0/U0/I_AXI_DMA_REG_MODULE/GEN_S2MM_REGISTERS.I_S2MM_DMA_REGISTER/GEN_REG_FOR_SMPL.buffer_length_i_reg[12]/Q
                         net (fo=2, routed)           0.238     1.263    u_block_design/design_1_i/axi_dma_0/U0/INCLUDE_S2MM_SOF_EOF_GENERATOR.I_S2MM_DMA_MNGR/GEN_S2MM_DMA_CONTROL.GEN_SIMPLE_DMA_MODE.I_S2MM_SMPL_SM/GEN_CMD_BTT_LESS_23.cmnd_data_reg[22]_0[12]
    SLICE_X53Y82         FDRE                                         r  u_block_design/design_1_i/axi_dma_0/U0/INCLUDE_S2MM_SOF_EOF_GENERATOR.I_S2MM_DMA_MNGR/GEN_S2MM_DMA_CONTROL.GEN_SIMPLE_DMA_MODE.I_S2MM_SMPL_SM/GEN_CMD_BTT_LESS_23.cmnd_data_reg[12]/D
  -------------------------------------------------------------------    -------------------

                         (clock clk_fpga_0 rise edge)
                                                      0.000     0.000 r  
    PS7_X0Y0             PS7                          0.000     0.000 r  u_block_design/design_1_i/processing_system7_0/inst/PS7_i/FCLKCLK[0]
                         net (fo=1, routed)           0.337     0.337    u_block_design/design_1_i/processing_system7_0/inst/FCLK_CLK_unbuffered[0]
    BUFGCTRL_X0Y16       BUFG (Prop_bufg_I_O)         0.029     0.366 r  u_block_design/design_1_i/processing_system7_0/inst/buffer_fclk_clk_0.FCLK_CLK_0_BUFG/O
                         net (fo=16061, routed)       0.812     1.178    u_block_design/design_1_i/axi_dma_0/U0/INCLUDE_S2MM_SOF_EOF_GENERATOR.I_S2MM_DMA_MNGR/GEN_S2MM_DMA_CONTROL.GEN_SIMPLE_DMA_MODE.I_S2MM_SMPL_SM/s_axi_lite_aclk
    SLICE_X53Y82         FDRE                                         r  u_block_design/design_1_i/axi_dma_0/U0/INCLUDE_S2MM_SOF_EOF_GENERATOR.I_S2MM_DMA_MNGR/GEN_S2MM_DMA_CONTROL.GEN_SIMPLE_DMA_MODE.I_S2MM_SMPL_SM/GEN_CMD_BTT_LESS_23.cmnd_data_reg[12]/C
                         clock pessimism             -0.035     1.143    
    SLICE_X53Y82         FDRE (Hold_fdre_C_D)         0.075     1.218    u_block_design/design_1_i/axi_dma_0/U0/INCLUDE_S2MM_SOF_EOF_GENERATOR.I_S2MM_DMA_MNGR/GEN_S2MM_DMA_CONTROL.GEN_SIMPLE_DMA_MODE.I_S2MM_SMPL_SM/GEN_CMD_BTT_LESS_23.cmnd_data_reg[12]
  -------------------------------------------------------------------
                         required time                         -1.218    
                         arrival time                           1.263    
  -------------------------------------------------------------------
                         slack                                  0.045    

Slack (MET) :             0.045ns  (arrival time - required time)
  Source:                 u_block_design/design_1_i/axi_interconnect_0/s00_couplers/auto_pc/inst/gen_axilite.gen_b2s_conv.axilite_b2s/WR.aw_channel_0/s_awid_r_reg[7]/C
                            (rising edge-triggered cell FDRE clocked by clk_fpga_0  {rise@0.000ns fall@5.000ns period=10.000ns})
  Destination:            u_block_design/design_1_i/axi_interconnect_0/s00_couplers/auto_pc/inst/gen_axilite.gen_b2s_conv.axilite_b2s/WR.b_channel_0/bid_fifo_0/memory_reg[3][15]_srl4/D
                            (rising edge-triggered cell SRL16E clocked by clk_fpga_0  {rise@0.000ns fall@5.000ns period=10.000ns})
  Path Group:             clk_fpga_0
  Path Type:              Hold (Min at Fast Process Corner)
  Requirement:            0.000ns  (clk_fpga_0 rise@0.000ns - clk_fpga_0 rise@0.000ns)
  Data Path Delay:        0.244ns  (logic 0.141ns (57.770%)  route 0.103ns (42.230%))
  Logic Levels:           0  
  Clock Path Skew:        0.016ns (DCD - SCD - CPR)
    Destination Clock Delay (DCD):    1.296ns
    Source Clock Delay      (SCD):    0.994ns
    Clock Pessimism Removal (CPR):    0.286ns

    Location             Delay type                Incr(ns)  Path(ns)    Netlist Resource(s)
  -------------------------------------------------------------------    -------------------
                         (clock clk_fpga_0 rise edge)
                                                      0.000     0.000 r  
    PS7_X0Y0             PS7                          0.000     0.000 r  u_block_design/design_1_i/processing_system7_0/inst/PS7_i/FCLKCLK[0]
                         net (fo=1, routed)           0.310     0.310    u_block_design/design_1_i/processing_system7_0/inst/FCLK_CLK_unbuffered[0]
    BUFGCTRL_X0Y16       BUFG (Prop_bufg_I_O)         0.026     0.336 r  u_block_design/design_1_i/processing_system7_0/inst/buffer_fclk_clk_0.FCLK_CLK_0_BUFG/O
                         net (fo=16061, routed)       0.658     0.994    u_block_design/design_1_i/axi_interconnect_0/s00_couplers/auto_pc/inst/gen_axilite.gen_b2s_conv.axilite_b2s/WR.aw_channel_0/aclk
    SLICE_X28Y104        FDRE                                         r  u_block_design/design_1_i/axi_interconnect_0/s00_couplers/auto_pc/inst/gen_axilite.gen_b2s_conv.axilite_b2s/WR.aw_channel_0/s_awid_r_reg[7]/C
  -------------------------------------------------------------------    -------------------
    SLICE_X28Y104        FDRE (Prop_fdre_C_Q)         0.141     1.135 r  u_block_design/design_1_i/axi_interconnect_0/s00_couplers/auto_pc/inst/gen_axilite.gen_b2s_conv.axilite_b2s/WR.aw_channel_0/s_awid_r_reg[7]/Q
                         net (fo=1, routed)           0.103     1.238    u_block_design/design_1_i/axi_interconnect_0/s00_couplers/auto_pc/inst/gen_axilite.gen_b2s_conv.axilite_b2s/WR.b_channel_0/bid_fifo_0/in[11]
    SLICE_X30Y103        SRL16E                                       r  u_block_design/design_1_i/axi_interconnect_0/s00_couplers/auto_pc/inst/gen_axilite.gen_b2s_conv.axilite_b2s/WR.b_channel_0/bid_fifo_0/memory_reg[3][15]_srl4/D
  -------------------------------------------------------------------    -------------------

                         (clock clk_fpga_0 rise edge)
                                                      0.000     0.000 r  
    PS7_X0Y0             PS7                          0.000     0.000 r  u_block_design/design_1_i/processing_system7_0/inst/PS7_i/FCLKCLK[0]
                         net (fo=1, routed)           0.337     0.337    u_block_design/design_1_i/processing_system7_0/inst/FCLK_CLK_unbuffered[0]
    BUFGCTRL_X0Y16       BUFG (Prop_bufg_I_O)         0.029     0.366 r  u_block_design/design_1_i/processing_system7_0/inst/buffer_fclk_clk_0.FCLK_CLK_0_BUFG/O
                         net (fo=16061, routed)       0.930     1.296    u_block_design/design_1_i/axi_interconnect_0/s00_couplers/auto_pc/inst/gen_axilite.gen_b2s_conv.axilite_b2s/WR.b_channel_0/bid_fifo_0/aclk
    SLICE_X30Y103        SRL16E                                       r  u_block_design/design_1_i/axi_interconnect_0/s00_couplers/auto_pc/inst/gen_axilite.gen_b2s_conv.axilite_b2s/WR.b_channel_0/bid_fifo_0/memory_reg[3][15]_srl4/CLK
                         clock pessimism             -0.286     1.010    
    SLICE_X30Y103        SRL16E (Hold_srl16e_CLK_D)
                                                      0.183     1.193    u_block_design/design_1_i/axi_interconnect_0/s00_couplers/auto_pc/inst/gen_axilite.gen_b2s_conv.axilite_b2s/WR.b_channel_0/bid_fifo_0/memory_reg[3][15]_srl4
  -------------------------------------------------------------------
                         required time                         -1.193    
                         arrival time                           1.238    
  -------------------------------------------------------------------
                         slack                                  0.045    

Slack (MET) :             0.047ns  (arrival time - required time)
  Source:                 u_block_design/design_1_i/axi_dma_1/U0/I_PRMRY_DATAMOVER/GEN_S2MM_FULL.I_S2MM_FULL_WRAPPER/GEN_INCLUDE_IBTTCC.I_S2MM_MSTR_IBTTCC/sig_xfer_addr_reg_reg[16]/C
                            (rising edge-triggered cell FDRE clocked by clk_fpga_0  {rise@0.000ns fall@5.000ns period=10.000ns})
  Destination:            u_block_design/design_1_i/axi_dma_1/U0/I_PRMRY_DATAMOVER/GEN_S2MM_FULL.I_S2MM_FULL_WRAPPER/I_ADDR_CNTL/GEN_ADDR_FIFO.I_ADDR_QUAL_FIFO/USE_SRL_FIFO.I_SYNC_FIFO/data_reg[3][38]_srl4/D
                            (rising edge-triggered cell SRL16E clocked by clk_fpga_0  {rise@0.000ns fall@5.000ns period=10.000ns})
  Path Group:             clk_fpga_0
  Path Type:              Hold (Min at Fast Process Corner)
  Requirement:            0.000ns  (clk_fpga_0 rise@0.000ns - clk_fpga_0 rise@0.000ns)
  Data Path Delay:        0.245ns  (logic 0.141ns (57.650%)  route 0.104ns (42.350%))
  Logic Levels:           0  
  Clock Path Skew:        0.015ns (DCD - SCD - CPR)
    Destination Clock Delay (DCD):    1.213ns
    Source Clock Delay      (SCD):    0.915ns
    Clock Pessimism Removal (CPR):    0.283ns

    Location             Delay type                Incr(ns)  Path(ns)    Netlist Resource(s)
  -------------------------------------------------------------------    -------------------
                         (clock clk_fpga_0 rise edge)
                                                      0.000     0.000 r  
    PS7_X0Y0             PS7                          0.000     0.000 r  u_block_design/design_1_i/processing_system7_0/inst/PS7_i/FCLKCLK[0]
                         net (fo=1, routed)           0.310     0.310    u_block_design/design_1_i/processing_system7_0/inst/FCLK_CLK_unbuffered[0]
    BUFGCTRL_X0Y16       BUFG (Prop_bufg_I_O)         0.026     0.336 r  u_block_design/design_1_i/processing_system7_0/inst/buffer_fclk_clk_0.FCLK_CLK_0_BUFG/O
                         net (fo=16061, routed)       0.579     0.915    u_block_design/design_1_i/axi_dma_1/U0/I_PRMRY_DATAMOVER/GEN_S2MM_FULL.I_S2MM_FULL_WRAPPER/GEN_INCLUDE_IBTTCC.I_S2MM_MSTR_IBTTCC/m_axi_s2mm_aclk
    SLICE_X84Y64         FDRE                                         r  u_block_design/design_1_i/axi_dma_1/U0/I_PRMRY_DATAMOVER/GEN_S2MM_FULL.I_S2MM_FULL_WRAPPER/GEN_INCLUDE_IBTTCC.I_S2MM_MSTR_IBTTCC/sig_xfer_addr_reg_reg[16]/C
  -------------------------------------------------------------------    -------------------
    SLICE_X84Y64         FDRE (Prop_fdre_C_Q)         0.141     1.056 r  u_block_design/design_1_i/axi_dma_1/U0/I_PRMRY_DATAMOVER/GEN_S2MM_FULL.I_S2MM_FULL_WRAPPER/GEN_INCLUDE_IBTTCC.I_S2MM_MSTR_IBTTCC/sig_xfer_addr_reg_reg[16]/Q
                         net (fo=1, routed)           0.104     1.159    u_block_design/design_1_i/axi_dma_1/U0/I_PRMRY_DATAMOVER/GEN_S2MM_FULL.I_S2MM_FULL_WRAPPER/I_ADDR_CNTL/GEN_ADDR_FIFO.I_ADDR_QUAL_FIFO/USE_SRL_FIFO.I_SYNC_FIFO/in[16]
    SLICE_X82Y63         SRL16E                                       r  u_block_design/design_1_i/axi_dma_1/U0/I_PRMRY_DATAMOVER/GEN_S2MM_FULL.I_S2MM_FULL_WRAPPER/I_ADDR_CNTL/GEN_ADDR_FIFO.I_ADDR_QUAL_FIFO/USE_SRL_FIFO.I_SYNC_FIFO/data_reg[3][38]_srl4/D
  -------------------------------------------------------------------    -------------------

                         (clock clk_fpga_0 rise edge)
                                                      0.000     0.000 r  
    PS7_X0Y0             PS7                          0.000     0.000 r  u_block_design/design_1_i/processing_system7_0/inst/PS7_i/FCLKCLK[0]
                         net (fo=1, routed)           0.337     0.337    u_block_design/design_1_i/processing_system7_0/inst/FCLK_CLK_unbuffered[0]
    BUFGCTRL_X0Y16       BUFG (Prop_bufg_I_O)         0.029     0.366 r  u_block_design/design_1_i/processing_system7_0/inst/buffer_fclk_clk_0.FCLK_CLK_0_BUFG/O
                         net (fo=16061, routed)       0.847     1.213    u_block_design/design_1_i/axi_dma_1/U0/I_PRMRY_DATAMOVER/GEN_S2MM_FULL.I_S2MM_FULL_WRAPPER/I_ADDR_CNTL/GEN_ADDR_FIFO.I_ADDR_QUAL_FIFO/USE_SRL_FIFO.I_SYNC_FIFO/m_axi_s2mm_aclk
    SLICE_X82Y63         SRL16E                                       r  u_block_design/design_1_i/axi_dma_1/U0/I_PRMRY_DATAMOVER/GEN_S2MM_FULL.I_S2MM_FULL_WRAPPER/I_ADDR_CNTL/GEN_ADDR_FIFO.I_ADDR_QUAL_FIFO/USE_SRL_FIFO.I_SYNC_FIFO/data_reg[3][38]_srl4/CLK
                         clock pessimism             -0.283     0.930    
    SLICE_X82Y63         SRL16E (Hold_srl16e_CLK_D)
                                                      0.183     1.113    u_block_design/design_1_i/axi_dma_1/U0/I_PRMRY_DATAMOVER/GEN_S2MM_FULL.I_S2MM_FULL_WRAPPER/I_ADDR_CNTL/GEN_ADDR_FIFO.I_ADDR_QUAL_FIFO/USE_SRL_FIFO.I_SYNC_FIFO/data_reg[3][38]_srl4
  -------------------------------------------------------------------
                         required time                         -1.113    
                         arrival time                           1.159    
  -------------------------------------------------------------------
                         slack                                  0.047    

Slack (MET) :             0.049ns  (arrival time - required time)
  Source:                 u_block_design/design_1_i/axi_interconnect_hp0/s01_couplers/auto_pc/inst/gen_axi4_axi3.axi3_conv_inst/USE_WRITE.write_addr_inst/S_AXI_AADDR_Q_reg[18]/C
                            (rising edge-triggered cell FDRE clocked by clk_fpga_0  {rise@0.000ns fall@5.000ns period=10.000ns})
  Destination:            u_block_design/design_1_i/axi_interconnect_hp0/s01_couplers/auto_us/inst/gen_upsizer.gen_full_upsizer.axi_upsizer_inst/si_register_slice_inst/aw.aw_pipe/m_payload_i_reg[18]/D
                            (rising edge-triggered cell FDRE clocked by clk_fpga_0  {rise@0.000ns fall@5.000ns period=10.000ns})
  Path Group:             clk_fpga_0
  Path Type:              Hold (Min at Fast Process Corner)
  Requirement:            0.000ns  (clk_fpga_0 rise@0.000ns - clk_fpga_0 rise@0.000ns)
  Data Path Delay:        0.411ns  (logic 0.186ns (45.259%)  route 0.225ns (54.741%))
  Logic Levels:           1  (LUT5=1)
  Clock Path Skew:        0.270ns (DCD - SCD - CPR)
    Destination Clock Delay (DCD):    1.189ns
    Source Clock Delay      (SCD):    0.884ns
    Clock Pessimism Removal (CPR):    0.035ns

    Location             Delay type                Incr(ns)  Path(ns)    Netlist Resource(s)
  -------------------------------------------------------------------    -------------------
                         (clock clk_fpga_0 rise edge)
                                                      0.000     0.000 r  
    PS7_X0Y0             PS7                          0.000     0.000 r  u_block_design/design_1_i/processing_system7_0/inst/PS7_i/FCLKCLK[0]
                         net (fo=1, routed)           0.310     0.310    u_block_design/design_1_i/processing_system7_0/inst/FCLK_CLK_unbuffered[0]
    BUFGCTRL_X0Y16       BUFG (Prop_bufg_I_O)         0.026     0.336 r  u_block_design/design_1_i/processing_system7_0/inst/buffer_fclk_clk_0.FCLK_CLK_0_BUFG/O
                         net (fo=16061, routed)       0.548     0.884    u_block_design/design_1_i/axi_interconnect_hp0/s01_couplers/auto_pc/inst/gen_axi4_axi3.axi3_conv_inst/USE_WRITE.write_addr_inst/aclk
    SLICE_X52Y63         FDRE                                         r  u_block_design/design_1_i/axi_interconnect_hp0/s01_couplers/auto_pc/inst/gen_axi4_axi3.axi3_conv_inst/USE_WRITE.write_addr_inst/S_AXI_AADDR_Q_reg[18]/C
  -------------------------------------------------------------------    -------------------
    SLICE_X52Y63         FDRE (Prop_fdre_C_Q)         0.141     1.025 r  u_block_design/design_1_i/axi_interconnect_hp0/s01_couplers/auto_pc/inst/gen_axi4_axi3.axi3_conv_inst/USE_WRITE.write_addr_inst/S_AXI_AADDR_Q_reg[18]/Q
                         net (fo=2, routed)           0.225     1.250    u_block_design/design_1_i/axi_interconnect_hp0/s01_couplers/auto_pc/inst/gen_axi4_axi3.axi3_conv_inst/USE_WRITE.write_addr_inst/S_AXI_AADDR_Q[18]
    SLICE_X49Y59         LUT5 (Prop_lut5_I0_O)        0.045     1.295 r  u_block_design/design_1_i/axi_interconnect_hp0/s01_couplers/auto_pc/inst/gen_axi4_axi3.axi3_conv_inst/USE_WRITE.write_addr_inst/m_axi_awaddr[18]_INST_0/O
                         net (fo=1, routed)           0.000     1.295    u_block_design/design_1_i/axi_interconnect_hp0/s01_couplers/auto_us/inst/gen_upsizer.gen_full_upsizer.axi_upsizer_inst/si_register_slice_inst/aw.aw_pipe/D[18]
    SLICE_X49Y59         FDRE                                         r  u_block_design/design_1_i/axi_interconnect_hp0/s01_couplers/auto_us/inst/gen_upsizer.gen_full_upsizer.axi_upsizer_inst/si_register_slice_inst/aw.aw_pipe/m_payload_i_reg[18]/D
  -------------------------------------------------------------------    -------------------

                         (clock clk_fpga_0 rise edge)
                                                      0.000     0.000 r  
    PS7_X0Y0             PS7                          0.000     0.000 r  u_block_design/design_1_i/processing_system7_0/inst/PS7_i/FCLKCLK[0]
                         net (fo=1, routed)           0.337     0.337    u_block_design/design_1_i/processing_system7_0/inst/FCLK_CLK_unbuffered[0]
    BUFGCTRL_X0Y16       BUFG (Prop_bufg_I_O)         0.029     0.366 r  u_block_design/design_1_i/processing_system7_0/inst/buffer_fclk_clk_0.FCLK_CLK_0_BUFG/O
                         net (fo=16061, routed)       0.823     1.189    u_block_design/design_1_i/axi_interconnect_hp0/s01_couplers/auto_us/inst/gen_upsizer.gen_full_upsizer.axi_upsizer_inst/si_register_slice_inst/aw.aw_pipe/out
    SLICE_X49Y59         FDRE                                         r  u_block_design/design_1_i/axi_interconnect_hp0/s01_couplers/auto_us/inst/gen_upsizer.gen_full_upsizer.axi_upsizer_inst/si_register_slice_inst/aw.aw_pipe/m_payload_i_reg[18]/C
                         clock pessimism             -0.035     1.154    
    SLICE_X49Y59         FDRE (Hold_fdre_C_D)         0.092     1.246    u_block_design/design_1_i/axi_interconnect_hp0/s01_couplers/auto_us/inst/gen_upsizer.gen_full_upsizer.axi_upsizer_inst/si_register_slice_inst/aw.aw_pipe/m_payload_i_reg[18]
  -------------------------------------------------------------------
                         required time                         -1.246    
                         arrival time                           1.295    
  -------------------------------------------------------------------
                         slack                                  0.049    





Pulse Width Checks
--------------------------------------------------------------------------------------
Clock Name:         clk_fpga_0
Waveform(ns):       { 0.000 5.000 }
Period(ns):         10.000
Sources:            { u_block_design/design_1_i/processing_system7_0/inst/PS7_i/FCLKCLK[0] }

Check Type        Corner  Lib Pin             Reference Pin  Required(ns)  Actual(ns)  Slack(ns)  Location      Pin
Min Period        n/a     DSP48E1/CLK         n/a            3.884         10.000      6.116      DSP48_X1Y10   u_block_design/design_1_i/snn_top_hls_0/inst/grp_apply_rstdp_reward_fu_1580/grp_apply_rstdp_reward_Pipeline_RSTDP_INNER_fu_264/mul_8s_8s_16_3_1_U126/buff0_reg/CLK
Min Period        n/a     DSP48E1/CLK         n/a            3.884         10.000      6.116      DSP48_X2Y4    u_block_design/design_1_i/snn_top_hls_0/inst/grp_decay_all_traces_fu_1462/grp_decay_all_traces_Pipeline_DECAY_POST_TRACE_fu_36/mul_8ns_8ns_16_3_1_U21/buff0_reg/CLK
Min Period        n/a     DSP48E1/CLK         n/a            3.884         10.000      6.116      DSP48_X2Y8    u_block_design/design_1_i/snn_top_hls_0/inst/grp_decay_all_traces_fu_1462/grp_decay_all_traces_Pipeline_DECAY_PRE_TRACE_fu_28/mul_8ns_8ns_16_3_1_U17/buff0_reg/CLK
Min Period        n/a     RAMB36E1/CLKARDCLK  n/a            3.363         10.000      6.637      RAMB36_X4Y2   u_block_design/design_1_i/snn_top_hls_0/inst/weight_memory_U/ram_reg_0_0/CLKARDCLK
Min Period        n/a     RAMB36E1/CLKARDCLK  n/a            3.363         10.000      6.637      RAMB36_X1Y2   u_block_design/design_1_i/snn_top_hls_0/inst/weight_memory_U/ram_reg_0_1/CLKARDCLK
Min Period        n/a     RAMB36E1/CLKARDCLK  n/a            3.363         10.000      6.637      RAMB36_X2Y8   u_block_design/design_1_i/snn_top_hls_0/inst/weight_memory_U/ram_reg_0_2/CLKARDCLK
Min Period        n/a     RAMB36E1/CLKARDCLK  n/a            3.363         10.000      6.637      RAMB36_X0Y8   u_block_design/design_1_i/snn_top_hls_0/inst/weight_memory_U/ram_reg_0_3/CLKARDCLK
Min Period        n/a     RAMB36E1/CLKARDCLK  n/a            3.363         10.000      6.637      RAMB36_X3Y4   u_block_design/design_1_i/snn_top_hls_0/inst/weight_memory_U/ram_reg_10_0/CLKARDCLK
Min Period        n/a     RAMB36E1/CLKARDCLK  n/a            3.363         10.000      6.637      RAMB36_X4Y8   u_block_design/design_1_i/snn_top_hls_0/inst/weight_memory_U/ram_reg_10_1/CLKARDCLK
Min Period        n/a     RAMB36E1/CLKARDCLK  n/a            3.363         10.000      6.637      RAMB36_X3Y8   u_block_design/design_1_i/snn_top_hls_0/inst/weight_memory_U/ram_reg_10_2/CLKARDCLK
Low Pulse Width   Slow    RAMD32/CLK          n/a            1.250         5.000       3.750      SLICE_X38Y41  spike_out_fifo_mem_reg_0_31_0_5/RAMA/CLK
Low Pulse Width   Fast    RAMD32/CLK          n/a            1.250         5.000       3.750      SLICE_X38Y41  spike_out_fifo_mem_reg_0_31_0_5/RAMA/CLK
Low Pulse Width   Slow    RAMD32/CLK          n/a            1.250         5.000       3.750      SLICE_X38Y41  spike_out_fifo_mem_reg_0_31_0_5/RAMA_D1/CLK
Low Pulse Width   Fast    RAMD32/CLK          n/a            1.250         5.000       3.750      SLICE_X38Y41  spike_out_fifo_mem_reg_0_31_0_5/RAMA_D1/CLK
Low Pulse Width   Slow    RAMD32/CLK          n/a            1.250         5.000       3.750      SLICE_X38Y41  spike_out_fifo_mem_reg_0_31_0_5/RAMB/CLK
Low Pulse Width   Fast    RAMD32/CLK          n/a            1.250         5.000       3.750      SLICE_X38Y41  spike_out_fifo_mem_reg_0_31_0_5/RAMB/CLK
Low Pulse Width   Slow    RAMD32/CLK          n/a            1.250         5.000       3.750      SLICE_X38Y41  spike_out_fifo_mem_reg_0_31_0_5/RAMB_D1/CLK
Low Pulse Width   Fast    RAMD32/CLK          n/a            1.250         5.000       3.750      SLICE_X38Y41  spike_out_fifo_mem_reg_0_31_0_5/RAMB_D1/CLK
Low Pulse Width   Slow    RAMD32/CLK          n/a            1.250         5.000       3.750      SLICE_X38Y41  spike_out_fifo_mem_reg_0_31_0_5/RAMC/CLK
Low Pulse Width   Fast    RAMD32/CLK          n/a            1.250         5.000       3.750      SLICE_X38Y41  spike_out_fifo_mem_reg_0_31_0_5/RAMC/CLK
High Pulse Width  Slow    RAMD32/CLK          n/a            1.250         5.000       3.750      SLICE_X38Y41  spike_out_fifo_mem_reg_0_31_0_5/RAMA/CLK
High Pulse Width  Fast    RAMD32/CLK          n/a            1.250         5.000       3.750      SLICE_X38Y41  spike_out_fifo_mem_reg_0_31_0_5/RAMA/CLK
High Pulse Width  Slow    RAMD32/CLK          n/a            1.250         5.000       3.750      SLICE_X38Y41  spike_out_fifo_mem_reg_0_31_0_5/RAMA_D1/CLK
High Pulse Width  Fast    RAMD32/CLK          n/a            1.250         5.000       3.750      SLICE_X38Y41  spike_out_fifo_mem_reg_0_31_0_5/RAMA_D1/CLK
High Pulse Width  Slow    RAMD32/CLK          n/a            1.250         5.000       3.750      SLICE_X38Y41  spike_out_fifo_mem_reg_0_31_0_5/RAMB/CLK
High Pulse Width  Fast    RAMD32/CLK          n/a            1.250         5.000       3.750      SLICE_X38Y41  spike_out_fifo_mem_reg_0_31_0_5/RAMB/CLK
High Pulse Width  Slow    RAMD32/CLK          n/a            1.250         5.000       3.750      SLICE_X38Y41  spike_out_fifo_mem_reg_0_31_0_5/RAMB_D1/CLK
High Pulse Width  Fast    RAMD32/CLK          n/a            1.250         5.000       3.750      SLICE_X38Y41  spike_out_fifo_mem_reg_0_31_0_5/RAMB_D1/CLK
High Pulse Width  Slow    RAMD32/CLK          n/a            1.250         5.000       3.750      SLICE_X38Y41  spike_out_fifo_mem_reg_0_31_0_5/RAMC/CLK
High Pulse Width  Fast    RAMD32/CLK          n/a            1.250         5.000       3.750      SLICE_X38Y41  spike_out_fifo_mem_reg_0_31_0_5/RAMC/CLK



---------------------------------------------------------------------------------------------------
Path Group:  **async_default**
From Clock:  clk_fpga_0
  To Clock:  clk_fpga_0

Setup :            0  Failing Endpoints,  Worst Slack        5.891ns,  Total Violation        0.000ns
Hold  :            0  Failing Endpoints,  Worst Slack        0.590ns,  Total Violation        0.000ns
---------------------------------------------------------------------------------------------------


Max Delay Paths
--------------------------------------------------------------------------------------
Slack (MET) :             5.891ns  (required time - arrival time)
  Source:                 snn_integrated_top/design_1_wrapper/design_1/design_1_axi_interconnect_hp0_0/s02_couplers_imp_QSEXJZ/design_1_axi_interconnect_hp0_imp_auto_pc_2/design_1_axi_interconnect_hp0_imp_auto_pc_2_axi_protocol_converter_v2_1_37_axi_protocol_converter/design_1_axi_interconnect_hp0_imp_auto_pc_2_axi_protocol_converter_v2_1_37_axi3_conv/design_1_axi_interconnect_hp0_imp_auto_pc_2_axi_protocol_converter_v2_1_37_a_axi3_conv/design_1_axi_interconnect_hp0_imp_auto_pc_2_axi_data_fifo_v2_1_36_axic_fifo/design_1_axi_interconnect_hp0_imp_auto_pc_2_axi_data_fifo_v2_1_36_fifo_gen/<hidden>/<hidden>/<hidden>/<hidden>/<hidden>/<hidden>
                            (rising edge-triggered cell FDPE clocked by clk_fpga_0  {rise@0.000ns fall@5.000ns period=10.000ns})
  Destination:            snn_integrated_top/design_1_wrapper/design_1/design_1_axi_interconnect_hp0_0/s02_couplers_imp_QSEXJZ/design_1_axi_interconnect_hp0_imp_auto_pc_2/design_1_axi_interconnect_hp0_imp_auto_pc_2_axi_protocol_converter_v2_1_37_axi_protocol_converter/design_1_axi_interconnect_hp0_imp_auto_pc_2_axi_protocol_converter_v2_1_37_axi3_conv/design_1_axi_interconnect_hp0_imp_auto_pc_2_axi_protocol_converter_v2_1_37_a_axi3_conv/design_1_axi_interconnect_hp0_imp_auto_pc_2_axi_data_fifo_v2_1_36_axic_fifo/design_1_axi_interconnect_hp0_imp_auto_pc_2_axi_data_fifo_v2_1_36_fifo_gen/<hidden>/<hidden>/<hidden>/<hidden>/<hidden>/<hidden>
                            (recovery check against rising-edge clock clk_fpga_0  {rise@0.000ns fall@5.000ns period=10.000ns})
  Path Group:             **async_default**
  Path Type:              Recovery (Max at Slow Process Corner)
  Requirement:            10.000ns  (clk_fpga_0 rise@10.000ns - clk_fpga_0 rise@0.000ns)
  Data Path Delay:        3.568ns  (logic 0.718ns (20.124%)  route 2.850ns (79.876%))
  Logic Levels:           1  (LUT3=1)
  Clock Path Skew:        0.018ns (DCD - SCD + CPR)
    Destination Clock Delay (DCD):    2.750ns = ( 12.750 - 10.000 ) 
    Source Clock Delay      (SCD):    2.962ns
    Clock Pessimism Removal (CPR):    0.230ns
  Clock Uncertainty:      0.154ns  ((TSJ^2 + TIJ^2)^1/2 + DJ) / 2 + PE
    Total System Jitter     (TSJ):    0.071ns
    Total Input Jitter      (TIJ):    0.300ns
    Discrete Jitter          (DJ):    0.000ns
    Phase Error              (PE):    0.000ns

    Location             Delay type                Incr(ns)  Path(ns)    Netlist Resource(s)
  -------------------------------------------------------------------    -------------------
                         (clock clk_fpga_0 rise edge)
                                                      0.000     0.000 r  
    PS7_X0Y0             PS7                          0.000     0.000 r  u_block_design/design_1_i/processing_system7_0/inst/PS7_i/FCLKCLK[0]
                         net (fo=1, routed)           1.193     1.193    u_block_design/design_1_i/processing_system7_0/inst/FCLK_CLK_unbuffered[0]
    BUFGCTRL_X0Y16       BUFG (Prop_bufg_I_O)         0.101     1.294 r  u_block_design/design_1_i/processing_system7_0/inst/buffer_fclk_clk_0.FCLK_CLK_0_BUFG/O
                         net (fo=16061, routed)       1.668     2.962    snn_integrated_top/design_1_wrapper/design_1/design_1_axi_interconnect_hp0_0/s02_couplers_imp_QSEXJZ/design_1_axi_interconnect_hp0_imp_auto_pc_2/design_1_axi_interconnect_hp0_imp_auto_pc_2_axi_protocol_converter_v2_1_37_axi_protocol_converter/design_1_axi_interconnect_hp0_imp_auto_pc_2_axi_protocol_converter_v2_1_37_axi3_conv/design_1_axi_interconnect_hp0_imp_auto_pc_2_axi_protocol_converter_v2_1_37_a_axi3_conv/design_1_axi_interconnect_hp0_imp_auto_pc_2_axi_data_fifo_v2_1_36_axic_fifo/design_1_axi_interconnect_hp0_imp_auto_pc_2_axi_data_fifo_v2_1_36_fifo_gen/<hidden>/<hidden>/<hidden>/<hidden>/<hidden>/<hidden>
    SLICE_X40Y44         FDPE                                         r  snn_integrated_top/design_1_wrapper/design_1/design_1_axi_interconnect_hp0_0/s02_couplers_imp_QSEXJZ/design_1_axi_interconnect_hp0_imp_auto_pc_2/design_1_axi_interconnect_hp0_imp_auto_pc_2_axi_protocol_converter_v2_1_37_axi_protocol_converter/design_1_axi_interconnect_hp0_imp_auto_pc_2_axi_protocol_converter_v2_1_37_axi3_conv/design_1_axi_interconnect_hp0_imp_auto_pc_2_axi_protocol_converter_v2_1_37_a_axi3_conv/design_1_axi_interconnect_hp0_imp_auto_pc_2_axi_data_fifo_v2_1_36_axic_fifo/design_1_axi_interconnect_hp0_imp_auto_pc_2_axi_data_fifo_v2_1_36_fifo_gen/<hidden>/<hidden>/<hidden>/<hidden>/<hidden>/<hidden>
  -------------------------------------------------------------------    -------------------
    SLICE_X40Y44         FDPE (Prop_fdpe_C_Q)         0.419     3.381 f  snn_integrated_top/design_1_wrapper/design_1/design_1_axi_interconnect_hp0_0/s02_couplers_imp_QSEXJZ/design_1_axi_interconnect_hp0_imp_auto_pc_2/design_1_axi_interconnect_hp0_imp_auto_pc_2_axi_protocol_converter_v2_1_37_axi_protocol_converter/design_1_axi_interconnect_hp0_imp_auto_pc_2_axi_protocol_converter_v2_1_37_axi3_conv/design_1_axi_interconnect_hp0_imp_auto_pc_2_axi_protocol_converter_v2_1_37_a_axi3_conv/design_1_axi_interconnect_hp0_imp_auto_pc_2_axi_data_fifo_v2_1_36_axic_fifo/design_1_axi_interconnect_hp0_imp_auto_pc_2_axi_data_fifo_v2_1_36_fifo_gen/<hidden>/<hidden>/<hidden>/<hidden>/<hidden>/<hidden>
                         net (fo=2, routed)           1.126     4.507    snn_integrated_top/design_1_wrapper/design_1/design_1_axi_interconnect_hp0_0/s02_couplers_imp_QSEXJZ/design_1_axi_interconnect_hp0_imp_auto_pc_2/design_1_axi_interconnect_hp0_imp_auto_pc_2_axi_protocol_converter_v2_1_37_axi_protocol_converter/design_1_axi_interconnect_hp0_imp_auto_pc_2_axi_protocol_converter_v2_1_37_axi3_conv/design_1_axi_interconnect_hp0_imp_auto_pc_2_axi_protocol_converter_v2_1_37_a_axi3_conv/design_1_axi_interconnect_hp0_imp_auto_pc_2_axi_data_fifo_v2_1_36_axic_fifo/design_1_axi_interconnect_hp0_imp_auto_pc_2_axi_data_fifo_v2_1_36_fifo_gen/<hidden>/<hidden>/<hidden>/<hidden>/<hidden>
    SLICE_X35Y44         LUT3 (Prop_lut3_I2_O)        0.299     4.806 f  snn_integrated_top/design_1_wrapper/design_1/design_1_axi_interconnect_hp0_0/s02_couplers_imp_QSEXJZ/design_1_axi_interconnect_hp0_imp_auto_pc_2/design_1_axi_interconnect_hp0_imp_auto_pc_2_axi_protocol_converter_v2_1_37_axi_protocol_converter/design_1_axi_interconnect_hp0_imp_auto_pc_2_axi_protocol_converter_v2_1_37_axi3_conv/design_1_axi_interconnect_hp0_imp_auto_pc_2_axi_protocol_converter_v2_1_37_a_axi3_conv/design_1_axi_interconnect_hp0_imp_auto_pc_2_axi_data_fifo_v2_1_36_axic_fifo/design_1_axi_interconnect_hp0_imp_auto_pc_2_axi_data_fifo_v2_1_36_fifo_gen/<hidden>/<hidden>/<hidden>/<hidden>/<hidden>
                         net (fo=33, routed)          1.723     6.530    snn_integrated_top/design_1_wrapper/design_1/design_1_axi_interconnect_hp0_0/s02_couplers_imp_QSEXJZ/design_1_axi_interconnect_hp0_imp_auto_pc_2/design_1_axi_interconnect_hp0_imp_auto_pc_2_axi_protocol_converter_v2_1_37_axi_protocol_converter/design_1_axi_interconnect_hp0_imp_auto_pc_2_axi_protocol_converter_v2_1_37_axi3_conv/design_1_axi_interconnect_hp0_imp_auto_pc_2_axi_protocol_converter_v2_1_37_a_axi3_conv/design_1_axi_interconnect_hp0_imp_auto_pc_2_axi_data_fifo_v2_1_36_axic_fifo/design_1_axi_interconnect_hp0_imp_auto_pc_2_axi_data_fifo_v2_1_36_fifo_gen/<hidden>/<hidden>/<hidden>/<hidden>/<hidden>/<hidden>
    SLICE_X25Y41         FDCE                                         f  snn_integrated_top/design_1_wrapper/design_1/design_1_axi_interconnect_hp0_0/s02_couplers_imp_QSEXJZ/design_1_axi_interconnect_hp0_imp_auto_pc_2/design_1_axi_interconnect_hp0_imp_auto_pc_2_axi_protocol_converter_v2_1_37_axi_protocol_converter/design_1_axi_interconnect_hp0_imp_auto_pc_2_axi_protocol_converter_v2_1_37_axi3_conv/design_1_axi_interconnect_hp0_imp_auto_pc_2_axi_protocol_converter_v2_1_37_a_axi3_conv/design_1_axi_interconnect_hp0_imp_auto_pc_2_axi_data_fifo_v2_1_36_axic_fifo/design_1_axi_interconnect_hp0_imp_auto_pc_2_axi_data_fifo_v2_1_36_fifo_gen/<hidden>/<hidden>/<hidden>/<hidden>/<hidden>/<hidden>
  -------------------------------------------------------------------    -------------------

                         (clock clk_fpga_0 rise edge)
                                                     10.000    10.000 r  
    PS7_X0Y0             PS7                          0.000    10.000 r  u_block_design/design_1_i/processing_system7_0/inst/PS7_i/FCLKCLK[0]
                         net (fo=1, routed)           1.088    11.088    u_block_design/design_1_i/processing_system7_0/inst/FCLK_CLK_unbuffered[0]
    BUFGCTRL_X0Y16       BUFG (Prop_bufg_I_O)         0.091    11.179 r  u_block_design/design_1_i/processing_system7_0/inst/buffer_fclk_clk_0.FCLK_CLK_0_BUFG/O
                         net (fo=16061, routed)       1.571    12.750    snn_integrated_top/design_1_wrapper/design_1/design_1_axi_interconnect_hp0_0/s02_couplers_imp_QSEXJZ/design_1_axi_interconnect_hp0_imp_auto_pc_2/design_1_axi_interconnect_hp0_imp_auto_pc_2_axi_protocol_converter_v2_1_37_axi_protocol_converter/design_1_axi_interconnect_hp0_imp_auto_pc_2_axi_protocol_converter_v2_1_37_axi3_conv/design_1_axi_interconnect_hp0_imp_auto_pc_2_axi_protocol_converter_v2_1_37_a_axi3_conv/design_1_axi_interconnect_hp0_imp_auto_pc_2_axi_data_fifo_v2_1_36_axic_fifo/design_1_axi_interconnect_hp0_imp_auto_pc_2_axi_data_fifo_v2_1_36_fifo_gen/<hidden>/<hidden>/<hidden>/<hidden>/<hidden>/<hidden>
    SLICE_X25Y41         FDCE                                         r  snn_integrated_top/design_1_wrapper/design_1/design_1_axi_interconnect_hp0_0/s02_couplers_imp_QSEXJZ/design_1_axi_interconnect_hp0_imp_auto_pc_2/design_1_axi_interconnect_hp0_imp_auto_pc_2_axi_protocol_converter_v2_1_37_axi_protocol_converter/design_1_axi_interconnect_hp0_imp_auto_pc_2_axi_protocol_converter_v2_1_37_axi3_conv/design_1_axi_interconnect_hp0_imp_auto_pc_2_axi_protocol_converter_v2_1_37_a_axi3_conv/design_1_axi_interconnect_hp0_imp_auto_pc_2_axi_data_fifo_v2_1_36_axic_fifo/design_1_axi_interconnect_hp0_imp_auto_pc_2_axi_data_fifo_v2_1_36_fifo_gen/<hidden>/<hidden>/<hidden>/<hidden>/<hidden>/<hidden>
                         clock pessimism              0.230    12.980    
                         clock uncertainty           -0.154    12.826    
    SLICE_X25Y41         FDCE (Recov_fdce_C_CLR)     -0.405    12.421    snn_integrated_top/design_1_wrapper/design_1/design_1_axi_interconnect_hp0_0/s02_couplers_imp_QSEXJZ/design_1_axi_interconnect_hp0_imp_auto_pc_2/design_1_axi_interconnect_hp0_imp_auto_pc_2_axi_protocol_converter_v2_1_37_axi_protocol_converter/design_1_axi_interconnect_hp0_imp_auto_pc_2_axi_protocol_converter_v2_1_37_axi3_conv/design_1_axi_interconnect_hp0_imp_auto_pc_2_axi_protocol_converter_v2_1_37_a_axi3_conv/design_1_axi_interconnect_hp0_imp_auto_pc_2_axi_data_fifo_v2_1_36_axic_fifo/design_1_axi_interconnect_hp0_imp_auto_pc_2_axi_data_fifo_v2_1_36_fifo_gen/<hidden>/<hidden>/<hidden>/<hidden>/<hidden>/<hidden>
  -------------------------------------------------------------------
                         required time                         12.421    
                         arrival time                          -6.530    
  -------------------------------------------------------------------
                         slack                                  5.891    

Slack (MET) :             5.937ns  (required time - arrival time)
  Source:                 snn_integrated_top/design_1_wrapper/design_1/design_1_axi_interconnect_hp0_0/s02_couplers_imp_QSEXJZ/design_1_axi_interconnect_hp0_imp_auto_pc_2/design_1_axi_interconnect_hp0_imp_auto_pc_2_axi_protocol_converter_v2_1_37_axi_protocol_converter/design_1_axi_interconnect_hp0_imp_auto_pc_2_axi_protocol_converter_v2_1_37_axi3_conv/design_1_axi_interconnect_hp0_imp_auto_pc_2_axi_protocol_converter_v2_1_37_a_axi3_conv/design_1_axi_interconnect_hp0_imp_auto_pc_2_axi_data_fifo_v2_1_36_axic_fifo/design_1_axi_interconnect_hp0_imp_auto_pc_2_axi_data_fifo_v2_1_36_fifo_gen/<hidden>/<hidden>/<hidden>/<hidden>/<hidden>/<hidden>
                            (rising edge-triggered cell FDPE clocked by clk_fpga_0  {rise@0.000ns fall@5.000ns period=10.000ns})
  Destination:            snn_integrated_top/design_1_wrapper/design_1/design_1_axi_interconnect_hp0_0/s02_couplers_imp_QSEXJZ/design_1_axi_interconnect_hp0_imp_auto_pc_2/design_1_axi_interconnect_hp0_imp_auto_pc_2_axi_protocol_converter_v2_1_37_axi_protocol_converter/design_1_axi_interconnect_hp0_imp_auto_pc_2_axi_protocol_converter_v2_1_37_axi3_conv/design_1_axi_interconnect_hp0_imp_auto_pc_2_axi_protocol_converter_v2_1_37_a_axi3_conv/design_1_axi_interconnect_hp0_imp_auto_pc_2_axi_data_fifo_v2_1_36_axic_fifo/design_1_axi_interconnect_hp0_imp_auto_pc_2_axi_data_fifo_v2_1_36_fifo_gen/<hidden>/<hidden>/<hidden>/<hidden>/<hidden>/<hidden>
                            (recovery check against rising-edge clock clk_fpga_0  {rise@0.000ns fall@5.000ns period=10.000ns})
  Path Group:             **async_default**
  Path Type:              Recovery (Max at Slow Process Corner)
  Requirement:            10.000ns  (clk_fpga_0 rise@10.000ns - clk_fpga_0 rise@0.000ns)
  Data Path Delay:        3.568ns  (logic 0.718ns (20.124%)  route 2.850ns (79.876%))
  Logic Levels:           1  (LUT3=1)
  Clock Path Skew:        0.018ns (DCD - SCD + CPR)
    Destination Clock Delay (DCD):    2.750ns = ( 12.750 - 10.000 ) 
    Source Clock Delay      (SCD):    2.962ns
    Clock Pessimism Removal (CPR):    0.230ns
  Clock Uncertainty:      0.154ns  ((TSJ^2 + TIJ^2)^1/2 + DJ) / 2 + PE
    Total System Jitter     (TSJ):    0.071ns
    Total Input Jitter      (TIJ):    0.300ns
    Discrete Jitter          (DJ):    0.000ns
    Phase Error              (PE):    0.000ns

    Location             Delay type                Incr(ns)  Path(ns)    Netlist Resource(s)
  -------------------------------------------------------------------    -------------------
                         (clock clk_fpga_0 rise edge)
                                                      0.000     0.000 r  
    PS7_X0Y0             PS7                          0.000     0.000 r  u_block_design/design_1_i/processing_system7_0/inst/PS7_i/FCLKCLK[0]
                         net (fo=1, routed)           1.193     1.193    u_block_design/design_1_i/processing_system7_0/inst/FCLK_CLK_unbuffered[0]
    BUFGCTRL_X0Y16       BUFG (Prop_bufg_I_O)         0.101     1.294 r  u_block_design/design_1_i/processing_system7_0/inst/buffer_fclk_clk_0.FCLK_CLK_0_BUFG/O
                         net (fo=16061, routed)       1.668     2.962    snn_integrated_top/design_1_wrapper/design_1/design_1_axi_interconnect_hp0_0/s02_couplers_imp_QSEXJZ/design_1_axi_interconnect_hp0_imp_auto_pc_2/design_1_axi_interconnect_hp0_imp_auto_pc_2_axi_protocol_converter_v2_1_37_axi_protocol_converter/design_1_axi_interconnect_hp0_imp_auto_pc_2_axi_protocol_converter_v2_1_37_axi3_conv/design_1_axi_interconnect_hp0_imp_auto_pc_2_axi_protocol_converter_v2_1_37_a_axi3_conv/design_1_axi_interconnect_hp0_imp_auto_pc_2_axi_data_fifo_v2_1_36_axic_fifo/design_1_axi_interconnect_hp0_imp_auto_pc_2_axi_data_fifo_v2_1_36_fifo_gen/<hidden>/<hidden>/<hidden>/<hidden>/<hidden>/<hidden>
    SLICE_X40Y44         FDPE                                         r  snn_integrated_top/design_1_wrapper/design_1/design_1_axi_interconnect_hp0_0/s02_couplers_imp_QSEXJZ/design_1_axi_interconnect_hp0_imp_auto_pc_2/design_1_axi_interconnect_hp0_imp_auto_pc_2_axi_protocol_converter_v2_1_37_axi_protocol_converter/design_1_axi_interconnect_hp0_imp_auto_pc_2_axi_protocol_converter_v2_1_37_axi3_conv/design_1_axi_interconnect_hp0_imp_auto_pc_2_axi_protocol_converter_v2_1_37_a_axi3_conv/design_1_axi_interconnect_hp0_imp_auto_pc_2_axi_data_fifo_v2_1_36_axic_fifo/design_1_axi_interconnect_hp0_imp_auto_pc_2_axi_data_fifo_v2_1_36_fifo_gen/<hidden>/<hidden>/<hidden>/<hidden>/<hidden>/<hidden>
  -------------------------------------------------------------------    -------------------
    SLICE_X40Y44         FDPE (Prop_fdpe_C_Q)         0.419     3.381 f  snn_integrated_top/design_1_wrapper/design_1/design_1_axi_interconnect_hp0_0/s02_couplers_imp_QSEXJZ/design_1_axi_interconnect_hp0_imp_auto_pc_2/design_1_axi_interconnect_hp0_imp_auto_pc_2_axi_protocol_converter_v2_1_37_axi_protocol_converter/design_1_axi_interconnect_hp0_imp_auto_pc_2_axi_protocol_converter_v2_1_37_axi3_conv/design_1_axi_interconnect_hp0_imp_auto_pc_2_axi_protocol_converter_v2_1_37_a_axi3_conv/design_1_axi_interconnect_hp0_imp_auto_pc_2_axi_data_fifo_v2_1_36_axic_fifo/design_1_axi_interconnect_hp0_imp_auto_pc_2_axi_data_fifo_v2_1_36_fifo_gen/<hidden>/<hidden>/<hidden>/<hidden>/<hidden>/<hidden>
                         net (fo=2, routed)           1.126     4.507    snn_integrated_top/design_1_wrapper/design_1/design_1_axi_interconnect_hp0_0/s02_couplers_imp_QSEXJZ/design_1_axi_interconnect_hp0_imp_auto_pc_2/design_1_axi_interconnect_hp0_imp_auto_pc_2_axi_protocol_converter_v2_1_37_axi_protocol_converter/design_1_axi_interconnect_hp0_imp_auto_pc_2_axi_protocol_converter_v2_1_37_axi3_conv/design_1_axi_interconnect_hp0_imp_auto_pc_2_axi_protocol_converter_v2_1_37_a_axi3_conv/design_1_axi_interconnect_hp0_imp_auto_pc_2_axi_data_fifo_v2_1_36_axic_fifo/design_1_axi_interconnect_hp0_imp_auto_pc_2_axi_data_fifo_v2_1_36_fifo_gen/<hidden>/<hidden>/<hidden>/<hidden>/<hidden>
    SLICE_X35Y44         LUT3 (Prop_lut3_I2_O)        0.299     4.806 f  snn_integrated_top/design_1_wrapper/design_1/design_1_axi_interconnect_hp0_0/s02_couplers_imp_QSEXJZ/design_1_axi_interconnect_hp0_imp_auto_pc_2/design_1_axi_interconnect_hp0_imp_auto_pc_2_axi_protocol_converter_v2_1_37_axi_protocol_converter/design_1_axi_interconnect_hp0_imp_auto_pc_2_axi_protocol_converter_v2_1_37_axi3_conv/design_1_axi_interconnect_hp0_imp_auto_pc_2_axi_protocol_converter_v2_1_37_a_axi3_conv/design_1_axi_interconnect_hp0_imp_auto_pc_2_axi_data_fifo_v2_1_36_axic_fifo/design_1_axi_interconnect_hp0_imp_auto_pc_2_axi_data_fifo_v2_1_36_fifo_gen/<hidden>/<hidden>/<hidden>/<hidden>/<hidden>
                         net (fo=33, routed)          1.723     6.530    snn_integrated_top/design_1_wrapper/design_1/design_1_axi_interconnect_hp0_0/s02_couplers_imp_QSEXJZ/design_1_axi_interconnect_hp0_imp_auto_pc_2/design_1_axi_interconnect_hp0_imp_auto_pc_2_axi_protocol_converter_v2_1_37_axi_protocol_converter/design_1_axi_interconnect_hp0_imp_auto_pc_2_axi_protocol_converter_v2_1_37_axi3_conv/design_1_axi_interconnect_hp0_imp_auto_pc_2_axi_protocol_converter_v2_1_37_a_axi3_conv/design_1_axi_interconnect_hp0_imp_auto_pc_2_axi_data_fifo_v2_1_36_axic_fifo/design_1_axi_interconnect_hp0_imp_auto_pc_2_axi_data_fifo_v2_1_36_fifo_gen/<hidden>/<hidden>/<hidden>/<hidden>/<hidden>/<hidden>
    SLICE_X25Y41         FDPE                                         f  snn_integrated_top/design_1_wrapper/design_1/design_1_axi_interconnect_hp0_0/s02_couplers_imp_QSEXJZ/design_1_axi_interconnect_hp0_imp_auto_pc_2/design_1_axi_interconnect_hp0_imp_auto_pc_2_axi_protocol_converter_v2_1_37_axi_protocol_converter/design_1_axi_interconnect_hp0_imp_auto_pc_2_axi_protocol_converter_v2_1_37_axi3_conv/design_1_axi_interconnect_hp0_imp_auto_pc_2_axi_protocol_converter_v2_1_37_a_axi3_conv/design_1_axi_interconnect_hp0_imp_auto_pc_2_axi_data_fifo_v2_1_36_axic_fifo/design_1_axi_interconnect_hp0_imp_auto_pc_2_axi_data_fifo_v2_1_36_fifo_gen/<hidden>/<hidden>/<hidden>/<hidden>/<hidden>/<hidden>
  -------------------------------------------------------------------    -------------------

                         (clock clk_fpga_0 rise edge)
                                                     10.000    10.000 r  
    PS7_X0Y0             PS7                          0.000    10.000 r  u_block_design/design_1_i/processing_system7_0/inst/PS7_i/FCLKCLK[0]
                         net (fo=1, routed)           1.088    11.088    u_block_design/design_1_i/processing_system7_0/inst/FCLK_CLK_unbuffered[0]
    BUFGCTRL_X0Y16       BUFG (Prop_bufg_I_O)         0.091    11.179 r  u_block_design/design_1_i/processing_system7_0/inst/buffer_fclk_clk_0.FCLK_CLK_0_BUFG/O
                         net (fo=16061, routed)       1.571    12.750    snn_integrated_top/design_1_wrapper/design_1/design_1_axi_interconnect_hp0_0/s02_couplers_imp_QSEXJZ/design_1_axi_interconnect_hp0_imp_auto_pc_2/design_1_axi_interconnect_hp0_imp_auto_pc_2_axi_protocol_converter_v2_1_37_axi_protocol_converter/design_1_axi_interconnect_hp0_imp_auto_pc_2_axi_protocol_converter_v2_1_37_axi3_conv/design_1_axi_interconnect_hp0_imp_auto_pc_2_axi_protocol_converter_v2_1_37_a_axi3_conv/design_1_axi_interconnect_hp0_imp_auto_pc_2_axi_data_fifo_v2_1_36_axic_fifo/design_1_axi_interconnect_hp0_imp_auto_pc_2_axi_data_fifo_v2_1_36_fifo_gen/<hidden>/<hidden>/<hidden>/<hidden>/<hidden>/<hidden>
    SLICE_X25Y41         FDPE                                         r  snn_integrated_top/design_1_wrapper/design_1/design_1_axi_interconnect_hp0_0/s02_couplers_imp_QSEXJZ/design_1_axi_interconnect_hp0_imp_auto_pc_2/design_1_axi_interconnect_hp0_imp_auto_pc_2_axi_protocol_converter_v2_1_37_axi_protocol_converter/design_1_axi_interconnect_hp0_imp_auto_pc_2_axi_protocol_converter_v2_1_37_axi3_conv/design_1_axi_interconnect_hp0_imp_auto_pc_2_axi_protocol_converter_v2_1_37_a_axi3_conv/design_1_axi_interconnect_hp0_imp_auto_pc_2_axi_data_fifo_v2_1_36_axic_fifo/design_1_axi_interconnect_hp0_imp_auto_pc_2_axi_data_fifo_v2_1_36_fifo_gen/<hidden>/<hidden>/<hidden>/<hidden>/<hidden>/<hidden>
                         clock pessimism              0.230    12.980    
                         clock uncertainty           -0.154    12.826    
    SLICE_X25Y41         FDPE (Recov_fdpe_C_PRE)     -0.359    12.467    snn_integrated_top/design_1_wrapper/design_1/design_1_axi_interconnect_hp0_0/s02_couplers_imp_QSEXJZ/design_1_axi_interconnect_hp0_imp_auto_pc_2/design_1_axi_interconnect_hp0_imp_auto_pc_2_axi_protocol_converter_v2_1_37_axi_protocol_converter/design_1_axi_interconnect_hp0_imp_auto_pc_2_axi_protocol_converter_v2_1_37_axi3_conv/design_1_axi_interconnect_hp0_imp_auto_pc_2_axi_protocol_converter_v2_1_37_a_axi3_conv/design_1_axi_interconnect_hp0_imp_auto_pc_2_axi_data_fifo_v2_1_36_axic_fifo/design_1_axi_interconnect_hp0_imp_auto_pc_2_axi_data_fifo_v2_1_36_fifo_gen/<hidden>/<hidden>/<hidden>/<hidden>/<hidden>/<hidden>
  -------------------------------------------------------------------
                         required time                         12.467    
                         arrival time                          -6.530    
  -------------------------------------------------------------------
                         slack                                  5.937    

Slack (MET) :             6.090ns  (required time - arrival time)
  Source:                 snn_integrated_top/design_1_wrapper/design_1/design_1_axi_interconnect_hp0_0/s02_couplers_imp_QSEXJZ/design_1_axi_interconnect_hp0_imp_auto_pc_2/design_1_axi_interconnect_hp0_imp_auto_pc_2_axi_protocol_converter_v2_1_37_axi_protocol_converter/design_1_axi_interconnect_hp0_imp_auto_pc_2_axi_protocol_converter_v2_1_37_axi3_conv/design_1_axi_interconnect_hp0_imp_auto_pc_2_axi_protocol_converter_v2_1_37_a_axi3_conv/design_1_axi_interconnect_hp0_imp_auto_pc_2_axi_data_fifo_v2_1_36_axic_fifo/design_1_axi_interconnect_hp0_imp_auto_pc_2_axi_data_fifo_v2_1_36_fifo_gen/<hidden>/<hidden>/<hidden>/<hidden>/<hidden>/<hidden>
                            (rising edge-triggered cell FDPE clocked by clk_fpga_0  {rise@0.000ns fall@5.000ns period=10.000ns})
  Destination:            snn_integrated_top/design_1_wrapper/design_1/design_1_axi_interconnect_hp0_0/s02_couplers_imp_QSEXJZ/design_1_axi_interconnect_hp0_imp_auto_pc_2/design_1_axi_interconnect_hp0_imp_auto_pc_2_axi_protocol_converter_v2_1_37_axi_protocol_converter/design_1_axi_interconnect_hp0_imp_auto_pc_2_axi_protocol_converter_v2_1_37_axi3_conv/design_1_axi_interconnect_hp0_imp_auto_pc_2_axi_protocol_converter_v2_1_37_a_axi3_conv/design_1_axi_interconnect_hp0_imp_auto_pc_2_axi_data_fifo_v2_1_36_axic_fifo/design_1_axi_interconnect_hp0_imp_auto_pc_2_axi_data_fifo_v2_1_36_fifo_gen/<hidden>/<hidden>/<hidden>/<hidden>/<hidden>/<hidden>
                            (recovery check against rising-edge clock clk_fpga_0  {rise@0.000ns fall@5.000ns period=10.000ns})
  Path Group:             **async_default**
  Path Type:              Recovery (Max at Slow Process Corner)
  Requirement:            10.000ns  (clk_fpga_0 rise@10.000ns - clk_fpga_0 rise@0.000ns)
  Data Path Delay:        3.369ns  (logic 0.718ns (21.311%)  route 2.651ns (78.689%))
  Logic Levels:           1  (LUT3=1)
  Clock Path Skew:        0.018ns (DCD - SCD + CPR)
    Destination Clock Delay (DCD):    2.750ns = ( 12.750 - 10.000 ) 
    Source Clock Delay      (SCD):    2.962ns
    Clock Pessimism Removal (CPR):    0.230ns
  Clock Uncertainty:      0.154ns  ((TSJ^2 + TIJ^2)^1/2 + DJ) / 2 + PE
    Total System Jitter     (TSJ):    0.071ns
    Total Input Jitter      (TIJ):    0.300ns
    Discrete Jitter          (DJ):    0.000ns
    Phase Error              (PE):    0.000ns

    Location             Delay type                Incr(ns)  Path(ns)    Netlist Resource(s)
  -------------------------------------------------------------------    -------------------
                         (clock clk_fpga_0 rise edge)
                                                      0.000     0.000 r  
    PS7_X0Y0             PS7                          0.000     0.000 r  u_block_design/design_1_i/processing_system7_0/inst/PS7_i/FCLKCLK[0]
                         net (fo=1, routed)           1.193     1.193    u_block_design/design_1_i/processing_system7_0/inst/FCLK_CLK_unbuffered[0]
    BUFGCTRL_X0Y16       BUFG (Prop_bufg_I_O)         0.101     1.294 r  u_block_design/design_1_i/processing_system7_0/inst/buffer_fclk_clk_0.FCLK_CLK_0_BUFG/O
                         net (fo=16061, routed)       1.668     2.962    snn_integrated_top/design_1_wrapper/design_1/design_1_axi_interconnect_hp0_0/s02_couplers_imp_QSEXJZ/design_1_axi_interconnect_hp0_imp_auto_pc_2/design_1_axi_interconnect_hp0_imp_auto_pc_2_axi_protocol_converter_v2_1_37_axi_protocol_converter/design_1_axi_interconnect_hp0_imp_auto_pc_2_axi_protocol_converter_v2_1_37_axi3_conv/design_1_axi_interconnect_hp0_imp_auto_pc_2_axi_protocol_converter_v2_1_37_a_axi3_conv/design_1_axi_interconnect_hp0_imp_auto_pc_2_axi_data_fifo_v2_1_36_axic_fifo/design_1_axi_interconnect_hp0_imp_auto_pc_2_axi_data_fifo_v2_1_36_fifo_gen/<hidden>/<hidden>/<hidden>/<hidden>/<hidden>/<hidden>
    SLICE_X40Y44         FDPE                                         r  snn_integrated_top/design_1_wrapper/design_1/design_1_axi_interconnect_hp0_0/s02_couplers_imp_QSEXJZ/design_1_axi_interconnect_hp0_imp_auto_pc_2/design_1_axi_interconnect_hp0_imp_auto_pc_2_axi_protocol_converter_v2_1_37_axi_protocol_converter/design_1_axi_interconnect_hp0_imp_auto_pc_2_axi_protocol_converter_v2_1_37_axi3_conv/design_1_axi_interconnect_hp0_imp_auto_pc_2_axi_protocol_converter_v2_1_37_a_axi3_conv/design_1_axi_interconnect_hp0_imp_auto_pc_2_axi_data_fifo_v2_1_36_axic_fifo/design_1_axi_interconnect_hp0_imp_auto_pc_2_axi_data_fifo_v2_1_36_fifo_gen/<hidden>/<hidden>/<hidden>/<hidden>/<hidden>/<hidden>
  -------------------------------------------------------------------    -------------------
    SLICE_X40Y44         FDPE (Prop_fdpe_C_Q)         0.419     3.381 f  snn_integrated_top/design_1_wrapper/design_1/design_1_axi_interconnect_hp0_0/s02_couplers_imp_QSEXJZ/design_1_axi_interconnect_hp0_imp_auto_pc_2/design_1_axi_interconnect_hp0_imp_auto_pc_2_axi_protocol_converter_v2_1_37_axi_protocol_converter/design_1_axi_interconnect_hp0_imp_auto_pc_2_axi_protocol_converter_v2_1_37_axi3_conv/design_1_axi_interconnect_hp0_imp_auto_pc_2_axi_protocol_converter_v2_1_37_a_axi3_conv/design_1_axi_interconnect_hp0_imp_auto_pc_2_axi_data_fifo_v2_1_36_axic_fifo/design_1_axi_interconnect_hp0_imp_auto_pc_2_axi_data_fifo_v2_1_36_fifo_gen/<hidden>/<hidden>/<hidden>/<hidden>/<hidden>/<hidden>
                         net (fo=2, routed)           1.126     4.507    snn_integrated_top/design_1_wrapper/design_1/design_1_axi_interconnect_hp0_0/s02_couplers_imp_QSEXJZ/design_1_axi_interconnect_hp0_imp_auto_pc_2/design_1_axi_interconnect_hp0_imp_auto_pc_2_axi_protocol_converter_v2_1_37_axi_protocol_converter/design_1_axi_interconnect_hp0_imp_auto_pc_2_axi_protocol_converter_v2_1_37_axi3_conv/design_1_axi_interconnect_hp0_imp_auto_pc_2_axi_protocol_converter_v2_1_37_a_axi3_conv/design_1_axi_interconnect_hp0_imp_auto_pc_2_axi_data_fifo_v2_1_36_axic_fifo/design_1_axi_interconnect_hp0_imp_auto_pc_2_axi_data_fifo_v2_1_36_fifo_gen/<hidden>/<hidden>/<hidden>/<hidden>/<hidden>
    SLICE_X35Y44         LUT3 (Prop_lut3_I2_O)        0.299     4.806 f  snn_integrated_top/design_1_wrapper/design_1/design_1_axi_interconnect_hp0_0/s02_couplers_imp_QSEXJZ/design_1_axi_interconnect_hp0_imp_auto_pc_2/design_1_axi_interconnect_hp0_imp_auto_pc_2_axi_protocol_converter_v2_1_37_axi_protocol_converter/design_1_axi_interconnect_hp0_imp_auto_pc_2_axi_protocol_converter_v2_1_37_axi3_conv/design_1_axi_interconnect_hp0_imp_auto_pc_2_axi_protocol_converter_v2_1_37_a_axi3_conv/design_1_axi_interconnect_hp0_imp_auto_pc_2_axi_data_fifo_v2_1_36_axic_fifo/design_1_axi_interconnect_hp0_imp_auto_pc_2_axi_data_fifo_v2_1_36_fifo_gen/<hidden>/<hidden>/<hidden>/<hidden>/<hidden>
                         net (fo=33, routed)          1.525     6.331    snn_integrated_top/design_1_wrapper/design_1/design_1_axi_interconnect_hp0_0/s02_couplers_imp_QSEXJZ/design_1_axi_interconnect_hp0_imp_auto_pc_2/design_1_axi_interconnect_hp0_imp_auto_pc_2_axi_protocol_converter_v2_1_37_axi_protocol_converter/design_1_axi_interconnect_hp0_imp_auto_pc_2_axi_protocol_converter_v2_1_37_axi3_conv/design_1_axi_interconnect_hp0_imp_auto_pc_2_axi_protocol_converter_v2_1_37_a_axi3_conv/design_1_axi_interconnect_hp0_imp_auto_pc_2_axi_data_fifo_v2_1_36_axic_fifo/design_1_axi_interconnect_hp0_imp_auto_pc_2_axi_data_fifo_v2_1_36_fifo_gen/<hidden>/<hidden>/<hidden>/<hidden>/<hidden>/<hidden>
    SLICE_X25Y42         FDCE                                         f  snn_integrated_top/design_1_wrapper/design_1/design_1_axi_interconnect_hp0_0/s02_couplers_imp_QSEXJZ/design_1_axi_interconnect_hp0_imp_auto_pc_2/design_1_axi_interconnect_hp0_imp_auto_pc_2_axi_protocol_converter_v2_1_37_axi_protocol_converter/design_1_axi_interconnect_hp0_imp_auto_pc_2_axi_protocol_converter_v2_1_37_axi3_conv/design_1_axi_interconnect_hp0_imp_auto_pc_2_axi_protocol_converter_v2_1_37_a_axi3_conv/design_1_axi_interconnect_hp0_imp_auto_pc_2_axi_data_fifo_v2_1_36_axic_fifo/design_1_axi_interconnect_hp0_imp_auto_pc_2_axi_data_fifo_v2_1_36_fifo_gen/<hidden>/<hidden>/<hidden>/<hidden>/<hidden>/<hidden>
  -------------------------------------------------------------------    -------------------

                         (clock clk_fpga_0 rise edge)
                                                     10.000    10.000 r  
    PS7_X0Y0             PS7                          0.000    10.000 r  u_block_design/design_1_i/processing_system7_0/inst/PS7_i/FCLKCLK[0]
                         net (fo=1, routed)           1.088    11.088    u_block_design/design_1_i/processing_system7_0/inst/FCLK_CLK_unbuffered[0]
    BUFGCTRL_X0Y16       BUFG (Prop_bufg_I_O)         0.091    11.179 r  u_block_design/design_1_i/processing_system7_0/inst/buffer_fclk_clk_0.FCLK_CLK_0_BUFG/O
                         net (fo=16061, routed)       1.571    12.750    snn_integrated_top/design_1_wrapper/design_1/design_1_axi_interconnect_hp0_0/s02_couplers_imp_QSEXJZ/design_1_axi_interconnect_hp0_imp_auto_pc_2/design_1_axi_interconnect_hp0_imp_auto_pc_2_axi_protocol_converter_v2_1_37_axi_protocol_converter/design_1_axi_interconnect_hp0_imp_auto_pc_2_axi_protocol_converter_v2_1_37_axi3_conv/design_1_axi_interconnect_hp0_imp_auto_pc_2_axi_protocol_converter_v2_1_37_a_axi3_conv/design_1_axi_interconnect_hp0_imp_auto_pc_2_axi_data_fifo_v2_1_36_axic_fifo/design_1_axi_interconnect_hp0_imp_auto_pc_2_axi_data_fifo_v2_1_36_fifo_gen/<hidden>/<hidden>/<hidden>/<hidden>/<hidden>/<hidden>
    SLICE_X25Y42         FDCE                                         r  snn_integrated_top/design_1_wrapper/design_1/design_1_axi_interconnect_hp0_0/s02_couplers_imp_QSEXJZ/design_1_axi_interconnect_hp0_imp_auto_pc_2/design_1_axi_interconnect_hp0_imp_auto_pc_2_axi_protocol_converter_v2_1_37_axi_protocol_converter/design_1_axi_interconnect_hp0_imp_auto_pc_2_axi_protocol_converter_v2_1_37_axi3_conv/design_1_axi_interconnect_hp0_imp_auto_pc_2_axi_protocol_converter_v2_1_37_a_axi3_conv/design_1_axi_interconnect_hp0_imp_auto_pc_2_axi_data_fifo_v2_1_36_axic_fifo/design_1_axi_interconnect_hp0_imp_auto_pc_2_axi_data_fifo_v2_1_36_fifo_gen/<hidden>/<hidden>/<hidden>/<hidden>/<hidden>/<hidden>
                         clock pessimism              0.230    12.980    
                         clock uncertainty           -0.154    12.826    
    SLICE_X25Y42         FDCE (Recov_fdce_C_CLR)     -0.405    12.421    snn_integrated_top/design_1_wrapper/design_1/design_1_axi_interconnect_hp0_0/s02_couplers_imp_QSEXJZ/design_1_axi_interconnect_hp0_imp_auto_pc_2/design_1_axi_interconnect_hp0_imp_auto_pc_2_axi_protocol_converter_v2_1_37_axi_protocol_converter/design_1_axi_interconnect_hp0_imp_auto_pc_2_axi_protocol_converter_v2_1_37_axi3_conv/design_1_axi_interconnect_hp0_imp_auto_pc_2_axi_protocol_converter_v2_1_37_a_axi3_conv/design_1_axi_interconnect_hp0_imp_auto_pc_2_axi_data_fifo_v2_1_36_axic_fifo/design_1_axi_interconnect_hp0_imp_auto_pc_2_axi_data_fifo_v2_1_36_fifo_gen/<hidden>/<hidden>/<hidden>/<hidden>/<hidden>/<hidden>
  -------------------------------------------------------------------
                         required time                         12.421    
                         arrival time                          -6.331    
  -------------------------------------------------------------------
                         slack                                  6.090    

Slack (MET) :             6.090ns  (required time - arrival time)
  Source:                 snn_integrated_top/design_1_wrapper/design_1/design_1_axi_interconnect_hp0_0/s02_couplers_imp_QSEXJZ/design_1_axi_interconnect_hp0_imp_auto_pc_2/design_1_axi_interconnect_hp0_imp_auto_pc_2_axi_protocol_converter_v2_1_37_axi_protocol_converter/design_1_axi_interconnect_hp0_imp_auto_pc_2_axi_protocol_converter_v2_1_37_axi3_conv/design_1_axi_interconnect_hp0_imp_auto_pc_2_axi_protocol_converter_v2_1_37_a_axi3_conv/design_1_axi_interconnect_hp0_imp_auto_pc_2_axi_data_fifo_v2_1_36_axic_fifo/design_1_axi_interconnect_hp0_imp_auto_pc_2_axi_data_fifo_v2_1_36_fifo_gen/<hidden>/<hidden>/<hidden>/<hidden>/<hidden>/<hidden>
                            (rising edge-triggered cell FDPE clocked by clk_fpga_0  {rise@0.000ns fall@5.000ns period=10.000ns})
  Destination:            snn_integrated_top/design_1_wrapper/design_1/design_1_axi_interconnect_hp0_0/s02_couplers_imp_QSEXJZ/design_1_axi_interconnect_hp0_imp_auto_pc_2/design_1_axi_interconnect_hp0_imp_auto_pc_2_axi_protocol_converter_v2_1_37_axi_protocol_converter/design_1_axi_interconnect_hp0_imp_auto_pc_2_axi_protocol_converter_v2_1_37_axi3_conv/design_1_axi_interconnect_hp0_imp_auto_pc_2_axi_protocol_converter_v2_1_37_a_axi3_conv/design_1_axi_interconnect_hp0_imp_auto_pc_2_axi_data_fifo_v2_1_36_axic_fifo/design_1_axi_interconnect_hp0_imp_auto_pc_2_axi_data_fifo_v2_1_36_fifo_gen/<hidden>/<hidden>/<hidden>/<hidden>/<hidden>/<hidden>
                            (recovery check against rising-edge clock clk_fpga_0  {rise@0.000ns fall@5.000ns period=10.000ns})
  Path Group:             **async_default**
  Path Type:              Recovery (Max at Slow Process Corner)
  Requirement:            10.000ns  (clk_fpga_0 rise@10.000ns - clk_fpga_0 rise@0.000ns)
  Data Path Delay:        3.369ns  (logic 0.718ns (21.311%)  route 2.651ns (78.689%))
  Logic Levels:           1  (LUT3=1)
  Clock Path Skew:        0.018ns (DCD - SCD + CPR)
    Destination Clock Delay (DCD):    2.750ns = ( 12.750 - 10.000 ) 
    Source Clock Delay      (SCD):    2.962ns
    Clock Pessimism Removal (CPR):    0.230ns
  Clock Uncertainty:      0.154ns  ((TSJ^2 + TIJ^2)^1/2 + DJ) / 2 + PE
    Total System Jitter     (TSJ):    0.071ns
    Total Input Jitter      (TIJ):    0.300ns
    Discrete Jitter          (DJ):    0.000ns
    Phase Error              (PE):    0.000ns

    Location             Delay type                Incr(ns)  Path(ns)    Netlist Resource(s)
  -------------------------------------------------------------------    -------------------
                         (clock clk_fpga_0 rise edge)
                                                      0.000     0.000 r  
    PS7_X0Y0             PS7                          0.000     0.000 r  u_block_design/design_1_i/processing_system7_0/inst/PS7_i/FCLKCLK[0]
                         net (fo=1, routed)           1.193     1.193    u_block_design/design_1_i/processing_system7_0/inst/FCLK_CLK_unbuffered[0]
    BUFGCTRL_X0Y16       BUFG (Prop_bufg_I_O)         0.101     1.294 r  u_block_design/design_1_i/processing_system7_0/inst/buffer_fclk_clk_0.FCLK_CLK_0_BUFG/O
                         net (fo=16061, routed)       1.668     2.962    snn_integrated_top/design_1_wrapper/design_1/design_1_axi_interconnect_hp0_0/s02_couplers_imp_QSEXJZ/design_1_axi_interconnect_hp0_imp_auto_pc_2/design_1_axi_interconnect_hp0_imp_auto_pc_2_axi_protocol_converter_v2_1_37_axi_protocol_converter/design_1_axi_interconnect_hp0_imp_auto_pc_2_axi_protocol_converter_v2_1_37_axi3_conv/design_1_axi_interconnect_hp0_imp_auto_pc_2_axi_protocol_converter_v2_1_37_a_axi3_conv/design_1_axi_interconnect_hp0_imp_auto_pc_2_axi_data_fifo_v2_1_36_axic_fifo/design_1_axi_interconnect_hp0_imp_auto_pc_2_axi_data_fifo_v2_1_36_fifo_gen/<hidden>/<hidden>/<hidden>/<hidden>/<hidden>/<hidden>
    SLICE_X40Y44         FDPE                                         r  snn_integrated_top/design_1_wrapper/design_1/design_1_axi_interconnect_hp0_0/s02_couplers_imp_QSEXJZ/design_1_axi_interconnect_hp0_imp_auto_pc_2/design_1_axi_interconnect_hp0_imp_auto_pc_2_axi_protocol_converter_v2_1_37_axi_protocol_converter/design_1_axi_interconnect_hp0_imp_auto_pc_2_axi_protocol_converter_v2_1_37_axi3_conv/design_1_axi_interconnect_hp0_imp_auto_pc_2_axi_protocol_converter_v2_1_37_a_axi3_conv/design_1_axi_interconnect_hp0_imp_auto_pc_2_axi_data_fifo_v2_1_36_axic_fifo/design_1_axi_interconnect_hp0_imp_auto_pc_2_axi_data_fifo_v2_1_36_fifo_gen/<hidden>/<hidden>/<hidden>/<hidden>/<hidden>/<hidden>
  -------------------------------------------------------------------    -------------------
    SLICE_X40Y44         FDPE (Prop_fdpe_C_Q)         0.419     3.381 f  snn_integrated_top/design_1_wrapper/design_1/design_1_axi_interconnect_hp0_0/s02_couplers_imp_QSEXJZ/design_1_axi_interconnect_hp0_imp_auto_pc_2/design_1_axi_interconnect_hp0_imp_auto_pc_2_axi_protocol_converter_v2_1_37_axi_protocol_converter/design_1_axi_interconnect_hp0_imp_auto_pc_2_axi_protocol_converter_v2_1_37_axi3_conv/design_1_axi_interconnect_hp0_imp_auto_pc_2_axi_protocol_converter_v2_1_37_a_axi3_conv/design_1_axi_interconnect_hp0_imp_auto_pc_2_axi_data_fifo_v2_1_36_axic_fifo/design_1_axi_interconnect_hp0_imp_auto_pc_2_axi_data_fifo_v2_1_36_fifo_gen/<hidden>/<hidden>/<hidden>/<hidden>/<hidden>/<hidden>
                         net (fo=2, routed)           1.126     4.507    snn_integrated_top/design_1_wrapper/design_1/design_1_axi_interconnect_hp0_0/s02_couplers_imp_QSEXJZ/design_1_axi_interconnect_hp0_imp_auto_pc_2/design_1_axi_interconnect_hp0_imp_auto_pc_2_axi_protocol_converter_v2_1_37_axi_protocol_converter/design_1_axi_interconnect_hp0_imp_auto_pc_2_axi_protocol_converter_v2_1_37_axi3_conv/design_1_axi_interconnect_hp0_imp_auto_pc_2_axi_protocol_converter_v2_1_37_a_axi3_conv/design_1_axi_interconnect_hp0_imp_auto_pc_2_axi_data_fifo_v2_1_36_axic_fifo/design_1_axi_interconnect_hp0_imp_auto_pc_2_axi_data_fifo_v2_1_36_fifo_gen/<hidden>/<hidden>/<hidden>/<hidden>/<hidden>
    SLICE_X35Y44         LUT3 (Prop_lut3_I2_O)        0.299     4.806 f  snn_integrated_top/design_1_wrapper/design_1/design_1_axi_interconnect_hp0_0/s02_couplers_imp_QSEXJZ/design_1_axi_interconnect_hp0_imp_auto_pc_2/design_1_axi_interconnect_hp0_imp_auto_pc_2_axi_protocol_converter_v2_1_37_axi_protocol_converter/design_1_axi_interconnect_hp0_imp_auto_pc_2_axi_protocol_converter_v2_1_37_axi3_conv/design_1_axi_interconnect_hp0_imp_auto_pc_2_axi_protocol_converter_v2_1_37_a_axi3_conv/design_1_axi_interconnect_hp0_imp_auto_pc_2_axi_data_fifo_v2_1_36_axic_fifo/design_1_axi_interconnect_hp0_imp_auto_pc_2_axi_data_fifo_v2_1_36_fifo_gen/<hidden>/<hidden>/<hidden>/<hidden>/<hidden>
                         net (fo=33, routed)          1.525     6.331    snn_integrated_top/design_1_wrapper/design_1/design_1_axi_interconnect_hp0_0/s02_couplers_imp_QSEXJZ/design_1_axi_interconnect_hp0_imp_auto_pc_2/design_1_axi_interconnect_hp0_imp_auto_pc_2_axi_protocol_converter_v2_1_37_axi_protocol_converter/design_1_axi_interconnect_hp0_imp_auto_pc_2_axi_protocol_converter_v2_1_37_axi3_conv/design_1_axi_interconnect_hp0_imp_auto_pc_2_axi_protocol_converter_v2_1_37_a_axi3_conv/design_1_axi_interconnect_hp0_imp_auto_pc_2_axi_data_fifo_v2_1_36_axic_fifo/design_1_axi_interconnect_hp0_imp_auto_pc_2_axi_data_fifo_v2_1_36_fifo_gen/<hidden>/<hidden>/<hidden>/<hidden>/<hidden>/<hidden>
    SLICE_X25Y42         FDCE                                         f  snn_integrated_top/design_1_wrapper/design_1/design_1_axi_interconnect_hp0_0/s02_couplers_imp_QSEXJZ/design_1_axi_interconnect_hp0_imp_auto_pc_2/design_1_axi_interconnect_hp0_imp_auto_pc_2_axi_protocol_converter_v2_1_37_axi_protocol_converter/design_1_axi_interconnect_hp0_imp_auto_pc_2_axi_protocol_converter_v2_1_37_axi3_conv/design_1_axi_interconnect_hp0_imp_auto_pc_2_axi_protocol_converter_v2_1_37_a_axi3_conv/design_1_axi_interconnect_hp0_imp_auto_pc_2_axi_data_fifo_v2_1_36_axic_fifo/design_1_axi_interconnect_hp0_imp_auto_pc_2_axi_data_fifo_v2_1_36_fifo_gen/<hidden>/<hidden>/<hidden>/<hidden>/<hidden>/<hidden>
  -------------------------------------------------------------------    -------------------

                         (clock clk_fpga_0 rise edge)
                                                     10.000    10.000 r  
    PS7_X0Y0             PS7                          0.000    10.000 r  u_block_design/design_1_i/processing_system7_0/inst/PS7_i/FCLKCLK[0]
                         net (fo=1, routed)           1.088    11.088    u_block_design/design_1_i/processing_system7_0/inst/FCLK_CLK_unbuffered[0]
    BUFGCTRL_X0Y16       BUFG (Prop_bufg_I_O)         0.091    11.179 r  u_block_design/design_1_i/processing_system7_0/inst/buffer_fclk_clk_0.FCLK_CLK_0_BUFG/O
                         net (fo=16061, routed)       1.571    12.750    snn_integrated_top/design_1_wrapper/design_1/design_1_axi_interconnect_hp0_0/s02_couplers_imp_QSEXJZ/design_1_axi_interconnect_hp0_imp_auto_pc_2/design_1_axi_interconnect_hp0_imp_auto_pc_2_axi_protocol_converter_v2_1_37_axi_protocol_converter/design_1_axi_interconnect_hp0_imp_auto_pc_2_axi_protocol_converter_v2_1_37_axi3_conv/design_1_axi_interconnect_hp0_imp_auto_pc_2_axi_protocol_converter_v2_1_37_a_axi3_conv/design_1_axi_interconnect_hp0_imp_auto_pc_2_axi_data_fifo_v2_1_36_axic_fifo/design_1_axi_interconnect_hp0_imp_auto_pc_2_axi_data_fifo_v2_1_36_fifo_gen/<hidden>/<hidden>/<hidden>/<hidden>/<hidden>/<hidden>
    SLICE_X25Y42         FDCE                                         r  snn_integrated_top/design_1_wrapper/design_1/design_1_axi_interconnect_hp0_0/s02_couplers_imp_QSEXJZ/design_1_axi_interconnect_hp0_imp_auto_pc_2/design_1_axi_interconnect_hp0_imp_auto_pc_2_axi_protocol_converter_v2_1_37_axi_protocol_converter/design_1_axi_interconnect_hp0_imp_auto_pc_2_axi_protocol_converter_v2_1_37_axi3_conv/design_1_axi_interconnect_hp0_imp_auto_pc_2_axi_protocol_converter_v2_1_37_a_axi3_conv/design_1_axi_interconnect_hp0_imp_auto_pc_2_axi_data_fifo_v2_1_36_axic_fifo/design_1_axi_interconnect_hp0_imp_auto_pc_2_axi_data_fifo_v2_1_36_fifo_gen/<hidden>/<hidden>/<hidden>/<hidden>/<hidden>/<hidden>
                         clock pessimism              0.230    12.980    
                         clock uncertainty           -0.154    12.826    
    SLICE_X25Y42         FDCE (Recov_fdce_C_CLR)     -0.405    12.421    snn_integrated_top/design_1_wrapper/design_1/design_1_axi_interconnect_hp0_0/s02_couplers_imp_QSEXJZ/design_1_axi_interconnect_hp0_imp_auto_pc_2/design_1_axi_interconnect_hp0_imp_auto_pc_2_axi_protocol_converter_v2_1_37_axi_protocol_converter/design_1_axi_interconnect_hp0_imp_auto_pc_2_axi_protocol_converter_v2_1_37_axi3_conv/design_1_axi_interconnect_hp0_imp_auto_pc_2_axi_protocol_converter_v2_1_37_a_axi3_conv/design_1_axi_interconnect_hp0_imp_auto_pc_2_axi_data_fifo_v2_1_36_axic_fifo/design_1_axi_interconnect_hp0_imp_auto_pc_2_axi_data_fifo_v2_1_36_fifo_gen/<hidden>/<hidden>/<hidden>/<hidden>/<hidden>/<hidden>
  -------------------------------------------------------------------
                         required time                         12.421    
                         arrival time                          -6.331    
  -------------------------------------------------------------------
                         slack                                  6.090    

Slack (MET) :             6.090ns  (required time - arrival time)
  Source:                 snn_integrated_top/design_1_wrapper/design_1/design_1_axi_interconnect_hp0_0/s02_couplers_imp_QSEXJZ/design_1_axi_interconnect_hp0_imp_auto_pc_2/design_1_axi_interconnect_hp0_imp_auto_pc_2_axi_protocol_converter_v2_1_37_axi_protocol_converter/design_1_axi_interconnect_hp0_imp_auto_pc_2_axi_protocol_converter_v2_1_37_axi3_conv/design_1_axi_interconnect_hp0_imp_auto_pc_2_axi_protocol_converter_v2_1_37_a_axi3_conv/design_1_axi_interconnect_hp0_imp_auto_pc_2_axi_data_fifo_v2_1_36_axic_fifo/design_1_axi_interconnect_hp0_imp_auto_pc_2_axi_data_fifo_v2_1_36_fifo_gen/<hidden>/<hidden>/<hidden>/<hidden>/<hidden>/<hidden>
                            (rising edge-triggered cell FDPE clocked by clk_fpga_0  {rise@0.000ns fall@5.000ns period=10.000ns})
  Destination:            snn_integrated_top/design_1_wrapper/design_1/design_1_axi_interconnect_hp0_0/s02_couplers_imp_QSEXJZ/design_1_axi_interconnect_hp0_imp_auto_pc_2/design_1_axi_interconnect_hp0_imp_auto_pc_2_axi_protocol_converter_v2_1_37_axi_protocol_converter/design_1_axi_interconnect_hp0_imp_auto_pc_2_axi_protocol_converter_v2_1_37_axi3_conv/design_1_axi_interconnect_hp0_imp_auto_pc_2_axi_protocol_converter_v2_1_37_a_axi3_conv/design_1_axi_interconnect_hp0_imp_auto_pc_2_axi_data_fifo_v2_1_36_axic_fifo/design_1_axi_interconnect_hp0_imp_auto_pc_2_axi_data_fifo_v2_1_36_fifo_gen/<hidden>/<hidden>/<hidden>/<hidden>/<hidden>/<hidden>
                            (recovery check against rising-edge clock clk_fpga_0  {rise@0.000ns fall@5.000ns period=10.000ns})
  Path Group:             **async_default**
  Path Type:              Recovery (Max at Slow Process Corner)
  Requirement:            10.000ns  (clk_fpga_0 rise@10.000ns - clk_fpga_0 rise@0.000ns)
  Data Path Delay:        3.369ns  (logic 0.718ns (21.311%)  route 2.651ns (78.689%))
  Logic Levels:           1  (LUT3=1)
  Clock Path Skew:        0.018ns (DCD - SCD + CPR)
    Destination Clock Delay (DCD):    2.750ns = ( 12.750 - 10.000 ) 
    Source Clock Delay      (SCD):    2.962ns
    Clock Pessimism Removal (CPR):    0.230ns
  Clock Uncertainty:      0.154ns  ((TSJ^2 + TIJ^2)^1/2 + DJ) / 2 + PE
    Total System Jitter     (TSJ):    0.071ns
    Total Input Jitter      (TIJ):    0.300ns
    Discrete Jitter          (DJ):    0.000ns
    Phase Error              (PE):    0.000ns

    Location             Delay type                Incr(ns)  Path(ns)    Netlist Resource(s)
  -------------------------------------------------------------------    -------------------
                         (clock clk_fpga_0 rise edge)
                                                      0.000     0.000 r  
    PS7_X0Y0             PS7                          0.000     0.000 r  u_block_design/design_1_i/processing_system7_0/inst/PS7_i/FCLKCLK[0]
                         net (fo=1, routed)           1.193     1.193    u_block_design/design_1_i/processing_system7_0/inst/FCLK_CLK_unbuffered[0]
    BUFGCTRL_X0Y16       BUFG (Prop_bufg_I_O)         0.101     1.294 r  u_block_design/design_1_i/processing_system7_0/inst/buffer_fclk_clk_0.FCLK_CLK_0_BUFG/O
                         net (fo=16061, routed)       1.668     2.962    snn_integrated_top/design_1_wrapper/design_1/design_1_axi_interconnect_hp0_0/s02_couplers_imp_QSEXJZ/design_1_axi_interconnect_hp0_imp_auto_pc_2/design_1_axi_interconnect_hp0_imp_auto_pc_2_axi_protocol_converter_v2_1_37_axi_protocol_converter/design_1_axi_interconnect_hp0_imp_auto_pc_2_axi_protocol_converter_v2_1_37_axi3_conv/design_1_axi_interconnect_hp0_imp_auto_pc_2_axi_protocol_converter_v2_1_37_a_axi3_conv/design_1_axi_interconnect_hp0_imp_auto_pc_2_axi_data_fifo_v2_1_36_axic_fifo/design_1_axi_interconnect_hp0_imp_auto_pc_2_axi_data_fifo_v2_1_36_fifo_gen/<hidden>/<hidden>/<hidden>/<hidden>/<hidden>/<hidden>
    SLICE_X40Y44         FDPE                                         r  snn_integrated_top/design_1_wrapper/design_1/design_1_axi_interconnect_hp0_0/s02_couplers_imp_QSEXJZ/design_1_axi_interconnect_hp0_imp_auto_pc_2/design_1_axi_interconnect_hp0_imp_auto_pc_2_axi_protocol_converter_v2_1_37_axi_protocol_converter/design_1_axi_interconnect_hp0_imp_auto_pc_2_axi_protocol_converter_v2_1_37_axi3_conv/design_1_axi_interconnect_hp0_imp_auto_pc_2_axi_protocol_converter_v2_1_37_a_axi3_conv/design_1_axi_interconnect_hp0_imp_auto_pc_2_axi_data_fifo_v2_1_36_axic_fifo/design_1_axi_interconnect_hp0_imp_auto_pc_2_axi_data_fifo_v2_1_36_fifo_gen/<hidden>/<hidden>/<hidden>/<hidden>/<hidden>/<hidden>
  -------------------------------------------------------------------    -------------------
    SLICE_X40Y44         FDPE (Prop_fdpe_C_Q)         0.419     3.381 f  snn_integrated_top/design_1_wrapper/design_1/design_1_axi_interconnect_hp0_0/s02_couplers_imp_QSEXJZ/design_1_axi_interconnect_hp0_imp_auto_pc_2/design_1_axi_interconnect_hp0_imp_auto_pc_2_axi_protocol_converter_v2_1_37_axi_protocol_converter/design_1_axi_interconnect_hp0_imp_auto_pc_2_axi_protocol_converter_v2_1_37_axi3_conv/design_1_axi_interconnect_hp0_imp_auto_pc_2_axi_protocol_converter_v2_1_37_a_axi3_conv/design_1_axi_interconnect_hp0_imp_auto_pc_2_axi_data_fifo_v2_1_36_axic_fifo/design_1_axi_interconnect_hp0_imp_auto_pc_2_axi_data_fifo_v2_1_36_fifo_gen/<hidden>/<hidden>/<hidden>/<hidden>/<hidden>/<hidden>
                         net (fo=2, routed)           1.126     4.507    snn_integrated_top/design_1_wrapper/design_1/design_1_axi_interconnect_hp0_0/s02_couplers_imp_QSEXJZ/design_1_axi_interconnect_hp0_imp_auto_pc_2/design_1_axi_interconnect_hp0_imp_auto_pc_2_axi_protocol_converter_v2_1_37_axi_protocol_converter/design_1_axi_interconnect_hp0_imp_auto_pc_2_axi_protocol_converter_v2_1_37_axi3_conv/design_1_axi_interconnect_hp0_imp_auto_pc_2_axi_protocol_converter_v2_1_37_a_axi3_conv/design_1_axi_interconnect_hp0_imp_auto_pc_2_axi_data_fifo_v2_1_36_axic_fifo/design_1_axi_interconnect_hp0_imp_auto_pc_2_axi_data_fifo_v2_1_36_fifo_gen/<hidden>/<hidden>/<hidden>/<hidden>/<hidden>
    SLICE_X35Y44         LUT3 (Prop_lut3_I2_O)        0.299     4.806 f  snn_integrated_top/design_1_wrapper/design_1/design_1_axi_interconnect_hp0_0/s02_couplers_imp_QSEXJZ/design_1_axi_interconnect_hp0_imp_auto_pc_2/design_1_axi_interconnect_hp0_imp_auto_pc_2_axi_protocol_converter_v2_1_37_axi_protocol_converter/design_1_axi_interconnect_hp0_imp_auto_pc_2_axi_protocol_converter_v2_1_37_axi3_conv/design_1_axi_interconnect_hp0_imp_auto_pc_2_axi_protocol_converter_v2_1_37_a_axi3_conv/design_1_axi_interconnect_hp0_imp_auto_pc_2_axi_data_fifo_v2_1_36_axic_fifo/design_1_axi_interconnect_hp0_imp_auto_pc_2_axi_data_fifo_v2_1_36_fifo_gen/<hidden>/<hidden>/<hidden>/<hidden>/<hidden>
                         net (fo=33, routed)          1.525     6.331    snn_integrated_top/design_1_wrapper/design_1/design_1_axi_interconnect_hp0_0/s02_couplers_imp_QSEXJZ/design_1_axi_interconnect_hp0_imp_auto_pc_2/design_1_axi_interconnect_hp0_imp_auto_pc_2_axi_protocol_converter_v2_1_37_axi_protocol_converter/design_1_axi_interconnect_hp0_imp_auto_pc_2_axi_protocol_converter_v2_1_37_axi3_conv/design_1_axi_interconnect_hp0_imp_auto_pc_2_axi_protocol_converter_v2_1_37_a_axi3_conv/design_1_axi_interconnect_hp0_imp_auto_pc_2_axi_data_fifo_v2_1_36_axic_fifo/design_1_axi_interconnect_hp0_imp_auto_pc_2_axi_data_fifo_v2_1_36_fifo_gen/<hidden>/<hidden>/<hidden>/<hidden>/<hidden>/<hidden>
    SLICE_X25Y42         FDCE                                         f  snn_integrated_top/design_1_wrapper/design_1/design_1_axi_interconnect_hp0_0/s02_couplers_imp_QSEXJZ/design_1_axi_interconnect_hp0_imp_auto_pc_2/design_1_axi_interconnect_hp0_imp_auto_pc_2_axi_protocol_converter_v2_1_37_axi_protocol_converter/design_1_axi_interconnect_hp0_imp_auto_pc_2_axi_protocol_converter_v2_1_37_axi3_conv/design_1_axi_interconnect_hp0_imp_auto_pc_2_axi_protocol_converter_v2_1_37_a_axi3_conv/design_1_axi_interconnect_hp0_imp_auto_pc_2_axi_data_fifo_v2_1_36_axic_fifo/design_1_axi_interconnect_hp0_imp_auto_pc_2_axi_data_fifo_v2_1_36_fifo_gen/<hidden>/<hidden>/<hidden>/<hidden>/<hidden>/<hidden>
  -------------------------------------------------------------------    -------------------

                         (clock clk_fpga_0 rise edge)
                                                     10.000    10.000 r  
    PS7_X0Y0             PS7                          0.000    10.000 r  u_block_design/design_1_i/processing_system7_0/inst/PS7_i/FCLKCLK[0]
                         net (fo=1, routed)           1.088    11.088    u_block_design/design_1_i/processing_system7_0/inst/FCLK_CLK_unbuffered[0]
    BUFGCTRL_X0Y16       BUFG (Prop_bufg_I_O)         0.091    11.179 r  u_block_design/design_1_i/processing_system7_0/inst/buffer_fclk_clk_0.FCLK_CLK_0_BUFG/O
                         net (fo=16061, routed)       1.571    12.750    snn_integrated_top/design_1_wrapper/design_1/design_1_axi_interconnect_hp0_0/s02_couplers_imp_QSEXJZ/design_1_axi_interconnect_hp0_imp_auto_pc_2/design_1_axi_interconnect_hp0_imp_auto_pc_2_axi_protocol_converter_v2_1_37_axi_protocol_converter/design_1_axi_interconnect_hp0_imp_auto_pc_2_axi_protocol_converter_v2_1_37_axi3_conv/design_1_axi_interconnect_hp0_imp_auto_pc_2_axi_protocol_converter_v2_1_37_a_axi3_conv/design_1_axi_interconnect_hp0_imp_auto_pc_2_axi_data_fifo_v2_1_36_axic_fifo/design_1_axi_interconnect_hp0_imp_auto_pc_2_axi_data_fifo_v2_1_36_fifo_gen/<hidden>/<hidden>/<hidden>/<hidden>/<hidden>/<hidden>
    SLICE_X25Y42         FDCE                                         r  snn_integrated_top/design_1_wrapper/design_1/design_1_axi_interconnect_hp0_0/s02_couplers_imp_QSEXJZ/design_1_axi_interconnect_hp0_imp_auto_pc_2/design_1_axi_interconnect_hp0_imp_auto_pc_2_axi_protocol_converter_v2_1_37_axi_protocol_converter/design_1_axi_interconnect_hp0_imp_auto_pc_2_axi_protocol_converter_v2_1_37_axi3_conv/design_1_axi_interconnect_hp0_imp_auto_pc_2_axi_protocol_converter_v2_1_37_a_axi3_conv/design_1_axi_interconnect_hp0_imp_auto_pc_2_axi_data_fifo_v2_1_36_axic_fifo/design_1_axi_interconnect_hp0_imp_auto_pc_2_axi_data_fifo_v2_1_36_fifo_gen/<hidden>/<hidden>/<hidden>/<hidden>/<hidden>/<hidden>
                         clock pessimism              0.230    12.980    
                         clock uncertainty           -0.154    12.826    
    SLICE_X25Y42         FDCE (Recov_fdce_C_CLR)     -0.405    12.421    snn_integrated_top/design_1_wrapper/design_1/design_1_axi_interconnect_hp0_0/s02_couplers_imp_QSEXJZ/design_1_axi_interconnect_hp0_imp_auto_pc_2/design_1_axi_interconnect_hp0_imp_auto_pc_2_axi_protocol_converter_v2_1_37_axi_protocol_converter/design_1_axi_interconnect_hp0_imp_auto_pc_2_axi_protocol_converter_v2_1_37_axi3_conv/design_1_axi_interconnect_hp0_imp_auto_pc_2_axi_protocol_converter_v2_1_37_a_axi3_conv/design_1_axi_interconnect_hp0_imp_auto_pc_2_axi_data_fifo_v2_1_36_axic_fifo/design_1_axi_interconnect_hp0_imp_auto_pc_2_axi_data_fifo_v2_1_36_fifo_gen/<hidden>/<hidden>/<hidden>/<hidden>/<hidden>/<hidden>
  -------------------------------------------------------------------
                         required time                         12.421    
                         arrival time                          -6.331    
  -------------------------------------------------------------------
                         slack                                  6.090    

Slack (MET) :             6.090ns  (required time - arrival time)
  Source:                 snn_integrated_top/design_1_wrapper/design_1/design_1_axi_interconnect_hp0_0/s02_couplers_imp_QSEXJZ/design_1_axi_interconnect_hp0_imp_auto_pc_2/design_1_axi_interconnect_hp0_imp_auto_pc_2_axi_protocol_converter_v2_1_37_axi_protocol_converter/design_1_axi_interconnect_hp0_imp_auto_pc_2_axi_protocol_converter_v2_1_37_axi3_conv/design_1_axi_interconnect_hp0_imp_auto_pc_2_axi_protocol_converter_v2_1_37_a_axi3_conv/design_1_axi_interconnect_hp0_imp_auto_pc_2_axi_data_fifo_v2_1_36_axic_fifo/design_1_axi_interconnect_hp0_imp_auto_pc_2_axi_data_fifo_v2_1_36_fifo_gen/<hidden>/<hidden>/<hidden>/<hidden>/<hidden>/<hidden>
                            (rising edge-triggered cell FDPE clocked by clk_fpga_0  {rise@0.000ns fall@5.000ns period=10.000ns})
  Destination:            snn_integrated_top/design_1_wrapper/design_1/design_1_axi_interconnect_hp0_0/s02_couplers_imp_QSEXJZ/design_1_axi_interconnect_hp0_imp_auto_pc_2/design_1_axi_interconnect_hp0_imp_auto_pc_2_axi_protocol_converter_v2_1_37_axi_protocol_converter/design_1_axi_interconnect_hp0_imp_auto_pc_2_axi_protocol_converter_v2_1_37_axi3_conv/design_1_axi_interconnect_hp0_imp_auto_pc_2_axi_protocol_converter_v2_1_37_a_axi3_conv/design_1_axi_interconnect_hp0_imp_auto_pc_2_axi_data_fifo_v2_1_36_axic_fifo/design_1_axi_interconnect_hp0_imp_auto_pc_2_axi_data_fifo_v2_1_36_fifo_gen/<hidden>/<hidden>/<hidden>/<hidden>/<hidden>/<hidden>
                            (recovery check against rising-edge clock clk_fpga_0  {rise@0.000ns fall@5.000ns period=10.000ns})
  Path Group:             **async_default**
  Path Type:              Recovery (Max at Slow Process Corner)
  Requirement:            10.000ns  (clk_fpga_0 rise@10.000ns - clk_fpga_0 rise@0.000ns)
  Data Path Delay:        3.369ns  (logic 0.718ns (21.311%)  route 2.651ns (78.689%))
  Logic Levels:           1  (LUT3=1)
  Clock Path Skew:        0.018ns (DCD - SCD + CPR)
    Destination Clock Delay (DCD):    2.750ns = ( 12.750 - 10.000 ) 
    Source Clock Delay      (SCD):    2.962ns
    Clock Pessimism Removal (CPR):    0.230ns
  Clock Uncertainty:      0.154ns  ((TSJ^2 + TIJ^2)^1/2 + DJ) / 2 + PE
    Total System Jitter     (TSJ):    0.071ns
    Total Input Jitter      (TIJ):    0.300ns
    Discrete Jitter          (DJ):    0.000ns
    Phase Error              (PE):    0.000ns

    Location             Delay type                Incr(ns)  Path(ns)    Netlist Resource(s)
  -------------------------------------------------------------------    -------------------
                         (clock clk_fpga_0 rise edge)
                                                      0.000     0.000 r  
    PS7_X0Y0             PS7                          0.000     0.000 r  u_block_design/design_1_i/processing_system7_0/inst/PS7_i/FCLKCLK[0]
                         net (fo=1, routed)           1.193     1.193    u_block_design/design_1_i/processing_system7_0/inst/FCLK_CLK_unbuffered[0]
    BUFGCTRL_X0Y16       BUFG (Prop_bufg_I_O)         0.101     1.294 r  u_block_design/design_1_i/processing_system7_0/inst/buffer_fclk_clk_0.FCLK_CLK_0_BUFG/O
                         net (fo=16061, routed)       1.668     2.962    snn_integrated_top/design_1_wrapper/design_1/design_1_axi_interconnect_hp0_0/s02_couplers_imp_QSEXJZ/design_1_axi_interconnect_hp0_imp_auto_pc_2/design_1_axi_interconnect_hp0_imp_auto_pc_2_axi_protocol_converter_v2_1_37_axi_protocol_converter/design_1_axi_interconnect_hp0_imp_auto_pc_2_axi_protocol_converter_v2_1_37_axi3_conv/design_1_axi_interconnect_hp0_imp_auto_pc_2_axi_protocol_converter_v2_1_37_a_axi3_conv/design_1_axi_interconnect_hp0_imp_auto_pc_2_axi_data_fifo_v2_1_36_axic_fifo/design_1_axi_interconnect_hp0_imp_auto_pc_2_axi_data_fifo_v2_1_36_fifo_gen/<hidden>/<hidden>/<hidden>/<hidden>/<hidden>/<hidden>
    SLICE_X40Y44         FDPE                                         r  snn_integrated_top/design_1_wrapper/design_1/design_1_axi_interconnect_hp0_0/s02_couplers_imp_QSEXJZ/design_1_axi_interconnect_hp0_imp_auto_pc_2/design_1_axi_interconnect_hp0_imp_auto_pc_2_axi_protocol_converter_v2_1_37_axi_protocol_converter/design_1_axi_interconnect_hp0_imp_auto_pc_2_axi_protocol_converter_v2_1_37_axi3_conv/design_1_axi_interconnect_hp0_imp_auto_pc_2_axi_protocol_converter_v2_1_37_a_axi3_conv/design_1_axi_interconnect_hp0_imp_auto_pc_2_axi_data_fifo_v2_1_36_axic_fifo/design_1_axi_interconnect_hp0_imp_auto_pc_2_axi_data_fifo_v2_1_36_fifo_gen/<hidden>/<hidden>/<hidden>/<hidden>/<hidden>/<hidden>
  -------------------------------------------------------------------    -------------------
    SLICE_X40Y44         FDPE (Prop_fdpe_C_Q)         0.419     3.381 f  snn_integrated_top/design_1_wrapper/design_1/design_1_axi_interconnect_hp0_0/s02_couplers_imp_QSEXJZ/design_1_axi_interconnect_hp0_imp_auto_pc_2/design_1_axi_interconnect_hp0_imp_auto_pc_2_axi_protocol_converter_v2_1_37_axi_protocol_converter/design_1_axi_interconnect_hp0_imp_auto_pc_2_axi_protocol_converter_v2_1_37_axi3_conv/design_1_axi_interconnect_hp0_imp_auto_pc_2_axi_protocol_converter_v2_1_37_a_axi3_conv/design_1_axi_interconnect_hp0_imp_auto_pc_2_axi_data_fifo_v2_1_36_axic_fifo/design_1_axi_interconnect_hp0_imp_auto_pc_2_axi_data_fifo_v2_1_36_fifo_gen/<hidden>/<hidden>/<hidden>/<hidden>/<hidden>/<hidden>
                         net (fo=2, routed)           1.126     4.507    snn_integrated_top/design_1_wrapper/design_1/design_1_axi_interconnect_hp0_0/s02_couplers_imp_QSEXJZ/design_1_axi_interconnect_hp0_imp_auto_pc_2/design_1_axi_interconnect_hp0_imp_auto_pc_2_axi_protocol_converter_v2_1_37_axi_protocol_converter/design_1_axi_interconnect_hp0_imp_auto_pc_2_axi_protocol_converter_v2_1_37_axi3_conv/design_1_axi_interconnect_hp0_imp_auto_pc_2_axi_protocol_converter_v2_1_37_a_axi3_conv/design_1_axi_interconnect_hp0_imp_auto_pc_2_axi_data_fifo_v2_1_36_axic_fifo/design_1_axi_interconnect_hp0_imp_auto_pc_2_axi_data_fifo_v2_1_36_fifo_gen/<hidden>/<hidden>/<hidden>/<hidden>/<hidden>
    SLICE_X35Y44         LUT3 (Prop_lut3_I2_O)        0.299     4.806 f  snn_integrated_top/design_1_wrapper/design_1/design_1_axi_interconnect_hp0_0/s02_couplers_imp_QSEXJZ/design_1_axi_interconnect_hp0_imp_auto_pc_2/design_1_axi_interconnect_hp0_imp_auto_pc_2_axi_protocol_converter_v2_1_37_axi_protocol_converter/design_1_axi_interconnect_hp0_imp_auto_pc_2_axi_protocol_converter_v2_1_37_axi3_conv/design_1_axi_interconnect_hp0_imp_auto_pc_2_axi_protocol_converter_v2_1_37_a_axi3_conv/design_1_axi_interconnect_hp0_imp_auto_pc_2_axi_data_fifo_v2_1_36_axic_fifo/design_1_axi_interconnect_hp0_imp_auto_pc_2_axi_data_fifo_v2_1_36_fifo_gen/<hidden>/<hidden>/<hidden>/<hidden>/<hidden>
                         net (fo=33, routed)          1.525     6.331    snn_integrated_top/design_1_wrapper/design_1/design_1_axi_interconnect_hp0_0/s02_couplers_imp_QSEXJZ/design_1_axi_interconnect_hp0_imp_auto_pc_2/design_1_axi_interconnect_hp0_imp_auto_pc_2_axi_protocol_converter_v2_1_37_axi_protocol_converter/design_1_axi_interconnect_hp0_imp_auto_pc_2_axi_protocol_converter_v2_1_37_axi3_conv/design_1_axi_interconnect_hp0_imp_auto_pc_2_axi_protocol_converter_v2_1_37_a_axi3_conv/design_1_axi_interconnect_hp0_imp_auto_pc_2_axi_data_fifo_v2_1_36_axic_fifo/design_1_axi_interconnect_hp0_imp_auto_pc_2_axi_data_fifo_v2_1_36_fifo_gen/<hidden>/<hidden>/<hidden>/<hidden>/<hidden>/<hidden>
    SLICE_X25Y42         FDCE                                         f  snn_integrated_top/design_1_wrapper/design_1/design_1_axi_interconnect_hp0_0/s02_couplers_imp_QSEXJZ/design_1_axi_interconnect_hp0_imp_auto_pc_2/design_1_axi_interconnect_hp0_imp_auto_pc_2_axi_protocol_converter_v2_1_37_axi_protocol_converter/design_1_axi_interconnect_hp0_imp_auto_pc_2_axi_protocol_converter_v2_1_37_axi3_conv/design_1_axi_interconnect_hp0_imp_auto_pc_2_axi_protocol_converter_v2_1_37_a_axi3_conv/design_1_axi_interconnect_hp0_imp_auto_pc_2_axi_data_fifo_v2_1_36_axic_fifo/design_1_axi_interconnect_hp0_imp_auto_pc_2_axi_data_fifo_v2_1_36_fifo_gen/<hidden>/<hidden>/<hidden>/<hidden>/<hidden>/<hidden>
  -------------------------------------------------------------------    -------------------

                         (clock clk_fpga_0 rise edge)
                                                     10.000    10.000 r  
    PS7_X0Y0             PS7                          0.000    10.000 r  u_block_design/design_1_i/processing_system7_0/inst/PS7_i/FCLKCLK[0]
                         net (fo=1, routed)           1.088    11.088    u_block_design/design_1_i/processing_system7_0/inst/FCLK_CLK_unbuffered[0]
    BUFGCTRL_X0Y16       BUFG (Prop_bufg_I_O)         0.091    11.179 r  u_block_design/design_1_i/processing_system7_0/inst/buffer_fclk_clk_0.FCLK_CLK_0_BUFG/O
                         net (fo=16061, routed)       1.571    12.750    snn_integrated_top/design_1_wrapper/design_1/design_1_axi_interconnect_hp0_0/s02_couplers_imp_QSEXJZ/design_1_axi_interconnect_hp0_imp_auto_pc_2/design_1_axi_interconnect_hp0_imp_auto_pc_2_axi_protocol_converter_v2_1_37_axi_protocol_converter/design_1_axi_interconnect_hp0_imp_auto_pc_2_axi_protocol_converter_v2_1_37_axi3_conv/design_1_axi_interconnect_hp0_imp_auto_pc_2_axi_protocol_converter_v2_1_37_a_axi3_conv/design_1_axi_interconnect_hp0_imp_auto_pc_2_axi_data_fifo_v2_1_36_axic_fifo/design_1_axi_interconnect_hp0_imp_auto_pc_2_axi_data_fifo_v2_1_36_fifo_gen/<hidden>/<hidden>/<hidden>/<hidden>/<hidden>/<hidden>
    SLICE_X25Y42         FDCE                                         r  snn_integrated_top/design_1_wrapper/design_1/design_1_axi_interconnect_hp0_0/s02_couplers_imp_QSEXJZ/design_1_axi_interconnect_hp0_imp_auto_pc_2/design_1_axi_interconnect_hp0_imp_auto_pc_2_axi_protocol_converter_v2_1_37_axi_protocol_converter/design_1_axi_interconnect_hp0_imp_auto_pc_2_axi_protocol_converter_v2_1_37_axi3_conv/design_1_axi_interconnect_hp0_imp_auto_pc_2_axi_protocol_converter_v2_1_37_a_axi3_conv/design_1_axi_interconnect_hp0_imp_auto_pc_2_axi_data_fifo_v2_1_36_axic_fifo/design_1_axi_interconnect_hp0_imp_auto_pc_2_axi_data_fifo_v2_1_36_fifo_gen/<hidden>/<hidden>/<hidden>/<hidden>/<hidden>/<hidden>
                         clock pessimism              0.230    12.980    
                         clock uncertainty           -0.154    12.826    
    SLICE_X25Y42         FDCE (Recov_fdce_C_CLR)     -0.405    12.421    snn_integrated_top/design_1_wrapper/design_1/design_1_axi_interconnect_hp0_0/s02_couplers_imp_QSEXJZ/design_1_axi_interconnect_hp0_imp_auto_pc_2/design_1_axi_interconnect_hp0_imp_auto_pc_2_axi_protocol_converter_v2_1_37_axi_protocol_converter/design_1_axi_interconnect_hp0_imp_auto_pc_2_axi_protocol_converter_v2_1_37_axi3_conv/design_1_axi_interconnect_hp0_imp_auto_pc_2_axi_protocol_converter_v2_1_37_a_axi3_conv/design_1_axi_interconnect_hp0_imp_auto_pc_2_axi_data_fifo_v2_1_36_axic_fifo/design_1_axi_interconnect_hp0_imp_auto_pc_2_axi_data_fifo_v2_1_36_fifo_gen/<hidden>/<hidden>/<hidden>/<hidden>/<hidden>/<hidden>
  -------------------------------------------------------------------
                         required time                         12.421    
                         arrival time                          -6.331    
  -------------------------------------------------------------------
                         slack                                  6.090    

Slack (MET) :             6.090ns  (required time - arrival time)
  Source:                 snn_integrated_top/design_1_wrapper/design_1/design_1_axi_interconnect_hp0_0/s02_couplers_imp_QSEXJZ/design_1_axi_interconnect_hp0_imp_auto_pc_2/design_1_axi_interconnect_hp0_imp_auto_pc_2_axi_protocol_converter_v2_1_37_axi_protocol_converter/design_1_axi_interconnect_hp0_imp_auto_pc_2_axi_protocol_converter_v2_1_37_axi3_conv/design_1_axi_interconnect_hp0_imp_auto_pc_2_axi_protocol_converter_v2_1_37_a_axi3_conv/design_1_axi_interconnect_hp0_imp_auto_pc_2_axi_data_fifo_v2_1_36_axic_fifo/design_1_axi_interconnect_hp0_imp_auto_pc_2_axi_data_fifo_v2_1_36_fifo_gen/<hidden>/<hidden>/<hidden>/<hidden>/<hidden>/<hidden>
                            (rising edge-triggered cell FDPE clocked by clk_fpga_0  {rise@0.000ns fall@5.000ns period=10.000ns})
  Destination:            snn_integrated_top/design_1_wrapper/design_1/design_1_axi_interconnect_hp0_0/s02_couplers_imp_QSEXJZ/design_1_axi_interconnect_hp0_imp_auto_pc_2/design_1_axi_interconnect_hp0_imp_auto_pc_2_axi_protocol_converter_v2_1_37_axi_protocol_converter/design_1_axi_interconnect_hp0_imp_auto_pc_2_axi_protocol_converter_v2_1_37_axi3_conv/design_1_axi_interconnect_hp0_imp_auto_pc_2_axi_protocol_converter_v2_1_37_a_axi3_conv/design_1_axi_interconnect_hp0_imp_auto_pc_2_axi_data_fifo_v2_1_36_axic_fifo/design_1_axi_interconnect_hp0_imp_auto_pc_2_axi_data_fifo_v2_1_36_fifo_gen/<hidden>/<hidden>/<hidden>/<hidden>/<hidden>/<hidden>
                            (recovery check against rising-edge clock clk_fpga_0  {rise@0.000ns fall@5.000ns period=10.000ns})
  Path Group:             **async_default**
  Path Type:              Recovery (Max at Slow Process Corner)
  Requirement:            10.000ns  (clk_fpga_0 rise@10.000ns - clk_fpga_0 rise@0.000ns)
  Data Path Delay:        3.369ns  (logic 0.718ns (21.311%)  route 2.651ns (78.689%))
  Logic Levels:           1  (LUT3=1)
  Clock Path Skew:        0.018ns (DCD - SCD + CPR)
    Destination Clock Delay (DCD):    2.750ns = ( 12.750 - 10.000 ) 
    Source Clock Delay      (SCD):    2.962ns
    Clock Pessimism Removal (CPR):    0.230ns
  Clock Uncertainty:      0.154ns  ((TSJ^2 + TIJ^2)^1/2 + DJ) / 2 + PE
    Total System Jitter     (TSJ):    0.071ns
    Total Input Jitter      (TIJ):    0.300ns
    Discrete Jitter          (DJ):    0.000ns
    Phase Error              (PE):    0.000ns

    Location             Delay type                Incr(ns)  Path(ns)    Netlist Resource(s)
  -------------------------------------------------------------------    -------------------
                         (clock clk_fpga_0 rise edge)
                                                      0.000     0.000 r  
    PS7_X0Y0             PS7                          0.000     0.000 r  u_block_design/design_1_i/processing_system7_0/inst/PS7_i/FCLKCLK[0]
                         net (fo=1, routed)           1.193     1.193    u_block_design/design_1_i/processing_system7_0/inst/FCLK_CLK_unbuffered[0]
    BUFGCTRL_X0Y16       BUFG (Prop_bufg_I_O)         0.101     1.294 r  u_block_design/design_1_i/processing_system7_0/inst/buffer_fclk_clk_0.FCLK_CLK_0_BUFG/O
                         net (fo=16061, routed)       1.668     2.962    snn_integrated_top/design_1_wrapper/design_1/design_1_axi_interconnect_hp0_0/s02_couplers_imp_QSEXJZ/design_1_axi_interconnect_hp0_imp_auto_pc_2/design_1_axi_interconnect_hp0_imp_auto_pc_2_axi_protocol_converter_v2_1_37_axi_protocol_converter/design_1_axi_interconnect_hp0_imp_auto_pc_2_axi_protocol_converter_v2_1_37_axi3_conv/design_1_axi_interconnect_hp0_imp_auto_pc_2_axi_protocol_converter_v2_1_37_a_axi3_conv/design_1_axi_interconnect_hp0_imp_auto_pc_2_axi_data_fifo_v2_1_36_axic_fifo/design_1_axi_interconnect_hp0_imp_auto_pc_2_axi_data_fifo_v2_1_36_fifo_gen/<hidden>/<hidden>/<hidden>/<hidden>/<hidden>/<hidden>
    SLICE_X40Y44         FDPE                                         r  snn_integrated_top/design_1_wrapper/design_1/design_1_axi_interconnect_hp0_0/s02_couplers_imp_QSEXJZ/design_1_axi_interconnect_hp0_imp_auto_pc_2/design_1_axi_interconnect_hp0_imp_auto_pc_2_axi_protocol_converter_v2_1_37_axi_protocol_converter/design_1_axi_interconnect_hp0_imp_auto_pc_2_axi_protocol_converter_v2_1_37_axi3_conv/design_1_axi_interconnect_hp0_imp_auto_pc_2_axi_protocol_converter_v2_1_37_a_axi3_conv/design_1_axi_interconnect_hp0_imp_auto_pc_2_axi_data_fifo_v2_1_36_axic_fifo/design_1_axi_interconnect_hp0_imp_auto_pc_2_axi_data_fifo_v2_1_36_fifo_gen/<hidden>/<hidden>/<hidden>/<hidden>/<hidden>/<hidden>
  -------------------------------------------------------------------    -------------------
    SLICE_X40Y44         FDPE (Prop_fdpe_C_Q)         0.419     3.381 f  snn_integrated_top/design_1_wrapper/design_1/design_1_axi_interconnect_hp0_0/s02_couplers_imp_QSEXJZ/design_1_axi_interconnect_hp0_imp_auto_pc_2/design_1_axi_interconnect_hp0_imp_auto_pc_2_axi_protocol_converter_v2_1_37_axi_protocol_converter/design_1_axi_interconnect_hp0_imp_auto_pc_2_axi_protocol_converter_v2_1_37_axi3_conv/design_1_axi_interconnect_hp0_imp_auto_pc_2_axi_protocol_converter_v2_1_37_a_axi3_conv/design_1_axi_interconnect_hp0_imp_auto_pc_2_axi_data_fifo_v2_1_36_axic_fifo/design_1_axi_interconnect_hp0_imp_auto_pc_2_axi_data_fifo_v2_1_36_fifo_gen/<hidden>/<hidden>/<hidden>/<hidden>/<hidden>/<hidden>
                         net (fo=2, routed)           1.126     4.507    snn_integrated_top/design_1_wrapper/design_1/design_1_axi_interconnect_hp0_0/s02_couplers_imp_QSEXJZ/design_1_axi_interconnect_hp0_imp_auto_pc_2/design_1_axi_interconnect_hp0_imp_auto_pc_2_axi_protocol_converter_v2_1_37_axi_protocol_converter/design_1_axi_interconnect_hp0_imp_auto_pc_2_axi_protocol_converter_v2_1_37_axi3_conv/design_1_axi_interconnect_hp0_imp_auto_pc_2_axi_protocol_converter_v2_1_37_a_axi3_conv/design_1_axi_interconnect_hp0_imp_auto_pc_2_axi_data_fifo_v2_1_36_axic_fifo/design_1_axi_interconnect_hp0_imp_auto_pc_2_axi_data_fifo_v2_1_36_fifo_gen/<hidden>/<hidden>/<hidden>/<hidden>/<hidden>
    SLICE_X35Y44         LUT3 (Prop_lut3_I2_O)        0.299     4.806 f  snn_integrated_top/design_1_wrapper/design_1/design_1_axi_interconnect_hp0_0/s02_couplers_imp_QSEXJZ/design_1_axi_interconnect_hp0_imp_auto_pc_2/design_1_axi_interconnect_hp0_imp_auto_pc_2_axi_protocol_converter_v2_1_37_axi_protocol_converter/design_1_axi_interconnect_hp0_imp_auto_pc_2_axi_protocol_converter_v2_1_37_axi3_conv/design_1_axi_interconnect_hp0_imp_auto_pc_2_axi_protocol_converter_v2_1_37_a_axi3_conv/design_1_axi_interconnect_hp0_imp_auto_pc_2_axi_data_fifo_v2_1_36_axic_fifo/design_1_axi_interconnect_hp0_imp_auto_pc_2_axi_data_fifo_v2_1_36_fifo_gen/<hidden>/<hidden>/<hidden>/<hidden>/<hidden>
                         net (fo=33, routed)          1.525     6.331    snn_integrated_top/design_1_wrapper/design_1/design_1_axi_interconnect_hp0_0/s02_couplers_imp_QSEXJZ/design_1_axi_interconnect_hp0_imp_auto_pc_2/design_1_axi_interconnect_hp0_imp_auto_pc_2_axi_protocol_converter_v2_1_37_axi_protocol_converter/design_1_axi_interconnect_hp0_imp_auto_pc_2_axi_protocol_converter_v2_1_37_axi3_conv/design_1_axi_interconnect_hp0_imp_auto_pc_2_axi_protocol_converter_v2_1_37_a_axi3_conv/design_1_axi_interconnect_hp0_imp_auto_pc_2_axi_data_fifo_v2_1_36_axic_fifo/design_1_axi_interconnect_hp0_imp_auto_pc_2_axi_data_fifo_v2_1_36_fifo_gen/<hidden>/<hidden>/<hidden>/<hidden>/<hidden>/<hidden>
    SLICE_X25Y42         FDCE                                         f  snn_integrated_top/design_1_wrapper/design_1/design_1_axi_interconnect_hp0_0/s02_couplers_imp_QSEXJZ/design_1_axi_interconnect_hp0_imp_auto_pc_2/design_1_axi_interconnect_hp0_imp_auto_pc_2_axi_protocol_converter_v2_1_37_axi_protocol_converter/design_1_axi_interconnect_hp0_imp_auto_pc_2_axi_protocol_converter_v2_1_37_axi3_conv/design_1_axi_interconnect_hp0_imp_auto_pc_2_axi_protocol_converter_v2_1_37_a_axi3_conv/design_1_axi_interconnect_hp0_imp_auto_pc_2_axi_data_fifo_v2_1_36_axic_fifo/design_1_axi_interconnect_hp0_imp_auto_pc_2_axi_data_fifo_v2_1_36_fifo_gen/<hidden>/<hidden>/<hidden>/<hidden>/<hidden>/<hidden>
  -------------------------------------------------------------------    -------------------

                         (clock clk_fpga_0 rise edge)
                                                     10.000    10.000 r  
    PS7_X0Y0             PS7                          0.000    10.000 r  u_block_design/design_1_i/processing_system7_0/inst/PS7_i/FCLKCLK[0]
                         net (fo=1, routed)           1.088    11.088    u_block_design/design_1_i/processing_system7_0/inst/FCLK_CLK_unbuffered[0]
    BUFGCTRL_X0Y16       BUFG (Prop_bufg_I_O)         0.091    11.179 r  u_block_design/design_1_i/processing_system7_0/inst/buffer_fclk_clk_0.FCLK_CLK_0_BUFG/O
                         net (fo=16061, routed)       1.571    12.750    snn_integrated_top/design_1_wrapper/design_1/design_1_axi_interconnect_hp0_0/s02_couplers_imp_QSEXJZ/design_1_axi_interconnect_hp0_imp_auto_pc_2/design_1_axi_interconnect_hp0_imp_auto_pc_2_axi_protocol_converter_v2_1_37_axi_protocol_converter/design_1_axi_interconnect_hp0_imp_auto_pc_2_axi_protocol_converter_v2_1_37_axi3_conv/design_1_axi_interconnect_hp0_imp_auto_pc_2_axi_protocol_converter_v2_1_37_a_axi3_conv/design_1_axi_interconnect_hp0_imp_auto_pc_2_axi_data_fifo_v2_1_36_axic_fifo/design_1_axi_interconnect_hp0_imp_auto_pc_2_axi_data_fifo_v2_1_36_fifo_gen/<hidden>/<hidden>/<hidden>/<hidden>/<hidden>/<hidden>
    SLICE_X25Y42         FDCE                                         r  snn_integrated_top/design_1_wrapper/design_1/design_1_axi_interconnect_hp0_0/s02_couplers_imp_QSEXJZ/design_1_axi_interconnect_hp0_imp_auto_pc_2/design_1_axi_interconnect_hp0_imp_auto_pc_2_axi_protocol_converter_v2_1_37_axi_protocol_converter/design_1_axi_interconnect_hp0_imp_auto_pc_2_axi_protocol_converter_v2_1_37_axi3_conv/design_1_axi_interconnect_hp0_imp_auto_pc_2_axi_protocol_converter_v2_1_37_a_axi3_conv/design_1_axi_interconnect_hp0_imp_auto_pc_2_axi_data_fifo_v2_1_36_axic_fifo/design_1_axi_interconnect_hp0_imp_auto_pc_2_axi_data_fifo_v2_1_36_fifo_gen/<hidden>/<hidden>/<hidden>/<hidden>/<hidden>/<hidden>
                         clock pessimism              0.230    12.980    
                         clock uncertainty           -0.154    12.826    
    SLICE_X25Y42         FDCE (Recov_fdce_C_CLR)     -0.405    12.421    snn_integrated_top/design_1_wrapper/design_1/design_1_axi_interconnect_hp0_0/s02_couplers_imp_QSEXJZ/design_1_axi_interconnect_hp0_imp_auto_pc_2/design_1_axi_interconnect_hp0_imp_auto_pc_2_axi_protocol_converter_v2_1_37_axi_protocol_converter/design_1_axi_interconnect_hp0_imp_auto_pc_2_axi_protocol_converter_v2_1_37_axi3_conv/design_1_axi_interconnect_hp0_imp_auto_pc_2_axi_protocol_converter_v2_1_37_a_axi3_conv/design_1_axi_interconnect_hp0_imp_auto_pc_2_axi_data_fifo_v2_1_36_axic_fifo/design_1_axi_interconnect_hp0_imp_auto_pc_2_axi_data_fifo_v2_1_36_fifo_gen/<hidden>/<hidden>/<hidden>/<hidden>/<hidden>/<hidden>
  -------------------------------------------------------------------
                         required time                         12.421    
                         arrival time                          -6.331    
  -------------------------------------------------------------------
                         slack                                  6.090    

Slack (MET) :             6.090ns  (required time - arrival time)
  Source:                 snn_integrated_top/design_1_wrapper/design_1/design_1_axi_interconnect_hp0_0/s02_couplers_imp_QSEXJZ/design_1_axi_interconnect_hp0_imp_auto_pc_2/design_1_axi_interconnect_hp0_imp_auto_pc_2_axi_protocol_converter_v2_1_37_axi_protocol_converter/design_1_axi_interconnect_hp0_imp_auto_pc_2_axi_protocol_converter_v2_1_37_axi3_conv/design_1_axi_interconnect_hp0_imp_auto_pc_2_axi_protocol_converter_v2_1_37_a_axi3_conv/design_1_axi_interconnect_hp0_imp_auto_pc_2_axi_data_fifo_v2_1_36_axic_fifo/design_1_axi_interconnect_hp0_imp_auto_pc_2_axi_data_fifo_v2_1_36_fifo_gen/<hidden>/<hidden>/<hidden>/<hidden>/<hidden>/<hidden>
                            (rising edge-triggered cell FDPE clocked by clk_fpga_0  {rise@0.000ns fall@5.000ns period=10.000ns})
  Destination:            snn_integrated_top/design_1_wrapper/design_1/design_1_axi_interconnect_hp0_0/s02_couplers_imp_QSEXJZ/design_1_axi_interconnect_hp0_imp_auto_pc_2/design_1_axi_interconnect_hp0_imp_auto_pc_2_axi_protocol_converter_v2_1_37_axi_protocol_converter/design_1_axi_interconnect_hp0_imp_auto_pc_2_axi_protocol_converter_v2_1_37_axi3_conv/design_1_axi_interconnect_hp0_imp_auto_pc_2_axi_protocol_converter_v2_1_37_a_axi3_conv/design_1_axi_interconnect_hp0_imp_auto_pc_2_axi_data_fifo_v2_1_36_axic_fifo/design_1_axi_interconnect_hp0_imp_auto_pc_2_axi_data_fifo_v2_1_36_fifo_gen/<hidden>/<hidden>/<hidden>/<hidden>/<hidden>/<hidden>
                            (recovery check against rising-edge clock clk_fpga_0  {rise@0.000ns fall@5.000ns period=10.000ns})
  Path Group:             **async_default**
  Path Type:              Recovery (Max at Slow Process Corner)
  Requirement:            10.000ns  (clk_fpga_0 rise@10.000ns - clk_fpga_0 rise@0.000ns)
  Data Path Delay:        3.369ns  (logic 0.718ns (21.311%)  route 2.651ns (78.689%))
  Logic Levels:           1  (LUT3=1)
  Clock Path Skew:        0.018ns (DCD - SCD + CPR)
    Destination Clock Delay (DCD):    2.750ns = ( 12.750 - 10.000 ) 
    Source Clock Delay      (SCD):    2.962ns
    Clock Pessimism Removal (CPR):    0.230ns
  Clock Uncertainty:      0.154ns  ((TSJ^2 + TIJ^2)^1/2 + DJ) / 2 + PE
    Total System Jitter     (TSJ):    0.071ns
    Total Input Jitter      (TIJ):    0.300ns
    Discrete Jitter          (DJ):    0.000ns
    Phase Error              (PE):    0.000ns

    Location             Delay type                Incr(ns)  Path(ns)    Netlist Resource(s)
  -------------------------------------------------------------------    -------------------
                         (clock clk_fpga_0 rise edge)
                                                      0.000     0.000 r  
    PS7_X0Y0             PS7                          0.000     0.000 r  u_block_design/design_1_i/processing_system7_0/inst/PS7_i/FCLKCLK[0]
                         net (fo=1, routed)           1.193     1.193    u_block_design/design_1_i/processing_system7_0/inst/FCLK_CLK_unbuffered[0]
    BUFGCTRL_X0Y16       BUFG (Prop_bufg_I_O)         0.101     1.294 r  u_block_design/design_1_i/processing_system7_0/inst/buffer_fclk_clk_0.FCLK_CLK_0_BUFG/O
                         net (fo=16061, routed)       1.668     2.962    snn_integrated_top/design_1_wrapper/design_1/design_1_axi_interconnect_hp0_0/s02_couplers_imp_QSEXJZ/design_1_axi_interconnect_hp0_imp_auto_pc_2/design_1_axi_interconnect_hp0_imp_auto_pc_2_axi_protocol_converter_v2_1_37_axi_protocol_converter/design_1_axi_interconnect_hp0_imp_auto_pc_2_axi_protocol_converter_v2_1_37_axi3_conv/design_1_axi_interconnect_hp0_imp_auto_pc_2_axi_protocol_converter_v2_1_37_a_axi3_conv/design_1_axi_interconnect_hp0_imp_auto_pc_2_axi_data_fifo_v2_1_36_axic_fifo/design_1_axi_interconnect_hp0_imp_auto_pc_2_axi_data_fifo_v2_1_36_fifo_gen/<hidden>/<hidden>/<hidden>/<hidden>/<hidden>/<hidden>
    SLICE_X40Y44         FDPE                                         r  snn_integrated_top/design_1_wrapper/design_1/design_1_axi_interconnect_hp0_0/s02_couplers_imp_QSEXJZ/design_1_axi_interconnect_hp0_imp_auto_pc_2/design_1_axi_interconnect_hp0_imp_auto_pc_2_axi_protocol_converter_v2_1_37_axi_protocol_converter/design_1_axi_interconnect_hp0_imp_auto_pc_2_axi_protocol_converter_v2_1_37_axi3_conv/design_1_axi_interconnect_hp0_imp_auto_pc_2_axi_protocol_converter_v2_1_37_a_axi3_conv/design_1_axi_interconnect_hp0_imp_auto_pc_2_axi_data_fifo_v2_1_36_axic_fifo/design_1_axi_interconnect_hp0_imp_auto_pc_2_axi_data_fifo_v2_1_36_fifo_gen/<hidden>/<hidden>/<hidden>/<hidden>/<hidden>/<hidden>
  -------------------------------------------------------------------    -------------------
    SLICE_X40Y44         FDPE (Prop_fdpe_C_Q)         0.419     3.381 f  snn_integrated_top/design_1_wrapper/design_1/design_1_axi_interconnect_hp0_0/s02_couplers_imp_QSEXJZ/design_1_axi_interconnect_hp0_imp_auto_pc_2/design_1_axi_interconnect_hp0_imp_auto_pc_2_axi_protocol_converter_v2_1_37_axi_protocol_converter/design_1_axi_interconnect_hp0_imp_auto_pc_2_axi_protocol_converter_v2_1_37_axi3_conv/design_1_axi_interconnect_hp0_imp_auto_pc_2_axi_protocol_converter_v2_1_37_a_axi3_conv/design_1_axi_interconnect_hp0_imp_auto_pc_2_axi_data_fifo_v2_1_36_axic_fifo/design_1_axi_interconnect_hp0_imp_auto_pc_2_axi_data_fifo_v2_1_36_fifo_gen/<hidden>/<hidden>/<hidden>/<hidden>/<hidden>/<hidden>
                         net (fo=2, routed)           1.126     4.507    snn_integrated_top/design_1_wrapper/design_1/design_1_axi_interconnect_hp0_0/s02_couplers_imp_QSEXJZ/design_1_axi_interconnect_hp0_imp_auto_pc_2/design_1_axi_interconnect_hp0_imp_auto_pc_2_axi_protocol_converter_v2_1_37_axi_protocol_converter/design_1_axi_interconnect_hp0_imp_auto_pc_2_axi_protocol_converter_v2_1_37_axi3_conv/design_1_axi_interconnect_hp0_imp_auto_pc_2_axi_protocol_converter_v2_1_37_a_axi3_conv/design_1_axi_interconnect_hp0_imp_auto_pc_2_axi_data_fifo_v2_1_36_axic_fifo/design_1_axi_interconnect_hp0_imp_auto_pc_2_axi_data_fifo_v2_1_36_fifo_gen/<hidden>/<hidden>/<hidden>/<hidden>/<hidden>
    SLICE_X35Y44         LUT3 (Prop_lut3_I2_O)        0.299     4.806 f  snn_integrated_top/design_1_wrapper/design_1/design_1_axi_interconnect_hp0_0/s02_couplers_imp_QSEXJZ/design_1_axi_interconnect_hp0_imp_auto_pc_2/design_1_axi_interconnect_hp0_imp_auto_pc_2_axi_protocol_converter_v2_1_37_axi_protocol_converter/design_1_axi_interconnect_hp0_imp_auto_pc_2_axi_protocol_converter_v2_1_37_axi3_conv/design_1_axi_interconnect_hp0_imp_auto_pc_2_axi_protocol_converter_v2_1_37_a_axi3_conv/design_1_axi_interconnect_hp0_imp_auto_pc_2_axi_data_fifo_v2_1_36_axic_fifo/design_1_axi_interconnect_hp0_imp_auto_pc_2_axi_data_fifo_v2_1_36_fifo_gen/<hidden>/<hidden>/<hidden>/<hidden>/<hidden>
                         net (fo=33, routed)          1.525     6.331    snn_integrated_top/design_1_wrapper/design_1/design_1_axi_interconnect_hp0_0/s02_couplers_imp_QSEXJZ/design_1_axi_interconnect_hp0_imp_auto_pc_2/design_1_axi_interconnect_hp0_imp_auto_pc_2_axi_protocol_converter_v2_1_37_axi_protocol_converter/design_1_axi_interconnect_hp0_imp_auto_pc_2_axi_protocol_converter_v2_1_37_axi3_conv/design_1_axi_interconnect_hp0_imp_auto_pc_2_axi_protocol_converter_v2_1_37_a_axi3_conv/design_1_axi_interconnect_hp0_imp_auto_pc_2_axi_data_fifo_v2_1_36_axic_fifo/design_1_axi_interconnect_hp0_imp_auto_pc_2_axi_data_fifo_v2_1_36_fifo_gen/<hidden>/<hidden>/<hidden>/<hidden>/<hidden>/<hidden>
    SLICE_X25Y42         FDCE                                         f  snn_integrated_top/design_1_wrapper/design_1/design_1_axi_interconnect_hp0_0/s02_couplers_imp_QSEXJZ/design_1_axi_interconnect_hp0_imp_auto_pc_2/design_1_axi_interconnect_hp0_imp_auto_pc_2_axi_protocol_converter_v2_1_37_axi_protocol_converter/design_1_axi_interconnect_hp0_imp_auto_pc_2_axi_protocol_converter_v2_1_37_axi3_conv/design_1_axi_interconnect_hp0_imp_auto_pc_2_axi_protocol_converter_v2_1_37_a_axi3_conv/design_1_axi_interconnect_hp0_imp_auto_pc_2_axi_data_fifo_v2_1_36_axic_fifo/design_1_axi_interconnect_hp0_imp_auto_pc_2_axi_data_fifo_v2_1_36_fifo_gen/<hidden>/<hidden>/<hidden>/<hidden>/<hidden>/<hidden>
  -------------------------------------------------------------------    -------------------

                         (clock clk_fpga_0 rise edge)
                                                     10.000    10.000 r  
    PS7_X0Y0             PS7                          0.000    10.000 r  u_block_design/design_1_i/processing_system7_0/inst/PS7_i/FCLKCLK[0]
                         net (fo=1, routed)           1.088    11.088    u_block_design/design_1_i/processing_system7_0/inst/FCLK_CLK_unbuffered[0]
    BUFGCTRL_X0Y16       BUFG (Prop_bufg_I_O)         0.091    11.179 r  u_block_design/design_1_i/processing_system7_0/inst/buffer_fclk_clk_0.FCLK_CLK_0_BUFG/O
                         net (fo=16061, routed)       1.571    12.750    snn_integrated_top/design_1_wrapper/design_1/design_1_axi_interconnect_hp0_0/s02_couplers_imp_QSEXJZ/design_1_axi_interconnect_hp0_imp_auto_pc_2/design_1_axi_interconnect_hp0_imp_auto_pc_2_axi_protocol_converter_v2_1_37_axi_protocol_converter/design_1_axi_interconnect_hp0_imp_auto_pc_2_axi_protocol_converter_v2_1_37_axi3_conv/design_1_axi_interconnect_hp0_imp_auto_pc_2_axi_protocol_converter_v2_1_37_a_axi3_conv/design_1_axi_interconnect_hp0_imp_auto_pc_2_axi_data_fifo_v2_1_36_axic_fifo/design_1_axi_interconnect_hp0_imp_auto_pc_2_axi_data_fifo_v2_1_36_fifo_gen/<hidden>/<hidden>/<hidden>/<hidden>/<hidden>/<hidden>
    SLICE_X25Y42         FDCE                                         r  snn_integrated_top/design_1_wrapper/design_1/design_1_axi_interconnect_hp0_0/s02_couplers_imp_QSEXJZ/design_1_axi_interconnect_hp0_imp_auto_pc_2/design_1_axi_interconnect_hp0_imp_auto_pc_2_axi_protocol_converter_v2_1_37_axi_protocol_converter/design_1_axi_interconnect_hp0_imp_auto_pc_2_axi_protocol_converter_v2_1_37_axi3_conv/design_1_axi_interconnect_hp0_imp_auto_pc_2_axi_protocol_converter_v2_1_37_a_axi3_conv/design_1_axi_interconnect_hp0_imp_auto_pc_2_axi_data_fifo_v2_1_36_axic_fifo/design_1_axi_interconnect_hp0_imp_auto_pc_2_axi_data_fifo_v2_1_36_fifo_gen/<hidden>/<hidden>/<hidden>/<hidden>/<hidden>/<hidden>
                         clock pessimism              0.230    12.980    
                         clock uncertainty           -0.154    12.826    
    SLICE_X25Y42         FDCE (Recov_fdce_C_CLR)     -0.405    12.421    snn_integrated_top/design_1_wrapper/design_1/design_1_axi_interconnect_hp0_0/s02_couplers_imp_QSEXJZ/design_1_axi_interconnect_hp0_imp_auto_pc_2/design_1_axi_interconnect_hp0_imp_auto_pc_2_axi_protocol_converter_v2_1_37_axi_protocol_converter/design_1_axi_interconnect_hp0_imp_auto_pc_2_axi_protocol_converter_v2_1_37_axi3_conv/design_1_axi_interconnect_hp0_imp_auto_pc_2_axi_protocol_converter_v2_1_37_a_axi3_conv/design_1_axi_interconnect_hp0_imp_auto_pc_2_axi_data_fifo_v2_1_36_axic_fifo/design_1_axi_interconnect_hp0_imp_auto_pc_2_axi_data_fifo_v2_1_36_fifo_gen/<hidden>/<hidden>/<hidden>/<hidden>/<hidden>/<hidden>
  -------------------------------------------------------------------
                         required time                         12.421    
                         arrival time                          -6.331    
  -------------------------------------------------------------------
                         slack                                  6.090    

Slack (MET) :             6.090ns  (required time - arrival time)
  Source:                 snn_integrated_top/design_1_wrapper/design_1/design_1_axi_interconnect_hp0_0/s02_couplers_imp_QSEXJZ/design_1_axi_interconnect_hp0_imp_auto_pc_2/design_1_axi_interconnect_hp0_imp_auto_pc_2_axi_protocol_converter_v2_1_37_axi_protocol_converter/design_1_axi_interconnect_hp0_imp_auto_pc_2_axi_protocol_converter_v2_1_37_axi3_conv/design_1_axi_interconnect_hp0_imp_auto_pc_2_axi_protocol_converter_v2_1_37_a_axi3_conv/design_1_axi_interconnect_hp0_imp_auto_pc_2_axi_data_fifo_v2_1_36_axic_fifo/design_1_axi_interconnect_hp0_imp_auto_pc_2_axi_data_fifo_v2_1_36_fifo_gen/<hidden>/<hidden>/<hidden>/<hidden>/<hidden>/<hidden>
                            (rising edge-triggered cell FDPE clocked by clk_fpga_0  {rise@0.000ns fall@5.000ns period=10.000ns})
  Destination:            snn_integrated_top/design_1_wrapper/design_1/design_1_axi_interconnect_hp0_0/s02_couplers_imp_QSEXJZ/design_1_axi_interconnect_hp0_imp_auto_pc_2/design_1_axi_interconnect_hp0_imp_auto_pc_2_axi_protocol_converter_v2_1_37_axi_protocol_converter/design_1_axi_interconnect_hp0_imp_auto_pc_2_axi_protocol_converter_v2_1_37_axi3_conv/design_1_axi_interconnect_hp0_imp_auto_pc_2_axi_protocol_converter_v2_1_37_a_axi3_conv/design_1_axi_interconnect_hp0_imp_auto_pc_2_axi_data_fifo_v2_1_36_axic_fifo/design_1_axi_interconnect_hp0_imp_auto_pc_2_axi_data_fifo_v2_1_36_fifo_gen/<hidden>/<hidden>/<hidden>/<hidden>/<hidden>/<hidden>
                            (recovery check against rising-edge clock clk_fpga_0  {rise@0.000ns fall@5.000ns period=10.000ns})
  Path Group:             **async_default**
  Path Type:              Recovery (Max at Slow Process Corner)
  Requirement:            10.000ns  (clk_fpga_0 rise@10.000ns - clk_fpga_0 rise@0.000ns)
  Data Path Delay:        3.369ns  (logic 0.718ns (21.311%)  route 2.651ns (78.689%))
  Logic Levels:           1  (LUT3=1)
  Clock Path Skew:        0.018ns (DCD - SCD + CPR)
    Destination Clock Delay (DCD):    2.750ns = ( 12.750 - 10.000 ) 
    Source Clock Delay      (SCD):    2.962ns
    Clock Pessimism Removal (CPR):    0.230ns
  Clock Uncertainty:      0.154ns  ((TSJ^2 + TIJ^2)^1/2 + DJ) / 2 + PE
    Total System Jitter     (TSJ):    0.071ns
    Total Input Jitter      (TIJ):    0.300ns
    Discrete Jitter          (DJ):    0.000ns
    Phase Error              (PE):    0.000ns

    Location             Delay type                Incr(ns)  Path(ns)    Netlist Resource(s)
  -------------------------------------------------------------------    -------------------
                         (clock clk_fpga_0 rise edge)
                                                      0.000     0.000 r  
    PS7_X0Y0             PS7                          0.000     0.000 r  u_block_design/design_1_i/processing_system7_0/inst/PS7_i/FCLKCLK[0]
                         net (fo=1, routed)           1.193     1.193    u_block_design/design_1_i/processing_system7_0/inst/FCLK_CLK_unbuffered[0]
    BUFGCTRL_X0Y16       BUFG (Prop_bufg_I_O)         0.101     1.294 r  u_block_design/design_1_i/processing_system7_0/inst/buffer_fclk_clk_0.FCLK_CLK_0_BUFG/O
                         net (fo=16061, routed)       1.668     2.962    snn_integrated_top/design_1_wrapper/design_1/design_1_axi_interconnect_hp0_0/s02_couplers_imp_QSEXJZ/design_1_axi_interconnect_hp0_imp_auto_pc_2/design_1_axi_interconnect_hp0_imp_auto_pc_2_axi_protocol_converter_v2_1_37_axi_protocol_converter/design_1_axi_interconnect_hp0_imp_auto_pc_2_axi_protocol_converter_v2_1_37_axi3_conv/design_1_axi_interconnect_hp0_imp_auto_pc_2_axi_protocol_converter_v2_1_37_a_axi3_conv/design_1_axi_interconnect_hp0_imp_auto_pc_2_axi_data_fifo_v2_1_36_axic_fifo/design_1_axi_interconnect_hp0_imp_auto_pc_2_axi_data_fifo_v2_1_36_fifo_gen/<hidden>/<hidden>/<hidden>/<hidden>/<hidden>/<hidden>
    SLICE_X40Y44         FDPE                                         r  snn_integrated_top/design_1_wrapper/design_1/design_1_axi_interconnect_hp0_0/s02_couplers_imp_QSEXJZ/design_1_axi_interconnect_hp0_imp_auto_pc_2/design_1_axi_interconnect_hp0_imp_auto_pc_2_axi_protocol_converter_v2_1_37_axi_protocol_converter/design_1_axi_interconnect_hp0_imp_auto_pc_2_axi_protocol_converter_v2_1_37_axi3_conv/design_1_axi_interconnect_hp0_imp_auto_pc_2_axi_protocol_converter_v2_1_37_a_axi3_conv/design_1_axi_interconnect_hp0_imp_auto_pc_2_axi_data_fifo_v2_1_36_axic_fifo/design_1_axi_interconnect_hp0_imp_auto_pc_2_axi_data_fifo_v2_1_36_fifo_gen/<hidden>/<hidden>/<hidden>/<hidden>/<hidden>/<hidden>
  -------------------------------------------------------------------    -------------------
    SLICE_X40Y44         FDPE (Prop_fdpe_C_Q)         0.419     3.381 f  snn_integrated_top/design_1_wrapper/design_1/design_1_axi_interconnect_hp0_0/s02_couplers_imp_QSEXJZ/design_1_axi_interconnect_hp0_imp_auto_pc_2/design_1_axi_interconnect_hp0_imp_auto_pc_2_axi_protocol_converter_v2_1_37_axi_protocol_converter/design_1_axi_interconnect_hp0_imp_auto_pc_2_axi_protocol_converter_v2_1_37_axi3_conv/design_1_axi_interconnect_hp0_imp_auto_pc_2_axi_protocol_converter_v2_1_37_a_axi3_conv/design_1_axi_interconnect_hp0_imp_auto_pc_2_axi_data_fifo_v2_1_36_axic_fifo/design_1_axi_interconnect_hp0_imp_auto_pc_2_axi_data_fifo_v2_1_36_fifo_gen/<hidden>/<hidden>/<hidden>/<hidden>/<hidden>/<hidden>
                         net (fo=2, routed)           1.126     4.507    snn_integrated_top/design_1_wrapper/design_1/design_1_axi_interconnect_hp0_0/s02_couplers_imp_QSEXJZ/design_1_axi_interconnect_hp0_imp_auto_pc_2/design_1_axi_interconnect_hp0_imp_auto_pc_2_axi_protocol_converter_v2_1_37_axi_protocol_converter/design_1_axi_interconnect_hp0_imp_auto_pc_2_axi_protocol_converter_v2_1_37_axi3_conv/design_1_axi_interconnect_hp0_imp_auto_pc_2_axi_protocol_converter_v2_1_37_a_axi3_conv/design_1_axi_interconnect_hp0_imp_auto_pc_2_axi_data_fifo_v2_1_36_axic_fifo/design_1_axi_interconnect_hp0_imp_auto_pc_2_axi_data_fifo_v2_1_36_fifo_gen/<hidden>/<hidden>/<hidden>/<hidden>/<hidden>
    SLICE_X35Y44         LUT3 (Prop_lut3_I2_O)        0.299     4.806 f  snn_integrated_top/design_1_wrapper/design_1/design_1_axi_interconnect_hp0_0/s02_couplers_imp_QSEXJZ/design_1_axi_interconnect_hp0_imp_auto_pc_2/design_1_axi_interconnect_hp0_imp_auto_pc_2_axi_protocol_converter_v2_1_37_axi_protocol_converter/design_1_axi_interconnect_hp0_imp_auto_pc_2_axi_protocol_converter_v2_1_37_axi3_conv/design_1_axi_interconnect_hp0_imp_auto_pc_2_axi_protocol_converter_v2_1_37_a_axi3_conv/design_1_axi_interconnect_hp0_imp_auto_pc_2_axi_data_fifo_v2_1_36_axic_fifo/design_1_axi_interconnect_hp0_imp_auto_pc_2_axi_data_fifo_v2_1_36_fifo_gen/<hidden>/<hidden>/<hidden>/<hidden>/<hidden>
                         net (fo=33, routed)          1.525     6.331    snn_integrated_top/design_1_wrapper/design_1/design_1_axi_interconnect_hp0_0/s02_couplers_imp_QSEXJZ/design_1_axi_interconnect_hp0_imp_auto_pc_2/design_1_axi_interconnect_hp0_imp_auto_pc_2_axi_protocol_converter_v2_1_37_axi_protocol_converter/design_1_axi_interconnect_hp0_imp_auto_pc_2_axi_protocol_converter_v2_1_37_axi3_conv/design_1_axi_interconnect_hp0_imp_auto_pc_2_axi_protocol_converter_v2_1_37_a_axi3_conv/design_1_axi_interconnect_hp0_imp_auto_pc_2_axi_data_fifo_v2_1_36_axic_fifo/design_1_axi_interconnect_hp0_imp_auto_pc_2_axi_data_fifo_v2_1_36_fifo_gen/<hidden>/<hidden>/<hidden>/<hidden>/<hidden>/<hidden>
    SLICE_X25Y42         FDCE                                         f  snn_integrated_top/design_1_wrapper/design_1/design_1_axi_interconnect_hp0_0/s02_couplers_imp_QSEXJZ/design_1_axi_interconnect_hp0_imp_auto_pc_2/design_1_axi_interconnect_hp0_imp_auto_pc_2_axi_protocol_converter_v2_1_37_axi_protocol_converter/design_1_axi_interconnect_hp0_imp_auto_pc_2_axi_protocol_converter_v2_1_37_axi3_conv/design_1_axi_interconnect_hp0_imp_auto_pc_2_axi_protocol_converter_v2_1_37_a_axi3_conv/design_1_axi_interconnect_hp0_imp_auto_pc_2_axi_data_fifo_v2_1_36_axic_fifo/design_1_axi_interconnect_hp0_imp_auto_pc_2_axi_data_fifo_v2_1_36_fifo_gen/<hidden>/<hidden>/<hidden>/<hidden>/<hidden>/<hidden>
  -------------------------------------------------------------------    -------------------

                         (clock clk_fpga_0 rise edge)
                                                     10.000    10.000 r  
    PS7_X0Y0             PS7                          0.000    10.000 r  u_block_design/design_1_i/processing_system7_0/inst/PS7_i/FCLKCLK[0]
                         net (fo=1, routed)           1.088    11.088    u_block_design/design_1_i/processing_system7_0/inst/FCLK_CLK_unbuffered[0]
    BUFGCTRL_X0Y16       BUFG (Prop_bufg_I_O)         0.091    11.179 r  u_block_design/design_1_i/processing_system7_0/inst/buffer_fclk_clk_0.FCLK_CLK_0_BUFG/O
                         net (fo=16061, routed)       1.571    12.750    snn_integrated_top/design_1_wrapper/design_1/design_1_axi_interconnect_hp0_0/s02_couplers_imp_QSEXJZ/design_1_axi_interconnect_hp0_imp_auto_pc_2/design_1_axi_interconnect_hp0_imp_auto_pc_2_axi_protocol_converter_v2_1_37_axi_protocol_converter/design_1_axi_interconnect_hp0_imp_auto_pc_2_axi_protocol_converter_v2_1_37_axi3_conv/design_1_axi_interconnect_hp0_imp_auto_pc_2_axi_protocol_converter_v2_1_37_a_axi3_conv/design_1_axi_interconnect_hp0_imp_auto_pc_2_axi_data_fifo_v2_1_36_axic_fifo/design_1_axi_interconnect_hp0_imp_auto_pc_2_axi_data_fifo_v2_1_36_fifo_gen/<hidden>/<hidden>/<hidden>/<hidden>/<hidden>/<hidden>
    SLICE_X25Y42         FDCE                                         r  snn_integrated_top/design_1_wrapper/design_1/design_1_axi_interconnect_hp0_0/s02_couplers_imp_QSEXJZ/design_1_axi_interconnect_hp0_imp_auto_pc_2/design_1_axi_interconnect_hp0_imp_auto_pc_2_axi_protocol_converter_v2_1_37_axi_protocol_converter/design_1_axi_interconnect_hp0_imp_auto_pc_2_axi_protocol_converter_v2_1_37_axi3_conv/design_1_axi_interconnect_hp0_imp_auto_pc_2_axi_protocol_converter_v2_1_37_a_axi3_conv/design_1_axi_interconnect_hp0_imp_auto_pc_2_axi_data_fifo_v2_1_36_axic_fifo/design_1_axi_interconnect_hp0_imp_auto_pc_2_axi_data_fifo_v2_1_36_fifo_gen/<hidden>/<hidden>/<hidden>/<hidden>/<hidden>/<hidden>
                         clock pessimism              0.230    12.980    
                         clock uncertainty           -0.154    12.826    
    SLICE_X25Y42         FDCE (Recov_fdce_C_CLR)     -0.405    12.421    snn_integrated_top/design_1_wrapper/design_1/design_1_axi_interconnect_hp0_0/s02_couplers_imp_QSEXJZ/design_1_axi_interconnect_hp0_imp_auto_pc_2/design_1_axi_interconnect_hp0_imp_auto_pc_2_axi_protocol_converter_v2_1_37_axi_protocol_converter/design_1_axi_interconnect_hp0_imp_auto_pc_2_axi_protocol_converter_v2_1_37_axi3_conv/design_1_axi_interconnect_hp0_imp_auto_pc_2_axi_protocol_converter_v2_1_37_a_axi3_conv/design_1_axi_interconnect_hp0_imp_auto_pc_2_axi_data_fifo_v2_1_36_axic_fifo/design_1_axi_interconnect_hp0_imp_auto_pc_2_axi_data_fifo_v2_1_36_fifo_gen/<hidden>/<hidden>/<hidden>/<hidden>/<hidden>/<hidden>
  -------------------------------------------------------------------
                         required time                         12.421    
                         arrival time                          -6.331    
  -------------------------------------------------------------------
                         slack                                  6.090    

Slack (MET) :             6.090ns  (required time - arrival time)
  Source:                 snn_integrated_top/design_1_wrapper/design_1/design_1_axi_interconnect_hp0_0/s02_couplers_imp_QSEXJZ/design_1_axi_interconnect_hp0_imp_auto_pc_2/design_1_axi_interconnect_hp0_imp_auto_pc_2_axi_protocol_converter_v2_1_37_axi_protocol_converter/design_1_axi_interconnect_hp0_imp_auto_pc_2_axi_protocol_converter_v2_1_37_axi3_conv/design_1_axi_interconnect_hp0_imp_auto_pc_2_axi_protocol_converter_v2_1_37_a_axi3_conv/design_1_axi_interconnect_hp0_imp_auto_pc_2_axi_data_fifo_v2_1_36_axic_fifo/design_1_axi_interconnect_hp0_imp_auto_pc_2_axi_data_fifo_v2_1_36_fifo_gen/<hidden>/<hidden>/<hidden>/<hidden>/<hidden>/<hidden>
                            (rising edge-triggered cell FDPE clocked by clk_fpga_0  {rise@0.000ns fall@5.000ns period=10.000ns})
  Destination:            snn_integrated_top/design_1_wrapper/design_1/design_1_axi_interconnect_hp0_0/s02_couplers_imp_QSEXJZ/design_1_axi_interconnect_hp0_imp_auto_pc_2/design_1_axi_interconnect_hp0_imp_auto_pc_2_axi_protocol_converter_v2_1_37_axi_protocol_converter/design_1_axi_interconnect_hp0_imp_auto_pc_2_axi_protocol_converter_v2_1_37_axi3_conv/design_1_axi_interconnect_hp0_imp_auto_pc_2_axi_protocol_converter_v2_1_37_a_axi3_conv/design_1_axi_interconnect_hp0_imp_auto_pc_2_axi_data_fifo_v2_1_36_axic_fifo/design_1_axi_interconnect_hp0_imp_auto_pc_2_axi_data_fifo_v2_1_36_fifo_gen/<hidden>/<hidden>/<hidden>/<hidden>/<hidden>/<hidden>
                            (recovery check against rising-edge clock clk_fpga_0  {rise@0.000ns fall@5.000ns period=10.000ns})
  Path Group:             **async_default**
  Path Type:              Recovery (Max at Slow Process Corner)
  Requirement:            10.000ns  (clk_fpga_0 rise@10.000ns - clk_fpga_0 rise@0.000ns)
  Data Path Delay:        3.369ns  (logic 0.718ns (21.311%)  route 2.651ns (78.689%))
  Logic Levels:           1  (LUT3=1)
  Clock Path Skew:        0.018ns (DCD - SCD + CPR)
    Destination Clock Delay (DCD):    2.750ns = ( 12.750 - 10.000 ) 
    Source Clock Delay      (SCD):    2.962ns
    Clock Pessimism Removal (CPR):    0.230ns
  Clock Uncertainty:      0.154ns  ((TSJ^2 + TIJ^2)^1/2 + DJ) / 2 + PE
    Total System Jitter     (TSJ):    0.071ns
    Total Input Jitter      (TIJ):    0.300ns
    Discrete Jitter          (DJ):    0.000ns
    Phase Error              (PE):    0.000ns

    Location             Delay type                Incr(ns)  Path(ns)    Netlist Resource(s)
  -------------------------------------------------------------------    -------------------
                         (clock clk_fpga_0 rise edge)
                                                      0.000     0.000 r  
    PS7_X0Y0             PS7                          0.000     0.000 r  u_block_design/design_1_i/processing_system7_0/inst/PS7_i/FCLKCLK[0]
                         net (fo=1, routed)           1.193     1.193    u_block_design/design_1_i/processing_system7_0/inst/FCLK_CLK_unbuffered[0]
    BUFGCTRL_X0Y16       BUFG (Prop_bufg_I_O)         0.101     1.294 r  u_block_design/design_1_i/processing_system7_0/inst/buffer_fclk_clk_0.FCLK_CLK_0_BUFG/O
                         net (fo=16061, routed)       1.668     2.962    snn_integrated_top/design_1_wrapper/design_1/design_1_axi_interconnect_hp0_0/s02_couplers_imp_QSEXJZ/design_1_axi_interconnect_hp0_imp_auto_pc_2/design_1_axi_interconnect_hp0_imp_auto_pc_2_axi_protocol_converter_v2_1_37_axi_protocol_converter/design_1_axi_interconnect_hp0_imp_auto_pc_2_axi_protocol_converter_v2_1_37_axi3_conv/design_1_axi_interconnect_hp0_imp_auto_pc_2_axi_protocol_converter_v2_1_37_a_axi3_conv/design_1_axi_interconnect_hp0_imp_auto_pc_2_axi_data_fifo_v2_1_36_axic_fifo/design_1_axi_interconnect_hp0_imp_auto_pc_2_axi_data_fifo_v2_1_36_fifo_gen/<hidden>/<hidden>/<hidden>/<hidden>/<hidden>/<hidden>
    SLICE_X40Y44         FDPE                                         r  snn_integrated_top/design_1_wrapper/design_1/design_1_axi_interconnect_hp0_0/s02_couplers_imp_QSEXJZ/design_1_axi_interconnect_hp0_imp_auto_pc_2/design_1_axi_interconnect_hp0_imp_auto_pc_2_axi_protocol_converter_v2_1_37_axi_protocol_converter/design_1_axi_interconnect_hp0_imp_auto_pc_2_axi_protocol_converter_v2_1_37_axi3_conv/design_1_axi_interconnect_hp0_imp_auto_pc_2_axi_protocol_converter_v2_1_37_a_axi3_conv/design_1_axi_interconnect_hp0_imp_auto_pc_2_axi_data_fifo_v2_1_36_axic_fifo/design_1_axi_interconnect_hp0_imp_auto_pc_2_axi_data_fifo_v2_1_36_fifo_gen/<hidden>/<hidden>/<hidden>/<hidden>/<hidden>/<hidden>
  -------------------------------------------------------------------    -------------------
    SLICE_X40Y44         FDPE (Prop_fdpe_C_Q)         0.419     3.381 f  snn_integrated_top/design_1_wrapper/design_1/design_1_axi_interconnect_hp0_0/s02_couplers_imp_QSEXJZ/design_1_axi_interconnect_hp0_imp_auto_pc_2/design_1_axi_interconnect_hp0_imp_auto_pc_2_axi_protocol_converter_v2_1_37_axi_protocol_converter/design_1_axi_interconnect_hp0_imp_auto_pc_2_axi_protocol_converter_v2_1_37_axi3_conv/design_1_axi_interconnect_hp0_imp_auto_pc_2_axi_protocol_converter_v2_1_37_a_axi3_conv/design_1_axi_interconnect_hp0_imp_auto_pc_2_axi_data_fifo_v2_1_36_axic_fifo/design_1_axi_interconnect_hp0_imp_auto_pc_2_axi_data_fifo_v2_1_36_fifo_gen/<hidden>/<hidden>/<hidden>/<hidden>/<hidden>/<hidden>
                         net (fo=2, routed)           1.126     4.507    snn_integrated_top/design_1_wrapper/design_1/design_1_axi_interconnect_hp0_0/s02_couplers_imp_QSEXJZ/design_1_axi_interconnect_hp0_imp_auto_pc_2/design_1_axi_interconnect_hp0_imp_auto_pc_2_axi_protocol_converter_v2_1_37_axi_protocol_converter/design_1_axi_interconnect_hp0_imp_auto_pc_2_axi_protocol_converter_v2_1_37_axi3_conv/design_1_axi_interconnect_hp0_imp_auto_pc_2_axi_protocol_converter_v2_1_37_a_axi3_conv/design_1_axi_interconnect_hp0_imp_auto_pc_2_axi_data_fifo_v2_1_36_axic_fifo/design_1_axi_interconnect_hp0_imp_auto_pc_2_axi_data_fifo_v2_1_36_fifo_gen/<hidden>/<hidden>/<hidden>/<hidden>/<hidden>
    SLICE_X35Y44         LUT3 (Prop_lut3_I2_O)        0.299     4.806 f  snn_integrated_top/design_1_wrapper/design_1/design_1_axi_interconnect_hp0_0/s02_couplers_imp_QSEXJZ/design_1_axi_interconnect_hp0_imp_auto_pc_2/design_1_axi_interconnect_hp0_imp_auto_pc_2_axi_protocol_converter_v2_1_37_axi_protocol_converter/design_1_axi_interconnect_hp0_imp_auto_pc_2_axi_protocol_converter_v2_1_37_axi3_conv/design_1_axi_interconnect_hp0_imp_auto_pc_2_axi_protocol_converter_v2_1_37_a_axi3_conv/design_1_axi_interconnect_hp0_imp_auto_pc_2_axi_data_fifo_v2_1_36_axic_fifo/design_1_axi_interconnect_hp0_imp_auto_pc_2_axi_data_fifo_v2_1_36_fifo_gen/<hidden>/<hidden>/<hidden>/<hidden>/<hidden>
                         net (fo=33, routed)          1.525     6.331    snn_integrated_top/design_1_wrapper/design_1/design_1_axi_interconnect_hp0_0/s02_couplers_imp_QSEXJZ/design_1_axi_interconnect_hp0_imp_auto_pc_2/design_1_axi_interconnect_hp0_imp_auto_pc_2_axi_protocol_converter_v2_1_37_axi_protocol_converter/design_1_axi_interconnect_hp0_imp_auto_pc_2_axi_protocol_converter_v2_1_37_axi3_conv/design_1_axi_interconnect_hp0_imp_auto_pc_2_axi_protocol_converter_v2_1_37_a_axi3_conv/design_1_axi_interconnect_hp0_imp_auto_pc_2_axi_data_fifo_v2_1_36_axic_fifo/design_1_axi_interconnect_hp0_imp_auto_pc_2_axi_data_fifo_v2_1_36_fifo_gen/<hidden>/<hidden>/<hidden>/<hidden>/<hidden>/<hidden>
    SLICE_X25Y42         FDCE                                         f  snn_integrated_top/design_1_wrapper/design_1/design_1_axi_interconnect_hp0_0/s02_couplers_imp_QSEXJZ/design_1_axi_interconnect_hp0_imp_auto_pc_2/design_1_axi_interconnect_hp0_imp_auto_pc_2_axi_protocol_converter_v2_1_37_axi_protocol_converter/design_1_axi_interconnect_hp0_imp_auto_pc_2_axi_protocol_converter_v2_1_37_axi3_conv/design_1_axi_interconnect_hp0_imp_auto_pc_2_axi_protocol_converter_v2_1_37_a_axi3_conv/design_1_axi_interconnect_hp0_imp_auto_pc_2_axi_data_fifo_v2_1_36_axic_fifo/design_1_axi_interconnect_hp0_imp_auto_pc_2_axi_data_fifo_v2_1_36_fifo_gen/<hidden>/<hidden>/<hidden>/<hidden>/<hidden>/<hidden>
  -------------------------------------------------------------------    -------------------

                         (clock clk_fpga_0 rise edge)
                                                     10.000    10.000 r  
    PS7_X0Y0             PS7                          0.000    10.000 r  u_block_design/design_1_i/processing_system7_0/inst/PS7_i/FCLKCLK[0]
                         net (fo=1, routed)           1.088    11.088    u_block_design/design_1_i/processing_system7_0/inst/FCLK_CLK_unbuffered[0]
    BUFGCTRL_X0Y16       BUFG (Prop_bufg_I_O)         0.091    11.179 r  u_block_design/design_1_i/processing_system7_0/inst/buffer_fclk_clk_0.FCLK_CLK_0_BUFG/O
                         net (fo=16061, routed)       1.571    12.750    snn_integrated_top/design_1_wrapper/design_1/design_1_axi_interconnect_hp0_0/s02_couplers_imp_QSEXJZ/design_1_axi_interconnect_hp0_imp_auto_pc_2/design_1_axi_interconnect_hp0_imp_auto_pc_2_axi_protocol_converter_v2_1_37_axi_protocol_converter/design_1_axi_interconnect_hp0_imp_auto_pc_2_axi_protocol_converter_v2_1_37_axi3_conv/design_1_axi_interconnect_hp0_imp_auto_pc_2_axi_protocol_converter_v2_1_37_a_axi3_conv/design_1_axi_interconnect_hp0_imp_auto_pc_2_axi_data_fifo_v2_1_36_axic_fifo/design_1_axi_interconnect_hp0_imp_auto_pc_2_axi_data_fifo_v2_1_36_fifo_gen/<hidden>/<hidden>/<hidden>/<hidden>/<hidden>/<hidden>
    SLICE_X25Y42         FDCE                                         r  snn_integrated_top/design_1_wrapper/design_1/design_1_axi_interconnect_hp0_0/s02_couplers_imp_QSEXJZ/design_1_axi_interconnect_hp0_imp_auto_pc_2/design_1_axi_interconnect_hp0_imp_auto_pc_2_axi_protocol_converter_v2_1_37_axi_protocol_converter/design_1_axi_interconnect_hp0_imp_auto_pc_2_axi_protocol_converter_v2_1_37_axi3_conv/design_1_axi_interconnect_hp0_imp_auto_pc_2_axi_protocol_converter_v2_1_37_a_axi3_conv/design_1_axi_interconnect_hp0_imp_auto_pc_2_axi_data_fifo_v2_1_36_axic_fifo/design_1_axi_interconnect_hp0_imp_auto_pc_2_axi_data_fifo_v2_1_36_fifo_gen/<hidden>/<hidden>/<hidden>/<hidden>/<hidden>/<hidden>
                         clock pessimism              0.230    12.980    
                         clock uncertainty           -0.154    12.826    
    SLICE_X25Y42         FDCE (Recov_fdce_C_CLR)     -0.405    12.421    snn_integrated_top/design_1_wrapper/design_1/design_1_axi_interconnect_hp0_0/s02_couplers_imp_QSEXJZ/design_1_axi_interconnect_hp0_imp_auto_pc_2/design_1_axi_interconnect_hp0_imp_auto_pc_2_axi_protocol_converter_v2_1_37_axi_protocol_converter/design_1_axi_interconnect_hp0_imp_auto_pc_2_axi_protocol_converter_v2_1_37_axi3_conv/design_1_axi_interconnect_hp0_imp_auto_pc_2_axi_protocol_converter_v2_1_37_a_axi3_conv/design_1_axi_interconnect_hp0_imp_auto_pc_2_axi_data_fifo_v2_1_36_axic_fifo/design_1_axi_interconnect_hp0_imp_auto_pc_2_axi_data_fifo_v2_1_36_fifo_gen/<hidden>/<hidden>/<hidden>/<hidden>/<hidden>/<hidden>
  -------------------------------------------------------------------
                         required time                         12.421    
                         arrival time                          -6.331    
  -------------------------------------------------------------------
                         slack                                  6.090    





Min Delay Paths
--------------------------------------------------------------------------------------
Slack (MET) :             0.590ns  (arrival time - required time)
  Source:                 snn_integrated_top/design_1_wrapper/design_1/design_1_axi_interconnect_hp0_0/s03_couplers_imp_13X28CE/design_1_axi_interconnect_hp0_imp_auto_pc_3/design_1_axi_interconnect_hp0_imp_auto_pc_3_axi_protocol_converter_v2_1_37_axi_protocol_converter/design_1_axi_interconnect_hp0_imp_auto_pc_3_axi_protocol_converter_v2_1_37_axi3_conv/design_1_axi_interconnect_hp0_imp_auto_pc_3_axi_protocol_converter_v2_1_37_a_axi3_conv/design_1_axi_interconnect_hp0_imp_auto_pc_3_axi_data_fifo_v2_1_36_axic_fifo_0/design_1_axi_interconnect_hp0_imp_auto_pc_3_axi_data_fifo_v2_1_36_fifo_gen/<hidden>/<hidden>/<hidden>/<hidden>/<hidden>
                            (rising edge-triggered cell FDRE clocked by clk_fpga_0  {rise@0.000ns fall@5.000ns period=10.000ns})
  Destination:            snn_integrated_top/design_1_wrapper/design_1/design_1_axi_interconnect_hp0_0/s03_couplers_imp_13X28CE/design_1_axi_interconnect_hp0_imp_auto_pc_3/design_1_axi_interconnect_hp0_imp_auto_pc_3_axi_protocol_converter_v2_1_37_axi_protocol_converter/design_1_axi_interconnect_hp0_imp_auto_pc_3_axi_protocol_converter_v2_1_37_axi3_conv/design_1_axi_interconnect_hp0_imp_auto_pc_3_axi_protocol_converter_v2_1_37_a_axi3_conv/design_1_axi_interconnect_hp0_imp_auto_pc_3_axi_data_fifo_v2_1_36_axic_fifo_0/design_1_axi_interconnect_hp0_imp_auto_pc_3_axi_data_fifo_v2_1_36_fifo_gen/<hidden>/<hidden>/<hidden>/<hidden>/<hidden>/<hidden>
                            (removal check against rising-edge clock clk_fpga_0  {rise@0.000ns fall@5.000ns period=10.000ns})
  Path Group:             **async_default**
  Path Type:              Removal (Min at Fast Process Corner)
  Requirement:            0.000ns  (clk_fpga_0 rise@0.000ns - clk_fpga_0 rise@0.000ns)
  Data Path Delay:        0.532ns  (logic 0.186ns (34.986%)  route 0.346ns (65.014%))
  Logic Levels:           1  (LUT3=1)
  Clock Path Skew:        0.034ns (DCD - SCD - CPR)
    Destination Clock Delay (DCD):    1.210ns
    Source Clock Delay      (SCD):    0.912ns
    Clock Pessimism Removal (CPR):    0.264ns

    Location             Delay type                Incr(ns)  Path(ns)    Netlist Resource(s)
  -------------------------------------------------------------------    -------------------
                         (clock clk_fpga_0 rise edge)
                                                      0.000     0.000 r  
    PS7_X0Y0             PS7                          0.000     0.000 r  u_block_design/design_1_i/processing_system7_0/inst/PS7_i/FCLKCLK[0]
                         net (fo=1, routed)           0.310     0.310    u_block_design/design_1_i/processing_system7_0/inst/FCLK_CLK_unbuffered[0]
    BUFGCTRL_X0Y16       BUFG (Prop_bufg_I_O)         0.026     0.336 r  u_block_design/design_1_i/processing_system7_0/inst/buffer_fclk_clk_0.FCLK_CLK_0_BUFG/O
                         net (fo=16061, routed)       0.576     0.912    snn_integrated_top/design_1_wrapper/design_1/design_1_axi_interconnect_hp0_0/s03_couplers_imp_13X28CE/design_1_axi_interconnect_hp0_imp_auto_pc_3/design_1_axi_interconnect_hp0_imp_auto_pc_3_axi_protocol_converter_v2_1_37_axi_protocol_converter/design_1_axi_interconnect_hp0_imp_auto_pc_3_axi_protocol_converter_v2_1_37_axi3_conv/design_1_axi_interconnect_hp0_imp_auto_pc_3_axi_protocol_converter_v2_1_37_a_axi3_conv/design_1_axi_interconnect_hp0_imp_auto_pc_3_axi_data_fifo_v2_1_36_axic_fifo_0/design_1_axi_interconnect_hp0_imp_auto_pc_3_axi_data_fifo_v2_1_36_fifo_gen/<hidden>/<hidden>/<hidden>/<hidden>/<hidden>
    SLICE_X57Y58         FDRE                                         r  snn_integrated_top/design_1_wrapper/design_1/design_1_axi_interconnect_hp0_0/s03_couplers_imp_13X28CE/design_1_axi_interconnect_hp0_imp_auto_pc_3/design_1_axi_interconnect_hp0_imp_auto_pc_3_axi_protocol_converter_v2_1_37_axi_protocol_converter/design_1_axi_interconnect_hp0_imp_auto_pc_3_axi_protocol_converter_v2_1_37_axi3_conv/design_1_axi_interconnect_hp0_imp_auto_pc_3_axi_protocol_converter_v2_1_37_a_axi3_conv/design_1_axi_interconnect_hp0_imp_auto_pc_3_axi_data_fifo_v2_1_36_axic_fifo_0/design_1_axi_interconnect_hp0_imp_auto_pc_3_axi_data_fifo_v2_1_36_fifo_gen/<hidden>/<hidden>/<hidden>/<hidden>/<hidden>
  -------------------------------------------------------------------    -------------------
    SLICE_X57Y58         FDRE (Prop_fdre_C_Q)         0.141     1.053 f  snn_integrated_top/design_1_wrapper/design_1/design_1_axi_interconnect_hp0_0/s03_couplers_imp_13X28CE/design_1_axi_interconnect_hp0_imp_auto_pc_3/design_1_axi_interconnect_hp0_imp_auto_pc_3_axi_protocol_converter_v2_1_37_axi_protocol_converter/design_1_axi_interconnect_hp0_imp_auto_pc_3_axi_protocol_converter_v2_1_37_axi3_conv/design_1_axi_interconnect_hp0_imp_auto_pc_3_axi_protocol_converter_v2_1_37_a_axi3_conv/design_1_axi_interconnect_hp0_imp_auto_pc_3_axi_data_fifo_v2_1_36_axic_fifo_0/design_1_axi_interconnect_hp0_imp_auto_pc_3_axi_data_fifo_v2_1_36_fifo_gen/<hidden>/<hidden>/<hidden>/<hidden>/<hidden>
                         net (fo=3, routed)           0.145     1.198    snn_integrated_top/design_1_wrapper/design_1/design_1_axi_interconnect_hp0_0/s03_couplers_imp_13X28CE/design_1_axi_interconnect_hp0_imp_auto_pc_3/design_1_axi_interconnect_hp0_imp_auto_pc_3_axi_protocol_converter_v2_1_37_axi_protocol_converter/design_1_axi_interconnect_hp0_imp_auto_pc_3_axi_protocol_converter_v2_1_37_axi3_conv/design_1_axi_interconnect_hp0_imp_auto_pc_3_axi_protocol_converter_v2_1_37_a_axi3_conv/design_1_axi_interconnect_hp0_imp_auto_pc_3_axi_data_fifo_v2_1_36_axic_fifo_0/design_1_axi_interconnect_hp0_imp_auto_pc_3_axi_data_fifo_v2_1_36_fifo_gen/<hidden>/<hidden>/<hidden>/<hidden>/<hidden>
    SLICE_X57Y58         LUT3 (Prop_lut3_I1_O)        0.045     1.243 f  snn_integrated_top/design_1_wrapper/design_1/design_1_axi_interconnect_hp0_0/s03_couplers_imp_13X28CE/design_1_axi_interconnect_hp0_imp_auto_pc_3/design_1_axi_interconnect_hp0_imp_auto_pc_3_axi_protocol_converter_v2_1_37_axi_protocol_converter/design_1_axi_interconnect_hp0_imp_auto_pc_3_axi_protocol_converter_v2_1_37_axi3_conv/design_1_axi_interconnect_hp0_imp_auto_pc_3_axi_protocol_converter_v2_1_37_a_axi3_conv/design_1_axi_interconnect_hp0_imp_auto_pc_3_axi_data_fifo_v2_1_36_axic_fifo_0/design_1_axi_interconnect_hp0_imp_auto_pc_3_axi_data_fifo_v2_1_36_fifo_gen/<hidden>/<hidden>/<hidden>/<hidden>/<hidden>
                         net (fo=32, routed)          0.201     1.443    snn_integrated_top/design_1_wrapper/design_1/design_1_axi_interconnect_hp0_0/s03_couplers_imp_13X28CE/design_1_axi_interconnect_hp0_imp_auto_pc_3/design_1_axi_interconnect_hp0_imp_auto_pc_3_axi_protocol_converter_v2_1_37_axi_protocol_converter/design_1_axi_interconnect_hp0_imp_auto_pc_3_axi_protocol_converter_v2_1_37_axi3_conv/design_1_axi_interconnect_hp0_imp_auto_pc_3_axi_protocol_converter_v2_1_37_a_axi3_conv/design_1_axi_interconnect_hp0_imp_auto_pc_3_axi_data_fifo_v2_1_36_axic_fifo_0/design_1_axi_interconnect_hp0_imp_auto_pc_3_axi_data_fifo_v2_1_36_fifo_gen/<hidden>/<hidden>/<hidden>/<hidden>/<hidden>/<hidden>
    SLICE_X55Y57         FDCE                                         f  snn_integrated_top/design_1_wrapper/design_1/design_1_axi_interconnect_hp0_0/s03_couplers_imp_13X28CE/design_1_axi_interconnect_hp0_imp_auto_pc_3/design_1_axi_interconnect_hp0_imp_auto_pc_3_axi_protocol_converter_v2_1_37_axi_protocol_converter/design_1_axi_interconnect_hp0_imp_auto_pc_3_axi_protocol_converter_v2_1_37_axi3_conv/design_1_axi_interconnect_hp0_imp_auto_pc_3_axi_protocol_converter_v2_1_37_a_axi3_conv/design_1_axi_interconnect_hp0_imp_auto_pc_3_axi_data_fifo_v2_1_36_axic_fifo_0/design_1_axi_interconnect_hp0_imp_auto_pc_3_axi_data_fifo_v2_1_36_fifo_gen/<hidden>/<hidden>/<hidden>/<hidden>/<hidden>/<hidden>
  -------------------------------------------------------------------    -------------------

                         (clock clk_fpga_0 rise edge)
                                                      0.000     0.000 r  
    PS7_X0Y0             PS7                          0.000     0.000 r  u_block_design/design_1_i/processing_system7_0/inst/PS7_i/FCLKCLK[0]
                         net (fo=1, routed)           0.337     0.337    u_block_design/design_1_i/processing_system7_0/inst/FCLK_CLK_unbuffered[0]
    BUFGCTRL_X0Y16       BUFG (Prop_bufg_I_O)         0.029     0.366 r  u_block_design/design_1_i/processing_system7_0/inst/buffer_fclk_clk_0.FCLK_CLK_0_BUFG/O
                         net (fo=16061, routed)       0.844     1.210    snn_integrated_top/design_1_wrapper/design_1/design_1_axi_interconnect_hp0_0/s03_couplers_imp_13X28CE/design_1_axi_interconnect_hp0_imp_auto_pc_3/design_1_axi_interconnect_hp0_imp_auto_pc_3_axi_protocol_converter_v2_1_37_axi_protocol_converter/design_1_axi_interconnect_hp0_imp_auto_pc_3_axi_protocol_converter_v2_1_37_axi3_conv/design_1_axi_interconnect_hp0_imp_auto_pc_3_axi_protocol_converter_v2_1_37_a_axi3_conv/design_1_axi_interconnect_hp0_imp_auto_pc_3_axi_data_fifo_v2_1_36_axic_fifo_0/design_1_axi_interconnect_hp0_imp_auto_pc_3_axi_data_fifo_v2_1_36_fifo_gen/<hidden>/<hidden>/<hidden>/<hidden>/<hidden>/<hidden>
    SLICE_X55Y57         FDCE                                         r  snn_integrated_top/design_1_wrapper/design_1/design_1_axi_interconnect_hp0_0/s03_couplers_imp_13X28CE/design_1_axi_interconnect_hp0_imp_auto_pc_3/design_1_axi_interconnect_hp0_imp_auto_pc_3_axi_protocol_converter_v2_1_37_axi_protocol_converter/design_1_axi_interconnect_hp0_imp_auto_pc_3_axi_protocol_converter_v2_1_37_axi3_conv/design_1_axi_interconnect_hp0_imp_auto_pc_3_axi_protocol_converter_v2_1_37_a_axi3_conv/design_1_axi_interconnect_hp0_imp_auto_pc_3_axi_data_fifo_v2_1_36_axic_fifo_0/design_1_axi_interconnect_hp0_imp_auto_pc_3_axi_data_fifo_v2_1_36_fifo_gen/<hidden>/<hidden>/<hidden>/<hidden>/<hidden>/<hidden>
                         clock pessimism             -0.264     0.946    
    SLICE_X55Y57         FDCE (Remov_fdce_C_CLR)     -0.092     0.854    snn_integrated_top/design_1_wrapper/design_1/design_1_axi_interconnect_hp0_0/s03_couplers_imp_13X28CE/design_1_axi_interconnect_hp0_imp_auto_pc_3/design_1_axi_interconnect_hp0_imp_auto_pc_3_axi_protocol_converter_v2_1_37_axi_protocol_converter/design_1_axi_interconnect_hp0_imp_auto_pc_3_axi_protocol_converter_v2_1_37_axi3_conv/design_1_axi_interconnect_hp0_imp_auto_pc_3_axi_protocol_converter_v2_1_37_a_axi3_conv/design_1_axi_interconnect_hp0_imp_auto_pc_3_axi_data_fifo_v2_1_36_axic_fifo_0/design_1_axi_interconnect_hp0_imp_auto_pc_3_axi_data_fifo_v2_1_36_fifo_gen/<hidden>/<hidden>/<hidden>/<hidden>/<hidden>/<hidden>
  -------------------------------------------------------------------
                         required time                         -0.854    
                         arrival time                           1.443    
  -------------------------------------------------------------------
                         slack                                  0.590    

Slack (MET) :             0.590ns  (arrival time - required time)
  Source:                 snn_integrated_top/design_1_wrapper/design_1/design_1_axi_interconnect_hp0_0/s03_couplers_imp_13X28CE/design_1_axi_interconnect_hp0_imp_auto_pc_3/design_1_axi_interconnect_hp0_imp_auto_pc_3_axi_protocol_converter_v2_1_37_axi_protocol_converter/design_1_axi_interconnect_hp0_imp_auto_pc_3_axi_protocol_converter_v2_1_37_axi3_conv/design_1_axi_interconnect_hp0_imp_auto_pc_3_axi_protocol_converter_v2_1_37_a_axi3_conv/design_1_axi_interconnect_hp0_imp_auto_pc_3_axi_data_fifo_v2_1_36_axic_fifo_0/design_1_axi_interconnect_hp0_imp_auto_pc_3_axi_data_fifo_v2_1_36_fifo_gen/<hidden>/<hidden>/<hidden>/<hidden>/<hidden>
                            (rising edge-triggered cell FDRE clocked by clk_fpga_0  {rise@0.000ns fall@5.000ns period=10.000ns})
  Destination:            snn_integrated_top/design_1_wrapper/design_1/design_1_axi_interconnect_hp0_0/s03_couplers_imp_13X28CE/design_1_axi_interconnect_hp0_imp_auto_pc_3/design_1_axi_interconnect_hp0_imp_auto_pc_3_axi_protocol_converter_v2_1_37_axi_protocol_converter/design_1_axi_interconnect_hp0_imp_auto_pc_3_axi_protocol_converter_v2_1_37_axi3_conv/design_1_axi_interconnect_hp0_imp_auto_pc_3_axi_protocol_converter_v2_1_37_a_axi3_conv/design_1_axi_interconnect_hp0_imp_auto_pc_3_axi_data_fifo_v2_1_36_axic_fifo_0/design_1_axi_interconnect_hp0_imp_auto_pc_3_axi_data_fifo_v2_1_36_fifo_gen/<hidden>/<hidden>/<hidden>/<hidden>/<hidden>/<hidden>
                            (removal check against rising-edge clock clk_fpga_0  {rise@0.000ns fall@5.000ns period=10.000ns})
  Path Group:             **async_default**
  Path Type:              Removal (Min at Fast Process Corner)
  Requirement:            0.000ns  (clk_fpga_0 rise@0.000ns - clk_fpga_0 rise@0.000ns)
  Data Path Delay:        0.532ns  (logic 0.186ns (34.986%)  route 0.346ns (65.014%))
  Logic Levels:           1  (LUT3=1)
  Clock Path Skew:        0.034ns (DCD - SCD - CPR)
    Destination Clock Delay (DCD):    1.210ns
    Source Clock Delay      (SCD):    0.912ns
    Clock Pessimism Removal (CPR):    0.264ns

    Location             Delay type                Incr(ns)  Path(ns)    Netlist Resource(s)
  -------------------------------------------------------------------    -------------------
                         (clock clk_fpga_0 rise edge)
                                                      0.000     0.000 r  
    PS7_X0Y0             PS7                          0.000     0.000 r  u_block_design/design_1_i/processing_system7_0/inst/PS7_i/FCLKCLK[0]
                         net (fo=1, routed)           0.310     0.310    u_block_design/design_1_i/processing_system7_0/inst/FCLK_CLK_unbuffered[0]
    BUFGCTRL_X0Y16       BUFG (Prop_bufg_I_O)         0.026     0.336 r  u_block_design/design_1_i/processing_system7_0/inst/buffer_fclk_clk_0.FCLK_CLK_0_BUFG/O
                         net (fo=16061, routed)       0.576     0.912    snn_integrated_top/design_1_wrapper/design_1/design_1_axi_interconnect_hp0_0/s03_couplers_imp_13X28CE/design_1_axi_interconnect_hp0_imp_auto_pc_3/design_1_axi_interconnect_hp0_imp_auto_pc_3_axi_protocol_converter_v2_1_37_axi_protocol_converter/design_1_axi_interconnect_hp0_imp_auto_pc_3_axi_protocol_converter_v2_1_37_axi3_conv/design_1_axi_interconnect_hp0_imp_auto_pc_3_axi_protocol_converter_v2_1_37_a_axi3_conv/design_1_axi_interconnect_hp0_imp_auto_pc_3_axi_data_fifo_v2_1_36_axic_fifo_0/design_1_axi_interconnect_hp0_imp_auto_pc_3_axi_data_fifo_v2_1_36_fifo_gen/<hidden>/<hidden>/<hidden>/<hidden>/<hidden>
    SLICE_X57Y58         FDRE                                         r  snn_integrated_top/design_1_wrapper/design_1/design_1_axi_interconnect_hp0_0/s03_couplers_imp_13X28CE/design_1_axi_interconnect_hp0_imp_auto_pc_3/design_1_axi_interconnect_hp0_imp_auto_pc_3_axi_protocol_converter_v2_1_37_axi_protocol_converter/design_1_axi_interconnect_hp0_imp_auto_pc_3_axi_protocol_converter_v2_1_37_axi3_conv/design_1_axi_interconnect_hp0_imp_auto_pc_3_axi_protocol_converter_v2_1_37_a_axi3_conv/design_1_axi_interconnect_hp0_imp_auto_pc_3_axi_data_fifo_v2_1_36_axic_fifo_0/design_1_axi_interconnect_hp0_imp_auto_pc_3_axi_data_fifo_v2_1_36_fifo_gen/<hidden>/<hidden>/<hidden>/<hidden>/<hidden>
  -------------------------------------------------------------------    -------------------
    SLICE_X57Y58         FDRE (Prop_fdre_C_Q)         0.141     1.053 f  snn_integrated_top/design_1_wrapper/design_1/design_1_axi_interconnect_hp0_0/s03_couplers_imp_13X28CE/design_1_axi_interconnect_hp0_imp_auto_pc_3/design_1_axi_interconnect_hp0_imp_auto_pc_3_axi_protocol_converter_v2_1_37_axi_protocol_converter/design_1_axi_interconnect_hp0_imp_auto_pc_3_axi_protocol_converter_v2_1_37_axi3_conv/design_1_axi_interconnect_hp0_imp_auto_pc_3_axi_protocol_converter_v2_1_37_a_axi3_conv/design_1_axi_interconnect_hp0_imp_auto_pc_3_axi_data_fifo_v2_1_36_axic_fifo_0/design_1_axi_interconnect_hp0_imp_auto_pc_3_axi_data_fifo_v2_1_36_fifo_gen/<hidden>/<hidden>/<hidden>/<hidden>/<hidden>
                         net (fo=3, routed)           0.145     1.198    snn_integrated_top/design_1_wrapper/design_1/design_1_axi_interconnect_hp0_0/s03_couplers_imp_13X28CE/design_1_axi_interconnect_hp0_imp_auto_pc_3/design_1_axi_interconnect_hp0_imp_auto_pc_3_axi_protocol_converter_v2_1_37_axi_protocol_converter/design_1_axi_interconnect_hp0_imp_auto_pc_3_axi_protocol_converter_v2_1_37_axi3_conv/design_1_axi_interconnect_hp0_imp_auto_pc_3_axi_protocol_converter_v2_1_37_a_axi3_conv/design_1_axi_interconnect_hp0_imp_auto_pc_3_axi_data_fifo_v2_1_36_axic_fifo_0/design_1_axi_interconnect_hp0_imp_auto_pc_3_axi_data_fifo_v2_1_36_fifo_gen/<hidden>/<hidden>/<hidden>/<hidden>/<hidden>
    SLICE_X57Y58         LUT3 (Prop_lut3_I1_O)        0.045     1.243 f  snn_integrated_top/design_1_wrapper/design_1/design_1_axi_interconnect_hp0_0/s03_couplers_imp_13X28CE/design_1_axi_interconnect_hp0_imp_auto_pc_3/design_1_axi_interconnect_hp0_imp_auto_pc_3_axi_protocol_converter_v2_1_37_axi_protocol_converter/design_1_axi_interconnect_hp0_imp_auto_pc_3_axi_protocol_converter_v2_1_37_axi3_conv/design_1_axi_interconnect_hp0_imp_auto_pc_3_axi_protocol_converter_v2_1_37_a_axi3_conv/design_1_axi_interconnect_hp0_imp_auto_pc_3_axi_data_fifo_v2_1_36_axic_fifo_0/design_1_axi_interconnect_hp0_imp_auto_pc_3_axi_data_fifo_v2_1_36_fifo_gen/<hidden>/<hidden>/<hidden>/<hidden>/<hidden>
                         net (fo=32, routed)          0.201     1.443    snn_integrated_top/design_1_wrapper/design_1/design_1_axi_interconnect_hp0_0/s03_couplers_imp_13X28CE/design_1_axi_interconnect_hp0_imp_auto_pc_3/design_1_axi_interconnect_hp0_imp_auto_pc_3_axi_protocol_converter_v2_1_37_axi_protocol_converter/design_1_axi_interconnect_hp0_imp_auto_pc_3_axi_protocol_converter_v2_1_37_axi3_conv/design_1_axi_interconnect_hp0_imp_auto_pc_3_axi_protocol_converter_v2_1_37_a_axi3_conv/design_1_axi_interconnect_hp0_imp_auto_pc_3_axi_data_fifo_v2_1_36_axic_fifo_0/design_1_axi_interconnect_hp0_imp_auto_pc_3_axi_data_fifo_v2_1_36_fifo_gen/<hidden>/<hidden>/<hidden>/<hidden>/<hidden>/<hidden>
    SLICE_X55Y57         FDCE                                         f  snn_integrated_top/design_1_wrapper/design_1/design_1_axi_interconnect_hp0_0/s03_couplers_imp_13X28CE/design_1_axi_interconnect_hp0_imp_auto_pc_3/design_1_axi_interconnect_hp0_imp_auto_pc_3_axi_protocol_converter_v2_1_37_axi_protocol_converter/design_1_axi_interconnect_hp0_imp_auto_pc_3_axi_protocol_converter_v2_1_37_axi3_conv/design_1_axi_interconnect_hp0_imp_auto_pc_3_axi_protocol_converter_v2_1_37_a_axi3_conv/design_1_axi_interconnect_hp0_imp_auto_pc_3_axi_data_fifo_v2_1_36_axic_fifo_0/design_1_axi_interconnect_hp0_imp_auto_pc_3_axi_data_fifo_v2_1_36_fifo_gen/<hidden>/<hidden>/<hidden>/<hidden>/<hidden>/<hidden>
  -------------------------------------------------------------------    -------------------

                         (clock clk_fpga_0 rise edge)
                                                      0.000     0.000 r  
    PS7_X0Y0             PS7                          0.000     0.000 r  u_block_design/design_1_i/processing_system7_0/inst/PS7_i/FCLKCLK[0]
                         net (fo=1, routed)           0.337     0.337    u_block_design/design_1_i/processing_system7_0/inst/FCLK_CLK_unbuffered[0]
    BUFGCTRL_X0Y16       BUFG (Prop_bufg_I_O)         0.029     0.366 r  u_block_design/design_1_i/processing_system7_0/inst/buffer_fclk_clk_0.FCLK_CLK_0_BUFG/O
                         net (fo=16061, routed)       0.844     1.210    snn_integrated_top/design_1_wrapper/design_1/design_1_axi_interconnect_hp0_0/s03_couplers_imp_13X28CE/design_1_axi_interconnect_hp0_imp_auto_pc_3/design_1_axi_interconnect_hp0_imp_auto_pc_3_axi_protocol_converter_v2_1_37_axi_protocol_converter/design_1_axi_interconnect_hp0_imp_auto_pc_3_axi_protocol_converter_v2_1_37_axi3_conv/design_1_axi_interconnect_hp0_imp_auto_pc_3_axi_protocol_converter_v2_1_37_a_axi3_conv/design_1_axi_interconnect_hp0_imp_auto_pc_3_axi_data_fifo_v2_1_36_axic_fifo_0/design_1_axi_interconnect_hp0_imp_auto_pc_3_axi_data_fifo_v2_1_36_fifo_gen/<hidden>/<hidden>/<hidden>/<hidden>/<hidden>/<hidden>
    SLICE_X55Y57         FDCE                                         r  snn_integrated_top/design_1_wrapper/design_1/design_1_axi_interconnect_hp0_0/s03_couplers_imp_13X28CE/design_1_axi_interconnect_hp0_imp_auto_pc_3/design_1_axi_interconnect_hp0_imp_auto_pc_3_axi_protocol_converter_v2_1_37_axi_protocol_converter/design_1_axi_interconnect_hp0_imp_auto_pc_3_axi_protocol_converter_v2_1_37_axi3_conv/design_1_axi_interconnect_hp0_imp_auto_pc_3_axi_protocol_converter_v2_1_37_a_axi3_conv/design_1_axi_interconnect_hp0_imp_auto_pc_3_axi_data_fifo_v2_1_36_axic_fifo_0/design_1_axi_interconnect_hp0_imp_auto_pc_3_axi_data_fifo_v2_1_36_fifo_gen/<hidden>/<hidden>/<hidden>/<hidden>/<hidden>/<hidden>
                         clock pessimism             -0.264     0.946    
    SLICE_X55Y57         FDCE (Remov_fdce_C_CLR)     -0.092     0.854    snn_integrated_top/design_1_wrapper/design_1/design_1_axi_interconnect_hp0_0/s03_couplers_imp_13X28CE/design_1_axi_interconnect_hp0_imp_auto_pc_3/design_1_axi_interconnect_hp0_imp_auto_pc_3_axi_protocol_converter_v2_1_37_axi_protocol_converter/design_1_axi_interconnect_hp0_imp_auto_pc_3_axi_protocol_converter_v2_1_37_axi3_conv/design_1_axi_interconnect_hp0_imp_auto_pc_3_axi_protocol_converter_v2_1_37_a_axi3_conv/design_1_axi_interconnect_hp0_imp_auto_pc_3_axi_data_fifo_v2_1_36_axic_fifo_0/design_1_axi_interconnect_hp0_imp_auto_pc_3_axi_data_fifo_v2_1_36_fifo_gen/<hidden>/<hidden>/<hidden>/<hidden>/<hidden>/<hidden>
  -------------------------------------------------------------------
                         required time                         -0.854    
                         arrival time                           1.443    
  -------------------------------------------------------------------
                         slack                                  0.590    

Slack (MET) :             0.590ns  (arrival time - required time)
  Source:                 snn_integrated_top/design_1_wrapper/design_1/design_1_axi_interconnect_hp0_0/s03_couplers_imp_13X28CE/design_1_axi_interconnect_hp0_imp_auto_pc_3/design_1_axi_interconnect_hp0_imp_auto_pc_3_axi_protocol_converter_v2_1_37_axi_protocol_converter/design_1_axi_interconnect_hp0_imp_auto_pc_3_axi_protocol_converter_v2_1_37_axi3_conv/design_1_axi_interconnect_hp0_imp_auto_pc_3_axi_protocol_converter_v2_1_37_a_axi3_conv/design_1_axi_interconnect_hp0_imp_auto_pc_3_axi_data_fifo_v2_1_36_axic_fifo_0/design_1_axi_interconnect_hp0_imp_auto_pc_3_axi_data_fifo_v2_1_36_fifo_gen/<hidden>/<hidden>/<hidden>/<hidden>/<hidden>
                            (rising edge-triggered cell FDRE clocked by clk_fpga_0  {rise@0.000ns fall@5.000ns period=10.000ns})
  Destination:            snn_integrated_top/design_1_wrapper/design_1/design_1_axi_interconnect_hp0_0/s03_couplers_imp_13X28CE/design_1_axi_interconnect_hp0_imp_auto_pc_3/design_1_axi_interconnect_hp0_imp_auto_pc_3_axi_protocol_converter_v2_1_37_axi_protocol_converter/design_1_axi_interconnect_hp0_imp_auto_pc_3_axi_protocol_converter_v2_1_37_axi3_conv/design_1_axi_interconnect_hp0_imp_auto_pc_3_axi_protocol_converter_v2_1_37_a_axi3_conv/design_1_axi_interconnect_hp0_imp_auto_pc_3_axi_data_fifo_v2_1_36_axic_fifo_0/design_1_axi_interconnect_hp0_imp_auto_pc_3_axi_data_fifo_v2_1_36_fifo_gen/<hidden>/<hidden>/<hidden>/<hidden>/<hidden>/<hidden>
                            (removal check against rising-edge clock clk_fpga_0  {rise@0.000ns fall@5.000ns period=10.000ns})
  Path Group:             **async_default**
  Path Type:              Removal (Min at Fast Process Corner)
  Requirement:            0.000ns  (clk_fpga_0 rise@0.000ns - clk_fpga_0 rise@0.000ns)
  Data Path Delay:        0.532ns  (logic 0.186ns (34.986%)  route 0.346ns (65.014%))
  Logic Levels:           1  (LUT3=1)
  Clock Path Skew:        0.034ns (DCD - SCD - CPR)
    Destination Clock Delay (DCD):    1.210ns
    Source Clock Delay      (SCD):    0.912ns
    Clock Pessimism Removal (CPR):    0.264ns

    Location             Delay type                Incr(ns)  Path(ns)    Netlist Resource(s)
  -------------------------------------------------------------------    -------------------
                         (clock clk_fpga_0 rise edge)
                                                      0.000     0.000 r  
    PS7_X0Y0             PS7                          0.000     0.000 r  u_block_design/design_1_i/processing_system7_0/inst/PS7_i/FCLKCLK[0]
                         net (fo=1, routed)           0.310     0.310    u_block_design/design_1_i/processing_system7_0/inst/FCLK_CLK_unbuffered[0]
    BUFGCTRL_X0Y16       BUFG (Prop_bufg_I_O)         0.026     0.336 r  u_block_design/design_1_i/processing_system7_0/inst/buffer_fclk_clk_0.FCLK_CLK_0_BUFG/O
                         net (fo=16061, routed)       0.576     0.912    snn_integrated_top/design_1_wrapper/design_1/design_1_axi_interconnect_hp0_0/s03_couplers_imp_13X28CE/design_1_axi_interconnect_hp0_imp_auto_pc_3/design_1_axi_interconnect_hp0_imp_auto_pc_3_axi_protocol_converter_v2_1_37_axi_protocol_converter/design_1_axi_interconnect_hp0_imp_auto_pc_3_axi_protocol_converter_v2_1_37_axi3_conv/design_1_axi_interconnect_hp0_imp_auto_pc_3_axi_protocol_converter_v2_1_37_a_axi3_conv/design_1_axi_interconnect_hp0_imp_auto_pc_3_axi_data_fifo_v2_1_36_axic_fifo_0/design_1_axi_interconnect_hp0_imp_auto_pc_3_axi_data_fifo_v2_1_36_fifo_gen/<hidden>/<hidden>/<hidden>/<hidden>/<hidden>
    SLICE_X57Y58         FDRE                                         r  snn_integrated_top/design_1_wrapper/design_1/design_1_axi_interconnect_hp0_0/s03_couplers_imp_13X28CE/design_1_axi_interconnect_hp0_imp_auto_pc_3/design_1_axi_interconnect_hp0_imp_auto_pc_3_axi_protocol_converter_v2_1_37_axi_protocol_converter/design_1_axi_interconnect_hp0_imp_auto_pc_3_axi_protocol_converter_v2_1_37_axi3_conv/design_1_axi_interconnect_hp0_imp_auto_pc_3_axi_protocol_converter_v2_1_37_a_axi3_conv/design_1_axi_interconnect_hp0_imp_auto_pc_3_axi_data_fifo_v2_1_36_axic_fifo_0/design_1_axi_interconnect_hp0_imp_auto_pc_3_axi_data_fifo_v2_1_36_fifo_gen/<hidden>/<hidden>/<hidden>/<hidden>/<hidden>
  -------------------------------------------------------------------    -------------------
    SLICE_X57Y58         FDRE (Prop_fdre_C_Q)         0.141     1.053 f  snn_integrated_top/design_1_wrapper/design_1/design_1_axi_interconnect_hp0_0/s03_couplers_imp_13X28CE/design_1_axi_interconnect_hp0_imp_auto_pc_3/design_1_axi_interconnect_hp0_imp_auto_pc_3_axi_protocol_converter_v2_1_37_axi_protocol_converter/design_1_axi_interconnect_hp0_imp_auto_pc_3_axi_protocol_converter_v2_1_37_axi3_conv/design_1_axi_interconnect_hp0_imp_auto_pc_3_axi_protocol_converter_v2_1_37_a_axi3_conv/design_1_axi_interconnect_hp0_imp_auto_pc_3_axi_data_fifo_v2_1_36_axic_fifo_0/design_1_axi_interconnect_hp0_imp_auto_pc_3_axi_data_fifo_v2_1_36_fifo_gen/<hidden>/<hidden>/<hidden>/<hidden>/<hidden>
                         net (fo=3, routed)           0.145     1.198    snn_integrated_top/design_1_wrapper/design_1/design_1_axi_interconnect_hp0_0/s03_couplers_imp_13X28CE/design_1_axi_interconnect_hp0_imp_auto_pc_3/design_1_axi_interconnect_hp0_imp_auto_pc_3_axi_protocol_converter_v2_1_37_axi_protocol_converter/design_1_axi_interconnect_hp0_imp_auto_pc_3_axi_protocol_converter_v2_1_37_axi3_conv/design_1_axi_interconnect_hp0_imp_auto_pc_3_axi_protocol_converter_v2_1_37_a_axi3_conv/design_1_axi_interconnect_hp0_imp_auto_pc_3_axi_data_fifo_v2_1_36_axic_fifo_0/design_1_axi_interconnect_hp0_imp_auto_pc_3_axi_data_fifo_v2_1_36_fifo_gen/<hidden>/<hidden>/<hidden>/<hidden>/<hidden>
    SLICE_X57Y58         LUT3 (Prop_lut3_I1_O)        0.045     1.243 f  snn_integrated_top/design_1_wrapper/design_1/design_1_axi_interconnect_hp0_0/s03_couplers_imp_13X28CE/design_1_axi_interconnect_hp0_imp_auto_pc_3/design_1_axi_interconnect_hp0_imp_auto_pc_3_axi_protocol_converter_v2_1_37_axi_protocol_converter/design_1_axi_interconnect_hp0_imp_auto_pc_3_axi_protocol_converter_v2_1_37_axi3_conv/design_1_axi_interconnect_hp0_imp_auto_pc_3_axi_protocol_converter_v2_1_37_a_axi3_conv/design_1_axi_interconnect_hp0_imp_auto_pc_3_axi_data_fifo_v2_1_36_axic_fifo_0/design_1_axi_interconnect_hp0_imp_auto_pc_3_axi_data_fifo_v2_1_36_fifo_gen/<hidden>/<hidden>/<hidden>/<hidden>/<hidden>
                         net (fo=32, routed)          0.201     1.443    snn_integrated_top/design_1_wrapper/design_1/design_1_axi_interconnect_hp0_0/s03_couplers_imp_13X28CE/design_1_axi_interconnect_hp0_imp_auto_pc_3/design_1_axi_interconnect_hp0_imp_auto_pc_3_axi_protocol_converter_v2_1_37_axi_protocol_converter/design_1_axi_interconnect_hp0_imp_auto_pc_3_axi_protocol_converter_v2_1_37_axi3_conv/design_1_axi_interconnect_hp0_imp_auto_pc_3_axi_protocol_converter_v2_1_37_a_axi3_conv/design_1_axi_interconnect_hp0_imp_auto_pc_3_axi_data_fifo_v2_1_36_axic_fifo_0/design_1_axi_interconnect_hp0_imp_auto_pc_3_axi_data_fifo_v2_1_36_fifo_gen/<hidden>/<hidden>/<hidden>/<hidden>/<hidden>/<hidden>
    SLICE_X55Y57         FDCE                                         f  snn_integrated_top/design_1_wrapper/design_1/design_1_axi_interconnect_hp0_0/s03_couplers_imp_13X28CE/design_1_axi_interconnect_hp0_imp_auto_pc_3/design_1_axi_interconnect_hp0_imp_auto_pc_3_axi_protocol_converter_v2_1_37_axi_protocol_converter/design_1_axi_interconnect_hp0_imp_auto_pc_3_axi_protocol_converter_v2_1_37_axi3_conv/design_1_axi_interconnect_hp0_imp_auto_pc_3_axi_protocol_converter_v2_1_37_a_axi3_conv/design_1_axi_interconnect_hp0_imp_auto_pc_3_axi_data_fifo_v2_1_36_axic_fifo_0/design_1_axi_interconnect_hp0_imp_auto_pc_3_axi_data_fifo_v2_1_36_fifo_gen/<hidden>/<hidden>/<hidden>/<hidden>/<hidden>/<hidden>
  -------------------------------------------------------------------    -------------------

                         (clock clk_fpga_0 rise edge)
                                                      0.000     0.000 r  
    PS7_X0Y0             PS7                          0.000     0.000 r  u_block_design/design_1_i/processing_system7_0/inst/PS7_i/FCLKCLK[0]
                         net (fo=1, routed)           0.337     0.337    u_block_design/design_1_i/processing_system7_0/inst/FCLK_CLK_unbuffered[0]
    BUFGCTRL_X0Y16       BUFG (Prop_bufg_I_O)         0.029     0.366 r  u_block_design/design_1_i/processing_system7_0/inst/buffer_fclk_clk_0.FCLK_CLK_0_BUFG/O
                         net (fo=16061, routed)       0.844     1.210    snn_integrated_top/design_1_wrapper/design_1/design_1_axi_interconnect_hp0_0/s03_couplers_imp_13X28CE/design_1_axi_interconnect_hp0_imp_auto_pc_3/design_1_axi_interconnect_hp0_imp_auto_pc_3_axi_protocol_converter_v2_1_37_axi_protocol_converter/design_1_axi_interconnect_hp0_imp_auto_pc_3_axi_protocol_converter_v2_1_37_axi3_conv/design_1_axi_interconnect_hp0_imp_auto_pc_3_axi_protocol_converter_v2_1_37_a_axi3_conv/design_1_axi_interconnect_hp0_imp_auto_pc_3_axi_data_fifo_v2_1_36_axic_fifo_0/design_1_axi_interconnect_hp0_imp_auto_pc_3_axi_data_fifo_v2_1_36_fifo_gen/<hidden>/<hidden>/<hidden>/<hidden>/<hidden>/<hidden>
    SLICE_X55Y57         FDCE                                         r  snn_integrated_top/design_1_wrapper/design_1/design_1_axi_interconnect_hp0_0/s03_couplers_imp_13X28CE/design_1_axi_interconnect_hp0_imp_auto_pc_3/design_1_axi_interconnect_hp0_imp_auto_pc_3_axi_protocol_converter_v2_1_37_axi_protocol_converter/design_1_axi_interconnect_hp0_imp_auto_pc_3_axi_protocol_converter_v2_1_37_axi3_conv/design_1_axi_interconnect_hp0_imp_auto_pc_3_axi_protocol_converter_v2_1_37_a_axi3_conv/design_1_axi_interconnect_hp0_imp_auto_pc_3_axi_data_fifo_v2_1_36_axic_fifo_0/design_1_axi_interconnect_hp0_imp_auto_pc_3_axi_data_fifo_v2_1_36_fifo_gen/<hidden>/<hidden>/<hidden>/<hidden>/<hidden>/<hidden>
                         clock pessimism             -0.264     0.946    
    SLICE_X55Y57         FDCE (Remov_fdce_C_CLR)     -0.092     0.854    snn_integrated_top/design_1_wrapper/design_1/design_1_axi_interconnect_hp0_0/s03_couplers_imp_13X28CE/design_1_axi_interconnect_hp0_imp_auto_pc_3/design_1_axi_interconnect_hp0_imp_auto_pc_3_axi_protocol_converter_v2_1_37_axi_protocol_converter/design_1_axi_interconnect_hp0_imp_auto_pc_3_axi_protocol_converter_v2_1_37_axi3_conv/design_1_axi_interconnect_hp0_imp_auto_pc_3_axi_protocol_converter_v2_1_37_a_axi3_conv/design_1_axi_interconnect_hp0_imp_auto_pc_3_axi_data_fifo_v2_1_36_axic_fifo_0/design_1_axi_interconnect_hp0_imp_auto_pc_3_axi_data_fifo_v2_1_36_fifo_gen/<hidden>/<hidden>/<hidden>/<hidden>/<hidden>/<hidden>
  -------------------------------------------------------------------
                         required time                         -0.854    
                         arrival time                           1.443    
  -------------------------------------------------------------------
                         slack                                  0.590    

Slack (MET) :             0.593ns  (arrival time - required time)
  Source:                 snn_integrated_top/design_1_wrapper/design_1/design_1_axi_interconnect_hp0_0/s03_couplers_imp_13X28CE/design_1_axi_interconnect_hp0_imp_auto_pc_3/design_1_axi_interconnect_hp0_imp_auto_pc_3_axi_protocol_converter_v2_1_37_axi_protocol_converter/design_1_axi_interconnect_hp0_imp_auto_pc_3_axi_protocol_converter_v2_1_37_axi3_conv/design_1_axi_interconnect_hp0_imp_auto_pc_3_axi_protocol_converter_v2_1_37_a_axi3_conv/design_1_axi_interconnect_hp0_imp_auto_pc_3_axi_data_fifo_v2_1_36_axic_fifo_0/design_1_axi_interconnect_hp0_imp_auto_pc_3_axi_data_fifo_v2_1_36_fifo_gen/<hidden>/<hidden>/<hidden>/<hidden>/<hidden>
                            (rising edge-triggered cell FDRE clocked by clk_fpga_0  {rise@0.000ns fall@5.000ns period=10.000ns})
  Destination:            snn_integrated_top/design_1_wrapper/design_1/design_1_axi_interconnect_hp0_0/s03_couplers_imp_13X28CE/design_1_axi_interconnect_hp0_imp_auto_pc_3/design_1_axi_interconnect_hp0_imp_auto_pc_3_axi_protocol_converter_v2_1_37_axi_protocol_converter/design_1_axi_interconnect_hp0_imp_auto_pc_3_axi_protocol_converter_v2_1_37_axi3_conv/design_1_axi_interconnect_hp0_imp_auto_pc_3_axi_protocol_converter_v2_1_37_a_axi3_conv/design_1_axi_interconnect_hp0_imp_auto_pc_3_axi_data_fifo_v2_1_36_axic_fifo_0/design_1_axi_interconnect_hp0_imp_auto_pc_3_axi_data_fifo_v2_1_36_fifo_gen/<hidden>/<hidden>/<hidden>/<hidden>/<hidden>/<hidden>
                            (removal check against rising-edge clock clk_fpga_0  {rise@0.000ns fall@5.000ns period=10.000ns})
  Path Group:             **async_default**
  Path Type:              Removal (Min at Fast Process Corner)
  Requirement:            0.000ns  (clk_fpga_0 rise@0.000ns - clk_fpga_0 rise@0.000ns)
  Data Path Delay:        0.532ns  (logic 0.186ns (34.986%)  route 0.346ns (65.014%))
  Logic Levels:           1  (LUT3=1)
  Clock Path Skew:        0.034ns (DCD - SCD - CPR)
    Destination Clock Delay (DCD):    1.210ns
    Source Clock Delay      (SCD):    0.912ns
    Clock Pessimism Removal (CPR):    0.264ns

    Location             Delay type                Incr(ns)  Path(ns)    Netlist Resource(s)
  -------------------------------------------------------------------    -------------------
                         (clock clk_fpga_0 rise edge)
                                                      0.000     0.000 r  
    PS7_X0Y0             PS7                          0.000     0.000 r  u_block_design/design_1_i/processing_system7_0/inst/PS7_i/FCLKCLK[0]
                         net (fo=1, routed)           0.310     0.310    u_block_design/design_1_i/processing_system7_0/inst/FCLK_CLK_unbuffered[0]
    BUFGCTRL_X0Y16       BUFG (Prop_bufg_I_O)         0.026     0.336 r  u_block_design/design_1_i/processing_system7_0/inst/buffer_fclk_clk_0.FCLK_CLK_0_BUFG/O
                         net (fo=16061, routed)       0.576     0.912    snn_integrated_top/design_1_wrapper/design_1/design_1_axi_interconnect_hp0_0/s03_couplers_imp_13X28CE/design_1_axi_interconnect_hp0_imp_auto_pc_3/design_1_axi_interconnect_hp0_imp_auto_pc_3_axi_protocol_converter_v2_1_37_axi_protocol_converter/design_1_axi_interconnect_hp0_imp_auto_pc_3_axi_protocol_converter_v2_1_37_axi3_conv/design_1_axi_interconnect_hp0_imp_auto_pc_3_axi_protocol_converter_v2_1_37_a_axi3_conv/design_1_axi_interconnect_hp0_imp_auto_pc_3_axi_data_fifo_v2_1_36_axic_fifo_0/design_1_axi_interconnect_hp0_imp_auto_pc_3_axi_data_fifo_v2_1_36_fifo_gen/<hidden>/<hidden>/<hidden>/<hidden>/<hidden>
    SLICE_X57Y58         FDRE                                         r  snn_integrated_top/design_1_wrapper/design_1/design_1_axi_interconnect_hp0_0/s03_couplers_imp_13X28CE/design_1_axi_interconnect_hp0_imp_auto_pc_3/design_1_axi_interconnect_hp0_imp_auto_pc_3_axi_protocol_converter_v2_1_37_axi_protocol_converter/design_1_axi_interconnect_hp0_imp_auto_pc_3_axi_protocol_converter_v2_1_37_axi3_conv/design_1_axi_interconnect_hp0_imp_auto_pc_3_axi_protocol_converter_v2_1_37_a_axi3_conv/design_1_axi_interconnect_hp0_imp_auto_pc_3_axi_data_fifo_v2_1_36_axic_fifo_0/design_1_axi_interconnect_hp0_imp_auto_pc_3_axi_data_fifo_v2_1_36_fifo_gen/<hidden>/<hidden>/<hidden>/<hidden>/<hidden>
  -------------------------------------------------------------------    -------------------
    SLICE_X57Y58         FDRE (Prop_fdre_C_Q)         0.141     1.053 f  snn_integrated_top/design_1_wrapper/design_1/design_1_axi_interconnect_hp0_0/s03_couplers_imp_13X28CE/design_1_axi_interconnect_hp0_imp_auto_pc_3/design_1_axi_interconnect_hp0_imp_auto_pc_3_axi_protocol_converter_v2_1_37_axi_protocol_converter/design_1_axi_interconnect_hp0_imp_auto_pc_3_axi_protocol_converter_v2_1_37_axi3_conv/design_1_axi_interconnect_hp0_imp_auto_pc_3_axi_protocol_converter_v2_1_37_a_axi3_conv/design_1_axi_interconnect_hp0_imp_auto_pc_3_axi_data_fifo_v2_1_36_axic_fifo_0/design_1_axi_interconnect_hp0_imp_auto_pc_3_axi_data_fifo_v2_1_36_fifo_gen/<hidden>/<hidden>/<hidden>/<hidden>/<hidden>
                         net (fo=3, routed)           0.145     1.198    snn_integrated_top/design_1_wrapper/design_1/design_1_axi_interconnect_hp0_0/s03_couplers_imp_13X28CE/design_1_axi_interconnect_hp0_imp_auto_pc_3/design_1_axi_interconnect_hp0_imp_auto_pc_3_axi_protocol_converter_v2_1_37_axi_protocol_converter/design_1_axi_interconnect_hp0_imp_auto_pc_3_axi_protocol_converter_v2_1_37_axi3_conv/design_1_axi_interconnect_hp0_imp_auto_pc_3_axi_protocol_converter_v2_1_37_a_axi3_conv/design_1_axi_interconnect_hp0_imp_auto_pc_3_axi_data_fifo_v2_1_36_axic_fifo_0/design_1_axi_interconnect_hp0_imp_auto_pc_3_axi_data_fifo_v2_1_36_fifo_gen/<hidden>/<hidden>/<hidden>/<hidden>/<hidden>
    SLICE_X57Y58         LUT3 (Prop_lut3_I1_O)        0.045     1.243 f  snn_integrated_top/design_1_wrapper/design_1/design_1_axi_interconnect_hp0_0/s03_couplers_imp_13X28CE/design_1_axi_interconnect_hp0_imp_auto_pc_3/design_1_axi_interconnect_hp0_imp_auto_pc_3_axi_protocol_converter_v2_1_37_axi_protocol_converter/design_1_axi_interconnect_hp0_imp_auto_pc_3_axi_protocol_converter_v2_1_37_axi3_conv/design_1_axi_interconnect_hp0_imp_auto_pc_3_axi_protocol_converter_v2_1_37_a_axi3_conv/design_1_axi_interconnect_hp0_imp_auto_pc_3_axi_data_fifo_v2_1_36_axic_fifo_0/design_1_axi_interconnect_hp0_imp_auto_pc_3_axi_data_fifo_v2_1_36_fifo_gen/<hidden>/<hidden>/<hidden>/<hidden>/<hidden>
                         net (fo=32, routed)          0.201     1.443    snn_integrated_top/design_1_wrapper/design_1/design_1_axi_interconnect_hp0_0/s03_couplers_imp_13X28CE/design_1_axi_interconnect_hp0_imp_auto_pc_3/design_1_axi_interconnect_hp0_imp_auto_pc_3_axi_protocol_converter_v2_1_37_axi_protocol_converter/design_1_axi_interconnect_hp0_imp_auto_pc_3_axi_protocol_converter_v2_1_37_axi3_conv/design_1_axi_interconnect_hp0_imp_auto_pc_3_axi_protocol_converter_v2_1_37_a_axi3_conv/design_1_axi_interconnect_hp0_imp_auto_pc_3_axi_data_fifo_v2_1_36_axic_fifo_0/design_1_axi_interconnect_hp0_imp_auto_pc_3_axi_data_fifo_v2_1_36_fifo_gen/<hidden>/<hidden>/<hidden>/<hidden>/<hidden>/<hidden>
    SLICE_X55Y57         FDPE                                         f  snn_integrated_top/design_1_wrapper/design_1/design_1_axi_interconnect_hp0_0/s03_couplers_imp_13X28CE/design_1_axi_interconnect_hp0_imp_auto_pc_3/design_1_axi_interconnect_hp0_imp_auto_pc_3_axi_protocol_converter_v2_1_37_axi_protocol_converter/design_1_axi_interconnect_hp0_imp_auto_pc_3_axi_protocol_converter_v2_1_37_axi3_conv/design_1_axi_interconnect_hp0_imp_auto_pc_3_axi_protocol_converter_v2_1_37_a_axi3_conv/design_1_axi_interconnect_hp0_imp_auto_pc_3_axi_data_fifo_v2_1_36_axic_fifo_0/design_1_axi_interconnect_hp0_imp_auto_pc_3_axi_data_fifo_v2_1_36_fifo_gen/<hidden>/<hidden>/<hidden>/<hidden>/<hidden>/<hidden>
  -------------------------------------------------------------------    -------------------

                         (clock clk_fpga_0 rise edge)
                                                      0.000     0.000 r  
    PS7_X0Y0             PS7                          0.000     0.000 r  u_block_design/design_1_i/processing_system7_0/inst/PS7_i/FCLKCLK[0]
                         net (fo=1, routed)           0.337     0.337    u_block_design/design_1_i/processing_system7_0/inst/FCLK_CLK_unbuffered[0]
    BUFGCTRL_X0Y16       BUFG (Prop_bufg_I_O)         0.029     0.366 r  u_block_design/design_1_i/processing_system7_0/inst/buffer_fclk_clk_0.FCLK_CLK_0_BUFG/O
                         net (fo=16061, routed)       0.844     1.210    snn_integrated_top/design_1_wrapper/design_1/design_1_axi_interconnect_hp0_0/s03_couplers_imp_13X28CE/design_1_axi_interconnect_hp0_imp_auto_pc_3/design_1_axi_interconnect_hp0_imp_auto_pc_3_axi_protocol_converter_v2_1_37_axi_protocol_converter/design_1_axi_interconnect_hp0_imp_auto_pc_3_axi_protocol_converter_v2_1_37_axi3_conv/design_1_axi_interconnect_hp0_imp_auto_pc_3_axi_protocol_converter_v2_1_37_a_axi3_conv/design_1_axi_interconnect_hp0_imp_auto_pc_3_axi_data_fifo_v2_1_36_axic_fifo_0/design_1_axi_interconnect_hp0_imp_auto_pc_3_axi_data_fifo_v2_1_36_fifo_gen/<hidden>/<hidden>/<hidden>/<hidden>/<hidden>/<hidden>
    SLICE_X55Y57         FDPE                                         r  snn_integrated_top/design_1_wrapper/design_1/design_1_axi_interconnect_hp0_0/s03_couplers_imp_13X28CE/design_1_axi_interconnect_hp0_imp_auto_pc_3/design_1_axi_interconnect_hp0_imp_auto_pc_3_axi_protocol_converter_v2_1_37_axi_protocol_converter/design_1_axi_interconnect_hp0_imp_auto_pc_3_axi_protocol_converter_v2_1_37_axi3_conv/design_1_axi_interconnect_hp0_imp_auto_pc_3_axi_protocol_converter_v2_1_37_a_axi3_conv/design_1_axi_interconnect_hp0_imp_auto_pc_3_axi_data_fifo_v2_1_36_axic_fifo_0/design_1_axi_interconnect_hp0_imp_auto_pc_3_axi_data_fifo_v2_1_36_fifo_gen/<hidden>/<hidden>/<hidden>/<hidden>/<hidden>/<hidden>
                         clock pessimism             -0.264     0.946    
    SLICE_X55Y57         FDPE (Remov_fdpe_C_PRE)     -0.095     0.851    snn_integrated_top/design_1_wrapper/design_1/design_1_axi_interconnect_hp0_0/s03_couplers_imp_13X28CE/design_1_axi_interconnect_hp0_imp_auto_pc_3/design_1_axi_interconnect_hp0_imp_auto_pc_3_axi_protocol_converter_v2_1_37_axi_protocol_converter/design_1_axi_interconnect_hp0_imp_auto_pc_3_axi_protocol_converter_v2_1_37_axi3_conv/design_1_axi_interconnect_hp0_imp_auto_pc_3_axi_protocol_converter_v2_1_37_a_axi3_conv/design_1_axi_interconnect_hp0_imp_auto_pc_3_axi_data_fifo_v2_1_36_axic_fifo_0/design_1_axi_interconnect_hp0_imp_auto_pc_3_axi_data_fifo_v2_1_36_fifo_gen/<hidden>/<hidden>/<hidden>/<hidden>/<hidden>/<hidden>
  -------------------------------------------------------------------
                         required time                         -0.851    
                         arrival time                           1.443    
  -------------------------------------------------------------------
                         slack                                  0.593    

Slack (MET) :             0.593ns  (arrival time - required time)
  Source:                 snn_integrated_top/design_1_wrapper/design_1/design_1_axi_interconnect_hp0_0/s03_couplers_imp_13X28CE/design_1_axi_interconnect_hp0_imp_auto_pc_3/design_1_axi_interconnect_hp0_imp_auto_pc_3_axi_protocol_converter_v2_1_37_axi_protocol_converter/design_1_axi_interconnect_hp0_imp_auto_pc_3_axi_protocol_converter_v2_1_37_axi3_conv/design_1_axi_interconnect_hp0_imp_auto_pc_3_axi_protocol_converter_v2_1_37_a_axi3_conv/design_1_axi_interconnect_hp0_imp_auto_pc_3_axi_data_fifo_v2_1_36_axic_fifo_0/design_1_axi_interconnect_hp0_imp_auto_pc_3_axi_data_fifo_v2_1_36_fifo_gen/<hidden>/<hidden>/<hidden>/<hidden>/<hidden>
                            (rising edge-triggered cell FDRE clocked by clk_fpga_0  {rise@0.000ns fall@5.000ns period=10.000ns})
  Destination:            snn_integrated_top/design_1_wrapper/design_1/design_1_axi_interconnect_hp0_0/s03_couplers_imp_13X28CE/design_1_axi_interconnect_hp0_imp_auto_pc_3/design_1_axi_interconnect_hp0_imp_auto_pc_3_axi_protocol_converter_v2_1_37_axi_protocol_converter/design_1_axi_interconnect_hp0_imp_auto_pc_3_axi_protocol_converter_v2_1_37_axi3_conv/design_1_axi_interconnect_hp0_imp_auto_pc_3_axi_protocol_converter_v2_1_37_a_axi3_conv/design_1_axi_interconnect_hp0_imp_auto_pc_3_axi_data_fifo_v2_1_36_axic_fifo_0/design_1_axi_interconnect_hp0_imp_auto_pc_3_axi_data_fifo_v2_1_36_fifo_gen/<hidden>/<hidden>/<hidden>/<hidden>/<hidden>/<hidden>
                            (removal check against rising-edge clock clk_fpga_0  {rise@0.000ns fall@5.000ns period=10.000ns})
  Path Group:             **async_default**
  Path Type:              Removal (Min at Fast Process Corner)
  Requirement:            0.000ns  (clk_fpga_0 rise@0.000ns - clk_fpga_0 rise@0.000ns)
  Data Path Delay:        0.532ns  (logic 0.186ns (34.986%)  route 0.346ns (65.014%))
  Logic Levels:           1  (LUT3=1)
  Clock Path Skew:        0.034ns (DCD - SCD - CPR)
    Destination Clock Delay (DCD):    1.210ns
    Source Clock Delay      (SCD):    0.912ns
    Clock Pessimism Removal (CPR):    0.264ns

    Location             Delay type                Incr(ns)  Path(ns)    Netlist Resource(s)
  -------------------------------------------------------------------    -------------------
                         (clock clk_fpga_0 rise edge)
                                                      0.000     0.000 r  
    PS7_X0Y0             PS7                          0.000     0.000 r  u_block_design/design_1_i/processing_system7_0/inst/PS7_i/FCLKCLK[0]
                         net (fo=1, routed)           0.310     0.310    u_block_design/design_1_i/processing_system7_0/inst/FCLK_CLK_unbuffered[0]
    BUFGCTRL_X0Y16       BUFG (Prop_bufg_I_O)         0.026     0.336 r  u_block_design/design_1_i/processing_system7_0/inst/buffer_fclk_clk_0.FCLK_CLK_0_BUFG/O
                         net (fo=16061, routed)       0.576     0.912    snn_integrated_top/design_1_wrapper/design_1/design_1_axi_interconnect_hp0_0/s03_couplers_imp_13X28CE/design_1_axi_interconnect_hp0_imp_auto_pc_3/design_1_axi_interconnect_hp0_imp_auto_pc_3_axi_protocol_converter_v2_1_37_axi_protocol_converter/design_1_axi_interconnect_hp0_imp_auto_pc_3_axi_protocol_converter_v2_1_37_axi3_conv/design_1_axi_interconnect_hp0_imp_auto_pc_3_axi_protocol_converter_v2_1_37_a_axi3_conv/design_1_axi_interconnect_hp0_imp_auto_pc_3_axi_data_fifo_v2_1_36_axic_fifo_0/design_1_axi_interconnect_hp0_imp_auto_pc_3_axi_data_fifo_v2_1_36_fifo_gen/<hidden>/<hidden>/<hidden>/<hidden>/<hidden>
    SLICE_X57Y58         FDRE                                         r  snn_integrated_top/design_1_wrapper/design_1/design_1_axi_interconnect_hp0_0/s03_couplers_imp_13X28CE/design_1_axi_interconnect_hp0_imp_auto_pc_3/design_1_axi_interconnect_hp0_imp_auto_pc_3_axi_protocol_converter_v2_1_37_axi_protocol_converter/design_1_axi_interconnect_hp0_imp_auto_pc_3_axi_protocol_converter_v2_1_37_axi3_conv/design_1_axi_interconnect_hp0_imp_auto_pc_3_axi_protocol_converter_v2_1_37_a_axi3_conv/design_1_axi_interconnect_hp0_imp_auto_pc_3_axi_data_fifo_v2_1_36_axic_fifo_0/design_1_axi_interconnect_hp0_imp_auto_pc_3_axi_data_fifo_v2_1_36_fifo_gen/<hidden>/<hidden>/<hidden>/<hidden>/<hidden>
  -------------------------------------------------------------------    -------------------
    SLICE_X57Y58         FDRE (Prop_fdre_C_Q)         0.141     1.053 f  snn_integrated_top/design_1_wrapper/design_1/design_1_axi_interconnect_hp0_0/s03_couplers_imp_13X28CE/design_1_axi_interconnect_hp0_imp_auto_pc_3/design_1_axi_interconnect_hp0_imp_auto_pc_3_axi_protocol_converter_v2_1_37_axi_protocol_converter/design_1_axi_interconnect_hp0_imp_auto_pc_3_axi_protocol_converter_v2_1_37_axi3_conv/design_1_axi_interconnect_hp0_imp_auto_pc_3_axi_protocol_converter_v2_1_37_a_axi3_conv/design_1_axi_interconnect_hp0_imp_auto_pc_3_axi_data_fifo_v2_1_36_axic_fifo_0/design_1_axi_interconnect_hp0_imp_auto_pc_3_axi_data_fifo_v2_1_36_fifo_gen/<hidden>/<hidden>/<hidden>/<hidden>/<hidden>
                         net (fo=3, routed)           0.145     1.198    snn_integrated_top/design_1_wrapper/design_1/design_1_axi_interconnect_hp0_0/s03_couplers_imp_13X28CE/design_1_axi_interconnect_hp0_imp_auto_pc_3/design_1_axi_interconnect_hp0_imp_auto_pc_3_axi_protocol_converter_v2_1_37_axi_protocol_converter/design_1_axi_interconnect_hp0_imp_auto_pc_3_axi_protocol_converter_v2_1_37_axi3_conv/design_1_axi_interconnect_hp0_imp_auto_pc_3_axi_protocol_converter_v2_1_37_a_axi3_conv/design_1_axi_interconnect_hp0_imp_auto_pc_3_axi_data_fifo_v2_1_36_axic_fifo_0/design_1_axi_interconnect_hp0_imp_auto_pc_3_axi_data_fifo_v2_1_36_fifo_gen/<hidden>/<hidden>/<hidden>/<hidden>/<hidden>
    SLICE_X57Y58         LUT3 (Prop_lut3_I1_O)        0.045     1.243 f  snn_integrated_top/design_1_wrapper/design_1/design_1_axi_interconnect_hp0_0/s03_couplers_imp_13X28CE/design_1_axi_interconnect_hp0_imp_auto_pc_3/design_1_axi_interconnect_hp0_imp_auto_pc_3_axi_protocol_converter_v2_1_37_axi_protocol_converter/design_1_axi_interconnect_hp0_imp_auto_pc_3_axi_protocol_converter_v2_1_37_axi3_conv/design_1_axi_interconnect_hp0_imp_auto_pc_3_axi_protocol_converter_v2_1_37_a_axi3_conv/design_1_axi_interconnect_hp0_imp_auto_pc_3_axi_data_fifo_v2_1_36_axic_fifo_0/design_1_axi_interconnect_hp0_imp_auto_pc_3_axi_data_fifo_v2_1_36_fifo_gen/<hidden>/<hidden>/<hidden>/<hidden>/<hidden>
                         net (fo=32, routed)          0.201     1.443    snn_integrated_top/design_1_wrapper/design_1/design_1_axi_interconnect_hp0_0/s03_couplers_imp_13X28CE/design_1_axi_interconnect_hp0_imp_auto_pc_3/design_1_axi_interconnect_hp0_imp_auto_pc_3_axi_protocol_converter_v2_1_37_axi_protocol_converter/design_1_axi_interconnect_hp0_imp_auto_pc_3_axi_protocol_converter_v2_1_37_axi3_conv/design_1_axi_interconnect_hp0_imp_auto_pc_3_axi_protocol_converter_v2_1_37_a_axi3_conv/design_1_axi_interconnect_hp0_imp_auto_pc_3_axi_data_fifo_v2_1_36_axic_fifo_0/design_1_axi_interconnect_hp0_imp_auto_pc_3_axi_data_fifo_v2_1_36_fifo_gen/<hidden>/<hidden>/<hidden>/<hidden>/<hidden>/<hidden>
    SLICE_X55Y57         FDPE                                         f  snn_integrated_top/design_1_wrapper/design_1/design_1_axi_interconnect_hp0_0/s03_couplers_imp_13X28CE/design_1_axi_interconnect_hp0_imp_auto_pc_3/design_1_axi_interconnect_hp0_imp_auto_pc_3_axi_protocol_converter_v2_1_37_axi_protocol_converter/design_1_axi_interconnect_hp0_imp_auto_pc_3_axi_protocol_converter_v2_1_37_axi3_conv/design_1_axi_interconnect_hp0_imp_auto_pc_3_axi_protocol_converter_v2_1_37_a_axi3_conv/design_1_axi_interconnect_hp0_imp_auto_pc_3_axi_data_fifo_v2_1_36_axic_fifo_0/design_1_axi_interconnect_hp0_imp_auto_pc_3_axi_data_fifo_v2_1_36_fifo_gen/<hidden>/<hidden>/<hidden>/<hidden>/<hidden>/<hidden>
  -------------------------------------------------------------------    -------------------

                         (clock clk_fpga_0 rise edge)
                                                      0.000     0.000 r  
    PS7_X0Y0             PS7                          0.000     0.000 r  u_block_design/design_1_i/processing_system7_0/inst/PS7_i/FCLKCLK[0]
                         net (fo=1, routed)           0.337     0.337    u_block_design/design_1_i/processing_system7_0/inst/FCLK_CLK_unbuffered[0]
    BUFGCTRL_X0Y16       BUFG (Prop_bufg_I_O)         0.029     0.366 r  u_block_design/design_1_i/processing_system7_0/inst/buffer_fclk_clk_0.FCLK_CLK_0_BUFG/O
                         net (fo=16061, routed)       0.844     1.210    snn_integrated_top/design_1_wrapper/design_1/design_1_axi_interconnect_hp0_0/s03_couplers_imp_13X28CE/design_1_axi_interconnect_hp0_imp_auto_pc_3/design_1_axi_interconnect_hp0_imp_auto_pc_3_axi_protocol_converter_v2_1_37_axi_protocol_converter/design_1_axi_interconnect_hp0_imp_auto_pc_3_axi_protocol_converter_v2_1_37_axi3_conv/design_1_axi_interconnect_hp0_imp_auto_pc_3_axi_protocol_converter_v2_1_37_a_axi3_conv/design_1_axi_interconnect_hp0_imp_auto_pc_3_axi_data_fifo_v2_1_36_axic_fifo_0/design_1_axi_interconnect_hp0_imp_auto_pc_3_axi_data_fifo_v2_1_36_fifo_gen/<hidden>/<hidden>/<hidden>/<hidden>/<hidden>/<hidden>
    SLICE_X55Y57         FDPE                                         r  snn_integrated_top/design_1_wrapper/design_1/design_1_axi_interconnect_hp0_0/s03_couplers_imp_13X28CE/design_1_axi_interconnect_hp0_imp_auto_pc_3/design_1_axi_interconnect_hp0_imp_auto_pc_3_axi_protocol_converter_v2_1_37_axi_protocol_converter/design_1_axi_interconnect_hp0_imp_auto_pc_3_axi_protocol_converter_v2_1_37_axi3_conv/design_1_axi_interconnect_hp0_imp_auto_pc_3_axi_protocol_converter_v2_1_37_a_axi3_conv/design_1_axi_interconnect_hp0_imp_auto_pc_3_axi_data_fifo_v2_1_36_axic_fifo_0/design_1_axi_interconnect_hp0_imp_auto_pc_3_axi_data_fifo_v2_1_36_fifo_gen/<hidden>/<hidden>/<hidden>/<hidden>/<hidden>/<hidden>
                         clock pessimism             -0.264     0.946    
    SLICE_X55Y57         FDPE (Remov_fdpe_C_PRE)     -0.095     0.851    snn_integrated_top/design_1_wrapper/design_1/design_1_axi_interconnect_hp0_0/s03_couplers_imp_13X28CE/design_1_axi_interconnect_hp0_imp_auto_pc_3/design_1_axi_interconnect_hp0_imp_auto_pc_3_axi_protocol_converter_v2_1_37_axi_protocol_converter/design_1_axi_interconnect_hp0_imp_auto_pc_3_axi_protocol_converter_v2_1_37_axi3_conv/design_1_axi_interconnect_hp0_imp_auto_pc_3_axi_protocol_converter_v2_1_37_a_axi3_conv/design_1_axi_interconnect_hp0_imp_auto_pc_3_axi_data_fifo_v2_1_36_axic_fifo_0/design_1_axi_interconnect_hp0_imp_auto_pc_3_axi_data_fifo_v2_1_36_fifo_gen/<hidden>/<hidden>/<hidden>/<hidden>/<hidden>/<hidden>
  -------------------------------------------------------------------
                         required time                         -0.851    
                         arrival time                           1.443    
  -------------------------------------------------------------------
                         slack                                  0.593    

Slack (MET) :             0.598ns  (arrival time - required time)
  Source:                 snn_integrated_top/design_1_wrapper/design_1/design_1_axi_interconnect_hp0_0/s03_couplers_imp_13X28CE/design_1_axi_interconnect_hp0_imp_auto_pc_3/design_1_axi_interconnect_hp0_imp_auto_pc_3_axi_protocol_converter_v2_1_37_axi_protocol_converter/design_1_axi_interconnect_hp0_imp_auto_pc_3_axi_protocol_converter_v2_1_37_axi3_conv/design_1_axi_interconnect_hp0_imp_auto_pc_3_axi_protocol_converter_v2_1_37_a_axi3_conv/design_1_axi_interconnect_hp0_imp_auto_pc_3_axi_data_fifo_v2_1_36_axic_fifo_0/design_1_axi_interconnect_hp0_imp_auto_pc_3_axi_data_fifo_v2_1_36_fifo_gen/<hidden>/<hidden>/<hidden>/<hidden>/<hidden>
                            (rising edge-triggered cell FDRE clocked by clk_fpga_0  {rise@0.000ns fall@5.000ns period=10.000ns})
  Destination:            snn_integrated_top/design_1_wrapper/design_1/design_1_axi_interconnect_hp0_0/s03_couplers_imp_13X28CE/design_1_axi_interconnect_hp0_imp_auto_pc_3/design_1_axi_interconnect_hp0_imp_auto_pc_3_axi_protocol_converter_v2_1_37_axi_protocol_converter/design_1_axi_interconnect_hp0_imp_auto_pc_3_axi_protocol_converter_v2_1_37_axi3_conv/design_1_axi_interconnect_hp0_imp_auto_pc_3_axi_protocol_converter_v2_1_37_a_axi3_conv/design_1_axi_interconnect_hp0_imp_auto_pc_3_axi_data_fifo_v2_1_36_axic_fifo_0/design_1_axi_interconnect_hp0_imp_auto_pc_3_axi_data_fifo_v2_1_36_fifo_gen/<hidden>/<hidden>/<hidden>/<hidden>/<hidden>/<hidden>
                            (removal check against rising-edge clock clk_fpga_0  {rise@0.000ns fall@5.000ns period=10.000ns})
  Path Group:             **async_default**
  Path Type:              Removal (Min at Fast Process Corner)
  Requirement:            0.000ns  (clk_fpga_0 rise@0.000ns - clk_fpga_0 rise@0.000ns)
  Data Path Delay:        0.537ns  (logic 0.186ns (34.665%)  route 0.351ns (65.335%))
  Logic Levels:           1  (LUT3=1)
  Clock Path Skew:        0.034ns (DCD - SCD - CPR)
    Destination Clock Delay (DCD):    1.210ns
    Source Clock Delay      (SCD):    0.912ns
    Clock Pessimism Removal (CPR):    0.264ns

    Location             Delay type                Incr(ns)  Path(ns)    Netlist Resource(s)
  -------------------------------------------------------------------    -------------------
                         (clock clk_fpga_0 rise edge)
                                                      0.000     0.000 r  
    PS7_X0Y0             PS7                          0.000     0.000 r  u_block_design/design_1_i/processing_system7_0/inst/PS7_i/FCLKCLK[0]
                         net (fo=1, routed)           0.310     0.310    u_block_design/design_1_i/processing_system7_0/inst/FCLK_CLK_unbuffered[0]
    BUFGCTRL_X0Y16       BUFG (Prop_bufg_I_O)         0.026     0.336 r  u_block_design/design_1_i/processing_system7_0/inst/buffer_fclk_clk_0.FCLK_CLK_0_BUFG/O
                         net (fo=16061, routed)       0.576     0.912    snn_integrated_top/design_1_wrapper/design_1/design_1_axi_interconnect_hp0_0/s03_couplers_imp_13X28CE/design_1_axi_interconnect_hp0_imp_auto_pc_3/design_1_axi_interconnect_hp0_imp_auto_pc_3_axi_protocol_converter_v2_1_37_axi_protocol_converter/design_1_axi_interconnect_hp0_imp_auto_pc_3_axi_protocol_converter_v2_1_37_axi3_conv/design_1_axi_interconnect_hp0_imp_auto_pc_3_axi_protocol_converter_v2_1_37_a_axi3_conv/design_1_axi_interconnect_hp0_imp_auto_pc_3_axi_data_fifo_v2_1_36_axic_fifo_0/design_1_axi_interconnect_hp0_imp_auto_pc_3_axi_data_fifo_v2_1_36_fifo_gen/<hidden>/<hidden>/<hidden>/<hidden>/<hidden>
    SLICE_X57Y58         FDRE                                         r  snn_integrated_top/design_1_wrapper/design_1/design_1_axi_interconnect_hp0_0/s03_couplers_imp_13X28CE/design_1_axi_interconnect_hp0_imp_auto_pc_3/design_1_axi_interconnect_hp0_imp_auto_pc_3_axi_protocol_converter_v2_1_37_axi_protocol_converter/design_1_axi_interconnect_hp0_imp_auto_pc_3_axi_protocol_converter_v2_1_37_axi3_conv/design_1_axi_interconnect_hp0_imp_auto_pc_3_axi_protocol_converter_v2_1_37_a_axi3_conv/design_1_axi_interconnect_hp0_imp_auto_pc_3_axi_data_fifo_v2_1_36_axic_fifo_0/design_1_axi_interconnect_hp0_imp_auto_pc_3_axi_data_fifo_v2_1_36_fifo_gen/<hidden>/<hidden>/<hidden>/<hidden>/<hidden>
  -------------------------------------------------------------------    -------------------
    SLICE_X57Y58         FDRE (Prop_fdre_C_Q)         0.141     1.053 f  snn_integrated_top/design_1_wrapper/design_1/design_1_axi_interconnect_hp0_0/s03_couplers_imp_13X28CE/design_1_axi_interconnect_hp0_imp_auto_pc_3/design_1_axi_interconnect_hp0_imp_auto_pc_3_axi_protocol_converter_v2_1_37_axi_protocol_converter/design_1_axi_interconnect_hp0_imp_auto_pc_3_axi_protocol_converter_v2_1_37_axi3_conv/design_1_axi_interconnect_hp0_imp_auto_pc_3_axi_protocol_converter_v2_1_37_a_axi3_conv/design_1_axi_interconnect_hp0_imp_auto_pc_3_axi_data_fifo_v2_1_36_axic_fifo_0/design_1_axi_interconnect_hp0_imp_auto_pc_3_axi_data_fifo_v2_1_36_fifo_gen/<hidden>/<hidden>/<hidden>/<hidden>/<hidden>
                         net (fo=3, routed)           0.145     1.198    snn_integrated_top/design_1_wrapper/design_1/design_1_axi_interconnect_hp0_0/s03_couplers_imp_13X28CE/design_1_axi_interconnect_hp0_imp_auto_pc_3/design_1_axi_interconnect_hp0_imp_auto_pc_3_axi_protocol_converter_v2_1_37_axi_protocol_converter/design_1_axi_interconnect_hp0_imp_auto_pc_3_axi_protocol_converter_v2_1_37_axi3_conv/design_1_axi_interconnect_hp0_imp_auto_pc_3_axi_protocol_converter_v2_1_37_a_axi3_conv/design_1_axi_interconnect_hp0_imp_auto_pc_3_axi_data_fifo_v2_1_36_axic_fifo_0/design_1_axi_interconnect_hp0_imp_auto_pc_3_axi_data_fifo_v2_1_36_fifo_gen/<hidden>/<hidden>/<hidden>/<hidden>/<hidden>
    SLICE_X57Y58         LUT3 (Prop_lut3_I1_O)        0.045     1.243 f  snn_integrated_top/design_1_wrapper/design_1/design_1_axi_interconnect_hp0_0/s03_couplers_imp_13X28CE/design_1_axi_interconnect_hp0_imp_auto_pc_3/design_1_axi_interconnect_hp0_imp_auto_pc_3_axi_protocol_converter_v2_1_37_axi_protocol_converter/design_1_axi_interconnect_hp0_imp_auto_pc_3_axi_protocol_converter_v2_1_37_axi3_conv/design_1_axi_interconnect_hp0_imp_auto_pc_3_axi_protocol_converter_v2_1_37_a_axi3_conv/design_1_axi_interconnect_hp0_imp_auto_pc_3_axi_data_fifo_v2_1_36_axic_fifo_0/design_1_axi_interconnect_hp0_imp_auto_pc_3_axi_data_fifo_v2_1_36_fifo_gen/<hidden>/<hidden>/<hidden>/<hidden>/<hidden>
                         net (fo=32, routed)          0.206     1.448    snn_integrated_top/design_1_wrapper/design_1/design_1_axi_interconnect_hp0_0/s03_couplers_imp_13X28CE/design_1_axi_interconnect_hp0_imp_auto_pc_3/design_1_axi_interconnect_hp0_imp_auto_pc_3_axi_protocol_converter_v2_1_37_axi_protocol_converter/design_1_axi_interconnect_hp0_imp_auto_pc_3_axi_protocol_converter_v2_1_37_axi3_conv/design_1_axi_interconnect_hp0_imp_auto_pc_3_axi_protocol_converter_v2_1_37_a_axi3_conv/design_1_axi_interconnect_hp0_imp_auto_pc_3_axi_data_fifo_v2_1_36_axic_fifo_0/design_1_axi_interconnect_hp0_imp_auto_pc_3_axi_data_fifo_v2_1_36_fifo_gen/<hidden>/<hidden>/<hidden>/<hidden>/<hidden>/<hidden>
    SLICE_X55Y58         FDPE                                         f  snn_integrated_top/design_1_wrapper/design_1/design_1_axi_interconnect_hp0_0/s03_couplers_imp_13X28CE/design_1_axi_interconnect_hp0_imp_auto_pc_3/design_1_axi_interconnect_hp0_imp_auto_pc_3_axi_protocol_converter_v2_1_37_axi_protocol_converter/design_1_axi_interconnect_hp0_imp_auto_pc_3_axi_protocol_converter_v2_1_37_axi3_conv/design_1_axi_interconnect_hp0_imp_auto_pc_3_axi_protocol_converter_v2_1_37_a_axi3_conv/design_1_axi_interconnect_hp0_imp_auto_pc_3_axi_data_fifo_v2_1_36_axic_fifo_0/design_1_axi_interconnect_hp0_imp_auto_pc_3_axi_data_fifo_v2_1_36_fifo_gen/<hidden>/<hidden>/<hidden>/<hidden>/<hidden>/<hidden>
  -------------------------------------------------------------------    -------------------

                         (clock clk_fpga_0 rise edge)
                                                      0.000     0.000 r  
    PS7_X0Y0             PS7                          0.000     0.000 r  u_block_design/design_1_i/processing_system7_0/inst/PS7_i/FCLKCLK[0]
                         net (fo=1, routed)           0.337     0.337    u_block_design/design_1_i/processing_system7_0/inst/FCLK_CLK_unbuffered[0]
    BUFGCTRL_X0Y16       BUFG (Prop_bufg_I_O)         0.029     0.366 r  u_block_design/design_1_i/processing_system7_0/inst/buffer_fclk_clk_0.FCLK_CLK_0_BUFG/O
                         net (fo=16061, routed)       0.844     1.210    snn_integrated_top/design_1_wrapper/design_1/design_1_axi_interconnect_hp0_0/s03_couplers_imp_13X28CE/design_1_axi_interconnect_hp0_imp_auto_pc_3/design_1_axi_interconnect_hp0_imp_auto_pc_3_axi_protocol_converter_v2_1_37_axi_protocol_converter/design_1_axi_interconnect_hp0_imp_auto_pc_3_axi_protocol_converter_v2_1_37_axi3_conv/design_1_axi_interconnect_hp0_imp_auto_pc_3_axi_protocol_converter_v2_1_37_a_axi3_conv/design_1_axi_interconnect_hp0_imp_auto_pc_3_axi_data_fifo_v2_1_36_axic_fifo_0/design_1_axi_interconnect_hp0_imp_auto_pc_3_axi_data_fifo_v2_1_36_fifo_gen/<hidden>/<hidden>/<hidden>/<hidden>/<hidden>/<hidden>
    SLICE_X55Y58         FDPE                                         r  snn_integrated_top/design_1_wrapper/design_1/design_1_axi_interconnect_hp0_0/s03_couplers_imp_13X28CE/design_1_axi_interconnect_hp0_imp_auto_pc_3/design_1_axi_interconnect_hp0_imp_auto_pc_3_axi_protocol_converter_v2_1_37_axi_protocol_converter/design_1_axi_interconnect_hp0_imp_auto_pc_3_axi_protocol_converter_v2_1_37_axi3_conv/design_1_axi_interconnect_hp0_imp_auto_pc_3_axi_protocol_converter_v2_1_37_a_axi3_conv/design_1_axi_interconnect_hp0_imp_auto_pc_3_axi_data_fifo_v2_1_36_axic_fifo_0/design_1_axi_interconnect_hp0_imp_auto_pc_3_axi_data_fifo_v2_1_36_fifo_gen/<hidden>/<hidden>/<hidden>/<hidden>/<hidden>/<hidden>
                         clock pessimism             -0.264     0.946    
    SLICE_X55Y58         FDPE (Remov_fdpe_C_PRE)     -0.095     0.851    snn_integrated_top/design_1_wrapper/design_1/design_1_axi_interconnect_hp0_0/s03_couplers_imp_13X28CE/design_1_axi_interconnect_hp0_imp_auto_pc_3/design_1_axi_interconnect_hp0_imp_auto_pc_3_axi_protocol_converter_v2_1_37_axi_protocol_converter/design_1_axi_interconnect_hp0_imp_auto_pc_3_axi_protocol_converter_v2_1_37_axi3_conv/design_1_axi_interconnect_hp0_imp_auto_pc_3_axi_protocol_converter_v2_1_37_a_axi3_conv/design_1_axi_interconnect_hp0_imp_auto_pc_3_axi_data_fifo_v2_1_36_axic_fifo_0/design_1_axi_interconnect_hp0_imp_auto_pc_3_axi_data_fifo_v2_1_36_fifo_gen/<hidden>/<hidden>/<hidden>/<hidden>/<hidden>/<hidden>
  -------------------------------------------------------------------
                         required time                         -0.851    
                         arrival time                           1.448    
  -------------------------------------------------------------------
                         slack                                  0.598    

Slack (MET) :             0.598ns  (arrival time - required time)
  Source:                 snn_integrated_top/design_1_wrapper/design_1/design_1_axi_interconnect_hp0_0/s03_couplers_imp_13X28CE/design_1_axi_interconnect_hp0_imp_auto_pc_3/design_1_axi_interconnect_hp0_imp_auto_pc_3_axi_protocol_converter_v2_1_37_axi_protocol_converter/design_1_axi_interconnect_hp0_imp_auto_pc_3_axi_protocol_converter_v2_1_37_axi3_conv/design_1_axi_interconnect_hp0_imp_auto_pc_3_axi_protocol_converter_v2_1_37_a_axi3_conv/design_1_axi_interconnect_hp0_imp_auto_pc_3_axi_data_fifo_v2_1_36_axic_fifo_0/design_1_axi_interconnect_hp0_imp_auto_pc_3_axi_data_fifo_v2_1_36_fifo_gen/<hidden>/<hidden>/<hidden>/<hidden>/<hidden>
                            (rising edge-triggered cell FDRE clocked by clk_fpga_0  {rise@0.000ns fall@5.000ns period=10.000ns})
  Destination:            snn_integrated_top/design_1_wrapper/design_1/design_1_axi_interconnect_hp0_0/s03_couplers_imp_13X28CE/design_1_axi_interconnect_hp0_imp_auto_pc_3/design_1_axi_interconnect_hp0_imp_auto_pc_3_axi_protocol_converter_v2_1_37_axi_protocol_converter/design_1_axi_interconnect_hp0_imp_auto_pc_3_axi_protocol_converter_v2_1_37_axi3_conv/design_1_axi_interconnect_hp0_imp_auto_pc_3_axi_protocol_converter_v2_1_37_a_axi3_conv/design_1_axi_interconnect_hp0_imp_auto_pc_3_axi_data_fifo_v2_1_36_axic_fifo_0/design_1_axi_interconnect_hp0_imp_auto_pc_3_axi_data_fifo_v2_1_36_fifo_gen/<hidden>/<hidden>/<hidden>/<hidden>/<hidden>/<hidden>
                            (removal check against rising-edge clock clk_fpga_0  {rise@0.000ns fall@5.000ns period=10.000ns})
  Path Group:             **async_default**
  Path Type:              Removal (Min at Fast Process Corner)
  Requirement:            0.000ns  (clk_fpga_0 rise@0.000ns - clk_fpga_0 rise@0.000ns)
  Data Path Delay:        0.537ns  (logic 0.186ns (34.665%)  route 0.351ns (65.335%))
  Logic Levels:           1  (LUT3=1)
  Clock Path Skew:        0.034ns (DCD - SCD - CPR)
    Destination Clock Delay (DCD):    1.210ns
    Source Clock Delay      (SCD):    0.912ns
    Clock Pessimism Removal (CPR):    0.264ns

    Location             Delay type                Incr(ns)  Path(ns)    Netlist Resource(s)
  -------------------------------------------------------------------    -------------------
                         (clock clk_fpga_0 rise edge)
                                                      0.000     0.000 r  
    PS7_X0Y0             PS7                          0.000     0.000 r  u_block_design/design_1_i/processing_system7_0/inst/PS7_i/FCLKCLK[0]
                         net (fo=1, routed)           0.310     0.310    u_block_design/design_1_i/processing_system7_0/inst/FCLK_CLK_unbuffered[0]
    BUFGCTRL_X0Y16       BUFG (Prop_bufg_I_O)         0.026     0.336 r  u_block_design/design_1_i/processing_system7_0/inst/buffer_fclk_clk_0.FCLK_CLK_0_BUFG/O
                         net (fo=16061, routed)       0.576     0.912    snn_integrated_top/design_1_wrapper/design_1/design_1_axi_interconnect_hp0_0/s03_couplers_imp_13X28CE/design_1_axi_interconnect_hp0_imp_auto_pc_3/design_1_axi_interconnect_hp0_imp_auto_pc_3_axi_protocol_converter_v2_1_37_axi_protocol_converter/design_1_axi_interconnect_hp0_imp_auto_pc_3_axi_protocol_converter_v2_1_37_axi3_conv/design_1_axi_interconnect_hp0_imp_auto_pc_3_axi_protocol_converter_v2_1_37_a_axi3_conv/design_1_axi_interconnect_hp0_imp_auto_pc_3_axi_data_fifo_v2_1_36_axic_fifo_0/design_1_axi_interconnect_hp0_imp_auto_pc_3_axi_data_fifo_v2_1_36_fifo_gen/<hidden>/<hidden>/<hidden>/<hidden>/<hidden>
    SLICE_X57Y58         FDRE                                         r  snn_integrated_top/design_1_wrapper/design_1/design_1_axi_interconnect_hp0_0/s03_couplers_imp_13X28CE/design_1_axi_interconnect_hp0_imp_auto_pc_3/design_1_axi_interconnect_hp0_imp_auto_pc_3_axi_protocol_converter_v2_1_37_axi_protocol_converter/design_1_axi_interconnect_hp0_imp_auto_pc_3_axi_protocol_converter_v2_1_37_axi3_conv/design_1_axi_interconnect_hp0_imp_auto_pc_3_axi_protocol_converter_v2_1_37_a_axi3_conv/design_1_axi_interconnect_hp0_imp_auto_pc_3_axi_data_fifo_v2_1_36_axic_fifo_0/design_1_axi_interconnect_hp0_imp_auto_pc_3_axi_data_fifo_v2_1_36_fifo_gen/<hidden>/<hidden>/<hidden>/<hidden>/<hidden>
  -------------------------------------------------------------------    -------------------
    SLICE_X57Y58         FDRE (Prop_fdre_C_Q)         0.141     1.053 f  snn_integrated_top/design_1_wrapper/design_1/design_1_axi_interconnect_hp0_0/s03_couplers_imp_13X28CE/design_1_axi_interconnect_hp0_imp_auto_pc_3/design_1_axi_interconnect_hp0_imp_auto_pc_3_axi_protocol_converter_v2_1_37_axi_protocol_converter/design_1_axi_interconnect_hp0_imp_auto_pc_3_axi_protocol_converter_v2_1_37_axi3_conv/design_1_axi_interconnect_hp0_imp_auto_pc_3_axi_protocol_converter_v2_1_37_a_axi3_conv/design_1_axi_interconnect_hp0_imp_auto_pc_3_axi_data_fifo_v2_1_36_axic_fifo_0/design_1_axi_interconnect_hp0_imp_auto_pc_3_axi_data_fifo_v2_1_36_fifo_gen/<hidden>/<hidden>/<hidden>/<hidden>/<hidden>
                         net (fo=3, routed)           0.145     1.198    snn_integrated_top/design_1_wrapper/design_1/design_1_axi_interconnect_hp0_0/s03_couplers_imp_13X28CE/design_1_axi_interconnect_hp0_imp_auto_pc_3/design_1_axi_interconnect_hp0_imp_auto_pc_3_axi_protocol_converter_v2_1_37_axi_protocol_converter/design_1_axi_interconnect_hp0_imp_auto_pc_3_axi_protocol_converter_v2_1_37_axi3_conv/design_1_axi_interconnect_hp0_imp_auto_pc_3_axi_protocol_converter_v2_1_37_a_axi3_conv/design_1_axi_interconnect_hp0_imp_auto_pc_3_axi_data_fifo_v2_1_36_axic_fifo_0/design_1_axi_interconnect_hp0_imp_auto_pc_3_axi_data_fifo_v2_1_36_fifo_gen/<hidden>/<hidden>/<hidden>/<hidden>/<hidden>
    SLICE_X57Y58         LUT3 (Prop_lut3_I1_O)        0.045     1.243 f  snn_integrated_top/design_1_wrapper/design_1/design_1_axi_interconnect_hp0_0/s03_couplers_imp_13X28CE/design_1_axi_interconnect_hp0_imp_auto_pc_3/design_1_axi_interconnect_hp0_imp_auto_pc_3_axi_protocol_converter_v2_1_37_axi_protocol_converter/design_1_axi_interconnect_hp0_imp_auto_pc_3_axi_protocol_converter_v2_1_37_axi3_conv/design_1_axi_interconnect_hp0_imp_auto_pc_3_axi_protocol_converter_v2_1_37_a_axi3_conv/design_1_axi_interconnect_hp0_imp_auto_pc_3_axi_data_fifo_v2_1_36_axic_fifo_0/design_1_axi_interconnect_hp0_imp_auto_pc_3_axi_data_fifo_v2_1_36_fifo_gen/<hidden>/<hidden>/<hidden>/<hidden>/<hidden>
                         net (fo=32, routed)          0.206     1.448    snn_integrated_top/design_1_wrapper/design_1/design_1_axi_interconnect_hp0_0/s03_couplers_imp_13X28CE/design_1_axi_interconnect_hp0_imp_auto_pc_3/design_1_axi_interconnect_hp0_imp_auto_pc_3_axi_protocol_converter_v2_1_37_axi_protocol_converter/design_1_axi_interconnect_hp0_imp_auto_pc_3_axi_protocol_converter_v2_1_37_axi3_conv/design_1_axi_interconnect_hp0_imp_auto_pc_3_axi_protocol_converter_v2_1_37_a_axi3_conv/design_1_axi_interconnect_hp0_imp_auto_pc_3_axi_data_fifo_v2_1_36_axic_fifo_0/design_1_axi_interconnect_hp0_imp_auto_pc_3_axi_data_fifo_v2_1_36_fifo_gen/<hidden>/<hidden>/<hidden>/<hidden>/<hidden>/<hidden>
    SLICE_X55Y58         FDPE                                         f  snn_integrated_top/design_1_wrapper/design_1/design_1_axi_interconnect_hp0_0/s03_couplers_imp_13X28CE/design_1_axi_interconnect_hp0_imp_auto_pc_3/design_1_axi_interconnect_hp0_imp_auto_pc_3_axi_protocol_converter_v2_1_37_axi_protocol_converter/design_1_axi_interconnect_hp0_imp_auto_pc_3_axi_protocol_converter_v2_1_37_axi3_conv/design_1_axi_interconnect_hp0_imp_auto_pc_3_axi_protocol_converter_v2_1_37_a_axi3_conv/design_1_axi_interconnect_hp0_imp_auto_pc_3_axi_data_fifo_v2_1_36_axic_fifo_0/design_1_axi_interconnect_hp0_imp_auto_pc_3_axi_data_fifo_v2_1_36_fifo_gen/<hidden>/<hidden>/<hidden>/<hidden>/<hidden>/<hidden>
  -------------------------------------------------------------------    -------------------

                         (clock clk_fpga_0 rise edge)
                                                      0.000     0.000 r  
    PS7_X0Y0             PS7                          0.000     0.000 r  u_block_design/design_1_i/processing_system7_0/inst/PS7_i/FCLKCLK[0]
                         net (fo=1, routed)           0.337     0.337    u_block_design/design_1_i/processing_system7_0/inst/FCLK_CLK_unbuffered[0]
    BUFGCTRL_X0Y16       BUFG (Prop_bufg_I_O)         0.029     0.366 r  u_block_design/design_1_i/processing_system7_0/inst/buffer_fclk_clk_0.FCLK_CLK_0_BUFG/O
                         net (fo=16061, routed)       0.844     1.210    snn_integrated_top/design_1_wrapper/design_1/design_1_axi_interconnect_hp0_0/s03_couplers_imp_13X28CE/design_1_axi_interconnect_hp0_imp_auto_pc_3/design_1_axi_interconnect_hp0_imp_auto_pc_3_axi_protocol_converter_v2_1_37_axi_protocol_converter/design_1_axi_interconnect_hp0_imp_auto_pc_3_axi_protocol_converter_v2_1_37_axi3_conv/design_1_axi_interconnect_hp0_imp_auto_pc_3_axi_protocol_converter_v2_1_37_a_axi3_conv/design_1_axi_interconnect_hp0_imp_auto_pc_3_axi_data_fifo_v2_1_36_axic_fifo_0/design_1_axi_interconnect_hp0_imp_auto_pc_3_axi_data_fifo_v2_1_36_fifo_gen/<hidden>/<hidden>/<hidden>/<hidden>/<hidden>/<hidden>
    SLICE_X55Y58         FDPE                                         r  snn_integrated_top/design_1_wrapper/design_1/design_1_axi_interconnect_hp0_0/s03_couplers_imp_13X28CE/design_1_axi_interconnect_hp0_imp_auto_pc_3/design_1_axi_interconnect_hp0_imp_auto_pc_3_axi_protocol_converter_v2_1_37_axi_protocol_converter/design_1_axi_interconnect_hp0_imp_auto_pc_3_axi_protocol_converter_v2_1_37_axi3_conv/design_1_axi_interconnect_hp0_imp_auto_pc_3_axi_protocol_converter_v2_1_37_a_axi3_conv/design_1_axi_interconnect_hp0_imp_auto_pc_3_axi_data_fifo_v2_1_36_axic_fifo_0/design_1_axi_interconnect_hp0_imp_auto_pc_3_axi_data_fifo_v2_1_36_fifo_gen/<hidden>/<hidden>/<hidden>/<hidden>/<hidden>/<hidden>
                         clock pessimism             -0.264     0.946    
    SLICE_X55Y58         FDPE (Remov_fdpe_C_PRE)     -0.095     0.851    snn_integrated_top/design_1_wrapper/design_1/design_1_axi_interconnect_hp0_0/s03_couplers_imp_13X28CE/design_1_axi_interconnect_hp0_imp_auto_pc_3/design_1_axi_interconnect_hp0_imp_auto_pc_3_axi_protocol_converter_v2_1_37_axi_protocol_converter/design_1_axi_interconnect_hp0_imp_auto_pc_3_axi_protocol_converter_v2_1_37_axi3_conv/design_1_axi_interconnect_hp0_imp_auto_pc_3_axi_protocol_converter_v2_1_37_a_axi3_conv/design_1_axi_interconnect_hp0_imp_auto_pc_3_axi_data_fifo_v2_1_36_axic_fifo_0/design_1_axi_interconnect_hp0_imp_auto_pc_3_axi_data_fifo_v2_1_36_fifo_gen/<hidden>/<hidden>/<hidden>/<hidden>/<hidden>/<hidden>
  -------------------------------------------------------------------
                         required time                         -0.851    
                         arrival time                           1.448    
  -------------------------------------------------------------------
                         slack                                  0.598    

Slack (MET) :             0.598ns  (arrival time - required time)
  Source:                 snn_integrated_top/design_1_wrapper/design_1/design_1_axi_interconnect_hp0_0/s03_couplers_imp_13X28CE/design_1_axi_interconnect_hp0_imp_auto_pc_3/design_1_axi_interconnect_hp0_imp_auto_pc_3_axi_protocol_converter_v2_1_37_axi_protocol_converter/design_1_axi_interconnect_hp0_imp_auto_pc_3_axi_protocol_converter_v2_1_37_axi3_conv/design_1_axi_interconnect_hp0_imp_auto_pc_3_axi_protocol_converter_v2_1_37_a_axi3_conv/design_1_axi_interconnect_hp0_imp_auto_pc_3_axi_data_fifo_v2_1_36_axic_fifo_0/design_1_axi_interconnect_hp0_imp_auto_pc_3_axi_data_fifo_v2_1_36_fifo_gen/<hidden>/<hidden>/<hidden>/<hidden>/<hidden>
                            (rising edge-triggered cell FDRE clocked by clk_fpga_0  {rise@0.000ns fall@5.000ns period=10.000ns})
  Destination:            snn_integrated_top/design_1_wrapper/design_1/design_1_axi_interconnect_hp0_0/s03_couplers_imp_13X28CE/design_1_axi_interconnect_hp0_imp_auto_pc_3/design_1_axi_interconnect_hp0_imp_auto_pc_3_axi_protocol_converter_v2_1_37_axi_protocol_converter/design_1_axi_interconnect_hp0_imp_auto_pc_3_axi_protocol_converter_v2_1_37_axi3_conv/design_1_axi_interconnect_hp0_imp_auto_pc_3_axi_protocol_converter_v2_1_37_a_axi3_conv/design_1_axi_interconnect_hp0_imp_auto_pc_3_axi_data_fifo_v2_1_36_axic_fifo_0/design_1_axi_interconnect_hp0_imp_auto_pc_3_axi_data_fifo_v2_1_36_fifo_gen/<hidden>/<hidden>/<hidden>/<hidden>/<hidden>/<hidden>
                            (removal check against rising-edge clock clk_fpga_0  {rise@0.000ns fall@5.000ns period=10.000ns})
  Path Group:             **async_default**
  Path Type:              Removal (Min at Fast Process Corner)
  Requirement:            0.000ns  (clk_fpga_0 rise@0.000ns - clk_fpga_0 rise@0.000ns)
  Data Path Delay:        0.537ns  (logic 0.186ns (34.665%)  route 0.351ns (65.335%))
  Logic Levels:           1  (LUT3=1)
  Clock Path Skew:        0.034ns (DCD - SCD - CPR)
    Destination Clock Delay (DCD):    1.210ns
    Source Clock Delay      (SCD):    0.912ns
    Clock Pessimism Removal (CPR):    0.264ns

    Location             Delay type                Incr(ns)  Path(ns)    Netlist Resource(s)
  -------------------------------------------------------------------    -------------------
                         (clock clk_fpga_0 rise edge)
                                                      0.000     0.000 r  
    PS7_X0Y0             PS7                          0.000     0.000 r  u_block_design/design_1_i/processing_system7_0/inst/PS7_i/FCLKCLK[0]
                         net (fo=1, routed)           0.310     0.310    u_block_design/design_1_i/processing_system7_0/inst/FCLK_CLK_unbuffered[0]
    BUFGCTRL_X0Y16       BUFG (Prop_bufg_I_O)         0.026     0.336 r  u_block_design/design_1_i/processing_system7_0/inst/buffer_fclk_clk_0.FCLK_CLK_0_BUFG/O
                         net (fo=16061, routed)       0.576     0.912    snn_integrated_top/design_1_wrapper/design_1/design_1_axi_interconnect_hp0_0/s03_couplers_imp_13X28CE/design_1_axi_interconnect_hp0_imp_auto_pc_3/design_1_axi_interconnect_hp0_imp_auto_pc_3_axi_protocol_converter_v2_1_37_axi_protocol_converter/design_1_axi_interconnect_hp0_imp_auto_pc_3_axi_protocol_converter_v2_1_37_axi3_conv/design_1_axi_interconnect_hp0_imp_auto_pc_3_axi_protocol_converter_v2_1_37_a_axi3_conv/design_1_axi_interconnect_hp0_imp_auto_pc_3_axi_data_fifo_v2_1_36_axic_fifo_0/design_1_axi_interconnect_hp0_imp_auto_pc_3_axi_data_fifo_v2_1_36_fifo_gen/<hidden>/<hidden>/<hidden>/<hidden>/<hidden>
    SLICE_X57Y58         FDRE                                         r  snn_integrated_top/design_1_wrapper/design_1/design_1_axi_interconnect_hp0_0/s03_couplers_imp_13X28CE/design_1_axi_interconnect_hp0_imp_auto_pc_3/design_1_axi_interconnect_hp0_imp_auto_pc_3_axi_protocol_converter_v2_1_37_axi_protocol_converter/design_1_axi_interconnect_hp0_imp_auto_pc_3_axi_protocol_converter_v2_1_37_axi3_conv/design_1_axi_interconnect_hp0_imp_auto_pc_3_axi_protocol_converter_v2_1_37_a_axi3_conv/design_1_axi_interconnect_hp0_imp_auto_pc_3_axi_data_fifo_v2_1_36_axic_fifo_0/design_1_axi_interconnect_hp0_imp_auto_pc_3_axi_data_fifo_v2_1_36_fifo_gen/<hidden>/<hidden>/<hidden>/<hidden>/<hidden>
  -------------------------------------------------------------------    -------------------
    SLICE_X57Y58         FDRE (Prop_fdre_C_Q)         0.141     1.053 f  snn_integrated_top/design_1_wrapper/design_1/design_1_axi_interconnect_hp0_0/s03_couplers_imp_13X28CE/design_1_axi_interconnect_hp0_imp_auto_pc_3/design_1_axi_interconnect_hp0_imp_auto_pc_3_axi_protocol_converter_v2_1_37_axi_protocol_converter/design_1_axi_interconnect_hp0_imp_auto_pc_3_axi_protocol_converter_v2_1_37_axi3_conv/design_1_axi_interconnect_hp0_imp_auto_pc_3_axi_protocol_converter_v2_1_37_a_axi3_conv/design_1_axi_interconnect_hp0_imp_auto_pc_3_axi_data_fifo_v2_1_36_axic_fifo_0/design_1_axi_interconnect_hp0_imp_auto_pc_3_axi_data_fifo_v2_1_36_fifo_gen/<hidden>/<hidden>/<hidden>/<hidden>/<hidden>
                         net (fo=3, routed)           0.145     1.198    snn_integrated_top/design_1_wrapper/design_1/design_1_axi_interconnect_hp0_0/s03_couplers_imp_13X28CE/design_1_axi_interconnect_hp0_imp_auto_pc_3/design_1_axi_interconnect_hp0_imp_auto_pc_3_axi_protocol_converter_v2_1_37_axi_protocol_converter/design_1_axi_interconnect_hp0_imp_auto_pc_3_axi_protocol_converter_v2_1_37_axi3_conv/design_1_axi_interconnect_hp0_imp_auto_pc_3_axi_protocol_converter_v2_1_37_a_axi3_conv/design_1_axi_interconnect_hp0_imp_auto_pc_3_axi_data_fifo_v2_1_36_axic_fifo_0/design_1_axi_interconnect_hp0_imp_auto_pc_3_axi_data_fifo_v2_1_36_fifo_gen/<hidden>/<hidden>/<hidden>/<hidden>/<hidden>
    SLICE_X57Y58         LUT3 (Prop_lut3_I1_O)        0.045     1.243 f  snn_integrated_top/design_1_wrapper/design_1/design_1_axi_interconnect_hp0_0/s03_couplers_imp_13X28CE/design_1_axi_interconnect_hp0_imp_auto_pc_3/design_1_axi_interconnect_hp0_imp_auto_pc_3_axi_protocol_converter_v2_1_37_axi_protocol_converter/design_1_axi_interconnect_hp0_imp_auto_pc_3_axi_protocol_converter_v2_1_37_axi3_conv/design_1_axi_interconnect_hp0_imp_auto_pc_3_axi_protocol_converter_v2_1_37_a_axi3_conv/design_1_axi_interconnect_hp0_imp_auto_pc_3_axi_data_fifo_v2_1_36_axic_fifo_0/design_1_axi_interconnect_hp0_imp_auto_pc_3_axi_data_fifo_v2_1_36_fifo_gen/<hidden>/<hidden>/<hidden>/<hidden>/<hidden>
                         net (fo=32, routed)          0.206     1.448    snn_integrated_top/design_1_wrapper/design_1/design_1_axi_interconnect_hp0_0/s03_couplers_imp_13X28CE/design_1_axi_interconnect_hp0_imp_auto_pc_3/design_1_axi_interconnect_hp0_imp_auto_pc_3_axi_protocol_converter_v2_1_37_axi_protocol_converter/design_1_axi_interconnect_hp0_imp_auto_pc_3_axi_protocol_converter_v2_1_37_axi3_conv/design_1_axi_interconnect_hp0_imp_auto_pc_3_axi_protocol_converter_v2_1_37_a_axi3_conv/design_1_axi_interconnect_hp0_imp_auto_pc_3_axi_data_fifo_v2_1_36_axic_fifo_0/design_1_axi_interconnect_hp0_imp_auto_pc_3_axi_data_fifo_v2_1_36_fifo_gen/<hidden>/<hidden>/<hidden>/<hidden>/<hidden>/<hidden>
    SLICE_X55Y58         FDPE                                         f  snn_integrated_top/design_1_wrapper/design_1/design_1_axi_interconnect_hp0_0/s03_couplers_imp_13X28CE/design_1_axi_interconnect_hp0_imp_auto_pc_3/design_1_axi_interconnect_hp0_imp_auto_pc_3_axi_protocol_converter_v2_1_37_axi_protocol_converter/design_1_axi_interconnect_hp0_imp_auto_pc_3_axi_protocol_converter_v2_1_37_axi3_conv/design_1_axi_interconnect_hp0_imp_auto_pc_3_axi_protocol_converter_v2_1_37_a_axi3_conv/design_1_axi_interconnect_hp0_imp_auto_pc_3_axi_data_fifo_v2_1_36_axic_fifo_0/design_1_axi_interconnect_hp0_imp_auto_pc_3_axi_data_fifo_v2_1_36_fifo_gen/<hidden>/<hidden>/<hidden>/<hidden>/<hidden>/<hidden>
  -------------------------------------------------------------------    -------------------

                         (clock clk_fpga_0 rise edge)
                                                      0.000     0.000 r  
    PS7_X0Y0             PS7                          0.000     0.000 r  u_block_design/design_1_i/processing_system7_0/inst/PS7_i/FCLKCLK[0]
                         net (fo=1, routed)           0.337     0.337    u_block_design/design_1_i/processing_system7_0/inst/FCLK_CLK_unbuffered[0]
    BUFGCTRL_X0Y16       BUFG (Prop_bufg_I_O)         0.029     0.366 r  u_block_design/design_1_i/processing_system7_0/inst/buffer_fclk_clk_0.FCLK_CLK_0_BUFG/O
                         net (fo=16061, routed)       0.844     1.210    snn_integrated_top/design_1_wrapper/design_1/design_1_axi_interconnect_hp0_0/s03_couplers_imp_13X28CE/design_1_axi_interconnect_hp0_imp_auto_pc_3/design_1_axi_interconnect_hp0_imp_auto_pc_3_axi_protocol_converter_v2_1_37_axi_protocol_converter/design_1_axi_interconnect_hp0_imp_auto_pc_3_axi_protocol_converter_v2_1_37_axi3_conv/design_1_axi_interconnect_hp0_imp_auto_pc_3_axi_protocol_converter_v2_1_37_a_axi3_conv/design_1_axi_interconnect_hp0_imp_auto_pc_3_axi_data_fifo_v2_1_36_axic_fifo_0/design_1_axi_interconnect_hp0_imp_auto_pc_3_axi_data_fifo_v2_1_36_fifo_gen/<hidden>/<hidden>/<hidden>/<hidden>/<hidden>/<hidden>
    SLICE_X55Y58         FDPE                                         r  snn_integrated_top/design_1_wrapper/design_1/design_1_axi_interconnect_hp0_0/s03_couplers_imp_13X28CE/design_1_axi_interconnect_hp0_imp_auto_pc_3/design_1_axi_interconnect_hp0_imp_auto_pc_3_axi_protocol_converter_v2_1_37_axi_protocol_converter/design_1_axi_interconnect_hp0_imp_auto_pc_3_axi_protocol_converter_v2_1_37_axi3_conv/design_1_axi_interconnect_hp0_imp_auto_pc_3_axi_protocol_converter_v2_1_37_a_axi3_conv/design_1_axi_interconnect_hp0_imp_auto_pc_3_axi_data_fifo_v2_1_36_axic_fifo_0/design_1_axi_interconnect_hp0_imp_auto_pc_3_axi_data_fifo_v2_1_36_fifo_gen/<hidden>/<hidden>/<hidden>/<hidden>/<hidden>/<hidden>
                         clock pessimism             -0.264     0.946    
    SLICE_X55Y58         FDPE (Remov_fdpe_C_PRE)     -0.095     0.851    snn_integrated_top/design_1_wrapper/design_1/design_1_axi_interconnect_hp0_0/s03_couplers_imp_13X28CE/design_1_axi_interconnect_hp0_imp_auto_pc_3/design_1_axi_interconnect_hp0_imp_auto_pc_3_axi_protocol_converter_v2_1_37_axi_protocol_converter/design_1_axi_interconnect_hp0_imp_auto_pc_3_axi_protocol_converter_v2_1_37_axi3_conv/design_1_axi_interconnect_hp0_imp_auto_pc_3_axi_protocol_converter_v2_1_37_a_axi3_conv/design_1_axi_interconnect_hp0_imp_auto_pc_3_axi_data_fifo_v2_1_36_axic_fifo_0/design_1_axi_interconnect_hp0_imp_auto_pc_3_axi_data_fifo_v2_1_36_fifo_gen/<hidden>/<hidden>/<hidden>/<hidden>/<hidden>/<hidden>
  -------------------------------------------------------------------
                         required time                         -0.851    
                         arrival time                           1.448    
  -------------------------------------------------------------------
                         slack                                  0.598    

Slack (MET) :             0.616ns  (arrival time - required time)
  Source:                 snn_integrated_top/design_1_wrapper/design_1/design_1_axi_interconnect_hp0_0/s00_couplers_imp_S4BDUK/design_1_axi_interconnect_hp0_imp_auto_pc_0/design_1_axi_interconnect_hp0_imp_auto_pc_0_axi_protocol_converter_v2_1_37_axi_protocol_converter/design_1_axi_interconnect_hp0_imp_auto_pc_0_axi_protocol_converter_v2_1_37_axi3_conv/design_1_axi_interconnect_hp0_imp_auto_pc_0_axi_protocol_converter_v2_1_37_a_axi3_conv/design_1_axi_interconnect_hp0_imp_auto_pc_0_axi_data_fifo_v2_1_36_axic_fifo/design_1_axi_interconnect_hp0_imp_auto_pc_0_axi_data_fifo_v2_1_36_fifo_gen/<hidden>/<hidden>/<hidden>/<hidden>/<hidden>
                            (rising edge-triggered cell FDRE clocked by clk_fpga_0  {rise@0.000ns fall@5.000ns period=10.000ns})
  Destination:            snn_integrated_top/design_1_wrapper/design_1/design_1_axi_interconnect_hp0_0/s00_couplers_imp_S4BDUK/design_1_axi_interconnect_hp0_imp_auto_pc_0/design_1_axi_interconnect_hp0_imp_auto_pc_0_axi_protocol_converter_v2_1_37_axi_protocol_converter/design_1_axi_interconnect_hp0_imp_auto_pc_0_axi_protocol_converter_v2_1_37_axi3_conv/design_1_axi_interconnect_hp0_imp_auto_pc_0_axi_protocol_converter_v2_1_37_a_axi3_conv/design_1_axi_interconnect_hp0_imp_auto_pc_0_axi_data_fifo_v2_1_36_axic_fifo/design_1_axi_interconnect_hp0_imp_auto_pc_0_axi_data_fifo_v2_1_36_fifo_gen/<hidden>/<hidden>/<hidden>/<hidden>/<hidden>/<hidden>
                            (removal check against rising-edge clock clk_fpga_0  {rise@0.000ns fall@5.000ns period=10.000ns})
  Path Group:             **async_default**
  Path Type:              Removal (Min at Fast Process Corner)
  Requirement:            0.000ns  (clk_fpga_0 rise@0.000ns - clk_fpga_0 rise@0.000ns)
  Data Path Delay:        0.537ns  (logic 0.226ns (42.062%)  route 0.311ns (57.938%))
  Logic Levels:           1  (LUT3=1)
  Clock Path Skew:        0.013ns (DCD - SCD - CPR)
    Destination Clock Delay (DCD):    1.213ns
    Source Clock Delay      (SCD):    0.913ns
    Clock Pessimism Removal (CPR):    0.287ns

    Location             Delay type                Incr(ns)  Path(ns)    Netlist Resource(s)
  -------------------------------------------------------------------    -------------------
                         (clock clk_fpga_0 rise edge)
                                                      0.000     0.000 r  
    PS7_X0Y0             PS7                          0.000     0.000 r  u_block_design/design_1_i/processing_system7_0/inst/PS7_i/FCLKCLK[0]
                         net (fo=1, routed)           0.310     0.310    u_block_design/design_1_i/processing_system7_0/inst/FCLK_CLK_unbuffered[0]
    BUFGCTRL_X0Y16       BUFG (Prop_bufg_I_O)         0.026     0.336 r  u_block_design/design_1_i/processing_system7_0/inst/buffer_fclk_clk_0.FCLK_CLK_0_BUFG/O
                         net (fo=16061, routed)       0.577     0.913    snn_integrated_top/design_1_wrapper/design_1/design_1_axi_interconnect_hp0_0/s00_couplers_imp_S4BDUK/design_1_axi_interconnect_hp0_imp_auto_pc_0/design_1_axi_interconnect_hp0_imp_auto_pc_0_axi_protocol_converter_v2_1_37_axi_protocol_converter/design_1_axi_interconnect_hp0_imp_auto_pc_0_axi_protocol_converter_v2_1_37_axi3_conv/design_1_axi_interconnect_hp0_imp_auto_pc_0_axi_protocol_converter_v2_1_37_a_axi3_conv/design_1_axi_interconnect_hp0_imp_auto_pc_0_axi_data_fifo_v2_1_36_axic_fifo/design_1_axi_interconnect_hp0_imp_auto_pc_0_axi_data_fifo_v2_1_36_fifo_gen/<hidden>/<hidden>/<hidden>/<hidden>/<hidden>
    SLICE_X56Y54         FDRE                                         r  snn_integrated_top/design_1_wrapper/design_1/design_1_axi_interconnect_hp0_0/s00_couplers_imp_S4BDUK/design_1_axi_interconnect_hp0_imp_auto_pc_0/design_1_axi_interconnect_hp0_imp_auto_pc_0_axi_protocol_converter_v2_1_37_axi_protocol_converter/design_1_axi_interconnect_hp0_imp_auto_pc_0_axi_protocol_converter_v2_1_37_axi3_conv/design_1_axi_interconnect_hp0_imp_auto_pc_0_axi_protocol_converter_v2_1_37_a_axi3_conv/design_1_axi_interconnect_hp0_imp_auto_pc_0_axi_data_fifo_v2_1_36_axic_fifo/design_1_axi_interconnect_hp0_imp_auto_pc_0_axi_data_fifo_v2_1_36_fifo_gen/<hidden>/<hidden>/<hidden>/<hidden>/<hidden>
  -------------------------------------------------------------------    -------------------
    SLICE_X56Y54         FDRE (Prop_fdre_C_Q)         0.128     1.041 f  snn_integrated_top/design_1_wrapper/design_1/design_1_axi_interconnect_hp0_0/s00_couplers_imp_S4BDUK/design_1_axi_interconnect_hp0_imp_auto_pc_0/design_1_axi_interconnect_hp0_imp_auto_pc_0_axi_protocol_converter_v2_1_37_axi_protocol_converter/design_1_axi_interconnect_hp0_imp_auto_pc_0_axi_protocol_converter_v2_1_37_axi3_conv/design_1_axi_interconnect_hp0_imp_auto_pc_0_axi_protocol_converter_v2_1_37_a_axi3_conv/design_1_axi_interconnect_hp0_imp_auto_pc_0_axi_data_fifo_v2_1_36_axic_fifo/design_1_axi_interconnect_hp0_imp_auto_pc_0_axi_data_fifo_v2_1_36_fifo_gen/<hidden>/<hidden>/<hidden>/<hidden>/<hidden>
                         net (fo=1, routed)           0.107     1.147    snn_integrated_top/design_1_wrapper/design_1/design_1_axi_interconnect_hp0_0/s00_couplers_imp_S4BDUK/design_1_axi_interconnect_hp0_imp_auto_pc_0/design_1_axi_interconnect_hp0_imp_auto_pc_0_axi_protocol_converter_v2_1_37_axi_protocol_converter/design_1_axi_interconnect_hp0_imp_auto_pc_0_axi_protocol_converter_v2_1_37_axi3_conv/design_1_axi_interconnect_hp0_imp_auto_pc_0_axi_protocol_converter_v2_1_37_a_axi3_conv/design_1_axi_interconnect_hp0_imp_auto_pc_0_axi_data_fifo_v2_1_36_axic_fifo/design_1_axi_interconnect_hp0_imp_auto_pc_0_axi_data_fifo_v2_1_36_fifo_gen/<hidden>/<hidden>/<hidden>/<hidden>/<hidden>
    SLICE_X56Y54         LUT3 (Prop_lut3_I0_O)        0.098     1.245 f  snn_integrated_top/design_1_wrapper/design_1/design_1_axi_interconnect_hp0_0/s00_couplers_imp_S4BDUK/design_1_axi_interconnect_hp0_imp_auto_pc_0/design_1_axi_interconnect_hp0_imp_auto_pc_0_axi_protocol_converter_v2_1_37_axi_protocol_converter/design_1_axi_interconnect_hp0_imp_auto_pc_0_axi_protocol_converter_v2_1_37_axi3_conv/design_1_axi_interconnect_hp0_imp_auto_pc_0_axi_protocol_converter_v2_1_37_a_axi3_conv/design_1_axi_interconnect_hp0_imp_auto_pc_0_axi_data_fifo_v2_1_36_axic_fifo/design_1_axi_interconnect_hp0_imp_auto_pc_0_axi_data_fifo_v2_1_36_fifo_gen/<hidden>/<hidden>/<hidden>/<hidden>/<hidden>
                         net (fo=33, routed)          0.205     1.450    snn_integrated_top/design_1_wrapper/design_1/design_1_axi_interconnect_hp0_0/s00_couplers_imp_S4BDUK/design_1_axi_interconnect_hp0_imp_auto_pc_0/design_1_axi_interconnect_hp0_imp_auto_pc_0_axi_protocol_converter_v2_1_37_axi_protocol_converter/design_1_axi_interconnect_hp0_imp_auto_pc_0_axi_protocol_converter_v2_1_37_axi3_conv/design_1_axi_interconnect_hp0_imp_auto_pc_0_axi_protocol_converter_v2_1_37_a_axi3_conv/design_1_axi_interconnect_hp0_imp_auto_pc_0_axi_data_fifo_v2_1_36_axic_fifo/design_1_axi_interconnect_hp0_imp_auto_pc_0_axi_data_fifo_v2_1_36_fifo_gen/<hidden>/<hidden>/<hidden>/<hidden>/<hidden>/<hidden>
    SLICE_X57Y54         FDCE                                         f  snn_integrated_top/design_1_wrapper/design_1/design_1_axi_interconnect_hp0_0/s00_couplers_imp_S4BDUK/design_1_axi_interconnect_hp0_imp_auto_pc_0/design_1_axi_interconnect_hp0_imp_auto_pc_0_axi_protocol_converter_v2_1_37_axi_protocol_converter/design_1_axi_interconnect_hp0_imp_auto_pc_0_axi_protocol_converter_v2_1_37_axi3_conv/design_1_axi_interconnect_hp0_imp_auto_pc_0_axi_protocol_converter_v2_1_37_a_axi3_conv/design_1_axi_interconnect_hp0_imp_auto_pc_0_axi_data_fifo_v2_1_36_axic_fifo/design_1_axi_interconnect_hp0_imp_auto_pc_0_axi_data_fifo_v2_1_36_fifo_gen/<hidden>/<hidden>/<hidden>/<hidden>/<hidden>/<hidden>
  -------------------------------------------------------------------    -------------------

                         (clock clk_fpga_0 rise edge)
                                                      0.000     0.000 r  
    PS7_X0Y0             PS7                          0.000     0.000 r  u_block_design/design_1_i/processing_system7_0/inst/PS7_i/FCLKCLK[0]
                         net (fo=1, routed)           0.337     0.337    u_block_design/design_1_i/processing_system7_0/inst/FCLK_CLK_unbuffered[0]
    BUFGCTRL_X0Y16       BUFG (Prop_bufg_I_O)         0.029     0.366 r  u_block_design/design_1_i/processing_system7_0/inst/buffer_fclk_clk_0.FCLK_CLK_0_BUFG/O
                         net (fo=16061, routed)       0.847     1.213    snn_integrated_top/design_1_wrapper/design_1/design_1_axi_interconnect_hp0_0/s00_couplers_imp_S4BDUK/design_1_axi_interconnect_hp0_imp_auto_pc_0/design_1_axi_interconnect_hp0_imp_auto_pc_0_axi_protocol_converter_v2_1_37_axi_protocol_converter/design_1_axi_interconnect_hp0_imp_auto_pc_0_axi_protocol_converter_v2_1_37_axi3_conv/design_1_axi_interconnect_hp0_imp_auto_pc_0_axi_protocol_converter_v2_1_37_a_axi3_conv/design_1_axi_interconnect_hp0_imp_auto_pc_0_axi_data_fifo_v2_1_36_axic_fifo/design_1_axi_interconnect_hp0_imp_auto_pc_0_axi_data_fifo_v2_1_36_fifo_gen/<hidden>/<hidden>/<hidden>/<hidden>/<hidden>/<hidden>
    SLICE_X57Y54         FDCE                                         r  snn_integrated_top/design_1_wrapper/design_1/design_1_axi_interconnect_hp0_0/s00_couplers_imp_S4BDUK/design_1_axi_interconnect_hp0_imp_auto_pc_0/design_1_axi_interconnect_hp0_imp_auto_pc_0_axi_protocol_converter_v2_1_37_axi_protocol_converter/design_1_axi_interconnect_hp0_imp_auto_pc_0_axi_protocol_converter_v2_1_37_axi3_conv/design_1_axi_interconnect_hp0_imp_auto_pc_0_axi_protocol_converter_v2_1_37_a_axi3_conv/design_1_axi_interconnect_hp0_imp_auto_pc_0_axi_data_fifo_v2_1_36_axic_fifo/design_1_axi_interconnect_hp0_imp_auto_pc_0_axi_data_fifo_v2_1_36_fifo_gen/<hidden>/<hidden>/<hidden>/<hidden>/<hidden>/<hidden>
                         clock pessimism             -0.287     0.926    
    SLICE_X57Y54         FDCE (Remov_fdce_C_CLR)     -0.092     0.834    snn_integrated_top/design_1_wrapper/design_1/design_1_axi_interconnect_hp0_0/s00_couplers_imp_S4BDUK/design_1_axi_interconnect_hp0_imp_auto_pc_0/design_1_axi_interconnect_hp0_imp_auto_pc_0_axi_protocol_converter_v2_1_37_axi_protocol_converter/design_1_axi_interconnect_hp0_imp_auto_pc_0_axi_protocol_converter_v2_1_37_axi3_conv/design_1_axi_interconnect_hp0_imp_auto_pc_0_axi_protocol_converter_v2_1_37_a_axi3_conv/design_1_axi_interconnect_hp0_imp_auto_pc_0_axi_data_fifo_v2_1_36_axic_fifo/design_1_axi_interconnect_hp0_imp_auto_pc_0_axi_data_fifo_v2_1_36_fifo_gen/<hidden>/<hidden>/<hidden>/<hidden>/<hidden>/<hidden>
  -------------------------------------------------------------------
                         required time                         -0.834    
                         arrival time                           1.450    
  -------------------------------------------------------------------
                         slack                                  0.616    

Slack (MET) :             0.616ns  (arrival time - required time)
  Source:                 snn_integrated_top/design_1_wrapper/design_1/design_1_axi_interconnect_hp0_0/s00_couplers_imp_S4BDUK/design_1_axi_interconnect_hp0_imp_auto_pc_0/design_1_axi_interconnect_hp0_imp_auto_pc_0_axi_protocol_converter_v2_1_37_axi_protocol_converter/design_1_axi_interconnect_hp0_imp_auto_pc_0_axi_protocol_converter_v2_1_37_axi3_conv/design_1_axi_interconnect_hp0_imp_auto_pc_0_axi_protocol_converter_v2_1_37_a_axi3_conv/design_1_axi_interconnect_hp0_imp_auto_pc_0_axi_data_fifo_v2_1_36_axic_fifo/design_1_axi_interconnect_hp0_imp_auto_pc_0_axi_data_fifo_v2_1_36_fifo_gen/<hidden>/<hidden>/<hidden>/<hidden>/<hidden>
                            (rising edge-triggered cell FDRE clocked by clk_fpga_0  {rise@0.000ns fall@5.000ns period=10.000ns})
  Destination:            snn_integrated_top/design_1_wrapper/design_1/design_1_axi_interconnect_hp0_0/s00_couplers_imp_S4BDUK/design_1_axi_interconnect_hp0_imp_auto_pc_0/design_1_axi_interconnect_hp0_imp_auto_pc_0_axi_protocol_converter_v2_1_37_axi_protocol_converter/design_1_axi_interconnect_hp0_imp_auto_pc_0_axi_protocol_converter_v2_1_37_axi3_conv/design_1_axi_interconnect_hp0_imp_auto_pc_0_axi_protocol_converter_v2_1_37_a_axi3_conv/design_1_axi_interconnect_hp0_imp_auto_pc_0_axi_data_fifo_v2_1_36_axic_fifo/design_1_axi_interconnect_hp0_imp_auto_pc_0_axi_data_fifo_v2_1_36_fifo_gen/<hidden>/<hidden>/<hidden>/<hidden>/<hidden>/<hidden>
                            (removal check against rising-edge clock clk_fpga_0  {rise@0.000ns fall@5.000ns period=10.000ns})
  Path Group:             **async_default**
  Path Type:              Removal (Min at Fast Process Corner)
  Requirement:            0.000ns  (clk_fpga_0 rise@0.000ns - clk_fpga_0 rise@0.000ns)
  Data Path Delay:        0.537ns  (logic 0.226ns (42.062%)  route 0.311ns (57.938%))
  Logic Levels:           1  (LUT3=1)
  Clock Path Skew:        0.013ns (DCD - SCD - CPR)
    Destination Clock Delay (DCD):    1.213ns
    Source Clock Delay      (SCD):    0.913ns
    Clock Pessimism Removal (CPR):    0.287ns

    Location             Delay type                Incr(ns)  Path(ns)    Netlist Resource(s)
  -------------------------------------------------------------------    -------------------
                         (clock clk_fpga_0 rise edge)
                                                      0.000     0.000 r  
    PS7_X0Y0             PS7                          0.000     0.000 r  u_block_design/design_1_i/processing_system7_0/inst/PS7_i/FCLKCLK[0]
                         net (fo=1, routed)           0.310     0.310    u_block_design/design_1_i/processing_system7_0/inst/FCLK_CLK_unbuffered[0]
    BUFGCTRL_X0Y16       BUFG (Prop_bufg_I_O)         0.026     0.336 r  u_block_design/design_1_i/processing_system7_0/inst/buffer_fclk_clk_0.FCLK_CLK_0_BUFG/O
                         net (fo=16061, routed)       0.577     0.913    snn_integrated_top/design_1_wrapper/design_1/design_1_axi_interconnect_hp0_0/s00_couplers_imp_S4BDUK/design_1_axi_interconnect_hp0_imp_auto_pc_0/design_1_axi_interconnect_hp0_imp_auto_pc_0_axi_protocol_converter_v2_1_37_axi_protocol_converter/design_1_axi_interconnect_hp0_imp_auto_pc_0_axi_protocol_converter_v2_1_37_axi3_conv/design_1_axi_interconnect_hp0_imp_auto_pc_0_axi_protocol_converter_v2_1_37_a_axi3_conv/design_1_axi_interconnect_hp0_imp_auto_pc_0_axi_data_fifo_v2_1_36_axic_fifo/design_1_axi_interconnect_hp0_imp_auto_pc_0_axi_data_fifo_v2_1_36_fifo_gen/<hidden>/<hidden>/<hidden>/<hidden>/<hidden>
    SLICE_X56Y54         FDRE                                         r  snn_integrated_top/design_1_wrapper/design_1/design_1_axi_interconnect_hp0_0/s00_couplers_imp_S4BDUK/design_1_axi_interconnect_hp0_imp_auto_pc_0/design_1_axi_interconnect_hp0_imp_auto_pc_0_axi_protocol_converter_v2_1_37_axi_protocol_converter/design_1_axi_interconnect_hp0_imp_auto_pc_0_axi_protocol_converter_v2_1_37_axi3_conv/design_1_axi_interconnect_hp0_imp_auto_pc_0_axi_protocol_converter_v2_1_37_a_axi3_conv/design_1_axi_interconnect_hp0_imp_auto_pc_0_axi_data_fifo_v2_1_36_axic_fifo/design_1_axi_interconnect_hp0_imp_auto_pc_0_axi_data_fifo_v2_1_36_fifo_gen/<hidden>/<hidden>/<hidden>/<hidden>/<hidden>
  -------------------------------------------------------------------    -------------------
    SLICE_X56Y54         FDRE (Prop_fdre_C_Q)         0.128     1.041 f  snn_integrated_top/design_1_wrapper/design_1/design_1_axi_interconnect_hp0_0/s00_couplers_imp_S4BDUK/design_1_axi_interconnect_hp0_imp_auto_pc_0/design_1_axi_interconnect_hp0_imp_auto_pc_0_axi_protocol_converter_v2_1_37_axi_protocol_converter/design_1_axi_interconnect_hp0_imp_auto_pc_0_axi_protocol_converter_v2_1_37_axi3_conv/design_1_axi_interconnect_hp0_imp_auto_pc_0_axi_protocol_converter_v2_1_37_a_axi3_conv/design_1_axi_interconnect_hp0_imp_auto_pc_0_axi_data_fifo_v2_1_36_axic_fifo/design_1_axi_interconnect_hp0_imp_auto_pc_0_axi_data_fifo_v2_1_36_fifo_gen/<hidden>/<hidden>/<hidden>/<hidden>/<hidden>
                         net (fo=1, routed)           0.107     1.147    snn_integrated_top/design_1_wrapper/design_1/design_1_axi_interconnect_hp0_0/s00_couplers_imp_S4BDUK/design_1_axi_interconnect_hp0_imp_auto_pc_0/design_1_axi_interconnect_hp0_imp_auto_pc_0_axi_protocol_converter_v2_1_37_axi_protocol_converter/design_1_axi_interconnect_hp0_imp_auto_pc_0_axi_protocol_converter_v2_1_37_axi3_conv/design_1_axi_interconnect_hp0_imp_auto_pc_0_axi_protocol_converter_v2_1_37_a_axi3_conv/design_1_axi_interconnect_hp0_imp_auto_pc_0_axi_data_fifo_v2_1_36_axic_fifo/design_1_axi_interconnect_hp0_imp_auto_pc_0_axi_data_fifo_v2_1_36_fifo_gen/<hidden>/<hidden>/<hidden>/<hidden>/<hidden>
    SLICE_X56Y54         LUT3 (Prop_lut3_I0_O)        0.098     1.245 f  snn_integrated_top/design_1_wrapper/design_1/design_1_axi_interconnect_hp0_0/s00_couplers_imp_S4BDUK/design_1_axi_interconnect_hp0_imp_auto_pc_0/design_1_axi_interconnect_hp0_imp_auto_pc_0_axi_protocol_converter_v2_1_37_axi_protocol_converter/design_1_axi_interconnect_hp0_imp_auto_pc_0_axi_protocol_converter_v2_1_37_axi3_conv/design_1_axi_interconnect_hp0_imp_auto_pc_0_axi_protocol_converter_v2_1_37_a_axi3_conv/design_1_axi_interconnect_hp0_imp_auto_pc_0_axi_data_fifo_v2_1_36_axic_fifo/design_1_axi_interconnect_hp0_imp_auto_pc_0_axi_data_fifo_v2_1_36_fifo_gen/<hidden>/<hidden>/<hidden>/<hidden>/<hidden>
                         net (fo=33, routed)          0.205     1.450    snn_integrated_top/design_1_wrapper/design_1/design_1_axi_interconnect_hp0_0/s00_couplers_imp_S4BDUK/design_1_axi_interconnect_hp0_imp_auto_pc_0/design_1_axi_interconnect_hp0_imp_auto_pc_0_axi_protocol_converter_v2_1_37_axi_protocol_converter/design_1_axi_interconnect_hp0_imp_auto_pc_0_axi_protocol_converter_v2_1_37_axi3_conv/design_1_axi_interconnect_hp0_imp_auto_pc_0_axi_protocol_converter_v2_1_37_a_axi3_conv/design_1_axi_interconnect_hp0_imp_auto_pc_0_axi_data_fifo_v2_1_36_axic_fifo/design_1_axi_interconnect_hp0_imp_auto_pc_0_axi_data_fifo_v2_1_36_fifo_gen/<hidden>/<hidden>/<hidden>/<hidden>/<hidden>/<hidden>
    SLICE_X57Y54         FDCE                                         f  snn_integrated_top/design_1_wrapper/design_1/design_1_axi_interconnect_hp0_0/s00_couplers_imp_S4BDUK/design_1_axi_interconnect_hp0_imp_auto_pc_0/design_1_axi_interconnect_hp0_imp_auto_pc_0_axi_protocol_converter_v2_1_37_axi_protocol_converter/design_1_axi_interconnect_hp0_imp_auto_pc_0_axi_protocol_converter_v2_1_37_axi3_conv/design_1_axi_interconnect_hp0_imp_auto_pc_0_axi_protocol_converter_v2_1_37_a_axi3_conv/design_1_axi_interconnect_hp0_imp_auto_pc_0_axi_data_fifo_v2_1_36_axic_fifo/design_1_axi_interconnect_hp0_imp_auto_pc_0_axi_data_fifo_v2_1_36_fifo_gen/<hidden>/<hidden>/<hidden>/<hidden>/<hidden>/<hidden>
  -------------------------------------------------------------------    -------------------

                         (clock clk_fpga_0 rise edge)
                                                      0.000     0.000 r  
    PS7_X0Y0             PS7                          0.000     0.000 r  u_block_design/design_1_i/processing_system7_0/inst/PS7_i/FCLKCLK[0]
                         net (fo=1, routed)           0.337     0.337    u_block_design/design_1_i/processing_system7_0/inst/FCLK_CLK_unbuffered[0]
    BUFGCTRL_X0Y16       BUFG (Prop_bufg_I_O)         0.029     0.366 r  u_block_design/design_1_i/processing_system7_0/inst/buffer_fclk_clk_0.FCLK_CLK_0_BUFG/O
                         net (fo=16061, routed)       0.847     1.213    snn_integrated_top/design_1_wrapper/design_1/design_1_axi_interconnect_hp0_0/s00_couplers_imp_S4BDUK/design_1_axi_interconnect_hp0_imp_auto_pc_0/design_1_axi_interconnect_hp0_imp_auto_pc_0_axi_protocol_converter_v2_1_37_axi_protocol_converter/design_1_axi_interconnect_hp0_imp_auto_pc_0_axi_protocol_converter_v2_1_37_axi3_conv/design_1_axi_interconnect_hp0_imp_auto_pc_0_axi_protocol_converter_v2_1_37_a_axi3_conv/design_1_axi_interconnect_hp0_imp_auto_pc_0_axi_data_fifo_v2_1_36_axic_fifo/design_1_axi_interconnect_hp0_imp_auto_pc_0_axi_data_fifo_v2_1_36_fifo_gen/<hidden>/<hidden>/<hidden>/<hidden>/<hidden>/<hidden>
    SLICE_X57Y54         FDCE                                         r  snn_integrated_top/design_1_wrapper/design_1/design_1_axi_interconnect_hp0_0/s00_couplers_imp_S4BDUK/design_1_axi_interconnect_hp0_imp_auto_pc_0/design_1_axi_interconnect_hp0_imp_auto_pc_0_axi_protocol_converter_v2_1_37_axi_protocol_converter/design_1_axi_interconnect_hp0_imp_auto_pc_0_axi_protocol_converter_v2_1_37_axi3_conv/design_1_axi_interconnect_hp0_imp_auto_pc_0_axi_protocol_converter_v2_1_37_a_axi3_conv/design_1_axi_interconnect_hp0_imp_auto_pc_0_axi_data_fifo_v2_1_36_axic_fifo/design_1_axi_interconnect_hp0_imp_auto_pc_0_axi_data_fifo_v2_1_36_fifo_gen/<hidden>/<hidden>/<hidden>/<hidden>/<hidden>/<hidden>
                         clock pessimism             -0.287     0.926    
    SLICE_X57Y54         FDCE (Remov_fdce_C_CLR)     -0.092     0.834    snn_integrated_top/design_1_wrapper/design_1/design_1_axi_interconnect_hp0_0/s00_couplers_imp_S4BDUK/design_1_axi_interconnect_hp0_imp_auto_pc_0/design_1_axi_interconnect_hp0_imp_auto_pc_0_axi_protocol_converter_v2_1_37_axi_protocol_converter/design_1_axi_interconnect_hp0_imp_auto_pc_0_axi_protocol_converter_v2_1_37_axi3_conv/design_1_axi_interconnect_hp0_imp_auto_pc_0_axi_protocol_converter_v2_1_37_a_axi3_conv/design_1_axi_interconnect_hp0_imp_auto_pc_0_axi_data_fifo_v2_1_36_axic_fifo/design_1_axi_interconnect_hp0_imp_auto_pc_0_axi_data_fifo_v2_1_36_fifo_gen/<hidden>/<hidden>/<hidden>/<hidden>/<hidden>/<hidden>
  -------------------------------------------------------------------
                         required time                         -0.834    
                         arrival time                           1.450    
  -------------------------------------------------------------------
                         slack                                  0.616    





--------------------------------------------------------------------------------------
Path Group:  (none)
From Clock:  
  To Clock:  clk_fpga_0

Max Delay             1 Endpoint
Min Delay             1 Endpoint
--------------------------------------------------------------------------------------


Max Delay Paths
--------------------------------------------------------------------------------------
Slack:                    inf
  Source:                 u_block_design/design_1_i/processing_system7_0/inst/PS7_i/FCLKRESETN[0]
                            (internal pin)
  Destination:            u_block_design/design_1_i/proc_sys_reset_0/U0/EXT_LPF/ACTIVE_LOW_EXT.ACT_LO_EXT/syncstages_ff_reg[0]/D
                            (rising edge-triggered cell FDRE clocked by clk_fpga_0  {rise@0.000ns fall@5.000ns period=10.000ns})
  Path Group:             (none)
  Path Type:              Setup (Max at Slow Process Corner)
  Data Path Delay:        2.408ns  (logic 0.124ns (5.149%)  route 2.284ns (94.852%))
  Logic Levels:           1  (LUT1=1)
  Clock Uncertainty:      0.152ns  ((TSJ^2 + TIJ^2)^1/2 + DJ) / 2 + PE
    Total System Jitter     (TSJ):    0.050ns
    Total Input Jitter      (TIJ):    0.300ns
    Discrete Jitter          (DJ):    0.000ns
    Phase Error              (PE):    0.000ns
  Timing Exception:       False Path

    Location             Delay type                Incr(ns)  Path(ns)    Netlist Resource(s)
  -------------------------------------------------------------------    -------------------
    PS7_X0Y0             PS7                          0.000     0.000 f  u_block_design/design_1_i/processing_system7_0/inst/PS7_i/FCLKRESETN[0]
                         net (fo=1, routed)           2.284     2.284    u_block_design/design_1_i/proc_sys_reset_0/U0/EXT_LPF/ext_reset_in
    SLICE_X56Y99         LUT1 (Prop_lut1_I0_O)        0.124     2.408 r  u_block_design/design_1_i/proc_sys_reset_0/U0/EXT_LPF/ACTIVE_LOW_EXT.ACT_LO_EXT_i_1/O
                         net (fo=1, routed)           0.000     2.408    u_block_design/design_1_i/proc_sys_reset_0/U0/EXT_LPF/ACTIVE_LOW_EXT.ACT_LO_EXT/src_in
    SLICE_X56Y99         FDRE                                         r  u_block_design/design_1_i/proc_sys_reset_0/U0/EXT_LPF/ACTIVE_LOW_EXT.ACT_LO_EXT/syncstages_ff_reg[0]/D
  -------------------------------------------------------------------    -------------------

                         (clock clk_fpga_0 rise edge)
                                                      0.000     0.000 r  
    PS7_X0Y0             PS7                          0.000     0.000 r  u_block_design/design_1_i/processing_system7_0/inst/PS7_i/FCLKCLK[0]
                         net (fo=1, routed)           1.088     1.088    u_block_design/design_1_i/processing_system7_0/inst/FCLK_CLK_unbuffered[0]
    BUFGCTRL_X0Y16       BUFG (Prop_bufg_I_O)         0.091     1.179 r  u_block_design/design_1_i/processing_system7_0/inst/buffer_fclk_clk_0.FCLK_CLK_0_BUFG/O
                         net (fo=16061, routed)       1.538     2.717    u_block_design/design_1_i/proc_sys_reset_0/U0/EXT_LPF/ACTIVE_LOW_EXT.ACT_LO_EXT/dest_clk
    SLICE_X56Y99         FDRE                                         r  u_block_design/design_1_i/proc_sys_reset_0/U0/EXT_LPF/ACTIVE_LOW_EXT.ACT_LO_EXT/syncstages_ff_reg[0]/C





Min Delay Paths
--------------------------------------------------------------------------------------
Slack:                    inf
  Source:                 u_block_design/design_1_i/processing_system7_0/inst/PS7_i/FCLKRESETN[0]
                            (internal pin)
  Destination:            u_block_design/design_1_i/proc_sys_reset_0/U0/EXT_LPF/ACTIVE_LOW_EXT.ACT_LO_EXT/syncstages_ff_reg[0]/D
                            (rising edge-triggered cell FDRE clocked by clk_fpga_0  {rise@0.000ns fall@5.000ns period=10.000ns})
  Path Group:             (none)
  Path Type:              Hold (Min at Fast Process Corner)
  Data Path Delay:        1.015ns  (logic 0.045ns (4.431%)  route 0.970ns (95.569%))
  Logic Levels:           1  (LUT1=1)
  Clock Uncertainty:      0.152ns  ((TSJ^2 + TIJ^2)^1/2 + DJ) / 2 + PE
    Total System Jitter     (TSJ):    0.050ns
    Total Input Jitter      (TIJ):    0.300ns
    Discrete Jitter          (DJ):    0.000ns
    Phase Error              (PE):    0.000ns
  Timing Exception:       False Path

    Location             Delay type                Incr(ns)  Path(ns)    Netlist Resource(s)
  -------------------------------------------------------------------    -------------------
    PS7_X0Y0             PS7                          0.000     0.000 f  u_block_design/design_1_i/processing_system7_0/inst/PS7_i/FCLKRESETN[0]
                         net (fo=1, routed)           0.970     0.970    u_block_design/design_1_i/proc_sys_reset_0/U0/EXT_LPF/ext_reset_in
    SLICE_X56Y99         LUT1 (Prop_lut1_I0_O)        0.045     1.015 r  u_block_design/design_1_i/proc_sys_reset_0/U0/EXT_LPF/ACTIVE_LOW_EXT.ACT_LO_EXT_i_1/O
                         net (fo=1, routed)           0.000     1.015    u_block_design/design_1_i/proc_sys_reset_0/U0/EXT_LPF/ACTIVE_LOW_EXT.ACT_LO_EXT/src_in
    SLICE_X56Y99         FDRE                                         r  u_block_design/design_1_i/proc_sys_reset_0/U0/EXT_LPF/ACTIVE_LOW_EXT.ACT_LO_EXT/syncstages_ff_reg[0]/D
  -------------------------------------------------------------------    -------------------

                         (clock clk_fpga_0 rise edge)
                                                      0.000     0.000 r  
    PS7_X0Y0             PS7                          0.000     0.000 r  u_block_design/design_1_i/processing_system7_0/inst/PS7_i/FCLKCLK[0]
                         net (fo=1, routed)           0.337     0.337    u_block_design/design_1_i/processing_system7_0/inst/FCLK_CLK_unbuffered[0]
    BUFGCTRL_X0Y16       BUFG (Prop_bufg_I_O)         0.029     0.366 r  u_block_design/design_1_i/processing_system7_0/inst/buffer_fclk_clk_0.FCLK_CLK_0_BUFG/O
                         net (fo=16061, routed)       0.848     1.214    u_block_design/design_1_i/proc_sys_reset_0/U0/EXT_LPF/ACTIVE_LOW_EXT.ACT_LO_EXT/dest_clk
    SLICE_X56Y99         FDRE                                         r  u_block_design/design_1_i/proc_sys_reset_0/U0/EXT_LPF/ACTIVE_LOW_EXT.ACT_LO_EXT/syncstages_ff_reg[0]/C





--------------------------------------------------------------------------------------
Path Group:  (none)
From Clock:  clk_fpga_0
  To Clock:  clk_fpga_0

Max Delay            16 Endpoints
Min Delay            16 Endpoints
--------------------------------------------------------------------------------------


Max Delay Paths
--------------------------------------------------------------------------------------
Slack:                    inf
  Source:                 u_block_design/design_1_i/proc_sys_reset_0/U0/ACTIVE_LOW_PR_OUT_DFF[0].FDRE_PER_N/C
                            (rising edge-triggered cell FDRE clocked by clk_fpga_0  {rise@0.000ns fall@5.000ns period=10.000ns})
  Destination:            snn_integrated_top/design_1_wrapper/design_1/design_1_axi_interconnect_hp0_0/s02_couplers_imp_QSEXJZ/design_1_axi_interconnect_hp0_imp_auto_pc_2/design_1_axi_interconnect_hp0_imp_auto_pc_2_axi_protocol_converter_v2_1_37_axi_protocol_converter/design_1_axi_interconnect_hp0_imp_auto_pc_2_axi_protocol_converter_v2_1_37_axi3_conv/design_1_axi_interconnect_hp0_imp_auto_pc_2_axi_protocol_converter_v2_1_37_a_axi3_conv/design_1_axi_interconnect_hp0_imp_auto_pc_2_axi_data_fifo_v2_1_36_axic_fifo/design_1_axi_interconnect_hp0_imp_auto_pc_2_axi_data_fifo_v2_1_36_fifo_gen/<hidden>/<hidden>/<hidden>/<hidden>/<hidden>/<hidden>
                            (recovery check against rising-edge clock clk_fpga_0  {rise@0.000ns fall@5.000ns period=10.000ns})
  Path Group:             (none)
  Path Type:              Recovery (Max at Slow Process Corner)
  Data Path Delay:        6.934ns  (logic 0.606ns (8.740%)  route 6.328ns (91.260%))
  Logic Levels:           1  (LUT1=1)
  Clock Path Skew:        -0.452ns (DCD - SCD + CPR)
    Destination Clock Delay (DCD):    2.674ns
    Source Clock Delay      (SCD):    3.126ns
    Clock Pessimism Removal (CPR):    0.000ns
  Clock Uncertainty:      0.154ns  ((TSJ^2 + TIJ^2)^1/2 + DJ) / 2 + PE
    Total System Jitter     (TSJ):    0.071ns
    Total Input Jitter      (TIJ):    0.300ns
    Discrete Jitter          (DJ):    0.000ns
    Phase Error              (PE):    0.000ns
  Timing Exception:       False Path

    Location             Delay type                Incr(ns)  Path(ns)    Netlist Resource(s)
  -------------------------------------------------------------------    -------------------
                         (clock clk_fpga_0 rise edge)
                                                      0.000     0.000 r  
    PS7_X0Y0             PS7                          0.000     0.000 r  u_block_design/design_1_i/processing_system7_0/inst/PS7_i/FCLKCLK[0]
                         net (fo=1, routed)           1.193     1.193    u_block_design/design_1_i/processing_system7_0/inst/FCLK_CLK_unbuffered[0]
    BUFGCTRL_X0Y16       BUFG (Prop_bufg_I_O)         0.101     1.294 r  u_block_design/design_1_i/processing_system7_0/inst/buffer_fclk_clk_0.FCLK_CLK_0_BUFG/O
                         net (fo=16061, routed)       1.832     3.126    u_block_design/design_1_i/proc_sys_reset_0/U0/slowest_sync_clk
    SLICE_X52Y101        FDRE                                         r  u_block_design/design_1_i/proc_sys_reset_0/U0/ACTIVE_LOW_PR_OUT_DFF[0].FDRE_PER_N/C
  -------------------------------------------------------------------    -------------------
    SLICE_X52Y101        FDRE (Prop_fdre_C_Q)         0.456     3.582 r  u_block_design/design_1_i/proc_sys_reset_0/U0/ACTIVE_LOW_PR_OUT_DFF[0].FDRE_PER_N/Q
                         net (fo=77, routed)          4.678     8.260    u_block_design/design_1_i/axi_interconnect_hp0/s02_couplers/auto_pc/inst/gen_axi4_axi3.axi3_conv_inst/USE_READ.USE_SPLIT_R.read_addr_inst/USE_R_CHANNEL.cmd_queue/inst/aresetn
    SLICE_X41Y61         LUT1 (Prop_lut1_I0_O)        0.150     8.410 f  u_block_design/design_1_i/axi_interconnect_hp0/s02_couplers/auto_pc/inst/gen_axi4_axi3.axi3_conv_inst/USE_READ.USE_SPLIT_R.read_addr_inst/USE_R_CHANNEL.cmd_queue/inst/S_AXI_ASIZE_Q[2]_i_1/O
                         net (fo=44, routed)          1.650    10.060    snn_integrated_top/design_1_wrapper/design_1/design_1_axi_interconnect_hp0_0/s02_couplers_imp_QSEXJZ/design_1_axi_interconnect_hp0_imp_auto_pc_2/design_1_axi_interconnect_hp0_imp_auto_pc_2_axi_protocol_converter_v2_1_37_axi_protocol_converter/design_1_axi_interconnect_hp0_imp_auto_pc_2_axi_protocol_converter_v2_1_37_axi3_conv/design_1_axi_interconnect_hp0_imp_auto_pc_2_axi_protocol_converter_v2_1_37_a_axi3_conv/design_1_axi_interconnect_hp0_imp_auto_pc_2_axi_data_fifo_v2_1_36_axic_fifo/design_1_axi_interconnect_hp0_imp_auto_pc_2_axi_data_fifo_v2_1_36_fifo_gen/<hidden>/<hidden>/<hidden>/<hidden>/<hidden>/<hidden>
    SLICE_X40Y44         FDPE                                         f  snn_integrated_top/design_1_wrapper/design_1/design_1_axi_interconnect_hp0_0/s02_couplers_imp_QSEXJZ/design_1_axi_interconnect_hp0_imp_auto_pc_2/design_1_axi_interconnect_hp0_imp_auto_pc_2_axi_protocol_converter_v2_1_37_axi_protocol_converter/design_1_axi_interconnect_hp0_imp_auto_pc_2_axi_protocol_converter_v2_1_37_axi3_conv/design_1_axi_interconnect_hp0_imp_auto_pc_2_axi_protocol_converter_v2_1_37_a_axi3_conv/design_1_axi_interconnect_hp0_imp_auto_pc_2_axi_data_fifo_v2_1_36_axic_fifo/design_1_axi_interconnect_hp0_imp_auto_pc_2_axi_data_fifo_v2_1_36_fifo_gen/<hidden>/<hidden>/<hidden>/<hidden>/<hidden>/<hidden>
  -------------------------------------------------------------------    -------------------

                         (clock clk_fpga_0 rise edge)
                                                      0.000     0.000 r  
    PS7_X0Y0             PS7                          0.000     0.000 r  u_block_design/design_1_i/processing_system7_0/inst/PS7_i/FCLKCLK[0]
                         net (fo=1, routed)           1.088     1.088    u_block_design/design_1_i/processing_system7_0/inst/FCLK_CLK_unbuffered[0]
    BUFGCTRL_X0Y16       BUFG (Prop_bufg_I_O)         0.091     1.179 r  u_block_design/design_1_i/processing_system7_0/inst/buffer_fclk_clk_0.FCLK_CLK_0_BUFG/O
                         net (fo=16061, routed)       1.495     2.674    snn_integrated_top/design_1_wrapper/design_1/design_1_axi_interconnect_hp0_0/s02_couplers_imp_QSEXJZ/design_1_axi_interconnect_hp0_imp_auto_pc_2/design_1_axi_interconnect_hp0_imp_auto_pc_2_axi_protocol_converter_v2_1_37_axi_protocol_converter/design_1_axi_interconnect_hp0_imp_auto_pc_2_axi_protocol_converter_v2_1_37_axi3_conv/design_1_axi_interconnect_hp0_imp_auto_pc_2_axi_protocol_converter_v2_1_37_a_axi3_conv/design_1_axi_interconnect_hp0_imp_auto_pc_2_axi_data_fifo_v2_1_36_axic_fifo/design_1_axi_interconnect_hp0_imp_auto_pc_2_axi_data_fifo_v2_1_36_fifo_gen/<hidden>/<hidden>/<hidden>/<hidden>/<hidden>/<hidden>
    SLICE_X40Y44         FDPE                                         r  snn_integrated_top/design_1_wrapper/design_1/design_1_axi_interconnect_hp0_0/s02_couplers_imp_QSEXJZ/design_1_axi_interconnect_hp0_imp_auto_pc_2/design_1_axi_interconnect_hp0_imp_auto_pc_2_axi_protocol_converter_v2_1_37_axi_protocol_converter/design_1_axi_interconnect_hp0_imp_auto_pc_2_axi_protocol_converter_v2_1_37_axi3_conv/design_1_axi_interconnect_hp0_imp_auto_pc_2_axi_protocol_converter_v2_1_37_a_axi3_conv/design_1_axi_interconnect_hp0_imp_auto_pc_2_axi_data_fifo_v2_1_36_axic_fifo/design_1_axi_interconnect_hp0_imp_auto_pc_2_axi_data_fifo_v2_1_36_fifo_gen/<hidden>/<hidden>/<hidden>/<hidden>/<hidden>/<hidden>

Slack:                    inf
  Source:                 u_block_design/design_1_i/proc_sys_reset_0/U0/ACTIVE_LOW_PR_OUT_DFF[0].FDRE_PER_N/C
                            (rising edge-triggered cell FDRE clocked by clk_fpga_0  {rise@0.000ns fall@5.000ns period=10.000ns})
  Destination:            snn_integrated_top/design_1_wrapper/design_1/design_1_axi_interconnect_hp0_0/s02_couplers_imp_QSEXJZ/design_1_axi_interconnect_hp0_imp_auto_pc_2/design_1_axi_interconnect_hp0_imp_auto_pc_2_axi_protocol_converter_v2_1_37_axi_protocol_converter/design_1_axi_interconnect_hp0_imp_auto_pc_2_axi_protocol_converter_v2_1_37_axi3_conv/design_1_axi_interconnect_hp0_imp_auto_pc_2_axi_protocol_converter_v2_1_37_a_axi3_conv/design_1_axi_interconnect_hp0_imp_auto_pc_2_axi_data_fifo_v2_1_36_axic_fifo/design_1_axi_interconnect_hp0_imp_auto_pc_2_axi_data_fifo_v2_1_36_fifo_gen/<hidden>/<hidden>/<hidden>/<hidden>/<hidden>/<hidden>
                            (recovery check against rising-edge clock clk_fpga_0  {rise@0.000ns fall@5.000ns period=10.000ns})
  Path Group:             (none)
  Path Type:              Recovery (Max at Slow Process Corner)
  Data Path Delay:        6.934ns  (logic 0.606ns (8.740%)  route 6.328ns (91.260%))
  Logic Levels:           1  (LUT1=1)
  Clock Path Skew:        -0.452ns (DCD - SCD + CPR)
    Destination Clock Delay (DCD):    2.674ns
    Source Clock Delay      (SCD):    3.126ns
    Clock Pessimism Removal (CPR):    0.000ns
  Clock Uncertainty:      0.154ns  ((TSJ^2 + TIJ^2)^1/2 + DJ) / 2 + PE
    Total System Jitter     (TSJ):    0.071ns
    Total Input Jitter      (TIJ):    0.300ns
    Discrete Jitter          (DJ):    0.000ns
    Phase Error              (PE):    0.000ns
  Timing Exception:       False Path

    Location             Delay type                Incr(ns)  Path(ns)    Netlist Resource(s)
  -------------------------------------------------------------------    -------------------
                         (clock clk_fpga_0 rise edge)
                                                      0.000     0.000 r  
    PS7_X0Y0             PS7                          0.000     0.000 r  u_block_design/design_1_i/processing_system7_0/inst/PS7_i/FCLKCLK[0]
                         net (fo=1, routed)           1.193     1.193    u_block_design/design_1_i/processing_system7_0/inst/FCLK_CLK_unbuffered[0]
    BUFGCTRL_X0Y16       BUFG (Prop_bufg_I_O)         0.101     1.294 r  u_block_design/design_1_i/processing_system7_0/inst/buffer_fclk_clk_0.FCLK_CLK_0_BUFG/O
                         net (fo=16061, routed)       1.832     3.126    u_block_design/design_1_i/proc_sys_reset_0/U0/slowest_sync_clk
    SLICE_X52Y101        FDRE                                         r  u_block_design/design_1_i/proc_sys_reset_0/U0/ACTIVE_LOW_PR_OUT_DFF[0].FDRE_PER_N/C
  -------------------------------------------------------------------    -------------------
    SLICE_X52Y101        FDRE (Prop_fdre_C_Q)         0.456     3.582 r  u_block_design/design_1_i/proc_sys_reset_0/U0/ACTIVE_LOW_PR_OUT_DFF[0].FDRE_PER_N/Q
                         net (fo=77, routed)          4.678     8.260    u_block_design/design_1_i/axi_interconnect_hp0/s02_couplers/auto_pc/inst/gen_axi4_axi3.axi3_conv_inst/USE_READ.USE_SPLIT_R.read_addr_inst/USE_R_CHANNEL.cmd_queue/inst/aresetn
    SLICE_X41Y61         LUT1 (Prop_lut1_I0_O)        0.150     8.410 f  u_block_design/design_1_i/axi_interconnect_hp0/s02_couplers/auto_pc/inst/gen_axi4_axi3.axi3_conv_inst/USE_READ.USE_SPLIT_R.read_addr_inst/USE_R_CHANNEL.cmd_queue/inst/S_AXI_ASIZE_Q[2]_i_1/O
                         net (fo=44, routed)          1.650    10.060    snn_integrated_top/design_1_wrapper/design_1/design_1_axi_interconnect_hp0_0/s02_couplers_imp_QSEXJZ/design_1_axi_interconnect_hp0_imp_auto_pc_2/design_1_axi_interconnect_hp0_imp_auto_pc_2_axi_protocol_converter_v2_1_37_axi_protocol_converter/design_1_axi_interconnect_hp0_imp_auto_pc_2_axi_protocol_converter_v2_1_37_axi3_conv/design_1_axi_interconnect_hp0_imp_auto_pc_2_axi_protocol_converter_v2_1_37_a_axi3_conv/design_1_axi_interconnect_hp0_imp_auto_pc_2_axi_data_fifo_v2_1_36_axic_fifo/design_1_axi_interconnect_hp0_imp_auto_pc_2_axi_data_fifo_v2_1_36_fifo_gen/<hidden>/<hidden>/<hidden>/<hidden>/<hidden>/<hidden>
    SLICE_X40Y44         FDPE                                         f  snn_integrated_top/design_1_wrapper/design_1/design_1_axi_interconnect_hp0_0/s02_couplers_imp_QSEXJZ/design_1_axi_interconnect_hp0_imp_auto_pc_2/design_1_axi_interconnect_hp0_imp_auto_pc_2_axi_protocol_converter_v2_1_37_axi_protocol_converter/design_1_axi_interconnect_hp0_imp_auto_pc_2_axi_protocol_converter_v2_1_37_axi3_conv/design_1_axi_interconnect_hp0_imp_auto_pc_2_axi_protocol_converter_v2_1_37_a_axi3_conv/design_1_axi_interconnect_hp0_imp_auto_pc_2_axi_data_fifo_v2_1_36_axic_fifo/design_1_axi_interconnect_hp0_imp_auto_pc_2_axi_data_fifo_v2_1_36_fifo_gen/<hidden>/<hidden>/<hidden>/<hidden>/<hidden>/<hidden>
  -------------------------------------------------------------------    -------------------

                         (clock clk_fpga_0 rise edge)
                                                      0.000     0.000 r  
    PS7_X0Y0             PS7                          0.000     0.000 r  u_block_design/design_1_i/processing_system7_0/inst/PS7_i/FCLKCLK[0]
                         net (fo=1, routed)           1.088     1.088    u_block_design/design_1_i/processing_system7_0/inst/FCLK_CLK_unbuffered[0]
    BUFGCTRL_X0Y16       BUFG (Prop_bufg_I_O)         0.091     1.179 r  u_block_design/design_1_i/processing_system7_0/inst/buffer_fclk_clk_0.FCLK_CLK_0_BUFG/O
                         net (fo=16061, routed)       1.495     2.674    snn_integrated_top/design_1_wrapper/design_1/design_1_axi_interconnect_hp0_0/s02_couplers_imp_QSEXJZ/design_1_axi_interconnect_hp0_imp_auto_pc_2/design_1_axi_interconnect_hp0_imp_auto_pc_2_axi_protocol_converter_v2_1_37_axi_protocol_converter/design_1_axi_interconnect_hp0_imp_auto_pc_2_axi_protocol_converter_v2_1_37_axi3_conv/design_1_axi_interconnect_hp0_imp_auto_pc_2_axi_protocol_converter_v2_1_37_a_axi3_conv/design_1_axi_interconnect_hp0_imp_auto_pc_2_axi_data_fifo_v2_1_36_axic_fifo/design_1_axi_interconnect_hp0_imp_auto_pc_2_axi_data_fifo_v2_1_36_fifo_gen/<hidden>/<hidden>/<hidden>/<hidden>/<hidden>/<hidden>
    SLICE_X40Y44         FDPE                                         r  snn_integrated_top/design_1_wrapper/design_1/design_1_axi_interconnect_hp0_0/s02_couplers_imp_QSEXJZ/design_1_axi_interconnect_hp0_imp_auto_pc_2/design_1_axi_interconnect_hp0_imp_auto_pc_2_axi_protocol_converter_v2_1_37_axi_protocol_converter/design_1_axi_interconnect_hp0_imp_auto_pc_2_axi_protocol_converter_v2_1_37_axi3_conv/design_1_axi_interconnect_hp0_imp_auto_pc_2_axi_protocol_converter_v2_1_37_a_axi3_conv/design_1_axi_interconnect_hp0_imp_auto_pc_2_axi_data_fifo_v2_1_36_axic_fifo/design_1_axi_interconnect_hp0_imp_auto_pc_2_axi_data_fifo_v2_1_36_fifo_gen/<hidden>/<hidden>/<hidden>/<hidden>/<hidden>/<hidden>

Slack:                    inf
  Source:                 u_block_design/design_1_i/proc_sys_reset_0/U0/ACTIVE_LOW_PR_OUT_DFF[0].FDRE_PER_N/C
                            (rising edge-triggered cell FDRE clocked by clk_fpga_0  {rise@0.000ns fall@5.000ns period=10.000ns})
  Destination:            snn_integrated_top/design_1_wrapper/design_1/design_1_axi_interconnect_hp0_0/s00_couplers_imp_S4BDUK/design_1_axi_interconnect_hp0_imp_auto_pc_0/design_1_axi_interconnect_hp0_imp_auto_pc_0_axi_protocol_converter_v2_1_37_axi_protocol_converter/design_1_axi_interconnect_hp0_imp_auto_pc_0_axi_protocol_converter_v2_1_37_axi3_conv/design_1_axi_interconnect_hp0_imp_auto_pc_0_axi_protocol_converter_v2_1_37_a_axi3_conv/design_1_axi_interconnect_hp0_imp_auto_pc_0_axi_data_fifo_v2_1_36_axic_fifo/design_1_axi_interconnect_hp0_imp_auto_pc_0_axi_data_fifo_v2_1_36_fifo_gen/<hidden>/<hidden>/<hidden>/<hidden>/<hidden>/<hidden>
                            (recovery check against rising-edge clock clk_fpga_0  {rise@0.000ns fall@5.000ns period=10.000ns})
  Path Group:             (none)
  Path Type:              Recovery (Max at Slow Process Corner)
  Data Path Delay:        6.708ns  (logic 0.580ns (8.646%)  route 6.128ns (91.354%))
  Logic Levels:           1  (LUT1=1)
  Clock Path Skew:        -0.481ns (DCD - SCD + CPR)
    Destination Clock Delay (DCD):    2.645ns
    Source Clock Delay      (SCD):    3.126ns
    Clock Pessimism Removal (CPR):    0.000ns
  Clock Uncertainty:      0.154ns  ((TSJ^2 + TIJ^2)^1/2 + DJ) / 2 + PE
    Total System Jitter     (TSJ):    0.071ns
    Total Input Jitter      (TIJ):    0.300ns
    Discrete Jitter          (DJ):    0.000ns
    Phase Error              (PE):    0.000ns
  Timing Exception:       False Path

    Location             Delay type                Incr(ns)  Path(ns)    Netlist Resource(s)
  -------------------------------------------------------------------    -------------------
                         (clock clk_fpga_0 rise edge)
                                                      0.000     0.000 r  
    PS7_X0Y0             PS7                          0.000     0.000 r  u_block_design/design_1_i/processing_system7_0/inst/PS7_i/FCLKCLK[0]
                         net (fo=1, routed)           1.193     1.193    u_block_design/design_1_i/processing_system7_0/inst/FCLK_CLK_unbuffered[0]
    BUFGCTRL_X0Y16       BUFG (Prop_bufg_I_O)         0.101     1.294 r  u_block_design/design_1_i/processing_system7_0/inst/buffer_fclk_clk_0.FCLK_CLK_0_BUFG/O
                         net (fo=16061, routed)       1.832     3.126    u_block_design/design_1_i/proc_sys_reset_0/U0/slowest_sync_clk
    SLICE_X52Y101        FDRE                                         r  u_block_design/design_1_i/proc_sys_reset_0/U0/ACTIVE_LOW_PR_OUT_DFF[0].FDRE_PER_N/C
  -------------------------------------------------------------------    -------------------
    SLICE_X52Y101        FDRE (Prop_fdre_C_Q)         0.456     3.582 r  u_block_design/design_1_i/proc_sys_reset_0/U0/ACTIVE_LOW_PR_OUT_DFF[0].FDRE_PER_N/Q
                         net (fo=77, routed)          4.678     8.260    u_block_design/design_1_i/axi_interconnect_hp0/s00_couplers/auto_pc/inst/gen_axi4_axi3.axi3_conv_inst/USE_READ.USE_SPLIT_R.read_addr_inst/USE_R_CHANNEL.cmd_queue/inst/aresetn
    SLICE_X41Y61         LUT1 (Prop_lut1_I0_O)        0.124     8.384 f  u_block_design/design_1_i/axi_interconnect_hp0/s00_couplers/auto_pc/inst/gen_axi4_axi3.axi3_conv_inst/USE_READ.USE_SPLIT_R.read_addr_inst/USE_R_CHANNEL.cmd_queue/inst/S_AXI_ASIZE_Q[2]_i_1/O
                         net (fo=44, routed)          1.450     9.834    snn_integrated_top/design_1_wrapper/design_1/design_1_axi_interconnect_hp0_0/s00_couplers_imp_S4BDUK/design_1_axi_interconnect_hp0_imp_auto_pc_0/design_1_axi_interconnect_hp0_imp_auto_pc_0_axi_protocol_converter_v2_1_37_axi_protocol_converter/design_1_axi_interconnect_hp0_imp_auto_pc_0_axi_protocol_converter_v2_1_37_axi3_conv/design_1_axi_interconnect_hp0_imp_auto_pc_0_axi_protocol_converter_v2_1_37_a_axi3_conv/design_1_axi_interconnect_hp0_imp_auto_pc_0_axi_data_fifo_v2_1_36_axic_fifo/design_1_axi_interconnect_hp0_imp_auto_pc_0_axi_data_fifo_v2_1_36_fifo_gen/<hidden>/<hidden>/<hidden>/<hidden>/<hidden>/<hidden>
    SLICE_X51Y54         FDPE                                         f  snn_integrated_top/design_1_wrapper/design_1/design_1_axi_interconnect_hp0_0/s00_couplers_imp_S4BDUK/design_1_axi_interconnect_hp0_imp_auto_pc_0/design_1_axi_interconnect_hp0_imp_auto_pc_0_axi_protocol_converter_v2_1_37_axi_protocol_converter/design_1_axi_interconnect_hp0_imp_auto_pc_0_axi_protocol_converter_v2_1_37_axi3_conv/design_1_axi_interconnect_hp0_imp_auto_pc_0_axi_protocol_converter_v2_1_37_a_axi3_conv/design_1_axi_interconnect_hp0_imp_auto_pc_0_axi_data_fifo_v2_1_36_axic_fifo/design_1_axi_interconnect_hp0_imp_auto_pc_0_axi_data_fifo_v2_1_36_fifo_gen/<hidden>/<hidden>/<hidden>/<hidden>/<hidden>/<hidden>
  -------------------------------------------------------------------    -------------------

                         (clock clk_fpga_0 rise edge)
                                                      0.000     0.000 r  
    PS7_X0Y0             PS7                          0.000     0.000 r  u_block_design/design_1_i/processing_system7_0/inst/PS7_i/FCLKCLK[0]
                         net (fo=1, routed)           1.088     1.088    u_block_design/design_1_i/processing_system7_0/inst/FCLK_CLK_unbuffered[0]
    BUFGCTRL_X0Y16       BUFG (Prop_bufg_I_O)         0.091     1.179 r  u_block_design/design_1_i/processing_system7_0/inst/buffer_fclk_clk_0.FCLK_CLK_0_BUFG/O
                         net (fo=16061, routed)       1.466     2.645    snn_integrated_top/design_1_wrapper/design_1/design_1_axi_interconnect_hp0_0/s00_couplers_imp_S4BDUK/design_1_axi_interconnect_hp0_imp_auto_pc_0/design_1_axi_interconnect_hp0_imp_auto_pc_0_axi_protocol_converter_v2_1_37_axi_protocol_converter/design_1_axi_interconnect_hp0_imp_auto_pc_0_axi_protocol_converter_v2_1_37_axi3_conv/design_1_axi_interconnect_hp0_imp_auto_pc_0_axi_protocol_converter_v2_1_37_a_axi3_conv/design_1_axi_interconnect_hp0_imp_auto_pc_0_axi_data_fifo_v2_1_36_axic_fifo/design_1_axi_interconnect_hp0_imp_auto_pc_0_axi_data_fifo_v2_1_36_fifo_gen/<hidden>/<hidden>/<hidden>/<hidden>/<hidden>/<hidden>
    SLICE_X51Y54         FDPE                                         r  snn_integrated_top/design_1_wrapper/design_1/design_1_axi_interconnect_hp0_0/s00_couplers_imp_S4BDUK/design_1_axi_interconnect_hp0_imp_auto_pc_0/design_1_axi_interconnect_hp0_imp_auto_pc_0_axi_protocol_converter_v2_1_37_axi_protocol_converter/design_1_axi_interconnect_hp0_imp_auto_pc_0_axi_protocol_converter_v2_1_37_axi3_conv/design_1_axi_interconnect_hp0_imp_auto_pc_0_axi_protocol_converter_v2_1_37_a_axi3_conv/design_1_axi_interconnect_hp0_imp_auto_pc_0_axi_data_fifo_v2_1_36_axic_fifo/design_1_axi_interconnect_hp0_imp_auto_pc_0_axi_data_fifo_v2_1_36_fifo_gen/<hidden>/<hidden>/<hidden>/<hidden>/<hidden>/<hidden>

Slack:                    inf
  Source:                 u_block_design/design_1_i/proc_sys_reset_0/U0/ACTIVE_LOW_PR_OUT_DFF[0].FDRE_PER_N/C
                            (rising edge-triggered cell FDRE clocked by clk_fpga_0  {rise@0.000ns fall@5.000ns period=10.000ns})
  Destination:            snn_integrated_top/design_1_wrapper/design_1/design_1_axi_interconnect_hp0_0/s00_couplers_imp_S4BDUK/design_1_axi_interconnect_hp0_imp_auto_pc_0/design_1_axi_interconnect_hp0_imp_auto_pc_0_axi_protocol_converter_v2_1_37_axi_protocol_converter/design_1_axi_interconnect_hp0_imp_auto_pc_0_axi_protocol_converter_v2_1_37_axi3_conv/design_1_axi_interconnect_hp0_imp_auto_pc_0_axi_protocol_converter_v2_1_37_a_axi3_conv/design_1_axi_interconnect_hp0_imp_auto_pc_0_axi_data_fifo_v2_1_36_axic_fifo/design_1_axi_interconnect_hp0_imp_auto_pc_0_axi_data_fifo_v2_1_36_fifo_gen/<hidden>/<hidden>/<hidden>/<hidden>/<hidden>/<hidden>
                            (recovery check against rising-edge clock clk_fpga_0  {rise@0.000ns fall@5.000ns period=10.000ns})
  Path Group:             (none)
  Path Type:              Recovery (Max at Slow Process Corner)
  Data Path Delay:        6.708ns  (logic 0.580ns (8.646%)  route 6.128ns (91.354%))
  Logic Levels:           1  (LUT1=1)
  Clock Path Skew:        -0.481ns (DCD - SCD + CPR)
    Destination Clock Delay (DCD):    2.645ns
    Source Clock Delay      (SCD):    3.126ns
    Clock Pessimism Removal (CPR):    0.000ns
  Clock Uncertainty:      0.154ns  ((TSJ^2 + TIJ^2)^1/2 + DJ) / 2 + PE
    Total System Jitter     (TSJ):    0.071ns
    Total Input Jitter      (TIJ):    0.300ns
    Discrete Jitter          (DJ):    0.000ns
    Phase Error              (PE):    0.000ns
  Timing Exception:       False Path

    Location             Delay type                Incr(ns)  Path(ns)    Netlist Resource(s)
  -------------------------------------------------------------------    -------------------
                         (clock clk_fpga_0 rise edge)
                                                      0.000     0.000 r  
    PS7_X0Y0             PS7                          0.000     0.000 r  u_block_design/design_1_i/processing_system7_0/inst/PS7_i/FCLKCLK[0]
                         net (fo=1, routed)           1.193     1.193    u_block_design/design_1_i/processing_system7_0/inst/FCLK_CLK_unbuffered[0]
    BUFGCTRL_X0Y16       BUFG (Prop_bufg_I_O)         0.101     1.294 r  u_block_design/design_1_i/processing_system7_0/inst/buffer_fclk_clk_0.FCLK_CLK_0_BUFG/O
                         net (fo=16061, routed)       1.832     3.126    u_block_design/design_1_i/proc_sys_reset_0/U0/slowest_sync_clk
    SLICE_X52Y101        FDRE                                         r  u_block_design/design_1_i/proc_sys_reset_0/U0/ACTIVE_LOW_PR_OUT_DFF[0].FDRE_PER_N/C
  -------------------------------------------------------------------    -------------------
    SLICE_X52Y101        FDRE (Prop_fdre_C_Q)         0.456     3.582 r  u_block_design/design_1_i/proc_sys_reset_0/U0/ACTIVE_LOW_PR_OUT_DFF[0].FDRE_PER_N/Q
                         net (fo=77, routed)          4.678     8.260    u_block_design/design_1_i/axi_interconnect_hp0/s00_couplers/auto_pc/inst/gen_axi4_axi3.axi3_conv_inst/USE_READ.USE_SPLIT_R.read_addr_inst/USE_R_CHANNEL.cmd_queue/inst/aresetn
    SLICE_X41Y61         LUT1 (Prop_lut1_I0_O)        0.124     8.384 f  u_block_design/design_1_i/axi_interconnect_hp0/s00_couplers/auto_pc/inst/gen_axi4_axi3.axi3_conv_inst/USE_READ.USE_SPLIT_R.read_addr_inst/USE_R_CHANNEL.cmd_queue/inst/S_AXI_ASIZE_Q[2]_i_1/O
                         net (fo=44, routed)          1.450     9.834    snn_integrated_top/design_1_wrapper/design_1/design_1_axi_interconnect_hp0_0/s00_couplers_imp_S4BDUK/design_1_axi_interconnect_hp0_imp_auto_pc_0/design_1_axi_interconnect_hp0_imp_auto_pc_0_axi_protocol_converter_v2_1_37_axi_protocol_converter/design_1_axi_interconnect_hp0_imp_auto_pc_0_axi_protocol_converter_v2_1_37_axi3_conv/design_1_axi_interconnect_hp0_imp_auto_pc_0_axi_protocol_converter_v2_1_37_a_axi3_conv/design_1_axi_interconnect_hp0_imp_auto_pc_0_axi_data_fifo_v2_1_36_axic_fifo/design_1_axi_interconnect_hp0_imp_auto_pc_0_axi_data_fifo_v2_1_36_fifo_gen/<hidden>/<hidden>/<hidden>/<hidden>/<hidden>/<hidden>
    SLICE_X51Y54         FDPE                                         f  snn_integrated_top/design_1_wrapper/design_1/design_1_axi_interconnect_hp0_0/s00_couplers_imp_S4BDUK/design_1_axi_interconnect_hp0_imp_auto_pc_0/design_1_axi_interconnect_hp0_imp_auto_pc_0_axi_protocol_converter_v2_1_37_axi_protocol_converter/design_1_axi_interconnect_hp0_imp_auto_pc_0_axi_protocol_converter_v2_1_37_axi3_conv/design_1_axi_interconnect_hp0_imp_auto_pc_0_axi_protocol_converter_v2_1_37_a_axi3_conv/design_1_axi_interconnect_hp0_imp_auto_pc_0_axi_data_fifo_v2_1_36_axic_fifo/design_1_axi_interconnect_hp0_imp_auto_pc_0_axi_data_fifo_v2_1_36_fifo_gen/<hidden>/<hidden>/<hidden>/<hidden>/<hidden>/<hidden>
  -------------------------------------------------------------------    -------------------

                         (clock clk_fpga_0 rise edge)
                                                      0.000     0.000 r  
    PS7_X0Y0             PS7                          0.000     0.000 r  u_block_design/design_1_i/processing_system7_0/inst/PS7_i/FCLKCLK[0]
                         net (fo=1, routed)           1.088     1.088    u_block_design/design_1_i/processing_system7_0/inst/FCLK_CLK_unbuffered[0]
    BUFGCTRL_X0Y16       BUFG (Prop_bufg_I_O)         0.091     1.179 r  u_block_design/design_1_i/processing_system7_0/inst/buffer_fclk_clk_0.FCLK_CLK_0_BUFG/O
                         net (fo=16061, routed)       1.466     2.645    snn_integrated_top/design_1_wrapper/design_1/design_1_axi_interconnect_hp0_0/s00_couplers_imp_S4BDUK/design_1_axi_interconnect_hp0_imp_auto_pc_0/design_1_axi_interconnect_hp0_imp_auto_pc_0_axi_protocol_converter_v2_1_37_axi_protocol_converter/design_1_axi_interconnect_hp0_imp_auto_pc_0_axi_protocol_converter_v2_1_37_axi3_conv/design_1_axi_interconnect_hp0_imp_auto_pc_0_axi_protocol_converter_v2_1_37_a_axi3_conv/design_1_axi_interconnect_hp0_imp_auto_pc_0_axi_data_fifo_v2_1_36_axic_fifo/design_1_axi_interconnect_hp0_imp_auto_pc_0_axi_data_fifo_v2_1_36_fifo_gen/<hidden>/<hidden>/<hidden>/<hidden>/<hidden>/<hidden>
    SLICE_X51Y54         FDPE                                         r  snn_integrated_top/design_1_wrapper/design_1/design_1_axi_interconnect_hp0_0/s00_couplers_imp_S4BDUK/design_1_axi_interconnect_hp0_imp_auto_pc_0/design_1_axi_interconnect_hp0_imp_auto_pc_0_axi_protocol_converter_v2_1_37_axi_protocol_converter/design_1_axi_interconnect_hp0_imp_auto_pc_0_axi_protocol_converter_v2_1_37_axi3_conv/design_1_axi_interconnect_hp0_imp_auto_pc_0_axi_protocol_converter_v2_1_37_a_axi3_conv/design_1_axi_interconnect_hp0_imp_auto_pc_0_axi_data_fifo_v2_1_36_axic_fifo/design_1_axi_interconnect_hp0_imp_auto_pc_0_axi_data_fifo_v2_1_36_fifo_gen/<hidden>/<hidden>/<hidden>/<hidden>/<hidden>/<hidden>

Slack:                    inf
  Source:                 u_block_design/design_1_i/proc_sys_reset_0/U0/ACTIVE_LOW_PR_OUT_DFF[0].FDRE_PER_N/C
                            (rising edge-triggered cell FDRE clocked by clk_fpga_0  {rise@0.000ns fall@5.000ns period=10.000ns})
  Destination:            snn_integrated_top/design_1_wrapper/design_1/design_1_axi_interconnect_hp0_0/s01_couplers_imp_12AUBLP/design_1_axi_interconnect_hp0_imp_auto_pc_1/design_1_axi_interconnect_hp0_imp_auto_pc_1_axi_protocol_converter_v2_1_37_axi_protocol_converter/design_1_axi_interconnect_hp0_imp_auto_pc_1_axi_protocol_converter_v2_1_37_axi3_conv/design_1_axi_interconnect_hp0_imp_auto_pc_1_axi_protocol_converter_v2_1_37_a_axi3_conv/design_1_axi_interconnect_hp0_imp_auto_pc_1_axi_data_fifo_v2_1_36_axic_fifo/design_1_axi_interconnect_hp0_imp_auto_pc_1_axi_data_fifo_v2_1_36_fifo_gen_1/<hidden>/<hidden>/<hidden>/<hidden>/<hidden>/<hidden>
                            (recovery check against rising-edge clock clk_fpga_0  {rise@0.000ns fall@5.000ns period=10.000ns})
  Path Group:             (none)
  Path Type:              Recovery (Max at Slow Process Corner)
  Data Path Delay:        6.600ns  (logic 0.580ns (8.788%)  route 6.020ns (91.212%))
  Logic Levels:           1  (LUT1=1)
  Clock Path Skew:        -0.433ns (DCD - SCD + CPR)
    Destination Clock Delay (DCD):    2.693ns
    Source Clock Delay      (SCD):    3.126ns
    Clock Pessimism Removal (CPR):    0.000ns
  Clock Uncertainty:      0.154ns  ((TSJ^2 + TIJ^2)^1/2 + DJ) / 2 + PE
    Total System Jitter     (TSJ):    0.071ns
    Total Input Jitter      (TIJ):    0.300ns
    Discrete Jitter          (DJ):    0.000ns
    Phase Error              (PE):    0.000ns
  Timing Exception:       False Path

    Location             Delay type                Incr(ns)  Path(ns)    Netlist Resource(s)
  -------------------------------------------------------------------    -------------------
                         (clock clk_fpga_0 rise edge)
                                                      0.000     0.000 r  
    PS7_X0Y0             PS7                          0.000     0.000 r  u_block_design/design_1_i/processing_system7_0/inst/PS7_i/FCLKCLK[0]
                         net (fo=1, routed)           1.193     1.193    u_block_design/design_1_i/processing_system7_0/inst/FCLK_CLK_unbuffered[0]
    BUFGCTRL_X0Y16       BUFG (Prop_bufg_I_O)         0.101     1.294 r  u_block_design/design_1_i/processing_system7_0/inst/buffer_fclk_clk_0.FCLK_CLK_0_BUFG/O
                         net (fo=16061, routed)       1.832     3.126    u_block_design/design_1_i/proc_sys_reset_0/U0/slowest_sync_clk
    SLICE_X52Y101        FDRE                                         r  u_block_design/design_1_i/proc_sys_reset_0/U0/ACTIVE_LOW_PR_OUT_DFF[0].FDRE_PER_N/C
  -------------------------------------------------------------------    -------------------
    SLICE_X52Y101        FDRE (Prop_fdre_C_Q)         0.456     3.582 r  u_block_design/design_1_i/proc_sys_reset_0/U0/ACTIVE_LOW_PR_OUT_DFF[0].FDRE_PER_N/Q
                         net (fo=77, routed)          4.675     8.257    u_block_design/design_1_i/axi_interconnect_hp0/s01_couplers/auto_pc/inst/gen_axi4_axi3.axi3_conv_inst/USE_WRITE.write_addr_inst/USE_BURSTS.cmd_queue/inst/aresetn
    SLICE_X27Y55         LUT1 (Prop_lut1_I0_O)        0.124     8.381 f  u_block_design/design_1_i/axi_interconnect_hp0/s01_couplers/auto_pc/inst/gen_axi4_axi3.axi3_conv_inst/USE_WRITE.write_addr_inst/USE_BURSTS.cmd_queue/inst/S_AXI_AREADY_I_i_1/O
                         net (fo=115, routed)         1.345     9.726    snn_integrated_top/design_1_wrapper/design_1/design_1_axi_interconnect_hp0_0/s01_couplers_imp_12AUBLP/design_1_axi_interconnect_hp0_imp_auto_pc_1/design_1_axi_interconnect_hp0_imp_auto_pc_1_axi_protocol_converter_v2_1_37_axi_protocol_converter/design_1_axi_interconnect_hp0_imp_auto_pc_1_axi_protocol_converter_v2_1_37_axi3_conv/design_1_axi_interconnect_hp0_imp_auto_pc_1_axi_protocol_converter_v2_1_37_a_axi3_conv/design_1_axi_interconnect_hp0_imp_auto_pc_1_axi_data_fifo_v2_1_36_axic_fifo/design_1_axi_interconnect_hp0_imp_auto_pc_1_axi_data_fifo_v2_1_36_fifo_gen_1/<hidden>/<hidden>/<hidden>/<hidden>/<hidden>/<hidden>
    SLICE_X27Y66         FDPE                                         f  snn_integrated_top/design_1_wrapper/design_1/design_1_axi_interconnect_hp0_0/s01_couplers_imp_12AUBLP/design_1_axi_interconnect_hp0_imp_auto_pc_1/design_1_axi_interconnect_hp0_imp_auto_pc_1_axi_protocol_converter_v2_1_37_axi_protocol_converter/design_1_axi_interconnect_hp0_imp_auto_pc_1_axi_protocol_converter_v2_1_37_axi3_conv/design_1_axi_interconnect_hp0_imp_auto_pc_1_axi_protocol_converter_v2_1_37_a_axi3_conv/design_1_axi_interconnect_hp0_imp_auto_pc_1_axi_data_fifo_v2_1_36_axic_fifo/design_1_axi_interconnect_hp0_imp_auto_pc_1_axi_data_fifo_v2_1_36_fifo_gen_1/<hidden>/<hidden>/<hidden>/<hidden>/<hidden>/<hidden>
  -------------------------------------------------------------------    -------------------

                         (clock clk_fpga_0 rise edge)
                                                      0.000     0.000 r  
    PS7_X0Y0             PS7                          0.000     0.000 r  u_block_design/design_1_i/processing_system7_0/inst/PS7_i/FCLKCLK[0]
                         net (fo=1, routed)           1.088     1.088    u_block_design/design_1_i/processing_system7_0/inst/FCLK_CLK_unbuffered[0]
    BUFGCTRL_X0Y16       BUFG (Prop_bufg_I_O)         0.091     1.179 r  u_block_design/design_1_i/processing_system7_0/inst/buffer_fclk_clk_0.FCLK_CLK_0_BUFG/O
                         net (fo=16061, routed)       1.514     2.693    snn_integrated_top/design_1_wrapper/design_1/design_1_axi_interconnect_hp0_0/s01_couplers_imp_12AUBLP/design_1_axi_interconnect_hp0_imp_auto_pc_1/design_1_axi_interconnect_hp0_imp_auto_pc_1_axi_protocol_converter_v2_1_37_axi_protocol_converter/design_1_axi_interconnect_hp0_imp_auto_pc_1_axi_protocol_converter_v2_1_37_axi3_conv/design_1_axi_interconnect_hp0_imp_auto_pc_1_axi_protocol_converter_v2_1_37_a_axi3_conv/design_1_axi_interconnect_hp0_imp_auto_pc_1_axi_data_fifo_v2_1_36_axic_fifo/design_1_axi_interconnect_hp0_imp_auto_pc_1_axi_data_fifo_v2_1_36_fifo_gen_1/<hidden>/<hidden>/<hidden>/<hidden>/<hidden>/<hidden>
    SLICE_X27Y66         FDPE                                         r  snn_integrated_top/design_1_wrapper/design_1/design_1_axi_interconnect_hp0_0/s01_couplers_imp_12AUBLP/design_1_axi_interconnect_hp0_imp_auto_pc_1/design_1_axi_interconnect_hp0_imp_auto_pc_1_axi_protocol_converter_v2_1_37_axi_protocol_converter/design_1_axi_interconnect_hp0_imp_auto_pc_1_axi_protocol_converter_v2_1_37_axi3_conv/design_1_axi_interconnect_hp0_imp_auto_pc_1_axi_protocol_converter_v2_1_37_a_axi3_conv/design_1_axi_interconnect_hp0_imp_auto_pc_1_axi_data_fifo_v2_1_36_axic_fifo/design_1_axi_interconnect_hp0_imp_auto_pc_1_axi_data_fifo_v2_1_36_fifo_gen_1/<hidden>/<hidden>/<hidden>/<hidden>/<hidden>/<hidden>

Slack:                    inf
  Source:                 u_block_design/design_1_i/proc_sys_reset_0/U0/ACTIVE_LOW_PR_OUT_DFF[0].FDRE_PER_N/C
                            (rising edge-triggered cell FDRE clocked by clk_fpga_0  {rise@0.000ns fall@5.000ns period=10.000ns})
  Destination:            snn_integrated_top/design_1_wrapper/design_1/design_1_axi_interconnect_hp0_0/s01_couplers_imp_12AUBLP/design_1_axi_interconnect_hp0_imp_auto_pc_1/design_1_axi_interconnect_hp0_imp_auto_pc_1_axi_protocol_converter_v2_1_37_axi_protocol_converter/design_1_axi_interconnect_hp0_imp_auto_pc_1_axi_protocol_converter_v2_1_37_axi3_conv/design_1_axi_interconnect_hp0_imp_auto_pc_1_axi_protocol_converter_v2_1_37_a_axi3_conv/design_1_axi_interconnect_hp0_imp_auto_pc_1_axi_data_fifo_v2_1_36_axic_fifo/design_1_axi_interconnect_hp0_imp_auto_pc_1_axi_data_fifo_v2_1_36_fifo_gen_1/<hidden>/<hidden>/<hidden>/<hidden>/<hidden>/<hidden>
                            (recovery check against rising-edge clock clk_fpga_0  {rise@0.000ns fall@5.000ns period=10.000ns})
  Path Group:             (none)
  Path Type:              Recovery (Max at Slow Process Corner)
  Data Path Delay:        6.600ns  (logic 0.580ns (8.788%)  route 6.020ns (91.212%))
  Logic Levels:           1  (LUT1=1)
  Clock Path Skew:        -0.433ns (DCD - SCD + CPR)
    Destination Clock Delay (DCD):    2.693ns
    Source Clock Delay      (SCD):    3.126ns
    Clock Pessimism Removal (CPR):    0.000ns
  Clock Uncertainty:      0.154ns  ((TSJ^2 + TIJ^2)^1/2 + DJ) / 2 + PE
    Total System Jitter     (TSJ):    0.071ns
    Total Input Jitter      (TIJ):    0.300ns
    Discrete Jitter          (DJ):    0.000ns
    Phase Error              (PE):    0.000ns
  Timing Exception:       False Path

    Location             Delay type                Incr(ns)  Path(ns)    Netlist Resource(s)
  -------------------------------------------------------------------    -------------------
                         (clock clk_fpga_0 rise edge)
                                                      0.000     0.000 r  
    PS7_X0Y0             PS7                          0.000     0.000 r  u_block_design/design_1_i/processing_system7_0/inst/PS7_i/FCLKCLK[0]
                         net (fo=1, routed)           1.193     1.193    u_block_design/design_1_i/processing_system7_0/inst/FCLK_CLK_unbuffered[0]
    BUFGCTRL_X0Y16       BUFG (Prop_bufg_I_O)         0.101     1.294 r  u_block_design/design_1_i/processing_system7_0/inst/buffer_fclk_clk_0.FCLK_CLK_0_BUFG/O
                         net (fo=16061, routed)       1.832     3.126    u_block_design/design_1_i/proc_sys_reset_0/U0/slowest_sync_clk
    SLICE_X52Y101        FDRE                                         r  u_block_design/design_1_i/proc_sys_reset_0/U0/ACTIVE_LOW_PR_OUT_DFF[0].FDRE_PER_N/C
  -------------------------------------------------------------------    -------------------
    SLICE_X52Y101        FDRE (Prop_fdre_C_Q)         0.456     3.582 r  u_block_design/design_1_i/proc_sys_reset_0/U0/ACTIVE_LOW_PR_OUT_DFF[0].FDRE_PER_N/Q
                         net (fo=77, routed)          4.675     8.257    u_block_design/design_1_i/axi_interconnect_hp0/s01_couplers/auto_pc/inst/gen_axi4_axi3.axi3_conv_inst/USE_WRITE.write_addr_inst/USE_BURSTS.cmd_queue/inst/aresetn
    SLICE_X27Y55         LUT1 (Prop_lut1_I0_O)        0.124     8.381 f  u_block_design/design_1_i/axi_interconnect_hp0/s01_couplers/auto_pc/inst/gen_axi4_axi3.axi3_conv_inst/USE_WRITE.write_addr_inst/USE_BURSTS.cmd_queue/inst/S_AXI_AREADY_I_i_1/O
                         net (fo=115, routed)         1.345     9.726    snn_integrated_top/design_1_wrapper/design_1/design_1_axi_interconnect_hp0_0/s01_couplers_imp_12AUBLP/design_1_axi_interconnect_hp0_imp_auto_pc_1/design_1_axi_interconnect_hp0_imp_auto_pc_1_axi_protocol_converter_v2_1_37_axi_protocol_converter/design_1_axi_interconnect_hp0_imp_auto_pc_1_axi_protocol_converter_v2_1_37_axi3_conv/design_1_axi_interconnect_hp0_imp_auto_pc_1_axi_protocol_converter_v2_1_37_a_axi3_conv/design_1_axi_interconnect_hp0_imp_auto_pc_1_axi_data_fifo_v2_1_36_axic_fifo/design_1_axi_interconnect_hp0_imp_auto_pc_1_axi_data_fifo_v2_1_36_fifo_gen_1/<hidden>/<hidden>/<hidden>/<hidden>/<hidden>/<hidden>
    SLICE_X27Y66         FDPE                                         f  snn_integrated_top/design_1_wrapper/design_1/design_1_axi_interconnect_hp0_0/s01_couplers_imp_12AUBLP/design_1_axi_interconnect_hp0_imp_auto_pc_1/design_1_axi_interconnect_hp0_imp_auto_pc_1_axi_protocol_converter_v2_1_37_axi_protocol_converter/design_1_axi_interconnect_hp0_imp_auto_pc_1_axi_protocol_converter_v2_1_37_axi3_conv/design_1_axi_interconnect_hp0_imp_auto_pc_1_axi_protocol_converter_v2_1_37_a_axi3_conv/design_1_axi_interconnect_hp0_imp_auto_pc_1_axi_data_fifo_v2_1_36_axic_fifo/design_1_axi_interconnect_hp0_imp_auto_pc_1_axi_data_fifo_v2_1_36_fifo_gen_1/<hidden>/<hidden>/<hidden>/<hidden>/<hidden>/<hidden>
  -------------------------------------------------------------------    -------------------

                         (clock clk_fpga_0 rise edge)
                                                      0.000     0.000 r  
    PS7_X0Y0             PS7                          0.000     0.000 r  u_block_design/design_1_i/processing_system7_0/inst/PS7_i/FCLKCLK[0]
                         net (fo=1, routed)           1.088     1.088    u_block_design/design_1_i/processing_system7_0/inst/FCLK_CLK_unbuffered[0]
    BUFGCTRL_X0Y16       BUFG (Prop_bufg_I_O)         0.091     1.179 r  u_block_design/design_1_i/processing_system7_0/inst/buffer_fclk_clk_0.FCLK_CLK_0_BUFG/O
                         net (fo=16061, routed)       1.514     2.693    snn_integrated_top/design_1_wrapper/design_1/design_1_axi_interconnect_hp0_0/s01_couplers_imp_12AUBLP/design_1_axi_interconnect_hp0_imp_auto_pc_1/design_1_axi_interconnect_hp0_imp_auto_pc_1_axi_protocol_converter_v2_1_37_axi_protocol_converter/design_1_axi_interconnect_hp0_imp_auto_pc_1_axi_protocol_converter_v2_1_37_axi3_conv/design_1_axi_interconnect_hp0_imp_auto_pc_1_axi_protocol_converter_v2_1_37_a_axi3_conv/design_1_axi_interconnect_hp0_imp_auto_pc_1_axi_data_fifo_v2_1_36_axic_fifo/design_1_axi_interconnect_hp0_imp_auto_pc_1_axi_data_fifo_v2_1_36_fifo_gen_1/<hidden>/<hidden>/<hidden>/<hidden>/<hidden>/<hidden>
    SLICE_X27Y66         FDPE                                         r  snn_integrated_top/design_1_wrapper/design_1/design_1_axi_interconnect_hp0_0/s01_couplers_imp_12AUBLP/design_1_axi_interconnect_hp0_imp_auto_pc_1/design_1_axi_interconnect_hp0_imp_auto_pc_1_axi_protocol_converter_v2_1_37_axi_protocol_converter/design_1_axi_interconnect_hp0_imp_auto_pc_1_axi_protocol_converter_v2_1_37_axi3_conv/design_1_axi_interconnect_hp0_imp_auto_pc_1_axi_protocol_converter_v2_1_37_a_axi3_conv/design_1_axi_interconnect_hp0_imp_auto_pc_1_axi_data_fifo_v2_1_36_axic_fifo/design_1_axi_interconnect_hp0_imp_auto_pc_1_axi_data_fifo_v2_1_36_fifo_gen_1/<hidden>/<hidden>/<hidden>/<hidden>/<hidden>/<hidden>

Slack:                    inf
  Source:                 u_block_design/design_1_i/proc_sys_reset_0/U0/ACTIVE_LOW_PR_OUT_DFF[0].FDRE_PER_N/C
                            (rising edge-triggered cell FDRE clocked by clk_fpga_0  {rise@0.000ns fall@5.000ns period=10.000ns})
  Destination:            snn_integrated_top/design_1_wrapper/design_1/design_1_axi_interconnect_hp0_0/s01_couplers_imp_12AUBLP/design_1_axi_interconnect_hp0_imp_auto_pc_1/design_1_axi_interconnect_hp0_imp_auto_pc_1_axi_protocol_converter_v2_1_37_axi_protocol_converter/design_1_axi_interconnect_hp0_imp_auto_pc_1_axi_protocol_converter_v2_1_37_axi3_conv/design_1_axi_interconnect_hp0_imp_auto_pc_1_axi_protocol_converter_v2_1_37_a_axi3_conv/design_1_axi_interconnect_hp0_imp_auto_pc_1_axi_data_fifo_v2_1_36_axic_fifo_0/design_1_axi_interconnect_hp0_imp_auto_pc_1_axi_data_fifo_v2_1_36_fifo_gen/<hidden>/<hidden>/<hidden>/<hidden>/<hidden>/<hidden>
                            (recovery check against rising-edge clock clk_fpga_0  {rise@0.000ns fall@5.000ns period=10.000ns})
  Path Group:             (none)
  Path Type:              Recovery (Max at Slow Process Corner)
  Data Path Delay:        6.600ns  (logic 0.580ns (8.788%)  route 6.020ns (91.212%))
  Logic Levels:           1  (LUT1=1)
  Clock Path Skew:        -0.433ns (DCD - SCD + CPR)
    Destination Clock Delay (DCD):    2.693ns
    Source Clock Delay      (SCD):    3.126ns
    Clock Pessimism Removal (CPR):    0.000ns
  Clock Uncertainty:      0.154ns  ((TSJ^2 + TIJ^2)^1/2 + DJ) / 2 + PE
    Total System Jitter     (TSJ):    0.071ns
    Total Input Jitter      (TIJ):    0.300ns
    Discrete Jitter          (DJ):    0.000ns
    Phase Error              (PE):    0.000ns
  Timing Exception:       False Path

    Location             Delay type                Incr(ns)  Path(ns)    Netlist Resource(s)
  -------------------------------------------------------------------    -------------------
                         (clock clk_fpga_0 rise edge)
                                                      0.000     0.000 r  
    PS7_X0Y0             PS7                          0.000     0.000 r  u_block_design/design_1_i/processing_system7_0/inst/PS7_i/FCLKCLK[0]
                         net (fo=1, routed)           1.193     1.193    u_block_design/design_1_i/processing_system7_0/inst/FCLK_CLK_unbuffered[0]
    BUFGCTRL_X0Y16       BUFG (Prop_bufg_I_O)         0.101     1.294 r  u_block_design/design_1_i/processing_system7_0/inst/buffer_fclk_clk_0.FCLK_CLK_0_BUFG/O
                         net (fo=16061, routed)       1.832     3.126    u_block_design/design_1_i/proc_sys_reset_0/U0/slowest_sync_clk
    SLICE_X52Y101        FDRE                                         r  u_block_design/design_1_i/proc_sys_reset_0/U0/ACTIVE_LOW_PR_OUT_DFF[0].FDRE_PER_N/C
  -------------------------------------------------------------------    -------------------
    SLICE_X52Y101        FDRE (Prop_fdre_C_Q)         0.456     3.582 r  u_block_design/design_1_i/proc_sys_reset_0/U0/ACTIVE_LOW_PR_OUT_DFF[0].FDRE_PER_N/Q
                         net (fo=77, routed)          4.675     8.257    u_block_design/design_1_i/axi_interconnect_hp0/s01_couplers/auto_pc/inst/gen_axi4_axi3.axi3_conv_inst/USE_WRITE.write_addr_inst/USE_BURSTS.cmd_queue/inst/aresetn
    SLICE_X27Y55         LUT1 (Prop_lut1_I0_O)        0.124     8.381 f  u_block_design/design_1_i/axi_interconnect_hp0/s01_couplers/auto_pc/inst/gen_axi4_axi3.axi3_conv_inst/USE_WRITE.write_addr_inst/USE_BURSTS.cmd_queue/inst/S_AXI_AREADY_I_i_1/O
                         net (fo=115, routed)         1.345     9.726    snn_integrated_top/design_1_wrapper/design_1/design_1_axi_interconnect_hp0_0/s01_couplers_imp_12AUBLP/design_1_axi_interconnect_hp0_imp_auto_pc_1/design_1_axi_interconnect_hp0_imp_auto_pc_1_axi_protocol_converter_v2_1_37_axi_protocol_converter/design_1_axi_interconnect_hp0_imp_auto_pc_1_axi_protocol_converter_v2_1_37_axi3_conv/design_1_axi_interconnect_hp0_imp_auto_pc_1_axi_protocol_converter_v2_1_37_a_axi3_conv/design_1_axi_interconnect_hp0_imp_auto_pc_1_axi_data_fifo_v2_1_36_axic_fifo_0/design_1_axi_interconnect_hp0_imp_auto_pc_1_axi_data_fifo_v2_1_36_fifo_gen/<hidden>/<hidden>/<hidden>/<hidden>/<hidden>/<hidden>
    SLICE_X27Y66         FDPE                                         f  snn_integrated_top/design_1_wrapper/design_1/design_1_axi_interconnect_hp0_0/s01_couplers_imp_12AUBLP/design_1_axi_interconnect_hp0_imp_auto_pc_1/design_1_axi_interconnect_hp0_imp_auto_pc_1_axi_protocol_converter_v2_1_37_axi_protocol_converter/design_1_axi_interconnect_hp0_imp_auto_pc_1_axi_protocol_converter_v2_1_37_axi3_conv/design_1_axi_interconnect_hp0_imp_auto_pc_1_axi_protocol_converter_v2_1_37_a_axi3_conv/design_1_axi_interconnect_hp0_imp_auto_pc_1_axi_data_fifo_v2_1_36_axic_fifo_0/design_1_axi_interconnect_hp0_imp_auto_pc_1_axi_data_fifo_v2_1_36_fifo_gen/<hidden>/<hidden>/<hidden>/<hidden>/<hidden>/<hidden>
  -------------------------------------------------------------------    -------------------

                         (clock clk_fpga_0 rise edge)
                                                      0.000     0.000 r  
    PS7_X0Y0             PS7                          0.000     0.000 r  u_block_design/design_1_i/processing_system7_0/inst/PS7_i/FCLKCLK[0]
                         net (fo=1, routed)           1.088     1.088    u_block_design/design_1_i/processing_system7_0/inst/FCLK_CLK_unbuffered[0]
    BUFGCTRL_X0Y16       BUFG (Prop_bufg_I_O)         0.091     1.179 r  u_block_design/design_1_i/processing_system7_0/inst/buffer_fclk_clk_0.FCLK_CLK_0_BUFG/O
                         net (fo=16061, routed)       1.514     2.693    snn_integrated_top/design_1_wrapper/design_1/design_1_axi_interconnect_hp0_0/s01_couplers_imp_12AUBLP/design_1_axi_interconnect_hp0_imp_auto_pc_1/design_1_axi_interconnect_hp0_imp_auto_pc_1_axi_protocol_converter_v2_1_37_axi_protocol_converter/design_1_axi_interconnect_hp0_imp_auto_pc_1_axi_protocol_converter_v2_1_37_axi3_conv/design_1_axi_interconnect_hp0_imp_auto_pc_1_axi_protocol_converter_v2_1_37_a_axi3_conv/design_1_axi_interconnect_hp0_imp_auto_pc_1_axi_data_fifo_v2_1_36_axic_fifo_0/design_1_axi_interconnect_hp0_imp_auto_pc_1_axi_data_fifo_v2_1_36_fifo_gen/<hidden>/<hidden>/<hidden>/<hidden>/<hidden>/<hidden>
    SLICE_X27Y66         FDPE                                         r  snn_integrated_top/design_1_wrapper/design_1/design_1_axi_interconnect_hp0_0/s01_couplers_imp_12AUBLP/design_1_axi_interconnect_hp0_imp_auto_pc_1/design_1_axi_interconnect_hp0_imp_auto_pc_1_axi_protocol_converter_v2_1_37_axi_protocol_converter/design_1_axi_interconnect_hp0_imp_auto_pc_1_axi_protocol_converter_v2_1_37_axi3_conv/design_1_axi_interconnect_hp0_imp_auto_pc_1_axi_protocol_converter_v2_1_37_a_axi3_conv/design_1_axi_interconnect_hp0_imp_auto_pc_1_axi_data_fifo_v2_1_36_axic_fifo_0/design_1_axi_interconnect_hp0_imp_auto_pc_1_axi_data_fifo_v2_1_36_fifo_gen/<hidden>/<hidden>/<hidden>/<hidden>/<hidden>/<hidden>

Slack:                    inf
  Source:                 u_block_design/design_1_i/proc_sys_reset_0/U0/ACTIVE_LOW_PR_OUT_DFF[0].FDRE_PER_N/C
                            (rising edge-triggered cell FDRE clocked by clk_fpga_0  {rise@0.000ns fall@5.000ns period=10.000ns})
  Destination:            snn_integrated_top/design_1_wrapper/design_1/design_1_axi_interconnect_hp0_0/s01_couplers_imp_12AUBLP/design_1_axi_interconnect_hp0_imp_auto_pc_1/design_1_axi_interconnect_hp0_imp_auto_pc_1_axi_protocol_converter_v2_1_37_axi_protocol_converter/design_1_axi_interconnect_hp0_imp_auto_pc_1_axi_protocol_converter_v2_1_37_axi3_conv/design_1_axi_interconnect_hp0_imp_auto_pc_1_axi_protocol_converter_v2_1_37_a_axi3_conv/design_1_axi_interconnect_hp0_imp_auto_pc_1_axi_data_fifo_v2_1_36_axic_fifo_0/design_1_axi_interconnect_hp0_imp_auto_pc_1_axi_data_fifo_v2_1_36_fifo_gen/<hidden>/<hidden>/<hidden>/<hidden>/<hidden>/<hidden>
                            (recovery check against rising-edge clock clk_fpga_0  {rise@0.000ns fall@5.000ns period=10.000ns})
  Path Group:             (none)
  Path Type:              Recovery (Max at Slow Process Corner)
  Data Path Delay:        6.600ns  (logic 0.580ns (8.788%)  route 6.020ns (91.212%))
  Logic Levels:           1  (LUT1=1)
  Clock Path Skew:        -0.433ns (DCD - SCD + CPR)
    Destination Clock Delay (DCD):    2.693ns
    Source Clock Delay      (SCD):    3.126ns
    Clock Pessimism Removal (CPR):    0.000ns
  Clock Uncertainty:      0.154ns  ((TSJ^2 + TIJ^2)^1/2 + DJ) / 2 + PE
    Total System Jitter     (TSJ):    0.071ns
    Total Input Jitter      (TIJ):    0.300ns
    Discrete Jitter          (DJ):    0.000ns
    Phase Error              (PE):    0.000ns
  Timing Exception:       False Path

    Location             Delay type                Incr(ns)  Path(ns)    Netlist Resource(s)
  -------------------------------------------------------------------    -------------------
                         (clock clk_fpga_0 rise edge)
                                                      0.000     0.000 r  
    PS7_X0Y0             PS7                          0.000     0.000 r  u_block_design/design_1_i/processing_system7_0/inst/PS7_i/FCLKCLK[0]
                         net (fo=1, routed)           1.193     1.193    u_block_design/design_1_i/processing_system7_0/inst/FCLK_CLK_unbuffered[0]
    BUFGCTRL_X0Y16       BUFG (Prop_bufg_I_O)         0.101     1.294 r  u_block_design/design_1_i/processing_system7_0/inst/buffer_fclk_clk_0.FCLK_CLK_0_BUFG/O
                         net (fo=16061, routed)       1.832     3.126    u_block_design/design_1_i/proc_sys_reset_0/U0/slowest_sync_clk
    SLICE_X52Y101        FDRE                                         r  u_block_design/design_1_i/proc_sys_reset_0/U0/ACTIVE_LOW_PR_OUT_DFF[0].FDRE_PER_N/C
  -------------------------------------------------------------------    -------------------
    SLICE_X52Y101        FDRE (Prop_fdre_C_Q)         0.456     3.582 r  u_block_design/design_1_i/proc_sys_reset_0/U0/ACTIVE_LOW_PR_OUT_DFF[0].FDRE_PER_N/Q
                         net (fo=77, routed)          4.675     8.257    u_block_design/design_1_i/axi_interconnect_hp0/s01_couplers/auto_pc/inst/gen_axi4_axi3.axi3_conv_inst/USE_WRITE.write_addr_inst/USE_BURSTS.cmd_queue/inst/aresetn
    SLICE_X27Y55         LUT1 (Prop_lut1_I0_O)        0.124     8.381 f  u_block_design/design_1_i/axi_interconnect_hp0/s01_couplers/auto_pc/inst/gen_axi4_axi3.axi3_conv_inst/USE_WRITE.write_addr_inst/USE_BURSTS.cmd_queue/inst/S_AXI_AREADY_I_i_1/O
                         net (fo=115, routed)         1.345     9.726    snn_integrated_top/design_1_wrapper/design_1/design_1_axi_interconnect_hp0_0/s01_couplers_imp_12AUBLP/design_1_axi_interconnect_hp0_imp_auto_pc_1/design_1_axi_interconnect_hp0_imp_auto_pc_1_axi_protocol_converter_v2_1_37_axi_protocol_converter/design_1_axi_interconnect_hp0_imp_auto_pc_1_axi_protocol_converter_v2_1_37_axi3_conv/design_1_axi_interconnect_hp0_imp_auto_pc_1_axi_protocol_converter_v2_1_37_a_axi3_conv/design_1_axi_interconnect_hp0_imp_auto_pc_1_axi_data_fifo_v2_1_36_axic_fifo_0/design_1_axi_interconnect_hp0_imp_auto_pc_1_axi_data_fifo_v2_1_36_fifo_gen/<hidden>/<hidden>/<hidden>/<hidden>/<hidden>/<hidden>
    SLICE_X27Y66         FDPE                                         f  snn_integrated_top/design_1_wrapper/design_1/design_1_axi_interconnect_hp0_0/s01_couplers_imp_12AUBLP/design_1_axi_interconnect_hp0_imp_auto_pc_1/design_1_axi_interconnect_hp0_imp_auto_pc_1_axi_protocol_converter_v2_1_37_axi_protocol_converter/design_1_axi_interconnect_hp0_imp_auto_pc_1_axi_protocol_converter_v2_1_37_axi3_conv/design_1_axi_interconnect_hp0_imp_auto_pc_1_axi_protocol_converter_v2_1_37_a_axi3_conv/design_1_axi_interconnect_hp0_imp_auto_pc_1_axi_data_fifo_v2_1_36_axic_fifo_0/design_1_axi_interconnect_hp0_imp_auto_pc_1_axi_data_fifo_v2_1_36_fifo_gen/<hidden>/<hidden>/<hidden>/<hidden>/<hidden>/<hidden>
  -------------------------------------------------------------------    -------------------

                         (clock clk_fpga_0 rise edge)
                                                      0.000     0.000 r  
    PS7_X0Y0             PS7                          0.000     0.000 r  u_block_design/design_1_i/processing_system7_0/inst/PS7_i/FCLKCLK[0]
                         net (fo=1, routed)           1.088     1.088    u_block_design/design_1_i/processing_system7_0/inst/FCLK_CLK_unbuffered[0]
    BUFGCTRL_X0Y16       BUFG (Prop_bufg_I_O)         0.091     1.179 r  u_block_design/design_1_i/processing_system7_0/inst/buffer_fclk_clk_0.FCLK_CLK_0_BUFG/O
                         net (fo=16061, routed)       1.514     2.693    snn_integrated_top/design_1_wrapper/design_1/design_1_axi_interconnect_hp0_0/s01_couplers_imp_12AUBLP/design_1_axi_interconnect_hp0_imp_auto_pc_1/design_1_axi_interconnect_hp0_imp_auto_pc_1_axi_protocol_converter_v2_1_37_axi_protocol_converter/design_1_axi_interconnect_hp0_imp_auto_pc_1_axi_protocol_converter_v2_1_37_axi3_conv/design_1_axi_interconnect_hp0_imp_auto_pc_1_axi_protocol_converter_v2_1_37_a_axi3_conv/design_1_axi_interconnect_hp0_imp_auto_pc_1_axi_data_fifo_v2_1_36_axic_fifo_0/design_1_axi_interconnect_hp0_imp_auto_pc_1_axi_data_fifo_v2_1_36_fifo_gen/<hidden>/<hidden>/<hidden>/<hidden>/<hidden>/<hidden>
    SLICE_X27Y66         FDPE                                         r  snn_integrated_top/design_1_wrapper/design_1/design_1_axi_interconnect_hp0_0/s01_couplers_imp_12AUBLP/design_1_axi_interconnect_hp0_imp_auto_pc_1/design_1_axi_interconnect_hp0_imp_auto_pc_1_axi_protocol_converter_v2_1_37_axi_protocol_converter/design_1_axi_interconnect_hp0_imp_auto_pc_1_axi_protocol_converter_v2_1_37_axi3_conv/design_1_axi_interconnect_hp0_imp_auto_pc_1_axi_protocol_converter_v2_1_37_a_axi3_conv/design_1_axi_interconnect_hp0_imp_auto_pc_1_axi_data_fifo_v2_1_36_axic_fifo_0/design_1_axi_interconnect_hp0_imp_auto_pc_1_axi_data_fifo_v2_1_36_fifo_gen/<hidden>/<hidden>/<hidden>/<hidden>/<hidden>/<hidden>

Slack:                    inf
  Source:                 u_block_design/design_1_i/proc_sys_reset_0/U0/ACTIVE_LOW_PR_OUT_DFF[0].FDRE_PER_N/C
                            (rising edge-triggered cell FDRE clocked by clk_fpga_0  {rise@0.000ns fall@5.000ns period=10.000ns})
  Destination:            snn_integrated_top/design_1_wrapper/design_1/design_1_axi_interconnect_hp0_0/s03_couplers_imp_13X28CE/design_1_axi_interconnect_hp0_imp_auto_pc_3/design_1_axi_interconnect_hp0_imp_auto_pc_3_axi_protocol_converter_v2_1_37_axi_protocol_converter/design_1_axi_interconnect_hp0_imp_auto_pc_3_axi_protocol_converter_v2_1_37_axi3_conv/design_1_axi_interconnect_hp0_imp_auto_pc_3_axi_protocol_converter_v2_1_37_a_axi3_conv/design_1_axi_interconnect_hp0_imp_auto_pc_3_axi_data_fifo_v2_1_36_axic_fifo_0/design_1_axi_interconnect_hp0_imp_auto_pc_3_axi_data_fifo_v2_1_36_fifo_gen/<hidden>/<hidden>/<hidden>/<hidden>/<hidden>/<hidden>
                            (recovery check against rising-edge clock clk_fpga_0  {rise@0.000ns fall@5.000ns period=10.000ns})
  Path Group:             (none)
  Path Type:              Recovery (Max at Slow Process Corner)
  Data Path Delay:        6.252ns  (logic 0.605ns (9.677%)  route 5.647ns (90.323%))
  Logic Levels:           1  (LUT1=1)
  Clock Path Skew:        -0.411ns (DCD - SCD + CPR)
    Destination Clock Delay (DCD):    2.715ns
    Source Clock Delay      (SCD):    3.126ns
    Clock Pessimism Removal (CPR):    0.000ns
  Clock Uncertainty:      0.154ns  ((TSJ^2 + TIJ^2)^1/2 + DJ) / 2 + PE
    Total System Jitter     (TSJ):    0.071ns
    Total Input Jitter      (TIJ):    0.300ns
    Discrete Jitter          (DJ):    0.000ns
    Phase Error              (PE):    0.000ns
  Timing Exception:       False Path

    Location             Delay type                Incr(ns)  Path(ns)    Netlist Resource(s)
  -------------------------------------------------------------------    -------------------
                         (clock clk_fpga_0 rise edge)
                                                      0.000     0.000 r  
    PS7_X0Y0             PS7                          0.000     0.000 r  u_block_design/design_1_i/processing_system7_0/inst/PS7_i/FCLKCLK[0]
                         net (fo=1, routed)           1.193     1.193    u_block_design/design_1_i/processing_system7_0/inst/FCLK_CLK_unbuffered[0]
    BUFGCTRL_X0Y16       BUFG (Prop_bufg_I_O)         0.101     1.294 r  u_block_design/design_1_i/processing_system7_0/inst/buffer_fclk_clk_0.FCLK_CLK_0_BUFG/O
                         net (fo=16061, routed)       1.832     3.126    u_block_design/design_1_i/proc_sys_reset_0/U0/slowest_sync_clk
    SLICE_X52Y101        FDRE                                         r  u_block_design/design_1_i/proc_sys_reset_0/U0/ACTIVE_LOW_PR_OUT_DFF[0].FDRE_PER_N/C
  -------------------------------------------------------------------    -------------------
    SLICE_X52Y101        FDRE (Prop_fdre_C_Q)         0.456     3.582 r  u_block_design/design_1_i/proc_sys_reset_0/U0/ACTIVE_LOW_PR_OUT_DFF[0].FDRE_PER_N/Q
                         net (fo=77, routed)          4.428     8.010    u_block_design/design_1_i/axi_interconnect_hp0/s03_couplers/auto_pc/inst/gen_axi4_axi3.axi3_conv_inst/USE_WRITE.write_addr_inst/USE_BURSTS.cmd_queue/inst/aresetn
    SLICE_X35Y62         LUT1 (Prop_lut1_I0_O)        0.149     8.159 f  u_block_design/design_1_i/axi_interconnect_hp0/s03_couplers/auto_pc/inst/gen_axi4_axi3.axi3_conv_inst/USE_WRITE.write_addr_inst/USE_BURSTS.cmd_queue/inst/S_AXI_AREADY_I_i_1/O
                         net (fo=115, routed)         1.218     9.378    snn_integrated_top/design_1_wrapper/design_1/design_1_axi_interconnect_hp0_0/s03_couplers_imp_13X28CE/design_1_axi_interconnect_hp0_imp_auto_pc_3/design_1_axi_interconnect_hp0_imp_auto_pc_3_axi_protocol_converter_v2_1_37_axi_protocol_converter/design_1_axi_interconnect_hp0_imp_auto_pc_3_axi_protocol_converter_v2_1_37_axi3_conv/design_1_axi_interconnect_hp0_imp_auto_pc_3_axi_protocol_converter_v2_1_37_a_axi3_conv/design_1_axi_interconnect_hp0_imp_auto_pc_3_axi_data_fifo_v2_1_36_axic_fifo_0/design_1_axi_interconnect_hp0_imp_auto_pc_3_axi_data_fifo_v2_1_36_fifo_gen/<hidden>/<hidden>/<hidden>/<hidden>/<hidden>/<hidden>
    SLICE_X59Y58         FDPE                                         f  snn_integrated_top/design_1_wrapper/design_1/design_1_axi_interconnect_hp0_0/s03_couplers_imp_13X28CE/design_1_axi_interconnect_hp0_imp_auto_pc_3/design_1_axi_interconnect_hp0_imp_auto_pc_3_axi_protocol_converter_v2_1_37_axi_protocol_converter/design_1_axi_interconnect_hp0_imp_auto_pc_3_axi_protocol_converter_v2_1_37_axi3_conv/design_1_axi_interconnect_hp0_imp_auto_pc_3_axi_protocol_converter_v2_1_37_a_axi3_conv/design_1_axi_interconnect_hp0_imp_auto_pc_3_axi_data_fifo_v2_1_36_axic_fifo_0/design_1_axi_interconnect_hp0_imp_auto_pc_3_axi_data_fifo_v2_1_36_fifo_gen/<hidden>/<hidden>/<hidden>/<hidden>/<hidden>/<hidden>
  -------------------------------------------------------------------    -------------------

                         (clock clk_fpga_0 rise edge)
                                                      0.000     0.000 r  
    PS7_X0Y0             PS7                          0.000     0.000 r  u_block_design/design_1_i/processing_system7_0/inst/PS7_i/FCLKCLK[0]
                         net (fo=1, routed)           1.088     1.088    u_block_design/design_1_i/processing_system7_0/inst/FCLK_CLK_unbuffered[0]
    BUFGCTRL_X0Y16       BUFG (Prop_bufg_I_O)         0.091     1.179 r  u_block_design/design_1_i/processing_system7_0/inst/buffer_fclk_clk_0.FCLK_CLK_0_BUFG/O
                         net (fo=16061, routed)       1.536     2.715    snn_integrated_top/design_1_wrapper/design_1/design_1_axi_interconnect_hp0_0/s03_couplers_imp_13X28CE/design_1_axi_interconnect_hp0_imp_auto_pc_3/design_1_axi_interconnect_hp0_imp_auto_pc_3_axi_protocol_converter_v2_1_37_axi_protocol_converter/design_1_axi_interconnect_hp0_imp_auto_pc_3_axi_protocol_converter_v2_1_37_axi3_conv/design_1_axi_interconnect_hp0_imp_auto_pc_3_axi_protocol_converter_v2_1_37_a_axi3_conv/design_1_axi_interconnect_hp0_imp_auto_pc_3_axi_data_fifo_v2_1_36_axic_fifo_0/design_1_axi_interconnect_hp0_imp_auto_pc_3_axi_data_fifo_v2_1_36_fifo_gen/<hidden>/<hidden>/<hidden>/<hidden>/<hidden>/<hidden>
    SLICE_X59Y58         FDPE                                         r  snn_integrated_top/design_1_wrapper/design_1/design_1_axi_interconnect_hp0_0/s03_couplers_imp_13X28CE/design_1_axi_interconnect_hp0_imp_auto_pc_3/design_1_axi_interconnect_hp0_imp_auto_pc_3_axi_protocol_converter_v2_1_37_axi_protocol_converter/design_1_axi_interconnect_hp0_imp_auto_pc_3_axi_protocol_converter_v2_1_37_axi3_conv/design_1_axi_interconnect_hp0_imp_auto_pc_3_axi_protocol_converter_v2_1_37_a_axi3_conv/design_1_axi_interconnect_hp0_imp_auto_pc_3_axi_data_fifo_v2_1_36_axic_fifo_0/design_1_axi_interconnect_hp0_imp_auto_pc_3_axi_data_fifo_v2_1_36_fifo_gen/<hidden>/<hidden>/<hidden>/<hidden>/<hidden>/<hidden>

Slack:                    inf
  Source:                 u_block_design/design_1_i/proc_sys_reset_0/U0/ACTIVE_LOW_PR_OUT_DFF[0].FDRE_PER_N/C
                            (rising edge-triggered cell FDRE clocked by clk_fpga_0  {rise@0.000ns fall@5.000ns period=10.000ns})
  Destination:            snn_integrated_top/design_1_wrapper/design_1/design_1_axi_interconnect_hp0_0/s03_couplers_imp_13X28CE/design_1_axi_interconnect_hp0_imp_auto_pc_3/design_1_axi_interconnect_hp0_imp_auto_pc_3_axi_protocol_converter_v2_1_37_axi_protocol_converter/design_1_axi_interconnect_hp0_imp_auto_pc_3_axi_protocol_converter_v2_1_37_axi3_conv/design_1_axi_interconnect_hp0_imp_auto_pc_3_axi_protocol_converter_v2_1_37_a_axi3_conv/design_1_axi_interconnect_hp0_imp_auto_pc_3_axi_data_fifo_v2_1_36_axic_fifo_0/design_1_axi_interconnect_hp0_imp_auto_pc_3_axi_data_fifo_v2_1_36_fifo_gen/<hidden>/<hidden>/<hidden>/<hidden>/<hidden>/<hidden>
                            (recovery check against rising-edge clock clk_fpga_0  {rise@0.000ns fall@5.000ns period=10.000ns})
  Path Group:             (none)
  Path Type:              Recovery (Max at Slow Process Corner)
  Data Path Delay:        6.252ns  (logic 0.605ns (9.677%)  route 5.647ns (90.323%))
  Logic Levels:           1  (LUT1=1)
  Clock Path Skew:        -0.411ns (DCD - SCD + CPR)
    Destination Clock Delay (DCD):    2.715ns
    Source Clock Delay      (SCD):    3.126ns
    Clock Pessimism Removal (CPR):    0.000ns
  Clock Uncertainty:      0.154ns  ((TSJ^2 + TIJ^2)^1/2 + DJ) / 2 + PE
    Total System Jitter     (TSJ):    0.071ns
    Total Input Jitter      (TIJ):    0.300ns
    Discrete Jitter          (DJ):    0.000ns
    Phase Error              (PE):    0.000ns
  Timing Exception:       False Path

    Location             Delay type                Incr(ns)  Path(ns)    Netlist Resource(s)
  -------------------------------------------------------------------    -------------------
                         (clock clk_fpga_0 rise edge)
                                                      0.000     0.000 r  
    PS7_X0Y0             PS7                          0.000     0.000 r  u_block_design/design_1_i/processing_system7_0/inst/PS7_i/FCLKCLK[0]
                         net (fo=1, routed)           1.193     1.193    u_block_design/design_1_i/processing_system7_0/inst/FCLK_CLK_unbuffered[0]
    BUFGCTRL_X0Y16       BUFG (Prop_bufg_I_O)         0.101     1.294 r  u_block_design/design_1_i/processing_system7_0/inst/buffer_fclk_clk_0.FCLK_CLK_0_BUFG/O
                         net (fo=16061, routed)       1.832     3.126    u_block_design/design_1_i/proc_sys_reset_0/U0/slowest_sync_clk
    SLICE_X52Y101        FDRE                                         r  u_block_design/design_1_i/proc_sys_reset_0/U0/ACTIVE_LOW_PR_OUT_DFF[0].FDRE_PER_N/C
  -------------------------------------------------------------------    -------------------
    SLICE_X52Y101        FDRE (Prop_fdre_C_Q)         0.456     3.582 r  u_block_design/design_1_i/proc_sys_reset_0/U0/ACTIVE_LOW_PR_OUT_DFF[0].FDRE_PER_N/Q
                         net (fo=77, routed)          4.428     8.010    u_block_design/design_1_i/axi_interconnect_hp0/s03_couplers/auto_pc/inst/gen_axi4_axi3.axi3_conv_inst/USE_WRITE.write_addr_inst/USE_BURSTS.cmd_queue/inst/aresetn
    SLICE_X35Y62         LUT1 (Prop_lut1_I0_O)        0.149     8.159 f  u_block_design/design_1_i/axi_interconnect_hp0/s03_couplers/auto_pc/inst/gen_axi4_axi3.axi3_conv_inst/USE_WRITE.write_addr_inst/USE_BURSTS.cmd_queue/inst/S_AXI_AREADY_I_i_1/O
                         net (fo=115, routed)         1.218     9.378    snn_integrated_top/design_1_wrapper/design_1/design_1_axi_interconnect_hp0_0/s03_couplers_imp_13X28CE/design_1_axi_interconnect_hp0_imp_auto_pc_3/design_1_axi_interconnect_hp0_imp_auto_pc_3_axi_protocol_converter_v2_1_37_axi_protocol_converter/design_1_axi_interconnect_hp0_imp_auto_pc_3_axi_protocol_converter_v2_1_37_axi3_conv/design_1_axi_interconnect_hp0_imp_auto_pc_3_axi_protocol_converter_v2_1_37_a_axi3_conv/design_1_axi_interconnect_hp0_imp_auto_pc_3_axi_data_fifo_v2_1_36_axic_fifo_0/design_1_axi_interconnect_hp0_imp_auto_pc_3_axi_data_fifo_v2_1_36_fifo_gen/<hidden>/<hidden>/<hidden>/<hidden>/<hidden>/<hidden>
    SLICE_X59Y58         FDPE                                         f  snn_integrated_top/design_1_wrapper/design_1/design_1_axi_interconnect_hp0_0/s03_couplers_imp_13X28CE/design_1_axi_interconnect_hp0_imp_auto_pc_3/design_1_axi_interconnect_hp0_imp_auto_pc_3_axi_protocol_converter_v2_1_37_axi_protocol_converter/design_1_axi_interconnect_hp0_imp_auto_pc_3_axi_protocol_converter_v2_1_37_axi3_conv/design_1_axi_interconnect_hp0_imp_auto_pc_3_axi_protocol_converter_v2_1_37_a_axi3_conv/design_1_axi_interconnect_hp0_imp_auto_pc_3_axi_data_fifo_v2_1_36_axic_fifo_0/design_1_axi_interconnect_hp0_imp_auto_pc_3_axi_data_fifo_v2_1_36_fifo_gen/<hidden>/<hidden>/<hidden>/<hidden>/<hidden>/<hidden>
  -------------------------------------------------------------------    -------------------

                         (clock clk_fpga_0 rise edge)
                                                      0.000     0.000 r  
    PS7_X0Y0             PS7                          0.000     0.000 r  u_block_design/design_1_i/processing_system7_0/inst/PS7_i/FCLKCLK[0]
                         net (fo=1, routed)           1.088     1.088    u_block_design/design_1_i/processing_system7_0/inst/FCLK_CLK_unbuffered[0]
    BUFGCTRL_X0Y16       BUFG (Prop_bufg_I_O)         0.091     1.179 r  u_block_design/design_1_i/processing_system7_0/inst/buffer_fclk_clk_0.FCLK_CLK_0_BUFG/O
                         net (fo=16061, routed)       1.536     2.715    snn_integrated_top/design_1_wrapper/design_1/design_1_axi_interconnect_hp0_0/s03_couplers_imp_13X28CE/design_1_axi_interconnect_hp0_imp_auto_pc_3/design_1_axi_interconnect_hp0_imp_auto_pc_3_axi_protocol_converter_v2_1_37_axi_protocol_converter/design_1_axi_interconnect_hp0_imp_auto_pc_3_axi_protocol_converter_v2_1_37_axi3_conv/design_1_axi_interconnect_hp0_imp_auto_pc_3_axi_protocol_converter_v2_1_37_a_axi3_conv/design_1_axi_interconnect_hp0_imp_auto_pc_3_axi_data_fifo_v2_1_36_axic_fifo_0/design_1_axi_interconnect_hp0_imp_auto_pc_3_axi_data_fifo_v2_1_36_fifo_gen/<hidden>/<hidden>/<hidden>/<hidden>/<hidden>/<hidden>
    SLICE_X59Y58         FDPE                                         r  snn_integrated_top/design_1_wrapper/design_1/design_1_axi_interconnect_hp0_0/s03_couplers_imp_13X28CE/design_1_axi_interconnect_hp0_imp_auto_pc_3/design_1_axi_interconnect_hp0_imp_auto_pc_3_axi_protocol_converter_v2_1_37_axi_protocol_converter/design_1_axi_interconnect_hp0_imp_auto_pc_3_axi_protocol_converter_v2_1_37_axi3_conv/design_1_axi_interconnect_hp0_imp_auto_pc_3_axi_protocol_converter_v2_1_37_a_axi3_conv/design_1_axi_interconnect_hp0_imp_auto_pc_3_axi_data_fifo_v2_1_36_axic_fifo_0/design_1_axi_interconnect_hp0_imp_auto_pc_3_axi_data_fifo_v2_1_36_fifo_gen/<hidden>/<hidden>/<hidden>/<hidden>/<hidden>/<hidden>





Min Delay Paths
--------------------------------------------------------------------------------------
Slack:                    inf
  Source:                 u_block_design/design_1_i/proc_sys_reset_0/U0/ACTIVE_LOW_PR_OUT_DFF[0].FDRE_PER_N/C
                            (rising edge-triggered cell FDRE clocked by clk_fpga_0  {rise@0.000ns fall@5.000ns period=10.000ns})
  Destination:            u_block_design/design_1_i/axi_dma_1/U0/I_RST_MODULE/REG_HRD_RST/syncstages_ff_reg[0]/D
                            (rising edge-triggered cell FDRE clocked by clk_fpga_0  {rise@0.000ns fall@5.000ns period=10.000ns})
  Path Group:             (none)
  Path Type:              Hold (Min at Fast Process Corner)
  Data Path Delay:        0.996ns  (logic 0.141ns (14.161%)  route 0.855ns (85.839%))
  Logic Levels:           0  
  Clock Path Skew:        0.230ns (DCD - SCD - CPR)
    Destination Clock Delay (DCD):    1.201ns
    Source Clock Delay      (SCD):    0.971ns
    Clock Pessimism Removal (CPR):    -0.000ns
  Clock Uncertainty:      0.154ns  ((TSJ^2 + TIJ^2)^1/2 + DJ) / 2 + PE
    Total System Jitter     (TSJ):    0.071ns
    Total Input Jitter      (TIJ):    0.300ns
    Discrete Jitter          (DJ):    0.000ns
    Phase Error              (PE):    0.000ns
  Timing Exception:       False Path

    Location             Delay type                Incr(ns)  Path(ns)    Netlist Resource(s)
  -------------------------------------------------------------------    -------------------
                         (clock clk_fpga_0 rise edge)
                                                      0.000     0.000 r  
    PS7_X0Y0             PS7                          0.000     0.000 r  u_block_design/design_1_i/processing_system7_0/inst/PS7_i/FCLKCLK[0]
                         net (fo=1, routed)           0.310     0.310    u_block_design/design_1_i/processing_system7_0/inst/FCLK_CLK_unbuffered[0]
    BUFGCTRL_X0Y16       BUFG (Prop_bufg_I_O)         0.026     0.336 r  u_block_design/design_1_i/processing_system7_0/inst/buffer_fclk_clk_0.FCLK_CLK_0_BUFG/O
                         net (fo=16061, routed)       0.635     0.971    u_block_design/design_1_i/proc_sys_reset_0/U0/slowest_sync_clk
    SLICE_X52Y101        FDRE                                         r  u_block_design/design_1_i/proc_sys_reset_0/U0/ACTIVE_LOW_PR_OUT_DFF[0].FDRE_PER_N/C
  -------------------------------------------------------------------    -------------------
    SLICE_X52Y101        FDRE (Prop_fdre_C_Q)         0.141     1.112 r  u_block_design/design_1_i/proc_sys_reset_0/U0/ACTIVE_LOW_PR_OUT_DFF[0].FDRE_PER_N/Q
                         net (fo=77, routed)          0.855     1.967    u_block_design/design_1_i/axi_dma_1/U0/I_RST_MODULE/REG_HRD_RST/src_rst
    SLICE_X60Y72         FDRE                                         r  u_block_design/design_1_i/axi_dma_1/U0/I_RST_MODULE/REG_HRD_RST/syncstages_ff_reg[0]/D
  -------------------------------------------------------------------    -------------------

                         (clock clk_fpga_0 rise edge)
                                                      0.000     0.000 r  
    PS7_X0Y0             PS7                          0.000     0.000 r  u_block_design/design_1_i/processing_system7_0/inst/PS7_i/FCLKCLK[0]
                         net (fo=1, routed)           0.337     0.337    u_block_design/design_1_i/processing_system7_0/inst/FCLK_CLK_unbuffered[0]
    BUFGCTRL_X0Y16       BUFG (Prop_bufg_I_O)         0.029     0.366 r  u_block_design/design_1_i/processing_system7_0/inst/buffer_fclk_clk_0.FCLK_CLK_0_BUFG/O
                         net (fo=16061, routed)       0.835     1.201    u_block_design/design_1_i/axi_dma_1/U0/I_RST_MODULE/REG_HRD_RST/dest_clk
    SLICE_X60Y72         FDRE                                         r  u_block_design/design_1_i/axi_dma_1/U0/I_RST_MODULE/REG_HRD_RST/syncstages_ff_reg[0]/C

Slack:                    inf
  Source:                 u_block_design/design_1_i/proc_sys_reset_0/U0/ACTIVE_LOW_PR_OUT_DFF[0].FDRE_PER_N/C
                            (rising edge-triggered cell FDRE clocked by clk_fpga_0  {rise@0.000ns fall@5.000ns period=10.000ns})
  Destination:            u_block_design/design_1_i/axi_dma_1/U0/I_RST_MODULE/REG_HRD_RST_OUT/syncstages_ff_reg[0]/D
                            (rising edge-triggered cell FDRE clocked by clk_fpga_0  {rise@0.000ns fall@5.000ns period=10.000ns})
  Path Group:             (none)
  Path Type:              Hold (Min at Fast Process Corner)
  Data Path Delay:        1.016ns  (logic 0.141ns (13.876%)  route 0.875ns (86.124%))
  Logic Levels:           0  
  Clock Path Skew:        0.218ns (DCD - SCD - CPR)
    Destination Clock Delay (DCD):    1.189ns
    Source Clock Delay      (SCD):    0.971ns
    Clock Pessimism Removal (CPR):    -0.000ns
  Clock Uncertainty:      0.154ns  ((TSJ^2 + TIJ^2)^1/2 + DJ) / 2 + PE
    Total System Jitter     (TSJ):    0.071ns
    Total Input Jitter      (TIJ):    0.300ns
    Discrete Jitter          (DJ):    0.000ns
    Phase Error              (PE):    0.000ns
  Timing Exception:       False Path

    Location             Delay type                Incr(ns)  Path(ns)    Netlist Resource(s)
  -------------------------------------------------------------------    -------------------
                         (clock clk_fpga_0 rise edge)
                                                      0.000     0.000 r  
    PS7_X0Y0             PS7                          0.000     0.000 r  u_block_design/design_1_i/processing_system7_0/inst/PS7_i/FCLKCLK[0]
                         net (fo=1, routed)           0.310     0.310    u_block_design/design_1_i/processing_system7_0/inst/FCLK_CLK_unbuffered[0]
    BUFGCTRL_X0Y16       BUFG (Prop_bufg_I_O)         0.026     0.336 r  u_block_design/design_1_i/processing_system7_0/inst/buffer_fclk_clk_0.FCLK_CLK_0_BUFG/O
                         net (fo=16061, routed)       0.635     0.971    u_block_design/design_1_i/proc_sys_reset_0/U0/slowest_sync_clk
    SLICE_X52Y101        FDRE                                         r  u_block_design/design_1_i/proc_sys_reset_0/U0/ACTIVE_LOW_PR_OUT_DFF[0].FDRE_PER_N/C
  -------------------------------------------------------------------    -------------------
    SLICE_X52Y101        FDRE (Prop_fdre_C_Q)         0.141     1.112 r  u_block_design/design_1_i/proc_sys_reset_0/U0/ACTIVE_LOW_PR_OUT_DFF[0].FDRE_PER_N/Q
                         net (fo=77, routed)          0.875     1.987    u_block_design/design_1_i/axi_dma_1/U0/I_RST_MODULE/REG_HRD_RST_OUT/src_rst
    SLICE_X39Y92         FDRE                                         r  u_block_design/design_1_i/axi_dma_1/U0/I_RST_MODULE/REG_HRD_RST_OUT/syncstages_ff_reg[0]/D
  -------------------------------------------------------------------    -------------------

                         (clock clk_fpga_0 rise edge)
                                                      0.000     0.000 r  
    PS7_X0Y0             PS7                          0.000     0.000 r  u_block_design/design_1_i/processing_system7_0/inst/PS7_i/FCLKCLK[0]
                         net (fo=1, routed)           0.337     0.337    u_block_design/design_1_i/processing_system7_0/inst/FCLK_CLK_unbuffered[0]
    BUFGCTRL_X0Y16       BUFG (Prop_bufg_I_O)         0.029     0.366 r  u_block_design/design_1_i/processing_system7_0/inst/buffer_fclk_clk_0.FCLK_CLK_0_BUFG/O
                         net (fo=16061, routed)       0.823     1.189    u_block_design/design_1_i/axi_dma_1/U0/I_RST_MODULE/REG_HRD_RST_OUT/dest_clk
    SLICE_X39Y92         FDRE                                         r  u_block_design/design_1_i/axi_dma_1/U0/I_RST_MODULE/REG_HRD_RST_OUT/syncstages_ff_reg[0]/C

Slack:                    inf
  Source:                 u_block_design/design_1_i/proc_sys_reset_0/U0/ACTIVE_LOW_PR_OUT_DFF[0].FDRE_PER_N/C
                            (rising edge-triggered cell FDRE clocked by clk_fpga_0  {rise@0.000ns fall@5.000ns period=10.000ns})
  Destination:            u_block_design/design_1_i/axi_dma_0/U0/I_RST_MODULE/REG_HRD_RST_OUT/syncstages_ff_reg[0]/D
                            (rising edge-triggered cell FDRE clocked by clk_fpga_0  {rise@0.000ns fall@5.000ns period=10.000ns})
  Path Group:             (none)
  Path Type:              Hold (Min at Fast Process Corner)
  Data Path Delay:        1.340ns  (logic 0.141ns (10.526%)  route 1.199ns (89.474%))
  Logic Levels:           0  
  Clock Path Skew:        0.239ns (DCD - SCD - CPR)
    Destination Clock Delay (DCD):    1.210ns
    Source Clock Delay      (SCD):    0.971ns
    Clock Pessimism Removal (CPR):    -0.000ns
  Clock Uncertainty:      0.154ns  ((TSJ^2 + TIJ^2)^1/2 + DJ) / 2 + PE
    Total System Jitter     (TSJ):    0.071ns
    Total Input Jitter      (TIJ):    0.300ns
    Discrete Jitter          (DJ):    0.000ns
    Phase Error              (PE):    0.000ns
  Timing Exception:       False Path

    Location             Delay type                Incr(ns)  Path(ns)    Netlist Resource(s)
  -------------------------------------------------------------------    -------------------
                         (clock clk_fpga_0 rise edge)
                                                      0.000     0.000 r  
    PS7_X0Y0             PS7                          0.000     0.000 r  u_block_design/design_1_i/processing_system7_0/inst/PS7_i/FCLKCLK[0]
                         net (fo=1, routed)           0.310     0.310    u_block_design/design_1_i/processing_system7_0/inst/FCLK_CLK_unbuffered[0]
    BUFGCTRL_X0Y16       BUFG (Prop_bufg_I_O)         0.026     0.336 r  u_block_design/design_1_i/processing_system7_0/inst/buffer_fclk_clk_0.FCLK_CLK_0_BUFG/O
                         net (fo=16061, routed)       0.635     0.971    u_block_design/design_1_i/proc_sys_reset_0/U0/slowest_sync_clk
    SLICE_X52Y101        FDRE                                         r  u_block_design/design_1_i/proc_sys_reset_0/U0/ACTIVE_LOW_PR_OUT_DFF[0].FDRE_PER_N/C
  -------------------------------------------------------------------    -------------------
    SLICE_X52Y101        FDRE (Prop_fdre_C_Q)         0.141     1.112 r  u_block_design/design_1_i/proc_sys_reset_0/U0/ACTIVE_LOW_PR_OUT_DFF[0].FDRE_PER_N/Q
                         net (fo=77, routed)          1.199     2.311    u_block_design/design_1_i/axi_dma_0/U0/I_RST_MODULE/REG_HRD_RST_OUT/src_rst
    SLICE_X31Y94         FDRE                                         r  u_block_design/design_1_i/axi_dma_0/U0/I_RST_MODULE/REG_HRD_RST_OUT/syncstages_ff_reg[0]/D
  -------------------------------------------------------------------    -------------------

                         (clock clk_fpga_0 rise edge)
                                                      0.000     0.000 r  
    PS7_X0Y0             PS7                          0.000     0.000 r  u_block_design/design_1_i/processing_system7_0/inst/PS7_i/FCLKCLK[0]
                         net (fo=1, routed)           0.337     0.337    u_block_design/design_1_i/processing_system7_0/inst/FCLK_CLK_unbuffered[0]
    BUFGCTRL_X0Y16       BUFG (Prop_bufg_I_O)         0.029     0.366 r  u_block_design/design_1_i/processing_system7_0/inst/buffer_fclk_clk_0.FCLK_CLK_0_BUFG/O
                         net (fo=16061, routed)       0.844     1.210    u_block_design/design_1_i/axi_dma_0/U0/I_RST_MODULE/REG_HRD_RST_OUT/dest_clk
    SLICE_X31Y94         FDRE                                         r  u_block_design/design_1_i/axi_dma_0/U0/I_RST_MODULE/REG_HRD_RST_OUT/syncstages_ff_reg[0]/C

Slack:                    inf
  Source:                 u_block_design/design_1_i/proc_sys_reset_0/U0/ACTIVE_LOW_PR_OUT_DFF[0].FDRE_PER_N/C
                            (rising edge-triggered cell FDRE clocked by clk_fpga_0  {rise@0.000ns fall@5.000ns period=10.000ns})
  Destination:            u_block_design/design_1_i/axi_dma_0/U0/I_RST_MODULE/REG_HRD_RST/syncstages_ff_reg[0]/D
                            (rising edge-triggered cell FDRE clocked by clk_fpga_0  {rise@0.000ns fall@5.000ns period=10.000ns})
  Path Group:             (none)
  Path Type:              Hold (Min at Fast Process Corner)
  Data Path Delay:        1.547ns  (logic 0.141ns (9.117%)  route 1.406ns (90.883%))
  Logic Levels:           0  
  Clock Path Skew:        0.234ns (DCD - SCD - CPR)
    Destination Clock Delay (DCD):    1.205ns
    Source Clock Delay      (SCD):    0.971ns
    Clock Pessimism Removal (CPR):    -0.000ns
  Clock Uncertainty:      0.154ns  ((TSJ^2 + TIJ^2)^1/2 + DJ) / 2 + PE
    Total System Jitter     (TSJ):    0.071ns
    Total Input Jitter      (TIJ):    0.300ns
    Discrete Jitter          (DJ):    0.000ns
    Phase Error              (PE):    0.000ns
  Timing Exception:       False Path

    Location             Delay type                Incr(ns)  Path(ns)    Netlist Resource(s)
  -------------------------------------------------------------------    -------------------
                         (clock clk_fpga_0 rise edge)
                                                      0.000     0.000 r  
    PS7_X0Y0             PS7                          0.000     0.000 r  u_block_design/design_1_i/processing_system7_0/inst/PS7_i/FCLKCLK[0]
                         net (fo=1, routed)           0.310     0.310    u_block_design/design_1_i/processing_system7_0/inst/FCLK_CLK_unbuffered[0]
    BUFGCTRL_X0Y16       BUFG (Prop_bufg_I_O)         0.026     0.336 r  u_block_design/design_1_i/processing_system7_0/inst/buffer_fclk_clk_0.FCLK_CLK_0_BUFG/O
                         net (fo=16061, routed)       0.635     0.971    u_block_design/design_1_i/proc_sys_reset_0/U0/slowest_sync_clk
    SLICE_X52Y101        FDRE                                         r  u_block_design/design_1_i/proc_sys_reset_0/U0/ACTIVE_LOW_PR_OUT_DFF[0].FDRE_PER_N/C
  -------------------------------------------------------------------    -------------------
    SLICE_X52Y101        FDRE (Prop_fdre_C_Q)         0.141     1.112 r  u_block_design/design_1_i/proc_sys_reset_0/U0/ACTIVE_LOW_PR_OUT_DFF[0].FDRE_PER_N/Q
                         net (fo=77, routed)          1.406     2.518    u_block_design/design_1_i/axi_dma_0/U0/I_RST_MODULE/REG_HRD_RST/src_rst
    SLICE_X28Y85         FDRE                                         r  u_block_design/design_1_i/axi_dma_0/U0/I_RST_MODULE/REG_HRD_RST/syncstages_ff_reg[0]/D
  -------------------------------------------------------------------    -------------------

                         (clock clk_fpga_0 rise edge)
                                                      0.000     0.000 r  
    PS7_X0Y0             PS7                          0.000     0.000 r  u_block_design/design_1_i/processing_system7_0/inst/PS7_i/FCLKCLK[0]
                         net (fo=1, routed)           0.337     0.337    u_block_design/design_1_i/processing_system7_0/inst/FCLK_CLK_unbuffered[0]
    BUFGCTRL_X0Y16       BUFG (Prop_bufg_I_O)         0.029     0.366 r  u_block_design/design_1_i/processing_system7_0/inst/buffer_fclk_clk_0.FCLK_CLK_0_BUFG/O
                         net (fo=16061, routed)       0.839     1.205    u_block_design/design_1_i/axi_dma_0/U0/I_RST_MODULE/REG_HRD_RST/dest_clk
    SLICE_X28Y85         FDRE                                         r  u_block_design/design_1_i/axi_dma_0/U0/I_RST_MODULE/REG_HRD_RST/syncstages_ff_reg[0]/C

Slack:                    inf
  Source:                 u_block_design/design_1_i/proc_sys_reset_0/U0/ACTIVE_LOW_PR_OUT_DFF[0].FDRE_PER_N/C
                            (rising edge-triggered cell FDRE clocked by clk_fpga_0  {rise@0.000ns fall@5.000ns period=10.000ns})
  Destination:            snn_integrated_top/design_1_wrapper/design_1/design_1_axi_interconnect_hp0_0/s03_couplers_imp_13X28CE/design_1_axi_interconnect_hp0_imp_auto_pc_3/design_1_axi_interconnect_hp0_imp_auto_pc_3_axi_protocol_converter_v2_1_37_axi_protocol_converter/design_1_axi_interconnect_hp0_imp_auto_pc_3_axi_protocol_converter_v2_1_37_axi3_conv/design_1_axi_interconnect_hp0_imp_auto_pc_3_axi_protocol_converter_v2_1_37_a_axi3_conv/design_1_axi_interconnect_hp0_imp_auto_pc_3_axi_data_fifo_v2_1_36_axic_fifo/design_1_axi_interconnect_hp0_imp_auto_pc_3_axi_data_fifo_v2_1_36_fifo_gen_1/<hidden>/<hidden>/<hidden>/<hidden>/<hidden>/<hidden>
                            (removal check against rising-edge clock clk_fpga_0  {rise@0.000ns fall@5.000ns period=10.000ns})
  Path Group:             (none)
  Path Type:              Removal (Min at Fast Process Corner)
  Data Path Delay:        2.618ns  (logic 0.185ns (7.065%)  route 2.433ns (92.935%))
  Logic Levels:           1  (LUT1=1)
  Clock Path Skew:        0.234ns (DCD - SCD - CPR)
    Destination Clock Delay (DCD):    1.205ns
    Source Clock Delay      (SCD):    0.971ns
    Clock Pessimism Removal (CPR):    -0.000ns
  Clock Uncertainty:      0.154ns  ((TSJ^2 + TIJ^2)^1/2 + DJ) / 2 + PE
    Total System Jitter     (TSJ):    0.071ns
    Total Input Jitter      (TIJ):    0.300ns
    Discrete Jitter          (DJ):    0.000ns
    Phase Error              (PE):    0.000ns
  Timing Exception:       False Path

    Location             Delay type                Incr(ns)  Path(ns)    Netlist Resource(s)
  -------------------------------------------------------------------    -------------------
                         (clock clk_fpga_0 rise edge)
                                                      0.000     0.000 r  
    PS7_X0Y0             PS7                          0.000     0.000 r  u_block_design/design_1_i/processing_system7_0/inst/PS7_i/FCLKCLK[0]
                         net (fo=1, routed)           0.310     0.310    u_block_design/design_1_i/processing_system7_0/inst/FCLK_CLK_unbuffered[0]
    BUFGCTRL_X0Y16       BUFG (Prop_bufg_I_O)         0.026     0.336 r  u_block_design/design_1_i/processing_system7_0/inst/buffer_fclk_clk_0.FCLK_CLK_0_BUFG/O
                         net (fo=16061, routed)       0.635     0.971    u_block_design/design_1_i/proc_sys_reset_0/U0/slowest_sync_clk
    SLICE_X52Y101        FDRE                                         r  u_block_design/design_1_i/proc_sys_reset_0/U0/ACTIVE_LOW_PR_OUT_DFF[0].FDRE_PER_N/C
  -------------------------------------------------------------------    -------------------
    SLICE_X52Y101        FDRE (Prop_fdre_C_Q)         0.141     1.112 r  u_block_design/design_1_i/proc_sys_reset_0/U0/ACTIVE_LOW_PR_OUT_DFF[0].FDRE_PER_N/Q
                         net (fo=77, routed)          2.078     3.190    u_block_design/design_1_i/axi_interconnect_hp0/s03_couplers/auto_pc/inst/gen_axi4_axi3.axi3_conv_inst/USE_WRITE.write_addr_inst/USE_BURSTS.cmd_queue/inst/aresetn
    SLICE_X35Y62         LUT1 (Prop_lut1_I0_O)        0.044     3.234 f  u_block_design/design_1_i/axi_interconnect_hp0/s03_couplers/auto_pc/inst/gen_axi4_axi3.axi3_conv_inst/USE_WRITE.write_addr_inst/USE_BURSTS.cmd_queue/inst/S_AXI_AREADY_I_i_1/O
                         net (fo=115, routed)         0.355     3.589    snn_integrated_top/design_1_wrapper/design_1/design_1_axi_interconnect_hp0_0/s03_couplers_imp_13X28CE/design_1_axi_interconnect_hp0_imp_auto_pc_3/design_1_axi_interconnect_hp0_imp_auto_pc_3_axi_protocol_converter_v2_1_37_axi_protocol_converter/design_1_axi_interconnect_hp0_imp_auto_pc_3_axi_protocol_converter_v2_1_37_axi3_conv/design_1_axi_interconnect_hp0_imp_auto_pc_3_axi_protocol_converter_v2_1_37_a_axi3_conv/design_1_axi_interconnect_hp0_imp_auto_pc_3_axi_data_fifo_v2_1_36_axic_fifo/design_1_axi_interconnect_hp0_imp_auto_pc_3_axi_data_fifo_v2_1_36_fifo_gen_1/<hidden>/<hidden>/<hidden>/<hidden>/<hidden>/<hidden>
    SLICE_X30Y64         FDPE                                         f  snn_integrated_top/design_1_wrapper/design_1/design_1_axi_interconnect_hp0_0/s03_couplers_imp_13X28CE/design_1_axi_interconnect_hp0_imp_auto_pc_3/design_1_axi_interconnect_hp0_imp_auto_pc_3_axi_protocol_converter_v2_1_37_axi_protocol_converter/design_1_axi_interconnect_hp0_imp_auto_pc_3_axi_protocol_converter_v2_1_37_axi3_conv/design_1_axi_interconnect_hp0_imp_auto_pc_3_axi_protocol_converter_v2_1_37_a_axi3_conv/design_1_axi_interconnect_hp0_imp_auto_pc_3_axi_data_fifo_v2_1_36_axic_fifo/design_1_axi_interconnect_hp0_imp_auto_pc_3_axi_data_fifo_v2_1_36_fifo_gen_1/<hidden>/<hidden>/<hidden>/<hidden>/<hidden>/<hidden>
  -------------------------------------------------------------------    -------------------

                         (clock clk_fpga_0 rise edge)
                                                      0.000     0.000 r  
    PS7_X0Y0             PS7                          0.000     0.000 r  u_block_design/design_1_i/processing_system7_0/inst/PS7_i/FCLKCLK[0]
                         net (fo=1, routed)           0.337     0.337    u_block_design/design_1_i/processing_system7_0/inst/FCLK_CLK_unbuffered[0]
    BUFGCTRL_X0Y16       BUFG (Prop_bufg_I_O)         0.029     0.366 r  u_block_design/design_1_i/processing_system7_0/inst/buffer_fclk_clk_0.FCLK_CLK_0_BUFG/O
                         net (fo=16061, routed)       0.839     1.205    snn_integrated_top/design_1_wrapper/design_1/design_1_axi_interconnect_hp0_0/s03_couplers_imp_13X28CE/design_1_axi_interconnect_hp0_imp_auto_pc_3/design_1_axi_interconnect_hp0_imp_auto_pc_3_axi_protocol_converter_v2_1_37_axi_protocol_converter/design_1_axi_interconnect_hp0_imp_auto_pc_3_axi_protocol_converter_v2_1_37_axi3_conv/design_1_axi_interconnect_hp0_imp_auto_pc_3_axi_protocol_converter_v2_1_37_a_axi3_conv/design_1_axi_interconnect_hp0_imp_auto_pc_3_axi_data_fifo_v2_1_36_axic_fifo/design_1_axi_interconnect_hp0_imp_auto_pc_3_axi_data_fifo_v2_1_36_fifo_gen_1/<hidden>/<hidden>/<hidden>/<hidden>/<hidden>/<hidden>
    SLICE_X30Y64         FDPE                                         r  snn_integrated_top/design_1_wrapper/design_1/design_1_axi_interconnect_hp0_0/s03_couplers_imp_13X28CE/design_1_axi_interconnect_hp0_imp_auto_pc_3/design_1_axi_interconnect_hp0_imp_auto_pc_3_axi_protocol_converter_v2_1_37_axi_protocol_converter/design_1_axi_interconnect_hp0_imp_auto_pc_3_axi_protocol_converter_v2_1_37_axi3_conv/design_1_axi_interconnect_hp0_imp_auto_pc_3_axi_protocol_converter_v2_1_37_a_axi3_conv/design_1_axi_interconnect_hp0_imp_auto_pc_3_axi_data_fifo_v2_1_36_axic_fifo/design_1_axi_interconnect_hp0_imp_auto_pc_3_axi_data_fifo_v2_1_36_fifo_gen_1/<hidden>/<hidden>/<hidden>/<hidden>/<hidden>/<hidden>

Slack:                    inf
  Source:                 u_block_design/design_1_i/proc_sys_reset_0/U0/ACTIVE_LOW_PR_OUT_DFF[0].FDRE_PER_N/C
                            (rising edge-triggered cell FDRE clocked by clk_fpga_0  {rise@0.000ns fall@5.000ns period=10.000ns})
  Destination:            snn_integrated_top/design_1_wrapper/design_1/design_1_axi_interconnect_hp0_0/s03_couplers_imp_13X28CE/design_1_axi_interconnect_hp0_imp_auto_pc_3/design_1_axi_interconnect_hp0_imp_auto_pc_3_axi_protocol_converter_v2_1_37_axi_protocol_converter/design_1_axi_interconnect_hp0_imp_auto_pc_3_axi_protocol_converter_v2_1_37_axi3_conv/design_1_axi_interconnect_hp0_imp_auto_pc_3_axi_protocol_converter_v2_1_37_a_axi3_conv/design_1_axi_interconnect_hp0_imp_auto_pc_3_axi_data_fifo_v2_1_36_axic_fifo/design_1_axi_interconnect_hp0_imp_auto_pc_3_axi_data_fifo_v2_1_36_fifo_gen_1/<hidden>/<hidden>/<hidden>/<hidden>/<hidden>/<hidden>
                            (removal check against rising-edge clock clk_fpga_0  {rise@0.000ns fall@5.000ns period=10.000ns})
  Path Group:             (none)
  Path Type:              Removal (Min at Fast Process Corner)
  Data Path Delay:        2.618ns  (logic 0.185ns (7.065%)  route 2.433ns (92.935%))
  Logic Levels:           1  (LUT1=1)
  Clock Path Skew:        0.234ns (DCD - SCD - CPR)
    Destination Clock Delay (DCD):    1.205ns
    Source Clock Delay      (SCD):    0.971ns
    Clock Pessimism Removal (CPR):    -0.000ns
  Clock Uncertainty:      0.154ns  ((TSJ^2 + TIJ^2)^1/2 + DJ) / 2 + PE
    Total System Jitter     (TSJ):    0.071ns
    Total Input Jitter      (TIJ):    0.300ns
    Discrete Jitter          (DJ):    0.000ns
    Phase Error              (PE):    0.000ns
  Timing Exception:       False Path

    Location             Delay type                Incr(ns)  Path(ns)    Netlist Resource(s)
  -------------------------------------------------------------------    -------------------
                         (clock clk_fpga_0 rise edge)
                                                      0.000     0.000 r  
    PS7_X0Y0             PS7                          0.000     0.000 r  u_block_design/design_1_i/processing_system7_0/inst/PS7_i/FCLKCLK[0]
                         net (fo=1, routed)           0.310     0.310    u_block_design/design_1_i/processing_system7_0/inst/FCLK_CLK_unbuffered[0]
    BUFGCTRL_X0Y16       BUFG (Prop_bufg_I_O)         0.026     0.336 r  u_block_design/design_1_i/processing_system7_0/inst/buffer_fclk_clk_0.FCLK_CLK_0_BUFG/O
                         net (fo=16061, routed)       0.635     0.971    u_block_design/design_1_i/proc_sys_reset_0/U0/slowest_sync_clk
    SLICE_X52Y101        FDRE                                         r  u_block_design/design_1_i/proc_sys_reset_0/U0/ACTIVE_LOW_PR_OUT_DFF[0].FDRE_PER_N/C
  -------------------------------------------------------------------    -------------------
    SLICE_X52Y101        FDRE (Prop_fdre_C_Q)         0.141     1.112 r  u_block_design/design_1_i/proc_sys_reset_0/U0/ACTIVE_LOW_PR_OUT_DFF[0].FDRE_PER_N/Q
                         net (fo=77, routed)          2.078     3.190    u_block_design/design_1_i/axi_interconnect_hp0/s03_couplers/auto_pc/inst/gen_axi4_axi3.axi3_conv_inst/USE_WRITE.write_addr_inst/USE_BURSTS.cmd_queue/inst/aresetn
    SLICE_X35Y62         LUT1 (Prop_lut1_I0_O)        0.044     3.234 f  u_block_design/design_1_i/axi_interconnect_hp0/s03_couplers/auto_pc/inst/gen_axi4_axi3.axi3_conv_inst/USE_WRITE.write_addr_inst/USE_BURSTS.cmd_queue/inst/S_AXI_AREADY_I_i_1/O
                         net (fo=115, routed)         0.355     3.589    snn_integrated_top/design_1_wrapper/design_1/design_1_axi_interconnect_hp0_0/s03_couplers_imp_13X28CE/design_1_axi_interconnect_hp0_imp_auto_pc_3/design_1_axi_interconnect_hp0_imp_auto_pc_3_axi_protocol_converter_v2_1_37_axi_protocol_converter/design_1_axi_interconnect_hp0_imp_auto_pc_3_axi_protocol_converter_v2_1_37_axi3_conv/design_1_axi_interconnect_hp0_imp_auto_pc_3_axi_protocol_converter_v2_1_37_a_axi3_conv/design_1_axi_interconnect_hp0_imp_auto_pc_3_axi_data_fifo_v2_1_36_axic_fifo/design_1_axi_interconnect_hp0_imp_auto_pc_3_axi_data_fifo_v2_1_36_fifo_gen_1/<hidden>/<hidden>/<hidden>/<hidden>/<hidden>/<hidden>
    SLICE_X30Y64         FDPE                                         f  snn_integrated_top/design_1_wrapper/design_1/design_1_axi_interconnect_hp0_0/s03_couplers_imp_13X28CE/design_1_axi_interconnect_hp0_imp_auto_pc_3/design_1_axi_interconnect_hp0_imp_auto_pc_3_axi_protocol_converter_v2_1_37_axi_protocol_converter/design_1_axi_interconnect_hp0_imp_auto_pc_3_axi_protocol_converter_v2_1_37_axi3_conv/design_1_axi_interconnect_hp0_imp_auto_pc_3_axi_protocol_converter_v2_1_37_a_axi3_conv/design_1_axi_interconnect_hp0_imp_auto_pc_3_axi_data_fifo_v2_1_36_axic_fifo/design_1_axi_interconnect_hp0_imp_auto_pc_3_axi_data_fifo_v2_1_36_fifo_gen_1/<hidden>/<hidden>/<hidden>/<hidden>/<hidden>/<hidden>
  -------------------------------------------------------------------    -------------------

                         (clock clk_fpga_0 rise edge)
                                                      0.000     0.000 r  
    PS7_X0Y0             PS7                          0.000     0.000 r  u_block_design/design_1_i/processing_system7_0/inst/PS7_i/FCLKCLK[0]
                         net (fo=1, routed)           0.337     0.337    u_block_design/design_1_i/processing_system7_0/inst/FCLK_CLK_unbuffered[0]
    BUFGCTRL_X0Y16       BUFG (Prop_bufg_I_O)         0.029     0.366 r  u_block_design/design_1_i/processing_system7_0/inst/buffer_fclk_clk_0.FCLK_CLK_0_BUFG/O
                         net (fo=16061, routed)       0.839     1.205    snn_integrated_top/design_1_wrapper/design_1/design_1_axi_interconnect_hp0_0/s03_couplers_imp_13X28CE/design_1_axi_interconnect_hp0_imp_auto_pc_3/design_1_axi_interconnect_hp0_imp_auto_pc_3_axi_protocol_converter_v2_1_37_axi_protocol_converter/design_1_axi_interconnect_hp0_imp_auto_pc_3_axi_protocol_converter_v2_1_37_axi3_conv/design_1_axi_interconnect_hp0_imp_auto_pc_3_axi_protocol_converter_v2_1_37_a_axi3_conv/design_1_axi_interconnect_hp0_imp_auto_pc_3_axi_data_fifo_v2_1_36_axic_fifo/design_1_axi_interconnect_hp0_imp_auto_pc_3_axi_data_fifo_v2_1_36_fifo_gen_1/<hidden>/<hidden>/<hidden>/<hidden>/<hidden>/<hidden>
    SLICE_X30Y64         FDPE                                         r  snn_integrated_top/design_1_wrapper/design_1/design_1_axi_interconnect_hp0_0/s03_couplers_imp_13X28CE/design_1_axi_interconnect_hp0_imp_auto_pc_3/design_1_axi_interconnect_hp0_imp_auto_pc_3_axi_protocol_converter_v2_1_37_axi_protocol_converter/design_1_axi_interconnect_hp0_imp_auto_pc_3_axi_protocol_converter_v2_1_37_axi3_conv/design_1_axi_interconnect_hp0_imp_auto_pc_3_axi_protocol_converter_v2_1_37_a_axi3_conv/design_1_axi_interconnect_hp0_imp_auto_pc_3_axi_data_fifo_v2_1_36_axic_fifo/design_1_axi_interconnect_hp0_imp_auto_pc_3_axi_data_fifo_v2_1_36_fifo_gen_1/<hidden>/<hidden>/<hidden>/<hidden>/<hidden>/<hidden>

Slack:                    inf
  Source:                 u_block_design/design_1_i/proc_sys_reset_0/U0/ACTIVE_LOW_PR_OUT_DFF[0].FDRE_PER_N/C
                            (rising edge-triggered cell FDRE clocked by clk_fpga_0  {rise@0.000ns fall@5.000ns period=10.000ns})
  Destination:            snn_integrated_top/design_1_wrapper/design_1/design_1_axi_interconnect_hp0_0/s03_couplers_imp_13X28CE/design_1_axi_interconnect_hp0_imp_auto_pc_3/design_1_axi_interconnect_hp0_imp_auto_pc_3_axi_protocol_converter_v2_1_37_axi_protocol_converter/design_1_axi_interconnect_hp0_imp_auto_pc_3_axi_protocol_converter_v2_1_37_axi3_conv/design_1_axi_interconnect_hp0_imp_auto_pc_3_axi_protocol_converter_v2_1_37_a_axi3_conv/design_1_axi_interconnect_hp0_imp_auto_pc_3_axi_data_fifo_v2_1_36_axic_fifo_0/design_1_axi_interconnect_hp0_imp_auto_pc_3_axi_data_fifo_v2_1_36_fifo_gen/<hidden>/<hidden>/<hidden>/<hidden>/<hidden>/<hidden>
                            (removal check against rising-edge clock clk_fpga_0  {rise@0.000ns fall@5.000ns period=10.000ns})
  Path Group:             (none)
  Path Type:              Removal (Min at Fast Process Corner)
  Data Path Delay:        2.819ns  (logic 0.185ns (6.563%)  route 2.634ns (93.437%))
  Logic Levels:           1  (LUT1=1)
  Clock Path Skew:        0.241ns (DCD - SCD - CPR)
    Destination Clock Delay (DCD):    1.212ns
    Source Clock Delay      (SCD):    0.971ns
    Clock Pessimism Removal (CPR):    -0.000ns
  Clock Uncertainty:      0.154ns  ((TSJ^2 + TIJ^2)^1/2 + DJ) / 2 + PE
    Total System Jitter     (TSJ):    0.071ns
    Total Input Jitter      (TIJ):    0.300ns
    Discrete Jitter          (DJ):    0.000ns
    Phase Error              (PE):    0.000ns
  Timing Exception:       False Path

    Location             Delay type                Incr(ns)  Path(ns)    Netlist Resource(s)
  -------------------------------------------------------------------    -------------------
                         (clock clk_fpga_0 rise edge)
                                                      0.000     0.000 r  
    PS7_X0Y0             PS7                          0.000     0.000 r  u_block_design/design_1_i/processing_system7_0/inst/PS7_i/FCLKCLK[0]
                         net (fo=1, routed)           0.310     0.310    u_block_design/design_1_i/processing_system7_0/inst/FCLK_CLK_unbuffered[0]
    BUFGCTRL_X0Y16       BUFG (Prop_bufg_I_O)         0.026     0.336 r  u_block_design/design_1_i/processing_system7_0/inst/buffer_fclk_clk_0.FCLK_CLK_0_BUFG/O
                         net (fo=16061, routed)       0.635     0.971    u_block_design/design_1_i/proc_sys_reset_0/U0/slowest_sync_clk
    SLICE_X52Y101        FDRE                                         r  u_block_design/design_1_i/proc_sys_reset_0/U0/ACTIVE_LOW_PR_OUT_DFF[0].FDRE_PER_N/C
  -------------------------------------------------------------------    -------------------
    SLICE_X52Y101        FDRE (Prop_fdre_C_Q)         0.141     1.112 r  u_block_design/design_1_i/proc_sys_reset_0/U0/ACTIVE_LOW_PR_OUT_DFF[0].FDRE_PER_N/Q
                         net (fo=77, routed)          2.078     3.190    u_block_design/design_1_i/axi_interconnect_hp0/s03_couplers/auto_pc/inst/gen_axi4_axi3.axi3_conv_inst/USE_WRITE.write_addr_inst/USE_BURSTS.cmd_queue/inst/aresetn
    SLICE_X35Y62         LUT1 (Prop_lut1_I0_O)        0.044     3.234 f  u_block_design/design_1_i/axi_interconnect_hp0/s03_couplers/auto_pc/inst/gen_axi4_axi3.axi3_conv_inst/USE_WRITE.write_addr_inst/USE_BURSTS.cmd_queue/inst/S_AXI_AREADY_I_i_1/O
                         net (fo=115, routed)         0.555     3.790    snn_integrated_top/design_1_wrapper/design_1/design_1_axi_interconnect_hp0_0/s03_couplers_imp_13X28CE/design_1_axi_interconnect_hp0_imp_auto_pc_3/design_1_axi_interconnect_hp0_imp_auto_pc_3_axi_protocol_converter_v2_1_37_axi_protocol_converter/design_1_axi_interconnect_hp0_imp_auto_pc_3_axi_protocol_converter_v2_1_37_axi3_conv/design_1_axi_interconnect_hp0_imp_auto_pc_3_axi_protocol_converter_v2_1_37_a_axi3_conv/design_1_axi_interconnect_hp0_imp_auto_pc_3_axi_data_fifo_v2_1_36_axic_fifo_0/design_1_axi_interconnect_hp0_imp_auto_pc_3_axi_data_fifo_v2_1_36_fifo_gen/<hidden>/<hidden>/<hidden>/<hidden>/<hidden>/<hidden>
    SLICE_X59Y58         FDPE                                         f  snn_integrated_top/design_1_wrapper/design_1/design_1_axi_interconnect_hp0_0/s03_couplers_imp_13X28CE/design_1_axi_interconnect_hp0_imp_auto_pc_3/design_1_axi_interconnect_hp0_imp_auto_pc_3_axi_protocol_converter_v2_1_37_axi_protocol_converter/design_1_axi_interconnect_hp0_imp_auto_pc_3_axi_protocol_converter_v2_1_37_axi3_conv/design_1_axi_interconnect_hp0_imp_auto_pc_3_axi_protocol_converter_v2_1_37_a_axi3_conv/design_1_axi_interconnect_hp0_imp_auto_pc_3_axi_data_fifo_v2_1_36_axic_fifo_0/design_1_axi_interconnect_hp0_imp_auto_pc_3_axi_data_fifo_v2_1_36_fifo_gen/<hidden>/<hidden>/<hidden>/<hidden>/<hidden>/<hidden>
  -------------------------------------------------------------------    -------------------

                         (clock clk_fpga_0 rise edge)
                                                      0.000     0.000 r  
    PS7_X0Y0             PS7                          0.000     0.000 r  u_block_design/design_1_i/processing_system7_0/inst/PS7_i/FCLKCLK[0]
                         net (fo=1, routed)           0.337     0.337    u_block_design/design_1_i/processing_system7_0/inst/FCLK_CLK_unbuffered[0]
    BUFGCTRL_X0Y16       BUFG (Prop_bufg_I_O)         0.029     0.366 r  u_block_design/design_1_i/processing_system7_0/inst/buffer_fclk_clk_0.FCLK_CLK_0_BUFG/O
                         net (fo=16061, routed)       0.846     1.212    snn_integrated_top/design_1_wrapper/design_1/design_1_axi_interconnect_hp0_0/s03_couplers_imp_13X28CE/design_1_axi_interconnect_hp0_imp_auto_pc_3/design_1_axi_interconnect_hp0_imp_auto_pc_3_axi_protocol_converter_v2_1_37_axi_protocol_converter/design_1_axi_interconnect_hp0_imp_auto_pc_3_axi_protocol_converter_v2_1_37_axi3_conv/design_1_axi_interconnect_hp0_imp_auto_pc_3_axi_protocol_converter_v2_1_37_a_axi3_conv/design_1_axi_interconnect_hp0_imp_auto_pc_3_axi_data_fifo_v2_1_36_axic_fifo_0/design_1_axi_interconnect_hp0_imp_auto_pc_3_axi_data_fifo_v2_1_36_fifo_gen/<hidden>/<hidden>/<hidden>/<hidden>/<hidden>/<hidden>
    SLICE_X59Y58         FDPE                                         r  snn_integrated_top/design_1_wrapper/design_1/design_1_axi_interconnect_hp0_0/s03_couplers_imp_13X28CE/design_1_axi_interconnect_hp0_imp_auto_pc_3/design_1_axi_interconnect_hp0_imp_auto_pc_3_axi_protocol_converter_v2_1_37_axi_protocol_converter/design_1_axi_interconnect_hp0_imp_auto_pc_3_axi_protocol_converter_v2_1_37_axi3_conv/design_1_axi_interconnect_hp0_imp_auto_pc_3_axi_protocol_converter_v2_1_37_a_axi3_conv/design_1_axi_interconnect_hp0_imp_auto_pc_3_axi_data_fifo_v2_1_36_axic_fifo_0/design_1_axi_interconnect_hp0_imp_auto_pc_3_axi_data_fifo_v2_1_36_fifo_gen/<hidden>/<hidden>/<hidden>/<hidden>/<hidden>/<hidden>

Slack:                    inf
  Source:                 u_block_design/design_1_i/proc_sys_reset_0/U0/ACTIVE_LOW_PR_OUT_DFF[0].FDRE_PER_N/C
                            (rising edge-triggered cell FDRE clocked by clk_fpga_0  {rise@0.000ns fall@5.000ns period=10.000ns})
  Destination:            snn_integrated_top/design_1_wrapper/design_1/design_1_axi_interconnect_hp0_0/s03_couplers_imp_13X28CE/design_1_axi_interconnect_hp0_imp_auto_pc_3/design_1_axi_interconnect_hp0_imp_auto_pc_3_axi_protocol_converter_v2_1_37_axi_protocol_converter/design_1_axi_interconnect_hp0_imp_auto_pc_3_axi_protocol_converter_v2_1_37_axi3_conv/design_1_axi_interconnect_hp0_imp_auto_pc_3_axi_protocol_converter_v2_1_37_a_axi3_conv/design_1_axi_interconnect_hp0_imp_auto_pc_3_axi_data_fifo_v2_1_36_axic_fifo_0/design_1_axi_interconnect_hp0_imp_auto_pc_3_axi_data_fifo_v2_1_36_fifo_gen/<hidden>/<hidden>/<hidden>/<hidden>/<hidden>/<hidden>
                            (removal check against rising-edge clock clk_fpga_0  {rise@0.000ns fall@5.000ns period=10.000ns})
  Path Group:             (none)
  Path Type:              Removal (Min at Fast Process Corner)
  Data Path Delay:        2.819ns  (logic 0.185ns (6.563%)  route 2.634ns (93.437%))
  Logic Levels:           1  (LUT1=1)
  Clock Path Skew:        0.241ns (DCD - SCD - CPR)
    Destination Clock Delay (DCD):    1.212ns
    Source Clock Delay      (SCD):    0.971ns
    Clock Pessimism Removal (CPR):    -0.000ns
  Clock Uncertainty:      0.154ns  ((TSJ^2 + TIJ^2)^1/2 + DJ) / 2 + PE
    Total System Jitter     (TSJ):    0.071ns
    Total Input Jitter      (TIJ):    0.300ns
    Discrete Jitter          (DJ):    0.000ns
    Phase Error              (PE):    0.000ns
  Timing Exception:       False Path

    Location             Delay type                Incr(ns)  Path(ns)    Netlist Resource(s)
  -------------------------------------------------------------------    -------------------
                         (clock clk_fpga_0 rise edge)
                                                      0.000     0.000 r  
    PS7_X0Y0             PS7                          0.000     0.000 r  u_block_design/design_1_i/processing_system7_0/inst/PS7_i/FCLKCLK[0]
                         net (fo=1, routed)           0.310     0.310    u_block_design/design_1_i/processing_system7_0/inst/FCLK_CLK_unbuffered[0]
    BUFGCTRL_X0Y16       BUFG (Prop_bufg_I_O)         0.026     0.336 r  u_block_design/design_1_i/processing_system7_0/inst/buffer_fclk_clk_0.FCLK_CLK_0_BUFG/O
                         net (fo=16061, routed)       0.635     0.971    u_block_design/design_1_i/proc_sys_reset_0/U0/slowest_sync_clk
    SLICE_X52Y101        FDRE                                         r  u_block_design/design_1_i/proc_sys_reset_0/U0/ACTIVE_LOW_PR_OUT_DFF[0].FDRE_PER_N/C
  -------------------------------------------------------------------    -------------------
    SLICE_X52Y101        FDRE (Prop_fdre_C_Q)         0.141     1.112 r  u_block_design/design_1_i/proc_sys_reset_0/U0/ACTIVE_LOW_PR_OUT_DFF[0].FDRE_PER_N/Q
                         net (fo=77, routed)          2.078     3.190    u_block_design/design_1_i/axi_interconnect_hp0/s03_couplers/auto_pc/inst/gen_axi4_axi3.axi3_conv_inst/USE_WRITE.write_addr_inst/USE_BURSTS.cmd_queue/inst/aresetn
    SLICE_X35Y62         LUT1 (Prop_lut1_I0_O)        0.044     3.234 f  u_block_design/design_1_i/axi_interconnect_hp0/s03_couplers/auto_pc/inst/gen_axi4_axi3.axi3_conv_inst/USE_WRITE.write_addr_inst/USE_BURSTS.cmd_queue/inst/S_AXI_AREADY_I_i_1/O
                         net (fo=115, routed)         0.555     3.790    snn_integrated_top/design_1_wrapper/design_1/design_1_axi_interconnect_hp0_0/s03_couplers_imp_13X28CE/design_1_axi_interconnect_hp0_imp_auto_pc_3/design_1_axi_interconnect_hp0_imp_auto_pc_3_axi_protocol_converter_v2_1_37_axi_protocol_converter/design_1_axi_interconnect_hp0_imp_auto_pc_3_axi_protocol_converter_v2_1_37_axi3_conv/design_1_axi_interconnect_hp0_imp_auto_pc_3_axi_protocol_converter_v2_1_37_a_axi3_conv/design_1_axi_interconnect_hp0_imp_auto_pc_3_axi_data_fifo_v2_1_36_axic_fifo_0/design_1_axi_interconnect_hp0_imp_auto_pc_3_axi_data_fifo_v2_1_36_fifo_gen/<hidden>/<hidden>/<hidden>/<hidden>/<hidden>/<hidden>
    SLICE_X59Y58         FDPE                                         f  snn_integrated_top/design_1_wrapper/design_1/design_1_axi_interconnect_hp0_0/s03_couplers_imp_13X28CE/design_1_axi_interconnect_hp0_imp_auto_pc_3/design_1_axi_interconnect_hp0_imp_auto_pc_3_axi_protocol_converter_v2_1_37_axi_protocol_converter/design_1_axi_interconnect_hp0_imp_auto_pc_3_axi_protocol_converter_v2_1_37_axi3_conv/design_1_axi_interconnect_hp0_imp_auto_pc_3_axi_protocol_converter_v2_1_37_a_axi3_conv/design_1_axi_interconnect_hp0_imp_auto_pc_3_axi_data_fifo_v2_1_36_axic_fifo_0/design_1_axi_interconnect_hp0_imp_auto_pc_3_axi_data_fifo_v2_1_36_fifo_gen/<hidden>/<hidden>/<hidden>/<hidden>/<hidden>/<hidden>
  -------------------------------------------------------------------    -------------------

                         (clock clk_fpga_0 rise edge)
                                                      0.000     0.000 r  
    PS7_X0Y0             PS7                          0.000     0.000 r  u_block_design/design_1_i/processing_system7_0/inst/PS7_i/FCLKCLK[0]
                         net (fo=1, routed)           0.337     0.337    u_block_design/design_1_i/processing_system7_0/inst/FCLK_CLK_unbuffered[0]
    BUFGCTRL_X0Y16       BUFG (Prop_bufg_I_O)         0.029     0.366 r  u_block_design/design_1_i/processing_system7_0/inst/buffer_fclk_clk_0.FCLK_CLK_0_BUFG/O
                         net (fo=16061, routed)       0.846     1.212    snn_integrated_top/design_1_wrapper/design_1/design_1_axi_interconnect_hp0_0/s03_couplers_imp_13X28CE/design_1_axi_interconnect_hp0_imp_auto_pc_3/design_1_axi_interconnect_hp0_imp_auto_pc_3_axi_protocol_converter_v2_1_37_axi_protocol_converter/design_1_axi_interconnect_hp0_imp_auto_pc_3_axi_protocol_converter_v2_1_37_axi3_conv/design_1_axi_interconnect_hp0_imp_auto_pc_3_axi_protocol_converter_v2_1_37_a_axi3_conv/design_1_axi_interconnect_hp0_imp_auto_pc_3_axi_data_fifo_v2_1_36_axic_fifo_0/design_1_axi_interconnect_hp0_imp_auto_pc_3_axi_data_fifo_v2_1_36_fifo_gen/<hidden>/<hidden>/<hidden>/<hidden>/<hidden>/<hidden>
    SLICE_X59Y58         FDPE                                         r  snn_integrated_top/design_1_wrapper/design_1/design_1_axi_interconnect_hp0_0/s03_couplers_imp_13X28CE/design_1_axi_interconnect_hp0_imp_auto_pc_3/design_1_axi_interconnect_hp0_imp_auto_pc_3_axi_protocol_converter_v2_1_37_axi_protocol_converter/design_1_axi_interconnect_hp0_imp_auto_pc_3_axi_protocol_converter_v2_1_37_axi3_conv/design_1_axi_interconnect_hp0_imp_auto_pc_3_axi_protocol_converter_v2_1_37_a_axi3_conv/design_1_axi_interconnect_hp0_imp_auto_pc_3_axi_data_fifo_v2_1_36_axic_fifo_0/design_1_axi_interconnect_hp0_imp_auto_pc_3_axi_data_fifo_v2_1_36_fifo_gen/<hidden>/<hidden>/<hidden>/<hidden>/<hidden>/<hidden>

Slack:                    inf
  Source:                 u_block_design/design_1_i/proc_sys_reset_0/U0/ACTIVE_LOW_PR_OUT_DFF[0].FDRE_PER_N/C
                            (rising edge-triggered cell FDRE clocked by clk_fpga_0  {rise@0.000ns fall@5.000ns period=10.000ns})
  Destination:            snn_integrated_top/design_1_wrapper/design_1/design_1_axi_interconnect_hp0_0/s01_couplers_imp_12AUBLP/design_1_axi_interconnect_hp0_imp_auto_pc_1/design_1_axi_interconnect_hp0_imp_auto_pc_1_axi_protocol_converter_v2_1_37_axi_protocol_converter/design_1_axi_interconnect_hp0_imp_auto_pc_1_axi_protocol_converter_v2_1_37_axi3_conv/design_1_axi_interconnect_hp0_imp_auto_pc_1_axi_protocol_converter_v2_1_37_a_axi3_conv/design_1_axi_interconnect_hp0_imp_auto_pc_1_axi_data_fifo_v2_1_36_axic_fifo/design_1_axi_interconnect_hp0_imp_auto_pc_1_axi_data_fifo_v2_1_36_fifo_gen_1/<hidden>/<hidden>/<hidden>/<hidden>/<hidden>/<hidden>
                            (removal check against rising-edge clock clk_fpga_0  {rise@0.000ns fall@5.000ns period=10.000ns})
  Path Group:             (none)
  Path Type:              Removal (Min at Fast Process Corner)
  Data Path Delay:        2.889ns  (logic 0.186ns (6.438%)  route 2.703ns (93.562%))
  Logic Levels:           1  (LUT1=1)
  Clock Path Skew:        0.231ns (DCD - SCD - CPR)
    Destination Clock Delay (DCD):    1.202ns
    Source Clock Delay      (SCD):    0.971ns
    Clock Pessimism Removal (CPR):    -0.000ns
  Clock Uncertainty:      0.154ns  ((TSJ^2 + TIJ^2)^1/2 + DJ) / 2 + PE
    Total System Jitter     (TSJ):    0.071ns
    Total Input Jitter      (TIJ):    0.300ns
    Discrete Jitter          (DJ):    0.000ns
    Phase Error              (PE):    0.000ns
  Timing Exception:       False Path

    Location             Delay type                Incr(ns)  Path(ns)    Netlist Resource(s)
  -------------------------------------------------------------------    -------------------
                         (clock clk_fpga_0 rise edge)
                                                      0.000     0.000 r  
    PS7_X0Y0             PS7                          0.000     0.000 r  u_block_design/design_1_i/processing_system7_0/inst/PS7_i/FCLKCLK[0]
                         net (fo=1, routed)           0.310     0.310    u_block_design/design_1_i/processing_system7_0/inst/FCLK_CLK_unbuffered[0]
    BUFGCTRL_X0Y16       BUFG (Prop_bufg_I_O)         0.026     0.336 r  u_block_design/design_1_i/processing_system7_0/inst/buffer_fclk_clk_0.FCLK_CLK_0_BUFG/O
                         net (fo=16061, routed)       0.635     0.971    u_block_design/design_1_i/proc_sys_reset_0/U0/slowest_sync_clk
    SLICE_X52Y101        FDRE                                         r  u_block_design/design_1_i/proc_sys_reset_0/U0/ACTIVE_LOW_PR_OUT_DFF[0].FDRE_PER_N/C
  -------------------------------------------------------------------    -------------------
    SLICE_X52Y101        FDRE (Prop_fdre_C_Q)         0.141     1.112 r  u_block_design/design_1_i/proc_sys_reset_0/U0/ACTIVE_LOW_PR_OUT_DFF[0].FDRE_PER_N/Q
                         net (fo=77, routed)          2.143     3.255    u_block_design/design_1_i/axi_interconnect_hp0/s01_couplers/auto_pc/inst/gen_axi4_axi3.axi3_conv_inst/USE_WRITE.write_addr_inst/USE_BURSTS.cmd_queue/inst/aresetn
    SLICE_X27Y55         LUT1 (Prop_lut1_I0_O)        0.045     3.300 f  u_block_design/design_1_i/axi_interconnect_hp0/s01_couplers/auto_pc/inst/gen_axi4_axi3.axi3_conv_inst/USE_WRITE.write_addr_inst/USE_BURSTS.cmd_queue/inst/S_AXI_AREADY_I_i_1/O
                         net (fo=115, routed)         0.560     3.860    snn_integrated_top/design_1_wrapper/design_1/design_1_axi_interconnect_hp0_0/s01_couplers_imp_12AUBLP/design_1_axi_interconnect_hp0_imp_auto_pc_1/design_1_axi_interconnect_hp0_imp_auto_pc_1_axi_protocol_converter_v2_1_37_axi_protocol_converter/design_1_axi_interconnect_hp0_imp_auto_pc_1_axi_protocol_converter_v2_1_37_axi3_conv/design_1_axi_interconnect_hp0_imp_auto_pc_1_axi_protocol_converter_v2_1_37_a_axi3_conv/design_1_axi_interconnect_hp0_imp_auto_pc_1_axi_data_fifo_v2_1_36_axic_fifo/design_1_axi_interconnect_hp0_imp_auto_pc_1_axi_data_fifo_v2_1_36_fifo_gen_1/<hidden>/<hidden>/<hidden>/<hidden>/<hidden>/<hidden>
    SLICE_X27Y66         FDPE                                         f  snn_integrated_top/design_1_wrapper/design_1/design_1_axi_interconnect_hp0_0/s01_couplers_imp_12AUBLP/design_1_axi_interconnect_hp0_imp_auto_pc_1/design_1_axi_interconnect_hp0_imp_auto_pc_1_axi_protocol_converter_v2_1_37_axi_protocol_converter/design_1_axi_interconnect_hp0_imp_auto_pc_1_axi_protocol_converter_v2_1_37_axi3_conv/design_1_axi_interconnect_hp0_imp_auto_pc_1_axi_protocol_converter_v2_1_37_a_axi3_conv/design_1_axi_interconnect_hp0_imp_auto_pc_1_axi_data_fifo_v2_1_36_axic_fifo/design_1_axi_interconnect_hp0_imp_auto_pc_1_axi_data_fifo_v2_1_36_fifo_gen_1/<hidden>/<hidden>/<hidden>/<hidden>/<hidden>/<hidden>
  -------------------------------------------------------------------    -------------------

                         (clock clk_fpga_0 rise edge)
                                                      0.000     0.000 r  
    PS7_X0Y0             PS7                          0.000     0.000 r  u_block_design/design_1_i/processing_system7_0/inst/PS7_i/FCLKCLK[0]
                         net (fo=1, routed)           0.337     0.337    u_block_design/design_1_i/processing_system7_0/inst/FCLK_CLK_unbuffered[0]
    BUFGCTRL_X0Y16       BUFG (Prop_bufg_I_O)         0.029     0.366 r  u_block_design/design_1_i/processing_system7_0/inst/buffer_fclk_clk_0.FCLK_CLK_0_BUFG/O
                         net (fo=16061, routed)       0.836     1.202    snn_integrated_top/design_1_wrapper/design_1/design_1_axi_interconnect_hp0_0/s01_couplers_imp_12AUBLP/design_1_axi_interconnect_hp0_imp_auto_pc_1/design_1_axi_interconnect_hp0_imp_auto_pc_1_axi_protocol_converter_v2_1_37_axi_protocol_converter/design_1_axi_interconnect_hp0_imp_auto_pc_1_axi_protocol_converter_v2_1_37_axi3_conv/design_1_axi_interconnect_hp0_imp_auto_pc_1_axi_protocol_converter_v2_1_37_a_axi3_conv/design_1_axi_interconnect_hp0_imp_auto_pc_1_axi_data_fifo_v2_1_36_axic_fifo/design_1_axi_interconnect_hp0_imp_auto_pc_1_axi_data_fifo_v2_1_36_fifo_gen_1/<hidden>/<hidden>/<hidden>/<hidden>/<hidden>/<hidden>
    SLICE_X27Y66         FDPE                                         r  snn_integrated_top/design_1_wrapper/design_1/design_1_axi_interconnect_hp0_0/s01_couplers_imp_12AUBLP/design_1_axi_interconnect_hp0_imp_auto_pc_1/design_1_axi_interconnect_hp0_imp_auto_pc_1_axi_protocol_converter_v2_1_37_axi_protocol_converter/design_1_axi_interconnect_hp0_imp_auto_pc_1_axi_protocol_converter_v2_1_37_axi3_conv/design_1_axi_interconnect_hp0_imp_auto_pc_1_axi_protocol_converter_v2_1_37_a_axi3_conv/design_1_axi_interconnect_hp0_imp_auto_pc_1_axi_data_fifo_v2_1_36_axic_fifo/design_1_axi_interconnect_hp0_imp_auto_pc_1_axi_data_fifo_v2_1_36_fifo_gen_1/<hidden>/<hidden>/<hidden>/<hidden>/<hidden>/<hidden>

Slack:                    inf
  Source:                 u_block_design/design_1_i/proc_sys_reset_0/U0/ACTIVE_LOW_PR_OUT_DFF[0].FDRE_PER_N/C
                            (rising edge-triggered cell FDRE clocked by clk_fpga_0  {rise@0.000ns fall@5.000ns period=10.000ns})
  Destination:            snn_integrated_top/design_1_wrapper/design_1/design_1_axi_interconnect_hp0_0/s01_couplers_imp_12AUBLP/design_1_axi_interconnect_hp0_imp_auto_pc_1/design_1_axi_interconnect_hp0_imp_auto_pc_1_axi_protocol_converter_v2_1_37_axi_protocol_converter/design_1_axi_interconnect_hp0_imp_auto_pc_1_axi_protocol_converter_v2_1_37_axi3_conv/design_1_axi_interconnect_hp0_imp_auto_pc_1_axi_protocol_converter_v2_1_37_a_axi3_conv/design_1_axi_interconnect_hp0_imp_auto_pc_1_axi_data_fifo_v2_1_36_axic_fifo/design_1_axi_interconnect_hp0_imp_auto_pc_1_axi_data_fifo_v2_1_36_fifo_gen_1/<hidden>/<hidden>/<hidden>/<hidden>/<hidden>/<hidden>
                            (removal check against rising-edge clock clk_fpga_0  {rise@0.000ns fall@5.000ns period=10.000ns})
  Path Group:             (none)
  Path Type:              Removal (Min at Fast Process Corner)
  Data Path Delay:        2.889ns  (logic 0.186ns (6.438%)  route 2.703ns (93.562%))
  Logic Levels:           1  (LUT1=1)
  Clock Path Skew:        0.231ns (DCD - SCD - CPR)
    Destination Clock Delay (DCD):    1.202ns
    Source Clock Delay      (SCD):    0.971ns
    Clock Pessimism Removal (CPR):    -0.000ns
  Clock Uncertainty:      0.154ns  ((TSJ^2 + TIJ^2)^1/2 + DJ) / 2 + PE
    Total System Jitter     (TSJ):    0.071ns
    Total Input Jitter      (TIJ):    0.300ns
    Discrete Jitter          (DJ):    0.000ns
    Phase Error              (PE):    0.000ns
  Timing Exception:       False Path

    Location             Delay type                Incr(ns)  Path(ns)    Netlist Resource(s)
  -------------------------------------------------------------------    -------------------
                         (clock clk_fpga_0 rise edge)
                                                      0.000     0.000 r  
    PS7_X0Y0             PS7                          0.000     0.000 r  u_block_design/design_1_i/processing_system7_0/inst/PS7_i/FCLKCLK[0]
                         net (fo=1, routed)           0.310     0.310    u_block_design/design_1_i/processing_system7_0/inst/FCLK_CLK_unbuffered[0]
    BUFGCTRL_X0Y16       BUFG (Prop_bufg_I_O)         0.026     0.336 r  u_block_design/design_1_i/processing_system7_0/inst/buffer_fclk_clk_0.FCLK_CLK_0_BUFG/O
                         net (fo=16061, routed)       0.635     0.971    u_block_design/design_1_i/proc_sys_reset_0/U0/slowest_sync_clk
    SLICE_X52Y101        FDRE                                         r  u_block_design/design_1_i/proc_sys_reset_0/U0/ACTIVE_LOW_PR_OUT_DFF[0].FDRE_PER_N/C
  -------------------------------------------------------------------    -------------------
    SLICE_X52Y101        FDRE (Prop_fdre_C_Q)         0.141     1.112 r  u_block_design/design_1_i/proc_sys_reset_0/U0/ACTIVE_LOW_PR_OUT_DFF[0].FDRE_PER_N/Q
                         net (fo=77, routed)          2.143     3.255    u_block_design/design_1_i/axi_interconnect_hp0/s01_couplers/auto_pc/inst/gen_axi4_axi3.axi3_conv_inst/USE_WRITE.write_addr_inst/USE_BURSTS.cmd_queue/inst/aresetn
    SLICE_X27Y55         LUT1 (Prop_lut1_I0_O)        0.045     3.300 f  u_block_design/design_1_i/axi_interconnect_hp0/s01_couplers/auto_pc/inst/gen_axi4_axi3.axi3_conv_inst/USE_WRITE.write_addr_inst/USE_BURSTS.cmd_queue/inst/S_AXI_AREADY_I_i_1/O
                         net (fo=115, routed)         0.560     3.860    snn_integrated_top/design_1_wrapper/design_1/design_1_axi_interconnect_hp0_0/s01_couplers_imp_12AUBLP/design_1_axi_interconnect_hp0_imp_auto_pc_1/design_1_axi_interconnect_hp0_imp_auto_pc_1_axi_protocol_converter_v2_1_37_axi_protocol_converter/design_1_axi_interconnect_hp0_imp_auto_pc_1_axi_protocol_converter_v2_1_37_axi3_conv/design_1_axi_interconnect_hp0_imp_auto_pc_1_axi_protocol_converter_v2_1_37_a_axi3_conv/design_1_axi_interconnect_hp0_imp_auto_pc_1_axi_data_fifo_v2_1_36_axic_fifo/design_1_axi_interconnect_hp0_imp_auto_pc_1_axi_data_fifo_v2_1_36_fifo_gen_1/<hidden>/<hidden>/<hidden>/<hidden>/<hidden>/<hidden>
    SLICE_X27Y66         FDPE                                         f  snn_integrated_top/design_1_wrapper/design_1/design_1_axi_interconnect_hp0_0/s01_couplers_imp_12AUBLP/design_1_axi_interconnect_hp0_imp_auto_pc_1/design_1_axi_interconnect_hp0_imp_auto_pc_1_axi_protocol_converter_v2_1_37_axi_protocol_converter/design_1_axi_interconnect_hp0_imp_auto_pc_1_axi_protocol_converter_v2_1_37_axi3_conv/design_1_axi_interconnect_hp0_imp_auto_pc_1_axi_protocol_converter_v2_1_37_a_axi3_conv/design_1_axi_interconnect_hp0_imp_auto_pc_1_axi_data_fifo_v2_1_36_axic_fifo/design_1_axi_interconnect_hp0_imp_auto_pc_1_axi_data_fifo_v2_1_36_fifo_gen_1/<hidden>/<hidden>/<hidden>/<hidden>/<hidden>/<hidden>
  -------------------------------------------------------------------    -------------------

                         (clock clk_fpga_0 rise edge)
                                                      0.000     0.000 r  
    PS7_X0Y0             PS7                          0.000     0.000 r  u_block_design/design_1_i/processing_system7_0/inst/PS7_i/FCLKCLK[0]
                         net (fo=1, routed)           0.337     0.337    u_block_design/design_1_i/processing_system7_0/inst/FCLK_CLK_unbuffered[0]
    BUFGCTRL_X0Y16       BUFG (Prop_bufg_I_O)         0.029     0.366 r  u_block_design/design_1_i/processing_system7_0/inst/buffer_fclk_clk_0.FCLK_CLK_0_BUFG/O
                         net (fo=16061, routed)       0.836     1.202    snn_integrated_top/design_1_wrapper/design_1/design_1_axi_interconnect_hp0_0/s01_couplers_imp_12AUBLP/design_1_axi_interconnect_hp0_imp_auto_pc_1/design_1_axi_interconnect_hp0_imp_auto_pc_1_axi_protocol_converter_v2_1_37_axi_protocol_converter/design_1_axi_interconnect_hp0_imp_auto_pc_1_axi_protocol_converter_v2_1_37_axi3_conv/design_1_axi_interconnect_hp0_imp_auto_pc_1_axi_protocol_converter_v2_1_37_a_axi3_conv/design_1_axi_interconnect_hp0_imp_auto_pc_1_axi_data_fifo_v2_1_36_axic_fifo/design_1_axi_interconnect_hp0_imp_auto_pc_1_axi_data_fifo_v2_1_36_fifo_gen_1/<hidden>/<hidden>/<hidden>/<hidden>/<hidden>/<hidden>
    SLICE_X27Y66         FDPE                                         r  snn_integrated_top/design_1_wrapper/design_1/design_1_axi_interconnect_hp0_0/s01_couplers_imp_12AUBLP/design_1_axi_interconnect_hp0_imp_auto_pc_1/design_1_axi_interconnect_hp0_imp_auto_pc_1_axi_protocol_converter_v2_1_37_axi_protocol_converter/design_1_axi_interconnect_hp0_imp_auto_pc_1_axi_protocol_converter_v2_1_37_axi3_conv/design_1_axi_interconnect_hp0_imp_auto_pc_1_axi_protocol_converter_v2_1_37_a_axi3_conv/design_1_axi_interconnect_hp0_imp_auto_pc_1_axi_data_fifo_v2_1_36_axic_fifo/design_1_axi_interconnect_hp0_imp_auto_pc_1_axi_data_fifo_v2_1_36_fifo_gen_1/<hidden>/<hidden>/<hidden>/<hidden>/<hidden>/<hidden>





