Copyright 1986-2022 Xilinx, Inc. All Rights Reserved. Copyright 2022-2025 Advanced Micro Devices, Inc. All Rights Reserved.
------------------------------------------------------------------------------------------------------------------------------------------------------------------------------------------------------------------------------------------------------------------
| Tool Version : Vivado v.2025.2 (lin64) Build 6299465 Fri Nov 14 12:34:56 MST 2025
| Date         : Wed Sep 23 16:22:35 2026
| Host         : Mariana running 64-bit Ubuntu 22.04.5 LTS
| Command      : report_timing_summary -max_paths 10 -routable_nets -report_unconstrained -file snn_core_group_top_timing_summary_routed.rpt -pb snn_core_group_top_timing_summary_routed.pb -rpx snn_core_group_top_timing_summary_routed.rpx -warn_on_violation
| Design       : snn_core_group_top
| Device       : 7z020-clg400
| Speed File   : -1  PRODUCTION 1.12 2019-11-22
| Design State : Routed
------------------------------------------------------------------------------------------------------------------------------------------------------------------------------------------------------------------------------------------------------------------

Timing Summary Report

------------------------------------------------------------------------------------------------
| Timer Settings
| --------------
------------------------------------------------------------------------------------------------

  Enable Multi Corner Analysis               :  Yes
  Enable Pessimism Removal                   :  Yes
  Pessimism Removal Resolution               :  Nearest Common Node
  Enable Input Delay Default Clock           :  No
  Enable Preset / Clear Arcs                 :  No
  Disable Flight Delays                      :  No
  Ignore I/O Paths                           :  No
  Timing Early Launch at Borrowing Latches   :  No
  Borrow Time for Max Delay Exceptions       :  Yes
  Merge Timing Exceptions                    :  Yes
  Inter-SLR Compensation                     :  Conservative

  Corner  Analyze    Analyze    
  Name    Max Paths  Min Paths  
  ------  ---------  ---------  
  Slow    Yes        Yes        
  Fast    Yes        Yes        


------------------------------------------------------------------------------------------------
| Report Methodology
| ------------------
------------------------------------------------------------------------------------------------

Rule       Severity  Description                                  Violations  
---------  --------  -------------------------------------------  ----------  
LUTAR-1    Warning   LUT drives async reset alert                 6           
SYNTH-6    Warning   Timing of a RAM block might be sub-optimal   4           
TIMING-18  Warning   Missing input or output delay                1           
ULMTCS-1   Warning   Control Sets use limits recommend reduction  1           

Note: This report is based on the most recent report_methodology run and may not be up-to-date. Run report_methodology on the current design for the latest report.



check_timing report

Table of Contents
-----------------
1. checking no_clock (0)
2. checking constant_clock (0)
3. checking pulse_width_clock (0)
4. checking unconstrained_internal_endpoints (0)
5. checking no_input_delay (0)
6. checking no_output_delay (1)
7. checking multiple_clock (0)
8. checking generated_clocks (0)
9. checking loops (0)
10. checking partial_input_delay (0)
11. checking partial_output_delay (0)
12. checking latch_loops (0)

1. checking no_clock (0)
------------------------
 There are 0 register/latch pins with no clock.


2. checking constant_clock (0)
------------------------------
 There are 0 register/latch pins with constant_clock.


3. checking pulse_width_clock (0)
---------------------------------
 There are 0 register/latch pins which need pulse_width check


4. checking unconstrained_internal_endpoints (0)
------------------------------------------------
 There are 0 pins that are not constrained for maximum delay.

 There are 0 pins that are not constrained for maximum delay due to constant clock.


5. checking no_input_delay (0)
------------------------------
 There are 0 input ports with no input delay specified.

 There are 0 input ports with no input delay but user has a false path constraint.


6. checking no_output_delay (1)
-------------------------------
 There is 1 port with no output delay specified. (HIGH)

 There are 0 ports with no output delay but user has a false path constraint

 There are 0 ports with no output delay but with a timing clock defined on it or propagating through it


7. checking multiple_clock (0)
------------------------------
 There are 0 register/latch pins with multiple clocks.


8. checking generated_clocks (0)
--------------------------------
 There are 0 generated clocks that are not connected to a clock source.


9. checking loops (0)
---------------------
 There are 0 combinational loops in the design.


10. checking partial_input_delay (0)
------------------------------------
 There are 0 input ports with partial input delay specified.


11. checking partial_output_delay (0)
-------------------------------------
 There are 0 ports with partial output delay specified.


12. checking latch_loops (0)
----------------------------
 There are 0 combinational latch loops in the design through latch input



------------------------------------------------------------------------------------------------
| Design Timing Summary
| ---------------------
------------------------------------------------------------------------------------------------

    WNS(ns)      TNS(ns)  TNS Failing Endpoints  TNS Total Endpoints      WHS(ns)      THS(ns)  THS Failing Endpoints  THS Total Endpoints     WPWS(ns)     TPWS(ns)  TPWS Failing Endpoints  TPWS Total Endpoints  
    -------      -------  ---------------------  -------------------      -------      -------  ---------------------  -------------------     --------     --------  ----------------------  --------------------  
      0.381        0.000                      0                59474        0.014        0.000                      0                59474        3.750        0.000                       0                 22236  


All user specified timing constraints are met.


------------------------------------------------------------------------------------------------
| Clock Summary
| -------------
------------------------------------------------------------------------------------------------

Clock       Waveform(ns)       Period(ns)      Frequency(MHz)
-----       ------------       ----------      --------------
clk_fpga_0  {0.000 5.000}      10.000          100.000         


------------------------------------------------------------------------------------------------
| Intra Clock Table
| -----------------
------------------------------------------------------------------------------------------------

Clock             WNS(ns)      TNS(ns)  TNS Failing Endpoints  TNS Total Endpoints      WHS(ns)      THS(ns)  THS Failing Endpoints  THS Total Endpoints     WPWS(ns)     TPWS(ns)  TPWS Failing Endpoints  TPWS Total Endpoints  
-----             -------      -------  ---------------------  -------------------      -------      -------  ---------------------  -------------------     --------     --------  ----------------------  --------------------  
clk_fpga_0          0.381        0.000                      0                59282        0.014        0.000                      0                59282        3.750        0.000                       0                 22236  


------------------------------------------------------------------------------------------------
| Inter Clock Table
| -----------------
------------------------------------------------------------------------------------------------

From Clock    To Clock          WNS(ns)      TNS(ns)  TNS Failing Endpoints  TNS Total Endpoints      WHS(ns)      THS(ns)  THS Failing Endpoints  THS Total Endpoints  
----------    --------          -------      -------  ---------------------  -------------------      -------      -------  ---------------------  -------------------  


------------------------------------------------------------------------------------------------
| Other Path Groups Table
| -----------------------
------------------------------------------------------------------------------------------------

Path Group         From Clock         To Clock               WNS(ns)      TNS(ns)  TNS Failing Endpoints  TNS Total Endpoints      WHS(ns)      THS(ns)  THS Failing Endpoints  THS Total Endpoints  
----------         ----------         --------               -------      -------  ---------------------  -------------------      -------      -------  ---------------------  -------------------  
**async_default**  clk_fpga_0         clk_fpga_0               6.635        0.000                      0                  192        0.536        0.000                      0                  192  


------------------------------------------------------------------------------------------------
| User Ignored Path Table
| -----------------------
------------------------------------------------------------------------------------------------

Path Group    From Clock    To Clock    
----------    ----------    --------    
(none)                      clk_fpga_0    
(none)        clk_fpga_0    clk_fpga_0    


------------------------------------------------------------------------------------------------
| Unconstrained Path Table
| ------------------------
------------------------------------------------------------------------------------------------

Path Group    From Clock    To Clock    
----------    ----------    --------    
(none)        clk_fpga_0                  


------------------------------------------------------------------------------------------------
| Timing Details
| --------------
------------------------------------------------------------------------------------------------


---------------------------------------------------------------------------------------------------
From Clock:  clk_fpga_0
  To Clock:  clk_fpga_0

Setup :            0  Failing Endpoints,  Worst Slack        0.381ns,  Total Violation        0.000ns
Hold  :            0  Failing Endpoints,  Worst Slack        0.014ns,  Total Violation        0.000ns
PW    :            0  Failing Endpoints,  Worst Slack        3.750ns,  Total Violation        0.000ns
---------------------------------------------------------------------------------------------------


Max Delay Paths
--------------------------------------------------------------------------------------
Slack (MET) :             0.381ns  (required time - arrival time)
  Source:                 u_block_design/design_1_i/proc_sys_reset_0/U0/ACTIVE_LOW_PR_OUT_DFF[0].FDRE_PER_N/C
                            (rising edge-triggered cell FDRE clocked by clk_fpga_0  {rise@0.000ns fall@5.000ns period=10.000ns})
  Destination:            u_block_design/design_1_i/snn_top_hls_0/inst/grp_snn_top_hls_Pipeline_VITIS_LOOP_147_4_VITIS_LOOP_148_542_fu_3273/ap_enable_reg_pp0_iter1_reg/D
                            (rising edge-triggered cell FDRE clocked by clk_fpga_0  {rise@0.000ns fall@5.000ns period=10.000ns})
  Path Group:             clk_fpga_0
  Path Type:              Setup (Max at Slow Process Corner)
  Requirement:            10.000ns  (clk_fpga_0 rise@10.000ns - clk_fpga_0 rise@0.000ns)
  Data Path Delay:        9.402ns  (logic 0.580ns (6.169%)  route 8.822ns (93.831%))
  Logic Levels:           1  (LUT6=1)
  Clock Path Skew:        -0.093ns (DCD - SCD + CPR)
    Destination Clock Delay (DCD):    2.797ns = ( 12.797 - 10.000 ) 
    Source Clock Delay      (SCD):    3.005ns
    Clock Pessimism Removal (CPR):    0.115ns
  Clock Uncertainty:      0.154ns  ((TSJ^2 + TIJ^2)^1/2 + DJ) / 2 + PE
    Total System Jitter     (TSJ):    0.071ns
    Total Input Jitter      (TIJ):    0.300ns
    Discrete Jitter          (DJ):    0.000ns
    Phase Error              (PE):    0.000ns

    Location             Delay type                Incr(ns)  Path(ns)    Netlist Resource(s)
  -------------------------------------------------------------------    -------------------
                         (clock clk_fpga_0 rise edge)
                                                      0.000     0.000 r  
    PS7_X0Y0             PS7                          0.000     0.000 r  u_block_design/design_1_i/processing_system7_0/inst/PS7_i/FCLKCLK[0]
                         net (fo=1, routed)           1.193     1.193    u_block_design/design_1_i/processing_system7_0/inst/FCLK_CLK_unbuffered[0]
    BUFGCTRL_X0Y16       BUFG (Prop_bufg_I_O)         0.101     1.294 r  u_block_design/design_1_i/processing_system7_0/inst/buffer_fclk_clk_0.FCLK_CLK_0_BUFG/O
                         net (fo=22237, routed)       1.711     3.005    u_block_design/design_1_i/proc_sys_reset_0/U0/slowest_sync_clk
    SLICE_X63Y88         FDRE                                         r  u_block_design/design_1_i/proc_sys_reset_0/U0/ACTIVE_LOW_PR_OUT_DFF[0].FDRE_PER_N/C
  -------------------------------------------------------------------    -------------------
    SLICE_X63Y88         FDRE (Prop_fdre_C_Q)         0.456     3.461 r  u_block_design/design_1_i/proc_sys_reset_0/U0/ACTIVE_LOW_PR_OUT_DFF[0].FDRE_PER_N/Q
                         net (fo=409, routed)         8.822    12.283    u_block_design/design_1_i/snn_top_hls_0/inst/grp_snn_top_hls_Pipeline_VITIS_LOOP_147_4_VITIS_LOOP_148_542_fu_3273/ap_rst_n
    SLICE_X99Y33         LUT6 (Prop_lut6_I0_O)        0.124    12.407 r  u_block_design/design_1_i/snn_top_hls_0/inst/grp_snn_top_hls_Pipeline_VITIS_LOOP_147_4_VITIS_LOOP_148_542_fu_3273/ap_enable_reg_pp0_iter1_i_1__122/O
                         net (fo=1, routed)           0.000    12.407    u_block_design/design_1_i/snn_top_hls_0/inst/grp_snn_top_hls_Pipeline_VITIS_LOOP_147_4_VITIS_LOOP_148_542_fu_3273/ap_enable_reg_pp0_iter1_i_1__122_n_6
    SLICE_X99Y33         FDRE                                         r  u_block_design/design_1_i/snn_top_hls_0/inst/grp_snn_top_hls_Pipeline_VITIS_LOOP_147_4_VITIS_LOOP_148_542_fu_3273/ap_enable_reg_pp0_iter1_reg/D
  -------------------------------------------------------------------    -------------------

                         (clock clk_fpga_0 rise edge)
                                                     10.000    10.000 r  
    PS7_X0Y0             PS7                          0.000    10.000 r  u_block_design/design_1_i/processing_system7_0/inst/PS7_i/FCLKCLK[0]
                         net (fo=1, routed)           1.088    11.088    u_block_design/design_1_i/processing_system7_0/inst/FCLK_CLK_unbuffered[0]
    BUFGCTRL_X0Y16       BUFG (Prop_bufg_I_O)         0.091    11.179 r  u_block_design/design_1_i/processing_system7_0/inst/buffer_fclk_clk_0.FCLK_CLK_0_BUFG/O
                         net (fo=22237, routed)       1.618    12.797    u_block_design/design_1_i/snn_top_hls_0/inst/grp_snn_top_hls_Pipeline_VITIS_LOOP_147_4_VITIS_LOOP_148_542_fu_3273/ap_clk
    SLICE_X99Y33         FDRE                                         r  u_block_design/design_1_i/snn_top_hls_0/inst/grp_snn_top_hls_Pipeline_VITIS_LOOP_147_4_VITIS_LOOP_148_542_fu_3273/ap_enable_reg_pp0_iter1_reg/C
                         clock pessimism              0.115    12.912    
                         clock uncertainty           -0.154    12.758    
    SLICE_X99Y33         FDRE (Setup_fdre_C_D)        0.029    12.787    u_block_design/design_1_i/snn_top_hls_0/inst/grp_snn_top_hls_Pipeline_VITIS_LOOP_147_4_VITIS_LOOP_148_542_fu_3273/ap_enable_reg_pp0_iter1_reg
  -------------------------------------------------------------------
                         required time                         12.787    
                         arrival time                         -12.407    
  -------------------------------------------------------------------
                         slack                                  0.381    

Slack (MET) :             0.456ns  (required time - arrival time)
  Source:                 u_block_design/design_1_i/snn_top_hls_0/inst/t_fu_1556_reg[5]/C
                            (rising edge-triggered cell FDRE clocked by clk_fpga_0  {rise@0.000ns fall@5.000ns period=10.000ns})
  Destination:            u_event_router/FSM_sequential_state_reg[0]/CE
                            (rising edge-triggered cell FDRE clocked by clk_fpga_0  {rise@0.000ns fall@5.000ns period=10.000ns})
  Path Group:             clk_fpga_0
  Path Type:              Setup (Max at Slow Process Corner)
  Requirement:            10.000ns  (clk_fpga_0 rise@10.000ns - clk_fpga_0 rise@0.000ns)
  Data Path Delay:        9.185ns  (logic 3.390ns (36.909%)  route 5.795ns (63.091%))
  Logic Levels:           10  (CARRY4=3 LUT3=1 LUT4=2 LUT6=4)
  Clock Path Skew:        -0.036ns (DCD - SCD + CPR)
    Destination Clock Delay (DCD):    2.709ns = ( 12.709 - 10.000 ) 
    Source Clock Delay      (SCD):    3.009ns
    Clock Pessimism Removal (CPR):    0.264ns
  Clock Uncertainty:      0.154ns  ((TSJ^2 + TIJ^2)^1/2 + DJ) / 2 + PE
    Total System Jitter     (TSJ):    0.071ns
    Total Input Jitter      (TIJ):    0.300ns
    Discrete Jitter          (DJ):    0.000ns
    Phase Error              (PE):    0.000ns

    Location             Delay type                Incr(ns)  Path(ns)    Netlist Resource(s)
  -------------------------------------------------------------------    -------------------
                         (clock clk_fpga_0 rise edge)
                                                      0.000     0.000 r  
    PS7_X0Y0             PS7                          0.000     0.000 r  u_block_design/design_1_i/processing_system7_0/inst/PS7_i/FCLKCLK[0]
                         net (fo=1, routed)           1.193     1.193    u_block_design/design_1_i/processing_system7_0/inst/FCLK_CLK_unbuffered[0]
    BUFGCTRL_X0Y16       BUFG (Prop_bufg_I_O)         0.101     1.294 r  u_block_design/design_1_i/processing_system7_0/inst/buffer_fclk_clk_0.FCLK_CLK_0_BUFG/O
                         net (fo=22237, routed)       1.715     3.009    u_block_design/design_1_i/snn_top_hls_0/inst/ap_clk
    SLICE_X66Y56         FDRE                                         r  u_block_design/design_1_i/snn_top_hls_0/inst/t_fu_1556_reg[5]/C
  -------------------------------------------------------------------    -------------------
    SLICE_X66Y56         FDRE (Prop_fdre_C_Q)         0.478     3.487 r  u_block_design/design_1_i/snn_top_hls_0/inst/t_fu_1556_reg[5]/Q
                         net (fo=2, routed)           0.838     4.325    u_block_design/design_1_i/snn_top_hls_0/inst/ctrl_s_axi_U/spike_in_valid[0]_INST_0_i_2_1[5]
    SLICE_X63Y56         LUT6 (Prop_lut6_I0_O)        0.295     4.620 r  u_block_design/design_1_i/snn_top_hls_0/inst/ctrl_s_axi_U/spike_in_valid[0]_INST_0_i_12/O
                         net (fo=1, routed)           0.000     4.620    u_block_design/design_1_i/snn_top_hls_0/inst/ctrl_s_axi_U/spike_in_valid[0]_INST_0_i_12_n_6
    SLICE_X63Y56         CARRY4 (Prop_carry4_S[1]_CO[3])
                                                      0.550     5.170 r  u_block_design/design_1_i/snn_top_hls_0/inst/ctrl_s_axi_U/spike_in_valid[0]_INST_0_i_5/CO[3]
                         net (fo=1, routed)           0.000     5.170    u_block_design/design_1_i/snn_top_hls_0/inst/ctrl_s_axi_U/spike_in_valid[0]_INST_0_i_5_n_6
    SLICE_X63Y57         CARRY4 (Prop_carry4_CI_CO[1])
                                                      0.157     5.327 r  u_block_design/design_1_i/snn_top_hls_0/inst/ctrl_s_axi_U/spike_in_valid[0]_INST_0_i_2/CO[1]
                         net (fo=9, routed)           0.667     5.994    u_block_design/design_1_i/snn_top_hls_0/inst/ctrl_s_axi_U/CO[0]
    SLICE_X67Y57         LUT4 (Prop_lut4_I1_O)        0.358     6.352 r  u_block_design/design_1_i/snn_top_hls_0/inst/ctrl_s_axi_U/spike_in_valid[0]_INST_0_i_1/O
                         net (fo=43, routed)          0.981     7.333    u_block_design/design_1_i/snn_top_hls_0/inst/learn_weight_valid_preg1
    SLICE_X83Y57         LUT3 (Prop_lut3_I1_O)        0.321     7.654 r  u_block_design/design_1_i/snn_top_hls_0/inst/spike_in_neuron_id[5]_INST_0/O
                         net (fo=7, routed)           0.977     8.631    u_block_design/hls_spike_out_neuron_id[5]
    SLICE_X66Y62         LUT6 (Prop_lut6_I3_O)        0.326     8.957 r  u_block_design/FSM_sequential_state[0]_i_8/O
                         net (fo=1, routed)           0.000     8.957    u_block_design/FSM_sequential_state[0]_i_8_n_0
    SLICE_X66Y62         CARRY4 (Prop_carry4_S[1]_CO[3])
                                                      0.533     9.490 r  u_block_design/FSM_sequential_state_reg[0]_i_4/CO[3]
                         net (fo=1, routed)           0.730    10.220    u_block_design/hls_spike_payload_changed01_in
    SLICE_X66Y63         LUT4 (Prop_lut4_I1_O)        0.124    10.344 r  u_block_design/FSM_sequential_state[0]_i_2__4/O
                         net (fo=3, routed)           0.440    10.784    u_block_design/hls_spike_event
    SLICE_X66Y64         LUT6 (Prop_lut6_I3_O)        0.124    10.908 r  u_block_design/FSM_sequential_state[3]_i_4/O
                         net (fo=1, routed)           0.629    11.536    u_connectivity_table/FSM_sequential_state_reg[3]
    SLICE_X66Y67         LUT6 (Prop_lut6_I1_O)        0.124    11.660 r  u_connectivity_table/FSM_sequential_state[3]_i_1/O
                         net (fo=4, routed)           0.533    12.194    u_event_router/FSM_sequential_state_reg[3]_3[0]
    SLICE_X66Y69         FDRE                                         r  u_event_router/FSM_sequential_state_reg[0]/CE
  -------------------------------------------------------------------    -------------------

                         (clock clk_fpga_0 rise edge)
                                                     10.000    10.000 r  
    PS7_X0Y0             PS7                          0.000    10.000 r  u_block_design/design_1_i/processing_system7_0/inst/PS7_i/FCLKCLK[0]
                         net (fo=1, routed)           1.088    11.088    u_block_design/design_1_i/processing_system7_0/inst/FCLK_CLK_unbuffered[0]
    BUFGCTRL_X0Y16       BUFG (Prop_bufg_I_O)         0.091    11.179 r  u_block_design/design_1_i/processing_system7_0/inst/buffer_fclk_clk_0.FCLK_CLK_0_BUFG/O
                         net (fo=22237, routed)       1.530    12.709    u_event_router/clk_100mhz
    SLICE_X66Y69         FDRE                                         r  u_event_router/FSM_sequential_state_reg[0]/C
                         clock pessimism              0.264    12.973    
                         clock uncertainty           -0.154    12.819    
    SLICE_X66Y69         FDRE (Setup_fdre_C_CE)      -0.169    12.650    u_event_router/FSM_sequential_state_reg[0]
  -------------------------------------------------------------------
                         required time                         12.650    
                         arrival time                         -12.194    
  -------------------------------------------------------------------
                         slack                                  0.456    

Slack (MET) :             0.456ns  (required time - arrival time)
  Source:                 u_block_design/design_1_i/snn_top_hls_0/inst/t_fu_1556_reg[5]/C
                            (rising edge-triggered cell FDRE clocked by clk_fpga_0  {rise@0.000ns fall@5.000ns period=10.000ns})
  Destination:            u_event_router/FSM_sequential_state_reg[1]/CE
                            (rising edge-triggered cell FDRE clocked by clk_fpga_0  {rise@0.000ns fall@5.000ns period=10.000ns})
  Path Group:             clk_fpga_0
  Path Type:              Setup (Max at Slow Process Corner)
  Requirement:            10.000ns  (clk_fpga_0 rise@10.000ns - clk_fpga_0 rise@0.000ns)
  Data Path Delay:        9.185ns  (logic 3.390ns (36.909%)  route 5.795ns (63.091%))
  Logic Levels:           10  (CARRY4=3 LUT3=1 LUT4=2 LUT6=4)
  Clock Path Skew:        -0.036ns (DCD - SCD + CPR)
    Destination Clock Delay (DCD):    2.709ns = ( 12.709 - 10.000 ) 
    Source Clock Delay      (SCD):    3.009ns
    Clock Pessimism Removal (CPR):    0.264ns
  Clock Uncertainty:      0.154ns  ((TSJ^2 + TIJ^2)^1/2 + DJ) / 2 + PE
    Total System Jitter     (TSJ):    0.071ns
    Total Input Jitter      (TIJ):    0.300ns
    Discrete Jitter          (DJ):    0.000ns
    Phase Error              (PE):    0.000ns

    Location             Delay type                Incr(ns)  Path(ns)    Netlist Resource(s)
  -------------------------------------------------------------------    -------------------
                         (clock clk_fpga_0 rise edge)
                                                      0.000     0.000 r  
    PS7_X0Y0             PS7                          0.000     0.000 r  u_block_design/design_1_i/processing_system7_0/inst/PS7_i/FCLKCLK[0]
                         net (fo=1, routed)           1.193     1.193    u_block_design/design_1_i/processing_system7_0/inst/FCLK_CLK_unbuffered[0]
    BUFGCTRL_X0Y16       BUFG (Prop_bufg_I_O)         0.101     1.294 r  u_block_design/design_1_i/processing_system7_0/inst/buffer_fclk_clk_0.FCLK_CLK_0_BUFG/O
                         net (fo=22237, routed)       1.715     3.009    u_block_design/design_1_i/snn_top_hls_0/inst/ap_clk
    SLICE_X66Y56         FDRE                                         r  u_block_design/design_1_i/snn_top_hls_0/inst/t_fu_1556_reg[5]/C
  -------------------------------------------------------------------    -------------------
    SLICE_X66Y56         FDRE (Prop_fdre_C_Q)         0.478     3.487 r  u_block_design/design_1_i/snn_top_hls_0/inst/t_fu_1556_reg[5]/Q
                         net (fo=2, routed)           0.838     4.325    u_block_design/design_1_i/snn_top_hls_0/inst/ctrl_s_axi_U/spike_in_valid[0]_INST_0_i_2_1[5]
    SLICE_X63Y56         LUT6 (Prop_lut6_I0_O)        0.295     4.620 r  u_block_design/design_1_i/snn_top_hls_0/inst/ctrl_s_axi_U/spike_in_valid[0]_INST_0_i_12/O
                         net (fo=1, routed)           0.000     4.620    u_block_design/design_1_i/snn_top_hls_0/inst/ctrl_s_axi_U/spike_in_valid[0]_INST_0_i_12_n_6
    SLICE_X63Y56         CARRY4 (Prop_carry4_S[1]_CO[3])
                                                      0.550     5.170 r  u_block_design/design_1_i/snn_top_hls_0/inst/ctrl_s_axi_U/spike_in_valid[0]_INST_0_i_5/CO[3]
                         net (fo=1, routed)           0.000     5.170    u_block_design/design_1_i/snn_top_hls_0/inst/ctrl_s_axi_U/spike_in_valid[0]_INST_0_i_5_n_6
    SLICE_X63Y57         CARRY4 (Prop_carry4_CI_CO[1])
                                                      0.157     5.327 r  u_block_design/design_1_i/snn_top_hls_0/inst/ctrl_s_axi_U/spike_in_valid[0]_INST_0_i_2/CO[1]
                         net (fo=9, routed)           0.667     5.994    u_block_design/design_1_i/snn_top_hls_0/inst/ctrl_s_axi_U/CO[0]
    SLICE_X67Y57         LUT4 (Prop_lut4_I1_O)        0.358     6.352 r  u_block_design/design_1_i/snn_top_hls_0/inst/ctrl_s_axi_U/spike_in_valid[0]_INST_0_i_1/O
                         net (fo=43, routed)          0.981     7.333    u_block_design/design_1_i/snn_top_hls_0/inst/learn_weight_valid_preg1
    SLICE_X83Y57         LUT3 (Prop_lut3_I1_O)        0.321     7.654 r  u_block_design/design_1_i/snn_top_hls_0/inst/spike_in_neuron_id[5]_INST_0/O
                         net (fo=7, routed)           0.977     8.631    u_block_design/hls_spike_out_neuron_id[5]
    SLICE_X66Y62         LUT6 (Prop_lut6_I3_O)        0.326     8.957 r  u_block_design/FSM_sequential_state[0]_i_8/O
                         net (fo=1, routed)           0.000     8.957    u_block_design/FSM_sequential_state[0]_i_8_n_0
    SLICE_X66Y62         CARRY4 (Prop_carry4_S[1]_CO[3])
                                                      0.533     9.490 r  u_block_design/FSM_sequential_state_reg[0]_i_4/CO[3]
                         net (fo=1, routed)           0.730    10.220    u_block_design/hls_spike_payload_changed01_in
    SLICE_X66Y63         LUT4 (Prop_lut4_I1_O)        0.124    10.344 r  u_block_design/FSM_sequential_state[0]_i_2__4/O
                         net (fo=3, routed)           0.440    10.784    u_block_design/hls_spike_event
    SLICE_X66Y64         LUT6 (Prop_lut6_I3_O)        0.124    10.908 r  u_block_design/FSM_sequential_state[3]_i_4/O
                         net (fo=1, routed)           0.629    11.536    u_connectivity_table/FSM_sequential_state_reg[3]
    SLICE_X66Y67         LUT6 (Prop_lut6_I1_O)        0.124    11.660 r  u_connectivity_table/FSM_sequential_state[3]_i_1/O
                         net (fo=4, routed)           0.533    12.194    u_event_router/FSM_sequential_state_reg[3]_3[0]
    SLICE_X66Y69         FDRE                                         r  u_event_router/FSM_sequential_state_reg[1]/CE
  -------------------------------------------------------------------    -------------------

                         (clock clk_fpga_0 rise edge)
                                                     10.000    10.000 r  
    PS7_X0Y0             PS7                          0.000    10.000 r  u_block_design/design_1_i/processing_system7_0/inst/PS7_i/FCLKCLK[0]
                         net (fo=1, routed)           1.088    11.088    u_block_design/design_1_i/processing_system7_0/inst/FCLK_CLK_unbuffered[0]
    BUFGCTRL_X0Y16       BUFG (Prop_bufg_I_O)         0.091    11.179 r  u_block_design/design_1_i/processing_system7_0/inst/buffer_fclk_clk_0.FCLK_CLK_0_BUFG/O
                         net (fo=22237, routed)       1.530    12.709    u_event_router/clk_100mhz
    SLICE_X66Y69         FDRE                                         r  u_event_router/FSM_sequential_state_reg[1]/C
                         clock pessimism              0.264    12.973    
                         clock uncertainty           -0.154    12.819    
    SLICE_X66Y69         FDRE (Setup_fdre_C_CE)      -0.169    12.650    u_event_router/FSM_sequential_state_reg[1]
  -------------------------------------------------------------------
                         required time                         12.650    
                         arrival time                         -12.194    
  -------------------------------------------------------------------
                         slack                                  0.456    

Slack (MET) :             0.465ns  (required time - arrival time)
  Source:                 gen_core_groups[1].u_core_group/neuron_state_mem_reg/CLKARDCLK
                            (rising edge-triggered cell RAMB18E1 clocked by clk_fpga_0  {rise@0.000ns fall@5.000ns period=10.000ns})
  Destination:            gen_core_groups[1].u_core_group/ns_din_reg[16]/D
                            (rising edge-triggered cell FDRE clocked by clk_fpga_0  {rise@0.000ns fall@5.000ns period=10.000ns})
  Path Group:             clk_fpga_0
  Path Type:              Setup (Max at Slow Process Corner)
  Requirement:            10.000ns  (clk_fpga_0 rise@10.000ns - clk_fpga_0 rise@0.000ns)
  Data Path Delay:        9.361ns  (logic 4.876ns (52.087%)  route 4.485ns (47.913%))
  Logic Levels:           10  (CARRY4=4 LUT4=1 LUT5=1 LUT6=4)
  Clock Path Skew:        -0.100ns (DCD - SCD + CPR)
    Destination Clock Delay (DCD):    2.783ns = ( 12.783 - 10.000 ) 
    Source Clock Delay      (SCD):    3.112ns
    Clock Pessimism Removal (CPR):    0.229ns
  Clock Uncertainty:      0.154ns  ((TSJ^2 + TIJ^2)^1/2 + DJ) / 2 + PE
    Total System Jitter     (TSJ):    0.071ns
    Total Input Jitter      (TIJ):    0.300ns
    Discrete Jitter          (DJ):    0.000ns
    Phase Error              (PE):    0.000ns

    Location             Delay type                Incr(ns)  Path(ns)    Netlist Resource(s)
  -------------------------------------------------------------------    -------------------
                         (clock clk_fpga_0 rise edge)
                                                      0.000     0.000 r  
    PS7_X0Y0             PS7                          0.000     0.000 r  u_block_design/design_1_i/processing_system7_0/inst/PS7_i/FCLKCLK[0]
                         net (fo=1, routed)           1.193     1.193    u_block_design/design_1_i/processing_system7_0/inst/FCLK_CLK_unbuffered[0]
    BUFGCTRL_X0Y16       BUFG (Prop_bufg_I_O)         0.101     1.294 r  u_block_design/design_1_i/processing_system7_0/inst/buffer_fclk_clk_0.FCLK_CLK_0_BUFG/O
                         net (fo=22237, routed)       1.818     3.112    gen_core_groups[1].u_core_group/clk_100mhz
    RAMB18_X4Y24         RAMB18E1                                     r  gen_core_groups[1].u_core_group/neuron_state_mem_reg/CLKARDCLK
  -------------------------------------------------------------------    -------------------
    RAMB18_X4Y24         RAMB18E1 (Prop_ramb18e1_CLKARDCLK_DOADO[14])
                                                      2.454     5.566 r  gen_core_groups[1].u_core_group/neuron_state_mem_reg/DOADO[14]
                         net (fo=19, routed)          1.103     6.670    gen_core_groups[1].u_core_group/mem_rd[6]
    SLICE_X91Y60         LUT6 (Prop_lut6_I0_O)        0.124     6.794 r  gen_core_groups[1].u_core_group/ns_din[11]_i_30__0/O
                         net (fo=1, routed)           0.547     7.341    u_block_design/ns_din_reg[11]_i_18__0_4
    SLICE_X93Y60         LUT5 (Prop_lut5_I0_O)        0.124     7.465 r  u_block_design/ns_din[11]_i_22__0/O
                         net (fo=2, routed)           0.621     8.086    u_block_design/gen_core_groups[1].u_core_group/leak_primary[0]
    SLICE_X94Y60         LUT6 (Prop_lut6_I0_O)        0.124     8.210 r  u_block_design/ns_din[11]_i_26__0/O
                         net (fo=1, routed)           0.000     8.210    u_block_design/ns_din[11]_i_26__0_n_0
    SLICE_X94Y60         CARRY4 (Prop_carry4_S[0]_CO[3])
                                                      0.513     8.723 r  u_block_design/ns_din_reg[11]_i_18__0/CO[3]
                         net (fo=1, routed)           0.000     8.723    u_block_design/ns_din_reg[11]_i_18__0_n_0
    SLICE_X94Y61         CARRY4 (Prop_carry4_CI_CO[3])
                                                      0.117     8.840 r  u_block_design/ns_din_reg[15]_i_18__0/CO[3]
                         net (fo=1, routed)           0.000     8.840    u_block_design/ns_din_reg[15]_i_18__0_n_0
    SLICE_X94Y62         CARRY4 (Prop_carry4_CI_O[3])
                                                      0.315     9.155 r  u_block_design/ns_din_reg[19]_i_14__0/O[3]
                         net (fo=3, routed)           0.776     9.931    u_block_design/neuron_state_mem_reg_2[11]
    SLICE_X91Y63         LUT4 (Prop_lut4_I0_O)        0.307    10.238 r  u_block_design/ns_din[23]_i_37__0/O
                         net (fo=1, routed)           0.000    10.238    u_block_design/ns_din[23]_i_37__0_n_0
    SLICE_X91Y63         CARRY4 (Prop_carry4_S[1]_CO[3])
                                                      0.550    10.788 r  u_block_design/ns_din_reg[23]_i_12__0/CO[3]
                         net (fo=1, routed)           0.762    11.550    gen_core_groups[1].u_core_group/CO[0]
    SLICE_X92Y63         LUT6 (Prop_lut6_I5_O)        0.124    11.674 f  gen_core_groups[1].u_core_group/ns_din[23]_i_6__0/O
                         net (fo=16, routed)          0.676    12.350    gen_core_groups[1].u_core_group/ns_din[23]_i_6__0_n_0
    SLICE_X92Y60         LUT6 (Prop_lut6_I4_O)        0.124    12.474 r  gen_core_groups[1].u_core_group/ns_din[16]_i_1__0/O
                         net (fo=1, routed)           0.000    12.474    gen_core_groups[1].u_core_group/ns_din__0[16]
    SLICE_X92Y60         FDRE                                         r  gen_core_groups[1].u_core_group/ns_din_reg[16]/D
  -------------------------------------------------------------------    -------------------

                         (clock clk_fpga_0 rise edge)
                                                     10.000    10.000 r  
    PS7_X0Y0             PS7                          0.000    10.000 r  u_block_design/design_1_i/processing_system7_0/inst/PS7_i/FCLKCLK[0]
                         net (fo=1, routed)           1.088    11.088    u_block_design/design_1_i/processing_system7_0/inst/FCLK_CLK_unbuffered[0]
    BUFGCTRL_X0Y16       BUFG (Prop_bufg_I_O)         0.091    11.179 r  u_block_design/design_1_i/processing_system7_0/inst/buffer_fclk_clk_0.FCLK_CLK_0_BUFG/O
                         net (fo=22237, routed)       1.604    12.783    gen_core_groups[1].u_core_group/clk_100mhz
    SLICE_X92Y60         FDRE                                         r  gen_core_groups[1].u_core_group/ns_din_reg[16]/C
                         clock pessimism              0.229    13.012    
                         clock uncertainty           -0.154    12.858    
    SLICE_X92Y60         FDRE (Setup_fdre_C_D)        0.081    12.939    gen_core_groups[1].u_core_group/ns_din_reg[16]
  -------------------------------------------------------------------
                         required time                         12.939    
                         arrival time                         -12.474    
  -------------------------------------------------------------------
                         slack                                  0.465    

Slack (MET) :             0.502ns  (required time - arrival time)
  Source:                 gen_core_groups[1].u_core_group/neuron_state_mem_reg/CLKARDCLK
                            (rising edge-triggered cell RAMB18E1 clocked by clk_fpga_0  {rise@0.000ns fall@5.000ns period=10.000ns})
  Destination:            gen_core_groups[1].u_core_group/ns_din_reg[11]/D
                            (rising edge-triggered cell FDRE clocked by clk_fpga_0  {rise@0.000ns fall@5.000ns period=10.000ns})
  Path Group:             clk_fpga_0
  Path Type:              Setup (Max at Slow Process Corner)
  Requirement:            10.000ns  (clk_fpga_0 rise@10.000ns - clk_fpga_0 rise@0.000ns)
  Data Path Delay:        9.320ns  (logic 4.876ns (52.317%)  route 4.444ns (47.683%))
  Logic Levels:           10  (CARRY4=4 LUT4=1 LUT5=1 LUT6=4)
  Clock Path Skew:        -0.100ns (DCD - SCD + CPR)
    Destination Clock Delay (DCD):    2.783ns = ( 12.783 - 10.000 ) 
    Source Clock Delay      (SCD):    3.112ns
    Clock Pessimism Removal (CPR):    0.229ns
  Clock Uncertainty:      0.154ns  ((TSJ^2 + TIJ^2)^1/2 + DJ) / 2 + PE
    Total System Jitter     (TSJ):    0.071ns
    Total Input Jitter      (TIJ):    0.300ns
    Discrete Jitter          (DJ):    0.000ns
    Phase Error              (PE):    0.000ns

    Location             Delay type                Incr(ns)  Path(ns)    Netlist Resource(s)
  -------------------------------------------------------------------    -------------------
                         (clock clk_fpga_0 rise edge)
                                                      0.000     0.000 r  
    PS7_X0Y0             PS7                          0.000     0.000 r  u_block_design/design_1_i/processing_system7_0/inst/PS7_i/FCLKCLK[0]
                         net (fo=1, routed)           1.193     1.193    u_block_design/design_1_i/processing_system7_0/inst/FCLK_CLK_unbuffered[0]
    BUFGCTRL_X0Y16       BUFG (Prop_bufg_I_O)         0.101     1.294 r  u_block_design/design_1_i/processing_system7_0/inst/buffer_fclk_clk_0.FCLK_CLK_0_BUFG/O
                         net (fo=22237, routed)       1.818     3.112    gen_core_groups[1].u_core_group/clk_100mhz
    RAMB18_X4Y24         RAMB18E1                                     r  gen_core_groups[1].u_core_group/neuron_state_mem_reg/CLKARDCLK
  -------------------------------------------------------------------    -------------------
    RAMB18_X4Y24         RAMB18E1 (Prop_ramb18e1_CLKARDCLK_DOADO[14])
                                                      2.454     5.566 r  gen_core_groups[1].u_core_group/neuron_state_mem_reg/DOADO[14]
                         net (fo=19, routed)          1.103     6.670    gen_core_groups[1].u_core_group/mem_rd[6]
    SLICE_X91Y60         LUT6 (Prop_lut6_I0_O)        0.124     6.794 r  gen_core_groups[1].u_core_group/ns_din[11]_i_30__0/O
                         net (fo=1, routed)           0.547     7.341    u_block_design/ns_din_reg[11]_i_18__0_4
    SLICE_X93Y60         LUT5 (Prop_lut5_I0_O)        0.124     7.465 r  u_block_design/ns_din[11]_i_22__0/O
                         net (fo=2, routed)           0.621     8.086    u_block_design/gen_core_groups[1].u_core_group/leak_primary[0]
    SLICE_X94Y60         LUT6 (Prop_lut6_I0_O)        0.124     8.210 r  u_block_design/ns_din[11]_i_26__0/O
                         net (fo=1, routed)           0.000     8.210    u_block_design/ns_din[11]_i_26__0_n_0
    SLICE_X94Y60         CARRY4 (Prop_carry4_S[0]_CO[3])
                                                      0.513     8.723 r  u_block_design/ns_din_reg[11]_i_18__0/CO[3]
                         net (fo=1, routed)           0.000     8.723    u_block_design/ns_din_reg[11]_i_18__0_n_0
    SLICE_X94Y61         CARRY4 (Prop_carry4_CI_CO[3])
                                                      0.117     8.840 r  u_block_design/ns_din_reg[15]_i_18__0/CO[3]
                         net (fo=1, routed)           0.000     8.840    u_block_design/ns_din_reg[15]_i_18__0_n_0
    SLICE_X94Y62         CARRY4 (Prop_carry4_CI_O[3])
                                                      0.315     9.155 r  u_block_design/ns_din_reg[19]_i_14__0/O[3]
                         net (fo=3, routed)           0.776     9.931    u_block_design/neuron_state_mem_reg_2[11]
    SLICE_X91Y63         LUT4 (Prop_lut4_I0_O)        0.307    10.238 r  u_block_design/ns_din[23]_i_37__0/O
                         net (fo=1, routed)           0.000    10.238    u_block_design/ns_din[23]_i_37__0_n_0
    SLICE_X91Y63         CARRY4 (Prop_carry4_S[1]_CO[3])
                                                      0.550    10.788 r  u_block_design/ns_din_reg[23]_i_12__0/CO[3]
                         net (fo=1, routed)           0.762    11.550    gen_core_groups[1].u_core_group/CO[0]
    SLICE_X92Y63         LUT6 (Prop_lut6_I5_O)        0.124    11.674 f  gen_core_groups[1].u_core_group/ns_din[23]_i_6__0/O
                         net (fo=16, routed)          0.635    12.309    gen_core_groups[1].u_core_group/ns_din[23]_i_6__0_n_0
    SLICE_X92Y60         LUT6 (Prop_lut6_I4_O)        0.124    12.433 r  gen_core_groups[1].u_core_group/ns_din[11]_i_1__0/O
                         net (fo=1, routed)           0.000    12.433    gen_core_groups[1].u_core_group/ns_din__0[11]
    SLICE_X92Y60         FDRE                                         r  gen_core_groups[1].u_core_group/ns_din_reg[11]/D
  -------------------------------------------------------------------    -------------------

                         (clock clk_fpga_0 rise edge)
                                                     10.000    10.000 r  
    PS7_X0Y0             PS7                          0.000    10.000 r  u_block_design/design_1_i/processing_system7_0/inst/PS7_i/FCLKCLK[0]
                         net (fo=1, routed)           1.088    11.088    u_block_design/design_1_i/processing_system7_0/inst/FCLK_CLK_unbuffered[0]
    BUFGCTRL_X0Y16       BUFG (Prop_bufg_I_O)         0.091    11.179 r  u_block_design/design_1_i/processing_system7_0/inst/buffer_fclk_clk_0.FCLK_CLK_0_BUFG/O
                         net (fo=22237, routed)       1.604    12.783    gen_core_groups[1].u_core_group/clk_100mhz
    SLICE_X92Y60         FDRE                                         r  gen_core_groups[1].u_core_group/ns_din_reg[11]/C
                         clock pessimism              0.229    13.012    
                         clock uncertainty           -0.154    12.858    
    SLICE_X92Y60         FDRE (Setup_fdre_C_D)        0.077    12.935    gen_core_groups[1].u_core_group/ns_din_reg[11]
  -------------------------------------------------------------------
                         required time                         12.935    
                         arrival time                         -12.433    
  -------------------------------------------------------------------
                         slack                                  0.502    

Slack (MET) :             0.511ns  (required time - arrival time)
  Source:                 gen_core_groups[1].u_core_group/neuron_state_mem_reg/CLKARDCLK
                            (rising edge-triggered cell RAMB18E1 clocked by clk_fpga_0  {rise@0.000ns fall@5.000ns period=10.000ns})
  Destination:            gen_core_groups[1].u_core_group/ns_din_reg[13]/D
                            (rising edge-triggered cell FDRE clocked by clk_fpga_0  {rise@0.000ns fall@5.000ns period=10.000ns})
  Path Group:             clk_fpga_0
  Path Type:              Setup (Max at Slow Process Corner)
  Requirement:            10.000ns  (clk_fpga_0 rise@10.000ns - clk_fpga_0 rise@0.000ns)
  Data Path Delay:        9.311ns  (logic 4.876ns (52.371%)  route 4.435ns (47.629%))
  Logic Levels:           10  (CARRY4=4 LUT4=1 LUT5=1 LUT6=4)
  Clock Path Skew:        -0.101ns (DCD - SCD + CPR)
    Destination Clock Delay (DCD):    2.782ns = ( 12.782 - 10.000 ) 
    Source Clock Delay      (SCD):    3.112ns
    Clock Pessimism Removal (CPR):    0.229ns
  Clock Uncertainty:      0.154ns  ((TSJ^2 + TIJ^2)^1/2 + DJ) / 2 + PE
    Total System Jitter     (TSJ):    0.071ns
    Total Input Jitter      (TIJ):    0.300ns
    Discrete Jitter          (DJ):    0.000ns
    Phase Error              (PE):    0.000ns

    Location             Delay type                Incr(ns)  Path(ns)    Netlist Resource(s)
  -------------------------------------------------------------------    -------------------
                         (clock clk_fpga_0 rise edge)
                                                      0.000     0.000 r  
    PS7_X0Y0             PS7                          0.000     0.000 r  u_block_design/design_1_i/processing_system7_0/inst/PS7_i/FCLKCLK[0]
                         net (fo=1, routed)           1.193     1.193    u_block_design/design_1_i/processing_system7_0/inst/FCLK_CLK_unbuffered[0]
    BUFGCTRL_X0Y16       BUFG (Prop_bufg_I_O)         0.101     1.294 r  u_block_design/design_1_i/processing_system7_0/inst/buffer_fclk_clk_0.FCLK_CLK_0_BUFG/O
                         net (fo=22237, routed)       1.818     3.112    gen_core_groups[1].u_core_group/clk_100mhz
    RAMB18_X4Y24         RAMB18E1                                     r  gen_core_groups[1].u_core_group/neuron_state_mem_reg/CLKARDCLK
  -------------------------------------------------------------------    -------------------
    RAMB18_X4Y24         RAMB18E1 (Prop_ramb18e1_CLKARDCLK_DOADO[14])
                                                      2.454     5.566 r  gen_core_groups[1].u_core_group/neuron_state_mem_reg/DOADO[14]
                         net (fo=19, routed)          1.103     6.670    gen_core_groups[1].u_core_group/mem_rd[6]
    SLICE_X91Y60         LUT6 (Prop_lut6_I0_O)        0.124     6.794 r  gen_core_groups[1].u_core_group/ns_din[11]_i_30__0/O
                         net (fo=1, routed)           0.547     7.341    u_block_design/ns_din_reg[11]_i_18__0_4
    SLICE_X93Y60         LUT5 (Prop_lut5_I0_O)        0.124     7.465 r  u_block_design/ns_din[11]_i_22__0/O
                         net (fo=2, routed)           0.621     8.086    u_block_design/gen_core_groups[1].u_core_group/leak_primary[0]
    SLICE_X94Y60         LUT6 (Prop_lut6_I0_O)        0.124     8.210 r  u_block_design/ns_din[11]_i_26__0/O
                         net (fo=1, routed)           0.000     8.210    u_block_design/ns_din[11]_i_26__0_n_0
    SLICE_X94Y60         CARRY4 (Prop_carry4_S[0]_CO[3])
                                                      0.513     8.723 r  u_block_design/ns_din_reg[11]_i_18__0/CO[3]
                         net (fo=1, routed)           0.000     8.723    u_block_design/ns_din_reg[11]_i_18__0_n_0
    SLICE_X94Y61         CARRY4 (Prop_carry4_CI_CO[3])
                                                      0.117     8.840 r  u_block_design/ns_din_reg[15]_i_18__0/CO[3]
                         net (fo=1, routed)           0.000     8.840    u_block_design/ns_din_reg[15]_i_18__0_n_0
    SLICE_X94Y62         CARRY4 (Prop_carry4_CI_O[3])
                                                      0.315     9.155 r  u_block_design/ns_din_reg[19]_i_14__0/O[3]
                         net (fo=3, routed)           0.776     9.931    u_block_design/neuron_state_mem_reg_2[11]
    SLICE_X91Y63         LUT4 (Prop_lut4_I0_O)        0.307    10.238 r  u_block_design/ns_din[23]_i_37__0/O
                         net (fo=1, routed)           0.000    10.238    u_block_design/ns_din[23]_i_37__0_n_0
    SLICE_X91Y63         CARRY4 (Prop_carry4_S[1]_CO[3])
                                                      0.550    10.788 r  u_block_design/ns_din_reg[23]_i_12__0/CO[3]
                         net (fo=1, routed)           0.762    11.550    gen_core_groups[1].u_core_group/CO[0]
    SLICE_X92Y63         LUT6 (Prop_lut6_I5_O)        0.124    11.674 f  gen_core_groups[1].u_core_group/ns_din[23]_i_6__0/O
                         net (fo=16, routed)          0.626    12.299    gen_core_groups[1].u_core_group/ns_din[23]_i_6__0_n_0
    SLICE_X92Y61         LUT6 (Prop_lut6_I4_O)        0.124    12.423 r  gen_core_groups[1].u_core_group/ns_din[13]_i_1__0/O
                         net (fo=1, routed)           0.000    12.423    gen_core_groups[1].u_core_group/ns_din__0[13]
    SLICE_X92Y61         FDRE                                         r  gen_core_groups[1].u_core_group/ns_din_reg[13]/D
  -------------------------------------------------------------------    -------------------

                         (clock clk_fpga_0 rise edge)
                                                     10.000    10.000 r  
    PS7_X0Y0             PS7                          0.000    10.000 r  u_block_design/design_1_i/processing_system7_0/inst/PS7_i/FCLKCLK[0]
                         net (fo=1, routed)           1.088    11.088    u_block_design/design_1_i/processing_system7_0/inst/FCLK_CLK_unbuffered[0]
    BUFGCTRL_X0Y16       BUFG (Prop_bufg_I_O)         0.091    11.179 r  u_block_design/design_1_i/processing_system7_0/inst/buffer_fclk_clk_0.FCLK_CLK_0_BUFG/O
                         net (fo=22237, routed)       1.603    12.782    gen_core_groups[1].u_core_group/clk_100mhz
    SLICE_X92Y61         FDRE                                         r  gen_core_groups[1].u_core_group/ns_din_reg[13]/C
                         clock pessimism              0.229    13.011    
                         clock uncertainty           -0.154    12.857    
    SLICE_X92Y61         FDRE (Setup_fdre_C_D)        0.077    12.934    gen_core_groups[1].u_core_group/ns_din_reg[13]
  -------------------------------------------------------------------
                         required time                         12.934    
                         arrival time                         -12.423    
  -------------------------------------------------------------------
                         slack                                  0.511    

Slack (MET) :             0.512ns  (required time - arrival time)
  Source:                 gen_core_groups[1].u_core_group/neuron_state_mem_reg/CLKARDCLK
                            (rising edge-triggered cell RAMB18E1 clocked by clk_fpga_0  {rise@0.000ns fall@5.000ns period=10.000ns})
  Destination:            gen_core_groups[1].u_core_group/ns_din_reg[14]/D
                            (rising edge-triggered cell FDRE clocked by clk_fpga_0  {rise@0.000ns fall@5.000ns period=10.000ns})
  Path Group:             clk_fpga_0
  Path Type:              Setup (Max at Slow Process Corner)
  Requirement:            10.000ns  (clk_fpga_0 rise@10.000ns - clk_fpga_0 rise@0.000ns)
  Data Path Delay:        9.313ns  (logic 4.876ns (52.355%)  route 4.437ns (47.645%))
  Logic Levels:           10  (CARRY4=4 LUT4=1 LUT5=1 LUT6=4)
  Clock Path Skew:        -0.101ns (DCD - SCD + CPR)
    Destination Clock Delay (DCD):    2.782ns = ( 12.782 - 10.000 ) 
    Source Clock Delay      (SCD):    3.112ns
    Clock Pessimism Removal (CPR):    0.229ns
  Clock Uncertainty:      0.154ns  ((TSJ^2 + TIJ^2)^1/2 + DJ) / 2 + PE
    Total System Jitter     (TSJ):    0.071ns
    Total Input Jitter      (TIJ):    0.300ns
    Discrete Jitter          (DJ):    0.000ns
    Phase Error              (PE):    0.000ns

    Location             Delay type                Incr(ns)  Path(ns)    Netlist Resource(s)
  -------------------------------------------------------------------    -------------------
                         (clock clk_fpga_0 rise edge)
                                                      0.000     0.000 r  
    PS7_X0Y0             PS7                          0.000     0.000 r  u_block_design/design_1_i/processing_system7_0/inst/PS7_i/FCLKCLK[0]
                         net (fo=1, routed)           1.193     1.193    u_block_design/design_1_i/processing_system7_0/inst/FCLK_CLK_unbuffered[0]
    BUFGCTRL_X0Y16       BUFG (Prop_bufg_I_O)         0.101     1.294 r  u_block_design/design_1_i/processing_system7_0/inst/buffer_fclk_clk_0.FCLK_CLK_0_BUFG/O
                         net (fo=22237, routed)       1.818     3.112    gen_core_groups[1].u_core_group/clk_100mhz
    RAMB18_X4Y24         RAMB18E1                                     r  gen_core_groups[1].u_core_group/neuron_state_mem_reg/CLKARDCLK
  -------------------------------------------------------------------    -------------------
    RAMB18_X4Y24         RAMB18E1 (Prop_ramb18e1_CLKARDCLK_DOADO[14])
                                                      2.454     5.566 r  gen_core_groups[1].u_core_group/neuron_state_mem_reg/DOADO[14]
                         net (fo=19, routed)          1.103     6.670    gen_core_groups[1].u_core_group/mem_rd[6]
    SLICE_X91Y60         LUT6 (Prop_lut6_I0_O)        0.124     6.794 r  gen_core_groups[1].u_core_group/ns_din[11]_i_30__0/O
                         net (fo=1, routed)           0.547     7.341    u_block_design/ns_din_reg[11]_i_18__0_4
    SLICE_X93Y60         LUT5 (Prop_lut5_I0_O)        0.124     7.465 r  u_block_design/ns_din[11]_i_22__0/O
                         net (fo=2, routed)           0.621     8.086    u_block_design/gen_core_groups[1].u_core_group/leak_primary[0]
    SLICE_X94Y60         LUT6 (Prop_lut6_I0_O)        0.124     8.210 r  u_block_design/ns_din[11]_i_26__0/O
                         net (fo=1, routed)           0.000     8.210    u_block_design/ns_din[11]_i_26__0_n_0
    SLICE_X94Y60         CARRY4 (Prop_carry4_S[0]_CO[3])
                                                      0.513     8.723 r  u_block_design/ns_din_reg[11]_i_18__0/CO[3]
                         net (fo=1, routed)           0.000     8.723    u_block_design/ns_din_reg[11]_i_18__0_n_0
    SLICE_X94Y61         CARRY4 (Prop_carry4_CI_CO[3])
                                                      0.117     8.840 r  u_block_design/ns_din_reg[15]_i_18__0/CO[3]
                         net (fo=1, routed)           0.000     8.840    u_block_design/ns_din_reg[15]_i_18__0_n_0
    SLICE_X94Y62         CARRY4 (Prop_carry4_CI_O[3])
                                                      0.315     9.155 r  u_block_design/ns_din_reg[19]_i_14__0/O[3]
                         net (fo=3, routed)           0.776     9.931    u_block_design/neuron_state_mem_reg_2[11]
    SLICE_X91Y63         LUT4 (Prop_lut4_I0_O)        0.307    10.238 r  u_block_design/ns_din[23]_i_37__0/O
                         net (fo=1, routed)           0.000    10.238    u_block_design/ns_din[23]_i_37__0_n_0
    SLICE_X91Y63         CARRY4 (Prop_carry4_S[1]_CO[3])
                                                      0.550    10.788 r  u_block_design/ns_din_reg[23]_i_12__0/CO[3]
                         net (fo=1, routed)           0.762    11.550    gen_core_groups[1].u_core_group/CO[0]
    SLICE_X92Y63         LUT6 (Prop_lut6_I5_O)        0.124    11.674 f  gen_core_groups[1].u_core_group/ns_din[23]_i_6__0/O
                         net (fo=16, routed)          0.628    12.302    gen_core_groups[1].u_core_group/ns_din[23]_i_6__0_n_0
    SLICE_X92Y61         LUT6 (Prop_lut6_I4_O)        0.124    12.426 r  gen_core_groups[1].u_core_group/ns_din[14]_i_1__0/O
                         net (fo=1, routed)           0.000    12.426    gen_core_groups[1].u_core_group/ns_din__0[14]
    SLICE_X92Y61         FDRE                                         r  gen_core_groups[1].u_core_group/ns_din_reg[14]/D
  -------------------------------------------------------------------    -------------------

                         (clock clk_fpga_0 rise edge)
                                                     10.000    10.000 r  
    PS7_X0Y0             PS7                          0.000    10.000 r  u_block_design/design_1_i/processing_system7_0/inst/PS7_i/FCLKCLK[0]
                         net (fo=1, routed)           1.088    11.088    u_block_design/design_1_i/processing_system7_0/inst/FCLK_CLK_unbuffered[0]
    BUFGCTRL_X0Y16       BUFG (Prop_bufg_I_O)         0.091    11.179 r  u_block_design/design_1_i/processing_system7_0/inst/buffer_fclk_clk_0.FCLK_CLK_0_BUFG/O
                         net (fo=22237, routed)       1.603    12.782    gen_core_groups[1].u_core_group/clk_100mhz
    SLICE_X92Y61         FDRE                                         r  gen_core_groups[1].u_core_group/ns_din_reg[14]/C
                         clock pessimism              0.229    13.011    
                         clock uncertainty           -0.154    12.857    
    SLICE_X92Y61         FDRE (Setup_fdre_C_D)        0.081    12.938    gen_core_groups[1].u_core_group/ns_din_reg[14]
  -------------------------------------------------------------------
                         required time                         12.938    
                         arrival time                         -12.426    
  -------------------------------------------------------------------
                         slack                                  0.512    

Slack (MET) :             0.557ns  (required time - arrival time)
  Source:                 gen_core_groups[1].u_core_group/neuron_state_mem_reg/CLKARDCLK
                            (rising edge-triggered cell RAMB18E1 clocked by clk_fpga_0  {rise@0.000ns fall@5.000ns period=10.000ns})
  Destination:            gen_core_groups[1].u_core_group/ns_din_reg[15]/D
                            (rising edge-triggered cell FDRE clocked by clk_fpga_0  {rise@0.000ns fall@5.000ns period=10.000ns})
  Path Group:             clk_fpga_0
  Path Type:              Setup (Max at Slow Process Corner)
  Requirement:            10.000ns  (clk_fpga_0 rise@10.000ns - clk_fpga_0 rise@0.000ns)
  Data Path Delay:        9.262ns  (logic 4.876ns (52.645%)  route 4.386ns (47.355%))
  Logic Levels:           10  (CARRY4=4 LUT4=1 LUT5=1 LUT6=4)
  Clock Path Skew:        -0.103ns (DCD - SCD + CPR)
    Destination Clock Delay (DCD):    2.780ns = ( 12.780 - 10.000 ) 
    Source Clock Delay      (SCD):    3.112ns
    Clock Pessimism Removal (CPR):    0.229ns
  Clock Uncertainty:      0.154ns  ((TSJ^2 + TIJ^2)^1/2 + DJ) / 2 + PE
    Total System Jitter     (TSJ):    0.071ns
    Total Input Jitter      (TIJ):    0.300ns
    Discrete Jitter          (DJ):    0.000ns
    Phase Error              (PE):    0.000ns

    Location             Delay type                Incr(ns)  Path(ns)    Netlist Resource(s)
  -------------------------------------------------------------------    -------------------
                         (clock clk_fpga_0 rise edge)
                                                      0.000     0.000 r  
    PS7_X0Y0             PS7                          0.000     0.000 r  u_block_design/design_1_i/processing_system7_0/inst/PS7_i/FCLKCLK[0]
                         net (fo=1, routed)           1.193     1.193    u_block_design/design_1_i/processing_system7_0/inst/FCLK_CLK_unbuffered[0]
    BUFGCTRL_X0Y16       BUFG (Prop_bufg_I_O)         0.101     1.294 r  u_block_design/design_1_i/processing_system7_0/inst/buffer_fclk_clk_0.FCLK_CLK_0_BUFG/O
                         net (fo=22237, routed)       1.818     3.112    gen_core_groups[1].u_core_group/clk_100mhz
    RAMB18_X4Y24         RAMB18E1                                     r  gen_core_groups[1].u_core_group/neuron_state_mem_reg/CLKARDCLK
  -------------------------------------------------------------------    -------------------
    RAMB18_X4Y24         RAMB18E1 (Prop_ramb18e1_CLKARDCLK_DOADO[14])
                                                      2.454     5.566 r  gen_core_groups[1].u_core_group/neuron_state_mem_reg/DOADO[14]
                         net (fo=19, routed)          1.103     6.670    gen_core_groups[1].u_core_group/mem_rd[6]
    SLICE_X91Y60         LUT6 (Prop_lut6_I0_O)        0.124     6.794 r  gen_core_groups[1].u_core_group/ns_din[11]_i_30__0/O
                         net (fo=1, routed)           0.547     7.341    u_block_design/ns_din_reg[11]_i_18__0_4
    SLICE_X93Y60         LUT5 (Prop_lut5_I0_O)        0.124     7.465 r  u_block_design/ns_din[11]_i_22__0/O
                         net (fo=2, routed)           0.621     8.086    u_block_design/gen_core_groups[1].u_core_group/leak_primary[0]
    SLICE_X94Y60         LUT6 (Prop_lut6_I0_O)        0.124     8.210 r  u_block_design/ns_din[11]_i_26__0/O
                         net (fo=1, routed)           0.000     8.210    u_block_design/ns_din[11]_i_26__0_n_0
    SLICE_X94Y60         CARRY4 (Prop_carry4_S[0]_CO[3])
                                                      0.513     8.723 r  u_block_design/ns_din_reg[11]_i_18__0/CO[3]
                         net (fo=1, routed)           0.000     8.723    u_block_design/ns_din_reg[11]_i_18__0_n_0
    SLICE_X94Y61         CARRY4 (Prop_carry4_CI_CO[3])
                                                      0.117     8.840 r  u_block_design/ns_din_reg[15]_i_18__0/CO[3]
                         net (fo=1, routed)           0.000     8.840    u_block_design/ns_din_reg[15]_i_18__0_n_0
    SLICE_X94Y62         CARRY4 (Prop_carry4_CI_O[3])
                                                      0.315     9.155 r  u_block_design/ns_din_reg[19]_i_14__0/O[3]
                         net (fo=3, routed)           0.776     9.931    u_block_design/neuron_state_mem_reg_2[11]
    SLICE_X91Y63         LUT4 (Prop_lut4_I0_O)        0.307    10.238 r  u_block_design/ns_din[23]_i_37__0/O
                         net (fo=1, routed)           0.000    10.238    u_block_design/ns_din[23]_i_37__0_n_0
    SLICE_X91Y63         CARRY4 (Prop_carry4_S[1]_CO[3])
                                                      0.550    10.788 r  u_block_design/ns_din_reg[23]_i_12__0/CO[3]
                         net (fo=1, routed)           0.762    11.550    gen_core_groups[1].u_core_group/CO[0]
    SLICE_X92Y63         LUT6 (Prop_lut6_I5_O)        0.124    11.674 f  gen_core_groups[1].u_core_group/ns_din[23]_i_6__0/O
                         net (fo=16, routed)          0.577    12.251    gen_core_groups[1].u_core_group/ns_din[23]_i_6__0_n_0
    SLICE_X92Y63         LUT6 (Prop_lut6_I4_O)        0.124    12.375 r  gen_core_groups[1].u_core_group/ns_din[15]_i_1__0/O
                         net (fo=1, routed)           0.000    12.375    gen_core_groups[1].u_core_group/ns_din__0[15]
    SLICE_X92Y63         FDRE                                         r  gen_core_groups[1].u_core_group/ns_din_reg[15]/D
  -------------------------------------------------------------------    -------------------

                         (clock clk_fpga_0 rise edge)
                                                     10.000    10.000 r  
    PS7_X0Y0             PS7                          0.000    10.000 r  u_block_design/design_1_i/processing_system7_0/inst/PS7_i/FCLKCLK[0]
                         net (fo=1, routed)           1.088    11.088    u_block_design/design_1_i/processing_system7_0/inst/FCLK_CLK_unbuffered[0]
    BUFGCTRL_X0Y16       BUFG (Prop_bufg_I_O)         0.091    11.179 r  u_block_design/design_1_i/processing_system7_0/inst/buffer_fclk_clk_0.FCLK_CLK_0_BUFG/O
                         net (fo=22237, routed)       1.601    12.780    gen_core_groups[1].u_core_group/clk_100mhz
    SLICE_X92Y63         FDRE                                         r  gen_core_groups[1].u_core_group/ns_din_reg[15]/C
                         clock pessimism              0.229    13.009    
                         clock uncertainty           -0.154    12.855    
    SLICE_X92Y63         FDRE (Setup_fdre_C_D)        0.077    12.932    gen_core_groups[1].u_core_group/ns_din_reg[15]
  -------------------------------------------------------------------
                         required time                         12.932    
                         arrival time                         -12.375    
  -------------------------------------------------------------------
                         slack                                  0.557    

Slack (MET) :             0.564ns  (required time - arrival time)
  Source:                 gen_core_groups[1].u_core_group/neuron_state_mem_reg/CLKARDCLK
                            (rising edge-triggered cell RAMB18E1 clocked by clk_fpga_0  {rise@0.000ns fall@5.000ns period=10.000ns})
  Destination:            gen_core_groups[1].u_core_group/ns_din_reg[17]/D
                            (rising edge-triggered cell FDRE clocked by clk_fpga_0  {rise@0.000ns fall@5.000ns period=10.000ns})
  Path Group:             clk_fpga_0
  Path Type:              Setup (Max at Slow Process Corner)
  Requirement:            10.000ns  (clk_fpga_0 rise@10.000ns - clk_fpga_0 rise@0.000ns)
  Data Path Delay:        9.259ns  (logic 4.876ns (52.662%)  route 4.383ns (47.338%))
  Logic Levels:           10  (CARRY4=4 LUT4=1 LUT5=1 LUT6=4)
  Clock Path Skew:        -0.103ns (DCD - SCD + CPR)
    Destination Clock Delay (DCD):    2.780ns = ( 12.780 - 10.000 ) 
    Source Clock Delay      (SCD):    3.112ns
    Clock Pessimism Removal (CPR):    0.229ns
  Clock Uncertainty:      0.154ns  ((TSJ^2 + TIJ^2)^1/2 + DJ) / 2 + PE
    Total System Jitter     (TSJ):    0.071ns
    Total Input Jitter      (TIJ):    0.300ns
    Discrete Jitter          (DJ):    0.000ns
    Phase Error              (PE):    0.000ns

    Location             Delay type                Incr(ns)  Path(ns)    Netlist Resource(s)
  -------------------------------------------------------------------    -------------------
                         (clock clk_fpga_0 rise edge)
                                                      0.000     0.000 r  
    PS7_X0Y0             PS7                          0.000     0.000 r  u_block_design/design_1_i/processing_system7_0/inst/PS7_i/FCLKCLK[0]
                         net (fo=1, routed)           1.193     1.193    u_block_design/design_1_i/processing_system7_0/inst/FCLK_CLK_unbuffered[0]
    BUFGCTRL_X0Y16       BUFG (Prop_bufg_I_O)         0.101     1.294 r  u_block_design/design_1_i/processing_system7_0/inst/buffer_fclk_clk_0.FCLK_CLK_0_BUFG/O
                         net (fo=22237, routed)       1.818     3.112    gen_core_groups[1].u_core_group/clk_100mhz
    RAMB18_X4Y24         RAMB18E1                                     r  gen_core_groups[1].u_core_group/neuron_state_mem_reg/CLKARDCLK
  -------------------------------------------------------------------    -------------------
    RAMB18_X4Y24         RAMB18E1 (Prop_ramb18e1_CLKARDCLK_DOADO[14])
                                                      2.454     5.566 r  gen_core_groups[1].u_core_group/neuron_state_mem_reg/DOADO[14]
                         net (fo=19, routed)          1.103     6.670    gen_core_groups[1].u_core_group/mem_rd[6]
    SLICE_X91Y60         LUT6 (Prop_lut6_I0_O)        0.124     6.794 r  gen_core_groups[1].u_core_group/ns_din[11]_i_30__0/O
                         net (fo=1, routed)           0.547     7.341    u_block_design/ns_din_reg[11]_i_18__0_4
    SLICE_X93Y60         LUT5 (Prop_lut5_I0_O)        0.124     7.465 r  u_block_design/ns_din[11]_i_22__0/O
                         net (fo=2, routed)           0.621     8.086    u_block_design/gen_core_groups[1].u_core_group/leak_primary[0]
    SLICE_X94Y60         LUT6 (Prop_lut6_I0_O)        0.124     8.210 r  u_block_design/ns_din[11]_i_26__0/O
                         net (fo=1, routed)           0.000     8.210    u_block_design/ns_din[11]_i_26__0_n_0
    SLICE_X94Y60         CARRY4 (Prop_carry4_S[0]_CO[3])
                                                      0.513     8.723 r  u_block_design/ns_din_reg[11]_i_18__0/CO[3]
                         net (fo=1, routed)           0.000     8.723    u_block_design/ns_din_reg[11]_i_18__0_n_0
    SLICE_X94Y61         CARRY4 (Prop_carry4_CI_CO[3])
                                                      0.117     8.840 r  u_block_design/ns_din_reg[15]_i_18__0/CO[3]
                         net (fo=1, routed)           0.000     8.840    u_block_design/ns_din_reg[15]_i_18__0_n_0
    SLICE_X94Y62         CARRY4 (Prop_carry4_CI_O[3])
                                                      0.315     9.155 r  u_block_design/ns_din_reg[19]_i_14__0/O[3]
                         net (fo=3, routed)           0.776     9.931    u_block_design/neuron_state_mem_reg_2[11]
    SLICE_X91Y63         LUT4 (Prop_lut4_I0_O)        0.307    10.238 r  u_block_design/ns_din[23]_i_37__0/O
                         net (fo=1, routed)           0.000    10.238    u_block_design/ns_din[23]_i_37__0_n_0
    SLICE_X91Y63         CARRY4 (Prop_carry4_S[1]_CO[3])
                                                      0.550    10.788 r  u_block_design/ns_din_reg[23]_i_12__0/CO[3]
                         net (fo=1, routed)           0.762    11.550    gen_core_groups[1].u_core_group/CO[0]
    SLICE_X92Y63         LUT6 (Prop_lut6_I5_O)        0.124    11.674 f  gen_core_groups[1].u_core_group/ns_din[23]_i_6__0/O
                         net (fo=16, routed)          0.574    12.248    gen_core_groups[1].u_core_group/ns_din[23]_i_6__0_n_0
    SLICE_X92Y63         LUT6 (Prop_lut6_I4_O)        0.124    12.372 r  gen_core_groups[1].u_core_group/ns_din[17]_i_1__0/O
                         net (fo=1, routed)           0.000    12.372    gen_core_groups[1].u_core_group/ns_din__0[17]
    SLICE_X92Y63         FDRE                                         r  gen_core_groups[1].u_core_group/ns_din_reg[17]/D
  -------------------------------------------------------------------    -------------------

                         (clock clk_fpga_0 rise edge)
                                                     10.000    10.000 r  
    PS7_X0Y0             PS7                          0.000    10.000 r  u_block_design/design_1_i/processing_system7_0/inst/PS7_i/FCLKCLK[0]
                         net (fo=1, routed)           1.088    11.088    u_block_design/design_1_i/processing_system7_0/inst/FCLK_CLK_unbuffered[0]
    BUFGCTRL_X0Y16       BUFG (Prop_bufg_I_O)         0.091    11.179 r  u_block_design/design_1_i/processing_system7_0/inst/buffer_fclk_clk_0.FCLK_CLK_0_BUFG/O
                         net (fo=22237, routed)       1.601    12.780    gen_core_groups[1].u_core_group/clk_100mhz
    SLICE_X92Y63         FDRE                                         r  gen_core_groups[1].u_core_group/ns_din_reg[17]/C
                         clock pessimism              0.229    13.009    
                         clock uncertainty           -0.154    12.855    
    SLICE_X92Y63         FDRE (Setup_fdre_C_D)        0.081    12.936    gen_core_groups[1].u_core_group/ns_din_reg[17]
  -------------------------------------------------------------------
                         required time                         12.936    
                         arrival time                         -12.372    
  -------------------------------------------------------------------
                         slack                                  0.564    

Slack (MET) :             0.605ns  (required time - arrival time)
  Source:                 gen_core_groups[1].u_core_group/neuron_state_mem_reg/CLKARDCLK
                            (rising edge-triggered cell RAMB18E1 clocked by clk_fpga_0  {rise@0.000ns fall@5.000ns period=10.000ns})
  Destination:            gen_core_groups[1].u_core_group/ns_din_reg[21]/D
                            (rising edge-triggered cell FDRE clocked by clk_fpga_0  {rise@0.000ns fall@5.000ns period=10.000ns})
  Path Group:             clk_fpga_0
  Path Type:              Setup (Max at Slow Process Corner)
  Requirement:            10.000ns  (clk_fpga_0 rise@10.000ns - clk_fpga_0 rise@0.000ns)
  Data Path Delay:        9.217ns  (logic 4.876ns (52.902%)  route 4.341ns (47.098%))
  Logic Levels:           10  (CARRY4=4 LUT4=1 LUT5=1 LUT6=4)
  Clock Path Skew:        -0.102ns (DCD - SCD + CPR)
    Destination Clock Delay (DCD):    2.781ns = ( 12.781 - 10.000 ) 
    Source Clock Delay      (SCD):    3.112ns
    Clock Pessimism Removal (CPR):    0.229ns
  Clock Uncertainty:      0.154ns  ((TSJ^2 + TIJ^2)^1/2 + DJ) / 2 + PE
    Total System Jitter     (TSJ):    0.071ns
    Total Input Jitter      (TIJ):    0.300ns
    Discrete Jitter          (DJ):    0.000ns
    Phase Error              (PE):    0.000ns

    Location             Delay type                Incr(ns)  Path(ns)    Netlist Resource(s)
  -------------------------------------------------------------------    -------------------
                         (clock clk_fpga_0 rise edge)
                                                      0.000     0.000 r  
    PS7_X0Y0             PS7                          0.000     0.000 r  u_block_design/design_1_i/processing_system7_0/inst/PS7_i/FCLKCLK[0]
                         net (fo=1, routed)           1.193     1.193    u_block_design/design_1_i/processing_system7_0/inst/FCLK_CLK_unbuffered[0]
    BUFGCTRL_X0Y16       BUFG (Prop_bufg_I_O)         0.101     1.294 r  u_block_design/design_1_i/processing_system7_0/inst/buffer_fclk_clk_0.FCLK_CLK_0_BUFG/O
                         net (fo=22237, routed)       1.818     3.112    gen_core_groups[1].u_core_group/clk_100mhz
    RAMB18_X4Y24         RAMB18E1                                     r  gen_core_groups[1].u_core_group/neuron_state_mem_reg/CLKARDCLK
  -------------------------------------------------------------------    -------------------
    RAMB18_X4Y24         RAMB18E1 (Prop_ramb18e1_CLKARDCLK_DOADO[14])
                                                      2.454     5.566 r  gen_core_groups[1].u_core_group/neuron_state_mem_reg/DOADO[14]
                         net (fo=19, routed)          1.103     6.670    gen_core_groups[1].u_core_group/mem_rd[6]
    SLICE_X91Y60         LUT6 (Prop_lut6_I0_O)        0.124     6.794 r  gen_core_groups[1].u_core_group/ns_din[11]_i_30__0/O
                         net (fo=1, routed)           0.547     7.341    u_block_design/ns_din_reg[11]_i_18__0_4
    SLICE_X93Y60         LUT5 (Prop_lut5_I0_O)        0.124     7.465 r  u_block_design/ns_din[11]_i_22__0/O
                         net (fo=2, routed)           0.621     8.086    u_block_design/gen_core_groups[1].u_core_group/leak_primary[0]
    SLICE_X94Y60         LUT6 (Prop_lut6_I0_O)        0.124     8.210 r  u_block_design/ns_din[11]_i_26__0/O
                         net (fo=1, routed)           0.000     8.210    u_block_design/ns_din[11]_i_26__0_n_0
    SLICE_X94Y60         CARRY4 (Prop_carry4_S[0]_CO[3])
                                                      0.513     8.723 r  u_block_design/ns_din_reg[11]_i_18__0/CO[3]
                         net (fo=1, routed)           0.000     8.723    u_block_design/ns_din_reg[11]_i_18__0_n_0
    SLICE_X94Y61         CARRY4 (Prop_carry4_CI_CO[3])
                                                      0.117     8.840 r  u_block_design/ns_din_reg[15]_i_18__0/CO[3]
                         net (fo=1, routed)           0.000     8.840    u_block_design/ns_din_reg[15]_i_18__0_n_0
    SLICE_X94Y62         CARRY4 (Prop_carry4_CI_O[3])
                                                      0.315     9.155 r  u_block_design/ns_din_reg[19]_i_14__0/O[3]
                         net (fo=3, routed)           0.776     9.931    u_block_design/neuron_state_mem_reg_2[11]
    SLICE_X91Y63         LUT4 (Prop_lut4_I0_O)        0.307    10.238 r  u_block_design/ns_din[23]_i_37__0/O
                         net (fo=1, routed)           0.000    10.238    u_block_design/ns_din[23]_i_37__0_n_0
    SLICE_X91Y63         CARRY4 (Prop_carry4_S[1]_CO[3])
                                                      0.550    10.788 r  u_block_design/ns_din_reg[23]_i_12__0/CO[3]
                         net (fo=1, routed)           0.762    11.550    gen_core_groups[1].u_core_group/CO[0]
    SLICE_X92Y63         LUT6 (Prop_lut6_I5_O)        0.124    11.674 f  gen_core_groups[1].u_core_group/ns_din[23]_i_6__0/O
                         net (fo=16, routed)          0.532    12.206    gen_core_groups[1].u_core_group/ns_din[23]_i_6__0_n_0
    SLICE_X92Y62         LUT6 (Prop_lut6_I4_O)        0.124    12.330 r  gen_core_groups[1].u_core_group/ns_din[21]_i_1__0/O
                         net (fo=1, routed)           0.000    12.330    gen_core_groups[1].u_core_group/ns_din__0[21]
    SLICE_X92Y62         FDRE                                         r  gen_core_groups[1].u_core_group/ns_din_reg[21]/D
  -------------------------------------------------------------------    -------------------

                         (clock clk_fpga_0 rise edge)
                                                     10.000    10.000 r  
    PS7_X0Y0             PS7                          0.000    10.000 r  u_block_design/design_1_i/processing_system7_0/inst/PS7_i/FCLKCLK[0]
                         net (fo=1, routed)           1.088    11.088    u_block_design/design_1_i/processing_system7_0/inst/FCLK_CLK_unbuffered[0]
    BUFGCTRL_X0Y16       BUFG (Prop_bufg_I_O)         0.091    11.179 r  u_block_design/design_1_i/processing_system7_0/inst/buffer_fclk_clk_0.FCLK_CLK_0_BUFG/O
                         net (fo=22237, routed)       1.602    12.781    gen_core_groups[1].u_core_group/clk_100mhz
    SLICE_X92Y62         FDRE                                         r  gen_core_groups[1].u_core_group/ns_din_reg[21]/C
                         clock pessimism              0.229    13.010    
                         clock uncertainty           -0.154    12.856    
    SLICE_X92Y62         FDRE (Setup_fdre_C_D)        0.079    12.935    gen_core_groups[1].u_core_group/ns_din_reg[21]
  -------------------------------------------------------------------
                         required time                         12.935    
                         arrival time                         -12.330    
  -------------------------------------------------------------------
                         slack                                  0.605    





Min Delay Paths
--------------------------------------------------------------------------------------
Slack (MET) :             0.014ns  (arrival time - required time)
  Source:                 u_block_design/design_1_i/axi_dma_0/U0/I_PRMRY_DATAMOVER/GEN_S2MM_FULL.I_S2MM_FULL_WRAPPER/GEN_ENABLE_INDET_BTT_SF.I_INDET_BTT/ENABLE_AXIS_SKID.I_INDET_BTT_SKID_BUF/sig_data_skid_reg_reg[2]/C
                            (rising edge-triggered cell FDRE clocked by clk_fpga_0  {rise@0.000ns fall@5.000ns period=10.000ns})
  Destination:            u_block_design/design_1_i/axi_dma_0/U0/I_PRMRY_DATAMOVER/GEN_S2MM_FULL.I_S2MM_FULL_WRAPPER/GEN_ENABLE_INDET_BTT_SF.I_INDET_BTT/ENABLE_AXIS_SKID.I_INDET_BTT_SKID_BUF/sig_data_reg_out_reg[2]/D
                            (rising edge-triggered cell FDRE clocked by clk_fpga_0  {rise@0.000ns fall@5.000ns period=10.000ns})
  Path Group:             clk_fpga_0
  Path Type:              Hold (Min at Fast Process Corner)
  Requirement:            0.000ns  (clk_fpga_0 rise@0.000ns - clk_fpga_0 rise@0.000ns)
  Data Path Delay:        0.369ns  (logic 0.226ns (61.223%)  route 0.143ns (38.777%))
  Logic Levels:           1  (LUT3=1)
  Clock Path Skew:        0.263ns (DCD - SCD - CPR)
    Destination Clock Delay (DCD):    1.191ns
    Source Clock Delay      (SCD):    0.898ns
    Clock Pessimism Removal (CPR):    0.030ns

    Location             Delay type                Incr(ns)  Path(ns)    Netlist Resource(s)
  -------------------------------------------------------------------    -------------------
                         (clock clk_fpga_0 rise edge)
                                                      0.000     0.000 r  
    PS7_X0Y0             PS7                          0.000     0.000 r  u_block_design/design_1_i/processing_system7_0/inst/PS7_i/FCLKCLK[0]
                         net (fo=1, routed)           0.310     0.310    u_block_design/design_1_i/processing_system7_0/inst/FCLK_CLK_unbuffered[0]
    BUFGCTRL_X0Y16       BUFG (Prop_bufg_I_O)         0.026     0.336 r  u_block_design/design_1_i/processing_system7_0/inst/buffer_fclk_clk_0.FCLK_CLK_0_BUFG/O
                         net (fo=22237, routed)       0.562     0.898    u_block_design/design_1_i/axi_dma_0/U0/I_PRMRY_DATAMOVER/GEN_S2MM_FULL.I_S2MM_FULL_WRAPPER/GEN_ENABLE_INDET_BTT_SF.I_INDET_BTT/ENABLE_AXIS_SKID.I_INDET_BTT_SKID_BUF/m_axi_s2mm_aclk
    SLICE_X49Y49         FDRE                                         r  u_block_design/design_1_i/axi_dma_0/U0/I_PRMRY_DATAMOVER/GEN_S2MM_FULL.I_S2MM_FULL_WRAPPER/GEN_ENABLE_INDET_BTT_SF.I_INDET_BTT/ENABLE_AXIS_SKID.I_INDET_BTT_SKID_BUF/sig_data_skid_reg_reg[2]/C
  -------------------------------------------------------------------    -------------------
    SLICE_X49Y49         FDRE (Prop_fdre_C_Q)         0.128     1.026 r  u_block_design/design_1_i/axi_dma_0/U0/I_PRMRY_DATAMOVER/GEN_S2MM_FULL.I_S2MM_FULL_WRAPPER/GEN_ENABLE_INDET_BTT_SF.I_INDET_BTT/ENABLE_AXIS_SKID.I_INDET_BTT_SKID_BUF/sig_data_skid_reg_reg[2]/Q
                         net (fo=1, routed)           0.143     1.169    u_block_design/design_1_i/axi_dma_0/U0/I_PRMRY_DATAMOVER/GEN_S2MM_FULL.I_S2MM_FULL_WRAPPER/GEN_ENABLE_INDET_BTT_SF.I_INDET_BTT/ENABLE_AXIS_SKID.I_INDET_BTT_SKID_BUF/sig_data_skid_reg_reg_n_0_[2]
    SLICE_X49Y50         LUT3 (Prop_lut3_I2_O)        0.098     1.267 r  u_block_design/design_1_i/axi_dma_0/U0/I_PRMRY_DATAMOVER/GEN_S2MM_FULL.I_S2MM_FULL_WRAPPER/GEN_ENABLE_INDET_BTT_SF.I_INDET_BTT/ENABLE_AXIS_SKID.I_INDET_BTT_SKID_BUF/sig_data_reg_out[2]_i_1__1/O
                         net (fo=1, routed)           0.000     1.267    u_block_design/design_1_i/axi_dma_0/U0/I_PRMRY_DATAMOVER/GEN_S2MM_FULL.I_S2MM_FULL_WRAPPER/GEN_ENABLE_INDET_BTT_SF.I_INDET_BTT/ENABLE_AXIS_SKID.I_INDET_BTT_SKID_BUF/sig_data_reg_out[2]_i_1__1_n_0
    SLICE_X49Y50         FDRE                                         r  u_block_design/design_1_i/axi_dma_0/U0/I_PRMRY_DATAMOVER/GEN_S2MM_FULL.I_S2MM_FULL_WRAPPER/GEN_ENABLE_INDET_BTT_SF.I_INDET_BTT/ENABLE_AXIS_SKID.I_INDET_BTT_SKID_BUF/sig_data_reg_out_reg[2]/D
  -------------------------------------------------------------------    -------------------

                         (clock clk_fpga_0 rise edge)
                                                      0.000     0.000 r  
    PS7_X0Y0             PS7                          0.000     0.000 r  u_block_design/design_1_i/processing_system7_0/inst/PS7_i/FCLKCLK[0]
                         net (fo=1, routed)           0.337     0.337    u_block_design/design_1_i/processing_system7_0/inst/FCLK_CLK_unbuffered[0]
    BUFGCTRL_X0Y16       BUFG (Prop_bufg_I_O)         0.029     0.366 r  u_block_design/design_1_i/processing_system7_0/inst/buffer_fclk_clk_0.FCLK_CLK_0_BUFG/O
                         net (fo=22237, routed)       0.825     1.191    u_block_design/design_1_i/axi_dma_0/U0/I_PRMRY_DATAMOVER/GEN_S2MM_FULL.I_S2MM_FULL_WRAPPER/GEN_ENABLE_INDET_BTT_SF.I_INDET_BTT/ENABLE_AXIS_SKID.I_INDET_BTT_SKID_BUF/m_axi_s2mm_aclk
    SLICE_X49Y50         FDRE                                         r  u_block_design/design_1_i/axi_dma_0/U0/I_PRMRY_DATAMOVER/GEN_S2MM_FULL.I_S2MM_FULL_WRAPPER/GEN_ENABLE_INDET_BTT_SF.I_INDET_BTT/ENABLE_AXIS_SKID.I_INDET_BTT_SKID_BUF/sig_data_reg_out_reg[2]/C
                         clock pessimism             -0.030     1.161    
    SLICE_X49Y50         FDRE (Hold_fdre_C_D)         0.092     1.253    u_block_design/design_1_i/axi_dma_0/U0/I_PRMRY_DATAMOVER/GEN_S2MM_FULL.I_S2MM_FULL_WRAPPER/GEN_ENABLE_INDET_BTT_SF.I_INDET_BTT/ENABLE_AXIS_SKID.I_INDET_BTT_SKID_BUF/sig_data_reg_out_reg[2]
  -------------------------------------------------------------------
                         required time                         -1.253    
                         arrival time                           1.267    
  -------------------------------------------------------------------
                         slack                                  0.014    

Slack (MET) :             0.015ns  (arrival time - required time)
  Source:                 u_block_design/design_1_i/axi_dma_0/U0/I_PRMRY_DATAMOVER/GEN_S2MM_FULL.I_S2MM_FULL_WRAPPER/GEN_ENABLE_INDET_BTT_SF.I_INDET_BTT/ENABLE_AXIS_SKID.I_INDET_BTT_SKID_BUF/sig_data_skid_reg_reg[21]/C
                            (rising edge-triggered cell FDRE clocked by clk_fpga_0  {rise@0.000ns fall@5.000ns period=10.000ns})
  Destination:            u_block_design/design_1_i/axi_dma_0/U0/I_PRMRY_DATAMOVER/GEN_S2MM_FULL.I_S2MM_FULL_WRAPPER/GEN_ENABLE_INDET_BTT_SF.I_INDET_BTT/ENABLE_AXIS_SKID.I_INDET_BTT_SKID_BUF/sig_data_reg_out_reg[21]/D
                            (rising edge-triggered cell FDRE clocked by clk_fpga_0  {rise@0.000ns fall@5.000ns period=10.000ns})
  Path Group:             clk_fpga_0
  Path Type:              Hold (Min at Fast Process Corner)
  Requirement:            0.000ns  (clk_fpga_0 rise@0.000ns - clk_fpga_0 rise@0.000ns)
  Data Path Delay:        0.409ns  (logic 0.209ns (51.101%)  route 0.200ns (48.899%))
  Logic Levels:           1  (LUT3=1)
  Clock Path Skew:        0.273ns (DCD - SCD - CPR)
    Destination Clock Delay (DCD):    1.192ns
    Source Clock Delay      (SCD):    0.889ns
    Clock Pessimism Removal (CPR):    0.030ns

    Location             Delay type                Incr(ns)  Path(ns)    Netlist Resource(s)
  -------------------------------------------------------------------    -------------------
                         (clock clk_fpga_0 rise edge)
                                                      0.000     0.000 r  
    PS7_X0Y0             PS7                          0.000     0.000 r  u_block_design/design_1_i/processing_system7_0/inst/PS7_i/FCLKCLK[0]
                         net (fo=1, routed)           0.310     0.310    u_block_design/design_1_i/processing_system7_0/inst/FCLK_CLK_unbuffered[0]
    BUFGCTRL_X0Y16       BUFG (Prop_bufg_I_O)         0.026     0.336 r  u_block_design/design_1_i/processing_system7_0/inst/buffer_fclk_clk_0.FCLK_CLK_0_BUFG/O
                         net (fo=22237, routed)       0.553     0.889    u_block_design/design_1_i/axi_dma_0/U0/I_PRMRY_DATAMOVER/GEN_S2MM_FULL.I_S2MM_FULL_WRAPPER/GEN_ENABLE_INDET_BTT_SF.I_INDET_BTT/ENABLE_AXIS_SKID.I_INDET_BTT_SKID_BUF/m_axi_s2mm_aclk
    SLICE_X50Y50         FDRE                                         r  u_block_design/design_1_i/axi_dma_0/U0/I_PRMRY_DATAMOVER/GEN_S2MM_FULL.I_S2MM_FULL_WRAPPER/GEN_ENABLE_INDET_BTT_SF.I_INDET_BTT/ENABLE_AXIS_SKID.I_INDET_BTT_SKID_BUF/sig_data_skid_reg_reg[21]/C
  -------------------------------------------------------------------    -------------------
    SLICE_X50Y50         FDRE (Prop_fdre_C_Q)         0.164     1.053 r  u_block_design/design_1_i/axi_dma_0/U0/I_PRMRY_DATAMOVER/GEN_S2MM_FULL.I_S2MM_FULL_WRAPPER/GEN_ENABLE_INDET_BTT_SF.I_INDET_BTT/ENABLE_AXIS_SKID.I_INDET_BTT_SKID_BUF/sig_data_skid_reg_reg[21]/Q
                         net (fo=1, routed)           0.200     1.253    u_block_design/design_1_i/axi_dma_0/U0/I_PRMRY_DATAMOVER/GEN_S2MM_FULL.I_S2MM_FULL_WRAPPER/GEN_ENABLE_INDET_BTT_SF.I_INDET_BTT/ENABLE_AXIS_SKID.I_INDET_BTT_SKID_BUF/sig_data_skid_reg_reg_n_0_[21]
    SLICE_X50Y49         LUT3 (Prop_lut3_I2_O)        0.045     1.298 r  u_block_design/design_1_i/axi_dma_0/U0/I_PRMRY_DATAMOVER/GEN_S2MM_FULL.I_S2MM_FULL_WRAPPER/GEN_ENABLE_INDET_BTT_SF.I_INDET_BTT/ENABLE_AXIS_SKID.I_INDET_BTT_SKID_BUF/sig_data_reg_out[21]_i_1__1/O
                         net (fo=1, routed)           0.000     1.298    u_block_design/design_1_i/axi_dma_0/U0/I_PRMRY_DATAMOVER/GEN_S2MM_FULL.I_S2MM_FULL_WRAPPER/GEN_ENABLE_INDET_BTT_SF.I_INDET_BTT/ENABLE_AXIS_SKID.I_INDET_BTT_SKID_BUF/sig_data_reg_out[21]_i_1__1_n_0
    SLICE_X50Y49         FDRE                                         r  u_block_design/design_1_i/axi_dma_0/U0/I_PRMRY_DATAMOVER/GEN_S2MM_FULL.I_S2MM_FULL_WRAPPER/GEN_ENABLE_INDET_BTT_SF.I_INDET_BTT/ENABLE_AXIS_SKID.I_INDET_BTT_SKID_BUF/sig_data_reg_out_reg[21]/D
  -------------------------------------------------------------------    -------------------

                         (clock clk_fpga_0 rise edge)
                                                      0.000     0.000 r  
    PS7_X0Y0             PS7                          0.000     0.000 r  u_block_design/design_1_i/processing_system7_0/inst/PS7_i/FCLKCLK[0]
                         net (fo=1, routed)           0.337     0.337    u_block_design/design_1_i/processing_system7_0/inst/FCLK_CLK_unbuffered[0]
    BUFGCTRL_X0Y16       BUFG (Prop_bufg_I_O)         0.029     0.366 r  u_block_design/design_1_i/processing_system7_0/inst/buffer_fclk_clk_0.FCLK_CLK_0_BUFG/O
                         net (fo=22237, routed)       0.826     1.192    u_block_design/design_1_i/axi_dma_0/U0/I_PRMRY_DATAMOVER/GEN_S2MM_FULL.I_S2MM_FULL_WRAPPER/GEN_ENABLE_INDET_BTT_SF.I_INDET_BTT/ENABLE_AXIS_SKID.I_INDET_BTT_SKID_BUF/m_axi_s2mm_aclk
    SLICE_X50Y49         FDRE                                         r  u_block_design/design_1_i/axi_dma_0/U0/I_PRMRY_DATAMOVER/GEN_S2MM_FULL.I_S2MM_FULL_WRAPPER/GEN_ENABLE_INDET_BTT_SF.I_INDET_BTT/ENABLE_AXIS_SKID.I_INDET_BTT_SKID_BUF/sig_data_reg_out_reg[21]/C
                         clock pessimism             -0.030     1.162    
    SLICE_X50Y49         FDRE (Hold_fdre_C_D)         0.121     1.283    u_block_design/design_1_i/axi_dma_0/U0/I_PRMRY_DATAMOVER/GEN_S2MM_FULL.I_S2MM_FULL_WRAPPER/GEN_ENABLE_INDET_BTT_SF.I_INDET_BTT/ENABLE_AXIS_SKID.I_INDET_BTT_SKID_BUF/sig_data_reg_out_reg[21]
  -------------------------------------------------------------------
                         required time                         -1.283    
                         arrival time                           1.298    
  -------------------------------------------------------------------
                         slack                                  0.015    

Slack (MET) :             0.015ns  (arrival time - required time)
  Source:                 u_block_design/design_1_i/snn_top_hls_0/inst/grp_snn_top_hls_Pipeline_VITIS_LOOP_147_4_VITIS_LOOP_148_596_fu_3759/global_nid_reg_459_reg[2]/C
                            (rising edge-triggered cell FDRE clocked by clk_fpga_0  {rise@0.000ns fall@5.000ns period=10.000ns})
  Destination:            u_block_design/design_1_i/snn_top_hls_0/inst/grp_snn_top_hls_Pipeline_VITIS_LOOP_147_4_VITIS_LOOP_148_596_fu_3759/global_nid_reg_459_pp0_iter3_reg_reg[2]/D
                            (rising edge-triggered cell FDRE clocked by clk_fpga_0  {rise@0.000ns fall@5.000ns period=10.000ns})
  Path Group:             clk_fpga_0
  Path Type:              Hold (Min at Fast Process Corner)
  Requirement:            0.000ns  (clk_fpga_0 rise@0.000ns - clk_fpga_0 rise@0.000ns)
  Data Path Delay:        0.341ns  (logic 0.141ns (41.310%)  route 0.200ns (58.690%))
  Logic Levels:           0  
  Clock Path Skew:        0.260ns (DCD - SCD - CPR)
    Destination Clock Delay (DCD):    1.191ns
    Source Clock Delay      (SCD):    0.896ns
    Clock Pessimism Removal (CPR):    0.035ns

    Location             Delay type                Incr(ns)  Path(ns)    Netlist Resource(s)
  -------------------------------------------------------------------    -------------------
                         (clock clk_fpga_0 rise edge)
                                                      0.000     0.000 r  
    PS7_X0Y0             PS7                          0.000     0.000 r  u_block_design/design_1_i/processing_system7_0/inst/PS7_i/FCLKCLK[0]
                         net (fo=1, routed)           0.310     0.310    u_block_design/design_1_i/processing_system7_0/inst/FCLK_CLK_unbuffered[0]
    BUFGCTRL_X0Y16       BUFG (Prop_bufg_I_O)         0.026     0.336 r  u_block_design/design_1_i/processing_system7_0/inst/buffer_fclk_clk_0.FCLK_CLK_0_BUFG/O
                         net (fo=22237, routed)       0.560     0.896    u_block_design/design_1_i/snn_top_hls_0/inst/grp_snn_top_hls_Pipeline_VITIS_LOOP_147_4_VITIS_LOOP_148_596_fu_3759/ap_clk
    SLICE_X49Y7          FDRE                                         r  u_block_design/design_1_i/snn_top_hls_0/inst/grp_snn_top_hls_Pipeline_VITIS_LOOP_147_4_VITIS_LOOP_148_596_fu_3759/global_nid_reg_459_reg[2]/C
  -------------------------------------------------------------------    -------------------
    SLICE_X49Y7          FDRE (Prop_fdre_C_Q)         0.141     1.037 r  u_block_design/design_1_i/snn_top_hls_0/inst/grp_snn_top_hls_Pipeline_VITIS_LOOP_147_4_VITIS_LOOP_148_596_fu_3759/global_nid_reg_459_reg[2]/Q
                         net (fo=1, routed)           0.200     1.237    u_block_design/design_1_i/snn_top_hls_0/inst/grp_snn_top_hls_Pipeline_VITIS_LOOP_147_4_VITIS_LOOP_148_596_fu_3759/global_nid_reg_459[2]
    SLICE_X53Y6          FDRE                                         r  u_block_design/design_1_i/snn_top_hls_0/inst/grp_snn_top_hls_Pipeline_VITIS_LOOP_147_4_VITIS_LOOP_148_596_fu_3759/global_nid_reg_459_pp0_iter3_reg_reg[2]/D
  -------------------------------------------------------------------    -------------------

                         (clock clk_fpga_0 rise edge)
                                                      0.000     0.000 r  
    PS7_X0Y0             PS7                          0.000     0.000 r  u_block_design/design_1_i/processing_system7_0/inst/PS7_i/FCLKCLK[0]
                         net (fo=1, routed)           0.337     0.337    u_block_design/design_1_i/processing_system7_0/inst/FCLK_CLK_unbuffered[0]
    BUFGCTRL_X0Y16       BUFG (Prop_bufg_I_O)         0.029     0.366 r  u_block_design/design_1_i/processing_system7_0/inst/buffer_fclk_clk_0.FCLK_CLK_0_BUFG/O
                         net (fo=22237, routed)       0.825     1.191    u_block_design/design_1_i/snn_top_hls_0/inst/grp_snn_top_hls_Pipeline_VITIS_LOOP_147_4_VITIS_LOOP_148_596_fu_3759/ap_clk
    SLICE_X53Y6          FDRE                                         r  u_block_design/design_1_i/snn_top_hls_0/inst/grp_snn_top_hls_Pipeline_VITIS_LOOP_147_4_VITIS_LOOP_148_596_fu_3759/global_nid_reg_459_pp0_iter3_reg_reg[2]/C
                         clock pessimism             -0.035     1.156    
    SLICE_X53Y6          FDRE (Hold_fdre_C_D)         0.066     1.222    u_block_design/design_1_i/snn_top_hls_0/inst/grp_snn_top_hls_Pipeline_VITIS_LOOP_147_4_VITIS_LOOP_148_596_fu_3759/global_nid_reg_459_pp0_iter3_reg_reg[2]
  -------------------------------------------------------------------
                         required time                         -1.222    
                         arrival time                           1.237    
  -------------------------------------------------------------------
                         slack                                  0.015    

Slack (MET) :             0.020ns  (arrival time - required time)
  Source:                 snn_core_group_top/design_1_wrapper/design_1/design_1_axi_interconnect_hp0_0/s01_couplers_imp_12AUBLP/design_1_axi_interconnect_hp0_imp_auto_pc_1/design_1_axi_interconnect_hp0_imp_auto_pc_1_axi_protocol_converter_v2_1_37_axi_protocol_converter/design_1_axi_interconnect_hp0_imp_auto_pc_1_axi_protocol_converter_v2_1_37_axi3_conv/design_1_axi_interconnect_hp0_imp_auto_pc_1_axi_protocol_converter_v2_1_37_a_axi3_conv/design_1_axi_interconnect_hp0_imp_auto_pc_1_axi_data_fifo_v2_1_36_axic_fifo/design_1_axi_interconnect_hp0_imp_auto_pc_1_axi_data_fifo_v2_1_36_fifo_gen_1/<hidden>/<hidden>/<hidden>/<hidden>/<hidden>/<hidden>
                            (rising edge-triggered cell FDCE clocked by clk_fpga_0  {rise@0.000ns fall@5.000ns period=10.000ns})
  Destination:            snn_core_group_top/design_1_wrapper/design_1/design_1_axi_interconnect_hp0_0/s01_couplers_imp_12AUBLP/design_1_axi_interconnect_hp0_imp_auto_pc_1/design_1_axi_interconnect_hp0_imp_auto_pc_1_axi_protocol_converter_v2_1_37_axi_protocol_converter/design_1_axi_interconnect_hp0_imp_auto_pc_1_axi_protocol_converter_v2_1_37_axi3_conv/design_1_axi_interconnect_hp0_imp_auto_pc_1_axi_protocol_converter_v2_1_37_a_axi3_conv/design_1_axi_interconnect_hp0_imp_auto_pc_1_axi_data_fifo_v2_1_36_axic_fifo/design_1_axi_interconnect_hp0_imp_auto_pc_1_axi_data_fifo_v2_1_36_fifo_gen_1/<hidden>/<hidden>/<hidden>/<hidden>/<hidden>/<hidden>/<hidden>
                            (rising edge-triggered cell RAMD32 clocked by clk_fpga_0  {rise@0.000ns fall@5.000ns period=10.000ns})
  Path Group:             clk_fpga_0
  Path Type:              Hold (Min at Fast Process Corner)
  Requirement:            0.000ns  (clk_fpga_0 rise@0.000ns - clk_fpga_0 rise@0.000ns)
  Data Path Delay:        0.233ns  (logic 0.141ns (60.453%)  route 0.092ns (39.547%))
  Logic Levels:           0  
  Clock Path Skew:        0.013ns (DCD - SCD - CPR)
    Destination Clock Delay (DCD):    1.198ns
    Source Clock Delay      (SCD):    0.900ns
    Clock Pessimism Removal (CPR):    0.285ns

    Location             Delay type                Incr(ns)  Path(ns)    Netlist Resource(s)
  -------------------------------------------------------------------    -------------------
                         (clock clk_fpga_0 rise edge)
                                                      0.000     0.000 r  
    PS7_X0Y0             PS7                          0.000     0.000 r  u_block_design/design_1_i/processing_system7_0/inst/PS7_i/FCLKCLK[0]
                         net (fo=1, routed)           0.310     0.310    u_block_design/design_1_i/processing_system7_0/inst/FCLK_CLK_unbuffered[0]
    BUFGCTRL_X0Y16       BUFG (Prop_bufg_I_O)         0.026     0.336 r  u_block_design/design_1_i/processing_system7_0/inst/buffer_fclk_clk_0.FCLK_CLK_0_BUFG/O
                         net (fo=22237, routed)       0.564     0.900    snn_core_group_top/design_1_wrapper/design_1/design_1_axi_interconnect_hp0_0/s01_couplers_imp_12AUBLP/design_1_axi_interconnect_hp0_imp_auto_pc_1/design_1_axi_interconnect_hp0_imp_auto_pc_1_axi_protocol_converter_v2_1_37_axi_protocol_converter/design_1_axi_interconnect_hp0_imp_auto_pc_1_axi_protocol_converter_v2_1_37_axi3_conv/design_1_axi_interconnect_hp0_imp_auto_pc_1_axi_protocol_converter_v2_1_37_a_axi3_conv/design_1_axi_interconnect_hp0_imp_auto_pc_1_axi_data_fifo_v2_1_36_axic_fifo/design_1_axi_interconnect_hp0_imp_auto_pc_1_axi_data_fifo_v2_1_36_fifo_gen_1/<hidden>/<hidden>/<hidden>/<hidden>/<hidden>/<hidden>
    SLICE_X27Y70         FDCE                                         r  snn_core_group_top/design_1_wrapper/design_1/design_1_axi_interconnect_hp0_0/s01_couplers_imp_12AUBLP/design_1_axi_interconnect_hp0_imp_auto_pc_1/design_1_axi_interconnect_hp0_imp_auto_pc_1_axi_protocol_converter_v2_1_37_axi_protocol_converter/design_1_axi_interconnect_hp0_imp_auto_pc_1_axi_protocol_converter_v2_1_37_axi3_conv/design_1_axi_interconnect_hp0_imp_auto_pc_1_axi_protocol_converter_v2_1_37_a_axi3_conv/design_1_axi_interconnect_hp0_imp_auto_pc_1_axi_data_fifo_v2_1_36_axic_fifo/design_1_axi_interconnect_hp0_imp_auto_pc_1_axi_data_fifo_v2_1_36_fifo_gen_1/<hidden>/<hidden>/<hidden>/<hidden>/<hidden>/<hidden>
  -------------------------------------------------------------------    -------------------
    SLICE_X27Y70         FDCE (Prop_fdce_C_Q)         0.141     1.041 r  snn_core_group_top/design_1_wrapper/design_1/design_1_axi_interconnect_hp0_0/s01_couplers_imp_12AUBLP/design_1_axi_interconnect_hp0_imp_auto_pc_1/design_1_axi_interconnect_hp0_imp_auto_pc_1_axi_protocol_converter_v2_1_37_axi_protocol_converter/design_1_axi_interconnect_hp0_imp_auto_pc_1_axi_protocol_converter_v2_1_37_axi3_conv/design_1_axi_interconnect_hp0_imp_auto_pc_1_axi_protocol_converter_v2_1_37_a_axi3_conv/design_1_axi_interconnect_hp0_imp_auto_pc_1_axi_data_fifo_v2_1_36_axic_fifo/design_1_axi_interconnect_hp0_imp_auto_pc_1_axi_data_fifo_v2_1_36_fifo_gen_1/<hidden>/<hidden>/<hidden>/<hidden>/<hidden>/<hidden>
                         net (fo=10, routed)          0.092     1.133    snn_core_group_top/design_1_wrapper/design_1/design_1_axi_interconnect_hp0_0/s01_couplers_imp_12AUBLP/design_1_axi_interconnect_hp0_imp_auto_pc_1/design_1_axi_interconnect_hp0_imp_auto_pc_1_axi_protocol_converter_v2_1_37_axi_protocol_converter/design_1_axi_interconnect_hp0_imp_auto_pc_1_axi_protocol_converter_v2_1_37_axi3_conv/design_1_axi_interconnect_hp0_imp_auto_pc_1_axi_protocol_converter_v2_1_37_a_axi3_conv/design_1_axi_interconnect_hp0_imp_auto_pc_1_axi_data_fifo_v2_1_36_axic_fifo/design_1_axi_interconnect_hp0_imp_auto_pc_1_axi_data_fifo_v2_1_36_fifo_gen_1/<hidden>/<hidden>/<hidden>/<hidden>/<hidden>/<hidden>/<hidden>
    SLICE_X26Y70         RAMD32                                       r  snn_core_group_top/design_1_wrapper/design_1/design_1_axi_interconnect_hp0_0/s01_couplers_imp_12AUBLP/design_1_axi_interconnect_hp0_imp_auto_pc_1/design_1_axi_interconnect_hp0_imp_auto_pc_1_axi_protocol_converter_v2_1_37_axi_protocol_converter/design_1_axi_interconnect_hp0_imp_auto_pc_1_axi_protocol_converter_v2_1_37_axi3_conv/design_1_axi_interconnect_hp0_imp_auto_pc_1_axi_protocol_converter_v2_1_37_a_axi3_conv/design_1_axi_interconnect_hp0_imp_auto_pc_1_axi_data_fifo_v2_1_36_axic_fifo/design_1_axi_interconnect_hp0_imp_auto_pc_1_axi_data_fifo_v2_1_36_fifo_gen_1/<hidden>/<hidden>/<hidden>/<hidden>/<hidden>/<hidden>/<hidden>
  -------------------------------------------------------------------    -------------------

                         (clock clk_fpga_0 rise edge)
                                                      0.000     0.000 r  
    PS7_X0Y0             PS7                          0.000     0.000 r  u_block_design/design_1_i/processing_system7_0/inst/PS7_i/FCLKCLK[0]
                         net (fo=1, routed)           0.337     0.337    u_block_design/design_1_i/processing_system7_0/inst/FCLK_CLK_unbuffered[0]
    BUFGCTRL_X0Y16       BUFG (Prop_bufg_I_O)         0.029     0.366 r  u_block_design/design_1_i/processing_system7_0/inst/buffer_fclk_clk_0.FCLK_CLK_0_BUFG/O
                         net (fo=22237, routed)       0.832     1.198    snn_core_group_top/design_1_wrapper/design_1/design_1_axi_interconnect_hp0_0/s01_couplers_imp_12AUBLP/design_1_axi_interconnect_hp0_imp_auto_pc_1/design_1_axi_interconnect_hp0_imp_auto_pc_1_axi_protocol_converter_v2_1_37_axi_protocol_converter/design_1_axi_interconnect_hp0_imp_auto_pc_1_axi_protocol_converter_v2_1_37_axi3_conv/design_1_axi_interconnect_hp0_imp_auto_pc_1_axi_protocol_converter_v2_1_37_a_axi3_conv/design_1_axi_interconnect_hp0_imp_auto_pc_1_axi_data_fifo_v2_1_36_axic_fifo/design_1_axi_interconnect_hp0_imp_auto_pc_1_axi_data_fifo_v2_1_36_fifo_gen_1/<hidden>/<hidden>/<hidden>/<hidden>/<hidden>/<hidden>/<hidden>
    SLICE_X26Y70         RAMD32                                       r  snn_core_group_top/design_1_wrapper/design_1/design_1_axi_interconnect_hp0_0/s01_couplers_imp_12AUBLP/design_1_axi_interconnect_hp0_imp_auto_pc_1/design_1_axi_interconnect_hp0_imp_auto_pc_1_axi_protocol_converter_v2_1_37_axi_protocol_converter/design_1_axi_interconnect_hp0_imp_auto_pc_1_axi_protocol_converter_v2_1_37_axi3_conv/design_1_axi_interconnect_hp0_imp_auto_pc_1_axi_protocol_converter_v2_1_37_a_axi3_conv/design_1_axi_interconnect_hp0_imp_auto_pc_1_axi_data_fifo_v2_1_36_axic_fifo/design_1_axi_interconnect_hp0_imp_auto_pc_1_axi_data_fifo_v2_1_36_fifo_gen_1/<hidden>/<hidden>/<hidden>/<hidden>/<hidden>/<hidden>/<hidden>
                         clock pessimism             -0.285     0.913    
    SLICE_X26Y70         RAMD32 (Hold_ramd32_CLK_WADR4)
                                                      0.200     1.113    snn_core_group_top/design_1_wrapper/design_1/design_1_axi_interconnect_hp0_0/s01_couplers_imp_12AUBLP/design_1_axi_interconnect_hp0_imp_auto_pc_1/design_1_axi_interconnect_hp0_imp_auto_pc_1_axi_protocol_converter_v2_1_37_axi_protocol_converter/design_1_axi_interconnect_hp0_imp_auto_pc_1_axi_protocol_converter_v2_1_37_axi3_conv/design_1_axi_interconnect_hp0_imp_auto_pc_1_axi_protocol_converter_v2_1_37_a_axi3_conv/design_1_axi_interconnect_hp0_imp_auto_pc_1_axi_data_fifo_v2_1_36_axic_fifo/design_1_axi_interconnect_hp0_imp_auto_pc_1_axi_data_fifo_v2_1_36_fifo_gen_1/<hidden>/<hidden>/<hidden>/<hidden>/<hidden>/<hidden>/<hidden>
  -------------------------------------------------------------------
                         required time                         -1.113    
                         arrival time                           1.133    
  -------------------------------------------------------------------
                         slack                                  0.020    

Slack (MET) :             0.020ns  (arrival time - required time)
  Source:                 snn_core_group_top/design_1_wrapper/design_1/design_1_axi_interconnect_hp0_0/s01_couplers_imp_12AUBLP/design_1_axi_interconnect_hp0_imp_auto_pc_1/design_1_axi_interconnect_hp0_imp_auto_pc_1_axi_protocol_converter_v2_1_37_axi_protocol_converter/design_1_axi_interconnect_hp0_imp_auto_pc_1_axi_protocol_converter_v2_1_37_axi3_conv/design_1_axi_interconnect_hp0_imp_auto_pc_1_axi_protocol_converter_v2_1_37_a_axi3_conv/design_1_axi_interconnect_hp0_imp_auto_pc_1_axi_data_fifo_v2_1_36_axic_fifo/design_1_axi_interconnect_hp0_imp_auto_pc_1_axi_data_fifo_v2_1_36_fifo_gen_1/<hidden>/<hidden>/<hidden>/<hidden>/<hidden>/<hidden>
                            (rising edge-triggered cell FDCE clocked by clk_fpga_0  {rise@0.000ns fall@5.000ns period=10.000ns})
  Destination:            snn_core_group_top/design_1_wrapper/design_1/design_1_axi_interconnect_hp0_0/s01_couplers_imp_12AUBLP/design_1_axi_interconnect_hp0_imp_auto_pc_1/design_1_axi_interconnect_hp0_imp_auto_pc_1_axi_protocol_converter_v2_1_37_axi_protocol_converter/design_1_axi_interconnect_hp0_imp_auto_pc_1_axi_protocol_converter_v2_1_37_axi3_conv/design_1_axi_interconnect_hp0_imp_auto_pc_1_axi_protocol_converter_v2_1_37_a_axi3_conv/design_1_axi_interconnect_hp0_imp_auto_pc_1_axi_data_fifo_v2_1_36_axic_fifo/design_1_axi_interconnect_hp0_imp_auto_pc_1_axi_data_fifo_v2_1_36_fifo_gen_1/<hidden>/<hidden>/<hidden>/<hidden>/<hidden>/<hidden>/<hidden>
                            (rising edge-triggered cell RAMD32 clocked by clk_fpga_0  {rise@0.000ns fall@5.000ns period=10.000ns})
  Path Group:             clk_fpga_0
  Path Type:              Hold (Min at Fast Process Corner)
  Requirement:            0.000ns  (clk_fpga_0 rise@0.000ns - clk_fpga_0 rise@0.000ns)
  Data Path Delay:        0.233ns  (logic 0.141ns (60.453%)  route 0.092ns (39.547%))
  Logic Levels:           0  
  Clock Path Skew:        0.013ns (DCD - SCD - CPR)
    Destination Clock Delay (DCD):    1.198ns
    Source Clock Delay      (SCD):    0.900ns
    Clock Pessimism Removal (CPR):    0.285ns

    Location             Delay type                Incr(ns)  Path(ns)    Netlist Resource(s)
  -------------------------------------------------------------------    -------------------
                         (clock clk_fpga_0 rise edge)
                                                      0.000     0.000 r  
    PS7_X0Y0             PS7                          0.000     0.000 r  u_block_design/design_1_i/processing_system7_0/inst/PS7_i/FCLKCLK[0]
                         net (fo=1, routed)           0.310     0.310    u_block_design/design_1_i/processing_system7_0/inst/FCLK_CLK_unbuffered[0]
    BUFGCTRL_X0Y16       BUFG (Prop_bufg_I_O)         0.026     0.336 r  u_block_design/design_1_i/processing_system7_0/inst/buffer_fclk_clk_0.FCLK_CLK_0_BUFG/O
                         net (fo=22237, routed)       0.564     0.900    snn_core_group_top/design_1_wrapper/design_1/design_1_axi_interconnect_hp0_0/s01_couplers_imp_12AUBLP/design_1_axi_interconnect_hp0_imp_auto_pc_1/design_1_axi_interconnect_hp0_imp_auto_pc_1_axi_protocol_converter_v2_1_37_axi_protocol_converter/design_1_axi_interconnect_hp0_imp_auto_pc_1_axi_protocol_converter_v2_1_37_axi3_conv/design_1_axi_interconnect_hp0_imp_auto_pc_1_axi_protocol_converter_v2_1_37_a_axi3_conv/design_1_axi_interconnect_hp0_imp_auto_pc_1_axi_data_fifo_v2_1_36_axic_fifo/design_1_axi_interconnect_hp0_imp_auto_pc_1_axi_data_fifo_v2_1_36_fifo_gen_1/<hidden>/<hidden>/<hidden>/<hidden>/<hidden>/<hidden>
    SLICE_X27Y70         FDCE                                         r  snn_core_group_top/design_1_wrapper/design_1/design_1_axi_interconnect_hp0_0/s01_couplers_imp_12AUBLP/design_1_axi_interconnect_hp0_imp_auto_pc_1/design_1_axi_interconnect_hp0_imp_auto_pc_1_axi_protocol_converter_v2_1_37_axi_protocol_converter/design_1_axi_interconnect_hp0_imp_auto_pc_1_axi_protocol_converter_v2_1_37_axi3_conv/design_1_axi_interconnect_hp0_imp_auto_pc_1_axi_protocol_converter_v2_1_37_a_axi3_conv/design_1_axi_interconnect_hp0_imp_auto_pc_1_axi_data_fifo_v2_1_36_axic_fifo/design_1_axi_interconnect_hp0_imp_auto_pc_1_axi_data_fifo_v2_1_36_fifo_gen_1/<hidden>/<hidden>/<hidden>/<hidden>/<hidden>/<hidden>
  -------------------------------------------------------------------    -------------------
    SLICE_X27Y70         FDCE (Prop_fdce_C_Q)         0.141     1.041 r  snn_core_group_top/design_1_wrapper/design_1/design_1_axi_interconnect_hp0_0/s01_couplers_imp_12AUBLP/design_1_axi_interconnect_hp0_imp_auto_pc_1/design_1_axi_interconnect_hp0_imp_auto_pc_1_axi_protocol_converter_v2_1_37_axi_protocol_converter/design_1_axi_interconnect_hp0_imp_auto_pc_1_axi_protocol_converter_v2_1_37_axi3_conv/design_1_axi_interconnect_hp0_imp_auto_pc_1_axi_protocol_converter_v2_1_37_a_axi3_conv/design_1_axi_interconnect_hp0_imp_auto_pc_1_axi_data_fifo_v2_1_36_axic_fifo/design_1_axi_interconnect_hp0_imp_auto_pc_1_axi_data_fifo_v2_1_36_fifo_gen_1/<hidden>/<hidden>/<hidden>/<hidden>/<hidden>/<hidden>
                         net (fo=10, routed)          0.092     1.133    snn_core_group_top/design_1_wrapper/design_1/design_1_axi_interconnect_hp0_0/s01_couplers_imp_12AUBLP/design_1_axi_interconnect_hp0_imp_auto_pc_1/design_1_axi_interconnect_hp0_imp_auto_pc_1_axi_protocol_converter_v2_1_37_axi_protocol_converter/design_1_axi_interconnect_hp0_imp_auto_pc_1_axi_protocol_converter_v2_1_37_axi3_conv/design_1_axi_interconnect_hp0_imp_auto_pc_1_axi_protocol_converter_v2_1_37_a_axi3_conv/design_1_axi_interconnect_hp0_imp_auto_pc_1_axi_data_fifo_v2_1_36_axic_fifo/design_1_axi_interconnect_hp0_imp_auto_pc_1_axi_data_fifo_v2_1_36_fifo_gen_1/<hidden>/<hidden>/<hidden>/<hidden>/<hidden>/<hidden>/<hidden>
    SLICE_X26Y70         RAMD32                                       r  snn_core_group_top/design_1_wrapper/design_1/design_1_axi_interconnect_hp0_0/s01_couplers_imp_12AUBLP/design_1_axi_interconnect_hp0_imp_auto_pc_1/design_1_axi_interconnect_hp0_imp_auto_pc_1_axi_protocol_converter_v2_1_37_axi_protocol_converter/design_1_axi_interconnect_hp0_imp_auto_pc_1_axi_protocol_converter_v2_1_37_axi3_conv/design_1_axi_interconnect_hp0_imp_auto_pc_1_axi_protocol_converter_v2_1_37_a_axi3_conv/design_1_axi_interconnect_hp0_imp_auto_pc_1_axi_data_fifo_v2_1_36_axic_fifo/design_1_axi_interconnect_hp0_imp_auto_pc_1_axi_data_fifo_v2_1_36_fifo_gen_1/<hidden>/<hidden>/<hidden>/<hidden>/<hidden>/<hidden>/<hidden>
  -------------------------------------------------------------------    -------------------

                         (clock clk_fpga_0 rise edge)
                                                      0.000     0.000 r  
    PS7_X0Y0             PS7                          0.000     0.000 r  u_block_design/design_1_i/processing_system7_0/inst/PS7_i/FCLKCLK[0]
                         net (fo=1, routed)           0.337     0.337    u_block_design/design_1_i/processing_system7_0/inst/FCLK_CLK_unbuffered[0]
    BUFGCTRL_X0Y16       BUFG (Prop_bufg_I_O)         0.029     0.366 r  u_block_design/design_1_i/processing_system7_0/inst/buffer_fclk_clk_0.FCLK_CLK_0_BUFG/O
                         net (fo=22237, routed)       0.832     1.198    snn_core_group_top/design_1_wrapper/design_1/design_1_axi_interconnect_hp0_0/s01_couplers_imp_12AUBLP/design_1_axi_interconnect_hp0_imp_auto_pc_1/design_1_axi_interconnect_hp0_imp_auto_pc_1_axi_protocol_converter_v2_1_37_axi_protocol_converter/design_1_axi_interconnect_hp0_imp_auto_pc_1_axi_protocol_converter_v2_1_37_axi3_conv/design_1_axi_interconnect_hp0_imp_auto_pc_1_axi_protocol_converter_v2_1_37_a_axi3_conv/design_1_axi_interconnect_hp0_imp_auto_pc_1_axi_data_fifo_v2_1_36_axic_fifo/design_1_axi_interconnect_hp0_imp_auto_pc_1_axi_data_fifo_v2_1_36_fifo_gen_1/<hidden>/<hidden>/<hidden>/<hidden>/<hidden>/<hidden>/<hidden>
    SLICE_X26Y70         RAMD32                                       r  snn_core_group_top/design_1_wrapper/design_1/design_1_axi_interconnect_hp0_0/s01_couplers_imp_12AUBLP/design_1_axi_interconnect_hp0_imp_auto_pc_1/design_1_axi_interconnect_hp0_imp_auto_pc_1_axi_protocol_converter_v2_1_37_axi_protocol_converter/design_1_axi_interconnect_hp0_imp_auto_pc_1_axi_protocol_converter_v2_1_37_axi3_conv/design_1_axi_interconnect_hp0_imp_auto_pc_1_axi_protocol_converter_v2_1_37_a_axi3_conv/design_1_axi_interconnect_hp0_imp_auto_pc_1_axi_data_fifo_v2_1_36_axic_fifo/design_1_axi_interconnect_hp0_imp_auto_pc_1_axi_data_fifo_v2_1_36_fifo_gen_1/<hidden>/<hidden>/<hidden>/<hidden>/<hidden>/<hidden>/<hidden>
                         clock pessimism             -0.285     0.913    
    SLICE_X26Y70         RAMD32 (Hold_ramd32_CLK_WADR4)
                                                      0.200     1.113    snn_core_group_top/design_1_wrapper/design_1/design_1_axi_interconnect_hp0_0/s01_couplers_imp_12AUBLP/design_1_axi_interconnect_hp0_imp_auto_pc_1/design_1_axi_interconnect_hp0_imp_auto_pc_1_axi_protocol_converter_v2_1_37_axi_protocol_converter/design_1_axi_interconnect_hp0_imp_auto_pc_1_axi_protocol_converter_v2_1_37_axi3_conv/design_1_axi_interconnect_hp0_imp_auto_pc_1_axi_protocol_converter_v2_1_37_a_axi3_conv/design_1_axi_interconnect_hp0_imp_auto_pc_1_axi_data_fifo_v2_1_36_axic_fifo/design_1_axi_interconnect_hp0_imp_auto_pc_1_axi_data_fifo_v2_1_36_fifo_gen_1/<hidden>/<hidden>/<hidden>/<hidden>/<hidden>/<hidden>/<hidden>
  -------------------------------------------------------------------
                         required time                         -1.113    
                         arrival time                           1.133    
  -------------------------------------------------------------------
                         slack                                  0.020    

Slack (MET) :             0.020ns  (arrival time - required time)
  Source:                 snn_core_group_top/design_1_wrapper/design_1/design_1_axi_interconnect_hp0_0/s01_couplers_imp_12AUBLP/design_1_axi_interconnect_hp0_imp_auto_pc_1/design_1_axi_interconnect_hp0_imp_auto_pc_1_axi_protocol_converter_v2_1_37_axi_protocol_converter/design_1_axi_interconnect_hp0_imp_auto_pc_1_axi_protocol_converter_v2_1_37_axi3_conv/design_1_axi_interconnect_hp0_imp_auto_pc_1_axi_protocol_converter_v2_1_37_a_axi3_conv/design_1_axi_interconnect_hp0_imp_auto_pc_1_axi_data_fifo_v2_1_36_axic_fifo/design_1_axi_interconnect_hp0_imp_auto_pc_1_axi_data_fifo_v2_1_36_fifo_gen_1/<hidden>/<hidden>/<hidden>/<hidden>/<hidden>/<hidden>
                            (rising edge-triggered cell FDCE clocked by clk_fpga_0  {rise@0.000ns fall@5.000ns period=10.000ns})
  Destination:            snn_core_group_top/design_1_wrapper/design_1/design_1_axi_interconnect_hp0_0/s01_couplers_imp_12AUBLP/design_1_axi_interconnect_hp0_imp_auto_pc_1/design_1_axi_interconnect_hp0_imp_auto_pc_1_axi_protocol_converter_v2_1_37_axi_protocol_converter/design_1_axi_interconnect_hp0_imp_auto_pc_1_axi_protocol_converter_v2_1_37_axi3_conv/design_1_axi_interconnect_hp0_imp_auto_pc_1_axi_protocol_converter_v2_1_37_a_axi3_conv/design_1_axi_interconnect_hp0_imp_auto_pc_1_axi_data_fifo_v2_1_36_axic_fifo/design_1_axi_interconnect_hp0_imp_auto_pc_1_axi_data_fifo_v2_1_36_fifo_gen_1/<hidden>/<hidden>/<hidden>/<hidden>/<hidden>/<hidden>/<hidden>
                            (rising edge-triggered cell RAMD32 clocked by clk_fpga_0  {rise@0.000ns fall@5.000ns period=10.000ns})
  Path Group:             clk_fpga_0
  Path Type:              Hold (Min at Fast Process Corner)
  Requirement:            0.000ns  (clk_fpga_0 rise@0.000ns - clk_fpga_0 rise@0.000ns)
  Data Path Delay:        0.233ns  (logic 0.141ns (60.453%)  route 0.092ns (39.547%))
  Logic Levels:           0  
  Clock Path Skew:        0.013ns (DCD - SCD - CPR)
    Destination Clock Delay (DCD):    1.198ns
    Source Clock Delay      (SCD):    0.900ns
    Clock Pessimism Removal (CPR):    0.285ns

    Location             Delay type                Incr(ns)  Path(ns)    Netlist Resource(s)
  -------------------------------------------------------------------    -------------------
                         (clock clk_fpga_0 rise edge)
                                                      0.000     0.000 r  
    PS7_X0Y0             PS7                          0.000     0.000 r  u_block_design/design_1_i/processing_system7_0/inst/PS7_i/FCLKCLK[0]
                         net (fo=1, routed)           0.310     0.310    u_block_design/design_1_i/processing_system7_0/inst/FCLK_CLK_unbuffered[0]
    BUFGCTRL_X0Y16       BUFG (Prop_bufg_I_O)         0.026     0.336 r  u_block_design/design_1_i/processing_system7_0/inst/buffer_fclk_clk_0.FCLK_CLK_0_BUFG/O
                         net (fo=22237, routed)       0.564     0.900    snn_core_group_top/design_1_wrapper/design_1/design_1_axi_interconnect_hp0_0/s01_couplers_imp_12AUBLP/design_1_axi_interconnect_hp0_imp_auto_pc_1/design_1_axi_interconnect_hp0_imp_auto_pc_1_axi_protocol_converter_v2_1_37_axi_protocol_converter/design_1_axi_interconnect_hp0_imp_auto_pc_1_axi_protocol_converter_v2_1_37_axi3_conv/design_1_axi_interconnect_hp0_imp_auto_pc_1_axi_protocol_converter_v2_1_37_a_axi3_conv/design_1_axi_interconnect_hp0_imp_auto_pc_1_axi_data_fifo_v2_1_36_axic_fifo/design_1_axi_interconnect_hp0_imp_auto_pc_1_axi_data_fifo_v2_1_36_fifo_gen_1/<hidden>/<hidden>/<hidden>/<hidden>/<hidden>/<hidden>
    SLICE_X27Y70         FDCE                                         r  snn_core_group_top/design_1_wrapper/design_1/design_1_axi_interconnect_hp0_0/s01_couplers_imp_12AUBLP/design_1_axi_interconnect_hp0_imp_auto_pc_1/design_1_axi_interconnect_hp0_imp_auto_pc_1_axi_protocol_converter_v2_1_37_axi_protocol_converter/design_1_axi_interconnect_hp0_imp_auto_pc_1_axi_protocol_converter_v2_1_37_axi3_conv/design_1_axi_interconnect_hp0_imp_auto_pc_1_axi_protocol_converter_v2_1_37_a_axi3_conv/design_1_axi_interconnect_hp0_imp_auto_pc_1_axi_data_fifo_v2_1_36_axic_fifo/design_1_axi_interconnect_hp0_imp_auto_pc_1_axi_data_fifo_v2_1_36_fifo_gen_1/<hidden>/<hidden>/<hidden>/<hidden>/<hidden>/<hidden>
  -------------------------------------------------------------------    -------------------
    SLICE_X27Y70         FDCE (Prop_fdce_C_Q)         0.141     1.041 r  snn_core_group_top/design_1_wrapper/design_1/design_1_axi_interconnect_hp0_0/s01_couplers_imp_12AUBLP/design_1_axi_interconnect_hp0_imp_auto_pc_1/design_1_axi_interconnect_hp0_imp_auto_pc_1_axi_protocol_converter_v2_1_37_axi_protocol_converter/design_1_axi_interconnect_hp0_imp_auto_pc_1_axi_protocol_converter_v2_1_37_axi3_conv/design_1_axi_interconnect_hp0_imp_auto_pc_1_axi_protocol_converter_v2_1_37_a_axi3_conv/design_1_axi_interconnect_hp0_imp_auto_pc_1_axi_data_fifo_v2_1_36_axic_fifo/design_1_axi_interconnect_hp0_imp_auto_pc_1_axi_data_fifo_v2_1_36_fifo_gen_1/<hidden>/<hidden>/<hidden>/<hidden>/<hidden>/<hidden>
                         net (fo=10, routed)          0.092     1.133    snn_core_group_top/design_1_wrapper/design_1/design_1_axi_interconnect_hp0_0/s01_couplers_imp_12AUBLP/design_1_axi_interconnect_hp0_imp_auto_pc_1/design_1_axi_interconnect_hp0_imp_auto_pc_1_axi_protocol_converter_v2_1_37_axi_protocol_converter/design_1_axi_interconnect_hp0_imp_auto_pc_1_axi_protocol_converter_v2_1_37_axi3_conv/design_1_axi_interconnect_hp0_imp_auto_pc_1_axi_protocol_converter_v2_1_37_a_axi3_conv/design_1_axi_interconnect_hp0_imp_auto_pc_1_axi_data_fifo_v2_1_36_axic_fifo/design_1_axi_interconnect_hp0_imp_auto_pc_1_axi_data_fifo_v2_1_36_fifo_gen_1/<hidden>/<hidden>/<hidden>/<hidden>/<hidden>/<hidden>/<hidden>
    SLICE_X26Y70         RAMD32                                       r  snn_core_group_top/design_1_wrapper/design_1/design_1_axi_interconnect_hp0_0/s01_couplers_imp_12AUBLP/design_1_axi_interconnect_hp0_imp_auto_pc_1/design_1_axi_interconnect_hp0_imp_auto_pc_1_axi_protocol_converter_v2_1_37_axi_protocol_converter/design_1_axi_interconnect_hp0_imp_auto_pc_1_axi_protocol_converter_v2_1_37_axi3_conv/design_1_axi_interconnect_hp0_imp_auto_pc_1_axi_protocol_converter_v2_1_37_a_axi3_conv/design_1_axi_interconnect_hp0_imp_auto_pc_1_axi_data_fifo_v2_1_36_axic_fifo/design_1_axi_interconnect_hp0_imp_auto_pc_1_axi_data_fifo_v2_1_36_fifo_gen_1/<hidden>/<hidden>/<hidden>/<hidden>/<hidden>/<hidden>/<hidden>
  -------------------------------------------------------------------    -------------------

                         (clock clk_fpga_0 rise edge)
                                                      0.000     0.000 r  
    PS7_X0Y0             PS7                          0.000     0.000 r  u_block_design/design_1_i/processing_system7_0/inst/PS7_i/FCLKCLK[0]
                         net (fo=1, routed)           0.337     0.337    u_block_design/design_1_i/processing_system7_0/inst/FCLK_CLK_unbuffered[0]
    BUFGCTRL_X0Y16       BUFG (Prop_bufg_I_O)         0.029     0.366 r  u_block_design/design_1_i/processing_system7_0/inst/buffer_fclk_clk_0.FCLK_CLK_0_BUFG/O
                         net (fo=22237, routed)       0.832     1.198    snn_core_group_top/design_1_wrapper/design_1/design_1_axi_interconnect_hp0_0/s01_couplers_imp_12AUBLP/design_1_axi_interconnect_hp0_imp_auto_pc_1/design_1_axi_interconnect_hp0_imp_auto_pc_1_axi_protocol_converter_v2_1_37_axi_protocol_converter/design_1_axi_interconnect_hp0_imp_auto_pc_1_axi_protocol_converter_v2_1_37_axi3_conv/design_1_axi_interconnect_hp0_imp_auto_pc_1_axi_protocol_converter_v2_1_37_a_axi3_conv/design_1_axi_interconnect_hp0_imp_auto_pc_1_axi_data_fifo_v2_1_36_axic_fifo/design_1_axi_interconnect_hp0_imp_auto_pc_1_axi_data_fifo_v2_1_36_fifo_gen_1/<hidden>/<hidden>/<hidden>/<hidden>/<hidden>/<hidden>/<hidden>
    SLICE_X26Y70         RAMD32                                       r  snn_core_group_top/design_1_wrapper/design_1/design_1_axi_interconnect_hp0_0/s01_couplers_imp_12AUBLP/design_1_axi_interconnect_hp0_imp_auto_pc_1/design_1_axi_interconnect_hp0_imp_auto_pc_1_axi_protocol_converter_v2_1_37_axi_protocol_converter/design_1_axi_interconnect_hp0_imp_auto_pc_1_axi_protocol_converter_v2_1_37_axi3_conv/design_1_axi_interconnect_hp0_imp_auto_pc_1_axi_protocol_converter_v2_1_37_a_axi3_conv/design_1_axi_interconnect_hp0_imp_auto_pc_1_axi_data_fifo_v2_1_36_axic_fifo/design_1_axi_interconnect_hp0_imp_auto_pc_1_axi_data_fifo_v2_1_36_fifo_gen_1/<hidden>/<hidden>/<hidden>/<hidden>/<hidden>/<hidden>/<hidden>
                         clock pessimism             -0.285     0.913    
    SLICE_X26Y70         RAMD32 (Hold_ramd32_CLK_WADR4)
                                                      0.200     1.113    snn_core_group_top/design_1_wrapper/design_1/design_1_axi_interconnect_hp0_0/s01_couplers_imp_12AUBLP/design_1_axi_interconnect_hp0_imp_auto_pc_1/design_1_axi_interconnect_hp0_imp_auto_pc_1_axi_protocol_converter_v2_1_37_axi_protocol_converter/design_1_axi_interconnect_hp0_imp_auto_pc_1_axi_protocol_converter_v2_1_37_axi3_conv/design_1_axi_interconnect_hp0_imp_auto_pc_1_axi_protocol_converter_v2_1_37_a_axi3_conv/design_1_axi_interconnect_hp0_imp_auto_pc_1_axi_data_fifo_v2_1_36_axic_fifo/design_1_axi_interconnect_hp0_imp_auto_pc_1_axi_data_fifo_v2_1_36_fifo_gen_1/<hidden>/<hidden>/<hidden>/<hidden>/<hidden>/<hidden>/<hidden>
  -------------------------------------------------------------------
                         required time                         -1.113    
                         arrival time                           1.133    
  -------------------------------------------------------------------
                         slack                                  0.020    

Slack (MET) :             0.020ns  (arrival time - required time)
  Source:                 snn_core_group_top/design_1_wrapper/design_1/design_1_axi_interconnect_hp0_0/s01_couplers_imp_12AUBLP/design_1_axi_interconnect_hp0_imp_auto_pc_1/design_1_axi_interconnect_hp0_imp_auto_pc_1_axi_protocol_converter_v2_1_37_axi_protocol_converter/design_1_axi_interconnect_hp0_imp_auto_pc_1_axi_protocol_converter_v2_1_37_axi3_conv/design_1_axi_interconnect_hp0_imp_auto_pc_1_axi_protocol_converter_v2_1_37_a_axi3_conv/design_1_axi_interconnect_hp0_imp_auto_pc_1_axi_data_fifo_v2_1_36_axic_fifo/design_1_axi_interconnect_hp0_imp_auto_pc_1_axi_data_fifo_v2_1_36_fifo_gen_1/<hidden>/<hidden>/<hidden>/<hidden>/<hidden>/<hidden>
                            (rising edge-triggered cell FDCE clocked by clk_fpga_0  {rise@0.000ns fall@5.000ns period=10.000ns})
  Destination:            snn_core_group_top/design_1_wrapper/design_1/design_1_axi_interconnect_hp0_0/s01_couplers_imp_12AUBLP/design_1_axi_interconnect_hp0_imp_auto_pc_1/design_1_axi_interconnect_hp0_imp_auto_pc_1_axi_protocol_converter_v2_1_37_axi_protocol_converter/design_1_axi_interconnect_hp0_imp_auto_pc_1_axi_protocol_converter_v2_1_37_axi3_conv/design_1_axi_interconnect_hp0_imp_auto_pc_1_axi_protocol_converter_v2_1_37_a_axi3_conv/design_1_axi_interconnect_hp0_imp_auto_pc_1_axi_data_fifo_v2_1_36_axic_fifo/design_1_axi_interconnect_hp0_imp_auto_pc_1_axi_data_fifo_v2_1_36_fifo_gen_1/<hidden>/<hidden>/<hidden>/<hidden>/<hidden>/<hidden>/<hidden>
                            (rising edge-triggered cell RAMD32 clocked by clk_fpga_0  {rise@0.000ns fall@5.000ns period=10.000ns})
  Path Group:             clk_fpga_0
  Path Type:              Hold (Min at Fast Process Corner)
  Requirement:            0.000ns  (clk_fpga_0 rise@0.000ns - clk_fpga_0 rise@0.000ns)
  Data Path Delay:        0.233ns  (logic 0.141ns (60.453%)  route 0.092ns (39.547%))
  Logic Levels:           0  
  Clock Path Skew:        0.013ns (DCD - SCD - CPR)
    Destination Clock Delay (DCD):    1.198ns
    Source Clock Delay      (SCD):    0.900ns
    Clock Pessimism Removal (CPR):    0.285ns

    Location             Delay type                Incr(ns)  Path(ns)    Netlist Resource(s)
  -------------------------------------------------------------------    -------------------
                         (clock clk_fpga_0 rise edge)
                                                      0.000     0.000 r  
    PS7_X0Y0             PS7                          0.000     0.000 r  u_block_design/design_1_i/processing_system7_0/inst/PS7_i/FCLKCLK[0]
                         net (fo=1, routed)           0.310     0.310    u_block_design/design_1_i/processing_system7_0/inst/FCLK_CLK_unbuffered[0]
    BUFGCTRL_X0Y16       BUFG (Prop_bufg_I_O)         0.026     0.336 r  u_block_design/design_1_i/processing_system7_0/inst/buffer_fclk_clk_0.FCLK_CLK_0_BUFG/O
                         net (fo=22237, routed)       0.564     0.900    snn_core_group_top/design_1_wrapper/design_1/design_1_axi_interconnect_hp0_0/s01_couplers_imp_12AUBLP/design_1_axi_interconnect_hp0_imp_auto_pc_1/design_1_axi_interconnect_hp0_imp_auto_pc_1_axi_protocol_converter_v2_1_37_axi_protocol_converter/design_1_axi_interconnect_hp0_imp_auto_pc_1_axi_protocol_converter_v2_1_37_axi3_conv/design_1_axi_interconnect_hp0_imp_auto_pc_1_axi_protocol_converter_v2_1_37_a_axi3_conv/design_1_axi_interconnect_hp0_imp_auto_pc_1_axi_data_fifo_v2_1_36_axic_fifo/design_1_axi_interconnect_hp0_imp_auto_pc_1_axi_data_fifo_v2_1_36_fifo_gen_1/<hidden>/<hidden>/<hidden>/<hidden>/<hidden>/<hidden>
    SLICE_X27Y70         FDCE                                         r  snn_core_group_top/design_1_wrapper/design_1/design_1_axi_interconnect_hp0_0/s01_couplers_imp_12AUBLP/design_1_axi_interconnect_hp0_imp_auto_pc_1/design_1_axi_interconnect_hp0_imp_auto_pc_1_axi_protocol_converter_v2_1_37_axi_protocol_converter/design_1_axi_interconnect_hp0_imp_auto_pc_1_axi_protocol_converter_v2_1_37_axi3_conv/design_1_axi_interconnect_hp0_imp_auto_pc_1_axi_protocol_converter_v2_1_37_a_axi3_conv/design_1_axi_interconnect_hp0_imp_auto_pc_1_axi_data_fifo_v2_1_36_axic_fifo/design_1_axi_interconnect_hp0_imp_auto_pc_1_axi_data_fifo_v2_1_36_fifo_gen_1/<hidden>/<hidden>/<hidden>/<hidden>/<hidden>/<hidden>
  -------------------------------------------------------------------    -------------------
    SLICE_X27Y70         FDCE (Prop_fdce_C_Q)         0.141     1.041 r  snn_core_group_top/design_1_wrapper/design_1/design_1_axi_interconnect_hp0_0/s01_couplers_imp_12AUBLP/design_1_axi_interconnect_hp0_imp_auto_pc_1/design_1_axi_interconnect_hp0_imp_auto_pc_1_axi_protocol_converter_v2_1_37_axi_protocol_converter/design_1_axi_interconnect_hp0_imp_auto_pc_1_axi_protocol_converter_v2_1_37_axi3_conv/design_1_axi_interconnect_hp0_imp_auto_pc_1_axi_protocol_converter_v2_1_37_a_axi3_conv/design_1_axi_interconnect_hp0_imp_auto_pc_1_axi_data_fifo_v2_1_36_axic_fifo/design_1_axi_interconnect_hp0_imp_auto_pc_1_axi_data_fifo_v2_1_36_fifo_gen_1/<hidden>/<hidden>/<hidden>/<hidden>/<hidden>/<hidden>
                         net (fo=10, routed)          0.092     1.133    snn_core_group_top/design_1_wrapper/design_1/design_1_axi_interconnect_hp0_0/s01_couplers_imp_12AUBLP/design_1_axi_interconnect_hp0_imp_auto_pc_1/design_1_axi_interconnect_hp0_imp_auto_pc_1_axi_protocol_converter_v2_1_37_axi_protocol_converter/design_1_axi_interconnect_hp0_imp_auto_pc_1_axi_protocol_converter_v2_1_37_axi3_conv/design_1_axi_interconnect_hp0_imp_auto_pc_1_axi_protocol_converter_v2_1_37_a_axi3_conv/design_1_axi_interconnect_hp0_imp_auto_pc_1_axi_data_fifo_v2_1_36_axic_fifo/design_1_axi_interconnect_hp0_imp_auto_pc_1_axi_data_fifo_v2_1_36_fifo_gen_1/<hidden>/<hidden>/<hidden>/<hidden>/<hidden>/<hidden>/<hidden>
    SLICE_X26Y70         RAMD32                                       r  snn_core_group_top/design_1_wrapper/design_1/design_1_axi_interconnect_hp0_0/s01_couplers_imp_12AUBLP/design_1_axi_interconnect_hp0_imp_auto_pc_1/design_1_axi_interconnect_hp0_imp_auto_pc_1_axi_protocol_converter_v2_1_37_axi_protocol_converter/design_1_axi_interconnect_hp0_imp_auto_pc_1_axi_protocol_converter_v2_1_37_axi3_conv/design_1_axi_interconnect_hp0_imp_auto_pc_1_axi_protocol_converter_v2_1_37_a_axi3_conv/design_1_axi_interconnect_hp0_imp_auto_pc_1_axi_data_fifo_v2_1_36_axic_fifo/design_1_axi_interconnect_hp0_imp_auto_pc_1_axi_data_fifo_v2_1_36_fifo_gen_1/<hidden>/<hidden>/<hidden>/<hidden>/<hidden>/<hidden>/<hidden>
  -------------------------------------------------------------------    -------------------

                         (clock clk_fpga_0 rise edge)
                                                      0.000     0.000 r  
    PS7_X0Y0             PS7                          0.000     0.000 r  u_block_design/design_1_i/processing_system7_0/inst/PS7_i/FCLKCLK[0]
                         net (fo=1, routed)           0.337     0.337    u_block_design/design_1_i/processing_system7_0/inst/FCLK_CLK_unbuffered[0]
    BUFGCTRL_X0Y16       BUFG (Prop_bufg_I_O)         0.029     0.366 r  u_block_design/design_1_i/processing_system7_0/inst/buffer_fclk_clk_0.FCLK_CLK_0_BUFG/O
                         net (fo=22237, routed)       0.832     1.198    snn_core_group_top/design_1_wrapper/design_1/design_1_axi_interconnect_hp0_0/s01_couplers_imp_12AUBLP/design_1_axi_interconnect_hp0_imp_auto_pc_1/design_1_axi_interconnect_hp0_imp_auto_pc_1_axi_protocol_converter_v2_1_37_axi_protocol_converter/design_1_axi_interconnect_hp0_imp_auto_pc_1_axi_protocol_converter_v2_1_37_axi3_conv/design_1_axi_interconnect_hp0_imp_auto_pc_1_axi_protocol_converter_v2_1_37_a_axi3_conv/design_1_axi_interconnect_hp0_imp_auto_pc_1_axi_data_fifo_v2_1_36_axic_fifo/design_1_axi_interconnect_hp0_imp_auto_pc_1_axi_data_fifo_v2_1_36_fifo_gen_1/<hidden>/<hidden>/<hidden>/<hidden>/<hidden>/<hidden>/<hidden>
    SLICE_X26Y70         RAMD32                                       r  snn_core_group_top/design_1_wrapper/design_1/design_1_axi_interconnect_hp0_0/s01_couplers_imp_12AUBLP/design_1_axi_interconnect_hp0_imp_auto_pc_1/design_1_axi_interconnect_hp0_imp_auto_pc_1_axi_protocol_converter_v2_1_37_axi_protocol_converter/design_1_axi_interconnect_hp0_imp_auto_pc_1_axi_protocol_converter_v2_1_37_axi3_conv/design_1_axi_interconnect_hp0_imp_auto_pc_1_axi_protocol_converter_v2_1_37_a_axi3_conv/design_1_axi_interconnect_hp0_imp_auto_pc_1_axi_data_fifo_v2_1_36_axic_fifo/design_1_axi_interconnect_hp0_imp_auto_pc_1_axi_data_fifo_v2_1_36_fifo_gen_1/<hidden>/<hidden>/<hidden>/<hidden>/<hidden>/<hidden>/<hidden>
                         clock pessimism             -0.285     0.913    
    SLICE_X26Y70         RAMD32 (Hold_ramd32_CLK_WADR4)
                                                      0.200     1.113    snn_core_group_top/design_1_wrapper/design_1/design_1_axi_interconnect_hp0_0/s01_couplers_imp_12AUBLP/design_1_axi_interconnect_hp0_imp_auto_pc_1/design_1_axi_interconnect_hp0_imp_auto_pc_1_axi_protocol_converter_v2_1_37_axi_protocol_converter/design_1_axi_interconnect_hp0_imp_auto_pc_1_axi_protocol_converter_v2_1_37_axi3_conv/design_1_axi_interconnect_hp0_imp_auto_pc_1_axi_protocol_converter_v2_1_37_a_axi3_conv/design_1_axi_interconnect_hp0_imp_auto_pc_1_axi_data_fifo_v2_1_36_axic_fifo/design_1_axi_interconnect_hp0_imp_auto_pc_1_axi_data_fifo_v2_1_36_fifo_gen_1/<hidden>/<hidden>/<hidden>/<hidden>/<hidden>/<hidden>/<hidden>
  -------------------------------------------------------------------
                         required time                         -1.113    
                         arrival time                           1.133    
  -------------------------------------------------------------------
                         slack                                  0.020    

Slack (MET) :             0.020ns  (arrival time - required time)
  Source:                 snn_core_group_top/design_1_wrapper/design_1/design_1_axi_interconnect_hp0_0/s01_couplers_imp_12AUBLP/design_1_axi_interconnect_hp0_imp_auto_pc_1/design_1_axi_interconnect_hp0_imp_auto_pc_1_axi_protocol_converter_v2_1_37_axi_protocol_converter/design_1_axi_interconnect_hp0_imp_auto_pc_1_axi_protocol_converter_v2_1_37_axi3_conv/design_1_axi_interconnect_hp0_imp_auto_pc_1_axi_protocol_converter_v2_1_37_a_axi3_conv/design_1_axi_interconnect_hp0_imp_auto_pc_1_axi_data_fifo_v2_1_36_axic_fifo/design_1_axi_interconnect_hp0_imp_auto_pc_1_axi_data_fifo_v2_1_36_fifo_gen_1/<hidden>/<hidden>/<hidden>/<hidden>/<hidden>/<hidden>
                            (rising edge-triggered cell FDCE clocked by clk_fpga_0  {rise@0.000ns fall@5.000ns period=10.000ns})
  Destination:            snn_core_group_top/design_1_wrapper/design_1/design_1_axi_interconnect_hp0_0/s01_couplers_imp_12AUBLP/design_1_axi_interconnect_hp0_imp_auto_pc_1/design_1_axi_interconnect_hp0_imp_auto_pc_1_axi_protocol_converter_v2_1_37_axi_protocol_converter/design_1_axi_interconnect_hp0_imp_auto_pc_1_axi_protocol_converter_v2_1_37_axi3_conv/design_1_axi_interconnect_hp0_imp_auto_pc_1_axi_protocol_converter_v2_1_37_a_axi3_conv/design_1_axi_interconnect_hp0_imp_auto_pc_1_axi_data_fifo_v2_1_36_axic_fifo/design_1_axi_interconnect_hp0_imp_auto_pc_1_axi_data_fifo_v2_1_36_fifo_gen_1/<hidden>/<hidden>/<hidden>/<hidden>/<hidden>/<hidden>/<hidden>
                            (rising edge-triggered cell RAMD32 clocked by clk_fpga_0  {rise@0.000ns fall@5.000ns period=10.000ns})
  Path Group:             clk_fpga_0
  Path Type:              Hold (Min at Fast Process Corner)
  Requirement:            0.000ns  (clk_fpga_0 rise@0.000ns - clk_fpga_0 rise@0.000ns)
  Data Path Delay:        0.233ns  (logic 0.141ns (60.453%)  route 0.092ns (39.547%))
  Logic Levels:           0  
  Clock Path Skew:        0.013ns (DCD - SCD - CPR)
    Destination Clock Delay (DCD):    1.198ns
    Source Clock Delay      (SCD):    0.900ns
    Clock Pessimism Removal (CPR):    0.285ns

    Location             Delay type                Incr(ns)  Path(ns)    Netlist Resource(s)
  -------------------------------------------------------------------    -------------------
                         (clock clk_fpga_0 rise edge)
                                                      0.000     0.000 r  
    PS7_X0Y0             PS7                          0.000     0.000 r  u_block_design/design_1_i/processing_system7_0/inst/PS7_i/FCLKCLK[0]
                         net (fo=1, routed)           0.310     0.310    u_block_design/design_1_i/processing_system7_0/inst/FCLK_CLK_unbuffered[0]
    BUFGCTRL_X0Y16       BUFG (Prop_bufg_I_O)         0.026     0.336 r  u_block_design/design_1_i/processing_system7_0/inst/buffer_fclk_clk_0.FCLK_CLK_0_BUFG/O
                         net (fo=22237, routed)       0.564     0.900    snn_core_group_top/design_1_wrapper/design_1/design_1_axi_interconnect_hp0_0/s01_couplers_imp_12AUBLP/design_1_axi_interconnect_hp0_imp_auto_pc_1/design_1_axi_interconnect_hp0_imp_auto_pc_1_axi_protocol_converter_v2_1_37_axi_protocol_converter/design_1_axi_interconnect_hp0_imp_auto_pc_1_axi_protocol_converter_v2_1_37_axi3_conv/design_1_axi_interconnect_hp0_imp_auto_pc_1_axi_protocol_converter_v2_1_37_a_axi3_conv/design_1_axi_interconnect_hp0_imp_auto_pc_1_axi_data_fifo_v2_1_36_axic_fifo/design_1_axi_interconnect_hp0_imp_auto_pc_1_axi_data_fifo_v2_1_36_fifo_gen_1/<hidden>/<hidden>/<hidden>/<hidden>/<hidden>/<hidden>
    SLICE_X27Y70         FDCE                                         r  snn_core_group_top/design_1_wrapper/design_1/design_1_axi_interconnect_hp0_0/s01_couplers_imp_12AUBLP/design_1_axi_interconnect_hp0_imp_auto_pc_1/design_1_axi_interconnect_hp0_imp_auto_pc_1_axi_protocol_converter_v2_1_37_axi_protocol_converter/design_1_axi_interconnect_hp0_imp_auto_pc_1_axi_protocol_converter_v2_1_37_axi3_conv/design_1_axi_interconnect_hp0_imp_auto_pc_1_axi_protocol_converter_v2_1_37_a_axi3_conv/design_1_axi_interconnect_hp0_imp_auto_pc_1_axi_data_fifo_v2_1_36_axic_fifo/design_1_axi_interconnect_hp0_imp_auto_pc_1_axi_data_fifo_v2_1_36_fifo_gen_1/<hidden>/<hidden>/<hidden>/<hidden>/<hidden>/<hidden>
  -------------------------------------------------------------------    -------------------
    SLICE_X27Y70         FDCE (Prop_fdce_C_Q)         0.141     1.041 r  snn_core_group_top/design_1_wrapper/design_1/design_1_axi_interconnect_hp0_0/s01_couplers_imp_12AUBLP/design_1_axi_interconnect_hp0_imp_auto_pc_1/design_1_axi_interconnect_hp0_imp_auto_pc_1_axi_protocol_converter_v2_1_37_axi_protocol_converter/design_1_axi_interconnect_hp0_imp_auto_pc_1_axi_protocol_converter_v2_1_37_axi3_conv/design_1_axi_interconnect_hp0_imp_auto_pc_1_axi_protocol_converter_v2_1_37_a_axi3_conv/design_1_axi_interconnect_hp0_imp_auto_pc_1_axi_data_fifo_v2_1_36_axic_fifo/design_1_axi_interconnect_hp0_imp_auto_pc_1_axi_data_fifo_v2_1_36_fifo_gen_1/<hidden>/<hidden>/<hidden>/<hidden>/<hidden>/<hidden>
                         net (fo=10, routed)          0.092     1.133    snn_core_group_top/design_1_wrapper/design_1/design_1_axi_interconnect_hp0_0/s01_couplers_imp_12AUBLP/design_1_axi_interconnect_hp0_imp_auto_pc_1/design_1_axi_interconnect_hp0_imp_auto_pc_1_axi_protocol_converter_v2_1_37_axi_protocol_converter/design_1_axi_interconnect_hp0_imp_auto_pc_1_axi_protocol_converter_v2_1_37_axi3_conv/design_1_axi_interconnect_hp0_imp_auto_pc_1_axi_protocol_converter_v2_1_37_a_axi3_conv/design_1_axi_interconnect_hp0_imp_auto_pc_1_axi_data_fifo_v2_1_36_axic_fifo/design_1_axi_interconnect_hp0_imp_auto_pc_1_axi_data_fifo_v2_1_36_fifo_gen_1/<hidden>/<hidden>/<hidden>/<hidden>/<hidden>/<hidden>/<hidden>
    SLICE_X26Y70         RAMD32                                       r  snn_core_group_top/design_1_wrapper/design_1/design_1_axi_interconnect_hp0_0/s01_couplers_imp_12AUBLP/design_1_axi_interconnect_hp0_imp_auto_pc_1/design_1_axi_interconnect_hp0_imp_auto_pc_1_axi_protocol_converter_v2_1_37_axi_protocol_converter/design_1_axi_interconnect_hp0_imp_auto_pc_1_axi_protocol_converter_v2_1_37_axi3_conv/design_1_axi_interconnect_hp0_imp_auto_pc_1_axi_protocol_converter_v2_1_37_a_axi3_conv/design_1_axi_interconnect_hp0_imp_auto_pc_1_axi_data_fifo_v2_1_36_axic_fifo/design_1_axi_interconnect_hp0_imp_auto_pc_1_axi_data_fifo_v2_1_36_fifo_gen_1/<hidden>/<hidden>/<hidden>/<hidden>/<hidden>/<hidden>/<hidden>
  -------------------------------------------------------------------    -------------------

                         (clock clk_fpga_0 rise edge)
                                                      0.000     0.000 r  
    PS7_X0Y0             PS7                          0.000     0.000 r  u_block_design/design_1_i/processing_system7_0/inst/PS7_i/FCLKCLK[0]
                         net (fo=1, routed)           0.337     0.337    u_block_design/design_1_i/processing_system7_0/inst/FCLK_CLK_unbuffered[0]
    BUFGCTRL_X0Y16       BUFG (Prop_bufg_I_O)         0.029     0.366 r  u_block_design/design_1_i/processing_system7_0/inst/buffer_fclk_clk_0.FCLK_CLK_0_BUFG/O
                         net (fo=22237, routed)       0.832     1.198    snn_core_group_top/design_1_wrapper/design_1/design_1_axi_interconnect_hp0_0/s01_couplers_imp_12AUBLP/design_1_axi_interconnect_hp0_imp_auto_pc_1/design_1_axi_interconnect_hp0_imp_auto_pc_1_axi_protocol_converter_v2_1_37_axi_protocol_converter/design_1_axi_interconnect_hp0_imp_auto_pc_1_axi_protocol_converter_v2_1_37_axi3_conv/design_1_axi_interconnect_hp0_imp_auto_pc_1_axi_protocol_converter_v2_1_37_a_axi3_conv/design_1_axi_interconnect_hp0_imp_auto_pc_1_axi_data_fifo_v2_1_36_axic_fifo/design_1_axi_interconnect_hp0_imp_auto_pc_1_axi_data_fifo_v2_1_36_fifo_gen_1/<hidden>/<hidden>/<hidden>/<hidden>/<hidden>/<hidden>/<hidden>
    SLICE_X26Y70         RAMD32                                       r  snn_core_group_top/design_1_wrapper/design_1/design_1_axi_interconnect_hp0_0/s01_couplers_imp_12AUBLP/design_1_axi_interconnect_hp0_imp_auto_pc_1/design_1_axi_interconnect_hp0_imp_auto_pc_1_axi_protocol_converter_v2_1_37_axi_protocol_converter/design_1_axi_interconnect_hp0_imp_auto_pc_1_axi_protocol_converter_v2_1_37_axi3_conv/design_1_axi_interconnect_hp0_imp_auto_pc_1_axi_protocol_converter_v2_1_37_a_axi3_conv/design_1_axi_interconnect_hp0_imp_auto_pc_1_axi_data_fifo_v2_1_36_axic_fifo/design_1_axi_interconnect_hp0_imp_auto_pc_1_axi_data_fifo_v2_1_36_fifo_gen_1/<hidden>/<hidden>/<hidden>/<hidden>/<hidden>/<hidden>/<hidden>
                         clock pessimism             -0.285     0.913    
    SLICE_X26Y70         RAMD32 (Hold_ramd32_CLK_WADR4)
                                                      0.200     1.113    snn_core_group_top/design_1_wrapper/design_1/design_1_axi_interconnect_hp0_0/s01_couplers_imp_12AUBLP/design_1_axi_interconnect_hp0_imp_auto_pc_1/design_1_axi_interconnect_hp0_imp_auto_pc_1_axi_protocol_converter_v2_1_37_axi_protocol_converter/design_1_axi_interconnect_hp0_imp_auto_pc_1_axi_protocol_converter_v2_1_37_axi3_conv/design_1_axi_interconnect_hp0_imp_auto_pc_1_axi_protocol_converter_v2_1_37_a_axi3_conv/design_1_axi_interconnect_hp0_imp_auto_pc_1_axi_data_fifo_v2_1_36_axic_fifo/design_1_axi_interconnect_hp0_imp_auto_pc_1_axi_data_fifo_v2_1_36_fifo_gen_1/<hidden>/<hidden>/<hidden>/<hidden>/<hidden>/<hidden>/<hidden>
  -------------------------------------------------------------------
                         required time                         -1.113    
                         arrival time                           1.133    
  -------------------------------------------------------------------
                         slack                                  0.020    

Slack (MET) :             0.020ns  (arrival time - required time)
  Source:                 snn_core_group_top/design_1_wrapper/design_1/design_1_axi_interconnect_hp0_0/s01_couplers_imp_12AUBLP/design_1_axi_interconnect_hp0_imp_auto_pc_1/design_1_axi_interconnect_hp0_imp_auto_pc_1_axi_protocol_converter_v2_1_37_axi_protocol_converter/design_1_axi_interconnect_hp0_imp_auto_pc_1_axi_protocol_converter_v2_1_37_axi3_conv/design_1_axi_interconnect_hp0_imp_auto_pc_1_axi_protocol_converter_v2_1_37_a_axi3_conv/design_1_axi_interconnect_hp0_imp_auto_pc_1_axi_data_fifo_v2_1_36_axic_fifo/design_1_axi_interconnect_hp0_imp_auto_pc_1_axi_data_fifo_v2_1_36_fifo_gen_1/<hidden>/<hidden>/<hidden>/<hidden>/<hidden>/<hidden>
                            (rising edge-triggered cell FDCE clocked by clk_fpga_0  {rise@0.000ns fall@5.000ns period=10.000ns})
  Destination:            snn_core_group_top/design_1_wrapper/design_1/design_1_axi_interconnect_hp0_0/s01_couplers_imp_12AUBLP/design_1_axi_interconnect_hp0_imp_auto_pc_1/design_1_axi_interconnect_hp0_imp_auto_pc_1_axi_protocol_converter_v2_1_37_axi_protocol_converter/design_1_axi_interconnect_hp0_imp_auto_pc_1_axi_protocol_converter_v2_1_37_axi3_conv/design_1_axi_interconnect_hp0_imp_auto_pc_1_axi_protocol_converter_v2_1_37_a_axi3_conv/design_1_axi_interconnect_hp0_imp_auto_pc_1_axi_data_fifo_v2_1_36_axic_fifo/design_1_axi_interconnect_hp0_imp_auto_pc_1_axi_data_fifo_v2_1_36_fifo_gen_1/<hidden>/<hidden>/<hidden>/<hidden>/<hidden>/<hidden>/<hidden>
                            (rising edge-triggered cell RAMD32 clocked by clk_fpga_0  {rise@0.000ns fall@5.000ns period=10.000ns})
  Path Group:             clk_fpga_0
  Path Type:              Hold (Min at Fast Process Corner)
  Requirement:            0.000ns  (clk_fpga_0 rise@0.000ns - clk_fpga_0 rise@0.000ns)
  Data Path Delay:        0.233ns  (logic 0.141ns (60.453%)  route 0.092ns (39.547%))
  Logic Levels:           0  
  Clock Path Skew:        0.013ns (DCD - SCD - CPR)
    Destination Clock Delay (DCD):    1.198ns
    Source Clock Delay      (SCD):    0.900ns
    Clock Pessimism Removal (CPR):    0.285ns

    Location             Delay type                Incr(ns)  Path(ns)    Netlist Resource(s)
  -------------------------------------------------------------------    -------------------
                         (clock clk_fpga_0 rise edge)
                                                      0.000     0.000 r  
    PS7_X0Y0             PS7                          0.000     0.000 r  u_block_design/design_1_i/processing_system7_0/inst/PS7_i/FCLKCLK[0]
                         net (fo=1, routed)           0.310     0.310    u_block_design/design_1_i/processing_system7_0/inst/FCLK_CLK_unbuffered[0]
    BUFGCTRL_X0Y16       BUFG (Prop_bufg_I_O)         0.026     0.336 r  u_block_design/design_1_i/processing_system7_0/inst/buffer_fclk_clk_0.FCLK_CLK_0_BUFG/O
                         net (fo=22237, routed)       0.564     0.900    snn_core_group_top/design_1_wrapper/design_1/design_1_axi_interconnect_hp0_0/s01_couplers_imp_12AUBLP/design_1_axi_interconnect_hp0_imp_auto_pc_1/design_1_axi_interconnect_hp0_imp_auto_pc_1_axi_protocol_converter_v2_1_37_axi_protocol_converter/design_1_axi_interconnect_hp0_imp_auto_pc_1_axi_protocol_converter_v2_1_37_axi3_conv/design_1_axi_interconnect_hp0_imp_auto_pc_1_axi_protocol_converter_v2_1_37_a_axi3_conv/design_1_axi_interconnect_hp0_imp_auto_pc_1_axi_data_fifo_v2_1_36_axic_fifo/design_1_axi_interconnect_hp0_imp_auto_pc_1_axi_data_fifo_v2_1_36_fifo_gen_1/<hidden>/<hidden>/<hidden>/<hidden>/<hidden>/<hidden>
    SLICE_X27Y70         FDCE                                         r  snn_core_group_top/design_1_wrapper/design_1/design_1_axi_interconnect_hp0_0/s01_couplers_imp_12AUBLP/design_1_axi_interconnect_hp0_imp_auto_pc_1/design_1_axi_interconnect_hp0_imp_auto_pc_1_axi_protocol_converter_v2_1_37_axi_protocol_converter/design_1_axi_interconnect_hp0_imp_auto_pc_1_axi_protocol_converter_v2_1_37_axi3_conv/design_1_axi_interconnect_hp0_imp_auto_pc_1_axi_protocol_converter_v2_1_37_a_axi3_conv/design_1_axi_interconnect_hp0_imp_auto_pc_1_axi_data_fifo_v2_1_36_axic_fifo/design_1_axi_interconnect_hp0_imp_auto_pc_1_axi_data_fifo_v2_1_36_fifo_gen_1/<hidden>/<hidden>/<hidden>/<hidden>/<hidden>/<hidden>
  -------------------------------------------------------------------    -------------------
    SLICE_X27Y70         FDCE (Prop_fdce_C_Q)         0.141     1.041 r  snn_core_group_top/design_1_wrapper/design_1/design_1_axi_interconnect_hp0_0/s01_couplers_imp_12AUBLP/design_1_axi_interconnect_hp0_imp_auto_pc_1/design_1_axi_interconnect_hp0_imp_auto_pc_1_axi_protocol_converter_v2_1_37_axi_protocol_converter/design_1_axi_interconnect_hp0_imp_auto_pc_1_axi_protocol_converter_v2_1_37_axi3_conv/design_1_axi_interconnect_hp0_imp_auto_pc_1_axi_protocol_converter_v2_1_37_a_axi3_conv/design_1_axi_interconnect_hp0_imp_auto_pc_1_axi_data_fifo_v2_1_36_axic_fifo/design_1_axi_interconnect_hp0_imp_auto_pc_1_axi_data_fifo_v2_1_36_fifo_gen_1/<hidden>/<hidden>/<hidden>/<hidden>/<hidden>/<hidden>
                         net (fo=10, routed)          0.092     1.133    snn_core_group_top/design_1_wrapper/design_1/design_1_axi_interconnect_hp0_0/s01_couplers_imp_12AUBLP/design_1_axi_interconnect_hp0_imp_auto_pc_1/design_1_axi_interconnect_hp0_imp_auto_pc_1_axi_protocol_converter_v2_1_37_axi_protocol_converter/design_1_axi_interconnect_hp0_imp_auto_pc_1_axi_protocol_converter_v2_1_37_axi3_conv/design_1_axi_interconnect_hp0_imp_auto_pc_1_axi_protocol_converter_v2_1_37_a_axi3_conv/design_1_axi_interconnect_hp0_imp_auto_pc_1_axi_data_fifo_v2_1_36_axic_fifo/design_1_axi_interconnect_hp0_imp_auto_pc_1_axi_data_fifo_v2_1_36_fifo_gen_1/<hidden>/<hidden>/<hidden>/<hidden>/<hidden>/<hidden>/<hidden>
    SLICE_X26Y70         RAMD32                                       r  snn_core_group_top/design_1_wrapper/design_1/design_1_axi_interconnect_hp0_0/s01_couplers_imp_12AUBLP/design_1_axi_interconnect_hp0_imp_auto_pc_1/design_1_axi_interconnect_hp0_imp_auto_pc_1_axi_protocol_converter_v2_1_37_axi_protocol_converter/design_1_axi_interconnect_hp0_imp_auto_pc_1_axi_protocol_converter_v2_1_37_axi3_conv/design_1_axi_interconnect_hp0_imp_auto_pc_1_axi_protocol_converter_v2_1_37_a_axi3_conv/design_1_axi_interconnect_hp0_imp_auto_pc_1_axi_data_fifo_v2_1_36_axic_fifo/design_1_axi_interconnect_hp0_imp_auto_pc_1_axi_data_fifo_v2_1_36_fifo_gen_1/<hidden>/<hidden>/<hidden>/<hidden>/<hidden>/<hidden>/<hidden>
  -------------------------------------------------------------------    -------------------

                         (clock clk_fpga_0 rise edge)
                                                      0.000     0.000 r  
    PS7_X0Y0             PS7                          0.000     0.000 r  u_block_design/design_1_i/processing_system7_0/inst/PS7_i/FCLKCLK[0]
                         net (fo=1, routed)           0.337     0.337    u_block_design/design_1_i/processing_system7_0/inst/FCLK_CLK_unbuffered[0]
    BUFGCTRL_X0Y16       BUFG (Prop_bufg_I_O)         0.029     0.366 r  u_block_design/design_1_i/processing_system7_0/inst/buffer_fclk_clk_0.FCLK_CLK_0_BUFG/O
                         net (fo=22237, routed)       0.832     1.198    snn_core_group_top/design_1_wrapper/design_1/design_1_axi_interconnect_hp0_0/s01_couplers_imp_12AUBLP/design_1_axi_interconnect_hp0_imp_auto_pc_1/design_1_axi_interconnect_hp0_imp_auto_pc_1_axi_protocol_converter_v2_1_37_axi_protocol_converter/design_1_axi_interconnect_hp0_imp_auto_pc_1_axi_protocol_converter_v2_1_37_axi3_conv/design_1_axi_interconnect_hp0_imp_auto_pc_1_axi_protocol_converter_v2_1_37_a_axi3_conv/design_1_axi_interconnect_hp0_imp_auto_pc_1_axi_data_fifo_v2_1_36_axic_fifo/design_1_axi_interconnect_hp0_imp_auto_pc_1_axi_data_fifo_v2_1_36_fifo_gen_1/<hidden>/<hidden>/<hidden>/<hidden>/<hidden>/<hidden>/<hidden>
    SLICE_X26Y70         RAMD32                                       r  snn_core_group_top/design_1_wrapper/design_1/design_1_axi_interconnect_hp0_0/s01_couplers_imp_12AUBLP/design_1_axi_interconnect_hp0_imp_auto_pc_1/design_1_axi_interconnect_hp0_imp_auto_pc_1_axi_protocol_converter_v2_1_37_axi_protocol_converter/design_1_axi_interconnect_hp0_imp_auto_pc_1_axi_protocol_converter_v2_1_37_axi3_conv/design_1_axi_interconnect_hp0_imp_auto_pc_1_axi_protocol_converter_v2_1_37_a_axi3_conv/design_1_axi_interconnect_hp0_imp_auto_pc_1_axi_data_fifo_v2_1_36_axic_fifo/design_1_axi_interconnect_hp0_imp_auto_pc_1_axi_data_fifo_v2_1_36_fifo_gen_1/<hidden>/<hidden>/<hidden>/<hidden>/<hidden>/<hidden>/<hidden>
                         clock pessimism             -0.285     0.913    
    SLICE_X26Y70         RAMD32 (Hold_ramd32_CLK_WADR4)
                                                      0.200     1.113    snn_core_group_top/design_1_wrapper/design_1/design_1_axi_interconnect_hp0_0/s01_couplers_imp_12AUBLP/design_1_axi_interconnect_hp0_imp_auto_pc_1/design_1_axi_interconnect_hp0_imp_auto_pc_1_axi_protocol_converter_v2_1_37_axi_protocol_converter/design_1_axi_interconnect_hp0_imp_auto_pc_1_axi_protocol_converter_v2_1_37_axi3_conv/design_1_axi_interconnect_hp0_imp_auto_pc_1_axi_protocol_converter_v2_1_37_a_axi3_conv/design_1_axi_interconnect_hp0_imp_auto_pc_1_axi_data_fifo_v2_1_36_axic_fifo/design_1_axi_interconnect_hp0_imp_auto_pc_1_axi_data_fifo_v2_1_36_fifo_gen_1/<hidden>/<hidden>/<hidden>/<hidden>/<hidden>/<hidden>/<hidden>
  -------------------------------------------------------------------
                         required time                         -1.113    
                         arrival time                           1.133    
  -------------------------------------------------------------------
                         slack                                  0.020    

Slack (MET) :             0.020ns  (arrival time - required time)
  Source:                 snn_core_group_top/design_1_wrapper/design_1/design_1_axi_interconnect_hp0_0/s01_couplers_imp_12AUBLP/design_1_axi_interconnect_hp0_imp_auto_pc_1/design_1_axi_interconnect_hp0_imp_auto_pc_1_axi_protocol_converter_v2_1_37_axi_protocol_converter/design_1_axi_interconnect_hp0_imp_auto_pc_1_axi_protocol_converter_v2_1_37_axi3_conv/design_1_axi_interconnect_hp0_imp_auto_pc_1_axi_protocol_converter_v2_1_37_a_axi3_conv/design_1_axi_interconnect_hp0_imp_auto_pc_1_axi_data_fifo_v2_1_36_axic_fifo/design_1_axi_interconnect_hp0_imp_auto_pc_1_axi_data_fifo_v2_1_36_fifo_gen_1/<hidden>/<hidden>/<hidden>/<hidden>/<hidden>/<hidden>
                            (rising edge-triggered cell FDCE clocked by clk_fpga_0  {rise@0.000ns fall@5.000ns period=10.000ns})
  Destination:            snn_core_group_top/design_1_wrapper/design_1/design_1_axi_interconnect_hp0_0/s01_couplers_imp_12AUBLP/design_1_axi_interconnect_hp0_imp_auto_pc_1/design_1_axi_interconnect_hp0_imp_auto_pc_1_axi_protocol_converter_v2_1_37_axi_protocol_converter/design_1_axi_interconnect_hp0_imp_auto_pc_1_axi_protocol_converter_v2_1_37_axi3_conv/design_1_axi_interconnect_hp0_imp_auto_pc_1_axi_protocol_converter_v2_1_37_a_axi3_conv/design_1_axi_interconnect_hp0_imp_auto_pc_1_axi_data_fifo_v2_1_36_axic_fifo/design_1_axi_interconnect_hp0_imp_auto_pc_1_axi_data_fifo_v2_1_36_fifo_gen_1/<hidden>/<hidden>/<hidden>/<hidden>/<hidden>/<hidden>/<hidden>
                            (rising edge-triggered cell RAMS32 clocked by clk_fpga_0  {rise@0.000ns fall@5.000ns period=10.000ns})
  Path Group:             clk_fpga_0
  Path Type:              Hold (Min at Fast Process Corner)
  Requirement:            0.000ns  (clk_fpga_0 rise@0.000ns - clk_fpga_0 rise@0.000ns)
  Data Path Delay:        0.233ns  (logic 0.141ns (60.453%)  route 0.092ns (39.547%))
  Logic Levels:           0  
  Clock Path Skew:        0.013ns (DCD - SCD - CPR)
    Destination Clock Delay (DCD):    1.198ns
    Source Clock Delay      (SCD):    0.900ns
    Clock Pessimism Removal (CPR):    0.285ns

    Location             Delay type                Incr(ns)  Path(ns)    Netlist Resource(s)
  -------------------------------------------------------------------    -------------------
                         (clock clk_fpga_0 rise edge)
                                                      0.000     0.000 r  
    PS7_X0Y0             PS7                          0.000     0.000 r  u_block_design/design_1_i/processing_system7_0/inst/PS7_i/FCLKCLK[0]
                         net (fo=1, routed)           0.310     0.310    u_block_design/design_1_i/processing_system7_0/inst/FCLK_CLK_unbuffered[0]
    BUFGCTRL_X0Y16       BUFG (Prop_bufg_I_O)         0.026     0.336 r  u_block_design/design_1_i/processing_system7_0/inst/buffer_fclk_clk_0.FCLK_CLK_0_BUFG/O
                         net (fo=22237, routed)       0.564     0.900    snn_core_group_top/design_1_wrapper/design_1/design_1_axi_interconnect_hp0_0/s01_couplers_imp_12AUBLP/design_1_axi_interconnect_hp0_imp_auto_pc_1/design_1_axi_interconnect_hp0_imp_auto_pc_1_axi_protocol_converter_v2_1_37_axi_protocol_converter/design_1_axi_interconnect_hp0_imp_auto_pc_1_axi_protocol_converter_v2_1_37_axi3_conv/design_1_axi_interconnect_hp0_imp_auto_pc_1_axi_protocol_converter_v2_1_37_a_axi3_conv/design_1_axi_interconnect_hp0_imp_auto_pc_1_axi_data_fifo_v2_1_36_axic_fifo/design_1_axi_interconnect_hp0_imp_auto_pc_1_axi_data_fifo_v2_1_36_fifo_gen_1/<hidden>/<hidden>/<hidden>/<hidden>/<hidden>/<hidden>
    SLICE_X27Y70         FDCE                                         r  snn_core_group_top/design_1_wrapper/design_1/design_1_axi_interconnect_hp0_0/s01_couplers_imp_12AUBLP/design_1_axi_interconnect_hp0_imp_auto_pc_1/design_1_axi_interconnect_hp0_imp_auto_pc_1_axi_protocol_converter_v2_1_37_axi_protocol_converter/design_1_axi_interconnect_hp0_imp_auto_pc_1_axi_protocol_converter_v2_1_37_axi3_conv/design_1_axi_interconnect_hp0_imp_auto_pc_1_axi_protocol_converter_v2_1_37_a_axi3_conv/design_1_axi_interconnect_hp0_imp_auto_pc_1_axi_data_fifo_v2_1_36_axic_fifo/design_1_axi_interconnect_hp0_imp_auto_pc_1_axi_data_fifo_v2_1_36_fifo_gen_1/<hidden>/<hidden>/<hidden>/<hidden>/<hidden>/<hidden>
  -------------------------------------------------------------------    -------------------
    SLICE_X27Y70         FDCE (Prop_fdce_C_Q)         0.141     1.041 r  snn_core_group_top/design_1_wrapper/design_1/design_1_axi_interconnect_hp0_0/s01_couplers_imp_12AUBLP/design_1_axi_interconnect_hp0_imp_auto_pc_1/design_1_axi_interconnect_hp0_imp_auto_pc_1_axi_protocol_converter_v2_1_37_axi_protocol_converter/design_1_axi_interconnect_hp0_imp_auto_pc_1_axi_protocol_converter_v2_1_37_axi3_conv/design_1_axi_interconnect_hp0_imp_auto_pc_1_axi_protocol_converter_v2_1_37_a_axi3_conv/design_1_axi_interconnect_hp0_imp_auto_pc_1_axi_data_fifo_v2_1_36_axic_fifo/design_1_axi_interconnect_hp0_imp_auto_pc_1_axi_data_fifo_v2_1_36_fifo_gen_1/<hidden>/<hidden>/<hidden>/<hidden>/<hidden>/<hidden>
                         net (fo=10, routed)          0.092     1.133    snn_core_group_top/design_1_wrapper/design_1/design_1_axi_interconnect_hp0_0/s01_couplers_imp_12AUBLP/design_1_axi_interconnect_hp0_imp_auto_pc_1/design_1_axi_interconnect_hp0_imp_auto_pc_1_axi_protocol_converter_v2_1_37_axi_protocol_converter/design_1_axi_interconnect_hp0_imp_auto_pc_1_axi_protocol_converter_v2_1_37_axi3_conv/design_1_axi_interconnect_hp0_imp_auto_pc_1_axi_protocol_converter_v2_1_37_a_axi3_conv/design_1_axi_interconnect_hp0_imp_auto_pc_1_axi_data_fifo_v2_1_36_axic_fifo/design_1_axi_interconnect_hp0_imp_auto_pc_1_axi_data_fifo_v2_1_36_fifo_gen_1/<hidden>/<hidden>/<hidden>/<hidden>/<hidden>/<hidden>/<hidden>
    SLICE_X26Y70         RAMS32                                       r  snn_core_group_top/design_1_wrapper/design_1/design_1_axi_interconnect_hp0_0/s01_couplers_imp_12AUBLP/design_1_axi_interconnect_hp0_imp_auto_pc_1/design_1_axi_interconnect_hp0_imp_auto_pc_1_axi_protocol_converter_v2_1_37_axi_protocol_converter/design_1_axi_interconnect_hp0_imp_auto_pc_1_axi_protocol_converter_v2_1_37_axi3_conv/design_1_axi_interconnect_hp0_imp_auto_pc_1_axi_protocol_converter_v2_1_37_a_axi3_conv/design_1_axi_interconnect_hp0_imp_auto_pc_1_axi_data_fifo_v2_1_36_axic_fifo/design_1_axi_interconnect_hp0_imp_auto_pc_1_axi_data_fifo_v2_1_36_fifo_gen_1/<hidden>/<hidden>/<hidden>/<hidden>/<hidden>/<hidden>/<hidden>
  -------------------------------------------------------------------    -------------------

                         (clock clk_fpga_0 rise edge)
                                                      0.000     0.000 r  
    PS7_X0Y0             PS7                          0.000     0.000 r  u_block_design/design_1_i/processing_system7_0/inst/PS7_i/FCLKCLK[0]
                         net (fo=1, routed)           0.337     0.337    u_block_design/design_1_i/processing_system7_0/inst/FCLK_CLK_unbuffered[0]
    BUFGCTRL_X0Y16       BUFG (Prop_bufg_I_O)         0.029     0.366 r  u_block_design/design_1_i/processing_system7_0/inst/buffer_fclk_clk_0.FCLK_CLK_0_BUFG/O
                         net (fo=22237, routed)       0.832     1.198    snn_core_group_top/design_1_wrapper/design_1/design_1_axi_interconnect_hp0_0/s01_couplers_imp_12AUBLP/design_1_axi_interconnect_hp0_imp_auto_pc_1/design_1_axi_interconnect_hp0_imp_auto_pc_1_axi_protocol_converter_v2_1_37_axi_protocol_converter/design_1_axi_interconnect_hp0_imp_auto_pc_1_axi_protocol_converter_v2_1_37_axi3_conv/design_1_axi_interconnect_hp0_imp_auto_pc_1_axi_protocol_converter_v2_1_37_a_axi3_conv/design_1_axi_interconnect_hp0_imp_auto_pc_1_axi_data_fifo_v2_1_36_axic_fifo/design_1_axi_interconnect_hp0_imp_auto_pc_1_axi_data_fifo_v2_1_36_fifo_gen_1/<hidden>/<hidden>/<hidden>/<hidden>/<hidden>/<hidden>/<hidden>
    SLICE_X26Y70         RAMS32                                       r  snn_core_group_top/design_1_wrapper/design_1/design_1_axi_interconnect_hp0_0/s01_couplers_imp_12AUBLP/design_1_axi_interconnect_hp0_imp_auto_pc_1/design_1_axi_interconnect_hp0_imp_auto_pc_1_axi_protocol_converter_v2_1_37_axi_protocol_converter/design_1_axi_interconnect_hp0_imp_auto_pc_1_axi_protocol_converter_v2_1_37_axi3_conv/design_1_axi_interconnect_hp0_imp_auto_pc_1_axi_protocol_converter_v2_1_37_a_axi3_conv/design_1_axi_interconnect_hp0_imp_auto_pc_1_axi_data_fifo_v2_1_36_axic_fifo/design_1_axi_interconnect_hp0_imp_auto_pc_1_axi_data_fifo_v2_1_36_fifo_gen_1/<hidden>/<hidden>/<hidden>/<hidden>/<hidden>/<hidden>/<hidden>
                         clock pessimism             -0.285     0.913    
    SLICE_X26Y70         RAMS32 (Hold_rams32_CLK_ADR4)
                                                      0.200     1.113    snn_core_group_top/design_1_wrapper/design_1/design_1_axi_interconnect_hp0_0/s01_couplers_imp_12AUBLP/design_1_axi_interconnect_hp0_imp_auto_pc_1/design_1_axi_interconnect_hp0_imp_auto_pc_1_axi_protocol_converter_v2_1_37_axi_protocol_converter/design_1_axi_interconnect_hp0_imp_auto_pc_1_axi_protocol_converter_v2_1_37_axi3_conv/design_1_axi_interconnect_hp0_imp_auto_pc_1_axi_protocol_converter_v2_1_37_a_axi3_conv/design_1_axi_interconnect_hp0_imp_auto_pc_1_axi_data_fifo_v2_1_36_axic_fifo/design_1_axi_interconnect_hp0_imp_auto_pc_1_axi_data_fifo_v2_1_36_fifo_gen_1/<hidden>/<hidden>/<hidden>/<hidden>/<hidden>/<hidden>/<hidden>
  -------------------------------------------------------------------
                         required time                         -1.113    
                         arrival time                           1.133    
  -------------------------------------------------------------------
                         slack                                  0.020    





Pulse Width Checks
--------------------------------------------------------------------------------------
Clock Name:         clk_fpga_0
Waveform(ns):       { 0.000 5.000 }
Period(ns):         10.000
Sources:            { u_block_design/design_1_i/processing_system7_0/inst/PS7_i/FCLKCLK[0] }

Check Type        Corner  Lib Pin             Reference Pin  Required(ns)  Actual(ns)  Slack(ns)  Location      Pin
Min Period        n/a     DSP48E1/CLK         n/a            3.884         10.000      6.116      DSP48_X2Y14   u_block_design/design_1_i/snn_top_hls_0/inst/grp_apply_rstdp_reward_fu_4107/grp_apply_rstdp_reward_Pipeline_RSTDP_INNER_fu_205/mul_8s_8s_16_3_1_U684/buff0_reg/CLK
Min Period        n/a     DSP48E1/CLK         n/a            3.884         10.000      6.116      DSP48_X3Y20   u_block_design/design_1_i/snn_top_hls_0/inst/grp_decay_all_traces_fu_2857/grp_decay_all_traces_Pipeline_DECAY_POST_TRACE_fu_36/mul_8ns_8ns_16_3_1_U57/buff0_reg/CLK
Min Period        n/a     DSP48E1/CLK         n/a            3.884         10.000      6.116      DSP48_X3Y18   u_block_design/design_1_i/snn_top_hls_0/inst/grp_decay_all_traces_fu_2857/grp_decay_all_traces_Pipeline_DECAY_PRE_TRACE_fu_28/mul_8ns_8ns_16_3_1_U53/buff0_reg/CLK
Min Period        n/a     DSP48E1/CLK         n/a            3.884         10.000      6.116      DSP48_X0Y8    u_block_design/design_1_i/snn_top_hls_0/inst/mul_10ns_12ns_21_1_1_U748/tmp_product/CLK
Min Period        n/a     RAMB18E1/CLKARDCLK  n/a            2.944         10.000      7.056      RAMB18_X5Y26  gen_core_groups[0].u_core_group/neuron_state_mem_reg/CLKARDCLK
Min Period        n/a     RAMB18E1/CLKBWRCLK  n/a            2.944         10.000      7.056      RAMB18_X5Y26  gen_core_groups[0].u_core_group/neuron_state_mem_reg/CLKBWRCLK
Min Period        n/a     RAMB18E1/CLKARDCLK  n/a            2.944         10.000      7.056      RAMB18_X4Y24  gen_core_groups[1].u_core_group/neuron_state_mem_reg/CLKARDCLK
Min Period        n/a     RAMB18E1/CLKBWRCLK  n/a            2.944         10.000      7.056      RAMB18_X4Y24  gen_core_groups[1].u_core_group/neuron_state_mem_reg/CLKBWRCLK
Min Period        n/a     RAMB18E1/CLKARDCLK  n/a            2.944         10.000      7.056      RAMB18_X4Y28  gen_core_groups[2].u_core_group/neuron_state_mem_reg/CLKARDCLK
Min Period        n/a     RAMB18E1/CLKBWRCLK  n/a            2.944         10.000      7.056      RAMB18_X4Y28  gen_core_groups[2].u_core_group/neuron_state_mem_reg/CLKBWRCLK
Low Pulse Width   Slow    RAMD64E/CLK         n/a            1.250         5.000       3.750      SLICE_X82Y66  gen_core_groups[0].u_core_group/spike_fifo_reg_0_63_0_2/RAMA/CLK
Low Pulse Width   Fast    RAMD64E/CLK         n/a            1.250         5.000       3.750      SLICE_X82Y66  gen_core_groups[0].u_core_group/spike_fifo_reg_0_63_0_2/RAMA/CLK
Low Pulse Width   Slow    RAMD64E/CLK         n/a            1.250         5.000       3.750      SLICE_X82Y66  gen_core_groups[0].u_core_group/spike_fifo_reg_0_63_0_2/RAMB/CLK
Low Pulse Width   Fast    RAMD64E/CLK         n/a            1.250         5.000       3.750      SLICE_X82Y66  gen_core_groups[0].u_core_group/spike_fifo_reg_0_63_0_2/RAMB/CLK
Low Pulse Width   Slow    RAMD64E/CLK         n/a            1.250         5.000       3.750      SLICE_X82Y66  gen_core_groups[0].u_core_group/spike_fifo_reg_0_63_0_2/RAMC/CLK
Low Pulse Width   Fast    RAMD64E/CLK         n/a            1.250         5.000       3.750      SLICE_X82Y66  gen_core_groups[0].u_core_group/spike_fifo_reg_0_63_0_2/RAMC/CLK
Low Pulse Width   Slow    RAMD64E/CLK         n/a            1.250         5.000       3.750      SLICE_X82Y66  gen_core_groups[0].u_core_group/spike_fifo_reg_0_63_0_2/RAMD/CLK
Low Pulse Width   Fast    RAMD64E/CLK         n/a            1.250         5.000       3.750      SLICE_X82Y66  gen_core_groups[0].u_core_group/spike_fifo_reg_0_63_0_2/RAMD/CLK
Low Pulse Width   Slow    RAMD64E/CLK         n/a            1.250         5.000       3.750      SLICE_X86Y66  gen_core_groups[0].u_core_group/spike_fifo_reg_0_63_12_14/RAMA/CLK
Low Pulse Width   Fast    RAMD64E/CLK         n/a            1.250         5.000       3.750      SLICE_X86Y66  gen_core_groups[0].u_core_group/spike_fifo_reg_0_63_12_14/RAMA/CLK
High Pulse Width  Slow    RAMD64E/CLK         n/a            1.250         5.000       3.750      SLICE_X82Y66  gen_core_groups[0].u_core_group/spike_fifo_reg_0_63_0_2/RAMA/CLK
High Pulse Width  Fast    RAMD64E/CLK         n/a            1.250         5.000       3.750      SLICE_X82Y66  gen_core_groups[0].u_core_group/spike_fifo_reg_0_63_0_2/RAMA/CLK
High Pulse Width  Slow    RAMD64E/CLK         n/a            1.250         5.000       3.750      SLICE_X82Y66  gen_core_groups[0].u_core_group/spike_fifo_reg_0_63_0_2/RAMB/CLK
High Pulse Width  Fast    RAMD64E/CLK         n/a            1.250         5.000       3.750      SLICE_X82Y66  gen_core_groups[0].u_core_group/spike_fifo_reg_0_63_0_2/RAMB/CLK
High Pulse Width  Slow    RAMD64E/CLK         n/a            1.250         5.000       3.750      SLICE_X82Y66  gen_core_groups[0].u_core_group/spike_fifo_reg_0_63_0_2/RAMC/CLK
High Pulse Width  Fast    RAMD64E/CLK         n/a            1.250         5.000       3.750      SLICE_X82Y66  gen_core_groups[0].u_core_group/spike_fifo_reg_0_63_0_2/RAMC/CLK
High Pulse Width  Slow    RAMD64E/CLK         n/a            1.250         5.000       3.750      SLICE_X82Y66  gen_core_groups[0].u_core_group/spike_fifo_reg_0_63_0_2/RAMD/CLK
High Pulse Width  Fast    RAMD64E/CLK         n/a            1.250         5.000       3.750      SLICE_X82Y66  gen_core_groups[0].u_core_group/spike_fifo_reg_0_63_0_2/RAMD/CLK
High Pulse Width  Slow    RAMD64E/CLK         n/a            1.250         5.000       3.750      SLICE_X86Y66  gen_core_groups[0].u_core_group/spike_fifo_reg_0_63_12_14/RAMA/CLK
High Pulse Width  Fast    RAMD64E/CLK         n/a            1.250         5.000       3.750      SLICE_X86Y66  gen_core_groups[0].u_core_group/spike_fifo_reg_0_63_12_14/RAMA/CLK



---------------------------------------------------------------------------------------------------
Path Group:  **async_default**
From Clock:  clk_fpga_0
  To Clock:  clk_fpga_0

Setup :            0  Failing Endpoints,  Worst Slack        6.635ns,  Total Violation        0.000ns
Hold  :            0  Failing Endpoints,  Worst Slack        0.536ns,  Total Violation        0.000ns
---------------------------------------------------------------------------------------------------


Max Delay Paths
--------------------------------------------------------------------------------------
Slack (MET) :             6.635ns  (required time - arrival time)
  Source:                 snn_core_group_top/design_1_wrapper/design_1/design_1_axi_interconnect_hp0_0/s03_couplers_imp_13X28CE/design_1_axi_interconnect_hp0_imp_auto_pc_3/design_1_axi_interconnect_hp0_imp_auto_pc_3_axi_protocol_converter_v2_1_37_axi_protocol_converter/design_1_axi_interconnect_hp0_imp_auto_pc_3_axi_protocol_converter_v2_1_37_axi3_conv/design_1_axi_interconnect_hp0_imp_auto_pc_3_axi_protocol_converter_v2_1_37_a_axi3_conv/design_1_axi_interconnect_hp0_imp_auto_pc_3_axi_data_fifo_v2_1_36_axic_fifo_0/design_1_axi_interconnect_hp0_imp_auto_pc_3_axi_data_fifo_v2_1_36_fifo_gen/<hidden>/<hidden>/<hidden>/<hidden>/<hidden>/<hidden>
                            (rising edge-triggered cell FDPE clocked by clk_fpga_0  {rise@0.000ns fall@5.000ns period=10.000ns})
  Destination:            snn_core_group_top/design_1_wrapper/design_1/design_1_axi_interconnect_hp0_0/s03_couplers_imp_13X28CE/design_1_axi_interconnect_hp0_imp_auto_pc_3/design_1_axi_interconnect_hp0_imp_auto_pc_3_axi_protocol_converter_v2_1_37_axi_protocol_converter/design_1_axi_interconnect_hp0_imp_auto_pc_3_axi_protocol_converter_v2_1_37_axi3_conv/design_1_axi_interconnect_hp0_imp_auto_pc_3_axi_protocol_converter_v2_1_37_a_axi3_conv/design_1_axi_interconnect_hp0_imp_auto_pc_3_axi_data_fifo_v2_1_36_axic_fifo_0/design_1_axi_interconnect_hp0_imp_auto_pc_3_axi_data_fifo_v2_1_36_fifo_gen/<hidden>/<hidden>/<hidden>/<hidden>/<hidden>/<hidden>
                            (recovery check against rising-edge clock clk_fpga_0  {rise@0.000ns fall@5.000ns period=10.000ns})
  Path Group:             **async_default**
  Path Type:              Recovery (Max at Slow Process Corner)
  Requirement:            10.000ns  (clk_fpga_0 rise@10.000ns - clk_fpga_0 rise@0.000ns)
  Data Path Delay:        2.757ns  (logic 0.715ns (25.930%)  route 2.042ns (74.070%))
  Logic Levels:           1  (LUT3=1)
  Clock Path Skew:        -0.048ns (DCD - SCD + CPR)
    Destination Clock Delay (DCD):    2.694ns = ( 12.694 - 10.000 ) 
    Source Clock Delay      (SCD):    2.971ns
    Clock Pessimism Removal (CPR):    0.229ns
  Clock Uncertainty:      0.154ns  ((TSJ^2 + TIJ^2)^1/2 + DJ) / 2 + PE
    Total System Jitter     (TSJ):    0.071ns
    Total Input Jitter      (TIJ):    0.300ns
    Discrete Jitter          (DJ):    0.000ns
    Phase Error              (PE):    0.000ns

    Location             Delay type                Incr(ns)  Path(ns)    Netlist Resource(s)
  -------------------------------------------------------------------    -------------------
                         (clock clk_fpga_0 rise edge)
                                                      0.000     0.000 r  
    PS7_X0Y0             PS7                          0.000     0.000 r  u_block_design/design_1_i/processing_system7_0/inst/PS7_i/FCLKCLK[0]
                         net (fo=1, routed)           1.193     1.193    u_block_design/design_1_i/processing_system7_0/inst/FCLK_CLK_unbuffered[0]
    BUFGCTRL_X0Y16       BUFG (Prop_bufg_I_O)         0.101     1.294 r  u_block_design/design_1_i/processing_system7_0/inst/buffer_fclk_clk_0.FCLK_CLK_0_BUFG/O
                         net (fo=22237, routed)       1.677     2.971    snn_core_group_top/design_1_wrapper/design_1/design_1_axi_interconnect_hp0_0/s03_couplers_imp_13X28CE/design_1_axi_interconnect_hp0_imp_auto_pc_3/design_1_axi_interconnect_hp0_imp_auto_pc_3_axi_protocol_converter_v2_1_37_axi_protocol_converter/design_1_axi_interconnect_hp0_imp_auto_pc_3_axi_protocol_converter_v2_1_37_axi3_conv/design_1_axi_interconnect_hp0_imp_auto_pc_3_axi_protocol_converter_v2_1_37_a_axi3_conv/design_1_axi_interconnect_hp0_imp_auto_pc_3_axi_data_fifo_v2_1_36_axic_fifo_0/design_1_axi_interconnect_hp0_imp_auto_pc_3_axi_data_fifo_v2_1_36_fifo_gen/<hidden>/<hidden>/<hidden>/<hidden>/<hidden>/<hidden>
    SLICE_X27Y76         FDPE                                         r  snn_core_group_top/design_1_wrapper/design_1/design_1_axi_interconnect_hp0_0/s03_couplers_imp_13X28CE/design_1_axi_interconnect_hp0_imp_auto_pc_3/design_1_axi_interconnect_hp0_imp_auto_pc_3_axi_protocol_converter_v2_1_37_axi_protocol_converter/design_1_axi_interconnect_hp0_imp_auto_pc_3_axi_protocol_converter_v2_1_37_axi3_conv/design_1_axi_interconnect_hp0_imp_auto_pc_3_axi_protocol_converter_v2_1_37_a_axi3_conv/design_1_axi_interconnect_hp0_imp_auto_pc_3_axi_data_fifo_v2_1_36_axic_fifo_0/design_1_axi_interconnect_hp0_imp_auto_pc_3_axi_data_fifo_v2_1_36_fifo_gen/<hidden>/<hidden>/<hidden>/<hidden>/<hidden>/<hidden>
  -------------------------------------------------------------------    -------------------
    SLICE_X27Y76         FDPE (Prop_fdpe_C_Q)         0.419     3.390 f  snn_core_group_top/design_1_wrapper/design_1/design_1_axi_interconnect_hp0_0/s03_couplers_imp_13X28CE/design_1_axi_interconnect_hp0_imp_auto_pc_3/design_1_axi_interconnect_hp0_imp_auto_pc_3_axi_protocol_converter_v2_1_37_axi_protocol_converter/design_1_axi_interconnect_hp0_imp_auto_pc_3_axi_protocol_converter_v2_1_37_axi3_conv/design_1_axi_interconnect_hp0_imp_auto_pc_3_axi_protocol_converter_v2_1_37_a_axi3_conv/design_1_axi_interconnect_hp0_imp_auto_pc_3_axi_data_fifo_v2_1_36_axic_fifo_0/design_1_axi_interconnect_hp0_imp_auto_pc_3_axi_data_fifo_v2_1_36_fifo_gen/<hidden>/<hidden>/<hidden>/<hidden>/<hidden>/<hidden>
                         net (fo=3, routed)           1.212     4.602    snn_core_group_top/design_1_wrapper/design_1/design_1_axi_interconnect_hp0_0/s03_couplers_imp_13X28CE/design_1_axi_interconnect_hp0_imp_auto_pc_3/design_1_axi_interconnect_hp0_imp_auto_pc_3_axi_protocol_converter_v2_1_37_axi_protocol_converter/design_1_axi_interconnect_hp0_imp_auto_pc_3_axi_protocol_converter_v2_1_37_axi3_conv/design_1_axi_interconnect_hp0_imp_auto_pc_3_axi_protocol_converter_v2_1_37_a_axi3_conv/design_1_axi_interconnect_hp0_imp_auto_pc_3_axi_data_fifo_v2_1_36_axic_fifo_0/design_1_axi_interconnect_hp0_imp_auto_pc_3_axi_data_fifo_v2_1_36_fifo_gen/<hidden>/<hidden>/<hidden>/<hidden>/<hidden>
    SLICE_X27Y82         LUT3 (Prop_lut3_I2_O)        0.296     4.898 f  snn_core_group_top/design_1_wrapper/design_1/design_1_axi_interconnect_hp0_0/s03_couplers_imp_13X28CE/design_1_axi_interconnect_hp0_imp_auto_pc_3/design_1_axi_interconnect_hp0_imp_auto_pc_3_axi_protocol_converter_v2_1_37_axi_protocol_converter/design_1_axi_interconnect_hp0_imp_auto_pc_3_axi_protocol_converter_v2_1_37_axi3_conv/design_1_axi_interconnect_hp0_imp_auto_pc_3_axi_protocol_converter_v2_1_37_a_axi3_conv/design_1_axi_interconnect_hp0_imp_auto_pc_3_axi_data_fifo_v2_1_36_axic_fifo_0/design_1_axi_interconnect_hp0_imp_auto_pc_3_axi_data_fifo_v2_1_36_fifo_gen/<hidden>/<hidden>/<hidden>/<hidden>/<hidden>
                         net (fo=32, routed)          0.831     5.728    snn_core_group_top/design_1_wrapper/design_1/design_1_axi_interconnect_hp0_0/s03_couplers_imp_13X28CE/design_1_axi_interconnect_hp0_imp_auto_pc_3/design_1_axi_interconnect_hp0_imp_auto_pc_3_axi_protocol_converter_v2_1_37_axi_protocol_converter/design_1_axi_interconnect_hp0_imp_auto_pc_3_axi_protocol_converter_v2_1_37_axi3_conv/design_1_axi_interconnect_hp0_imp_auto_pc_3_axi_protocol_converter_v2_1_37_a_axi3_conv/design_1_axi_interconnect_hp0_imp_auto_pc_3_axi_data_fifo_v2_1_36_axic_fifo_0/design_1_axi_interconnect_hp0_imp_auto_pc_3_axi_data_fifo_v2_1_36_fifo_gen/<hidden>/<hidden>/<hidden>/<hidden>/<hidden>/<hidden>
    SLICE_X28Y81         FDCE                                         f  snn_core_group_top/design_1_wrapper/design_1/design_1_axi_interconnect_hp0_0/s03_couplers_imp_13X28CE/design_1_axi_interconnect_hp0_imp_auto_pc_3/design_1_axi_interconnect_hp0_imp_auto_pc_3_axi_protocol_converter_v2_1_37_axi_protocol_converter/design_1_axi_interconnect_hp0_imp_auto_pc_3_axi_protocol_converter_v2_1_37_axi3_conv/design_1_axi_interconnect_hp0_imp_auto_pc_3_axi_protocol_converter_v2_1_37_a_axi3_conv/design_1_axi_interconnect_hp0_imp_auto_pc_3_axi_data_fifo_v2_1_36_axic_fifo_0/design_1_axi_interconnect_hp0_imp_auto_pc_3_axi_data_fifo_v2_1_36_fifo_gen/<hidden>/<hidden>/<hidden>/<hidden>/<hidden>/<hidden>
  -------------------------------------------------------------------    -------------------

                         (clock clk_fpga_0 rise edge)
                                                     10.000    10.000 r  
    PS7_X0Y0             PS7                          0.000    10.000 r  u_block_design/design_1_i/processing_system7_0/inst/PS7_i/FCLKCLK[0]
                         net (fo=1, routed)           1.088    11.088    u_block_design/design_1_i/processing_system7_0/inst/FCLK_CLK_unbuffered[0]
    BUFGCTRL_X0Y16       BUFG (Prop_bufg_I_O)         0.091    11.179 r  u_block_design/design_1_i/processing_system7_0/inst/buffer_fclk_clk_0.FCLK_CLK_0_BUFG/O
                         net (fo=22237, routed)       1.515    12.694    snn_core_group_top/design_1_wrapper/design_1/design_1_axi_interconnect_hp0_0/s03_couplers_imp_13X28CE/design_1_axi_interconnect_hp0_imp_auto_pc_3/design_1_axi_interconnect_hp0_imp_auto_pc_3_axi_protocol_converter_v2_1_37_axi_protocol_converter/design_1_axi_interconnect_hp0_imp_auto_pc_3_axi_protocol_converter_v2_1_37_axi3_conv/design_1_axi_interconnect_hp0_imp_auto_pc_3_axi_protocol_converter_v2_1_37_a_axi3_conv/design_1_axi_interconnect_hp0_imp_auto_pc_3_axi_data_fifo_v2_1_36_axic_fifo_0/design_1_axi_interconnect_hp0_imp_auto_pc_3_axi_data_fifo_v2_1_36_fifo_gen/<hidden>/<hidden>/<hidden>/<hidden>/<hidden>/<hidden>
    SLICE_X28Y81         FDCE                                         r  snn_core_group_top/design_1_wrapper/design_1/design_1_axi_interconnect_hp0_0/s03_couplers_imp_13X28CE/design_1_axi_interconnect_hp0_imp_auto_pc_3/design_1_axi_interconnect_hp0_imp_auto_pc_3_axi_protocol_converter_v2_1_37_axi_protocol_converter/design_1_axi_interconnect_hp0_imp_auto_pc_3_axi_protocol_converter_v2_1_37_axi3_conv/design_1_axi_interconnect_hp0_imp_auto_pc_3_axi_protocol_converter_v2_1_37_a_axi3_conv/design_1_axi_interconnect_hp0_imp_auto_pc_3_axi_data_fifo_v2_1_36_axic_fifo_0/design_1_axi_interconnect_hp0_imp_auto_pc_3_axi_data_fifo_v2_1_36_fifo_gen/<hidden>/<hidden>/<hidden>/<hidden>/<hidden>/<hidden>
                         clock pessimism              0.229    12.923    
                         clock uncertainty           -0.154    12.769    
    SLICE_X28Y81         FDCE (Recov_fdce_C_CLR)     -0.405    12.364    snn_core_group_top/design_1_wrapper/design_1/design_1_axi_interconnect_hp0_0/s03_couplers_imp_13X28CE/design_1_axi_interconnect_hp0_imp_auto_pc_3/design_1_axi_interconnect_hp0_imp_auto_pc_3_axi_protocol_converter_v2_1_37_axi_protocol_converter/design_1_axi_interconnect_hp0_imp_auto_pc_3_axi_protocol_converter_v2_1_37_axi3_conv/design_1_axi_interconnect_hp0_imp_auto_pc_3_axi_protocol_converter_v2_1_37_a_axi3_conv/design_1_axi_interconnect_hp0_imp_auto_pc_3_axi_data_fifo_v2_1_36_axic_fifo_0/design_1_axi_interconnect_hp0_imp_auto_pc_3_axi_data_fifo_v2_1_36_fifo_gen/<hidden>/<hidden>/<hidden>/<hidden>/<hidden>/<hidden>
  -------------------------------------------------------------------
                         required time                         12.364    
                         arrival time                          -5.728    
  -------------------------------------------------------------------
                         slack                                  6.635    

Slack (MET) :             6.635ns  (required time - arrival time)
  Source:                 snn_core_group_top/design_1_wrapper/design_1/design_1_axi_interconnect_hp0_0/s03_couplers_imp_13X28CE/design_1_axi_interconnect_hp0_imp_auto_pc_3/design_1_axi_interconnect_hp0_imp_auto_pc_3_axi_protocol_converter_v2_1_37_axi_protocol_converter/design_1_axi_interconnect_hp0_imp_auto_pc_3_axi_protocol_converter_v2_1_37_axi3_conv/design_1_axi_interconnect_hp0_imp_auto_pc_3_axi_protocol_converter_v2_1_37_a_axi3_conv/design_1_axi_interconnect_hp0_imp_auto_pc_3_axi_data_fifo_v2_1_36_axic_fifo_0/design_1_axi_interconnect_hp0_imp_auto_pc_3_axi_data_fifo_v2_1_36_fifo_gen/<hidden>/<hidden>/<hidden>/<hidden>/<hidden>/<hidden>
                            (rising edge-triggered cell FDPE clocked by clk_fpga_0  {rise@0.000ns fall@5.000ns period=10.000ns})
  Destination:            snn_core_group_top/design_1_wrapper/design_1/design_1_axi_interconnect_hp0_0/s03_couplers_imp_13X28CE/design_1_axi_interconnect_hp0_imp_auto_pc_3/design_1_axi_interconnect_hp0_imp_auto_pc_3_axi_protocol_converter_v2_1_37_axi_protocol_converter/design_1_axi_interconnect_hp0_imp_auto_pc_3_axi_protocol_converter_v2_1_37_axi3_conv/design_1_axi_interconnect_hp0_imp_auto_pc_3_axi_protocol_converter_v2_1_37_a_axi3_conv/design_1_axi_interconnect_hp0_imp_auto_pc_3_axi_data_fifo_v2_1_36_axic_fifo_0/design_1_axi_interconnect_hp0_imp_auto_pc_3_axi_data_fifo_v2_1_36_fifo_gen/<hidden>/<hidden>/<hidden>/<hidden>/<hidden>/<hidden>
                            (recovery check against rising-edge clock clk_fpga_0  {rise@0.000ns fall@5.000ns period=10.000ns})
  Path Group:             **async_default**
  Path Type:              Recovery (Max at Slow Process Corner)
  Requirement:            10.000ns  (clk_fpga_0 rise@10.000ns - clk_fpga_0 rise@0.000ns)
  Data Path Delay:        2.757ns  (logic 0.715ns (25.930%)  route 2.042ns (74.070%))
  Logic Levels:           1  (LUT3=1)
  Clock Path Skew:        -0.048ns (DCD - SCD + CPR)
    Destination Clock Delay (DCD):    2.694ns = ( 12.694 - 10.000 ) 
    Source Clock Delay      (SCD):    2.971ns
    Clock Pessimism Removal (CPR):    0.229ns
  Clock Uncertainty:      0.154ns  ((TSJ^2 + TIJ^2)^1/2 + DJ) / 2 + PE
    Total System Jitter     (TSJ):    0.071ns
    Total Input Jitter      (TIJ):    0.300ns
    Discrete Jitter          (DJ):    0.000ns
    Phase Error              (PE):    0.000ns

    Location             Delay type                Incr(ns)  Path(ns)    Netlist Resource(s)
  -------------------------------------------------------------------    -------------------
                         (clock clk_fpga_0 rise edge)
                                                      0.000     0.000 r  
    PS7_X0Y0             PS7                          0.000     0.000 r  u_block_design/design_1_i/processing_system7_0/inst/PS7_i/FCLKCLK[0]
                         net (fo=1, routed)           1.193     1.193    u_block_design/design_1_i/processing_system7_0/inst/FCLK_CLK_unbuffered[0]
    BUFGCTRL_X0Y16       BUFG (Prop_bufg_I_O)         0.101     1.294 r  u_block_design/design_1_i/processing_system7_0/inst/buffer_fclk_clk_0.FCLK_CLK_0_BUFG/O
                         net (fo=22237, routed)       1.677     2.971    snn_core_group_top/design_1_wrapper/design_1/design_1_axi_interconnect_hp0_0/s03_couplers_imp_13X28CE/design_1_axi_interconnect_hp0_imp_auto_pc_3/design_1_axi_interconnect_hp0_imp_auto_pc_3_axi_protocol_converter_v2_1_37_axi_protocol_converter/design_1_axi_interconnect_hp0_imp_auto_pc_3_axi_protocol_converter_v2_1_37_axi3_conv/design_1_axi_interconnect_hp0_imp_auto_pc_3_axi_protocol_converter_v2_1_37_a_axi3_conv/design_1_axi_interconnect_hp0_imp_auto_pc_3_axi_data_fifo_v2_1_36_axic_fifo_0/design_1_axi_interconnect_hp0_imp_auto_pc_3_axi_data_fifo_v2_1_36_fifo_gen/<hidden>/<hidden>/<hidden>/<hidden>/<hidden>/<hidden>
    SLICE_X27Y76         FDPE                                         r  snn_core_group_top/design_1_wrapper/design_1/design_1_axi_interconnect_hp0_0/s03_couplers_imp_13X28CE/design_1_axi_interconnect_hp0_imp_auto_pc_3/design_1_axi_interconnect_hp0_imp_auto_pc_3_axi_protocol_converter_v2_1_37_axi_protocol_converter/design_1_axi_interconnect_hp0_imp_auto_pc_3_axi_protocol_converter_v2_1_37_axi3_conv/design_1_axi_interconnect_hp0_imp_auto_pc_3_axi_protocol_converter_v2_1_37_a_axi3_conv/design_1_axi_interconnect_hp0_imp_auto_pc_3_axi_data_fifo_v2_1_36_axic_fifo_0/design_1_axi_interconnect_hp0_imp_auto_pc_3_axi_data_fifo_v2_1_36_fifo_gen/<hidden>/<hidden>/<hidden>/<hidden>/<hidden>/<hidden>
  -------------------------------------------------------------------    -------------------
    SLICE_X27Y76         FDPE (Prop_fdpe_C_Q)         0.419     3.390 f  snn_core_group_top/design_1_wrapper/design_1/design_1_axi_interconnect_hp0_0/s03_couplers_imp_13X28CE/design_1_axi_interconnect_hp0_imp_auto_pc_3/design_1_axi_interconnect_hp0_imp_auto_pc_3_axi_protocol_converter_v2_1_37_axi_protocol_converter/design_1_axi_interconnect_hp0_imp_auto_pc_3_axi_protocol_converter_v2_1_37_axi3_conv/design_1_axi_interconnect_hp0_imp_auto_pc_3_axi_protocol_converter_v2_1_37_a_axi3_conv/design_1_axi_interconnect_hp0_imp_auto_pc_3_axi_data_fifo_v2_1_36_axic_fifo_0/design_1_axi_interconnect_hp0_imp_auto_pc_3_axi_data_fifo_v2_1_36_fifo_gen/<hidden>/<hidden>/<hidden>/<hidden>/<hidden>/<hidden>
                         net (fo=3, routed)           1.212     4.602    snn_core_group_top/design_1_wrapper/design_1/design_1_axi_interconnect_hp0_0/s03_couplers_imp_13X28CE/design_1_axi_interconnect_hp0_imp_auto_pc_3/design_1_axi_interconnect_hp0_imp_auto_pc_3_axi_protocol_converter_v2_1_37_axi_protocol_converter/design_1_axi_interconnect_hp0_imp_auto_pc_3_axi_protocol_converter_v2_1_37_axi3_conv/design_1_axi_interconnect_hp0_imp_auto_pc_3_axi_protocol_converter_v2_1_37_a_axi3_conv/design_1_axi_interconnect_hp0_imp_auto_pc_3_axi_data_fifo_v2_1_36_axic_fifo_0/design_1_axi_interconnect_hp0_imp_auto_pc_3_axi_data_fifo_v2_1_36_fifo_gen/<hidden>/<hidden>/<hidden>/<hidden>/<hidden>
    SLICE_X27Y82         LUT3 (Prop_lut3_I2_O)        0.296     4.898 f  snn_core_group_top/design_1_wrapper/design_1/design_1_axi_interconnect_hp0_0/s03_couplers_imp_13X28CE/design_1_axi_interconnect_hp0_imp_auto_pc_3/design_1_axi_interconnect_hp0_imp_auto_pc_3_axi_protocol_converter_v2_1_37_axi_protocol_converter/design_1_axi_interconnect_hp0_imp_auto_pc_3_axi_protocol_converter_v2_1_37_axi3_conv/design_1_axi_interconnect_hp0_imp_auto_pc_3_axi_protocol_converter_v2_1_37_a_axi3_conv/design_1_axi_interconnect_hp0_imp_auto_pc_3_axi_data_fifo_v2_1_36_axic_fifo_0/design_1_axi_interconnect_hp0_imp_auto_pc_3_axi_data_fifo_v2_1_36_fifo_gen/<hidden>/<hidden>/<hidden>/<hidden>/<hidden>
                         net (fo=32, routed)          0.831     5.728    snn_core_group_top/design_1_wrapper/design_1/design_1_axi_interconnect_hp0_0/s03_couplers_imp_13X28CE/design_1_axi_interconnect_hp0_imp_auto_pc_3/design_1_axi_interconnect_hp0_imp_auto_pc_3_axi_protocol_converter_v2_1_37_axi_protocol_converter/design_1_axi_interconnect_hp0_imp_auto_pc_3_axi_protocol_converter_v2_1_37_axi3_conv/design_1_axi_interconnect_hp0_imp_auto_pc_3_axi_protocol_converter_v2_1_37_a_axi3_conv/design_1_axi_interconnect_hp0_imp_auto_pc_3_axi_data_fifo_v2_1_36_axic_fifo_0/design_1_axi_interconnect_hp0_imp_auto_pc_3_axi_data_fifo_v2_1_36_fifo_gen/<hidden>/<hidden>/<hidden>/<hidden>/<hidden>/<hidden>
    SLICE_X28Y81         FDCE                                         f  snn_core_group_top/design_1_wrapper/design_1/design_1_axi_interconnect_hp0_0/s03_couplers_imp_13X28CE/design_1_axi_interconnect_hp0_imp_auto_pc_3/design_1_axi_interconnect_hp0_imp_auto_pc_3_axi_protocol_converter_v2_1_37_axi_protocol_converter/design_1_axi_interconnect_hp0_imp_auto_pc_3_axi_protocol_converter_v2_1_37_axi3_conv/design_1_axi_interconnect_hp0_imp_auto_pc_3_axi_protocol_converter_v2_1_37_a_axi3_conv/design_1_axi_interconnect_hp0_imp_auto_pc_3_axi_data_fifo_v2_1_36_axic_fifo_0/design_1_axi_interconnect_hp0_imp_auto_pc_3_axi_data_fifo_v2_1_36_fifo_gen/<hidden>/<hidden>/<hidden>/<hidden>/<hidden>/<hidden>
  -------------------------------------------------------------------    -------------------

                         (clock clk_fpga_0 rise edge)
                                                     10.000    10.000 r  
    PS7_X0Y0             PS7                          0.000    10.000 r  u_block_design/design_1_i/processing_system7_0/inst/PS7_i/FCLKCLK[0]
                         net (fo=1, routed)           1.088    11.088    u_block_design/design_1_i/processing_system7_0/inst/FCLK_CLK_unbuffered[0]
    BUFGCTRL_X0Y16       BUFG (Prop_bufg_I_O)         0.091    11.179 r  u_block_design/design_1_i/processing_system7_0/inst/buffer_fclk_clk_0.FCLK_CLK_0_BUFG/O
                         net (fo=22237, routed)       1.515    12.694    snn_core_group_top/design_1_wrapper/design_1/design_1_axi_interconnect_hp0_0/s03_couplers_imp_13X28CE/design_1_axi_interconnect_hp0_imp_auto_pc_3/design_1_axi_interconnect_hp0_imp_auto_pc_3_axi_protocol_converter_v2_1_37_axi_protocol_converter/design_1_axi_interconnect_hp0_imp_auto_pc_3_axi_protocol_converter_v2_1_37_axi3_conv/design_1_axi_interconnect_hp0_imp_auto_pc_3_axi_protocol_converter_v2_1_37_a_axi3_conv/design_1_axi_interconnect_hp0_imp_auto_pc_3_axi_data_fifo_v2_1_36_axic_fifo_0/design_1_axi_interconnect_hp0_imp_auto_pc_3_axi_data_fifo_v2_1_36_fifo_gen/<hidden>/<hidden>/<hidden>/<hidden>/<hidden>/<hidden>
    SLICE_X28Y81         FDCE                                         r  snn_core_group_top/design_1_wrapper/design_1/design_1_axi_interconnect_hp0_0/s03_couplers_imp_13X28CE/design_1_axi_interconnect_hp0_imp_auto_pc_3/design_1_axi_interconnect_hp0_imp_auto_pc_3_axi_protocol_converter_v2_1_37_axi_protocol_converter/design_1_axi_interconnect_hp0_imp_auto_pc_3_axi_protocol_converter_v2_1_37_axi3_conv/design_1_axi_interconnect_hp0_imp_auto_pc_3_axi_protocol_converter_v2_1_37_a_axi3_conv/design_1_axi_interconnect_hp0_imp_auto_pc_3_axi_data_fifo_v2_1_36_axic_fifo_0/design_1_axi_interconnect_hp0_imp_auto_pc_3_axi_data_fifo_v2_1_36_fifo_gen/<hidden>/<hidden>/<hidden>/<hidden>/<hidden>/<hidden>
                         clock pessimism              0.229    12.923    
                         clock uncertainty           -0.154    12.769    
    SLICE_X28Y81         FDCE (Recov_fdce_C_CLR)     -0.405    12.364    snn_core_group_top/design_1_wrapper/design_1/design_1_axi_interconnect_hp0_0/s03_couplers_imp_13X28CE/design_1_axi_interconnect_hp0_imp_auto_pc_3/design_1_axi_interconnect_hp0_imp_auto_pc_3_axi_protocol_converter_v2_1_37_axi_protocol_converter/design_1_axi_interconnect_hp0_imp_auto_pc_3_axi_protocol_converter_v2_1_37_axi3_conv/design_1_axi_interconnect_hp0_imp_auto_pc_3_axi_protocol_converter_v2_1_37_a_axi3_conv/design_1_axi_interconnect_hp0_imp_auto_pc_3_axi_data_fifo_v2_1_36_axic_fifo_0/design_1_axi_interconnect_hp0_imp_auto_pc_3_axi_data_fifo_v2_1_36_fifo_gen/<hidden>/<hidden>/<hidden>/<hidden>/<hidden>/<hidden>
  -------------------------------------------------------------------
                         required time                         12.364    
                         arrival time                          -5.728    
  -------------------------------------------------------------------
                         slack                                  6.635    

Slack (MET) :             6.635ns  (required time - arrival time)
  Source:                 snn_core_group_top/design_1_wrapper/design_1/design_1_axi_interconnect_hp0_0/s03_couplers_imp_13X28CE/design_1_axi_interconnect_hp0_imp_auto_pc_3/design_1_axi_interconnect_hp0_imp_auto_pc_3_axi_protocol_converter_v2_1_37_axi_protocol_converter/design_1_axi_interconnect_hp0_imp_auto_pc_3_axi_protocol_converter_v2_1_37_axi3_conv/design_1_axi_interconnect_hp0_imp_auto_pc_3_axi_protocol_converter_v2_1_37_a_axi3_conv/design_1_axi_interconnect_hp0_imp_auto_pc_3_axi_data_fifo_v2_1_36_axic_fifo_0/design_1_axi_interconnect_hp0_imp_auto_pc_3_axi_data_fifo_v2_1_36_fifo_gen/<hidden>/<hidden>/<hidden>/<hidden>/<hidden>/<hidden>
                            (rising edge-triggered cell FDPE clocked by clk_fpga_0  {rise@0.000ns fall@5.000ns period=10.000ns})
  Destination:            snn_core_group_top/design_1_wrapper/design_1/design_1_axi_interconnect_hp0_0/s03_couplers_imp_13X28CE/design_1_axi_interconnect_hp0_imp_auto_pc_3/design_1_axi_interconnect_hp0_imp_auto_pc_3_axi_protocol_converter_v2_1_37_axi_protocol_converter/design_1_axi_interconnect_hp0_imp_auto_pc_3_axi_protocol_converter_v2_1_37_axi3_conv/design_1_axi_interconnect_hp0_imp_auto_pc_3_axi_protocol_converter_v2_1_37_a_axi3_conv/design_1_axi_interconnect_hp0_imp_auto_pc_3_axi_data_fifo_v2_1_36_axic_fifo_0/design_1_axi_interconnect_hp0_imp_auto_pc_3_axi_data_fifo_v2_1_36_fifo_gen/<hidden>/<hidden>/<hidden>/<hidden>/<hidden>/<hidden>
                            (recovery check against rising-edge clock clk_fpga_0  {rise@0.000ns fall@5.000ns period=10.000ns})
  Path Group:             **async_default**
  Path Type:              Recovery (Max at Slow Process Corner)
  Requirement:            10.000ns  (clk_fpga_0 rise@10.000ns - clk_fpga_0 rise@0.000ns)
  Data Path Delay:        2.757ns  (logic 0.715ns (25.930%)  route 2.042ns (74.070%))
  Logic Levels:           1  (LUT3=1)
  Clock Path Skew:        -0.048ns (DCD - SCD + CPR)
    Destination Clock Delay (DCD):    2.694ns = ( 12.694 - 10.000 ) 
    Source Clock Delay      (SCD):    2.971ns
    Clock Pessimism Removal (CPR):    0.229ns
  Clock Uncertainty:      0.154ns  ((TSJ^2 + TIJ^2)^1/2 + DJ) / 2 + PE
    Total System Jitter     (TSJ):    0.071ns
    Total Input Jitter      (TIJ):    0.300ns
    Discrete Jitter          (DJ):    0.000ns
    Phase Error              (PE):    0.000ns

    Location             Delay type                Incr(ns)  Path(ns)    Netlist Resource(s)
  -------------------------------------------------------------------    -------------------
                         (clock clk_fpga_0 rise edge)
                                                      0.000     0.000 r  
    PS7_X0Y0             PS7                          0.000     0.000 r  u_block_design/design_1_i/processing_system7_0/inst/PS7_i/FCLKCLK[0]
                         net (fo=1, routed)           1.193     1.193    u_block_design/design_1_i/processing_system7_0/inst/FCLK_CLK_unbuffered[0]
    BUFGCTRL_X0Y16       BUFG (Prop_bufg_I_O)         0.101     1.294 r  u_block_design/design_1_i/processing_system7_0/inst/buffer_fclk_clk_0.FCLK_CLK_0_BUFG/O
                         net (fo=22237, routed)       1.677     2.971    snn_core_group_top/design_1_wrapper/design_1/design_1_axi_interconnect_hp0_0/s03_couplers_imp_13X28CE/design_1_axi_interconnect_hp0_imp_auto_pc_3/design_1_axi_interconnect_hp0_imp_auto_pc_3_axi_protocol_converter_v2_1_37_axi_protocol_converter/design_1_axi_interconnect_hp0_imp_auto_pc_3_axi_protocol_converter_v2_1_37_axi3_conv/design_1_axi_interconnect_hp0_imp_auto_pc_3_axi_protocol_converter_v2_1_37_a_axi3_conv/design_1_axi_interconnect_hp0_imp_auto_pc_3_axi_data_fifo_v2_1_36_axic_fifo_0/design_1_axi_interconnect_hp0_imp_auto_pc_3_axi_data_fifo_v2_1_36_fifo_gen/<hidden>/<hidden>/<hidden>/<hidden>/<hidden>/<hidden>
    SLICE_X27Y76         FDPE                                         r  snn_core_group_top/design_1_wrapper/design_1/design_1_axi_interconnect_hp0_0/s03_couplers_imp_13X28CE/design_1_axi_interconnect_hp0_imp_auto_pc_3/design_1_axi_interconnect_hp0_imp_auto_pc_3_axi_protocol_converter_v2_1_37_axi_protocol_converter/design_1_axi_interconnect_hp0_imp_auto_pc_3_axi_protocol_converter_v2_1_37_axi3_conv/design_1_axi_interconnect_hp0_imp_auto_pc_3_axi_protocol_converter_v2_1_37_a_axi3_conv/design_1_axi_interconnect_hp0_imp_auto_pc_3_axi_data_fifo_v2_1_36_axic_fifo_0/design_1_axi_interconnect_hp0_imp_auto_pc_3_axi_data_fifo_v2_1_36_fifo_gen/<hidden>/<hidden>/<hidden>/<hidden>/<hidden>/<hidden>
  -------------------------------------------------------------------    -------------------
    SLICE_X27Y76         FDPE (Prop_fdpe_C_Q)         0.419     3.390 f  snn_core_group_top/design_1_wrapper/design_1/design_1_axi_interconnect_hp0_0/s03_couplers_imp_13X28CE/design_1_axi_interconnect_hp0_imp_auto_pc_3/design_1_axi_interconnect_hp0_imp_auto_pc_3_axi_protocol_converter_v2_1_37_axi_protocol_converter/design_1_axi_interconnect_hp0_imp_auto_pc_3_axi_protocol_converter_v2_1_37_axi3_conv/design_1_axi_interconnect_hp0_imp_auto_pc_3_axi_protocol_converter_v2_1_37_a_axi3_conv/design_1_axi_interconnect_hp0_imp_auto_pc_3_axi_data_fifo_v2_1_36_axic_fifo_0/design_1_axi_interconnect_hp0_imp_auto_pc_3_axi_data_fifo_v2_1_36_fifo_gen/<hidden>/<hidden>/<hidden>/<hidden>/<hidden>/<hidden>
                         net (fo=3, routed)           1.212     4.602    snn_core_group_top/design_1_wrapper/design_1/design_1_axi_interconnect_hp0_0/s03_couplers_imp_13X28CE/design_1_axi_interconnect_hp0_imp_auto_pc_3/design_1_axi_interconnect_hp0_imp_auto_pc_3_axi_protocol_converter_v2_1_37_axi_protocol_converter/design_1_axi_interconnect_hp0_imp_auto_pc_3_axi_protocol_converter_v2_1_37_axi3_conv/design_1_axi_interconnect_hp0_imp_auto_pc_3_axi_protocol_converter_v2_1_37_a_axi3_conv/design_1_axi_interconnect_hp0_imp_auto_pc_3_axi_data_fifo_v2_1_36_axic_fifo_0/design_1_axi_interconnect_hp0_imp_auto_pc_3_axi_data_fifo_v2_1_36_fifo_gen/<hidden>/<hidden>/<hidden>/<hidden>/<hidden>
    SLICE_X27Y82         LUT3 (Prop_lut3_I2_O)        0.296     4.898 f  snn_core_group_top/design_1_wrapper/design_1/design_1_axi_interconnect_hp0_0/s03_couplers_imp_13X28CE/design_1_axi_interconnect_hp0_imp_auto_pc_3/design_1_axi_interconnect_hp0_imp_auto_pc_3_axi_protocol_converter_v2_1_37_axi_protocol_converter/design_1_axi_interconnect_hp0_imp_auto_pc_3_axi_protocol_converter_v2_1_37_axi3_conv/design_1_axi_interconnect_hp0_imp_auto_pc_3_axi_protocol_converter_v2_1_37_a_axi3_conv/design_1_axi_interconnect_hp0_imp_auto_pc_3_axi_data_fifo_v2_1_36_axic_fifo_0/design_1_axi_interconnect_hp0_imp_auto_pc_3_axi_data_fifo_v2_1_36_fifo_gen/<hidden>/<hidden>/<hidden>/<hidden>/<hidden>
                         net (fo=32, routed)          0.831     5.728    snn_core_group_top/design_1_wrapper/design_1/design_1_axi_interconnect_hp0_0/s03_couplers_imp_13X28CE/design_1_axi_interconnect_hp0_imp_auto_pc_3/design_1_axi_interconnect_hp0_imp_auto_pc_3_axi_protocol_converter_v2_1_37_axi_protocol_converter/design_1_axi_interconnect_hp0_imp_auto_pc_3_axi_protocol_converter_v2_1_37_axi3_conv/design_1_axi_interconnect_hp0_imp_auto_pc_3_axi_protocol_converter_v2_1_37_a_axi3_conv/design_1_axi_interconnect_hp0_imp_auto_pc_3_axi_data_fifo_v2_1_36_axic_fifo_0/design_1_axi_interconnect_hp0_imp_auto_pc_3_axi_data_fifo_v2_1_36_fifo_gen/<hidden>/<hidden>/<hidden>/<hidden>/<hidden>/<hidden>
    SLICE_X28Y81         FDCE                                         f  snn_core_group_top/design_1_wrapper/design_1/design_1_axi_interconnect_hp0_0/s03_couplers_imp_13X28CE/design_1_axi_interconnect_hp0_imp_auto_pc_3/design_1_axi_interconnect_hp0_imp_auto_pc_3_axi_protocol_converter_v2_1_37_axi_protocol_converter/design_1_axi_interconnect_hp0_imp_auto_pc_3_axi_protocol_converter_v2_1_37_axi3_conv/design_1_axi_interconnect_hp0_imp_auto_pc_3_axi_protocol_converter_v2_1_37_a_axi3_conv/design_1_axi_interconnect_hp0_imp_auto_pc_3_axi_data_fifo_v2_1_36_axic_fifo_0/design_1_axi_interconnect_hp0_imp_auto_pc_3_axi_data_fifo_v2_1_36_fifo_gen/<hidden>/<hidden>/<hidden>/<hidden>/<hidden>/<hidden>
  -------------------------------------------------------------------    -------------------

                         (clock clk_fpga_0 rise edge)
                                                     10.000    10.000 r  
    PS7_X0Y0             PS7                          0.000    10.000 r  u_block_design/design_1_i/processing_system7_0/inst/PS7_i/FCLKCLK[0]
                         net (fo=1, routed)           1.088    11.088    u_block_design/design_1_i/processing_system7_0/inst/FCLK_CLK_unbuffered[0]
    BUFGCTRL_X0Y16       BUFG (Prop_bufg_I_O)         0.091    11.179 r  u_block_design/design_1_i/processing_system7_0/inst/buffer_fclk_clk_0.FCLK_CLK_0_BUFG/O
                         net (fo=22237, routed)       1.515    12.694    snn_core_group_top/design_1_wrapper/design_1/design_1_axi_interconnect_hp0_0/s03_couplers_imp_13X28CE/design_1_axi_interconnect_hp0_imp_auto_pc_3/design_1_axi_interconnect_hp0_imp_auto_pc_3_axi_protocol_converter_v2_1_37_axi_protocol_converter/design_1_axi_interconnect_hp0_imp_auto_pc_3_axi_protocol_converter_v2_1_37_axi3_conv/design_1_axi_interconnect_hp0_imp_auto_pc_3_axi_protocol_converter_v2_1_37_a_axi3_conv/design_1_axi_interconnect_hp0_imp_auto_pc_3_axi_data_fifo_v2_1_36_axic_fifo_0/design_1_axi_interconnect_hp0_imp_auto_pc_3_axi_data_fifo_v2_1_36_fifo_gen/<hidden>/<hidden>/<hidden>/<hidden>/<hidden>/<hidden>
    SLICE_X28Y81         FDCE                                         r  snn_core_group_top/design_1_wrapper/design_1/design_1_axi_interconnect_hp0_0/s03_couplers_imp_13X28CE/design_1_axi_interconnect_hp0_imp_auto_pc_3/design_1_axi_interconnect_hp0_imp_auto_pc_3_axi_protocol_converter_v2_1_37_axi_protocol_converter/design_1_axi_interconnect_hp0_imp_auto_pc_3_axi_protocol_converter_v2_1_37_axi3_conv/design_1_axi_interconnect_hp0_imp_auto_pc_3_axi_protocol_converter_v2_1_37_a_axi3_conv/design_1_axi_interconnect_hp0_imp_auto_pc_3_axi_data_fifo_v2_1_36_axic_fifo_0/design_1_axi_interconnect_hp0_imp_auto_pc_3_axi_data_fifo_v2_1_36_fifo_gen/<hidden>/<hidden>/<hidden>/<hidden>/<hidden>/<hidden>
                         clock pessimism              0.229    12.923    
                         clock uncertainty           -0.154    12.769    
    SLICE_X28Y81         FDCE (Recov_fdce_C_CLR)     -0.405    12.364    snn_core_group_top/design_1_wrapper/design_1/design_1_axi_interconnect_hp0_0/s03_couplers_imp_13X28CE/design_1_axi_interconnect_hp0_imp_auto_pc_3/design_1_axi_interconnect_hp0_imp_auto_pc_3_axi_protocol_converter_v2_1_37_axi_protocol_converter/design_1_axi_interconnect_hp0_imp_auto_pc_3_axi_protocol_converter_v2_1_37_axi3_conv/design_1_axi_interconnect_hp0_imp_auto_pc_3_axi_protocol_converter_v2_1_37_a_axi3_conv/design_1_axi_interconnect_hp0_imp_auto_pc_3_axi_data_fifo_v2_1_36_axic_fifo_0/design_1_axi_interconnect_hp0_imp_auto_pc_3_axi_data_fifo_v2_1_36_fifo_gen/<hidden>/<hidden>/<hidden>/<hidden>/<hidden>/<hidden>
  -------------------------------------------------------------------
                         required time                         12.364    
                         arrival time                          -5.728    
  -------------------------------------------------------------------
                         slack                                  6.635    

Slack (MET) :             6.635ns  (required time - arrival time)
  Source:                 snn_core_group_top/design_1_wrapper/design_1/design_1_axi_interconnect_hp0_0/s03_couplers_imp_13X28CE/design_1_axi_interconnect_hp0_imp_auto_pc_3/design_1_axi_interconnect_hp0_imp_auto_pc_3_axi_protocol_converter_v2_1_37_axi_protocol_converter/design_1_axi_interconnect_hp0_imp_auto_pc_3_axi_protocol_converter_v2_1_37_axi3_conv/design_1_axi_interconnect_hp0_imp_auto_pc_3_axi_protocol_converter_v2_1_37_a_axi3_conv/design_1_axi_interconnect_hp0_imp_auto_pc_3_axi_data_fifo_v2_1_36_axic_fifo_0/design_1_axi_interconnect_hp0_imp_auto_pc_3_axi_data_fifo_v2_1_36_fifo_gen/<hidden>/<hidden>/<hidden>/<hidden>/<hidden>/<hidden>
                            (rising edge-triggered cell FDPE clocked by clk_fpga_0  {rise@0.000ns fall@5.000ns period=10.000ns})
  Destination:            snn_core_group_top/design_1_wrapper/design_1/design_1_axi_interconnect_hp0_0/s03_couplers_imp_13X28CE/design_1_axi_interconnect_hp0_imp_auto_pc_3/design_1_axi_interconnect_hp0_imp_auto_pc_3_axi_protocol_converter_v2_1_37_axi_protocol_converter/design_1_axi_interconnect_hp0_imp_auto_pc_3_axi_protocol_converter_v2_1_37_axi3_conv/design_1_axi_interconnect_hp0_imp_auto_pc_3_axi_protocol_converter_v2_1_37_a_axi3_conv/design_1_axi_interconnect_hp0_imp_auto_pc_3_axi_data_fifo_v2_1_36_axic_fifo_0/design_1_axi_interconnect_hp0_imp_auto_pc_3_axi_data_fifo_v2_1_36_fifo_gen/<hidden>/<hidden>/<hidden>/<hidden>/<hidden>/<hidden>
                            (recovery check against rising-edge clock clk_fpga_0  {rise@0.000ns fall@5.000ns period=10.000ns})
  Path Group:             **async_default**
  Path Type:              Recovery (Max at Slow Process Corner)
  Requirement:            10.000ns  (clk_fpga_0 rise@10.000ns - clk_fpga_0 rise@0.000ns)
  Data Path Delay:        2.757ns  (logic 0.715ns (25.930%)  route 2.042ns (74.070%))
  Logic Levels:           1  (LUT3=1)
  Clock Path Skew:        -0.048ns (DCD - SCD + CPR)
    Destination Clock Delay (DCD):    2.694ns = ( 12.694 - 10.000 ) 
    Source Clock Delay      (SCD):    2.971ns
    Clock Pessimism Removal (CPR):    0.229ns
  Clock Uncertainty:      0.154ns  ((TSJ^2 + TIJ^2)^1/2 + DJ) / 2 + PE
    Total System Jitter     (TSJ):    0.071ns
    Total Input Jitter      (TIJ):    0.300ns
    Discrete Jitter          (DJ):    0.000ns
    Phase Error              (PE):    0.000ns

    Location             Delay type                Incr(ns)  Path(ns)    Netlist Resource(s)
  -------------------------------------------------------------------    -------------------
                         (clock clk_fpga_0 rise edge)
                                                      0.000     0.000 r  
    PS7_X0Y0             PS7                          0.000     0.000 r  u_block_design/design_1_i/processing_system7_0/inst/PS7_i/FCLKCLK[0]
                         net (fo=1, routed)           1.193     1.193    u_block_design/design_1_i/processing_system7_0/inst/FCLK_CLK_unbuffered[0]
    BUFGCTRL_X0Y16       BUFG (Prop_bufg_I_O)         0.101     1.294 r  u_block_design/design_1_i/processing_system7_0/inst/buffer_fclk_clk_0.FCLK_CLK_0_BUFG/O
                         net (fo=22237, routed)       1.677     2.971    snn_core_group_top/design_1_wrapper/design_1/design_1_axi_interconnect_hp0_0/s03_couplers_imp_13X28CE/design_1_axi_interconnect_hp0_imp_auto_pc_3/design_1_axi_interconnect_hp0_imp_auto_pc_3_axi_protocol_converter_v2_1_37_axi_protocol_converter/design_1_axi_interconnect_hp0_imp_auto_pc_3_axi_protocol_converter_v2_1_37_axi3_conv/design_1_axi_interconnect_hp0_imp_auto_pc_3_axi_protocol_converter_v2_1_37_a_axi3_conv/design_1_axi_interconnect_hp0_imp_auto_pc_3_axi_data_fifo_v2_1_36_axic_fifo_0/design_1_axi_interconnect_hp0_imp_auto_pc_3_axi_data_fifo_v2_1_36_fifo_gen/<hidden>/<hidden>/<hidden>/<hidden>/<hidden>/<hidden>
    SLICE_X27Y76         FDPE                                         r  snn_core_group_top/design_1_wrapper/design_1/design_1_axi_interconnect_hp0_0/s03_couplers_imp_13X28CE/design_1_axi_interconnect_hp0_imp_auto_pc_3/design_1_axi_interconnect_hp0_imp_auto_pc_3_axi_protocol_converter_v2_1_37_axi_protocol_converter/design_1_axi_interconnect_hp0_imp_auto_pc_3_axi_protocol_converter_v2_1_37_axi3_conv/design_1_axi_interconnect_hp0_imp_auto_pc_3_axi_protocol_converter_v2_1_37_a_axi3_conv/design_1_axi_interconnect_hp0_imp_auto_pc_3_axi_data_fifo_v2_1_36_axic_fifo_0/design_1_axi_interconnect_hp0_imp_auto_pc_3_axi_data_fifo_v2_1_36_fifo_gen/<hidden>/<hidden>/<hidden>/<hidden>/<hidden>/<hidden>
  -------------------------------------------------------------------    -------------------
    SLICE_X27Y76         FDPE (Prop_fdpe_C_Q)         0.419     3.390 f  snn_core_group_top/design_1_wrapper/design_1/design_1_axi_interconnect_hp0_0/s03_couplers_imp_13X28CE/design_1_axi_interconnect_hp0_imp_auto_pc_3/design_1_axi_interconnect_hp0_imp_auto_pc_3_axi_protocol_converter_v2_1_37_axi_protocol_converter/design_1_axi_interconnect_hp0_imp_auto_pc_3_axi_protocol_converter_v2_1_37_axi3_conv/design_1_axi_interconnect_hp0_imp_auto_pc_3_axi_protocol_converter_v2_1_37_a_axi3_conv/design_1_axi_interconnect_hp0_imp_auto_pc_3_axi_data_fifo_v2_1_36_axic_fifo_0/design_1_axi_interconnect_hp0_imp_auto_pc_3_axi_data_fifo_v2_1_36_fifo_gen/<hidden>/<hidden>/<hidden>/<hidden>/<hidden>/<hidden>
                         net (fo=3, routed)           1.212     4.602    snn_core_group_top/design_1_wrapper/design_1/design_1_axi_interconnect_hp0_0/s03_couplers_imp_13X28CE/design_1_axi_interconnect_hp0_imp_auto_pc_3/design_1_axi_interconnect_hp0_imp_auto_pc_3_axi_protocol_converter_v2_1_37_axi_protocol_converter/design_1_axi_interconnect_hp0_imp_auto_pc_3_axi_protocol_converter_v2_1_37_axi3_conv/design_1_axi_interconnect_hp0_imp_auto_pc_3_axi_protocol_converter_v2_1_37_a_axi3_conv/design_1_axi_interconnect_hp0_imp_auto_pc_3_axi_data_fifo_v2_1_36_axic_fifo_0/design_1_axi_interconnect_hp0_imp_auto_pc_3_axi_data_fifo_v2_1_36_fifo_gen/<hidden>/<hidden>/<hidden>/<hidden>/<hidden>
    SLICE_X27Y82         LUT3 (Prop_lut3_I2_O)        0.296     4.898 f  snn_core_group_top/design_1_wrapper/design_1/design_1_axi_interconnect_hp0_0/s03_couplers_imp_13X28CE/design_1_axi_interconnect_hp0_imp_auto_pc_3/design_1_axi_interconnect_hp0_imp_auto_pc_3_axi_protocol_converter_v2_1_37_axi_protocol_converter/design_1_axi_interconnect_hp0_imp_auto_pc_3_axi_protocol_converter_v2_1_37_axi3_conv/design_1_axi_interconnect_hp0_imp_auto_pc_3_axi_protocol_converter_v2_1_37_a_axi3_conv/design_1_axi_interconnect_hp0_imp_auto_pc_3_axi_data_fifo_v2_1_36_axic_fifo_0/design_1_axi_interconnect_hp0_imp_auto_pc_3_axi_data_fifo_v2_1_36_fifo_gen/<hidden>/<hidden>/<hidden>/<hidden>/<hidden>
                         net (fo=32, routed)          0.831     5.728    snn_core_group_top/design_1_wrapper/design_1/design_1_axi_interconnect_hp0_0/s03_couplers_imp_13X28CE/design_1_axi_interconnect_hp0_imp_auto_pc_3/design_1_axi_interconnect_hp0_imp_auto_pc_3_axi_protocol_converter_v2_1_37_axi_protocol_converter/design_1_axi_interconnect_hp0_imp_auto_pc_3_axi_protocol_converter_v2_1_37_axi3_conv/design_1_axi_interconnect_hp0_imp_auto_pc_3_axi_protocol_converter_v2_1_37_a_axi3_conv/design_1_axi_interconnect_hp0_imp_auto_pc_3_axi_data_fifo_v2_1_36_axic_fifo_0/design_1_axi_interconnect_hp0_imp_auto_pc_3_axi_data_fifo_v2_1_36_fifo_gen/<hidden>/<hidden>/<hidden>/<hidden>/<hidden>/<hidden>
    SLICE_X28Y81         FDCE                                         f  snn_core_group_top/design_1_wrapper/design_1/design_1_axi_interconnect_hp0_0/s03_couplers_imp_13X28CE/design_1_axi_interconnect_hp0_imp_auto_pc_3/design_1_axi_interconnect_hp0_imp_auto_pc_3_axi_protocol_converter_v2_1_37_axi_protocol_converter/design_1_axi_interconnect_hp0_imp_auto_pc_3_axi_protocol_converter_v2_1_37_axi3_conv/design_1_axi_interconnect_hp0_imp_auto_pc_3_axi_protocol_converter_v2_1_37_a_axi3_conv/design_1_axi_interconnect_hp0_imp_auto_pc_3_axi_data_fifo_v2_1_36_axic_fifo_0/design_1_axi_interconnect_hp0_imp_auto_pc_3_axi_data_fifo_v2_1_36_fifo_gen/<hidden>/<hidden>/<hidden>/<hidden>/<hidden>/<hidden>
  -------------------------------------------------------------------    -------------------

                         (clock clk_fpga_0 rise edge)
                                                     10.000    10.000 r  
    PS7_X0Y0             PS7                          0.000    10.000 r  u_block_design/design_1_i/processing_system7_0/inst/PS7_i/FCLKCLK[0]
                         net (fo=1, routed)           1.088    11.088    u_block_design/design_1_i/processing_system7_0/inst/FCLK_CLK_unbuffered[0]
    BUFGCTRL_X0Y16       BUFG (Prop_bufg_I_O)         0.091    11.179 r  u_block_design/design_1_i/processing_system7_0/inst/buffer_fclk_clk_0.FCLK_CLK_0_BUFG/O
                         net (fo=22237, routed)       1.515    12.694    snn_core_group_top/design_1_wrapper/design_1/design_1_axi_interconnect_hp0_0/s03_couplers_imp_13X28CE/design_1_axi_interconnect_hp0_imp_auto_pc_3/design_1_axi_interconnect_hp0_imp_auto_pc_3_axi_protocol_converter_v2_1_37_axi_protocol_converter/design_1_axi_interconnect_hp0_imp_auto_pc_3_axi_protocol_converter_v2_1_37_axi3_conv/design_1_axi_interconnect_hp0_imp_auto_pc_3_axi_protocol_converter_v2_1_37_a_axi3_conv/design_1_axi_interconnect_hp0_imp_auto_pc_3_axi_data_fifo_v2_1_36_axic_fifo_0/design_1_axi_interconnect_hp0_imp_auto_pc_3_axi_data_fifo_v2_1_36_fifo_gen/<hidden>/<hidden>/<hidden>/<hidden>/<hidden>/<hidden>
    SLICE_X28Y81         FDCE                                         r  snn_core_group_top/design_1_wrapper/design_1/design_1_axi_interconnect_hp0_0/s03_couplers_imp_13X28CE/design_1_axi_interconnect_hp0_imp_auto_pc_3/design_1_axi_interconnect_hp0_imp_auto_pc_3_axi_protocol_converter_v2_1_37_axi_protocol_converter/design_1_axi_interconnect_hp0_imp_auto_pc_3_axi_protocol_converter_v2_1_37_axi3_conv/design_1_axi_interconnect_hp0_imp_auto_pc_3_axi_protocol_converter_v2_1_37_a_axi3_conv/design_1_axi_interconnect_hp0_imp_auto_pc_3_axi_data_fifo_v2_1_36_axic_fifo_0/design_1_axi_interconnect_hp0_imp_auto_pc_3_axi_data_fifo_v2_1_36_fifo_gen/<hidden>/<hidden>/<hidden>/<hidden>/<hidden>/<hidden>
                         clock pessimism              0.229    12.923    
                         clock uncertainty           -0.154    12.769    
    SLICE_X28Y81         FDCE (Recov_fdce_C_CLR)     -0.405    12.364    snn_core_group_top/design_1_wrapper/design_1/design_1_axi_interconnect_hp0_0/s03_couplers_imp_13X28CE/design_1_axi_interconnect_hp0_imp_auto_pc_3/design_1_axi_interconnect_hp0_imp_auto_pc_3_axi_protocol_converter_v2_1_37_axi_protocol_converter/design_1_axi_interconnect_hp0_imp_auto_pc_3_axi_protocol_converter_v2_1_37_axi3_conv/design_1_axi_interconnect_hp0_imp_auto_pc_3_axi_protocol_converter_v2_1_37_a_axi3_conv/design_1_axi_interconnect_hp0_imp_auto_pc_3_axi_data_fifo_v2_1_36_axic_fifo_0/design_1_axi_interconnect_hp0_imp_auto_pc_3_axi_data_fifo_v2_1_36_fifo_gen/<hidden>/<hidden>/<hidden>/<hidden>/<hidden>/<hidden>
  -------------------------------------------------------------------
                         required time                         12.364    
                         arrival time                          -5.728    
  -------------------------------------------------------------------
                         slack                                  6.635    

Slack (MET) :             6.635ns  (required time - arrival time)
  Source:                 snn_core_group_top/design_1_wrapper/design_1/design_1_axi_interconnect_hp0_0/s03_couplers_imp_13X28CE/design_1_axi_interconnect_hp0_imp_auto_pc_3/design_1_axi_interconnect_hp0_imp_auto_pc_3_axi_protocol_converter_v2_1_37_axi_protocol_converter/design_1_axi_interconnect_hp0_imp_auto_pc_3_axi_protocol_converter_v2_1_37_axi3_conv/design_1_axi_interconnect_hp0_imp_auto_pc_3_axi_protocol_converter_v2_1_37_a_axi3_conv/design_1_axi_interconnect_hp0_imp_auto_pc_3_axi_data_fifo_v2_1_36_axic_fifo_0/design_1_axi_interconnect_hp0_imp_auto_pc_3_axi_data_fifo_v2_1_36_fifo_gen/<hidden>/<hidden>/<hidden>/<hidden>/<hidden>/<hidden>
                            (rising edge-triggered cell FDPE clocked by clk_fpga_0  {rise@0.000ns fall@5.000ns period=10.000ns})
  Destination:            snn_core_group_top/design_1_wrapper/design_1/design_1_axi_interconnect_hp0_0/s03_couplers_imp_13X28CE/design_1_axi_interconnect_hp0_imp_auto_pc_3/design_1_axi_interconnect_hp0_imp_auto_pc_3_axi_protocol_converter_v2_1_37_axi_protocol_converter/design_1_axi_interconnect_hp0_imp_auto_pc_3_axi_protocol_converter_v2_1_37_axi3_conv/design_1_axi_interconnect_hp0_imp_auto_pc_3_axi_protocol_converter_v2_1_37_a_axi3_conv/design_1_axi_interconnect_hp0_imp_auto_pc_3_axi_data_fifo_v2_1_36_axic_fifo_0/design_1_axi_interconnect_hp0_imp_auto_pc_3_axi_data_fifo_v2_1_36_fifo_gen/<hidden>/<hidden>/<hidden>/<hidden>/<hidden>/<hidden>
                            (recovery check against rising-edge clock clk_fpga_0  {rise@0.000ns fall@5.000ns period=10.000ns})
  Path Group:             **async_default**
  Path Type:              Recovery (Max at Slow Process Corner)
  Requirement:            10.000ns  (clk_fpga_0 rise@10.000ns - clk_fpga_0 rise@0.000ns)
  Data Path Delay:        2.757ns  (logic 0.715ns (25.930%)  route 2.042ns (74.070%))
  Logic Levels:           1  (LUT3=1)
  Clock Path Skew:        -0.048ns (DCD - SCD + CPR)
    Destination Clock Delay (DCD):    2.694ns = ( 12.694 - 10.000 ) 
    Source Clock Delay      (SCD):    2.971ns
    Clock Pessimism Removal (CPR):    0.229ns
  Clock Uncertainty:      0.154ns  ((TSJ^2 + TIJ^2)^1/2 + DJ) / 2 + PE
    Total System Jitter     (TSJ):    0.071ns
    Total Input Jitter      (TIJ):    0.300ns
    Discrete Jitter          (DJ):    0.000ns
    Phase Error              (PE):    0.000ns

    Location             Delay type                Incr(ns)  Path(ns)    Netlist Resource(s)
  -------------------------------------------------------------------    -------------------
                         (clock clk_fpga_0 rise edge)
                                                      0.000     0.000 r  
    PS7_X0Y0             PS7                          0.000     0.000 r  u_block_design/design_1_i/processing_system7_0/inst/PS7_i/FCLKCLK[0]
                         net (fo=1, routed)           1.193     1.193    u_block_design/design_1_i/processing_system7_0/inst/FCLK_CLK_unbuffered[0]
    BUFGCTRL_X0Y16       BUFG (Prop_bufg_I_O)         0.101     1.294 r  u_block_design/design_1_i/processing_system7_0/inst/buffer_fclk_clk_0.FCLK_CLK_0_BUFG/O
                         net (fo=22237, routed)       1.677     2.971    snn_core_group_top/design_1_wrapper/design_1/design_1_axi_interconnect_hp0_0/s03_couplers_imp_13X28CE/design_1_axi_interconnect_hp0_imp_auto_pc_3/design_1_axi_interconnect_hp0_imp_auto_pc_3_axi_protocol_converter_v2_1_37_axi_protocol_converter/design_1_axi_interconnect_hp0_imp_auto_pc_3_axi_protocol_converter_v2_1_37_axi3_conv/design_1_axi_interconnect_hp0_imp_auto_pc_3_axi_protocol_converter_v2_1_37_a_axi3_conv/design_1_axi_interconnect_hp0_imp_auto_pc_3_axi_data_fifo_v2_1_36_axic_fifo_0/design_1_axi_interconnect_hp0_imp_auto_pc_3_axi_data_fifo_v2_1_36_fifo_gen/<hidden>/<hidden>/<hidden>/<hidden>/<hidden>/<hidden>
    SLICE_X27Y76         FDPE                                         r  snn_core_group_top/design_1_wrapper/design_1/design_1_axi_interconnect_hp0_0/s03_couplers_imp_13X28CE/design_1_axi_interconnect_hp0_imp_auto_pc_3/design_1_axi_interconnect_hp0_imp_auto_pc_3_axi_protocol_converter_v2_1_37_axi_protocol_converter/design_1_axi_interconnect_hp0_imp_auto_pc_3_axi_protocol_converter_v2_1_37_axi3_conv/design_1_axi_interconnect_hp0_imp_auto_pc_3_axi_protocol_converter_v2_1_37_a_axi3_conv/design_1_axi_interconnect_hp0_imp_auto_pc_3_axi_data_fifo_v2_1_36_axic_fifo_0/design_1_axi_interconnect_hp0_imp_auto_pc_3_axi_data_fifo_v2_1_36_fifo_gen/<hidden>/<hidden>/<hidden>/<hidden>/<hidden>/<hidden>
  -------------------------------------------------------------------    -------------------
    SLICE_X27Y76         FDPE (Prop_fdpe_C_Q)         0.419     3.390 f  snn_core_group_top/design_1_wrapper/design_1/design_1_axi_interconnect_hp0_0/s03_couplers_imp_13X28CE/design_1_axi_interconnect_hp0_imp_auto_pc_3/design_1_axi_interconnect_hp0_imp_auto_pc_3_axi_protocol_converter_v2_1_37_axi_protocol_converter/design_1_axi_interconnect_hp0_imp_auto_pc_3_axi_protocol_converter_v2_1_37_axi3_conv/design_1_axi_interconnect_hp0_imp_auto_pc_3_axi_protocol_converter_v2_1_37_a_axi3_conv/design_1_axi_interconnect_hp0_imp_auto_pc_3_axi_data_fifo_v2_1_36_axic_fifo_0/design_1_axi_interconnect_hp0_imp_auto_pc_3_axi_data_fifo_v2_1_36_fifo_gen/<hidden>/<hidden>/<hidden>/<hidden>/<hidden>/<hidden>
                         net (fo=3, routed)           1.212     4.602    snn_core_group_top/design_1_wrapper/design_1/design_1_axi_interconnect_hp0_0/s03_couplers_imp_13X28CE/design_1_axi_interconnect_hp0_imp_auto_pc_3/design_1_axi_interconnect_hp0_imp_auto_pc_3_axi_protocol_converter_v2_1_37_axi_protocol_converter/design_1_axi_interconnect_hp0_imp_auto_pc_3_axi_protocol_converter_v2_1_37_axi3_conv/design_1_axi_interconnect_hp0_imp_auto_pc_3_axi_protocol_converter_v2_1_37_a_axi3_conv/design_1_axi_interconnect_hp0_imp_auto_pc_3_axi_data_fifo_v2_1_36_axic_fifo_0/design_1_axi_interconnect_hp0_imp_auto_pc_3_axi_data_fifo_v2_1_36_fifo_gen/<hidden>/<hidden>/<hidden>/<hidden>/<hidden>
    SLICE_X27Y82         LUT3 (Prop_lut3_I2_O)        0.296     4.898 f  snn_core_group_top/design_1_wrapper/design_1/design_1_axi_interconnect_hp0_0/s03_couplers_imp_13X28CE/design_1_axi_interconnect_hp0_imp_auto_pc_3/design_1_axi_interconnect_hp0_imp_auto_pc_3_axi_protocol_converter_v2_1_37_axi_protocol_converter/design_1_axi_interconnect_hp0_imp_auto_pc_3_axi_protocol_converter_v2_1_37_axi3_conv/design_1_axi_interconnect_hp0_imp_auto_pc_3_axi_protocol_converter_v2_1_37_a_axi3_conv/design_1_axi_interconnect_hp0_imp_auto_pc_3_axi_data_fifo_v2_1_36_axic_fifo_0/design_1_axi_interconnect_hp0_imp_auto_pc_3_axi_data_fifo_v2_1_36_fifo_gen/<hidden>/<hidden>/<hidden>/<hidden>/<hidden>
                         net (fo=32, routed)          0.831     5.728    snn_core_group_top/design_1_wrapper/design_1/design_1_axi_interconnect_hp0_0/s03_couplers_imp_13X28CE/design_1_axi_interconnect_hp0_imp_auto_pc_3/design_1_axi_interconnect_hp0_imp_auto_pc_3_axi_protocol_converter_v2_1_37_axi_protocol_converter/design_1_axi_interconnect_hp0_imp_auto_pc_3_axi_protocol_converter_v2_1_37_axi3_conv/design_1_axi_interconnect_hp0_imp_auto_pc_3_axi_protocol_converter_v2_1_37_a_axi3_conv/design_1_axi_interconnect_hp0_imp_auto_pc_3_axi_data_fifo_v2_1_36_axic_fifo_0/design_1_axi_interconnect_hp0_imp_auto_pc_3_axi_data_fifo_v2_1_36_fifo_gen/<hidden>/<hidden>/<hidden>/<hidden>/<hidden>/<hidden>
    SLICE_X28Y81         FDCE                                         f  snn_core_group_top/design_1_wrapper/design_1/design_1_axi_interconnect_hp0_0/s03_couplers_imp_13X28CE/design_1_axi_interconnect_hp0_imp_auto_pc_3/design_1_axi_interconnect_hp0_imp_auto_pc_3_axi_protocol_converter_v2_1_37_axi_protocol_converter/design_1_axi_interconnect_hp0_imp_auto_pc_3_axi_protocol_converter_v2_1_37_axi3_conv/design_1_axi_interconnect_hp0_imp_auto_pc_3_axi_protocol_converter_v2_1_37_a_axi3_conv/design_1_axi_interconnect_hp0_imp_auto_pc_3_axi_data_fifo_v2_1_36_axic_fifo_0/design_1_axi_interconnect_hp0_imp_auto_pc_3_axi_data_fifo_v2_1_36_fifo_gen/<hidden>/<hidden>/<hidden>/<hidden>/<hidden>/<hidden>
  -------------------------------------------------------------------    -------------------

                         (clock clk_fpga_0 rise edge)
                                                     10.000    10.000 r  
    PS7_X0Y0             PS7                          0.000    10.000 r  u_block_design/design_1_i/processing_system7_0/inst/PS7_i/FCLKCLK[0]
                         net (fo=1, routed)           1.088    11.088    u_block_design/design_1_i/processing_system7_0/inst/FCLK_CLK_unbuffered[0]
    BUFGCTRL_X0Y16       BUFG (Prop_bufg_I_O)         0.091    11.179 r  u_block_design/design_1_i/processing_system7_0/inst/buffer_fclk_clk_0.FCLK_CLK_0_BUFG/O
                         net (fo=22237, routed)       1.515    12.694    snn_core_group_top/design_1_wrapper/design_1/design_1_axi_interconnect_hp0_0/s03_couplers_imp_13X28CE/design_1_axi_interconnect_hp0_imp_auto_pc_3/design_1_axi_interconnect_hp0_imp_auto_pc_3_axi_protocol_converter_v2_1_37_axi_protocol_converter/design_1_axi_interconnect_hp0_imp_auto_pc_3_axi_protocol_converter_v2_1_37_axi3_conv/design_1_axi_interconnect_hp0_imp_auto_pc_3_axi_protocol_converter_v2_1_37_a_axi3_conv/design_1_axi_interconnect_hp0_imp_auto_pc_3_axi_data_fifo_v2_1_36_axic_fifo_0/design_1_axi_interconnect_hp0_imp_auto_pc_3_axi_data_fifo_v2_1_36_fifo_gen/<hidden>/<hidden>/<hidden>/<hidden>/<hidden>/<hidden>
    SLICE_X28Y81         FDCE                                         r  snn_core_group_top/design_1_wrapper/design_1/design_1_axi_interconnect_hp0_0/s03_couplers_imp_13X28CE/design_1_axi_interconnect_hp0_imp_auto_pc_3/design_1_axi_interconnect_hp0_imp_auto_pc_3_axi_protocol_converter_v2_1_37_axi_protocol_converter/design_1_axi_interconnect_hp0_imp_auto_pc_3_axi_protocol_converter_v2_1_37_axi3_conv/design_1_axi_interconnect_hp0_imp_auto_pc_3_axi_protocol_converter_v2_1_37_a_axi3_conv/design_1_axi_interconnect_hp0_imp_auto_pc_3_axi_data_fifo_v2_1_36_axic_fifo_0/design_1_axi_interconnect_hp0_imp_auto_pc_3_axi_data_fifo_v2_1_36_fifo_gen/<hidden>/<hidden>/<hidden>/<hidden>/<hidden>/<hidden>
                         clock pessimism              0.229    12.923    
                         clock uncertainty           -0.154    12.769    
    SLICE_X28Y81         FDCE (Recov_fdce_C_CLR)     -0.405    12.364    snn_core_group_top/design_1_wrapper/design_1/design_1_axi_interconnect_hp0_0/s03_couplers_imp_13X28CE/design_1_axi_interconnect_hp0_imp_auto_pc_3/design_1_axi_interconnect_hp0_imp_auto_pc_3_axi_protocol_converter_v2_1_37_axi_protocol_converter/design_1_axi_interconnect_hp0_imp_auto_pc_3_axi_protocol_converter_v2_1_37_axi3_conv/design_1_axi_interconnect_hp0_imp_auto_pc_3_axi_protocol_converter_v2_1_37_a_axi3_conv/design_1_axi_interconnect_hp0_imp_auto_pc_3_axi_data_fifo_v2_1_36_axic_fifo_0/design_1_axi_interconnect_hp0_imp_auto_pc_3_axi_data_fifo_v2_1_36_fifo_gen/<hidden>/<hidden>/<hidden>/<hidden>/<hidden>/<hidden>
  -------------------------------------------------------------------
                         required time                         12.364    
                         arrival time                          -5.728    
  -------------------------------------------------------------------
                         slack                                  6.635    

Slack (MET) :             6.635ns  (required time - arrival time)
  Source:                 snn_core_group_top/design_1_wrapper/design_1/design_1_axi_interconnect_hp0_0/s03_couplers_imp_13X28CE/design_1_axi_interconnect_hp0_imp_auto_pc_3/design_1_axi_interconnect_hp0_imp_auto_pc_3_axi_protocol_converter_v2_1_37_axi_protocol_converter/design_1_axi_interconnect_hp0_imp_auto_pc_3_axi_protocol_converter_v2_1_37_axi3_conv/design_1_axi_interconnect_hp0_imp_auto_pc_3_axi_protocol_converter_v2_1_37_a_axi3_conv/design_1_axi_interconnect_hp0_imp_auto_pc_3_axi_data_fifo_v2_1_36_axic_fifo_0/design_1_axi_interconnect_hp0_imp_auto_pc_3_axi_data_fifo_v2_1_36_fifo_gen/<hidden>/<hidden>/<hidden>/<hidden>/<hidden>/<hidden>
                            (rising edge-triggered cell FDPE clocked by clk_fpga_0  {rise@0.000ns fall@5.000ns period=10.000ns})
  Destination:            snn_core_group_top/design_1_wrapper/design_1/design_1_axi_interconnect_hp0_0/s03_couplers_imp_13X28CE/design_1_axi_interconnect_hp0_imp_auto_pc_3/design_1_axi_interconnect_hp0_imp_auto_pc_3_axi_protocol_converter_v2_1_37_axi_protocol_converter/design_1_axi_interconnect_hp0_imp_auto_pc_3_axi_protocol_converter_v2_1_37_axi3_conv/design_1_axi_interconnect_hp0_imp_auto_pc_3_axi_protocol_converter_v2_1_37_a_axi3_conv/design_1_axi_interconnect_hp0_imp_auto_pc_3_axi_data_fifo_v2_1_36_axic_fifo_0/design_1_axi_interconnect_hp0_imp_auto_pc_3_axi_data_fifo_v2_1_36_fifo_gen/<hidden>/<hidden>/<hidden>/<hidden>/<hidden>/<hidden>
                            (recovery check against rising-edge clock clk_fpga_0  {rise@0.000ns fall@5.000ns period=10.000ns})
  Path Group:             **async_default**
  Path Type:              Recovery (Max at Slow Process Corner)
  Requirement:            10.000ns  (clk_fpga_0 rise@10.000ns - clk_fpga_0 rise@0.000ns)
  Data Path Delay:        2.757ns  (logic 0.715ns (25.930%)  route 2.042ns (74.070%))
  Logic Levels:           1  (LUT3=1)
  Clock Path Skew:        -0.048ns (DCD - SCD + CPR)
    Destination Clock Delay (DCD):    2.694ns = ( 12.694 - 10.000 ) 
    Source Clock Delay      (SCD):    2.971ns
    Clock Pessimism Removal (CPR):    0.229ns
  Clock Uncertainty:      0.154ns  ((TSJ^2 + TIJ^2)^1/2 + DJ) / 2 + PE
    Total System Jitter     (TSJ):    0.071ns
    Total Input Jitter      (TIJ):    0.300ns
    Discrete Jitter          (DJ):    0.000ns
    Phase Error              (PE):    0.000ns

    Location             Delay type                Incr(ns)  Path(ns)    Netlist Resource(s)
  -------------------------------------------------------------------    -------------------
                         (clock clk_fpga_0 rise edge)
                                                      0.000     0.000 r  
    PS7_X0Y0             PS7                          0.000     0.000 r  u_block_design/design_1_i/processing_system7_0/inst/PS7_i/FCLKCLK[0]
                         net (fo=1, routed)           1.193     1.193    u_block_design/design_1_i/processing_system7_0/inst/FCLK_CLK_unbuffered[0]
    BUFGCTRL_X0Y16       BUFG (Prop_bufg_I_O)         0.101     1.294 r  u_block_design/design_1_i/processing_system7_0/inst/buffer_fclk_clk_0.FCLK_CLK_0_BUFG/O
                         net (fo=22237, routed)       1.677     2.971    snn_core_group_top/design_1_wrapper/design_1/design_1_axi_interconnect_hp0_0/s03_couplers_imp_13X28CE/design_1_axi_interconnect_hp0_imp_auto_pc_3/design_1_axi_interconnect_hp0_imp_auto_pc_3_axi_protocol_converter_v2_1_37_axi_protocol_converter/design_1_axi_interconnect_hp0_imp_auto_pc_3_axi_protocol_converter_v2_1_37_axi3_conv/design_1_axi_interconnect_hp0_imp_auto_pc_3_axi_protocol_converter_v2_1_37_a_axi3_conv/design_1_axi_interconnect_hp0_imp_auto_pc_3_axi_data_fifo_v2_1_36_axic_fifo_0/design_1_axi_interconnect_hp0_imp_auto_pc_3_axi_data_fifo_v2_1_36_fifo_gen/<hidden>/<hidden>/<hidden>/<hidden>/<hidden>/<hidden>
    SLICE_X27Y76         FDPE                                         r  snn_core_group_top/design_1_wrapper/design_1/design_1_axi_interconnect_hp0_0/s03_couplers_imp_13X28CE/design_1_axi_interconnect_hp0_imp_auto_pc_3/design_1_axi_interconnect_hp0_imp_auto_pc_3_axi_protocol_converter_v2_1_37_axi_protocol_converter/design_1_axi_interconnect_hp0_imp_auto_pc_3_axi_protocol_converter_v2_1_37_axi3_conv/design_1_axi_interconnect_hp0_imp_auto_pc_3_axi_protocol_converter_v2_1_37_a_axi3_conv/design_1_axi_interconnect_hp0_imp_auto_pc_3_axi_data_fifo_v2_1_36_axic_fifo_0/design_1_axi_interconnect_hp0_imp_auto_pc_3_axi_data_fifo_v2_1_36_fifo_gen/<hidden>/<hidden>/<hidden>/<hidden>/<hidden>/<hidden>
  -------------------------------------------------------------------    -------------------
    SLICE_X27Y76         FDPE (Prop_fdpe_C_Q)         0.419     3.390 f  snn_core_group_top/design_1_wrapper/design_1/design_1_axi_interconnect_hp0_0/s03_couplers_imp_13X28CE/design_1_axi_interconnect_hp0_imp_auto_pc_3/design_1_axi_interconnect_hp0_imp_auto_pc_3_axi_protocol_converter_v2_1_37_axi_protocol_converter/design_1_axi_interconnect_hp0_imp_auto_pc_3_axi_protocol_converter_v2_1_37_axi3_conv/design_1_axi_interconnect_hp0_imp_auto_pc_3_axi_protocol_converter_v2_1_37_a_axi3_conv/design_1_axi_interconnect_hp0_imp_auto_pc_3_axi_data_fifo_v2_1_36_axic_fifo_0/design_1_axi_interconnect_hp0_imp_auto_pc_3_axi_data_fifo_v2_1_36_fifo_gen/<hidden>/<hidden>/<hidden>/<hidden>/<hidden>/<hidden>
                         net (fo=3, routed)           1.212     4.602    snn_core_group_top/design_1_wrapper/design_1/design_1_axi_interconnect_hp0_0/s03_couplers_imp_13X28CE/design_1_axi_interconnect_hp0_imp_auto_pc_3/design_1_axi_interconnect_hp0_imp_auto_pc_3_axi_protocol_converter_v2_1_37_axi_protocol_converter/design_1_axi_interconnect_hp0_imp_auto_pc_3_axi_protocol_converter_v2_1_37_axi3_conv/design_1_axi_interconnect_hp0_imp_auto_pc_3_axi_protocol_converter_v2_1_37_a_axi3_conv/design_1_axi_interconnect_hp0_imp_auto_pc_3_axi_data_fifo_v2_1_36_axic_fifo_0/design_1_axi_interconnect_hp0_imp_auto_pc_3_axi_data_fifo_v2_1_36_fifo_gen/<hidden>/<hidden>/<hidden>/<hidden>/<hidden>
    SLICE_X27Y82         LUT3 (Prop_lut3_I2_O)        0.296     4.898 f  snn_core_group_top/design_1_wrapper/design_1/design_1_axi_interconnect_hp0_0/s03_couplers_imp_13X28CE/design_1_axi_interconnect_hp0_imp_auto_pc_3/design_1_axi_interconnect_hp0_imp_auto_pc_3_axi_protocol_converter_v2_1_37_axi_protocol_converter/design_1_axi_interconnect_hp0_imp_auto_pc_3_axi_protocol_converter_v2_1_37_axi3_conv/design_1_axi_interconnect_hp0_imp_auto_pc_3_axi_protocol_converter_v2_1_37_a_axi3_conv/design_1_axi_interconnect_hp0_imp_auto_pc_3_axi_data_fifo_v2_1_36_axic_fifo_0/design_1_axi_interconnect_hp0_imp_auto_pc_3_axi_data_fifo_v2_1_36_fifo_gen/<hidden>/<hidden>/<hidden>/<hidden>/<hidden>
                         net (fo=32, routed)          0.831     5.728    snn_core_group_top/design_1_wrapper/design_1/design_1_axi_interconnect_hp0_0/s03_couplers_imp_13X28CE/design_1_axi_interconnect_hp0_imp_auto_pc_3/design_1_axi_interconnect_hp0_imp_auto_pc_3_axi_protocol_converter_v2_1_37_axi_protocol_converter/design_1_axi_interconnect_hp0_imp_auto_pc_3_axi_protocol_converter_v2_1_37_axi3_conv/design_1_axi_interconnect_hp0_imp_auto_pc_3_axi_protocol_converter_v2_1_37_a_axi3_conv/design_1_axi_interconnect_hp0_imp_auto_pc_3_axi_data_fifo_v2_1_36_axic_fifo_0/design_1_axi_interconnect_hp0_imp_auto_pc_3_axi_data_fifo_v2_1_36_fifo_gen/<hidden>/<hidden>/<hidden>/<hidden>/<hidden>/<hidden>
    SLICE_X28Y81         FDCE                                         f  snn_core_group_top/design_1_wrapper/design_1/design_1_axi_interconnect_hp0_0/s03_couplers_imp_13X28CE/design_1_axi_interconnect_hp0_imp_auto_pc_3/design_1_axi_interconnect_hp0_imp_auto_pc_3_axi_protocol_converter_v2_1_37_axi_protocol_converter/design_1_axi_interconnect_hp0_imp_auto_pc_3_axi_protocol_converter_v2_1_37_axi3_conv/design_1_axi_interconnect_hp0_imp_auto_pc_3_axi_protocol_converter_v2_1_37_a_axi3_conv/design_1_axi_interconnect_hp0_imp_auto_pc_3_axi_data_fifo_v2_1_36_axic_fifo_0/design_1_axi_interconnect_hp0_imp_auto_pc_3_axi_data_fifo_v2_1_36_fifo_gen/<hidden>/<hidden>/<hidden>/<hidden>/<hidden>/<hidden>
  -------------------------------------------------------------------    -------------------

                         (clock clk_fpga_0 rise edge)
                                                     10.000    10.000 r  
    PS7_X0Y0             PS7                          0.000    10.000 r  u_block_design/design_1_i/processing_system7_0/inst/PS7_i/FCLKCLK[0]
                         net (fo=1, routed)           1.088    11.088    u_block_design/design_1_i/processing_system7_0/inst/FCLK_CLK_unbuffered[0]
    BUFGCTRL_X0Y16       BUFG (Prop_bufg_I_O)         0.091    11.179 r  u_block_design/design_1_i/processing_system7_0/inst/buffer_fclk_clk_0.FCLK_CLK_0_BUFG/O
                         net (fo=22237, routed)       1.515    12.694    snn_core_group_top/design_1_wrapper/design_1/design_1_axi_interconnect_hp0_0/s03_couplers_imp_13X28CE/design_1_axi_interconnect_hp0_imp_auto_pc_3/design_1_axi_interconnect_hp0_imp_auto_pc_3_axi_protocol_converter_v2_1_37_axi_protocol_converter/design_1_axi_interconnect_hp0_imp_auto_pc_3_axi_protocol_converter_v2_1_37_axi3_conv/design_1_axi_interconnect_hp0_imp_auto_pc_3_axi_protocol_converter_v2_1_37_a_axi3_conv/design_1_axi_interconnect_hp0_imp_auto_pc_3_axi_data_fifo_v2_1_36_axic_fifo_0/design_1_axi_interconnect_hp0_imp_auto_pc_3_axi_data_fifo_v2_1_36_fifo_gen/<hidden>/<hidden>/<hidden>/<hidden>/<hidden>/<hidden>
    SLICE_X28Y81         FDCE                                         r  snn_core_group_top/design_1_wrapper/design_1/design_1_axi_interconnect_hp0_0/s03_couplers_imp_13X28CE/design_1_axi_interconnect_hp0_imp_auto_pc_3/design_1_axi_interconnect_hp0_imp_auto_pc_3_axi_protocol_converter_v2_1_37_axi_protocol_converter/design_1_axi_interconnect_hp0_imp_auto_pc_3_axi_protocol_converter_v2_1_37_axi3_conv/design_1_axi_interconnect_hp0_imp_auto_pc_3_axi_protocol_converter_v2_1_37_a_axi3_conv/design_1_axi_interconnect_hp0_imp_auto_pc_3_axi_data_fifo_v2_1_36_axic_fifo_0/design_1_axi_interconnect_hp0_imp_auto_pc_3_axi_data_fifo_v2_1_36_fifo_gen/<hidden>/<hidden>/<hidden>/<hidden>/<hidden>/<hidden>
                         clock pessimism              0.229    12.923    
                         clock uncertainty           -0.154    12.769    
    SLICE_X28Y81         FDCE (Recov_fdce_C_CLR)     -0.405    12.364    snn_core_group_top/design_1_wrapper/design_1/design_1_axi_interconnect_hp0_0/s03_couplers_imp_13X28CE/design_1_axi_interconnect_hp0_imp_auto_pc_3/design_1_axi_interconnect_hp0_imp_auto_pc_3_axi_protocol_converter_v2_1_37_axi_protocol_converter/design_1_axi_interconnect_hp0_imp_auto_pc_3_axi_protocol_converter_v2_1_37_axi3_conv/design_1_axi_interconnect_hp0_imp_auto_pc_3_axi_protocol_converter_v2_1_37_a_axi3_conv/design_1_axi_interconnect_hp0_imp_auto_pc_3_axi_data_fifo_v2_1_36_axic_fifo_0/design_1_axi_interconnect_hp0_imp_auto_pc_3_axi_data_fifo_v2_1_36_fifo_gen/<hidden>/<hidden>/<hidden>/<hidden>/<hidden>/<hidden>
  -------------------------------------------------------------------
                         required time                         12.364    
                         arrival time                          -5.728    
  -------------------------------------------------------------------
                         slack                                  6.635    

Slack (MET) :             6.640ns  (required time - arrival time)
  Source:                 snn_core_group_top/design_1_wrapper/design_1/design_1_axi_interconnect_hp0_0/s03_couplers_imp_13X28CE/design_1_axi_interconnect_hp0_imp_auto_pc_3/design_1_axi_interconnect_hp0_imp_auto_pc_3_axi_protocol_converter_v2_1_37_axi_protocol_converter/design_1_axi_interconnect_hp0_imp_auto_pc_3_axi_protocol_converter_v2_1_37_axi3_conv/design_1_axi_interconnect_hp0_imp_auto_pc_3_axi_protocol_converter_v2_1_37_a_axi3_conv/design_1_axi_interconnect_hp0_imp_auto_pc_3_axi_data_fifo_v2_1_36_axic_fifo_0/design_1_axi_interconnect_hp0_imp_auto_pc_3_axi_data_fifo_v2_1_36_fifo_gen/<hidden>/<hidden>/<hidden>/<hidden>/<hidden>/<hidden>
                            (rising edge-triggered cell FDPE clocked by clk_fpga_0  {rise@0.000ns fall@5.000ns period=10.000ns})
  Destination:            snn_core_group_top/design_1_wrapper/design_1/design_1_axi_interconnect_hp0_0/s03_couplers_imp_13X28CE/design_1_axi_interconnect_hp0_imp_auto_pc_3/design_1_axi_interconnect_hp0_imp_auto_pc_3_axi_protocol_converter_v2_1_37_axi_protocol_converter/design_1_axi_interconnect_hp0_imp_auto_pc_3_axi_protocol_converter_v2_1_37_axi3_conv/design_1_axi_interconnect_hp0_imp_auto_pc_3_axi_protocol_converter_v2_1_37_a_axi3_conv/design_1_axi_interconnect_hp0_imp_auto_pc_3_axi_data_fifo_v2_1_36_axic_fifo_0/design_1_axi_interconnect_hp0_imp_auto_pc_3_axi_data_fifo_v2_1_36_fifo_gen/<hidden>/<hidden>/<hidden>/<hidden>/<hidden>/<hidden>
                            (recovery check against rising-edge clock clk_fpga_0  {rise@0.000ns fall@5.000ns period=10.000ns})
  Path Group:             **async_default**
  Path Type:              Recovery (Max at Slow Process Corner)
  Requirement:            10.000ns  (clk_fpga_0 rise@10.000ns - clk_fpga_0 rise@0.000ns)
  Data Path Delay:        2.753ns  (logic 0.715ns (25.971%)  route 2.038ns (74.029%))
  Logic Levels:           1  (LUT3=1)
  Clock Path Skew:        -0.048ns (DCD - SCD + CPR)
    Destination Clock Delay (DCD):    2.694ns = ( 12.694 - 10.000 ) 
    Source Clock Delay      (SCD):    2.971ns
    Clock Pessimism Removal (CPR):    0.229ns
  Clock Uncertainty:      0.154ns  ((TSJ^2 + TIJ^2)^1/2 + DJ) / 2 + PE
    Total System Jitter     (TSJ):    0.071ns
    Total Input Jitter      (TIJ):    0.300ns
    Discrete Jitter          (DJ):    0.000ns
    Phase Error              (PE):    0.000ns

    Location             Delay type                Incr(ns)  Path(ns)    Netlist Resource(s)
  -------------------------------------------------------------------    -------------------
                         (clock clk_fpga_0 rise edge)
                                                      0.000     0.000 r  
    PS7_X0Y0             PS7                          0.000     0.000 r  u_block_design/design_1_i/processing_system7_0/inst/PS7_i/FCLKCLK[0]
                         net (fo=1, routed)           1.193     1.193    u_block_design/design_1_i/processing_system7_0/inst/FCLK_CLK_unbuffered[0]
    BUFGCTRL_X0Y16       BUFG (Prop_bufg_I_O)         0.101     1.294 r  u_block_design/design_1_i/processing_system7_0/inst/buffer_fclk_clk_0.FCLK_CLK_0_BUFG/O
                         net (fo=22237, routed)       1.677     2.971    snn_core_group_top/design_1_wrapper/design_1/design_1_axi_interconnect_hp0_0/s03_couplers_imp_13X28CE/design_1_axi_interconnect_hp0_imp_auto_pc_3/design_1_axi_interconnect_hp0_imp_auto_pc_3_axi_protocol_converter_v2_1_37_axi_protocol_converter/design_1_axi_interconnect_hp0_imp_auto_pc_3_axi_protocol_converter_v2_1_37_axi3_conv/design_1_axi_interconnect_hp0_imp_auto_pc_3_axi_protocol_converter_v2_1_37_a_axi3_conv/design_1_axi_interconnect_hp0_imp_auto_pc_3_axi_data_fifo_v2_1_36_axic_fifo_0/design_1_axi_interconnect_hp0_imp_auto_pc_3_axi_data_fifo_v2_1_36_fifo_gen/<hidden>/<hidden>/<hidden>/<hidden>/<hidden>/<hidden>
    SLICE_X27Y76         FDPE                                         r  snn_core_group_top/design_1_wrapper/design_1/design_1_axi_interconnect_hp0_0/s03_couplers_imp_13X28CE/design_1_axi_interconnect_hp0_imp_auto_pc_3/design_1_axi_interconnect_hp0_imp_auto_pc_3_axi_protocol_converter_v2_1_37_axi_protocol_converter/design_1_axi_interconnect_hp0_imp_auto_pc_3_axi_protocol_converter_v2_1_37_axi3_conv/design_1_axi_interconnect_hp0_imp_auto_pc_3_axi_protocol_converter_v2_1_37_a_axi3_conv/design_1_axi_interconnect_hp0_imp_auto_pc_3_axi_data_fifo_v2_1_36_axic_fifo_0/design_1_axi_interconnect_hp0_imp_auto_pc_3_axi_data_fifo_v2_1_36_fifo_gen/<hidden>/<hidden>/<hidden>/<hidden>/<hidden>/<hidden>
  -------------------------------------------------------------------    -------------------
    SLICE_X27Y76         FDPE (Prop_fdpe_C_Q)         0.419     3.390 f  snn_core_group_top/design_1_wrapper/design_1/design_1_axi_interconnect_hp0_0/s03_couplers_imp_13X28CE/design_1_axi_interconnect_hp0_imp_auto_pc_3/design_1_axi_interconnect_hp0_imp_auto_pc_3_axi_protocol_converter_v2_1_37_axi_protocol_converter/design_1_axi_interconnect_hp0_imp_auto_pc_3_axi_protocol_converter_v2_1_37_axi3_conv/design_1_axi_interconnect_hp0_imp_auto_pc_3_axi_protocol_converter_v2_1_37_a_axi3_conv/design_1_axi_interconnect_hp0_imp_auto_pc_3_axi_data_fifo_v2_1_36_axic_fifo_0/design_1_axi_interconnect_hp0_imp_auto_pc_3_axi_data_fifo_v2_1_36_fifo_gen/<hidden>/<hidden>/<hidden>/<hidden>/<hidden>/<hidden>
                         net (fo=3, routed)           1.212     4.602    snn_core_group_top/design_1_wrapper/design_1/design_1_axi_interconnect_hp0_0/s03_couplers_imp_13X28CE/design_1_axi_interconnect_hp0_imp_auto_pc_3/design_1_axi_interconnect_hp0_imp_auto_pc_3_axi_protocol_converter_v2_1_37_axi_protocol_converter/design_1_axi_interconnect_hp0_imp_auto_pc_3_axi_protocol_converter_v2_1_37_axi3_conv/design_1_axi_interconnect_hp0_imp_auto_pc_3_axi_protocol_converter_v2_1_37_a_axi3_conv/design_1_axi_interconnect_hp0_imp_auto_pc_3_axi_data_fifo_v2_1_36_axic_fifo_0/design_1_axi_interconnect_hp0_imp_auto_pc_3_axi_data_fifo_v2_1_36_fifo_gen/<hidden>/<hidden>/<hidden>/<hidden>/<hidden>
    SLICE_X27Y82         LUT3 (Prop_lut3_I2_O)        0.296     4.898 f  snn_core_group_top/design_1_wrapper/design_1/design_1_axi_interconnect_hp0_0/s03_couplers_imp_13X28CE/design_1_axi_interconnect_hp0_imp_auto_pc_3/design_1_axi_interconnect_hp0_imp_auto_pc_3_axi_protocol_converter_v2_1_37_axi_protocol_converter/design_1_axi_interconnect_hp0_imp_auto_pc_3_axi_protocol_converter_v2_1_37_axi3_conv/design_1_axi_interconnect_hp0_imp_auto_pc_3_axi_protocol_converter_v2_1_37_a_axi3_conv/design_1_axi_interconnect_hp0_imp_auto_pc_3_axi_data_fifo_v2_1_36_axic_fifo_0/design_1_axi_interconnect_hp0_imp_auto_pc_3_axi_data_fifo_v2_1_36_fifo_gen/<hidden>/<hidden>/<hidden>/<hidden>/<hidden>
                         net (fo=32, routed)          0.826     5.724    snn_core_group_top/design_1_wrapper/design_1/design_1_axi_interconnect_hp0_0/s03_couplers_imp_13X28CE/design_1_axi_interconnect_hp0_imp_auto_pc_3/design_1_axi_interconnect_hp0_imp_auto_pc_3_axi_protocol_converter_v2_1_37_axi_protocol_converter/design_1_axi_interconnect_hp0_imp_auto_pc_3_axi_protocol_converter_v2_1_37_axi3_conv/design_1_axi_interconnect_hp0_imp_auto_pc_3_axi_protocol_converter_v2_1_37_a_axi3_conv/design_1_axi_interconnect_hp0_imp_auto_pc_3_axi_data_fifo_v2_1_36_axic_fifo_0/design_1_axi_interconnect_hp0_imp_auto_pc_3_axi_data_fifo_v2_1_36_fifo_gen/<hidden>/<hidden>/<hidden>/<hidden>/<hidden>/<hidden>
    SLICE_X29Y81         FDCE                                         f  snn_core_group_top/design_1_wrapper/design_1/design_1_axi_interconnect_hp0_0/s03_couplers_imp_13X28CE/design_1_axi_interconnect_hp0_imp_auto_pc_3/design_1_axi_interconnect_hp0_imp_auto_pc_3_axi_protocol_converter_v2_1_37_axi_protocol_converter/design_1_axi_interconnect_hp0_imp_auto_pc_3_axi_protocol_converter_v2_1_37_axi3_conv/design_1_axi_interconnect_hp0_imp_auto_pc_3_axi_protocol_converter_v2_1_37_a_axi3_conv/design_1_axi_interconnect_hp0_imp_auto_pc_3_axi_data_fifo_v2_1_36_axic_fifo_0/design_1_axi_interconnect_hp0_imp_auto_pc_3_axi_data_fifo_v2_1_36_fifo_gen/<hidden>/<hidden>/<hidden>/<hidden>/<hidden>/<hidden>
  -------------------------------------------------------------------    -------------------

                         (clock clk_fpga_0 rise edge)
                                                     10.000    10.000 r  
    PS7_X0Y0             PS7                          0.000    10.000 r  u_block_design/design_1_i/processing_system7_0/inst/PS7_i/FCLKCLK[0]
                         net (fo=1, routed)           1.088    11.088    u_block_design/design_1_i/processing_system7_0/inst/FCLK_CLK_unbuffered[0]
    BUFGCTRL_X0Y16       BUFG (Prop_bufg_I_O)         0.091    11.179 r  u_block_design/design_1_i/processing_system7_0/inst/buffer_fclk_clk_0.FCLK_CLK_0_BUFG/O
                         net (fo=22237, routed)       1.515    12.694    snn_core_group_top/design_1_wrapper/design_1/design_1_axi_interconnect_hp0_0/s03_couplers_imp_13X28CE/design_1_axi_interconnect_hp0_imp_auto_pc_3/design_1_axi_interconnect_hp0_imp_auto_pc_3_axi_protocol_converter_v2_1_37_axi_protocol_converter/design_1_axi_interconnect_hp0_imp_auto_pc_3_axi_protocol_converter_v2_1_37_axi3_conv/design_1_axi_interconnect_hp0_imp_auto_pc_3_axi_protocol_converter_v2_1_37_a_axi3_conv/design_1_axi_interconnect_hp0_imp_auto_pc_3_axi_data_fifo_v2_1_36_axic_fifo_0/design_1_axi_interconnect_hp0_imp_auto_pc_3_axi_data_fifo_v2_1_36_fifo_gen/<hidden>/<hidden>/<hidden>/<hidden>/<hidden>/<hidden>
    SLICE_X29Y81         FDCE                                         r  snn_core_group_top/design_1_wrapper/design_1/design_1_axi_interconnect_hp0_0/s03_couplers_imp_13X28CE/design_1_axi_interconnect_hp0_imp_auto_pc_3/design_1_axi_interconnect_hp0_imp_auto_pc_3_axi_protocol_converter_v2_1_37_axi_protocol_converter/design_1_axi_interconnect_hp0_imp_auto_pc_3_axi_protocol_converter_v2_1_37_axi3_conv/design_1_axi_interconnect_hp0_imp_auto_pc_3_axi_protocol_converter_v2_1_37_a_axi3_conv/design_1_axi_interconnect_hp0_imp_auto_pc_3_axi_data_fifo_v2_1_36_axic_fifo_0/design_1_axi_interconnect_hp0_imp_auto_pc_3_axi_data_fifo_v2_1_36_fifo_gen/<hidden>/<hidden>/<hidden>/<hidden>/<hidden>/<hidden>
                         clock pessimism              0.229    12.923    
                         clock uncertainty           -0.154    12.769    
    SLICE_X29Y81         FDCE (Recov_fdce_C_CLR)     -0.405    12.364    snn_core_group_top/design_1_wrapper/design_1/design_1_axi_interconnect_hp0_0/s03_couplers_imp_13X28CE/design_1_axi_interconnect_hp0_imp_auto_pc_3/design_1_axi_interconnect_hp0_imp_auto_pc_3_axi_protocol_converter_v2_1_37_axi_protocol_converter/design_1_axi_interconnect_hp0_imp_auto_pc_3_axi_protocol_converter_v2_1_37_axi3_conv/design_1_axi_interconnect_hp0_imp_auto_pc_3_axi_protocol_converter_v2_1_37_a_axi3_conv/design_1_axi_interconnect_hp0_imp_auto_pc_3_axi_data_fifo_v2_1_36_axic_fifo_0/design_1_axi_interconnect_hp0_imp_auto_pc_3_axi_data_fifo_v2_1_36_fifo_gen/<hidden>/<hidden>/<hidden>/<hidden>/<hidden>/<hidden>
  -------------------------------------------------------------------
                         required time                         12.364    
                         arrival time                          -5.724    
  -------------------------------------------------------------------
                         slack                                  6.640    

Slack (MET) :             6.640ns  (required time - arrival time)
  Source:                 snn_core_group_top/design_1_wrapper/design_1/design_1_axi_interconnect_hp0_0/s03_couplers_imp_13X28CE/design_1_axi_interconnect_hp0_imp_auto_pc_3/design_1_axi_interconnect_hp0_imp_auto_pc_3_axi_protocol_converter_v2_1_37_axi_protocol_converter/design_1_axi_interconnect_hp0_imp_auto_pc_3_axi_protocol_converter_v2_1_37_axi3_conv/design_1_axi_interconnect_hp0_imp_auto_pc_3_axi_protocol_converter_v2_1_37_a_axi3_conv/design_1_axi_interconnect_hp0_imp_auto_pc_3_axi_data_fifo_v2_1_36_axic_fifo_0/design_1_axi_interconnect_hp0_imp_auto_pc_3_axi_data_fifo_v2_1_36_fifo_gen/<hidden>/<hidden>/<hidden>/<hidden>/<hidden>/<hidden>
                            (rising edge-triggered cell FDPE clocked by clk_fpga_0  {rise@0.000ns fall@5.000ns period=10.000ns})
  Destination:            snn_core_group_top/design_1_wrapper/design_1/design_1_axi_interconnect_hp0_0/s03_couplers_imp_13X28CE/design_1_axi_interconnect_hp0_imp_auto_pc_3/design_1_axi_interconnect_hp0_imp_auto_pc_3_axi_protocol_converter_v2_1_37_axi_protocol_converter/design_1_axi_interconnect_hp0_imp_auto_pc_3_axi_protocol_converter_v2_1_37_axi3_conv/design_1_axi_interconnect_hp0_imp_auto_pc_3_axi_protocol_converter_v2_1_37_a_axi3_conv/design_1_axi_interconnect_hp0_imp_auto_pc_3_axi_data_fifo_v2_1_36_axic_fifo_0/design_1_axi_interconnect_hp0_imp_auto_pc_3_axi_data_fifo_v2_1_36_fifo_gen/<hidden>/<hidden>/<hidden>/<hidden>/<hidden>/<hidden>
                            (recovery check against rising-edge clock clk_fpga_0  {rise@0.000ns fall@5.000ns period=10.000ns})
  Path Group:             **async_default**
  Path Type:              Recovery (Max at Slow Process Corner)
  Requirement:            10.000ns  (clk_fpga_0 rise@10.000ns - clk_fpga_0 rise@0.000ns)
  Data Path Delay:        2.753ns  (logic 0.715ns (25.971%)  route 2.038ns (74.029%))
  Logic Levels:           1  (LUT3=1)
  Clock Path Skew:        -0.048ns (DCD - SCD + CPR)
    Destination Clock Delay (DCD):    2.694ns = ( 12.694 - 10.000 ) 
    Source Clock Delay      (SCD):    2.971ns
    Clock Pessimism Removal (CPR):    0.229ns
  Clock Uncertainty:      0.154ns  ((TSJ^2 + TIJ^2)^1/2 + DJ) / 2 + PE
    Total System Jitter     (TSJ):    0.071ns
    Total Input Jitter      (TIJ):    0.300ns
    Discrete Jitter          (DJ):    0.000ns
    Phase Error              (PE):    0.000ns

    Location             Delay type                Incr(ns)  Path(ns)    Netlist Resource(s)
  -------------------------------------------------------------------    -------------------
                         (clock clk_fpga_0 rise edge)
                                                      0.000     0.000 r  
    PS7_X0Y0             PS7                          0.000     0.000 r  u_block_design/design_1_i/processing_system7_0/inst/PS7_i/FCLKCLK[0]
                         net (fo=1, routed)           1.193     1.193    u_block_design/design_1_i/processing_system7_0/inst/FCLK_CLK_unbuffered[0]
    BUFGCTRL_X0Y16       BUFG (Prop_bufg_I_O)         0.101     1.294 r  u_block_design/design_1_i/processing_system7_0/inst/buffer_fclk_clk_0.FCLK_CLK_0_BUFG/O
                         net (fo=22237, routed)       1.677     2.971    snn_core_group_top/design_1_wrapper/design_1/design_1_axi_interconnect_hp0_0/s03_couplers_imp_13X28CE/design_1_axi_interconnect_hp0_imp_auto_pc_3/design_1_axi_interconnect_hp0_imp_auto_pc_3_axi_protocol_converter_v2_1_37_axi_protocol_converter/design_1_axi_interconnect_hp0_imp_auto_pc_3_axi_protocol_converter_v2_1_37_axi3_conv/design_1_axi_interconnect_hp0_imp_auto_pc_3_axi_protocol_converter_v2_1_37_a_axi3_conv/design_1_axi_interconnect_hp0_imp_auto_pc_3_axi_data_fifo_v2_1_36_axic_fifo_0/design_1_axi_interconnect_hp0_imp_auto_pc_3_axi_data_fifo_v2_1_36_fifo_gen/<hidden>/<hidden>/<hidden>/<hidden>/<hidden>/<hidden>
    SLICE_X27Y76         FDPE                                         r  snn_core_group_top/design_1_wrapper/design_1/design_1_axi_interconnect_hp0_0/s03_couplers_imp_13X28CE/design_1_axi_interconnect_hp0_imp_auto_pc_3/design_1_axi_interconnect_hp0_imp_auto_pc_3_axi_protocol_converter_v2_1_37_axi_protocol_converter/design_1_axi_interconnect_hp0_imp_auto_pc_3_axi_protocol_converter_v2_1_37_axi3_conv/design_1_axi_interconnect_hp0_imp_auto_pc_3_axi_protocol_converter_v2_1_37_a_axi3_conv/design_1_axi_interconnect_hp0_imp_auto_pc_3_axi_data_fifo_v2_1_36_axic_fifo_0/design_1_axi_interconnect_hp0_imp_auto_pc_3_axi_data_fifo_v2_1_36_fifo_gen/<hidden>/<hidden>/<hidden>/<hidden>/<hidden>/<hidden>
  -------------------------------------------------------------------    -------------------
    SLICE_X27Y76         FDPE (Prop_fdpe_C_Q)         0.419     3.390 f  snn_core_group_top/design_1_wrapper/design_1/design_1_axi_interconnect_hp0_0/s03_couplers_imp_13X28CE/design_1_axi_interconnect_hp0_imp_auto_pc_3/design_1_axi_interconnect_hp0_imp_auto_pc_3_axi_protocol_converter_v2_1_37_axi_protocol_converter/design_1_axi_interconnect_hp0_imp_auto_pc_3_axi_protocol_converter_v2_1_37_axi3_conv/design_1_axi_interconnect_hp0_imp_auto_pc_3_axi_protocol_converter_v2_1_37_a_axi3_conv/design_1_axi_interconnect_hp0_imp_auto_pc_3_axi_data_fifo_v2_1_36_axic_fifo_0/design_1_axi_interconnect_hp0_imp_auto_pc_3_axi_data_fifo_v2_1_36_fifo_gen/<hidden>/<hidden>/<hidden>/<hidden>/<hidden>/<hidden>
                         net (fo=3, routed)           1.212     4.602    snn_core_group_top/design_1_wrapper/design_1/design_1_axi_interconnect_hp0_0/s03_couplers_imp_13X28CE/design_1_axi_interconnect_hp0_imp_auto_pc_3/design_1_axi_interconnect_hp0_imp_auto_pc_3_axi_protocol_converter_v2_1_37_axi_protocol_converter/design_1_axi_interconnect_hp0_imp_auto_pc_3_axi_protocol_converter_v2_1_37_axi3_conv/design_1_axi_interconnect_hp0_imp_auto_pc_3_axi_protocol_converter_v2_1_37_a_axi3_conv/design_1_axi_interconnect_hp0_imp_auto_pc_3_axi_data_fifo_v2_1_36_axic_fifo_0/design_1_axi_interconnect_hp0_imp_auto_pc_3_axi_data_fifo_v2_1_36_fifo_gen/<hidden>/<hidden>/<hidden>/<hidden>/<hidden>
    SLICE_X27Y82         LUT3 (Prop_lut3_I2_O)        0.296     4.898 f  snn_core_group_top/design_1_wrapper/design_1/design_1_axi_interconnect_hp0_0/s03_couplers_imp_13X28CE/design_1_axi_interconnect_hp0_imp_auto_pc_3/design_1_axi_interconnect_hp0_imp_auto_pc_3_axi_protocol_converter_v2_1_37_axi_protocol_converter/design_1_axi_interconnect_hp0_imp_auto_pc_3_axi_protocol_converter_v2_1_37_axi3_conv/design_1_axi_interconnect_hp0_imp_auto_pc_3_axi_protocol_converter_v2_1_37_a_axi3_conv/design_1_axi_interconnect_hp0_imp_auto_pc_3_axi_data_fifo_v2_1_36_axic_fifo_0/design_1_axi_interconnect_hp0_imp_auto_pc_3_axi_data_fifo_v2_1_36_fifo_gen/<hidden>/<hidden>/<hidden>/<hidden>/<hidden>
                         net (fo=32, routed)          0.826     5.724    snn_core_group_top/design_1_wrapper/design_1/design_1_axi_interconnect_hp0_0/s03_couplers_imp_13X28CE/design_1_axi_interconnect_hp0_imp_auto_pc_3/design_1_axi_interconnect_hp0_imp_auto_pc_3_axi_protocol_converter_v2_1_37_axi_protocol_converter/design_1_axi_interconnect_hp0_imp_auto_pc_3_axi_protocol_converter_v2_1_37_axi3_conv/design_1_axi_interconnect_hp0_imp_auto_pc_3_axi_protocol_converter_v2_1_37_a_axi3_conv/design_1_axi_interconnect_hp0_imp_auto_pc_3_axi_data_fifo_v2_1_36_axic_fifo_0/design_1_axi_interconnect_hp0_imp_auto_pc_3_axi_data_fifo_v2_1_36_fifo_gen/<hidden>/<hidden>/<hidden>/<hidden>/<hidden>/<hidden>
    SLICE_X29Y81         FDCE                                         f  snn_core_group_top/design_1_wrapper/design_1/design_1_axi_interconnect_hp0_0/s03_couplers_imp_13X28CE/design_1_axi_interconnect_hp0_imp_auto_pc_3/design_1_axi_interconnect_hp0_imp_auto_pc_3_axi_protocol_converter_v2_1_37_axi_protocol_converter/design_1_axi_interconnect_hp0_imp_auto_pc_3_axi_protocol_converter_v2_1_37_axi3_conv/design_1_axi_interconnect_hp0_imp_auto_pc_3_axi_protocol_converter_v2_1_37_a_axi3_conv/design_1_axi_interconnect_hp0_imp_auto_pc_3_axi_data_fifo_v2_1_36_axic_fifo_0/design_1_axi_interconnect_hp0_imp_auto_pc_3_axi_data_fifo_v2_1_36_fifo_gen/<hidden>/<hidden>/<hidden>/<hidden>/<hidden>/<hidden>
  -------------------------------------------------------------------    -------------------

                         (clock clk_fpga_0 rise edge)
                                                     10.000    10.000 r  
    PS7_X0Y0             PS7                          0.000    10.000 r  u_block_design/design_1_i/processing_system7_0/inst/PS7_i/FCLKCLK[0]
                         net (fo=1, routed)           1.088    11.088    u_block_design/design_1_i/processing_system7_0/inst/FCLK_CLK_unbuffered[0]
    BUFGCTRL_X0Y16       BUFG (Prop_bufg_I_O)         0.091    11.179 r  u_block_design/design_1_i/processing_system7_0/inst/buffer_fclk_clk_0.FCLK_CLK_0_BUFG/O
                         net (fo=22237, routed)       1.515    12.694    snn_core_group_top/design_1_wrapper/design_1/design_1_axi_interconnect_hp0_0/s03_couplers_imp_13X28CE/design_1_axi_interconnect_hp0_imp_auto_pc_3/design_1_axi_interconnect_hp0_imp_auto_pc_3_axi_protocol_converter_v2_1_37_axi_protocol_converter/design_1_axi_interconnect_hp0_imp_auto_pc_3_axi_protocol_converter_v2_1_37_axi3_conv/design_1_axi_interconnect_hp0_imp_auto_pc_3_axi_protocol_converter_v2_1_37_a_axi3_conv/design_1_axi_interconnect_hp0_imp_auto_pc_3_axi_data_fifo_v2_1_36_axic_fifo_0/design_1_axi_interconnect_hp0_imp_auto_pc_3_axi_data_fifo_v2_1_36_fifo_gen/<hidden>/<hidden>/<hidden>/<hidden>/<hidden>/<hidden>
    SLICE_X29Y81         FDCE                                         r  snn_core_group_top/design_1_wrapper/design_1/design_1_axi_interconnect_hp0_0/s03_couplers_imp_13X28CE/design_1_axi_interconnect_hp0_imp_auto_pc_3/design_1_axi_interconnect_hp0_imp_auto_pc_3_axi_protocol_converter_v2_1_37_axi_protocol_converter/design_1_axi_interconnect_hp0_imp_auto_pc_3_axi_protocol_converter_v2_1_37_axi3_conv/design_1_axi_interconnect_hp0_imp_auto_pc_3_axi_protocol_converter_v2_1_37_a_axi3_conv/design_1_axi_interconnect_hp0_imp_auto_pc_3_axi_data_fifo_v2_1_36_axic_fifo_0/design_1_axi_interconnect_hp0_imp_auto_pc_3_axi_data_fifo_v2_1_36_fifo_gen/<hidden>/<hidden>/<hidden>/<hidden>/<hidden>/<hidden>
                         clock pessimism              0.229    12.923    
                         clock uncertainty           -0.154    12.769    
    SLICE_X29Y81         FDCE (Recov_fdce_C_CLR)     -0.405    12.364    snn_core_group_top/design_1_wrapper/design_1/design_1_axi_interconnect_hp0_0/s03_couplers_imp_13X28CE/design_1_axi_interconnect_hp0_imp_auto_pc_3/design_1_axi_interconnect_hp0_imp_auto_pc_3_axi_protocol_converter_v2_1_37_axi_protocol_converter/design_1_axi_interconnect_hp0_imp_auto_pc_3_axi_protocol_converter_v2_1_37_axi3_conv/design_1_axi_interconnect_hp0_imp_auto_pc_3_axi_protocol_converter_v2_1_37_a_axi3_conv/design_1_axi_interconnect_hp0_imp_auto_pc_3_axi_data_fifo_v2_1_36_axic_fifo_0/design_1_axi_interconnect_hp0_imp_auto_pc_3_axi_data_fifo_v2_1_36_fifo_gen/<hidden>/<hidden>/<hidden>/<hidden>/<hidden>/<hidden>
  -------------------------------------------------------------------
                         required time                         12.364    
                         arrival time                          -5.724    
  -------------------------------------------------------------------
                         slack                                  6.640    

Slack (MET) :             6.640ns  (required time - arrival time)
  Source:                 snn_core_group_top/design_1_wrapper/design_1/design_1_axi_interconnect_hp0_0/s03_couplers_imp_13X28CE/design_1_axi_interconnect_hp0_imp_auto_pc_3/design_1_axi_interconnect_hp0_imp_auto_pc_3_axi_protocol_converter_v2_1_37_axi_protocol_converter/design_1_axi_interconnect_hp0_imp_auto_pc_3_axi_protocol_converter_v2_1_37_axi3_conv/design_1_axi_interconnect_hp0_imp_auto_pc_3_axi_protocol_converter_v2_1_37_a_axi3_conv/design_1_axi_interconnect_hp0_imp_auto_pc_3_axi_data_fifo_v2_1_36_axic_fifo_0/design_1_axi_interconnect_hp0_imp_auto_pc_3_axi_data_fifo_v2_1_36_fifo_gen/<hidden>/<hidden>/<hidden>/<hidden>/<hidden>/<hidden>
                            (rising edge-triggered cell FDPE clocked by clk_fpga_0  {rise@0.000ns fall@5.000ns period=10.000ns})
  Destination:            snn_core_group_top/design_1_wrapper/design_1/design_1_axi_interconnect_hp0_0/s03_couplers_imp_13X28CE/design_1_axi_interconnect_hp0_imp_auto_pc_3/design_1_axi_interconnect_hp0_imp_auto_pc_3_axi_protocol_converter_v2_1_37_axi_protocol_converter/design_1_axi_interconnect_hp0_imp_auto_pc_3_axi_protocol_converter_v2_1_37_axi3_conv/design_1_axi_interconnect_hp0_imp_auto_pc_3_axi_protocol_converter_v2_1_37_a_axi3_conv/design_1_axi_interconnect_hp0_imp_auto_pc_3_axi_data_fifo_v2_1_36_axic_fifo_0/design_1_axi_interconnect_hp0_imp_auto_pc_3_axi_data_fifo_v2_1_36_fifo_gen/<hidden>/<hidden>/<hidden>/<hidden>/<hidden>/<hidden>
                            (recovery check against rising-edge clock clk_fpga_0  {rise@0.000ns fall@5.000ns period=10.000ns})
  Path Group:             **async_default**
  Path Type:              Recovery (Max at Slow Process Corner)
  Requirement:            10.000ns  (clk_fpga_0 rise@10.000ns - clk_fpga_0 rise@0.000ns)
  Data Path Delay:        2.753ns  (logic 0.715ns (25.971%)  route 2.038ns (74.029%))
  Logic Levels:           1  (LUT3=1)
  Clock Path Skew:        -0.048ns (DCD - SCD + CPR)
    Destination Clock Delay (DCD):    2.694ns = ( 12.694 - 10.000 ) 
    Source Clock Delay      (SCD):    2.971ns
    Clock Pessimism Removal (CPR):    0.229ns
  Clock Uncertainty:      0.154ns  ((TSJ^2 + TIJ^2)^1/2 + DJ) / 2 + PE
    Total System Jitter     (TSJ):    0.071ns
    Total Input Jitter      (TIJ):    0.300ns
    Discrete Jitter          (DJ):    0.000ns
    Phase Error              (PE):    0.000ns

    Location             Delay type                Incr(ns)  Path(ns)    Netlist Resource(s)
  -------------------------------------------------------------------    -------------------
                         (clock clk_fpga_0 rise edge)
                                                      0.000     0.000 r  
    PS7_X0Y0             PS7                          0.000     0.000 r  u_block_design/design_1_i/processing_system7_0/inst/PS7_i/FCLKCLK[0]
                         net (fo=1, routed)           1.193     1.193    u_block_design/design_1_i/processing_system7_0/inst/FCLK_CLK_unbuffered[0]
    BUFGCTRL_X0Y16       BUFG (Prop_bufg_I_O)         0.101     1.294 r  u_block_design/design_1_i/processing_system7_0/inst/buffer_fclk_clk_0.FCLK_CLK_0_BUFG/O
                         net (fo=22237, routed)       1.677     2.971    snn_core_group_top/design_1_wrapper/design_1/design_1_axi_interconnect_hp0_0/s03_couplers_imp_13X28CE/design_1_axi_interconnect_hp0_imp_auto_pc_3/design_1_axi_interconnect_hp0_imp_auto_pc_3_axi_protocol_converter_v2_1_37_axi_protocol_converter/design_1_axi_interconnect_hp0_imp_auto_pc_3_axi_protocol_converter_v2_1_37_axi3_conv/design_1_axi_interconnect_hp0_imp_auto_pc_3_axi_protocol_converter_v2_1_37_a_axi3_conv/design_1_axi_interconnect_hp0_imp_auto_pc_3_axi_data_fifo_v2_1_36_axic_fifo_0/design_1_axi_interconnect_hp0_imp_auto_pc_3_axi_data_fifo_v2_1_36_fifo_gen/<hidden>/<hidden>/<hidden>/<hidden>/<hidden>/<hidden>
    SLICE_X27Y76         FDPE                                         r  snn_core_group_top/design_1_wrapper/design_1/design_1_axi_interconnect_hp0_0/s03_couplers_imp_13X28CE/design_1_axi_interconnect_hp0_imp_auto_pc_3/design_1_axi_interconnect_hp0_imp_auto_pc_3_axi_protocol_converter_v2_1_37_axi_protocol_converter/design_1_axi_interconnect_hp0_imp_auto_pc_3_axi_protocol_converter_v2_1_37_axi3_conv/design_1_axi_interconnect_hp0_imp_auto_pc_3_axi_protocol_converter_v2_1_37_a_axi3_conv/design_1_axi_interconnect_hp0_imp_auto_pc_3_axi_data_fifo_v2_1_36_axic_fifo_0/design_1_axi_interconnect_hp0_imp_auto_pc_3_axi_data_fifo_v2_1_36_fifo_gen/<hidden>/<hidden>/<hidden>/<hidden>/<hidden>/<hidden>
  -------------------------------------------------------------------    -------------------
    SLICE_X27Y76         FDPE (Prop_fdpe_C_Q)         0.419     3.390 f  snn_core_group_top/design_1_wrapper/design_1/design_1_axi_interconnect_hp0_0/s03_couplers_imp_13X28CE/design_1_axi_interconnect_hp0_imp_auto_pc_3/design_1_axi_interconnect_hp0_imp_auto_pc_3_axi_protocol_converter_v2_1_37_axi_protocol_converter/design_1_axi_interconnect_hp0_imp_auto_pc_3_axi_protocol_converter_v2_1_37_axi3_conv/design_1_axi_interconnect_hp0_imp_auto_pc_3_axi_protocol_converter_v2_1_37_a_axi3_conv/design_1_axi_interconnect_hp0_imp_auto_pc_3_axi_data_fifo_v2_1_36_axic_fifo_0/design_1_axi_interconnect_hp0_imp_auto_pc_3_axi_data_fifo_v2_1_36_fifo_gen/<hidden>/<hidden>/<hidden>/<hidden>/<hidden>/<hidden>
                         net (fo=3, routed)           1.212     4.602    snn_core_group_top/design_1_wrapper/design_1/design_1_axi_interconnect_hp0_0/s03_couplers_imp_13X28CE/design_1_axi_interconnect_hp0_imp_auto_pc_3/design_1_axi_interconnect_hp0_imp_auto_pc_3_axi_protocol_converter_v2_1_37_axi_protocol_converter/design_1_axi_interconnect_hp0_imp_auto_pc_3_axi_protocol_converter_v2_1_37_axi3_conv/design_1_axi_interconnect_hp0_imp_auto_pc_3_axi_protocol_converter_v2_1_37_a_axi3_conv/design_1_axi_interconnect_hp0_imp_auto_pc_3_axi_data_fifo_v2_1_36_axic_fifo_0/design_1_axi_interconnect_hp0_imp_auto_pc_3_axi_data_fifo_v2_1_36_fifo_gen/<hidden>/<hidden>/<hidden>/<hidden>/<hidden>
    SLICE_X27Y82         LUT3 (Prop_lut3_I2_O)        0.296     4.898 f  snn_core_group_top/design_1_wrapper/design_1/design_1_axi_interconnect_hp0_0/s03_couplers_imp_13X28CE/design_1_axi_interconnect_hp0_imp_auto_pc_3/design_1_axi_interconnect_hp0_imp_auto_pc_3_axi_protocol_converter_v2_1_37_axi_protocol_converter/design_1_axi_interconnect_hp0_imp_auto_pc_3_axi_protocol_converter_v2_1_37_axi3_conv/design_1_axi_interconnect_hp0_imp_auto_pc_3_axi_protocol_converter_v2_1_37_a_axi3_conv/design_1_axi_interconnect_hp0_imp_auto_pc_3_axi_data_fifo_v2_1_36_axic_fifo_0/design_1_axi_interconnect_hp0_imp_auto_pc_3_axi_data_fifo_v2_1_36_fifo_gen/<hidden>/<hidden>/<hidden>/<hidden>/<hidden>
                         net (fo=32, routed)          0.826     5.724    snn_core_group_top/design_1_wrapper/design_1/design_1_axi_interconnect_hp0_0/s03_couplers_imp_13X28CE/design_1_axi_interconnect_hp0_imp_auto_pc_3/design_1_axi_interconnect_hp0_imp_auto_pc_3_axi_protocol_converter_v2_1_37_axi_protocol_converter/design_1_axi_interconnect_hp0_imp_auto_pc_3_axi_protocol_converter_v2_1_37_axi3_conv/design_1_axi_interconnect_hp0_imp_auto_pc_3_axi_protocol_converter_v2_1_37_a_axi3_conv/design_1_axi_interconnect_hp0_imp_auto_pc_3_axi_data_fifo_v2_1_36_axic_fifo_0/design_1_axi_interconnect_hp0_imp_auto_pc_3_axi_data_fifo_v2_1_36_fifo_gen/<hidden>/<hidden>/<hidden>/<hidden>/<hidden>/<hidden>
    SLICE_X29Y81         FDCE                                         f  snn_core_group_top/design_1_wrapper/design_1/design_1_axi_interconnect_hp0_0/s03_couplers_imp_13X28CE/design_1_axi_interconnect_hp0_imp_auto_pc_3/design_1_axi_interconnect_hp0_imp_auto_pc_3_axi_protocol_converter_v2_1_37_axi_protocol_converter/design_1_axi_interconnect_hp0_imp_auto_pc_3_axi_protocol_converter_v2_1_37_axi3_conv/design_1_axi_interconnect_hp0_imp_auto_pc_3_axi_protocol_converter_v2_1_37_a_axi3_conv/design_1_axi_interconnect_hp0_imp_auto_pc_3_axi_data_fifo_v2_1_36_axic_fifo_0/design_1_axi_interconnect_hp0_imp_auto_pc_3_axi_data_fifo_v2_1_36_fifo_gen/<hidden>/<hidden>/<hidden>/<hidden>/<hidden>/<hidden>
  -------------------------------------------------------------------    -------------------

                         (clock clk_fpga_0 rise edge)
                                                     10.000    10.000 r  
    PS7_X0Y0             PS7                          0.000    10.000 r  u_block_design/design_1_i/processing_system7_0/inst/PS7_i/FCLKCLK[0]
                         net (fo=1, routed)           1.088    11.088    u_block_design/design_1_i/processing_system7_0/inst/FCLK_CLK_unbuffered[0]
    BUFGCTRL_X0Y16       BUFG (Prop_bufg_I_O)         0.091    11.179 r  u_block_design/design_1_i/processing_system7_0/inst/buffer_fclk_clk_0.FCLK_CLK_0_BUFG/O
                         net (fo=22237, routed)       1.515    12.694    snn_core_group_top/design_1_wrapper/design_1/design_1_axi_interconnect_hp0_0/s03_couplers_imp_13X28CE/design_1_axi_interconnect_hp0_imp_auto_pc_3/design_1_axi_interconnect_hp0_imp_auto_pc_3_axi_protocol_converter_v2_1_37_axi_protocol_converter/design_1_axi_interconnect_hp0_imp_auto_pc_3_axi_protocol_converter_v2_1_37_axi3_conv/design_1_axi_interconnect_hp0_imp_auto_pc_3_axi_protocol_converter_v2_1_37_a_axi3_conv/design_1_axi_interconnect_hp0_imp_auto_pc_3_axi_data_fifo_v2_1_36_axic_fifo_0/design_1_axi_interconnect_hp0_imp_auto_pc_3_axi_data_fifo_v2_1_36_fifo_gen/<hidden>/<hidden>/<hidden>/<hidden>/<hidden>/<hidden>
    SLICE_X29Y81         FDCE                                         r  snn_core_group_top/design_1_wrapper/design_1/design_1_axi_interconnect_hp0_0/s03_couplers_imp_13X28CE/design_1_axi_interconnect_hp0_imp_auto_pc_3/design_1_axi_interconnect_hp0_imp_auto_pc_3_axi_protocol_converter_v2_1_37_axi_protocol_converter/design_1_axi_interconnect_hp0_imp_auto_pc_3_axi_protocol_converter_v2_1_37_axi3_conv/design_1_axi_interconnect_hp0_imp_auto_pc_3_axi_protocol_converter_v2_1_37_a_axi3_conv/design_1_axi_interconnect_hp0_imp_auto_pc_3_axi_data_fifo_v2_1_36_axic_fifo_0/design_1_axi_interconnect_hp0_imp_auto_pc_3_axi_data_fifo_v2_1_36_fifo_gen/<hidden>/<hidden>/<hidden>/<hidden>/<hidden>/<hidden>
                         clock pessimism              0.229    12.923    
                         clock uncertainty           -0.154    12.769    
    SLICE_X29Y81         FDCE (Recov_fdce_C_CLR)     -0.405    12.364    snn_core_group_top/design_1_wrapper/design_1/design_1_axi_interconnect_hp0_0/s03_couplers_imp_13X28CE/design_1_axi_interconnect_hp0_imp_auto_pc_3/design_1_axi_interconnect_hp0_imp_auto_pc_3_axi_protocol_converter_v2_1_37_axi_protocol_converter/design_1_axi_interconnect_hp0_imp_auto_pc_3_axi_protocol_converter_v2_1_37_axi3_conv/design_1_axi_interconnect_hp0_imp_auto_pc_3_axi_protocol_converter_v2_1_37_a_axi3_conv/design_1_axi_interconnect_hp0_imp_auto_pc_3_axi_data_fifo_v2_1_36_axic_fifo_0/design_1_axi_interconnect_hp0_imp_auto_pc_3_axi_data_fifo_v2_1_36_fifo_gen/<hidden>/<hidden>/<hidden>/<hidden>/<hidden>/<hidden>
  -------------------------------------------------------------------
                         required time                         12.364    
                         arrival time                          -5.724    
  -------------------------------------------------------------------
                         slack                                  6.640    

Slack (MET) :             6.686ns  (required time - arrival time)
  Source:                 snn_core_group_top/design_1_wrapper/design_1/design_1_axi_interconnect_hp0_0/s03_couplers_imp_13X28CE/design_1_axi_interconnect_hp0_imp_auto_pc_3/design_1_axi_interconnect_hp0_imp_auto_pc_3_axi_protocol_converter_v2_1_37_axi_protocol_converter/design_1_axi_interconnect_hp0_imp_auto_pc_3_axi_protocol_converter_v2_1_37_axi3_conv/design_1_axi_interconnect_hp0_imp_auto_pc_3_axi_protocol_converter_v2_1_37_a_axi3_conv/design_1_axi_interconnect_hp0_imp_auto_pc_3_axi_data_fifo_v2_1_36_axic_fifo_0/design_1_axi_interconnect_hp0_imp_auto_pc_3_axi_data_fifo_v2_1_36_fifo_gen/<hidden>/<hidden>/<hidden>/<hidden>/<hidden>/<hidden>
                            (rising edge-triggered cell FDPE clocked by clk_fpga_0  {rise@0.000ns fall@5.000ns period=10.000ns})
  Destination:            snn_core_group_top/design_1_wrapper/design_1/design_1_axi_interconnect_hp0_0/s03_couplers_imp_13X28CE/design_1_axi_interconnect_hp0_imp_auto_pc_3/design_1_axi_interconnect_hp0_imp_auto_pc_3_axi_protocol_converter_v2_1_37_axi_protocol_converter/design_1_axi_interconnect_hp0_imp_auto_pc_3_axi_protocol_converter_v2_1_37_axi3_conv/design_1_axi_interconnect_hp0_imp_auto_pc_3_axi_protocol_converter_v2_1_37_a_axi3_conv/design_1_axi_interconnect_hp0_imp_auto_pc_3_axi_data_fifo_v2_1_36_axic_fifo_0/design_1_axi_interconnect_hp0_imp_auto_pc_3_axi_data_fifo_v2_1_36_fifo_gen/<hidden>/<hidden>/<hidden>/<hidden>/<hidden>/<hidden>
                            (recovery check against rising-edge clock clk_fpga_0  {rise@0.000ns fall@5.000ns period=10.000ns})
  Path Group:             **async_default**
  Path Type:              Recovery (Max at Slow Process Corner)
  Requirement:            10.000ns  (clk_fpga_0 rise@10.000ns - clk_fpga_0 rise@0.000ns)
  Data Path Delay:        2.753ns  (logic 0.715ns (25.971%)  route 2.038ns (74.029%))
  Logic Levels:           1  (LUT3=1)
  Clock Path Skew:        -0.048ns (DCD - SCD + CPR)
    Destination Clock Delay (DCD):    2.694ns = ( 12.694 - 10.000 ) 
    Source Clock Delay      (SCD):    2.971ns
    Clock Pessimism Removal (CPR):    0.229ns
  Clock Uncertainty:      0.154ns  ((TSJ^2 + TIJ^2)^1/2 + DJ) / 2 + PE
    Total System Jitter     (TSJ):    0.071ns
    Total Input Jitter      (TIJ):    0.300ns
    Discrete Jitter          (DJ):    0.000ns
    Phase Error              (PE):    0.000ns

    Location             Delay type                Incr(ns)  Path(ns)    Netlist Resource(s)
  -------------------------------------------------------------------    -------------------
                         (clock clk_fpga_0 rise edge)
                                                      0.000     0.000 r  
    PS7_X0Y0             PS7                          0.000     0.000 r  u_block_design/design_1_i/processing_system7_0/inst/PS7_i/FCLKCLK[0]
                         net (fo=1, routed)           1.193     1.193    u_block_design/design_1_i/processing_system7_0/inst/FCLK_CLK_unbuffered[0]
    BUFGCTRL_X0Y16       BUFG (Prop_bufg_I_O)         0.101     1.294 r  u_block_design/design_1_i/processing_system7_0/inst/buffer_fclk_clk_0.FCLK_CLK_0_BUFG/O
                         net (fo=22237, routed)       1.677     2.971    snn_core_group_top/design_1_wrapper/design_1/design_1_axi_interconnect_hp0_0/s03_couplers_imp_13X28CE/design_1_axi_interconnect_hp0_imp_auto_pc_3/design_1_axi_interconnect_hp0_imp_auto_pc_3_axi_protocol_converter_v2_1_37_axi_protocol_converter/design_1_axi_interconnect_hp0_imp_auto_pc_3_axi_protocol_converter_v2_1_37_axi3_conv/design_1_axi_interconnect_hp0_imp_auto_pc_3_axi_protocol_converter_v2_1_37_a_axi3_conv/design_1_axi_interconnect_hp0_imp_auto_pc_3_axi_data_fifo_v2_1_36_axic_fifo_0/design_1_axi_interconnect_hp0_imp_auto_pc_3_axi_data_fifo_v2_1_36_fifo_gen/<hidden>/<hidden>/<hidden>/<hidden>/<hidden>/<hidden>
    SLICE_X27Y76         FDPE                                         r  snn_core_group_top/design_1_wrapper/design_1/design_1_axi_interconnect_hp0_0/s03_couplers_imp_13X28CE/design_1_axi_interconnect_hp0_imp_auto_pc_3/design_1_axi_interconnect_hp0_imp_auto_pc_3_axi_protocol_converter_v2_1_37_axi_protocol_converter/design_1_axi_interconnect_hp0_imp_auto_pc_3_axi_protocol_converter_v2_1_37_axi3_conv/design_1_axi_interconnect_hp0_imp_auto_pc_3_axi_protocol_converter_v2_1_37_a_axi3_conv/design_1_axi_interconnect_hp0_imp_auto_pc_3_axi_data_fifo_v2_1_36_axic_fifo_0/design_1_axi_interconnect_hp0_imp_auto_pc_3_axi_data_fifo_v2_1_36_fifo_gen/<hidden>/<hidden>/<hidden>/<hidden>/<hidden>/<hidden>
  -------------------------------------------------------------------    -------------------
    SLICE_X27Y76         FDPE (Prop_fdpe_C_Q)         0.419     3.390 f  snn_core_group_top/design_1_wrapper/design_1/design_1_axi_interconnect_hp0_0/s03_couplers_imp_13X28CE/design_1_axi_interconnect_hp0_imp_auto_pc_3/design_1_axi_interconnect_hp0_imp_auto_pc_3_axi_protocol_converter_v2_1_37_axi_protocol_converter/design_1_axi_interconnect_hp0_imp_auto_pc_3_axi_protocol_converter_v2_1_37_axi3_conv/design_1_axi_interconnect_hp0_imp_auto_pc_3_axi_protocol_converter_v2_1_37_a_axi3_conv/design_1_axi_interconnect_hp0_imp_auto_pc_3_axi_data_fifo_v2_1_36_axic_fifo_0/design_1_axi_interconnect_hp0_imp_auto_pc_3_axi_data_fifo_v2_1_36_fifo_gen/<hidden>/<hidden>/<hidden>/<hidden>/<hidden>/<hidden>
                         net (fo=3, routed)           1.212     4.602    snn_core_group_top/design_1_wrapper/design_1/design_1_axi_interconnect_hp0_0/s03_couplers_imp_13X28CE/design_1_axi_interconnect_hp0_imp_auto_pc_3/design_1_axi_interconnect_hp0_imp_auto_pc_3_axi_protocol_converter_v2_1_37_axi_protocol_converter/design_1_axi_interconnect_hp0_imp_auto_pc_3_axi_protocol_converter_v2_1_37_axi3_conv/design_1_axi_interconnect_hp0_imp_auto_pc_3_axi_protocol_converter_v2_1_37_a_axi3_conv/design_1_axi_interconnect_hp0_imp_auto_pc_3_axi_data_fifo_v2_1_36_axic_fifo_0/design_1_axi_interconnect_hp0_imp_auto_pc_3_axi_data_fifo_v2_1_36_fifo_gen/<hidden>/<hidden>/<hidden>/<hidden>/<hidden>
    SLICE_X27Y82         LUT3 (Prop_lut3_I2_O)        0.296     4.898 f  snn_core_group_top/design_1_wrapper/design_1/design_1_axi_interconnect_hp0_0/s03_couplers_imp_13X28CE/design_1_axi_interconnect_hp0_imp_auto_pc_3/design_1_axi_interconnect_hp0_imp_auto_pc_3_axi_protocol_converter_v2_1_37_axi_protocol_converter/design_1_axi_interconnect_hp0_imp_auto_pc_3_axi_protocol_converter_v2_1_37_axi3_conv/design_1_axi_interconnect_hp0_imp_auto_pc_3_axi_protocol_converter_v2_1_37_a_axi3_conv/design_1_axi_interconnect_hp0_imp_auto_pc_3_axi_data_fifo_v2_1_36_axic_fifo_0/design_1_axi_interconnect_hp0_imp_auto_pc_3_axi_data_fifo_v2_1_36_fifo_gen/<hidden>/<hidden>/<hidden>/<hidden>/<hidden>
                         net (fo=32, routed)          0.826     5.724    snn_core_group_top/design_1_wrapper/design_1/design_1_axi_interconnect_hp0_0/s03_couplers_imp_13X28CE/design_1_axi_interconnect_hp0_imp_auto_pc_3/design_1_axi_interconnect_hp0_imp_auto_pc_3_axi_protocol_converter_v2_1_37_axi_protocol_converter/design_1_axi_interconnect_hp0_imp_auto_pc_3_axi_protocol_converter_v2_1_37_axi3_conv/design_1_axi_interconnect_hp0_imp_auto_pc_3_axi_protocol_converter_v2_1_37_a_axi3_conv/design_1_axi_interconnect_hp0_imp_auto_pc_3_axi_data_fifo_v2_1_36_axic_fifo_0/design_1_axi_interconnect_hp0_imp_auto_pc_3_axi_data_fifo_v2_1_36_fifo_gen/<hidden>/<hidden>/<hidden>/<hidden>/<hidden>/<hidden>
    SLICE_X29Y81         FDPE                                         f  snn_core_group_top/design_1_wrapper/design_1/design_1_axi_interconnect_hp0_0/s03_couplers_imp_13X28CE/design_1_axi_interconnect_hp0_imp_auto_pc_3/design_1_axi_interconnect_hp0_imp_auto_pc_3_axi_protocol_converter_v2_1_37_axi_protocol_converter/design_1_axi_interconnect_hp0_imp_auto_pc_3_axi_protocol_converter_v2_1_37_axi3_conv/design_1_axi_interconnect_hp0_imp_auto_pc_3_axi_protocol_converter_v2_1_37_a_axi3_conv/design_1_axi_interconnect_hp0_imp_auto_pc_3_axi_data_fifo_v2_1_36_axic_fifo_0/design_1_axi_interconnect_hp0_imp_auto_pc_3_axi_data_fifo_v2_1_36_fifo_gen/<hidden>/<hidden>/<hidden>/<hidden>/<hidden>/<hidden>
  -------------------------------------------------------------------    -------------------

                         (clock clk_fpga_0 rise edge)
                                                     10.000    10.000 r  
    PS7_X0Y0             PS7                          0.000    10.000 r  u_block_design/design_1_i/processing_system7_0/inst/PS7_i/FCLKCLK[0]
                         net (fo=1, routed)           1.088    11.088    u_block_design/design_1_i/processing_system7_0/inst/FCLK_CLK_unbuffered[0]
    BUFGCTRL_X0Y16       BUFG (Prop_bufg_I_O)         0.091    11.179 r  u_block_design/design_1_i/processing_system7_0/inst/buffer_fclk_clk_0.FCLK_CLK_0_BUFG/O
                         net (fo=22237, routed)       1.515    12.694    snn_core_group_top/design_1_wrapper/design_1/design_1_axi_interconnect_hp0_0/s03_couplers_imp_13X28CE/design_1_axi_interconnect_hp0_imp_auto_pc_3/design_1_axi_interconnect_hp0_imp_auto_pc_3_axi_protocol_converter_v2_1_37_axi_protocol_converter/design_1_axi_interconnect_hp0_imp_auto_pc_3_axi_protocol_converter_v2_1_37_axi3_conv/design_1_axi_interconnect_hp0_imp_auto_pc_3_axi_protocol_converter_v2_1_37_a_axi3_conv/design_1_axi_interconnect_hp0_imp_auto_pc_3_axi_data_fifo_v2_1_36_axic_fifo_0/design_1_axi_interconnect_hp0_imp_auto_pc_3_axi_data_fifo_v2_1_36_fifo_gen/<hidden>/<hidden>/<hidden>/<hidden>/<hidden>/<hidden>
    SLICE_X29Y81         FDPE                                         r  snn_core_group_top/design_1_wrapper/design_1/design_1_axi_interconnect_hp0_0/s03_couplers_imp_13X28CE/design_1_axi_interconnect_hp0_imp_auto_pc_3/design_1_axi_interconnect_hp0_imp_auto_pc_3_axi_protocol_converter_v2_1_37_axi_protocol_converter/design_1_axi_interconnect_hp0_imp_auto_pc_3_axi_protocol_converter_v2_1_37_axi3_conv/design_1_axi_interconnect_hp0_imp_auto_pc_3_axi_protocol_converter_v2_1_37_a_axi3_conv/design_1_axi_interconnect_hp0_imp_auto_pc_3_axi_data_fifo_v2_1_36_axic_fifo_0/design_1_axi_interconnect_hp0_imp_auto_pc_3_axi_data_fifo_v2_1_36_fifo_gen/<hidden>/<hidden>/<hidden>/<hidden>/<hidden>/<hidden>
                         clock pessimism              0.229    12.923    
                         clock uncertainty           -0.154    12.769    
    SLICE_X29Y81         FDPE (Recov_fdpe_C_PRE)     -0.359    12.410    snn_core_group_top/design_1_wrapper/design_1/design_1_axi_interconnect_hp0_0/s03_couplers_imp_13X28CE/design_1_axi_interconnect_hp0_imp_auto_pc_3/design_1_axi_interconnect_hp0_imp_auto_pc_3_axi_protocol_converter_v2_1_37_axi_protocol_converter/design_1_axi_interconnect_hp0_imp_auto_pc_3_axi_protocol_converter_v2_1_37_axi3_conv/design_1_axi_interconnect_hp0_imp_auto_pc_3_axi_protocol_converter_v2_1_37_a_axi3_conv/design_1_axi_interconnect_hp0_imp_auto_pc_3_axi_data_fifo_v2_1_36_axic_fifo_0/design_1_axi_interconnect_hp0_imp_auto_pc_3_axi_data_fifo_v2_1_36_fifo_gen/<hidden>/<hidden>/<hidden>/<hidden>/<hidden>/<hidden>
  -------------------------------------------------------------------
                         required time                         12.410    
                         arrival time                          -5.724    
  -------------------------------------------------------------------
                         slack                                  6.686    





Min Delay Paths
--------------------------------------------------------------------------------------
Slack (MET) :             0.536ns  (arrival time - required time)
  Source:                 snn_core_group_top/design_1_wrapper/design_1/design_1_axi_interconnect_hp0_0/s03_couplers_imp_13X28CE/design_1_axi_interconnect_hp0_imp_auto_pc_3/design_1_axi_interconnect_hp0_imp_auto_pc_3_axi_protocol_converter_v2_1_37_axi_protocol_converter/design_1_axi_interconnect_hp0_imp_auto_pc_3_axi_protocol_converter_v2_1_37_axi3_conv/design_1_axi_interconnect_hp0_imp_auto_pc_3_axi_protocol_converter_v2_1_37_a_axi3_conv/design_1_axi_interconnect_hp0_imp_auto_pc_3_axi_data_fifo_v2_1_36_axic_fifo_0/design_1_axi_interconnect_hp0_imp_auto_pc_3_axi_data_fifo_v2_1_36_fifo_gen/<hidden>/<hidden>/<hidden>/<hidden>/<hidden>
                            (rising edge-triggered cell FDRE clocked by clk_fpga_0  {rise@0.000ns fall@5.000ns period=10.000ns})
  Destination:            snn_core_group_top/design_1_wrapper/design_1/design_1_axi_interconnect_hp0_0/s03_couplers_imp_13X28CE/design_1_axi_interconnect_hp0_imp_auto_pc_3/design_1_axi_interconnect_hp0_imp_auto_pc_3_axi_protocol_converter_v2_1_37_axi_protocol_converter/design_1_axi_interconnect_hp0_imp_auto_pc_3_axi_protocol_converter_v2_1_37_axi3_conv/design_1_axi_interconnect_hp0_imp_auto_pc_3_axi_protocol_converter_v2_1_37_a_axi3_conv/design_1_axi_interconnect_hp0_imp_auto_pc_3_axi_data_fifo_v2_1_36_axic_fifo_0/design_1_axi_interconnect_hp0_imp_auto_pc_3_axi_data_fifo_v2_1_36_fifo_gen/<hidden>/<hidden>/<hidden>/<hidden>/<hidden>/<hidden>
                            (removal check against rising-edge clock clk_fpga_0  {rise@0.000ns fall@5.000ns period=10.000ns})
  Path Group:             **async_default**
  Path Type:              Removal (Min at Fast Process Corner)
  Requirement:            0.000ns  (clk_fpga_0 rise@0.000ns - clk_fpga_0 rise@0.000ns)
  Data Path Delay:        0.482ns  (logic 0.209ns (43.393%)  route 0.273ns (56.607%))
  Logic Levels:           1  (LUT3=1)
  Clock Path Skew:        0.013ns (DCD - SCD - CPR)
    Destination Clock Delay (DCD):    1.200ns
    Source Clock Delay      (SCD):    0.903ns
    Clock Pessimism Removal (CPR):    0.284ns

    Location             Delay type                Incr(ns)  Path(ns)    Netlist Resource(s)
  -------------------------------------------------------------------    -------------------
                         (clock clk_fpga_0 rise edge)
                                                      0.000     0.000 r  
    PS7_X0Y0             PS7                          0.000     0.000 r  u_block_design/design_1_i/processing_system7_0/inst/PS7_i/FCLKCLK[0]
                         net (fo=1, routed)           0.310     0.310    u_block_design/design_1_i/processing_system7_0/inst/FCLK_CLK_unbuffered[0]
    BUFGCTRL_X0Y16       BUFG (Prop_bufg_I_O)         0.026     0.336 r  u_block_design/design_1_i/processing_system7_0/inst/buffer_fclk_clk_0.FCLK_CLK_0_BUFG/O
                         net (fo=22237, routed)       0.567     0.903    snn_core_group_top/design_1_wrapper/design_1/design_1_axi_interconnect_hp0_0/s03_couplers_imp_13X28CE/design_1_axi_interconnect_hp0_imp_auto_pc_3/design_1_axi_interconnect_hp0_imp_auto_pc_3_axi_protocol_converter_v2_1_37_axi_protocol_converter/design_1_axi_interconnect_hp0_imp_auto_pc_3_axi_protocol_converter_v2_1_37_axi3_conv/design_1_axi_interconnect_hp0_imp_auto_pc_3_axi_protocol_converter_v2_1_37_a_axi3_conv/design_1_axi_interconnect_hp0_imp_auto_pc_3_axi_data_fifo_v2_1_36_axic_fifo_0/design_1_axi_interconnect_hp0_imp_auto_pc_3_axi_data_fifo_v2_1_36_fifo_gen/<hidden>/<hidden>/<hidden>/<hidden>/<hidden>
    SLICE_X26Y82         FDRE                                         r  snn_core_group_top/design_1_wrapper/design_1/design_1_axi_interconnect_hp0_0/s03_couplers_imp_13X28CE/design_1_axi_interconnect_hp0_imp_auto_pc_3/design_1_axi_interconnect_hp0_imp_auto_pc_3_axi_protocol_converter_v2_1_37_axi_protocol_converter/design_1_axi_interconnect_hp0_imp_auto_pc_3_axi_protocol_converter_v2_1_37_axi3_conv/design_1_axi_interconnect_hp0_imp_auto_pc_3_axi_protocol_converter_v2_1_37_a_axi3_conv/design_1_axi_interconnect_hp0_imp_auto_pc_3_axi_data_fifo_v2_1_36_axic_fifo_0/design_1_axi_interconnect_hp0_imp_auto_pc_3_axi_data_fifo_v2_1_36_fifo_gen/<hidden>/<hidden>/<hidden>/<hidden>/<hidden>
  -------------------------------------------------------------------    -------------------
    SLICE_X26Y82         FDRE (Prop_fdre_C_Q)         0.164     1.067 f  snn_core_group_top/design_1_wrapper/design_1/design_1_axi_interconnect_hp0_0/s03_couplers_imp_13X28CE/design_1_axi_interconnect_hp0_imp_auto_pc_3/design_1_axi_interconnect_hp0_imp_auto_pc_3_axi_protocol_converter_v2_1_37_axi_protocol_converter/design_1_axi_interconnect_hp0_imp_auto_pc_3_axi_protocol_converter_v2_1_37_axi3_conv/design_1_axi_interconnect_hp0_imp_auto_pc_3_axi_protocol_converter_v2_1_37_a_axi3_conv/design_1_axi_interconnect_hp0_imp_auto_pc_3_axi_data_fifo_v2_1_36_axic_fifo_0/design_1_axi_interconnect_hp0_imp_auto_pc_3_axi_data_fifo_v2_1_36_fifo_gen/<hidden>/<hidden>/<hidden>/<hidden>/<hidden>
                         net (fo=2, routed)           0.060     1.127    snn_core_group_top/design_1_wrapper/design_1/design_1_axi_interconnect_hp0_0/s03_couplers_imp_13X28CE/design_1_axi_interconnect_hp0_imp_auto_pc_3/design_1_axi_interconnect_hp0_imp_auto_pc_3_axi_protocol_converter_v2_1_37_axi_protocol_converter/design_1_axi_interconnect_hp0_imp_auto_pc_3_axi_protocol_converter_v2_1_37_axi3_conv/design_1_axi_interconnect_hp0_imp_auto_pc_3_axi_protocol_converter_v2_1_37_a_axi3_conv/design_1_axi_interconnect_hp0_imp_auto_pc_3_axi_data_fifo_v2_1_36_axic_fifo_0/design_1_axi_interconnect_hp0_imp_auto_pc_3_axi_data_fifo_v2_1_36_fifo_gen/<hidden>/<hidden>/<hidden>/<hidden>/<hidden>
    SLICE_X27Y82         LUT3 (Prop_lut3_I0_O)        0.045     1.172 f  snn_core_group_top/design_1_wrapper/design_1/design_1_axi_interconnect_hp0_0/s03_couplers_imp_13X28CE/design_1_axi_interconnect_hp0_imp_auto_pc_3/design_1_axi_interconnect_hp0_imp_auto_pc_3_axi_protocol_converter_v2_1_37_axi_protocol_converter/design_1_axi_interconnect_hp0_imp_auto_pc_3_axi_protocol_converter_v2_1_37_axi3_conv/design_1_axi_interconnect_hp0_imp_auto_pc_3_axi_protocol_converter_v2_1_37_a_axi3_conv/design_1_axi_interconnect_hp0_imp_auto_pc_3_axi_data_fifo_v2_1_36_axic_fifo_0/design_1_axi_interconnect_hp0_imp_auto_pc_3_axi_data_fifo_v2_1_36_fifo_gen/<hidden>/<hidden>/<hidden>/<hidden>/<hidden>
                         net (fo=32, routed)          0.212     1.384    snn_core_group_top/design_1_wrapper/design_1/design_1_axi_interconnect_hp0_0/s03_couplers_imp_13X28CE/design_1_axi_interconnect_hp0_imp_auto_pc_3/design_1_axi_interconnect_hp0_imp_auto_pc_3_axi_protocol_converter_v2_1_37_axi_protocol_converter/design_1_axi_interconnect_hp0_imp_auto_pc_3_axi_protocol_converter_v2_1_37_axi3_conv/design_1_axi_interconnect_hp0_imp_auto_pc_3_axi_protocol_converter_v2_1_37_a_axi3_conv/design_1_axi_interconnect_hp0_imp_auto_pc_3_axi_data_fifo_v2_1_36_axic_fifo_0/design_1_axi_interconnect_hp0_imp_auto_pc_3_axi_data_fifo_v2_1_36_fifo_gen/<hidden>/<hidden>/<hidden>/<hidden>/<hidden>/<hidden>
    SLICE_X26Y81         FDCE                                         f  snn_core_group_top/design_1_wrapper/design_1/design_1_axi_interconnect_hp0_0/s03_couplers_imp_13X28CE/design_1_axi_interconnect_hp0_imp_auto_pc_3/design_1_axi_interconnect_hp0_imp_auto_pc_3_axi_protocol_converter_v2_1_37_axi_protocol_converter/design_1_axi_interconnect_hp0_imp_auto_pc_3_axi_protocol_converter_v2_1_37_axi3_conv/design_1_axi_interconnect_hp0_imp_auto_pc_3_axi_protocol_converter_v2_1_37_a_axi3_conv/design_1_axi_interconnect_hp0_imp_auto_pc_3_axi_data_fifo_v2_1_36_axic_fifo_0/design_1_axi_interconnect_hp0_imp_auto_pc_3_axi_data_fifo_v2_1_36_fifo_gen/<hidden>/<hidden>/<hidden>/<hidden>/<hidden>/<hidden>
  -------------------------------------------------------------------    -------------------

                         (clock clk_fpga_0 rise edge)
                                                      0.000     0.000 r  
    PS7_X0Y0             PS7                          0.000     0.000 r  u_block_design/design_1_i/processing_system7_0/inst/PS7_i/FCLKCLK[0]
                         net (fo=1, routed)           0.337     0.337    u_block_design/design_1_i/processing_system7_0/inst/FCLK_CLK_unbuffered[0]
    BUFGCTRL_X0Y16       BUFG (Prop_bufg_I_O)         0.029     0.366 r  u_block_design/design_1_i/processing_system7_0/inst/buffer_fclk_clk_0.FCLK_CLK_0_BUFG/O
                         net (fo=22237, routed)       0.834     1.200    snn_core_group_top/design_1_wrapper/design_1/design_1_axi_interconnect_hp0_0/s03_couplers_imp_13X28CE/design_1_axi_interconnect_hp0_imp_auto_pc_3/design_1_axi_interconnect_hp0_imp_auto_pc_3_axi_protocol_converter_v2_1_37_axi_protocol_converter/design_1_axi_interconnect_hp0_imp_auto_pc_3_axi_protocol_converter_v2_1_37_axi3_conv/design_1_axi_interconnect_hp0_imp_auto_pc_3_axi_protocol_converter_v2_1_37_a_axi3_conv/design_1_axi_interconnect_hp0_imp_auto_pc_3_axi_data_fifo_v2_1_36_axic_fifo_0/design_1_axi_interconnect_hp0_imp_auto_pc_3_axi_data_fifo_v2_1_36_fifo_gen/<hidden>/<hidden>/<hidden>/<hidden>/<hidden>/<hidden>
    SLICE_X26Y81         FDCE                                         r  snn_core_group_top/design_1_wrapper/design_1/design_1_axi_interconnect_hp0_0/s03_couplers_imp_13X28CE/design_1_axi_interconnect_hp0_imp_auto_pc_3/design_1_axi_interconnect_hp0_imp_auto_pc_3_axi_protocol_converter_v2_1_37_axi_protocol_converter/design_1_axi_interconnect_hp0_imp_auto_pc_3_axi_protocol_converter_v2_1_37_axi3_conv/design_1_axi_interconnect_hp0_imp_auto_pc_3_axi_protocol_converter_v2_1_37_a_axi3_conv/design_1_axi_interconnect_hp0_imp_auto_pc_3_axi_data_fifo_v2_1_36_axic_fifo_0/design_1_axi_interconnect_hp0_imp_auto_pc_3_axi_data_fifo_v2_1_36_fifo_gen/<hidden>/<hidden>/<hidden>/<hidden>/<hidden>/<hidden>
                         clock pessimism             -0.284     0.916    
    SLICE_X26Y81         FDCE (Remov_fdce_C_CLR)     -0.067     0.849    snn_core_group_top/design_1_wrapper/design_1/design_1_axi_interconnect_hp0_0/s03_couplers_imp_13X28CE/design_1_axi_interconnect_hp0_imp_auto_pc_3/design_1_axi_interconnect_hp0_imp_auto_pc_3_axi_protocol_converter_v2_1_37_axi_protocol_converter/design_1_axi_interconnect_hp0_imp_auto_pc_3_axi_protocol_converter_v2_1_37_axi3_conv/design_1_axi_interconnect_hp0_imp_auto_pc_3_axi_protocol_converter_v2_1_37_a_axi3_conv/design_1_axi_interconnect_hp0_imp_auto_pc_3_axi_data_fifo_v2_1_36_axic_fifo_0/design_1_axi_interconnect_hp0_imp_auto_pc_3_axi_data_fifo_v2_1_36_fifo_gen/<hidden>/<hidden>/<hidden>/<hidden>/<hidden>/<hidden>
  -------------------------------------------------------------------
                         required time                         -0.849    
                         arrival time                           1.384    
  -------------------------------------------------------------------
                         slack                                  0.536    

Slack (MET) :             0.536ns  (arrival time - required time)
  Source:                 snn_core_group_top/design_1_wrapper/design_1/design_1_axi_interconnect_hp0_0/s03_couplers_imp_13X28CE/design_1_axi_interconnect_hp0_imp_auto_pc_3/design_1_axi_interconnect_hp0_imp_auto_pc_3_axi_protocol_converter_v2_1_37_axi_protocol_converter/design_1_axi_interconnect_hp0_imp_auto_pc_3_axi_protocol_converter_v2_1_37_axi3_conv/design_1_axi_interconnect_hp0_imp_auto_pc_3_axi_protocol_converter_v2_1_37_a_axi3_conv/design_1_axi_interconnect_hp0_imp_auto_pc_3_axi_data_fifo_v2_1_36_axic_fifo_0/design_1_axi_interconnect_hp0_imp_auto_pc_3_axi_data_fifo_v2_1_36_fifo_gen/<hidden>/<hidden>/<hidden>/<hidden>/<hidden>
                            (rising edge-triggered cell FDRE clocked by clk_fpga_0  {rise@0.000ns fall@5.000ns period=10.000ns})
  Destination:            snn_core_group_top/design_1_wrapper/design_1/design_1_axi_interconnect_hp0_0/s03_couplers_imp_13X28CE/design_1_axi_interconnect_hp0_imp_auto_pc_3/design_1_axi_interconnect_hp0_imp_auto_pc_3_axi_protocol_converter_v2_1_37_axi_protocol_converter/design_1_axi_interconnect_hp0_imp_auto_pc_3_axi_protocol_converter_v2_1_37_axi3_conv/design_1_axi_interconnect_hp0_imp_auto_pc_3_axi_protocol_converter_v2_1_37_a_axi3_conv/design_1_axi_interconnect_hp0_imp_auto_pc_3_axi_data_fifo_v2_1_36_axic_fifo_0/design_1_axi_interconnect_hp0_imp_auto_pc_3_axi_data_fifo_v2_1_36_fifo_gen/<hidden>/<hidden>/<hidden>/<hidden>/<hidden>/<hidden>
                            (removal check against rising-edge clock clk_fpga_0  {rise@0.000ns fall@5.000ns period=10.000ns})
  Path Group:             **async_default**
  Path Type:              Removal (Min at Fast Process Corner)
  Requirement:            0.000ns  (clk_fpga_0 rise@0.000ns - clk_fpga_0 rise@0.000ns)
  Data Path Delay:        0.482ns  (logic 0.209ns (43.393%)  route 0.273ns (56.607%))
  Logic Levels:           1  (LUT3=1)
  Clock Path Skew:        0.013ns (DCD - SCD - CPR)
    Destination Clock Delay (DCD):    1.200ns
    Source Clock Delay      (SCD):    0.903ns
    Clock Pessimism Removal (CPR):    0.284ns

    Location             Delay type                Incr(ns)  Path(ns)    Netlist Resource(s)
  -------------------------------------------------------------------    -------------------
                         (clock clk_fpga_0 rise edge)
                                                      0.000     0.000 r  
    PS7_X0Y0             PS7                          0.000     0.000 r  u_block_design/design_1_i/processing_system7_0/inst/PS7_i/FCLKCLK[0]
                         net (fo=1, routed)           0.310     0.310    u_block_design/design_1_i/processing_system7_0/inst/FCLK_CLK_unbuffered[0]
    BUFGCTRL_X0Y16       BUFG (Prop_bufg_I_O)         0.026     0.336 r  u_block_design/design_1_i/processing_system7_0/inst/buffer_fclk_clk_0.FCLK_CLK_0_BUFG/O
                         net (fo=22237, routed)       0.567     0.903    snn_core_group_top/design_1_wrapper/design_1/design_1_axi_interconnect_hp0_0/s03_couplers_imp_13X28CE/design_1_axi_interconnect_hp0_imp_auto_pc_3/design_1_axi_interconnect_hp0_imp_auto_pc_3_axi_protocol_converter_v2_1_37_axi_protocol_converter/design_1_axi_interconnect_hp0_imp_auto_pc_3_axi_protocol_converter_v2_1_37_axi3_conv/design_1_axi_interconnect_hp0_imp_auto_pc_3_axi_protocol_converter_v2_1_37_a_axi3_conv/design_1_axi_interconnect_hp0_imp_auto_pc_3_axi_data_fifo_v2_1_36_axic_fifo_0/design_1_axi_interconnect_hp0_imp_auto_pc_3_axi_data_fifo_v2_1_36_fifo_gen/<hidden>/<hidden>/<hidden>/<hidden>/<hidden>
    SLICE_X26Y82         FDRE                                         r  snn_core_group_top/design_1_wrapper/design_1/design_1_axi_interconnect_hp0_0/s03_couplers_imp_13X28CE/design_1_axi_interconnect_hp0_imp_auto_pc_3/design_1_axi_interconnect_hp0_imp_auto_pc_3_axi_protocol_converter_v2_1_37_axi_protocol_converter/design_1_axi_interconnect_hp0_imp_auto_pc_3_axi_protocol_converter_v2_1_37_axi3_conv/design_1_axi_interconnect_hp0_imp_auto_pc_3_axi_protocol_converter_v2_1_37_a_axi3_conv/design_1_axi_interconnect_hp0_imp_auto_pc_3_axi_data_fifo_v2_1_36_axic_fifo_0/design_1_axi_interconnect_hp0_imp_auto_pc_3_axi_data_fifo_v2_1_36_fifo_gen/<hidden>/<hidden>/<hidden>/<hidden>/<hidden>
  -------------------------------------------------------------------    -------------------
    SLICE_X26Y82         FDRE (Prop_fdre_C_Q)         0.164     1.067 f  snn_core_group_top/design_1_wrapper/design_1/design_1_axi_interconnect_hp0_0/s03_couplers_imp_13X28CE/design_1_axi_interconnect_hp0_imp_auto_pc_3/design_1_axi_interconnect_hp0_imp_auto_pc_3_axi_protocol_converter_v2_1_37_axi_protocol_converter/design_1_axi_interconnect_hp0_imp_auto_pc_3_axi_protocol_converter_v2_1_37_axi3_conv/design_1_axi_interconnect_hp0_imp_auto_pc_3_axi_protocol_converter_v2_1_37_a_axi3_conv/design_1_axi_interconnect_hp0_imp_auto_pc_3_axi_data_fifo_v2_1_36_axic_fifo_0/design_1_axi_interconnect_hp0_imp_auto_pc_3_axi_data_fifo_v2_1_36_fifo_gen/<hidden>/<hidden>/<hidden>/<hidden>/<hidden>
                         net (fo=2, routed)           0.060     1.127    snn_core_group_top/design_1_wrapper/design_1/design_1_axi_interconnect_hp0_0/s03_couplers_imp_13X28CE/design_1_axi_interconnect_hp0_imp_auto_pc_3/design_1_axi_interconnect_hp0_imp_auto_pc_3_axi_protocol_converter_v2_1_37_axi_protocol_converter/design_1_axi_interconnect_hp0_imp_auto_pc_3_axi_protocol_converter_v2_1_37_axi3_conv/design_1_axi_interconnect_hp0_imp_auto_pc_3_axi_protocol_converter_v2_1_37_a_axi3_conv/design_1_axi_interconnect_hp0_imp_auto_pc_3_axi_data_fifo_v2_1_36_axic_fifo_0/design_1_axi_interconnect_hp0_imp_auto_pc_3_axi_data_fifo_v2_1_36_fifo_gen/<hidden>/<hidden>/<hidden>/<hidden>/<hidden>
    SLICE_X27Y82         LUT3 (Prop_lut3_I0_O)        0.045     1.172 f  snn_core_group_top/design_1_wrapper/design_1/design_1_axi_interconnect_hp0_0/s03_couplers_imp_13X28CE/design_1_axi_interconnect_hp0_imp_auto_pc_3/design_1_axi_interconnect_hp0_imp_auto_pc_3_axi_protocol_converter_v2_1_37_axi_protocol_converter/design_1_axi_interconnect_hp0_imp_auto_pc_3_axi_protocol_converter_v2_1_37_axi3_conv/design_1_axi_interconnect_hp0_imp_auto_pc_3_axi_protocol_converter_v2_1_37_a_axi3_conv/design_1_axi_interconnect_hp0_imp_auto_pc_3_axi_data_fifo_v2_1_36_axic_fifo_0/design_1_axi_interconnect_hp0_imp_auto_pc_3_axi_data_fifo_v2_1_36_fifo_gen/<hidden>/<hidden>/<hidden>/<hidden>/<hidden>
                         net (fo=32, routed)          0.212     1.384    snn_core_group_top/design_1_wrapper/design_1/design_1_axi_interconnect_hp0_0/s03_couplers_imp_13X28CE/design_1_axi_interconnect_hp0_imp_auto_pc_3/design_1_axi_interconnect_hp0_imp_auto_pc_3_axi_protocol_converter_v2_1_37_axi_protocol_converter/design_1_axi_interconnect_hp0_imp_auto_pc_3_axi_protocol_converter_v2_1_37_axi3_conv/design_1_axi_interconnect_hp0_imp_auto_pc_3_axi_protocol_converter_v2_1_37_a_axi3_conv/design_1_axi_interconnect_hp0_imp_auto_pc_3_axi_data_fifo_v2_1_36_axic_fifo_0/design_1_axi_interconnect_hp0_imp_auto_pc_3_axi_data_fifo_v2_1_36_fifo_gen/<hidden>/<hidden>/<hidden>/<hidden>/<hidden>/<hidden>
    SLICE_X26Y81         FDCE                                         f  snn_core_group_top/design_1_wrapper/design_1/design_1_axi_interconnect_hp0_0/s03_couplers_imp_13X28CE/design_1_axi_interconnect_hp0_imp_auto_pc_3/design_1_axi_interconnect_hp0_imp_auto_pc_3_axi_protocol_converter_v2_1_37_axi_protocol_converter/design_1_axi_interconnect_hp0_imp_auto_pc_3_axi_protocol_converter_v2_1_37_axi3_conv/design_1_axi_interconnect_hp0_imp_auto_pc_3_axi_protocol_converter_v2_1_37_a_axi3_conv/design_1_axi_interconnect_hp0_imp_auto_pc_3_axi_data_fifo_v2_1_36_axic_fifo_0/design_1_axi_interconnect_hp0_imp_auto_pc_3_axi_data_fifo_v2_1_36_fifo_gen/<hidden>/<hidden>/<hidden>/<hidden>/<hidden>/<hidden>
  -------------------------------------------------------------------    -------------------

                         (clock clk_fpga_0 rise edge)
                                                      0.000     0.000 r  
    PS7_X0Y0             PS7                          0.000     0.000 r  u_block_design/design_1_i/processing_system7_0/inst/PS7_i/FCLKCLK[0]
                         net (fo=1, routed)           0.337     0.337    u_block_design/design_1_i/processing_system7_0/inst/FCLK_CLK_unbuffered[0]
    BUFGCTRL_X0Y16       BUFG (Prop_bufg_I_O)         0.029     0.366 r  u_block_design/design_1_i/processing_system7_0/inst/buffer_fclk_clk_0.FCLK_CLK_0_BUFG/O
                         net (fo=22237, routed)       0.834     1.200    snn_core_group_top/design_1_wrapper/design_1/design_1_axi_interconnect_hp0_0/s03_couplers_imp_13X28CE/design_1_axi_interconnect_hp0_imp_auto_pc_3/design_1_axi_interconnect_hp0_imp_auto_pc_3_axi_protocol_converter_v2_1_37_axi_protocol_converter/design_1_axi_interconnect_hp0_imp_auto_pc_3_axi_protocol_converter_v2_1_37_axi3_conv/design_1_axi_interconnect_hp0_imp_auto_pc_3_axi_protocol_converter_v2_1_37_a_axi3_conv/design_1_axi_interconnect_hp0_imp_auto_pc_3_axi_data_fifo_v2_1_36_axic_fifo_0/design_1_axi_interconnect_hp0_imp_auto_pc_3_axi_data_fifo_v2_1_36_fifo_gen/<hidden>/<hidden>/<hidden>/<hidden>/<hidden>/<hidden>
    SLICE_X26Y81         FDCE                                         r  snn_core_group_top/design_1_wrapper/design_1/design_1_axi_interconnect_hp0_0/s03_couplers_imp_13X28CE/design_1_axi_interconnect_hp0_imp_auto_pc_3/design_1_axi_interconnect_hp0_imp_auto_pc_3_axi_protocol_converter_v2_1_37_axi_protocol_converter/design_1_axi_interconnect_hp0_imp_auto_pc_3_axi_protocol_converter_v2_1_37_axi3_conv/design_1_axi_interconnect_hp0_imp_auto_pc_3_axi_protocol_converter_v2_1_37_a_axi3_conv/design_1_axi_interconnect_hp0_imp_auto_pc_3_axi_data_fifo_v2_1_36_axic_fifo_0/design_1_axi_interconnect_hp0_imp_auto_pc_3_axi_data_fifo_v2_1_36_fifo_gen/<hidden>/<hidden>/<hidden>/<hidden>/<hidden>/<hidden>
                         clock pessimism             -0.284     0.916    
    SLICE_X26Y81         FDCE (Remov_fdce_C_CLR)     -0.067     0.849    snn_core_group_top/design_1_wrapper/design_1/design_1_axi_interconnect_hp0_0/s03_couplers_imp_13X28CE/design_1_axi_interconnect_hp0_imp_auto_pc_3/design_1_axi_interconnect_hp0_imp_auto_pc_3_axi_protocol_converter_v2_1_37_axi_protocol_converter/design_1_axi_interconnect_hp0_imp_auto_pc_3_axi_protocol_converter_v2_1_37_axi3_conv/design_1_axi_interconnect_hp0_imp_auto_pc_3_axi_protocol_converter_v2_1_37_a_axi3_conv/design_1_axi_interconnect_hp0_imp_auto_pc_3_axi_data_fifo_v2_1_36_axic_fifo_0/design_1_axi_interconnect_hp0_imp_auto_pc_3_axi_data_fifo_v2_1_36_fifo_gen/<hidden>/<hidden>/<hidden>/<hidden>/<hidden>/<hidden>
  -------------------------------------------------------------------
                         required time                         -0.849    
                         arrival time                           1.384    
  -------------------------------------------------------------------
                         slack                                  0.536    

Slack (MET) :             0.549ns  (arrival time - required time)
  Source:                 snn_core_group_top/design_1_wrapper/design_1/design_1_axi_interconnect_hp0_0/s01_couplers_imp_12AUBLP/design_1_axi_interconnect_hp0_imp_auto_pc_1/design_1_axi_interconnect_hp0_imp_auto_pc_1_axi_protocol_converter_v2_1_37_axi_protocol_converter/design_1_axi_interconnect_hp0_imp_auto_pc_1_axi_protocol_converter_v2_1_37_axi3_conv/design_1_axi_interconnect_hp0_imp_auto_pc_1_axi_protocol_converter_v2_1_37_a_axi3_conv/design_1_axi_interconnect_hp0_imp_auto_pc_1_axi_data_fifo_v2_1_36_axic_fifo/design_1_axi_interconnect_hp0_imp_auto_pc_1_axi_data_fifo_v2_1_36_fifo_gen_1/<hidden>/<hidden>/<hidden>/<hidden>/<hidden>
                            (rising edge-triggered cell FDRE clocked by clk_fpga_0  {rise@0.000ns fall@5.000ns period=10.000ns})
  Destination:            snn_core_group_top/design_1_wrapper/design_1/design_1_axi_interconnect_hp0_0/s01_couplers_imp_12AUBLP/design_1_axi_interconnect_hp0_imp_auto_pc_1/design_1_axi_interconnect_hp0_imp_auto_pc_1_axi_protocol_converter_v2_1_37_axi_protocol_converter/design_1_axi_interconnect_hp0_imp_auto_pc_1_axi_protocol_converter_v2_1_37_axi3_conv/design_1_axi_interconnect_hp0_imp_auto_pc_1_axi_protocol_converter_v2_1_37_a_axi3_conv/design_1_axi_interconnect_hp0_imp_auto_pc_1_axi_data_fifo_v2_1_36_axic_fifo/design_1_axi_interconnect_hp0_imp_auto_pc_1_axi_data_fifo_v2_1_36_fifo_gen_1/<hidden>/<hidden>/<hidden>/<hidden>/<hidden>/<hidden>
                            (removal check against rising-edge clock clk_fpga_0  {rise@0.000ns fall@5.000ns period=10.000ns})
  Path Group:             **async_default**
  Path Type:              Removal (Min at Fast Process Corner)
  Requirement:            0.000ns  (clk_fpga_0 rise@0.000ns - clk_fpga_0 rise@0.000ns)
  Data Path Delay:        0.512ns  (logic 0.226ns (44.166%)  route 0.286ns (55.834%))
  Logic Levels:           1  (LUT3=1)
  Clock Path Skew:        0.030ns (DCD - SCD - CPR)
    Destination Clock Delay (DCD):    1.196ns
    Source Clock Delay      (SCD):    0.902ns
    Clock Pessimism Removal (CPR):    0.264ns

    Location             Delay type                Incr(ns)  Path(ns)    Netlist Resource(s)
  -------------------------------------------------------------------    -------------------
                         (clock clk_fpga_0 rise edge)
                                                      0.000     0.000 r  
    PS7_X0Y0             PS7                          0.000     0.000 r  u_block_design/design_1_i/processing_system7_0/inst/PS7_i/FCLKCLK[0]
                         net (fo=1, routed)           0.310     0.310    u_block_design/design_1_i/processing_system7_0/inst/FCLK_CLK_unbuffered[0]
    BUFGCTRL_X0Y16       BUFG (Prop_bufg_I_O)         0.026     0.336 r  u_block_design/design_1_i/processing_system7_0/inst/buffer_fclk_clk_0.FCLK_CLK_0_BUFG/O
                         net (fo=22237, routed)       0.566     0.902    snn_core_group_top/design_1_wrapper/design_1/design_1_axi_interconnect_hp0_0/s01_couplers_imp_12AUBLP/design_1_axi_interconnect_hp0_imp_auto_pc_1/design_1_axi_interconnect_hp0_imp_auto_pc_1_axi_protocol_converter_v2_1_37_axi_protocol_converter/design_1_axi_interconnect_hp0_imp_auto_pc_1_axi_protocol_converter_v2_1_37_axi3_conv/design_1_axi_interconnect_hp0_imp_auto_pc_1_axi_protocol_converter_v2_1_37_a_axi3_conv/design_1_axi_interconnect_hp0_imp_auto_pc_1_axi_data_fifo_v2_1_36_axic_fifo/design_1_axi_interconnect_hp0_imp_auto_pc_1_axi_data_fifo_v2_1_36_fifo_gen_1/<hidden>/<hidden>/<hidden>/<hidden>/<hidden>
    SLICE_X29Y71         FDRE                                         r  snn_core_group_top/design_1_wrapper/design_1/design_1_axi_interconnect_hp0_0/s01_couplers_imp_12AUBLP/design_1_axi_interconnect_hp0_imp_auto_pc_1/design_1_axi_interconnect_hp0_imp_auto_pc_1_axi_protocol_converter_v2_1_37_axi_protocol_converter/design_1_axi_interconnect_hp0_imp_auto_pc_1_axi_protocol_converter_v2_1_37_axi3_conv/design_1_axi_interconnect_hp0_imp_auto_pc_1_axi_protocol_converter_v2_1_37_a_axi3_conv/design_1_axi_interconnect_hp0_imp_auto_pc_1_axi_data_fifo_v2_1_36_axic_fifo/design_1_axi_interconnect_hp0_imp_auto_pc_1_axi_data_fifo_v2_1_36_fifo_gen_1/<hidden>/<hidden>/<hidden>/<hidden>/<hidden>
  -------------------------------------------------------------------    -------------------
    SLICE_X29Y71         FDRE (Prop_fdre_C_Q)         0.128     1.030 f  snn_core_group_top/design_1_wrapper/design_1/design_1_axi_interconnect_hp0_0/s01_couplers_imp_12AUBLP/design_1_axi_interconnect_hp0_imp_auto_pc_1/design_1_axi_interconnect_hp0_imp_auto_pc_1_axi_protocol_converter_v2_1_37_axi_protocol_converter/design_1_axi_interconnect_hp0_imp_auto_pc_1_axi_protocol_converter_v2_1_37_axi3_conv/design_1_axi_interconnect_hp0_imp_auto_pc_1_axi_protocol_converter_v2_1_37_a_axi3_conv/design_1_axi_interconnect_hp0_imp_auto_pc_1_axi_data_fifo_v2_1_36_axic_fifo/design_1_axi_interconnect_hp0_imp_auto_pc_1_axi_data_fifo_v2_1_36_fifo_gen_1/<hidden>/<hidden>/<hidden>/<hidden>/<hidden>
                         net (fo=2, routed)           0.157     1.187    snn_core_group_top/design_1_wrapper/design_1/design_1_axi_interconnect_hp0_0/s01_couplers_imp_12AUBLP/design_1_axi_interconnect_hp0_imp_auto_pc_1/design_1_axi_interconnect_hp0_imp_auto_pc_1_axi_protocol_converter_v2_1_37_axi_protocol_converter/design_1_axi_interconnect_hp0_imp_auto_pc_1_axi_protocol_converter_v2_1_37_axi3_conv/design_1_axi_interconnect_hp0_imp_auto_pc_1_axi_protocol_converter_v2_1_37_a_axi3_conv/design_1_axi_interconnect_hp0_imp_auto_pc_1_axi_data_fifo_v2_1_36_axic_fifo/design_1_axi_interconnect_hp0_imp_auto_pc_1_axi_data_fifo_v2_1_36_fifo_gen_1/<hidden>/<hidden>/<hidden>/<hidden>/<hidden>
    SLICE_X27Y72         LUT3 (Prop_lut3_I0_O)        0.098     1.285 f  snn_core_group_top/design_1_wrapper/design_1/design_1_axi_interconnect_hp0_0/s01_couplers_imp_12AUBLP/design_1_axi_interconnect_hp0_imp_auto_pc_1/design_1_axi_interconnect_hp0_imp_auto_pc_1_axi_protocol_converter_v2_1_37_axi_protocol_converter/design_1_axi_interconnect_hp0_imp_auto_pc_1_axi_protocol_converter_v2_1_37_axi3_conv/design_1_axi_interconnect_hp0_imp_auto_pc_1_axi_protocol_converter_v2_1_37_a_axi3_conv/design_1_axi_interconnect_hp0_imp_auto_pc_1_axi_data_fifo_v2_1_36_axic_fifo/design_1_axi_interconnect_hp0_imp_auto_pc_1_axi_data_fifo_v2_1_36_fifo_gen_1/<hidden>/<hidden>/<hidden>/<hidden>/<hidden>
                         net (fo=32, routed)          0.129     1.413    snn_core_group_top/design_1_wrapper/design_1/design_1_axi_interconnect_hp0_0/s01_couplers_imp_12AUBLP/design_1_axi_interconnect_hp0_imp_auto_pc_1/design_1_axi_interconnect_hp0_imp_auto_pc_1_axi_protocol_converter_v2_1_37_axi_protocol_converter/design_1_axi_interconnect_hp0_imp_auto_pc_1_axi_protocol_converter_v2_1_37_axi3_conv/design_1_axi_interconnect_hp0_imp_auto_pc_1_axi_protocol_converter_v2_1_37_a_axi3_conv/design_1_axi_interconnect_hp0_imp_auto_pc_1_axi_data_fifo_v2_1_36_axic_fifo/design_1_axi_interconnect_hp0_imp_auto_pc_1_axi_data_fifo_v2_1_36_fifo_gen_1/<hidden>/<hidden>/<hidden>/<hidden>/<hidden>/<hidden>
    SLICE_X26Y72         FDCE                                         f  snn_core_group_top/design_1_wrapper/design_1/design_1_axi_interconnect_hp0_0/s01_couplers_imp_12AUBLP/design_1_axi_interconnect_hp0_imp_auto_pc_1/design_1_axi_interconnect_hp0_imp_auto_pc_1_axi_protocol_converter_v2_1_37_axi_protocol_converter/design_1_axi_interconnect_hp0_imp_auto_pc_1_axi_protocol_converter_v2_1_37_axi3_conv/design_1_axi_interconnect_hp0_imp_auto_pc_1_axi_protocol_converter_v2_1_37_a_axi3_conv/design_1_axi_interconnect_hp0_imp_auto_pc_1_axi_data_fifo_v2_1_36_axic_fifo/design_1_axi_interconnect_hp0_imp_auto_pc_1_axi_data_fifo_v2_1_36_fifo_gen_1/<hidden>/<hidden>/<hidden>/<hidden>/<hidden>/<hidden>
  -------------------------------------------------------------------    -------------------

                         (clock clk_fpga_0 rise edge)
                                                      0.000     0.000 r  
    PS7_X0Y0             PS7                          0.000     0.000 r  u_block_design/design_1_i/processing_system7_0/inst/PS7_i/FCLKCLK[0]
                         net (fo=1, routed)           0.337     0.337    u_block_design/design_1_i/processing_system7_0/inst/FCLK_CLK_unbuffered[0]
    BUFGCTRL_X0Y16       BUFG (Prop_bufg_I_O)         0.029     0.366 r  u_block_design/design_1_i/processing_system7_0/inst/buffer_fclk_clk_0.FCLK_CLK_0_BUFG/O
                         net (fo=22237, routed)       0.830     1.196    snn_core_group_top/design_1_wrapper/design_1/design_1_axi_interconnect_hp0_0/s01_couplers_imp_12AUBLP/design_1_axi_interconnect_hp0_imp_auto_pc_1/design_1_axi_interconnect_hp0_imp_auto_pc_1_axi_protocol_converter_v2_1_37_axi_protocol_converter/design_1_axi_interconnect_hp0_imp_auto_pc_1_axi_protocol_converter_v2_1_37_axi3_conv/design_1_axi_interconnect_hp0_imp_auto_pc_1_axi_protocol_converter_v2_1_37_a_axi3_conv/design_1_axi_interconnect_hp0_imp_auto_pc_1_axi_data_fifo_v2_1_36_axic_fifo/design_1_axi_interconnect_hp0_imp_auto_pc_1_axi_data_fifo_v2_1_36_fifo_gen_1/<hidden>/<hidden>/<hidden>/<hidden>/<hidden>/<hidden>
    SLICE_X26Y72         FDCE                                         r  snn_core_group_top/design_1_wrapper/design_1/design_1_axi_interconnect_hp0_0/s01_couplers_imp_12AUBLP/design_1_axi_interconnect_hp0_imp_auto_pc_1/design_1_axi_interconnect_hp0_imp_auto_pc_1_axi_protocol_converter_v2_1_37_axi_protocol_converter/design_1_axi_interconnect_hp0_imp_auto_pc_1_axi_protocol_converter_v2_1_37_axi3_conv/design_1_axi_interconnect_hp0_imp_auto_pc_1_axi_protocol_converter_v2_1_37_a_axi3_conv/design_1_axi_interconnect_hp0_imp_auto_pc_1_axi_data_fifo_v2_1_36_axic_fifo/design_1_axi_interconnect_hp0_imp_auto_pc_1_axi_data_fifo_v2_1_36_fifo_gen_1/<hidden>/<hidden>/<hidden>/<hidden>/<hidden>/<hidden>
                         clock pessimism             -0.264     0.932    
    SLICE_X26Y72         FDCE (Remov_fdce_C_CLR)     -0.067     0.865    snn_core_group_top/design_1_wrapper/design_1/design_1_axi_interconnect_hp0_0/s01_couplers_imp_12AUBLP/design_1_axi_interconnect_hp0_imp_auto_pc_1/design_1_axi_interconnect_hp0_imp_auto_pc_1_axi_protocol_converter_v2_1_37_axi_protocol_converter/design_1_axi_interconnect_hp0_imp_auto_pc_1_axi_protocol_converter_v2_1_37_axi3_conv/design_1_axi_interconnect_hp0_imp_auto_pc_1_axi_protocol_converter_v2_1_37_a_axi3_conv/design_1_axi_interconnect_hp0_imp_auto_pc_1_axi_data_fifo_v2_1_36_axic_fifo/design_1_axi_interconnect_hp0_imp_auto_pc_1_axi_data_fifo_v2_1_36_fifo_gen_1/<hidden>/<hidden>/<hidden>/<hidden>/<hidden>/<hidden>
  -------------------------------------------------------------------
                         required time                         -0.865    
                         arrival time                           1.413    
  -------------------------------------------------------------------
                         slack                                  0.549    

Slack (MET) :             0.549ns  (arrival time - required time)
  Source:                 snn_core_group_top/design_1_wrapper/design_1/design_1_axi_interconnect_hp0_0/s01_couplers_imp_12AUBLP/design_1_axi_interconnect_hp0_imp_auto_pc_1/design_1_axi_interconnect_hp0_imp_auto_pc_1_axi_protocol_converter_v2_1_37_axi_protocol_converter/design_1_axi_interconnect_hp0_imp_auto_pc_1_axi_protocol_converter_v2_1_37_axi3_conv/design_1_axi_interconnect_hp0_imp_auto_pc_1_axi_protocol_converter_v2_1_37_a_axi3_conv/design_1_axi_interconnect_hp0_imp_auto_pc_1_axi_data_fifo_v2_1_36_axic_fifo/design_1_axi_interconnect_hp0_imp_auto_pc_1_axi_data_fifo_v2_1_36_fifo_gen_1/<hidden>/<hidden>/<hidden>/<hidden>/<hidden>
                            (rising edge-triggered cell FDRE clocked by clk_fpga_0  {rise@0.000ns fall@5.000ns period=10.000ns})
  Destination:            snn_core_group_top/design_1_wrapper/design_1/design_1_axi_interconnect_hp0_0/s01_couplers_imp_12AUBLP/design_1_axi_interconnect_hp0_imp_auto_pc_1/design_1_axi_interconnect_hp0_imp_auto_pc_1_axi_protocol_converter_v2_1_37_axi_protocol_converter/design_1_axi_interconnect_hp0_imp_auto_pc_1_axi_protocol_converter_v2_1_37_axi3_conv/design_1_axi_interconnect_hp0_imp_auto_pc_1_axi_protocol_converter_v2_1_37_a_axi3_conv/design_1_axi_interconnect_hp0_imp_auto_pc_1_axi_data_fifo_v2_1_36_axic_fifo/design_1_axi_interconnect_hp0_imp_auto_pc_1_axi_data_fifo_v2_1_36_fifo_gen_1/<hidden>/<hidden>/<hidden>/<hidden>/<hidden>/<hidden>
                            (removal check against rising-edge clock clk_fpga_0  {rise@0.000ns fall@5.000ns period=10.000ns})
  Path Group:             **async_default**
  Path Type:              Removal (Min at Fast Process Corner)
  Requirement:            0.000ns  (clk_fpga_0 rise@0.000ns - clk_fpga_0 rise@0.000ns)
  Data Path Delay:        0.512ns  (logic 0.226ns (44.166%)  route 0.286ns (55.834%))
  Logic Levels:           1  (LUT3=1)
  Clock Path Skew:        0.030ns (DCD - SCD - CPR)
    Destination Clock Delay (DCD):    1.196ns
    Source Clock Delay      (SCD):    0.902ns
    Clock Pessimism Removal (CPR):    0.264ns

    Location             Delay type                Incr(ns)  Path(ns)    Netlist Resource(s)
  -------------------------------------------------------------------    -------------------
                         (clock clk_fpga_0 rise edge)
                                                      0.000     0.000 r  
    PS7_X0Y0             PS7                          0.000     0.000 r  u_block_design/design_1_i/processing_system7_0/inst/PS7_i/FCLKCLK[0]
                         net (fo=1, routed)           0.310     0.310    u_block_design/design_1_i/processing_system7_0/inst/FCLK_CLK_unbuffered[0]
    BUFGCTRL_X0Y16       BUFG (Prop_bufg_I_O)         0.026     0.336 r  u_block_design/design_1_i/processing_system7_0/inst/buffer_fclk_clk_0.FCLK_CLK_0_BUFG/O
                         net (fo=22237, routed)       0.566     0.902    snn_core_group_top/design_1_wrapper/design_1/design_1_axi_interconnect_hp0_0/s01_couplers_imp_12AUBLP/design_1_axi_interconnect_hp0_imp_auto_pc_1/design_1_axi_interconnect_hp0_imp_auto_pc_1_axi_protocol_converter_v2_1_37_axi_protocol_converter/design_1_axi_interconnect_hp0_imp_auto_pc_1_axi_protocol_converter_v2_1_37_axi3_conv/design_1_axi_interconnect_hp0_imp_auto_pc_1_axi_protocol_converter_v2_1_37_a_axi3_conv/design_1_axi_interconnect_hp0_imp_auto_pc_1_axi_data_fifo_v2_1_36_axic_fifo/design_1_axi_interconnect_hp0_imp_auto_pc_1_axi_data_fifo_v2_1_36_fifo_gen_1/<hidden>/<hidden>/<hidden>/<hidden>/<hidden>
    SLICE_X29Y71         FDRE                                         r  snn_core_group_top/design_1_wrapper/design_1/design_1_axi_interconnect_hp0_0/s01_couplers_imp_12AUBLP/design_1_axi_interconnect_hp0_imp_auto_pc_1/design_1_axi_interconnect_hp0_imp_auto_pc_1_axi_protocol_converter_v2_1_37_axi_protocol_converter/design_1_axi_interconnect_hp0_imp_auto_pc_1_axi_protocol_converter_v2_1_37_axi3_conv/design_1_axi_interconnect_hp0_imp_auto_pc_1_axi_protocol_converter_v2_1_37_a_axi3_conv/design_1_axi_interconnect_hp0_imp_auto_pc_1_axi_data_fifo_v2_1_36_axic_fifo/design_1_axi_interconnect_hp0_imp_auto_pc_1_axi_data_fifo_v2_1_36_fifo_gen_1/<hidden>/<hidden>/<hidden>/<hidden>/<hidden>
  -------------------------------------------------------------------    -------------------
    SLICE_X29Y71         FDRE (Prop_fdre_C_Q)         0.128     1.030 f  snn_core_group_top/design_1_wrapper/design_1/design_1_axi_interconnect_hp0_0/s01_couplers_imp_12AUBLP/design_1_axi_interconnect_hp0_imp_auto_pc_1/design_1_axi_interconnect_hp0_imp_auto_pc_1_axi_protocol_converter_v2_1_37_axi_protocol_converter/design_1_axi_interconnect_hp0_imp_auto_pc_1_axi_protocol_converter_v2_1_37_axi3_conv/design_1_axi_interconnect_hp0_imp_auto_pc_1_axi_protocol_converter_v2_1_37_a_axi3_conv/design_1_axi_interconnect_hp0_imp_auto_pc_1_axi_data_fifo_v2_1_36_axic_fifo/design_1_axi_interconnect_hp0_imp_auto_pc_1_axi_data_fifo_v2_1_36_fifo_gen_1/<hidden>/<hidden>/<hidden>/<hidden>/<hidden>
                         net (fo=2, routed)           0.157     1.187    snn_core_group_top/design_1_wrapper/design_1/design_1_axi_interconnect_hp0_0/s01_couplers_imp_12AUBLP/design_1_axi_interconnect_hp0_imp_auto_pc_1/design_1_axi_interconnect_hp0_imp_auto_pc_1_axi_protocol_converter_v2_1_37_axi_protocol_converter/design_1_axi_interconnect_hp0_imp_auto_pc_1_axi_protocol_converter_v2_1_37_axi3_conv/design_1_axi_interconnect_hp0_imp_auto_pc_1_axi_protocol_converter_v2_1_37_a_axi3_conv/design_1_axi_interconnect_hp0_imp_auto_pc_1_axi_data_fifo_v2_1_36_axic_fifo/design_1_axi_interconnect_hp0_imp_auto_pc_1_axi_data_fifo_v2_1_36_fifo_gen_1/<hidden>/<hidden>/<hidden>/<hidden>/<hidden>
    SLICE_X27Y72         LUT3 (Prop_lut3_I0_O)        0.098     1.285 f  snn_core_group_top/design_1_wrapper/design_1/design_1_axi_interconnect_hp0_0/s01_couplers_imp_12AUBLP/design_1_axi_interconnect_hp0_imp_auto_pc_1/design_1_axi_interconnect_hp0_imp_auto_pc_1_axi_protocol_converter_v2_1_37_axi_protocol_converter/design_1_axi_interconnect_hp0_imp_auto_pc_1_axi_protocol_converter_v2_1_37_axi3_conv/design_1_axi_interconnect_hp0_imp_auto_pc_1_axi_protocol_converter_v2_1_37_a_axi3_conv/design_1_axi_interconnect_hp0_imp_auto_pc_1_axi_data_fifo_v2_1_36_axic_fifo/design_1_axi_interconnect_hp0_imp_auto_pc_1_axi_data_fifo_v2_1_36_fifo_gen_1/<hidden>/<hidden>/<hidden>/<hidden>/<hidden>
                         net (fo=32, routed)          0.129     1.413    snn_core_group_top/design_1_wrapper/design_1/design_1_axi_interconnect_hp0_0/s01_couplers_imp_12AUBLP/design_1_axi_interconnect_hp0_imp_auto_pc_1/design_1_axi_interconnect_hp0_imp_auto_pc_1_axi_protocol_converter_v2_1_37_axi_protocol_converter/design_1_axi_interconnect_hp0_imp_auto_pc_1_axi_protocol_converter_v2_1_37_axi3_conv/design_1_axi_interconnect_hp0_imp_auto_pc_1_axi_protocol_converter_v2_1_37_a_axi3_conv/design_1_axi_interconnect_hp0_imp_auto_pc_1_axi_data_fifo_v2_1_36_axic_fifo/design_1_axi_interconnect_hp0_imp_auto_pc_1_axi_data_fifo_v2_1_36_fifo_gen_1/<hidden>/<hidden>/<hidden>/<hidden>/<hidden>/<hidden>
    SLICE_X26Y72         FDCE                                         f  snn_core_group_top/design_1_wrapper/design_1/design_1_axi_interconnect_hp0_0/s01_couplers_imp_12AUBLP/design_1_axi_interconnect_hp0_imp_auto_pc_1/design_1_axi_interconnect_hp0_imp_auto_pc_1_axi_protocol_converter_v2_1_37_axi_protocol_converter/design_1_axi_interconnect_hp0_imp_auto_pc_1_axi_protocol_converter_v2_1_37_axi3_conv/design_1_axi_interconnect_hp0_imp_auto_pc_1_axi_protocol_converter_v2_1_37_a_axi3_conv/design_1_axi_interconnect_hp0_imp_auto_pc_1_axi_data_fifo_v2_1_36_axic_fifo/design_1_axi_interconnect_hp0_imp_auto_pc_1_axi_data_fifo_v2_1_36_fifo_gen_1/<hidden>/<hidden>/<hidden>/<hidden>/<hidden>/<hidden>
  -------------------------------------------------------------------    -------------------

                         (clock clk_fpga_0 rise edge)
                                                      0.000     0.000 r  
    PS7_X0Y0             PS7                          0.000     0.000 r  u_block_design/design_1_i/processing_system7_0/inst/PS7_i/FCLKCLK[0]
                         net (fo=1, routed)           0.337     0.337    u_block_design/design_1_i/processing_system7_0/inst/FCLK_CLK_unbuffered[0]
    BUFGCTRL_X0Y16       BUFG (Prop_bufg_I_O)         0.029     0.366 r  u_block_design/design_1_i/processing_system7_0/inst/buffer_fclk_clk_0.FCLK_CLK_0_BUFG/O
                         net (fo=22237, routed)       0.830     1.196    snn_core_group_top/design_1_wrapper/design_1/design_1_axi_interconnect_hp0_0/s01_couplers_imp_12AUBLP/design_1_axi_interconnect_hp0_imp_auto_pc_1/design_1_axi_interconnect_hp0_imp_auto_pc_1_axi_protocol_converter_v2_1_37_axi_protocol_converter/design_1_axi_interconnect_hp0_imp_auto_pc_1_axi_protocol_converter_v2_1_37_axi3_conv/design_1_axi_interconnect_hp0_imp_auto_pc_1_axi_protocol_converter_v2_1_37_a_axi3_conv/design_1_axi_interconnect_hp0_imp_auto_pc_1_axi_data_fifo_v2_1_36_axic_fifo/design_1_axi_interconnect_hp0_imp_auto_pc_1_axi_data_fifo_v2_1_36_fifo_gen_1/<hidden>/<hidden>/<hidden>/<hidden>/<hidden>/<hidden>
    SLICE_X26Y72         FDCE                                         r  snn_core_group_top/design_1_wrapper/design_1/design_1_axi_interconnect_hp0_0/s01_couplers_imp_12AUBLP/design_1_axi_interconnect_hp0_imp_auto_pc_1/design_1_axi_interconnect_hp0_imp_auto_pc_1_axi_protocol_converter_v2_1_37_axi_protocol_converter/design_1_axi_interconnect_hp0_imp_auto_pc_1_axi_protocol_converter_v2_1_37_axi3_conv/design_1_axi_interconnect_hp0_imp_auto_pc_1_axi_protocol_converter_v2_1_37_a_axi3_conv/design_1_axi_interconnect_hp0_imp_auto_pc_1_axi_data_fifo_v2_1_36_axic_fifo/design_1_axi_interconnect_hp0_imp_auto_pc_1_axi_data_fifo_v2_1_36_fifo_gen_1/<hidden>/<hidden>/<hidden>/<hidden>/<hidden>/<hidden>
                         clock pessimism             -0.264     0.932    
    SLICE_X26Y72         FDCE (Remov_fdce_C_CLR)     -0.067     0.865    snn_core_group_top/design_1_wrapper/design_1/design_1_axi_interconnect_hp0_0/s01_couplers_imp_12AUBLP/design_1_axi_interconnect_hp0_imp_auto_pc_1/design_1_axi_interconnect_hp0_imp_auto_pc_1_axi_protocol_converter_v2_1_37_axi_protocol_converter/design_1_axi_interconnect_hp0_imp_auto_pc_1_axi_protocol_converter_v2_1_37_axi3_conv/design_1_axi_interconnect_hp0_imp_auto_pc_1_axi_protocol_converter_v2_1_37_a_axi3_conv/design_1_axi_interconnect_hp0_imp_auto_pc_1_axi_data_fifo_v2_1_36_axic_fifo/design_1_axi_interconnect_hp0_imp_auto_pc_1_axi_data_fifo_v2_1_36_fifo_gen_1/<hidden>/<hidden>/<hidden>/<hidden>/<hidden>/<hidden>
  -------------------------------------------------------------------
                         required time                         -0.865    
                         arrival time                           1.413    
  -------------------------------------------------------------------
                         slack                                  0.549    

Slack (MET) :             0.549ns  (arrival time - required time)
  Source:                 snn_core_group_top/design_1_wrapper/design_1/design_1_axi_interconnect_hp0_0/s01_couplers_imp_12AUBLP/design_1_axi_interconnect_hp0_imp_auto_pc_1/design_1_axi_interconnect_hp0_imp_auto_pc_1_axi_protocol_converter_v2_1_37_axi_protocol_converter/design_1_axi_interconnect_hp0_imp_auto_pc_1_axi_protocol_converter_v2_1_37_axi3_conv/design_1_axi_interconnect_hp0_imp_auto_pc_1_axi_protocol_converter_v2_1_37_a_axi3_conv/design_1_axi_interconnect_hp0_imp_auto_pc_1_axi_data_fifo_v2_1_36_axic_fifo/design_1_axi_interconnect_hp0_imp_auto_pc_1_axi_data_fifo_v2_1_36_fifo_gen_1/<hidden>/<hidden>/<hidden>/<hidden>/<hidden>
                            (rising edge-triggered cell FDRE clocked by clk_fpga_0  {rise@0.000ns fall@5.000ns period=10.000ns})
  Destination:            snn_core_group_top/design_1_wrapper/design_1/design_1_axi_interconnect_hp0_0/s01_couplers_imp_12AUBLP/design_1_axi_interconnect_hp0_imp_auto_pc_1/design_1_axi_interconnect_hp0_imp_auto_pc_1_axi_protocol_converter_v2_1_37_axi_protocol_converter/design_1_axi_interconnect_hp0_imp_auto_pc_1_axi_protocol_converter_v2_1_37_axi3_conv/design_1_axi_interconnect_hp0_imp_auto_pc_1_axi_protocol_converter_v2_1_37_a_axi3_conv/design_1_axi_interconnect_hp0_imp_auto_pc_1_axi_data_fifo_v2_1_36_axic_fifo/design_1_axi_interconnect_hp0_imp_auto_pc_1_axi_data_fifo_v2_1_36_fifo_gen_1/<hidden>/<hidden>/<hidden>/<hidden>/<hidden>/<hidden>
                            (removal check against rising-edge clock clk_fpga_0  {rise@0.000ns fall@5.000ns period=10.000ns})
  Path Group:             **async_default**
  Path Type:              Removal (Min at Fast Process Corner)
  Requirement:            0.000ns  (clk_fpga_0 rise@0.000ns - clk_fpga_0 rise@0.000ns)
  Data Path Delay:        0.512ns  (logic 0.226ns (44.166%)  route 0.286ns (55.834%))
  Logic Levels:           1  (LUT3=1)
  Clock Path Skew:        0.030ns (DCD - SCD - CPR)
    Destination Clock Delay (DCD):    1.196ns
    Source Clock Delay      (SCD):    0.902ns
    Clock Pessimism Removal (CPR):    0.264ns

    Location             Delay type                Incr(ns)  Path(ns)    Netlist Resource(s)
  -------------------------------------------------------------------    -------------------
                         (clock clk_fpga_0 rise edge)
                                                      0.000     0.000 r  
    PS7_X0Y0             PS7                          0.000     0.000 r  u_block_design/design_1_i/processing_system7_0/inst/PS7_i/FCLKCLK[0]
                         net (fo=1, routed)           0.310     0.310    u_block_design/design_1_i/processing_system7_0/inst/FCLK_CLK_unbuffered[0]
    BUFGCTRL_X0Y16       BUFG (Prop_bufg_I_O)         0.026     0.336 r  u_block_design/design_1_i/processing_system7_0/inst/buffer_fclk_clk_0.FCLK_CLK_0_BUFG/O
                         net (fo=22237, routed)       0.566     0.902    snn_core_group_top/design_1_wrapper/design_1/design_1_axi_interconnect_hp0_0/s01_couplers_imp_12AUBLP/design_1_axi_interconnect_hp0_imp_auto_pc_1/design_1_axi_interconnect_hp0_imp_auto_pc_1_axi_protocol_converter_v2_1_37_axi_protocol_converter/design_1_axi_interconnect_hp0_imp_auto_pc_1_axi_protocol_converter_v2_1_37_axi3_conv/design_1_axi_interconnect_hp0_imp_auto_pc_1_axi_protocol_converter_v2_1_37_a_axi3_conv/design_1_axi_interconnect_hp0_imp_auto_pc_1_axi_data_fifo_v2_1_36_axic_fifo/design_1_axi_interconnect_hp0_imp_auto_pc_1_axi_data_fifo_v2_1_36_fifo_gen_1/<hidden>/<hidden>/<hidden>/<hidden>/<hidden>
    SLICE_X29Y71         FDRE                                         r  snn_core_group_top/design_1_wrapper/design_1/design_1_axi_interconnect_hp0_0/s01_couplers_imp_12AUBLP/design_1_axi_interconnect_hp0_imp_auto_pc_1/design_1_axi_interconnect_hp0_imp_auto_pc_1_axi_protocol_converter_v2_1_37_axi_protocol_converter/design_1_axi_interconnect_hp0_imp_auto_pc_1_axi_protocol_converter_v2_1_37_axi3_conv/design_1_axi_interconnect_hp0_imp_auto_pc_1_axi_protocol_converter_v2_1_37_a_axi3_conv/design_1_axi_interconnect_hp0_imp_auto_pc_1_axi_data_fifo_v2_1_36_axic_fifo/design_1_axi_interconnect_hp0_imp_auto_pc_1_axi_data_fifo_v2_1_36_fifo_gen_1/<hidden>/<hidden>/<hidden>/<hidden>/<hidden>
  -------------------------------------------------------------------    -------------------
    SLICE_X29Y71         FDRE (Prop_fdre_C_Q)         0.128     1.030 f  snn_core_group_top/design_1_wrapper/design_1/design_1_axi_interconnect_hp0_0/s01_couplers_imp_12AUBLP/design_1_axi_interconnect_hp0_imp_auto_pc_1/design_1_axi_interconnect_hp0_imp_auto_pc_1_axi_protocol_converter_v2_1_37_axi_protocol_converter/design_1_axi_interconnect_hp0_imp_auto_pc_1_axi_protocol_converter_v2_1_37_axi3_conv/design_1_axi_interconnect_hp0_imp_auto_pc_1_axi_protocol_converter_v2_1_37_a_axi3_conv/design_1_axi_interconnect_hp0_imp_auto_pc_1_axi_data_fifo_v2_1_36_axic_fifo/design_1_axi_interconnect_hp0_imp_auto_pc_1_axi_data_fifo_v2_1_36_fifo_gen_1/<hidden>/<hidden>/<hidden>/<hidden>/<hidden>
                         net (fo=2, routed)           0.157     1.187    snn_core_group_top/design_1_wrapper/design_1/design_1_axi_interconnect_hp0_0/s01_couplers_imp_12AUBLP/design_1_axi_interconnect_hp0_imp_auto_pc_1/design_1_axi_interconnect_hp0_imp_auto_pc_1_axi_protocol_converter_v2_1_37_axi_protocol_converter/design_1_axi_interconnect_hp0_imp_auto_pc_1_axi_protocol_converter_v2_1_37_axi3_conv/design_1_axi_interconnect_hp0_imp_auto_pc_1_axi_protocol_converter_v2_1_37_a_axi3_conv/design_1_axi_interconnect_hp0_imp_auto_pc_1_axi_data_fifo_v2_1_36_axic_fifo/design_1_axi_interconnect_hp0_imp_auto_pc_1_axi_data_fifo_v2_1_36_fifo_gen_1/<hidden>/<hidden>/<hidden>/<hidden>/<hidden>
    SLICE_X27Y72         LUT3 (Prop_lut3_I0_O)        0.098     1.285 f  snn_core_group_top/design_1_wrapper/design_1/design_1_axi_interconnect_hp0_0/s01_couplers_imp_12AUBLP/design_1_axi_interconnect_hp0_imp_auto_pc_1/design_1_axi_interconnect_hp0_imp_auto_pc_1_axi_protocol_converter_v2_1_37_axi_protocol_converter/design_1_axi_interconnect_hp0_imp_auto_pc_1_axi_protocol_converter_v2_1_37_axi3_conv/design_1_axi_interconnect_hp0_imp_auto_pc_1_axi_protocol_converter_v2_1_37_a_axi3_conv/design_1_axi_interconnect_hp0_imp_auto_pc_1_axi_data_fifo_v2_1_36_axic_fifo/design_1_axi_interconnect_hp0_imp_auto_pc_1_axi_data_fifo_v2_1_36_fifo_gen_1/<hidden>/<hidden>/<hidden>/<hidden>/<hidden>
                         net (fo=32, routed)          0.129     1.413    snn_core_group_top/design_1_wrapper/design_1/design_1_axi_interconnect_hp0_0/s01_couplers_imp_12AUBLP/design_1_axi_interconnect_hp0_imp_auto_pc_1/design_1_axi_interconnect_hp0_imp_auto_pc_1_axi_protocol_converter_v2_1_37_axi_protocol_converter/design_1_axi_interconnect_hp0_imp_auto_pc_1_axi_protocol_converter_v2_1_37_axi3_conv/design_1_axi_interconnect_hp0_imp_auto_pc_1_axi_protocol_converter_v2_1_37_a_axi3_conv/design_1_axi_interconnect_hp0_imp_auto_pc_1_axi_data_fifo_v2_1_36_axic_fifo/design_1_axi_interconnect_hp0_imp_auto_pc_1_axi_data_fifo_v2_1_36_fifo_gen_1/<hidden>/<hidden>/<hidden>/<hidden>/<hidden>/<hidden>
    SLICE_X26Y72         FDCE                                         f  snn_core_group_top/design_1_wrapper/design_1/design_1_axi_interconnect_hp0_0/s01_couplers_imp_12AUBLP/design_1_axi_interconnect_hp0_imp_auto_pc_1/design_1_axi_interconnect_hp0_imp_auto_pc_1_axi_protocol_converter_v2_1_37_axi_protocol_converter/design_1_axi_interconnect_hp0_imp_auto_pc_1_axi_protocol_converter_v2_1_37_axi3_conv/design_1_axi_interconnect_hp0_imp_auto_pc_1_axi_protocol_converter_v2_1_37_a_axi3_conv/design_1_axi_interconnect_hp0_imp_auto_pc_1_axi_data_fifo_v2_1_36_axic_fifo/design_1_axi_interconnect_hp0_imp_auto_pc_1_axi_data_fifo_v2_1_36_fifo_gen_1/<hidden>/<hidden>/<hidden>/<hidden>/<hidden>/<hidden>
  -------------------------------------------------------------------    -------------------

                         (clock clk_fpga_0 rise edge)
                                                      0.000     0.000 r  
    PS7_X0Y0             PS7                          0.000     0.000 r  u_block_design/design_1_i/processing_system7_0/inst/PS7_i/FCLKCLK[0]
                         net (fo=1, routed)           0.337     0.337    u_block_design/design_1_i/processing_system7_0/inst/FCLK_CLK_unbuffered[0]
    BUFGCTRL_X0Y16       BUFG (Prop_bufg_I_O)         0.029     0.366 r  u_block_design/design_1_i/processing_system7_0/inst/buffer_fclk_clk_0.FCLK_CLK_0_BUFG/O
                         net (fo=22237, routed)       0.830     1.196    snn_core_group_top/design_1_wrapper/design_1/design_1_axi_interconnect_hp0_0/s01_couplers_imp_12AUBLP/design_1_axi_interconnect_hp0_imp_auto_pc_1/design_1_axi_interconnect_hp0_imp_auto_pc_1_axi_protocol_converter_v2_1_37_axi_protocol_converter/design_1_axi_interconnect_hp0_imp_auto_pc_1_axi_protocol_converter_v2_1_37_axi3_conv/design_1_axi_interconnect_hp0_imp_auto_pc_1_axi_protocol_converter_v2_1_37_a_axi3_conv/design_1_axi_interconnect_hp0_imp_auto_pc_1_axi_data_fifo_v2_1_36_axic_fifo/design_1_axi_interconnect_hp0_imp_auto_pc_1_axi_data_fifo_v2_1_36_fifo_gen_1/<hidden>/<hidden>/<hidden>/<hidden>/<hidden>/<hidden>
    SLICE_X26Y72         FDCE                                         r  snn_core_group_top/design_1_wrapper/design_1/design_1_axi_interconnect_hp0_0/s01_couplers_imp_12AUBLP/design_1_axi_interconnect_hp0_imp_auto_pc_1/design_1_axi_interconnect_hp0_imp_auto_pc_1_axi_protocol_converter_v2_1_37_axi_protocol_converter/design_1_axi_interconnect_hp0_imp_auto_pc_1_axi_protocol_converter_v2_1_37_axi3_conv/design_1_axi_interconnect_hp0_imp_auto_pc_1_axi_protocol_converter_v2_1_37_a_axi3_conv/design_1_axi_interconnect_hp0_imp_auto_pc_1_axi_data_fifo_v2_1_36_axic_fifo/design_1_axi_interconnect_hp0_imp_auto_pc_1_axi_data_fifo_v2_1_36_fifo_gen_1/<hidden>/<hidden>/<hidden>/<hidden>/<hidden>/<hidden>
                         clock pessimism             -0.264     0.932    
    SLICE_X26Y72         FDCE (Remov_fdce_C_CLR)     -0.067     0.865    snn_core_group_top/design_1_wrapper/design_1/design_1_axi_interconnect_hp0_0/s01_couplers_imp_12AUBLP/design_1_axi_interconnect_hp0_imp_auto_pc_1/design_1_axi_interconnect_hp0_imp_auto_pc_1_axi_protocol_converter_v2_1_37_axi_protocol_converter/design_1_axi_interconnect_hp0_imp_auto_pc_1_axi_protocol_converter_v2_1_37_axi3_conv/design_1_axi_interconnect_hp0_imp_auto_pc_1_axi_protocol_converter_v2_1_37_a_axi3_conv/design_1_axi_interconnect_hp0_imp_auto_pc_1_axi_data_fifo_v2_1_36_axic_fifo/design_1_axi_interconnect_hp0_imp_auto_pc_1_axi_data_fifo_v2_1_36_fifo_gen_1/<hidden>/<hidden>/<hidden>/<hidden>/<hidden>/<hidden>
  -------------------------------------------------------------------
                         required time                         -0.865    
                         arrival time                           1.413    
  -------------------------------------------------------------------
                         slack                                  0.549    

Slack (MET) :             0.553ns  (arrival time - required time)
  Source:                 snn_core_group_top/design_1_wrapper/design_1/design_1_axi_interconnect_hp0_0/s01_couplers_imp_12AUBLP/design_1_axi_interconnect_hp0_imp_auto_pc_1/design_1_axi_interconnect_hp0_imp_auto_pc_1_axi_protocol_converter_v2_1_37_axi_protocol_converter/design_1_axi_interconnect_hp0_imp_auto_pc_1_axi_protocol_converter_v2_1_37_axi3_conv/design_1_axi_interconnect_hp0_imp_auto_pc_1_axi_protocol_converter_v2_1_37_a_axi3_conv/design_1_axi_interconnect_hp0_imp_auto_pc_1_axi_data_fifo_v2_1_36_axic_fifo/design_1_axi_interconnect_hp0_imp_auto_pc_1_axi_data_fifo_v2_1_36_fifo_gen_1/<hidden>/<hidden>/<hidden>/<hidden>/<hidden>
                            (rising edge-triggered cell FDRE clocked by clk_fpga_0  {rise@0.000ns fall@5.000ns period=10.000ns})
  Destination:            snn_core_group_top/design_1_wrapper/design_1/design_1_axi_interconnect_hp0_0/s01_couplers_imp_12AUBLP/design_1_axi_interconnect_hp0_imp_auto_pc_1/design_1_axi_interconnect_hp0_imp_auto_pc_1_axi_protocol_converter_v2_1_37_axi_protocol_converter/design_1_axi_interconnect_hp0_imp_auto_pc_1_axi_protocol_converter_v2_1_37_axi3_conv/design_1_axi_interconnect_hp0_imp_auto_pc_1_axi_protocol_converter_v2_1_37_a_axi3_conv/design_1_axi_interconnect_hp0_imp_auto_pc_1_axi_data_fifo_v2_1_36_axic_fifo/design_1_axi_interconnect_hp0_imp_auto_pc_1_axi_data_fifo_v2_1_36_fifo_gen_1/<hidden>/<hidden>/<hidden>/<hidden>/<hidden>/<hidden>
                            (removal check against rising-edge clock clk_fpga_0  {rise@0.000ns fall@5.000ns period=10.000ns})
  Path Group:             **async_default**
  Path Type:              Removal (Min at Fast Process Corner)
  Requirement:            0.000ns  (clk_fpga_0 rise@0.000ns - clk_fpga_0 rise@0.000ns)
  Data Path Delay:        0.512ns  (logic 0.226ns (44.166%)  route 0.286ns (55.834%))
  Logic Levels:           1  (LUT3=1)
  Clock Path Skew:        0.030ns (DCD - SCD - CPR)
    Destination Clock Delay (DCD):    1.196ns
    Source Clock Delay      (SCD):    0.902ns
    Clock Pessimism Removal (CPR):    0.264ns

    Location             Delay type                Incr(ns)  Path(ns)    Netlist Resource(s)
  -------------------------------------------------------------------    -------------------
                         (clock clk_fpga_0 rise edge)
                                                      0.000     0.000 r  
    PS7_X0Y0             PS7                          0.000     0.000 r  u_block_design/design_1_i/processing_system7_0/inst/PS7_i/FCLKCLK[0]
                         net (fo=1, routed)           0.310     0.310    u_block_design/design_1_i/processing_system7_0/inst/FCLK_CLK_unbuffered[0]
    BUFGCTRL_X0Y16       BUFG (Prop_bufg_I_O)         0.026     0.336 r  u_block_design/design_1_i/processing_system7_0/inst/buffer_fclk_clk_0.FCLK_CLK_0_BUFG/O
                         net (fo=22237, routed)       0.566     0.902    snn_core_group_top/design_1_wrapper/design_1/design_1_axi_interconnect_hp0_0/s01_couplers_imp_12AUBLP/design_1_axi_interconnect_hp0_imp_auto_pc_1/design_1_axi_interconnect_hp0_imp_auto_pc_1_axi_protocol_converter_v2_1_37_axi_protocol_converter/design_1_axi_interconnect_hp0_imp_auto_pc_1_axi_protocol_converter_v2_1_37_axi3_conv/design_1_axi_interconnect_hp0_imp_auto_pc_1_axi_protocol_converter_v2_1_37_a_axi3_conv/design_1_axi_interconnect_hp0_imp_auto_pc_1_axi_data_fifo_v2_1_36_axic_fifo/design_1_axi_interconnect_hp0_imp_auto_pc_1_axi_data_fifo_v2_1_36_fifo_gen_1/<hidden>/<hidden>/<hidden>/<hidden>/<hidden>
    SLICE_X29Y71         FDRE                                         r  snn_core_group_top/design_1_wrapper/design_1/design_1_axi_interconnect_hp0_0/s01_couplers_imp_12AUBLP/design_1_axi_interconnect_hp0_imp_auto_pc_1/design_1_axi_interconnect_hp0_imp_auto_pc_1_axi_protocol_converter_v2_1_37_axi_protocol_converter/design_1_axi_interconnect_hp0_imp_auto_pc_1_axi_protocol_converter_v2_1_37_axi3_conv/design_1_axi_interconnect_hp0_imp_auto_pc_1_axi_protocol_converter_v2_1_37_a_axi3_conv/design_1_axi_interconnect_hp0_imp_auto_pc_1_axi_data_fifo_v2_1_36_axic_fifo/design_1_axi_interconnect_hp0_imp_auto_pc_1_axi_data_fifo_v2_1_36_fifo_gen_1/<hidden>/<hidden>/<hidden>/<hidden>/<hidden>
  -------------------------------------------------------------------    -------------------
    SLICE_X29Y71         FDRE (Prop_fdre_C_Q)         0.128     1.030 f  snn_core_group_top/design_1_wrapper/design_1/design_1_axi_interconnect_hp0_0/s01_couplers_imp_12AUBLP/design_1_axi_interconnect_hp0_imp_auto_pc_1/design_1_axi_interconnect_hp0_imp_auto_pc_1_axi_protocol_converter_v2_1_37_axi_protocol_converter/design_1_axi_interconnect_hp0_imp_auto_pc_1_axi_protocol_converter_v2_1_37_axi3_conv/design_1_axi_interconnect_hp0_imp_auto_pc_1_axi_protocol_converter_v2_1_37_a_axi3_conv/design_1_axi_interconnect_hp0_imp_auto_pc_1_axi_data_fifo_v2_1_36_axic_fifo/design_1_axi_interconnect_hp0_imp_auto_pc_1_axi_data_fifo_v2_1_36_fifo_gen_1/<hidden>/<hidden>/<hidden>/<hidden>/<hidden>
                         net (fo=2, routed)           0.157     1.187    snn_core_group_top/design_1_wrapper/design_1/design_1_axi_interconnect_hp0_0/s01_couplers_imp_12AUBLP/design_1_axi_interconnect_hp0_imp_auto_pc_1/design_1_axi_interconnect_hp0_imp_auto_pc_1_axi_protocol_converter_v2_1_37_axi_protocol_converter/design_1_axi_interconnect_hp0_imp_auto_pc_1_axi_protocol_converter_v2_1_37_axi3_conv/design_1_axi_interconnect_hp0_imp_auto_pc_1_axi_protocol_converter_v2_1_37_a_axi3_conv/design_1_axi_interconnect_hp0_imp_auto_pc_1_axi_data_fifo_v2_1_36_axic_fifo/design_1_axi_interconnect_hp0_imp_auto_pc_1_axi_data_fifo_v2_1_36_fifo_gen_1/<hidden>/<hidden>/<hidden>/<hidden>/<hidden>
    SLICE_X27Y72         LUT3 (Prop_lut3_I0_O)        0.098     1.285 f  snn_core_group_top/design_1_wrapper/design_1/design_1_axi_interconnect_hp0_0/s01_couplers_imp_12AUBLP/design_1_axi_interconnect_hp0_imp_auto_pc_1/design_1_axi_interconnect_hp0_imp_auto_pc_1_axi_protocol_converter_v2_1_37_axi_protocol_converter/design_1_axi_interconnect_hp0_imp_auto_pc_1_axi_protocol_converter_v2_1_37_axi3_conv/design_1_axi_interconnect_hp0_imp_auto_pc_1_axi_protocol_converter_v2_1_37_a_axi3_conv/design_1_axi_interconnect_hp0_imp_auto_pc_1_axi_data_fifo_v2_1_36_axic_fifo/design_1_axi_interconnect_hp0_imp_auto_pc_1_axi_data_fifo_v2_1_36_fifo_gen_1/<hidden>/<hidden>/<hidden>/<hidden>/<hidden>
                         net (fo=32, routed)          0.129     1.413    snn_core_group_top/design_1_wrapper/design_1/design_1_axi_interconnect_hp0_0/s01_couplers_imp_12AUBLP/design_1_axi_interconnect_hp0_imp_auto_pc_1/design_1_axi_interconnect_hp0_imp_auto_pc_1_axi_protocol_converter_v2_1_37_axi_protocol_converter/design_1_axi_interconnect_hp0_imp_auto_pc_1_axi_protocol_converter_v2_1_37_axi3_conv/design_1_axi_interconnect_hp0_imp_auto_pc_1_axi_protocol_converter_v2_1_37_a_axi3_conv/design_1_axi_interconnect_hp0_imp_auto_pc_1_axi_data_fifo_v2_1_36_axic_fifo/design_1_axi_interconnect_hp0_imp_auto_pc_1_axi_data_fifo_v2_1_36_fifo_gen_1/<hidden>/<hidden>/<hidden>/<hidden>/<hidden>/<hidden>
    SLICE_X26Y72         FDPE                                         f  snn_core_group_top/design_1_wrapper/design_1/design_1_axi_interconnect_hp0_0/s01_couplers_imp_12AUBLP/design_1_axi_interconnect_hp0_imp_auto_pc_1/design_1_axi_interconnect_hp0_imp_auto_pc_1_axi_protocol_converter_v2_1_37_axi_protocol_converter/design_1_axi_interconnect_hp0_imp_auto_pc_1_axi_protocol_converter_v2_1_37_axi3_conv/design_1_axi_interconnect_hp0_imp_auto_pc_1_axi_protocol_converter_v2_1_37_a_axi3_conv/design_1_axi_interconnect_hp0_imp_auto_pc_1_axi_data_fifo_v2_1_36_axic_fifo/design_1_axi_interconnect_hp0_imp_auto_pc_1_axi_data_fifo_v2_1_36_fifo_gen_1/<hidden>/<hidden>/<hidden>/<hidden>/<hidden>/<hidden>
  -------------------------------------------------------------------    -------------------

                         (clock clk_fpga_0 rise edge)
                                                      0.000     0.000 r  
    PS7_X0Y0             PS7                          0.000     0.000 r  u_block_design/design_1_i/processing_system7_0/inst/PS7_i/FCLKCLK[0]
                         net (fo=1, routed)           0.337     0.337    u_block_design/design_1_i/processing_system7_0/inst/FCLK_CLK_unbuffered[0]
    BUFGCTRL_X0Y16       BUFG (Prop_bufg_I_O)         0.029     0.366 r  u_block_design/design_1_i/processing_system7_0/inst/buffer_fclk_clk_0.FCLK_CLK_0_BUFG/O
                         net (fo=22237, routed)       0.830     1.196    snn_core_group_top/design_1_wrapper/design_1/design_1_axi_interconnect_hp0_0/s01_couplers_imp_12AUBLP/design_1_axi_interconnect_hp0_imp_auto_pc_1/design_1_axi_interconnect_hp0_imp_auto_pc_1_axi_protocol_converter_v2_1_37_axi_protocol_converter/design_1_axi_interconnect_hp0_imp_auto_pc_1_axi_protocol_converter_v2_1_37_axi3_conv/design_1_axi_interconnect_hp0_imp_auto_pc_1_axi_protocol_converter_v2_1_37_a_axi3_conv/design_1_axi_interconnect_hp0_imp_auto_pc_1_axi_data_fifo_v2_1_36_axic_fifo/design_1_axi_interconnect_hp0_imp_auto_pc_1_axi_data_fifo_v2_1_36_fifo_gen_1/<hidden>/<hidden>/<hidden>/<hidden>/<hidden>/<hidden>
    SLICE_X26Y72         FDPE                                         r  snn_core_group_top/design_1_wrapper/design_1/design_1_axi_interconnect_hp0_0/s01_couplers_imp_12AUBLP/design_1_axi_interconnect_hp0_imp_auto_pc_1/design_1_axi_interconnect_hp0_imp_auto_pc_1_axi_protocol_converter_v2_1_37_axi_protocol_converter/design_1_axi_interconnect_hp0_imp_auto_pc_1_axi_protocol_converter_v2_1_37_axi3_conv/design_1_axi_interconnect_hp0_imp_auto_pc_1_axi_protocol_converter_v2_1_37_a_axi3_conv/design_1_axi_interconnect_hp0_imp_auto_pc_1_axi_data_fifo_v2_1_36_axic_fifo/design_1_axi_interconnect_hp0_imp_auto_pc_1_axi_data_fifo_v2_1_36_fifo_gen_1/<hidden>/<hidden>/<hidden>/<hidden>/<hidden>/<hidden>
                         clock pessimism             -0.264     0.932    
    SLICE_X26Y72         FDPE (Remov_fdpe_C_PRE)     -0.071     0.861    snn_core_group_top/design_1_wrapper/design_1/design_1_axi_interconnect_hp0_0/s01_couplers_imp_12AUBLP/design_1_axi_interconnect_hp0_imp_auto_pc_1/design_1_axi_interconnect_hp0_imp_auto_pc_1_axi_protocol_converter_v2_1_37_axi_protocol_converter/design_1_axi_interconnect_hp0_imp_auto_pc_1_axi_protocol_converter_v2_1_37_axi3_conv/design_1_axi_interconnect_hp0_imp_auto_pc_1_axi_protocol_converter_v2_1_37_a_axi3_conv/design_1_axi_interconnect_hp0_imp_auto_pc_1_axi_data_fifo_v2_1_36_axic_fifo/design_1_axi_interconnect_hp0_imp_auto_pc_1_axi_data_fifo_v2_1_36_fifo_gen_1/<hidden>/<hidden>/<hidden>/<hidden>/<hidden>/<hidden>
  -------------------------------------------------------------------
                         required time                         -0.861    
                         arrival time                           1.413    
  -------------------------------------------------------------------
                         slack                                  0.553    

Slack (MET) :             0.553ns  (arrival time - required time)
  Source:                 snn_core_group_top/design_1_wrapper/design_1/design_1_axi_interconnect_hp0_0/s01_couplers_imp_12AUBLP/design_1_axi_interconnect_hp0_imp_auto_pc_1/design_1_axi_interconnect_hp0_imp_auto_pc_1_axi_protocol_converter_v2_1_37_axi_protocol_converter/design_1_axi_interconnect_hp0_imp_auto_pc_1_axi_protocol_converter_v2_1_37_axi3_conv/design_1_axi_interconnect_hp0_imp_auto_pc_1_axi_protocol_converter_v2_1_37_a_axi3_conv/design_1_axi_interconnect_hp0_imp_auto_pc_1_axi_data_fifo_v2_1_36_axic_fifo/design_1_axi_interconnect_hp0_imp_auto_pc_1_axi_data_fifo_v2_1_36_fifo_gen_1/<hidden>/<hidden>/<hidden>/<hidden>/<hidden>
                            (rising edge-triggered cell FDRE clocked by clk_fpga_0  {rise@0.000ns fall@5.000ns period=10.000ns})
  Destination:            snn_core_group_top/design_1_wrapper/design_1/design_1_axi_interconnect_hp0_0/s01_couplers_imp_12AUBLP/design_1_axi_interconnect_hp0_imp_auto_pc_1/design_1_axi_interconnect_hp0_imp_auto_pc_1_axi_protocol_converter_v2_1_37_axi_protocol_converter/design_1_axi_interconnect_hp0_imp_auto_pc_1_axi_protocol_converter_v2_1_37_axi3_conv/design_1_axi_interconnect_hp0_imp_auto_pc_1_axi_protocol_converter_v2_1_37_a_axi3_conv/design_1_axi_interconnect_hp0_imp_auto_pc_1_axi_data_fifo_v2_1_36_axic_fifo/design_1_axi_interconnect_hp0_imp_auto_pc_1_axi_data_fifo_v2_1_36_fifo_gen_1/<hidden>/<hidden>/<hidden>/<hidden>/<hidden>/<hidden>
                            (removal check against rising-edge clock clk_fpga_0  {rise@0.000ns fall@5.000ns period=10.000ns})
  Path Group:             **async_default**
  Path Type:              Removal (Min at Fast Process Corner)
  Requirement:            0.000ns  (clk_fpga_0 rise@0.000ns - clk_fpga_0 rise@0.000ns)
  Data Path Delay:        0.512ns  (logic 0.226ns (44.166%)  route 0.286ns (55.834%))
  Logic Levels:           1  (LUT3=1)
  Clock Path Skew:        0.030ns (DCD - SCD - CPR)
    Destination Clock Delay (DCD):    1.196ns
    Source Clock Delay      (SCD):    0.902ns
    Clock Pessimism Removal (CPR):    0.264ns

    Location             Delay type                Incr(ns)  Path(ns)    Netlist Resource(s)
  -------------------------------------------------------------------    -------------------
                         (clock clk_fpga_0 rise edge)
                                                      0.000     0.000 r  
    PS7_X0Y0             PS7                          0.000     0.000 r  u_block_design/design_1_i/processing_system7_0/inst/PS7_i/FCLKCLK[0]
                         net (fo=1, routed)           0.310     0.310    u_block_design/design_1_i/processing_system7_0/inst/FCLK_CLK_unbuffered[0]
    BUFGCTRL_X0Y16       BUFG (Prop_bufg_I_O)         0.026     0.336 r  u_block_design/design_1_i/processing_system7_0/inst/buffer_fclk_clk_0.FCLK_CLK_0_BUFG/O
                         net (fo=22237, routed)       0.566     0.902    snn_core_group_top/design_1_wrapper/design_1/design_1_axi_interconnect_hp0_0/s01_couplers_imp_12AUBLP/design_1_axi_interconnect_hp0_imp_auto_pc_1/design_1_axi_interconnect_hp0_imp_auto_pc_1_axi_protocol_converter_v2_1_37_axi_protocol_converter/design_1_axi_interconnect_hp0_imp_auto_pc_1_axi_protocol_converter_v2_1_37_axi3_conv/design_1_axi_interconnect_hp0_imp_auto_pc_1_axi_protocol_converter_v2_1_37_a_axi3_conv/design_1_axi_interconnect_hp0_imp_auto_pc_1_axi_data_fifo_v2_1_36_axic_fifo/design_1_axi_interconnect_hp0_imp_auto_pc_1_axi_data_fifo_v2_1_36_fifo_gen_1/<hidden>/<hidden>/<hidden>/<hidden>/<hidden>
    SLICE_X29Y71         FDRE                                         r  snn_core_group_top/design_1_wrapper/design_1/design_1_axi_interconnect_hp0_0/s01_couplers_imp_12AUBLP/design_1_axi_interconnect_hp0_imp_auto_pc_1/design_1_axi_interconnect_hp0_imp_auto_pc_1_axi_protocol_converter_v2_1_37_axi_protocol_converter/design_1_axi_interconnect_hp0_imp_auto_pc_1_axi_protocol_converter_v2_1_37_axi3_conv/design_1_axi_interconnect_hp0_imp_auto_pc_1_axi_protocol_converter_v2_1_37_a_axi3_conv/design_1_axi_interconnect_hp0_imp_auto_pc_1_axi_data_fifo_v2_1_36_axic_fifo/design_1_axi_interconnect_hp0_imp_auto_pc_1_axi_data_fifo_v2_1_36_fifo_gen_1/<hidden>/<hidden>/<hidden>/<hidden>/<hidden>
  -------------------------------------------------------------------    -------------------
    SLICE_X29Y71         FDRE (Prop_fdre_C_Q)         0.128     1.030 f  snn_core_group_top/design_1_wrapper/design_1/design_1_axi_interconnect_hp0_0/s01_couplers_imp_12AUBLP/design_1_axi_interconnect_hp0_imp_auto_pc_1/design_1_axi_interconnect_hp0_imp_auto_pc_1_axi_protocol_converter_v2_1_37_axi_protocol_converter/design_1_axi_interconnect_hp0_imp_auto_pc_1_axi_protocol_converter_v2_1_37_axi3_conv/design_1_axi_interconnect_hp0_imp_auto_pc_1_axi_protocol_converter_v2_1_37_a_axi3_conv/design_1_axi_interconnect_hp0_imp_auto_pc_1_axi_data_fifo_v2_1_36_axic_fifo/design_1_axi_interconnect_hp0_imp_auto_pc_1_axi_data_fifo_v2_1_36_fifo_gen_1/<hidden>/<hidden>/<hidden>/<hidden>/<hidden>
                         net (fo=2, routed)           0.157     1.187    snn_core_group_top/design_1_wrapper/design_1/design_1_axi_interconnect_hp0_0/s01_couplers_imp_12AUBLP/design_1_axi_interconnect_hp0_imp_auto_pc_1/design_1_axi_interconnect_hp0_imp_auto_pc_1_axi_protocol_converter_v2_1_37_axi_protocol_converter/design_1_axi_interconnect_hp0_imp_auto_pc_1_axi_protocol_converter_v2_1_37_axi3_conv/design_1_axi_interconnect_hp0_imp_auto_pc_1_axi_protocol_converter_v2_1_37_a_axi3_conv/design_1_axi_interconnect_hp0_imp_auto_pc_1_axi_data_fifo_v2_1_36_axic_fifo/design_1_axi_interconnect_hp0_imp_auto_pc_1_axi_data_fifo_v2_1_36_fifo_gen_1/<hidden>/<hidden>/<hidden>/<hidden>/<hidden>
    SLICE_X27Y72         LUT3 (Prop_lut3_I0_O)        0.098     1.285 f  snn_core_group_top/design_1_wrapper/design_1/design_1_axi_interconnect_hp0_0/s01_couplers_imp_12AUBLP/design_1_axi_interconnect_hp0_imp_auto_pc_1/design_1_axi_interconnect_hp0_imp_auto_pc_1_axi_protocol_converter_v2_1_37_axi_protocol_converter/design_1_axi_interconnect_hp0_imp_auto_pc_1_axi_protocol_converter_v2_1_37_axi3_conv/design_1_axi_interconnect_hp0_imp_auto_pc_1_axi_protocol_converter_v2_1_37_a_axi3_conv/design_1_axi_interconnect_hp0_imp_auto_pc_1_axi_data_fifo_v2_1_36_axic_fifo/design_1_axi_interconnect_hp0_imp_auto_pc_1_axi_data_fifo_v2_1_36_fifo_gen_1/<hidden>/<hidden>/<hidden>/<hidden>/<hidden>
                         net (fo=32, routed)          0.129     1.413    snn_core_group_top/design_1_wrapper/design_1/design_1_axi_interconnect_hp0_0/s01_couplers_imp_12AUBLP/design_1_axi_interconnect_hp0_imp_auto_pc_1/design_1_axi_interconnect_hp0_imp_auto_pc_1_axi_protocol_converter_v2_1_37_axi_protocol_converter/design_1_axi_interconnect_hp0_imp_auto_pc_1_axi_protocol_converter_v2_1_37_axi3_conv/design_1_axi_interconnect_hp0_imp_auto_pc_1_axi_protocol_converter_v2_1_37_a_axi3_conv/design_1_axi_interconnect_hp0_imp_auto_pc_1_axi_data_fifo_v2_1_36_axic_fifo/design_1_axi_interconnect_hp0_imp_auto_pc_1_axi_data_fifo_v2_1_36_fifo_gen_1/<hidden>/<hidden>/<hidden>/<hidden>/<hidden>/<hidden>
    SLICE_X26Y72         FDPE                                         f  snn_core_group_top/design_1_wrapper/design_1/design_1_axi_interconnect_hp0_0/s01_couplers_imp_12AUBLP/design_1_axi_interconnect_hp0_imp_auto_pc_1/design_1_axi_interconnect_hp0_imp_auto_pc_1_axi_protocol_converter_v2_1_37_axi_protocol_converter/design_1_axi_interconnect_hp0_imp_auto_pc_1_axi_protocol_converter_v2_1_37_axi3_conv/design_1_axi_interconnect_hp0_imp_auto_pc_1_axi_protocol_converter_v2_1_37_a_axi3_conv/design_1_axi_interconnect_hp0_imp_auto_pc_1_axi_data_fifo_v2_1_36_axic_fifo/design_1_axi_interconnect_hp0_imp_auto_pc_1_axi_data_fifo_v2_1_36_fifo_gen_1/<hidden>/<hidden>/<hidden>/<hidden>/<hidden>/<hidden>
  -------------------------------------------------------------------    -------------------

                         (clock clk_fpga_0 rise edge)
                                                      0.000     0.000 r  
    PS7_X0Y0             PS7                          0.000     0.000 r  u_block_design/design_1_i/processing_system7_0/inst/PS7_i/FCLKCLK[0]
                         net (fo=1, routed)           0.337     0.337    u_block_design/design_1_i/processing_system7_0/inst/FCLK_CLK_unbuffered[0]
    BUFGCTRL_X0Y16       BUFG (Prop_bufg_I_O)         0.029     0.366 r  u_block_design/design_1_i/processing_system7_0/inst/buffer_fclk_clk_0.FCLK_CLK_0_BUFG/O
                         net (fo=22237, routed)       0.830     1.196    snn_core_group_top/design_1_wrapper/design_1/design_1_axi_interconnect_hp0_0/s01_couplers_imp_12AUBLP/design_1_axi_interconnect_hp0_imp_auto_pc_1/design_1_axi_interconnect_hp0_imp_auto_pc_1_axi_protocol_converter_v2_1_37_axi_protocol_converter/design_1_axi_interconnect_hp0_imp_auto_pc_1_axi_protocol_converter_v2_1_37_axi3_conv/design_1_axi_interconnect_hp0_imp_auto_pc_1_axi_protocol_converter_v2_1_37_a_axi3_conv/design_1_axi_interconnect_hp0_imp_auto_pc_1_axi_data_fifo_v2_1_36_axic_fifo/design_1_axi_interconnect_hp0_imp_auto_pc_1_axi_data_fifo_v2_1_36_fifo_gen_1/<hidden>/<hidden>/<hidden>/<hidden>/<hidden>/<hidden>
    SLICE_X26Y72         FDPE                                         r  snn_core_group_top/design_1_wrapper/design_1/design_1_axi_interconnect_hp0_0/s01_couplers_imp_12AUBLP/design_1_axi_interconnect_hp0_imp_auto_pc_1/design_1_axi_interconnect_hp0_imp_auto_pc_1_axi_protocol_converter_v2_1_37_axi_protocol_converter/design_1_axi_interconnect_hp0_imp_auto_pc_1_axi_protocol_converter_v2_1_37_axi3_conv/design_1_axi_interconnect_hp0_imp_auto_pc_1_axi_protocol_converter_v2_1_37_a_axi3_conv/design_1_axi_interconnect_hp0_imp_auto_pc_1_axi_data_fifo_v2_1_36_axic_fifo/design_1_axi_interconnect_hp0_imp_auto_pc_1_axi_data_fifo_v2_1_36_fifo_gen_1/<hidden>/<hidden>/<hidden>/<hidden>/<hidden>/<hidden>
                         clock pessimism             -0.264     0.932    
    SLICE_X26Y72         FDPE (Remov_fdpe_C_PRE)     -0.071     0.861    snn_core_group_top/design_1_wrapper/design_1/design_1_axi_interconnect_hp0_0/s01_couplers_imp_12AUBLP/design_1_axi_interconnect_hp0_imp_auto_pc_1/design_1_axi_interconnect_hp0_imp_auto_pc_1_axi_protocol_converter_v2_1_37_axi_protocol_converter/design_1_axi_interconnect_hp0_imp_auto_pc_1_axi_protocol_converter_v2_1_37_axi3_conv/design_1_axi_interconnect_hp0_imp_auto_pc_1_axi_protocol_converter_v2_1_37_a_axi3_conv/design_1_axi_interconnect_hp0_imp_auto_pc_1_axi_data_fifo_v2_1_36_axic_fifo/design_1_axi_interconnect_hp0_imp_auto_pc_1_axi_data_fifo_v2_1_36_fifo_gen_1/<hidden>/<hidden>/<hidden>/<hidden>/<hidden>/<hidden>
  -------------------------------------------------------------------
                         required time                         -0.861    
                         arrival time                           1.413    
  -------------------------------------------------------------------
                         slack                                  0.553    

Slack (MET) :             0.553ns  (arrival time - required time)
  Source:                 snn_core_group_top/design_1_wrapper/design_1/design_1_axi_interconnect_hp0_0/s01_couplers_imp_12AUBLP/design_1_axi_interconnect_hp0_imp_auto_pc_1/design_1_axi_interconnect_hp0_imp_auto_pc_1_axi_protocol_converter_v2_1_37_axi_protocol_converter/design_1_axi_interconnect_hp0_imp_auto_pc_1_axi_protocol_converter_v2_1_37_axi3_conv/design_1_axi_interconnect_hp0_imp_auto_pc_1_axi_protocol_converter_v2_1_37_a_axi3_conv/design_1_axi_interconnect_hp0_imp_auto_pc_1_axi_data_fifo_v2_1_36_axic_fifo/design_1_axi_interconnect_hp0_imp_auto_pc_1_axi_data_fifo_v2_1_36_fifo_gen_1/<hidden>/<hidden>/<hidden>/<hidden>/<hidden>
                            (rising edge-triggered cell FDRE clocked by clk_fpga_0  {rise@0.000ns fall@5.000ns period=10.000ns})
  Destination:            snn_core_group_top/design_1_wrapper/design_1/design_1_axi_interconnect_hp0_0/s01_couplers_imp_12AUBLP/design_1_axi_interconnect_hp0_imp_auto_pc_1/design_1_axi_interconnect_hp0_imp_auto_pc_1_axi_protocol_converter_v2_1_37_axi_protocol_converter/design_1_axi_interconnect_hp0_imp_auto_pc_1_axi_protocol_converter_v2_1_37_axi3_conv/design_1_axi_interconnect_hp0_imp_auto_pc_1_axi_protocol_converter_v2_1_37_a_axi3_conv/design_1_axi_interconnect_hp0_imp_auto_pc_1_axi_data_fifo_v2_1_36_axic_fifo/design_1_axi_interconnect_hp0_imp_auto_pc_1_axi_data_fifo_v2_1_36_fifo_gen_1/<hidden>/<hidden>/<hidden>/<hidden>/<hidden>/<hidden>
                            (removal check against rising-edge clock clk_fpga_0  {rise@0.000ns fall@5.000ns period=10.000ns})
  Path Group:             **async_default**
  Path Type:              Removal (Min at Fast Process Corner)
  Requirement:            0.000ns  (clk_fpga_0 rise@0.000ns - clk_fpga_0 rise@0.000ns)
  Data Path Delay:        0.512ns  (logic 0.226ns (44.166%)  route 0.286ns (55.834%))
  Logic Levels:           1  (LUT3=1)
  Clock Path Skew:        0.030ns (DCD - SCD - CPR)
    Destination Clock Delay (DCD):    1.196ns
    Source Clock Delay      (SCD):    0.902ns
    Clock Pessimism Removal (CPR):    0.264ns

    Location             Delay type                Incr(ns)  Path(ns)    Netlist Resource(s)
  -------------------------------------------------------------------    -------------------
                         (clock clk_fpga_0 rise edge)
                                                      0.000     0.000 r  
    PS7_X0Y0             PS7                          0.000     0.000 r  u_block_design/design_1_i/processing_system7_0/inst/PS7_i/FCLKCLK[0]
                         net (fo=1, routed)           0.310     0.310    u_block_design/design_1_i/processing_system7_0/inst/FCLK_CLK_unbuffered[0]
    BUFGCTRL_X0Y16       BUFG (Prop_bufg_I_O)         0.026     0.336 r  u_block_design/design_1_i/processing_system7_0/inst/buffer_fclk_clk_0.FCLK_CLK_0_BUFG/O
                         net (fo=22237, routed)       0.566     0.902    snn_core_group_top/design_1_wrapper/design_1/design_1_axi_interconnect_hp0_0/s01_couplers_imp_12AUBLP/design_1_axi_interconnect_hp0_imp_auto_pc_1/design_1_axi_interconnect_hp0_imp_auto_pc_1_axi_protocol_converter_v2_1_37_axi_protocol_converter/design_1_axi_interconnect_hp0_imp_auto_pc_1_axi_protocol_converter_v2_1_37_axi3_conv/design_1_axi_interconnect_hp0_imp_auto_pc_1_axi_protocol_converter_v2_1_37_a_axi3_conv/design_1_axi_interconnect_hp0_imp_auto_pc_1_axi_data_fifo_v2_1_36_axic_fifo/design_1_axi_interconnect_hp0_imp_auto_pc_1_axi_data_fifo_v2_1_36_fifo_gen_1/<hidden>/<hidden>/<hidden>/<hidden>/<hidden>
    SLICE_X29Y71         FDRE                                         r  snn_core_group_top/design_1_wrapper/design_1/design_1_axi_interconnect_hp0_0/s01_couplers_imp_12AUBLP/design_1_axi_interconnect_hp0_imp_auto_pc_1/design_1_axi_interconnect_hp0_imp_auto_pc_1_axi_protocol_converter_v2_1_37_axi_protocol_converter/design_1_axi_interconnect_hp0_imp_auto_pc_1_axi_protocol_converter_v2_1_37_axi3_conv/design_1_axi_interconnect_hp0_imp_auto_pc_1_axi_protocol_converter_v2_1_37_a_axi3_conv/design_1_axi_interconnect_hp0_imp_auto_pc_1_axi_data_fifo_v2_1_36_axic_fifo/design_1_axi_interconnect_hp0_imp_auto_pc_1_axi_data_fifo_v2_1_36_fifo_gen_1/<hidden>/<hidden>/<hidden>/<hidden>/<hidden>
  -------------------------------------------------------------------    -------------------
    SLICE_X29Y71         FDRE (Prop_fdre_C_Q)         0.128     1.030 f  snn_core_group_top/design_1_wrapper/design_1/design_1_axi_interconnect_hp0_0/s01_couplers_imp_12AUBLP/design_1_axi_interconnect_hp0_imp_auto_pc_1/design_1_axi_interconnect_hp0_imp_auto_pc_1_axi_protocol_converter_v2_1_37_axi_protocol_converter/design_1_axi_interconnect_hp0_imp_auto_pc_1_axi_protocol_converter_v2_1_37_axi3_conv/design_1_axi_interconnect_hp0_imp_auto_pc_1_axi_protocol_converter_v2_1_37_a_axi3_conv/design_1_axi_interconnect_hp0_imp_auto_pc_1_axi_data_fifo_v2_1_36_axic_fifo/design_1_axi_interconnect_hp0_imp_auto_pc_1_axi_data_fifo_v2_1_36_fifo_gen_1/<hidden>/<hidden>/<hidden>/<hidden>/<hidden>
                         net (fo=2, routed)           0.157     1.187    snn_core_group_top/design_1_wrapper/design_1/design_1_axi_interconnect_hp0_0/s01_couplers_imp_12AUBLP/design_1_axi_interconnect_hp0_imp_auto_pc_1/design_1_axi_interconnect_hp0_imp_auto_pc_1_axi_protocol_converter_v2_1_37_axi_protocol_converter/design_1_axi_interconnect_hp0_imp_auto_pc_1_axi_protocol_converter_v2_1_37_axi3_conv/design_1_axi_interconnect_hp0_imp_auto_pc_1_axi_protocol_converter_v2_1_37_a_axi3_conv/design_1_axi_interconnect_hp0_imp_auto_pc_1_axi_data_fifo_v2_1_36_axic_fifo/design_1_axi_interconnect_hp0_imp_auto_pc_1_axi_data_fifo_v2_1_36_fifo_gen_1/<hidden>/<hidden>/<hidden>/<hidden>/<hidden>
    SLICE_X27Y72         LUT3 (Prop_lut3_I0_O)        0.098     1.285 f  snn_core_group_top/design_1_wrapper/design_1/design_1_axi_interconnect_hp0_0/s01_couplers_imp_12AUBLP/design_1_axi_interconnect_hp0_imp_auto_pc_1/design_1_axi_interconnect_hp0_imp_auto_pc_1_axi_protocol_converter_v2_1_37_axi_protocol_converter/design_1_axi_interconnect_hp0_imp_auto_pc_1_axi_protocol_converter_v2_1_37_axi3_conv/design_1_axi_interconnect_hp0_imp_auto_pc_1_axi_protocol_converter_v2_1_37_a_axi3_conv/design_1_axi_interconnect_hp0_imp_auto_pc_1_axi_data_fifo_v2_1_36_axic_fifo/design_1_axi_interconnect_hp0_imp_auto_pc_1_axi_data_fifo_v2_1_36_fifo_gen_1/<hidden>/<hidden>/<hidden>/<hidden>/<hidden>
                         net (fo=32, routed)          0.129     1.413    snn_core_group_top/design_1_wrapper/design_1/design_1_axi_interconnect_hp0_0/s01_couplers_imp_12AUBLP/design_1_axi_interconnect_hp0_imp_auto_pc_1/design_1_axi_interconnect_hp0_imp_auto_pc_1_axi_protocol_converter_v2_1_37_axi_protocol_converter/design_1_axi_interconnect_hp0_imp_auto_pc_1_axi_protocol_converter_v2_1_37_axi3_conv/design_1_axi_interconnect_hp0_imp_auto_pc_1_axi_protocol_converter_v2_1_37_a_axi3_conv/design_1_axi_interconnect_hp0_imp_auto_pc_1_axi_data_fifo_v2_1_36_axic_fifo/design_1_axi_interconnect_hp0_imp_auto_pc_1_axi_data_fifo_v2_1_36_fifo_gen_1/<hidden>/<hidden>/<hidden>/<hidden>/<hidden>/<hidden>
    SLICE_X26Y72         FDPE                                         f  snn_core_group_top/design_1_wrapper/design_1/design_1_axi_interconnect_hp0_0/s01_couplers_imp_12AUBLP/design_1_axi_interconnect_hp0_imp_auto_pc_1/design_1_axi_interconnect_hp0_imp_auto_pc_1_axi_protocol_converter_v2_1_37_axi_protocol_converter/design_1_axi_interconnect_hp0_imp_auto_pc_1_axi_protocol_converter_v2_1_37_axi3_conv/design_1_axi_interconnect_hp0_imp_auto_pc_1_axi_protocol_converter_v2_1_37_a_axi3_conv/design_1_axi_interconnect_hp0_imp_auto_pc_1_axi_data_fifo_v2_1_36_axic_fifo/design_1_axi_interconnect_hp0_imp_auto_pc_1_axi_data_fifo_v2_1_36_fifo_gen_1/<hidden>/<hidden>/<hidden>/<hidden>/<hidden>/<hidden>
  -------------------------------------------------------------------    -------------------

                         (clock clk_fpga_0 rise edge)
                                                      0.000     0.000 r  
    PS7_X0Y0             PS7                          0.000     0.000 r  u_block_design/design_1_i/processing_system7_0/inst/PS7_i/FCLKCLK[0]
                         net (fo=1, routed)           0.337     0.337    u_block_design/design_1_i/processing_system7_0/inst/FCLK_CLK_unbuffered[0]
    BUFGCTRL_X0Y16       BUFG (Prop_bufg_I_O)         0.029     0.366 r  u_block_design/design_1_i/processing_system7_0/inst/buffer_fclk_clk_0.FCLK_CLK_0_BUFG/O
                         net (fo=22237, routed)       0.830     1.196    snn_core_group_top/design_1_wrapper/design_1/design_1_axi_interconnect_hp0_0/s01_couplers_imp_12AUBLP/design_1_axi_interconnect_hp0_imp_auto_pc_1/design_1_axi_interconnect_hp0_imp_auto_pc_1_axi_protocol_converter_v2_1_37_axi_protocol_converter/design_1_axi_interconnect_hp0_imp_auto_pc_1_axi_protocol_converter_v2_1_37_axi3_conv/design_1_axi_interconnect_hp0_imp_auto_pc_1_axi_protocol_converter_v2_1_37_a_axi3_conv/design_1_axi_interconnect_hp0_imp_auto_pc_1_axi_data_fifo_v2_1_36_axic_fifo/design_1_axi_interconnect_hp0_imp_auto_pc_1_axi_data_fifo_v2_1_36_fifo_gen_1/<hidden>/<hidden>/<hidden>/<hidden>/<hidden>/<hidden>
    SLICE_X26Y72         FDPE                                         r  snn_core_group_top/design_1_wrapper/design_1/design_1_axi_interconnect_hp0_0/s01_couplers_imp_12AUBLP/design_1_axi_interconnect_hp0_imp_auto_pc_1/design_1_axi_interconnect_hp0_imp_auto_pc_1_axi_protocol_converter_v2_1_37_axi_protocol_converter/design_1_axi_interconnect_hp0_imp_auto_pc_1_axi_protocol_converter_v2_1_37_axi3_conv/design_1_axi_interconnect_hp0_imp_auto_pc_1_axi_protocol_converter_v2_1_37_a_axi3_conv/design_1_axi_interconnect_hp0_imp_auto_pc_1_axi_data_fifo_v2_1_36_axic_fifo/design_1_axi_interconnect_hp0_imp_auto_pc_1_axi_data_fifo_v2_1_36_fifo_gen_1/<hidden>/<hidden>/<hidden>/<hidden>/<hidden>/<hidden>
                         clock pessimism             -0.264     0.932    
    SLICE_X26Y72         FDPE (Remov_fdpe_C_PRE)     -0.071     0.861    snn_core_group_top/design_1_wrapper/design_1/design_1_axi_interconnect_hp0_0/s01_couplers_imp_12AUBLP/design_1_axi_interconnect_hp0_imp_auto_pc_1/design_1_axi_interconnect_hp0_imp_auto_pc_1_axi_protocol_converter_v2_1_37_axi_protocol_converter/design_1_axi_interconnect_hp0_imp_auto_pc_1_axi_protocol_converter_v2_1_37_axi3_conv/design_1_axi_interconnect_hp0_imp_auto_pc_1_axi_protocol_converter_v2_1_37_a_axi3_conv/design_1_axi_interconnect_hp0_imp_auto_pc_1_axi_data_fifo_v2_1_36_axic_fifo/design_1_axi_interconnect_hp0_imp_auto_pc_1_axi_data_fifo_v2_1_36_fifo_gen_1/<hidden>/<hidden>/<hidden>/<hidden>/<hidden>/<hidden>
  -------------------------------------------------------------------
                         required time                         -0.861    
                         arrival time                           1.413    
  -------------------------------------------------------------------
                         slack                                  0.553    

Slack (MET) :             0.561ns  (arrival time - required time)
  Source:                 snn_core_group_top/design_1_wrapper/design_1/design_1_axi_interconnect_hp0_0/s03_couplers_imp_13X28CE/design_1_axi_interconnect_hp0_imp_auto_pc_3/design_1_axi_interconnect_hp0_imp_auto_pc_3_axi_protocol_converter_v2_1_37_axi_protocol_converter/design_1_axi_interconnect_hp0_imp_auto_pc_3_axi_protocol_converter_v2_1_37_axi3_conv/design_1_axi_interconnect_hp0_imp_auto_pc_3_axi_protocol_converter_v2_1_37_a_axi3_conv/design_1_axi_interconnect_hp0_imp_auto_pc_3_axi_data_fifo_v2_1_36_axic_fifo_0/design_1_axi_interconnect_hp0_imp_auto_pc_3_axi_data_fifo_v2_1_36_fifo_gen/<hidden>/<hidden>/<hidden>/<hidden>/<hidden>
                            (rising edge-triggered cell FDRE clocked by clk_fpga_0  {rise@0.000ns fall@5.000ns period=10.000ns})
  Destination:            snn_core_group_top/design_1_wrapper/design_1/design_1_axi_interconnect_hp0_0/s03_couplers_imp_13X28CE/design_1_axi_interconnect_hp0_imp_auto_pc_3/design_1_axi_interconnect_hp0_imp_auto_pc_3_axi_protocol_converter_v2_1_37_axi_protocol_converter/design_1_axi_interconnect_hp0_imp_auto_pc_3_axi_protocol_converter_v2_1_37_axi3_conv/design_1_axi_interconnect_hp0_imp_auto_pc_3_axi_protocol_converter_v2_1_37_a_axi3_conv/design_1_axi_interconnect_hp0_imp_auto_pc_3_axi_data_fifo_v2_1_36_axic_fifo_0/design_1_axi_interconnect_hp0_imp_auto_pc_3_axi_data_fifo_v2_1_36_fifo_gen/<hidden>/<hidden>/<hidden>/<hidden>/<hidden>/<hidden>
                            (removal check against rising-edge clock clk_fpga_0  {rise@0.000ns fall@5.000ns period=10.000ns})
  Path Group:             **async_default**
  Path Type:              Removal (Min at Fast Process Corner)
  Requirement:            0.000ns  (clk_fpga_0 rise@0.000ns - clk_fpga_0 rise@0.000ns)
  Data Path Delay:        0.482ns  (logic 0.209ns (43.393%)  route 0.273ns (56.607%))
  Logic Levels:           1  (LUT3=1)
  Clock Path Skew:        0.013ns (DCD - SCD - CPR)
    Destination Clock Delay (DCD):    1.200ns
    Source Clock Delay      (SCD):    0.903ns
    Clock Pessimism Removal (CPR):    0.284ns

    Location             Delay type                Incr(ns)  Path(ns)    Netlist Resource(s)
  -------------------------------------------------------------------    -------------------
                         (clock clk_fpga_0 rise edge)
                                                      0.000     0.000 r  
    PS7_X0Y0             PS7                          0.000     0.000 r  u_block_design/design_1_i/processing_system7_0/inst/PS7_i/FCLKCLK[0]
                         net (fo=1, routed)           0.310     0.310    u_block_design/design_1_i/processing_system7_0/inst/FCLK_CLK_unbuffered[0]
    BUFGCTRL_X0Y16       BUFG (Prop_bufg_I_O)         0.026     0.336 r  u_block_design/design_1_i/processing_system7_0/inst/buffer_fclk_clk_0.FCLK_CLK_0_BUFG/O
                         net (fo=22237, routed)       0.567     0.903    snn_core_group_top/design_1_wrapper/design_1/design_1_axi_interconnect_hp0_0/s03_couplers_imp_13X28CE/design_1_axi_interconnect_hp0_imp_auto_pc_3/design_1_axi_interconnect_hp0_imp_auto_pc_3_axi_protocol_converter_v2_1_37_axi_protocol_converter/design_1_axi_interconnect_hp0_imp_auto_pc_3_axi_protocol_converter_v2_1_37_axi3_conv/design_1_axi_interconnect_hp0_imp_auto_pc_3_axi_protocol_converter_v2_1_37_a_axi3_conv/design_1_axi_interconnect_hp0_imp_auto_pc_3_axi_data_fifo_v2_1_36_axic_fifo_0/design_1_axi_interconnect_hp0_imp_auto_pc_3_axi_data_fifo_v2_1_36_fifo_gen/<hidden>/<hidden>/<hidden>/<hidden>/<hidden>
    SLICE_X26Y82         FDRE                                         r  snn_core_group_top/design_1_wrapper/design_1/design_1_axi_interconnect_hp0_0/s03_couplers_imp_13X28CE/design_1_axi_interconnect_hp0_imp_auto_pc_3/design_1_axi_interconnect_hp0_imp_auto_pc_3_axi_protocol_converter_v2_1_37_axi_protocol_converter/design_1_axi_interconnect_hp0_imp_auto_pc_3_axi_protocol_converter_v2_1_37_axi3_conv/design_1_axi_interconnect_hp0_imp_auto_pc_3_axi_protocol_converter_v2_1_37_a_axi3_conv/design_1_axi_interconnect_hp0_imp_auto_pc_3_axi_data_fifo_v2_1_36_axic_fifo_0/design_1_axi_interconnect_hp0_imp_auto_pc_3_axi_data_fifo_v2_1_36_fifo_gen/<hidden>/<hidden>/<hidden>/<hidden>/<hidden>
  -------------------------------------------------------------------    -------------------
    SLICE_X26Y82         FDRE (Prop_fdre_C_Q)         0.164     1.067 f  snn_core_group_top/design_1_wrapper/design_1/design_1_axi_interconnect_hp0_0/s03_couplers_imp_13X28CE/design_1_axi_interconnect_hp0_imp_auto_pc_3/design_1_axi_interconnect_hp0_imp_auto_pc_3_axi_protocol_converter_v2_1_37_axi_protocol_converter/design_1_axi_interconnect_hp0_imp_auto_pc_3_axi_protocol_converter_v2_1_37_axi3_conv/design_1_axi_interconnect_hp0_imp_auto_pc_3_axi_protocol_converter_v2_1_37_a_axi3_conv/design_1_axi_interconnect_hp0_imp_auto_pc_3_axi_data_fifo_v2_1_36_axic_fifo_0/design_1_axi_interconnect_hp0_imp_auto_pc_3_axi_data_fifo_v2_1_36_fifo_gen/<hidden>/<hidden>/<hidden>/<hidden>/<hidden>
                         net (fo=2, routed)           0.060     1.127    snn_core_group_top/design_1_wrapper/design_1/design_1_axi_interconnect_hp0_0/s03_couplers_imp_13X28CE/design_1_axi_interconnect_hp0_imp_auto_pc_3/design_1_axi_interconnect_hp0_imp_auto_pc_3_axi_protocol_converter_v2_1_37_axi_protocol_converter/design_1_axi_interconnect_hp0_imp_auto_pc_3_axi_protocol_converter_v2_1_37_axi3_conv/design_1_axi_interconnect_hp0_imp_auto_pc_3_axi_protocol_converter_v2_1_37_a_axi3_conv/design_1_axi_interconnect_hp0_imp_auto_pc_3_axi_data_fifo_v2_1_36_axic_fifo_0/design_1_axi_interconnect_hp0_imp_auto_pc_3_axi_data_fifo_v2_1_36_fifo_gen/<hidden>/<hidden>/<hidden>/<hidden>/<hidden>
    SLICE_X27Y82         LUT3 (Prop_lut3_I0_O)        0.045     1.172 f  snn_core_group_top/design_1_wrapper/design_1/design_1_axi_interconnect_hp0_0/s03_couplers_imp_13X28CE/design_1_axi_interconnect_hp0_imp_auto_pc_3/design_1_axi_interconnect_hp0_imp_auto_pc_3_axi_protocol_converter_v2_1_37_axi_protocol_converter/design_1_axi_interconnect_hp0_imp_auto_pc_3_axi_protocol_converter_v2_1_37_axi3_conv/design_1_axi_interconnect_hp0_imp_auto_pc_3_axi_protocol_converter_v2_1_37_a_axi3_conv/design_1_axi_interconnect_hp0_imp_auto_pc_3_axi_data_fifo_v2_1_36_axic_fifo_0/design_1_axi_interconnect_hp0_imp_auto_pc_3_axi_data_fifo_v2_1_36_fifo_gen/<hidden>/<hidden>/<hidden>/<hidden>/<hidden>
                         net (fo=32, routed)          0.212     1.384    snn_core_group_top/design_1_wrapper/design_1/design_1_axi_interconnect_hp0_0/s03_couplers_imp_13X28CE/design_1_axi_interconnect_hp0_imp_auto_pc_3/design_1_axi_interconnect_hp0_imp_auto_pc_3_axi_protocol_converter_v2_1_37_axi_protocol_converter/design_1_axi_interconnect_hp0_imp_auto_pc_3_axi_protocol_converter_v2_1_37_axi3_conv/design_1_axi_interconnect_hp0_imp_auto_pc_3_axi_protocol_converter_v2_1_37_a_axi3_conv/design_1_axi_interconnect_hp0_imp_auto_pc_3_axi_data_fifo_v2_1_36_axic_fifo_0/design_1_axi_interconnect_hp0_imp_auto_pc_3_axi_data_fifo_v2_1_36_fifo_gen/<hidden>/<hidden>/<hidden>/<hidden>/<hidden>/<hidden>
    SLICE_X27Y81         FDCE                                         f  snn_core_group_top/design_1_wrapper/design_1/design_1_axi_interconnect_hp0_0/s03_couplers_imp_13X28CE/design_1_axi_interconnect_hp0_imp_auto_pc_3/design_1_axi_interconnect_hp0_imp_auto_pc_3_axi_protocol_converter_v2_1_37_axi_protocol_converter/design_1_axi_interconnect_hp0_imp_auto_pc_3_axi_protocol_converter_v2_1_37_axi3_conv/design_1_axi_interconnect_hp0_imp_auto_pc_3_axi_protocol_converter_v2_1_37_a_axi3_conv/design_1_axi_interconnect_hp0_imp_auto_pc_3_axi_data_fifo_v2_1_36_axic_fifo_0/design_1_axi_interconnect_hp0_imp_auto_pc_3_axi_data_fifo_v2_1_36_fifo_gen/<hidden>/<hidden>/<hidden>/<hidden>/<hidden>/<hidden>
  -------------------------------------------------------------------    -------------------

                         (clock clk_fpga_0 rise edge)
                                                      0.000     0.000 r  
    PS7_X0Y0             PS7                          0.000     0.000 r  u_block_design/design_1_i/processing_system7_0/inst/PS7_i/FCLKCLK[0]
                         net (fo=1, routed)           0.337     0.337    u_block_design/design_1_i/processing_system7_0/inst/FCLK_CLK_unbuffered[0]
    BUFGCTRL_X0Y16       BUFG (Prop_bufg_I_O)         0.029     0.366 r  u_block_design/design_1_i/processing_system7_0/inst/buffer_fclk_clk_0.FCLK_CLK_0_BUFG/O
                         net (fo=22237, routed)       0.834     1.200    snn_core_group_top/design_1_wrapper/design_1/design_1_axi_interconnect_hp0_0/s03_couplers_imp_13X28CE/design_1_axi_interconnect_hp0_imp_auto_pc_3/design_1_axi_interconnect_hp0_imp_auto_pc_3_axi_protocol_converter_v2_1_37_axi_protocol_converter/design_1_axi_interconnect_hp0_imp_auto_pc_3_axi_protocol_converter_v2_1_37_axi3_conv/design_1_axi_interconnect_hp0_imp_auto_pc_3_axi_protocol_converter_v2_1_37_a_axi3_conv/design_1_axi_interconnect_hp0_imp_auto_pc_3_axi_data_fifo_v2_1_36_axic_fifo_0/design_1_axi_interconnect_hp0_imp_auto_pc_3_axi_data_fifo_v2_1_36_fifo_gen/<hidden>/<hidden>/<hidden>/<hidden>/<hidden>/<hidden>
    SLICE_X27Y81         FDCE                                         r  snn_core_group_top/design_1_wrapper/design_1/design_1_axi_interconnect_hp0_0/s03_couplers_imp_13X28CE/design_1_axi_interconnect_hp0_imp_auto_pc_3/design_1_axi_interconnect_hp0_imp_auto_pc_3_axi_protocol_converter_v2_1_37_axi_protocol_converter/design_1_axi_interconnect_hp0_imp_auto_pc_3_axi_protocol_converter_v2_1_37_axi3_conv/design_1_axi_interconnect_hp0_imp_auto_pc_3_axi_protocol_converter_v2_1_37_a_axi3_conv/design_1_axi_interconnect_hp0_imp_auto_pc_3_axi_data_fifo_v2_1_36_axic_fifo_0/design_1_axi_interconnect_hp0_imp_auto_pc_3_axi_data_fifo_v2_1_36_fifo_gen/<hidden>/<hidden>/<hidden>/<hidden>/<hidden>/<hidden>
                         clock pessimism             -0.284     0.916    
    SLICE_X27Y81         FDCE (Remov_fdce_C_CLR)     -0.092     0.824    snn_core_group_top/design_1_wrapper/design_1/design_1_axi_interconnect_hp0_0/s03_couplers_imp_13X28CE/design_1_axi_interconnect_hp0_imp_auto_pc_3/design_1_axi_interconnect_hp0_imp_auto_pc_3_axi_protocol_converter_v2_1_37_axi_protocol_converter/design_1_axi_interconnect_hp0_imp_auto_pc_3_axi_protocol_converter_v2_1_37_axi3_conv/design_1_axi_interconnect_hp0_imp_auto_pc_3_axi_protocol_converter_v2_1_37_a_axi3_conv/design_1_axi_interconnect_hp0_imp_auto_pc_3_axi_data_fifo_v2_1_36_axic_fifo_0/design_1_axi_interconnect_hp0_imp_auto_pc_3_axi_data_fifo_v2_1_36_fifo_gen/<hidden>/<hidden>/<hidden>/<hidden>/<hidden>/<hidden>
  -------------------------------------------------------------------
                         required time                         -0.824    
                         arrival time                           1.384    
  -------------------------------------------------------------------
                         slack                                  0.561    

Slack (MET) :             0.561ns  (arrival time - required time)
  Source:                 snn_core_group_top/design_1_wrapper/design_1/design_1_axi_interconnect_hp0_0/s03_couplers_imp_13X28CE/design_1_axi_interconnect_hp0_imp_auto_pc_3/design_1_axi_interconnect_hp0_imp_auto_pc_3_axi_protocol_converter_v2_1_37_axi_protocol_converter/design_1_axi_interconnect_hp0_imp_auto_pc_3_axi_protocol_converter_v2_1_37_axi3_conv/design_1_axi_interconnect_hp0_imp_auto_pc_3_axi_protocol_converter_v2_1_37_a_axi3_conv/design_1_axi_interconnect_hp0_imp_auto_pc_3_axi_data_fifo_v2_1_36_axic_fifo_0/design_1_axi_interconnect_hp0_imp_auto_pc_3_axi_data_fifo_v2_1_36_fifo_gen/<hidden>/<hidden>/<hidden>/<hidden>/<hidden>
                            (rising edge-triggered cell FDRE clocked by clk_fpga_0  {rise@0.000ns fall@5.000ns period=10.000ns})
  Destination:            snn_core_group_top/design_1_wrapper/design_1/design_1_axi_interconnect_hp0_0/s03_couplers_imp_13X28CE/design_1_axi_interconnect_hp0_imp_auto_pc_3/design_1_axi_interconnect_hp0_imp_auto_pc_3_axi_protocol_converter_v2_1_37_axi_protocol_converter/design_1_axi_interconnect_hp0_imp_auto_pc_3_axi_protocol_converter_v2_1_37_axi3_conv/design_1_axi_interconnect_hp0_imp_auto_pc_3_axi_protocol_converter_v2_1_37_a_axi3_conv/design_1_axi_interconnect_hp0_imp_auto_pc_3_axi_data_fifo_v2_1_36_axic_fifo_0/design_1_axi_interconnect_hp0_imp_auto_pc_3_axi_data_fifo_v2_1_36_fifo_gen/<hidden>/<hidden>/<hidden>/<hidden>/<hidden>/<hidden>
                            (removal check against rising-edge clock clk_fpga_0  {rise@0.000ns fall@5.000ns period=10.000ns})
  Path Group:             **async_default**
  Path Type:              Removal (Min at Fast Process Corner)
  Requirement:            0.000ns  (clk_fpga_0 rise@0.000ns - clk_fpga_0 rise@0.000ns)
  Data Path Delay:        0.482ns  (logic 0.209ns (43.393%)  route 0.273ns (56.607%))
  Logic Levels:           1  (LUT3=1)
  Clock Path Skew:        0.013ns (DCD - SCD - CPR)
    Destination Clock Delay (DCD):    1.200ns
    Source Clock Delay      (SCD):    0.903ns
    Clock Pessimism Removal (CPR):    0.284ns

    Location             Delay type                Incr(ns)  Path(ns)    Netlist Resource(s)
  -------------------------------------------------------------------    -------------------
                         (clock clk_fpga_0 rise edge)
                                                      0.000     0.000 r  
    PS7_X0Y0             PS7                          0.000     0.000 r  u_block_design/design_1_i/processing_system7_0/inst/PS7_i/FCLKCLK[0]
                         net (fo=1, routed)           0.310     0.310    u_block_design/design_1_i/processing_system7_0/inst/FCLK_CLK_unbuffered[0]
    BUFGCTRL_X0Y16       BUFG (Prop_bufg_I_O)         0.026     0.336 r  u_block_design/design_1_i/processing_system7_0/inst/buffer_fclk_clk_0.FCLK_CLK_0_BUFG/O
                         net (fo=22237, routed)       0.567     0.903    snn_core_group_top/design_1_wrapper/design_1/design_1_axi_interconnect_hp0_0/s03_couplers_imp_13X28CE/design_1_axi_interconnect_hp0_imp_auto_pc_3/design_1_axi_interconnect_hp0_imp_auto_pc_3_axi_protocol_converter_v2_1_37_axi_protocol_converter/design_1_axi_interconnect_hp0_imp_auto_pc_3_axi_protocol_converter_v2_1_37_axi3_conv/design_1_axi_interconnect_hp0_imp_auto_pc_3_axi_protocol_converter_v2_1_37_a_axi3_conv/design_1_axi_interconnect_hp0_imp_auto_pc_3_axi_data_fifo_v2_1_36_axic_fifo_0/design_1_axi_interconnect_hp0_imp_auto_pc_3_axi_data_fifo_v2_1_36_fifo_gen/<hidden>/<hidden>/<hidden>/<hidden>/<hidden>
    SLICE_X26Y82         FDRE                                         r  snn_core_group_top/design_1_wrapper/design_1/design_1_axi_interconnect_hp0_0/s03_couplers_imp_13X28CE/design_1_axi_interconnect_hp0_imp_auto_pc_3/design_1_axi_interconnect_hp0_imp_auto_pc_3_axi_protocol_converter_v2_1_37_axi_protocol_converter/design_1_axi_interconnect_hp0_imp_auto_pc_3_axi_protocol_converter_v2_1_37_axi3_conv/design_1_axi_interconnect_hp0_imp_auto_pc_3_axi_protocol_converter_v2_1_37_a_axi3_conv/design_1_axi_interconnect_hp0_imp_auto_pc_3_axi_data_fifo_v2_1_36_axic_fifo_0/design_1_axi_interconnect_hp0_imp_auto_pc_3_axi_data_fifo_v2_1_36_fifo_gen/<hidden>/<hidden>/<hidden>/<hidden>/<hidden>
  -------------------------------------------------------------------    -------------------
    SLICE_X26Y82         FDRE (Prop_fdre_C_Q)         0.164     1.067 f  snn_core_group_top/design_1_wrapper/design_1/design_1_axi_interconnect_hp0_0/s03_couplers_imp_13X28CE/design_1_axi_interconnect_hp0_imp_auto_pc_3/design_1_axi_interconnect_hp0_imp_auto_pc_3_axi_protocol_converter_v2_1_37_axi_protocol_converter/design_1_axi_interconnect_hp0_imp_auto_pc_3_axi_protocol_converter_v2_1_37_axi3_conv/design_1_axi_interconnect_hp0_imp_auto_pc_3_axi_protocol_converter_v2_1_37_a_axi3_conv/design_1_axi_interconnect_hp0_imp_auto_pc_3_axi_data_fifo_v2_1_36_axic_fifo_0/design_1_axi_interconnect_hp0_imp_auto_pc_3_axi_data_fifo_v2_1_36_fifo_gen/<hidden>/<hidden>/<hidden>/<hidden>/<hidden>
                         net (fo=2, routed)           0.060     1.127    snn_core_group_top/design_1_wrapper/design_1/design_1_axi_interconnect_hp0_0/s03_couplers_imp_13X28CE/design_1_axi_interconnect_hp0_imp_auto_pc_3/design_1_axi_interconnect_hp0_imp_auto_pc_3_axi_protocol_converter_v2_1_37_axi_protocol_converter/design_1_axi_interconnect_hp0_imp_auto_pc_3_axi_protocol_converter_v2_1_37_axi3_conv/design_1_axi_interconnect_hp0_imp_auto_pc_3_axi_protocol_converter_v2_1_37_a_axi3_conv/design_1_axi_interconnect_hp0_imp_auto_pc_3_axi_data_fifo_v2_1_36_axic_fifo_0/design_1_axi_interconnect_hp0_imp_auto_pc_3_axi_data_fifo_v2_1_36_fifo_gen/<hidden>/<hidden>/<hidden>/<hidden>/<hidden>
    SLICE_X27Y82         LUT3 (Prop_lut3_I0_O)        0.045     1.172 f  snn_core_group_top/design_1_wrapper/design_1/design_1_axi_interconnect_hp0_0/s03_couplers_imp_13X28CE/design_1_axi_interconnect_hp0_imp_auto_pc_3/design_1_axi_interconnect_hp0_imp_auto_pc_3_axi_protocol_converter_v2_1_37_axi_protocol_converter/design_1_axi_interconnect_hp0_imp_auto_pc_3_axi_protocol_converter_v2_1_37_axi3_conv/design_1_axi_interconnect_hp0_imp_auto_pc_3_axi_protocol_converter_v2_1_37_a_axi3_conv/design_1_axi_interconnect_hp0_imp_auto_pc_3_axi_data_fifo_v2_1_36_axic_fifo_0/design_1_axi_interconnect_hp0_imp_auto_pc_3_axi_data_fifo_v2_1_36_fifo_gen/<hidden>/<hidden>/<hidden>/<hidden>/<hidden>
                         net (fo=32, routed)          0.212     1.384    snn_core_group_top/design_1_wrapper/design_1/design_1_axi_interconnect_hp0_0/s03_couplers_imp_13X28CE/design_1_axi_interconnect_hp0_imp_auto_pc_3/design_1_axi_interconnect_hp0_imp_auto_pc_3_axi_protocol_converter_v2_1_37_axi_protocol_converter/design_1_axi_interconnect_hp0_imp_auto_pc_3_axi_protocol_converter_v2_1_37_axi3_conv/design_1_axi_interconnect_hp0_imp_auto_pc_3_axi_protocol_converter_v2_1_37_a_axi3_conv/design_1_axi_interconnect_hp0_imp_auto_pc_3_axi_data_fifo_v2_1_36_axic_fifo_0/design_1_axi_interconnect_hp0_imp_auto_pc_3_axi_data_fifo_v2_1_36_fifo_gen/<hidden>/<hidden>/<hidden>/<hidden>/<hidden>/<hidden>
    SLICE_X27Y81         FDCE                                         f  snn_core_group_top/design_1_wrapper/design_1/design_1_axi_interconnect_hp0_0/s03_couplers_imp_13X28CE/design_1_axi_interconnect_hp0_imp_auto_pc_3/design_1_axi_interconnect_hp0_imp_auto_pc_3_axi_protocol_converter_v2_1_37_axi_protocol_converter/design_1_axi_interconnect_hp0_imp_auto_pc_3_axi_protocol_converter_v2_1_37_axi3_conv/design_1_axi_interconnect_hp0_imp_auto_pc_3_axi_protocol_converter_v2_1_37_a_axi3_conv/design_1_axi_interconnect_hp0_imp_auto_pc_3_axi_data_fifo_v2_1_36_axic_fifo_0/design_1_axi_interconnect_hp0_imp_auto_pc_3_axi_data_fifo_v2_1_36_fifo_gen/<hidden>/<hidden>/<hidden>/<hidden>/<hidden>/<hidden>
  -------------------------------------------------------------------    -------------------

                         (clock clk_fpga_0 rise edge)
                                                      0.000     0.000 r  
    PS7_X0Y0             PS7                          0.000     0.000 r  u_block_design/design_1_i/processing_system7_0/inst/PS7_i/FCLKCLK[0]
                         net (fo=1, routed)           0.337     0.337    u_block_design/design_1_i/processing_system7_0/inst/FCLK_CLK_unbuffered[0]
    BUFGCTRL_X0Y16       BUFG (Prop_bufg_I_O)         0.029     0.366 r  u_block_design/design_1_i/processing_system7_0/inst/buffer_fclk_clk_0.FCLK_CLK_0_BUFG/O
                         net (fo=22237, routed)       0.834     1.200    snn_core_group_top/design_1_wrapper/design_1/design_1_axi_interconnect_hp0_0/s03_couplers_imp_13X28CE/design_1_axi_interconnect_hp0_imp_auto_pc_3/design_1_axi_interconnect_hp0_imp_auto_pc_3_axi_protocol_converter_v2_1_37_axi_protocol_converter/design_1_axi_interconnect_hp0_imp_auto_pc_3_axi_protocol_converter_v2_1_37_axi3_conv/design_1_axi_interconnect_hp0_imp_auto_pc_3_axi_protocol_converter_v2_1_37_a_axi3_conv/design_1_axi_interconnect_hp0_imp_auto_pc_3_axi_data_fifo_v2_1_36_axic_fifo_0/design_1_axi_interconnect_hp0_imp_auto_pc_3_axi_data_fifo_v2_1_36_fifo_gen/<hidden>/<hidden>/<hidden>/<hidden>/<hidden>/<hidden>
    SLICE_X27Y81         FDCE                                         r  snn_core_group_top/design_1_wrapper/design_1/design_1_axi_interconnect_hp0_0/s03_couplers_imp_13X28CE/design_1_axi_interconnect_hp0_imp_auto_pc_3/design_1_axi_interconnect_hp0_imp_auto_pc_3_axi_protocol_converter_v2_1_37_axi_protocol_converter/design_1_axi_interconnect_hp0_imp_auto_pc_3_axi_protocol_converter_v2_1_37_axi3_conv/design_1_axi_interconnect_hp0_imp_auto_pc_3_axi_protocol_converter_v2_1_37_a_axi3_conv/design_1_axi_interconnect_hp0_imp_auto_pc_3_axi_data_fifo_v2_1_36_axic_fifo_0/design_1_axi_interconnect_hp0_imp_auto_pc_3_axi_data_fifo_v2_1_36_fifo_gen/<hidden>/<hidden>/<hidden>/<hidden>/<hidden>/<hidden>
                         clock pessimism             -0.284     0.916    
    SLICE_X27Y81         FDCE (Remov_fdce_C_CLR)     -0.092     0.824    snn_core_group_top/design_1_wrapper/design_1/design_1_axi_interconnect_hp0_0/s03_couplers_imp_13X28CE/design_1_axi_interconnect_hp0_imp_auto_pc_3/design_1_axi_interconnect_hp0_imp_auto_pc_3_axi_protocol_converter_v2_1_37_axi_protocol_converter/design_1_axi_interconnect_hp0_imp_auto_pc_3_axi_protocol_converter_v2_1_37_axi3_conv/design_1_axi_interconnect_hp0_imp_auto_pc_3_axi_protocol_converter_v2_1_37_a_axi3_conv/design_1_axi_interconnect_hp0_imp_auto_pc_3_axi_data_fifo_v2_1_36_axic_fifo_0/design_1_axi_interconnect_hp0_imp_auto_pc_3_axi_data_fifo_v2_1_36_fifo_gen/<hidden>/<hidden>/<hidden>/<hidden>/<hidden>/<hidden>
  -------------------------------------------------------------------
                         required time                         -0.824    
                         arrival time                           1.384    
  -------------------------------------------------------------------
                         slack                                  0.561    





--------------------------------------------------------------------------------------
Path Group:  (none)
From Clock:  
  To Clock:  clk_fpga_0

Max Delay             1 Endpoint
Min Delay             1 Endpoint
--------------------------------------------------------------------------------------


Max Delay Paths
--------------------------------------------------------------------------------------
Slack:                    inf
  Source:                 u_block_design/design_1_i/processing_system7_0/inst/PS7_i/FCLKRESETN[0]
                            (internal pin)
  Destination:            u_block_design/design_1_i/proc_sys_reset_0/U0/EXT_LPF/ACTIVE_LOW_EXT.ACT_LO_EXT/syncstages_ff_reg[0]/D
                            (rising edge-triggered cell FDRE clocked by clk_fpga_0  {rise@0.000ns fall@5.000ns period=10.000ns})
  Path Group:             (none)
  Path Type:              Setup (Max at Slow Process Corner)
  Data Path Delay:        2.642ns  (logic 0.124ns (4.693%)  route 2.518ns (95.307%))
  Logic Levels:           1  (LUT1=1)
  Clock Uncertainty:      0.152ns  ((TSJ^2 + TIJ^2)^1/2 + DJ) / 2 + PE
    Total System Jitter     (TSJ):    0.050ns
    Total Input Jitter      (TIJ):    0.300ns
    Discrete Jitter          (DJ):    0.000ns
    Phase Error              (PE):    0.000ns
  Timing Exception:       False Path

    Location             Delay type                Incr(ns)  Path(ns)    Netlist Resource(s)
  -------------------------------------------------------------------    -------------------
    PS7_X0Y0             PS7                          0.000     0.000 f  u_block_design/design_1_i/processing_system7_0/inst/PS7_i/FCLKRESETN[0]
                         net (fo=1, routed)           2.043     2.043    u_block_design/design_1_i/proc_sys_reset_0/U0/EXT_LPF/ext_reset_in
    SLICE_X56Y89         LUT1 (Prop_lut1_I0_O)        0.124     2.167 r  u_block_design/design_1_i/proc_sys_reset_0/U0/EXT_LPF/ACTIVE_LOW_EXT.ACT_LO_EXT_i_1/O
                         net (fo=1, routed)           0.475     2.642    u_block_design/design_1_i/proc_sys_reset_0/U0/EXT_LPF/ACTIVE_LOW_EXT.ACT_LO_EXT/src_in
    SLICE_X66Y89         FDRE                                         r  u_block_design/design_1_i/proc_sys_reset_0/U0/EXT_LPF/ACTIVE_LOW_EXT.ACT_LO_EXT/syncstages_ff_reg[0]/D
  -------------------------------------------------------------------    -------------------

                         (clock clk_fpga_0 rise edge)
                                                      0.000     0.000 r  
    PS7_X0Y0             PS7                          0.000     0.000 r  u_block_design/design_1_i/processing_system7_0/inst/PS7_i/FCLKCLK[0]
                         net (fo=1, routed)           1.088     1.088    u_block_design/design_1_i/processing_system7_0/inst/FCLK_CLK_unbuffered[0]
    BUFGCTRL_X0Y16       BUFG (Prop_bufg_I_O)         0.091     1.179 r  u_block_design/design_1_i/processing_system7_0/inst/buffer_fclk_clk_0.FCLK_CLK_0_BUFG/O
                         net (fo=22237, routed)       1.539     2.718    u_block_design/design_1_i/proc_sys_reset_0/U0/EXT_LPF/ACTIVE_LOW_EXT.ACT_LO_EXT/dest_clk
    SLICE_X66Y89         FDRE                                         r  u_block_design/design_1_i/proc_sys_reset_0/U0/EXT_LPF/ACTIVE_LOW_EXT.ACT_LO_EXT/syncstages_ff_reg[0]/C





Min Delay Paths
--------------------------------------------------------------------------------------
Slack:                    inf
  Source:                 u_block_design/design_1_i/processing_system7_0/inst/PS7_i/FCLKRESETN[0]
                            (internal pin)
  Destination:            u_block_design/design_1_i/proc_sys_reset_0/U0/EXT_LPF/ACTIVE_LOW_EXT.ACT_LO_EXT/syncstages_ff_reg[0]/D
                            (rising edge-triggered cell FDRE clocked by clk_fpga_0  {rise@0.000ns fall@5.000ns period=10.000ns})
  Path Group:             (none)
  Path Type:              Hold (Min at Fast Process Corner)
  Data Path Delay:        1.085ns  (logic 0.045ns (4.146%)  route 1.040ns (95.854%))
  Logic Levels:           1  (LUT1=1)
  Clock Uncertainty:      0.152ns  ((TSJ^2 + TIJ^2)^1/2 + DJ) / 2 + PE
    Total System Jitter     (TSJ):    0.050ns
    Total Input Jitter      (TIJ):    0.300ns
    Discrete Jitter          (DJ):    0.000ns
    Phase Error              (PE):    0.000ns
  Timing Exception:       False Path

    Location             Delay type                Incr(ns)  Path(ns)    Netlist Resource(s)
  -------------------------------------------------------------------    -------------------
    PS7_X0Y0             PS7                          0.000     0.000 f  u_block_design/design_1_i/processing_system7_0/inst/PS7_i/FCLKRESETN[0]
                         net (fo=1, routed)           0.870     0.870    u_block_design/design_1_i/proc_sys_reset_0/U0/EXT_LPF/ext_reset_in
    SLICE_X56Y89         LUT1 (Prop_lut1_I0_O)        0.045     0.915 r  u_block_design/design_1_i/proc_sys_reset_0/U0/EXT_LPF/ACTIVE_LOW_EXT.ACT_LO_EXT_i_1/O
                         net (fo=1, routed)           0.170     1.085    u_block_design/design_1_i/proc_sys_reset_0/U0/EXT_LPF/ACTIVE_LOW_EXT.ACT_LO_EXT/src_in
    SLICE_X66Y89         FDRE                                         r  u_block_design/design_1_i/proc_sys_reset_0/U0/EXT_LPF/ACTIVE_LOW_EXT.ACT_LO_EXT/syncstages_ff_reg[0]/D
  -------------------------------------------------------------------    -------------------

                         (clock clk_fpga_0 rise edge)
                                                      0.000     0.000 r  
    PS7_X0Y0             PS7                          0.000     0.000 r  u_block_design/design_1_i/processing_system7_0/inst/PS7_i/FCLKCLK[0]
                         net (fo=1, routed)           0.337     0.337    u_block_design/design_1_i/processing_system7_0/inst/FCLK_CLK_unbuffered[0]
    BUFGCTRL_X0Y16       BUFG (Prop_bufg_I_O)         0.029     0.366 r  u_block_design/design_1_i/processing_system7_0/inst/buffer_fclk_clk_0.FCLK_CLK_0_BUFG/O
                         net (fo=22237, routed)       0.846     1.212    u_block_design/design_1_i/proc_sys_reset_0/U0/EXT_LPF/ACTIVE_LOW_EXT.ACT_LO_EXT/dest_clk
    SLICE_X66Y89         FDRE                                         r  u_block_design/design_1_i/proc_sys_reset_0/U0/EXT_LPF/ACTIVE_LOW_EXT.ACT_LO_EXT/syncstages_ff_reg[0]/C





--------------------------------------------------------------------------------------
Path Group:  (none)
From Clock:  clk_fpga_0
  To Clock:  clk_fpga_0

Max Delay            16 Endpoints
Min Delay            16 Endpoints
--------------------------------------------------------------------------------------


Max Delay Paths
--------------------------------------------------------------------------------------
Slack:                    inf
  Source:                 u_block_design/design_1_i/proc_sys_reset_0/U0/ACTIVE_LOW_PR_OUT_DFF[0].FDRE_PER_N/C
                            (rising edge-triggered cell FDRE clocked by clk_fpga_0  {rise@0.000ns fall@5.000ns period=10.000ns})
  Destination:            snn_core_group_top/design_1_wrapper/design_1/design_1_axi_interconnect_hp0_0/s00_couplers_imp_S4BDUK/design_1_axi_interconnect_hp0_imp_auto_pc_0/design_1_axi_interconnect_hp0_imp_auto_pc_0_axi_protocol_converter_v2_1_37_axi_protocol_converter/design_1_axi_interconnect_hp0_imp_auto_pc_0_axi_protocol_converter_v2_1_37_axi3_conv/design_1_axi_interconnect_hp0_imp_auto_pc_0_axi_protocol_converter_v2_1_37_a_axi3_conv/design_1_axi_interconnect_hp0_imp_auto_pc_0_axi_data_fifo_v2_1_36_axic_fifo/design_1_axi_interconnect_hp0_imp_auto_pc_0_axi_data_fifo_v2_1_36_fifo_gen/<hidden>/<hidden>/<hidden>/<hidden>/<hidden>/<hidden>
                            (recovery check against rising-edge clock clk_fpga_0  {rise@0.000ns fall@5.000ns period=10.000ns})
  Path Group:             (none)
  Path Type:              Recovery (Max at Slow Process Corner)
  Data Path Delay:        7.250ns  (logic 0.580ns (8.000%)  route 6.670ns (92.000%))
  Logic Levels:           1  (LUT1=1)
  Clock Path Skew:        -0.172ns (DCD - SCD + CPR)
    Destination Clock Delay (DCD):    2.833ns
    Source Clock Delay      (SCD):    3.005ns
    Clock Pessimism Removal (CPR):    0.000ns
  Clock Uncertainty:      0.154ns  ((TSJ^2 + TIJ^2)^1/2 + DJ) / 2 + PE
    Total System Jitter     (TSJ):    0.071ns
    Total Input Jitter      (TIJ):    0.300ns
    Discrete Jitter          (DJ):    0.000ns
    Phase Error              (PE):    0.000ns
  Timing Exception:       False Path

    Location             Delay type                Incr(ns)  Path(ns)    Netlist Resource(s)
  -------------------------------------------------------------------    -------------------
                         (clock clk_fpga_0 rise edge)
                                                      0.000     0.000 r  
    PS7_X0Y0             PS7                          0.000     0.000 r  u_block_design/design_1_i/processing_system7_0/inst/PS7_i/FCLKCLK[0]
                         net (fo=1, routed)           1.193     1.193    u_block_design/design_1_i/processing_system7_0/inst/FCLK_CLK_unbuffered[0]
    BUFGCTRL_X0Y16       BUFG (Prop_bufg_I_O)         0.101     1.294 r  u_block_design/design_1_i/processing_system7_0/inst/buffer_fclk_clk_0.FCLK_CLK_0_BUFG/O
                         net (fo=22237, routed)       1.711     3.005    u_block_design/design_1_i/proc_sys_reset_0/U0/slowest_sync_clk
    SLICE_X63Y88         FDRE                                         r  u_block_design/design_1_i/proc_sys_reset_0/U0/ACTIVE_LOW_PR_OUT_DFF[0].FDRE_PER_N/C
  -------------------------------------------------------------------    -------------------
    SLICE_X63Y88         FDRE (Prop_fdre_C_Q)         0.456     3.461 r  u_block_design/design_1_i/proc_sys_reset_0/U0/ACTIVE_LOW_PR_OUT_DFF[0].FDRE_PER_N/Q
                         net (fo=409, routed)         4.938     8.399    u_block_design/design_1_i/axi_interconnect_hp0/s00_couplers/auto_pc/inst/gen_axi4_axi3.axi3_conv_inst/USE_READ.USE_SPLIT_R.read_addr_inst/USE_R_CHANNEL.cmd_queue/inst/aresetn
    SLICE_X25Y42         LUT1 (Prop_lut1_I0_O)        0.124     8.523 f  u_block_design/design_1_i/axi_interconnect_hp0/s00_couplers/auto_pc/inst/gen_axi4_axi3.axi3_conv_inst/USE_READ.USE_SPLIT_R.read_addr_inst/USE_R_CHANNEL.cmd_queue/inst/S_AXI_ASIZE_Q[2]_i_1/O
                         net (fo=44, routed)          1.732    10.255    snn_core_group_top/design_1_wrapper/design_1/design_1_axi_interconnect_hp0_0/s00_couplers_imp_S4BDUK/design_1_axi_interconnect_hp0_imp_auto_pc_0/design_1_axi_interconnect_hp0_imp_auto_pc_0_axi_protocol_converter_v2_1_37_axi_protocol_converter/design_1_axi_interconnect_hp0_imp_auto_pc_0_axi_protocol_converter_v2_1_37_axi3_conv/design_1_axi_interconnect_hp0_imp_auto_pc_0_axi_protocol_converter_v2_1_37_a_axi3_conv/design_1_axi_interconnect_hp0_imp_auto_pc_0_axi_data_fifo_v2_1_36_axic_fifo/design_1_axi_interconnect_hp0_imp_auto_pc_0_axi_data_fifo_v2_1_36_fifo_gen/<hidden>/<hidden>/<hidden>/<hidden>/<hidden>/<hidden>
    SLICE_X7Y37          FDPE                                         f  snn_core_group_top/design_1_wrapper/design_1/design_1_axi_interconnect_hp0_0/s00_couplers_imp_S4BDUK/design_1_axi_interconnect_hp0_imp_auto_pc_0/design_1_axi_interconnect_hp0_imp_auto_pc_0_axi_protocol_converter_v2_1_37_axi_protocol_converter/design_1_axi_interconnect_hp0_imp_auto_pc_0_axi_protocol_converter_v2_1_37_axi3_conv/design_1_axi_interconnect_hp0_imp_auto_pc_0_axi_protocol_converter_v2_1_37_a_axi3_conv/design_1_axi_interconnect_hp0_imp_auto_pc_0_axi_data_fifo_v2_1_36_axic_fifo/design_1_axi_interconnect_hp0_imp_auto_pc_0_axi_data_fifo_v2_1_36_fifo_gen/<hidden>/<hidden>/<hidden>/<hidden>/<hidden>/<hidden>
  -------------------------------------------------------------------    -------------------

                         (clock clk_fpga_0 rise edge)
                                                      0.000     0.000 r  
    PS7_X0Y0             PS7                          0.000     0.000 r  u_block_design/design_1_i/processing_system7_0/inst/PS7_i/FCLKCLK[0]
                         net (fo=1, routed)           1.088     1.088    u_block_design/design_1_i/processing_system7_0/inst/FCLK_CLK_unbuffered[0]
    BUFGCTRL_X0Y16       BUFG (Prop_bufg_I_O)         0.091     1.179 r  u_block_design/design_1_i/processing_system7_0/inst/buffer_fclk_clk_0.FCLK_CLK_0_BUFG/O
                         net (fo=22237, routed)       1.654     2.833    snn_core_group_top/design_1_wrapper/design_1/design_1_axi_interconnect_hp0_0/s00_couplers_imp_S4BDUK/design_1_axi_interconnect_hp0_imp_auto_pc_0/design_1_axi_interconnect_hp0_imp_auto_pc_0_axi_protocol_converter_v2_1_37_axi_protocol_converter/design_1_axi_interconnect_hp0_imp_auto_pc_0_axi_protocol_converter_v2_1_37_axi3_conv/design_1_axi_interconnect_hp0_imp_auto_pc_0_axi_protocol_converter_v2_1_37_a_axi3_conv/design_1_axi_interconnect_hp0_imp_auto_pc_0_axi_data_fifo_v2_1_36_axic_fifo/design_1_axi_interconnect_hp0_imp_auto_pc_0_axi_data_fifo_v2_1_36_fifo_gen/<hidden>/<hidden>/<hidden>/<hidden>/<hidden>/<hidden>
    SLICE_X7Y37          FDPE                                         r  snn_core_group_top/design_1_wrapper/design_1/design_1_axi_interconnect_hp0_0/s00_couplers_imp_S4BDUK/design_1_axi_interconnect_hp0_imp_auto_pc_0/design_1_axi_interconnect_hp0_imp_auto_pc_0_axi_protocol_converter_v2_1_37_axi_protocol_converter/design_1_axi_interconnect_hp0_imp_auto_pc_0_axi_protocol_converter_v2_1_37_axi3_conv/design_1_axi_interconnect_hp0_imp_auto_pc_0_axi_protocol_converter_v2_1_37_a_axi3_conv/design_1_axi_interconnect_hp0_imp_auto_pc_0_axi_data_fifo_v2_1_36_axic_fifo/design_1_axi_interconnect_hp0_imp_auto_pc_0_axi_data_fifo_v2_1_36_fifo_gen/<hidden>/<hidden>/<hidden>/<hidden>/<hidden>/<hidden>

Slack:                    inf
  Source:                 u_block_design/design_1_i/proc_sys_reset_0/U0/ACTIVE_LOW_PR_OUT_DFF[0].FDRE_PER_N/C
                            (rising edge-triggered cell FDRE clocked by clk_fpga_0  {rise@0.000ns fall@5.000ns period=10.000ns})
  Destination:            snn_core_group_top/design_1_wrapper/design_1/design_1_axi_interconnect_hp0_0/s00_couplers_imp_S4BDUK/design_1_axi_interconnect_hp0_imp_auto_pc_0/design_1_axi_interconnect_hp0_imp_auto_pc_0_axi_protocol_converter_v2_1_37_axi_protocol_converter/design_1_axi_interconnect_hp0_imp_auto_pc_0_axi_protocol_converter_v2_1_37_axi3_conv/design_1_axi_interconnect_hp0_imp_auto_pc_0_axi_protocol_converter_v2_1_37_a_axi3_conv/design_1_axi_interconnect_hp0_imp_auto_pc_0_axi_data_fifo_v2_1_36_axic_fifo/design_1_axi_interconnect_hp0_imp_auto_pc_0_axi_data_fifo_v2_1_36_fifo_gen/<hidden>/<hidden>/<hidden>/<hidden>/<hidden>/<hidden>
                            (recovery check against rising-edge clock clk_fpga_0  {rise@0.000ns fall@5.000ns period=10.000ns})
  Path Group:             (none)
  Path Type:              Recovery (Max at Slow Process Corner)
  Data Path Delay:        7.250ns  (logic 0.580ns (8.000%)  route 6.670ns (92.000%))
  Logic Levels:           1  (LUT1=1)
  Clock Path Skew:        -0.172ns (DCD - SCD + CPR)
    Destination Clock Delay (DCD):    2.833ns
    Source Clock Delay      (SCD):    3.005ns
    Clock Pessimism Removal (CPR):    0.000ns
  Clock Uncertainty:      0.154ns  ((TSJ^2 + TIJ^2)^1/2 + DJ) / 2 + PE
    Total System Jitter     (TSJ):    0.071ns
    Total Input Jitter      (TIJ):    0.300ns
    Discrete Jitter          (DJ):    0.000ns
    Phase Error              (PE):    0.000ns
  Timing Exception:       False Path

    Location             Delay type                Incr(ns)  Path(ns)    Netlist Resource(s)
  -------------------------------------------------------------------    -------------------
                         (clock clk_fpga_0 rise edge)
                                                      0.000     0.000 r  
    PS7_X0Y0             PS7                          0.000     0.000 r  u_block_design/design_1_i/processing_system7_0/inst/PS7_i/FCLKCLK[0]
                         net (fo=1, routed)           1.193     1.193    u_block_design/design_1_i/processing_system7_0/inst/FCLK_CLK_unbuffered[0]
    BUFGCTRL_X0Y16       BUFG (Prop_bufg_I_O)         0.101     1.294 r  u_block_design/design_1_i/processing_system7_0/inst/buffer_fclk_clk_0.FCLK_CLK_0_BUFG/O
                         net (fo=22237, routed)       1.711     3.005    u_block_design/design_1_i/proc_sys_reset_0/U0/slowest_sync_clk
    SLICE_X63Y88         FDRE                                         r  u_block_design/design_1_i/proc_sys_reset_0/U0/ACTIVE_LOW_PR_OUT_DFF[0].FDRE_PER_N/C
  -------------------------------------------------------------------    -------------------
    SLICE_X63Y88         FDRE (Prop_fdre_C_Q)         0.456     3.461 r  u_block_design/design_1_i/proc_sys_reset_0/U0/ACTIVE_LOW_PR_OUT_DFF[0].FDRE_PER_N/Q
                         net (fo=409, routed)         4.938     8.399    u_block_design/design_1_i/axi_interconnect_hp0/s00_couplers/auto_pc/inst/gen_axi4_axi3.axi3_conv_inst/USE_READ.USE_SPLIT_R.read_addr_inst/USE_R_CHANNEL.cmd_queue/inst/aresetn
    SLICE_X25Y42         LUT1 (Prop_lut1_I0_O)        0.124     8.523 f  u_block_design/design_1_i/axi_interconnect_hp0/s00_couplers/auto_pc/inst/gen_axi4_axi3.axi3_conv_inst/USE_READ.USE_SPLIT_R.read_addr_inst/USE_R_CHANNEL.cmd_queue/inst/S_AXI_ASIZE_Q[2]_i_1/O
                         net (fo=44, routed)          1.732    10.255    snn_core_group_top/design_1_wrapper/design_1/design_1_axi_interconnect_hp0_0/s00_couplers_imp_S4BDUK/design_1_axi_interconnect_hp0_imp_auto_pc_0/design_1_axi_interconnect_hp0_imp_auto_pc_0_axi_protocol_converter_v2_1_37_axi_protocol_converter/design_1_axi_interconnect_hp0_imp_auto_pc_0_axi_protocol_converter_v2_1_37_axi3_conv/design_1_axi_interconnect_hp0_imp_auto_pc_0_axi_protocol_converter_v2_1_37_a_axi3_conv/design_1_axi_interconnect_hp0_imp_auto_pc_0_axi_data_fifo_v2_1_36_axic_fifo/design_1_axi_interconnect_hp0_imp_auto_pc_0_axi_data_fifo_v2_1_36_fifo_gen/<hidden>/<hidden>/<hidden>/<hidden>/<hidden>/<hidden>
    SLICE_X7Y37          FDPE                                         f  snn_core_group_top/design_1_wrapper/design_1/design_1_axi_interconnect_hp0_0/s00_couplers_imp_S4BDUK/design_1_axi_interconnect_hp0_imp_auto_pc_0/design_1_axi_interconnect_hp0_imp_auto_pc_0_axi_protocol_converter_v2_1_37_axi_protocol_converter/design_1_axi_interconnect_hp0_imp_auto_pc_0_axi_protocol_converter_v2_1_37_axi3_conv/design_1_axi_interconnect_hp0_imp_auto_pc_0_axi_protocol_converter_v2_1_37_a_axi3_conv/design_1_axi_interconnect_hp0_imp_auto_pc_0_axi_data_fifo_v2_1_36_axic_fifo/design_1_axi_interconnect_hp0_imp_auto_pc_0_axi_data_fifo_v2_1_36_fifo_gen/<hidden>/<hidden>/<hidden>/<hidden>/<hidden>/<hidden>
  -------------------------------------------------------------------    -------------------

                         (clock clk_fpga_0 rise edge)
                                                      0.000     0.000 r  
    PS7_X0Y0             PS7                          0.000     0.000 r  u_block_design/design_1_i/processing_system7_0/inst/PS7_i/FCLKCLK[0]
                         net (fo=1, routed)           1.088     1.088    u_block_design/design_1_i/processing_system7_0/inst/FCLK_CLK_unbuffered[0]
    BUFGCTRL_X0Y16       BUFG (Prop_bufg_I_O)         0.091     1.179 r  u_block_design/design_1_i/processing_system7_0/inst/buffer_fclk_clk_0.FCLK_CLK_0_BUFG/O
                         net (fo=22237, routed)       1.654     2.833    snn_core_group_top/design_1_wrapper/design_1/design_1_axi_interconnect_hp0_0/s00_couplers_imp_S4BDUK/design_1_axi_interconnect_hp0_imp_auto_pc_0/design_1_axi_interconnect_hp0_imp_auto_pc_0_axi_protocol_converter_v2_1_37_axi_protocol_converter/design_1_axi_interconnect_hp0_imp_auto_pc_0_axi_protocol_converter_v2_1_37_axi3_conv/design_1_axi_interconnect_hp0_imp_auto_pc_0_axi_protocol_converter_v2_1_37_a_axi3_conv/design_1_axi_interconnect_hp0_imp_auto_pc_0_axi_data_fifo_v2_1_36_axic_fifo/design_1_axi_interconnect_hp0_imp_auto_pc_0_axi_data_fifo_v2_1_36_fifo_gen/<hidden>/<hidden>/<hidden>/<hidden>/<hidden>/<hidden>
    SLICE_X7Y37          FDPE                                         r  snn_core_group_top/design_1_wrapper/design_1/design_1_axi_interconnect_hp0_0/s00_couplers_imp_S4BDUK/design_1_axi_interconnect_hp0_imp_auto_pc_0/design_1_axi_interconnect_hp0_imp_auto_pc_0_axi_protocol_converter_v2_1_37_axi_protocol_converter/design_1_axi_interconnect_hp0_imp_auto_pc_0_axi_protocol_converter_v2_1_37_axi3_conv/design_1_axi_interconnect_hp0_imp_auto_pc_0_axi_protocol_converter_v2_1_37_a_axi3_conv/design_1_axi_interconnect_hp0_imp_auto_pc_0_axi_data_fifo_v2_1_36_axic_fifo/design_1_axi_interconnect_hp0_imp_auto_pc_0_axi_data_fifo_v2_1_36_fifo_gen/<hidden>/<hidden>/<hidden>/<hidden>/<hidden>/<hidden>

Slack:                    inf
  Source:                 u_block_design/design_1_i/proc_sys_reset_0/U0/ACTIVE_LOW_PR_OUT_DFF[0].FDRE_PER_N/C
                            (rising edge-triggered cell FDRE clocked by clk_fpga_0  {rise@0.000ns fall@5.000ns period=10.000ns})
  Destination:            snn_core_group_top/design_1_wrapper/design_1/design_1_axi_interconnect_hp0_0/s02_couplers_imp_QSEXJZ/design_1_axi_interconnect_hp0_imp_auto_pc_2/design_1_axi_interconnect_hp0_imp_auto_pc_2_axi_protocol_converter_v2_1_37_axi_protocol_converter/design_1_axi_interconnect_hp0_imp_auto_pc_2_axi_protocol_converter_v2_1_37_axi3_conv/design_1_axi_interconnect_hp0_imp_auto_pc_2_axi_protocol_converter_v2_1_37_a_axi3_conv/design_1_axi_interconnect_hp0_imp_auto_pc_2_axi_data_fifo_v2_1_36_axic_fifo/design_1_axi_interconnect_hp0_imp_auto_pc_2_axi_data_fifo_v2_1_36_fifo_gen/<hidden>/<hidden>/<hidden>/<hidden>/<hidden>/<hidden>
                            (recovery check against rising-edge clock clk_fpga_0  {rise@0.000ns fall@5.000ns period=10.000ns})
  Path Group:             (none)
  Path Type:              Recovery (Max at Slow Process Corner)
  Data Path Delay:        5.890ns  (logic 0.580ns (9.847%)  route 5.310ns (90.153%))
  Logic Levels:           1  (LUT1=1)
  Clock Path Skew:        -0.168ns (DCD - SCD + CPR)
    Destination Clock Delay (DCD):    2.837ns
    Source Clock Delay      (SCD):    3.005ns
    Clock Pessimism Removal (CPR):    0.000ns
  Clock Uncertainty:      0.154ns  ((TSJ^2 + TIJ^2)^1/2 + DJ) / 2 + PE
    Total System Jitter     (TSJ):    0.071ns
    Total Input Jitter      (TIJ):    0.300ns
    Discrete Jitter          (DJ):    0.000ns
    Phase Error              (PE):    0.000ns
  Timing Exception:       False Path

    Location             Delay type                Incr(ns)  Path(ns)    Netlist Resource(s)
  -------------------------------------------------------------------    -------------------
                         (clock clk_fpga_0 rise edge)
                                                      0.000     0.000 r  
    PS7_X0Y0             PS7                          0.000     0.000 r  u_block_design/design_1_i/processing_system7_0/inst/PS7_i/FCLKCLK[0]
                         net (fo=1, routed)           1.193     1.193    u_block_design/design_1_i/processing_system7_0/inst/FCLK_CLK_unbuffered[0]
    BUFGCTRL_X0Y16       BUFG (Prop_bufg_I_O)         0.101     1.294 r  u_block_design/design_1_i/processing_system7_0/inst/buffer_fclk_clk_0.FCLK_CLK_0_BUFG/O
                         net (fo=22237, routed)       1.711     3.005    u_block_design/design_1_i/proc_sys_reset_0/U0/slowest_sync_clk
    SLICE_X63Y88         FDRE                                         r  u_block_design/design_1_i/proc_sys_reset_0/U0/ACTIVE_LOW_PR_OUT_DFF[0].FDRE_PER_N/C
  -------------------------------------------------------------------    -------------------
    SLICE_X63Y88         FDRE (Prop_fdre_C_Q)         0.456     3.461 r  u_block_design/design_1_i/proc_sys_reset_0/U0/ACTIVE_LOW_PR_OUT_DFF[0].FDRE_PER_N/Q
                         net (fo=409, routed)         4.666     8.127    u_block_design/design_1_i/axi_interconnect_hp0/s02_couplers/auto_pc/inst/gen_axi4_axi3.axi3_conv_inst/USE_READ.USE_SPLIT_R.read_addr_inst/USE_R_CHANNEL.cmd_queue/inst/aresetn
    SLICE_X2Y43          LUT1 (Prop_lut1_I0_O)        0.124     8.251 f  u_block_design/design_1_i/axi_interconnect_hp0/s02_couplers/auto_pc/inst/gen_axi4_axi3.axi3_conv_inst/USE_READ.USE_SPLIT_R.read_addr_inst/USE_R_CHANNEL.cmd_queue/inst/S_AXI_ASIZE_Q[2]_i_1/O
                         net (fo=44, routed)          0.644     8.895    snn_core_group_top/design_1_wrapper/design_1/design_1_axi_interconnect_hp0_0/s02_couplers_imp_QSEXJZ/design_1_axi_interconnect_hp0_imp_auto_pc_2/design_1_axi_interconnect_hp0_imp_auto_pc_2_axi_protocol_converter_v2_1_37_axi_protocol_converter/design_1_axi_interconnect_hp0_imp_auto_pc_2_axi_protocol_converter_v2_1_37_axi3_conv/design_1_axi_interconnect_hp0_imp_auto_pc_2_axi_protocol_converter_v2_1_37_a_axi3_conv/design_1_axi_interconnect_hp0_imp_auto_pc_2_axi_data_fifo_v2_1_36_axic_fifo/design_1_axi_interconnect_hp0_imp_auto_pc_2_axi_data_fifo_v2_1_36_fifo_gen/<hidden>/<hidden>/<hidden>/<hidden>/<hidden>/<hidden>
    SLICE_X0Y41          FDPE                                         f  snn_core_group_top/design_1_wrapper/design_1/design_1_axi_interconnect_hp0_0/s02_couplers_imp_QSEXJZ/design_1_axi_interconnect_hp0_imp_auto_pc_2/design_1_axi_interconnect_hp0_imp_auto_pc_2_axi_protocol_converter_v2_1_37_axi_protocol_converter/design_1_axi_interconnect_hp0_imp_auto_pc_2_axi_protocol_converter_v2_1_37_axi3_conv/design_1_axi_interconnect_hp0_imp_auto_pc_2_axi_protocol_converter_v2_1_37_a_axi3_conv/design_1_axi_interconnect_hp0_imp_auto_pc_2_axi_data_fifo_v2_1_36_axic_fifo/design_1_axi_interconnect_hp0_imp_auto_pc_2_axi_data_fifo_v2_1_36_fifo_gen/<hidden>/<hidden>/<hidden>/<hidden>/<hidden>/<hidden>
  -------------------------------------------------------------------    -------------------

                         (clock clk_fpga_0 rise edge)
                                                      0.000     0.000 r  
    PS7_X0Y0             PS7                          0.000     0.000 r  u_block_design/design_1_i/processing_system7_0/inst/PS7_i/FCLKCLK[0]
                         net (fo=1, routed)           1.088     1.088    u_block_design/design_1_i/processing_system7_0/inst/FCLK_CLK_unbuffered[0]
    BUFGCTRL_X0Y16       BUFG (Prop_bufg_I_O)         0.091     1.179 r  u_block_design/design_1_i/processing_system7_0/inst/buffer_fclk_clk_0.FCLK_CLK_0_BUFG/O
                         net (fo=22237, routed)       1.658     2.837    snn_core_group_top/design_1_wrapper/design_1/design_1_axi_interconnect_hp0_0/s02_couplers_imp_QSEXJZ/design_1_axi_interconnect_hp0_imp_auto_pc_2/design_1_axi_interconnect_hp0_imp_auto_pc_2_axi_protocol_converter_v2_1_37_axi_protocol_converter/design_1_axi_interconnect_hp0_imp_auto_pc_2_axi_protocol_converter_v2_1_37_axi3_conv/design_1_axi_interconnect_hp0_imp_auto_pc_2_axi_protocol_converter_v2_1_37_a_axi3_conv/design_1_axi_interconnect_hp0_imp_auto_pc_2_axi_data_fifo_v2_1_36_axic_fifo/design_1_axi_interconnect_hp0_imp_auto_pc_2_axi_data_fifo_v2_1_36_fifo_gen/<hidden>/<hidden>/<hidden>/<hidden>/<hidden>/<hidden>
    SLICE_X0Y41          FDPE                                         r  snn_core_group_top/design_1_wrapper/design_1/design_1_axi_interconnect_hp0_0/s02_couplers_imp_QSEXJZ/design_1_axi_interconnect_hp0_imp_auto_pc_2/design_1_axi_interconnect_hp0_imp_auto_pc_2_axi_protocol_converter_v2_1_37_axi_protocol_converter/design_1_axi_interconnect_hp0_imp_auto_pc_2_axi_protocol_converter_v2_1_37_axi3_conv/design_1_axi_interconnect_hp0_imp_auto_pc_2_axi_protocol_converter_v2_1_37_a_axi3_conv/design_1_axi_interconnect_hp0_imp_auto_pc_2_axi_data_fifo_v2_1_36_axic_fifo/design_1_axi_interconnect_hp0_imp_auto_pc_2_axi_data_fifo_v2_1_36_fifo_gen/<hidden>/<hidden>/<hidden>/<hidden>/<hidden>/<hidden>

Slack:                    inf
  Source:                 u_block_design/design_1_i/proc_sys_reset_0/U0/ACTIVE_LOW_PR_OUT_DFF[0].FDRE_PER_N/C
                            (rising edge-triggered cell FDRE clocked by clk_fpga_0  {rise@0.000ns fall@5.000ns period=10.000ns})
  Destination:            snn_core_group_top/design_1_wrapper/design_1/design_1_axi_interconnect_hp0_0/s02_couplers_imp_QSEXJZ/design_1_axi_interconnect_hp0_imp_auto_pc_2/design_1_axi_interconnect_hp0_imp_auto_pc_2_axi_protocol_converter_v2_1_37_axi_protocol_converter/design_1_axi_interconnect_hp0_imp_auto_pc_2_axi_protocol_converter_v2_1_37_axi3_conv/design_1_axi_interconnect_hp0_imp_auto_pc_2_axi_protocol_converter_v2_1_37_a_axi3_conv/design_1_axi_interconnect_hp0_imp_auto_pc_2_axi_data_fifo_v2_1_36_axic_fifo/design_1_axi_interconnect_hp0_imp_auto_pc_2_axi_data_fifo_v2_1_36_fifo_gen/<hidden>/<hidden>/<hidden>/<hidden>/<hidden>/<hidden>
                            (recovery check against rising-edge clock clk_fpga_0  {rise@0.000ns fall@5.000ns period=10.000ns})
  Path Group:             (none)
  Path Type:              Recovery (Max at Slow Process Corner)
  Data Path Delay:        5.890ns  (logic 0.580ns (9.847%)  route 5.310ns (90.153%))
  Logic Levels:           1  (LUT1=1)
  Clock Path Skew:        -0.168ns (DCD - SCD + CPR)
    Destination Clock Delay (DCD):    2.837ns
    Source Clock Delay      (SCD):    3.005ns
    Clock Pessimism Removal (CPR):    0.000ns
  Clock Uncertainty:      0.154ns  ((TSJ^2 + TIJ^2)^1/2 + DJ) / 2 + PE
    Total System Jitter     (TSJ):    0.071ns
    Total Input Jitter      (TIJ):    0.300ns
    Discrete Jitter          (DJ):    0.000ns
    Phase Error              (PE):    0.000ns
  Timing Exception:       False Path

    Location             Delay type                Incr(ns)  Path(ns)    Netlist Resource(s)
  -------------------------------------------------------------------    -------------------
                         (clock clk_fpga_0 rise edge)
                                                      0.000     0.000 r  
    PS7_X0Y0             PS7                          0.000     0.000 r  u_block_design/design_1_i/processing_system7_0/inst/PS7_i/FCLKCLK[0]
                         net (fo=1, routed)           1.193     1.193    u_block_design/design_1_i/processing_system7_0/inst/FCLK_CLK_unbuffered[0]
    BUFGCTRL_X0Y16       BUFG (Prop_bufg_I_O)         0.101     1.294 r  u_block_design/design_1_i/processing_system7_0/inst/buffer_fclk_clk_0.FCLK_CLK_0_BUFG/O
                         net (fo=22237, routed)       1.711     3.005    u_block_design/design_1_i/proc_sys_reset_0/U0/slowest_sync_clk
    SLICE_X63Y88         FDRE                                         r  u_block_design/design_1_i/proc_sys_reset_0/U0/ACTIVE_LOW_PR_OUT_DFF[0].FDRE_PER_N/C
  -------------------------------------------------------------------    -------------------
    SLICE_X63Y88         FDRE (Prop_fdre_C_Q)         0.456     3.461 r  u_block_design/design_1_i/proc_sys_reset_0/U0/ACTIVE_LOW_PR_OUT_DFF[0].FDRE_PER_N/Q
                         net (fo=409, routed)         4.666     8.127    u_block_design/design_1_i/axi_interconnect_hp0/s02_couplers/auto_pc/inst/gen_axi4_axi3.axi3_conv_inst/USE_READ.USE_SPLIT_R.read_addr_inst/USE_R_CHANNEL.cmd_queue/inst/aresetn
    SLICE_X2Y43          LUT1 (Prop_lut1_I0_O)        0.124     8.251 f  u_block_design/design_1_i/axi_interconnect_hp0/s02_couplers/auto_pc/inst/gen_axi4_axi3.axi3_conv_inst/USE_READ.USE_SPLIT_R.read_addr_inst/USE_R_CHANNEL.cmd_queue/inst/S_AXI_ASIZE_Q[2]_i_1/O
                         net (fo=44, routed)          0.644     8.895    snn_core_group_top/design_1_wrapper/design_1/design_1_axi_interconnect_hp0_0/s02_couplers_imp_QSEXJZ/design_1_axi_interconnect_hp0_imp_auto_pc_2/design_1_axi_interconnect_hp0_imp_auto_pc_2_axi_protocol_converter_v2_1_37_axi_protocol_converter/design_1_axi_interconnect_hp0_imp_auto_pc_2_axi_protocol_converter_v2_1_37_axi3_conv/design_1_axi_interconnect_hp0_imp_auto_pc_2_axi_protocol_converter_v2_1_37_a_axi3_conv/design_1_axi_interconnect_hp0_imp_auto_pc_2_axi_data_fifo_v2_1_36_axic_fifo/design_1_axi_interconnect_hp0_imp_auto_pc_2_axi_data_fifo_v2_1_36_fifo_gen/<hidden>/<hidden>/<hidden>/<hidden>/<hidden>/<hidden>
    SLICE_X0Y41          FDPE                                         f  snn_core_group_top/design_1_wrapper/design_1/design_1_axi_interconnect_hp0_0/s02_couplers_imp_QSEXJZ/design_1_axi_interconnect_hp0_imp_auto_pc_2/design_1_axi_interconnect_hp0_imp_auto_pc_2_axi_protocol_converter_v2_1_37_axi_protocol_converter/design_1_axi_interconnect_hp0_imp_auto_pc_2_axi_protocol_converter_v2_1_37_axi3_conv/design_1_axi_interconnect_hp0_imp_auto_pc_2_axi_protocol_converter_v2_1_37_a_axi3_conv/design_1_axi_interconnect_hp0_imp_auto_pc_2_axi_data_fifo_v2_1_36_axic_fifo/design_1_axi_interconnect_hp0_imp_auto_pc_2_axi_data_fifo_v2_1_36_fifo_gen/<hidden>/<hidden>/<hidden>/<hidden>/<hidden>/<hidden>
  -------------------------------------------------------------------    -------------------

                         (clock clk_fpga_0 rise edge)
                                                      0.000     0.000 r  
    PS7_X0Y0             PS7                          0.000     0.000 r  u_block_design/design_1_i/processing_system7_0/inst/PS7_i/FCLKCLK[0]
                         net (fo=1, routed)           1.088     1.088    u_block_design/design_1_i/processing_system7_0/inst/FCLK_CLK_unbuffered[0]
    BUFGCTRL_X0Y16       BUFG (Prop_bufg_I_O)         0.091     1.179 r  u_block_design/design_1_i/processing_system7_0/inst/buffer_fclk_clk_0.FCLK_CLK_0_BUFG/O
                         net (fo=22237, routed)       1.658     2.837    snn_core_group_top/design_1_wrapper/design_1/design_1_axi_interconnect_hp0_0/s02_couplers_imp_QSEXJZ/design_1_axi_interconnect_hp0_imp_auto_pc_2/design_1_axi_interconnect_hp0_imp_auto_pc_2_axi_protocol_converter_v2_1_37_axi_protocol_converter/design_1_axi_interconnect_hp0_imp_auto_pc_2_axi_protocol_converter_v2_1_37_axi3_conv/design_1_axi_interconnect_hp0_imp_auto_pc_2_axi_protocol_converter_v2_1_37_a_axi3_conv/design_1_axi_interconnect_hp0_imp_auto_pc_2_axi_data_fifo_v2_1_36_axic_fifo/design_1_axi_interconnect_hp0_imp_auto_pc_2_axi_data_fifo_v2_1_36_fifo_gen/<hidden>/<hidden>/<hidden>/<hidden>/<hidden>/<hidden>
    SLICE_X0Y41          FDPE                                         r  snn_core_group_top/design_1_wrapper/design_1/design_1_axi_interconnect_hp0_0/s02_couplers_imp_QSEXJZ/design_1_axi_interconnect_hp0_imp_auto_pc_2/design_1_axi_interconnect_hp0_imp_auto_pc_2_axi_protocol_converter_v2_1_37_axi_protocol_converter/design_1_axi_interconnect_hp0_imp_auto_pc_2_axi_protocol_converter_v2_1_37_axi3_conv/design_1_axi_interconnect_hp0_imp_auto_pc_2_axi_protocol_converter_v2_1_37_a_axi3_conv/design_1_axi_interconnect_hp0_imp_auto_pc_2_axi_data_fifo_v2_1_36_axic_fifo/design_1_axi_interconnect_hp0_imp_auto_pc_2_axi_data_fifo_v2_1_36_fifo_gen/<hidden>/<hidden>/<hidden>/<hidden>/<hidden>/<hidden>

Slack:                    inf
  Source:                 u_block_design/design_1_i/proc_sys_reset_0/U0/ACTIVE_LOW_PR_OUT_DFF[0].FDRE_PER_N/C
                            (rising edge-triggered cell FDRE clocked by clk_fpga_0  {rise@0.000ns fall@5.000ns period=10.000ns})
  Destination:            snn_core_group_top/design_1_wrapper/design_1/design_1_axi_interconnect_hp0_0/s01_couplers_imp_12AUBLP/design_1_axi_interconnect_hp0_imp_auto_pc_1/design_1_axi_interconnect_hp0_imp_auto_pc_1_axi_protocol_converter_v2_1_37_axi_protocol_converter/design_1_axi_interconnect_hp0_imp_auto_pc_1_axi_protocol_converter_v2_1_37_axi3_conv/design_1_axi_interconnect_hp0_imp_auto_pc_1_axi_protocol_converter_v2_1_37_a_axi3_conv/design_1_axi_interconnect_hp0_imp_auto_pc_1_axi_data_fifo_v2_1_36_axic_fifo_0/design_1_axi_interconnect_hp0_imp_auto_pc_1_axi_data_fifo_v2_1_36_fifo_gen/<hidden>/<hidden>/<hidden>/<hidden>/<hidden>/<hidden>
                            (recovery check against rising-edge clock clk_fpga_0  {rise@0.000ns fall@5.000ns period=10.000ns})
  Path Group:             (none)
  Path Type:              Recovery (Max at Slow Process Corner)
  Data Path Delay:        4.770ns  (logic 0.580ns (12.159%)  route 4.190ns (87.841%))
  Logic Levels:           1  (LUT1=1)
  Clock Path Skew:        -0.306ns (DCD - SCD + CPR)
    Destination Clock Delay (DCD):    2.699ns
    Source Clock Delay      (SCD):    3.005ns
    Clock Pessimism Removal (CPR):    0.000ns
  Clock Uncertainty:      0.154ns  ((TSJ^2 + TIJ^2)^1/2 + DJ) / 2 + PE
    Total System Jitter     (TSJ):    0.071ns
    Total Input Jitter      (TIJ):    0.300ns
    Discrete Jitter          (DJ):    0.000ns
    Phase Error              (PE):    0.000ns
  Timing Exception:       False Path

    Location             Delay type                Incr(ns)  Path(ns)    Netlist Resource(s)
  -------------------------------------------------------------------    -------------------
                         (clock clk_fpga_0 rise edge)
                                                      0.000     0.000 r  
    PS7_X0Y0             PS7                          0.000     0.000 r  u_block_design/design_1_i/processing_system7_0/inst/PS7_i/FCLKCLK[0]
                         net (fo=1, routed)           1.193     1.193    u_block_design/design_1_i/processing_system7_0/inst/FCLK_CLK_unbuffered[0]
    BUFGCTRL_X0Y16       BUFG (Prop_bufg_I_O)         0.101     1.294 r  u_block_design/design_1_i/processing_system7_0/inst/buffer_fclk_clk_0.FCLK_CLK_0_BUFG/O
                         net (fo=22237, routed)       1.711     3.005    u_block_design/design_1_i/proc_sys_reset_0/U0/slowest_sync_clk
    SLICE_X63Y88         FDRE                                         r  u_block_design/design_1_i/proc_sys_reset_0/U0/ACTIVE_LOW_PR_OUT_DFF[0].FDRE_PER_N/C
  -------------------------------------------------------------------    -------------------
    SLICE_X63Y88         FDRE (Prop_fdre_C_Q)         0.456     3.461 r  u_block_design/design_1_i/proc_sys_reset_0/U0/ACTIVE_LOW_PR_OUT_DFF[0].FDRE_PER_N/Q
                         net (fo=409, routed)         2.786     6.247    u_block_design/design_1_i/axi_interconnect_hp0/s01_couplers/auto_pc/inst/gen_axi4_axi3.axi3_conv_inst/USE_WRITE.write_addr_inst/USE_BURSTS.cmd_queue/inst/aresetn
    SLICE_X27Y75         LUT1 (Prop_lut1_I0_O)        0.124     6.371 f  u_block_design/design_1_i/axi_interconnect_hp0/s01_couplers/auto_pc/inst/gen_axi4_axi3.axi3_conv_inst/USE_WRITE.write_addr_inst/USE_BURSTS.cmd_queue/inst/S_AXI_AREADY_I_i_1/O
                         net (fo=115, routed)         1.405     7.775    snn_core_group_top/design_1_wrapper/design_1/design_1_axi_interconnect_hp0_0/s01_couplers_imp_12AUBLP/design_1_axi_interconnect_hp0_imp_auto_pc_1/design_1_axi_interconnect_hp0_imp_auto_pc_1_axi_protocol_converter_v2_1_37_axi_protocol_converter/design_1_axi_interconnect_hp0_imp_auto_pc_1_axi_protocol_converter_v2_1_37_axi3_conv/design_1_axi_interconnect_hp0_imp_auto_pc_1_axi_protocol_converter_v2_1_37_a_axi3_conv/design_1_axi_interconnect_hp0_imp_auto_pc_1_axi_data_fifo_v2_1_36_axic_fifo_0/design_1_axi_interconnect_hp0_imp_auto_pc_1_axi_data_fifo_v2_1_36_fifo_gen/<hidden>/<hidden>/<hidden>/<hidden>/<hidden>/<hidden>
    SLICE_X29Y85         FDPE                                         f  snn_core_group_top/design_1_wrapper/design_1/design_1_axi_interconnect_hp0_0/s01_couplers_imp_12AUBLP/design_1_axi_interconnect_hp0_imp_auto_pc_1/design_1_axi_interconnect_hp0_imp_auto_pc_1_axi_protocol_converter_v2_1_37_axi_protocol_converter/design_1_axi_interconnect_hp0_imp_auto_pc_1_axi_protocol_converter_v2_1_37_axi3_conv/design_1_axi_interconnect_hp0_imp_auto_pc_1_axi_protocol_converter_v2_1_37_a_axi3_conv/design_1_axi_interconnect_hp0_imp_auto_pc_1_axi_data_fifo_v2_1_36_axic_fifo_0/design_1_axi_interconnect_hp0_imp_auto_pc_1_axi_data_fifo_v2_1_36_fifo_gen/<hidden>/<hidden>/<hidden>/<hidden>/<hidden>/<hidden>
  -------------------------------------------------------------------    -------------------

                         (clock clk_fpga_0 rise edge)
                                                      0.000     0.000 r  
    PS7_X0Y0             PS7                          0.000     0.000 r  u_block_design/design_1_i/processing_system7_0/inst/PS7_i/FCLKCLK[0]
                         net (fo=1, routed)           1.088     1.088    u_block_design/design_1_i/processing_system7_0/inst/FCLK_CLK_unbuffered[0]
    BUFGCTRL_X0Y16       BUFG (Prop_bufg_I_O)         0.091     1.179 r  u_block_design/design_1_i/processing_system7_0/inst/buffer_fclk_clk_0.FCLK_CLK_0_BUFG/O
                         net (fo=22237, routed)       1.520     2.699    snn_core_group_top/design_1_wrapper/design_1/design_1_axi_interconnect_hp0_0/s01_couplers_imp_12AUBLP/design_1_axi_interconnect_hp0_imp_auto_pc_1/design_1_axi_interconnect_hp0_imp_auto_pc_1_axi_protocol_converter_v2_1_37_axi_protocol_converter/design_1_axi_interconnect_hp0_imp_auto_pc_1_axi_protocol_converter_v2_1_37_axi3_conv/design_1_axi_interconnect_hp0_imp_auto_pc_1_axi_protocol_converter_v2_1_37_a_axi3_conv/design_1_axi_interconnect_hp0_imp_auto_pc_1_axi_data_fifo_v2_1_36_axic_fifo_0/design_1_axi_interconnect_hp0_imp_auto_pc_1_axi_data_fifo_v2_1_36_fifo_gen/<hidden>/<hidden>/<hidden>/<hidden>/<hidden>/<hidden>
    SLICE_X29Y85         FDPE                                         r  snn_core_group_top/design_1_wrapper/design_1/design_1_axi_interconnect_hp0_0/s01_couplers_imp_12AUBLP/design_1_axi_interconnect_hp0_imp_auto_pc_1/design_1_axi_interconnect_hp0_imp_auto_pc_1_axi_protocol_converter_v2_1_37_axi_protocol_converter/design_1_axi_interconnect_hp0_imp_auto_pc_1_axi_protocol_converter_v2_1_37_axi3_conv/design_1_axi_interconnect_hp0_imp_auto_pc_1_axi_protocol_converter_v2_1_37_a_axi3_conv/design_1_axi_interconnect_hp0_imp_auto_pc_1_axi_data_fifo_v2_1_36_axic_fifo_0/design_1_axi_interconnect_hp0_imp_auto_pc_1_axi_data_fifo_v2_1_36_fifo_gen/<hidden>/<hidden>/<hidden>/<hidden>/<hidden>/<hidden>

Slack:                    inf
  Source:                 u_block_design/design_1_i/proc_sys_reset_0/U0/ACTIVE_LOW_PR_OUT_DFF[0].FDRE_PER_N/C
                            (rising edge-triggered cell FDRE clocked by clk_fpga_0  {rise@0.000ns fall@5.000ns period=10.000ns})
  Destination:            snn_core_group_top/design_1_wrapper/design_1/design_1_axi_interconnect_hp0_0/s01_couplers_imp_12AUBLP/design_1_axi_interconnect_hp0_imp_auto_pc_1/design_1_axi_interconnect_hp0_imp_auto_pc_1_axi_protocol_converter_v2_1_37_axi_protocol_converter/design_1_axi_interconnect_hp0_imp_auto_pc_1_axi_protocol_converter_v2_1_37_axi3_conv/design_1_axi_interconnect_hp0_imp_auto_pc_1_axi_protocol_converter_v2_1_37_a_axi3_conv/design_1_axi_interconnect_hp0_imp_auto_pc_1_axi_data_fifo_v2_1_36_axic_fifo_0/design_1_axi_interconnect_hp0_imp_auto_pc_1_axi_data_fifo_v2_1_36_fifo_gen/<hidden>/<hidden>/<hidden>/<hidden>/<hidden>/<hidden>
                            (recovery check against rising-edge clock clk_fpga_0  {rise@0.000ns fall@5.000ns period=10.000ns})
  Path Group:             (none)
  Path Type:              Recovery (Max at Slow Process Corner)
  Data Path Delay:        4.770ns  (logic 0.580ns (12.159%)  route 4.190ns (87.841%))
  Logic Levels:           1  (LUT1=1)
  Clock Path Skew:        -0.306ns (DCD - SCD + CPR)
    Destination Clock Delay (DCD):    2.699ns
    Source Clock Delay      (SCD):    3.005ns
    Clock Pessimism Removal (CPR):    0.000ns
  Clock Uncertainty:      0.154ns  ((TSJ^2 + TIJ^2)^1/2 + DJ) / 2 + PE
    Total System Jitter     (TSJ):    0.071ns
    Total Input Jitter      (TIJ):    0.300ns
    Discrete Jitter          (DJ):    0.000ns
    Phase Error              (PE):    0.000ns
  Timing Exception:       False Path

    Location             Delay type                Incr(ns)  Path(ns)    Netlist Resource(s)
  -------------------------------------------------------------------    -------------------
                         (clock clk_fpga_0 rise edge)
                                                      0.000     0.000 r  
    PS7_X0Y0             PS7                          0.000     0.000 r  u_block_design/design_1_i/processing_system7_0/inst/PS7_i/FCLKCLK[0]
                         net (fo=1, routed)           1.193     1.193    u_block_design/design_1_i/processing_system7_0/inst/FCLK_CLK_unbuffered[0]
    BUFGCTRL_X0Y16       BUFG (Prop_bufg_I_O)         0.101     1.294 r  u_block_design/design_1_i/processing_system7_0/inst/buffer_fclk_clk_0.FCLK_CLK_0_BUFG/O
                         net (fo=22237, routed)       1.711     3.005    u_block_design/design_1_i/proc_sys_reset_0/U0/slowest_sync_clk
    SLICE_X63Y88         FDRE                                         r  u_block_design/design_1_i/proc_sys_reset_0/U0/ACTIVE_LOW_PR_OUT_DFF[0].FDRE_PER_N/C
  -------------------------------------------------------------------    -------------------
    SLICE_X63Y88         FDRE (Prop_fdre_C_Q)         0.456     3.461 r  u_block_design/design_1_i/proc_sys_reset_0/U0/ACTIVE_LOW_PR_OUT_DFF[0].FDRE_PER_N/Q
                         net (fo=409, routed)         2.786     6.247    u_block_design/design_1_i/axi_interconnect_hp0/s01_couplers/auto_pc/inst/gen_axi4_axi3.axi3_conv_inst/USE_WRITE.write_addr_inst/USE_BURSTS.cmd_queue/inst/aresetn
    SLICE_X27Y75         LUT1 (Prop_lut1_I0_O)        0.124     6.371 f  u_block_design/design_1_i/axi_interconnect_hp0/s01_couplers/auto_pc/inst/gen_axi4_axi3.axi3_conv_inst/USE_WRITE.write_addr_inst/USE_BURSTS.cmd_queue/inst/S_AXI_AREADY_I_i_1/O
                         net (fo=115, routed)         1.405     7.775    snn_core_group_top/design_1_wrapper/design_1/design_1_axi_interconnect_hp0_0/s01_couplers_imp_12AUBLP/design_1_axi_interconnect_hp0_imp_auto_pc_1/design_1_axi_interconnect_hp0_imp_auto_pc_1_axi_protocol_converter_v2_1_37_axi_protocol_converter/design_1_axi_interconnect_hp0_imp_auto_pc_1_axi_protocol_converter_v2_1_37_axi3_conv/design_1_axi_interconnect_hp0_imp_auto_pc_1_axi_protocol_converter_v2_1_37_a_axi3_conv/design_1_axi_interconnect_hp0_imp_auto_pc_1_axi_data_fifo_v2_1_36_axic_fifo_0/design_1_axi_interconnect_hp0_imp_auto_pc_1_axi_data_fifo_v2_1_36_fifo_gen/<hidden>/<hidden>/<hidden>/<hidden>/<hidden>/<hidden>
    SLICE_X29Y85         FDPE                                         f  snn_core_group_top/design_1_wrapper/design_1/design_1_axi_interconnect_hp0_0/s01_couplers_imp_12AUBLP/design_1_axi_interconnect_hp0_imp_auto_pc_1/design_1_axi_interconnect_hp0_imp_auto_pc_1_axi_protocol_converter_v2_1_37_axi_protocol_converter/design_1_axi_interconnect_hp0_imp_auto_pc_1_axi_protocol_converter_v2_1_37_axi3_conv/design_1_axi_interconnect_hp0_imp_auto_pc_1_axi_protocol_converter_v2_1_37_a_axi3_conv/design_1_axi_interconnect_hp0_imp_auto_pc_1_axi_data_fifo_v2_1_36_axic_fifo_0/design_1_axi_interconnect_hp0_imp_auto_pc_1_axi_data_fifo_v2_1_36_fifo_gen/<hidden>/<hidden>/<hidden>/<hidden>/<hidden>/<hidden>
  -------------------------------------------------------------------    -------------------

                         (clock clk_fpga_0 rise edge)
                                                      0.000     0.000 r  
    PS7_X0Y0             PS7                          0.000     0.000 r  u_block_design/design_1_i/processing_system7_0/inst/PS7_i/FCLKCLK[0]
                         net (fo=1, routed)           1.088     1.088    u_block_design/design_1_i/processing_system7_0/inst/FCLK_CLK_unbuffered[0]
    BUFGCTRL_X0Y16       BUFG (Prop_bufg_I_O)         0.091     1.179 r  u_block_design/design_1_i/processing_system7_0/inst/buffer_fclk_clk_0.FCLK_CLK_0_BUFG/O
                         net (fo=22237, routed)       1.520     2.699    snn_core_group_top/design_1_wrapper/design_1/design_1_axi_interconnect_hp0_0/s01_couplers_imp_12AUBLP/design_1_axi_interconnect_hp0_imp_auto_pc_1/design_1_axi_interconnect_hp0_imp_auto_pc_1_axi_protocol_converter_v2_1_37_axi_protocol_converter/design_1_axi_interconnect_hp0_imp_auto_pc_1_axi_protocol_converter_v2_1_37_axi3_conv/design_1_axi_interconnect_hp0_imp_auto_pc_1_axi_protocol_converter_v2_1_37_a_axi3_conv/design_1_axi_interconnect_hp0_imp_auto_pc_1_axi_data_fifo_v2_1_36_axic_fifo_0/design_1_axi_interconnect_hp0_imp_auto_pc_1_axi_data_fifo_v2_1_36_fifo_gen/<hidden>/<hidden>/<hidden>/<hidden>/<hidden>/<hidden>
    SLICE_X29Y85         FDPE                                         r  snn_core_group_top/design_1_wrapper/design_1/design_1_axi_interconnect_hp0_0/s01_couplers_imp_12AUBLP/design_1_axi_interconnect_hp0_imp_auto_pc_1/design_1_axi_interconnect_hp0_imp_auto_pc_1_axi_protocol_converter_v2_1_37_axi_protocol_converter/design_1_axi_interconnect_hp0_imp_auto_pc_1_axi_protocol_converter_v2_1_37_axi3_conv/design_1_axi_interconnect_hp0_imp_auto_pc_1_axi_protocol_converter_v2_1_37_a_axi3_conv/design_1_axi_interconnect_hp0_imp_auto_pc_1_axi_data_fifo_v2_1_36_axic_fifo_0/design_1_axi_interconnect_hp0_imp_auto_pc_1_axi_data_fifo_v2_1_36_fifo_gen/<hidden>/<hidden>/<hidden>/<hidden>/<hidden>/<hidden>

Slack:                    inf
  Source:                 u_block_design/design_1_i/proc_sys_reset_0/U0/ACTIVE_LOW_PR_OUT_DFF[0].FDRE_PER_N/C
                            (rising edge-triggered cell FDRE clocked by clk_fpga_0  {rise@0.000ns fall@5.000ns period=10.000ns})
  Destination:            snn_core_group_top/design_1_wrapper/design_1/design_1_axi_interconnect_hp0_0/s03_couplers_imp_13X28CE/design_1_axi_interconnect_hp0_imp_auto_pc_3/design_1_axi_interconnect_hp0_imp_auto_pc_3_axi_protocol_converter_v2_1_37_axi_protocol_converter/design_1_axi_interconnect_hp0_imp_auto_pc_3_axi_protocol_converter_v2_1_37_axi3_conv/design_1_axi_interconnect_hp0_imp_auto_pc_3_axi_protocol_converter_v2_1_37_a_axi3_conv/design_1_axi_interconnect_hp0_imp_auto_pc_3_axi_data_fifo_v2_1_36_axic_fifo/design_1_axi_interconnect_hp0_imp_auto_pc_3_axi_data_fifo_v2_1_36_fifo_gen_1/<hidden>/<hidden>/<hidden>/<hidden>/<hidden>/<hidden>
                            (recovery check against rising-edge clock clk_fpga_0  {rise@0.000ns fall@5.000ns period=10.000ns})
  Path Group:             (none)
  Path Type:              Recovery (Max at Slow Process Corner)
  Data Path Delay:        4.024ns  (logic 0.608ns (15.108%)  route 3.416ns (84.892%))
  Logic Levels:           1  (LUT1=1)
  Clock Path Skew:        -0.313ns (DCD - SCD + CPR)
    Destination Clock Delay (DCD):    2.692ns
    Source Clock Delay      (SCD):    3.005ns
    Clock Pessimism Removal (CPR):    0.000ns
  Clock Uncertainty:      0.154ns  ((TSJ^2 + TIJ^2)^1/2 + DJ) / 2 + PE
    Total System Jitter     (TSJ):    0.071ns
    Total Input Jitter      (TIJ):    0.300ns
    Discrete Jitter          (DJ):    0.000ns
    Phase Error              (PE):    0.000ns
  Timing Exception:       False Path

    Location             Delay type                Incr(ns)  Path(ns)    Netlist Resource(s)
  -------------------------------------------------------------------    -------------------
                         (clock clk_fpga_0 rise edge)
                                                      0.000     0.000 r  
    PS7_X0Y0             PS7                          0.000     0.000 r  u_block_design/design_1_i/processing_system7_0/inst/PS7_i/FCLKCLK[0]
                         net (fo=1, routed)           1.193     1.193    u_block_design/design_1_i/processing_system7_0/inst/FCLK_CLK_unbuffered[0]
    BUFGCTRL_X0Y16       BUFG (Prop_bufg_I_O)         0.101     1.294 r  u_block_design/design_1_i/processing_system7_0/inst/buffer_fclk_clk_0.FCLK_CLK_0_BUFG/O
                         net (fo=22237, routed)       1.711     3.005    u_block_design/design_1_i/proc_sys_reset_0/U0/slowest_sync_clk
    SLICE_X63Y88         FDRE                                         r  u_block_design/design_1_i/proc_sys_reset_0/U0/ACTIVE_LOW_PR_OUT_DFF[0].FDRE_PER_N/C
  -------------------------------------------------------------------    -------------------
    SLICE_X63Y88         FDRE (Prop_fdre_C_Q)         0.456     3.461 r  u_block_design/design_1_i/proc_sys_reset_0/U0/ACTIVE_LOW_PR_OUT_DFF[0].FDRE_PER_N/Q
                         net (fo=409, routed)         2.786     6.247    u_block_design/design_1_i/axi_interconnect_hp0/s03_couplers/auto_pc/inst/gen_axi4_axi3.axi3_conv_inst/USE_WRITE.write_addr_inst/USE_BURSTS.cmd_queue/inst/aresetn
    SLICE_X27Y75         LUT1 (Prop_lut1_I0_O)        0.152     6.399 f  u_block_design/design_1_i/axi_interconnect_hp0/s03_couplers/auto_pc/inst/gen_axi4_axi3.axi3_conv_inst/USE_WRITE.write_addr_inst/USE_BURSTS.cmd_queue/inst/S_AXI_AREADY_I_i_1/O
                         net (fo=115, routed)         0.631     7.029    snn_core_group_top/design_1_wrapper/design_1/design_1_axi_interconnect_hp0_0/s03_couplers_imp_13X28CE/design_1_axi_interconnect_hp0_imp_auto_pc_3/design_1_axi_interconnect_hp0_imp_auto_pc_3_axi_protocol_converter_v2_1_37_axi_protocol_converter/design_1_axi_interconnect_hp0_imp_auto_pc_3_axi_protocol_converter_v2_1_37_axi3_conv/design_1_axi_interconnect_hp0_imp_auto_pc_3_axi_protocol_converter_v2_1_37_a_axi3_conv/design_1_axi_interconnect_hp0_imp_auto_pc_3_axi_data_fifo_v2_1_36_axic_fifo/design_1_axi_interconnect_hp0_imp_auto_pc_3_axi_data_fifo_v2_1_36_fifo_gen_1/<hidden>/<hidden>/<hidden>/<hidden>/<hidden>/<hidden>
    SLICE_X26Y67         FDPE                                         f  snn_core_group_top/design_1_wrapper/design_1/design_1_axi_interconnect_hp0_0/s03_couplers_imp_13X28CE/design_1_axi_interconnect_hp0_imp_auto_pc_3/design_1_axi_interconnect_hp0_imp_auto_pc_3_axi_protocol_converter_v2_1_37_axi_protocol_converter/design_1_axi_interconnect_hp0_imp_auto_pc_3_axi_protocol_converter_v2_1_37_axi3_conv/design_1_axi_interconnect_hp0_imp_auto_pc_3_axi_protocol_converter_v2_1_37_a_axi3_conv/design_1_axi_interconnect_hp0_imp_auto_pc_3_axi_data_fifo_v2_1_36_axic_fifo/design_1_axi_interconnect_hp0_imp_auto_pc_3_axi_data_fifo_v2_1_36_fifo_gen_1/<hidden>/<hidden>/<hidden>/<hidden>/<hidden>/<hidden>
  -------------------------------------------------------------------    -------------------

                         (clock clk_fpga_0 rise edge)
                                                      0.000     0.000 r  
    PS7_X0Y0             PS7                          0.000     0.000 r  u_block_design/design_1_i/processing_system7_0/inst/PS7_i/FCLKCLK[0]
                         net (fo=1, routed)           1.088     1.088    u_block_design/design_1_i/processing_system7_0/inst/FCLK_CLK_unbuffered[0]
    BUFGCTRL_X0Y16       BUFG (Prop_bufg_I_O)         0.091     1.179 r  u_block_design/design_1_i/processing_system7_0/inst/buffer_fclk_clk_0.FCLK_CLK_0_BUFG/O
                         net (fo=22237, routed)       1.513     2.692    snn_core_group_top/design_1_wrapper/design_1/design_1_axi_interconnect_hp0_0/s03_couplers_imp_13X28CE/design_1_axi_interconnect_hp0_imp_auto_pc_3/design_1_axi_interconnect_hp0_imp_auto_pc_3_axi_protocol_converter_v2_1_37_axi_protocol_converter/design_1_axi_interconnect_hp0_imp_auto_pc_3_axi_protocol_converter_v2_1_37_axi3_conv/design_1_axi_interconnect_hp0_imp_auto_pc_3_axi_protocol_converter_v2_1_37_a_axi3_conv/design_1_axi_interconnect_hp0_imp_auto_pc_3_axi_data_fifo_v2_1_36_axic_fifo/design_1_axi_interconnect_hp0_imp_auto_pc_3_axi_data_fifo_v2_1_36_fifo_gen_1/<hidden>/<hidden>/<hidden>/<hidden>/<hidden>/<hidden>
    SLICE_X26Y67         FDPE                                         r  snn_core_group_top/design_1_wrapper/design_1/design_1_axi_interconnect_hp0_0/s03_couplers_imp_13X28CE/design_1_axi_interconnect_hp0_imp_auto_pc_3/design_1_axi_interconnect_hp0_imp_auto_pc_3_axi_protocol_converter_v2_1_37_axi_protocol_converter/design_1_axi_interconnect_hp0_imp_auto_pc_3_axi_protocol_converter_v2_1_37_axi3_conv/design_1_axi_interconnect_hp0_imp_auto_pc_3_axi_protocol_converter_v2_1_37_a_axi3_conv/design_1_axi_interconnect_hp0_imp_auto_pc_3_axi_data_fifo_v2_1_36_axic_fifo/design_1_axi_interconnect_hp0_imp_auto_pc_3_axi_data_fifo_v2_1_36_fifo_gen_1/<hidden>/<hidden>/<hidden>/<hidden>/<hidden>/<hidden>

Slack:                    inf
  Source:                 u_block_design/design_1_i/proc_sys_reset_0/U0/ACTIVE_LOW_PR_OUT_DFF[0].FDRE_PER_N/C
                            (rising edge-triggered cell FDRE clocked by clk_fpga_0  {rise@0.000ns fall@5.000ns period=10.000ns})
  Destination:            snn_core_group_top/design_1_wrapper/design_1/design_1_axi_interconnect_hp0_0/s03_couplers_imp_13X28CE/design_1_axi_interconnect_hp0_imp_auto_pc_3/design_1_axi_interconnect_hp0_imp_auto_pc_3_axi_protocol_converter_v2_1_37_axi_protocol_converter/design_1_axi_interconnect_hp0_imp_auto_pc_3_axi_protocol_converter_v2_1_37_axi3_conv/design_1_axi_interconnect_hp0_imp_auto_pc_3_axi_protocol_converter_v2_1_37_a_axi3_conv/design_1_axi_interconnect_hp0_imp_auto_pc_3_axi_data_fifo_v2_1_36_axic_fifo/design_1_axi_interconnect_hp0_imp_auto_pc_3_axi_data_fifo_v2_1_36_fifo_gen_1/<hidden>/<hidden>/<hidden>/<hidden>/<hidden>/<hidden>
                            (recovery check against rising-edge clock clk_fpga_0  {rise@0.000ns fall@5.000ns period=10.000ns})
  Path Group:             (none)
  Path Type:              Recovery (Max at Slow Process Corner)
  Data Path Delay:        4.024ns  (logic 0.608ns (15.108%)  route 3.416ns (84.892%))
  Logic Levels:           1  (LUT1=1)
  Clock Path Skew:        -0.313ns (DCD - SCD + CPR)
    Destination Clock Delay (DCD):    2.692ns
    Source Clock Delay      (SCD):    3.005ns
    Clock Pessimism Removal (CPR):    0.000ns
  Clock Uncertainty:      0.154ns  ((TSJ^2 + TIJ^2)^1/2 + DJ) / 2 + PE
    Total System Jitter     (TSJ):    0.071ns
    Total Input Jitter      (TIJ):    0.300ns
    Discrete Jitter          (DJ):    0.000ns
    Phase Error              (PE):    0.000ns
  Timing Exception:       False Path

    Location             Delay type                Incr(ns)  Path(ns)    Netlist Resource(s)
  -------------------------------------------------------------------    -------------------
                         (clock clk_fpga_0 rise edge)
                                                      0.000     0.000 r  
    PS7_X0Y0             PS7                          0.000     0.000 r  u_block_design/design_1_i/processing_system7_0/inst/PS7_i/FCLKCLK[0]
                         net (fo=1, routed)           1.193     1.193    u_block_design/design_1_i/processing_system7_0/inst/FCLK_CLK_unbuffered[0]
    BUFGCTRL_X0Y16       BUFG (Prop_bufg_I_O)         0.101     1.294 r  u_block_design/design_1_i/processing_system7_0/inst/buffer_fclk_clk_0.FCLK_CLK_0_BUFG/O
                         net (fo=22237, routed)       1.711     3.005    u_block_design/design_1_i/proc_sys_reset_0/U0/slowest_sync_clk
    SLICE_X63Y88         FDRE                                         r  u_block_design/design_1_i/proc_sys_reset_0/U0/ACTIVE_LOW_PR_OUT_DFF[0].FDRE_PER_N/C
  -------------------------------------------------------------------    -------------------
    SLICE_X63Y88         FDRE (Prop_fdre_C_Q)         0.456     3.461 r  u_block_design/design_1_i/proc_sys_reset_0/U0/ACTIVE_LOW_PR_OUT_DFF[0].FDRE_PER_N/Q
                         net (fo=409, routed)         2.786     6.247    u_block_design/design_1_i/axi_interconnect_hp0/s03_couplers/auto_pc/inst/gen_axi4_axi3.axi3_conv_inst/USE_WRITE.write_addr_inst/USE_BURSTS.cmd_queue/inst/aresetn
    SLICE_X27Y75         LUT1 (Prop_lut1_I0_O)        0.152     6.399 f  u_block_design/design_1_i/axi_interconnect_hp0/s03_couplers/auto_pc/inst/gen_axi4_axi3.axi3_conv_inst/USE_WRITE.write_addr_inst/USE_BURSTS.cmd_queue/inst/S_AXI_AREADY_I_i_1/O
                         net (fo=115, routed)         0.631     7.029    snn_core_group_top/design_1_wrapper/design_1/design_1_axi_interconnect_hp0_0/s03_couplers_imp_13X28CE/design_1_axi_interconnect_hp0_imp_auto_pc_3/design_1_axi_interconnect_hp0_imp_auto_pc_3_axi_protocol_converter_v2_1_37_axi_protocol_converter/design_1_axi_interconnect_hp0_imp_auto_pc_3_axi_protocol_converter_v2_1_37_axi3_conv/design_1_axi_interconnect_hp0_imp_auto_pc_3_axi_protocol_converter_v2_1_37_a_axi3_conv/design_1_axi_interconnect_hp0_imp_auto_pc_3_axi_data_fifo_v2_1_36_axic_fifo/design_1_axi_interconnect_hp0_imp_auto_pc_3_axi_data_fifo_v2_1_36_fifo_gen_1/<hidden>/<hidden>/<hidden>/<hidden>/<hidden>/<hidden>
    SLICE_X26Y67         FDPE                                         f  snn_core_group_top/design_1_wrapper/design_1/design_1_axi_interconnect_hp0_0/s03_couplers_imp_13X28CE/design_1_axi_interconnect_hp0_imp_auto_pc_3/design_1_axi_interconnect_hp0_imp_auto_pc_3_axi_protocol_converter_v2_1_37_axi_protocol_converter/design_1_axi_interconnect_hp0_imp_auto_pc_3_axi_protocol_converter_v2_1_37_axi3_conv/design_1_axi_interconnect_hp0_imp_auto_pc_3_axi_protocol_converter_v2_1_37_a_axi3_conv/design_1_axi_interconnect_hp0_imp_auto_pc_3_axi_data_fifo_v2_1_36_axic_fifo/design_1_axi_interconnect_hp0_imp_auto_pc_3_axi_data_fifo_v2_1_36_fifo_gen_1/<hidden>/<hidden>/<hidden>/<hidden>/<hidden>/<hidden>
  -------------------------------------------------------------------    -------------------

                         (clock clk_fpga_0 rise edge)
                                                      0.000     0.000 r  
    PS7_X0Y0             PS7                          0.000     0.000 r  u_block_design/design_1_i/processing_system7_0/inst/PS7_i/FCLKCLK[0]
                         net (fo=1, routed)           1.088     1.088    u_block_design/design_1_i/processing_system7_0/inst/FCLK_CLK_unbuffered[0]
    BUFGCTRL_X0Y16       BUFG (Prop_bufg_I_O)         0.091     1.179 r  u_block_design/design_1_i/processing_system7_0/inst/buffer_fclk_clk_0.FCLK_CLK_0_BUFG/O
                         net (fo=22237, routed)       1.513     2.692    snn_core_group_top/design_1_wrapper/design_1/design_1_axi_interconnect_hp0_0/s03_couplers_imp_13X28CE/design_1_axi_interconnect_hp0_imp_auto_pc_3/design_1_axi_interconnect_hp0_imp_auto_pc_3_axi_protocol_converter_v2_1_37_axi_protocol_converter/design_1_axi_interconnect_hp0_imp_auto_pc_3_axi_protocol_converter_v2_1_37_axi3_conv/design_1_axi_interconnect_hp0_imp_auto_pc_3_axi_protocol_converter_v2_1_37_a_axi3_conv/design_1_axi_interconnect_hp0_imp_auto_pc_3_axi_data_fifo_v2_1_36_axic_fifo/design_1_axi_interconnect_hp0_imp_auto_pc_3_axi_data_fifo_v2_1_36_fifo_gen_1/<hidden>/<hidden>/<hidden>/<hidden>/<hidden>/<hidden>
    SLICE_X26Y67         FDPE                                         r  snn_core_group_top/design_1_wrapper/design_1/design_1_axi_interconnect_hp0_0/s03_couplers_imp_13X28CE/design_1_axi_interconnect_hp0_imp_auto_pc_3/design_1_axi_interconnect_hp0_imp_auto_pc_3_axi_protocol_converter_v2_1_37_axi_protocol_converter/design_1_axi_interconnect_hp0_imp_auto_pc_3_axi_protocol_converter_v2_1_37_axi3_conv/design_1_axi_interconnect_hp0_imp_auto_pc_3_axi_protocol_converter_v2_1_37_a_axi3_conv/design_1_axi_interconnect_hp0_imp_auto_pc_3_axi_data_fifo_v2_1_36_axic_fifo/design_1_axi_interconnect_hp0_imp_auto_pc_3_axi_data_fifo_v2_1_36_fifo_gen_1/<hidden>/<hidden>/<hidden>/<hidden>/<hidden>/<hidden>

Slack:                    inf
  Source:                 u_block_design/design_1_i/proc_sys_reset_0/U0/ACTIVE_LOW_PR_OUT_DFF[0].FDRE_PER_N/C
                            (rising edge-triggered cell FDRE clocked by clk_fpga_0  {rise@0.000ns fall@5.000ns period=10.000ns})
  Destination:            snn_core_group_top/design_1_wrapper/design_1/design_1_axi_interconnect_hp0_0/s01_couplers_imp_12AUBLP/design_1_axi_interconnect_hp0_imp_auto_pc_1/design_1_axi_interconnect_hp0_imp_auto_pc_1_axi_protocol_converter_v2_1_37_axi_protocol_converter/design_1_axi_interconnect_hp0_imp_auto_pc_1_axi_protocol_converter_v2_1_37_axi3_conv/design_1_axi_interconnect_hp0_imp_auto_pc_1_axi_protocol_converter_v2_1_37_a_axi3_conv/design_1_axi_interconnect_hp0_imp_auto_pc_1_axi_data_fifo_v2_1_36_axic_fifo/design_1_axi_interconnect_hp0_imp_auto_pc_1_axi_data_fifo_v2_1_36_fifo_gen_1/<hidden>/<hidden>/<hidden>/<hidden>/<hidden>/<hidden>
                            (recovery check against rising-edge clock clk_fpga_0  {rise@0.000ns fall@5.000ns period=10.000ns})
  Path Group:             (none)
  Path Type:              Recovery (Max at Slow Process Corner)
  Data Path Delay:        4.012ns  (logic 0.580ns (14.456%)  route 3.432ns (85.544%))
  Logic Levels:           1  (LUT1=1)
  Clock Path Skew:        -0.322ns (DCD - SCD + CPR)
    Destination Clock Delay (DCD):    2.683ns
    Source Clock Delay      (SCD):    3.005ns
    Clock Pessimism Removal (CPR):    0.000ns
  Clock Uncertainty:      0.154ns  ((TSJ^2 + TIJ^2)^1/2 + DJ) / 2 + PE
    Total System Jitter     (TSJ):    0.071ns
    Total Input Jitter      (TIJ):    0.300ns
    Discrete Jitter          (DJ):    0.000ns
    Phase Error              (PE):    0.000ns
  Timing Exception:       False Path

    Location             Delay type                Incr(ns)  Path(ns)    Netlist Resource(s)
  -------------------------------------------------------------------    -------------------
                         (clock clk_fpga_0 rise edge)
                                                      0.000     0.000 r  
    PS7_X0Y0             PS7                          0.000     0.000 r  u_block_design/design_1_i/processing_system7_0/inst/PS7_i/FCLKCLK[0]
                         net (fo=1, routed)           1.193     1.193    u_block_design/design_1_i/processing_system7_0/inst/FCLK_CLK_unbuffered[0]
    BUFGCTRL_X0Y16       BUFG (Prop_bufg_I_O)         0.101     1.294 r  u_block_design/design_1_i/processing_system7_0/inst/buffer_fclk_clk_0.FCLK_CLK_0_BUFG/O
                         net (fo=22237, routed)       1.711     3.005    u_block_design/design_1_i/proc_sys_reset_0/U0/slowest_sync_clk
    SLICE_X63Y88         FDRE                                         r  u_block_design/design_1_i/proc_sys_reset_0/U0/ACTIVE_LOW_PR_OUT_DFF[0].FDRE_PER_N/C
  -------------------------------------------------------------------    -------------------
    SLICE_X63Y88         FDRE (Prop_fdre_C_Q)         0.456     3.461 r  u_block_design/design_1_i/proc_sys_reset_0/U0/ACTIVE_LOW_PR_OUT_DFF[0].FDRE_PER_N/Q
                         net (fo=409, routed)         2.786     6.247    u_block_design/design_1_i/axi_interconnect_hp0/s01_couplers/auto_pc/inst/gen_axi4_axi3.axi3_conv_inst/USE_WRITE.write_addr_inst/USE_BURSTS.cmd_queue/inst/aresetn
    SLICE_X27Y75         LUT1 (Prop_lut1_I0_O)        0.124     6.371 f  u_block_design/design_1_i/axi_interconnect_hp0/s01_couplers/auto_pc/inst/gen_axi4_axi3.axi3_conv_inst/USE_WRITE.write_addr_inst/USE_BURSTS.cmd_queue/inst/S_AXI_AREADY_I_i_1/O
                         net (fo=115, routed)         0.646     7.017    snn_core_group_top/design_1_wrapper/design_1/design_1_axi_interconnect_hp0_0/s01_couplers_imp_12AUBLP/design_1_axi_interconnect_hp0_imp_auto_pc_1/design_1_axi_interconnect_hp0_imp_auto_pc_1_axi_protocol_converter_v2_1_37_axi_protocol_converter/design_1_axi_interconnect_hp0_imp_auto_pc_1_axi_protocol_converter_v2_1_37_axi3_conv/design_1_axi_interconnect_hp0_imp_auto_pc_1_axi_protocol_converter_v2_1_37_a_axi3_conv/design_1_axi_interconnect_hp0_imp_auto_pc_1_axi_data_fifo_v2_1_36_axic_fifo/design_1_axi_interconnect_hp0_imp_auto_pc_1_axi_data_fifo_v2_1_36_fifo_gen_1/<hidden>/<hidden>/<hidden>/<hidden>/<hidden>/<hidden>
    SLICE_X27Y74         FDPE                                         f  snn_core_group_top/design_1_wrapper/design_1/design_1_axi_interconnect_hp0_0/s01_couplers_imp_12AUBLP/design_1_axi_interconnect_hp0_imp_auto_pc_1/design_1_axi_interconnect_hp0_imp_auto_pc_1_axi_protocol_converter_v2_1_37_axi_protocol_converter/design_1_axi_interconnect_hp0_imp_auto_pc_1_axi_protocol_converter_v2_1_37_axi3_conv/design_1_axi_interconnect_hp0_imp_auto_pc_1_axi_protocol_converter_v2_1_37_a_axi3_conv/design_1_axi_interconnect_hp0_imp_auto_pc_1_axi_data_fifo_v2_1_36_axic_fifo/design_1_axi_interconnect_hp0_imp_auto_pc_1_axi_data_fifo_v2_1_36_fifo_gen_1/<hidden>/<hidden>/<hidden>/<hidden>/<hidden>/<hidden>
  -------------------------------------------------------------------    -------------------

                         (clock clk_fpga_0 rise edge)
                                                      0.000     0.000 r  
    PS7_X0Y0             PS7                          0.000     0.000 r  u_block_design/design_1_i/processing_system7_0/inst/PS7_i/FCLKCLK[0]
                         net (fo=1, routed)           1.088     1.088    u_block_design/design_1_i/processing_system7_0/inst/FCLK_CLK_unbuffered[0]
    BUFGCTRL_X0Y16       BUFG (Prop_bufg_I_O)         0.091     1.179 r  u_block_design/design_1_i/processing_system7_0/inst/buffer_fclk_clk_0.FCLK_CLK_0_BUFG/O
                         net (fo=22237, routed)       1.504     2.683    snn_core_group_top/design_1_wrapper/design_1/design_1_axi_interconnect_hp0_0/s01_couplers_imp_12AUBLP/design_1_axi_interconnect_hp0_imp_auto_pc_1/design_1_axi_interconnect_hp0_imp_auto_pc_1_axi_protocol_converter_v2_1_37_axi_protocol_converter/design_1_axi_interconnect_hp0_imp_auto_pc_1_axi_protocol_converter_v2_1_37_axi3_conv/design_1_axi_interconnect_hp0_imp_auto_pc_1_axi_protocol_converter_v2_1_37_a_axi3_conv/design_1_axi_interconnect_hp0_imp_auto_pc_1_axi_data_fifo_v2_1_36_axic_fifo/design_1_axi_interconnect_hp0_imp_auto_pc_1_axi_data_fifo_v2_1_36_fifo_gen_1/<hidden>/<hidden>/<hidden>/<hidden>/<hidden>/<hidden>
    SLICE_X27Y74         FDPE                                         r  snn_core_group_top/design_1_wrapper/design_1/design_1_axi_interconnect_hp0_0/s01_couplers_imp_12AUBLP/design_1_axi_interconnect_hp0_imp_auto_pc_1/design_1_axi_interconnect_hp0_imp_auto_pc_1_axi_protocol_converter_v2_1_37_axi_protocol_converter/design_1_axi_interconnect_hp0_imp_auto_pc_1_axi_protocol_converter_v2_1_37_axi3_conv/design_1_axi_interconnect_hp0_imp_auto_pc_1_axi_protocol_converter_v2_1_37_a_axi3_conv/design_1_axi_interconnect_hp0_imp_auto_pc_1_axi_data_fifo_v2_1_36_axic_fifo/design_1_axi_interconnect_hp0_imp_auto_pc_1_axi_data_fifo_v2_1_36_fifo_gen_1/<hidden>/<hidden>/<hidden>/<hidden>/<hidden>/<hidden>

Slack:                    inf
  Source:                 u_block_design/design_1_i/proc_sys_reset_0/U0/ACTIVE_LOW_PR_OUT_DFF[0].FDRE_PER_N/C
                            (rising edge-triggered cell FDRE clocked by clk_fpga_0  {rise@0.000ns fall@5.000ns period=10.000ns})
  Destination:            snn_core_group_top/design_1_wrapper/design_1/design_1_axi_interconnect_hp0_0/s01_couplers_imp_12AUBLP/design_1_axi_interconnect_hp0_imp_auto_pc_1/design_1_axi_interconnect_hp0_imp_auto_pc_1_axi_protocol_converter_v2_1_37_axi_protocol_converter/design_1_axi_interconnect_hp0_imp_auto_pc_1_axi_protocol_converter_v2_1_37_axi3_conv/design_1_axi_interconnect_hp0_imp_auto_pc_1_axi_protocol_converter_v2_1_37_a_axi3_conv/design_1_axi_interconnect_hp0_imp_auto_pc_1_axi_data_fifo_v2_1_36_axic_fifo/design_1_axi_interconnect_hp0_imp_auto_pc_1_axi_data_fifo_v2_1_36_fifo_gen_1/<hidden>/<hidden>/<hidden>/<hidden>/<hidden>/<hidden>
                            (recovery check against rising-edge clock clk_fpga_0  {rise@0.000ns fall@5.000ns period=10.000ns})
  Path Group:             (none)
  Path Type:              Recovery (Max at Slow Process Corner)
  Data Path Delay:        4.012ns  (logic 0.580ns (14.456%)  route 3.432ns (85.544%))
  Logic Levels:           1  (LUT1=1)
  Clock Path Skew:        -0.322ns (DCD - SCD + CPR)
    Destination Clock Delay (DCD):    2.683ns
    Source Clock Delay      (SCD):    3.005ns
    Clock Pessimism Removal (CPR):    0.000ns
  Clock Uncertainty:      0.154ns  ((TSJ^2 + TIJ^2)^1/2 + DJ) / 2 + PE
    Total System Jitter     (TSJ):    0.071ns
    Total Input Jitter      (TIJ):    0.300ns
    Discrete Jitter          (DJ):    0.000ns
    Phase Error              (PE):    0.000ns
  Timing Exception:       False Path

    Location             Delay type                Incr(ns)  Path(ns)    Netlist Resource(s)
  -------------------------------------------------------------------    -------------------
                         (clock clk_fpga_0 rise edge)
                                                      0.000     0.000 r  
    PS7_X0Y0             PS7                          0.000     0.000 r  u_block_design/design_1_i/processing_system7_0/inst/PS7_i/FCLKCLK[0]
                         net (fo=1, routed)           1.193     1.193    u_block_design/design_1_i/processing_system7_0/inst/FCLK_CLK_unbuffered[0]
    BUFGCTRL_X0Y16       BUFG (Prop_bufg_I_O)         0.101     1.294 r  u_block_design/design_1_i/processing_system7_0/inst/buffer_fclk_clk_0.FCLK_CLK_0_BUFG/O
                         net (fo=22237, routed)       1.711     3.005    u_block_design/design_1_i/proc_sys_reset_0/U0/slowest_sync_clk
    SLICE_X63Y88         FDRE                                         r  u_block_design/design_1_i/proc_sys_reset_0/U0/ACTIVE_LOW_PR_OUT_DFF[0].FDRE_PER_N/C
  -------------------------------------------------------------------    -------------------
    SLICE_X63Y88         FDRE (Prop_fdre_C_Q)         0.456     3.461 r  u_block_design/design_1_i/proc_sys_reset_0/U0/ACTIVE_LOW_PR_OUT_DFF[0].FDRE_PER_N/Q
                         net (fo=409, routed)         2.786     6.247    u_block_design/design_1_i/axi_interconnect_hp0/s01_couplers/auto_pc/inst/gen_axi4_axi3.axi3_conv_inst/USE_WRITE.write_addr_inst/USE_BURSTS.cmd_queue/inst/aresetn
    SLICE_X27Y75         LUT1 (Prop_lut1_I0_O)        0.124     6.371 f  u_block_design/design_1_i/axi_interconnect_hp0/s01_couplers/auto_pc/inst/gen_axi4_axi3.axi3_conv_inst/USE_WRITE.write_addr_inst/USE_BURSTS.cmd_queue/inst/S_AXI_AREADY_I_i_1/O
                         net (fo=115, routed)         0.646     7.017    snn_core_group_top/design_1_wrapper/design_1/design_1_axi_interconnect_hp0_0/s01_couplers_imp_12AUBLP/design_1_axi_interconnect_hp0_imp_auto_pc_1/design_1_axi_interconnect_hp0_imp_auto_pc_1_axi_protocol_converter_v2_1_37_axi_protocol_converter/design_1_axi_interconnect_hp0_imp_auto_pc_1_axi_protocol_converter_v2_1_37_axi3_conv/design_1_axi_interconnect_hp0_imp_auto_pc_1_axi_protocol_converter_v2_1_37_a_axi3_conv/design_1_axi_interconnect_hp0_imp_auto_pc_1_axi_data_fifo_v2_1_36_axic_fifo/design_1_axi_interconnect_hp0_imp_auto_pc_1_axi_data_fifo_v2_1_36_fifo_gen_1/<hidden>/<hidden>/<hidden>/<hidden>/<hidden>/<hidden>
    SLICE_X27Y74         FDPE                                         f  snn_core_group_top/design_1_wrapper/design_1/design_1_axi_interconnect_hp0_0/s01_couplers_imp_12AUBLP/design_1_axi_interconnect_hp0_imp_auto_pc_1/design_1_axi_interconnect_hp0_imp_auto_pc_1_axi_protocol_converter_v2_1_37_axi_protocol_converter/design_1_axi_interconnect_hp0_imp_auto_pc_1_axi_protocol_converter_v2_1_37_axi3_conv/design_1_axi_interconnect_hp0_imp_auto_pc_1_axi_protocol_converter_v2_1_37_a_axi3_conv/design_1_axi_interconnect_hp0_imp_auto_pc_1_axi_data_fifo_v2_1_36_axic_fifo/design_1_axi_interconnect_hp0_imp_auto_pc_1_axi_data_fifo_v2_1_36_fifo_gen_1/<hidden>/<hidden>/<hidden>/<hidden>/<hidden>/<hidden>
  -------------------------------------------------------------------    -------------------

                         (clock clk_fpga_0 rise edge)
                                                      0.000     0.000 r  
    PS7_X0Y0             PS7                          0.000     0.000 r  u_block_design/design_1_i/processing_system7_0/inst/PS7_i/FCLKCLK[0]
                         net (fo=1, routed)           1.088     1.088    u_block_design/design_1_i/processing_system7_0/inst/FCLK_CLK_unbuffered[0]
    BUFGCTRL_X0Y16       BUFG (Prop_bufg_I_O)         0.091     1.179 r  u_block_design/design_1_i/processing_system7_0/inst/buffer_fclk_clk_0.FCLK_CLK_0_BUFG/O
                         net (fo=22237, routed)       1.504     2.683    snn_core_group_top/design_1_wrapper/design_1/design_1_axi_interconnect_hp0_0/s01_couplers_imp_12AUBLP/design_1_axi_interconnect_hp0_imp_auto_pc_1/design_1_axi_interconnect_hp0_imp_auto_pc_1_axi_protocol_converter_v2_1_37_axi_protocol_converter/design_1_axi_interconnect_hp0_imp_auto_pc_1_axi_protocol_converter_v2_1_37_axi3_conv/design_1_axi_interconnect_hp0_imp_auto_pc_1_axi_protocol_converter_v2_1_37_a_axi3_conv/design_1_axi_interconnect_hp0_imp_auto_pc_1_axi_data_fifo_v2_1_36_axic_fifo/design_1_axi_interconnect_hp0_imp_auto_pc_1_axi_data_fifo_v2_1_36_fifo_gen_1/<hidden>/<hidden>/<hidden>/<hidden>/<hidden>/<hidden>
    SLICE_X27Y74         FDPE                                         r  snn_core_group_top/design_1_wrapper/design_1/design_1_axi_interconnect_hp0_0/s01_couplers_imp_12AUBLP/design_1_axi_interconnect_hp0_imp_auto_pc_1/design_1_axi_interconnect_hp0_imp_auto_pc_1_axi_protocol_converter_v2_1_37_axi_protocol_converter/design_1_axi_interconnect_hp0_imp_auto_pc_1_axi_protocol_converter_v2_1_37_axi3_conv/design_1_axi_interconnect_hp0_imp_auto_pc_1_axi_protocol_converter_v2_1_37_a_axi3_conv/design_1_axi_interconnect_hp0_imp_auto_pc_1_axi_data_fifo_v2_1_36_axic_fifo/design_1_axi_interconnect_hp0_imp_auto_pc_1_axi_data_fifo_v2_1_36_fifo_gen_1/<hidden>/<hidden>/<hidden>/<hidden>/<hidden>/<hidden>





Min Delay Paths
--------------------------------------------------------------------------------------
Slack:                    inf
  Source:                 u_block_design/design_1_i/proc_sys_reset_0/U0/ACTIVE_LOW_PR_OUT_DFF[0].FDRE_PER_N/C
                            (rising edge-triggered cell FDRE clocked by clk_fpga_0  {rise@0.000ns fall@5.000ns period=10.000ns})
  Destination:            u_block_design/design_1_i/axi_dma_0/U0/I_RST_MODULE/REG_HRD_RST_OUT/syncstages_ff_reg[0]/D
                            (rising edge-triggered cell FDRE clocked by clk_fpga_0  {rise@0.000ns fall@5.000ns period=10.000ns})
  Path Group:             (none)
  Path Type:              Hold (Min at Fast Process Corner)
  Data Path Delay:        0.788ns  (logic 0.141ns (17.894%)  route 0.647ns (82.106%))
  Logic Levels:           0  
  Clock Path Skew:        0.273ns (DCD - SCD - CPR)
    Destination Clock Delay (DCD):    1.186ns
    Source Clock Delay      (SCD):    0.913ns
    Clock Pessimism Removal (CPR):    -0.000ns
  Clock Uncertainty:      0.154ns  ((TSJ^2 + TIJ^2)^1/2 + DJ) / 2 + PE
    Total System Jitter     (TSJ):    0.071ns
    Total Input Jitter      (TIJ):    0.300ns
    Discrete Jitter          (DJ):    0.000ns
    Phase Error              (PE):    0.000ns
  Timing Exception:       False Path

    Location             Delay type                Incr(ns)  Path(ns)    Netlist Resource(s)
  -------------------------------------------------------------------    -------------------
                         (clock clk_fpga_0 rise edge)
                                                      0.000     0.000 r  
    PS7_X0Y0             PS7                          0.000     0.000 r  u_block_design/design_1_i/processing_system7_0/inst/PS7_i/FCLKCLK[0]
                         net (fo=1, routed)           0.310     0.310    u_block_design/design_1_i/processing_system7_0/inst/FCLK_CLK_unbuffered[0]
    BUFGCTRL_X0Y16       BUFG (Prop_bufg_I_O)         0.026     0.336 r  u_block_design/design_1_i/processing_system7_0/inst/buffer_fclk_clk_0.FCLK_CLK_0_BUFG/O
                         net (fo=22237, routed)       0.577     0.913    u_block_design/design_1_i/proc_sys_reset_0/U0/slowest_sync_clk
    SLICE_X63Y88         FDRE                                         r  u_block_design/design_1_i/proc_sys_reset_0/U0/ACTIVE_LOW_PR_OUT_DFF[0].FDRE_PER_N/C
  -------------------------------------------------------------------    -------------------
    SLICE_X63Y88         FDRE (Prop_fdre_C_Q)         0.141     1.054 r  u_block_design/design_1_i/proc_sys_reset_0/U0/ACTIVE_LOW_PR_OUT_DFF[0].FDRE_PER_N/Q
                         net (fo=409, routed)         0.647     1.701    u_block_design/design_1_i/axi_dma_0/U0/I_RST_MODULE/REG_HRD_RST_OUT/src_rst
    SLICE_X43Y87         FDRE                                         r  u_block_design/design_1_i/axi_dma_0/U0/I_RST_MODULE/REG_HRD_RST_OUT/syncstages_ff_reg[0]/D
  -------------------------------------------------------------------    -------------------

                         (clock clk_fpga_0 rise edge)
                                                      0.000     0.000 r  
    PS7_X0Y0             PS7                          0.000     0.000 r  u_block_design/design_1_i/processing_system7_0/inst/PS7_i/FCLKCLK[0]
                         net (fo=1, routed)           0.337     0.337    u_block_design/design_1_i/processing_system7_0/inst/FCLK_CLK_unbuffered[0]
    BUFGCTRL_X0Y16       BUFG (Prop_bufg_I_O)         0.029     0.366 r  u_block_design/design_1_i/processing_system7_0/inst/buffer_fclk_clk_0.FCLK_CLK_0_BUFG/O
                         net (fo=22237, routed)       0.820     1.186    u_block_design/design_1_i/axi_dma_0/U0/I_RST_MODULE/REG_HRD_RST_OUT/dest_clk
    SLICE_X43Y87         FDRE                                         r  u_block_design/design_1_i/axi_dma_0/U0/I_RST_MODULE/REG_HRD_RST_OUT/syncstages_ff_reg[0]/C

Slack:                    inf
  Source:                 u_block_design/design_1_i/proc_sys_reset_0/U0/ACTIVE_LOW_PR_OUT_DFF[0].FDRE_PER_N/C
                            (rising edge-triggered cell FDRE clocked by clk_fpga_0  {rise@0.000ns fall@5.000ns period=10.000ns})
  Destination:            u_block_design/design_1_i/axi_dma_1/U0/I_RST_MODULE/REG_HRD_RST/syncstages_ff_reg[0]/D
                            (rising edge-triggered cell FDRE clocked by clk_fpga_0  {rise@0.000ns fall@5.000ns period=10.000ns})
  Path Group:             (none)
  Path Type:              Hold (Min at Fast Process Corner)
  Data Path Delay:        0.891ns  (logic 0.141ns (15.821%)  route 0.750ns (84.179%))
  Logic Levels:           0  
  Clock Path Skew:        0.273ns (DCD - SCD - CPR)
    Destination Clock Delay (DCD):    1.186ns
    Source Clock Delay      (SCD):    0.913ns
    Clock Pessimism Removal (CPR):    -0.000ns
  Clock Uncertainty:      0.154ns  ((TSJ^2 + TIJ^2)^1/2 + DJ) / 2 + PE
    Total System Jitter     (TSJ):    0.071ns
    Total Input Jitter      (TIJ):    0.300ns
    Discrete Jitter          (DJ):    0.000ns
    Phase Error              (PE):    0.000ns
  Timing Exception:       False Path

    Location             Delay type                Incr(ns)  Path(ns)    Netlist Resource(s)
  -------------------------------------------------------------------    -------------------
                         (clock clk_fpga_0 rise edge)
                                                      0.000     0.000 r  
    PS7_X0Y0             PS7                          0.000     0.000 r  u_block_design/design_1_i/processing_system7_0/inst/PS7_i/FCLKCLK[0]
                         net (fo=1, routed)           0.310     0.310    u_block_design/design_1_i/processing_system7_0/inst/FCLK_CLK_unbuffered[0]
    BUFGCTRL_X0Y16       BUFG (Prop_bufg_I_O)         0.026     0.336 r  u_block_design/design_1_i/processing_system7_0/inst/buffer_fclk_clk_0.FCLK_CLK_0_BUFG/O
                         net (fo=22237, routed)       0.577     0.913    u_block_design/design_1_i/proc_sys_reset_0/U0/slowest_sync_clk
    SLICE_X63Y88         FDRE                                         r  u_block_design/design_1_i/proc_sys_reset_0/U0/ACTIVE_LOW_PR_OUT_DFF[0].FDRE_PER_N/C
  -------------------------------------------------------------------    -------------------
    SLICE_X63Y88         FDRE (Prop_fdre_C_Q)         0.141     1.054 r  u_block_design/design_1_i/proc_sys_reset_0/U0/ACTIVE_LOW_PR_OUT_DFF[0].FDRE_PER_N/Q
                         net (fo=409, routed)         0.750     1.804    u_block_design/design_1_i/axi_dma_1/U0/I_RST_MODULE/REG_HRD_RST/src_rst
    SLICE_X32Y85         FDRE                                         r  u_block_design/design_1_i/axi_dma_1/U0/I_RST_MODULE/REG_HRD_RST/syncstages_ff_reg[0]/D
  -------------------------------------------------------------------    -------------------

                         (clock clk_fpga_0 rise edge)
                                                      0.000     0.000 r  
    PS7_X0Y0             PS7                          0.000     0.000 r  u_block_design/design_1_i/processing_system7_0/inst/PS7_i/FCLKCLK[0]
                         net (fo=1, routed)           0.337     0.337    u_block_design/design_1_i/processing_system7_0/inst/FCLK_CLK_unbuffered[0]
    BUFGCTRL_X0Y16       BUFG (Prop_bufg_I_O)         0.029     0.366 r  u_block_design/design_1_i/processing_system7_0/inst/buffer_fclk_clk_0.FCLK_CLK_0_BUFG/O
                         net (fo=22237, routed)       0.820     1.186    u_block_design/design_1_i/axi_dma_1/U0/I_RST_MODULE/REG_HRD_RST/dest_clk
    SLICE_X32Y85         FDRE                                         r  u_block_design/design_1_i/axi_dma_1/U0/I_RST_MODULE/REG_HRD_RST/syncstages_ff_reg[0]/C

Slack:                    inf
  Source:                 u_block_design/design_1_i/proc_sys_reset_0/U0/ACTIVE_LOW_PR_OUT_DFF[0].FDRE_PER_N/C
                            (rising edge-triggered cell FDRE clocked by clk_fpga_0  {rise@0.000ns fall@5.000ns period=10.000ns})
  Destination:            u_block_design/design_1_i/axi_dma_1/U0/I_RST_MODULE/REG_HRD_RST_OUT/syncstages_ff_reg[0]/D
                            (rising edge-triggered cell FDRE clocked by clk_fpga_0  {rise@0.000ns fall@5.000ns period=10.000ns})
  Path Group:             (none)
  Path Type:              Hold (Min at Fast Process Corner)
  Data Path Delay:        1.003ns  (logic 0.141ns (14.055%)  route 0.862ns (85.945%))
  Logic Levels:           0  
  Clock Path Skew:        0.275ns (DCD - SCD - CPR)
    Destination Clock Delay (DCD):    1.188ns
    Source Clock Delay      (SCD):    0.913ns
    Clock Pessimism Removal (CPR):    -0.000ns
  Clock Uncertainty:      0.154ns  ((TSJ^2 + TIJ^2)^1/2 + DJ) / 2 + PE
    Total System Jitter     (TSJ):    0.071ns
    Total Input Jitter      (TIJ):    0.300ns
    Discrete Jitter          (DJ):    0.000ns
    Phase Error              (PE):    0.000ns
  Timing Exception:       False Path

    Location             Delay type                Incr(ns)  Path(ns)    Netlist Resource(s)
  -------------------------------------------------------------------    -------------------
                         (clock clk_fpga_0 rise edge)
                                                      0.000     0.000 r  
    PS7_X0Y0             PS7                          0.000     0.000 r  u_block_design/design_1_i/processing_system7_0/inst/PS7_i/FCLKCLK[0]
                         net (fo=1, routed)           0.310     0.310    u_block_design/design_1_i/processing_system7_0/inst/FCLK_CLK_unbuffered[0]
    BUFGCTRL_X0Y16       BUFG (Prop_bufg_I_O)         0.026     0.336 r  u_block_design/design_1_i/processing_system7_0/inst/buffer_fclk_clk_0.FCLK_CLK_0_BUFG/O
                         net (fo=22237, routed)       0.577     0.913    u_block_design/design_1_i/proc_sys_reset_0/U0/slowest_sync_clk
    SLICE_X63Y88         FDRE                                         r  u_block_design/design_1_i/proc_sys_reset_0/U0/ACTIVE_LOW_PR_OUT_DFF[0].FDRE_PER_N/C
  -------------------------------------------------------------------    -------------------
    SLICE_X63Y88         FDRE (Prop_fdre_C_Q)         0.141     1.054 r  u_block_design/design_1_i/proc_sys_reset_0/U0/ACTIVE_LOW_PR_OUT_DFF[0].FDRE_PER_N/Q
                         net (fo=409, routed)         0.862     1.916    u_block_design/design_1_i/axi_dma_1/U0/I_RST_MODULE/REG_HRD_RST_OUT/src_rst
    SLICE_X40Y89         FDRE                                         r  u_block_design/design_1_i/axi_dma_1/U0/I_RST_MODULE/REG_HRD_RST_OUT/syncstages_ff_reg[0]/D
  -------------------------------------------------------------------    -------------------

                         (clock clk_fpga_0 rise edge)
                                                      0.000     0.000 r  
    PS7_X0Y0             PS7                          0.000     0.000 r  u_block_design/design_1_i/processing_system7_0/inst/PS7_i/FCLKCLK[0]
                         net (fo=1, routed)           0.337     0.337    u_block_design/design_1_i/processing_system7_0/inst/FCLK_CLK_unbuffered[0]
    BUFGCTRL_X0Y16       BUFG (Prop_bufg_I_O)         0.029     0.366 r  u_block_design/design_1_i/processing_system7_0/inst/buffer_fclk_clk_0.FCLK_CLK_0_BUFG/O
                         net (fo=22237, routed)       0.822     1.188    u_block_design/design_1_i/axi_dma_1/U0/I_RST_MODULE/REG_HRD_RST_OUT/dest_clk
    SLICE_X40Y89         FDRE                                         r  u_block_design/design_1_i/axi_dma_1/U0/I_RST_MODULE/REG_HRD_RST_OUT/syncstages_ff_reg[0]/C

Slack:                    inf
  Source:                 u_block_design/design_1_i/proc_sys_reset_0/U0/ACTIVE_LOW_PR_OUT_DFF[0].FDRE_PER_N/C
                            (rising edge-triggered cell FDRE clocked by clk_fpga_0  {rise@0.000ns fall@5.000ns period=10.000ns})
  Destination:            u_block_design/design_1_i/axi_dma_0/U0/I_RST_MODULE/REG_HRD_RST/syncstages_ff_reg[0]/D
                            (rising edge-triggered cell FDRE clocked by clk_fpga_0  {rise@0.000ns fall@5.000ns period=10.000ns})
  Path Group:             (none)
  Path Type:              Hold (Min at Fast Process Corner)
  Data Path Delay:        1.021ns  (logic 0.141ns (13.812%)  route 0.880ns (86.188%))
  Logic Levels:           0  
  Clock Path Skew:        0.261ns (DCD - SCD - CPR)
    Destination Clock Delay (DCD):    1.174ns
    Source Clock Delay      (SCD):    0.913ns
    Clock Pessimism Removal (CPR):    -0.000ns
  Clock Uncertainty:      0.154ns  ((TSJ^2 + TIJ^2)^1/2 + DJ) / 2 + PE
    Total System Jitter     (TSJ):    0.071ns
    Total Input Jitter      (TIJ):    0.300ns
    Discrete Jitter          (DJ):    0.000ns
    Phase Error              (PE):    0.000ns
  Timing Exception:       False Path

    Location             Delay type                Incr(ns)  Path(ns)    Netlist Resource(s)
  -------------------------------------------------------------------    -------------------
                         (clock clk_fpga_0 rise edge)
                                                      0.000     0.000 r  
    PS7_X0Y0             PS7                          0.000     0.000 r  u_block_design/design_1_i/processing_system7_0/inst/PS7_i/FCLKCLK[0]
                         net (fo=1, routed)           0.310     0.310    u_block_design/design_1_i/processing_system7_0/inst/FCLK_CLK_unbuffered[0]
    BUFGCTRL_X0Y16       BUFG (Prop_bufg_I_O)         0.026     0.336 r  u_block_design/design_1_i/processing_system7_0/inst/buffer_fclk_clk_0.FCLK_CLK_0_BUFG/O
                         net (fo=22237, routed)       0.577     0.913    u_block_design/design_1_i/proc_sys_reset_0/U0/slowest_sync_clk
    SLICE_X63Y88         FDRE                                         r  u_block_design/design_1_i/proc_sys_reset_0/U0/ACTIVE_LOW_PR_OUT_DFF[0].FDRE_PER_N/C
  -------------------------------------------------------------------    -------------------
    SLICE_X63Y88         FDRE (Prop_fdre_C_Q)         0.141     1.054 r  u_block_design/design_1_i/proc_sys_reset_0/U0/ACTIVE_LOW_PR_OUT_DFF[0].FDRE_PER_N/Q
                         net (fo=409, routed)         0.880     1.933    u_block_design/design_1_i/axi_dma_0/U0/I_RST_MODULE/REG_HRD_RST/src_rst
    SLICE_X48Y74         FDRE                                         r  u_block_design/design_1_i/axi_dma_0/U0/I_RST_MODULE/REG_HRD_RST/syncstages_ff_reg[0]/D
  -------------------------------------------------------------------    -------------------

                         (clock clk_fpga_0 rise edge)
                                                      0.000     0.000 r  
    PS7_X0Y0             PS7                          0.000     0.000 r  u_block_design/design_1_i/processing_system7_0/inst/PS7_i/FCLKCLK[0]
                         net (fo=1, routed)           0.337     0.337    u_block_design/design_1_i/processing_system7_0/inst/FCLK_CLK_unbuffered[0]
    BUFGCTRL_X0Y16       BUFG (Prop_bufg_I_O)         0.029     0.366 r  u_block_design/design_1_i/processing_system7_0/inst/buffer_fclk_clk_0.FCLK_CLK_0_BUFG/O
                         net (fo=22237, routed)       0.808     1.174    u_block_design/design_1_i/axi_dma_0/U0/I_RST_MODULE/REG_HRD_RST/dest_clk
    SLICE_X48Y74         FDRE                                         r  u_block_design/design_1_i/axi_dma_0/U0/I_RST_MODULE/REG_HRD_RST/syncstages_ff_reg[0]/C

Slack:                    inf
  Source:                 u_block_design/design_1_i/proc_sys_reset_0/U0/ACTIVE_LOW_PR_OUT_DFF[0].FDRE_PER_N/C
                            (rising edge-triggered cell FDRE clocked by clk_fpga_0  {rise@0.000ns fall@5.000ns period=10.000ns})
  Destination:            snn_core_group_top/design_1_wrapper/design_1/design_1_axi_interconnect_hp0_0/s03_couplers_imp_13X28CE/design_1_axi_interconnect_hp0_imp_auto_pc_3/design_1_axi_interconnect_hp0_imp_auto_pc_3_axi_protocol_converter_v2_1_37_axi_protocol_converter/design_1_axi_interconnect_hp0_imp_auto_pc_3_axi_protocol_converter_v2_1_37_axi3_conv/design_1_axi_interconnect_hp0_imp_auto_pc_3_axi_protocol_converter_v2_1_37_a_axi3_conv/design_1_axi_interconnect_hp0_imp_auto_pc_3_axi_data_fifo_v2_1_36_axic_fifo_0/design_1_axi_interconnect_hp0_imp_auto_pc_3_axi_data_fifo_v2_1_36_fifo_gen/<hidden>/<hidden>/<hidden>/<hidden>/<hidden>/<hidden>
                            (removal check against rising-edge clock clk_fpga_0  {rise@0.000ns fall@5.000ns period=10.000ns})
  Path Group:             (none)
  Path Type:              Removal (Min at Fast Process Corner)
  Data Path Delay:        1.583ns  (logic 0.185ns (11.687%)  route 1.398ns (88.313%))
  Logic Levels:           1  (LUT1=1)
  Clock Path Skew:        0.281ns (DCD - SCD - CPR)
    Destination Clock Delay (DCD):    1.194ns
    Source Clock Delay      (SCD):    0.913ns
    Clock Pessimism Removal (CPR):    -0.000ns
  Clock Uncertainty:      0.154ns  ((TSJ^2 + TIJ^2)^1/2 + DJ) / 2 + PE
    Total System Jitter     (TSJ):    0.071ns
    Total Input Jitter      (TIJ):    0.300ns
    Discrete Jitter          (DJ):    0.000ns
    Phase Error              (PE):    0.000ns
  Timing Exception:       False Path

    Location             Delay type                Incr(ns)  Path(ns)    Netlist Resource(s)
  -------------------------------------------------------------------    -------------------
                         (clock clk_fpga_0 rise edge)
                                                      0.000     0.000 r  
    PS7_X0Y0             PS7                          0.000     0.000 r  u_block_design/design_1_i/processing_system7_0/inst/PS7_i/FCLKCLK[0]
                         net (fo=1, routed)           0.310     0.310    u_block_design/design_1_i/processing_system7_0/inst/FCLK_CLK_unbuffered[0]
    BUFGCTRL_X0Y16       BUFG (Prop_bufg_I_O)         0.026     0.336 r  u_block_design/design_1_i/processing_system7_0/inst/buffer_fclk_clk_0.FCLK_CLK_0_BUFG/O
                         net (fo=22237, routed)       0.577     0.913    u_block_design/design_1_i/proc_sys_reset_0/U0/slowest_sync_clk
    SLICE_X63Y88         FDRE                                         r  u_block_design/design_1_i/proc_sys_reset_0/U0/ACTIVE_LOW_PR_OUT_DFF[0].FDRE_PER_N/C
  -------------------------------------------------------------------    -------------------
    SLICE_X63Y88         FDRE (Prop_fdre_C_Q)         0.141     1.054 r  u_block_design/design_1_i/proc_sys_reset_0/U0/ACTIVE_LOW_PR_OUT_DFF[0].FDRE_PER_N/Q
                         net (fo=409, routed)         1.256     2.309    u_block_design/design_1_i/axi_interconnect_hp0/s03_couplers/auto_pc/inst/gen_axi4_axi3.axi3_conv_inst/USE_WRITE.write_addr_inst/USE_BURSTS.cmd_queue/inst/aresetn
    SLICE_X27Y75         LUT1 (Prop_lut1_I0_O)        0.044     2.353 f  u_block_design/design_1_i/axi_interconnect_hp0/s03_couplers/auto_pc/inst/gen_axi4_axi3.axi3_conv_inst/USE_WRITE.write_addr_inst/USE_BURSTS.cmd_queue/inst/S_AXI_AREADY_I_i_1/O
                         net (fo=115, routed)         0.142     2.496    snn_core_group_top/design_1_wrapper/design_1/design_1_axi_interconnect_hp0_0/s03_couplers_imp_13X28CE/design_1_axi_interconnect_hp0_imp_auto_pc_3/design_1_axi_interconnect_hp0_imp_auto_pc_3_axi_protocol_converter_v2_1_37_axi_protocol_converter/design_1_axi_interconnect_hp0_imp_auto_pc_3_axi_protocol_converter_v2_1_37_axi3_conv/design_1_axi_interconnect_hp0_imp_auto_pc_3_axi_protocol_converter_v2_1_37_a_axi3_conv/design_1_axi_interconnect_hp0_imp_auto_pc_3_axi_data_fifo_v2_1_36_axic_fifo_0/design_1_axi_interconnect_hp0_imp_auto_pc_3_axi_data_fifo_v2_1_36_fifo_gen/<hidden>/<hidden>/<hidden>/<hidden>/<hidden>/<hidden>
    SLICE_X27Y76         FDPE                                         f  snn_core_group_top/design_1_wrapper/design_1/design_1_axi_interconnect_hp0_0/s03_couplers_imp_13X28CE/design_1_axi_interconnect_hp0_imp_auto_pc_3/design_1_axi_interconnect_hp0_imp_auto_pc_3_axi_protocol_converter_v2_1_37_axi_protocol_converter/design_1_axi_interconnect_hp0_imp_auto_pc_3_axi_protocol_converter_v2_1_37_axi3_conv/design_1_axi_interconnect_hp0_imp_auto_pc_3_axi_protocol_converter_v2_1_37_a_axi3_conv/design_1_axi_interconnect_hp0_imp_auto_pc_3_axi_data_fifo_v2_1_36_axic_fifo_0/design_1_axi_interconnect_hp0_imp_auto_pc_3_axi_data_fifo_v2_1_36_fifo_gen/<hidden>/<hidden>/<hidden>/<hidden>/<hidden>/<hidden>
  -------------------------------------------------------------------    -------------------

                         (clock clk_fpga_0 rise edge)
                                                      0.000     0.000 r  
    PS7_X0Y0             PS7                          0.000     0.000 r  u_block_design/design_1_i/processing_system7_0/inst/PS7_i/FCLKCLK[0]
                         net (fo=1, routed)           0.337     0.337    u_block_design/design_1_i/processing_system7_0/inst/FCLK_CLK_unbuffered[0]
    BUFGCTRL_X0Y16       BUFG (Prop_bufg_I_O)         0.029     0.366 r  u_block_design/design_1_i/processing_system7_0/inst/buffer_fclk_clk_0.FCLK_CLK_0_BUFG/O
                         net (fo=22237, routed)       0.828     1.194    snn_core_group_top/design_1_wrapper/design_1/design_1_axi_interconnect_hp0_0/s03_couplers_imp_13X28CE/design_1_axi_interconnect_hp0_imp_auto_pc_3/design_1_axi_interconnect_hp0_imp_auto_pc_3_axi_protocol_converter_v2_1_37_axi_protocol_converter/design_1_axi_interconnect_hp0_imp_auto_pc_3_axi_protocol_converter_v2_1_37_axi3_conv/design_1_axi_interconnect_hp0_imp_auto_pc_3_axi_protocol_converter_v2_1_37_a_axi3_conv/design_1_axi_interconnect_hp0_imp_auto_pc_3_axi_data_fifo_v2_1_36_axic_fifo_0/design_1_axi_interconnect_hp0_imp_auto_pc_3_axi_data_fifo_v2_1_36_fifo_gen/<hidden>/<hidden>/<hidden>/<hidden>/<hidden>/<hidden>
    SLICE_X27Y76         FDPE                                         r  snn_core_group_top/design_1_wrapper/design_1/design_1_axi_interconnect_hp0_0/s03_couplers_imp_13X28CE/design_1_axi_interconnect_hp0_imp_auto_pc_3/design_1_axi_interconnect_hp0_imp_auto_pc_3_axi_protocol_converter_v2_1_37_axi_protocol_converter/design_1_axi_interconnect_hp0_imp_auto_pc_3_axi_protocol_converter_v2_1_37_axi3_conv/design_1_axi_interconnect_hp0_imp_auto_pc_3_axi_protocol_converter_v2_1_37_a_axi3_conv/design_1_axi_interconnect_hp0_imp_auto_pc_3_axi_data_fifo_v2_1_36_axic_fifo_0/design_1_axi_interconnect_hp0_imp_auto_pc_3_axi_data_fifo_v2_1_36_fifo_gen/<hidden>/<hidden>/<hidden>/<hidden>/<hidden>/<hidden>

Slack:                    inf
  Source:                 u_block_design/design_1_i/proc_sys_reset_0/U0/ACTIVE_LOW_PR_OUT_DFF[0].FDRE_PER_N/C
                            (rising edge-triggered cell FDRE clocked by clk_fpga_0  {rise@0.000ns fall@5.000ns period=10.000ns})
  Destination:            snn_core_group_top/design_1_wrapper/design_1/design_1_axi_interconnect_hp0_0/s03_couplers_imp_13X28CE/design_1_axi_interconnect_hp0_imp_auto_pc_3/design_1_axi_interconnect_hp0_imp_auto_pc_3_axi_protocol_converter_v2_1_37_axi_protocol_converter/design_1_axi_interconnect_hp0_imp_auto_pc_3_axi_protocol_converter_v2_1_37_axi3_conv/design_1_axi_interconnect_hp0_imp_auto_pc_3_axi_protocol_converter_v2_1_37_a_axi3_conv/design_1_axi_interconnect_hp0_imp_auto_pc_3_axi_data_fifo_v2_1_36_axic_fifo_0/design_1_axi_interconnect_hp0_imp_auto_pc_3_axi_data_fifo_v2_1_36_fifo_gen/<hidden>/<hidden>/<hidden>/<hidden>/<hidden>/<hidden>
                            (removal check against rising-edge clock clk_fpga_0  {rise@0.000ns fall@5.000ns period=10.000ns})
  Path Group:             (none)
  Path Type:              Removal (Min at Fast Process Corner)
  Data Path Delay:        1.583ns  (logic 0.185ns (11.687%)  route 1.398ns (88.313%))
  Logic Levels:           1  (LUT1=1)
  Clock Path Skew:        0.281ns (DCD - SCD - CPR)
    Destination Clock Delay (DCD):    1.194ns
    Source Clock Delay      (SCD):    0.913ns
    Clock Pessimism Removal (CPR):    -0.000ns
  Clock Uncertainty:      0.154ns  ((TSJ^2 + TIJ^2)^1/2 + DJ) / 2 + PE
    Total System Jitter     (TSJ):    0.071ns
    Total Input Jitter      (TIJ):    0.300ns
    Discrete Jitter          (DJ):    0.000ns
    Phase Error              (PE):    0.000ns
  Timing Exception:       False Path

    Location             Delay type                Incr(ns)  Path(ns)    Netlist Resource(s)
  -------------------------------------------------------------------    -------------------
                         (clock clk_fpga_0 rise edge)
                                                      0.000     0.000 r  
    PS7_X0Y0             PS7                          0.000     0.000 r  u_block_design/design_1_i/processing_system7_0/inst/PS7_i/FCLKCLK[0]
                         net (fo=1, routed)           0.310     0.310    u_block_design/design_1_i/processing_system7_0/inst/FCLK_CLK_unbuffered[0]
    BUFGCTRL_X0Y16       BUFG (Prop_bufg_I_O)         0.026     0.336 r  u_block_design/design_1_i/processing_system7_0/inst/buffer_fclk_clk_0.FCLK_CLK_0_BUFG/O
                         net (fo=22237, routed)       0.577     0.913    u_block_design/design_1_i/proc_sys_reset_0/U0/slowest_sync_clk
    SLICE_X63Y88         FDRE                                         r  u_block_design/design_1_i/proc_sys_reset_0/U0/ACTIVE_LOW_PR_OUT_DFF[0].FDRE_PER_N/C
  -------------------------------------------------------------------    -------------------
    SLICE_X63Y88         FDRE (Prop_fdre_C_Q)         0.141     1.054 r  u_block_design/design_1_i/proc_sys_reset_0/U0/ACTIVE_LOW_PR_OUT_DFF[0].FDRE_PER_N/Q
                         net (fo=409, routed)         1.256     2.309    u_block_design/design_1_i/axi_interconnect_hp0/s03_couplers/auto_pc/inst/gen_axi4_axi3.axi3_conv_inst/USE_WRITE.write_addr_inst/USE_BURSTS.cmd_queue/inst/aresetn
    SLICE_X27Y75         LUT1 (Prop_lut1_I0_O)        0.044     2.353 f  u_block_design/design_1_i/axi_interconnect_hp0/s03_couplers/auto_pc/inst/gen_axi4_axi3.axi3_conv_inst/USE_WRITE.write_addr_inst/USE_BURSTS.cmd_queue/inst/S_AXI_AREADY_I_i_1/O
                         net (fo=115, routed)         0.142     2.496    snn_core_group_top/design_1_wrapper/design_1/design_1_axi_interconnect_hp0_0/s03_couplers_imp_13X28CE/design_1_axi_interconnect_hp0_imp_auto_pc_3/design_1_axi_interconnect_hp0_imp_auto_pc_3_axi_protocol_converter_v2_1_37_axi_protocol_converter/design_1_axi_interconnect_hp0_imp_auto_pc_3_axi_protocol_converter_v2_1_37_axi3_conv/design_1_axi_interconnect_hp0_imp_auto_pc_3_axi_protocol_converter_v2_1_37_a_axi3_conv/design_1_axi_interconnect_hp0_imp_auto_pc_3_axi_data_fifo_v2_1_36_axic_fifo_0/design_1_axi_interconnect_hp0_imp_auto_pc_3_axi_data_fifo_v2_1_36_fifo_gen/<hidden>/<hidden>/<hidden>/<hidden>/<hidden>/<hidden>
    SLICE_X27Y76         FDPE                                         f  snn_core_group_top/design_1_wrapper/design_1/design_1_axi_interconnect_hp0_0/s03_couplers_imp_13X28CE/design_1_axi_interconnect_hp0_imp_auto_pc_3/design_1_axi_interconnect_hp0_imp_auto_pc_3_axi_protocol_converter_v2_1_37_axi_protocol_converter/design_1_axi_interconnect_hp0_imp_auto_pc_3_axi_protocol_converter_v2_1_37_axi3_conv/design_1_axi_interconnect_hp0_imp_auto_pc_3_axi_protocol_converter_v2_1_37_a_axi3_conv/design_1_axi_interconnect_hp0_imp_auto_pc_3_axi_data_fifo_v2_1_36_axic_fifo_0/design_1_axi_interconnect_hp0_imp_auto_pc_3_axi_data_fifo_v2_1_36_fifo_gen/<hidden>/<hidden>/<hidden>/<hidden>/<hidden>/<hidden>
  -------------------------------------------------------------------    -------------------

                         (clock clk_fpga_0 rise edge)
                                                      0.000     0.000 r  
    PS7_X0Y0             PS7                          0.000     0.000 r  u_block_design/design_1_i/processing_system7_0/inst/PS7_i/FCLKCLK[0]
                         net (fo=1, routed)           0.337     0.337    u_block_design/design_1_i/processing_system7_0/inst/FCLK_CLK_unbuffered[0]
    BUFGCTRL_X0Y16       BUFG (Prop_bufg_I_O)         0.029     0.366 r  u_block_design/design_1_i/processing_system7_0/inst/buffer_fclk_clk_0.FCLK_CLK_0_BUFG/O
                         net (fo=22237, routed)       0.828     1.194    snn_core_group_top/design_1_wrapper/design_1/design_1_axi_interconnect_hp0_0/s03_couplers_imp_13X28CE/design_1_axi_interconnect_hp0_imp_auto_pc_3/design_1_axi_interconnect_hp0_imp_auto_pc_3_axi_protocol_converter_v2_1_37_axi_protocol_converter/design_1_axi_interconnect_hp0_imp_auto_pc_3_axi_protocol_converter_v2_1_37_axi3_conv/design_1_axi_interconnect_hp0_imp_auto_pc_3_axi_protocol_converter_v2_1_37_a_axi3_conv/design_1_axi_interconnect_hp0_imp_auto_pc_3_axi_data_fifo_v2_1_36_axic_fifo_0/design_1_axi_interconnect_hp0_imp_auto_pc_3_axi_data_fifo_v2_1_36_fifo_gen/<hidden>/<hidden>/<hidden>/<hidden>/<hidden>/<hidden>
    SLICE_X27Y76         FDPE                                         r  snn_core_group_top/design_1_wrapper/design_1/design_1_axi_interconnect_hp0_0/s03_couplers_imp_13X28CE/design_1_axi_interconnect_hp0_imp_auto_pc_3/design_1_axi_interconnect_hp0_imp_auto_pc_3_axi_protocol_converter_v2_1_37_axi_protocol_converter/design_1_axi_interconnect_hp0_imp_auto_pc_3_axi_protocol_converter_v2_1_37_axi3_conv/design_1_axi_interconnect_hp0_imp_auto_pc_3_axi_protocol_converter_v2_1_37_a_axi3_conv/design_1_axi_interconnect_hp0_imp_auto_pc_3_axi_data_fifo_v2_1_36_axic_fifo_0/design_1_axi_interconnect_hp0_imp_auto_pc_3_axi_data_fifo_v2_1_36_fifo_gen/<hidden>/<hidden>/<hidden>/<hidden>/<hidden>/<hidden>

Slack:                    inf
  Source:                 u_block_design/design_1_i/proc_sys_reset_0/U0/ACTIVE_LOW_PR_OUT_DFF[0].FDRE_PER_N/C
                            (rising edge-triggered cell FDRE clocked by clk_fpga_0  {rise@0.000ns fall@5.000ns period=10.000ns})
  Destination:            snn_core_group_top/design_1_wrapper/design_1/design_1_axi_interconnect_hp0_0/s01_couplers_imp_12AUBLP/design_1_axi_interconnect_hp0_imp_auto_pc_1/design_1_axi_interconnect_hp0_imp_auto_pc_1_axi_protocol_converter_v2_1_37_axi_protocol_converter/design_1_axi_interconnect_hp0_imp_auto_pc_1_axi_protocol_converter_v2_1_37_axi3_conv/design_1_axi_interconnect_hp0_imp_auto_pc_1_axi_protocol_converter_v2_1_37_a_axi3_conv/design_1_axi_interconnect_hp0_imp_auto_pc_1_axi_data_fifo_v2_1_36_axic_fifo/design_1_axi_interconnect_hp0_imp_auto_pc_1_axi_data_fifo_v2_1_36_fifo_gen_1/<hidden>/<hidden>/<hidden>/<hidden>/<hidden>/<hidden>
                            (removal check against rising-edge clock clk_fpga_0  {rise@0.000ns fall@5.000ns period=10.000ns})
  Path Group:             (none)
  Path Type:              Removal (Min at Fast Process Corner)
  Data Path Delay:        1.691ns  (logic 0.186ns (10.999%)  route 1.505ns (89.001%))
  Logic Levels:           1  (LUT1=1)
  Clock Path Skew:        0.280ns (DCD - SCD - CPR)
    Destination Clock Delay (DCD):    1.193ns
    Source Clock Delay      (SCD):    0.913ns
    Clock Pessimism Removal (CPR):    -0.000ns
  Clock Uncertainty:      0.154ns  ((TSJ^2 + TIJ^2)^1/2 + DJ) / 2 + PE
    Total System Jitter     (TSJ):    0.071ns
    Total Input Jitter      (TIJ):    0.300ns
    Discrete Jitter          (DJ):    0.000ns
    Phase Error              (PE):    0.000ns
  Timing Exception:       False Path

    Location             Delay type                Incr(ns)  Path(ns)    Netlist Resource(s)
  -------------------------------------------------------------------    -------------------
                         (clock clk_fpga_0 rise edge)
                                                      0.000     0.000 r  
    PS7_X0Y0             PS7                          0.000     0.000 r  u_block_design/design_1_i/processing_system7_0/inst/PS7_i/FCLKCLK[0]
                         net (fo=1, routed)           0.310     0.310    u_block_design/design_1_i/processing_system7_0/inst/FCLK_CLK_unbuffered[0]
    BUFGCTRL_X0Y16       BUFG (Prop_bufg_I_O)         0.026     0.336 r  u_block_design/design_1_i/processing_system7_0/inst/buffer_fclk_clk_0.FCLK_CLK_0_BUFG/O
                         net (fo=22237, routed)       0.577     0.913    u_block_design/design_1_i/proc_sys_reset_0/U0/slowest_sync_clk
    SLICE_X63Y88         FDRE                                         r  u_block_design/design_1_i/proc_sys_reset_0/U0/ACTIVE_LOW_PR_OUT_DFF[0].FDRE_PER_N/C
  -------------------------------------------------------------------    -------------------
    SLICE_X63Y88         FDRE (Prop_fdre_C_Q)         0.141     1.054 r  u_block_design/design_1_i/proc_sys_reset_0/U0/ACTIVE_LOW_PR_OUT_DFF[0].FDRE_PER_N/Q
                         net (fo=409, routed)         1.256     2.309    u_block_design/design_1_i/axi_interconnect_hp0/s01_couplers/auto_pc/inst/gen_axi4_axi3.axi3_conv_inst/USE_WRITE.write_addr_inst/USE_BURSTS.cmd_queue/inst/aresetn
    SLICE_X27Y75         LUT1 (Prop_lut1_I0_O)        0.045     2.354 f  u_block_design/design_1_i/axi_interconnect_hp0/s01_couplers/auto_pc/inst/gen_axi4_axi3.axi3_conv_inst/USE_WRITE.write_addr_inst/USE_BURSTS.cmd_queue/inst/S_AXI_AREADY_I_i_1/O
                         net (fo=115, routed)         0.249     2.604    snn_core_group_top/design_1_wrapper/design_1/design_1_axi_interconnect_hp0_0/s01_couplers_imp_12AUBLP/design_1_axi_interconnect_hp0_imp_auto_pc_1/design_1_axi_interconnect_hp0_imp_auto_pc_1_axi_protocol_converter_v2_1_37_axi_protocol_converter/design_1_axi_interconnect_hp0_imp_auto_pc_1_axi_protocol_converter_v2_1_37_axi3_conv/design_1_axi_interconnect_hp0_imp_auto_pc_1_axi_protocol_converter_v2_1_37_a_axi3_conv/design_1_axi_interconnect_hp0_imp_auto_pc_1_axi_data_fifo_v2_1_36_axic_fifo/design_1_axi_interconnect_hp0_imp_auto_pc_1_axi_data_fifo_v2_1_36_fifo_gen_1/<hidden>/<hidden>/<hidden>/<hidden>/<hidden>/<hidden>
    SLICE_X27Y74         FDPE                                         f  snn_core_group_top/design_1_wrapper/design_1/design_1_axi_interconnect_hp0_0/s01_couplers_imp_12AUBLP/design_1_axi_interconnect_hp0_imp_auto_pc_1/design_1_axi_interconnect_hp0_imp_auto_pc_1_axi_protocol_converter_v2_1_37_axi_protocol_converter/design_1_axi_interconnect_hp0_imp_auto_pc_1_axi_protocol_converter_v2_1_37_axi3_conv/design_1_axi_interconnect_hp0_imp_auto_pc_1_axi_protocol_converter_v2_1_37_a_axi3_conv/design_1_axi_interconnect_hp0_imp_auto_pc_1_axi_data_fifo_v2_1_36_axic_fifo/design_1_axi_interconnect_hp0_imp_auto_pc_1_axi_data_fifo_v2_1_36_fifo_gen_1/<hidden>/<hidden>/<hidden>/<hidden>/<hidden>/<hidden>
  -------------------------------------------------------------------    -------------------

                         (clock clk_fpga_0 rise edge)
                                                      0.000     0.000 r  
    PS7_X0Y0             PS7                          0.000     0.000 r  u_block_design/design_1_i/processing_system7_0/inst/PS7_i/FCLKCLK[0]
                         net (fo=1, routed)           0.337     0.337    u_block_design/design_1_i/processing_system7_0/inst/FCLK_CLK_unbuffered[0]
    BUFGCTRL_X0Y16       BUFG (Prop_bufg_I_O)         0.029     0.366 r  u_block_design/design_1_i/processing_system7_0/inst/buffer_fclk_clk_0.FCLK_CLK_0_BUFG/O
                         net (fo=22237, routed)       0.827     1.193    snn_core_group_top/design_1_wrapper/design_1/design_1_axi_interconnect_hp0_0/s01_couplers_imp_12AUBLP/design_1_axi_interconnect_hp0_imp_auto_pc_1/design_1_axi_interconnect_hp0_imp_auto_pc_1_axi_protocol_converter_v2_1_37_axi_protocol_converter/design_1_axi_interconnect_hp0_imp_auto_pc_1_axi_protocol_converter_v2_1_37_axi3_conv/design_1_axi_interconnect_hp0_imp_auto_pc_1_axi_protocol_converter_v2_1_37_a_axi3_conv/design_1_axi_interconnect_hp0_imp_auto_pc_1_axi_data_fifo_v2_1_36_axic_fifo/design_1_axi_interconnect_hp0_imp_auto_pc_1_axi_data_fifo_v2_1_36_fifo_gen_1/<hidden>/<hidden>/<hidden>/<hidden>/<hidden>/<hidden>
    SLICE_X27Y74         FDPE                                         r  snn_core_group_top/design_1_wrapper/design_1/design_1_axi_interconnect_hp0_0/s01_couplers_imp_12AUBLP/design_1_axi_interconnect_hp0_imp_auto_pc_1/design_1_axi_interconnect_hp0_imp_auto_pc_1_axi_protocol_converter_v2_1_37_axi_protocol_converter/design_1_axi_interconnect_hp0_imp_auto_pc_1_axi_protocol_converter_v2_1_37_axi3_conv/design_1_axi_interconnect_hp0_imp_auto_pc_1_axi_protocol_converter_v2_1_37_a_axi3_conv/design_1_axi_interconnect_hp0_imp_auto_pc_1_axi_data_fifo_v2_1_36_axic_fifo/design_1_axi_interconnect_hp0_imp_auto_pc_1_axi_data_fifo_v2_1_36_fifo_gen_1/<hidden>/<hidden>/<hidden>/<hidden>/<hidden>/<hidden>

Slack:                    inf
  Source:                 u_block_design/design_1_i/proc_sys_reset_0/U0/ACTIVE_LOW_PR_OUT_DFF[0].FDRE_PER_N/C
                            (rising edge-triggered cell FDRE clocked by clk_fpga_0  {rise@0.000ns fall@5.000ns period=10.000ns})
  Destination:            snn_core_group_top/design_1_wrapper/design_1/design_1_axi_interconnect_hp0_0/s01_couplers_imp_12AUBLP/design_1_axi_interconnect_hp0_imp_auto_pc_1/design_1_axi_interconnect_hp0_imp_auto_pc_1_axi_protocol_converter_v2_1_37_axi_protocol_converter/design_1_axi_interconnect_hp0_imp_auto_pc_1_axi_protocol_converter_v2_1_37_axi3_conv/design_1_axi_interconnect_hp0_imp_auto_pc_1_axi_protocol_converter_v2_1_37_a_axi3_conv/design_1_axi_interconnect_hp0_imp_auto_pc_1_axi_data_fifo_v2_1_36_axic_fifo/design_1_axi_interconnect_hp0_imp_auto_pc_1_axi_data_fifo_v2_1_36_fifo_gen_1/<hidden>/<hidden>/<hidden>/<hidden>/<hidden>/<hidden>
                            (removal check against rising-edge clock clk_fpga_0  {rise@0.000ns fall@5.000ns period=10.000ns})
  Path Group:             (none)
  Path Type:              Removal (Min at Fast Process Corner)
  Data Path Delay:        1.691ns  (logic 0.186ns (10.999%)  route 1.505ns (89.001%))
  Logic Levels:           1  (LUT1=1)
  Clock Path Skew:        0.280ns (DCD - SCD - CPR)
    Destination Clock Delay (DCD):    1.193ns
    Source Clock Delay      (SCD):    0.913ns
    Clock Pessimism Removal (CPR):    -0.000ns
  Clock Uncertainty:      0.154ns  ((TSJ^2 + TIJ^2)^1/2 + DJ) / 2 + PE
    Total System Jitter     (TSJ):    0.071ns
    Total Input Jitter      (TIJ):    0.300ns
    Discrete Jitter          (DJ):    0.000ns
    Phase Error              (PE):    0.000ns
  Timing Exception:       False Path

    Location             Delay type                Incr(ns)  Path(ns)    Netlist Resource(s)
  -------------------------------------------------------------------    -------------------
                         (clock clk_fpga_0 rise edge)
                                                      0.000     0.000 r  
    PS7_X0Y0             PS7                          0.000     0.000 r  u_block_design/design_1_i/processing_system7_0/inst/PS7_i/FCLKCLK[0]
                         net (fo=1, routed)           0.310     0.310    u_block_design/design_1_i/processing_system7_0/inst/FCLK_CLK_unbuffered[0]
    BUFGCTRL_X0Y16       BUFG (Prop_bufg_I_O)         0.026     0.336 r  u_block_design/design_1_i/processing_system7_0/inst/buffer_fclk_clk_0.FCLK_CLK_0_BUFG/O
                         net (fo=22237, routed)       0.577     0.913    u_block_design/design_1_i/proc_sys_reset_0/U0/slowest_sync_clk
    SLICE_X63Y88         FDRE                                         r  u_block_design/design_1_i/proc_sys_reset_0/U0/ACTIVE_LOW_PR_OUT_DFF[0].FDRE_PER_N/C
  -------------------------------------------------------------------    -------------------
    SLICE_X63Y88         FDRE (Prop_fdre_C_Q)         0.141     1.054 r  u_block_design/design_1_i/proc_sys_reset_0/U0/ACTIVE_LOW_PR_OUT_DFF[0].FDRE_PER_N/Q
                         net (fo=409, routed)         1.256     2.309    u_block_design/design_1_i/axi_interconnect_hp0/s01_couplers/auto_pc/inst/gen_axi4_axi3.axi3_conv_inst/USE_WRITE.write_addr_inst/USE_BURSTS.cmd_queue/inst/aresetn
    SLICE_X27Y75         LUT1 (Prop_lut1_I0_O)        0.045     2.354 f  u_block_design/design_1_i/axi_interconnect_hp0/s01_couplers/auto_pc/inst/gen_axi4_axi3.axi3_conv_inst/USE_WRITE.write_addr_inst/USE_BURSTS.cmd_queue/inst/S_AXI_AREADY_I_i_1/O
                         net (fo=115, routed)         0.249     2.604    snn_core_group_top/design_1_wrapper/design_1/design_1_axi_interconnect_hp0_0/s01_couplers_imp_12AUBLP/design_1_axi_interconnect_hp0_imp_auto_pc_1/design_1_axi_interconnect_hp0_imp_auto_pc_1_axi_protocol_converter_v2_1_37_axi_protocol_converter/design_1_axi_interconnect_hp0_imp_auto_pc_1_axi_protocol_converter_v2_1_37_axi3_conv/design_1_axi_interconnect_hp0_imp_auto_pc_1_axi_protocol_converter_v2_1_37_a_axi3_conv/design_1_axi_interconnect_hp0_imp_auto_pc_1_axi_data_fifo_v2_1_36_axic_fifo/design_1_axi_interconnect_hp0_imp_auto_pc_1_axi_data_fifo_v2_1_36_fifo_gen_1/<hidden>/<hidden>/<hidden>/<hidden>/<hidden>/<hidden>
    SLICE_X27Y74         FDPE                                         f  snn_core_group_top/design_1_wrapper/design_1/design_1_axi_interconnect_hp0_0/s01_couplers_imp_12AUBLP/design_1_axi_interconnect_hp0_imp_auto_pc_1/design_1_axi_interconnect_hp0_imp_auto_pc_1_axi_protocol_converter_v2_1_37_axi_protocol_converter/design_1_axi_interconnect_hp0_imp_auto_pc_1_axi_protocol_converter_v2_1_37_axi3_conv/design_1_axi_interconnect_hp0_imp_auto_pc_1_axi_protocol_converter_v2_1_37_a_axi3_conv/design_1_axi_interconnect_hp0_imp_auto_pc_1_axi_data_fifo_v2_1_36_axic_fifo/design_1_axi_interconnect_hp0_imp_auto_pc_1_axi_data_fifo_v2_1_36_fifo_gen_1/<hidden>/<hidden>/<hidden>/<hidden>/<hidden>/<hidden>
  -------------------------------------------------------------------    -------------------

                         (clock clk_fpga_0 rise edge)
                                                      0.000     0.000 r  
    PS7_X0Y0             PS7                          0.000     0.000 r  u_block_design/design_1_i/processing_system7_0/inst/PS7_i/FCLKCLK[0]
                         net (fo=1, routed)           0.337     0.337    u_block_design/design_1_i/processing_system7_0/inst/FCLK_CLK_unbuffered[0]
    BUFGCTRL_X0Y16       BUFG (Prop_bufg_I_O)         0.029     0.366 r  u_block_design/design_1_i/processing_system7_0/inst/buffer_fclk_clk_0.FCLK_CLK_0_BUFG/O
                         net (fo=22237, routed)       0.827     1.193    snn_core_group_top/design_1_wrapper/design_1/design_1_axi_interconnect_hp0_0/s01_couplers_imp_12AUBLP/design_1_axi_interconnect_hp0_imp_auto_pc_1/design_1_axi_interconnect_hp0_imp_auto_pc_1_axi_protocol_converter_v2_1_37_axi_protocol_converter/design_1_axi_interconnect_hp0_imp_auto_pc_1_axi_protocol_converter_v2_1_37_axi3_conv/design_1_axi_interconnect_hp0_imp_auto_pc_1_axi_protocol_converter_v2_1_37_a_axi3_conv/design_1_axi_interconnect_hp0_imp_auto_pc_1_axi_data_fifo_v2_1_36_axic_fifo/design_1_axi_interconnect_hp0_imp_auto_pc_1_axi_data_fifo_v2_1_36_fifo_gen_1/<hidden>/<hidden>/<hidden>/<hidden>/<hidden>/<hidden>
    SLICE_X27Y74         FDPE                                         r  snn_core_group_top/design_1_wrapper/design_1/design_1_axi_interconnect_hp0_0/s01_couplers_imp_12AUBLP/design_1_axi_interconnect_hp0_imp_auto_pc_1/design_1_axi_interconnect_hp0_imp_auto_pc_1_axi_protocol_converter_v2_1_37_axi_protocol_converter/design_1_axi_interconnect_hp0_imp_auto_pc_1_axi_protocol_converter_v2_1_37_axi3_conv/design_1_axi_interconnect_hp0_imp_auto_pc_1_axi_protocol_converter_v2_1_37_a_axi3_conv/design_1_axi_interconnect_hp0_imp_auto_pc_1_axi_data_fifo_v2_1_36_axic_fifo/design_1_axi_interconnect_hp0_imp_auto_pc_1_axi_data_fifo_v2_1_36_fifo_gen_1/<hidden>/<hidden>/<hidden>/<hidden>/<hidden>/<hidden>

Slack:                    inf
  Source:                 u_block_design/design_1_i/proc_sys_reset_0/U0/ACTIVE_LOW_PR_OUT_DFF[0].FDRE_PER_N/C
                            (rising edge-triggered cell FDRE clocked by clk_fpga_0  {rise@0.000ns fall@5.000ns period=10.000ns})
  Destination:            snn_core_group_top/design_1_wrapper/design_1/design_1_axi_interconnect_hp0_0/s03_couplers_imp_13X28CE/design_1_axi_interconnect_hp0_imp_auto_pc_3/design_1_axi_interconnect_hp0_imp_auto_pc_3_axi_protocol_converter_v2_1_37_axi_protocol_converter/design_1_axi_interconnect_hp0_imp_auto_pc_3_axi_protocol_converter_v2_1_37_axi3_conv/design_1_axi_interconnect_hp0_imp_auto_pc_3_axi_protocol_converter_v2_1_37_a_axi3_conv/design_1_axi_interconnect_hp0_imp_auto_pc_3_axi_data_fifo_v2_1_36_axic_fifo/design_1_axi_interconnect_hp0_imp_auto_pc_3_axi_data_fifo_v2_1_36_fifo_gen_1/<hidden>/<hidden>/<hidden>/<hidden>/<hidden>/<hidden>
                            (removal check against rising-edge clock clk_fpga_0  {rise@0.000ns fall@5.000ns period=10.000ns})
  Path Group:             (none)
  Path Type:              Removal (Min at Fast Process Corner)
  Data Path Delay:        1.732ns  (logic 0.185ns (10.680%)  route 1.547ns (89.320%))
  Logic Levels:           1  (LUT1=1)
  Clock Path Skew:        0.288ns (DCD - SCD - CPR)
    Destination Clock Delay (DCD):    1.201ns
    Source Clock Delay      (SCD):    0.913ns
    Clock Pessimism Removal (CPR):    -0.000ns
  Clock Uncertainty:      0.154ns  ((TSJ^2 + TIJ^2)^1/2 + DJ) / 2 + PE
    Total System Jitter     (TSJ):    0.071ns
    Total Input Jitter      (TIJ):    0.300ns
    Discrete Jitter          (DJ):    0.000ns
    Phase Error              (PE):    0.000ns
  Timing Exception:       False Path

    Location             Delay type                Incr(ns)  Path(ns)    Netlist Resource(s)
  -------------------------------------------------------------------    -------------------
                         (clock clk_fpga_0 rise edge)
                                                      0.000     0.000 r  
    PS7_X0Y0             PS7                          0.000     0.000 r  u_block_design/design_1_i/processing_system7_0/inst/PS7_i/FCLKCLK[0]
                         net (fo=1, routed)           0.310     0.310    u_block_design/design_1_i/processing_system7_0/inst/FCLK_CLK_unbuffered[0]
    BUFGCTRL_X0Y16       BUFG (Prop_bufg_I_O)         0.026     0.336 r  u_block_design/design_1_i/processing_system7_0/inst/buffer_fclk_clk_0.FCLK_CLK_0_BUFG/O
                         net (fo=22237, routed)       0.577     0.913    u_block_design/design_1_i/proc_sys_reset_0/U0/slowest_sync_clk
    SLICE_X63Y88         FDRE                                         r  u_block_design/design_1_i/proc_sys_reset_0/U0/ACTIVE_LOW_PR_OUT_DFF[0].FDRE_PER_N/C
  -------------------------------------------------------------------    -------------------
    SLICE_X63Y88         FDRE (Prop_fdre_C_Q)         0.141     1.054 r  u_block_design/design_1_i/proc_sys_reset_0/U0/ACTIVE_LOW_PR_OUT_DFF[0].FDRE_PER_N/Q
                         net (fo=409, routed)         1.256     2.309    u_block_design/design_1_i/axi_interconnect_hp0/s03_couplers/auto_pc/inst/gen_axi4_axi3.axi3_conv_inst/USE_WRITE.write_addr_inst/USE_BURSTS.cmd_queue/inst/aresetn
    SLICE_X27Y75         LUT1 (Prop_lut1_I0_O)        0.044     2.353 f  u_block_design/design_1_i/axi_interconnect_hp0/s03_couplers/auto_pc/inst/gen_axi4_axi3.axi3_conv_inst/USE_WRITE.write_addr_inst/USE_BURSTS.cmd_queue/inst/S_AXI_AREADY_I_i_1/O
                         net (fo=115, routed)         0.292     2.645    snn_core_group_top/design_1_wrapper/design_1/design_1_axi_interconnect_hp0_0/s03_couplers_imp_13X28CE/design_1_axi_interconnect_hp0_imp_auto_pc_3/design_1_axi_interconnect_hp0_imp_auto_pc_3_axi_protocol_converter_v2_1_37_axi_protocol_converter/design_1_axi_interconnect_hp0_imp_auto_pc_3_axi_protocol_converter_v2_1_37_axi3_conv/design_1_axi_interconnect_hp0_imp_auto_pc_3_axi_protocol_converter_v2_1_37_a_axi3_conv/design_1_axi_interconnect_hp0_imp_auto_pc_3_axi_data_fifo_v2_1_36_axic_fifo/design_1_axi_interconnect_hp0_imp_auto_pc_3_axi_data_fifo_v2_1_36_fifo_gen_1/<hidden>/<hidden>/<hidden>/<hidden>/<hidden>/<hidden>
    SLICE_X26Y67         FDPE                                         f  snn_core_group_top/design_1_wrapper/design_1/design_1_axi_interconnect_hp0_0/s03_couplers_imp_13X28CE/design_1_axi_interconnect_hp0_imp_auto_pc_3/design_1_axi_interconnect_hp0_imp_auto_pc_3_axi_protocol_converter_v2_1_37_axi_protocol_converter/design_1_axi_interconnect_hp0_imp_auto_pc_3_axi_protocol_converter_v2_1_37_axi3_conv/design_1_axi_interconnect_hp0_imp_auto_pc_3_axi_protocol_converter_v2_1_37_a_axi3_conv/design_1_axi_interconnect_hp0_imp_auto_pc_3_axi_data_fifo_v2_1_36_axic_fifo/design_1_axi_interconnect_hp0_imp_auto_pc_3_axi_data_fifo_v2_1_36_fifo_gen_1/<hidden>/<hidden>/<hidden>/<hidden>/<hidden>/<hidden>
  -------------------------------------------------------------------    -------------------

                         (clock clk_fpga_0 rise edge)
                                                      0.000     0.000 r  
    PS7_X0Y0             PS7                          0.000     0.000 r  u_block_design/design_1_i/processing_system7_0/inst/PS7_i/FCLKCLK[0]
                         net (fo=1, routed)           0.337     0.337    u_block_design/design_1_i/processing_system7_0/inst/FCLK_CLK_unbuffered[0]
    BUFGCTRL_X0Y16       BUFG (Prop_bufg_I_O)         0.029     0.366 r  u_block_design/design_1_i/processing_system7_0/inst/buffer_fclk_clk_0.FCLK_CLK_0_BUFG/O
                         net (fo=22237, routed)       0.835     1.201    snn_core_group_top/design_1_wrapper/design_1/design_1_axi_interconnect_hp0_0/s03_couplers_imp_13X28CE/design_1_axi_interconnect_hp0_imp_auto_pc_3/design_1_axi_interconnect_hp0_imp_auto_pc_3_axi_protocol_converter_v2_1_37_axi_protocol_converter/design_1_axi_interconnect_hp0_imp_auto_pc_3_axi_protocol_converter_v2_1_37_axi3_conv/design_1_axi_interconnect_hp0_imp_auto_pc_3_axi_protocol_converter_v2_1_37_a_axi3_conv/design_1_axi_interconnect_hp0_imp_auto_pc_3_axi_data_fifo_v2_1_36_axic_fifo/design_1_axi_interconnect_hp0_imp_auto_pc_3_axi_data_fifo_v2_1_36_fifo_gen_1/<hidden>/<hidden>/<hidden>/<hidden>/<hidden>/<hidden>
    SLICE_X26Y67         FDPE                                         r  snn_core_group_top/design_1_wrapper/design_1/design_1_axi_interconnect_hp0_0/s03_couplers_imp_13X28CE/design_1_axi_interconnect_hp0_imp_auto_pc_3/design_1_axi_interconnect_hp0_imp_auto_pc_3_axi_protocol_converter_v2_1_37_axi_protocol_converter/design_1_axi_interconnect_hp0_imp_auto_pc_3_axi_protocol_converter_v2_1_37_axi3_conv/design_1_axi_interconnect_hp0_imp_auto_pc_3_axi_protocol_converter_v2_1_37_a_axi3_conv/design_1_axi_interconnect_hp0_imp_auto_pc_3_axi_data_fifo_v2_1_36_axic_fifo/design_1_axi_interconnect_hp0_imp_auto_pc_3_axi_data_fifo_v2_1_36_fifo_gen_1/<hidden>/<hidden>/<hidden>/<hidden>/<hidden>/<hidden>

Slack:                    inf
  Source:                 u_block_design/design_1_i/proc_sys_reset_0/U0/ACTIVE_LOW_PR_OUT_DFF[0].FDRE_PER_N/C
                            (rising edge-triggered cell FDRE clocked by clk_fpga_0  {rise@0.000ns fall@5.000ns period=10.000ns})
  Destination:            snn_core_group_top/design_1_wrapper/design_1/design_1_axi_interconnect_hp0_0/s03_couplers_imp_13X28CE/design_1_axi_interconnect_hp0_imp_auto_pc_3/design_1_axi_interconnect_hp0_imp_auto_pc_3_axi_protocol_converter_v2_1_37_axi_protocol_converter/design_1_axi_interconnect_hp0_imp_auto_pc_3_axi_protocol_converter_v2_1_37_axi3_conv/design_1_axi_interconnect_hp0_imp_auto_pc_3_axi_protocol_converter_v2_1_37_a_axi3_conv/design_1_axi_interconnect_hp0_imp_auto_pc_3_axi_data_fifo_v2_1_36_axic_fifo/design_1_axi_interconnect_hp0_imp_auto_pc_3_axi_data_fifo_v2_1_36_fifo_gen_1/<hidden>/<hidden>/<hidden>/<hidden>/<hidden>/<hidden>
                            (removal check against rising-edge clock clk_fpga_0  {rise@0.000ns fall@5.000ns period=10.000ns})
  Path Group:             (none)
  Path Type:              Removal (Min at Fast Process Corner)
  Data Path Delay:        1.732ns  (logic 0.185ns (10.680%)  route 1.547ns (89.320%))
  Logic Levels:           1  (LUT1=1)
  Clock Path Skew:        0.288ns (DCD - SCD - CPR)
    Destination Clock Delay (DCD):    1.201ns
    Source Clock Delay      (SCD):    0.913ns
    Clock Pessimism Removal (CPR):    -0.000ns
  Clock Uncertainty:      0.154ns  ((TSJ^2 + TIJ^2)^1/2 + DJ) / 2 + PE
    Total System Jitter     (TSJ):    0.071ns
    Total Input Jitter      (TIJ):    0.300ns
    Discrete Jitter          (DJ):    0.000ns
    Phase Error              (PE):    0.000ns
  Timing Exception:       False Path

    Location             Delay type                Incr(ns)  Path(ns)    Netlist Resource(s)
  -------------------------------------------------------------------    -------------------
                         (clock clk_fpga_0 rise edge)
                                                      0.000     0.000 r  
    PS7_X0Y0             PS7                          0.000     0.000 r  u_block_design/design_1_i/processing_system7_0/inst/PS7_i/FCLKCLK[0]
                         net (fo=1, routed)           0.310     0.310    u_block_design/design_1_i/processing_system7_0/inst/FCLK_CLK_unbuffered[0]
    BUFGCTRL_X0Y16       BUFG (Prop_bufg_I_O)         0.026     0.336 r  u_block_design/design_1_i/processing_system7_0/inst/buffer_fclk_clk_0.FCLK_CLK_0_BUFG/O
                         net (fo=22237, routed)       0.577     0.913    u_block_design/design_1_i/proc_sys_reset_0/U0/slowest_sync_clk
    SLICE_X63Y88         FDRE                                         r  u_block_design/design_1_i/proc_sys_reset_0/U0/ACTIVE_LOW_PR_OUT_DFF[0].FDRE_PER_N/C
  -------------------------------------------------------------------    -------------------
    SLICE_X63Y88         FDRE (Prop_fdre_C_Q)         0.141     1.054 r  u_block_design/design_1_i/proc_sys_reset_0/U0/ACTIVE_LOW_PR_OUT_DFF[0].FDRE_PER_N/Q
                         net (fo=409, routed)         1.256     2.309    u_block_design/design_1_i/axi_interconnect_hp0/s03_couplers/auto_pc/inst/gen_axi4_axi3.axi3_conv_inst/USE_WRITE.write_addr_inst/USE_BURSTS.cmd_queue/inst/aresetn
    SLICE_X27Y75         LUT1 (Prop_lut1_I0_O)        0.044     2.353 f  u_block_design/design_1_i/axi_interconnect_hp0/s03_couplers/auto_pc/inst/gen_axi4_axi3.axi3_conv_inst/USE_WRITE.write_addr_inst/USE_BURSTS.cmd_queue/inst/S_AXI_AREADY_I_i_1/O
                         net (fo=115, routed)         0.292     2.645    snn_core_group_top/design_1_wrapper/design_1/design_1_axi_interconnect_hp0_0/s03_couplers_imp_13X28CE/design_1_axi_interconnect_hp0_imp_auto_pc_3/design_1_axi_interconnect_hp0_imp_auto_pc_3_axi_protocol_converter_v2_1_37_axi_protocol_converter/design_1_axi_interconnect_hp0_imp_auto_pc_3_axi_protocol_converter_v2_1_37_axi3_conv/design_1_axi_interconnect_hp0_imp_auto_pc_3_axi_protocol_converter_v2_1_37_a_axi3_conv/design_1_axi_interconnect_hp0_imp_auto_pc_3_axi_data_fifo_v2_1_36_axic_fifo/design_1_axi_interconnect_hp0_imp_auto_pc_3_axi_data_fifo_v2_1_36_fifo_gen_1/<hidden>/<hidden>/<hidden>/<hidden>/<hidden>/<hidden>
    SLICE_X26Y67         FDPE                                         f  snn_core_group_top/design_1_wrapper/design_1/design_1_axi_interconnect_hp0_0/s03_couplers_imp_13X28CE/design_1_axi_interconnect_hp0_imp_auto_pc_3/design_1_axi_interconnect_hp0_imp_auto_pc_3_axi_protocol_converter_v2_1_37_axi_protocol_converter/design_1_axi_interconnect_hp0_imp_auto_pc_3_axi_protocol_converter_v2_1_37_axi3_conv/design_1_axi_interconnect_hp0_imp_auto_pc_3_axi_protocol_converter_v2_1_37_a_axi3_conv/design_1_axi_interconnect_hp0_imp_auto_pc_3_axi_data_fifo_v2_1_36_axic_fifo/design_1_axi_interconnect_hp0_imp_auto_pc_3_axi_data_fifo_v2_1_36_fifo_gen_1/<hidden>/<hidden>/<hidden>/<hidden>/<hidden>/<hidden>
  -------------------------------------------------------------------    -------------------

                         (clock clk_fpga_0 rise edge)
                                                      0.000     0.000 r  
    PS7_X0Y0             PS7                          0.000     0.000 r  u_block_design/design_1_i/processing_system7_0/inst/PS7_i/FCLKCLK[0]
                         net (fo=1, routed)           0.337     0.337    u_block_design/design_1_i/processing_system7_0/inst/FCLK_CLK_unbuffered[0]
    BUFGCTRL_X0Y16       BUFG (Prop_bufg_I_O)         0.029     0.366 r  u_block_design/design_1_i/processing_system7_0/inst/buffer_fclk_clk_0.FCLK_CLK_0_BUFG/O
                         net (fo=22237, routed)       0.835     1.201    snn_core_group_top/design_1_wrapper/design_1/design_1_axi_interconnect_hp0_0/s03_couplers_imp_13X28CE/design_1_axi_interconnect_hp0_imp_auto_pc_3/design_1_axi_interconnect_hp0_imp_auto_pc_3_axi_protocol_converter_v2_1_37_axi_protocol_converter/design_1_axi_interconnect_hp0_imp_auto_pc_3_axi_protocol_converter_v2_1_37_axi3_conv/design_1_axi_interconnect_hp0_imp_auto_pc_3_axi_protocol_converter_v2_1_37_a_axi3_conv/design_1_axi_interconnect_hp0_imp_auto_pc_3_axi_data_fifo_v2_1_36_axic_fifo/design_1_axi_interconnect_hp0_imp_auto_pc_3_axi_data_fifo_v2_1_36_fifo_gen_1/<hidden>/<hidden>/<hidden>/<hidden>/<hidden>/<hidden>
    SLICE_X26Y67         FDPE                                         r  snn_core_group_top/design_1_wrapper/design_1/design_1_axi_interconnect_hp0_0/s03_couplers_imp_13X28CE/design_1_axi_interconnect_hp0_imp_auto_pc_3/design_1_axi_interconnect_hp0_imp_auto_pc_3_axi_protocol_converter_v2_1_37_axi_protocol_converter/design_1_axi_interconnect_hp0_imp_auto_pc_3_axi_protocol_converter_v2_1_37_axi3_conv/design_1_axi_interconnect_hp0_imp_auto_pc_3_axi_protocol_converter_v2_1_37_a_axi3_conv/design_1_axi_interconnect_hp0_imp_auto_pc_3_axi_data_fifo_v2_1_36_axic_fifo/design_1_axi_interconnect_hp0_imp_auto_pc_3_axi_data_fifo_v2_1_36_fifo_gen_1/<hidden>/<hidden>/<hidden>/<hidden>/<hidden>/<hidden>





--------------------------------------------------------------------------------------
Path Group:  (none)
From Clock:  clk_fpga_0
  To Clock:  

Max Delay             1 Endpoint
Min Delay             1 Endpoint
--------------------------------------------------------------------------------------


Max Delay Paths
--------------------------------------------------------------------------------------
Slack:                    inf
  Source:                 gen_core_groups[2].u_core_group/fifo_count_reg[0]/C
                            (rising edge-triggered cell FDRE clocked by clk_fpga_0  {rise@0.000ns fall@5.000ns period=10.000ns})
  Destination:            snn_busy
                            (output port)
  Path Group:             (none)
  Path Type:              Max at Slow Process Corner
  Data Path Delay:        11.905ns  (logic 4.823ns (40.516%)  route 7.082ns (59.484%))
  Logic Levels:           5  (LUT4=3 LUT6=1 OBUF=1)
  Clock Uncertainty:      0.152ns  ((TSJ^2 + TIJ^2)^1/2 + DJ) / 2 + PE
    Total System Jitter     (TSJ):    0.050ns
    Total Input Jitter      (TIJ):    0.300ns
    Discrete Jitter          (DJ):    0.000ns
    Phase Error              (PE):    0.000ns

    Location             Delay type                Incr(ns)  Path(ns)    Netlist Resource(s)
  -------------------------------------------------------------------    -------------------
                         (clock clk_fpga_0 rise edge)
                                                      0.000     0.000 r  
    PS7_X0Y0             PS7                          0.000     0.000 r  u_block_design/design_1_i/processing_system7_0/inst/PS7_i/FCLKCLK[0]
                         net (fo=1, routed)           1.193     1.193    u_block_design/design_1_i/processing_system7_0/inst/FCLK_CLK_unbuffered[0]
    BUFGCTRL_X0Y16       BUFG (Prop_bufg_I_O)         0.101     1.294 r  u_block_design/design_1_i/processing_system7_0/inst/buffer_fclk_clk_0.FCLK_CLK_0_BUFG/O
                         net (fo=22237, routed)       1.695     2.989    gen_core_groups[2].u_core_group/clk_100mhz
    SLICE_X66Y75         FDRE                                         r  gen_core_groups[2].u_core_group/fifo_count_reg[0]/C
  -------------------------------------------------------------------    -------------------
    SLICE_X66Y75         FDRE (Prop_fdre_C_Q)         0.518     3.507 r  gen_core_groups[2].u_core_group/fifo_count_reg[0]/Q
                         net (fo=3, routed)           1.222     4.729    gen_core_groups[2].u_core_group/fifo_count_reg[0]
    SLICE_X66Y75         LUT4 (Prop_lut4_I2_O)        0.124     4.853 r  gen_core_groups[2].u_core_group/FSM_sequential_state[2]_i_4__1/O
                         net (fo=1, routed)           0.492     5.345    gen_core_groups[2].u_core_group/FSM_sequential_state[2]_i_4__1_n_0
    SLICE_X66Y75         LUT4 (Prop_lut4_I3_O)        0.124     5.469 f  gen_core_groups[2].u_core_group/FSM_sequential_state[2]_i_2__1/O
                         net (fo=17, routed)          1.838     7.307    gen_core_groups[2].u_core_group/fifo_empty
    SLICE_X84Y67         LUT4 (Prop_lut4_I1_O)        0.152     7.459 f  gen_core_groups[2].u_core_group/snn_busy_OBUF_inst_i_3/O
                         net (fo=2, routed)           0.783     8.242    gen_core_groups[3].u_core_group/hls_spike_nid_d_reg[0]_0
    SLICE_X80Y64         LUT6 (Prop_lut6_I1_O)        0.326     8.568 r  gen_core_groups[3].u_core_group/snn_busy_OBUF_inst_i_1/O
                         net (fo=2, routed)           2.746    11.315    snn_busy_OBUF
    Y18                  OBUF (Prop_obuf_I_O)         3.579    14.894 r  snn_busy_OBUF_inst/O
                         net (fo=0)                   0.000    14.894    snn_busy
    Y18                                                               r  snn_busy (OUT)
  -------------------------------------------------------------------    -------------------





Min Delay Paths
--------------------------------------------------------------------------------------
Slack:                    inf
  Source:                 gen_core_groups[2].u_core_group/FSM_sequential_state_reg[0]/C
                            (rising edge-triggered cell FDRE clocked by clk_fpga_0  {rise@0.000ns fall@5.000ns period=10.000ns})
  Destination:            snn_busy
                            (output port)
  Path Group:             (none)
  Path Type:              Min at Fast Process Corner
  Data Path Delay:        3.044ns  (logic 1.570ns (51.571%)  route 1.474ns (48.429%))
  Logic Levels:           3  (LUT4=1 LUT6=1 OBUF=1)
  Clock Uncertainty:      0.152ns  ((TSJ^2 + TIJ^2)^1/2 + DJ) / 2 + PE
    Total System Jitter     (TSJ):    0.050ns
    Total Input Jitter      (TIJ):    0.300ns
    Discrete Jitter          (DJ):    0.000ns
    Phase Error              (PE):    0.000ns

    Location             Delay type                Incr(ns)  Path(ns)    Netlist Resource(s)
  -------------------------------------------------------------------    -------------------
                         (clock clk_fpga_0 rise edge)
                                                      0.000     0.000 r  
    PS7_X0Y0             PS7                          0.000     0.000 r  u_block_design/design_1_i/processing_system7_0/inst/PS7_i/FCLKCLK[0]
                         net (fo=1, routed)           0.310     0.310    u_block_design/design_1_i/processing_system7_0/inst/FCLK_CLK_unbuffered[0]
    BUFGCTRL_X0Y16       BUFG (Prop_bufg_I_O)         0.026     0.336 r  u_block_design/design_1_i/processing_system7_0/inst/buffer_fclk_clk_0.FCLK_CLK_0_BUFG/O
                         net (fo=22237, routed)       0.576     0.912    gen_core_groups[2].u_core_group/clk_100mhz
    SLICE_X85Y68         FDRE                                         r  gen_core_groups[2].u_core_group/FSM_sequential_state_reg[0]/C
  -------------------------------------------------------------------    -------------------
    SLICE_X85Y68         FDRE (Prop_fdre_C_Q)         0.141     1.053 r  gen_core_groups[2].u_core_group/FSM_sequential_state_reg[0]/Q
                         net (fo=29, routed)          0.310     1.362    gen_core_groups[2].u_core_group/state__0[0]
    SLICE_X84Y67         LUT4 (Prop_lut4_I3_O)        0.042     1.404 f  gen_core_groups[2].u_core_group/snn_busy_OBUF_inst_i_3/O
                         net (fo=2, routed)           0.285     1.689    gen_core_groups[3].u_core_group/hls_spike_nid_d_reg[0]_0
    SLICE_X80Y64         LUT6 (Prop_lut6_I1_O)        0.107     1.796 r  gen_core_groups[3].u_core_group/snn_busy_OBUF_inst_i_1/O
                         net (fo=2, routed)           0.879     2.676    snn_busy_OBUF
    Y18                  OBUF (Prop_obuf_I_O)         1.280     3.956 r  snn_busy_OBUF_inst/O
                         net (fo=0)                   0.000     3.956    snn_busy
    Y18                                                               r  snn_busy (OUT)
  -------------------------------------------------------------------    -------------------





