Copyright 1986-2022 Xilinx, Inc. All Rights Reserved. Copyright 2022-2025 Advanced Micro Devices, Inc. All Rights Reserved.
------------------------------------------------------------------------------------------------------------------------------------------------------------------------------------------------------------------------------------------------------------
| Tool Version : Vivado v.2025.2 (lin64) Build 6299465 Fri Nov 14 12:34:56 MST 2025
| Date         : Tue Dec  9 05:29:28 2025
| Host         : jwlee-BCML running 64-bit Ubuntu 24.04.3 LTS
| Command      : report_timing_summary -max_paths 10 -routable_nets -report_unconstrained -file design_1_wrapper_timing_summary_routed.rpt -pb design_1_wrapper_timing_summary_routed.pb -rpx design_1_wrapper_timing_summary_routed.rpx -warn_on_violation
| Design       : design_1_wrapper
| Device       : 7z020-clg400
| Speed File   : -1  PRODUCTION 1.12 2019-11-22
| Design State : Routed
------------------------------------------------------------------------------------------------------------------------------------------------------------------------------------------------------------------------------------------------------------

Timing Summary Report

------------------------------------------------------------------------------------------------
| Timer Settings
| --------------
------------------------------------------------------------------------------------------------

  Enable Multi Corner Analysis               :  Yes
  Enable Pessimism Removal                   :  Yes
  Pessimism Removal Resolution               :  Nearest Common Node
  Enable Input Delay Default Clock           :  No
  Enable Preset / Clear Arcs                 :  No
  Disable Flight Delays                      :  No
  Ignore I/O Paths                           :  No
  Timing Early Launch at Borrowing Latches   :  No
  Borrow Time for Max Delay Exceptions       :  Yes
  Merge Timing Exceptions                    :  Yes
  Inter-SLR Compensation                     :  Conservative

  Corner  Analyze    Analyze    
  Name    Max Paths  Min Paths  
  ------  ---------  ---------  
  Slow    Yes        Yes        
  Fast    Yes        Yes        


------------------------------------------------------------------------------------------------
| Report Methodology
| ------------------
------------------------------------------------------------------------------------------------

Rule     Severity  Description                   Violations  
-------  --------  ----------------------------  ----------  
LUTAR-1  Warning   LUT drives async reset alert  3           

Note: This report is based on the most recent report_methodology run and may not be up-to-date. Run report_methodology on the current design for the latest report.



check_timing report

Table of Contents
-----------------
1. checking no_clock (0)
2. checking constant_clock (0)
3. checking pulse_width_clock (0)
4. checking unconstrained_internal_endpoints (0)
5. checking no_input_delay (0)
6. checking no_output_delay (0)
7. checking multiple_clock (0)
8. checking generated_clocks (0)
9. checking loops (0)
10. checking partial_input_delay (0)
11. checking partial_output_delay (0)
12. checking latch_loops (0)

1. checking no_clock (0)
------------------------
 There are 0 register/latch pins with no clock.


2. checking constant_clock (0)
------------------------------
 There are 0 register/latch pins with constant_clock.


3. checking pulse_width_clock (0)
---------------------------------
 There are 0 register/latch pins which need pulse_width check


4. checking unconstrained_internal_endpoints (0)
------------------------------------------------
 There are 0 pins that are not constrained for maximum delay.

 There are 0 pins that are not constrained for maximum delay due to constant clock.


5. checking no_input_delay (0)
------------------------------
 There are 0 input ports with no input delay specified.

 There are 0 input ports with no input delay but user has a false path constraint.


6. checking no_output_delay (0)
-------------------------------
 There are 0 ports with no output delay specified.

 There are 0 ports with no output delay but user has a false path constraint

 There are 0 ports with no output delay but with a timing clock defined on it or propagating through it


7. checking multiple_clock (0)
------------------------------
 There are 0 register/latch pins with multiple clocks.


8. checking generated_clocks (0)
--------------------------------
 There are 0 generated clocks that are not connected to a clock source.


9. checking loops (0)
---------------------
 There are 0 combinational loops in the design.


10. checking partial_input_delay (0)
------------------------------------
 There are 0 input ports with partial input delay specified.


11. checking partial_output_delay (0)
-------------------------------------
 There are 0 ports with partial output delay specified.


12. checking latch_loops (0)
----------------------------
 There are 0 combinational latch loops in the design through latch input



------------------------------------------------------------------------------------------------
| Design Timing Summary
| ---------------------
------------------------------------------------------------------------------------------------

    WNS(ns)      TNS(ns)  TNS Failing Endpoints  TNS Total Endpoints      WHS(ns)      THS(ns)  THS Failing Endpoints  THS Total Endpoints     WPWS(ns)     TPWS(ns)  TPWS Failing Endpoints  TPWS Total Endpoints  
    -------      -------  ---------------------  -------------------      -------      -------  ---------------------  -------------------     --------     --------  ----------------------  --------------------  
      0.493        0.000                      0                27673        0.015        0.000                      0                27673        3.750        0.000                       0                 11218  


All user specified timing constraints are met.


------------------------------------------------------------------------------------------------
| Clock Summary
| -------------
------------------------------------------------------------------------------------------------

Clock       Waveform(ns)       Period(ns)      Frequency(MHz)
-----       ------------       ----------      --------------
clk_fpga_0  {0.000 5.000}      10.000          100.000         


------------------------------------------------------------------------------------------------
| Intra Clock Table
| -----------------
------------------------------------------------------------------------------------------------

Clock             WNS(ns)      TNS(ns)  TNS Failing Endpoints  TNS Total Endpoints      WHS(ns)      THS(ns)  THS Failing Endpoints  THS Total Endpoints     WPWS(ns)     TPWS(ns)  TPWS Failing Endpoints  TPWS Total Endpoints  
-----             -------      -------  ---------------------  -------------------      -------      -------  ---------------------  -------------------     --------     --------  ----------------------  --------------------  
clk_fpga_0          0.493        0.000                      0                27577        0.015        0.000                      0                27577        3.750        0.000                       0                 11218  


------------------------------------------------------------------------------------------------
| Inter Clock Table
| -----------------
------------------------------------------------------------------------------------------------

From Clock    To Clock          WNS(ns)      TNS(ns)  TNS Failing Endpoints  TNS Total Endpoints      WHS(ns)      THS(ns)  THS Failing Endpoints  THS Total Endpoints  
----------    --------          -------      -------  ---------------------  -------------------      -------      -------  ---------------------  -------------------  


------------------------------------------------------------------------------------------------
| Other Path Groups Table
| -----------------------
------------------------------------------------------------------------------------------------

Path Group         From Clock         To Clock               WNS(ns)      TNS(ns)  TNS Failing Endpoints  TNS Total Endpoints      WHS(ns)      THS(ns)  THS Failing Endpoints  THS Total Endpoints  
----------         ----------         --------               -------      -------  ---------------------  -------------------      -------      -------  ---------------------  -------------------  
**async_default**  clk_fpga_0         clk_fpga_0               6.153        0.000                      0                   96        0.565        0.000                      0                   96  


------------------------------------------------------------------------------------------------
| User Ignored Path Table
| -----------------------
------------------------------------------------------------------------------------------------

Path Group    From Clock    To Clock    
----------    ----------    --------    
(none)                      clk_fpga_0    
(none)        clk_fpga_0    clk_fpga_0    


------------------------------------------------------------------------------------------------
| Unconstrained Path Table
| ------------------------
------------------------------------------------------------------------------------------------

Path Group    From Clock    To Clock    
----------    ----------    --------    


------------------------------------------------------------------------------------------------
| Timing Details
| --------------
------------------------------------------------------------------------------------------------


---------------------------------------------------------------------------------------------------
From Clock:  clk_fpga_0
  To Clock:  clk_fpga_0

Setup :            0  Failing Endpoints,  Worst Slack        0.493ns,  Total Violation        0.000ns
Hold  :            0  Failing Endpoints,  Worst Slack        0.015ns,  Total Violation        0.000ns
PW    :            0  Failing Endpoints,  Worst Slack        3.750ns,  Total Violation        0.000ns
---------------------------------------------------------------------------------------------------


Max Delay Paths
--------------------------------------------------------------------------------------
Slack (MET) :             0.493ns  (required time - arrival time)
  Source:                 design_1_i/snn_top_hls_0/inst/encoder_config_encoding_type_reg_13120_reg[1]/C
                            (rising edge-triggered cell FDRE clocked by clk_fpga_0  {rise@0.000ns fall@5.000ns period=10.000ns})
  Destination:            design_1_i/snn_top_hls_0/inst/grp_run_encoder_once_fu_5557/grp_run_encoder_once_Pipeline_ENCODER_LOOP_fu_170/urem_32ns_16ns_16_36_1_U82/snn_top_hls_urem_32ns_16ns_16_36_1_divider_u/loop[0].remd_tmp_reg[1][12]/R
                            (rising edge-triggered cell FDRE clocked by clk_fpga_0  {rise@0.000ns fall@5.000ns period=10.000ns})
  Path Group:             clk_fpga_0
  Path Type:              Setup (Max at Slow Process Corner)
  Requirement:            10.000ns  (clk_fpga_0 rise@10.000ns - clk_fpga_0 rise@0.000ns)
  Data Path Delay:        8.657ns  (logic 1.782ns (20.585%)  route 6.875ns (79.415%))
  Logic Levels:           7  (LUT2=2 LUT4=1 LUT5=1 LUT6=3)
  Clock Path Skew:        -0.267ns (DCD - SCD + CPR)
    Destination Clock Delay (DCD):    2.651ns = ( 12.651 - 10.000 ) 
    Source Clock Delay      (SCD):    3.033ns
    Clock Pessimism Removal (CPR):    0.115ns
  Clock Uncertainty:      0.154ns  ((TSJ^2 + TIJ^2)^1/2 + DJ) / 2 + PE
    Total System Jitter     (TSJ):    0.071ns
    Total Input Jitter      (TIJ):    0.300ns
    Discrete Jitter          (DJ):    0.000ns
    Phase Error              (PE):    0.000ns

    Location             Delay type                Incr(ns)  Path(ns)    Netlist Resource(s)
  -------------------------------------------------------------------    -------------------
                         (clock clk_fpga_0 rise edge)
                                                      0.000     0.000 r  
    PS7_X0Y0             PS7                          0.000     0.000 r  design_1_i/processing_system7_0/inst/PS7_i/FCLKCLK[0]
                         net (fo=1, routed)           1.193     1.193    design_1_i/processing_system7_0/inst/FCLK_CLK_unbuffered[0]
    BUFGCTRL_X0Y16       BUFG (Prop_bufg_I_O)         0.101     1.294 r  design_1_i/processing_system7_0/inst/buffer_fclk_clk_0.FCLK_CLK_0_BUFG/O
                         net (fo=11219, routed)       1.739     3.033    design_1_i/snn_top_hls_0/inst/ap_clk
    SLICE_X81Y48         FDRE                                         r  design_1_i/snn_top_hls_0/inst/encoder_config_encoding_type_reg_13120_reg[1]/C
  -------------------------------------------------------------------    -------------------
    SLICE_X81Y48         FDRE (Prop_fdre_C_Q)         0.456     3.489 f  design_1_i/snn_top_hls_0/inst/encoder_config_encoding_type_reg_13120_reg[1]/Q
                         net (fo=24, routed)          0.844     4.333    design_1_i/snn_top_hls_0/inst/encoder_spikes_fifo_U/U_snn_top_hls_fifo_w41_d32_A_ram/ram_reg[1]
    SLICE_X81Y49         LUT4 (Prop_lut4_I2_O)        0.152     4.485 r  design_1_i/snn_top_hls_0/inst/encoder_spikes_fifo_U/U_snn_top_hls_fifo_w41_d32_A_ram/ram_reg_i_51__0/O
                         net (fo=40, routed)          0.864     5.348    design_1_i/snn_top_hls_0/inst/grp_run_encoder_once_fu_5557/grp_run_encoder_once_Pipeline_ENCODER_LOOP_fu_170/ram_reg_9
    SLICE_X85Y53         LUT5 (Prop_lut5_I4_O)        0.326     5.674 f  design_1_i/snn_top_hls_0/inst/grp_run_encoder_once_fu_5557/grp_run_encoder_once_Pipeline_ENCODER_LOOP_fu_170/spike_prob_3_reg_8928_reg_i_17/O
                         net (fo=1, routed)           0.567     6.241    design_1_i/snn_top_hls_0/inst/grp_run_encoder_once_fu_5557/grp_run_encoder_once_Pipeline_ENCODER_LOOP_fu_170/urem_32ns_16ns_16_36_1_U82/snn_top_hls_urem_32ns_16ns_16_36_1_divider_u/add_ln153_1_reg_8749_reg[0]_0
    SLICE_X83Y53         LUT6 (Prop_lut6_I5_O)        0.124     6.365 f  design_1_i/snn_top_hls_0/inst/grp_run_encoder_once_fu_5557/grp_run_encoder_once_Pipeline_ENCODER_LOOP_fu_170/urem_32ns_16ns_16_36_1_U82/snn_top_hls_urem_32ns_16ns_16_36_1_divider_u/spike_prob_3_reg_8928_reg_i_5/O
                         net (fo=3, routed)           0.941     7.307    design_1_i/snn_top_hls_0/inst/grp_run_encoder_once_fu_5557/grp_run_encoder_once_Pipeline_ENCODER_LOOP_fu_170/urem_32ns_16ns_16_36_1_U82/snn_top_hls_urem_32ns_16ns_16_36_1_divider_u/full_n_reg_0
    SLICE_X67Y55         LUT2 (Prop_lut2_I1_O)        0.150     7.457 r  design_1_i/snn_top_hls_0/inst/grp_run_encoder_once_fu_5557/grp_run_encoder_once_Pipeline_ENCODER_LOOP_fu_170/urem_32ns_16ns_16_36_1_U82/snn_top_hls_urem_32ns_16ns_16_36_1_divider_u/spike_prob_3_reg_8928_reg_i_1/O
                         net (fo=134, routed)         0.533     7.990    design_1_i/snn_top_hls_0/inst/grp_run_encoder_once_fu_5557/grp_run_encoder_once_Pipeline_ENCODER_LOOP_fu_170/urem_32ns_16ns_16_36_1_U82/snn_top_hls_urem_32ns_16ns_16_36_1_divider_u/ap_CS_fsm_reg[1][0]
    SLICE_X67Y57         LUT6 (Prop_lut6_I3_O)        0.326     8.316 r  design_1_i/snn_top_hls_0/inst/grp_run_encoder_once_fu_5557/grp_run_encoder_once_Pipeline_ENCODER_LOOP_fu_170/urem_32ns_16ns_16_36_1_U82/snn_top_hls_urem_32ns_16ns_16_36_1_divider_u/divisor_tmp[0][15]_i_5/O
                         net (fo=1, routed)           0.751     9.067    design_1_i/snn_top_hls_0/inst/grp_run_encoder_once_fu_5557/grp_run_encoder_once_Pipeline_ENCODER_LOOP_fu_170/urem_32ns_16ns_16_36_1_U82/snn_top_hls_urem_32ns_16ns_16_36_1_divider_u/divisor_tmp[0][15]_i_5_n_5
    SLICE_X59Y63         LUT6 (Prop_lut6_I5_O)        0.124     9.191 r  design_1_i/snn_top_hls_0/inst/grp_run_encoder_once_fu_5557/grp_run_encoder_once_Pipeline_ENCODER_LOOP_fu_170/urem_32ns_16ns_16_36_1_U82/snn_top_hls_urem_32ns_16ns_16_36_1_divider_u/divisor_tmp[0][15]_i_1/O
                         net (fo=2868, routed)        1.283    10.474    design_1_i/snn_top_hls_0/inst/grp_run_encoder_once_fu_5557/grp_run_encoder_once_Pipeline_ENCODER_LOOP_fu_170/urem_32ns_16ns_16_36_1_U82/grp_fu_1402_ce
    SLICE_X50Y72         LUT2 (Prop_lut2_I0_O)        0.124    10.598 r  design_1_i/snn_top_hls_0/inst/grp_run_encoder_once_fu_5557/grp_run_encoder_once_Pipeline_ENCODER_LOOP_fu_170/urem_32ns_16ns_16_36_1_U82/i_/O
                         net (fo=15, routed)          1.092    11.690    design_1_i/snn_top_hls_0/inst/grp_run_encoder_once_fu_5557/grp_run_encoder_once_Pipeline_ENCODER_LOOP_fu_170/urem_32ns_16ns_16_36_1_U82/snn_top_hls_urem_32ns_16ns_16_36_1_divider_u/loop[0].remd_tmp_reg[1][1]_0
    SLICE_X45Y84         FDRE                                         r  design_1_i/snn_top_hls_0/inst/grp_run_encoder_once_fu_5557/grp_run_encoder_once_Pipeline_ENCODER_LOOP_fu_170/urem_32ns_16ns_16_36_1_U82/snn_top_hls_urem_32ns_16ns_16_36_1_divider_u/loop[0].remd_tmp_reg[1][12]/R
  -------------------------------------------------------------------    -------------------

                         (clock clk_fpga_0 rise edge)
                                                     10.000    10.000 r  
    PS7_X0Y0             PS7                          0.000    10.000 r  design_1_i/processing_system7_0/inst/PS7_i/FCLKCLK[0]
                         net (fo=1, routed)           1.088    11.088    design_1_i/processing_system7_0/inst/FCLK_CLK_unbuffered[0]
    BUFGCTRL_X0Y16       BUFG (Prop_bufg_I_O)         0.091    11.179 r  design_1_i/processing_system7_0/inst/buffer_fclk_clk_0.FCLK_CLK_0_BUFG/O
                         net (fo=11219, routed)       1.472    12.651    design_1_i/snn_top_hls_0/inst/grp_run_encoder_once_fu_5557/grp_run_encoder_once_Pipeline_ENCODER_LOOP_fu_170/urem_32ns_16ns_16_36_1_U82/snn_top_hls_urem_32ns_16ns_16_36_1_divider_u/ap_clk
    SLICE_X45Y84         FDRE                                         r  design_1_i/snn_top_hls_0/inst/grp_run_encoder_once_fu_5557/grp_run_encoder_once_Pipeline_ENCODER_LOOP_fu_170/urem_32ns_16ns_16_36_1_U82/snn_top_hls_urem_32ns_16ns_16_36_1_divider_u/loop[0].remd_tmp_reg[1][12]/C
                         clock pessimism              0.115    12.766    
                         clock uncertainty           -0.154    12.612    
    SLICE_X45Y84         FDRE (Setup_fdre_C_R)       -0.429    12.183    design_1_i/snn_top_hls_0/inst/grp_run_encoder_once_fu_5557/grp_run_encoder_once_Pipeline_ENCODER_LOOP_fu_170/urem_32ns_16ns_16_36_1_U82/snn_top_hls_urem_32ns_16ns_16_36_1_divider_u/loop[0].remd_tmp_reg[1][12]
  -------------------------------------------------------------------
                         required time                         12.183    
                         arrival time                         -11.690    
  -------------------------------------------------------------------
                         slack                                  0.493    

Slack (MET) :             0.493ns  (required time - arrival time)
  Source:                 design_1_i/snn_top_hls_0/inst/encoder_config_encoding_type_reg_13120_reg[1]/C
                            (rising edge-triggered cell FDRE clocked by clk_fpga_0  {rise@0.000ns fall@5.000ns period=10.000ns})
  Destination:            design_1_i/snn_top_hls_0/inst/grp_run_encoder_once_fu_5557/grp_run_encoder_once_Pipeline_ENCODER_LOOP_fu_170/urem_32ns_16ns_16_36_1_U82/snn_top_hls_urem_32ns_16ns_16_36_1_divider_u/loop[0].remd_tmp_reg[1][13]/R
                            (rising edge-triggered cell FDRE clocked by clk_fpga_0  {rise@0.000ns fall@5.000ns period=10.000ns})
  Path Group:             clk_fpga_0
  Path Type:              Setup (Max at Slow Process Corner)
  Requirement:            10.000ns  (clk_fpga_0 rise@10.000ns - clk_fpga_0 rise@0.000ns)
  Data Path Delay:        8.657ns  (logic 1.782ns (20.585%)  route 6.875ns (79.415%))
  Logic Levels:           7  (LUT2=2 LUT4=1 LUT5=1 LUT6=3)
  Clock Path Skew:        -0.267ns (DCD - SCD + CPR)
    Destination Clock Delay (DCD):    2.651ns = ( 12.651 - 10.000 ) 
    Source Clock Delay      (SCD):    3.033ns
    Clock Pessimism Removal (CPR):    0.115ns
  Clock Uncertainty:      0.154ns  ((TSJ^2 + TIJ^2)^1/2 + DJ) / 2 + PE
    Total System Jitter     (TSJ):    0.071ns
    Total Input Jitter      (TIJ):    0.300ns
    Discrete Jitter          (DJ):    0.000ns
    Phase Error              (PE):    0.000ns

    Location             Delay type                Incr(ns)  Path(ns)    Netlist Resource(s)
  -------------------------------------------------------------------    -------------------
                         (clock clk_fpga_0 rise edge)
                                                      0.000     0.000 r  
    PS7_X0Y0             PS7                          0.000     0.000 r  design_1_i/processing_system7_0/inst/PS7_i/FCLKCLK[0]
                         net (fo=1, routed)           1.193     1.193    design_1_i/processing_system7_0/inst/FCLK_CLK_unbuffered[0]
    BUFGCTRL_X0Y16       BUFG (Prop_bufg_I_O)         0.101     1.294 r  design_1_i/processing_system7_0/inst/buffer_fclk_clk_0.FCLK_CLK_0_BUFG/O
                         net (fo=11219, routed)       1.739     3.033    design_1_i/snn_top_hls_0/inst/ap_clk
    SLICE_X81Y48         FDRE                                         r  design_1_i/snn_top_hls_0/inst/encoder_config_encoding_type_reg_13120_reg[1]/C
  -------------------------------------------------------------------    -------------------
    SLICE_X81Y48         FDRE (Prop_fdre_C_Q)         0.456     3.489 f  design_1_i/snn_top_hls_0/inst/encoder_config_encoding_type_reg_13120_reg[1]/Q
                         net (fo=24, routed)          0.844     4.333    design_1_i/snn_top_hls_0/inst/encoder_spikes_fifo_U/U_snn_top_hls_fifo_w41_d32_A_ram/ram_reg[1]
    SLICE_X81Y49         LUT4 (Prop_lut4_I2_O)        0.152     4.485 r  design_1_i/snn_top_hls_0/inst/encoder_spikes_fifo_U/U_snn_top_hls_fifo_w41_d32_A_ram/ram_reg_i_51__0/O
                         net (fo=40, routed)          0.864     5.348    design_1_i/snn_top_hls_0/inst/grp_run_encoder_once_fu_5557/grp_run_encoder_once_Pipeline_ENCODER_LOOP_fu_170/ram_reg_9
    SLICE_X85Y53         LUT5 (Prop_lut5_I4_O)        0.326     5.674 f  design_1_i/snn_top_hls_0/inst/grp_run_encoder_once_fu_5557/grp_run_encoder_once_Pipeline_ENCODER_LOOP_fu_170/spike_prob_3_reg_8928_reg_i_17/O
                         net (fo=1, routed)           0.567     6.241    design_1_i/snn_top_hls_0/inst/grp_run_encoder_once_fu_5557/grp_run_encoder_once_Pipeline_ENCODER_LOOP_fu_170/urem_32ns_16ns_16_36_1_U82/snn_top_hls_urem_32ns_16ns_16_36_1_divider_u/add_ln153_1_reg_8749_reg[0]_0
    SLICE_X83Y53         LUT6 (Prop_lut6_I5_O)        0.124     6.365 f  design_1_i/snn_top_hls_0/inst/grp_run_encoder_once_fu_5557/grp_run_encoder_once_Pipeline_ENCODER_LOOP_fu_170/urem_32ns_16ns_16_36_1_U82/snn_top_hls_urem_32ns_16ns_16_36_1_divider_u/spike_prob_3_reg_8928_reg_i_5/O
                         net (fo=3, routed)           0.941     7.307    design_1_i/snn_top_hls_0/inst/grp_run_encoder_once_fu_5557/grp_run_encoder_once_Pipeline_ENCODER_LOOP_fu_170/urem_32ns_16ns_16_36_1_U82/snn_top_hls_urem_32ns_16ns_16_36_1_divider_u/full_n_reg_0
    SLICE_X67Y55         LUT2 (Prop_lut2_I1_O)        0.150     7.457 r  design_1_i/snn_top_hls_0/inst/grp_run_encoder_once_fu_5557/grp_run_encoder_once_Pipeline_ENCODER_LOOP_fu_170/urem_32ns_16ns_16_36_1_U82/snn_top_hls_urem_32ns_16ns_16_36_1_divider_u/spike_prob_3_reg_8928_reg_i_1/O
                         net (fo=134, routed)         0.533     7.990    design_1_i/snn_top_hls_0/inst/grp_run_encoder_once_fu_5557/grp_run_encoder_once_Pipeline_ENCODER_LOOP_fu_170/urem_32ns_16ns_16_36_1_U82/snn_top_hls_urem_32ns_16ns_16_36_1_divider_u/ap_CS_fsm_reg[1][0]
    SLICE_X67Y57         LUT6 (Prop_lut6_I3_O)        0.326     8.316 r  design_1_i/snn_top_hls_0/inst/grp_run_encoder_once_fu_5557/grp_run_encoder_once_Pipeline_ENCODER_LOOP_fu_170/urem_32ns_16ns_16_36_1_U82/snn_top_hls_urem_32ns_16ns_16_36_1_divider_u/divisor_tmp[0][15]_i_5/O
                         net (fo=1, routed)           0.751     9.067    design_1_i/snn_top_hls_0/inst/grp_run_encoder_once_fu_5557/grp_run_encoder_once_Pipeline_ENCODER_LOOP_fu_170/urem_32ns_16ns_16_36_1_U82/snn_top_hls_urem_32ns_16ns_16_36_1_divider_u/divisor_tmp[0][15]_i_5_n_5
    SLICE_X59Y63         LUT6 (Prop_lut6_I5_O)        0.124     9.191 r  design_1_i/snn_top_hls_0/inst/grp_run_encoder_once_fu_5557/grp_run_encoder_once_Pipeline_ENCODER_LOOP_fu_170/urem_32ns_16ns_16_36_1_U82/snn_top_hls_urem_32ns_16ns_16_36_1_divider_u/divisor_tmp[0][15]_i_1/O
                         net (fo=2868, routed)        1.283    10.474    design_1_i/snn_top_hls_0/inst/grp_run_encoder_once_fu_5557/grp_run_encoder_once_Pipeline_ENCODER_LOOP_fu_170/urem_32ns_16ns_16_36_1_U82/grp_fu_1402_ce
    SLICE_X50Y72         LUT2 (Prop_lut2_I0_O)        0.124    10.598 r  design_1_i/snn_top_hls_0/inst/grp_run_encoder_once_fu_5557/grp_run_encoder_once_Pipeline_ENCODER_LOOP_fu_170/urem_32ns_16ns_16_36_1_U82/i_/O
                         net (fo=15, routed)          1.092    11.690    design_1_i/snn_top_hls_0/inst/grp_run_encoder_once_fu_5557/grp_run_encoder_once_Pipeline_ENCODER_LOOP_fu_170/urem_32ns_16ns_16_36_1_U82/snn_top_hls_urem_32ns_16ns_16_36_1_divider_u/loop[0].remd_tmp_reg[1][1]_0
    SLICE_X45Y84         FDRE                                         r  design_1_i/snn_top_hls_0/inst/grp_run_encoder_once_fu_5557/grp_run_encoder_once_Pipeline_ENCODER_LOOP_fu_170/urem_32ns_16ns_16_36_1_U82/snn_top_hls_urem_32ns_16ns_16_36_1_divider_u/loop[0].remd_tmp_reg[1][13]/R
  -------------------------------------------------------------------    -------------------

                         (clock clk_fpga_0 rise edge)
                                                     10.000    10.000 r  
    PS7_X0Y0             PS7                          0.000    10.000 r  design_1_i/processing_system7_0/inst/PS7_i/FCLKCLK[0]
                         net (fo=1, routed)           1.088    11.088    design_1_i/processing_system7_0/inst/FCLK_CLK_unbuffered[0]
    BUFGCTRL_X0Y16       BUFG (Prop_bufg_I_O)         0.091    11.179 r  design_1_i/processing_system7_0/inst/buffer_fclk_clk_0.FCLK_CLK_0_BUFG/O
                         net (fo=11219, routed)       1.472    12.651    design_1_i/snn_top_hls_0/inst/grp_run_encoder_once_fu_5557/grp_run_encoder_once_Pipeline_ENCODER_LOOP_fu_170/urem_32ns_16ns_16_36_1_U82/snn_top_hls_urem_32ns_16ns_16_36_1_divider_u/ap_clk
    SLICE_X45Y84         FDRE                                         r  design_1_i/snn_top_hls_0/inst/grp_run_encoder_once_fu_5557/grp_run_encoder_once_Pipeline_ENCODER_LOOP_fu_170/urem_32ns_16ns_16_36_1_U82/snn_top_hls_urem_32ns_16ns_16_36_1_divider_u/loop[0].remd_tmp_reg[1][13]/C
                         clock pessimism              0.115    12.766    
                         clock uncertainty           -0.154    12.612    
    SLICE_X45Y84         FDRE (Setup_fdre_C_R)       -0.429    12.183    design_1_i/snn_top_hls_0/inst/grp_run_encoder_once_fu_5557/grp_run_encoder_once_Pipeline_ENCODER_LOOP_fu_170/urem_32ns_16ns_16_36_1_U82/snn_top_hls_urem_32ns_16ns_16_36_1_divider_u/loop[0].remd_tmp_reg[1][13]
  -------------------------------------------------------------------
                         required time                         12.183    
                         arrival time                         -11.690    
  -------------------------------------------------------------------
                         slack                                  0.493    

Slack (MET) :             0.493ns  (required time - arrival time)
  Source:                 design_1_i/snn_top_hls_0/inst/encoder_config_encoding_type_reg_13120_reg[1]/C
                            (rising edge-triggered cell FDRE clocked by clk_fpga_0  {rise@0.000ns fall@5.000ns period=10.000ns})
  Destination:            design_1_i/snn_top_hls_0/inst/grp_run_encoder_once_fu_5557/grp_run_encoder_once_Pipeline_ENCODER_LOOP_fu_170/urem_32ns_16ns_16_36_1_U82/snn_top_hls_urem_32ns_16ns_16_36_1_divider_u/loop[0].remd_tmp_reg[1][14]/R
                            (rising edge-triggered cell FDRE clocked by clk_fpga_0  {rise@0.000ns fall@5.000ns period=10.000ns})
  Path Group:             clk_fpga_0
  Path Type:              Setup (Max at Slow Process Corner)
  Requirement:            10.000ns  (clk_fpga_0 rise@10.000ns - clk_fpga_0 rise@0.000ns)
  Data Path Delay:        8.657ns  (logic 1.782ns (20.585%)  route 6.875ns (79.415%))
  Logic Levels:           7  (LUT2=2 LUT4=1 LUT5=1 LUT6=3)
  Clock Path Skew:        -0.267ns (DCD - SCD + CPR)
    Destination Clock Delay (DCD):    2.651ns = ( 12.651 - 10.000 ) 
    Source Clock Delay      (SCD):    3.033ns
    Clock Pessimism Removal (CPR):    0.115ns
  Clock Uncertainty:      0.154ns  ((TSJ^2 + TIJ^2)^1/2 + DJ) / 2 + PE
    Total System Jitter     (TSJ):    0.071ns
    Total Input Jitter      (TIJ):    0.300ns
    Discrete Jitter          (DJ):    0.000ns
    Phase Error              (PE):    0.000ns

    Location             Delay type                Incr(ns)  Path(ns)    Netlist Resource(s)
  -------------------------------------------------------------------    -------------------
                         (clock clk_fpga_0 rise edge)
                                                      0.000     0.000 r  
    PS7_X0Y0             PS7                          0.000     0.000 r  design_1_i/processing_system7_0/inst/PS7_i/FCLKCLK[0]
                         net (fo=1, routed)           1.193     1.193    design_1_i/processing_system7_0/inst/FCLK_CLK_unbuffered[0]
    BUFGCTRL_X0Y16       BUFG (Prop_bufg_I_O)         0.101     1.294 r  design_1_i/processing_system7_0/inst/buffer_fclk_clk_0.FCLK_CLK_0_BUFG/O
                         net (fo=11219, routed)       1.739     3.033    design_1_i/snn_top_hls_0/inst/ap_clk
    SLICE_X81Y48         FDRE                                         r  design_1_i/snn_top_hls_0/inst/encoder_config_encoding_type_reg_13120_reg[1]/C
  -------------------------------------------------------------------    -------------------
    SLICE_X81Y48         FDRE (Prop_fdre_C_Q)         0.456     3.489 f  design_1_i/snn_top_hls_0/inst/encoder_config_encoding_type_reg_13120_reg[1]/Q
                         net (fo=24, routed)          0.844     4.333    design_1_i/snn_top_hls_0/inst/encoder_spikes_fifo_U/U_snn_top_hls_fifo_w41_d32_A_ram/ram_reg[1]
    SLICE_X81Y49         LUT4 (Prop_lut4_I2_O)        0.152     4.485 r  design_1_i/snn_top_hls_0/inst/encoder_spikes_fifo_U/U_snn_top_hls_fifo_w41_d32_A_ram/ram_reg_i_51__0/O
                         net (fo=40, routed)          0.864     5.348    design_1_i/snn_top_hls_0/inst/grp_run_encoder_once_fu_5557/grp_run_encoder_once_Pipeline_ENCODER_LOOP_fu_170/ram_reg_9
    SLICE_X85Y53         LUT5 (Prop_lut5_I4_O)        0.326     5.674 f  design_1_i/snn_top_hls_0/inst/grp_run_encoder_once_fu_5557/grp_run_encoder_once_Pipeline_ENCODER_LOOP_fu_170/spike_prob_3_reg_8928_reg_i_17/O
                         net (fo=1, routed)           0.567     6.241    design_1_i/snn_top_hls_0/inst/grp_run_encoder_once_fu_5557/grp_run_encoder_once_Pipeline_ENCODER_LOOP_fu_170/urem_32ns_16ns_16_36_1_U82/snn_top_hls_urem_32ns_16ns_16_36_1_divider_u/add_ln153_1_reg_8749_reg[0]_0
    SLICE_X83Y53         LUT6 (Prop_lut6_I5_O)        0.124     6.365 f  design_1_i/snn_top_hls_0/inst/grp_run_encoder_once_fu_5557/grp_run_encoder_once_Pipeline_ENCODER_LOOP_fu_170/urem_32ns_16ns_16_36_1_U82/snn_top_hls_urem_32ns_16ns_16_36_1_divider_u/spike_prob_3_reg_8928_reg_i_5/O
                         net (fo=3, routed)           0.941     7.307    design_1_i/snn_top_hls_0/inst/grp_run_encoder_once_fu_5557/grp_run_encoder_once_Pipeline_ENCODER_LOOP_fu_170/urem_32ns_16ns_16_36_1_U82/snn_top_hls_urem_32ns_16ns_16_36_1_divider_u/full_n_reg_0
    SLICE_X67Y55         LUT2 (Prop_lut2_I1_O)        0.150     7.457 r  design_1_i/snn_top_hls_0/inst/grp_run_encoder_once_fu_5557/grp_run_encoder_once_Pipeline_ENCODER_LOOP_fu_170/urem_32ns_16ns_16_36_1_U82/snn_top_hls_urem_32ns_16ns_16_36_1_divider_u/spike_prob_3_reg_8928_reg_i_1/O
                         net (fo=134, routed)         0.533     7.990    design_1_i/snn_top_hls_0/inst/grp_run_encoder_once_fu_5557/grp_run_encoder_once_Pipeline_ENCODER_LOOP_fu_170/urem_32ns_16ns_16_36_1_U82/snn_top_hls_urem_32ns_16ns_16_36_1_divider_u/ap_CS_fsm_reg[1][0]
    SLICE_X67Y57         LUT6 (Prop_lut6_I3_O)        0.326     8.316 r  design_1_i/snn_top_hls_0/inst/grp_run_encoder_once_fu_5557/grp_run_encoder_once_Pipeline_ENCODER_LOOP_fu_170/urem_32ns_16ns_16_36_1_U82/snn_top_hls_urem_32ns_16ns_16_36_1_divider_u/divisor_tmp[0][15]_i_5/O
                         net (fo=1, routed)           0.751     9.067    design_1_i/snn_top_hls_0/inst/grp_run_encoder_once_fu_5557/grp_run_encoder_once_Pipeline_ENCODER_LOOP_fu_170/urem_32ns_16ns_16_36_1_U82/snn_top_hls_urem_32ns_16ns_16_36_1_divider_u/divisor_tmp[0][15]_i_5_n_5
    SLICE_X59Y63         LUT6 (Prop_lut6_I5_O)        0.124     9.191 r  design_1_i/snn_top_hls_0/inst/grp_run_encoder_once_fu_5557/grp_run_encoder_once_Pipeline_ENCODER_LOOP_fu_170/urem_32ns_16ns_16_36_1_U82/snn_top_hls_urem_32ns_16ns_16_36_1_divider_u/divisor_tmp[0][15]_i_1/O
                         net (fo=2868, routed)        1.283    10.474    design_1_i/snn_top_hls_0/inst/grp_run_encoder_once_fu_5557/grp_run_encoder_once_Pipeline_ENCODER_LOOP_fu_170/urem_32ns_16ns_16_36_1_U82/grp_fu_1402_ce
    SLICE_X50Y72         LUT2 (Prop_lut2_I0_O)        0.124    10.598 r  design_1_i/snn_top_hls_0/inst/grp_run_encoder_once_fu_5557/grp_run_encoder_once_Pipeline_ENCODER_LOOP_fu_170/urem_32ns_16ns_16_36_1_U82/i_/O
                         net (fo=15, routed)          1.092    11.690    design_1_i/snn_top_hls_0/inst/grp_run_encoder_once_fu_5557/grp_run_encoder_once_Pipeline_ENCODER_LOOP_fu_170/urem_32ns_16ns_16_36_1_U82/snn_top_hls_urem_32ns_16ns_16_36_1_divider_u/loop[0].remd_tmp_reg[1][1]_0
    SLICE_X45Y84         FDRE                                         r  design_1_i/snn_top_hls_0/inst/grp_run_encoder_once_fu_5557/grp_run_encoder_once_Pipeline_ENCODER_LOOP_fu_170/urem_32ns_16ns_16_36_1_U82/snn_top_hls_urem_32ns_16ns_16_36_1_divider_u/loop[0].remd_tmp_reg[1][14]/R
  -------------------------------------------------------------------    -------------------

                         (clock clk_fpga_0 rise edge)
                                                     10.000    10.000 r  
    PS7_X0Y0             PS7                          0.000    10.000 r  design_1_i/processing_system7_0/inst/PS7_i/FCLKCLK[0]
                         net (fo=1, routed)           1.088    11.088    design_1_i/processing_system7_0/inst/FCLK_CLK_unbuffered[0]
    BUFGCTRL_X0Y16       BUFG (Prop_bufg_I_O)         0.091    11.179 r  design_1_i/processing_system7_0/inst/buffer_fclk_clk_0.FCLK_CLK_0_BUFG/O
                         net (fo=11219, routed)       1.472    12.651    design_1_i/snn_top_hls_0/inst/grp_run_encoder_once_fu_5557/grp_run_encoder_once_Pipeline_ENCODER_LOOP_fu_170/urem_32ns_16ns_16_36_1_U82/snn_top_hls_urem_32ns_16ns_16_36_1_divider_u/ap_clk
    SLICE_X45Y84         FDRE                                         r  design_1_i/snn_top_hls_0/inst/grp_run_encoder_once_fu_5557/grp_run_encoder_once_Pipeline_ENCODER_LOOP_fu_170/urem_32ns_16ns_16_36_1_U82/snn_top_hls_urem_32ns_16ns_16_36_1_divider_u/loop[0].remd_tmp_reg[1][14]/C
                         clock pessimism              0.115    12.766    
                         clock uncertainty           -0.154    12.612    
    SLICE_X45Y84         FDRE (Setup_fdre_C_R)       -0.429    12.183    design_1_i/snn_top_hls_0/inst/grp_run_encoder_once_fu_5557/grp_run_encoder_once_Pipeline_ENCODER_LOOP_fu_170/urem_32ns_16ns_16_36_1_U82/snn_top_hls_urem_32ns_16ns_16_36_1_divider_u/loop[0].remd_tmp_reg[1][14]
  -------------------------------------------------------------------
                         required time                         12.183    
                         arrival time                         -11.690    
  -------------------------------------------------------------------
                         slack                                  0.493    

Slack (MET) :             0.493ns  (required time - arrival time)
  Source:                 design_1_i/snn_top_hls_0/inst/encoder_config_encoding_type_reg_13120_reg[1]/C
                            (rising edge-triggered cell FDRE clocked by clk_fpga_0  {rise@0.000ns fall@5.000ns period=10.000ns})
  Destination:            design_1_i/snn_top_hls_0/inst/grp_run_encoder_once_fu_5557/grp_run_encoder_once_Pipeline_ENCODER_LOOP_fu_170/urem_32ns_16ns_16_36_1_U82/snn_top_hls_urem_32ns_16ns_16_36_1_divider_u/loop[0].remd_tmp_reg[1][15]/R
                            (rising edge-triggered cell FDRE clocked by clk_fpga_0  {rise@0.000ns fall@5.000ns period=10.000ns})
  Path Group:             clk_fpga_0
  Path Type:              Setup (Max at Slow Process Corner)
  Requirement:            10.000ns  (clk_fpga_0 rise@10.000ns - clk_fpga_0 rise@0.000ns)
  Data Path Delay:        8.657ns  (logic 1.782ns (20.585%)  route 6.875ns (79.415%))
  Logic Levels:           7  (LUT2=2 LUT4=1 LUT5=1 LUT6=3)
  Clock Path Skew:        -0.267ns (DCD - SCD + CPR)
    Destination Clock Delay (DCD):    2.651ns = ( 12.651 - 10.000 ) 
    Source Clock Delay      (SCD):    3.033ns
    Clock Pessimism Removal (CPR):    0.115ns
  Clock Uncertainty:      0.154ns  ((TSJ^2 + TIJ^2)^1/2 + DJ) / 2 + PE
    Total System Jitter     (TSJ):    0.071ns
    Total Input Jitter      (TIJ):    0.300ns
    Discrete Jitter          (DJ):    0.000ns
    Phase Error              (PE):    0.000ns

    Location             Delay type                Incr(ns)  Path(ns)    Netlist Resource(s)
  -------------------------------------------------------------------    -------------------
                         (clock clk_fpga_0 rise edge)
                                                      0.000     0.000 r  
    PS7_X0Y0             PS7                          0.000     0.000 r  design_1_i/processing_system7_0/inst/PS7_i/FCLKCLK[0]
                         net (fo=1, routed)           1.193     1.193    design_1_i/processing_system7_0/inst/FCLK_CLK_unbuffered[0]
    BUFGCTRL_X0Y16       BUFG (Prop_bufg_I_O)         0.101     1.294 r  design_1_i/processing_system7_0/inst/buffer_fclk_clk_0.FCLK_CLK_0_BUFG/O
                         net (fo=11219, routed)       1.739     3.033    design_1_i/snn_top_hls_0/inst/ap_clk
    SLICE_X81Y48         FDRE                                         r  design_1_i/snn_top_hls_0/inst/encoder_config_encoding_type_reg_13120_reg[1]/C
  -------------------------------------------------------------------    -------------------
    SLICE_X81Y48         FDRE (Prop_fdre_C_Q)         0.456     3.489 f  design_1_i/snn_top_hls_0/inst/encoder_config_encoding_type_reg_13120_reg[1]/Q
                         net (fo=24, routed)          0.844     4.333    design_1_i/snn_top_hls_0/inst/encoder_spikes_fifo_U/U_snn_top_hls_fifo_w41_d32_A_ram/ram_reg[1]
    SLICE_X81Y49         LUT4 (Prop_lut4_I2_O)        0.152     4.485 r  design_1_i/snn_top_hls_0/inst/encoder_spikes_fifo_U/U_snn_top_hls_fifo_w41_d32_A_ram/ram_reg_i_51__0/O
                         net (fo=40, routed)          0.864     5.348    design_1_i/snn_top_hls_0/inst/grp_run_encoder_once_fu_5557/grp_run_encoder_once_Pipeline_ENCODER_LOOP_fu_170/ram_reg_9
    SLICE_X85Y53         LUT5 (Prop_lut5_I4_O)        0.326     5.674 f  design_1_i/snn_top_hls_0/inst/grp_run_encoder_once_fu_5557/grp_run_encoder_once_Pipeline_ENCODER_LOOP_fu_170/spike_prob_3_reg_8928_reg_i_17/O
                         net (fo=1, routed)           0.567     6.241    design_1_i/snn_top_hls_0/inst/grp_run_encoder_once_fu_5557/grp_run_encoder_once_Pipeline_ENCODER_LOOP_fu_170/urem_32ns_16ns_16_36_1_U82/snn_top_hls_urem_32ns_16ns_16_36_1_divider_u/add_ln153_1_reg_8749_reg[0]_0
    SLICE_X83Y53         LUT6 (Prop_lut6_I5_O)        0.124     6.365 f  design_1_i/snn_top_hls_0/inst/grp_run_encoder_once_fu_5557/grp_run_encoder_once_Pipeline_ENCODER_LOOP_fu_170/urem_32ns_16ns_16_36_1_U82/snn_top_hls_urem_32ns_16ns_16_36_1_divider_u/spike_prob_3_reg_8928_reg_i_5/O
                         net (fo=3, routed)           0.941     7.307    design_1_i/snn_top_hls_0/inst/grp_run_encoder_once_fu_5557/grp_run_encoder_once_Pipeline_ENCODER_LOOP_fu_170/urem_32ns_16ns_16_36_1_U82/snn_top_hls_urem_32ns_16ns_16_36_1_divider_u/full_n_reg_0
    SLICE_X67Y55         LUT2 (Prop_lut2_I1_O)        0.150     7.457 r  design_1_i/snn_top_hls_0/inst/grp_run_encoder_once_fu_5557/grp_run_encoder_once_Pipeline_ENCODER_LOOP_fu_170/urem_32ns_16ns_16_36_1_U82/snn_top_hls_urem_32ns_16ns_16_36_1_divider_u/spike_prob_3_reg_8928_reg_i_1/O
                         net (fo=134, routed)         0.533     7.990    design_1_i/snn_top_hls_0/inst/grp_run_encoder_once_fu_5557/grp_run_encoder_once_Pipeline_ENCODER_LOOP_fu_170/urem_32ns_16ns_16_36_1_U82/snn_top_hls_urem_32ns_16ns_16_36_1_divider_u/ap_CS_fsm_reg[1][0]
    SLICE_X67Y57         LUT6 (Prop_lut6_I3_O)        0.326     8.316 r  design_1_i/snn_top_hls_0/inst/grp_run_encoder_once_fu_5557/grp_run_encoder_once_Pipeline_ENCODER_LOOP_fu_170/urem_32ns_16ns_16_36_1_U82/snn_top_hls_urem_32ns_16ns_16_36_1_divider_u/divisor_tmp[0][15]_i_5/O
                         net (fo=1, routed)           0.751     9.067    design_1_i/snn_top_hls_0/inst/grp_run_encoder_once_fu_5557/grp_run_encoder_once_Pipeline_ENCODER_LOOP_fu_170/urem_32ns_16ns_16_36_1_U82/snn_top_hls_urem_32ns_16ns_16_36_1_divider_u/divisor_tmp[0][15]_i_5_n_5
    SLICE_X59Y63         LUT6 (Prop_lut6_I5_O)        0.124     9.191 r  design_1_i/snn_top_hls_0/inst/grp_run_encoder_once_fu_5557/grp_run_encoder_once_Pipeline_ENCODER_LOOP_fu_170/urem_32ns_16ns_16_36_1_U82/snn_top_hls_urem_32ns_16ns_16_36_1_divider_u/divisor_tmp[0][15]_i_1/O
                         net (fo=2868, routed)        1.283    10.474    design_1_i/snn_top_hls_0/inst/grp_run_encoder_once_fu_5557/grp_run_encoder_once_Pipeline_ENCODER_LOOP_fu_170/urem_32ns_16ns_16_36_1_U82/grp_fu_1402_ce
    SLICE_X50Y72         LUT2 (Prop_lut2_I0_O)        0.124    10.598 r  design_1_i/snn_top_hls_0/inst/grp_run_encoder_once_fu_5557/grp_run_encoder_once_Pipeline_ENCODER_LOOP_fu_170/urem_32ns_16ns_16_36_1_U82/i_/O
                         net (fo=15, routed)          1.092    11.690    design_1_i/snn_top_hls_0/inst/grp_run_encoder_once_fu_5557/grp_run_encoder_once_Pipeline_ENCODER_LOOP_fu_170/urem_32ns_16ns_16_36_1_U82/snn_top_hls_urem_32ns_16ns_16_36_1_divider_u/loop[0].remd_tmp_reg[1][1]_0
    SLICE_X45Y84         FDRE                                         r  design_1_i/snn_top_hls_0/inst/grp_run_encoder_once_fu_5557/grp_run_encoder_once_Pipeline_ENCODER_LOOP_fu_170/urem_32ns_16ns_16_36_1_U82/snn_top_hls_urem_32ns_16ns_16_36_1_divider_u/loop[0].remd_tmp_reg[1][15]/R
  -------------------------------------------------------------------    -------------------

                         (clock clk_fpga_0 rise edge)
                                                     10.000    10.000 r  
    PS7_X0Y0             PS7                          0.000    10.000 r  design_1_i/processing_system7_0/inst/PS7_i/FCLKCLK[0]
                         net (fo=1, routed)           1.088    11.088    design_1_i/processing_system7_0/inst/FCLK_CLK_unbuffered[0]
    BUFGCTRL_X0Y16       BUFG (Prop_bufg_I_O)         0.091    11.179 r  design_1_i/processing_system7_0/inst/buffer_fclk_clk_0.FCLK_CLK_0_BUFG/O
                         net (fo=11219, routed)       1.472    12.651    design_1_i/snn_top_hls_0/inst/grp_run_encoder_once_fu_5557/grp_run_encoder_once_Pipeline_ENCODER_LOOP_fu_170/urem_32ns_16ns_16_36_1_U82/snn_top_hls_urem_32ns_16ns_16_36_1_divider_u/ap_clk
    SLICE_X45Y84         FDRE                                         r  design_1_i/snn_top_hls_0/inst/grp_run_encoder_once_fu_5557/grp_run_encoder_once_Pipeline_ENCODER_LOOP_fu_170/urem_32ns_16ns_16_36_1_U82/snn_top_hls_urem_32ns_16ns_16_36_1_divider_u/loop[0].remd_tmp_reg[1][15]/C
                         clock pessimism              0.115    12.766    
                         clock uncertainty           -0.154    12.612    
    SLICE_X45Y84         FDRE (Setup_fdre_C_R)       -0.429    12.183    design_1_i/snn_top_hls_0/inst/grp_run_encoder_once_fu_5557/grp_run_encoder_once_Pipeline_ENCODER_LOOP_fu_170/urem_32ns_16ns_16_36_1_U82/snn_top_hls_urem_32ns_16ns_16_36_1_divider_u/loop[0].remd_tmp_reg[1][15]
  -------------------------------------------------------------------
                         required time                         12.183    
                         arrival time                         -11.690    
  -------------------------------------------------------------------
                         slack                                  0.493    

Slack (MET) :             0.527ns  (required time - arrival time)
  Source:                 design_1_i/snn_top_hls_0/inst/encoder_frame_U/ram_reg/CLKBWRCLK
                            (rising edge-triggered cell RAMB18E1 clocked by clk_fpga_0  {rise@0.000ns fall@5.000ns period=10.000ns})
  Destination:            design_1_i/snn_top_hls_0/inst/grp_run_encoder_once_fu_5557/grp_run_encoder_once_Pipeline_ENCODER_LOOP_fu_170/spike_prob_22_reg_9569_reg/B[5]
                            (rising edge-triggered cell DSP48E1 clocked by clk_fpga_0  {rise@0.000ns fall@5.000ns period=10.000ns})
  Path Group:             clk_fpga_0
  Path Type:              Setup (Max at Slow Process Corner)
  Requirement:            10.000ns  (clk_fpga_0 rise@10.000ns - clk_fpga_0 rise@0.000ns)
  Data Path Delay:        8.729ns  (logic 2.454ns (28.114%)  route 6.275ns (71.886%))
  Logic Levels:           0  
  Clock Path Skew:        -0.141ns (DCD - SCD + CPR)
    Destination Clock Delay (DCD):    2.849ns = ( 12.849 - 10.000 ) 
    Source Clock Delay      (SCD):    3.118ns
    Clock Pessimism Removal (CPR):    0.129ns
  Clock Uncertainty:      0.154ns  ((TSJ^2 + TIJ^2)^1/2 + DJ) / 2 + PE
    Total System Jitter     (TSJ):    0.071ns
    Total Input Jitter      (TIJ):    0.300ns
    Discrete Jitter          (DJ):    0.000ns
    Phase Error              (PE):    0.000ns

    Location             Delay type                Incr(ns)  Path(ns)    Netlist Resource(s)
  -------------------------------------------------------------------    -------------------
                         (clock clk_fpga_0 rise edge)
                                                      0.000     0.000 r  
    PS7_X0Y0             PS7                          0.000     0.000 r  design_1_i/processing_system7_0/inst/PS7_i/FCLKCLK[0]
                         net (fo=1, routed)           1.193     1.193    design_1_i/processing_system7_0/inst/FCLK_CLK_unbuffered[0]
    BUFGCTRL_X0Y16       BUFG (Prop_bufg_I_O)         0.101     1.294 r  design_1_i/processing_system7_0/inst/buffer_fclk_clk_0.FCLK_CLK_0_BUFG/O
                         net (fo=11219, routed)       1.824     3.118    design_1_i/snn_top_hls_0/inst/encoder_frame_U/ap_clk
    RAMB18_X4Y10         RAMB18E1                                     r  design_1_i/snn_top_hls_0/inst/encoder_frame_U/ram_reg/CLKBWRCLK
  -------------------------------------------------------------------    -------------------
    RAMB18_X4Y10         RAMB18E1 (Prop_ramb18e1_CLKBWRCLK_DOBDO[5])
                                                      2.454     5.572 r  design_1_i/snn_top_hls_0/inst/encoder_frame_U/ram_reg/DOBDO[5]
                         net (fo=16, routed)          6.275    11.847    design_1_i/snn_top_hls_0/inst/grp_run_encoder_once_fu_5557/grp_run_encoder_once_Pipeline_ENCODER_LOOP_fu_170/spike_prob_22_reg_9569_reg_0[5]
    DSP48_X0Y16          DSP48E1                                      r  design_1_i/snn_top_hls_0/inst/grp_run_encoder_once_fu_5557/grp_run_encoder_once_Pipeline_ENCODER_LOOP_fu_170/spike_prob_22_reg_9569_reg/B[5]
  -------------------------------------------------------------------    -------------------

                         (clock clk_fpga_0 rise edge)
                                                     10.000    10.000 r  
    PS7_X0Y0             PS7                          0.000    10.000 r  design_1_i/processing_system7_0/inst/PS7_i/FCLKCLK[0]
                         net (fo=1, routed)           1.088    11.088    design_1_i/processing_system7_0/inst/FCLK_CLK_unbuffered[0]
    BUFGCTRL_X0Y16       BUFG (Prop_bufg_I_O)         0.091    11.179 r  design_1_i/processing_system7_0/inst/buffer_fclk_clk_0.FCLK_CLK_0_BUFG/O
                         net (fo=11219, routed)       1.670    12.849    design_1_i/snn_top_hls_0/inst/grp_run_encoder_once_fu_5557/grp_run_encoder_once_Pipeline_ENCODER_LOOP_fu_170/ap_clk
    DSP48_X0Y16          DSP48E1                                      r  design_1_i/snn_top_hls_0/inst/grp_run_encoder_once_fu_5557/grp_run_encoder_once_Pipeline_ENCODER_LOOP_fu_170/spike_prob_22_reg_9569_reg/CLK
                         clock pessimism              0.129    12.978    
                         clock uncertainty           -0.154    12.824    
    DSP48_X0Y16          DSP48E1 (Setup_dsp48e1_CLK_B[5])
                                                     -0.450    12.374    design_1_i/snn_top_hls_0/inst/grp_run_encoder_once_fu_5557/grp_run_encoder_once_Pipeline_ENCODER_LOOP_fu_170/spike_prob_22_reg_9569_reg
  -------------------------------------------------------------------
                         required time                         12.374    
                         arrival time                         -11.847    
  -------------------------------------------------------------------
                         slack                                  0.527    

Slack (MET) :             0.534ns  (required time - arrival time)
  Source:                 design_1_i/snn_top_hls_0/inst/encoder_frame_U/ram_reg/CLKBWRCLK
                            (rising edge-triggered cell RAMB18E1 clocked by clk_fpga_0  {rise@0.000ns fall@5.000ns period=10.000ns})
  Destination:            design_1_i/snn_top_hls_0/inst/grp_run_encoder_once_fu_5557/grp_run_encoder_once_Pipeline_ENCODER_LOOP_fu_170/spike_prob_22_reg_9569_reg/B[4]
                            (rising edge-triggered cell DSP48E1 clocked by clk_fpga_0  {rise@0.000ns fall@5.000ns period=10.000ns})
  Path Group:             clk_fpga_0
  Path Type:              Setup (Max at Slow Process Corner)
  Requirement:            10.000ns  (clk_fpga_0 rise@10.000ns - clk_fpga_0 rise@0.000ns)
  Data Path Delay:        8.722ns  (logic 2.454ns (28.137%)  route 6.268ns (71.863%))
  Logic Levels:           0  
  Clock Path Skew:        -0.141ns (DCD - SCD + CPR)
    Destination Clock Delay (DCD):    2.849ns = ( 12.849 - 10.000 ) 
    Source Clock Delay      (SCD):    3.118ns
    Clock Pessimism Removal (CPR):    0.129ns
  Clock Uncertainty:      0.154ns  ((TSJ^2 + TIJ^2)^1/2 + DJ) / 2 + PE
    Total System Jitter     (TSJ):    0.071ns
    Total Input Jitter      (TIJ):    0.300ns
    Discrete Jitter          (DJ):    0.000ns
    Phase Error              (PE):    0.000ns

    Location             Delay type                Incr(ns)  Path(ns)    Netlist Resource(s)
  -------------------------------------------------------------------    -------------------
                         (clock clk_fpga_0 rise edge)
                                                      0.000     0.000 r  
    PS7_X0Y0             PS7                          0.000     0.000 r  design_1_i/processing_system7_0/inst/PS7_i/FCLKCLK[0]
                         net (fo=1, routed)           1.193     1.193    design_1_i/processing_system7_0/inst/FCLK_CLK_unbuffered[0]
    BUFGCTRL_X0Y16       BUFG (Prop_bufg_I_O)         0.101     1.294 r  design_1_i/processing_system7_0/inst/buffer_fclk_clk_0.FCLK_CLK_0_BUFG/O
                         net (fo=11219, routed)       1.824     3.118    design_1_i/snn_top_hls_0/inst/encoder_frame_U/ap_clk
    RAMB18_X4Y10         RAMB18E1                                     r  design_1_i/snn_top_hls_0/inst/encoder_frame_U/ram_reg/CLKBWRCLK
  -------------------------------------------------------------------    -------------------
    RAMB18_X4Y10         RAMB18E1 (Prop_ramb18e1_CLKBWRCLK_DOBDO[4])
                                                      2.454     5.572 r  design_1_i/snn_top_hls_0/inst/encoder_frame_U/ram_reg/DOBDO[4]
                         net (fo=16, routed)          6.268    11.840    design_1_i/snn_top_hls_0/inst/grp_run_encoder_once_fu_5557/grp_run_encoder_once_Pipeline_ENCODER_LOOP_fu_170/spike_prob_22_reg_9569_reg_0[4]
    DSP48_X0Y16          DSP48E1                                      r  design_1_i/snn_top_hls_0/inst/grp_run_encoder_once_fu_5557/grp_run_encoder_once_Pipeline_ENCODER_LOOP_fu_170/spike_prob_22_reg_9569_reg/B[4]
  -------------------------------------------------------------------    -------------------

                         (clock clk_fpga_0 rise edge)
                                                     10.000    10.000 r  
    PS7_X0Y0             PS7                          0.000    10.000 r  design_1_i/processing_system7_0/inst/PS7_i/FCLKCLK[0]
                         net (fo=1, routed)           1.088    11.088    design_1_i/processing_system7_0/inst/FCLK_CLK_unbuffered[0]
    BUFGCTRL_X0Y16       BUFG (Prop_bufg_I_O)         0.091    11.179 r  design_1_i/processing_system7_0/inst/buffer_fclk_clk_0.FCLK_CLK_0_BUFG/O
                         net (fo=11219, routed)       1.670    12.849    design_1_i/snn_top_hls_0/inst/grp_run_encoder_once_fu_5557/grp_run_encoder_once_Pipeline_ENCODER_LOOP_fu_170/ap_clk
    DSP48_X0Y16          DSP48E1                                      r  design_1_i/snn_top_hls_0/inst/grp_run_encoder_once_fu_5557/grp_run_encoder_once_Pipeline_ENCODER_LOOP_fu_170/spike_prob_22_reg_9569_reg/CLK
                         clock pessimism              0.129    12.978    
                         clock uncertainty           -0.154    12.824    
    DSP48_X0Y16          DSP48E1 (Setup_dsp48e1_CLK_B[4])
                                                     -0.450    12.374    design_1_i/snn_top_hls_0/inst/grp_run_encoder_once_fu_5557/grp_run_encoder_once_Pipeline_ENCODER_LOOP_fu_170/spike_prob_22_reg_9569_reg
  -------------------------------------------------------------------
                         required time                         12.374    
                         arrival time                         -11.840    
  -------------------------------------------------------------------
                         slack                                  0.534    

Slack (MET) :             0.582ns  (required time - arrival time)
  Source:                 design_1_i/proc_sys_reset_0/U0/ACTIVE_LOW_PR_OUT_DFF[0].FDRE_PER_N/C
                            (rising edge-triggered cell FDRE clocked by clk_fpga_0  {rise@0.000ns fall@5.000ns period=10.000ns})
  Destination:            design_1_i/snn_top_hls_0/inst/grp_run_encoder_once_fu_5557/grp_run_encoder_once_Pipeline_ENCODER_LOOP_fu_170/ap_enable_reg_pp0_iter1_reg/D
                            (rising edge-triggered cell FDRE clocked by clk_fpga_0  {rise@0.000ns fall@5.000ns period=10.000ns})
  Path Group:             clk_fpga_0
  Path Type:              Setup (Max at Slow Process Corner)
  Requirement:            10.000ns  (clk_fpga_0 rise@10.000ns - clk_fpga_0 rise@0.000ns)
  Data Path Delay:        9.217ns  (logic 0.580ns (6.292%)  route 8.637ns (93.708%))
  Logic Levels:           1  (LUT6=1)
  Clock Path Skew:        -0.078ns (DCD - SCD + CPR)
    Destination Clock Delay (DCD):    2.741ns = ( 12.741 - 10.000 ) 
    Source Clock Delay      (SCD):    2.934ns
    Clock Pessimism Removal (CPR):    0.115ns
  Clock Uncertainty:      0.154ns  ((TSJ^2 + TIJ^2)^1/2 + DJ) / 2 + PE
    Total System Jitter     (TSJ):    0.071ns
    Total Input Jitter      (TIJ):    0.300ns
    Discrete Jitter          (DJ):    0.000ns
    Phase Error              (PE):    0.000ns

    Location             Delay type                Incr(ns)  Path(ns)    Netlist Resource(s)
  -------------------------------------------------------------------    -------------------
                         (clock clk_fpga_0 rise edge)
                                                      0.000     0.000 r  
    PS7_X0Y0             PS7                          0.000     0.000 r  design_1_i/processing_system7_0/inst/PS7_i/FCLKCLK[0]
                         net (fo=1, routed)           1.193     1.193    design_1_i/processing_system7_0/inst/FCLK_CLK_unbuffered[0]
    BUFGCTRL_X0Y16       BUFG (Prop_bufg_I_O)         0.101     1.294 r  design_1_i/processing_system7_0/inst/buffer_fclk_clk_0.FCLK_CLK_0_BUFG/O
                         net (fo=11219, routed)       1.640     2.934    design_1_i/proc_sys_reset_0/U0/slowest_sync_clk
    SLICE_X52Y98         FDRE                                         r  design_1_i/proc_sys_reset_0/U0/ACTIVE_LOW_PR_OUT_DFF[0].FDRE_PER_N/C
  -------------------------------------------------------------------    -------------------
    SLICE_X52Y98         FDRE (Prop_fdre_C_Q)         0.456     3.390 r  design_1_i/proc_sys_reset_0/U0/ACTIVE_LOW_PR_OUT_DFF[0].FDRE_PER_N/Q
                         net (fo=42, routed)          8.637    12.027    design_1_i/snn_top_hls_0/inst/grp_run_encoder_once_fu_5557/grp_run_encoder_once_Pipeline_ENCODER_LOOP_fu_170/ap_rst_n
    SLICE_X79Y49         LUT6 (Prop_lut6_I2_O)        0.124    12.151 r  design_1_i/snn_top_hls_0/inst/grp_run_encoder_once_fu_5557/grp_run_encoder_once_Pipeline_ENCODER_LOOP_fu_170/ap_enable_reg_pp0_iter1_i_1__3/O
                         net (fo=1, routed)           0.000    12.151    design_1_i/snn_top_hls_0/inst/grp_run_encoder_once_fu_5557/grp_run_encoder_once_Pipeline_ENCODER_LOOP_fu_170/ap_enable_reg_pp0_iter1_i_1__3_n_5
    SLICE_X79Y49         FDRE                                         r  design_1_i/snn_top_hls_0/inst/grp_run_encoder_once_fu_5557/grp_run_encoder_once_Pipeline_ENCODER_LOOP_fu_170/ap_enable_reg_pp0_iter1_reg/D
  -------------------------------------------------------------------    -------------------

                         (clock clk_fpga_0 rise edge)
                                                     10.000    10.000 r  
    PS7_X0Y0             PS7                          0.000    10.000 r  design_1_i/processing_system7_0/inst/PS7_i/FCLKCLK[0]
                         net (fo=1, routed)           1.088    11.088    design_1_i/processing_system7_0/inst/FCLK_CLK_unbuffered[0]
    BUFGCTRL_X0Y16       BUFG (Prop_bufg_I_O)         0.091    11.179 r  design_1_i/processing_system7_0/inst/buffer_fclk_clk_0.FCLK_CLK_0_BUFG/O
                         net (fo=11219, routed)       1.562    12.741    design_1_i/snn_top_hls_0/inst/grp_run_encoder_once_fu_5557/grp_run_encoder_once_Pipeline_ENCODER_LOOP_fu_170/ap_clk
    SLICE_X79Y49         FDRE                                         r  design_1_i/snn_top_hls_0/inst/grp_run_encoder_once_fu_5557/grp_run_encoder_once_Pipeline_ENCODER_LOOP_fu_170/ap_enable_reg_pp0_iter1_reg/C
                         clock pessimism              0.115    12.856    
                         clock uncertainty           -0.154    12.702    
    SLICE_X79Y49         FDRE (Setup_fdre_C_D)        0.031    12.733    design_1_i/snn_top_hls_0/inst/grp_run_encoder_once_fu_5557/grp_run_encoder_once_Pipeline_ENCODER_LOOP_fu_170/ap_enable_reg_pp0_iter1_reg
  -------------------------------------------------------------------
                         required time                         12.733    
                         arrival time                         -12.151    
  -------------------------------------------------------------------
                         slack                                  0.582    

Slack (MET) :             0.605ns  (required time - arrival time)
  Source:                 design_1_i/snn_top_hls_0/inst/encoder_frame_U/ram_reg/CLKBWRCLK
                            (rising edge-triggered cell RAMB18E1 clocked by clk_fpga_0  {rise@0.000ns fall@5.000ns period=10.000ns})
  Destination:            design_1_i/snn_top_hls_0/inst/grp_run_encoder_once_fu_5557/grp_run_encoder_once_Pipeline_ENCODER_LOOP_fu_170/spike_prob_4_reg_8911_reg/B[4]
                            (rising edge-triggered cell DSP48E1 clocked by clk_fpga_0  {rise@0.000ns fall@5.000ns period=10.000ns})
  Path Group:             clk_fpga_0
  Path Type:              Setup (Max at Slow Process Corner)
  Requirement:            10.000ns  (clk_fpga_0 rise@10.000ns - clk_fpga_0 rise@0.000ns)
  Data Path Delay:        8.641ns  (logic 2.454ns (28.400%)  route 6.187ns (71.600%))
  Logic Levels:           0  
  Clock Path Skew:        -0.150ns (DCD - SCD + CPR)
    Destination Clock Delay (DCD):    2.840ns = ( 12.840 - 10.000 ) 
    Source Clock Delay      (SCD):    3.118ns
    Clock Pessimism Removal (CPR):    0.129ns
  Clock Uncertainty:      0.154ns  ((TSJ^2 + TIJ^2)^1/2 + DJ) / 2 + PE
    Total System Jitter     (TSJ):    0.071ns
    Total Input Jitter      (TIJ):    0.300ns
    Discrete Jitter          (DJ):    0.000ns
    Phase Error              (PE):    0.000ns

    Location             Delay type                Incr(ns)  Path(ns)    Netlist Resource(s)
  -------------------------------------------------------------------    -------------------
                         (clock clk_fpga_0 rise edge)
                                                      0.000     0.000 r  
    PS7_X0Y0             PS7                          0.000     0.000 r  design_1_i/processing_system7_0/inst/PS7_i/FCLKCLK[0]
                         net (fo=1, routed)           1.193     1.193    design_1_i/processing_system7_0/inst/FCLK_CLK_unbuffered[0]
    BUFGCTRL_X0Y16       BUFG (Prop_bufg_I_O)         0.101     1.294 r  design_1_i/processing_system7_0/inst/buffer_fclk_clk_0.FCLK_CLK_0_BUFG/O
                         net (fo=11219, routed)       1.824     3.118    design_1_i/snn_top_hls_0/inst/encoder_frame_U/ap_clk
    RAMB18_X4Y10         RAMB18E1                                     r  design_1_i/snn_top_hls_0/inst/encoder_frame_U/ram_reg/CLKBWRCLK
  -------------------------------------------------------------------    -------------------
    RAMB18_X4Y10         RAMB18E1 (Prop_ramb18e1_CLKBWRCLK_DOBDO[4])
                                                      2.454     5.572 r  design_1_i/snn_top_hls_0/inst/encoder_frame_U/ram_reg/DOBDO[4]
                         net (fo=16, routed)          6.187    11.759    design_1_i/snn_top_hls_0/inst/grp_run_encoder_once_fu_5557/grp_run_encoder_once_Pipeline_ENCODER_LOOP_fu_170/spike_prob_22_reg_9569_reg_0[4]
    DSP48_X0Y12          DSP48E1                                      r  design_1_i/snn_top_hls_0/inst/grp_run_encoder_once_fu_5557/grp_run_encoder_once_Pipeline_ENCODER_LOOP_fu_170/spike_prob_4_reg_8911_reg/B[4]
  -------------------------------------------------------------------    -------------------

                         (clock clk_fpga_0 rise edge)
                                                     10.000    10.000 r  
    PS7_X0Y0             PS7                          0.000    10.000 r  design_1_i/processing_system7_0/inst/PS7_i/FCLKCLK[0]
                         net (fo=1, routed)           1.088    11.088    design_1_i/processing_system7_0/inst/FCLK_CLK_unbuffered[0]
    BUFGCTRL_X0Y16       BUFG (Prop_bufg_I_O)         0.091    11.179 r  design_1_i/processing_system7_0/inst/buffer_fclk_clk_0.FCLK_CLK_0_BUFG/O
                         net (fo=11219, routed)       1.661    12.840    design_1_i/snn_top_hls_0/inst/grp_run_encoder_once_fu_5557/grp_run_encoder_once_Pipeline_ENCODER_LOOP_fu_170/ap_clk
    DSP48_X0Y12          DSP48E1                                      r  design_1_i/snn_top_hls_0/inst/grp_run_encoder_once_fu_5557/grp_run_encoder_once_Pipeline_ENCODER_LOOP_fu_170/spike_prob_4_reg_8911_reg/CLK
                         clock pessimism              0.129    12.969    
                         clock uncertainty           -0.154    12.815    
    DSP48_X0Y12          DSP48E1 (Setup_dsp48e1_CLK_B[4])
                                                     -0.450    12.365    design_1_i/snn_top_hls_0/inst/grp_run_encoder_once_fu_5557/grp_run_encoder_once_Pipeline_ENCODER_LOOP_fu_170/spike_prob_4_reg_8911_reg
  -------------------------------------------------------------------
                         required time                         12.365    
                         arrival time                         -11.759    
  -------------------------------------------------------------------
                         slack                                  0.605    

Slack (MET) :             0.628ns  (required time - arrival time)
  Source:                 design_1_i/snn_top_hls_0/inst/encoder_config_encoding_type_reg_13120_reg[1]/C
                            (rising edge-triggered cell FDRE clocked by clk_fpga_0  {rise@0.000ns fall@5.000ns period=10.000ns})
  Destination:            design_1_i/snn_top_hls_0/inst/grp_run_encoder_once_fu_5557/grp_run_encoder_once_Pipeline_ENCODER_LOOP_fu_170/urem_32ns_16ns_16_36_1_U82/snn_top_hls_urem_32ns_16ns_16_36_1_divider_u/loop[0].remd_tmp_reg[1][1]/R
                            (rising edge-triggered cell FDRE clocked by clk_fpga_0  {rise@0.000ns fall@5.000ns period=10.000ns})
  Path Group:             clk_fpga_0
  Path Type:              Setup (Max at Slow Process Corner)
  Requirement:            10.000ns  (clk_fpga_0 rise@10.000ns - clk_fpga_0 rise@0.000ns)
  Data Path Delay:        8.518ns  (logic 1.782ns (20.921%)  route 6.736ns (79.079%))
  Logic Levels:           7  (LUT2=2 LUT4=1 LUT5=1 LUT6=3)
  Clock Path Skew:        -0.271ns (DCD - SCD + CPR)
    Destination Clock Delay (DCD):    2.647ns = ( 12.647 - 10.000 ) 
    Source Clock Delay      (SCD):    3.033ns
    Clock Pessimism Removal (CPR):    0.115ns
  Clock Uncertainty:      0.154ns  ((TSJ^2 + TIJ^2)^1/2 + DJ) / 2 + PE
    Total System Jitter     (TSJ):    0.071ns
    Total Input Jitter      (TIJ):    0.300ns
    Discrete Jitter          (DJ):    0.000ns
    Phase Error              (PE):    0.000ns

    Location             Delay type                Incr(ns)  Path(ns)    Netlist Resource(s)
  -------------------------------------------------------------------    -------------------
                         (clock clk_fpga_0 rise edge)
                                                      0.000     0.000 r  
    PS7_X0Y0             PS7                          0.000     0.000 r  design_1_i/processing_system7_0/inst/PS7_i/FCLKCLK[0]
                         net (fo=1, routed)           1.193     1.193    design_1_i/processing_system7_0/inst/FCLK_CLK_unbuffered[0]
    BUFGCTRL_X0Y16       BUFG (Prop_bufg_I_O)         0.101     1.294 r  design_1_i/processing_system7_0/inst/buffer_fclk_clk_0.FCLK_CLK_0_BUFG/O
                         net (fo=11219, routed)       1.739     3.033    design_1_i/snn_top_hls_0/inst/ap_clk
    SLICE_X81Y48         FDRE                                         r  design_1_i/snn_top_hls_0/inst/encoder_config_encoding_type_reg_13120_reg[1]/C
  -------------------------------------------------------------------    -------------------
    SLICE_X81Y48         FDRE (Prop_fdre_C_Q)         0.456     3.489 f  design_1_i/snn_top_hls_0/inst/encoder_config_encoding_type_reg_13120_reg[1]/Q
                         net (fo=24, routed)          0.844     4.333    design_1_i/snn_top_hls_0/inst/encoder_spikes_fifo_U/U_snn_top_hls_fifo_w41_d32_A_ram/ram_reg[1]
    SLICE_X81Y49         LUT4 (Prop_lut4_I2_O)        0.152     4.485 r  design_1_i/snn_top_hls_0/inst/encoder_spikes_fifo_U/U_snn_top_hls_fifo_w41_d32_A_ram/ram_reg_i_51__0/O
                         net (fo=40, routed)          0.864     5.348    design_1_i/snn_top_hls_0/inst/grp_run_encoder_once_fu_5557/grp_run_encoder_once_Pipeline_ENCODER_LOOP_fu_170/ram_reg_9
    SLICE_X85Y53         LUT5 (Prop_lut5_I4_O)        0.326     5.674 f  design_1_i/snn_top_hls_0/inst/grp_run_encoder_once_fu_5557/grp_run_encoder_once_Pipeline_ENCODER_LOOP_fu_170/spike_prob_3_reg_8928_reg_i_17/O
                         net (fo=1, routed)           0.567     6.241    design_1_i/snn_top_hls_0/inst/grp_run_encoder_once_fu_5557/grp_run_encoder_once_Pipeline_ENCODER_LOOP_fu_170/urem_32ns_16ns_16_36_1_U82/snn_top_hls_urem_32ns_16ns_16_36_1_divider_u/add_ln153_1_reg_8749_reg[0]_0
    SLICE_X83Y53         LUT6 (Prop_lut6_I5_O)        0.124     6.365 f  design_1_i/snn_top_hls_0/inst/grp_run_encoder_once_fu_5557/grp_run_encoder_once_Pipeline_ENCODER_LOOP_fu_170/urem_32ns_16ns_16_36_1_U82/snn_top_hls_urem_32ns_16ns_16_36_1_divider_u/spike_prob_3_reg_8928_reg_i_5/O
                         net (fo=3, routed)           0.941     7.307    design_1_i/snn_top_hls_0/inst/grp_run_encoder_once_fu_5557/grp_run_encoder_once_Pipeline_ENCODER_LOOP_fu_170/urem_32ns_16ns_16_36_1_U82/snn_top_hls_urem_32ns_16ns_16_36_1_divider_u/full_n_reg_0
    SLICE_X67Y55         LUT2 (Prop_lut2_I1_O)        0.150     7.457 r  design_1_i/snn_top_hls_0/inst/grp_run_encoder_once_fu_5557/grp_run_encoder_once_Pipeline_ENCODER_LOOP_fu_170/urem_32ns_16ns_16_36_1_U82/snn_top_hls_urem_32ns_16ns_16_36_1_divider_u/spike_prob_3_reg_8928_reg_i_1/O
                         net (fo=134, routed)         0.533     7.990    design_1_i/snn_top_hls_0/inst/grp_run_encoder_once_fu_5557/grp_run_encoder_once_Pipeline_ENCODER_LOOP_fu_170/urem_32ns_16ns_16_36_1_U82/snn_top_hls_urem_32ns_16ns_16_36_1_divider_u/ap_CS_fsm_reg[1][0]
    SLICE_X67Y57         LUT6 (Prop_lut6_I3_O)        0.326     8.316 r  design_1_i/snn_top_hls_0/inst/grp_run_encoder_once_fu_5557/grp_run_encoder_once_Pipeline_ENCODER_LOOP_fu_170/urem_32ns_16ns_16_36_1_U82/snn_top_hls_urem_32ns_16ns_16_36_1_divider_u/divisor_tmp[0][15]_i_5/O
                         net (fo=1, routed)           0.751     9.067    design_1_i/snn_top_hls_0/inst/grp_run_encoder_once_fu_5557/grp_run_encoder_once_Pipeline_ENCODER_LOOP_fu_170/urem_32ns_16ns_16_36_1_U82/snn_top_hls_urem_32ns_16ns_16_36_1_divider_u/divisor_tmp[0][15]_i_5_n_5
    SLICE_X59Y63         LUT6 (Prop_lut6_I5_O)        0.124     9.191 r  design_1_i/snn_top_hls_0/inst/grp_run_encoder_once_fu_5557/grp_run_encoder_once_Pipeline_ENCODER_LOOP_fu_170/urem_32ns_16ns_16_36_1_U82/snn_top_hls_urem_32ns_16ns_16_36_1_divider_u/divisor_tmp[0][15]_i_1/O
                         net (fo=2868, routed)        1.283    10.474    design_1_i/snn_top_hls_0/inst/grp_run_encoder_once_fu_5557/grp_run_encoder_once_Pipeline_ENCODER_LOOP_fu_170/urem_32ns_16ns_16_36_1_U82/grp_fu_1402_ce
    SLICE_X50Y72         LUT2 (Prop_lut2_I0_O)        0.124    10.598 r  design_1_i/snn_top_hls_0/inst/grp_run_encoder_once_fu_5557/grp_run_encoder_once_Pipeline_ENCODER_LOOP_fu_170/urem_32ns_16ns_16_36_1_U82/i_/O
                         net (fo=15, routed)          0.953    11.551    design_1_i/snn_top_hls_0/inst/grp_run_encoder_once_fu_5557/grp_run_encoder_once_Pipeline_ENCODER_LOOP_fu_170/urem_32ns_16ns_16_36_1_U82/snn_top_hls_urem_32ns_16ns_16_36_1_divider_u/loop[0].remd_tmp_reg[1][1]_0
    SLICE_X45Y81         FDRE                                         r  design_1_i/snn_top_hls_0/inst/grp_run_encoder_once_fu_5557/grp_run_encoder_once_Pipeline_ENCODER_LOOP_fu_170/urem_32ns_16ns_16_36_1_U82/snn_top_hls_urem_32ns_16ns_16_36_1_divider_u/loop[0].remd_tmp_reg[1][1]/R
  -------------------------------------------------------------------    -------------------

                         (clock clk_fpga_0 rise edge)
                                                     10.000    10.000 r  
    PS7_X0Y0             PS7                          0.000    10.000 r  design_1_i/processing_system7_0/inst/PS7_i/FCLKCLK[0]
                         net (fo=1, routed)           1.088    11.088    design_1_i/processing_system7_0/inst/FCLK_CLK_unbuffered[0]
    BUFGCTRL_X0Y16       BUFG (Prop_bufg_I_O)         0.091    11.179 r  design_1_i/processing_system7_0/inst/buffer_fclk_clk_0.FCLK_CLK_0_BUFG/O
                         net (fo=11219, routed)       1.468    12.647    design_1_i/snn_top_hls_0/inst/grp_run_encoder_once_fu_5557/grp_run_encoder_once_Pipeline_ENCODER_LOOP_fu_170/urem_32ns_16ns_16_36_1_U82/snn_top_hls_urem_32ns_16ns_16_36_1_divider_u/ap_clk
    SLICE_X45Y81         FDRE                                         r  design_1_i/snn_top_hls_0/inst/grp_run_encoder_once_fu_5557/grp_run_encoder_once_Pipeline_ENCODER_LOOP_fu_170/urem_32ns_16ns_16_36_1_U82/snn_top_hls_urem_32ns_16ns_16_36_1_divider_u/loop[0].remd_tmp_reg[1][1]/C
                         clock pessimism              0.115    12.762    
                         clock uncertainty           -0.154    12.608    
    SLICE_X45Y81         FDRE (Setup_fdre_C_R)       -0.429    12.179    design_1_i/snn_top_hls_0/inst/grp_run_encoder_once_fu_5557/grp_run_encoder_once_Pipeline_ENCODER_LOOP_fu_170/urem_32ns_16ns_16_36_1_U82/snn_top_hls_urem_32ns_16ns_16_36_1_divider_u/loop[0].remd_tmp_reg[1][1]
  -------------------------------------------------------------------
                         required time                         12.179    
                         arrival time                         -11.551    
  -------------------------------------------------------------------
                         slack                                  0.628    

Slack (MET) :             0.628ns  (required time - arrival time)
  Source:                 design_1_i/snn_top_hls_0/inst/encoder_config_encoding_type_reg_13120_reg[1]/C
                            (rising edge-triggered cell FDRE clocked by clk_fpga_0  {rise@0.000ns fall@5.000ns period=10.000ns})
  Destination:            design_1_i/snn_top_hls_0/inst/grp_run_encoder_once_fu_5557/grp_run_encoder_once_Pipeline_ENCODER_LOOP_fu_170/urem_32ns_16ns_16_36_1_U82/snn_top_hls_urem_32ns_16ns_16_36_1_divider_u/loop[0].remd_tmp_reg[1][2]/R
                            (rising edge-triggered cell FDRE clocked by clk_fpga_0  {rise@0.000ns fall@5.000ns period=10.000ns})
  Path Group:             clk_fpga_0
  Path Type:              Setup (Max at Slow Process Corner)
  Requirement:            10.000ns  (clk_fpga_0 rise@10.000ns - clk_fpga_0 rise@0.000ns)
  Data Path Delay:        8.518ns  (logic 1.782ns (20.921%)  route 6.736ns (79.079%))
  Logic Levels:           7  (LUT2=2 LUT4=1 LUT5=1 LUT6=3)
  Clock Path Skew:        -0.271ns (DCD - SCD + CPR)
    Destination Clock Delay (DCD):    2.647ns = ( 12.647 - 10.000 ) 
    Source Clock Delay      (SCD):    3.033ns
    Clock Pessimism Removal (CPR):    0.115ns
  Clock Uncertainty:      0.154ns  ((TSJ^2 + TIJ^2)^1/2 + DJ) / 2 + PE
    Total System Jitter     (TSJ):    0.071ns
    Total Input Jitter      (TIJ):    0.300ns
    Discrete Jitter          (DJ):    0.000ns
    Phase Error              (PE):    0.000ns

    Location             Delay type                Incr(ns)  Path(ns)    Netlist Resource(s)
  -------------------------------------------------------------------    -------------------
                         (clock clk_fpga_0 rise edge)
                                                      0.000     0.000 r  
    PS7_X0Y0             PS7                          0.000     0.000 r  design_1_i/processing_system7_0/inst/PS7_i/FCLKCLK[0]
                         net (fo=1, routed)           1.193     1.193    design_1_i/processing_system7_0/inst/FCLK_CLK_unbuffered[0]
    BUFGCTRL_X0Y16       BUFG (Prop_bufg_I_O)         0.101     1.294 r  design_1_i/processing_system7_0/inst/buffer_fclk_clk_0.FCLK_CLK_0_BUFG/O
                         net (fo=11219, routed)       1.739     3.033    design_1_i/snn_top_hls_0/inst/ap_clk
    SLICE_X81Y48         FDRE                                         r  design_1_i/snn_top_hls_0/inst/encoder_config_encoding_type_reg_13120_reg[1]/C
  -------------------------------------------------------------------    -------------------
    SLICE_X81Y48         FDRE (Prop_fdre_C_Q)         0.456     3.489 f  design_1_i/snn_top_hls_0/inst/encoder_config_encoding_type_reg_13120_reg[1]/Q
                         net (fo=24, routed)          0.844     4.333    design_1_i/snn_top_hls_0/inst/encoder_spikes_fifo_U/U_snn_top_hls_fifo_w41_d32_A_ram/ram_reg[1]
    SLICE_X81Y49         LUT4 (Prop_lut4_I2_O)        0.152     4.485 r  design_1_i/snn_top_hls_0/inst/encoder_spikes_fifo_U/U_snn_top_hls_fifo_w41_d32_A_ram/ram_reg_i_51__0/O
                         net (fo=40, routed)          0.864     5.348    design_1_i/snn_top_hls_0/inst/grp_run_encoder_once_fu_5557/grp_run_encoder_once_Pipeline_ENCODER_LOOP_fu_170/ram_reg_9
    SLICE_X85Y53         LUT5 (Prop_lut5_I4_O)        0.326     5.674 f  design_1_i/snn_top_hls_0/inst/grp_run_encoder_once_fu_5557/grp_run_encoder_once_Pipeline_ENCODER_LOOP_fu_170/spike_prob_3_reg_8928_reg_i_17/O
                         net (fo=1, routed)           0.567     6.241    design_1_i/snn_top_hls_0/inst/grp_run_encoder_once_fu_5557/grp_run_encoder_once_Pipeline_ENCODER_LOOP_fu_170/urem_32ns_16ns_16_36_1_U82/snn_top_hls_urem_32ns_16ns_16_36_1_divider_u/add_ln153_1_reg_8749_reg[0]_0
    SLICE_X83Y53         LUT6 (Prop_lut6_I5_O)        0.124     6.365 f  design_1_i/snn_top_hls_0/inst/grp_run_encoder_once_fu_5557/grp_run_encoder_once_Pipeline_ENCODER_LOOP_fu_170/urem_32ns_16ns_16_36_1_U82/snn_top_hls_urem_32ns_16ns_16_36_1_divider_u/spike_prob_3_reg_8928_reg_i_5/O
                         net (fo=3, routed)           0.941     7.307    design_1_i/snn_top_hls_0/inst/grp_run_encoder_once_fu_5557/grp_run_encoder_once_Pipeline_ENCODER_LOOP_fu_170/urem_32ns_16ns_16_36_1_U82/snn_top_hls_urem_32ns_16ns_16_36_1_divider_u/full_n_reg_0
    SLICE_X67Y55         LUT2 (Prop_lut2_I1_O)        0.150     7.457 r  design_1_i/snn_top_hls_0/inst/grp_run_encoder_once_fu_5557/grp_run_encoder_once_Pipeline_ENCODER_LOOP_fu_170/urem_32ns_16ns_16_36_1_U82/snn_top_hls_urem_32ns_16ns_16_36_1_divider_u/spike_prob_3_reg_8928_reg_i_1/O
                         net (fo=134, routed)         0.533     7.990    design_1_i/snn_top_hls_0/inst/grp_run_encoder_once_fu_5557/grp_run_encoder_once_Pipeline_ENCODER_LOOP_fu_170/urem_32ns_16ns_16_36_1_U82/snn_top_hls_urem_32ns_16ns_16_36_1_divider_u/ap_CS_fsm_reg[1][0]
    SLICE_X67Y57         LUT6 (Prop_lut6_I3_O)        0.326     8.316 r  design_1_i/snn_top_hls_0/inst/grp_run_encoder_once_fu_5557/grp_run_encoder_once_Pipeline_ENCODER_LOOP_fu_170/urem_32ns_16ns_16_36_1_U82/snn_top_hls_urem_32ns_16ns_16_36_1_divider_u/divisor_tmp[0][15]_i_5/O
                         net (fo=1, routed)           0.751     9.067    design_1_i/snn_top_hls_0/inst/grp_run_encoder_once_fu_5557/grp_run_encoder_once_Pipeline_ENCODER_LOOP_fu_170/urem_32ns_16ns_16_36_1_U82/snn_top_hls_urem_32ns_16ns_16_36_1_divider_u/divisor_tmp[0][15]_i_5_n_5
    SLICE_X59Y63         LUT6 (Prop_lut6_I5_O)        0.124     9.191 r  design_1_i/snn_top_hls_0/inst/grp_run_encoder_once_fu_5557/grp_run_encoder_once_Pipeline_ENCODER_LOOP_fu_170/urem_32ns_16ns_16_36_1_U82/snn_top_hls_urem_32ns_16ns_16_36_1_divider_u/divisor_tmp[0][15]_i_1/O
                         net (fo=2868, routed)        1.283    10.474    design_1_i/snn_top_hls_0/inst/grp_run_encoder_once_fu_5557/grp_run_encoder_once_Pipeline_ENCODER_LOOP_fu_170/urem_32ns_16ns_16_36_1_U82/grp_fu_1402_ce
    SLICE_X50Y72         LUT2 (Prop_lut2_I0_O)        0.124    10.598 r  design_1_i/snn_top_hls_0/inst/grp_run_encoder_once_fu_5557/grp_run_encoder_once_Pipeline_ENCODER_LOOP_fu_170/urem_32ns_16ns_16_36_1_U82/i_/O
                         net (fo=15, routed)          0.953    11.551    design_1_i/snn_top_hls_0/inst/grp_run_encoder_once_fu_5557/grp_run_encoder_once_Pipeline_ENCODER_LOOP_fu_170/urem_32ns_16ns_16_36_1_U82/snn_top_hls_urem_32ns_16ns_16_36_1_divider_u/loop[0].remd_tmp_reg[1][1]_0
    SLICE_X45Y81         FDRE                                         r  design_1_i/snn_top_hls_0/inst/grp_run_encoder_once_fu_5557/grp_run_encoder_once_Pipeline_ENCODER_LOOP_fu_170/urem_32ns_16ns_16_36_1_U82/snn_top_hls_urem_32ns_16ns_16_36_1_divider_u/loop[0].remd_tmp_reg[1][2]/R
  -------------------------------------------------------------------    -------------------

                         (clock clk_fpga_0 rise edge)
                                                     10.000    10.000 r  
    PS7_X0Y0             PS7                          0.000    10.000 r  design_1_i/processing_system7_0/inst/PS7_i/FCLKCLK[0]
                         net (fo=1, routed)           1.088    11.088    design_1_i/processing_system7_0/inst/FCLK_CLK_unbuffered[0]
    BUFGCTRL_X0Y16       BUFG (Prop_bufg_I_O)         0.091    11.179 r  design_1_i/processing_system7_0/inst/buffer_fclk_clk_0.FCLK_CLK_0_BUFG/O
                         net (fo=11219, routed)       1.468    12.647    design_1_i/snn_top_hls_0/inst/grp_run_encoder_once_fu_5557/grp_run_encoder_once_Pipeline_ENCODER_LOOP_fu_170/urem_32ns_16ns_16_36_1_U82/snn_top_hls_urem_32ns_16ns_16_36_1_divider_u/ap_clk
    SLICE_X45Y81         FDRE                                         r  design_1_i/snn_top_hls_0/inst/grp_run_encoder_once_fu_5557/grp_run_encoder_once_Pipeline_ENCODER_LOOP_fu_170/urem_32ns_16ns_16_36_1_U82/snn_top_hls_urem_32ns_16ns_16_36_1_divider_u/loop[0].remd_tmp_reg[1][2]/C
                         clock pessimism              0.115    12.762    
                         clock uncertainty           -0.154    12.608    
    SLICE_X45Y81         FDRE (Setup_fdre_C_R)       -0.429    12.179    design_1_i/snn_top_hls_0/inst/grp_run_encoder_once_fu_5557/grp_run_encoder_once_Pipeline_ENCODER_LOOP_fu_170/urem_32ns_16ns_16_36_1_U82/snn_top_hls_urem_32ns_16ns_16_36_1_divider_u/loop[0].remd_tmp_reg[1][2]
  -------------------------------------------------------------------
                         required time                         12.179    
                         arrival time                         -11.551    
  -------------------------------------------------------------------
                         slack                                  0.628    





Min Delay Paths
--------------------------------------------------------------------------------------
Slack (MET) :             0.015ns  (arrival time - required time)
  Source:                 design_1_i/axi_dma_0/U0/I_PRMRY_DATAMOVER/GEN_S2MM_FULL.I_S2MM_FULL_WRAPPER/GEN_INCLUDE_IBTTCC.I_S2MM_MSTR_IBTTCC/sig_child_addr_cntr_msh_reg[2]/C
                            (rising edge-triggered cell FDRE clocked by clk_fpga_0  {rise@0.000ns fall@5.000ns period=10.000ns})
  Destination:            design_1_i/axi_dma_0/U0/I_PRMRY_DATAMOVER/GEN_S2MM_FULL.I_S2MM_FULL_WRAPPER/GEN_INCLUDE_IBTTCC.I_S2MM_MSTR_IBTTCC/sig_xfer_addr_reg_reg[18]/D
                            (rising edge-triggered cell FDRE clocked by clk_fpga_0  {rise@0.000ns fall@5.000ns period=10.000ns})
  Path Group:             clk_fpga_0
  Path Type:              Hold (Min at Fast Process Corner)
  Requirement:            0.000ns  (clk_fpga_0 rise@0.000ns - clk_fpga_0 rise@0.000ns)
  Data Path Delay:        0.353ns  (logic 0.141ns (39.973%)  route 0.212ns (60.027%))
  Logic Levels:           0  
  Clock Path Skew:        0.261ns (DCD - SCD - CPR)
    Destination Clock Delay (DCD):    1.192ns
    Source Clock Delay      (SCD):    0.901ns
    Clock Pessimism Removal (CPR):    0.030ns

    Location             Delay type                Incr(ns)  Path(ns)    Netlist Resource(s)
  -------------------------------------------------------------------    -------------------
                         (clock clk_fpga_0 rise edge)
                                                      0.000     0.000 r  
    PS7_X0Y0             PS7                          0.000     0.000 r  design_1_i/processing_system7_0/inst/PS7_i/FCLKCLK[0]
                         net (fo=1, routed)           0.310     0.310    design_1_i/processing_system7_0/inst/FCLK_CLK_unbuffered[0]
    BUFGCTRL_X0Y16       BUFG (Prop_bufg_I_O)         0.026     0.336 r  design_1_i/processing_system7_0/inst/buffer_fclk_clk_0.FCLK_CLK_0_BUFG/O
                         net (fo=11219, routed)       0.565     0.901    design_1_i/axi_dma_0/U0/I_PRMRY_DATAMOVER/GEN_S2MM_FULL.I_S2MM_FULL_WRAPPER/GEN_INCLUDE_IBTTCC.I_S2MM_MSTR_IBTTCC/m_axi_s2mm_aclk
    SLICE_X35Y49         FDRE                                         r  design_1_i/axi_dma_0/U0/I_PRMRY_DATAMOVER/GEN_S2MM_FULL.I_S2MM_FULL_WRAPPER/GEN_INCLUDE_IBTTCC.I_S2MM_MSTR_IBTTCC/sig_child_addr_cntr_msh_reg[2]/C
  -------------------------------------------------------------------    -------------------
    SLICE_X35Y49         FDRE (Prop_fdre_C_Q)         0.141     1.042 r  design_1_i/axi_dma_0/U0/I_PRMRY_DATAMOVER/GEN_S2MM_FULL.I_S2MM_FULL_WRAPPER/GEN_INCLUDE_IBTTCC.I_S2MM_MSTR_IBTTCC/sig_child_addr_cntr_msh_reg[2]/Q
                         net (fo=2, routed)           0.212     1.253    design_1_i/axi_dma_0/U0/I_PRMRY_DATAMOVER/GEN_S2MM_FULL.I_S2MM_FULL_WRAPPER/GEN_INCLUDE_IBTTCC.I_S2MM_MSTR_IBTTCC/sig_child_addr_cntr_msh_reg[2]
    SLICE_X34Y50         FDRE                                         r  design_1_i/axi_dma_0/U0/I_PRMRY_DATAMOVER/GEN_S2MM_FULL.I_S2MM_FULL_WRAPPER/GEN_INCLUDE_IBTTCC.I_S2MM_MSTR_IBTTCC/sig_xfer_addr_reg_reg[18]/D
  -------------------------------------------------------------------    -------------------

                         (clock clk_fpga_0 rise edge)
                                                      0.000     0.000 r  
    PS7_X0Y0             PS7                          0.000     0.000 r  design_1_i/processing_system7_0/inst/PS7_i/FCLKCLK[0]
                         net (fo=1, routed)           0.337     0.337    design_1_i/processing_system7_0/inst/FCLK_CLK_unbuffered[0]
    BUFGCTRL_X0Y16       BUFG (Prop_bufg_I_O)         0.029     0.366 r  design_1_i/processing_system7_0/inst/buffer_fclk_clk_0.FCLK_CLK_0_BUFG/O
                         net (fo=11219, routed)       0.826     1.192    design_1_i/axi_dma_0/U0/I_PRMRY_DATAMOVER/GEN_S2MM_FULL.I_S2MM_FULL_WRAPPER/GEN_INCLUDE_IBTTCC.I_S2MM_MSTR_IBTTCC/m_axi_s2mm_aclk
    SLICE_X34Y50         FDRE                                         r  design_1_i/axi_dma_0/U0/I_PRMRY_DATAMOVER/GEN_S2MM_FULL.I_S2MM_FULL_WRAPPER/GEN_INCLUDE_IBTTCC.I_S2MM_MSTR_IBTTCC/sig_xfer_addr_reg_reg[18]/C
                         clock pessimism             -0.030     1.162    
    SLICE_X34Y50         FDRE (Hold_fdre_C_D)         0.076     1.238    design_1_i/axi_dma_0/U0/I_PRMRY_DATAMOVER/GEN_S2MM_FULL.I_S2MM_FULL_WRAPPER/GEN_INCLUDE_IBTTCC.I_S2MM_MSTR_IBTTCC/sig_xfer_addr_reg_reg[18]
  -------------------------------------------------------------------
                         required time                         -1.238    
                         arrival time                           1.253    
  -------------------------------------------------------------------
                         slack                                  0.015    

Slack (MET) :             0.026ns  (arrival time - required time)
  Source:                 design_1_i/snn_top_hls_0/inst/grp_run_encoder_once_fu_5557/grp_run_encoder_once_Pipeline_ENCODER_LOOP_fu_170/add_ln135_11_reg_10146_reg[32]/C
                            (rising edge-triggered cell FDRE clocked by clk_fpga_0  {rise@0.000ns fall@5.000ns period=10.000ns})
  Destination:            design_1_i/snn_top_hls_0/inst/grp_run_encoder_once_fu_5557/grp_run_encoder_once_Pipeline_ENCODER_LOOP_fu_170/icmp_ln135_11_reg_10248_reg[0]/D
                            (rising edge-triggered cell FDRE clocked by clk_fpga_0  {rise@0.000ns fall@5.000ns period=10.000ns})
  Path Group:             clk_fpga_0
  Path Type:              Hold (Min at Fast Process Corner)
  Requirement:            0.000ns  (clk_fpga_0 rise@0.000ns - clk_fpga_0 rise@0.000ns)
  Data Path Delay:        0.392ns  (logic 0.276ns (70.486%)  route 0.116ns (29.514%))
  Logic Levels:           1  (CARRY4=1)
  Clock Path Skew:        0.274ns (DCD - SCD - CPR)
    Destination Clock Delay (DCD):    1.220ns
    Source Clock Delay      (SCD):    0.916ns
    Clock Pessimism Removal (CPR):    0.030ns

    Location             Delay type                Incr(ns)  Path(ns)    Netlist Resource(s)
  -------------------------------------------------------------------    -------------------
                         (clock clk_fpga_0 rise edge)
                                                      0.000     0.000 r  
    PS7_X0Y0             PS7                          0.000     0.000 r  design_1_i/processing_system7_0/inst/PS7_i/FCLKCLK[0]
                         net (fo=1, routed)           0.310     0.310    design_1_i/processing_system7_0/inst/FCLK_CLK_unbuffered[0]
    BUFGCTRL_X0Y16       BUFG (Prop_bufg_I_O)         0.026     0.336 r  design_1_i/processing_system7_0/inst/buffer_fclk_clk_0.FCLK_CLK_0_BUFG/O
                         net (fo=11219, routed)       0.580     0.916    design_1_i/snn_top_hls_0/inst/grp_run_encoder_once_fu_5557/grp_run_encoder_once_Pipeline_ENCODER_LOOP_fu_170/ap_clk
    SLICE_X66Y50         FDRE                                         r  design_1_i/snn_top_hls_0/inst/grp_run_encoder_once_fu_5557/grp_run_encoder_once_Pipeline_ENCODER_LOOP_fu_170/add_ln135_11_reg_10146_reg[32]/C
  -------------------------------------------------------------------    -------------------
    SLICE_X66Y50         FDRE (Prop_fdre_C_Q)         0.164     1.080 r  design_1_i/snn_top_hls_0/inst/grp_run_encoder_once_fu_5557/grp_run_encoder_once_Pipeline_ENCODER_LOOP_fu_170/add_ln135_11_reg_10146_reg[32]/Q
                         net (fo=2, routed)           0.116     1.195    design_1_i/snn_top_hls_0/inst/grp_run_encoder_once_fu_5557/grp_run_encoder_once_Pipeline_ENCODER_LOOP_fu_170/add_ln135_11_reg_10146[32]
    SLICE_X64Y49         CARRY4 (Prop_carry4_DI[0]_CO[0])
                                                      0.112     1.307 r  design_1_i/snn_top_hls_0/inst/grp_run_encoder_once_fu_5557/grp_run_encoder_once_Pipeline_ENCODER_LOOP_fu_170/icmp_ln135_11_reg_10248_reg[0]_i_1/CO[0]
                         net (fo=2, routed)           0.000     1.307    design_1_i/snn_top_hls_0/inst/grp_run_encoder_once_fu_5557/grp_run_encoder_once_Pipeline_ENCODER_LOOP_fu_170/icmp_ln135_11_fu_5952_p2[0]
    SLICE_X64Y49         FDRE                                         r  design_1_i/snn_top_hls_0/inst/grp_run_encoder_once_fu_5557/grp_run_encoder_once_Pipeline_ENCODER_LOOP_fu_170/icmp_ln135_11_reg_10248_reg[0]/D
  -------------------------------------------------------------------    -------------------

                         (clock clk_fpga_0 rise edge)
                                                      0.000     0.000 r  
    PS7_X0Y0             PS7                          0.000     0.000 r  design_1_i/processing_system7_0/inst/PS7_i/FCLKCLK[0]
                         net (fo=1, routed)           0.337     0.337    design_1_i/processing_system7_0/inst/FCLK_CLK_unbuffered[0]
    BUFGCTRL_X0Y16       BUFG (Prop_bufg_I_O)         0.029     0.366 r  design_1_i/processing_system7_0/inst/buffer_fclk_clk_0.FCLK_CLK_0_BUFG/O
                         net (fo=11219, routed)       0.854     1.220    design_1_i/snn_top_hls_0/inst/grp_run_encoder_once_fu_5557/grp_run_encoder_once_Pipeline_ENCODER_LOOP_fu_170/ap_clk
    SLICE_X64Y49         FDRE                                         r  design_1_i/snn_top_hls_0/inst/grp_run_encoder_once_fu_5557/grp_run_encoder_once_Pipeline_ENCODER_LOOP_fu_170/icmp_ln135_11_reg_10248_reg[0]/C
                         clock pessimism             -0.030     1.190    
    SLICE_X64Y49         FDRE (Hold_fdre_C_D)         0.091     1.281    design_1_i/snn_top_hls_0/inst/grp_run_encoder_once_fu_5557/grp_run_encoder_once_Pipeline_ENCODER_LOOP_fu_170/icmp_ln135_11_reg_10248_reg[0]
  -------------------------------------------------------------------
                         required time                         -1.281    
                         arrival time                           1.307    
  -------------------------------------------------------------------
                         slack                                  0.026    

Slack (MET) :             0.032ns  (arrival time - required time)
  Source:                 design_1_i/snn_top_hls_0/inst/grp_run_encoder_once_fu_5557/grp_run_encoder_once_Pipeline_ENCODER_LOOP_fu_170/urem_32ns_16ns_16_36_1_U83/snn_top_hls_urem_32ns_16ns_16_36_1_divider_u/loop[1].remd_tmp_reg[2][10]/C
                            (rising edge-triggered cell FDRE clocked by clk_fpga_0  {rise@0.000ns fall@5.000ns period=10.000ns})
  Destination:            design_1_i/snn_top_hls_0/inst/grp_run_encoder_once_fu_5557/grp_run_encoder_once_Pipeline_ENCODER_LOOP_fu_170/urem_32ns_16ns_16_36_1_U83/snn_top_hls_urem_32ns_16ns_16_36_1_divider_u/loop[2].remd_tmp_reg[3][11]/D
                            (rising edge-triggered cell FDRE clocked by clk_fpga_0  {rise@0.000ns fall@5.000ns period=10.000ns})
  Path Group:             clk_fpga_0
  Path Type:              Hold (Min at Fast Process Corner)
  Requirement:            0.000ns  (clk_fpga_0 rise@0.000ns - clk_fpga_0 rise@0.000ns)
  Data Path Delay:        0.389ns  (logic 0.186ns (47.784%)  route 0.203ns (52.216%))
  Logic Levels:           1  (LUT3=1)
  Clock Path Skew:        0.265ns (DCD - SCD - CPR)
    Destination Clock Delay (DCD):    1.180ns
    Source Clock Delay      (SCD):    0.880ns
    Clock Pessimism Removal (CPR):    0.035ns

    Location             Delay type                Incr(ns)  Path(ns)    Netlist Resource(s)
  -------------------------------------------------------------------    -------------------
                         (clock clk_fpga_0 rise edge)
                                                      0.000     0.000 r  
    PS7_X0Y0             PS7                          0.000     0.000 r  design_1_i/processing_system7_0/inst/PS7_i/FCLKCLK[0]
                         net (fo=1, routed)           0.310     0.310    design_1_i/processing_system7_0/inst/FCLK_CLK_unbuffered[0]
    BUFGCTRL_X0Y16       BUFG (Prop_bufg_I_O)         0.026     0.336 r  design_1_i/processing_system7_0/inst/buffer_fclk_clk_0.FCLK_CLK_0_BUFG/O
                         net (fo=11219, routed)       0.544     0.880    design_1_i/snn_top_hls_0/inst/grp_run_encoder_once_fu_5557/grp_run_encoder_once_Pipeline_ENCODER_LOOP_fu_170/urem_32ns_16ns_16_36_1_U83/snn_top_hls_urem_32ns_16ns_16_36_1_divider_u/ap_clk
    SLICE_X52Y80         FDRE                                         r  design_1_i/snn_top_hls_0/inst/grp_run_encoder_once_fu_5557/grp_run_encoder_once_Pipeline_ENCODER_LOOP_fu_170/urem_32ns_16ns_16_36_1_U83/snn_top_hls_urem_32ns_16ns_16_36_1_divider_u/loop[1].remd_tmp_reg[2][10]/C
  -------------------------------------------------------------------    -------------------
    SLICE_X52Y80         FDRE (Prop_fdre_C_Q)         0.141     1.021 r  design_1_i/snn_top_hls_0/inst/grp_run_encoder_once_fu_5557/grp_run_encoder_once_Pipeline_ENCODER_LOOP_fu_170/urem_32ns_16ns_16_36_1_U83/snn_top_hls_urem_32ns_16ns_16_36_1_divider_u/loop[1].remd_tmp_reg[2][10]/Q
                         net (fo=3, routed)           0.203     1.224    design_1_i/snn_top_hls_0/inst/grp_run_encoder_once_fu_5557/grp_run_encoder_once_Pipeline_ENCODER_LOOP_fu_170/urem_32ns_16ns_16_36_1_U83/snn_top_hls_urem_32ns_16ns_16_36_1_divider_u/loop[1].remd_tmp_reg[2][14]_0[10]
    SLICE_X49Y80         LUT3 (Prop_lut3_I0_O)        0.045     1.269 r  design_1_i/snn_top_hls_0/inst/grp_run_encoder_once_fu_5557/grp_run_encoder_once_Pipeline_ENCODER_LOOP_fu_170/urem_32ns_16ns_16_36_1_U83/snn_top_hls_urem_32ns_16ns_16_36_1_divider_u/loop[2].remd_tmp[3][11]_i_1__0/O
                         net (fo=1, routed)           0.000     1.269    design_1_i/snn_top_hls_0/inst/grp_run_encoder_once_fu_5557/grp_run_encoder_once_Pipeline_ENCODER_LOOP_fu_170/urem_32ns_16ns_16_36_1_U83/snn_top_hls_urem_32ns_16ns_16_36_1_divider_u/loop[2].remd_tmp[3][11]_i_1__0_n_5
    SLICE_X49Y80         FDRE                                         r  design_1_i/snn_top_hls_0/inst/grp_run_encoder_once_fu_5557/grp_run_encoder_once_Pipeline_ENCODER_LOOP_fu_170/urem_32ns_16ns_16_36_1_U83/snn_top_hls_urem_32ns_16ns_16_36_1_divider_u/loop[2].remd_tmp_reg[3][11]/D
  -------------------------------------------------------------------    -------------------

                         (clock clk_fpga_0 rise edge)
                                                      0.000     0.000 r  
    PS7_X0Y0             PS7                          0.000     0.000 r  design_1_i/processing_system7_0/inst/PS7_i/FCLKCLK[0]
                         net (fo=1, routed)           0.337     0.337    design_1_i/processing_system7_0/inst/FCLK_CLK_unbuffered[0]
    BUFGCTRL_X0Y16       BUFG (Prop_bufg_I_O)         0.029     0.366 r  design_1_i/processing_system7_0/inst/buffer_fclk_clk_0.FCLK_CLK_0_BUFG/O
                         net (fo=11219, routed)       0.814     1.180    design_1_i/snn_top_hls_0/inst/grp_run_encoder_once_fu_5557/grp_run_encoder_once_Pipeline_ENCODER_LOOP_fu_170/urem_32ns_16ns_16_36_1_U83/snn_top_hls_urem_32ns_16ns_16_36_1_divider_u/ap_clk
    SLICE_X49Y80         FDRE                                         r  design_1_i/snn_top_hls_0/inst/grp_run_encoder_once_fu_5557/grp_run_encoder_once_Pipeline_ENCODER_LOOP_fu_170/urem_32ns_16ns_16_36_1_U83/snn_top_hls_urem_32ns_16ns_16_36_1_divider_u/loop[2].remd_tmp_reg[3][11]/C
                         clock pessimism             -0.035     1.145    
    SLICE_X49Y80         FDRE (Hold_fdre_C_D)         0.092     1.237    design_1_i/snn_top_hls_0/inst/grp_run_encoder_once_fu_5557/grp_run_encoder_once_Pipeline_ENCODER_LOOP_fu_170/urem_32ns_16ns_16_36_1_U83/snn_top_hls_urem_32ns_16ns_16_36_1_divider_u/loop[2].remd_tmp_reg[3][11]
  -------------------------------------------------------------------
                         required time                         -1.237    
                         arrival time                           1.269    
  -------------------------------------------------------------------
                         slack                                  0.032    

Slack (MET) :             0.041ns  (arrival time - required time)
  Source:                 design_1_i/axi_dma_0/U0/I_PRMRY_DATAMOVER/GEN_S2MM_FULL.I_S2MM_FULL_WRAPPER/GEN_ENABLE_INDET_BTT_SF.I_INDET_BTT/ENABLE_AXIS_SKID.I_INDET_BTT_SKID_BUF/sig_data_reg_out_reg[21]/C
                            (rising edge-triggered cell FDRE clocked by clk_fpga_0  {rise@0.000ns fall@5.000ns period=10.000ns})
  Destination:            design_1_i/axi_dma_0/U0/I_PRMRY_DATAMOVER/GEN_S2MM_FULL.I_S2MM_FULL_WRAPPER/I_S2MM_MMAP_SKID_BUF/sig_data_skid_reg_reg[21]/D
                            (rising edge-triggered cell FDRE clocked by clk_fpga_0  {rise@0.000ns fall@5.000ns period=10.000ns})
  Path Group:             clk_fpga_0
  Path Type:              Hold (Min at Fast Process Corner)
  Requirement:            0.000ns  (clk_fpga_0 rise@0.000ns - clk_fpga_0 rise@0.000ns)
  Data Path Delay:        0.353ns  (logic 0.141ns (39.931%)  route 0.212ns (60.069%))
  Logic Levels:           0  
  Clock Path Skew:        0.260ns (DCD - SCD - CPR)
    Destination Clock Delay (DCD):    1.191ns
    Source Clock Delay      (SCD):    0.901ns
    Clock Pessimism Removal (CPR):    0.030ns

    Location             Delay type                Incr(ns)  Path(ns)    Netlist Resource(s)
  -------------------------------------------------------------------    -------------------
                         (clock clk_fpga_0 rise edge)
                                                      0.000     0.000 r  
    PS7_X0Y0             PS7                          0.000     0.000 r  design_1_i/processing_system7_0/inst/PS7_i/FCLKCLK[0]
                         net (fo=1, routed)           0.310     0.310    design_1_i/processing_system7_0/inst/FCLK_CLK_unbuffered[0]
    BUFGCTRL_X0Y16       BUFG (Prop_bufg_I_O)         0.026     0.336 r  design_1_i/processing_system7_0/inst/buffer_fclk_clk_0.FCLK_CLK_0_BUFG/O
                         net (fo=11219, routed)       0.565     0.901    design_1_i/axi_dma_0/U0/I_PRMRY_DATAMOVER/GEN_S2MM_FULL.I_S2MM_FULL_WRAPPER/GEN_ENABLE_INDET_BTT_SF.I_INDET_BTT/ENABLE_AXIS_SKID.I_INDET_BTT_SKID_BUF/m_axi_s2mm_aclk
    SLICE_X33Y49         FDRE                                         r  design_1_i/axi_dma_0/U0/I_PRMRY_DATAMOVER/GEN_S2MM_FULL.I_S2MM_FULL_WRAPPER/GEN_ENABLE_INDET_BTT_SF.I_INDET_BTT/ENABLE_AXIS_SKID.I_INDET_BTT_SKID_BUF/sig_data_reg_out_reg[21]/C
  -------------------------------------------------------------------    -------------------
    SLICE_X33Y49         FDRE (Prop_fdre_C_Q)         0.141     1.042 r  design_1_i/axi_dma_0/U0/I_PRMRY_DATAMOVER/GEN_S2MM_FULL.I_S2MM_FULL_WRAPPER/GEN_ENABLE_INDET_BTT_SF.I_INDET_BTT/ENABLE_AXIS_SKID.I_INDET_BTT_SKID_BUF/sig_data_reg_out_reg[21]/Q
                         net (fo=2, routed)           0.212     1.254    design_1_i/axi_dma_0/U0/I_PRMRY_DATAMOVER/GEN_S2MM_FULL.I_S2MM_FULL_WRAPPER/I_S2MM_MMAP_SKID_BUF/D[21]
    SLICE_X34Y56         FDRE                                         r  design_1_i/axi_dma_0/U0/I_PRMRY_DATAMOVER/GEN_S2MM_FULL.I_S2MM_FULL_WRAPPER/I_S2MM_MMAP_SKID_BUF/sig_data_skid_reg_reg[21]/D
  -------------------------------------------------------------------    -------------------

                         (clock clk_fpga_0 rise edge)
                                                      0.000     0.000 r  
    PS7_X0Y0             PS7                          0.000     0.000 r  design_1_i/processing_system7_0/inst/PS7_i/FCLKCLK[0]
                         net (fo=1, routed)           0.337     0.337    design_1_i/processing_system7_0/inst/FCLK_CLK_unbuffered[0]
    BUFGCTRL_X0Y16       BUFG (Prop_bufg_I_O)         0.029     0.366 r  design_1_i/processing_system7_0/inst/buffer_fclk_clk_0.FCLK_CLK_0_BUFG/O
                         net (fo=11219, routed)       0.825     1.191    design_1_i/axi_dma_0/U0/I_PRMRY_DATAMOVER/GEN_S2MM_FULL.I_S2MM_FULL_WRAPPER/I_S2MM_MMAP_SKID_BUF/m_axi_s2mm_aclk
    SLICE_X34Y56         FDRE                                         r  design_1_i/axi_dma_0/U0/I_PRMRY_DATAMOVER/GEN_S2MM_FULL.I_S2MM_FULL_WRAPPER/I_S2MM_MMAP_SKID_BUF/sig_data_skid_reg_reg[21]/C
                         clock pessimism             -0.030     1.161    
    SLICE_X34Y56         FDRE (Hold_fdre_C_D)         0.052     1.213    design_1_i/axi_dma_0/U0/I_PRMRY_DATAMOVER/GEN_S2MM_FULL.I_S2MM_FULL_WRAPPER/I_S2MM_MMAP_SKID_BUF/sig_data_skid_reg_reg[21]
  -------------------------------------------------------------------
                         required time                         -1.213    
                         arrival time                           1.254    
  -------------------------------------------------------------------
                         slack                                  0.041    

Slack (MET) :             0.043ns  (arrival time - required time)
  Source:                 design_1_i/snn_top_hls_0/inst/grp_run_encoder_once_fu_5557/grp_run_encoder_once_Pipeline_ENCODER_LOOP_fu_170/add_ln135_reg_9809_reg[32]/C
                            (rising edge-triggered cell FDRE clocked by clk_fpga_0  {rise@0.000ns fall@5.000ns period=10.000ns})
  Destination:            design_1_i/snn_top_hls_0/inst/grp_run_encoder_once_fu_5557/grp_run_encoder_once_Pipeline_ENCODER_LOOP_fu_170/icmp_ln135_reg_9891_reg[0]/D
                            (rising edge-triggered cell FDRE clocked by clk_fpga_0  {rise@0.000ns fall@5.000ns period=10.000ns})
  Path Group:             clk_fpga_0
  Path Type:              Hold (Min at Fast Process Corner)
  Requirement:            0.000ns  (clk_fpga_0 rise@0.000ns - clk_fpga_0 rise@0.000ns)
  Data Path Delay:        0.439ns  (logic 0.258ns (58.707%)  route 0.181ns (41.293%))
  Logic Levels:           1  (CARRY4=1)
  Clock Path Skew:        0.276ns (DCD - SCD - CPR)
    Destination Clock Delay (DCD):    1.250ns
    Source Clock Delay      (SCD):    0.944ns
    Clock Pessimism Removal (CPR):    0.030ns

    Location             Delay type                Incr(ns)  Path(ns)    Netlist Resource(s)
  -------------------------------------------------------------------    -------------------
                         (clock clk_fpga_0 rise edge)
                                                      0.000     0.000 r  
    PS7_X0Y0             PS7                          0.000     0.000 r  design_1_i/processing_system7_0/inst/PS7_i/FCLKCLK[0]
                         net (fo=1, routed)           0.310     0.310    design_1_i/processing_system7_0/inst/FCLK_CLK_unbuffered[0]
    BUFGCTRL_X0Y16       BUFG (Prop_bufg_I_O)         0.026     0.336 r  design_1_i/processing_system7_0/inst/buffer_fclk_clk_0.FCLK_CLK_0_BUFG/O
                         net (fo=11219, routed)       0.608     0.944    design_1_i/snn_top_hls_0/inst/grp_run_encoder_once_fu_5557/grp_run_encoder_once_Pipeline_ENCODER_LOOP_fu_170/ap_clk
    SLICE_X97Y50         FDRE                                         r  design_1_i/snn_top_hls_0/inst/grp_run_encoder_once_fu_5557/grp_run_encoder_once_Pipeline_ENCODER_LOOP_fu_170/add_ln135_reg_9809_reg[32]/C
  -------------------------------------------------------------------    -------------------
    SLICE_X97Y50         FDRE (Prop_fdre_C_Q)         0.141     1.085 r  design_1_i/snn_top_hls_0/inst/grp_run_encoder_once_fu_5557/grp_run_encoder_once_Pipeline_ENCODER_LOOP_fu_170/add_ln135_reg_9809_reg[32]/Q
                         net (fo=2, routed)           0.181     1.266    design_1_i/snn_top_hls_0/inst/grp_run_encoder_once_fu_5557/grp_run_encoder_once_Pipeline_ENCODER_LOOP_fu_170/add_ln135_reg_9809[32]
    SLICE_X96Y47         CARRY4 (Prop_carry4_DI[0]_CO[0])
                                                      0.117     1.383 r  design_1_i/snn_top_hls_0/inst/grp_run_encoder_once_fu_5557/grp_run_encoder_once_Pipeline_ENCODER_LOOP_fu_170/icmp_ln135_reg_9891_reg[0]_i_1/CO[0]
                         net (fo=4, routed)           0.000     1.383    design_1_i/snn_top_hls_0/inst/grp_run_encoder_once_fu_5557/grp_run_encoder_once_Pipeline_ENCODER_LOOP_fu_170/icmp_ln135_reg_9891_reg[0]_i_1_n_8
    SLICE_X96Y47         FDRE                                         r  design_1_i/snn_top_hls_0/inst/grp_run_encoder_once_fu_5557/grp_run_encoder_once_Pipeline_ENCODER_LOOP_fu_170/icmp_ln135_reg_9891_reg[0]/D
  -------------------------------------------------------------------    -------------------

                         (clock clk_fpga_0 rise edge)
                                                      0.000     0.000 r  
    PS7_X0Y0             PS7                          0.000     0.000 r  design_1_i/processing_system7_0/inst/PS7_i/FCLKCLK[0]
                         net (fo=1, routed)           0.337     0.337    design_1_i/processing_system7_0/inst/FCLK_CLK_unbuffered[0]
    BUFGCTRL_X0Y16       BUFG (Prop_bufg_I_O)         0.029     0.366 r  design_1_i/processing_system7_0/inst/buffer_fclk_clk_0.FCLK_CLK_0_BUFG/O
                         net (fo=11219, routed)       0.884     1.250    design_1_i/snn_top_hls_0/inst/grp_run_encoder_once_fu_5557/grp_run_encoder_once_Pipeline_ENCODER_LOOP_fu_170/ap_clk
    SLICE_X96Y47         FDRE                                         r  design_1_i/snn_top_hls_0/inst/grp_run_encoder_once_fu_5557/grp_run_encoder_once_Pipeline_ENCODER_LOOP_fu_170/icmp_ln135_reg_9891_reg[0]/C
                         clock pessimism             -0.030     1.220    
    SLICE_X96Y47         FDRE (Hold_fdre_C_D)         0.120     1.340    design_1_i/snn_top_hls_0/inst/grp_run_encoder_once_fu_5557/grp_run_encoder_once_Pipeline_ENCODER_LOOP_fu_170/icmp_ln135_reg_9891_reg[0]
  -------------------------------------------------------------------
                         required time                         -1.340    
                         arrival time                           1.383    
  -------------------------------------------------------------------
                         slack                                  0.043    

Slack (MET) :             0.046ns  (arrival time - required time)
  Source:                 design_1_i/snn_top_hls_0/inst/grp_run_encoder_once_fu_5557/grp_run_encoder_once_Pipeline_ENCODER_LOOP_fu_170/add_ln135_1_reg_9804_reg[32]/C
                            (rising edge-triggered cell FDRE clocked by clk_fpga_0  {rise@0.000ns fall@5.000ns period=10.000ns})
  Destination:            design_1_i/snn_top_hls_0/inst/grp_run_encoder_once_fu_5557/grp_run_encoder_once_Pipeline_ENCODER_LOOP_fu_170/icmp_ln135_1_reg_9887_reg[0]/D
                            (rising edge-triggered cell FDRE clocked by clk_fpga_0  {rise@0.000ns fall@5.000ns period=10.000ns})
  Path Group:             clk_fpga_0
  Path Type:              Hold (Min at Fast Process Corner)
  Requirement:            0.000ns  (clk_fpga_0 rise@0.000ns - clk_fpga_0 rise@0.000ns)
  Data Path Delay:        0.442ns  (logic 0.258ns (58.397%)  route 0.184ns (41.603%))
  Logic Levels:           1  (CARRY4=1)
  Clock Path Skew:        0.276ns (DCD - SCD - CPR)
    Destination Clock Delay (DCD):    1.249ns
    Source Clock Delay      (SCD):    0.943ns
    Clock Pessimism Removal (CPR):    0.030ns

    Location             Delay type                Incr(ns)  Path(ns)    Netlist Resource(s)
  -------------------------------------------------------------------    -------------------
                         (clock clk_fpga_0 rise edge)
                                                      0.000     0.000 r  
    PS7_X0Y0             PS7                          0.000     0.000 r  design_1_i/processing_system7_0/inst/PS7_i/FCLKCLK[0]
                         net (fo=1, routed)           0.310     0.310    design_1_i/processing_system7_0/inst/FCLK_CLK_unbuffered[0]
    BUFGCTRL_X0Y16       BUFG (Prop_bufg_I_O)         0.026     0.336 r  design_1_i/processing_system7_0/inst/buffer_fclk_clk_0.FCLK_CLK_0_BUFG/O
                         net (fo=11219, routed)       0.607     0.943    design_1_i/snn_top_hls_0/inst/grp_run_encoder_once_fu_5557/grp_run_encoder_once_Pipeline_ENCODER_LOOP_fu_170/ap_clk
    SLICE_X91Y50         FDRE                                         r  design_1_i/snn_top_hls_0/inst/grp_run_encoder_once_fu_5557/grp_run_encoder_once_Pipeline_ENCODER_LOOP_fu_170/add_ln135_1_reg_9804_reg[32]/C
  -------------------------------------------------------------------    -------------------
    SLICE_X91Y50         FDRE (Prop_fdre_C_Q)         0.141     1.084 r  design_1_i/snn_top_hls_0/inst/grp_run_encoder_once_fu_5557/grp_run_encoder_once_Pipeline_ENCODER_LOOP_fu_170/add_ln135_1_reg_9804_reg[32]/Q
                         net (fo=2, routed)           0.184     1.267    design_1_i/snn_top_hls_0/inst/grp_run_encoder_once_fu_5557/grp_run_encoder_once_Pipeline_ENCODER_LOOP_fu_170/add_ln135_1_reg_9804[32]
    SLICE_X92Y47         CARRY4 (Prop_carry4_DI[0]_CO[0])
                                                      0.117     1.384 r  design_1_i/snn_top_hls_0/inst/grp_run_encoder_once_fu_5557/grp_run_encoder_once_Pipeline_ENCODER_LOOP_fu_170/icmp_ln135_1_reg_9887_reg[0]_i_1/CO[0]
                         net (fo=3, routed)           0.000     1.384    design_1_i/snn_top_hls_0/inst/grp_run_encoder_once_fu_5557/grp_run_encoder_once_Pipeline_ENCODER_LOOP_fu_170/icmp_ln135_1_reg_9887_reg[0]_i_1_n_8
    SLICE_X92Y47         FDRE                                         r  design_1_i/snn_top_hls_0/inst/grp_run_encoder_once_fu_5557/grp_run_encoder_once_Pipeline_ENCODER_LOOP_fu_170/icmp_ln135_1_reg_9887_reg[0]/D
  -------------------------------------------------------------------    -------------------

                         (clock clk_fpga_0 rise edge)
                                                      0.000     0.000 r  
    PS7_X0Y0             PS7                          0.000     0.000 r  design_1_i/processing_system7_0/inst/PS7_i/FCLKCLK[0]
                         net (fo=1, routed)           0.337     0.337    design_1_i/processing_system7_0/inst/FCLK_CLK_unbuffered[0]
    BUFGCTRL_X0Y16       BUFG (Prop_bufg_I_O)         0.029     0.366 r  design_1_i/processing_system7_0/inst/buffer_fclk_clk_0.FCLK_CLK_0_BUFG/O
                         net (fo=11219, routed)       0.883     1.249    design_1_i/snn_top_hls_0/inst/grp_run_encoder_once_fu_5557/grp_run_encoder_once_Pipeline_ENCODER_LOOP_fu_170/ap_clk
    SLICE_X92Y47         FDRE                                         r  design_1_i/snn_top_hls_0/inst/grp_run_encoder_once_fu_5557/grp_run_encoder_once_Pipeline_ENCODER_LOOP_fu_170/icmp_ln135_1_reg_9887_reg[0]/C
                         clock pessimism             -0.030     1.219    
    SLICE_X92Y47         FDRE (Hold_fdre_C_D)         0.120     1.339    design_1_i/snn_top_hls_0/inst/grp_run_encoder_once_fu_5557/grp_run_encoder_once_Pipeline_ENCODER_LOOP_fu_170/icmp_ln135_1_reg_9887_reg[0]
  -------------------------------------------------------------------
                         required time                         -1.339    
                         arrival time                           1.384    
  -------------------------------------------------------------------
                         slack                                  0.046    

Slack (MET) :             0.047ns  (arrival time - required time)
  Source:                 design_1_i/snn_top_hls_0/inst/grp_run_encoder_once_fu_5557/grp_run_encoder_once_Pipeline_ENCODER_LOOP_fu_170/urem_32ns_16ns_16_36_1_U83/snn_top_hls_urem_32ns_16ns_16_36_1_divider_u/loop[17].remd_tmp_reg[18][7]/C
                            (rising edge-triggered cell FDRE clocked by clk_fpga_0  {rise@0.000ns fall@5.000ns period=10.000ns})
  Destination:            design_1_i/snn_top_hls_0/inst/grp_run_encoder_once_fu_5557/grp_run_encoder_once_Pipeline_ENCODER_LOOP_fu_170/urem_32ns_16ns_16_36_1_U83/snn_top_hls_urem_32ns_16ns_16_36_1_divider_u/loop[18].remd_tmp_reg[19][8]/D
                            (rising edge-triggered cell FDRE clocked by clk_fpga_0  {rise@0.000ns fall@5.000ns period=10.000ns})
  Path Group:             clk_fpga_0
  Path Type:              Hold (Min at Fast Process Corner)
  Requirement:            0.000ns  (clk_fpga_0 rise@0.000ns - clk_fpga_0 rise@0.000ns)
  Data Path Delay:        0.426ns  (logic 0.226ns (53.025%)  route 0.200ns (46.975%))
  Logic Levels:           1  (LUT3=1)
  Clock Path Skew:        0.258ns (DCD - SCD - CPR)
    Destination Clock Delay (DCD):    1.176ns
    Source Clock Delay      (SCD):    0.883ns
    Clock Pessimism Removal (CPR):    0.035ns

    Location             Delay type                Incr(ns)  Path(ns)    Netlist Resource(s)
  -------------------------------------------------------------------    -------------------
                         (clock clk_fpga_0 rise edge)
                                                      0.000     0.000 r  
    PS7_X0Y0             PS7                          0.000     0.000 r  design_1_i/processing_system7_0/inst/PS7_i/FCLKCLK[0]
                         net (fo=1, routed)           0.310     0.310    design_1_i/processing_system7_0/inst/FCLK_CLK_unbuffered[0]
    BUFGCTRL_X0Y16       BUFG (Prop_bufg_I_O)         0.026     0.336 r  design_1_i/processing_system7_0/inst/buffer_fclk_clk_0.FCLK_CLK_0_BUFG/O
                         net (fo=11219, routed)       0.547     0.883    design_1_i/snn_top_hls_0/inst/grp_run_encoder_once_fu_5557/grp_run_encoder_once_Pipeline_ENCODER_LOOP_fu_170/urem_32ns_16ns_16_36_1_U83/snn_top_hls_urem_32ns_16ns_16_36_1_divider_u/ap_clk
    SLICE_X49Y69         FDRE                                         r  design_1_i/snn_top_hls_0/inst/grp_run_encoder_once_fu_5557/grp_run_encoder_once_Pipeline_ENCODER_LOOP_fu_170/urem_32ns_16ns_16_36_1_U83/snn_top_hls_urem_32ns_16ns_16_36_1_divider_u/loop[17].remd_tmp_reg[18][7]/C
  -------------------------------------------------------------------    -------------------
    SLICE_X49Y69         FDRE (Prop_fdre_C_Q)         0.128     1.011 r  design_1_i/snn_top_hls_0/inst/grp_run_encoder_once_fu_5557/grp_run_encoder_once_Pipeline_ENCODER_LOOP_fu_170/urem_32ns_16ns_16_36_1_U83/snn_top_hls_urem_32ns_16ns_16_36_1_divider_u/loop[17].remd_tmp_reg[18][7]/Q
                         net (fo=3, routed)           0.200     1.211    design_1_i/snn_top_hls_0/inst/grp_run_encoder_once_fu_5557/grp_run_encoder_once_Pipeline_ENCODER_LOOP_fu_170/urem_32ns_16ns_16_36_1_U83/snn_top_hls_urem_32ns_16ns_16_36_1_divider_u/loop[17].remd_tmp_reg[18][14]_0[7]
    SLICE_X50Y69         LUT3 (Prop_lut3_I0_O)        0.098     1.309 r  design_1_i/snn_top_hls_0/inst/grp_run_encoder_once_fu_5557/grp_run_encoder_once_Pipeline_ENCODER_LOOP_fu_170/urem_32ns_16ns_16_36_1_U83/snn_top_hls_urem_32ns_16ns_16_36_1_divider_u/loop[18].remd_tmp[19][8]_i_1__0/O
                         net (fo=1, routed)           0.000     1.309    design_1_i/snn_top_hls_0/inst/grp_run_encoder_once_fu_5557/grp_run_encoder_once_Pipeline_ENCODER_LOOP_fu_170/urem_32ns_16ns_16_36_1_U83/snn_top_hls_urem_32ns_16ns_16_36_1_divider_u/loop[18].remd_tmp[19][8]_i_1__0_n_5
    SLICE_X50Y69         FDRE                                         r  design_1_i/snn_top_hls_0/inst/grp_run_encoder_once_fu_5557/grp_run_encoder_once_Pipeline_ENCODER_LOOP_fu_170/urem_32ns_16ns_16_36_1_U83/snn_top_hls_urem_32ns_16ns_16_36_1_divider_u/loop[18].remd_tmp_reg[19][8]/D
  -------------------------------------------------------------------    -------------------

                         (clock clk_fpga_0 rise edge)
                                                      0.000     0.000 r  
    PS7_X0Y0             PS7                          0.000     0.000 r  design_1_i/processing_system7_0/inst/PS7_i/FCLKCLK[0]
                         net (fo=1, routed)           0.337     0.337    design_1_i/processing_system7_0/inst/FCLK_CLK_unbuffered[0]
    BUFGCTRL_X0Y16       BUFG (Prop_bufg_I_O)         0.029     0.366 r  design_1_i/processing_system7_0/inst/buffer_fclk_clk_0.FCLK_CLK_0_BUFG/O
                         net (fo=11219, routed)       0.810     1.176    design_1_i/snn_top_hls_0/inst/grp_run_encoder_once_fu_5557/grp_run_encoder_once_Pipeline_ENCODER_LOOP_fu_170/urem_32ns_16ns_16_36_1_U83/snn_top_hls_urem_32ns_16ns_16_36_1_divider_u/ap_clk
    SLICE_X50Y69         FDRE                                         r  design_1_i/snn_top_hls_0/inst/grp_run_encoder_once_fu_5557/grp_run_encoder_once_Pipeline_ENCODER_LOOP_fu_170/urem_32ns_16ns_16_36_1_U83/snn_top_hls_urem_32ns_16ns_16_36_1_divider_u/loop[18].remd_tmp_reg[19][8]/C
                         clock pessimism             -0.035     1.141    
    SLICE_X50Y69         FDRE (Hold_fdre_C_D)         0.121     1.262    design_1_i/snn_top_hls_0/inst/grp_run_encoder_once_fu_5557/grp_run_encoder_once_Pipeline_ENCODER_LOOP_fu_170/urem_32ns_16ns_16_36_1_U83/snn_top_hls_urem_32ns_16ns_16_36_1_divider_u/loop[18].remd_tmp_reg[19][8]
  -------------------------------------------------------------------
                         required time                         -1.262    
                         arrival time                           1.309    
  -------------------------------------------------------------------
                         slack                                  0.047    

Slack (MET) :             0.048ns  (arrival time - required time)
  Source:                 design_1_i/snn_top_hls_0/inst/grp_run_encoder_once_fu_5557/grp_run_encoder_once_Pipeline_ENCODER_LOOP_fu_170/icmp_ln109_13_reg_9543_reg[0]/C
                            (rising edge-triggered cell FDRE clocked by clk_fpga_0  {rise@0.000ns fall@5.000ns period=10.000ns})
  Destination:            design_1_i/snn_top_hls_0/inst/grp_run_encoder_once_fu_5557/grp_run_encoder_once_Pipeline_ENCODER_LOOP_fu_170/icmp_ln109_13_reg_9543_pp0_iter1_reg_reg[0]/D
                            (rising edge-triggered cell FDRE clocked by clk_fpga_0  {rise@0.000ns fall@5.000ns period=10.000ns})
  Path Group:             clk_fpga_0
  Path Type:              Hold (Min at Fast Process Corner)
  Requirement:            0.000ns  (clk_fpga_0 rise@0.000ns - clk_fpga_0 rise@0.000ns)
  Data Path Delay:        0.378ns  (logic 0.141ns (37.282%)  route 0.237ns (62.718%))
  Logic Levels:           0  
  Clock Path Skew:        0.260ns (DCD - SCD - CPR)
    Destination Clock Delay (DCD):    1.191ns
    Source Clock Delay      (SCD):    0.901ns
    Clock Pessimism Removal (CPR):    0.030ns

    Location             Delay type                Incr(ns)  Path(ns)    Netlist Resource(s)
  -------------------------------------------------------------------    -------------------
                         (clock clk_fpga_0 rise edge)
                                                      0.000     0.000 r  
    PS7_X0Y0             PS7                          0.000     0.000 r  design_1_i/processing_system7_0/inst/PS7_i/FCLKCLK[0]
                         net (fo=1, routed)           0.310     0.310    design_1_i/processing_system7_0/inst/FCLK_CLK_unbuffered[0]
    BUFGCTRL_X0Y16       BUFG (Prop_bufg_I_O)         0.026     0.336 r  design_1_i/processing_system7_0/inst/buffer_fclk_clk_0.FCLK_CLK_0_BUFG/O
                         net (fo=11219, routed)       0.565     0.901    design_1_i/snn_top_hls_0/inst/grp_run_encoder_once_fu_5557/grp_run_encoder_once_Pipeline_ENCODER_LOOP_fu_170/ap_clk
    SLICE_X35Y48         FDRE                                         r  design_1_i/snn_top_hls_0/inst/grp_run_encoder_once_fu_5557/grp_run_encoder_once_Pipeline_ENCODER_LOOP_fu_170/icmp_ln109_13_reg_9543_reg[0]/C
  -------------------------------------------------------------------    -------------------
    SLICE_X35Y48         FDRE (Prop_fdre_C_Q)         0.141     1.042 r  design_1_i/snn_top_hls_0/inst/grp_run_encoder_once_fu_5557/grp_run_encoder_once_Pipeline_ENCODER_LOOP_fu_170/icmp_ln109_13_reg_9543_reg[0]/Q
                         net (fo=1, routed)           0.237     1.279    design_1_i/snn_top_hls_0/inst/grp_run_encoder_once_fu_5557/grp_run_encoder_once_Pipeline_ENCODER_LOOP_fu_170/icmp_ln109_13_reg_9543[0]
    SLICE_X40Y50         FDRE                                         r  design_1_i/snn_top_hls_0/inst/grp_run_encoder_once_fu_5557/grp_run_encoder_once_Pipeline_ENCODER_LOOP_fu_170/icmp_ln109_13_reg_9543_pp0_iter1_reg_reg[0]/D
  -------------------------------------------------------------------    -------------------

                         (clock clk_fpga_0 rise edge)
                                                      0.000     0.000 r  
    PS7_X0Y0             PS7                          0.000     0.000 r  design_1_i/processing_system7_0/inst/PS7_i/FCLKCLK[0]
                         net (fo=1, routed)           0.337     0.337    design_1_i/processing_system7_0/inst/FCLK_CLK_unbuffered[0]
    BUFGCTRL_X0Y16       BUFG (Prop_bufg_I_O)         0.029     0.366 r  design_1_i/processing_system7_0/inst/buffer_fclk_clk_0.FCLK_CLK_0_BUFG/O
                         net (fo=11219, routed)       0.825     1.191    design_1_i/snn_top_hls_0/inst/grp_run_encoder_once_fu_5557/grp_run_encoder_once_Pipeline_ENCODER_LOOP_fu_170/ap_clk
    SLICE_X40Y50         FDRE                                         r  design_1_i/snn_top_hls_0/inst/grp_run_encoder_once_fu_5557/grp_run_encoder_once_Pipeline_ENCODER_LOOP_fu_170/icmp_ln109_13_reg_9543_pp0_iter1_reg_reg[0]/C
                         clock pessimism             -0.030     1.161    
    SLICE_X40Y50         FDRE (Hold_fdre_C_D)         0.070     1.231    design_1_i/snn_top_hls_0/inst/grp_run_encoder_once_fu_5557/grp_run_encoder_once_Pipeline_ENCODER_LOOP_fu_170/icmp_ln109_13_reg_9543_pp0_iter1_reg_reg[0]
  -------------------------------------------------------------------
                         required time                         -1.231    
                         arrival time                           1.279    
  -------------------------------------------------------------------
                         slack                                  0.048    

Slack (MET) :             0.050ns  (arrival time - required time)
  Source:                 design_1_i/snn_top_hls_0/inst/grp_run_encoder_once_fu_5557/grp_run_encoder_once_Pipeline_ENCODER_LOOP_fu_170/icmp_ln179_7_reg_8701_reg[0]/C
                            (rising edge-triggered cell FDRE clocked by clk_fpga_0  {rise@0.000ns fall@5.000ns period=10.000ns})
  Destination:            design_1_i/snn_top_hls_0/inst/grp_run_encoder_once_fu_5557/grp_run_encoder_once_Pipeline_ENCODER_LOOP_fu_170/ap_predicate_pred4234_state7_reg/D
                            (rising edge-triggered cell FDRE clocked by clk_fpga_0  {rise@0.000ns fall@5.000ns period=10.000ns})
  Path Group:             clk_fpga_0
  Path Type:              Hold (Min at Fast Process Corner)
  Requirement:            0.000ns  (clk_fpga_0 rise@0.000ns - clk_fpga_0 rise@0.000ns)
  Data Path Delay:        0.419ns  (logic 0.189ns (45.147%)  route 0.230ns (54.853%))
  Logic Levels:           1  (LUT4=1)
  Clock Path Skew:        0.261ns (DCD - SCD - CPR)
    Destination Clock Delay (DCD):    1.190ns
    Source Clock Delay      (SCD):    0.899ns
    Clock Pessimism Removal (CPR):    0.030ns

    Location             Delay type                Incr(ns)  Path(ns)    Netlist Resource(s)
  -------------------------------------------------------------------    -------------------
                         (clock clk_fpga_0 rise edge)
                                                      0.000     0.000 r  
    PS7_X0Y0             PS7                          0.000     0.000 r  design_1_i/processing_system7_0/inst/PS7_i/FCLKCLK[0]
                         net (fo=1, routed)           0.310     0.310    design_1_i/processing_system7_0/inst/FCLK_CLK_unbuffered[0]
    BUFGCTRL_X0Y16       BUFG (Prop_bufg_I_O)         0.026     0.336 r  design_1_i/processing_system7_0/inst/buffer_fclk_clk_0.FCLK_CLK_0_BUFG/O
                         net (fo=11219, routed)       0.563     0.899    design_1_i/snn_top_hls_0/inst/grp_run_encoder_once_fu_5557/grp_run_encoder_once_Pipeline_ENCODER_LOOP_fu_170/ap_clk
    SLICE_X47Y48         FDRE                                         r  design_1_i/snn_top_hls_0/inst/grp_run_encoder_once_fu_5557/grp_run_encoder_once_Pipeline_ENCODER_LOOP_fu_170/icmp_ln179_7_reg_8701_reg[0]/C
  -------------------------------------------------------------------    -------------------
    SLICE_X47Y48         FDRE (Prop_fdre_C_Q)         0.141     1.040 r  design_1_i/snn_top_hls_0/inst/grp_run_encoder_once_fu_5557/grp_run_encoder_once_Pipeline_ENCODER_LOOP_fu_170/icmp_ln179_7_reg_8701_reg[0]/Q
                         net (fo=24, routed)          0.230     1.269    design_1_i/snn_top_hls_0/inst/grp_run_encoder_once_fu_5557/grp_run_encoder_once_Pipeline_ENCODER_LOOP_fu_170/icmp_ln179_7_reg_8701_reg[0]_0
    SLICE_X43Y53         LUT4 (Prop_lut4_I0_O)        0.048     1.317 r  design_1_i/snn_top_hls_0/inst/grp_run_encoder_once_fu_5557/grp_run_encoder_once_Pipeline_ENCODER_LOOP_fu_170/ap_predicate_pred4234_state7_i_1/O
                         net (fo=1, routed)           0.000     1.317    design_1_i/snn_top_hls_0/inst/grp_run_encoder_once_fu_5557/grp_run_encoder_once_Pipeline_ENCODER_LOOP_fu_170/ap_predicate_pred4234_state70
    SLICE_X43Y53         FDRE                                         r  design_1_i/snn_top_hls_0/inst/grp_run_encoder_once_fu_5557/grp_run_encoder_once_Pipeline_ENCODER_LOOP_fu_170/ap_predicate_pred4234_state7_reg/D
  -------------------------------------------------------------------    -------------------

                         (clock clk_fpga_0 rise edge)
                                                      0.000     0.000 r  
    PS7_X0Y0             PS7                          0.000     0.000 r  design_1_i/processing_system7_0/inst/PS7_i/FCLKCLK[0]
                         net (fo=1, routed)           0.337     0.337    design_1_i/processing_system7_0/inst/FCLK_CLK_unbuffered[0]
    BUFGCTRL_X0Y16       BUFG (Prop_bufg_I_O)         0.029     0.366 r  design_1_i/processing_system7_0/inst/buffer_fclk_clk_0.FCLK_CLK_0_BUFG/O
                         net (fo=11219, routed)       0.824     1.190    design_1_i/snn_top_hls_0/inst/grp_run_encoder_once_fu_5557/grp_run_encoder_once_Pipeline_ENCODER_LOOP_fu_170/ap_clk
    SLICE_X43Y53         FDRE                                         r  design_1_i/snn_top_hls_0/inst/grp_run_encoder_once_fu_5557/grp_run_encoder_once_Pipeline_ENCODER_LOOP_fu_170/ap_predicate_pred4234_state7_reg/C
                         clock pessimism             -0.030     1.160    
    SLICE_X43Y53         FDRE (Hold_fdre_C_D)         0.107     1.267    design_1_i/snn_top_hls_0/inst/grp_run_encoder_once_fu_5557/grp_run_encoder_once_Pipeline_ENCODER_LOOP_fu_170/ap_predicate_pred4234_state7_reg
  -------------------------------------------------------------------
                         required time                         -1.267    
                         arrival time                           1.317    
  -------------------------------------------------------------------
                         slack                                  0.050    

Slack (MET) :             0.051ns  (arrival time - required time)
  Source:                 design_1_i/snn_top_hls_0/inst/grp_run_encoder_once_fu_5557/grp_run_encoder_once_Pipeline_ENCODER_LOOP_fu_170/urem_32ns_16ns_16_36_1_U83/snn_top_hls_urem_32ns_16ns_16_36_1_divider_u/loop[17].remd_tmp_reg[18][13]/C
                            (rising edge-triggered cell FDRE clocked by clk_fpga_0  {rise@0.000ns fall@5.000ns period=10.000ns})
  Destination:            design_1_i/snn_top_hls_0/inst/grp_run_encoder_once_fu_5557/grp_run_encoder_once_Pipeline_ENCODER_LOOP_fu_170/urem_32ns_16ns_16_36_1_U83/snn_top_hls_urem_32ns_16ns_16_36_1_divider_u/loop[18].remd_tmp_reg[19][14]/D
                            (rising edge-triggered cell FDRE clocked by clk_fpga_0  {rise@0.000ns fall@5.000ns period=10.000ns})
  Path Group:             clk_fpga_0
  Path Type:              Hold (Min at Fast Process Corner)
  Requirement:            0.000ns  (clk_fpga_0 rise@0.000ns - clk_fpga_0 rise@0.000ns)
  Data Path Delay:        0.432ns  (logic 0.226ns (52.316%)  route 0.206ns (47.684%))
  Logic Levels:           1  (LUT3=1)
  Clock Path Skew:        0.260ns (DCD - SCD - CPR)
    Destination Clock Delay (DCD):    1.177ns
    Source Clock Delay      (SCD):    0.882ns
    Clock Pessimism Removal (CPR):    0.035ns

    Location             Delay type                Incr(ns)  Path(ns)    Netlist Resource(s)
  -------------------------------------------------------------------    -------------------
                         (clock clk_fpga_0 rise edge)
                                                      0.000     0.000 r  
    PS7_X0Y0             PS7                          0.000     0.000 r  design_1_i/processing_system7_0/inst/PS7_i/FCLKCLK[0]
                         net (fo=1, routed)           0.310     0.310    design_1_i/processing_system7_0/inst/FCLK_CLK_unbuffered[0]
    BUFGCTRL_X0Y16       BUFG (Prop_bufg_I_O)         0.026     0.336 r  design_1_i/processing_system7_0/inst/buffer_fclk_clk_0.FCLK_CLK_0_BUFG/O
                         net (fo=11219, routed)       0.546     0.882    design_1_i/snn_top_hls_0/inst/grp_run_encoder_once_fu_5557/grp_run_encoder_once_Pipeline_ENCODER_LOOP_fu_170/urem_32ns_16ns_16_36_1_U83/snn_top_hls_urem_32ns_16ns_16_36_1_divider_u/ap_clk
    SLICE_X49Y70         FDRE                                         r  design_1_i/snn_top_hls_0/inst/grp_run_encoder_once_fu_5557/grp_run_encoder_once_Pipeline_ENCODER_LOOP_fu_170/urem_32ns_16ns_16_36_1_U83/snn_top_hls_urem_32ns_16ns_16_36_1_divider_u/loop[17].remd_tmp_reg[18][13]/C
  -------------------------------------------------------------------    -------------------
    SLICE_X49Y70         FDRE (Prop_fdre_C_Q)         0.128     1.010 r  design_1_i/snn_top_hls_0/inst/grp_run_encoder_once_fu_5557/grp_run_encoder_once_Pipeline_ENCODER_LOOP_fu_170/urem_32ns_16ns_16_36_1_U83/snn_top_hls_urem_32ns_16ns_16_36_1_divider_u/loop[17].remd_tmp_reg[18][13]/Q
                         net (fo=3, routed)           0.206     1.216    design_1_i/snn_top_hls_0/inst/grp_run_encoder_once_fu_5557/grp_run_encoder_once_Pipeline_ENCODER_LOOP_fu_170/urem_32ns_16ns_16_36_1_U83/snn_top_hls_urem_32ns_16ns_16_36_1_divider_u/loop[17].remd_tmp_reg[18][14]_0[13]
    SLICE_X50Y68         LUT3 (Prop_lut3_I0_O)        0.098     1.314 r  design_1_i/snn_top_hls_0/inst/grp_run_encoder_once_fu_5557/grp_run_encoder_once_Pipeline_ENCODER_LOOP_fu_170/urem_32ns_16ns_16_36_1_U83/snn_top_hls_urem_32ns_16ns_16_36_1_divider_u/loop[18].remd_tmp[19][14]_i_1__0/O
                         net (fo=1, routed)           0.000     1.314    design_1_i/snn_top_hls_0/inst/grp_run_encoder_once_fu_5557/grp_run_encoder_once_Pipeline_ENCODER_LOOP_fu_170/urem_32ns_16ns_16_36_1_U83/snn_top_hls_urem_32ns_16ns_16_36_1_divider_u/loop[18].remd_tmp[19][14]_i_1__0_n_5
    SLICE_X50Y68         FDRE                                         r  design_1_i/snn_top_hls_0/inst/grp_run_encoder_once_fu_5557/grp_run_encoder_once_Pipeline_ENCODER_LOOP_fu_170/urem_32ns_16ns_16_36_1_U83/snn_top_hls_urem_32ns_16ns_16_36_1_divider_u/loop[18].remd_tmp_reg[19][14]/D
  -------------------------------------------------------------------    -------------------

                         (clock clk_fpga_0 rise edge)
                                                      0.000     0.000 r  
    PS7_X0Y0             PS7                          0.000     0.000 r  design_1_i/processing_system7_0/inst/PS7_i/FCLKCLK[0]
                         net (fo=1, routed)           0.337     0.337    design_1_i/processing_system7_0/inst/FCLK_CLK_unbuffered[0]
    BUFGCTRL_X0Y16       BUFG (Prop_bufg_I_O)         0.029     0.366 r  design_1_i/processing_system7_0/inst/buffer_fclk_clk_0.FCLK_CLK_0_BUFG/O
                         net (fo=11219, routed)       0.811     1.177    design_1_i/snn_top_hls_0/inst/grp_run_encoder_once_fu_5557/grp_run_encoder_once_Pipeline_ENCODER_LOOP_fu_170/urem_32ns_16ns_16_36_1_U83/snn_top_hls_urem_32ns_16ns_16_36_1_divider_u/ap_clk
    SLICE_X50Y68         FDRE                                         r  design_1_i/snn_top_hls_0/inst/grp_run_encoder_once_fu_5557/grp_run_encoder_once_Pipeline_ENCODER_LOOP_fu_170/urem_32ns_16ns_16_36_1_U83/snn_top_hls_urem_32ns_16ns_16_36_1_divider_u/loop[18].remd_tmp_reg[19][14]/C
                         clock pessimism             -0.035     1.142    
    SLICE_X50Y68         FDRE (Hold_fdre_C_D)         0.121     1.263    design_1_i/snn_top_hls_0/inst/grp_run_encoder_once_fu_5557/grp_run_encoder_once_Pipeline_ENCODER_LOOP_fu_170/urem_32ns_16ns_16_36_1_U83/snn_top_hls_urem_32ns_16ns_16_36_1_divider_u/loop[18].remd_tmp_reg[19][14]
  -------------------------------------------------------------------
                         required time                         -1.263    
                         arrival time                           1.314    
  -------------------------------------------------------------------
                         slack                                  0.051    





Pulse Width Checks
--------------------------------------------------------------------------------------
Clock Name:         clk_fpga_0
Waveform(ns):       { 0.000 5.000 }
Period(ns):         10.000
Sources:            { design_1_i/processing_system7_0/inst/PS7_i/FCLKCLK[0] }

Check Type        Corner  Lib Pin      Reference Pin  Required(ns)  Actual(ns)  Slack(ns)  Location      Pin
Min Period        n/a     DSP48E1/CLK  n/a            3.884         10.000      6.116      DSP48_X1Y4    design_1_i/snn_top_hls_0/inst/grp_process_post_spike_aer_fu_5737/grp_process_post_spike_aer_Pipeline_LTP_LOOP_fu_447/mul_ln310_4_reg_1647_reg/CLK
Min Period        n/a     DSP48E1/CLK  n/a            3.884         10.000      6.116      DSP48_X1Y8    design_1_i/snn_top_hls_0/inst/grp_process_post_spike_aer_fu_5737/grp_process_post_spike_aer_Pipeline_LTP_LOOP_fu_447/mul_ln310_5_reg_1752_reg/CLK
Min Period        n/a     DSP48E1/CLK  n/a            3.884         10.000      6.116      DSP48_X1Y5    design_1_i/snn_top_hls_0/inst/grp_process_post_spike_aer_fu_5737/grp_process_post_spike_aer_Pipeline_LTP_LOOP_fu_447/mul_ln310_6_reg_1762_reg/CLK
Min Period        n/a     DSP48E1/CLK  n/a            3.884         10.000      6.116      DSP48_X1Y7    design_1_i/snn_top_hls_0/inst/grp_process_post_spike_aer_fu_5737/grp_process_post_spike_aer_Pipeline_LTP_LOOP_fu_447/mul_ln310_reg_1637_reg/CLK
Min Period        n/a     DSP48E1/CLK  n/a            3.884         10.000      6.116      DSP48_X3Y8    design_1_i/snn_top_hls_0/inst/grp_process_pre_spike_aer_fu_5649/grp_process_pre_spike_aer_Pipeline_LTD_LOOP_fu_443/mul_ln310_1_reg_1390_reg/CLK
Min Period        n/a     DSP48E1/CLK  n/a            3.884         10.000      6.116      DSP48_X3Y2    design_1_i/snn_top_hls_0/inst/grp_process_pre_spike_aer_fu_5649/grp_process_pre_spike_aer_Pipeline_LTD_LOOP_fu_443/mul_ln310_2_reg_1488_reg/CLK
Min Period        n/a     DSP48E1/CLK  n/a            3.884         10.000      6.116      DSP48_X3Y6    design_1_i/snn_top_hls_0/inst/grp_process_pre_spike_aer_fu_5649/grp_process_pre_spike_aer_Pipeline_LTD_LOOP_fu_443/mul_ln310_3_reg_1498_reg/CLK
Min Period        n/a     DSP48E1/CLK  n/a            3.884         10.000      6.116      DSP48_X3Y3    design_1_i/snn_top_hls_0/inst/grp_process_pre_spike_aer_fu_5649/grp_process_pre_spike_aer_Pipeline_LTD_LOOP_fu_443/mul_ln310_reg_1380_reg/CLK
Min Period        n/a     DSP48E1/CLK  n/a            3.884         10.000      6.116      DSP48_X3Y17   design_1_i/snn_top_hls_0/inst/grp_run_encoder_once_fu_5557/grp_run_encoder_once_Pipeline_ENCODER_LOOP_fu_170/spike_delay_15_reg_10170_reg/CLK
Min Period        n/a     DSP48E1/CLK  n/a            3.884         10.000      6.116      DSP48_X3Y12   design_1_i/snn_top_hls_0/inst/grp_run_encoder_once_fu_5557/grp_run_encoder_once_Pipeline_ENCODER_LOOP_fu_170/spike_delay_19_reg_10376_reg/CLK
Low Pulse Width   Slow    RAMD32/CLK   n/a            1.250         5.000       3.750      SLICE_X38Y37  design_1_i/axi_dma_0/U0/I_PRMRY_DATAMOVER/GEN_S2MM_FULL.I_S2MM_FULL_WRAPPER/GEN_ENABLE_INDET_BTT_SF.I_INDET_BTT/I_XD_FIFO/NON_BLK_MEM.I_SYNC_FIFOGEN_FIFO/xpm_fifo_base_inst/gen_sdpram.xpm_memory_base_inst/gen_wr_a.gen_word_narrow.mem_reg_0_15_0_5/RAMA/CLK
Low Pulse Width   Fast    RAMD32/CLK   n/a            1.250         5.000       3.750      SLICE_X38Y37  design_1_i/axi_dma_0/U0/I_PRMRY_DATAMOVER/GEN_S2MM_FULL.I_S2MM_FULL_WRAPPER/GEN_ENABLE_INDET_BTT_SF.I_INDET_BTT/I_XD_FIFO/NON_BLK_MEM.I_SYNC_FIFOGEN_FIFO/xpm_fifo_base_inst/gen_sdpram.xpm_memory_base_inst/gen_wr_a.gen_word_narrow.mem_reg_0_15_0_5/RAMA/CLK
Low Pulse Width   Slow    RAMD32/CLK   n/a            1.250         5.000       3.750      SLICE_X38Y37  design_1_i/axi_dma_0/U0/I_PRMRY_DATAMOVER/GEN_S2MM_FULL.I_S2MM_FULL_WRAPPER/GEN_ENABLE_INDET_BTT_SF.I_INDET_BTT/I_XD_FIFO/NON_BLK_MEM.I_SYNC_FIFOGEN_FIFO/xpm_fifo_base_inst/gen_sdpram.xpm_memory_base_inst/gen_wr_a.gen_word_narrow.mem_reg_0_15_0_5/RAMA_D1/CLK
Low Pulse Width   Fast    RAMD32/CLK   n/a            1.250         5.000       3.750      SLICE_X38Y37  design_1_i/axi_dma_0/U0/I_PRMRY_DATAMOVER/GEN_S2MM_FULL.I_S2MM_FULL_WRAPPER/GEN_ENABLE_INDET_BTT_SF.I_INDET_BTT/I_XD_FIFO/NON_BLK_MEM.I_SYNC_FIFOGEN_FIFO/xpm_fifo_base_inst/gen_sdpram.xpm_memory_base_inst/gen_wr_a.gen_word_narrow.mem_reg_0_15_0_5/RAMA_D1/CLK
Low Pulse Width   Slow    RAMD32/CLK   n/a            1.250         5.000       3.750      SLICE_X38Y37  design_1_i/axi_dma_0/U0/I_PRMRY_DATAMOVER/GEN_S2MM_FULL.I_S2MM_FULL_WRAPPER/GEN_ENABLE_INDET_BTT_SF.I_INDET_BTT/I_XD_FIFO/NON_BLK_MEM.I_SYNC_FIFOGEN_FIFO/xpm_fifo_base_inst/gen_sdpram.xpm_memory_base_inst/gen_wr_a.gen_word_narrow.mem_reg_0_15_0_5/RAMB/CLK
Low Pulse Width   Fast    RAMD32/CLK   n/a            1.250         5.000       3.750      SLICE_X38Y37  design_1_i/axi_dma_0/U0/I_PRMRY_DATAMOVER/GEN_S2MM_FULL.I_S2MM_FULL_WRAPPER/GEN_ENABLE_INDET_BTT_SF.I_INDET_BTT/I_XD_FIFO/NON_BLK_MEM.I_SYNC_FIFOGEN_FIFO/xpm_fifo_base_inst/gen_sdpram.xpm_memory_base_inst/gen_wr_a.gen_word_narrow.mem_reg_0_15_0_5/RAMB/CLK
Low Pulse Width   Slow    RAMD32/CLK   n/a            1.250         5.000       3.750      SLICE_X38Y37  design_1_i/axi_dma_0/U0/I_PRMRY_DATAMOVER/GEN_S2MM_FULL.I_S2MM_FULL_WRAPPER/GEN_ENABLE_INDET_BTT_SF.I_INDET_BTT/I_XD_FIFO/NON_BLK_MEM.I_SYNC_FIFOGEN_FIFO/xpm_fifo_base_inst/gen_sdpram.xpm_memory_base_inst/gen_wr_a.gen_word_narrow.mem_reg_0_15_0_5/RAMB_D1/CLK
Low Pulse Width   Fast    RAMD32/CLK   n/a            1.250         5.000       3.750      SLICE_X38Y37  design_1_i/axi_dma_0/U0/I_PRMRY_DATAMOVER/GEN_S2MM_FULL.I_S2MM_FULL_WRAPPER/GEN_ENABLE_INDET_BTT_SF.I_INDET_BTT/I_XD_FIFO/NON_BLK_MEM.I_SYNC_FIFOGEN_FIFO/xpm_fifo_base_inst/gen_sdpram.xpm_memory_base_inst/gen_wr_a.gen_word_narrow.mem_reg_0_15_0_5/RAMB_D1/CLK
Low Pulse Width   Slow    RAMD32/CLK   n/a            1.250         5.000       3.750      SLICE_X38Y37  design_1_i/axi_dma_0/U0/I_PRMRY_DATAMOVER/GEN_S2MM_FULL.I_S2MM_FULL_WRAPPER/GEN_ENABLE_INDET_BTT_SF.I_INDET_BTT/I_XD_FIFO/NON_BLK_MEM.I_SYNC_FIFOGEN_FIFO/xpm_fifo_base_inst/gen_sdpram.xpm_memory_base_inst/gen_wr_a.gen_word_narrow.mem_reg_0_15_0_5/RAMC/CLK
Low Pulse Width   Fast    RAMD32/CLK   n/a            1.250         5.000       3.750      SLICE_X38Y37  design_1_i/axi_dma_0/U0/I_PRMRY_DATAMOVER/GEN_S2MM_FULL.I_S2MM_FULL_WRAPPER/GEN_ENABLE_INDET_BTT_SF.I_INDET_BTT/I_XD_FIFO/NON_BLK_MEM.I_SYNC_FIFOGEN_FIFO/xpm_fifo_base_inst/gen_sdpram.xpm_memory_base_inst/gen_wr_a.gen_word_narrow.mem_reg_0_15_0_5/RAMC/CLK
High Pulse Width  Slow    RAMD32/CLK   n/a            1.250         5.000       3.750      SLICE_X38Y37  design_1_i/axi_dma_0/U0/I_PRMRY_DATAMOVER/GEN_S2MM_FULL.I_S2MM_FULL_WRAPPER/GEN_ENABLE_INDET_BTT_SF.I_INDET_BTT/I_XD_FIFO/NON_BLK_MEM.I_SYNC_FIFOGEN_FIFO/xpm_fifo_base_inst/gen_sdpram.xpm_memory_base_inst/gen_wr_a.gen_word_narrow.mem_reg_0_15_0_5/RAMA/CLK
High Pulse Width  Fast    RAMD32/CLK   n/a            1.250         5.000       3.750      SLICE_X38Y37  design_1_i/axi_dma_0/U0/I_PRMRY_DATAMOVER/GEN_S2MM_FULL.I_S2MM_FULL_WRAPPER/GEN_ENABLE_INDET_BTT_SF.I_INDET_BTT/I_XD_FIFO/NON_BLK_MEM.I_SYNC_FIFOGEN_FIFO/xpm_fifo_base_inst/gen_sdpram.xpm_memory_base_inst/gen_wr_a.gen_word_narrow.mem_reg_0_15_0_5/RAMA/CLK
High Pulse Width  Slow    RAMD32/CLK   n/a            1.250         5.000       3.750      SLICE_X38Y37  design_1_i/axi_dma_0/U0/I_PRMRY_DATAMOVER/GEN_S2MM_FULL.I_S2MM_FULL_WRAPPER/GEN_ENABLE_INDET_BTT_SF.I_INDET_BTT/I_XD_FIFO/NON_BLK_MEM.I_SYNC_FIFOGEN_FIFO/xpm_fifo_base_inst/gen_sdpram.xpm_memory_base_inst/gen_wr_a.gen_word_narrow.mem_reg_0_15_0_5/RAMA_D1/CLK
High Pulse Width  Fast    RAMD32/CLK   n/a            1.250         5.000       3.750      SLICE_X38Y37  design_1_i/axi_dma_0/U0/I_PRMRY_DATAMOVER/GEN_S2MM_FULL.I_S2MM_FULL_WRAPPER/GEN_ENABLE_INDET_BTT_SF.I_INDET_BTT/I_XD_FIFO/NON_BLK_MEM.I_SYNC_FIFOGEN_FIFO/xpm_fifo_base_inst/gen_sdpram.xpm_memory_base_inst/gen_wr_a.gen_word_narrow.mem_reg_0_15_0_5/RAMA_D1/CLK
High Pulse Width  Slow    RAMD32/CLK   n/a            1.250         5.000       3.750      SLICE_X38Y37  design_1_i/axi_dma_0/U0/I_PRMRY_DATAMOVER/GEN_S2MM_FULL.I_S2MM_FULL_WRAPPER/GEN_ENABLE_INDET_BTT_SF.I_INDET_BTT/I_XD_FIFO/NON_BLK_MEM.I_SYNC_FIFOGEN_FIFO/xpm_fifo_base_inst/gen_sdpram.xpm_memory_base_inst/gen_wr_a.gen_word_narrow.mem_reg_0_15_0_5/RAMB/CLK
High Pulse Width  Fast    RAMD32/CLK   n/a            1.250         5.000       3.750      SLICE_X38Y37  design_1_i/axi_dma_0/U0/I_PRMRY_DATAMOVER/GEN_S2MM_FULL.I_S2MM_FULL_WRAPPER/GEN_ENABLE_INDET_BTT_SF.I_INDET_BTT/I_XD_FIFO/NON_BLK_MEM.I_SYNC_FIFOGEN_FIFO/xpm_fifo_base_inst/gen_sdpram.xpm_memory_base_inst/gen_wr_a.gen_word_narrow.mem_reg_0_15_0_5/RAMB/CLK
High Pulse Width  Slow    RAMD32/CLK   n/a            1.250         5.000       3.750      SLICE_X38Y37  design_1_i/axi_dma_0/U0/I_PRMRY_DATAMOVER/GEN_S2MM_FULL.I_S2MM_FULL_WRAPPER/GEN_ENABLE_INDET_BTT_SF.I_INDET_BTT/I_XD_FIFO/NON_BLK_MEM.I_SYNC_FIFOGEN_FIFO/xpm_fifo_base_inst/gen_sdpram.xpm_memory_base_inst/gen_wr_a.gen_word_narrow.mem_reg_0_15_0_5/RAMB_D1/CLK
High Pulse Width  Fast    RAMD32/CLK   n/a            1.250         5.000       3.750      SLICE_X38Y37  design_1_i/axi_dma_0/U0/I_PRMRY_DATAMOVER/GEN_S2MM_FULL.I_S2MM_FULL_WRAPPER/GEN_ENABLE_INDET_BTT_SF.I_INDET_BTT/I_XD_FIFO/NON_BLK_MEM.I_SYNC_FIFOGEN_FIFO/xpm_fifo_base_inst/gen_sdpram.xpm_memory_base_inst/gen_wr_a.gen_word_narrow.mem_reg_0_15_0_5/RAMB_D1/CLK
High Pulse Width  Slow    RAMD32/CLK   n/a            1.250         5.000       3.750      SLICE_X38Y37  design_1_i/axi_dma_0/U0/I_PRMRY_DATAMOVER/GEN_S2MM_FULL.I_S2MM_FULL_WRAPPER/GEN_ENABLE_INDET_BTT_SF.I_INDET_BTT/I_XD_FIFO/NON_BLK_MEM.I_SYNC_FIFOGEN_FIFO/xpm_fifo_base_inst/gen_sdpram.xpm_memory_base_inst/gen_wr_a.gen_word_narrow.mem_reg_0_15_0_5/RAMC/CLK
High Pulse Width  Fast    RAMD32/CLK   n/a            1.250         5.000       3.750      SLICE_X38Y37  design_1_i/axi_dma_0/U0/I_PRMRY_DATAMOVER/GEN_S2MM_FULL.I_S2MM_FULL_WRAPPER/GEN_ENABLE_INDET_BTT_SF.I_INDET_BTT/I_XD_FIFO/NON_BLK_MEM.I_SYNC_FIFOGEN_FIFO/xpm_fifo_base_inst/gen_sdpram.xpm_memory_base_inst/gen_wr_a.gen_word_narrow.mem_reg_0_15_0_5/RAMC/CLK



---------------------------------------------------------------------------------------------------
Path Group:  **async_default**
From Clock:  clk_fpga_0
  To Clock:  clk_fpga_0

Setup :            0  Failing Endpoints,  Worst Slack        6.153ns,  Total Violation        0.000ns
Hold  :            0  Failing Endpoints,  Worst Slack        0.565ns,  Total Violation        0.000ns
---------------------------------------------------------------------------------------------------


Max Delay Paths
--------------------------------------------------------------------------------------
Slack (MET) :             6.153ns  (required time - arrival time)
  Source:                 design_1_wrapper/design_1/design_1_axi_interconnect_hp0_0/s00_couplers_imp_S4BDUK/design_1_axi_interconnect_hp0_imp_auto_pc_0/design_1_axi_interconnect_hp0_imp_auto_pc_0_axi_protocol_converter_v2_1_37_axi_protocol_converter/design_1_axi_interconnect_hp0_imp_auto_pc_0_axi_protocol_converter_v2_1_37_axi3_conv/design_1_axi_interconnect_hp0_imp_auto_pc_0_axi_protocol_converter_v2_1_37_a_axi3_conv/design_1_axi_interconnect_hp0_imp_auto_pc_0_axi_data_fifo_v2_1_36_axic_fifo/design_1_axi_interconnect_hp0_imp_auto_pc_0_axi_data_fifo_v2_1_36_fifo_gen/<hidden>/<hidden>/<hidden>/<hidden>/<hidden>/<hidden>
                            (rising edge-triggered cell FDPE clocked by clk_fpga_0  {rise@0.000ns fall@5.000ns period=10.000ns})
  Destination:            design_1_wrapper/design_1/design_1_axi_interconnect_hp0_0/s00_couplers_imp_S4BDUK/design_1_axi_interconnect_hp0_imp_auto_pc_0/design_1_axi_interconnect_hp0_imp_auto_pc_0_axi_protocol_converter_v2_1_37_axi_protocol_converter/design_1_axi_interconnect_hp0_imp_auto_pc_0_axi_protocol_converter_v2_1_37_axi3_conv/design_1_axi_interconnect_hp0_imp_auto_pc_0_axi_protocol_converter_v2_1_37_a_axi3_conv/design_1_axi_interconnect_hp0_imp_auto_pc_0_axi_data_fifo_v2_1_36_axic_fifo/design_1_axi_interconnect_hp0_imp_auto_pc_0_axi_data_fifo_v2_1_36_fifo_gen/<hidden>/<hidden>/<hidden>/<hidden>/<hidden>/<hidden>
                            (recovery check against rising-edge clock clk_fpga_0  {rise@0.000ns fall@5.000ns period=10.000ns})
  Path Group:             **async_default**
  Path Type:              Recovery (Max at Slow Process Corner)
  Requirement:            10.000ns  (clk_fpga_0 rise@10.000ns - clk_fpga_0 rise@0.000ns)
  Data Path Delay:        3.226ns  (logic 0.718ns (22.255%)  route 2.508ns (77.745%))
  Logic Levels:           1  (LUT3=1)
  Clock Path Skew:        -0.062ns (DCD - SCD + CPR)
    Destination Clock Delay (DCD):    2.753ns = ( 12.753 - 10.000 ) 
    Source Clock Delay      (SCD):    3.045ns
    Clock Pessimism Removal (CPR):    0.230ns
  Clock Uncertainty:      0.154ns  ((TSJ^2 + TIJ^2)^1/2 + DJ) / 2 + PE
    Total System Jitter     (TSJ):    0.071ns
    Total Input Jitter      (TIJ):    0.300ns
    Discrete Jitter          (DJ):    0.000ns
    Phase Error              (PE):    0.000ns

    Location             Delay type                Incr(ns)  Path(ns)    Netlist Resource(s)
  -------------------------------------------------------------------    -------------------
                         (clock clk_fpga_0 rise edge)
                                                      0.000     0.000 r  
    PS7_X0Y0             PS7                          0.000     0.000 r  design_1_i/processing_system7_0/inst/PS7_i/FCLKCLK[0]
                         net (fo=1, routed)           1.193     1.193    design_1_i/processing_system7_0/inst/FCLK_CLK_unbuffered[0]
    BUFGCTRL_X0Y16       BUFG (Prop_bufg_I_O)         0.101     1.294 r  design_1_i/processing_system7_0/inst/buffer_fclk_clk_0.FCLK_CLK_0_BUFG/O
                         net (fo=11219, routed)       1.751     3.045    design_1_wrapper/design_1/design_1_axi_interconnect_hp0_0/s00_couplers_imp_S4BDUK/design_1_axi_interconnect_hp0_imp_auto_pc_0/design_1_axi_interconnect_hp0_imp_auto_pc_0_axi_protocol_converter_v2_1_37_axi_protocol_converter/design_1_axi_interconnect_hp0_imp_auto_pc_0_axi_protocol_converter_v2_1_37_axi3_conv/design_1_axi_interconnect_hp0_imp_auto_pc_0_axi_protocol_converter_v2_1_37_a_axi3_conv/design_1_axi_interconnect_hp0_imp_auto_pc_0_axi_data_fifo_v2_1_36_axic_fifo/design_1_axi_interconnect_hp0_imp_auto_pc_0_axi_data_fifo_v2_1_36_fifo_gen/<hidden>/<hidden>/<hidden>/<hidden>/<hidden>/<hidden>
    SLICE_X23Y40         FDPE                                         r  design_1_wrapper/design_1/design_1_axi_interconnect_hp0_0/s00_couplers_imp_S4BDUK/design_1_axi_interconnect_hp0_imp_auto_pc_0/design_1_axi_interconnect_hp0_imp_auto_pc_0_axi_protocol_converter_v2_1_37_axi_protocol_converter/design_1_axi_interconnect_hp0_imp_auto_pc_0_axi_protocol_converter_v2_1_37_axi3_conv/design_1_axi_interconnect_hp0_imp_auto_pc_0_axi_protocol_converter_v2_1_37_a_axi3_conv/design_1_axi_interconnect_hp0_imp_auto_pc_0_axi_data_fifo_v2_1_36_axic_fifo/design_1_axi_interconnect_hp0_imp_auto_pc_0_axi_data_fifo_v2_1_36_fifo_gen/<hidden>/<hidden>/<hidden>/<hidden>/<hidden>/<hidden>
  -------------------------------------------------------------------    -------------------
    SLICE_X23Y40         FDPE (Prop_fdpe_C_Q)         0.419     3.464 f  design_1_wrapper/design_1/design_1_axi_interconnect_hp0_0/s00_couplers_imp_S4BDUK/design_1_axi_interconnect_hp0_imp_auto_pc_0/design_1_axi_interconnect_hp0_imp_auto_pc_0_axi_protocol_converter_v2_1_37_axi_protocol_converter/design_1_axi_interconnect_hp0_imp_auto_pc_0_axi_protocol_converter_v2_1_37_axi3_conv/design_1_axi_interconnect_hp0_imp_auto_pc_0_axi_protocol_converter_v2_1_37_a_axi3_conv/design_1_axi_interconnect_hp0_imp_auto_pc_0_axi_data_fifo_v2_1_36_axic_fifo/design_1_axi_interconnect_hp0_imp_auto_pc_0_axi_data_fifo_v2_1_36_fifo_gen/<hidden>/<hidden>/<hidden>/<hidden>/<hidden>/<hidden>
                         net (fo=2, routed)           0.818     4.282    design_1_wrapper/design_1/design_1_axi_interconnect_hp0_0/s00_couplers_imp_S4BDUK/design_1_axi_interconnect_hp0_imp_auto_pc_0/design_1_axi_interconnect_hp0_imp_auto_pc_0_axi_protocol_converter_v2_1_37_axi_protocol_converter/design_1_axi_interconnect_hp0_imp_auto_pc_0_axi_protocol_converter_v2_1_37_axi3_conv/design_1_axi_interconnect_hp0_imp_auto_pc_0_axi_protocol_converter_v2_1_37_a_axi3_conv/design_1_axi_interconnect_hp0_imp_auto_pc_0_axi_data_fifo_v2_1_36_axic_fifo/design_1_axi_interconnect_hp0_imp_auto_pc_0_axi_data_fifo_v2_1_36_fifo_gen/<hidden>/<hidden>/<hidden>/<hidden>/<hidden>
    SLICE_X27Y39         LUT3 (Prop_lut3_I2_O)        0.299     4.581 f  design_1_wrapper/design_1/design_1_axi_interconnect_hp0_0/s00_couplers_imp_S4BDUK/design_1_axi_interconnect_hp0_imp_auto_pc_0/design_1_axi_interconnect_hp0_imp_auto_pc_0_axi_protocol_converter_v2_1_37_axi_protocol_converter/design_1_axi_interconnect_hp0_imp_auto_pc_0_axi_protocol_converter_v2_1_37_axi3_conv/design_1_axi_interconnect_hp0_imp_auto_pc_0_axi_protocol_converter_v2_1_37_a_axi3_conv/design_1_axi_interconnect_hp0_imp_auto_pc_0_axi_data_fifo_v2_1_36_axic_fifo/design_1_axi_interconnect_hp0_imp_auto_pc_0_axi_data_fifo_v2_1_36_fifo_gen/<hidden>/<hidden>/<hidden>/<hidden>/<hidden>
                         net (fo=33, routed)          1.690     6.271    design_1_wrapper/design_1/design_1_axi_interconnect_hp0_0/s00_couplers_imp_S4BDUK/design_1_axi_interconnect_hp0_imp_auto_pc_0/design_1_axi_interconnect_hp0_imp_auto_pc_0_axi_protocol_converter_v2_1_37_axi_protocol_converter/design_1_axi_interconnect_hp0_imp_auto_pc_0_axi_protocol_converter_v2_1_37_axi3_conv/design_1_axi_interconnect_hp0_imp_auto_pc_0_axi_protocol_converter_v2_1_37_a_axi3_conv/design_1_axi_interconnect_hp0_imp_auto_pc_0_axi_data_fifo_v2_1_36_axic_fifo/design_1_axi_interconnect_hp0_imp_auto_pc_0_axi_data_fifo_v2_1_36_fifo_gen/<hidden>/<hidden>/<hidden>/<hidden>/<hidden>/<hidden>
    SLICE_X21Y35         FDCE                                         f  design_1_wrapper/design_1/design_1_axi_interconnect_hp0_0/s00_couplers_imp_S4BDUK/design_1_axi_interconnect_hp0_imp_auto_pc_0/design_1_axi_interconnect_hp0_imp_auto_pc_0_axi_protocol_converter_v2_1_37_axi_protocol_converter/design_1_axi_interconnect_hp0_imp_auto_pc_0_axi_protocol_converter_v2_1_37_axi3_conv/design_1_axi_interconnect_hp0_imp_auto_pc_0_axi_protocol_converter_v2_1_37_a_axi3_conv/design_1_axi_interconnect_hp0_imp_auto_pc_0_axi_data_fifo_v2_1_36_axic_fifo/design_1_axi_interconnect_hp0_imp_auto_pc_0_axi_data_fifo_v2_1_36_fifo_gen/<hidden>/<hidden>/<hidden>/<hidden>/<hidden>/<hidden>
  -------------------------------------------------------------------    -------------------

                         (clock clk_fpga_0 rise edge)
                                                     10.000    10.000 r  
    PS7_X0Y0             PS7                          0.000    10.000 r  design_1_i/processing_system7_0/inst/PS7_i/FCLKCLK[0]
                         net (fo=1, routed)           1.088    11.088    design_1_i/processing_system7_0/inst/FCLK_CLK_unbuffered[0]
    BUFGCTRL_X0Y16       BUFG (Prop_bufg_I_O)         0.091    11.179 r  design_1_i/processing_system7_0/inst/buffer_fclk_clk_0.FCLK_CLK_0_BUFG/O
                         net (fo=11219, routed)       1.574    12.753    design_1_wrapper/design_1/design_1_axi_interconnect_hp0_0/s00_couplers_imp_S4BDUK/design_1_axi_interconnect_hp0_imp_auto_pc_0/design_1_axi_interconnect_hp0_imp_auto_pc_0_axi_protocol_converter_v2_1_37_axi_protocol_converter/design_1_axi_interconnect_hp0_imp_auto_pc_0_axi_protocol_converter_v2_1_37_axi3_conv/design_1_axi_interconnect_hp0_imp_auto_pc_0_axi_protocol_converter_v2_1_37_a_axi3_conv/design_1_axi_interconnect_hp0_imp_auto_pc_0_axi_data_fifo_v2_1_36_axic_fifo/design_1_axi_interconnect_hp0_imp_auto_pc_0_axi_data_fifo_v2_1_36_fifo_gen/<hidden>/<hidden>/<hidden>/<hidden>/<hidden>/<hidden>
    SLICE_X21Y35         FDCE                                         r  design_1_wrapper/design_1/design_1_axi_interconnect_hp0_0/s00_couplers_imp_S4BDUK/design_1_axi_interconnect_hp0_imp_auto_pc_0/design_1_axi_interconnect_hp0_imp_auto_pc_0_axi_protocol_converter_v2_1_37_axi_protocol_converter/design_1_axi_interconnect_hp0_imp_auto_pc_0_axi_protocol_converter_v2_1_37_axi3_conv/design_1_axi_interconnect_hp0_imp_auto_pc_0_axi_protocol_converter_v2_1_37_a_axi3_conv/design_1_axi_interconnect_hp0_imp_auto_pc_0_axi_data_fifo_v2_1_36_axic_fifo/design_1_axi_interconnect_hp0_imp_auto_pc_0_axi_data_fifo_v2_1_36_fifo_gen/<hidden>/<hidden>/<hidden>/<hidden>/<hidden>/<hidden>
                         clock pessimism              0.230    12.983    
                         clock uncertainty           -0.154    12.829    
    SLICE_X21Y35         FDCE (Recov_fdce_C_CLR)     -0.405    12.424    design_1_wrapper/design_1/design_1_axi_interconnect_hp0_0/s00_couplers_imp_S4BDUK/design_1_axi_interconnect_hp0_imp_auto_pc_0/design_1_axi_interconnect_hp0_imp_auto_pc_0_axi_protocol_converter_v2_1_37_axi_protocol_converter/design_1_axi_interconnect_hp0_imp_auto_pc_0_axi_protocol_converter_v2_1_37_axi3_conv/design_1_axi_interconnect_hp0_imp_auto_pc_0_axi_protocol_converter_v2_1_37_a_axi3_conv/design_1_axi_interconnect_hp0_imp_auto_pc_0_axi_data_fifo_v2_1_36_axic_fifo/design_1_axi_interconnect_hp0_imp_auto_pc_0_axi_data_fifo_v2_1_36_fifo_gen/<hidden>/<hidden>/<hidden>/<hidden>/<hidden>/<hidden>
  -------------------------------------------------------------------
                         required time                         12.424    
                         arrival time                          -6.271    
  -------------------------------------------------------------------
                         slack                                  6.153    

Slack (MET) :             6.153ns  (required time - arrival time)
  Source:                 design_1_wrapper/design_1/design_1_axi_interconnect_hp0_0/s00_couplers_imp_S4BDUK/design_1_axi_interconnect_hp0_imp_auto_pc_0/design_1_axi_interconnect_hp0_imp_auto_pc_0_axi_protocol_converter_v2_1_37_axi_protocol_converter/design_1_axi_interconnect_hp0_imp_auto_pc_0_axi_protocol_converter_v2_1_37_axi3_conv/design_1_axi_interconnect_hp0_imp_auto_pc_0_axi_protocol_converter_v2_1_37_a_axi3_conv/design_1_axi_interconnect_hp0_imp_auto_pc_0_axi_data_fifo_v2_1_36_axic_fifo/design_1_axi_interconnect_hp0_imp_auto_pc_0_axi_data_fifo_v2_1_36_fifo_gen/<hidden>/<hidden>/<hidden>/<hidden>/<hidden>/<hidden>
                            (rising edge-triggered cell FDPE clocked by clk_fpga_0  {rise@0.000ns fall@5.000ns period=10.000ns})
  Destination:            design_1_wrapper/design_1/design_1_axi_interconnect_hp0_0/s00_couplers_imp_S4BDUK/design_1_axi_interconnect_hp0_imp_auto_pc_0/design_1_axi_interconnect_hp0_imp_auto_pc_0_axi_protocol_converter_v2_1_37_axi_protocol_converter/design_1_axi_interconnect_hp0_imp_auto_pc_0_axi_protocol_converter_v2_1_37_axi3_conv/design_1_axi_interconnect_hp0_imp_auto_pc_0_axi_protocol_converter_v2_1_37_a_axi3_conv/design_1_axi_interconnect_hp0_imp_auto_pc_0_axi_data_fifo_v2_1_36_axic_fifo/design_1_axi_interconnect_hp0_imp_auto_pc_0_axi_data_fifo_v2_1_36_fifo_gen/<hidden>/<hidden>/<hidden>/<hidden>/<hidden>/<hidden>
                            (recovery check against rising-edge clock clk_fpga_0  {rise@0.000ns fall@5.000ns period=10.000ns})
  Path Group:             **async_default**
  Path Type:              Recovery (Max at Slow Process Corner)
  Requirement:            10.000ns  (clk_fpga_0 rise@10.000ns - clk_fpga_0 rise@0.000ns)
  Data Path Delay:        3.226ns  (logic 0.718ns (22.255%)  route 2.508ns (77.745%))
  Logic Levels:           1  (LUT3=1)
  Clock Path Skew:        -0.062ns (DCD - SCD + CPR)
    Destination Clock Delay (DCD):    2.753ns = ( 12.753 - 10.000 ) 
    Source Clock Delay      (SCD):    3.045ns
    Clock Pessimism Removal (CPR):    0.230ns
  Clock Uncertainty:      0.154ns  ((TSJ^2 + TIJ^2)^1/2 + DJ) / 2 + PE
    Total System Jitter     (TSJ):    0.071ns
    Total Input Jitter      (TIJ):    0.300ns
    Discrete Jitter          (DJ):    0.000ns
    Phase Error              (PE):    0.000ns

    Location             Delay type                Incr(ns)  Path(ns)    Netlist Resource(s)
  -------------------------------------------------------------------    -------------------
                         (clock clk_fpga_0 rise edge)
                                                      0.000     0.000 r  
    PS7_X0Y0             PS7                          0.000     0.000 r  design_1_i/processing_system7_0/inst/PS7_i/FCLKCLK[0]
                         net (fo=1, routed)           1.193     1.193    design_1_i/processing_system7_0/inst/FCLK_CLK_unbuffered[0]
    BUFGCTRL_X0Y16       BUFG (Prop_bufg_I_O)         0.101     1.294 r  design_1_i/processing_system7_0/inst/buffer_fclk_clk_0.FCLK_CLK_0_BUFG/O
                         net (fo=11219, routed)       1.751     3.045    design_1_wrapper/design_1/design_1_axi_interconnect_hp0_0/s00_couplers_imp_S4BDUK/design_1_axi_interconnect_hp0_imp_auto_pc_0/design_1_axi_interconnect_hp0_imp_auto_pc_0_axi_protocol_converter_v2_1_37_axi_protocol_converter/design_1_axi_interconnect_hp0_imp_auto_pc_0_axi_protocol_converter_v2_1_37_axi3_conv/design_1_axi_interconnect_hp0_imp_auto_pc_0_axi_protocol_converter_v2_1_37_a_axi3_conv/design_1_axi_interconnect_hp0_imp_auto_pc_0_axi_data_fifo_v2_1_36_axic_fifo/design_1_axi_interconnect_hp0_imp_auto_pc_0_axi_data_fifo_v2_1_36_fifo_gen/<hidden>/<hidden>/<hidden>/<hidden>/<hidden>/<hidden>
    SLICE_X23Y40         FDPE                                         r  design_1_wrapper/design_1/design_1_axi_interconnect_hp0_0/s00_couplers_imp_S4BDUK/design_1_axi_interconnect_hp0_imp_auto_pc_0/design_1_axi_interconnect_hp0_imp_auto_pc_0_axi_protocol_converter_v2_1_37_axi_protocol_converter/design_1_axi_interconnect_hp0_imp_auto_pc_0_axi_protocol_converter_v2_1_37_axi3_conv/design_1_axi_interconnect_hp0_imp_auto_pc_0_axi_protocol_converter_v2_1_37_a_axi3_conv/design_1_axi_interconnect_hp0_imp_auto_pc_0_axi_data_fifo_v2_1_36_axic_fifo/design_1_axi_interconnect_hp0_imp_auto_pc_0_axi_data_fifo_v2_1_36_fifo_gen/<hidden>/<hidden>/<hidden>/<hidden>/<hidden>/<hidden>
  -------------------------------------------------------------------    -------------------
    SLICE_X23Y40         FDPE (Prop_fdpe_C_Q)         0.419     3.464 f  design_1_wrapper/design_1/design_1_axi_interconnect_hp0_0/s00_couplers_imp_S4BDUK/design_1_axi_interconnect_hp0_imp_auto_pc_0/design_1_axi_interconnect_hp0_imp_auto_pc_0_axi_protocol_converter_v2_1_37_axi_protocol_converter/design_1_axi_interconnect_hp0_imp_auto_pc_0_axi_protocol_converter_v2_1_37_axi3_conv/design_1_axi_interconnect_hp0_imp_auto_pc_0_axi_protocol_converter_v2_1_37_a_axi3_conv/design_1_axi_interconnect_hp0_imp_auto_pc_0_axi_data_fifo_v2_1_36_axic_fifo/design_1_axi_interconnect_hp0_imp_auto_pc_0_axi_data_fifo_v2_1_36_fifo_gen/<hidden>/<hidden>/<hidden>/<hidden>/<hidden>/<hidden>
                         net (fo=2, routed)           0.818     4.282    design_1_wrapper/design_1/design_1_axi_interconnect_hp0_0/s00_couplers_imp_S4BDUK/design_1_axi_interconnect_hp0_imp_auto_pc_0/design_1_axi_interconnect_hp0_imp_auto_pc_0_axi_protocol_converter_v2_1_37_axi_protocol_converter/design_1_axi_interconnect_hp0_imp_auto_pc_0_axi_protocol_converter_v2_1_37_axi3_conv/design_1_axi_interconnect_hp0_imp_auto_pc_0_axi_protocol_converter_v2_1_37_a_axi3_conv/design_1_axi_interconnect_hp0_imp_auto_pc_0_axi_data_fifo_v2_1_36_axic_fifo/design_1_axi_interconnect_hp0_imp_auto_pc_0_axi_data_fifo_v2_1_36_fifo_gen/<hidden>/<hidden>/<hidden>/<hidden>/<hidden>
    SLICE_X27Y39         LUT3 (Prop_lut3_I2_O)        0.299     4.581 f  design_1_wrapper/design_1/design_1_axi_interconnect_hp0_0/s00_couplers_imp_S4BDUK/design_1_axi_interconnect_hp0_imp_auto_pc_0/design_1_axi_interconnect_hp0_imp_auto_pc_0_axi_protocol_converter_v2_1_37_axi_protocol_converter/design_1_axi_interconnect_hp0_imp_auto_pc_0_axi_protocol_converter_v2_1_37_axi3_conv/design_1_axi_interconnect_hp0_imp_auto_pc_0_axi_protocol_converter_v2_1_37_a_axi3_conv/design_1_axi_interconnect_hp0_imp_auto_pc_0_axi_data_fifo_v2_1_36_axic_fifo/design_1_axi_interconnect_hp0_imp_auto_pc_0_axi_data_fifo_v2_1_36_fifo_gen/<hidden>/<hidden>/<hidden>/<hidden>/<hidden>
                         net (fo=33, routed)          1.690     6.271    design_1_wrapper/design_1/design_1_axi_interconnect_hp0_0/s00_couplers_imp_S4BDUK/design_1_axi_interconnect_hp0_imp_auto_pc_0/design_1_axi_interconnect_hp0_imp_auto_pc_0_axi_protocol_converter_v2_1_37_axi_protocol_converter/design_1_axi_interconnect_hp0_imp_auto_pc_0_axi_protocol_converter_v2_1_37_axi3_conv/design_1_axi_interconnect_hp0_imp_auto_pc_0_axi_protocol_converter_v2_1_37_a_axi3_conv/design_1_axi_interconnect_hp0_imp_auto_pc_0_axi_data_fifo_v2_1_36_axic_fifo/design_1_axi_interconnect_hp0_imp_auto_pc_0_axi_data_fifo_v2_1_36_fifo_gen/<hidden>/<hidden>/<hidden>/<hidden>/<hidden>/<hidden>
    SLICE_X21Y35         FDCE                                         f  design_1_wrapper/design_1/design_1_axi_interconnect_hp0_0/s00_couplers_imp_S4BDUK/design_1_axi_interconnect_hp0_imp_auto_pc_0/design_1_axi_interconnect_hp0_imp_auto_pc_0_axi_protocol_converter_v2_1_37_axi_protocol_converter/design_1_axi_interconnect_hp0_imp_auto_pc_0_axi_protocol_converter_v2_1_37_axi3_conv/design_1_axi_interconnect_hp0_imp_auto_pc_0_axi_protocol_converter_v2_1_37_a_axi3_conv/design_1_axi_interconnect_hp0_imp_auto_pc_0_axi_data_fifo_v2_1_36_axic_fifo/design_1_axi_interconnect_hp0_imp_auto_pc_0_axi_data_fifo_v2_1_36_fifo_gen/<hidden>/<hidden>/<hidden>/<hidden>/<hidden>/<hidden>
  -------------------------------------------------------------------    -------------------

                         (clock clk_fpga_0 rise edge)
                                                     10.000    10.000 r  
    PS7_X0Y0             PS7                          0.000    10.000 r  design_1_i/processing_system7_0/inst/PS7_i/FCLKCLK[0]
                         net (fo=1, routed)           1.088    11.088    design_1_i/processing_system7_0/inst/FCLK_CLK_unbuffered[0]
    BUFGCTRL_X0Y16       BUFG (Prop_bufg_I_O)         0.091    11.179 r  design_1_i/processing_system7_0/inst/buffer_fclk_clk_0.FCLK_CLK_0_BUFG/O
                         net (fo=11219, routed)       1.574    12.753    design_1_wrapper/design_1/design_1_axi_interconnect_hp0_0/s00_couplers_imp_S4BDUK/design_1_axi_interconnect_hp0_imp_auto_pc_0/design_1_axi_interconnect_hp0_imp_auto_pc_0_axi_protocol_converter_v2_1_37_axi_protocol_converter/design_1_axi_interconnect_hp0_imp_auto_pc_0_axi_protocol_converter_v2_1_37_axi3_conv/design_1_axi_interconnect_hp0_imp_auto_pc_0_axi_protocol_converter_v2_1_37_a_axi3_conv/design_1_axi_interconnect_hp0_imp_auto_pc_0_axi_data_fifo_v2_1_36_axic_fifo/design_1_axi_interconnect_hp0_imp_auto_pc_0_axi_data_fifo_v2_1_36_fifo_gen/<hidden>/<hidden>/<hidden>/<hidden>/<hidden>/<hidden>
    SLICE_X21Y35         FDCE                                         r  design_1_wrapper/design_1/design_1_axi_interconnect_hp0_0/s00_couplers_imp_S4BDUK/design_1_axi_interconnect_hp0_imp_auto_pc_0/design_1_axi_interconnect_hp0_imp_auto_pc_0_axi_protocol_converter_v2_1_37_axi_protocol_converter/design_1_axi_interconnect_hp0_imp_auto_pc_0_axi_protocol_converter_v2_1_37_axi3_conv/design_1_axi_interconnect_hp0_imp_auto_pc_0_axi_protocol_converter_v2_1_37_a_axi3_conv/design_1_axi_interconnect_hp0_imp_auto_pc_0_axi_data_fifo_v2_1_36_axic_fifo/design_1_axi_interconnect_hp0_imp_auto_pc_0_axi_data_fifo_v2_1_36_fifo_gen/<hidden>/<hidden>/<hidden>/<hidden>/<hidden>/<hidden>
                         clock pessimism              0.230    12.983    
                         clock uncertainty           -0.154    12.829    
    SLICE_X21Y35         FDCE (Recov_fdce_C_CLR)     -0.405    12.424    design_1_wrapper/design_1/design_1_axi_interconnect_hp0_0/s00_couplers_imp_S4BDUK/design_1_axi_interconnect_hp0_imp_auto_pc_0/design_1_axi_interconnect_hp0_imp_auto_pc_0_axi_protocol_converter_v2_1_37_axi_protocol_converter/design_1_axi_interconnect_hp0_imp_auto_pc_0_axi_protocol_converter_v2_1_37_axi3_conv/design_1_axi_interconnect_hp0_imp_auto_pc_0_axi_protocol_converter_v2_1_37_a_axi3_conv/design_1_axi_interconnect_hp0_imp_auto_pc_0_axi_data_fifo_v2_1_36_axic_fifo/design_1_axi_interconnect_hp0_imp_auto_pc_0_axi_data_fifo_v2_1_36_fifo_gen/<hidden>/<hidden>/<hidden>/<hidden>/<hidden>/<hidden>
  -------------------------------------------------------------------
                         required time                         12.424    
                         arrival time                          -6.271    
  -------------------------------------------------------------------
                         slack                                  6.153    

Slack (MET) :             6.197ns  (required time - arrival time)
  Source:                 design_1_wrapper/design_1/design_1_axi_interconnect_hp0_0/s00_couplers_imp_S4BDUK/design_1_axi_interconnect_hp0_imp_auto_pc_0/design_1_axi_interconnect_hp0_imp_auto_pc_0_axi_protocol_converter_v2_1_37_axi_protocol_converter/design_1_axi_interconnect_hp0_imp_auto_pc_0_axi_protocol_converter_v2_1_37_axi3_conv/design_1_axi_interconnect_hp0_imp_auto_pc_0_axi_protocol_converter_v2_1_37_a_axi3_conv/design_1_axi_interconnect_hp0_imp_auto_pc_0_axi_data_fifo_v2_1_36_axic_fifo/design_1_axi_interconnect_hp0_imp_auto_pc_0_axi_data_fifo_v2_1_36_fifo_gen/<hidden>/<hidden>/<hidden>/<hidden>/<hidden>/<hidden>
                            (rising edge-triggered cell FDPE clocked by clk_fpga_0  {rise@0.000ns fall@5.000ns period=10.000ns})
  Destination:            design_1_wrapper/design_1/design_1_axi_interconnect_hp0_0/s00_couplers_imp_S4BDUK/design_1_axi_interconnect_hp0_imp_auto_pc_0/design_1_axi_interconnect_hp0_imp_auto_pc_0_axi_protocol_converter_v2_1_37_axi_protocol_converter/design_1_axi_interconnect_hp0_imp_auto_pc_0_axi_protocol_converter_v2_1_37_axi3_conv/design_1_axi_interconnect_hp0_imp_auto_pc_0_axi_protocol_converter_v2_1_37_a_axi3_conv/design_1_axi_interconnect_hp0_imp_auto_pc_0_axi_data_fifo_v2_1_36_axic_fifo/design_1_axi_interconnect_hp0_imp_auto_pc_0_axi_data_fifo_v2_1_36_fifo_gen/<hidden>/<hidden>/<hidden>/<hidden>/<hidden>/<hidden>
                            (recovery check against rising-edge clock clk_fpga_0  {rise@0.000ns fall@5.000ns period=10.000ns})
  Path Group:             **async_default**
  Path Type:              Recovery (Max at Slow Process Corner)
  Requirement:            10.000ns  (clk_fpga_0 rise@10.000ns - clk_fpga_0 rise@0.000ns)
  Data Path Delay:        3.226ns  (logic 0.718ns (22.255%)  route 2.508ns (77.745%))
  Logic Levels:           1  (LUT3=1)
  Clock Path Skew:        -0.062ns (DCD - SCD + CPR)
    Destination Clock Delay (DCD):    2.753ns = ( 12.753 - 10.000 ) 
    Source Clock Delay      (SCD):    3.045ns
    Clock Pessimism Removal (CPR):    0.230ns
  Clock Uncertainty:      0.154ns  ((TSJ^2 + TIJ^2)^1/2 + DJ) / 2 + PE
    Total System Jitter     (TSJ):    0.071ns
    Total Input Jitter      (TIJ):    0.300ns
    Discrete Jitter          (DJ):    0.000ns
    Phase Error              (PE):    0.000ns

    Location             Delay type                Incr(ns)  Path(ns)    Netlist Resource(s)
  -------------------------------------------------------------------    -------------------
                         (clock clk_fpga_0 rise edge)
                                                      0.000     0.000 r  
    PS7_X0Y0             PS7                          0.000     0.000 r  design_1_i/processing_system7_0/inst/PS7_i/FCLKCLK[0]
                         net (fo=1, routed)           1.193     1.193    design_1_i/processing_system7_0/inst/FCLK_CLK_unbuffered[0]
    BUFGCTRL_X0Y16       BUFG (Prop_bufg_I_O)         0.101     1.294 r  design_1_i/processing_system7_0/inst/buffer_fclk_clk_0.FCLK_CLK_0_BUFG/O
                         net (fo=11219, routed)       1.751     3.045    design_1_wrapper/design_1/design_1_axi_interconnect_hp0_0/s00_couplers_imp_S4BDUK/design_1_axi_interconnect_hp0_imp_auto_pc_0/design_1_axi_interconnect_hp0_imp_auto_pc_0_axi_protocol_converter_v2_1_37_axi_protocol_converter/design_1_axi_interconnect_hp0_imp_auto_pc_0_axi_protocol_converter_v2_1_37_axi3_conv/design_1_axi_interconnect_hp0_imp_auto_pc_0_axi_protocol_converter_v2_1_37_a_axi3_conv/design_1_axi_interconnect_hp0_imp_auto_pc_0_axi_data_fifo_v2_1_36_axic_fifo/design_1_axi_interconnect_hp0_imp_auto_pc_0_axi_data_fifo_v2_1_36_fifo_gen/<hidden>/<hidden>/<hidden>/<hidden>/<hidden>/<hidden>
    SLICE_X23Y40         FDPE                                         r  design_1_wrapper/design_1/design_1_axi_interconnect_hp0_0/s00_couplers_imp_S4BDUK/design_1_axi_interconnect_hp0_imp_auto_pc_0/design_1_axi_interconnect_hp0_imp_auto_pc_0_axi_protocol_converter_v2_1_37_axi_protocol_converter/design_1_axi_interconnect_hp0_imp_auto_pc_0_axi_protocol_converter_v2_1_37_axi3_conv/design_1_axi_interconnect_hp0_imp_auto_pc_0_axi_protocol_converter_v2_1_37_a_axi3_conv/design_1_axi_interconnect_hp0_imp_auto_pc_0_axi_data_fifo_v2_1_36_axic_fifo/design_1_axi_interconnect_hp0_imp_auto_pc_0_axi_data_fifo_v2_1_36_fifo_gen/<hidden>/<hidden>/<hidden>/<hidden>/<hidden>/<hidden>
  -------------------------------------------------------------------    -------------------
    SLICE_X23Y40         FDPE (Prop_fdpe_C_Q)         0.419     3.464 f  design_1_wrapper/design_1/design_1_axi_interconnect_hp0_0/s00_couplers_imp_S4BDUK/design_1_axi_interconnect_hp0_imp_auto_pc_0/design_1_axi_interconnect_hp0_imp_auto_pc_0_axi_protocol_converter_v2_1_37_axi_protocol_converter/design_1_axi_interconnect_hp0_imp_auto_pc_0_axi_protocol_converter_v2_1_37_axi3_conv/design_1_axi_interconnect_hp0_imp_auto_pc_0_axi_protocol_converter_v2_1_37_a_axi3_conv/design_1_axi_interconnect_hp0_imp_auto_pc_0_axi_data_fifo_v2_1_36_axic_fifo/design_1_axi_interconnect_hp0_imp_auto_pc_0_axi_data_fifo_v2_1_36_fifo_gen/<hidden>/<hidden>/<hidden>/<hidden>/<hidden>/<hidden>
                         net (fo=2, routed)           0.818     4.282    design_1_wrapper/design_1/design_1_axi_interconnect_hp0_0/s00_couplers_imp_S4BDUK/design_1_axi_interconnect_hp0_imp_auto_pc_0/design_1_axi_interconnect_hp0_imp_auto_pc_0_axi_protocol_converter_v2_1_37_axi_protocol_converter/design_1_axi_interconnect_hp0_imp_auto_pc_0_axi_protocol_converter_v2_1_37_axi3_conv/design_1_axi_interconnect_hp0_imp_auto_pc_0_axi_protocol_converter_v2_1_37_a_axi3_conv/design_1_axi_interconnect_hp0_imp_auto_pc_0_axi_data_fifo_v2_1_36_axic_fifo/design_1_axi_interconnect_hp0_imp_auto_pc_0_axi_data_fifo_v2_1_36_fifo_gen/<hidden>/<hidden>/<hidden>/<hidden>/<hidden>
    SLICE_X27Y39         LUT3 (Prop_lut3_I2_O)        0.299     4.581 f  design_1_wrapper/design_1/design_1_axi_interconnect_hp0_0/s00_couplers_imp_S4BDUK/design_1_axi_interconnect_hp0_imp_auto_pc_0/design_1_axi_interconnect_hp0_imp_auto_pc_0_axi_protocol_converter_v2_1_37_axi_protocol_converter/design_1_axi_interconnect_hp0_imp_auto_pc_0_axi_protocol_converter_v2_1_37_axi3_conv/design_1_axi_interconnect_hp0_imp_auto_pc_0_axi_protocol_converter_v2_1_37_a_axi3_conv/design_1_axi_interconnect_hp0_imp_auto_pc_0_axi_data_fifo_v2_1_36_axic_fifo/design_1_axi_interconnect_hp0_imp_auto_pc_0_axi_data_fifo_v2_1_36_fifo_gen/<hidden>/<hidden>/<hidden>/<hidden>/<hidden>
                         net (fo=33, routed)          1.690     6.271    design_1_wrapper/design_1/design_1_axi_interconnect_hp0_0/s00_couplers_imp_S4BDUK/design_1_axi_interconnect_hp0_imp_auto_pc_0/design_1_axi_interconnect_hp0_imp_auto_pc_0_axi_protocol_converter_v2_1_37_axi_protocol_converter/design_1_axi_interconnect_hp0_imp_auto_pc_0_axi_protocol_converter_v2_1_37_axi3_conv/design_1_axi_interconnect_hp0_imp_auto_pc_0_axi_protocol_converter_v2_1_37_a_axi3_conv/design_1_axi_interconnect_hp0_imp_auto_pc_0_axi_data_fifo_v2_1_36_axic_fifo/design_1_axi_interconnect_hp0_imp_auto_pc_0_axi_data_fifo_v2_1_36_fifo_gen/<hidden>/<hidden>/<hidden>/<hidden>/<hidden>/<hidden>
    SLICE_X20Y35         FDPE                                         f  design_1_wrapper/design_1/design_1_axi_interconnect_hp0_0/s00_couplers_imp_S4BDUK/design_1_axi_interconnect_hp0_imp_auto_pc_0/design_1_axi_interconnect_hp0_imp_auto_pc_0_axi_protocol_converter_v2_1_37_axi_protocol_converter/design_1_axi_interconnect_hp0_imp_auto_pc_0_axi_protocol_converter_v2_1_37_axi3_conv/design_1_axi_interconnect_hp0_imp_auto_pc_0_axi_protocol_converter_v2_1_37_a_axi3_conv/design_1_axi_interconnect_hp0_imp_auto_pc_0_axi_data_fifo_v2_1_36_axic_fifo/design_1_axi_interconnect_hp0_imp_auto_pc_0_axi_data_fifo_v2_1_36_fifo_gen/<hidden>/<hidden>/<hidden>/<hidden>/<hidden>/<hidden>
  -------------------------------------------------------------------    -------------------

                         (clock clk_fpga_0 rise edge)
                                                     10.000    10.000 r  
    PS7_X0Y0             PS7                          0.000    10.000 r  design_1_i/processing_system7_0/inst/PS7_i/FCLKCLK[0]
                         net (fo=1, routed)           1.088    11.088    design_1_i/processing_system7_0/inst/FCLK_CLK_unbuffered[0]
    BUFGCTRL_X0Y16       BUFG (Prop_bufg_I_O)         0.091    11.179 r  design_1_i/processing_system7_0/inst/buffer_fclk_clk_0.FCLK_CLK_0_BUFG/O
                         net (fo=11219, routed)       1.574    12.753    design_1_wrapper/design_1/design_1_axi_interconnect_hp0_0/s00_couplers_imp_S4BDUK/design_1_axi_interconnect_hp0_imp_auto_pc_0/design_1_axi_interconnect_hp0_imp_auto_pc_0_axi_protocol_converter_v2_1_37_axi_protocol_converter/design_1_axi_interconnect_hp0_imp_auto_pc_0_axi_protocol_converter_v2_1_37_axi3_conv/design_1_axi_interconnect_hp0_imp_auto_pc_0_axi_protocol_converter_v2_1_37_a_axi3_conv/design_1_axi_interconnect_hp0_imp_auto_pc_0_axi_data_fifo_v2_1_36_axic_fifo/design_1_axi_interconnect_hp0_imp_auto_pc_0_axi_data_fifo_v2_1_36_fifo_gen/<hidden>/<hidden>/<hidden>/<hidden>/<hidden>/<hidden>
    SLICE_X20Y35         FDPE                                         r  design_1_wrapper/design_1/design_1_axi_interconnect_hp0_0/s00_couplers_imp_S4BDUK/design_1_axi_interconnect_hp0_imp_auto_pc_0/design_1_axi_interconnect_hp0_imp_auto_pc_0_axi_protocol_converter_v2_1_37_axi_protocol_converter/design_1_axi_interconnect_hp0_imp_auto_pc_0_axi_protocol_converter_v2_1_37_axi3_conv/design_1_axi_interconnect_hp0_imp_auto_pc_0_axi_protocol_converter_v2_1_37_a_axi3_conv/design_1_axi_interconnect_hp0_imp_auto_pc_0_axi_data_fifo_v2_1_36_axic_fifo/design_1_axi_interconnect_hp0_imp_auto_pc_0_axi_data_fifo_v2_1_36_fifo_gen/<hidden>/<hidden>/<hidden>/<hidden>/<hidden>/<hidden>
                         clock pessimism              0.230    12.983    
                         clock uncertainty           -0.154    12.829    
    SLICE_X20Y35         FDPE (Recov_fdpe_C_PRE)     -0.361    12.468    design_1_wrapper/design_1/design_1_axi_interconnect_hp0_0/s00_couplers_imp_S4BDUK/design_1_axi_interconnect_hp0_imp_auto_pc_0/design_1_axi_interconnect_hp0_imp_auto_pc_0_axi_protocol_converter_v2_1_37_axi_protocol_converter/design_1_axi_interconnect_hp0_imp_auto_pc_0_axi_protocol_converter_v2_1_37_axi3_conv/design_1_axi_interconnect_hp0_imp_auto_pc_0_axi_protocol_converter_v2_1_37_a_axi3_conv/design_1_axi_interconnect_hp0_imp_auto_pc_0_axi_data_fifo_v2_1_36_axic_fifo/design_1_axi_interconnect_hp0_imp_auto_pc_0_axi_data_fifo_v2_1_36_fifo_gen/<hidden>/<hidden>/<hidden>/<hidden>/<hidden>/<hidden>
  -------------------------------------------------------------------
                         required time                         12.468    
                         arrival time                          -6.271    
  -------------------------------------------------------------------
                         slack                                  6.197    

Slack (MET) :             6.197ns  (required time - arrival time)
  Source:                 design_1_wrapper/design_1/design_1_axi_interconnect_hp0_0/s00_couplers_imp_S4BDUK/design_1_axi_interconnect_hp0_imp_auto_pc_0/design_1_axi_interconnect_hp0_imp_auto_pc_0_axi_protocol_converter_v2_1_37_axi_protocol_converter/design_1_axi_interconnect_hp0_imp_auto_pc_0_axi_protocol_converter_v2_1_37_axi3_conv/design_1_axi_interconnect_hp0_imp_auto_pc_0_axi_protocol_converter_v2_1_37_a_axi3_conv/design_1_axi_interconnect_hp0_imp_auto_pc_0_axi_data_fifo_v2_1_36_axic_fifo/design_1_axi_interconnect_hp0_imp_auto_pc_0_axi_data_fifo_v2_1_36_fifo_gen/<hidden>/<hidden>/<hidden>/<hidden>/<hidden>/<hidden>
                            (rising edge-triggered cell FDPE clocked by clk_fpga_0  {rise@0.000ns fall@5.000ns period=10.000ns})
  Destination:            design_1_wrapper/design_1/design_1_axi_interconnect_hp0_0/s00_couplers_imp_S4BDUK/design_1_axi_interconnect_hp0_imp_auto_pc_0/design_1_axi_interconnect_hp0_imp_auto_pc_0_axi_protocol_converter_v2_1_37_axi_protocol_converter/design_1_axi_interconnect_hp0_imp_auto_pc_0_axi_protocol_converter_v2_1_37_axi3_conv/design_1_axi_interconnect_hp0_imp_auto_pc_0_axi_protocol_converter_v2_1_37_a_axi3_conv/design_1_axi_interconnect_hp0_imp_auto_pc_0_axi_data_fifo_v2_1_36_axic_fifo/design_1_axi_interconnect_hp0_imp_auto_pc_0_axi_data_fifo_v2_1_36_fifo_gen/<hidden>/<hidden>/<hidden>/<hidden>/<hidden>/<hidden>
                            (recovery check against rising-edge clock clk_fpga_0  {rise@0.000ns fall@5.000ns period=10.000ns})
  Path Group:             **async_default**
  Path Type:              Recovery (Max at Slow Process Corner)
  Requirement:            10.000ns  (clk_fpga_0 rise@10.000ns - clk_fpga_0 rise@0.000ns)
  Data Path Delay:        3.226ns  (logic 0.718ns (22.255%)  route 2.508ns (77.745%))
  Logic Levels:           1  (LUT3=1)
  Clock Path Skew:        -0.062ns (DCD - SCD + CPR)
    Destination Clock Delay (DCD):    2.753ns = ( 12.753 - 10.000 ) 
    Source Clock Delay      (SCD):    3.045ns
    Clock Pessimism Removal (CPR):    0.230ns
  Clock Uncertainty:      0.154ns  ((TSJ^2 + TIJ^2)^1/2 + DJ) / 2 + PE
    Total System Jitter     (TSJ):    0.071ns
    Total Input Jitter      (TIJ):    0.300ns
    Discrete Jitter          (DJ):    0.000ns
    Phase Error              (PE):    0.000ns

    Location             Delay type                Incr(ns)  Path(ns)    Netlist Resource(s)
  -------------------------------------------------------------------    -------------------
                         (clock clk_fpga_0 rise edge)
                                                      0.000     0.000 r  
    PS7_X0Y0             PS7                          0.000     0.000 r  design_1_i/processing_system7_0/inst/PS7_i/FCLKCLK[0]
                         net (fo=1, routed)           1.193     1.193    design_1_i/processing_system7_0/inst/FCLK_CLK_unbuffered[0]
    BUFGCTRL_X0Y16       BUFG (Prop_bufg_I_O)         0.101     1.294 r  design_1_i/processing_system7_0/inst/buffer_fclk_clk_0.FCLK_CLK_0_BUFG/O
                         net (fo=11219, routed)       1.751     3.045    design_1_wrapper/design_1/design_1_axi_interconnect_hp0_0/s00_couplers_imp_S4BDUK/design_1_axi_interconnect_hp0_imp_auto_pc_0/design_1_axi_interconnect_hp0_imp_auto_pc_0_axi_protocol_converter_v2_1_37_axi_protocol_converter/design_1_axi_interconnect_hp0_imp_auto_pc_0_axi_protocol_converter_v2_1_37_axi3_conv/design_1_axi_interconnect_hp0_imp_auto_pc_0_axi_protocol_converter_v2_1_37_a_axi3_conv/design_1_axi_interconnect_hp0_imp_auto_pc_0_axi_data_fifo_v2_1_36_axic_fifo/design_1_axi_interconnect_hp0_imp_auto_pc_0_axi_data_fifo_v2_1_36_fifo_gen/<hidden>/<hidden>/<hidden>/<hidden>/<hidden>/<hidden>
    SLICE_X23Y40         FDPE                                         r  design_1_wrapper/design_1/design_1_axi_interconnect_hp0_0/s00_couplers_imp_S4BDUK/design_1_axi_interconnect_hp0_imp_auto_pc_0/design_1_axi_interconnect_hp0_imp_auto_pc_0_axi_protocol_converter_v2_1_37_axi_protocol_converter/design_1_axi_interconnect_hp0_imp_auto_pc_0_axi_protocol_converter_v2_1_37_axi3_conv/design_1_axi_interconnect_hp0_imp_auto_pc_0_axi_protocol_converter_v2_1_37_a_axi3_conv/design_1_axi_interconnect_hp0_imp_auto_pc_0_axi_data_fifo_v2_1_36_axic_fifo/design_1_axi_interconnect_hp0_imp_auto_pc_0_axi_data_fifo_v2_1_36_fifo_gen/<hidden>/<hidden>/<hidden>/<hidden>/<hidden>/<hidden>
  -------------------------------------------------------------------    -------------------
    SLICE_X23Y40         FDPE (Prop_fdpe_C_Q)         0.419     3.464 f  design_1_wrapper/design_1/design_1_axi_interconnect_hp0_0/s00_couplers_imp_S4BDUK/design_1_axi_interconnect_hp0_imp_auto_pc_0/design_1_axi_interconnect_hp0_imp_auto_pc_0_axi_protocol_converter_v2_1_37_axi_protocol_converter/design_1_axi_interconnect_hp0_imp_auto_pc_0_axi_protocol_converter_v2_1_37_axi3_conv/design_1_axi_interconnect_hp0_imp_auto_pc_0_axi_protocol_converter_v2_1_37_a_axi3_conv/design_1_axi_interconnect_hp0_imp_auto_pc_0_axi_data_fifo_v2_1_36_axic_fifo/design_1_axi_interconnect_hp0_imp_auto_pc_0_axi_data_fifo_v2_1_36_fifo_gen/<hidden>/<hidden>/<hidden>/<hidden>/<hidden>/<hidden>
                         net (fo=2, routed)           0.818     4.282    design_1_wrapper/design_1/design_1_axi_interconnect_hp0_0/s00_couplers_imp_S4BDUK/design_1_axi_interconnect_hp0_imp_auto_pc_0/design_1_axi_interconnect_hp0_imp_auto_pc_0_axi_protocol_converter_v2_1_37_axi_protocol_converter/design_1_axi_interconnect_hp0_imp_auto_pc_0_axi_protocol_converter_v2_1_37_axi3_conv/design_1_axi_interconnect_hp0_imp_auto_pc_0_axi_protocol_converter_v2_1_37_a_axi3_conv/design_1_axi_interconnect_hp0_imp_auto_pc_0_axi_data_fifo_v2_1_36_axic_fifo/design_1_axi_interconnect_hp0_imp_auto_pc_0_axi_data_fifo_v2_1_36_fifo_gen/<hidden>/<hidden>/<hidden>/<hidden>/<hidden>
    SLICE_X27Y39         LUT3 (Prop_lut3_I2_O)        0.299     4.581 f  design_1_wrapper/design_1/design_1_axi_interconnect_hp0_0/s00_couplers_imp_S4BDUK/design_1_axi_interconnect_hp0_imp_auto_pc_0/design_1_axi_interconnect_hp0_imp_auto_pc_0_axi_protocol_converter_v2_1_37_axi_protocol_converter/design_1_axi_interconnect_hp0_imp_auto_pc_0_axi_protocol_converter_v2_1_37_axi3_conv/design_1_axi_interconnect_hp0_imp_auto_pc_0_axi_protocol_converter_v2_1_37_a_axi3_conv/design_1_axi_interconnect_hp0_imp_auto_pc_0_axi_data_fifo_v2_1_36_axic_fifo/design_1_axi_interconnect_hp0_imp_auto_pc_0_axi_data_fifo_v2_1_36_fifo_gen/<hidden>/<hidden>/<hidden>/<hidden>/<hidden>
                         net (fo=33, routed)          1.690     6.271    design_1_wrapper/design_1/design_1_axi_interconnect_hp0_0/s00_couplers_imp_S4BDUK/design_1_axi_interconnect_hp0_imp_auto_pc_0/design_1_axi_interconnect_hp0_imp_auto_pc_0_axi_protocol_converter_v2_1_37_axi_protocol_converter/design_1_axi_interconnect_hp0_imp_auto_pc_0_axi_protocol_converter_v2_1_37_axi3_conv/design_1_axi_interconnect_hp0_imp_auto_pc_0_axi_protocol_converter_v2_1_37_a_axi3_conv/design_1_axi_interconnect_hp0_imp_auto_pc_0_axi_data_fifo_v2_1_36_axic_fifo/design_1_axi_interconnect_hp0_imp_auto_pc_0_axi_data_fifo_v2_1_36_fifo_gen/<hidden>/<hidden>/<hidden>/<hidden>/<hidden>/<hidden>
    SLICE_X20Y35         FDCE                                         f  design_1_wrapper/design_1/design_1_axi_interconnect_hp0_0/s00_couplers_imp_S4BDUK/design_1_axi_interconnect_hp0_imp_auto_pc_0/design_1_axi_interconnect_hp0_imp_auto_pc_0_axi_protocol_converter_v2_1_37_axi_protocol_converter/design_1_axi_interconnect_hp0_imp_auto_pc_0_axi_protocol_converter_v2_1_37_axi3_conv/design_1_axi_interconnect_hp0_imp_auto_pc_0_axi_protocol_converter_v2_1_37_a_axi3_conv/design_1_axi_interconnect_hp0_imp_auto_pc_0_axi_data_fifo_v2_1_36_axic_fifo/design_1_axi_interconnect_hp0_imp_auto_pc_0_axi_data_fifo_v2_1_36_fifo_gen/<hidden>/<hidden>/<hidden>/<hidden>/<hidden>/<hidden>
  -------------------------------------------------------------------    -------------------

                         (clock clk_fpga_0 rise edge)
                                                     10.000    10.000 r  
    PS7_X0Y0             PS7                          0.000    10.000 r  design_1_i/processing_system7_0/inst/PS7_i/FCLKCLK[0]
                         net (fo=1, routed)           1.088    11.088    design_1_i/processing_system7_0/inst/FCLK_CLK_unbuffered[0]
    BUFGCTRL_X0Y16       BUFG (Prop_bufg_I_O)         0.091    11.179 r  design_1_i/processing_system7_0/inst/buffer_fclk_clk_0.FCLK_CLK_0_BUFG/O
                         net (fo=11219, routed)       1.574    12.753    design_1_wrapper/design_1/design_1_axi_interconnect_hp0_0/s00_couplers_imp_S4BDUK/design_1_axi_interconnect_hp0_imp_auto_pc_0/design_1_axi_interconnect_hp0_imp_auto_pc_0_axi_protocol_converter_v2_1_37_axi_protocol_converter/design_1_axi_interconnect_hp0_imp_auto_pc_0_axi_protocol_converter_v2_1_37_axi3_conv/design_1_axi_interconnect_hp0_imp_auto_pc_0_axi_protocol_converter_v2_1_37_a_axi3_conv/design_1_axi_interconnect_hp0_imp_auto_pc_0_axi_data_fifo_v2_1_36_axic_fifo/design_1_axi_interconnect_hp0_imp_auto_pc_0_axi_data_fifo_v2_1_36_fifo_gen/<hidden>/<hidden>/<hidden>/<hidden>/<hidden>/<hidden>
    SLICE_X20Y35         FDCE                                         r  design_1_wrapper/design_1/design_1_axi_interconnect_hp0_0/s00_couplers_imp_S4BDUK/design_1_axi_interconnect_hp0_imp_auto_pc_0/design_1_axi_interconnect_hp0_imp_auto_pc_0_axi_protocol_converter_v2_1_37_axi_protocol_converter/design_1_axi_interconnect_hp0_imp_auto_pc_0_axi_protocol_converter_v2_1_37_axi3_conv/design_1_axi_interconnect_hp0_imp_auto_pc_0_axi_protocol_converter_v2_1_37_a_axi3_conv/design_1_axi_interconnect_hp0_imp_auto_pc_0_axi_data_fifo_v2_1_36_axic_fifo/design_1_axi_interconnect_hp0_imp_auto_pc_0_axi_data_fifo_v2_1_36_fifo_gen/<hidden>/<hidden>/<hidden>/<hidden>/<hidden>/<hidden>
                         clock pessimism              0.230    12.983    
                         clock uncertainty           -0.154    12.829    
    SLICE_X20Y35         FDCE (Recov_fdce_C_CLR)     -0.361    12.468    design_1_wrapper/design_1/design_1_axi_interconnect_hp0_0/s00_couplers_imp_S4BDUK/design_1_axi_interconnect_hp0_imp_auto_pc_0/design_1_axi_interconnect_hp0_imp_auto_pc_0_axi_protocol_converter_v2_1_37_axi_protocol_converter/design_1_axi_interconnect_hp0_imp_auto_pc_0_axi_protocol_converter_v2_1_37_axi3_conv/design_1_axi_interconnect_hp0_imp_auto_pc_0_axi_protocol_converter_v2_1_37_a_axi3_conv/design_1_axi_interconnect_hp0_imp_auto_pc_0_axi_data_fifo_v2_1_36_axic_fifo/design_1_axi_interconnect_hp0_imp_auto_pc_0_axi_data_fifo_v2_1_36_fifo_gen/<hidden>/<hidden>/<hidden>/<hidden>/<hidden>/<hidden>
  -------------------------------------------------------------------
                         required time                         12.468    
                         arrival time                          -6.271    
  -------------------------------------------------------------------
                         slack                                  6.197    

Slack (MET) :             6.199ns  (required time - arrival time)
  Source:                 design_1_wrapper/design_1/design_1_axi_interconnect_hp0_0/s00_couplers_imp_S4BDUK/design_1_axi_interconnect_hp0_imp_auto_pc_0/design_1_axi_interconnect_hp0_imp_auto_pc_0_axi_protocol_converter_v2_1_37_axi_protocol_converter/design_1_axi_interconnect_hp0_imp_auto_pc_0_axi_protocol_converter_v2_1_37_axi3_conv/design_1_axi_interconnect_hp0_imp_auto_pc_0_axi_protocol_converter_v2_1_37_a_axi3_conv/design_1_axi_interconnect_hp0_imp_auto_pc_0_axi_data_fifo_v2_1_36_axic_fifo/design_1_axi_interconnect_hp0_imp_auto_pc_0_axi_data_fifo_v2_1_36_fifo_gen/<hidden>/<hidden>/<hidden>/<hidden>/<hidden>/<hidden>
                            (rising edge-triggered cell FDPE clocked by clk_fpga_0  {rise@0.000ns fall@5.000ns period=10.000ns})
  Destination:            design_1_wrapper/design_1/design_1_axi_interconnect_hp0_0/s00_couplers_imp_S4BDUK/design_1_axi_interconnect_hp0_imp_auto_pc_0/design_1_axi_interconnect_hp0_imp_auto_pc_0_axi_protocol_converter_v2_1_37_axi_protocol_converter/design_1_axi_interconnect_hp0_imp_auto_pc_0_axi_protocol_converter_v2_1_37_axi3_conv/design_1_axi_interconnect_hp0_imp_auto_pc_0_axi_protocol_converter_v2_1_37_a_axi3_conv/design_1_axi_interconnect_hp0_imp_auto_pc_0_axi_data_fifo_v2_1_36_axic_fifo/design_1_axi_interconnect_hp0_imp_auto_pc_0_axi_data_fifo_v2_1_36_fifo_gen/<hidden>/<hidden>/<hidden>/<hidden>/<hidden>/<hidden>
                            (recovery check against rising-edge clock clk_fpga_0  {rise@0.000ns fall@5.000ns period=10.000ns})
  Path Group:             **async_default**
  Path Type:              Recovery (Max at Slow Process Corner)
  Requirement:            10.000ns  (clk_fpga_0 rise@10.000ns - clk_fpga_0 rise@0.000ns)
  Data Path Delay:        3.226ns  (logic 0.718ns (22.255%)  route 2.508ns (77.745%))
  Logic Levels:           1  (LUT3=1)
  Clock Path Skew:        -0.062ns (DCD - SCD + CPR)
    Destination Clock Delay (DCD):    2.753ns = ( 12.753 - 10.000 ) 
    Source Clock Delay      (SCD):    3.045ns
    Clock Pessimism Removal (CPR):    0.230ns
  Clock Uncertainty:      0.154ns  ((TSJ^2 + TIJ^2)^1/2 + DJ) / 2 + PE
    Total System Jitter     (TSJ):    0.071ns
    Total Input Jitter      (TIJ):    0.300ns
    Discrete Jitter          (DJ):    0.000ns
    Phase Error              (PE):    0.000ns

    Location             Delay type                Incr(ns)  Path(ns)    Netlist Resource(s)
  -------------------------------------------------------------------    -------------------
                         (clock clk_fpga_0 rise edge)
                                                      0.000     0.000 r  
    PS7_X0Y0             PS7                          0.000     0.000 r  design_1_i/processing_system7_0/inst/PS7_i/FCLKCLK[0]
                         net (fo=1, routed)           1.193     1.193    design_1_i/processing_system7_0/inst/FCLK_CLK_unbuffered[0]
    BUFGCTRL_X0Y16       BUFG (Prop_bufg_I_O)         0.101     1.294 r  design_1_i/processing_system7_0/inst/buffer_fclk_clk_0.FCLK_CLK_0_BUFG/O
                         net (fo=11219, routed)       1.751     3.045    design_1_wrapper/design_1/design_1_axi_interconnect_hp0_0/s00_couplers_imp_S4BDUK/design_1_axi_interconnect_hp0_imp_auto_pc_0/design_1_axi_interconnect_hp0_imp_auto_pc_0_axi_protocol_converter_v2_1_37_axi_protocol_converter/design_1_axi_interconnect_hp0_imp_auto_pc_0_axi_protocol_converter_v2_1_37_axi3_conv/design_1_axi_interconnect_hp0_imp_auto_pc_0_axi_protocol_converter_v2_1_37_a_axi3_conv/design_1_axi_interconnect_hp0_imp_auto_pc_0_axi_data_fifo_v2_1_36_axic_fifo/design_1_axi_interconnect_hp0_imp_auto_pc_0_axi_data_fifo_v2_1_36_fifo_gen/<hidden>/<hidden>/<hidden>/<hidden>/<hidden>/<hidden>
    SLICE_X23Y40         FDPE                                         r  design_1_wrapper/design_1/design_1_axi_interconnect_hp0_0/s00_couplers_imp_S4BDUK/design_1_axi_interconnect_hp0_imp_auto_pc_0/design_1_axi_interconnect_hp0_imp_auto_pc_0_axi_protocol_converter_v2_1_37_axi_protocol_converter/design_1_axi_interconnect_hp0_imp_auto_pc_0_axi_protocol_converter_v2_1_37_axi3_conv/design_1_axi_interconnect_hp0_imp_auto_pc_0_axi_protocol_converter_v2_1_37_a_axi3_conv/design_1_axi_interconnect_hp0_imp_auto_pc_0_axi_data_fifo_v2_1_36_axic_fifo/design_1_axi_interconnect_hp0_imp_auto_pc_0_axi_data_fifo_v2_1_36_fifo_gen/<hidden>/<hidden>/<hidden>/<hidden>/<hidden>/<hidden>
  -------------------------------------------------------------------    -------------------
    SLICE_X23Y40         FDPE (Prop_fdpe_C_Q)         0.419     3.464 f  design_1_wrapper/design_1/design_1_axi_interconnect_hp0_0/s00_couplers_imp_S4BDUK/design_1_axi_interconnect_hp0_imp_auto_pc_0/design_1_axi_interconnect_hp0_imp_auto_pc_0_axi_protocol_converter_v2_1_37_axi_protocol_converter/design_1_axi_interconnect_hp0_imp_auto_pc_0_axi_protocol_converter_v2_1_37_axi3_conv/design_1_axi_interconnect_hp0_imp_auto_pc_0_axi_protocol_converter_v2_1_37_a_axi3_conv/design_1_axi_interconnect_hp0_imp_auto_pc_0_axi_data_fifo_v2_1_36_axic_fifo/design_1_axi_interconnect_hp0_imp_auto_pc_0_axi_data_fifo_v2_1_36_fifo_gen/<hidden>/<hidden>/<hidden>/<hidden>/<hidden>/<hidden>
                         net (fo=2, routed)           0.818     4.282    design_1_wrapper/design_1/design_1_axi_interconnect_hp0_0/s00_couplers_imp_S4BDUK/design_1_axi_interconnect_hp0_imp_auto_pc_0/design_1_axi_interconnect_hp0_imp_auto_pc_0_axi_protocol_converter_v2_1_37_axi_protocol_converter/design_1_axi_interconnect_hp0_imp_auto_pc_0_axi_protocol_converter_v2_1_37_axi3_conv/design_1_axi_interconnect_hp0_imp_auto_pc_0_axi_protocol_converter_v2_1_37_a_axi3_conv/design_1_axi_interconnect_hp0_imp_auto_pc_0_axi_data_fifo_v2_1_36_axic_fifo/design_1_axi_interconnect_hp0_imp_auto_pc_0_axi_data_fifo_v2_1_36_fifo_gen/<hidden>/<hidden>/<hidden>/<hidden>/<hidden>
    SLICE_X27Y39         LUT3 (Prop_lut3_I2_O)        0.299     4.581 f  design_1_wrapper/design_1/design_1_axi_interconnect_hp0_0/s00_couplers_imp_S4BDUK/design_1_axi_interconnect_hp0_imp_auto_pc_0/design_1_axi_interconnect_hp0_imp_auto_pc_0_axi_protocol_converter_v2_1_37_axi_protocol_converter/design_1_axi_interconnect_hp0_imp_auto_pc_0_axi_protocol_converter_v2_1_37_axi3_conv/design_1_axi_interconnect_hp0_imp_auto_pc_0_axi_protocol_converter_v2_1_37_a_axi3_conv/design_1_axi_interconnect_hp0_imp_auto_pc_0_axi_data_fifo_v2_1_36_axic_fifo/design_1_axi_interconnect_hp0_imp_auto_pc_0_axi_data_fifo_v2_1_36_fifo_gen/<hidden>/<hidden>/<hidden>/<hidden>/<hidden>
                         net (fo=33, routed)          1.690     6.271    design_1_wrapper/design_1/design_1_axi_interconnect_hp0_0/s00_couplers_imp_S4BDUK/design_1_axi_interconnect_hp0_imp_auto_pc_0/design_1_axi_interconnect_hp0_imp_auto_pc_0_axi_protocol_converter_v2_1_37_axi_protocol_converter/design_1_axi_interconnect_hp0_imp_auto_pc_0_axi_protocol_converter_v2_1_37_axi3_conv/design_1_axi_interconnect_hp0_imp_auto_pc_0_axi_protocol_converter_v2_1_37_a_axi3_conv/design_1_axi_interconnect_hp0_imp_auto_pc_0_axi_data_fifo_v2_1_36_axic_fifo/design_1_axi_interconnect_hp0_imp_auto_pc_0_axi_data_fifo_v2_1_36_fifo_gen/<hidden>/<hidden>/<hidden>/<hidden>/<hidden>/<hidden>
    SLICE_X21Y35         FDPE                                         f  design_1_wrapper/design_1/design_1_axi_interconnect_hp0_0/s00_couplers_imp_S4BDUK/design_1_axi_interconnect_hp0_imp_auto_pc_0/design_1_axi_interconnect_hp0_imp_auto_pc_0_axi_protocol_converter_v2_1_37_axi_protocol_converter/design_1_axi_interconnect_hp0_imp_auto_pc_0_axi_protocol_converter_v2_1_37_axi3_conv/design_1_axi_interconnect_hp0_imp_auto_pc_0_axi_protocol_converter_v2_1_37_a_axi3_conv/design_1_axi_interconnect_hp0_imp_auto_pc_0_axi_data_fifo_v2_1_36_axic_fifo/design_1_axi_interconnect_hp0_imp_auto_pc_0_axi_data_fifo_v2_1_36_fifo_gen/<hidden>/<hidden>/<hidden>/<hidden>/<hidden>/<hidden>
  -------------------------------------------------------------------    -------------------

                         (clock clk_fpga_0 rise edge)
                                                     10.000    10.000 r  
    PS7_X0Y0             PS7                          0.000    10.000 r  design_1_i/processing_system7_0/inst/PS7_i/FCLKCLK[0]
                         net (fo=1, routed)           1.088    11.088    design_1_i/processing_system7_0/inst/FCLK_CLK_unbuffered[0]
    BUFGCTRL_X0Y16       BUFG (Prop_bufg_I_O)         0.091    11.179 r  design_1_i/processing_system7_0/inst/buffer_fclk_clk_0.FCLK_CLK_0_BUFG/O
                         net (fo=11219, routed)       1.574    12.753    design_1_wrapper/design_1/design_1_axi_interconnect_hp0_0/s00_couplers_imp_S4BDUK/design_1_axi_interconnect_hp0_imp_auto_pc_0/design_1_axi_interconnect_hp0_imp_auto_pc_0_axi_protocol_converter_v2_1_37_axi_protocol_converter/design_1_axi_interconnect_hp0_imp_auto_pc_0_axi_protocol_converter_v2_1_37_axi3_conv/design_1_axi_interconnect_hp0_imp_auto_pc_0_axi_protocol_converter_v2_1_37_a_axi3_conv/design_1_axi_interconnect_hp0_imp_auto_pc_0_axi_data_fifo_v2_1_36_axic_fifo/design_1_axi_interconnect_hp0_imp_auto_pc_0_axi_data_fifo_v2_1_36_fifo_gen/<hidden>/<hidden>/<hidden>/<hidden>/<hidden>/<hidden>
    SLICE_X21Y35         FDPE                                         r  design_1_wrapper/design_1/design_1_axi_interconnect_hp0_0/s00_couplers_imp_S4BDUK/design_1_axi_interconnect_hp0_imp_auto_pc_0/design_1_axi_interconnect_hp0_imp_auto_pc_0_axi_protocol_converter_v2_1_37_axi_protocol_converter/design_1_axi_interconnect_hp0_imp_auto_pc_0_axi_protocol_converter_v2_1_37_axi3_conv/design_1_axi_interconnect_hp0_imp_auto_pc_0_axi_protocol_converter_v2_1_37_a_axi3_conv/design_1_axi_interconnect_hp0_imp_auto_pc_0_axi_data_fifo_v2_1_36_axic_fifo/design_1_axi_interconnect_hp0_imp_auto_pc_0_axi_data_fifo_v2_1_36_fifo_gen/<hidden>/<hidden>/<hidden>/<hidden>/<hidden>/<hidden>
                         clock pessimism              0.230    12.983    
                         clock uncertainty           -0.154    12.829    
    SLICE_X21Y35         FDPE (Recov_fdpe_C_PRE)     -0.359    12.470    design_1_wrapper/design_1/design_1_axi_interconnect_hp0_0/s00_couplers_imp_S4BDUK/design_1_axi_interconnect_hp0_imp_auto_pc_0/design_1_axi_interconnect_hp0_imp_auto_pc_0_axi_protocol_converter_v2_1_37_axi_protocol_converter/design_1_axi_interconnect_hp0_imp_auto_pc_0_axi_protocol_converter_v2_1_37_axi3_conv/design_1_axi_interconnect_hp0_imp_auto_pc_0_axi_protocol_converter_v2_1_37_a_axi3_conv/design_1_axi_interconnect_hp0_imp_auto_pc_0_axi_data_fifo_v2_1_36_axic_fifo/design_1_axi_interconnect_hp0_imp_auto_pc_0_axi_data_fifo_v2_1_36_fifo_gen/<hidden>/<hidden>/<hidden>/<hidden>/<hidden>/<hidden>
  -------------------------------------------------------------------
                         required time                         12.470    
                         arrival time                          -6.271    
  -------------------------------------------------------------------
                         slack                                  6.199    

Slack (MET) :             6.199ns  (required time - arrival time)
  Source:                 design_1_wrapper/design_1/design_1_axi_interconnect_hp0_0/s00_couplers_imp_S4BDUK/design_1_axi_interconnect_hp0_imp_auto_pc_0/design_1_axi_interconnect_hp0_imp_auto_pc_0_axi_protocol_converter_v2_1_37_axi_protocol_converter/design_1_axi_interconnect_hp0_imp_auto_pc_0_axi_protocol_converter_v2_1_37_axi3_conv/design_1_axi_interconnect_hp0_imp_auto_pc_0_axi_protocol_converter_v2_1_37_a_axi3_conv/design_1_axi_interconnect_hp0_imp_auto_pc_0_axi_data_fifo_v2_1_36_axic_fifo/design_1_axi_interconnect_hp0_imp_auto_pc_0_axi_data_fifo_v2_1_36_fifo_gen/<hidden>/<hidden>/<hidden>/<hidden>/<hidden>/<hidden>
                            (rising edge-triggered cell FDPE clocked by clk_fpga_0  {rise@0.000ns fall@5.000ns period=10.000ns})
  Destination:            design_1_wrapper/design_1/design_1_axi_interconnect_hp0_0/s00_couplers_imp_S4BDUK/design_1_axi_interconnect_hp0_imp_auto_pc_0/design_1_axi_interconnect_hp0_imp_auto_pc_0_axi_protocol_converter_v2_1_37_axi_protocol_converter/design_1_axi_interconnect_hp0_imp_auto_pc_0_axi_protocol_converter_v2_1_37_axi3_conv/design_1_axi_interconnect_hp0_imp_auto_pc_0_axi_protocol_converter_v2_1_37_a_axi3_conv/design_1_axi_interconnect_hp0_imp_auto_pc_0_axi_data_fifo_v2_1_36_axic_fifo/design_1_axi_interconnect_hp0_imp_auto_pc_0_axi_data_fifo_v2_1_36_fifo_gen/<hidden>/<hidden>/<hidden>/<hidden>/<hidden>/<hidden>
                            (recovery check against rising-edge clock clk_fpga_0  {rise@0.000ns fall@5.000ns period=10.000ns})
  Path Group:             **async_default**
  Path Type:              Recovery (Max at Slow Process Corner)
  Requirement:            10.000ns  (clk_fpga_0 rise@10.000ns - clk_fpga_0 rise@0.000ns)
  Data Path Delay:        3.226ns  (logic 0.718ns (22.255%)  route 2.508ns (77.745%))
  Logic Levels:           1  (LUT3=1)
  Clock Path Skew:        -0.062ns (DCD - SCD + CPR)
    Destination Clock Delay (DCD):    2.753ns = ( 12.753 - 10.000 ) 
    Source Clock Delay      (SCD):    3.045ns
    Clock Pessimism Removal (CPR):    0.230ns
  Clock Uncertainty:      0.154ns  ((TSJ^2 + TIJ^2)^1/2 + DJ) / 2 + PE
    Total System Jitter     (TSJ):    0.071ns
    Total Input Jitter      (TIJ):    0.300ns
    Discrete Jitter          (DJ):    0.000ns
    Phase Error              (PE):    0.000ns

    Location             Delay type                Incr(ns)  Path(ns)    Netlist Resource(s)
  -------------------------------------------------------------------    -------------------
                         (clock clk_fpga_0 rise edge)
                                                      0.000     0.000 r  
    PS7_X0Y0             PS7                          0.000     0.000 r  design_1_i/processing_system7_0/inst/PS7_i/FCLKCLK[0]
                         net (fo=1, routed)           1.193     1.193    design_1_i/processing_system7_0/inst/FCLK_CLK_unbuffered[0]
    BUFGCTRL_X0Y16       BUFG (Prop_bufg_I_O)         0.101     1.294 r  design_1_i/processing_system7_0/inst/buffer_fclk_clk_0.FCLK_CLK_0_BUFG/O
                         net (fo=11219, routed)       1.751     3.045    design_1_wrapper/design_1/design_1_axi_interconnect_hp0_0/s00_couplers_imp_S4BDUK/design_1_axi_interconnect_hp0_imp_auto_pc_0/design_1_axi_interconnect_hp0_imp_auto_pc_0_axi_protocol_converter_v2_1_37_axi_protocol_converter/design_1_axi_interconnect_hp0_imp_auto_pc_0_axi_protocol_converter_v2_1_37_axi3_conv/design_1_axi_interconnect_hp0_imp_auto_pc_0_axi_protocol_converter_v2_1_37_a_axi3_conv/design_1_axi_interconnect_hp0_imp_auto_pc_0_axi_data_fifo_v2_1_36_axic_fifo/design_1_axi_interconnect_hp0_imp_auto_pc_0_axi_data_fifo_v2_1_36_fifo_gen/<hidden>/<hidden>/<hidden>/<hidden>/<hidden>/<hidden>
    SLICE_X23Y40         FDPE                                         r  design_1_wrapper/design_1/design_1_axi_interconnect_hp0_0/s00_couplers_imp_S4BDUK/design_1_axi_interconnect_hp0_imp_auto_pc_0/design_1_axi_interconnect_hp0_imp_auto_pc_0_axi_protocol_converter_v2_1_37_axi_protocol_converter/design_1_axi_interconnect_hp0_imp_auto_pc_0_axi_protocol_converter_v2_1_37_axi3_conv/design_1_axi_interconnect_hp0_imp_auto_pc_0_axi_protocol_converter_v2_1_37_a_axi3_conv/design_1_axi_interconnect_hp0_imp_auto_pc_0_axi_data_fifo_v2_1_36_axic_fifo/design_1_axi_interconnect_hp0_imp_auto_pc_0_axi_data_fifo_v2_1_36_fifo_gen/<hidden>/<hidden>/<hidden>/<hidden>/<hidden>/<hidden>
  -------------------------------------------------------------------    -------------------
    SLICE_X23Y40         FDPE (Prop_fdpe_C_Q)         0.419     3.464 f  design_1_wrapper/design_1/design_1_axi_interconnect_hp0_0/s00_couplers_imp_S4BDUK/design_1_axi_interconnect_hp0_imp_auto_pc_0/design_1_axi_interconnect_hp0_imp_auto_pc_0_axi_protocol_converter_v2_1_37_axi_protocol_converter/design_1_axi_interconnect_hp0_imp_auto_pc_0_axi_protocol_converter_v2_1_37_axi3_conv/design_1_axi_interconnect_hp0_imp_auto_pc_0_axi_protocol_converter_v2_1_37_a_axi3_conv/design_1_axi_interconnect_hp0_imp_auto_pc_0_axi_data_fifo_v2_1_36_axic_fifo/design_1_axi_interconnect_hp0_imp_auto_pc_0_axi_data_fifo_v2_1_36_fifo_gen/<hidden>/<hidden>/<hidden>/<hidden>/<hidden>/<hidden>
                         net (fo=2, routed)           0.818     4.282    design_1_wrapper/design_1/design_1_axi_interconnect_hp0_0/s00_couplers_imp_S4BDUK/design_1_axi_interconnect_hp0_imp_auto_pc_0/design_1_axi_interconnect_hp0_imp_auto_pc_0_axi_protocol_converter_v2_1_37_axi_protocol_converter/design_1_axi_interconnect_hp0_imp_auto_pc_0_axi_protocol_converter_v2_1_37_axi3_conv/design_1_axi_interconnect_hp0_imp_auto_pc_0_axi_protocol_converter_v2_1_37_a_axi3_conv/design_1_axi_interconnect_hp0_imp_auto_pc_0_axi_data_fifo_v2_1_36_axic_fifo/design_1_axi_interconnect_hp0_imp_auto_pc_0_axi_data_fifo_v2_1_36_fifo_gen/<hidden>/<hidden>/<hidden>/<hidden>/<hidden>
    SLICE_X27Y39         LUT3 (Prop_lut3_I2_O)        0.299     4.581 f  design_1_wrapper/design_1/design_1_axi_interconnect_hp0_0/s00_couplers_imp_S4BDUK/design_1_axi_interconnect_hp0_imp_auto_pc_0/design_1_axi_interconnect_hp0_imp_auto_pc_0_axi_protocol_converter_v2_1_37_axi_protocol_converter/design_1_axi_interconnect_hp0_imp_auto_pc_0_axi_protocol_converter_v2_1_37_axi3_conv/design_1_axi_interconnect_hp0_imp_auto_pc_0_axi_protocol_converter_v2_1_37_a_axi3_conv/design_1_axi_interconnect_hp0_imp_auto_pc_0_axi_data_fifo_v2_1_36_axic_fifo/design_1_axi_interconnect_hp0_imp_auto_pc_0_axi_data_fifo_v2_1_36_fifo_gen/<hidden>/<hidden>/<hidden>/<hidden>/<hidden>
                         net (fo=33, routed)          1.690     6.271    design_1_wrapper/design_1/design_1_axi_interconnect_hp0_0/s00_couplers_imp_S4BDUK/design_1_axi_interconnect_hp0_imp_auto_pc_0/design_1_axi_interconnect_hp0_imp_auto_pc_0_axi_protocol_converter_v2_1_37_axi_protocol_converter/design_1_axi_interconnect_hp0_imp_auto_pc_0_axi_protocol_converter_v2_1_37_axi3_conv/design_1_axi_interconnect_hp0_imp_auto_pc_0_axi_protocol_converter_v2_1_37_a_axi3_conv/design_1_axi_interconnect_hp0_imp_auto_pc_0_axi_data_fifo_v2_1_36_axic_fifo/design_1_axi_interconnect_hp0_imp_auto_pc_0_axi_data_fifo_v2_1_36_fifo_gen/<hidden>/<hidden>/<hidden>/<hidden>/<hidden>/<hidden>
    SLICE_X21Y35         FDPE                                         f  design_1_wrapper/design_1/design_1_axi_interconnect_hp0_0/s00_couplers_imp_S4BDUK/design_1_axi_interconnect_hp0_imp_auto_pc_0/design_1_axi_interconnect_hp0_imp_auto_pc_0_axi_protocol_converter_v2_1_37_axi_protocol_converter/design_1_axi_interconnect_hp0_imp_auto_pc_0_axi_protocol_converter_v2_1_37_axi3_conv/design_1_axi_interconnect_hp0_imp_auto_pc_0_axi_protocol_converter_v2_1_37_a_axi3_conv/design_1_axi_interconnect_hp0_imp_auto_pc_0_axi_data_fifo_v2_1_36_axic_fifo/design_1_axi_interconnect_hp0_imp_auto_pc_0_axi_data_fifo_v2_1_36_fifo_gen/<hidden>/<hidden>/<hidden>/<hidden>/<hidden>/<hidden>
  -------------------------------------------------------------------    -------------------

                         (clock clk_fpga_0 rise edge)
                                                     10.000    10.000 r  
    PS7_X0Y0             PS7                          0.000    10.000 r  design_1_i/processing_system7_0/inst/PS7_i/FCLKCLK[0]
                         net (fo=1, routed)           1.088    11.088    design_1_i/processing_system7_0/inst/FCLK_CLK_unbuffered[0]
    BUFGCTRL_X0Y16       BUFG (Prop_bufg_I_O)         0.091    11.179 r  design_1_i/processing_system7_0/inst/buffer_fclk_clk_0.FCLK_CLK_0_BUFG/O
                         net (fo=11219, routed)       1.574    12.753    design_1_wrapper/design_1/design_1_axi_interconnect_hp0_0/s00_couplers_imp_S4BDUK/design_1_axi_interconnect_hp0_imp_auto_pc_0/design_1_axi_interconnect_hp0_imp_auto_pc_0_axi_protocol_converter_v2_1_37_axi_protocol_converter/design_1_axi_interconnect_hp0_imp_auto_pc_0_axi_protocol_converter_v2_1_37_axi3_conv/design_1_axi_interconnect_hp0_imp_auto_pc_0_axi_protocol_converter_v2_1_37_a_axi3_conv/design_1_axi_interconnect_hp0_imp_auto_pc_0_axi_data_fifo_v2_1_36_axic_fifo/design_1_axi_interconnect_hp0_imp_auto_pc_0_axi_data_fifo_v2_1_36_fifo_gen/<hidden>/<hidden>/<hidden>/<hidden>/<hidden>/<hidden>
    SLICE_X21Y35         FDPE                                         r  design_1_wrapper/design_1/design_1_axi_interconnect_hp0_0/s00_couplers_imp_S4BDUK/design_1_axi_interconnect_hp0_imp_auto_pc_0/design_1_axi_interconnect_hp0_imp_auto_pc_0_axi_protocol_converter_v2_1_37_axi_protocol_converter/design_1_axi_interconnect_hp0_imp_auto_pc_0_axi_protocol_converter_v2_1_37_axi3_conv/design_1_axi_interconnect_hp0_imp_auto_pc_0_axi_protocol_converter_v2_1_37_a_axi3_conv/design_1_axi_interconnect_hp0_imp_auto_pc_0_axi_data_fifo_v2_1_36_axic_fifo/design_1_axi_interconnect_hp0_imp_auto_pc_0_axi_data_fifo_v2_1_36_fifo_gen/<hidden>/<hidden>/<hidden>/<hidden>/<hidden>/<hidden>
                         clock pessimism              0.230    12.983    
                         clock uncertainty           -0.154    12.829    
    SLICE_X21Y35         FDPE (Recov_fdpe_C_PRE)     -0.359    12.470    design_1_wrapper/design_1/design_1_axi_interconnect_hp0_0/s00_couplers_imp_S4BDUK/design_1_axi_interconnect_hp0_imp_auto_pc_0/design_1_axi_interconnect_hp0_imp_auto_pc_0_axi_protocol_converter_v2_1_37_axi_protocol_converter/design_1_axi_interconnect_hp0_imp_auto_pc_0_axi_protocol_converter_v2_1_37_axi3_conv/design_1_axi_interconnect_hp0_imp_auto_pc_0_axi_protocol_converter_v2_1_37_a_axi3_conv/design_1_axi_interconnect_hp0_imp_auto_pc_0_axi_data_fifo_v2_1_36_axic_fifo/design_1_axi_interconnect_hp0_imp_auto_pc_0_axi_data_fifo_v2_1_36_fifo_gen/<hidden>/<hidden>/<hidden>/<hidden>/<hidden>/<hidden>
  -------------------------------------------------------------------
                         required time                         12.470    
                         arrival time                          -6.271    
  -------------------------------------------------------------------
                         slack                                  6.199    

Slack (MET) :             6.239ns  (required time - arrival time)
  Source:                 design_1_wrapper/design_1/design_1_axi_interconnect_hp0_0/s00_couplers_imp_S4BDUK/design_1_axi_interconnect_hp0_imp_auto_pc_0/design_1_axi_interconnect_hp0_imp_auto_pc_0_axi_protocol_converter_v2_1_37_axi_protocol_converter/design_1_axi_interconnect_hp0_imp_auto_pc_0_axi_protocol_converter_v2_1_37_axi3_conv/design_1_axi_interconnect_hp0_imp_auto_pc_0_axi_protocol_converter_v2_1_37_a_axi3_conv/design_1_axi_interconnect_hp0_imp_auto_pc_0_axi_data_fifo_v2_1_36_axic_fifo/design_1_axi_interconnect_hp0_imp_auto_pc_0_axi_data_fifo_v2_1_36_fifo_gen/<hidden>/<hidden>/<hidden>/<hidden>/<hidden>/<hidden>
                            (rising edge-triggered cell FDPE clocked by clk_fpga_0  {rise@0.000ns fall@5.000ns period=10.000ns})
  Destination:            design_1_wrapper/design_1/design_1_axi_interconnect_hp0_0/s00_couplers_imp_S4BDUK/design_1_axi_interconnect_hp0_imp_auto_pc_0/design_1_axi_interconnect_hp0_imp_auto_pc_0_axi_protocol_converter_v2_1_37_axi_protocol_converter/design_1_axi_interconnect_hp0_imp_auto_pc_0_axi_protocol_converter_v2_1_37_axi3_conv/design_1_axi_interconnect_hp0_imp_auto_pc_0_axi_protocol_converter_v2_1_37_a_axi3_conv/design_1_axi_interconnect_hp0_imp_auto_pc_0_axi_data_fifo_v2_1_36_axic_fifo/design_1_axi_interconnect_hp0_imp_auto_pc_0_axi_data_fifo_v2_1_36_fifo_gen/<hidden>/<hidden>/<hidden>/<hidden>/<hidden>/<hidden>
                            (recovery check against rising-edge clock clk_fpga_0  {rise@0.000ns fall@5.000ns period=10.000ns})
  Path Group:             **async_default**
  Path Type:              Recovery (Max at Slow Process Corner)
  Requirement:            10.000ns  (clk_fpga_0 rise@10.000ns - clk_fpga_0 rise@0.000ns)
  Data Path Delay:        3.226ns  (logic 0.718ns (22.255%)  route 2.508ns (77.745%))
  Logic Levels:           1  (LUT3=1)
  Clock Path Skew:        -0.062ns (DCD - SCD + CPR)
    Destination Clock Delay (DCD):    2.753ns = ( 12.753 - 10.000 ) 
    Source Clock Delay      (SCD):    3.045ns
    Clock Pessimism Removal (CPR):    0.230ns
  Clock Uncertainty:      0.154ns  ((TSJ^2 + TIJ^2)^1/2 + DJ) / 2 + PE
    Total System Jitter     (TSJ):    0.071ns
    Total Input Jitter      (TIJ):    0.300ns
    Discrete Jitter          (DJ):    0.000ns
    Phase Error              (PE):    0.000ns

    Location             Delay type                Incr(ns)  Path(ns)    Netlist Resource(s)
  -------------------------------------------------------------------    -------------------
                         (clock clk_fpga_0 rise edge)
                                                      0.000     0.000 r  
    PS7_X0Y0             PS7                          0.000     0.000 r  design_1_i/processing_system7_0/inst/PS7_i/FCLKCLK[0]
                         net (fo=1, routed)           1.193     1.193    design_1_i/processing_system7_0/inst/FCLK_CLK_unbuffered[0]
    BUFGCTRL_X0Y16       BUFG (Prop_bufg_I_O)         0.101     1.294 r  design_1_i/processing_system7_0/inst/buffer_fclk_clk_0.FCLK_CLK_0_BUFG/O
                         net (fo=11219, routed)       1.751     3.045    design_1_wrapper/design_1/design_1_axi_interconnect_hp0_0/s00_couplers_imp_S4BDUK/design_1_axi_interconnect_hp0_imp_auto_pc_0/design_1_axi_interconnect_hp0_imp_auto_pc_0_axi_protocol_converter_v2_1_37_axi_protocol_converter/design_1_axi_interconnect_hp0_imp_auto_pc_0_axi_protocol_converter_v2_1_37_axi3_conv/design_1_axi_interconnect_hp0_imp_auto_pc_0_axi_protocol_converter_v2_1_37_a_axi3_conv/design_1_axi_interconnect_hp0_imp_auto_pc_0_axi_data_fifo_v2_1_36_axic_fifo/design_1_axi_interconnect_hp0_imp_auto_pc_0_axi_data_fifo_v2_1_36_fifo_gen/<hidden>/<hidden>/<hidden>/<hidden>/<hidden>/<hidden>
    SLICE_X23Y40         FDPE                                         r  design_1_wrapper/design_1/design_1_axi_interconnect_hp0_0/s00_couplers_imp_S4BDUK/design_1_axi_interconnect_hp0_imp_auto_pc_0/design_1_axi_interconnect_hp0_imp_auto_pc_0_axi_protocol_converter_v2_1_37_axi_protocol_converter/design_1_axi_interconnect_hp0_imp_auto_pc_0_axi_protocol_converter_v2_1_37_axi3_conv/design_1_axi_interconnect_hp0_imp_auto_pc_0_axi_protocol_converter_v2_1_37_a_axi3_conv/design_1_axi_interconnect_hp0_imp_auto_pc_0_axi_data_fifo_v2_1_36_axic_fifo/design_1_axi_interconnect_hp0_imp_auto_pc_0_axi_data_fifo_v2_1_36_fifo_gen/<hidden>/<hidden>/<hidden>/<hidden>/<hidden>/<hidden>
  -------------------------------------------------------------------    -------------------
    SLICE_X23Y40         FDPE (Prop_fdpe_C_Q)         0.419     3.464 f  design_1_wrapper/design_1/design_1_axi_interconnect_hp0_0/s00_couplers_imp_S4BDUK/design_1_axi_interconnect_hp0_imp_auto_pc_0/design_1_axi_interconnect_hp0_imp_auto_pc_0_axi_protocol_converter_v2_1_37_axi_protocol_converter/design_1_axi_interconnect_hp0_imp_auto_pc_0_axi_protocol_converter_v2_1_37_axi3_conv/design_1_axi_interconnect_hp0_imp_auto_pc_0_axi_protocol_converter_v2_1_37_a_axi3_conv/design_1_axi_interconnect_hp0_imp_auto_pc_0_axi_data_fifo_v2_1_36_axic_fifo/design_1_axi_interconnect_hp0_imp_auto_pc_0_axi_data_fifo_v2_1_36_fifo_gen/<hidden>/<hidden>/<hidden>/<hidden>/<hidden>/<hidden>
                         net (fo=2, routed)           0.818     4.282    design_1_wrapper/design_1/design_1_axi_interconnect_hp0_0/s00_couplers_imp_S4BDUK/design_1_axi_interconnect_hp0_imp_auto_pc_0/design_1_axi_interconnect_hp0_imp_auto_pc_0_axi_protocol_converter_v2_1_37_axi_protocol_converter/design_1_axi_interconnect_hp0_imp_auto_pc_0_axi_protocol_converter_v2_1_37_axi3_conv/design_1_axi_interconnect_hp0_imp_auto_pc_0_axi_protocol_converter_v2_1_37_a_axi3_conv/design_1_axi_interconnect_hp0_imp_auto_pc_0_axi_data_fifo_v2_1_36_axic_fifo/design_1_axi_interconnect_hp0_imp_auto_pc_0_axi_data_fifo_v2_1_36_fifo_gen/<hidden>/<hidden>/<hidden>/<hidden>/<hidden>
    SLICE_X27Y39         LUT3 (Prop_lut3_I2_O)        0.299     4.581 f  design_1_wrapper/design_1/design_1_axi_interconnect_hp0_0/s00_couplers_imp_S4BDUK/design_1_axi_interconnect_hp0_imp_auto_pc_0/design_1_axi_interconnect_hp0_imp_auto_pc_0_axi_protocol_converter_v2_1_37_axi_protocol_converter/design_1_axi_interconnect_hp0_imp_auto_pc_0_axi_protocol_converter_v2_1_37_axi3_conv/design_1_axi_interconnect_hp0_imp_auto_pc_0_axi_protocol_converter_v2_1_37_a_axi3_conv/design_1_axi_interconnect_hp0_imp_auto_pc_0_axi_data_fifo_v2_1_36_axic_fifo/design_1_axi_interconnect_hp0_imp_auto_pc_0_axi_data_fifo_v2_1_36_fifo_gen/<hidden>/<hidden>/<hidden>/<hidden>/<hidden>
                         net (fo=33, routed)          1.690     6.271    design_1_wrapper/design_1/design_1_axi_interconnect_hp0_0/s00_couplers_imp_S4BDUK/design_1_axi_interconnect_hp0_imp_auto_pc_0/design_1_axi_interconnect_hp0_imp_auto_pc_0_axi_protocol_converter_v2_1_37_axi_protocol_converter/design_1_axi_interconnect_hp0_imp_auto_pc_0_axi_protocol_converter_v2_1_37_axi3_conv/design_1_axi_interconnect_hp0_imp_auto_pc_0_axi_protocol_converter_v2_1_37_a_axi3_conv/design_1_axi_interconnect_hp0_imp_auto_pc_0_axi_data_fifo_v2_1_36_axic_fifo/design_1_axi_interconnect_hp0_imp_auto_pc_0_axi_data_fifo_v2_1_36_fifo_gen/<hidden>/<hidden>/<hidden>/<hidden>/<hidden>/<hidden>
    SLICE_X20Y35         FDCE                                         f  design_1_wrapper/design_1/design_1_axi_interconnect_hp0_0/s00_couplers_imp_S4BDUK/design_1_axi_interconnect_hp0_imp_auto_pc_0/design_1_axi_interconnect_hp0_imp_auto_pc_0_axi_protocol_converter_v2_1_37_axi_protocol_converter/design_1_axi_interconnect_hp0_imp_auto_pc_0_axi_protocol_converter_v2_1_37_axi3_conv/design_1_axi_interconnect_hp0_imp_auto_pc_0_axi_protocol_converter_v2_1_37_a_axi3_conv/design_1_axi_interconnect_hp0_imp_auto_pc_0_axi_data_fifo_v2_1_36_axic_fifo/design_1_axi_interconnect_hp0_imp_auto_pc_0_axi_data_fifo_v2_1_36_fifo_gen/<hidden>/<hidden>/<hidden>/<hidden>/<hidden>/<hidden>
  -------------------------------------------------------------------    -------------------

                         (clock clk_fpga_0 rise edge)
                                                     10.000    10.000 r  
    PS7_X0Y0             PS7                          0.000    10.000 r  design_1_i/processing_system7_0/inst/PS7_i/FCLKCLK[0]
                         net (fo=1, routed)           1.088    11.088    design_1_i/processing_system7_0/inst/FCLK_CLK_unbuffered[0]
    BUFGCTRL_X0Y16       BUFG (Prop_bufg_I_O)         0.091    11.179 r  design_1_i/processing_system7_0/inst/buffer_fclk_clk_0.FCLK_CLK_0_BUFG/O
                         net (fo=11219, routed)       1.574    12.753    design_1_wrapper/design_1/design_1_axi_interconnect_hp0_0/s00_couplers_imp_S4BDUK/design_1_axi_interconnect_hp0_imp_auto_pc_0/design_1_axi_interconnect_hp0_imp_auto_pc_0_axi_protocol_converter_v2_1_37_axi_protocol_converter/design_1_axi_interconnect_hp0_imp_auto_pc_0_axi_protocol_converter_v2_1_37_axi3_conv/design_1_axi_interconnect_hp0_imp_auto_pc_0_axi_protocol_converter_v2_1_37_a_axi3_conv/design_1_axi_interconnect_hp0_imp_auto_pc_0_axi_data_fifo_v2_1_36_axic_fifo/design_1_axi_interconnect_hp0_imp_auto_pc_0_axi_data_fifo_v2_1_36_fifo_gen/<hidden>/<hidden>/<hidden>/<hidden>/<hidden>/<hidden>
    SLICE_X20Y35         FDCE                                         r  design_1_wrapper/design_1/design_1_axi_interconnect_hp0_0/s00_couplers_imp_S4BDUK/design_1_axi_interconnect_hp0_imp_auto_pc_0/design_1_axi_interconnect_hp0_imp_auto_pc_0_axi_protocol_converter_v2_1_37_axi_protocol_converter/design_1_axi_interconnect_hp0_imp_auto_pc_0_axi_protocol_converter_v2_1_37_axi3_conv/design_1_axi_interconnect_hp0_imp_auto_pc_0_axi_protocol_converter_v2_1_37_a_axi3_conv/design_1_axi_interconnect_hp0_imp_auto_pc_0_axi_data_fifo_v2_1_36_axic_fifo/design_1_axi_interconnect_hp0_imp_auto_pc_0_axi_data_fifo_v2_1_36_fifo_gen/<hidden>/<hidden>/<hidden>/<hidden>/<hidden>/<hidden>
                         clock pessimism              0.230    12.983    
                         clock uncertainty           -0.154    12.829    
    SLICE_X20Y35         FDCE (Recov_fdce_C_CLR)     -0.319    12.510    design_1_wrapper/design_1/design_1_axi_interconnect_hp0_0/s00_couplers_imp_S4BDUK/design_1_axi_interconnect_hp0_imp_auto_pc_0/design_1_axi_interconnect_hp0_imp_auto_pc_0_axi_protocol_converter_v2_1_37_axi_protocol_converter/design_1_axi_interconnect_hp0_imp_auto_pc_0_axi_protocol_converter_v2_1_37_axi3_conv/design_1_axi_interconnect_hp0_imp_auto_pc_0_axi_protocol_converter_v2_1_37_a_axi3_conv/design_1_axi_interconnect_hp0_imp_auto_pc_0_axi_data_fifo_v2_1_36_axic_fifo/design_1_axi_interconnect_hp0_imp_auto_pc_0_axi_data_fifo_v2_1_36_fifo_gen/<hidden>/<hidden>/<hidden>/<hidden>/<hidden>/<hidden>
  -------------------------------------------------------------------
                         required time                         12.510    
                         arrival time                          -6.271    
  -------------------------------------------------------------------
                         slack                                  6.239    

Slack (MET) :             6.239ns  (required time - arrival time)
  Source:                 design_1_wrapper/design_1/design_1_axi_interconnect_hp0_0/s00_couplers_imp_S4BDUK/design_1_axi_interconnect_hp0_imp_auto_pc_0/design_1_axi_interconnect_hp0_imp_auto_pc_0_axi_protocol_converter_v2_1_37_axi_protocol_converter/design_1_axi_interconnect_hp0_imp_auto_pc_0_axi_protocol_converter_v2_1_37_axi3_conv/design_1_axi_interconnect_hp0_imp_auto_pc_0_axi_protocol_converter_v2_1_37_a_axi3_conv/design_1_axi_interconnect_hp0_imp_auto_pc_0_axi_data_fifo_v2_1_36_axic_fifo/design_1_axi_interconnect_hp0_imp_auto_pc_0_axi_data_fifo_v2_1_36_fifo_gen/<hidden>/<hidden>/<hidden>/<hidden>/<hidden>/<hidden>
                            (rising edge-triggered cell FDPE clocked by clk_fpga_0  {rise@0.000ns fall@5.000ns period=10.000ns})
  Destination:            design_1_wrapper/design_1/design_1_axi_interconnect_hp0_0/s00_couplers_imp_S4BDUK/design_1_axi_interconnect_hp0_imp_auto_pc_0/design_1_axi_interconnect_hp0_imp_auto_pc_0_axi_protocol_converter_v2_1_37_axi_protocol_converter/design_1_axi_interconnect_hp0_imp_auto_pc_0_axi_protocol_converter_v2_1_37_axi3_conv/design_1_axi_interconnect_hp0_imp_auto_pc_0_axi_protocol_converter_v2_1_37_a_axi3_conv/design_1_axi_interconnect_hp0_imp_auto_pc_0_axi_data_fifo_v2_1_36_axic_fifo/design_1_axi_interconnect_hp0_imp_auto_pc_0_axi_data_fifo_v2_1_36_fifo_gen/<hidden>/<hidden>/<hidden>/<hidden>/<hidden>/<hidden>
                            (recovery check against rising-edge clock clk_fpga_0  {rise@0.000ns fall@5.000ns period=10.000ns})
  Path Group:             **async_default**
  Path Type:              Recovery (Max at Slow Process Corner)
  Requirement:            10.000ns  (clk_fpga_0 rise@10.000ns - clk_fpga_0 rise@0.000ns)
  Data Path Delay:        3.226ns  (logic 0.718ns (22.255%)  route 2.508ns (77.745%))
  Logic Levels:           1  (LUT3=1)
  Clock Path Skew:        -0.062ns (DCD - SCD + CPR)
    Destination Clock Delay (DCD):    2.753ns = ( 12.753 - 10.000 ) 
    Source Clock Delay      (SCD):    3.045ns
    Clock Pessimism Removal (CPR):    0.230ns
  Clock Uncertainty:      0.154ns  ((TSJ^2 + TIJ^2)^1/2 + DJ) / 2 + PE
    Total System Jitter     (TSJ):    0.071ns
    Total Input Jitter      (TIJ):    0.300ns
    Discrete Jitter          (DJ):    0.000ns
    Phase Error              (PE):    0.000ns

    Location             Delay type                Incr(ns)  Path(ns)    Netlist Resource(s)
  -------------------------------------------------------------------    -------------------
                         (clock clk_fpga_0 rise edge)
                                                      0.000     0.000 r  
    PS7_X0Y0             PS7                          0.000     0.000 r  design_1_i/processing_system7_0/inst/PS7_i/FCLKCLK[0]
                         net (fo=1, routed)           1.193     1.193    design_1_i/processing_system7_0/inst/FCLK_CLK_unbuffered[0]
    BUFGCTRL_X0Y16       BUFG (Prop_bufg_I_O)         0.101     1.294 r  design_1_i/processing_system7_0/inst/buffer_fclk_clk_0.FCLK_CLK_0_BUFG/O
                         net (fo=11219, routed)       1.751     3.045    design_1_wrapper/design_1/design_1_axi_interconnect_hp0_0/s00_couplers_imp_S4BDUK/design_1_axi_interconnect_hp0_imp_auto_pc_0/design_1_axi_interconnect_hp0_imp_auto_pc_0_axi_protocol_converter_v2_1_37_axi_protocol_converter/design_1_axi_interconnect_hp0_imp_auto_pc_0_axi_protocol_converter_v2_1_37_axi3_conv/design_1_axi_interconnect_hp0_imp_auto_pc_0_axi_protocol_converter_v2_1_37_a_axi3_conv/design_1_axi_interconnect_hp0_imp_auto_pc_0_axi_data_fifo_v2_1_36_axic_fifo/design_1_axi_interconnect_hp0_imp_auto_pc_0_axi_data_fifo_v2_1_36_fifo_gen/<hidden>/<hidden>/<hidden>/<hidden>/<hidden>/<hidden>
    SLICE_X23Y40         FDPE                                         r  design_1_wrapper/design_1/design_1_axi_interconnect_hp0_0/s00_couplers_imp_S4BDUK/design_1_axi_interconnect_hp0_imp_auto_pc_0/design_1_axi_interconnect_hp0_imp_auto_pc_0_axi_protocol_converter_v2_1_37_axi_protocol_converter/design_1_axi_interconnect_hp0_imp_auto_pc_0_axi_protocol_converter_v2_1_37_axi3_conv/design_1_axi_interconnect_hp0_imp_auto_pc_0_axi_protocol_converter_v2_1_37_a_axi3_conv/design_1_axi_interconnect_hp0_imp_auto_pc_0_axi_data_fifo_v2_1_36_axic_fifo/design_1_axi_interconnect_hp0_imp_auto_pc_0_axi_data_fifo_v2_1_36_fifo_gen/<hidden>/<hidden>/<hidden>/<hidden>/<hidden>/<hidden>
  -------------------------------------------------------------------    -------------------
    SLICE_X23Y40         FDPE (Prop_fdpe_C_Q)         0.419     3.464 f  design_1_wrapper/design_1/design_1_axi_interconnect_hp0_0/s00_couplers_imp_S4BDUK/design_1_axi_interconnect_hp0_imp_auto_pc_0/design_1_axi_interconnect_hp0_imp_auto_pc_0_axi_protocol_converter_v2_1_37_axi_protocol_converter/design_1_axi_interconnect_hp0_imp_auto_pc_0_axi_protocol_converter_v2_1_37_axi3_conv/design_1_axi_interconnect_hp0_imp_auto_pc_0_axi_protocol_converter_v2_1_37_a_axi3_conv/design_1_axi_interconnect_hp0_imp_auto_pc_0_axi_data_fifo_v2_1_36_axic_fifo/design_1_axi_interconnect_hp0_imp_auto_pc_0_axi_data_fifo_v2_1_36_fifo_gen/<hidden>/<hidden>/<hidden>/<hidden>/<hidden>/<hidden>
                         net (fo=2, routed)           0.818     4.282    design_1_wrapper/design_1/design_1_axi_interconnect_hp0_0/s00_couplers_imp_S4BDUK/design_1_axi_interconnect_hp0_imp_auto_pc_0/design_1_axi_interconnect_hp0_imp_auto_pc_0_axi_protocol_converter_v2_1_37_axi_protocol_converter/design_1_axi_interconnect_hp0_imp_auto_pc_0_axi_protocol_converter_v2_1_37_axi3_conv/design_1_axi_interconnect_hp0_imp_auto_pc_0_axi_protocol_converter_v2_1_37_a_axi3_conv/design_1_axi_interconnect_hp0_imp_auto_pc_0_axi_data_fifo_v2_1_36_axic_fifo/design_1_axi_interconnect_hp0_imp_auto_pc_0_axi_data_fifo_v2_1_36_fifo_gen/<hidden>/<hidden>/<hidden>/<hidden>/<hidden>
    SLICE_X27Y39         LUT3 (Prop_lut3_I2_O)        0.299     4.581 f  design_1_wrapper/design_1/design_1_axi_interconnect_hp0_0/s00_couplers_imp_S4BDUK/design_1_axi_interconnect_hp0_imp_auto_pc_0/design_1_axi_interconnect_hp0_imp_auto_pc_0_axi_protocol_converter_v2_1_37_axi_protocol_converter/design_1_axi_interconnect_hp0_imp_auto_pc_0_axi_protocol_converter_v2_1_37_axi3_conv/design_1_axi_interconnect_hp0_imp_auto_pc_0_axi_protocol_converter_v2_1_37_a_axi3_conv/design_1_axi_interconnect_hp0_imp_auto_pc_0_axi_data_fifo_v2_1_36_axic_fifo/design_1_axi_interconnect_hp0_imp_auto_pc_0_axi_data_fifo_v2_1_36_fifo_gen/<hidden>/<hidden>/<hidden>/<hidden>/<hidden>
                         net (fo=33, routed)          1.690     6.271    design_1_wrapper/design_1/design_1_axi_interconnect_hp0_0/s00_couplers_imp_S4BDUK/design_1_axi_interconnect_hp0_imp_auto_pc_0/design_1_axi_interconnect_hp0_imp_auto_pc_0_axi_protocol_converter_v2_1_37_axi_protocol_converter/design_1_axi_interconnect_hp0_imp_auto_pc_0_axi_protocol_converter_v2_1_37_axi3_conv/design_1_axi_interconnect_hp0_imp_auto_pc_0_axi_protocol_converter_v2_1_37_a_axi3_conv/design_1_axi_interconnect_hp0_imp_auto_pc_0_axi_data_fifo_v2_1_36_axic_fifo/design_1_axi_interconnect_hp0_imp_auto_pc_0_axi_data_fifo_v2_1_36_fifo_gen/<hidden>/<hidden>/<hidden>/<hidden>/<hidden>/<hidden>
    SLICE_X20Y35         FDCE                                         f  design_1_wrapper/design_1/design_1_axi_interconnect_hp0_0/s00_couplers_imp_S4BDUK/design_1_axi_interconnect_hp0_imp_auto_pc_0/design_1_axi_interconnect_hp0_imp_auto_pc_0_axi_protocol_converter_v2_1_37_axi_protocol_converter/design_1_axi_interconnect_hp0_imp_auto_pc_0_axi_protocol_converter_v2_1_37_axi3_conv/design_1_axi_interconnect_hp0_imp_auto_pc_0_axi_protocol_converter_v2_1_37_a_axi3_conv/design_1_axi_interconnect_hp0_imp_auto_pc_0_axi_data_fifo_v2_1_36_axic_fifo/design_1_axi_interconnect_hp0_imp_auto_pc_0_axi_data_fifo_v2_1_36_fifo_gen/<hidden>/<hidden>/<hidden>/<hidden>/<hidden>/<hidden>
  -------------------------------------------------------------------    -------------------

                         (clock clk_fpga_0 rise edge)
                                                     10.000    10.000 r  
    PS7_X0Y0             PS7                          0.000    10.000 r  design_1_i/processing_system7_0/inst/PS7_i/FCLKCLK[0]
                         net (fo=1, routed)           1.088    11.088    design_1_i/processing_system7_0/inst/FCLK_CLK_unbuffered[0]
    BUFGCTRL_X0Y16       BUFG (Prop_bufg_I_O)         0.091    11.179 r  design_1_i/processing_system7_0/inst/buffer_fclk_clk_0.FCLK_CLK_0_BUFG/O
                         net (fo=11219, routed)       1.574    12.753    design_1_wrapper/design_1/design_1_axi_interconnect_hp0_0/s00_couplers_imp_S4BDUK/design_1_axi_interconnect_hp0_imp_auto_pc_0/design_1_axi_interconnect_hp0_imp_auto_pc_0_axi_protocol_converter_v2_1_37_axi_protocol_converter/design_1_axi_interconnect_hp0_imp_auto_pc_0_axi_protocol_converter_v2_1_37_axi3_conv/design_1_axi_interconnect_hp0_imp_auto_pc_0_axi_protocol_converter_v2_1_37_a_axi3_conv/design_1_axi_interconnect_hp0_imp_auto_pc_0_axi_data_fifo_v2_1_36_axic_fifo/design_1_axi_interconnect_hp0_imp_auto_pc_0_axi_data_fifo_v2_1_36_fifo_gen/<hidden>/<hidden>/<hidden>/<hidden>/<hidden>/<hidden>
    SLICE_X20Y35         FDCE                                         r  design_1_wrapper/design_1/design_1_axi_interconnect_hp0_0/s00_couplers_imp_S4BDUK/design_1_axi_interconnect_hp0_imp_auto_pc_0/design_1_axi_interconnect_hp0_imp_auto_pc_0_axi_protocol_converter_v2_1_37_axi_protocol_converter/design_1_axi_interconnect_hp0_imp_auto_pc_0_axi_protocol_converter_v2_1_37_axi3_conv/design_1_axi_interconnect_hp0_imp_auto_pc_0_axi_protocol_converter_v2_1_37_a_axi3_conv/design_1_axi_interconnect_hp0_imp_auto_pc_0_axi_data_fifo_v2_1_36_axic_fifo/design_1_axi_interconnect_hp0_imp_auto_pc_0_axi_data_fifo_v2_1_36_fifo_gen/<hidden>/<hidden>/<hidden>/<hidden>/<hidden>/<hidden>
                         clock pessimism              0.230    12.983    
                         clock uncertainty           -0.154    12.829    
    SLICE_X20Y35         FDCE (Recov_fdce_C_CLR)     -0.319    12.510    design_1_wrapper/design_1/design_1_axi_interconnect_hp0_0/s00_couplers_imp_S4BDUK/design_1_axi_interconnect_hp0_imp_auto_pc_0/design_1_axi_interconnect_hp0_imp_auto_pc_0_axi_protocol_converter_v2_1_37_axi_protocol_converter/design_1_axi_interconnect_hp0_imp_auto_pc_0_axi_protocol_converter_v2_1_37_axi3_conv/design_1_axi_interconnect_hp0_imp_auto_pc_0_axi_protocol_converter_v2_1_37_a_axi3_conv/design_1_axi_interconnect_hp0_imp_auto_pc_0_axi_data_fifo_v2_1_36_axic_fifo/design_1_axi_interconnect_hp0_imp_auto_pc_0_axi_data_fifo_v2_1_36_fifo_gen/<hidden>/<hidden>/<hidden>/<hidden>/<hidden>/<hidden>
  -------------------------------------------------------------------
                         required time                         12.510    
                         arrival time                          -6.271    
  -------------------------------------------------------------------
                         slack                                  6.239    

Slack (MET) :             6.239ns  (required time - arrival time)
  Source:                 design_1_wrapper/design_1/design_1_axi_interconnect_hp0_0/s00_couplers_imp_S4BDUK/design_1_axi_interconnect_hp0_imp_auto_pc_0/design_1_axi_interconnect_hp0_imp_auto_pc_0_axi_protocol_converter_v2_1_37_axi_protocol_converter/design_1_axi_interconnect_hp0_imp_auto_pc_0_axi_protocol_converter_v2_1_37_axi3_conv/design_1_axi_interconnect_hp0_imp_auto_pc_0_axi_protocol_converter_v2_1_37_a_axi3_conv/design_1_axi_interconnect_hp0_imp_auto_pc_0_axi_data_fifo_v2_1_36_axic_fifo/design_1_axi_interconnect_hp0_imp_auto_pc_0_axi_data_fifo_v2_1_36_fifo_gen/<hidden>/<hidden>/<hidden>/<hidden>/<hidden>/<hidden>
                            (rising edge-triggered cell FDPE clocked by clk_fpga_0  {rise@0.000ns fall@5.000ns period=10.000ns})
  Destination:            design_1_wrapper/design_1/design_1_axi_interconnect_hp0_0/s00_couplers_imp_S4BDUK/design_1_axi_interconnect_hp0_imp_auto_pc_0/design_1_axi_interconnect_hp0_imp_auto_pc_0_axi_protocol_converter_v2_1_37_axi_protocol_converter/design_1_axi_interconnect_hp0_imp_auto_pc_0_axi_protocol_converter_v2_1_37_axi3_conv/design_1_axi_interconnect_hp0_imp_auto_pc_0_axi_protocol_converter_v2_1_37_a_axi3_conv/design_1_axi_interconnect_hp0_imp_auto_pc_0_axi_data_fifo_v2_1_36_axic_fifo/design_1_axi_interconnect_hp0_imp_auto_pc_0_axi_data_fifo_v2_1_36_fifo_gen/<hidden>/<hidden>/<hidden>/<hidden>/<hidden>/<hidden>
                            (recovery check against rising-edge clock clk_fpga_0  {rise@0.000ns fall@5.000ns period=10.000ns})
  Path Group:             **async_default**
  Path Type:              Recovery (Max at Slow Process Corner)
  Requirement:            10.000ns  (clk_fpga_0 rise@10.000ns - clk_fpga_0 rise@0.000ns)
  Data Path Delay:        3.226ns  (logic 0.718ns (22.255%)  route 2.508ns (77.745%))
  Logic Levels:           1  (LUT3=1)
  Clock Path Skew:        -0.062ns (DCD - SCD + CPR)
    Destination Clock Delay (DCD):    2.753ns = ( 12.753 - 10.000 ) 
    Source Clock Delay      (SCD):    3.045ns
    Clock Pessimism Removal (CPR):    0.230ns
  Clock Uncertainty:      0.154ns  ((TSJ^2 + TIJ^2)^1/2 + DJ) / 2 + PE
    Total System Jitter     (TSJ):    0.071ns
    Total Input Jitter      (TIJ):    0.300ns
    Discrete Jitter          (DJ):    0.000ns
    Phase Error              (PE):    0.000ns

    Location             Delay type                Incr(ns)  Path(ns)    Netlist Resource(s)
  -------------------------------------------------------------------    -------------------
                         (clock clk_fpga_0 rise edge)
                                                      0.000     0.000 r  
    PS7_X0Y0             PS7                          0.000     0.000 r  design_1_i/processing_system7_0/inst/PS7_i/FCLKCLK[0]
                         net (fo=1, routed)           1.193     1.193    design_1_i/processing_system7_0/inst/FCLK_CLK_unbuffered[0]
    BUFGCTRL_X0Y16       BUFG (Prop_bufg_I_O)         0.101     1.294 r  design_1_i/processing_system7_0/inst/buffer_fclk_clk_0.FCLK_CLK_0_BUFG/O
                         net (fo=11219, routed)       1.751     3.045    design_1_wrapper/design_1/design_1_axi_interconnect_hp0_0/s00_couplers_imp_S4BDUK/design_1_axi_interconnect_hp0_imp_auto_pc_0/design_1_axi_interconnect_hp0_imp_auto_pc_0_axi_protocol_converter_v2_1_37_axi_protocol_converter/design_1_axi_interconnect_hp0_imp_auto_pc_0_axi_protocol_converter_v2_1_37_axi3_conv/design_1_axi_interconnect_hp0_imp_auto_pc_0_axi_protocol_converter_v2_1_37_a_axi3_conv/design_1_axi_interconnect_hp0_imp_auto_pc_0_axi_data_fifo_v2_1_36_axic_fifo/design_1_axi_interconnect_hp0_imp_auto_pc_0_axi_data_fifo_v2_1_36_fifo_gen/<hidden>/<hidden>/<hidden>/<hidden>/<hidden>/<hidden>
    SLICE_X23Y40         FDPE                                         r  design_1_wrapper/design_1/design_1_axi_interconnect_hp0_0/s00_couplers_imp_S4BDUK/design_1_axi_interconnect_hp0_imp_auto_pc_0/design_1_axi_interconnect_hp0_imp_auto_pc_0_axi_protocol_converter_v2_1_37_axi_protocol_converter/design_1_axi_interconnect_hp0_imp_auto_pc_0_axi_protocol_converter_v2_1_37_axi3_conv/design_1_axi_interconnect_hp0_imp_auto_pc_0_axi_protocol_converter_v2_1_37_a_axi3_conv/design_1_axi_interconnect_hp0_imp_auto_pc_0_axi_data_fifo_v2_1_36_axic_fifo/design_1_axi_interconnect_hp0_imp_auto_pc_0_axi_data_fifo_v2_1_36_fifo_gen/<hidden>/<hidden>/<hidden>/<hidden>/<hidden>/<hidden>
  -------------------------------------------------------------------    -------------------
    SLICE_X23Y40         FDPE (Prop_fdpe_C_Q)         0.419     3.464 f  design_1_wrapper/design_1/design_1_axi_interconnect_hp0_0/s00_couplers_imp_S4BDUK/design_1_axi_interconnect_hp0_imp_auto_pc_0/design_1_axi_interconnect_hp0_imp_auto_pc_0_axi_protocol_converter_v2_1_37_axi_protocol_converter/design_1_axi_interconnect_hp0_imp_auto_pc_0_axi_protocol_converter_v2_1_37_axi3_conv/design_1_axi_interconnect_hp0_imp_auto_pc_0_axi_protocol_converter_v2_1_37_a_axi3_conv/design_1_axi_interconnect_hp0_imp_auto_pc_0_axi_data_fifo_v2_1_36_axic_fifo/design_1_axi_interconnect_hp0_imp_auto_pc_0_axi_data_fifo_v2_1_36_fifo_gen/<hidden>/<hidden>/<hidden>/<hidden>/<hidden>/<hidden>
                         net (fo=2, routed)           0.818     4.282    design_1_wrapper/design_1/design_1_axi_interconnect_hp0_0/s00_couplers_imp_S4BDUK/design_1_axi_interconnect_hp0_imp_auto_pc_0/design_1_axi_interconnect_hp0_imp_auto_pc_0_axi_protocol_converter_v2_1_37_axi_protocol_converter/design_1_axi_interconnect_hp0_imp_auto_pc_0_axi_protocol_converter_v2_1_37_axi3_conv/design_1_axi_interconnect_hp0_imp_auto_pc_0_axi_protocol_converter_v2_1_37_a_axi3_conv/design_1_axi_interconnect_hp0_imp_auto_pc_0_axi_data_fifo_v2_1_36_axic_fifo/design_1_axi_interconnect_hp0_imp_auto_pc_0_axi_data_fifo_v2_1_36_fifo_gen/<hidden>/<hidden>/<hidden>/<hidden>/<hidden>
    SLICE_X27Y39         LUT3 (Prop_lut3_I2_O)        0.299     4.581 f  design_1_wrapper/design_1/design_1_axi_interconnect_hp0_0/s00_couplers_imp_S4BDUK/design_1_axi_interconnect_hp0_imp_auto_pc_0/design_1_axi_interconnect_hp0_imp_auto_pc_0_axi_protocol_converter_v2_1_37_axi_protocol_converter/design_1_axi_interconnect_hp0_imp_auto_pc_0_axi_protocol_converter_v2_1_37_axi3_conv/design_1_axi_interconnect_hp0_imp_auto_pc_0_axi_protocol_converter_v2_1_37_a_axi3_conv/design_1_axi_interconnect_hp0_imp_auto_pc_0_axi_data_fifo_v2_1_36_axic_fifo/design_1_axi_interconnect_hp0_imp_auto_pc_0_axi_data_fifo_v2_1_36_fifo_gen/<hidden>/<hidden>/<hidden>/<hidden>/<hidden>
                         net (fo=33, routed)          1.690     6.271    design_1_wrapper/design_1/design_1_axi_interconnect_hp0_0/s00_couplers_imp_S4BDUK/design_1_axi_interconnect_hp0_imp_auto_pc_0/design_1_axi_interconnect_hp0_imp_auto_pc_0_axi_protocol_converter_v2_1_37_axi_protocol_converter/design_1_axi_interconnect_hp0_imp_auto_pc_0_axi_protocol_converter_v2_1_37_axi3_conv/design_1_axi_interconnect_hp0_imp_auto_pc_0_axi_protocol_converter_v2_1_37_a_axi3_conv/design_1_axi_interconnect_hp0_imp_auto_pc_0_axi_data_fifo_v2_1_36_axic_fifo/design_1_axi_interconnect_hp0_imp_auto_pc_0_axi_data_fifo_v2_1_36_fifo_gen/<hidden>/<hidden>/<hidden>/<hidden>/<hidden>/<hidden>
    SLICE_X20Y35         FDPE                                         f  design_1_wrapper/design_1/design_1_axi_interconnect_hp0_0/s00_couplers_imp_S4BDUK/design_1_axi_interconnect_hp0_imp_auto_pc_0/design_1_axi_interconnect_hp0_imp_auto_pc_0_axi_protocol_converter_v2_1_37_axi_protocol_converter/design_1_axi_interconnect_hp0_imp_auto_pc_0_axi_protocol_converter_v2_1_37_axi3_conv/design_1_axi_interconnect_hp0_imp_auto_pc_0_axi_protocol_converter_v2_1_37_a_axi3_conv/design_1_axi_interconnect_hp0_imp_auto_pc_0_axi_data_fifo_v2_1_36_axic_fifo/design_1_axi_interconnect_hp0_imp_auto_pc_0_axi_data_fifo_v2_1_36_fifo_gen/<hidden>/<hidden>/<hidden>/<hidden>/<hidden>/<hidden>
  -------------------------------------------------------------------    -------------------

                         (clock clk_fpga_0 rise edge)
                                                     10.000    10.000 r  
    PS7_X0Y0             PS7                          0.000    10.000 r  design_1_i/processing_system7_0/inst/PS7_i/FCLKCLK[0]
                         net (fo=1, routed)           1.088    11.088    design_1_i/processing_system7_0/inst/FCLK_CLK_unbuffered[0]
    BUFGCTRL_X0Y16       BUFG (Prop_bufg_I_O)         0.091    11.179 r  design_1_i/processing_system7_0/inst/buffer_fclk_clk_0.FCLK_CLK_0_BUFG/O
                         net (fo=11219, routed)       1.574    12.753    design_1_wrapper/design_1/design_1_axi_interconnect_hp0_0/s00_couplers_imp_S4BDUK/design_1_axi_interconnect_hp0_imp_auto_pc_0/design_1_axi_interconnect_hp0_imp_auto_pc_0_axi_protocol_converter_v2_1_37_axi_protocol_converter/design_1_axi_interconnect_hp0_imp_auto_pc_0_axi_protocol_converter_v2_1_37_axi3_conv/design_1_axi_interconnect_hp0_imp_auto_pc_0_axi_protocol_converter_v2_1_37_a_axi3_conv/design_1_axi_interconnect_hp0_imp_auto_pc_0_axi_data_fifo_v2_1_36_axic_fifo/design_1_axi_interconnect_hp0_imp_auto_pc_0_axi_data_fifo_v2_1_36_fifo_gen/<hidden>/<hidden>/<hidden>/<hidden>/<hidden>/<hidden>
    SLICE_X20Y35         FDPE                                         r  design_1_wrapper/design_1/design_1_axi_interconnect_hp0_0/s00_couplers_imp_S4BDUK/design_1_axi_interconnect_hp0_imp_auto_pc_0/design_1_axi_interconnect_hp0_imp_auto_pc_0_axi_protocol_converter_v2_1_37_axi_protocol_converter/design_1_axi_interconnect_hp0_imp_auto_pc_0_axi_protocol_converter_v2_1_37_axi3_conv/design_1_axi_interconnect_hp0_imp_auto_pc_0_axi_protocol_converter_v2_1_37_a_axi3_conv/design_1_axi_interconnect_hp0_imp_auto_pc_0_axi_data_fifo_v2_1_36_axic_fifo/design_1_axi_interconnect_hp0_imp_auto_pc_0_axi_data_fifo_v2_1_36_fifo_gen/<hidden>/<hidden>/<hidden>/<hidden>/<hidden>/<hidden>
                         clock pessimism              0.230    12.983    
                         clock uncertainty           -0.154    12.829    
    SLICE_X20Y35         FDPE (Recov_fdpe_C_PRE)     -0.319    12.510    design_1_wrapper/design_1/design_1_axi_interconnect_hp0_0/s00_couplers_imp_S4BDUK/design_1_axi_interconnect_hp0_imp_auto_pc_0/design_1_axi_interconnect_hp0_imp_auto_pc_0_axi_protocol_converter_v2_1_37_axi_protocol_converter/design_1_axi_interconnect_hp0_imp_auto_pc_0_axi_protocol_converter_v2_1_37_axi3_conv/design_1_axi_interconnect_hp0_imp_auto_pc_0_axi_protocol_converter_v2_1_37_a_axi3_conv/design_1_axi_interconnect_hp0_imp_auto_pc_0_axi_data_fifo_v2_1_36_axic_fifo/design_1_axi_interconnect_hp0_imp_auto_pc_0_axi_data_fifo_v2_1_36_fifo_gen/<hidden>/<hidden>/<hidden>/<hidden>/<hidden>/<hidden>
  -------------------------------------------------------------------
                         required time                         12.510    
                         arrival time                          -6.271    
  -------------------------------------------------------------------
                         slack                                  6.239    

Slack (MET) :             6.239ns  (required time - arrival time)
  Source:                 design_1_wrapper/design_1/design_1_axi_interconnect_hp0_0/s00_couplers_imp_S4BDUK/design_1_axi_interconnect_hp0_imp_auto_pc_0/design_1_axi_interconnect_hp0_imp_auto_pc_0_axi_protocol_converter_v2_1_37_axi_protocol_converter/design_1_axi_interconnect_hp0_imp_auto_pc_0_axi_protocol_converter_v2_1_37_axi3_conv/design_1_axi_interconnect_hp0_imp_auto_pc_0_axi_protocol_converter_v2_1_37_a_axi3_conv/design_1_axi_interconnect_hp0_imp_auto_pc_0_axi_data_fifo_v2_1_36_axic_fifo/design_1_axi_interconnect_hp0_imp_auto_pc_0_axi_data_fifo_v2_1_36_fifo_gen/<hidden>/<hidden>/<hidden>/<hidden>/<hidden>/<hidden>
                            (rising edge-triggered cell FDPE clocked by clk_fpga_0  {rise@0.000ns fall@5.000ns period=10.000ns})
  Destination:            design_1_wrapper/design_1/design_1_axi_interconnect_hp0_0/s00_couplers_imp_S4BDUK/design_1_axi_interconnect_hp0_imp_auto_pc_0/design_1_axi_interconnect_hp0_imp_auto_pc_0_axi_protocol_converter_v2_1_37_axi_protocol_converter/design_1_axi_interconnect_hp0_imp_auto_pc_0_axi_protocol_converter_v2_1_37_axi3_conv/design_1_axi_interconnect_hp0_imp_auto_pc_0_axi_protocol_converter_v2_1_37_a_axi3_conv/design_1_axi_interconnect_hp0_imp_auto_pc_0_axi_data_fifo_v2_1_36_axic_fifo/design_1_axi_interconnect_hp0_imp_auto_pc_0_axi_data_fifo_v2_1_36_fifo_gen/<hidden>/<hidden>/<hidden>/<hidden>/<hidden>/<hidden>
                            (recovery check against rising-edge clock clk_fpga_0  {rise@0.000ns fall@5.000ns period=10.000ns})
  Path Group:             **async_default**
  Path Type:              Recovery (Max at Slow Process Corner)
  Requirement:            10.000ns  (clk_fpga_0 rise@10.000ns - clk_fpga_0 rise@0.000ns)
  Data Path Delay:        3.226ns  (logic 0.718ns (22.255%)  route 2.508ns (77.745%))
  Logic Levels:           1  (LUT3=1)
  Clock Path Skew:        -0.062ns (DCD - SCD + CPR)
    Destination Clock Delay (DCD):    2.753ns = ( 12.753 - 10.000 ) 
    Source Clock Delay      (SCD):    3.045ns
    Clock Pessimism Removal (CPR):    0.230ns
  Clock Uncertainty:      0.154ns  ((TSJ^2 + TIJ^2)^1/2 + DJ) / 2 + PE
    Total System Jitter     (TSJ):    0.071ns
    Total Input Jitter      (TIJ):    0.300ns
    Discrete Jitter          (DJ):    0.000ns
    Phase Error              (PE):    0.000ns

    Location             Delay type                Incr(ns)  Path(ns)    Netlist Resource(s)
  -------------------------------------------------------------------    -------------------
                         (clock clk_fpga_0 rise edge)
                                                      0.000     0.000 r  
    PS7_X0Y0             PS7                          0.000     0.000 r  design_1_i/processing_system7_0/inst/PS7_i/FCLKCLK[0]
                         net (fo=1, routed)           1.193     1.193    design_1_i/processing_system7_0/inst/FCLK_CLK_unbuffered[0]
    BUFGCTRL_X0Y16       BUFG (Prop_bufg_I_O)         0.101     1.294 r  design_1_i/processing_system7_0/inst/buffer_fclk_clk_0.FCLK_CLK_0_BUFG/O
                         net (fo=11219, routed)       1.751     3.045    design_1_wrapper/design_1/design_1_axi_interconnect_hp0_0/s00_couplers_imp_S4BDUK/design_1_axi_interconnect_hp0_imp_auto_pc_0/design_1_axi_interconnect_hp0_imp_auto_pc_0_axi_protocol_converter_v2_1_37_axi_protocol_converter/design_1_axi_interconnect_hp0_imp_auto_pc_0_axi_protocol_converter_v2_1_37_axi3_conv/design_1_axi_interconnect_hp0_imp_auto_pc_0_axi_protocol_converter_v2_1_37_a_axi3_conv/design_1_axi_interconnect_hp0_imp_auto_pc_0_axi_data_fifo_v2_1_36_axic_fifo/design_1_axi_interconnect_hp0_imp_auto_pc_0_axi_data_fifo_v2_1_36_fifo_gen/<hidden>/<hidden>/<hidden>/<hidden>/<hidden>/<hidden>
    SLICE_X23Y40         FDPE                                         r  design_1_wrapper/design_1/design_1_axi_interconnect_hp0_0/s00_couplers_imp_S4BDUK/design_1_axi_interconnect_hp0_imp_auto_pc_0/design_1_axi_interconnect_hp0_imp_auto_pc_0_axi_protocol_converter_v2_1_37_axi_protocol_converter/design_1_axi_interconnect_hp0_imp_auto_pc_0_axi_protocol_converter_v2_1_37_axi3_conv/design_1_axi_interconnect_hp0_imp_auto_pc_0_axi_protocol_converter_v2_1_37_a_axi3_conv/design_1_axi_interconnect_hp0_imp_auto_pc_0_axi_data_fifo_v2_1_36_axic_fifo/design_1_axi_interconnect_hp0_imp_auto_pc_0_axi_data_fifo_v2_1_36_fifo_gen/<hidden>/<hidden>/<hidden>/<hidden>/<hidden>/<hidden>
  -------------------------------------------------------------------    -------------------
    SLICE_X23Y40         FDPE (Prop_fdpe_C_Q)         0.419     3.464 f  design_1_wrapper/design_1/design_1_axi_interconnect_hp0_0/s00_couplers_imp_S4BDUK/design_1_axi_interconnect_hp0_imp_auto_pc_0/design_1_axi_interconnect_hp0_imp_auto_pc_0_axi_protocol_converter_v2_1_37_axi_protocol_converter/design_1_axi_interconnect_hp0_imp_auto_pc_0_axi_protocol_converter_v2_1_37_axi3_conv/design_1_axi_interconnect_hp0_imp_auto_pc_0_axi_protocol_converter_v2_1_37_a_axi3_conv/design_1_axi_interconnect_hp0_imp_auto_pc_0_axi_data_fifo_v2_1_36_axic_fifo/design_1_axi_interconnect_hp0_imp_auto_pc_0_axi_data_fifo_v2_1_36_fifo_gen/<hidden>/<hidden>/<hidden>/<hidden>/<hidden>/<hidden>
                         net (fo=2, routed)           0.818     4.282    design_1_wrapper/design_1/design_1_axi_interconnect_hp0_0/s00_couplers_imp_S4BDUK/design_1_axi_interconnect_hp0_imp_auto_pc_0/design_1_axi_interconnect_hp0_imp_auto_pc_0_axi_protocol_converter_v2_1_37_axi_protocol_converter/design_1_axi_interconnect_hp0_imp_auto_pc_0_axi_protocol_converter_v2_1_37_axi3_conv/design_1_axi_interconnect_hp0_imp_auto_pc_0_axi_protocol_converter_v2_1_37_a_axi3_conv/design_1_axi_interconnect_hp0_imp_auto_pc_0_axi_data_fifo_v2_1_36_axic_fifo/design_1_axi_interconnect_hp0_imp_auto_pc_0_axi_data_fifo_v2_1_36_fifo_gen/<hidden>/<hidden>/<hidden>/<hidden>/<hidden>
    SLICE_X27Y39         LUT3 (Prop_lut3_I2_O)        0.299     4.581 f  design_1_wrapper/design_1/design_1_axi_interconnect_hp0_0/s00_couplers_imp_S4BDUK/design_1_axi_interconnect_hp0_imp_auto_pc_0/design_1_axi_interconnect_hp0_imp_auto_pc_0_axi_protocol_converter_v2_1_37_axi_protocol_converter/design_1_axi_interconnect_hp0_imp_auto_pc_0_axi_protocol_converter_v2_1_37_axi3_conv/design_1_axi_interconnect_hp0_imp_auto_pc_0_axi_protocol_converter_v2_1_37_a_axi3_conv/design_1_axi_interconnect_hp0_imp_auto_pc_0_axi_data_fifo_v2_1_36_axic_fifo/design_1_axi_interconnect_hp0_imp_auto_pc_0_axi_data_fifo_v2_1_36_fifo_gen/<hidden>/<hidden>/<hidden>/<hidden>/<hidden>
                         net (fo=33, routed)          1.690     6.271    design_1_wrapper/design_1/design_1_axi_interconnect_hp0_0/s00_couplers_imp_S4BDUK/design_1_axi_interconnect_hp0_imp_auto_pc_0/design_1_axi_interconnect_hp0_imp_auto_pc_0_axi_protocol_converter_v2_1_37_axi_protocol_converter/design_1_axi_interconnect_hp0_imp_auto_pc_0_axi_protocol_converter_v2_1_37_axi3_conv/design_1_axi_interconnect_hp0_imp_auto_pc_0_axi_protocol_converter_v2_1_37_a_axi3_conv/design_1_axi_interconnect_hp0_imp_auto_pc_0_axi_data_fifo_v2_1_36_axic_fifo/design_1_axi_interconnect_hp0_imp_auto_pc_0_axi_data_fifo_v2_1_36_fifo_gen/<hidden>/<hidden>/<hidden>/<hidden>/<hidden>/<hidden>
    SLICE_X20Y35         FDPE                                         f  design_1_wrapper/design_1/design_1_axi_interconnect_hp0_0/s00_couplers_imp_S4BDUK/design_1_axi_interconnect_hp0_imp_auto_pc_0/design_1_axi_interconnect_hp0_imp_auto_pc_0_axi_protocol_converter_v2_1_37_axi_protocol_converter/design_1_axi_interconnect_hp0_imp_auto_pc_0_axi_protocol_converter_v2_1_37_axi3_conv/design_1_axi_interconnect_hp0_imp_auto_pc_0_axi_protocol_converter_v2_1_37_a_axi3_conv/design_1_axi_interconnect_hp0_imp_auto_pc_0_axi_data_fifo_v2_1_36_axic_fifo/design_1_axi_interconnect_hp0_imp_auto_pc_0_axi_data_fifo_v2_1_36_fifo_gen/<hidden>/<hidden>/<hidden>/<hidden>/<hidden>/<hidden>
  -------------------------------------------------------------------    -------------------

                         (clock clk_fpga_0 rise edge)
                                                     10.000    10.000 r  
    PS7_X0Y0             PS7                          0.000    10.000 r  design_1_i/processing_system7_0/inst/PS7_i/FCLKCLK[0]
                         net (fo=1, routed)           1.088    11.088    design_1_i/processing_system7_0/inst/FCLK_CLK_unbuffered[0]
    BUFGCTRL_X0Y16       BUFG (Prop_bufg_I_O)         0.091    11.179 r  design_1_i/processing_system7_0/inst/buffer_fclk_clk_0.FCLK_CLK_0_BUFG/O
                         net (fo=11219, routed)       1.574    12.753    design_1_wrapper/design_1/design_1_axi_interconnect_hp0_0/s00_couplers_imp_S4BDUK/design_1_axi_interconnect_hp0_imp_auto_pc_0/design_1_axi_interconnect_hp0_imp_auto_pc_0_axi_protocol_converter_v2_1_37_axi_protocol_converter/design_1_axi_interconnect_hp0_imp_auto_pc_0_axi_protocol_converter_v2_1_37_axi3_conv/design_1_axi_interconnect_hp0_imp_auto_pc_0_axi_protocol_converter_v2_1_37_a_axi3_conv/design_1_axi_interconnect_hp0_imp_auto_pc_0_axi_data_fifo_v2_1_36_axic_fifo/design_1_axi_interconnect_hp0_imp_auto_pc_0_axi_data_fifo_v2_1_36_fifo_gen/<hidden>/<hidden>/<hidden>/<hidden>/<hidden>/<hidden>
    SLICE_X20Y35         FDPE                                         r  design_1_wrapper/design_1/design_1_axi_interconnect_hp0_0/s00_couplers_imp_S4BDUK/design_1_axi_interconnect_hp0_imp_auto_pc_0/design_1_axi_interconnect_hp0_imp_auto_pc_0_axi_protocol_converter_v2_1_37_axi_protocol_converter/design_1_axi_interconnect_hp0_imp_auto_pc_0_axi_protocol_converter_v2_1_37_axi3_conv/design_1_axi_interconnect_hp0_imp_auto_pc_0_axi_protocol_converter_v2_1_37_a_axi3_conv/design_1_axi_interconnect_hp0_imp_auto_pc_0_axi_data_fifo_v2_1_36_axic_fifo/design_1_axi_interconnect_hp0_imp_auto_pc_0_axi_data_fifo_v2_1_36_fifo_gen/<hidden>/<hidden>/<hidden>/<hidden>/<hidden>/<hidden>
                         clock pessimism              0.230    12.983    
                         clock uncertainty           -0.154    12.829    
    SLICE_X20Y35         FDPE (Recov_fdpe_C_PRE)     -0.319    12.510    design_1_wrapper/design_1/design_1_axi_interconnect_hp0_0/s00_couplers_imp_S4BDUK/design_1_axi_interconnect_hp0_imp_auto_pc_0/design_1_axi_interconnect_hp0_imp_auto_pc_0_axi_protocol_converter_v2_1_37_axi_protocol_converter/design_1_axi_interconnect_hp0_imp_auto_pc_0_axi_protocol_converter_v2_1_37_axi3_conv/design_1_axi_interconnect_hp0_imp_auto_pc_0_axi_protocol_converter_v2_1_37_a_axi3_conv/design_1_axi_interconnect_hp0_imp_auto_pc_0_axi_data_fifo_v2_1_36_axic_fifo/design_1_axi_interconnect_hp0_imp_auto_pc_0_axi_data_fifo_v2_1_36_fifo_gen/<hidden>/<hidden>/<hidden>/<hidden>/<hidden>/<hidden>
  -------------------------------------------------------------------
                         required time                         12.510    
                         arrival time                          -6.271    
  -------------------------------------------------------------------
                         slack                                  6.239    





Min Delay Paths
--------------------------------------------------------------------------------------
Slack (MET) :             0.565ns  (arrival time - required time)
  Source:                 design_1_wrapper/design_1/design_1_axi_interconnect_hp0_0/s01_couplers_imp_12AUBLP/design_1_axi_interconnect_hp0_imp_auto_pc_1/design_1_axi_interconnect_hp0_imp_auto_pc_1_axi_protocol_converter_v2_1_37_axi_protocol_converter/design_1_axi_interconnect_hp0_imp_auto_pc_1_axi_protocol_converter_v2_1_37_axi3_conv/design_1_axi_interconnect_hp0_imp_auto_pc_1_axi_protocol_converter_v2_1_37_a_axi3_conv/design_1_axi_interconnect_hp0_imp_auto_pc_1_axi_data_fifo_v2_1_36_axic_fifo_0/design_1_axi_interconnect_hp0_imp_auto_pc_1_axi_data_fifo_v2_1_36_fifo_gen/<hidden>/<hidden>/<hidden>/<hidden>/<hidden>
                            (rising edge-triggered cell FDRE clocked by clk_fpga_0  {rise@0.000ns fall@5.000ns period=10.000ns})
  Destination:            design_1_wrapper/design_1/design_1_axi_interconnect_hp0_0/s01_couplers_imp_12AUBLP/design_1_axi_interconnect_hp0_imp_auto_pc_1/design_1_axi_interconnect_hp0_imp_auto_pc_1_axi_protocol_converter_v2_1_37_axi_protocol_converter/design_1_axi_interconnect_hp0_imp_auto_pc_1_axi_protocol_converter_v2_1_37_axi3_conv/design_1_axi_interconnect_hp0_imp_auto_pc_1_axi_protocol_converter_v2_1_37_a_axi3_conv/design_1_axi_interconnect_hp0_imp_auto_pc_1_axi_data_fifo_v2_1_36_axic_fifo_0/design_1_axi_interconnect_hp0_imp_auto_pc_1_axi_data_fifo_v2_1_36_fifo_gen/<hidden>/<hidden>/<hidden>/<hidden>/<hidden>/<hidden>
                            (removal check against rising-edge clock clk_fpga_0  {rise@0.000ns fall@5.000ns period=10.000ns})
  Path Group:             **async_default**
  Path Type:              Removal (Min at Fast Process Corner)
  Requirement:            0.000ns  (clk_fpga_0 rise@0.000ns - clk_fpga_0 rise@0.000ns)
  Data Path Delay:        0.489ns  (logic 0.186ns (38.015%)  route 0.303ns (61.985%))
  Logic Levels:           1  (LUT3=1)
  Clock Path Skew:        0.016ns (DCD - SCD - CPR)
    Destination Clock Delay (DCD):    1.223ns
    Source Clock Delay      (SCD):    0.925ns
    Clock Pessimism Removal (CPR):    0.282ns

    Location             Delay type                Incr(ns)  Path(ns)    Netlist Resource(s)
  -------------------------------------------------------------------    -------------------
                         (clock clk_fpga_0 rise edge)
                                                      0.000     0.000 r  
    PS7_X0Y0             PS7                          0.000     0.000 r  design_1_i/processing_system7_0/inst/PS7_i/FCLKCLK[0]
                         net (fo=1, routed)           0.310     0.310    design_1_i/processing_system7_0/inst/FCLK_CLK_unbuffered[0]
    BUFGCTRL_X0Y16       BUFG (Prop_bufg_I_O)         0.026     0.336 r  design_1_i/processing_system7_0/inst/buffer_fclk_clk_0.FCLK_CLK_0_BUFG/O
                         net (fo=11219, routed)       0.589     0.924    design_1_wrapper/design_1/design_1_axi_interconnect_hp0_0/s01_couplers_imp_12AUBLP/design_1_axi_interconnect_hp0_imp_auto_pc_1/design_1_axi_interconnect_hp0_imp_auto_pc_1_axi_protocol_converter_v2_1_37_axi_protocol_converter/design_1_axi_interconnect_hp0_imp_auto_pc_1_axi_protocol_converter_v2_1_37_axi3_conv/design_1_axi_interconnect_hp0_imp_auto_pc_1_axi_protocol_converter_v2_1_37_a_axi3_conv/design_1_axi_interconnect_hp0_imp_auto_pc_1_axi_data_fifo_v2_1_36_axic_fifo_0/design_1_axi_interconnect_hp0_imp_auto_pc_1_axi_data_fifo_v2_1_36_fifo_gen/<hidden>/<hidden>/<hidden>/<hidden>/<hidden>
    SLICE_X27Y39         FDRE                                         r  design_1_wrapper/design_1/design_1_axi_interconnect_hp0_0/s01_couplers_imp_12AUBLP/design_1_axi_interconnect_hp0_imp_auto_pc_1/design_1_axi_interconnect_hp0_imp_auto_pc_1_axi_protocol_converter_v2_1_37_axi_protocol_converter/design_1_axi_interconnect_hp0_imp_auto_pc_1_axi_protocol_converter_v2_1_37_axi3_conv/design_1_axi_interconnect_hp0_imp_auto_pc_1_axi_protocol_converter_v2_1_37_a_axi3_conv/design_1_axi_interconnect_hp0_imp_auto_pc_1_axi_data_fifo_v2_1_36_axic_fifo_0/design_1_axi_interconnect_hp0_imp_auto_pc_1_axi_data_fifo_v2_1_36_fifo_gen/<hidden>/<hidden>/<hidden>/<hidden>/<hidden>
  -------------------------------------------------------------------    -------------------
    SLICE_X27Y39         FDRE (Prop_fdre_C_Q)         0.141     1.066 f  design_1_wrapper/design_1/design_1_axi_interconnect_hp0_0/s01_couplers_imp_12AUBLP/design_1_axi_interconnect_hp0_imp_auto_pc_1/design_1_axi_interconnect_hp0_imp_auto_pc_1_axi_protocol_converter_v2_1_37_axi_protocol_converter/design_1_axi_interconnect_hp0_imp_auto_pc_1_axi_protocol_converter_v2_1_37_axi3_conv/design_1_axi_interconnect_hp0_imp_auto_pc_1_axi_protocol_converter_v2_1_37_a_axi3_conv/design_1_axi_interconnect_hp0_imp_auto_pc_1_axi_data_fifo_v2_1_36_axic_fifo_0/design_1_axi_interconnect_hp0_imp_auto_pc_1_axi_data_fifo_v2_1_36_fifo_gen/<hidden>/<hidden>/<hidden>/<hidden>/<hidden>
                         net (fo=3, routed)           0.092     1.158    design_1_wrapper/design_1/design_1_axi_interconnect_hp0_0/s01_couplers_imp_12AUBLP/design_1_axi_interconnect_hp0_imp_auto_pc_1/design_1_axi_interconnect_hp0_imp_auto_pc_1_axi_protocol_converter_v2_1_37_axi_protocol_converter/design_1_axi_interconnect_hp0_imp_auto_pc_1_axi_protocol_converter_v2_1_37_axi3_conv/design_1_axi_interconnect_hp0_imp_auto_pc_1_axi_protocol_converter_v2_1_37_a_axi3_conv/design_1_axi_interconnect_hp0_imp_auto_pc_1_axi_data_fifo_v2_1_36_axic_fifo_0/design_1_axi_interconnect_hp0_imp_auto_pc_1_axi_data_fifo_v2_1_36_fifo_gen/<hidden>/<hidden>/<hidden>/<hidden>/<hidden>
    SLICE_X26Y39         LUT3 (Prop_lut3_I1_O)        0.045     1.203 f  design_1_wrapper/design_1/design_1_axi_interconnect_hp0_0/s01_couplers_imp_12AUBLP/design_1_axi_interconnect_hp0_imp_auto_pc_1/design_1_axi_interconnect_hp0_imp_auto_pc_1_axi_protocol_converter_v2_1_37_axi_protocol_converter/design_1_axi_interconnect_hp0_imp_auto_pc_1_axi_protocol_converter_v2_1_37_axi3_conv/design_1_axi_interconnect_hp0_imp_auto_pc_1_axi_protocol_converter_v2_1_37_a_axi3_conv/design_1_axi_interconnect_hp0_imp_auto_pc_1_axi_data_fifo_v2_1_36_axic_fifo_0/design_1_axi_interconnect_hp0_imp_auto_pc_1_axi_data_fifo_v2_1_36_fifo_gen/<hidden>/<hidden>/<hidden>/<hidden>/<hidden>
                         net (fo=32, routed)          0.211     1.414    design_1_wrapper/design_1/design_1_axi_interconnect_hp0_0/s01_couplers_imp_12AUBLP/design_1_axi_interconnect_hp0_imp_auto_pc_1/design_1_axi_interconnect_hp0_imp_auto_pc_1_axi_protocol_converter_v2_1_37_axi_protocol_converter/design_1_axi_interconnect_hp0_imp_auto_pc_1_axi_protocol_converter_v2_1_37_axi3_conv/design_1_axi_interconnect_hp0_imp_auto_pc_1_axi_protocol_converter_v2_1_37_a_axi3_conv/design_1_axi_interconnect_hp0_imp_auto_pc_1_axi_data_fifo_v2_1_36_axic_fifo_0/design_1_axi_interconnect_hp0_imp_auto_pc_1_axi_data_fifo_v2_1_36_fifo_gen/<hidden>/<hidden>/<hidden>/<hidden>/<hidden>/<hidden>
    SLICE_X25Y39         FDCE                                         f  design_1_wrapper/design_1/design_1_axi_interconnect_hp0_0/s01_couplers_imp_12AUBLP/design_1_axi_interconnect_hp0_imp_auto_pc_1/design_1_axi_interconnect_hp0_imp_auto_pc_1_axi_protocol_converter_v2_1_37_axi_protocol_converter/design_1_axi_interconnect_hp0_imp_auto_pc_1_axi_protocol_converter_v2_1_37_axi3_conv/design_1_axi_interconnect_hp0_imp_auto_pc_1_axi_protocol_converter_v2_1_37_a_axi3_conv/design_1_axi_interconnect_hp0_imp_auto_pc_1_axi_data_fifo_v2_1_36_axic_fifo_0/design_1_axi_interconnect_hp0_imp_auto_pc_1_axi_data_fifo_v2_1_36_fifo_gen/<hidden>/<hidden>/<hidden>/<hidden>/<hidden>/<hidden>
  -------------------------------------------------------------------    -------------------

                         (clock clk_fpga_0 rise edge)
                                                      0.000     0.000 r  
    PS7_X0Y0             PS7                          0.000     0.000 r  design_1_i/processing_system7_0/inst/PS7_i/FCLKCLK[0]
                         net (fo=1, routed)           0.337     0.337    design_1_i/processing_system7_0/inst/FCLK_CLK_unbuffered[0]
    BUFGCTRL_X0Y16       BUFG (Prop_bufg_I_O)         0.029     0.366 r  design_1_i/processing_system7_0/inst/buffer_fclk_clk_0.FCLK_CLK_0_BUFG/O
                         net (fo=11219, routed)       0.857     1.223    design_1_wrapper/design_1/design_1_axi_interconnect_hp0_0/s01_couplers_imp_12AUBLP/design_1_axi_interconnect_hp0_imp_auto_pc_1/design_1_axi_interconnect_hp0_imp_auto_pc_1_axi_protocol_converter_v2_1_37_axi_protocol_converter/design_1_axi_interconnect_hp0_imp_auto_pc_1_axi_protocol_converter_v2_1_37_axi3_conv/design_1_axi_interconnect_hp0_imp_auto_pc_1_axi_protocol_converter_v2_1_37_a_axi3_conv/design_1_axi_interconnect_hp0_imp_auto_pc_1_axi_data_fifo_v2_1_36_axic_fifo_0/design_1_axi_interconnect_hp0_imp_auto_pc_1_axi_data_fifo_v2_1_36_fifo_gen/<hidden>/<hidden>/<hidden>/<hidden>/<hidden>/<hidden>
    SLICE_X25Y39         FDCE                                         r  design_1_wrapper/design_1/design_1_axi_interconnect_hp0_0/s01_couplers_imp_12AUBLP/design_1_axi_interconnect_hp0_imp_auto_pc_1/design_1_axi_interconnect_hp0_imp_auto_pc_1_axi_protocol_converter_v2_1_37_axi_protocol_converter/design_1_axi_interconnect_hp0_imp_auto_pc_1_axi_protocol_converter_v2_1_37_axi3_conv/design_1_axi_interconnect_hp0_imp_auto_pc_1_axi_protocol_converter_v2_1_37_a_axi3_conv/design_1_axi_interconnect_hp0_imp_auto_pc_1_axi_data_fifo_v2_1_36_axic_fifo_0/design_1_axi_interconnect_hp0_imp_auto_pc_1_axi_data_fifo_v2_1_36_fifo_gen/<hidden>/<hidden>/<hidden>/<hidden>/<hidden>/<hidden>
                         clock pessimism             -0.282     0.941    
    SLICE_X25Y39         FDCE (Remov_fdce_C_CLR)     -0.092     0.849    design_1_wrapper/design_1/design_1_axi_interconnect_hp0_0/s01_couplers_imp_12AUBLP/design_1_axi_interconnect_hp0_imp_auto_pc_1/design_1_axi_interconnect_hp0_imp_auto_pc_1_axi_protocol_converter_v2_1_37_axi_protocol_converter/design_1_axi_interconnect_hp0_imp_auto_pc_1_axi_protocol_converter_v2_1_37_axi3_conv/design_1_axi_interconnect_hp0_imp_auto_pc_1_axi_protocol_converter_v2_1_37_a_axi3_conv/design_1_axi_interconnect_hp0_imp_auto_pc_1_axi_data_fifo_v2_1_36_axic_fifo_0/design_1_axi_interconnect_hp0_imp_auto_pc_1_axi_data_fifo_v2_1_36_fifo_gen/<hidden>/<hidden>/<hidden>/<hidden>/<hidden>/<hidden>
  -------------------------------------------------------------------
                         required time                         -0.849    
                         arrival time                           1.414    
  -------------------------------------------------------------------
                         slack                                  0.565    

Slack (MET) :             0.565ns  (arrival time - required time)
  Source:                 design_1_wrapper/design_1/design_1_axi_interconnect_hp0_0/s01_couplers_imp_12AUBLP/design_1_axi_interconnect_hp0_imp_auto_pc_1/design_1_axi_interconnect_hp0_imp_auto_pc_1_axi_protocol_converter_v2_1_37_axi_protocol_converter/design_1_axi_interconnect_hp0_imp_auto_pc_1_axi_protocol_converter_v2_1_37_axi3_conv/design_1_axi_interconnect_hp0_imp_auto_pc_1_axi_protocol_converter_v2_1_37_a_axi3_conv/design_1_axi_interconnect_hp0_imp_auto_pc_1_axi_data_fifo_v2_1_36_axic_fifo_0/design_1_axi_interconnect_hp0_imp_auto_pc_1_axi_data_fifo_v2_1_36_fifo_gen/<hidden>/<hidden>/<hidden>/<hidden>/<hidden>
                            (rising edge-triggered cell FDRE clocked by clk_fpga_0  {rise@0.000ns fall@5.000ns period=10.000ns})
  Destination:            design_1_wrapper/design_1/design_1_axi_interconnect_hp0_0/s01_couplers_imp_12AUBLP/design_1_axi_interconnect_hp0_imp_auto_pc_1/design_1_axi_interconnect_hp0_imp_auto_pc_1_axi_protocol_converter_v2_1_37_axi_protocol_converter/design_1_axi_interconnect_hp0_imp_auto_pc_1_axi_protocol_converter_v2_1_37_axi3_conv/design_1_axi_interconnect_hp0_imp_auto_pc_1_axi_protocol_converter_v2_1_37_a_axi3_conv/design_1_axi_interconnect_hp0_imp_auto_pc_1_axi_data_fifo_v2_1_36_axic_fifo_0/design_1_axi_interconnect_hp0_imp_auto_pc_1_axi_data_fifo_v2_1_36_fifo_gen/<hidden>/<hidden>/<hidden>/<hidden>/<hidden>/<hidden>
                            (removal check against rising-edge clock clk_fpga_0  {rise@0.000ns fall@5.000ns period=10.000ns})
  Path Group:             **async_default**
  Path Type:              Removal (Min at Fast Process Corner)
  Requirement:            0.000ns  (clk_fpga_0 rise@0.000ns - clk_fpga_0 rise@0.000ns)
  Data Path Delay:        0.489ns  (logic 0.186ns (38.015%)  route 0.303ns (61.985%))
  Logic Levels:           1  (LUT3=1)
  Clock Path Skew:        0.016ns (DCD - SCD - CPR)
    Destination Clock Delay (DCD):    1.223ns
    Source Clock Delay      (SCD):    0.925ns
    Clock Pessimism Removal (CPR):    0.282ns

    Location             Delay type                Incr(ns)  Path(ns)    Netlist Resource(s)
  -------------------------------------------------------------------    -------------------
                         (clock clk_fpga_0 rise edge)
                                                      0.000     0.000 r  
    PS7_X0Y0             PS7                          0.000     0.000 r  design_1_i/processing_system7_0/inst/PS7_i/FCLKCLK[0]
                         net (fo=1, routed)           0.310     0.310    design_1_i/processing_system7_0/inst/FCLK_CLK_unbuffered[0]
    BUFGCTRL_X0Y16       BUFG (Prop_bufg_I_O)         0.026     0.336 r  design_1_i/processing_system7_0/inst/buffer_fclk_clk_0.FCLK_CLK_0_BUFG/O
                         net (fo=11219, routed)       0.589     0.924    design_1_wrapper/design_1/design_1_axi_interconnect_hp0_0/s01_couplers_imp_12AUBLP/design_1_axi_interconnect_hp0_imp_auto_pc_1/design_1_axi_interconnect_hp0_imp_auto_pc_1_axi_protocol_converter_v2_1_37_axi_protocol_converter/design_1_axi_interconnect_hp0_imp_auto_pc_1_axi_protocol_converter_v2_1_37_axi3_conv/design_1_axi_interconnect_hp0_imp_auto_pc_1_axi_protocol_converter_v2_1_37_a_axi3_conv/design_1_axi_interconnect_hp0_imp_auto_pc_1_axi_data_fifo_v2_1_36_axic_fifo_0/design_1_axi_interconnect_hp0_imp_auto_pc_1_axi_data_fifo_v2_1_36_fifo_gen/<hidden>/<hidden>/<hidden>/<hidden>/<hidden>
    SLICE_X27Y39         FDRE                                         r  design_1_wrapper/design_1/design_1_axi_interconnect_hp0_0/s01_couplers_imp_12AUBLP/design_1_axi_interconnect_hp0_imp_auto_pc_1/design_1_axi_interconnect_hp0_imp_auto_pc_1_axi_protocol_converter_v2_1_37_axi_protocol_converter/design_1_axi_interconnect_hp0_imp_auto_pc_1_axi_protocol_converter_v2_1_37_axi3_conv/design_1_axi_interconnect_hp0_imp_auto_pc_1_axi_protocol_converter_v2_1_37_a_axi3_conv/design_1_axi_interconnect_hp0_imp_auto_pc_1_axi_data_fifo_v2_1_36_axic_fifo_0/design_1_axi_interconnect_hp0_imp_auto_pc_1_axi_data_fifo_v2_1_36_fifo_gen/<hidden>/<hidden>/<hidden>/<hidden>/<hidden>
  -------------------------------------------------------------------    -------------------
    SLICE_X27Y39         FDRE (Prop_fdre_C_Q)         0.141     1.066 f  design_1_wrapper/design_1/design_1_axi_interconnect_hp0_0/s01_couplers_imp_12AUBLP/design_1_axi_interconnect_hp0_imp_auto_pc_1/design_1_axi_interconnect_hp0_imp_auto_pc_1_axi_protocol_converter_v2_1_37_axi_protocol_converter/design_1_axi_interconnect_hp0_imp_auto_pc_1_axi_protocol_converter_v2_1_37_axi3_conv/design_1_axi_interconnect_hp0_imp_auto_pc_1_axi_protocol_converter_v2_1_37_a_axi3_conv/design_1_axi_interconnect_hp0_imp_auto_pc_1_axi_data_fifo_v2_1_36_axic_fifo_0/design_1_axi_interconnect_hp0_imp_auto_pc_1_axi_data_fifo_v2_1_36_fifo_gen/<hidden>/<hidden>/<hidden>/<hidden>/<hidden>
                         net (fo=3, routed)           0.092     1.158    design_1_wrapper/design_1/design_1_axi_interconnect_hp0_0/s01_couplers_imp_12AUBLP/design_1_axi_interconnect_hp0_imp_auto_pc_1/design_1_axi_interconnect_hp0_imp_auto_pc_1_axi_protocol_converter_v2_1_37_axi_protocol_converter/design_1_axi_interconnect_hp0_imp_auto_pc_1_axi_protocol_converter_v2_1_37_axi3_conv/design_1_axi_interconnect_hp0_imp_auto_pc_1_axi_protocol_converter_v2_1_37_a_axi3_conv/design_1_axi_interconnect_hp0_imp_auto_pc_1_axi_data_fifo_v2_1_36_axic_fifo_0/design_1_axi_interconnect_hp0_imp_auto_pc_1_axi_data_fifo_v2_1_36_fifo_gen/<hidden>/<hidden>/<hidden>/<hidden>/<hidden>
    SLICE_X26Y39         LUT3 (Prop_lut3_I1_O)        0.045     1.203 f  design_1_wrapper/design_1/design_1_axi_interconnect_hp0_0/s01_couplers_imp_12AUBLP/design_1_axi_interconnect_hp0_imp_auto_pc_1/design_1_axi_interconnect_hp0_imp_auto_pc_1_axi_protocol_converter_v2_1_37_axi_protocol_converter/design_1_axi_interconnect_hp0_imp_auto_pc_1_axi_protocol_converter_v2_1_37_axi3_conv/design_1_axi_interconnect_hp0_imp_auto_pc_1_axi_protocol_converter_v2_1_37_a_axi3_conv/design_1_axi_interconnect_hp0_imp_auto_pc_1_axi_data_fifo_v2_1_36_axic_fifo_0/design_1_axi_interconnect_hp0_imp_auto_pc_1_axi_data_fifo_v2_1_36_fifo_gen/<hidden>/<hidden>/<hidden>/<hidden>/<hidden>
                         net (fo=32, routed)          0.211     1.414    design_1_wrapper/design_1/design_1_axi_interconnect_hp0_0/s01_couplers_imp_12AUBLP/design_1_axi_interconnect_hp0_imp_auto_pc_1/design_1_axi_interconnect_hp0_imp_auto_pc_1_axi_protocol_converter_v2_1_37_axi_protocol_converter/design_1_axi_interconnect_hp0_imp_auto_pc_1_axi_protocol_converter_v2_1_37_axi3_conv/design_1_axi_interconnect_hp0_imp_auto_pc_1_axi_protocol_converter_v2_1_37_a_axi3_conv/design_1_axi_interconnect_hp0_imp_auto_pc_1_axi_data_fifo_v2_1_36_axic_fifo_0/design_1_axi_interconnect_hp0_imp_auto_pc_1_axi_data_fifo_v2_1_36_fifo_gen/<hidden>/<hidden>/<hidden>/<hidden>/<hidden>/<hidden>
    SLICE_X25Y39         FDCE                                         f  design_1_wrapper/design_1/design_1_axi_interconnect_hp0_0/s01_couplers_imp_12AUBLP/design_1_axi_interconnect_hp0_imp_auto_pc_1/design_1_axi_interconnect_hp0_imp_auto_pc_1_axi_protocol_converter_v2_1_37_axi_protocol_converter/design_1_axi_interconnect_hp0_imp_auto_pc_1_axi_protocol_converter_v2_1_37_axi3_conv/design_1_axi_interconnect_hp0_imp_auto_pc_1_axi_protocol_converter_v2_1_37_a_axi3_conv/design_1_axi_interconnect_hp0_imp_auto_pc_1_axi_data_fifo_v2_1_36_axic_fifo_0/design_1_axi_interconnect_hp0_imp_auto_pc_1_axi_data_fifo_v2_1_36_fifo_gen/<hidden>/<hidden>/<hidden>/<hidden>/<hidden>/<hidden>
  -------------------------------------------------------------------    -------------------

                         (clock clk_fpga_0 rise edge)
                                                      0.000     0.000 r  
    PS7_X0Y0             PS7                          0.000     0.000 r  design_1_i/processing_system7_0/inst/PS7_i/FCLKCLK[0]
                         net (fo=1, routed)           0.337     0.337    design_1_i/processing_system7_0/inst/FCLK_CLK_unbuffered[0]
    BUFGCTRL_X0Y16       BUFG (Prop_bufg_I_O)         0.029     0.366 r  design_1_i/processing_system7_0/inst/buffer_fclk_clk_0.FCLK_CLK_0_BUFG/O
                         net (fo=11219, routed)       0.857     1.223    design_1_wrapper/design_1/design_1_axi_interconnect_hp0_0/s01_couplers_imp_12AUBLP/design_1_axi_interconnect_hp0_imp_auto_pc_1/design_1_axi_interconnect_hp0_imp_auto_pc_1_axi_protocol_converter_v2_1_37_axi_protocol_converter/design_1_axi_interconnect_hp0_imp_auto_pc_1_axi_protocol_converter_v2_1_37_axi3_conv/design_1_axi_interconnect_hp0_imp_auto_pc_1_axi_protocol_converter_v2_1_37_a_axi3_conv/design_1_axi_interconnect_hp0_imp_auto_pc_1_axi_data_fifo_v2_1_36_axic_fifo_0/design_1_axi_interconnect_hp0_imp_auto_pc_1_axi_data_fifo_v2_1_36_fifo_gen/<hidden>/<hidden>/<hidden>/<hidden>/<hidden>/<hidden>
    SLICE_X25Y39         FDCE                                         r  design_1_wrapper/design_1/design_1_axi_interconnect_hp0_0/s01_couplers_imp_12AUBLP/design_1_axi_interconnect_hp0_imp_auto_pc_1/design_1_axi_interconnect_hp0_imp_auto_pc_1_axi_protocol_converter_v2_1_37_axi_protocol_converter/design_1_axi_interconnect_hp0_imp_auto_pc_1_axi_protocol_converter_v2_1_37_axi3_conv/design_1_axi_interconnect_hp0_imp_auto_pc_1_axi_protocol_converter_v2_1_37_a_axi3_conv/design_1_axi_interconnect_hp0_imp_auto_pc_1_axi_data_fifo_v2_1_36_axic_fifo_0/design_1_axi_interconnect_hp0_imp_auto_pc_1_axi_data_fifo_v2_1_36_fifo_gen/<hidden>/<hidden>/<hidden>/<hidden>/<hidden>/<hidden>
                         clock pessimism             -0.282     0.941    
    SLICE_X25Y39         FDCE (Remov_fdce_C_CLR)     -0.092     0.849    design_1_wrapper/design_1/design_1_axi_interconnect_hp0_0/s01_couplers_imp_12AUBLP/design_1_axi_interconnect_hp0_imp_auto_pc_1/design_1_axi_interconnect_hp0_imp_auto_pc_1_axi_protocol_converter_v2_1_37_axi_protocol_converter/design_1_axi_interconnect_hp0_imp_auto_pc_1_axi_protocol_converter_v2_1_37_axi3_conv/design_1_axi_interconnect_hp0_imp_auto_pc_1_axi_protocol_converter_v2_1_37_a_axi3_conv/design_1_axi_interconnect_hp0_imp_auto_pc_1_axi_data_fifo_v2_1_36_axic_fifo_0/design_1_axi_interconnect_hp0_imp_auto_pc_1_axi_data_fifo_v2_1_36_fifo_gen/<hidden>/<hidden>/<hidden>/<hidden>/<hidden>/<hidden>
  -------------------------------------------------------------------
                         required time                         -0.849    
                         arrival time                           1.414    
  -------------------------------------------------------------------
                         slack                                  0.565    

Slack (MET) :             0.565ns  (arrival time - required time)
  Source:                 design_1_wrapper/design_1/design_1_axi_interconnect_hp0_0/s01_couplers_imp_12AUBLP/design_1_axi_interconnect_hp0_imp_auto_pc_1/design_1_axi_interconnect_hp0_imp_auto_pc_1_axi_protocol_converter_v2_1_37_axi_protocol_converter/design_1_axi_interconnect_hp0_imp_auto_pc_1_axi_protocol_converter_v2_1_37_axi3_conv/design_1_axi_interconnect_hp0_imp_auto_pc_1_axi_protocol_converter_v2_1_37_a_axi3_conv/design_1_axi_interconnect_hp0_imp_auto_pc_1_axi_data_fifo_v2_1_36_axic_fifo_0/design_1_axi_interconnect_hp0_imp_auto_pc_1_axi_data_fifo_v2_1_36_fifo_gen/<hidden>/<hidden>/<hidden>/<hidden>/<hidden>
                            (rising edge-triggered cell FDRE clocked by clk_fpga_0  {rise@0.000ns fall@5.000ns period=10.000ns})
  Destination:            design_1_wrapper/design_1/design_1_axi_interconnect_hp0_0/s01_couplers_imp_12AUBLP/design_1_axi_interconnect_hp0_imp_auto_pc_1/design_1_axi_interconnect_hp0_imp_auto_pc_1_axi_protocol_converter_v2_1_37_axi_protocol_converter/design_1_axi_interconnect_hp0_imp_auto_pc_1_axi_protocol_converter_v2_1_37_axi3_conv/design_1_axi_interconnect_hp0_imp_auto_pc_1_axi_protocol_converter_v2_1_37_a_axi3_conv/design_1_axi_interconnect_hp0_imp_auto_pc_1_axi_data_fifo_v2_1_36_axic_fifo_0/design_1_axi_interconnect_hp0_imp_auto_pc_1_axi_data_fifo_v2_1_36_fifo_gen/<hidden>/<hidden>/<hidden>/<hidden>/<hidden>/<hidden>
                            (removal check against rising-edge clock clk_fpga_0  {rise@0.000ns fall@5.000ns period=10.000ns})
  Path Group:             **async_default**
  Path Type:              Removal (Min at Fast Process Corner)
  Requirement:            0.000ns  (clk_fpga_0 rise@0.000ns - clk_fpga_0 rise@0.000ns)
  Data Path Delay:        0.489ns  (logic 0.186ns (38.015%)  route 0.303ns (61.985%))
  Logic Levels:           1  (LUT3=1)
  Clock Path Skew:        0.016ns (DCD - SCD - CPR)
    Destination Clock Delay (DCD):    1.223ns
    Source Clock Delay      (SCD):    0.925ns
    Clock Pessimism Removal (CPR):    0.282ns

    Location             Delay type                Incr(ns)  Path(ns)    Netlist Resource(s)
  -------------------------------------------------------------------    -------------------
                         (clock clk_fpga_0 rise edge)
                                                      0.000     0.000 r  
    PS7_X0Y0             PS7                          0.000     0.000 r  design_1_i/processing_system7_0/inst/PS7_i/FCLKCLK[0]
                         net (fo=1, routed)           0.310     0.310    design_1_i/processing_system7_0/inst/FCLK_CLK_unbuffered[0]
    BUFGCTRL_X0Y16       BUFG (Prop_bufg_I_O)         0.026     0.336 r  design_1_i/processing_system7_0/inst/buffer_fclk_clk_0.FCLK_CLK_0_BUFG/O
                         net (fo=11219, routed)       0.589     0.924    design_1_wrapper/design_1/design_1_axi_interconnect_hp0_0/s01_couplers_imp_12AUBLP/design_1_axi_interconnect_hp0_imp_auto_pc_1/design_1_axi_interconnect_hp0_imp_auto_pc_1_axi_protocol_converter_v2_1_37_axi_protocol_converter/design_1_axi_interconnect_hp0_imp_auto_pc_1_axi_protocol_converter_v2_1_37_axi3_conv/design_1_axi_interconnect_hp0_imp_auto_pc_1_axi_protocol_converter_v2_1_37_a_axi3_conv/design_1_axi_interconnect_hp0_imp_auto_pc_1_axi_data_fifo_v2_1_36_axic_fifo_0/design_1_axi_interconnect_hp0_imp_auto_pc_1_axi_data_fifo_v2_1_36_fifo_gen/<hidden>/<hidden>/<hidden>/<hidden>/<hidden>
    SLICE_X27Y39         FDRE                                         r  design_1_wrapper/design_1/design_1_axi_interconnect_hp0_0/s01_couplers_imp_12AUBLP/design_1_axi_interconnect_hp0_imp_auto_pc_1/design_1_axi_interconnect_hp0_imp_auto_pc_1_axi_protocol_converter_v2_1_37_axi_protocol_converter/design_1_axi_interconnect_hp0_imp_auto_pc_1_axi_protocol_converter_v2_1_37_axi3_conv/design_1_axi_interconnect_hp0_imp_auto_pc_1_axi_protocol_converter_v2_1_37_a_axi3_conv/design_1_axi_interconnect_hp0_imp_auto_pc_1_axi_data_fifo_v2_1_36_axic_fifo_0/design_1_axi_interconnect_hp0_imp_auto_pc_1_axi_data_fifo_v2_1_36_fifo_gen/<hidden>/<hidden>/<hidden>/<hidden>/<hidden>
  -------------------------------------------------------------------    -------------------
    SLICE_X27Y39         FDRE (Prop_fdre_C_Q)         0.141     1.066 f  design_1_wrapper/design_1/design_1_axi_interconnect_hp0_0/s01_couplers_imp_12AUBLP/design_1_axi_interconnect_hp0_imp_auto_pc_1/design_1_axi_interconnect_hp0_imp_auto_pc_1_axi_protocol_converter_v2_1_37_axi_protocol_converter/design_1_axi_interconnect_hp0_imp_auto_pc_1_axi_protocol_converter_v2_1_37_axi3_conv/design_1_axi_interconnect_hp0_imp_auto_pc_1_axi_protocol_converter_v2_1_37_a_axi3_conv/design_1_axi_interconnect_hp0_imp_auto_pc_1_axi_data_fifo_v2_1_36_axic_fifo_0/design_1_axi_interconnect_hp0_imp_auto_pc_1_axi_data_fifo_v2_1_36_fifo_gen/<hidden>/<hidden>/<hidden>/<hidden>/<hidden>
                         net (fo=3, routed)           0.092     1.158    design_1_wrapper/design_1/design_1_axi_interconnect_hp0_0/s01_couplers_imp_12AUBLP/design_1_axi_interconnect_hp0_imp_auto_pc_1/design_1_axi_interconnect_hp0_imp_auto_pc_1_axi_protocol_converter_v2_1_37_axi_protocol_converter/design_1_axi_interconnect_hp0_imp_auto_pc_1_axi_protocol_converter_v2_1_37_axi3_conv/design_1_axi_interconnect_hp0_imp_auto_pc_1_axi_protocol_converter_v2_1_37_a_axi3_conv/design_1_axi_interconnect_hp0_imp_auto_pc_1_axi_data_fifo_v2_1_36_axic_fifo_0/design_1_axi_interconnect_hp0_imp_auto_pc_1_axi_data_fifo_v2_1_36_fifo_gen/<hidden>/<hidden>/<hidden>/<hidden>/<hidden>
    SLICE_X26Y39         LUT3 (Prop_lut3_I1_O)        0.045     1.203 f  design_1_wrapper/design_1/design_1_axi_interconnect_hp0_0/s01_couplers_imp_12AUBLP/design_1_axi_interconnect_hp0_imp_auto_pc_1/design_1_axi_interconnect_hp0_imp_auto_pc_1_axi_protocol_converter_v2_1_37_axi_protocol_converter/design_1_axi_interconnect_hp0_imp_auto_pc_1_axi_protocol_converter_v2_1_37_axi3_conv/design_1_axi_interconnect_hp0_imp_auto_pc_1_axi_protocol_converter_v2_1_37_a_axi3_conv/design_1_axi_interconnect_hp0_imp_auto_pc_1_axi_data_fifo_v2_1_36_axic_fifo_0/design_1_axi_interconnect_hp0_imp_auto_pc_1_axi_data_fifo_v2_1_36_fifo_gen/<hidden>/<hidden>/<hidden>/<hidden>/<hidden>
                         net (fo=32, routed)          0.211     1.414    design_1_wrapper/design_1/design_1_axi_interconnect_hp0_0/s01_couplers_imp_12AUBLP/design_1_axi_interconnect_hp0_imp_auto_pc_1/design_1_axi_interconnect_hp0_imp_auto_pc_1_axi_protocol_converter_v2_1_37_axi_protocol_converter/design_1_axi_interconnect_hp0_imp_auto_pc_1_axi_protocol_converter_v2_1_37_axi3_conv/design_1_axi_interconnect_hp0_imp_auto_pc_1_axi_protocol_converter_v2_1_37_a_axi3_conv/design_1_axi_interconnect_hp0_imp_auto_pc_1_axi_data_fifo_v2_1_36_axic_fifo_0/design_1_axi_interconnect_hp0_imp_auto_pc_1_axi_data_fifo_v2_1_36_fifo_gen/<hidden>/<hidden>/<hidden>/<hidden>/<hidden>/<hidden>
    SLICE_X25Y39         FDCE                                         f  design_1_wrapper/design_1/design_1_axi_interconnect_hp0_0/s01_couplers_imp_12AUBLP/design_1_axi_interconnect_hp0_imp_auto_pc_1/design_1_axi_interconnect_hp0_imp_auto_pc_1_axi_protocol_converter_v2_1_37_axi_protocol_converter/design_1_axi_interconnect_hp0_imp_auto_pc_1_axi_protocol_converter_v2_1_37_axi3_conv/design_1_axi_interconnect_hp0_imp_auto_pc_1_axi_protocol_converter_v2_1_37_a_axi3_conv/design_1_axi_interconnect_hp0_imp_auto_pc_1_axi_data_fifo_v2_1_36_axic_fifo_0/design_1_axi_interconnect_hp0_imp_auto_pc_1_axi_data_fifo_v2_1_36_fifo_gen/<hidden>/<hidden>/<hidden>/<hidden>/<hidden>/<hidden>
  -------------------------------------------------------------------    -------------------

                         (clock clk_fpga_0 rise edge)
                                                      0.000     0.000 r  
    PS7_X0Y0             PS7                          0.000     0.000 r  design_1_i/processing_system7_0/inst/PS7_i/FCLKCLK[0]
                         net (fo=1, routed)           0.337     0.337    design_1_i/processing_system7_0/inst/FCLK_CLK_unbuffered[0]
    BUFGCTRL_X0Y16       BUFG (Prop_bufg_I_O)         0.029     0.366 r  design_1_i/processing_system7_0/inst/buffer_fclk_clk_0.FCLK_CLK_0_BUFG/O
                         net (fo=11219, routed)       0.857     1.223    design_1_wrapper/design_1/design_1_axi_interconnect_hp0_0/s01_couplers_imp_12AUBLP/design_1_axi_interconnect_hp0_imp_auto_pc_1/design_1_axi_interconnect_hp0_imp_auto_pc_1_axi_protocol_converter_v2_1_37_axi_protocol_converter/design_1_axi_interconnect_hp0_imp_auto_pc_1_axi_protocol_converter_v2_1_37_axi3_conv/design_1_axi_interconnect_hp0_imp_auto_pc_1_axi_protocol_converter_v2_1_37_a_axi3_conv/design_1_axi_interconnect_hp0_imp_auto_pc_1_axi_data_fifo_v2_1_36_axic_fifo_0/design_1_axi_interconnect_hp0_imp_auto_pc_1_axi_data_fifo_v2_1_36_fifo_gen/<hidden>/<hidden>/<hidden>/<hidden>/<hidden>/<hidden>
    SLICE_X25Y39         FDCE                                         r  design_1_wrapper/design_1/design_1_axi_interconnect_hp0_0/s01_couplers_imp_12AUBLP/design_1_axi_interconnect_hp0_imp_auto_pc_1/design_1_axi_interconnect_hp0_imp_auto_pc_1_axi_protocol_converter_v2_1_37_axi_protocol_converter/design_1_axi_interconnect_hp0_imp_auto_pc_1_axi_protocol_converter_v2_1_37_axi3_conv/design_1_axi_interconnect_hp0_imp_auto_pc_1_axi_protocol_converter_v2_1_37_a_axi3_conv/design_1_axi_interconnect_hp0_imp_auto_pc_1_axi_data_fifo_v2_1_36_axic_fifo_0/design_1_axi_interconnect_hp0_imp_auto_pc_1_axi_data_fifo_v2_1_36_fifo_gen/<hidden>/<hidden>/<hidden>/<hidden>/<hidden>/<hidden>
                         clock pessimism             -0.282     0.941    
    SLICE_X25Y39         FDCE (Remov_fdce_C_CLR)     -0.092     0.849    design_1_wrapper/design_1/design_1_axi_interconnect_hp0_0/s01_couplers_imp_12AUBLP/design_1_axi_interconnect_hp0_imp_auto_pc_1/design_1_axi_interconnect_hp0_imp_auto_pc_1_axi_protocol_converter_v2_1_37_axi_protocol_converter/design_1_axi_interconnect_hp0_imp_auto_pc_1_axi_protocol_converter_v2_1_37_axi3_conv/design_1_axi_interconnect_hp0_imp_auto_pc_1_axi_protocol_converter_v2_1_37_a_axi3_conv/design_1_axi_interconnect_hp0_imp_auto_pc_1_axi_data_fifo_v2_1_36_axic_fifo_0/design_1_axi_interconnect_hp0_imp_auto_pc_1_axi_data_fifo_v2_1_36_fifo_gen/<hidden>/<hidden>/<hidden>/<hidden>/<hidden>/<hidden>
  -------------------------------------------------------------------
                         required time                         -0.849    
                         arrival time                           1.414    
  -------------------------------------------------------------------
                         slack                                  0.565    

Slack (MET) :             0.568ns  (arrival time - required time)
  Source:                 design_1_wrapper/design_1/design_1_axi_interconnect_hp0_0/s01_couplers_imp_12AUBLP/design_1_axi_interconnect_hp0_imp_auto_pc_1/design_1_axi_interconnect_hp0_imp_auto_pc_1_axi_protocol_converter_v2_1_37_axi_protocol_converter/design_1_axi_interconnect_hp0_imp_auto_pc_1_axi_protocol_converter_v2_1_37_axi3_conv/design_1_axi_interconnect_hp0_imp_auto_pc_1_axi_protocol_converter_v2_1_37_a_axi3_conv/design_1_axi_interconnect_hp0_imp_auto_pc_1_axi_data_fifo_v2_1_36_axic_fifo_0/design_1_axi_interconnect_hp0_imp_auto_pc_1_axi_data_fifo_v2_1_36_fifo_gen/<hidden>/<hidden>/<hidden>/<hidden>/<hidden>
                            (rising edge-triggered cell FDRE clocked by clk_fpga_0  {rise@0.000ns fall@5.000ns period=10.000ns})
  Destination:            design_1_wrapper/design_1/design_1_axi_interconnect_hp0_0/s01_couplers_imp_12AUBLP/design_1_axi_interconnect_hp0_imp_auto_pc_1/design_1_axi_interconnect_hp0_imp_auto_pc_1_axi_protocol_converter_v2_1_37_axi_protocol_converter/design_1_axi_interconnect_hp0_imp_auto_pc_1_axi_protocol_converter_v2_1_37_axi3_conv/design_1_axi_interconnect_hp0_imp_auto_pc_1_axi_protocol_converter_v2_1_37_a_axi3_conv/design_1_axi_interconnect_hp0_imp_auto_pc_1_axi_data_fifo_v2_1_36_axic_fifo_0/design_1_axi_interconnect_hp0_imp_auto_pc_1_axi_data_fifo_v2_1_36_fifo_gen/<hidden>/<hidden>/<hidden>/<hidden>/<hidden>/<hidden>
                            (removal check against rising-edge clock clk_fpga_0  {rise@0.000ns fall@5.000ns period=10.000ns})
  Path Group:             **async_default**
  Path Type:              Removal (Min at Fast Process Corner)
  Requirement:            0.000ns  (clk_fpga_0 rise@0.000ns - clk_fpga_0 rise@0.000ns)
  Data Path Delay:        0.489ns  (logic 0.186ns (38.015%)  route 0.303ns (61.985%))
  Logic Levels:           1  (LUT3=1)
  Clock Path Skew:        0.016ns (DCD - SCD - CPR)
    Destination Clock Delay (DCD):    1.223ns
    Source Clock Delay      (SCD):    0.925ns
    Clock Pessimism Removal (CPR):    0.282ns

    Location             Delay type                Incr(ns)  Path(ns)    Netlist Resource(s)
  -------------------------------------------------------------------    -------------------
                         (clock clk_fpga_0 rise edge)
                                                      0.000     0.000 r  
    PS7_X0Y0             PS7                          0.000     0.000 r  design_1_i/processing_system7_0/inst/PS7_i/FCLKCLK[0]
                         net (fo=1, routed)           0.310     0.310    design_1_i/processing_system7_0/inst/FCLK_CLK_unbuffered[0]
    BUFGCTRL_X0Y16       BUFG (Prop_bufg_I_O)         0.026     0.336 r  design_1_i/processing_system7_0/inst/buffer_fclk_clk_0.FCLK_CLK_0_BUFG/O
                         net (fo=11219, routed)       0.589     0.924    design_1_wrapper/design_1/design_1_axi_interconnect_hp0_0/s01_couplers_imp_12AUBLP/design_1_axi_interconnect_hp0_imp_auto_pc_1/design_1_axi_interconnect_hp0_imp_auto_pc_1_axi_protocol_converter_v2_1_37_axi_protocol_converter/design_1_axi_interconnect_hp0_imp_auto_pc_1_axi_protocol_converter_v2_1_37_axi3_conv/design_1_axi_interconnect_hp0_imp_auto_pc_1_axi_protocol_converter_v2_1_37_a_axi3_conv/design_1_axi_interconnect_hp0_imp_auto_pc_1_axi_data_fifo_v2_1_36_axic_fifo_0/design_1_axi_interconnect_hp0_imp_auto_pc_1_axi_data_fifo_v2_1_36_fifo_gen/<hidden>/<hidden>/<hidden>/<hidden>/<hidden>
    SLICE_X27Y39         FDRE                                         r  design_1_wrapper/design_1/design_1_axi_interconnect_hp0_0/s01_couplers_imp_12AUBLP/design_1_axi_interconnect_hp0_imp_auto_pc_1/design_1_axi_interconnect_hp0_imp_auto_pc_1_axi_protocol_converter_v2_1_37_axi_protocol_converter/design_1_axi_interconnect_hp0_imp_auto_pc_1_axi_protocol_converter_v2_1_37_axi3_conv/design_1_axi_interconnect_hp0_imp_auto_pc_1_axi_protocol_converter_v2_1_37_a_axi3_conv/design_1_axi_interconnect_hp0_imp_auto_pc_1_axi_data_fifo_v2_1_36_axic_fifo_0/design_1_axi_interconnect_hp0_imp_auto_pc_1_axi_data_fifo_v2_1_36_fifo_gen/<hidden>/<hidden>/<hidden>/<hidden>/<hidden>
  -------------------------------------------------------------------    -------------------
    SLICE_X27Y39         FDRE (Prop_fdre_C_Q)         0.141     1.066 f  design_1_wrapper/design_1/design_1_axi_interconnect_hp0_0/s01_couplers_imp_12AUBLP/design_1_axi_interconnect_hp0_imp_auto_pc_1/design_1_axi_interconnect_hp0_imp_auto_pc_1_axi_protocol_converter_v2_1_37_axi_protocol_converter/design_1_axi_interconnect_hp0_imp_auto_pc_1_axi_protocol_converter_v2_1_37_axi3_conv/design_1_axi_interconnect_hp0_imp_auto_pc_1_axi_protocol_converter_v2_1_37_a_axi3_conv/design_1_axi_interconnect_hp0_imp_auto_pc_1_axi_data_fifo_v2_1_36_axic_fifo_0/design_1_axi_interconnect_hp0_imp_auto_pc_1_axi_data_fifo_v2_1_36_fifo_gen/<hidden>/<hidden>/<hidden>/<hidden>/<hidden>
                         net (fo=3, routed)           0.092     1.158    design_1_wrapper/design_1/design_1_axi_interconnect_hp0_0/s01_couplers_imp_12AUBLP/design_1_axi_interconnect_hp0_imp_auto_pc_1/design_1_axi_interconnect_hp0_imp_auto_pc_1_axi_protocol_converter_v2_1_37_axi_protocol_converter/design_1_axi_interconnect_hp0_imp_auto_pc_1_axi_protocol_converter_v2_1_37_axi3_conv/design_1_axi_interconnect_hp0_imp_auto_pc_1_axi_protocol_converter_v2_1_37_a_axi3_conv/design_1_axi_interconnect_hp0_imp_auto_pc_1_axi_data_fifo_v2_1_36_axic_fifo_0/design_1_axi_interconnect_hp0_imp_auto_pc_1_axi_data_fifo_v2_1_36_fifo_gen/<hidden>/<hidden>/<hidden>/<hidden>/<hidden>
    SLICE_X26Y39         LUT3 (Prop_lut3_I1_O)        0.045     1.203 f  design_1_wrapper/design_1/design_1_axi_interconnect_hp0_0/s01_couplers_imp_12AUBLP/design_1_axi_interconnect_hp0_imp_auto_pc_1/design_1_axi_interconnect_hp0_imp_auto_pc_1_axi_protocol_converter_v2_1_37_axi_protocol_converter/design_1_axi_interconnect_hp0_imp_auto_pc_1_axi_protocol_converter_v2_1_37_axi3_conv/design_1_axi_interconnect_hp0_imp_auto_pc_1_axi_protocol_converter_v2_1_37_a_axi3_conv/design_1_axi_interconnect_hp0_imp_auto_pc_1_axi_data_fifo_v2_1_36_axic_fifo_0/design_1_axi_interconnect_hp0_imp_auto_pc_1_axi_data_fifo_v2_1_36_fifo_gen/<hidden>/<hidden>/<hidden>/<hidden>/<hidden>
                         net (fo=32, routed)          0.211     1.414    design_1_wrapper/design_1/design_1_axi_interconnect_hp0_0/s01_couplers_imp_12AUBLP/design_1_axi_interconnect_hp0_imp_auto_pc_1/design_1_axi_interconnect_hp0_imp_auto_pc_1_axi_protocol_converter_v2_1_37_axi_protocol_converter/design_1_axi_interconnect_hp0_imp_auto_pc_1_axi_protocol_converter_v2_1_37_axi3_conv/design_1_axi_interconnect_hp0_imp_auto_pc_1_axi_protocol_converter_v2_1_37_a_axi3_conv/design_1_axi_interconnect_hp0_imp_auto_pc_1_axi_data_fifo_v2_1_36_axic_fifo_0/design_1_axi_interconnect_hp0_imp_auto_pc_1_axi_data_fifo_v2_1_36_fifo_gen/<hidden>/<hidden>/<hidden>/<hidden>/<hidden>/<hidden>
    SLICE_X25Y39         FDPE                                         f  design_1_wrapper/design_1/design_1_axi_interconnect_hp0_0/s01_couplers_imp_12AUBLP/design_1_axi_interconnect_hp0_imp_auto_pc_1/design_1_axi_interconnect_hp0_imp_auto_pc_1_axi_protocol_converter_v2_1_37_axi_protocol_converter/design_1_axi_interconnect_hp0_imp_auto_pc_1_axi_protocol_converter_v2_1_37_axi3_conv/design_1_axi_interconnect_hp0_imp_auto_pc_1_axi_protocol_converter_v2_1_37_a_axi3_conv/design_1_axi_interconnect_hp0_imp_auto_pc_1_axi_data_fifo_v2_1_36_axic_fifo_0/design_1_axi_interconnect_hp0_imp_auto_pc_1_axi_data_fifo_v2_1_36_fifo_gen/<hidden>/<hidden>/<hidden>/<hidden>/<hidden>/<hidden>
  -------------------------------------------------------------------    -------------------

                         (clock clk_fpga_0 rise edge)
                                                      0.000     0.000 r  
    PS7_X0Y0             PS7                          0.000     0.000 r  design_1_i/processing_system7_0/inst/PS7_i/FCLKCLK[0]
                         net (fo=1, routed)           0.337     0.337    design_1_i/processing_system7_0/inst/FCLK_CLK_unbuffered[0]
    BUFGCTRL_X0Y16       BUFG (Prop_bufg_I_O)         0.029     0.366 r  design_1_i/processing_system7_0/inst/buffer_fclk_clk_0.FCLK_CLK_0_BUFG/O
                         net (fo=11219, routed)       0.857     1.223    design_1_wrapper/design_1/design_1_axi_interconnect_hp0_0/s01_couplers_imp_12AUBLP/design_1_axi_interconnect_hp0_imp_auto_pc_1/design_1_axi_interconnect_hp0_imp_auto_pc_1_axi_protocol_converter_v2_1_37_axi_protocol_converter/design_1_axi_interconnect_hp0_imp_auto_pc_1_axi_protocol_converter_v2_1_37_axi3_conv/design_1_axi_interconnect_hp0_imp_auto_pc_1_axi_protocol_converter_v2_1_37_a_axi3_conv/design_1_axi_interconnect_hp0_imp_auto_pc_1_axi_data_fifo_v2_1_36_axic_fifo_0/design_1_axi_interconnect_hp0_imp_auto_pc_1_axi_data_fifo_v2_1_36_fifo_gen/<hidden>/<hidden>/<hidden>/<hidden>/<hidden>/<hidden>
    SLICE_X25Y39         FDPE                                         r  design_1_wrapper/design_1/design_1_axi_interconnect_hp0_0/s01_couplers_imp_12AUBLP/design_1_axi_interconnect_hp0_imp_auto_pc_1/design_1_axi_interconnect_hp0_imp_auto_pc_1_axi_protocol_converter_v2_1_37_axi_protocol_converter/design_1_axi_interconnect_hp0_imp_auto_pc_1_axi_protocol_converter_v2_1_37_axi3_conv/design_1_axi_interconnect_hp0_imp_auto_pc_1_axi_protocol_converter_v2_1_37_a_axi3_conv/design_1_axi_interconnect_hp0_imp_auto_pc_1_axi_data_fifo_v2_1_36_axic_fifo_0/design_1_axi_interconnect_hp0_imp_auto_pc_1_axi_data_fifo_v2_1_36_fifo_gen/<hidden>/<hidden>/<hidden>/<hidden>/<hidden>/<hidden>
                         clock pessimism             -0.282     0.941    
    SLICE_X25Y39         FDPE (Remov_fdpe_C_PRE)     -0.095     0.846    design_1_wrapper/design_1/design_1_axi_interconnect_hp0_0/s01_couplers_imp_12AUBLP/design_1_axi_interconnect_hp0_imp_auto_pc_1/design_1_axi_interconnect_hp0_imp_auto_pc_1_axi_protocol_converter_v2_1_37_axi_protocol_converter/design_1_axi_interconnect_hp0_imp_auto_pc_1_axi_protocol_converter_v2_1_37_axi3_conv/design_1_axi_interconnect_hp0_imp_auto_pc_1_axi_protocol_converter_v2_1_37_a_axi3_conv/design_1_axi_interconnect_hp0_imp_auto_pc_1_axi_data_fifo_v2_1_36_axic_fifo_0/design_1_axi_interconnect_hp0_imp_auto_pc_1_axi_data_fifo_v2_1_36_fifo_gen/<hidden>/<hidden>/<hidden>/<hidden>/<hidden>/<hidden>
  -------------------------------------------------------------------
                         required time                         -0.846    
                         arrival time                           1.414    
  -------------------------------------------------------------------
                         slack                                  0.568    

Slack (MET) :             0.568ns  (arrival time - required time)
  Source:                 design_1_wrapper/design_1/design_1_axi_interconnect_hp0_0/s01_couplers_imp_12AUBLP/design_1_axi_interconnect_hp0_imp_auto_pc_1/design_1_axi_interconnect_hp0_imp_auto_pc_1_axi_protocol_converter_v2_1_37_axi_protocol_converter/design_1_axi_interconnect_hp0_imp_auto_pc_1_axi_protocol_converter_v2_1_37_axi3_conv/design_1_axi_interconnect_hp0_imp_auto_pc_1_axi_protocol_converter_v2_1_37_a_axi3_conv/design_1_axi_interconnect_hp0_imp_auto_pc_1_axi_data_fifo_v2_1_36_axic_fifo_0/design_1_axi_interconnect_hp0_imp_auto_pc_1_axi_data_fifo_v2_1_36_fifo_gen/<hidden>/<hidden>/<hidden>/<hidden>/<hidden>
                            (rising edge-triggered cell FDRE clocked by clk_fpga_0  {rise@0.000ns fall@5.000ns period=10.000ns})
  Destination:            design_1_wrapper/design_1/design_1_axi_interconnect_hp0_0/s01_couplers_imp_12AUBLP/design_1_axi_interconnect_hp0_imp_auto_pc_1/design_1_axi_interconnect_hp0_imp_auto_pc_1_axi_protocol_converter_v2_1_37_axi_protocol_converter/design_1_axi_interconnect_hp0_imp_auto_pc_1_axi_protocol_converter_v2_1_37_axi3_conv/design_1_axi_interconnect_hp0_imp_auto_pc_1_axi_protocol_converter_v2_1_37_a_axi3_conv/design_1_axi_interconnect_hp0_imp_auto_pc_1_axi_data_fifo_v2_1_36_axic_fifo_0/design_1_axi_interconnect_hp0_imp_auto_pc_1_axi_data_fifo_v2_1_36_fifo_gen/<hidden>/<hidden>/<hidden>/<hidden>/<hidden>/<hidden>
                            (removal check against rising-edge clock clk_fpga_0  {rise@0.000ns fall@5.000ns period=10.000ns})
  Path Group:             **async_default**
  Path Type:              Removal (Min at Fast Process Corner)
  Requirement:            0.000ns  (clk_fpga_0 rise@0.000ns - clk_fpga_0 rise@0.000ns)
  Data Path Delay:        0.489ns  (logic 0.186ns (38.015%)  route 0.303ns (61.985%))
  Logic Levels:           1  (LUT3=1)
  Clock Path Skew:        0.016ns (DCD - SCD - CPR)
    Destination Clock Delay (DCD):    1.223ns
    Source Clock Delay      (SCD):    0.925ns
    Clock Pessimism Removal (CPR):    0.282ns

    Location             Delay type                Incr(ns)  Path(ns)    Netlist Resource(s)
  -------------------------------------------------------------------    -------------------
                         (clock clk_fpga_0 rise edge)
                                                      0.000     0.000 r  
    PS7_X0Y0             PS7                          0.000     0.000 r  design_1_i/processing_system7_0/inst/PS7_i/FCLKCLK[0]
                         net (fo=1, routed)           0.310     0.310    design_1_i/processing_system7_0/inst/FCLK_CLK_unbuffered[0]
    BUFGCTRL_X0Y16       BUFG (Prop_bufg_I_O)         0.026     0.336 r  design_1_i/processing_system7_0/inst/buffer_fclk_clk_0.FCLK_CLK_0_BUFG/O
                         net (fo=11219, routed)       0.589     0.924    design_1_wrapper/design_1/design_1_axi_interconnect_hp0_0/s01_couplers_imp_12AUBLP/design_1_axi_interconnect_hp0_imp_auto_pc_1/design_1_axi_interconnect_hp0_imp_auto_pc_1_axi_protocol_converter_v2_1_37_axi_protocol_converter/design_1_axi_interconnect_hp0_imp_auto_pc_1_axi_protocol_converter_v2_1_37_axi3_conv/design_1_axi_interconnect_hp0_imp_auto_pc_1_axi_protocol_converter_v2_1_37_a_axi3_conv/design_1_axi_interconnect_hp0_imp_auto_pc_1_axi_data_fifo_v2_1_36_axic_fifo_0/design_1_axi_interconnect_hp0_imp_auto_pc_1_axi_data_fifo_v2_1_36_fifo_gen/<hidden>/<hidden>/<hidden>/<hidden>/<hidden>
    SLICE_X27Y39         FDRE                                         r  design_1_wrapper/design_1/design_1_axi_interconnect_hp0_0/s01_couplers_imp_12AUBLP/design_1_axi_interconnect_hp0_imp_auto_pc_1/design_1_axi_interconnect_hp0_imp_auto_pc_1_axi_protocol_converter_v2_1_37_axi_protocol_converter/design_1_axi_interconnect_hp0_imp_auto_pc_1_axi_protocol_converter_v2_1_37_axi3_conv/design_1_axi_interconnect_hp0_imp_auto_pc_1_axi_protocol_converter_v2_1_37_a_axi3_conv/design_1_axi_interconnect_hp0_imp_auto_pc_1_axi_data_fifo_v2_1_36_axic_fifo_0/design_1_axi_interconnect_hp0_imp_auto_pc_1_axi_data_fifo_v2_1_36_fifo_gen/<hidden>/<hidden>/<hidden>/<hidden>/<hidden>
  -------------------------------------------------------------------    -------------------
    SLICE_X27Y39         FDRE (Prop_fdre_C_Q)         0.141     1.066 f  design_1_wrapper/design_1/design_1_axi_interconnect_hp0_0/s01_couplers_imp_12AUBLP/design_1_axi_interconnect_hp0_imp_auto_pc_1/design_1_axi_interconnect_hp0_imp_auto_pc_1_axi_protocol_converter_v2_1_37_axi_protocol_converter/design_1_axi_interconnect_hp0_imp_auto_pc_1_axi_protocol_converter_v2_1_37_axi3_conv/design_1_axi_interconnect_hp0_imp_auto_pc_1_axi_protocol_converter_v2_1_37_a_axi3_conv/design_1_axi_interconnect_hp0_imp_auto_pc_1_axi_data_fifo_v2_1_36_axic_fifo_0/design_1_axi_interconnect_hp0_imp_auto_pc_1_axi_data_fifo_v2_1_36_fifo_gen/<hidden>/<hidden>/<hidden>/<hidden>/<hidden>
                         net (fo=3, routed)           0.092     1.158    design_1_wrapper/design_1/design_1_axi_interconnect_hp0_0/s01_couplers_imp_12AUBLP/design_1_axi_interconnect_hp0_imp_auto_pc_1/design_1_axi_interconnect_hp0_imp_auto_pc_1_axi_protocol_converter_v2_1_37_axi_protocol_converter/design_1_axi_interconnect_hp0_imp_auto_pc_1_axi_protocol_converter_v2_1_37_axi3_conv/design_1_axi_interconnect_hp0_imp_auto_pc_1_axi_protocol_converter_v2_1_37_a_axi3_conv/design_1_axi_interconnect_hp0_imp_auto_pc_1_axi_data_fifo_v2_1_36_axic_fifo_0/design_1_axi_interconnect_hp0_imp_auto_pc_1_axi_data_fifo_v2_1_36_fifo_gen/<hidden>/<hidden>/<hidden>/<hidden>/<hidden>
    SLICE_X26Y39         LUT3 (Prop_lut3_I1_O)        0.045     1.203 f  design_1_wrapper/design_1/design_1_axi_interconnect_hp0_0/s01_couplers_imp_12AUBLP/design_1_axi_interconnect_hp0_imp_auto_pc_1/design_1_axi_interconnect_hp0_imp_auto_pc_1_axi_protocol_converter_v2_1_37_axi_protocol_converter/design_1_axi_interconnect_hp0_imp_auto_pc_1_axi_protocol_converter_v2_1_37_axi3_conv/design_1_axi_interconnect_hp0_imp_auto_pc_1_axi_protocol_converter_v2_1_37_a_axi3_conv/design_1_axi_interconnect_hp0_imp_auto_pc_1_axi_data_fifo_v2_1_36_axic_fifo_0/design_1_axi_interconnect_hp0_imp_auto_pc_1_axi_data_fifo_v2_1_36_fifo_gen/<hidden>/<hidden>/<hidden>/<hidden>/<hidden>
                         net (fo=32, routed)          0.211     1.414    design_1_wrapper/design_1/design_1_axi_interconnect_hp0_0/s01_couplers_imp_12AUBLP/design_1_axi_interconnect_hp0_imp_auto_pc_1/design_1_axi_interconnect_hp0_imp_auto_pc_1_axi_protocol_converter_v2_1_37_axi_protocol_converter/design_1_axi_interconnect_hp0_imp_auto_pc_1_axi_protocol_converter_v2_1_37_axi3_conv/design_1_axi_interconnect_hp0_imp_auto_pc_1_axi_protocol_converter_v2_1_37_a_axi3_conv/design_1_axi_interconnect_hp0_imp_auto_pc_1_axi_data_fifo_v2_1_36_axic_fifo_0/design_1_axi_interconnect_hp0_imp_auto_pc_1_axi_data_fifo_v2_1_36_fifo_gen/<hidden>/<hidden>/<hidden>/<hidden>/<hidden>/<hidden>
    SLICE_X25Y39         FDPE                                         f  design_1_wrapper/design_1/design_1_axi_interconnect_hp0_0/s01_couplers_imp_12AUBLP/design_1_axi_interconnect_hp0_imp_auto_pc_1/design_1_axi_interconnect_hp0_imp_auto_pc_1_axi_protocol_converter_v2_1_37_axi_protocol_converter/design_1_axi_interconnect_hp0_imp_auto_pc_1_axi_protocol_converter_v2_1_37_axi3_conv/design_1_axi_interconnect_hp0_imp_auto_pc_1_axi_protocol_converter_v2_1_37_a_axi3_conv/design_1_axi_interconnect_hp0_imp_auto_pc_1_axi_data_fifo_v2_1_36_axic_fifo_0/design_1_axi_interconnect_hp0_imp_auto_pc_1_axi_data_fifo_v2_1_36_fifo_gen/<hidden>/<hidden>/<hidden>/<hidden>/<hidden>/<hidden>
  -------------------------------------------------------------------    -------------------

                         (clock clk_fpga_0 rise edge)
                                                      0.000     0.000 r  
    PS7_X0Y0             PS7                          0.000     0.000 r  design_1_i/processing_system7_0/inst/PS7_i/FCLKCLK[0]
                         net (fo=1, routed)           0.337     0.337    design_1_i/processing_system7_0/inst/FCLK_CLK_unbuffered[0]
    BUFGCTRL_X0Y16       BUFG (Prop_bufg_I_O)         0.029     0.366 r  design_1_i/processing_system7_0/inst/buffer_fclk_clk_0.FCLK_CLK_0_BUFG/O
                         net (fo=11219, routed)       0.857     1.223    design_1_wrapper/design_1/design_1_axi_interconnect_hp0_0/s01_couplers_imp_12AUBLP/design_1_axi_interconnect_hp0_imp_auto_pc_1/design_1_axi_interconnect_hp0_imp_auto_pc_1_axi_protocol_converter_v2_1_37_axi_protocol_converter/design_1_axi_interconnect_hp0_imp_auto_pc_1_axi_protocol_converter_v2_1_37_axi3_conv/design_1_axi_interconnect_hp0_imp_auto_pc_1_axi_protocol_converter_v2_1_37_a_axi3_conv/design_1_axi_interconnect_hp0_imp_auto_pc_1_axi_data_fifo_v2_1_36_axic_fifo_0/design_1_axi_interconnect_hp0_imp_auto_pc_1_axi_data_fifo_v2_1_36_fifo_gen/<hidden>/<hidden>/<hidden>/<hidden>/<hidden>/<hidden>
    SLICE_X25Y39         FDPE                                         r  design_1_wrapper/design_1/design_1_axi_interconnect_hp0_0/s01_couplers_imp_12AUBLP/design_1_axi_interconnect_hp0_imp_auto_pc_1/design_1_axi_interconnect_hp0_imp_auto_pc_1_axi_protocol_converter_v2_1_37_axi_protocol_converter/design_1_axi_interconnect_hp0_imp_auto_pc_1_axi_protocol_converter_v2_1_37_axi3_conv/design_1_axi_interconnect_hp0_imp_auto_pc_1_axi_protocol_converter_v2_1_37_a_axi3_conv/design_1_axi_interconnect_hp0_imp_auto_pc_1_axi_data_fifo_v2_1_36_axic_fifo_0/design_1_axi_interconnect_hp0_imp_auto_pc_1_axi_data_fifo_v2_1_36_fifo_gen/<hidden>/<hidden>/<hidden>/<hidden>/<hidden>/<hidden>
                         clock pessimism             -0.282     0.941    
    SLICE_X25Y39         FDPE (Remov_fdpe_C_PRE)     -0.095     0.846    design_1_wrapper/design_1/design_1_axi_interconnect_hp0_0/s01_couplers_imp_12AUBLP/design_1_axi_interconnect_hp0_imp_auto_pc_1/design_1_axi_interconnect_hp0_imp_auto_pc_1_axi_protocol_converter_v2_1_37_axi_protocol_converter/design_1_axi_interconnect_hp0_imp_auto_pc_1_axi_protocol_converter_v2_1_37_axi3_conv/design_1_axi_interconnect_hp0_imp_auto_pc_1_axi_protocol_converter_v2_1_37_a_axi3_conv/design_1_axi_interconnect_hp0_imp_auto_pc_1_axi_data_fifo_v2_1_36_axic_fifo_0/design_1_axi_interconnect_hp0_imp_auto_pc_1_axi_data_fifo_v2_1_36_fifo_gen/<hidden>/<hidden>/<hidden>/<hidden>/<hidden>/<hidden>
  -------------------------------------------------------------------
                         required time                         -0.846    
                         arrival time                           1.414    
  -------------------------------------------------------------------
                         slack                                  0.568    

Slack (MET) :             0.568ns  (arrival time - required time)
  Source:                 design_1_wrapper/design_1/design_1_axi_interconnect_hp0_0/s01_couplers_imp_12AUBLP/design_1_axi_interconnect_hp0_imp_auto_pc_1/design_1_axi_interconnect_hp0_imp_auto_pc_1_axi_protocol_converter_v2_1_37_axi_protocol_converter/design_1_axi_interconnect_hp0_imp_auto_pc_1_axi_protocol_converter_v2_1_37_axi3_conv/design_1_axi_interconnect_hp0_imp_auto_pc_1_axi_protocol_converter_v2_1_37_a_axi3_conv/design_1_axi_interconnect_hp0_imp_auto_pc_1_axi_data_fifo_v2_1_36_axic_fifo_0/design_1_axi_interconnect_hp0_imp_auto_pc_1_axi_data_fifo_v2_1_36_fifo_gen/<hidden>/<hidden>/<hidden>/<hidden>/<hidden>
                            (rising edge-triggered cell FDRE clocked by clk_fpga_0  {rise@0.000ns fall@5.000ns period=10.000ns})
  Destination:            design_1_wrapper/design_1/design_1_axi_interconnect_hp0_0/s01_couplers_imp_12AUBLP/design_1_axi_interconnect_hp0_imp_auto_pc_1/design_1_axi_interconnect_hp0_imp_auto_pc_1_axi_protocol_converter_v2_1_37_axi_protocol_converter/design_1_axi_interconnect_hp0_imp_auto_pc_1_axi_protocol_converter_v2_1_37_axi3_conv/design_1_axi_interconnect_hp0_imp_auto_pc_1_axi_protocol_converter_v2_1_37_a_axi3_conv/design_1_axi_interconnect_hp0_imp_auto_pc_1_axi_data_fifo_v2_1_36_axic_fifo_0/design_1_axi_interconnect_hp0_imp_auto_pc_1_axi_data_fifo_v2_1_36_fifo_gen/<hidden>/<hidden>/<hidden>/<hidden>/<hidden>/<hidden>
                            (removal check against rising-edge clock clk_fpga_0  {rise@0.000ns fall@5.000ns period=10.000ns})
  Path Group:             **async_default**
  Path Type:              Removal (Min at Fast Process Corner)
  Requirement:            0.000ns  (clk_fpga_0 rise@0.000ns - clk_fpga_0 rise@0.000ns)
  Data Path Delay:        0.489ns  (logic 0.186ns (38.015%)  route 0.303ns (61.985%))
  Logic Levels:           1  (LUT3=1)
  Clock Path Skew:        0.016ns (DCD - SCD - CPR)
    Destination Clock Delay (DCD):    1.223ns
    Source Clock Delay      (SCD):    0.925ns
    Clock Pessimism Removal (CPR):    0.282ns

    Location             Delay type                Incr(ns)  Path(ns)    Netlist Resource(s)
  -------------------------------------------------------------------    -------------------
                         (clock clk_fpga_0 rise edge)
                                                      0.000     0.000 r  
    PS7_X0Y0             PS7                          0.000     0.000 r  design_1_i/processing_system7_0/inst/PS7_i/FCLKCLK[0]
                         net (fo=1, routed)           0.310     0.310    design_1_i/processing_system7_0/inst/FCLK_CLK_unbuffered[0]
    BUFGCTRL_X0Y16       BUFG (Prop_bufg_I_O)         0.026     0.336 r  design_1_i/processing_system7_0/inst/buffer_fclk_clk_0.FCLK_CLK_0_BUFG/O
                         net (fo=11219, routed)       0.589     0.924    design_1_wrapper/design_1/design_1_axi_interconnect_hp0_0/s01_couplers_imp_12AUBLP/design_1_axi_interconnect_hp0_imp_auto_pc_1/design_1_axi_interconnect_hp0_imp_auto_pc_1_axi_protocol_converter_v2_1_37_axi_protocol_converter/design_1_axi_interconnect_hp0_imp_auto_pc_1_axi_protocol_converter_v2_1_37_axi3_conv/design_1_axi_interconnect_hp0_imp_auto_pc_1_axi_protocol_converter_v2_1_37_a_axi3_conv/design_1_axi_interconnect_hp0_imp_auto_pc_1_axi_data_fifo_v2_1_36_axic_fifo_0/design_1_axi_interconnect_hp0_imp_auto_pc_1_axi_data_fifo_v2_1_36_fifo_gen/<hidden>/<hidden>/<hidden>/<hidden>/<hidden>
    SLICE_X27Y39         FDRE                                         r  design_1_wrapper/design_1/design_1_axi_interconnect_hp0_0/s01_couplers_imp_12AUBLP/design_1_axi_interconnect_hp0_imp_auto_pc_1/design_1_axi_interconnect_hp0_imp_auto_pc_1_axi_protocol_converter_v2_1_37_axi_protocol_converter/design_1_axi_interconnect_hp0_imp_auto_pc_1_axi_protocol_converter_v2_1_37_axi3_conv/design_1_axi_interconnect_hp0_imp_auto_pc_1_axi_protocol_converter_v2_1_37_a_axi3_conv/design_1_axi_interconnect_hp0_imp_auto_pc_1_axi_data_fifo_v2_1_36_axic_fifo_0/design_1_axi_interconnect_hp0_imp_auto_pc_1_axi_data_fifo_v2_1_36_fifo_gen/<hidden>/<hidden>/<hidden>/<hidden>/<hidden>
  -------------------------------------------------------------------    -------------------
    SLICE_X27Y39         FDRE (Prop_fdre_C_Q)         0.141     1.066 f  design_1_wrapper/design_1/design_1_axi_interconnect_hp0_0/s01_couplers_imp_12AUBLP/design_1_axi_interconnect_hp0_imp_auto_pc_1/design_1_axi_interconnect_hp0_imp_auto_pc_1_axi_protocol_converter_v2_1_37_axi_protocol_converter/design_1_axi_interconnect_hp0_imp_auto_pc_1_axi_protocol_converter_v2_1_37_axi3_conv/design_1_axi_interconnect_hp0_imp_auto_pc_1_axi_protocol_converter_v2_1_37_a_axi3_conv/design_1_axi_interconnect_hp0_imp_auto_pc_1_axi_data_fifo_v2_1_36_axic_fifo_0/design_1_axi_interconnect_hp0_imp_auto_pc_1_axi_data_fifo_v2_1_36_fifo_gen/<hidden>/<hidden>/<hidden>/<hidden>/<hidden>
                         net (fo=3, routed)           0.092     1.158    design_1_wrapper/design_1/design_1_axi_interconnect_hp0_0/s01_couplers_imp_12AUBLP/design_1_axi_interconnect_hp0_imp_auto_pc_1/design_1_axi_interconnect_hp0_imp_auto_pc_1_axi_protocol_converter_v2_1_37_axi_protocol_converter/design_1_axi_interconnect_hp0_imp_auto_pc_1_axi_protocol_converter_v2_1_37_axi3_conv/design_1_axi_interconnect_hp0_imp_auto_pc_1_axi_protocol_converter_v2_1_37_a_axi3_conv/design_1_axi_interconnect_hp0_imp_auto_pc_1_axi_data_fifo_v2_1_36_axic_fifo_0/design_1_axi_interconnect_hp0_imp_auto_pc_1_axi_data_fifo_v2_1_36_fifo_gen/<hidden>/<hidden>/<hidden>/<hidden>/<hidden>
    SLICE_X26Y39         LUT3 (Prop_lut3_I1_O)        0.045     1.203 f  design_1_wrapper/design_1/design_1_axi_interconnect_hp0_0/s01_couplers_imp_12AUBLP/design_1_axi_interconnect_hp0_imp_auto_pc_1/design_1_axi_interconnect_hp0_imp_auto_pc_1_axi_protocol_converter_v2_1_37_axi_protocol_converter/design_1_axi_interconnect_hp0_imp_auto_pc_1_axi_protocol_converter_v2_1_37_axi3_conv/design_1_axi_interconnect_hp0_imp_auto_pc_1_axi_protocol_converter_v2_1_37_a_axi3_conv/design_1_axi_interconnect_hp0_imp_auto_pc_1_axi_data_fifo_v2_1_36_axic_fifo_0/design_1_axi_interconnect_hp0_imp_auto_pc_1_axi_data_fifo_v2_1_36_fifo_gen/<hidden>/<hidden>/<hidden>/<hidden>/<hidden>
                         net (fo=32, routed)          0.211     1.414    design_1_wrapper/design_1/design_1_axi_interconnect_hp0_0/s01_couplers_imp_12AUBLP/design_1_axi_interconnect_hp0_imp_auto_pc_1/design_1_axi_interconnect_hp0_imp_auto_pc_1_axi_protocol_converter_v2_1_37_axi_protocol_converter/design_1_axi_interconnect_hp0_imp_auto_pc_1_axi_protocol_converter_v2_1_37_axi3_conv/design_1_axi_interconnect_hp0_imp_auto_pc_1_axi_protocol_converter_v2_1_37_a_axi3_conv/design_1_axi_interconnect_hp0_imp_auto_pc_1_axi_data_fifo_v2_1_36_axic_fifo_0/design_1_axi_interconnect_hp0_imp_auto_pc_1_axi_data_fifo_v2_1_36_fifo_gen/<hidden>/<hidden>/<hidden>/<hidden>/<hidden>/<hidden>
    SLICE_X25Y39         FDPE                                         f  design_1_wrapper/design_1/design_1_axi_interconnect_hp0_0/s01_couplers_imp_12AUBLP/design_1_axi_interconnect_hp0_imp_auto_pc_1/design_1_axi_interconnect_hp0_imp_auto_pc_1_axi_protocol_converter_v2_1_37_axi_protocol_converter/design_1_axi_interconnect_hp0_imp_auto_pc_1_axi_protocol_converter_v2_1_37_axi3_conv/design_1_axi_interconnect_hp0_imp_auto_pc_1_axi_protocol_converter_v2_1_37_a_axi3_conv/design_1_axi_interconnect_hp0_imp_auto_pc_1_axi_data_fifo_v2_1_36_axic_fifo_0/design_1_axi_interconnect_hp0_imp_auto_pc_1_axi_data_fifo_v2_1_36_fifo_gen/<hidden>/<hidden>/<hidden>/<hidden>/<hidden>/<hidden>
  -------------------------------------------------------------------    -------------------

                         (clock clk_fpga_0 rise edge)
                                                      0.000     0.000 r  
    PS7_X0Y0             PS7                          0.000     0.000 r  design_1_i/processing_system7_0/inst/PS7_i/FCLKCLK[0]
                         net (fo=1, routed)           0.337     0.337    design_1_i/processing_system7_0/inst/FCLK_CLK_unbuffered[0]
    BUFGCTRL_X0Y16       BUFG (Prop_bufg_I_O)         0.029     0.366 r  design_1_i/processing_system7_0/inst/buffer_fclk_clk_0.FCLK_CLK_0_BUFG/O
                         net (fo=11219, routed)       0.857     1.223    design_1_wrapper/design_1/design_1_axi_interconnect_hp0_0/s01_couplers_imp_12AUBLP/design_1_axi_interconnect_hp0_imp_auto_pc_1/design_1_axi_interconnect_hp0_imp_auto_pc_1_axi_protocol_converter_v2_1_37_axi_protocol_converter/design_1_axi_interconnect_hp0_imp_auto_pc_1_axi_protocol_converter_v2_1_37_axi3_conv/design_1_axi_interconnect_hp0_imp_auto_pc_1_axi_protocol_converter_v2_1_37_a_axi3_conv/design_1_axi_interconnect_hp0_imp_auto_pc_1_axi_data_fifo_v2_1_36_axic_fifo_0/design_1_axi_interconnect_hp0_imp_auto_pc_1_axi_data_fifo_v2_1_36_fifo_gen/<hidden>/<hidden>/<hidden>/<hidden>/<hidden>/<hidden>
    SLICE_X25Y39         FDPE                                         r  design_1_wrapper/design_1/design_1_axi_interconnect_hp0_0/s01_couplers_imp_12AUBLP/design_1_axi_interconnect_hp0_imp_auto_pc_1/design_1_axi_interconnect_hp0_imp_auto_pc_1_axi_protocol_converter_v2_1_37_axi_protocol_converter/design_1_axi_interconnect_hp0_imp_auto_pc_1_axi_protocol_converter_v2_1_37_axi3_conv/design_1_axi_interconnect_hp0_imp_auto_pc_1_axi_protocol_converter_v2_1_37_a_axi3_conv/design_1_axi_interconnect_hp0_imp_auto_pc_1_axi_data_fifo_v2_1_36_axic_fifo_0/design_1_axi_interconnect_hp0_imp_auto_pc_1_axi_data_fifo_v2_1_36_fifo_gen/<hidden>/<hidden>/<hidden>/<hidden>/<hidden>/<hidden>
                         clock pessimism             -0.282     0.941    
    SLICE_X25Y39         FDPE (Remov_fdpe_C_PRE)     -0.095     0.846    design_1_wrapper/design_1/design_1_axi_interconnect_hp0_0/s01_couplers_imp_12AUBLP/design_1_axi_interconnect_hp0_imp_auto_pc_1/design_1_axi_interconnect_hp0_imp_auto_pc_1_axi_protocol_converter_v2_1_37_axi_protocol_converter/design_1_axi_interconnect_hp0_imp_auto_pc_1_axi_protocol_converter_v2_1_37_axi3_conv/design_1_axi_interconnect_hp0_imp_auto_pc_1_axi_protocol_converter_v2_1_37_a_axi3_conv/design_1_axi_interconnect_hp0_imp_auto_pc_1_axi_data_fifo_v2_1_36_axic_fifo_0/design_1_axi_interconnect_hp0_imp_auto_pc_1_axi_data_fifo_v2_1_36_fifo_gen/<hidden>/<hidden>/<hidden>/<hidden>/<hidden>/<hidden>
  -------------------------------------------------------------------
                         required time                         -0.846    
                         arrival time                           1.414    
  -------------------------------------------------------------------
                         slack                                  0.568    

Slack (MET) :             0.620ns  (arrival time - required time)
  Source:                 design_1_wrapper/design_1/design_1_axi_interconnect_hp0_0/s00_couplers_imp_S4BDUK/design_1_axi_interconnect_hp0_imp_auto_pc_0/design_1_axi_interconnect_hp0_imp_auto_pc_0_axi_protocol_converter_v2_1_37_axi_protocol_converter/design_1_axi_interconnect_hp0_imp_auto_pc_0_axi_protocol_converter_v2_1_37_axi3_conv/design_1_axi_interconnect_hp0_imp_auto_pc_0_axi_protocol_converter_v2_1_37_a_axi3_conv/design_1_axi_interconnect_hp0_imp_auto_pc_0_axi_data_fifo_v2_1_36_axic_fifo/design_1_axi_interconnect_hp0_imp_auto_pc_0_axi_data_fifo_v2_1_36_fifo_gen/<hidden>/<hidden>/<hidden>/<hidden>/<hidden>
                            (rising edge-triggered cell FDRE clocked by clk_fpga_0  {rise@0.000ns fall@5.000ns period=10.000ns})
  Destination:            design_1_wrapper/design_1/design_1_axi_interconnect_hp0_0/s00_couplers_imp_S4BDUK/design_1_axi_interconnect_hp0_imp_auto_pc_0/design_1_axi_interconnect_hp0_imp_auto_pc_0_axi_protocol_converter_v2_1_37_axi_protocol_converter/design_1_axi_interconnect_hp0_imp_auto_pc_0_axi_protocol_converter_v2_1_37_axi3_conv/design_1_axi_interconnect_hp0_imp_auto_pc_0_axi_protocol_converter_v2_1_37_a_axi3_conv/design_1_axi_interconnect_hp0_imp_auto_pc_0_axi_data_fifo_v2_1_36_axic_fifo/design_1_axi_interconnect_hp0_imp_auto_pc_0_axi_data_fifo_v2_1_36_fifo_gen/<hidden>/<hidden>/<hidden>/<hidden>/<hidden>/<hidden>
                            (removal check against rising-edge clock clk_fpga_0  {rise@0.000ns fall@5.000ns period=10.000ns})
  Path Group:             **async_default**
  Path Type:              Removal (Min at Fast Process Corner)
  Requirement:            0.000ns  (clk_fpga_0 rise@0.000ns - clk_fpga_0 rise@0.000ns)
  Data Path Delay:        0.589ns  (logic 0.226ns (38.365%)  route 0.363ns (61.635%))
  Logic Levels:           1  (LUT3=1)
  Clock Path Skew:        0.040ns (DCD - SCD - CPR)
    Destination Clock Delay (DCD):    1.228ns
    Source Clock Delay      (SCD):    0.925ns
    Clock Pessimism Removal (CPR):    0.263ns

    Location             Delay type                Incr(ns)  Path(ns)    Netlist Resource(s)
  -------------------------------------------------------------------    -------------------
                         (clock clk_fpga_0 rise edge)
                                                      0.000     0.000 r  
    PS7_X0Y0             PS7                          0.000     0.000 r  design_1_i/processing_system7_0/inst/PS7_i/FCLKCLK[0]
                         net (fo=1, routed)           0.310     0.310    design_1_i/processing_system7_0/inst/FCLK_CLK_unbuffered[0]
    BUFGCTRL_X0Y16       BUFG (Prop_bufg_I_O)         0.026     0.336 r  design_1_i/processing_system7_0/inst/buffer_fclk_clk_0.FCLK_CLK_0_BUFG/O
                         net (fo=11219, routed)       0.589     0.924    design_1_wrapper/design_1/design_1_axi_interconnect_hp0_0/s00_couplers_imp_S4BDUK/design_1_axi_interconnect_hp0_imp_auto_pc_0/design_1_axi_interconnect_hp0_imp_auto_pc_0_axi_protocol_converter_v2_1_37_axi_protocol_converter/design_1_axi_interconnect_hp0_imp_auto_pc_0_axi_protocol_converter_v2_1_37_axi3_conv/design_1_axi_interconnect_hp0_imp_auto_pc_0_axi_protocol_converter_v2_1_37_a_axi3_conv/design_1_axi_interconnect_hp0_imp_auto_pc_0_axi_data_fifo_v2_1_36_axic_fifo/design_1_axi_interconnect_hp0_imp_auto_pc_0_axi_data_fifo_v2_1_36_fifo_gen/<hidden>/<hidden>/<hidden>/<hidden>/<hidden>
    SLICE_X27Y39         FDRE                                         r  design_1_wrapper/design_1/design_1_axi_interconnect_hp0_0/s00_couplers_imp_S4BDUK/design_1_axi_interconnect_hp0_imp_auto_pc_0/design_1_axi_interconnect_hp0_imp_auto_pc_0_axi_protocol_converter_v2_1_37_axi_protocol_converter/design_1_axi_interconnect_hp0_imp_auto_pc_0_axi_protocol_converter_v2_1_37_axi3_conv/design_1_axi_interconnect_hp0_imp_auto_pc_0_axi_protocol_converter_v2_1_37_a_axi3_conv/design_1_axi_interconnect_hp0_imp_auto_pc_0_axi_data_fifo_v2_1_36_axic_fifo/design_1_axi_interconnect_hp0_imp_auto_pc_0_axi_data_fifo_v2_1_36_fifo_gen/<hidden>/<hidden>/<hidden>/<hidden>/<hidden>
  -------------------------------------------------------------------    -------------------
    SLICE_X27Y39         FDRE (Prop_fdre_C_Q)         0.128     1.053 f  design_1_wrapper/design_1/design_1_axi_interconnect_hp0_0/s00_couplers_imp_S4BDUK/design_1_axi_interconnect_hp0_imp_auto_pc_0/design_1_axi_interconnect_hp0_imp_auto_pc_0_axi_protocol_converter_v2_1_37_axi_protocol_converter/design_1_axi_interconnect_hp0_imp_auto_pc_0_axi_protocol_converter_v2_1_37_axi3_conv/design_1_axi_interconnect_hp0_imp_auto_pc_0_axi_protocol_converter_v2_1_37_a_axi3_conv/design_1_axi_interconnect_hp0_imp_auto_pc_0_axi_data_fifo_v2_1_36_axic_fifo/design_1_axi_interconnect_hp0_imp_auto_pc_0_axi_data_fifo_v2_1_36_fifo_gen/<hidden>/<hidden>/<hidden>/<hidden>/<hidden>
                         net (fo=2, routed)           0.086     1.138    design_1_wrapper/design_1/design_1_axi_interconnect_hp0_0/s00_couplers_imp_S4BDUK/design_1_axi_interconnect_hp0_imp_auto_pc_0/design_1_axi_interconnect_hp0_imp_auto_pc_0_axi_protocol_converter_v2_1_37_axi_protocol_converter/design_1_axi_interconnect_hp0_imp_auto_pc_0_axi_protocol_converter_v2_1_37_axi3_conv/design_1_axi_interconnect_hp0_imp_auto_pc_0_axi_protocol_converter_v2_1_37_a_axi3_conv/design_1_axi_interconnect_hp0_imp_auto_pc_0_axi_data_fifo_v2_1_36_axic_fifo/design_1_axi_interconnect_hp0_imp_auto_pc_0_axi_data_fifo_v2_1_36_fifo_gen/<hidden>/<hidden>/<hidden>/<hidden>/<hidden>
    SLICE_X27Y39         LUT3 (Prop_lut3_I1_O)        0.098     1.236 f  design_1_wrapper/design_1/design_1_axi_interconnect_hp0_0/s00_couplers_imp_S4BDUK/design_1_axi_interconnect_hp0_imp_auto_pc_0/design_1_axi_interconnect_hp0_imp_auto_pc_0_axi_protocol_converter_v2_1_37_axi_protocol_converter/design_1_axi_interconnect_hp0_imp_auto_pc_0_axi_protocol_converter_v2_1_37_axi3_conv/design_1_axi_interconnect_hp0_imp_auto_pc_0_axi_protocol_converter_v2_1_37_a_axi3_conv/design_1_axi_interconnect_hp0_imp_auto_pc_0_axi_data_fifo_v2_1_36_axic_fifo/design_1_axi_interconnect_hp0_imp_auto_pc_0_axi_data_fifo_v2_1_36_fifo_gen/<hidden>/<hidden>/<hidden>/<hidden>/<hidden>
                         net (fo=33, routed)          0.278     1.514    design_1_wrapper/design_1/design_1_axi_interconnect_hp0_0/s00_couplers_imp_S4BDUK/design_1_axi_interconnect_hp0_imp_auto_pc_0/design_1_axi_interconnect_hp0_imp_auto_pc_0_axi_protocol_converter_v2_1_37_axi_protocol_converter/design_1_axi_interconnect_hp0_imp_auto_pc_0_axi_protocol_converter_v2_1_37_axi3_conv/design_1_axi_interconnect_hp0_imp_auto_pc_0_axi_protocol_converter_v2_1_37_a_axi3_conv/design_1_axi_interconnect_hp0_imp_auto_pc_0_axi_data_fifo_v2_1_36_axic_fifo/design_1_axi_interconnect_hp0_imp_auto_pc_0_axi_data_fifo_v2_1_36_fifo_gen/<hidden>/<hidden>/<hidden>/<hidden>/<hidden>/<hidden>
    SLICE_X20Y38         FDPE                                         f  design_1_wrapper/design_1/design_1_axi_interconnect_hp0_0/s00_couplers_imp_S4BDUK/design_1_axi_interconnect_hp0_imp_auto_pc_0/design_1_axi_interconnect_hp0_imp_auto_pc_0_axi_protocol_converter_v2_1_37_axi_protocol_converter/design_1_axi_interconnect_hp0_imp_auto_pc_0_axi_protocol_converter_v2_1_37_axi3_conv/design_1_axi_interconnect_hp0_imp_auto_pc_0_axi_protocol_converter_v2_1_37_a_axi3_conv/design_1_axi_interconnect_hp0_imp_auto_pc_0_axi_data_fifo_v2_1_36_axic_fifo/design_1_axi_interconnect_hp0_imp_auto_pc_0_axi_data_fifo_v2_1_36_fifo_gen/<hidden>/<hidden>/<hidden>/<hidden>/<hidden>/<hidden>
  -------------------------------------------------------------------    -------------------

                         (clock clk_fpga_0 rise edge)
                                                      0.000     0.000 r  
    PS7_X0Y0             PS7                          0.000     0.000 r  design_1_i/processing_system7_0/inst/PS7_i/FCLKCLK[0]
                         net (fo=1, routed)           0.337     0.337    design_1_i/processing_system7_0/inst/FCLK_CLK_unbuffered[0]
    BUFGCTRL_X0Y16       BUFG (Prop_bufg_I_O)         0.029     0.366 r  design_1_i/processing_system7_0/inst/buffer_fclk_clk_0.FCLK_CLK_0_BUFG/O
                         net (fo=11219, routed)       0.862     1.228    design_1_wrapper/design_1/design_1_axi_interconnect_hp0_0/s00_couplers_imp_S4BDUK/design_1_axi_interconnect_hp0_imp_auto_pc_0/design_1_axi_interconnect_hp0_imp_auto_pc_0_axi_protocol_converter_v2_1_37_axi_protocol_converter/design_1_axi_interconnect_hp0_imp_auto_pc_0_axi_protocol_converter_v2_1_37_axi3_conv/design_1_axi_interconnect_hp0_imp_auto_pc_0_axi_protocol_converter_v2_1_37_a_axi3_conv/design_1_axi_interconnect_hp0_imp_auto_pc_0_axi_data_fifo_v2_1_36_axic_fifo/design_1_axi_interconnect_hp0_imp_auto_pc_0_axi_data_fifo_v2_1_36_fifo_gen/<hidden>/<hidden>/<hidden>/<hidden>/<hidden>/<hidden>
    SLICE_X20Y38         FDPE                                         r  design_1_wrapper/design_1/design_1_axi_interconnect_hp0_0/s00_couplers_imp_S4BDUK/design_1_axi_interconnect_hp0_imp_auto_pc_0/design_1_axi_interconnect_hp0_imp_auto_pc_0_axi_protocol_converter_v2_1_37_axi_protocol_converter/design_1_axi_interconnect_hp0_imp_auto_pc_0_axi_protocol_converter_v2_1_37_axi3_conv/design_1_axi_interconnect_hp0_imp_auto_pc_0_axi_protocol_converter_v2_1_37_a_axi3_conv/design_1_axi_interconnect_hp0_imp_auto_pc_0_axi_data_fifo_v2_1_36_axic_fifo/design_1_axi_interconnect_hp0_imp_auto_pc_0_axi_data_fifo_v2_1_36_fifo_gen/<hidden>/<hidden>/<hidden>/<hidden>/<hidden>/<hidden>
                         clock pessimism             -0.263     0.965    
    SLICE_X20Y38         FDPE (Remov_fdpe_C_PRE)     -0.071     0.894    design_1_wrapper/design_1/design_1_axi_interconnect_hp0_0/s00_couplers_imp_S4BDUK/design_1_axi_interconnect_hp0_imp_auto_pc_0/design_1_axi_interconnect_hp0_imp_auto_pc_0_axi_protocol_converter_v2_1_37_axi_protocol_converter/design_1_axi_interconnect_hp0_imp_auto_pc_0_axi_protocol_converter_v2_1_37_axi3_conv/design_1_axi_interconnect_hp0_imp_auto_pc_0_axi_protocol_converter_v2_1_37_a_axi3_conv/design_1_axi_interconnect_hp0_imp_auto_pc_0_axi_data_fifo_v2_1_36_axic_fifo/design_1_axi_interconnect_hp0_imp_auto_pc_0_axi_data_fifo_v2_1_36_fifo_gen/<hidden>/<hidden>/<hidden>/<hidden>/<hidden>/<hidden>
  -------------------------------------------------------------------
                         required time                         -0.894    
                         arrival time                           1.514    
  -------------------------------------------------------------------
                         slack                                  0.620    

Slack (MET) :             0.627ns  (arrival time - required time)
  Source:                 design_1_wrapper/design_1/design_1_axi_interconnect_hp0_0/s01_couplers_imp_12AUBLP/design_1_axi_interconnect_hp0_imp_auto_pc_1/design_1_axi_interconnect_hp0_imp_auto_pc_1_axi_protocol_converter_v2_1_37_axi_protocol_converter/design_1_axi_interconnect_hp0_imp_auto_pc_1_axi_protocol_converter_v2_1_37_axi3_conv/design_1_axi_interconnect_hp0_imp_auto_pc_1_axi_protocol_converter_v2_1_37_a_axi3_conv/design_1_axi_interconnect_hp0_imp_auto_pc_1_axi_data_fifo_v2_1_36_axic_fifo_0/design_1_axi_interconnect_hp0_imp_auto_pc_1_axi_data_fifo_v2_1_36_fifo_gen/<hidden>/<hidden>/<hidden>/<hidden>/<hidden>
                            (rising edge-triggered cell FDRE clocked by clk_fpga_0  {rise@0.000ns fall@5.000ns period=10.000ns})
  Destination:            design_1_wrapper/design_1/design_1_axi_interconnect_hp0_0/s01_couplers_imp_12AUBLP/design_1_axi_interconnect_hp0_imp_auto_pc_1/design_1_axi_interconnect_hp0_imp_auto_pc_1_axi_protocol_converter_v2_1_37_axi_protocol_converter/design_1_axi_interconnect_hp0_imp_auto_pc_1_axi_protocol_converter_v2_1_37_axi3_conv/design_1_axi_interconnect_hp0_imp_auto_pc_1_axi_protocol_converter_v2_1_37_a_axi3_conv/design_1_axi_interconnect_hp0_imp_auto_pc_1_axi_data_fifo_v2_1_36_axic_fifo_0/design_1_axi_interconnect_hp0_imp_auto_pc_1_axi_data_fifo_v2_1_36_fifo_gen/<hidden>/<hidden>/<hidden>/<hidden>/<hidden>/<hidden>
                            (removal check against rising-edge clock clk_fpga_0  {rise@0.000ns fall@5.000ns period=10.000ns})
  Path Group:             **async_default**
  Path Type:              Removal (Min at Fast Process Corner)
  Requirement:            0.000ns  (clk_fpga_0 rise@0.000ns - clk_fpga_0 rise@0.000ns)
  Data Path Delay:        0.551ns  (logic 0.186ns (33.751%)  route 0.365ns (66.249%))
  Logic Levels:           1  (LUT3=1)
  Clock Path Skew:        0.016ns (DCD - SCD - CPR)
    Destination Clock Delay (DCD):    1.223ns
    Source Clock Delay      (SCD):    0.925ns
    Clock Pessimism Removal (CPR):    0.282ns

    Location             Delay type                Incr(ns)  Path(ns)    Netlist Resource(s)
  -------------------------------------------------------------------    -------------------
                         (clock clk_fpga_0 rise edge)
                                                      0.000     0.000 r  
    PS7_X0Y0             PS7                          0.000     0.000 r  design_1_i/processing_system7_0/inst/PS7_i/FCLKCLK[0]
                         net (fo=1, routed)           0.310     0.310    design_1_i/processing_system7_0/inst/FCLK_CLK_unbuffered[0]
    BUFGCTRL_X0Y16       BUFG (Prop_bufg_I_O)         0.026     0.336 r  design_1_i/processing_system7_0/inst/buffer_fclk_clk_0.FCLK_CLK_0_BUFG/O
                         net (fo=11219, routed)       0.589     0.924    design_1_wrapper/design_1/design_1_axi_interconnect_hp0_0/s01_couplers_imp_12AUBLP/design_1_axi_interconnect_hp0_imp_auto_pc_1/design_1_axi_interconnect_hp0_imp_auto_pc_1_axi_protocol_converter_v2_1_37_axi_protocol_converter/design_1_axi_interconnect_hp0_imp_auto_pc_1_axi_protocol_converter_v2_1_37_axi3_conv/design_1_axi_interconnect_hp0_imp_auto_pc_1_axi_protocol_converter_v2_1_37_a_axi3_conv/design_1_axi_interconnect_hp0_imp_auto_pc_1_axi_data_fifo_v2_1_36_axic_fifo_0/design_1_axi_interconnect_hp0_imp_auto_pc_1_axi_data_fifo_v2_1_36_fifo_gen/<hidden>/<hidden>/<hidden>/<hidden>/<hidden>
    SLICE_X27Y39         FDRE                                         r  design_1_wrapper/design_1/design_1_axi_interconnect_hp0_0/s01_couplers_imp_12AUBLP/design_1_axi_interconnect_hp0_imp_auto_pc_1/design_1_axi_interconnect_hp0_imp_auto_pc_1_axi_protocol_converter_v2_1_37_axi_protocol_converter/design_1_axi_interconnect_hp0_imp_auto_pc_1_axi_protocol_converter_v2_1_37_axi3_conv/design_1_axi_interconnect_hp0_imp_auto_pc_1_axi_protocol_converter_v2_1_37_a_axi3_conv/design_1_axi_interconnect_hp0_imp_auto_pc_1_axi_data_fifo_v2_1_36_axic_fifo_0/design_1_axi_interconnect_hp0_imp_auto_pc_1_axi_data_fifo_v2_1_36_fifo_gen/<hidden>/<hidden>/<hidden>/<hidden>/<hidden>
  -------------------------------------------------------------------    -------------------
    SLICE_X27Y39         FDRE (Prop_fdre_C_Q)         0.141     1.066 f  design_1_wrapper/design_1/design_1_axi_interconnect_hp0_0/s01_couplers_imp_12AUBLP/design_1_axi_interconnect_hp0_imp_auto_pc_1/design_1_axi_interconnect_hp0_imp_auto_pc_1_axi_protocol_converter_v2_1_37_axi_protocol_converter/design_1_axi_interconnect_hp0_imp_auto_pc_1_axi_protocol_converter_v2_1_37_axi3_conv/design_1_axi_interconnect_hp0_imp_auto_pc_1_axi_protocol_converter_v2_1_37_a_axi3_conv/design_1_axi_interconnect_hp0_imp_auto_pc_1_axi_data_fifo_v2_1_36_axic_fifo_0/design_1_axi_interconnect_hp0_imp_auto_pc_1_axi_data_fifo_v2_1_36_fifo_gen/<hidden>/<hidden>/<hidden>/<hidden>/<hidden>
                         net (fo=3, routed)           0.092     1.158    design_1_wrapper/design_1/design_1_axi_interconnect_hp0_0/s01_couplers_imp_12AUBLP/design_1_axi_interconnect_hp0_imp_auto_pc_1/design_1_axi_interconnect_hp0_imp_auto_pc_1_axi_protocol_converter_v2_1_37_axi_protocol_converter/design_1_axi_interconnect_hp0_imp_auto_pc_1_axi_protocol_converter_v2_1_37_axi3_conv/design_1_axi_interconnect_hp0_imp_auto_pc_1_axi_protocol_converter_v2_1_37_a_axi3_conv/design_1_axi_interconnect_hp0_imp_auto_pc_1_axi_data_fifo_v2_1_36_axic_fifo_0/design_1_axi_interconnect_hp0_imp_auto_pc_1_axi_data_fifo_v2_1_36_fifo_gen/<hidden>/<hidden>/<hidden>/<hidden>/<hidden>
    SLICE_X26Y39         LUT3 (Prop_lut3_I1_O)        0.045     1.203 f  design_1_wrapper/design_1/design_1_axi_interconnect_hp0_0/s01_couplers_imp_12AUBLP/design_1_axi_interconnect_hp0_imp_auto_pc_1/design_1_axi_interconnect_hp0_imp_auto_pc_1_axi_protocol_converter_v2_1_37_axi_protocol_converter/design_1_axi_interconnect_hp0_imp_auto_pc_1_axi_protocol_converter_v2_1_37_axi3_conv/design_1_axi_interconnect_hp0_imp_auto_pc_1_axi_protocol_converter_v2_1_37_a_axi3_conv/design_1_axi_interconnect_hp0_imp_auto_pc_1_axi_data_fifo_v2_1_36_axic_fifo_0/design_1_axi_interconnect_hp0_imp_auto_pc_1_axi_data_fifo_v2_1_36_fifo_gen/<hidden>/<hidden>/<hidden>/<hidden>/<hidden>
                         net (fo=32, routed)          0.273     1.476    design_1_wrapper/design_1/design_1_axi_interconnect_hp0_0/s01_couplers_imp_12AUBLP/design_1_axi_interconnect_hp0_imp_auto_pc_1/design_1_axi_interconnect_hp0_imp_auto_pc_1_axi_protocol_converter_v2_1_37_axi_protocol_converter/design_1_axi_interconnect_hp0_imp_auto_pc_1_axi_protocol_converter_v2_1_37_axi3_conv/design_1_axi_interconnect_hp0_imp_auto_pc_1_axi_protocol_converter_v2_1_37_a_axi3_conv/design_1_axi_interconnect_hp0_imp_auto_pc_1_axi_data_fifo_v2_1_36_axic_fifo_0/design_1_axi_interconnect_hp0_imp_auto_pc_1_axi_data_fifo_v2_1_36_fifo_gen/<hidden>/<hidden>/<hidden>/<hidden>/<hidden>/<hidden>
    SLICE_X25Y38         FDCE                                         f  design_1_wrapper/design_1/design_1_axi_interconnect_hp0_0/s01_couplers_imp_12AUBLP/design_1_axi_interconnect_hp0_imp_auto_pc_1/design_1_axi_interconnect_hp0_imp_auto_pc_1_axi_protocol_converter_v2_1_37_axi_protocol_converter/design_1_axi_interconnect_hp0_imp_auto_pc_1_axi_protocol_converter_v2_1_37_axi3_conv/design_1_axi_interconnect_hp0_imp_auto_pc_1_axi_protocol_converter_v2_1_37_a_axi3_conv/design_1_axi_interconnect_hp0_imp_auto_pc_1_axi_data_fifo_v2_1_36_axic_fifo_0/design_1_axi_interconnect_hp0_imp_auto_pc_1_axi_data_fifo_v2_1_36_fifo_gen/<hidden>/<hidden>/<hidden>/<hidden>/<hidden>/<hidden>
  -------------------------------------------------------------------    -------------------

                         (clock clk_fpga_0 rise edge)
                                                      0.000     0.000 r  
    PS7_X0Y0             PS7                          0.000     0.000 r  design_1_i/processing_system7_0/inst/PS7_i/FCLKCLK[0]
                         net (fo=1, routed)           0.337     0.337    design_1_i/processing_system7_0/inst/FCLK_CLK_unbuffered[0]
    BUFGCTRL_X0Y16       BUFG (Prop_bufg_I_O)         0.029     0.366 r  design_1_i/processing_system7_0/inst/buffer_fclk_clk_0.FCLK_CLK_0_BUFG/O
                         net (fo=11219, routed)       0.857     1.223    design_1_wrapper/design_1/design_1_axi_interconnect_hp0_0/s01_couplers_imp_12AUBLP/design_1_axi_interconnect_hp0_imp_auto_pc_1/design_1_axi_interconnect_hp0_imp_auto_pc_1_axi_protocol_converter_v2_1_37_axi_protocol_converter/design_1_axi_interconnect_hp0_imp_auto_pc_1_axi_protocol_converter_v2_1_37_axi3_conv/design_1_axi_interconnect_hp0_imp_auto_pc_1_axi_protocol_converter_v2_1_37_a_axi3_conv/design_1_axi_interconnect_hp0_imp_auto_pc_1_axi_data_fifo_v2_1_36_axic_fifo_0/design_1_axi_interconnect_hp0_imp_auto_pc_1_axi_data_fifo_v2_1_36_fifo_gen/<hidden>/<hidden>/<hidden>/<hidden>/<hidden>/<hidden>
    SLICE_X25Y38         FDCE                                         r  design_1_wrapper/design_1/design_1_axi_interconnect_hp0_0/s01_couplers_imp_12AUBLP/design_1_axi_interconnect_hp0_imp_auto_pc_1/design_1_axi_interconnect_hp0_imp_auto_pc_1_axi_protocol_converter_v2_1_37_axi_protocol_converter/design_1_axi_interconnect_hp0_imp_auto_pc_1_axi_protocol_converter_v2_1_37_axi3_conv/design_1_axi_interconnect_hp0_imp_auto_pc_1_axi_protocol_converter_v2_1_37_a_axi3_conv/design_1_axi_interconnect_hp0_imp_auto_pc_1_axi_data_fifo_v2_1_36_axic_fifo_0/design_1_axi_interconnect_hp0_imp_auto_pc_1_axi_data_fifo_v2_1_36_fifo_gen/<hidden>/<hidden>/<hidden>/<hidden>/<hidden>/<hidden>
                         clock pessimism             -0.282     0.941    
    SLICE_X25Y38         FDCE (Remov_fdce_C_CLR)     -0.092     0.849    design_1_wrapper/design_1/design_1_axi_interconnect_hp0_0/s01_couplers_imp_12AUBLP/design_1_axi_interconnect_hp0_imp_auto_pc_1/design_1_axi_interconnect_hp0_imp_auto_pc_1_axi_protocol_converter_v2_1_37_axi_protocol_converter/design_1_axi_interconnect_hp0_imp_auto_pc_1_axi_protocol_converter_v2_1_37_axi3_conv/design_1_axi_interconnect_hp0_imp_auto_pc_1_axi_protocol_converter_v2_1_37_a_axi3_conv/design_1_axi_interconnect_hp0_imp_auto_pc_1_axi_data_fifo_v2_1_36_axic_fifo_0/design_1_axi_interconnect_hp0_imp_auto_pc_1_axi_data_fifo_v2_1_36_fifo_gen/<hidden>/<hidden>/<hidden>/<hidden>/<hidden>/<hidden>
  -------------------------------------------------------------------
                         required time                         -0.849    
                         arrival time                           1.476    
  -------------------------------------------------------------------
                         slack                                  0.627    

Slack (MET) :             0.627ns  (arrival time - required time)
  Source:                 design_1_wrapper/design_1/design_1_axi_interconnect_hp0_0/s01_couplers_imp_12AUBLP/design_1_axi_interconnect_hp0_imp_auto_pc_1/design_1_axi_interconnect_hp0_imp_auto_pc_1_axi_protocol_converter_v2_1_37_axi_protocol_converter/design_1_axi_interconnect_hp0_imp_auto_pc_1_axi_protocol_converter_v2_1_37_axi3_conv/design_1_axi_interconnect_hp0_imp_auto_pc_1_axi_protocol_converter_v2_1_37_a_axi3_conv/design_1_axi_interconnect_hp0_imp_auto_pc_1_axi_data_fifo_v2_1_36_axic_fifo_0/design_1_axi_interconnect_hp0_imp_auto_pc_1_axi_data_fifo_v2_1_36_fifo_gen/<hidden>/<hidden>/<hidden>/<hidden>/<hidden>
                            (rising edge-triggered cell FDRE clocked by clk_fpga_0  {rise@0.000ns fall@5.000ns period=10.000ns})
  Destination:            design_1_wrapper/design_1/design_1_axi_interconnect_hp0_0/s01_couplers_imp_12AUBLP/design_1_axi_interconnect_hp0_imp_auto_pc_1/design_1_axi_interconnect_hp0_imp_auto_pc_1_axi_protocol_converter_v2_1_37_axi_protocol_converter/design_1_axi_interconnect_hp0_imp_auto_pc_1_axi_protocol_converter_v2_1_37_axi3_conv/design_1_axi_interconnect_hp0_imp_auto_pc_1_axi_protocol_converter_v2_1_37_a_axi3_conv/design_1_axi_interconnect_hp0_imp_auto_pc_1_axi_data_fifo_v2_1_36_axic_fifo_0/design_1_axi_interconnect_hp0_imp_auto_pc_1_axi_data_fifo_v2_1_36_fifo_gen/<hidden>/<hidden>/<hidden>/<hidden>/<hidden>/<hidden>
                            (removal check against rising-edge clock clk_fpga_0  {rise@0.000ns fall@5.000ns period=10.000ns})
  Path Group:             **async_default**
  Path Type:              Removal (Min at Fast Process Corner)
  Requirement:            0.000ns  (clk_fpga_0 rise@0.000ns - clk_fpga_0 rise@0.000ns)
  Data Path Delay:        0.551ns  (logic 0.186ns (33.751%)  route 0.365ns (66.249%))
  Logic Levels:           1  (LUT3=1)
  Clock Path Skew:        0.016ns (DCD - SCD - CPR)
    Destination Clock Delay (DCD):    1.223ns
    Source Clock Delay      (SCD):    0.925ns
    Clock Pessimism Removal (CPR):    0.282ns

    Location             Delay type                Incr(ns)  Path(ns)    Netlist Resource(s)
  -------------------------------------------------------------------    -------------------
                         (clock clk_fpga_0 rise edge)
                                                      0.000     0.000 r  
    PS7_X0Y0             PS7                          0.000     0.000 r  design_1_i/processing_system7_0/inst/PS7_i/FCLKCLK[0]
                         net (fo=1, routed)           0.310     0.310    design_1_i/processing_system7_0/inst/FCLK_CLK_unbuffered[0]
    BUFGCTRL_X0Y16       BUFG (Prop_bufg_I_O)         0.026     0.336 r  design_1_i/processing_system7_0/inst/buffer_fclk_clk_0.FCLK_CLK_0_BUFG/O
                         net (fo=11219, routed)       0.589     0.924    design_1_wrapper/design_1/design_1_axi_interconnect_hp0_0/s01_couplers_imp_12AUBLP/design_1_axi_interconnect_hp0_imp_auto_pc_1/design_1_axi_interconnect_hp0_imp_auto_pc_1_axi_protocol_converter_v2_1_37_axi_protocol_converter/design_1_axi_interconnect_hp0_imp_auto_pc_1_axi_protocol_converter_v2_1_37_axi3_conv/design_1_axi_interconnect_hp0_imp_auto_pc_1_axi_protocol_converter_v2_1_37_a_axi3_conv/design_1_axi_interconnect_hp0_imp_auto_pc_1_axi_data_fifo_v2_1_36_axic_fifo_0/design_1_axi_interconnect_hp0_imp_auto_pc_1_axi_data_fifo_v2_1_36_fifo_gen/<hidden>/<hidden>/<hidden>/<hidden>/<hidden>
    SLICE_X27Y39         FDRE                                         r  design_1_wrapper/design_1/design_1_axi_interconnect_hp0_0/s01_couplers_imp_12AUBLP/design_1_axi_interconnect_hp0_imp_auto_pc_1/design_1_axi_interconnect_hp0_imp_auto_pc_1_axi_protocol_converter_v2_1_37_axi_protocol_converter/design_1_axi_interconnect_hp0_imp_auto_pc_1_axi_protocol_converter_v2_1_37_axi3_conv/design_1_axi_interconnect_hp0_imp_auto_pc_1_axi_protocol_converter_v2_1_37_a_axi3_conv/design_1_axi_interconnect_hp0_imp_auto_pc_1_axi_data_fifo_v2_1_36_axic_fifo_0/design_1_axi_interconnect_hp0_imp_auto_pc_1_axi_data_fifo_v2_1_36_fifo_gen/<hidden>/<hidden>/<hidden>/<hidden>/<hidden>
  -------------------------------------------------------------------    -------------------
    SLICE_X27Y39         FDRE (Prop_fdre_C_Q)         0.141     1.066 f  design_1_wrapper/design_1/design_1_axi_interconnect_hp0_0/s01_couplers_imp_12AUBLP/design_1_axi_interconnect_hp0_imp_auto_pc_1/design_1_axi_interconnect_hp0_imp_auto_pc_1_axi_protocol_converter_v2_1_37_axi_protocol_converter/design_1_axi_interconnect_hp0_imp_auto_pc_1_axi_protocol_converter_v2_1_37_axi3_conv/design_1_axi_interconnect_hp0_imp_auto_pc_1_axi_protocol_converter_v2_1_37_a_axi3_conv/design_1_axi_interconnect_hp0_imp_auto_pc_1_axi_data_fifo_v2_1_36_axic_fifo_0/design_1_axi_interconnect_hp0_imp_auto_pc_1_axi_data_fifo_v2_1_36_fifo_gen/<hidden>/<hidden>/<hidden>/<hidden>/<hidden>
                         net (fo=3, routed)           0.092     1.158    design_1_wrapper/design_1/design_1_axi_interconnect_hp0_0/s01_couplers_imp_12AUBLP/design_1_axi_interconnect_hp0_imp_auto_pc_1/design_1_axi_interconnect_hp0_imp_auto_pc_1_axi_protocol_converter_v2_1_37_axi_protocol_converter/design_1_axi_interconnect_hp0_imp_auto_pc_1_axi_protocol_converter_v2_1_37_axi3_conv/design_1_axi_interconnect_hp0_imp_auto_pc_1_axi_protocol_converter_v2_1_37_a_axi3_conv/design_1_axi_interconnect_hp0_imp_auto_pc_1_axi_data_fifo_v2_1_36_axic_fifo_0/design_1_axi_interconnect_hp0_imp_auto_pc_1_axi_data_fifo_v2_1_36_fifo_gen/<hidden>/<hidden>/<hidden>/<hidden>/<hidden>
    SLICE_X26Y39         LUT3 (Prop_lut3_I1_O)        0.045     1.203 f  design_1_wrapper/design_1/design_1_axi_interconnect_hp0_0/s01_couplers_imp_12AUBLP/design_1_axi_interconnect_hp0_imp_auto_pc_1/design_1_axi_interconnect_hp0_imp_auto_pc_1_axi_protocol_converter_v2_1_37_axi_protocol_converter/design_1_axi_interconnect_hp0_imp_auto_pc_1_axi_protocol_converter_v2_1_37_axi3_conv/design_1_axi_interconnect_hp0_imp_auto_pc_1_axi_protocol_converter_v2_1_37_a_axi3_conv/design_1_axi_interconnect_hp0_imp_auto_pc_1_axi_data_fifo_v2_1_36_axic_fifo_0/design_1_axi_interconnect_hp0_imp_auto_pc_1_axi_data_fifo_v2_1_36_fifo_gen/<hidden>/<hidden>/<hidden>/<hidden>/<hidden>
                         net (fo=32, routed)          0.273     1.476    design_1_wrapper/design_1/design_1_axi_interconnect_hp0_0/s01_couplers_imp_12AUBLP/design_1_axi_interconnect_hp0_imp_auto_pc_1/design_1_axi_interconnect_hp0_imp_auto_pc_1_axi_protocol_converter_v2_1_37_axi_protocol_converter/design_1_axi_interconnect_hp0_imp_auto_pc_1_axi_protocol_converter_v2_1_37_axi3_conv/design_1_axi_interconnect_hp0_imp_auto_pc_1_axi_protocol_converter_v2_1_37_a_axi3_conv/design_1_axi_interconnect_hp0_imp_auto_pc_1_axi_data_fifo_v2_1_36_axic_fifo_0/design_1_axi_interconnect_hp0_imp_auto_pc_1_axi_data_fifo_v2_1_36_fifo_gen/<hidden>/<hidden>/<hidden>/<hidden>/<hidden>/<hidden>
    SLICE_X25Y38         FDCE                                         f  design_1_wrapper/design_1/design_1_axi_interconnect_hp0_0/s01_couplers_imp_12AUBLP/design_1_axi_interconnect_hp0_imp_auto_pc_1/design_1_axi_interconnect_hp0_imp_auto_pc_1_axi_protocol_converter_v2_1_37_axi_protocol_converter/design_1_axi_interconnect_hp0_imp_auto_pc_1_axi_protocol_converter_v2_1_37_axi3_conv/design_1_axi_interconnect_hp0_imp_auto_pc_1_axi_protocol_converter_v2_1_37_a_axi3_conv/design_1_axi_interconnect_hp0_imp_auto_pc_1_axi_data_fifo_v2_1_36_axic_fifo_0/design_1_axi_interconnect_hp0_imp_auto_pc_1_axi_data_fifo_v2_1_36_fifo_gen/<hidden>/<hidden>/<hidden>/<hidden>/<hidden>/<hidden>
  -------------------------------------------------------------------    -------------------

                         (clock clk_fpga_0 rise edge)
                                                      0.000     0.000 r  
    PS7_X0Y0             PS7                          0.000     0.000 r  design_1_i/processing_system7_0/inst/PS7_i/FCLKCLK[0]
                         net (fo=1, routed)           0.337     0.337    design_1_i/processing_system7_0/inst/FCLK_CLK_unbuffered[0]
    BUFGCTRL_X0Y16       BUFG (Prop_bufg_I_O)         0.029     0.366 r  design_1_i/processing_system7_0/inst/buffer_fclk_clk_0.FCLK_CLK_0_BUFG/O
                         net (fo=11219, routed)       0.857     1.223    design_1_wrapper/design_1/design_1_axi_interconnect_hp0_0/s01_couplers_imp_12AUBLP/design_1_axi_interconnect_hp0_imp_auto_pc_1/design_1_axi_interconnect_hp0_imp_auto_pc_1_axi_protocol_converter_v2_1_37_axi_protocol_converter/design_1_axi_interconnect_hp0_imp_auto_pc_1_axi_protocol_converter_v2_1_37_axi3_conv/design_1_axi_interconnect_hp0_imp_auto_pc_1_axi_protocol_converter_v2_1_37_a_axi3_conv/design_1_axi_interconnect_hp0_imp_auto_pc_1_axi_data_fifo_v2_1_36_axic_fifo_0/design_1_axi_interconnect_hp0_imp_auto_pc_1_axi_data_fifo_v2_1_36_fifo_gen/<hidden>/<hidden>/<hidden>/<hidden>/<hidden>/<hidden>
    SLICE_X25Y38         FDCE                                         r  design_1_wrapper/design_1/design_1_axi_interconnect_hp0_0/s01_couplers_imp_12AUBLP/design_1_axi_interconnect_hp0_imp_auto_pc_1/design_1_axi_interconnect_hp0_imp_auto_pc_1_axi_protocol_converter_v2_1_37_axi_protocol_converter/design_1_axi_interconnect_hp0_imp_auto_pc_1_axi_protocol_converter_v2_1_37_axi3_conv/design_1_axi_interconnect_hp0_imp_auto_pc_1_axi_protocol_converter_v2_1_37_a_axi3_conv/design_1_axi_interconnect_hp0_imp_auto_pc_1_axi_data_fifo_v2_1_36_axic_fifo_0/design_1_axi_interconnect_hp0_imp_auto_pc_1_axi_data_fifo_v2_1_36_fifo_gen/<hidden>/<hidden>/<hidden>/<hidden>/<hidden>/<hidden>
                         clock pessimism             -0.282     0.941    
    SLICE_X25Y38         FDCE (Remov_fdce_C_CLR)     -0.092     0.849    design_1_wrapper/design_1/design_1_axi_interconnect_hp0_0/s01_couplers_imp_12AUBLP/design_1_axi_interconnect_hp0_imp_auto_pc_1/design_1_axi_interconnect_hp0_imp_auto_pc_1_axi_protocol_converter_v2_1_37_axi_protocol_converter/design_1_axi_interconnect_hp0_imp_auto_pc_1_axi_protocol_converter_v2_1_37_axi3_conv/design_1_axi_interconnect_hp0_imp_auto_pc_1_axi_protocol_converter_v2_1_37_a_axi3_conv/design_1_axi_interconnect_hp0_imp_auto_pc_1_axi_data_fifo_v2_1_36_axic_fifo_0/design_1_axi_interconnect_hp0_imp_auto_pc_1_axi_data_fifo_v2_1_36_fifo_gen/<hidden>/<hidden>/<hidden>/<hidden>/<hidden>/<hidden>
  -------------------------------------------------------------------
                         required time                         -0.849    
                         arrival time                           1.476    
  -------------------------------------------------------------------
                         slack                                  0.627    

Slack (MET) :             0.630ns  (arrival time - required time)
  Source:                 design_1_wrapper/design_1/design_1_axi_interconnect_hp0_0/s01_couplers_imp_12AUBLP/design_1_axi_interconnect_hp0_imp_auto_pc_1/design_1_axi_interconnect_hp0_imp_auto_pc_1_axi_protocol_converter_v2_1_37_axi_protocol_converter/design_1_axi_interconnect_hp0_imp_auto_pc_1_axi_protocol_converter_v2_1_37_axi3_conv/design_1_axi_interconnect_hp0_imp_auto_pc_1_axi_protocol_converter_v2_1_37_a_axi3_conv/design_1_axi_interconnect_hp0_imp_auto_pc_1_axi_data_fifo_v2_1_36_axic_fifo_0/design_1_axi_interconnect_hp0_imp_auto_pc_1_axi_data_fifo_v2_1_36_fifo_gen/<hidden>/<hidden>/<hidden>/<hidden>/<hidden>
                            (rising edge-triggered cell FDRE clocked by clk_fpga_0  {rise@0.000ns fall@5.000ns period=10.000ns})
  Destination:            design_1_wrapper/design_1/design_1_axi_interconnect_hp0_0/s01_couplers_imp_12AUBLP/design_1_axi_interconnect_hp0_imp_auto_pc_1/design_1_axi_interconnect_hp0_imp_auto_pc_1_axi_protocol_converter_v2_1_37_axi_protocol_converter/design_1_axi_interconnect_hp0_imp_auto_pc_1_axi_protocol_converter_v2_1_37_axi3_conv/design_1_axi_interconnect_hp0_imp_auto_pc_1_axi_protocol_converter_v2_1_37_a_axi3_conv/design_1_axi_interconnect_hp0_imp_auto_pc_1_axi_data_fifo_v2_1_36_axic_fifo_0/design_1_axi_interconnect_hp0_imp_auto_pc_1_axi_data_fifo_v2_1_36_fifo_gen/<hidden>/<hidden>/<hidden>/<hidden>/<hidden>/<hidden>
                            (removal check against rising-edge clock clk_fpga_0  {rise@0.000ns fall@5.000ns period=10.000ns})
  Path Group:             **async_default**
  Path Type:              Removal (Min at Fast Process Corner)
  Requirement:            0.000ns  (clk_fpga_0 rise@0.000ns - clk_fpga_0 rise@0.000ns)
  Data Path Delay:        0.551ns  (logic 0.186ns (33.751%)  route 0.365ns (66.249%))
  Logic Levels:           1  (LUT3=1)
  Clock Path Skew:        0.016ns (DCD - SCD - CPR)
    Destination Clock Delay (DCD):    1.223ns
    Source Clock Delay      (SCD):    0.925ns
    Clock Pessimism Removal (CPR):    0.282ns

    Location             Delay type                Incr(ns)  Path(ns)    Netlist Resource(s)
  -------------------------------------------------------------------    -------------------
                         (clock clk_fpga_0 rise edge)
                                                      0.000     0.000 r  
    PS7_X0Y0             PS7                          0.000     0.000 r  design_1_i/processing_system7_0/inst/PS7_i/FCLKCLK[0]
                         net (fo=1, routed)           0.310     0.310    design_1_i/processing_system7_0/inst/FCLK_CLK_unbuffered[0]
    BUFGCTRL_X0Y16       BUFG (Prop_bufg_I_O)         0.026     0.336 r  design_1_i/processing_system7_0/inst/buffer_fclk_clk_0.FCLK_CLK_0_BUFG/O
                         net (fo=11219, routed)       0.589     0.924    design_1_wrapper/design_1/design_1_axi_interconnect_hp0_0/s01_couplers_imp_12AUBLP/design_1_axi_interconnect_hp0_imp_auto_pc_1/design_1_axi_interconnect_hp0_imp_auto_pc_1_axi_protocol_converter_v2_1_37_axi_protocol_converter/design_1_axi_interconnect_hp0_imp_auto_pc_1_axi_protocol_converter_v2_1_37_axi3_conv/design_1_axi_interconnect_hp0_imp_auto_pc_1_axi_protocol_converter_v2_1_37_a_axi3_conv/design_1_axi_interconnect_hp0_imp_auto_pc_1_axi_data_fifo_v2_1_36_axic_fifo_0/design_1_axi_interconnect_hp0_imp_auto_pc_1_axi_data_fifo_v2_1_36_fifo_gen/<hidden>/<hidden>/<hidden>/<hidden>/<hidden>
    SLICE_X27Y39         FDRE                                         r  design_1_wrapper/design_1/design_1_axi_interconnect_hp0_0/s01_couplers_imp_12AUBLP/design_1_axi_interconnect_hp0_imp_auto_pc_1/design_1_axi_interconnect_hp0_imp_auto_pc_1_axi_protocol_converter_v2_1_37_axi_protocol_converter/design_1_axi_interconnect_hp0_imp_auto_pc_1_axi_protocol_converter_v2_1_37_axi3_conv/design_1_axi_interconnect_hp0_imp_auto_pc_1_axi_protocol_converter_v2_1_37_a_axi3_conv/design_1_axi_interconnect_hp0_imp_auto_pc_1_axi_data_fifo_v2_1_36_axic_fifo_0/design_1_axi_interconnect_hp0_imp_auto_pc_1_axi_data_fifo_v2_1_36_fifo_gen/<hidden>/<hidden>/<hidden>/<hidden>/<hidden>
  -------------------------------------------------------------------    -------------------
    SLICE_X27Y39         FDRE (Prop_fdre_C_Q)         0.141     1.066 f  design_1_wrapper/design_1/design_1_axi_interconnect_hp0_0/s01_couplers_imp_12AUBLP/design_1_axi_interconnect_hp0_imp_auto_pc_1/design_1_axi_interconnect_hp0_imp_auto_pc_1_axi_protocol_converter_v2_1_37_axi_protocol_converter/design_1_axi_interconnect_hp0_imp_auto_pc_1_axi_protocol_converter_v2_1_37_axi3_conv/design_1_axi_interconnect_hp0_imp_auto_pc_1_axi_protocol_converter_v2_1_37_a_axi3_conv/design_1_axi_interconnect_hp0_imp_auto_pc_1_axi_data_fifo_v2_1_36_axic_fifo_0/design_1_axi_interconnect_hp0_imp_auto_pc_1_axi_data_fifo_v2_1_36_fifo_gen/<hidden>/<hidden>/<hidden>/<hidden>/<hidden>
                         net (fo=3, routed)           0.092     1.158    design_1_wrapper/design_1/design_1_axi_interconnect_hp0_0/s01_couplers_imp_12AUBLP/design_1_axi_interconnect_hp0_imp_auto_pc_1/design_1_axi_interconnect_hp0_imp_auto_pc_1_axi_protocol_converter_v2_1_37_axi_protocol_converter/design_1_axi_interconnect_hp0_imp_auto_pc_1_axi_protocol_converter_v2_1_37_axi3_conv/design_1_axi_interconnect_hp0_imp_auto_pc_1_axi_protocol_converter_v2_1_37_a_axi3_conv/design_1_axi_interconnect_hp0_imp_auto_pc_1_axi_data_fifo_v2_1_36_axic_fifo_0/design_1_axi_interconnect_hp0_imp_auto_pc_1_axi_data_fifo_v2_1_36_fifo_gen/<hidden>/<hidden>/<hidden>/<hidden>/<hidden>
    SLICE_X26Y39         LUT3 (Prop_lut3_I1_O)        0.045     1.203 f  design_1_wrapper/design_1/design_1_axi_interconnect_hp0_0/s01_couplers_imp_12AUBLP/design_1_axi_interconnect_hp0_imp_auto_pc_1/design_1_axi_interconnect_hp0_imp_auto_pc_1_axi_protocol_converter_v2_1_37_axi_protocol_converter/design_1_axi_interconnect_hp0_imp_auto_pc_1_axi_protocol_converter_v2_1_37_axi3_conv/design_1_axi_interconnect_hp0_imp_auto_pc_1_axi_protocol_converter_v2_1_37_a_axi3_conv/design_1_axi_interconnect_hp0_imp_auto_pc_1_axi_data_fifo_v2_1_36_axic_fifo_0/design_1_axi_interconnect_hp0_imp_auto_pc_1_axi_data_fifo_v2_1_36_fifo_gen/<hidden>/<hidden>/<hidden>/<hidden>/<hidden>
                         net (fo=32, routed)          0.273     1.476    design_1_wrapper/design_1/design_1_axi_interconnect_hp0_0/s01_couplers_imp_12AUBLP/design_1_axi_interconnect_hp0_imp_auto_pc_1/design_1_axi_interconnect_hp0_imp_auto_pc_1_axi_protocol_converter_v2_1_37_axi_protocol_converter/design_1_axi_interconnect_hp0_imp_auto_pc_1_axi_protocol_converter_v2_1_37_axi3_conv/design_1_axi_interconnect_hp0_imp_auto_pc_1_axi_protocol_converter_v2_1_37_a_axi3_conv/design_1_axi_interconnect_hp0_imp_auto_pc_1_axi_data_fifo_v2_1_36_axic_fifo_0/design_1_axi_interconnect_hp0_imp_auto_pc_1_axi_data_fifo_v2_1_36_fifo_gen/<hidden>/<hidden>/<hidden>/<hidden>/<hidden>/<hidden>
    SLICE_X25Y38         FDPE                                         f  design_1_wrapper/design_1/design_1_axi_interconnect_hp0_0/s01_couplers_imp_12AUBLP/design_1_axi_interconnect_hp0_imp_auto_pc_1/design_1_axi_interconnect_hp0_imp_auto_pc_1_axi_protocol_converter_v2_1_37_axi_protocol_converter/design_1_axi_interconnect_hp0_imp_auto_pc_1_axi_protocol_converter_v2_1_37_axi3_conv/design_1_axi_interconnect_hp0_imp_auto_pc_1_axi_protocol_converter_v2_1_37_a_axi3_conv/design_1_axi_interconnect_hp0_imp_auto_pc_1_axi_data_fifo_v2_1_36_axic_fifo_0/design_1_axi_interconnect_hp0_imp_auto_pc_1_axi_data_fifo_v2_1_36_fifo_gen/<hidden>/<hidden>/<hidden>/<hidden>/<hidden>/<hidden>
  -------------------------------------------------------------------    -------------------

                         (clock clk_fpga_0 rise edge)
                                                      0.000     0.000 r  
    PS7_X0Y0             PS7                          0.000     0.000 r  design_1_i/processing_system7_0/inst/PS7_i/FCLKCLK[0]
                         net (fo=1, routed)           0.337     0.337    design_1_i/processing_system7_0/inst/FCLK_CLK_unbuffered[0]
    BUFGCTRL_X0Y16       BUFG (Prop_bufg_I_O)         0.029     0.366 r  design_1_i/processing_system7_0/inst/buffer_fclk_clk_0.FCLK_CLK_0_BUFG/O
                         net (fo=11219, routed)       0.857     1.223    design_1_wrapper/design_1/design_1_axi_interconnect_hp0_0/s01_couplers_imp_12AUBLP/design_1_axi_interconnect_hp0_imp_auto_pc_1/design_1_axi_interconnect_hp0_imp_auto_pc_1_axi_protocol_converter_v2_1_37_axi_protocol_converter/design_1_axi_interconnect_hp0_imp_auto_pc_1_axi_protocol_converter_v2_1_37_axi3_conv/design_1_axi_interconnect_hp0_imp_auto_pc_1_axi_protocol_converter_v2_1_37_a_axi3_conv/design_1_axi_interconnect_hp0_imp_auto_pc_1_axi_data_fifo_v2_1_36_axic_fifo_0/design_1_axi_interconnect_hp0_imp_auto_pc_1_axi_data_fifo_v2_1_36_fifo_gen/<hidden>/<hidden>/<hidden>/<hidden>/<hidden>/<hidden>
    SLICE_X25Y38         FDPE                                         r  design_1_wrapper/design_1/design_1_axi_interconnect_hp0_0/s01_couplers_imp_12AUBLP/design_1_axi_interconnect_hp0_imp_auto_pc_1/design_1_axi_interconnect_hp0_imp_auto_pc_1_axi_protocol_converter_v2_1_37_axi_protocol_converter/design_1_axi_interconnect_hp0_imp_auto_pc_1_axi_protocol_converter_v2_1_37_axi3_conv/design_1_axi_interconnect_hp0_imp_auto_pc_1_axi_protocol_converter_v2_1_37_a_axi3_conv/design_1_axi_interconnect_hp0_imp_auto_pc_1_axi_data_fifo_v2_1_36_axic_fifo_0/design_1_axi_interconnect_hp0_imp_auto_pc_1_axi_data_fifo_v2_1_36_fifo_gen/<hidden>/<hidden>/<hidden>/<hidden>/<hidden>/<hidden>
                         clock pessimism             -0.282     0.941    
    SLICE_X25Y38         FDPE (Remov_fdpe_C_PRE)     -0.095     0.846    design_1_wrapper/design_1/design_1_axi_interconnect_hp0_0/s01_couplers_imp_12AUBLP/design_1_axi_interconnect_hp0_imp_auto_pc_1/design_1_axi_interconnect_hp0_imp_auto_pc_1_axi_protocol_converter_v2_1_37_axi_protocol_converter/design_1_axi_interconnect_hp0_imp_auto_pc_1_axi_protocol_converter_v2_1_37_axi3_conv/design_1_axi_interconnect_hp0_imp_auto_pc_1_axi_protocol_converter_v2_1_37_a_axi3_conv/design_1_axi_interconnect_hp0_imp_auto_pc_1_axi_data_fifo_v2_1_36_axic_fifo_0/design_1_axi_interconnect_hp0_imp_auto_pc_1_axi_data_fifo_v2_1_36_fifo_gen/<hidden>/<hidden>/<hidden>/<hidden>/<hidden>/<hidden>
  -------------------------------------------------------------------
                         required time                         -0.846    
                         arrival time                           1.476    
  -------------------------------------------------------------------
                         slack                                  0.630    





--------------------------------------------------------------------------------------
Path Group:  (none)
From Clock:  
  To Clock:  clk_fpga_0

Max Delay             1 Endpoint
Min Delay             1 Endpoint
--------------------------------------------------------------------------------------


Max Delay Paths
--------------------------------------------------------------------------------------
Slack:                    inf
  Source:                 design_1_i/processing_system7_0/inst/PS7_i/FCLKRESETN[0]
                            (internal pin)
  Destination:            design_1_i/proc_sys_reset_0/U0/EXT_LPF/ACTIVE_LOW_EXT.ACT_LO_EXT/syncstages_ff_reg[0]/D
                            (rising edge-triggered cell FDRE clocked by clk_fpga_0  {rise@0.000ns fall@5.000ns period=10.000ns})
  Path Group:             (none)
  Path Type:              Setup (Max at Slow Process Corner)
  Data Path Delay:        2.554ns  (logic 0.124ns (4.855%)  route 2.430ns (95.145%))
  Logic Levels:           1  (LUT1=1)
  Clock Uncertainty:      0.152ns  ((TSJ^2 + TIJ^2)^1/2 + DJ) / 2 + PE
    Total System Jitter     (TSJ):    0.050ns
    Total Input Jitter      (TIJ):    0.300ns
    Discrete Jitter          (DJ):    0.000ns
    Phase Error              (PE):    0.000ns
  Timing Exception:       False Path

    Location             Delay type                Incr(ns)  Path(ns)    Netlist Resource(s)
  -------------------------------------------------------------------    -------------------
    PS7_X0Y0             PS7                          0.000     0.000 f  design_1_i/processing_system7_0/inst/PS7_i/FCLKRESETN[0]
                         net (fo=1, routed)           1.833     1.833    design_1_i/proc_sys_reset_0/U0/EXT_LPF/ext_reset_in
    SLICE_X47Y96         LUT1 (Prop_lut1_I0_O)        0.124     1.957 r  design_1_i/proc_sys_reset_0/U0/EXT_LPF/ACTIVE_LOW_EXT.ACT_LO_EXT_i_1/O
                         net (fo=1, routed)           0.598     2.554    design_1_i/proc_sys_reset_0/U0/EXT_LPF/ACTIVE_LOW_EXT.ACT_LO_EXT/src_in
    SLICE_X49Y98         FDRE                                         r  design_1_i/proc_sys_reset_0/U0/EXT_LPF/ACTIVE_LOW_EXT.ACT_LO_EXT/syncstages_ff_reg[0]/D
  -------------------------------------------------------------------    -------------------

                         (clock clk_fpga_0 rise edge)
                                                      0.000     0.000 r  
    PS7_X0Y0             PS7                          0.000     0.000 r  design_1_i/processing_system7_0/inst/PS7_i/FCLKCLK[0]
                         net (fo=1, routed)           1.088     1.088    design_1_i/processing_system7_0/inst/FCLK_CLK_unbuffered[0]
    BUFGCTRL_X0Y16       BUFG (Prop_bufg_I_O)         0.091     1.179 r  design_1_i/processing_system7_0/inst/buffer_fclk_clk_0.FCLK_CLK_0_BUFG/O
                         net (fo=11219, routed)       1.478     2.657    design_1_i/proc_sys_reset_0/U0/EXT_LPF/ACTIVE_LOW_EXT.ACT_LO_EXT/dest_clk
    SLICE_X49Y98         FDRE                                         r  design_1_i/proc_sys_reset_0/U0/EXT_LPF/ACTIVE_LOW_EXT.ACT_LO_EXT/syncstages_ff_reg[0]/C





Min Delay Paths
--------------------------------------------------------------------------------------
Slack:                    inf
  Source:                 design_1_i/processing_system7_0/inst/PS7_i/FCLKRESETN[0]
                            (internal pin)
  Destination:            design_1_i/proc_sys_reset_0/U0/EXT_LPF/ACTIVE_LOW_EXT.ACT_LO_EXT/syncstages_ff_reg[0]/D
                            (rising edge-triggered cell FDRE clocked by clk_fpga_0  {rise@0.000ns fall@5.000ns period=10.000ns})
  Path Group:             (none)
  Path Type:              Hold (Min at Fast Process Corner)
  Data Path Delay:        0.980ns  (logic 0.045ns (4.590%)  route 0.935ns (95.410%))
  Logic Levels:           1  (LUT1=1)
  Clock Uncertainty:      0.152ns  ((TSJ^2 + TIJ^2)^1/2 + DJ) / 2 + PE
    Total System Jitter     (TSJ):    0.050ns
    Total Input Jitter      (TIJ):    0.300ns
    Discrete Jitter          (DJ):    0.000ns
    Phase Error              (PE):    0.000ns
  Timing Exception:       False Path

    Location             Delay type                Incr(ns)  Path(ns)    Netlist Resource(s)
  -------------------------------------------------------------------    -------------------
    PS7_X0Y0             PS7                          0.000     0.000 f  design_1_i/processing_system7_0/inst/PS7_i/FCLKRESETN[0]
                         net (fo=1, routed)           0.715     0.715    design_1_i/proc_sys_reset_0/U0/EXT_LPF/ext_reset_in
    SLICE_X47Y96         LUT1 (Prop_lut1_I0_O)        0.045     0.760 r  design_1_i/proc_sys_reset_0/U0/EXT_LPF/ACTIVE_LOW_EXT.ACT_LO_EXT_i_1/O
                         net (fo=1, routed)           0.221     0.980    design_1_i/proc_sys_reset_0/U0/EXT_LPF/ACTIVE_LOW_EXT.ACT_LO_EXT/src_in
    SLICE_X49Y98         FDRE                                         r  design_1_i/proc_sys_reset_0/U0/EXT_LPF/ACTIVE_LOW_EXT.ACT_LO_EXT/syncstages_ff_reg[0]/D
  -------------------------------------------------------------------    -------------------

                         (clock clk_fpga_0 rise edge)
                                                      0.000     0.000 r  
    PS7_X0Y0             PS7                          0.000     0.000 r  design_1_i/processing_system7_0/inst/PS7_i/FCLKCLK[0]
                         net (fo=1, routed)           0.337     0.337    design_1_i/processing_system7_0/inst/FCLK_CLK_unbuffered[0]
    BUFGCTRL_X0Y16       BUFG (Prop_bufg_I_O)         0.029     0.366 r  design_1_i/processing_system7_0/inst/buffer_fclk_clk_0.FCLK_CLK_0_BUFG/O
                         net (fo=11219, routed)       0.825     1.191    design_1_i/proc_sys_reset_0/U0/EXT_LPF/ACTIVE_LOW_EXT.ACT_LO_EXT/dest_clk
    SLICE_X49Y98         FDRE                                         r  design_1_i/proc_sys_reset_0/U0/EXT_LPF/ACTIVE_LOW_EXT.ACT_LO_EXT/syncstages_ff_reg[0]/C





--------------------------------------------------------------------------------------
Path Group:  (none)
From Clock:  clk_fpga_0
  To Clock:  clk_fpga_0

Max Delay             7 Endpoints
Min Delay             7 Endpoints
--------------------------------------------------------------------------------------


Max Delay Paths
--------------------------------------------------------------------------------------
Slack:                    inf
  Source:                 design_1_i/proc_sys_reset_0/U0/ACTIVE_LOW_PR_OUT_DFF[0].FDRE_PER_N/C
                            (rising edge-triggered cell FDRE clocked by clk_fpga_0  {rise@0.000ns fall@5.000ns period=10.000ns})
  Destination:            design_1_wrapper/design_1/design_1_axi_interconnect_hp0_0/s00_couplers_imp_S4BDUK/design_1_axi_interconnect_hp0_imp_auto_pc_0/design_1_axi_interconnect_hp0_imp_auto_pc_0_axi_protocol_converter_v2_1_37_axi_protocol_converter/design_1_axi_interconnect_hp0_imp_auto_pc_0_axi_protocol_converter_v2_1_37_axi3_conv/design_1_axi_interconnect_hp0_imp_auto_pc_0_axi_protocol_converter_v2_1_37_a_axi3_conv/design_1_axi_interconnect_hp0_imp_auto_pc_0_axi_data_fifo_v2_1_36_axic_fifo/design_1_axi_interconnect_hp0_imp_auto_pc_0_axi_data_fifo_v2_1_36_fifo_gen/<hidden>/<hidden>/<hidden>/<hidden>/<hidden>/<hidden>
                            (recovery check against rising-edge clock clk_fpga_0  {rise@0.000ns fall@5.000ns period=10.000ns})
  Path Group:             (none)
  Path Type:              Recovery (Max at Slow Process Corner)
  Data Path Delay:        5.877ns  (logic 0.580ns (9.868%)  route 5.297ns (90.132%))
  Logic Levels:           1  (LUT1=1)
  Clock Path Skew:        -0.179ns (DCD - SCD + CPR)
    Destination Clock Delay (DCD):    2.755ns
    Source Clock Delay      (SCD):    2.934ns
    Clock Pessimism Removal (CPR):    0.000ns
  Clock Uncertainty:      0.154ns  ((TSJ^2 + TIJ^2)^1/2 + DJ) / 2 + PE
    Total System Jitter     (TSJ):    0.071ns
    Total Input Jitter      (TIJ):    0.300ns
    Discrete Jitter          (DJ):    0.000ns
    Phase Error              (PE):    0.000ns
  Timing Exception:       False Path

    Location             Delay type                Incr(ns)  Path(ns)    Netlist Resource(s)
  -------------------------------------------------------------------    -------------------
                         (clock clk_fpga_0 rise edge)
                                                      0.000     0.000 r  
    PS7_X0Y0             PS7                          0.000     0.000 r  design_1_i/processing_system7_0/inst/PS7_i/FCLKCLK[0]
                         net (fo=1, routed)           1.193     1.193    design_1_i/processing_system7_0/inst/FCLK_CLK_unbuffered[0]
    BUFGCTRL_X0Y16       BUFG (Prop_bufg_I_O)         0.101     1.294 r  design_1_i/processing_system7_0/inst/buffer_fclk_clk_0.FCLK_CLK_0_BUFG/O
                         net (fo=11219, routed)       1.640     2.934    design_1_i/proc_sys_reset_0/U0/slowest_sync_clk
    SLICE_X52Y98         FDRE                                         r  design_1_i/proc_sys_reset_0/U0/ACTIVE_LOW_PR_OUT_DFF[0].FDRE_PER_N/C
  -------------------------------------------------------------------    -------------------
    SLICE_X52Y98         FDRE (Prop_fdre_C_Q)         0.456     3.390 r  design_1_i/proc_sys_reset_0/U0/ACTIVE_LOW_PR_OUT_DFF[0].FDRE_PER_N/Q
                         net (fo=42, routed)          4.430     7.820    design_1_i/axi_interconnect_hp0/s00_couplers/auto_pc/inst/gen_axi4_axi3.axi3_conv_inst/USE_READ.USE_SPLIT_R.read_addr_inst/USE_R_CHANNEL.cmd_queue/inst/aresetn
    SLICE_X18Y42         LUT1 (Prop_lut1_I0_O)        0.124     7.944 f  design_1_i/axi_interconnect_hp0/s00_couplers/auto_pc/inst/gen_axi4_axi3.axi3_conv_inst/USE_READ.USE_SPLIT_R.read_addr_inst/USE_R_CHANNEL.cmd_queue/inst/S_AXI_ASIZE_Q[2]_i_1/O
                         net (fo=44, routed)          0.868     8.811    design_1_wrapper/design_1/design_1_axi_interconnect_hp0_0/s00_couplers_imp_S4BDUK/design_1_axi_interconnect_hp0_imp_auto_pc_0/design_1_axi_interconnect_hp0_imp_auto_pc_0_axi_protocol_converter_v2_1_37_axi_protocol_converter/design_1_axi_interconnect_hp0_imp_auto_pc_0_axi_protocol_converter_v2_1_37_axi3_conv/design_1_axi_interconnect_hp0_imp_auto_pc_0_axi_protocol_converter_v2_1_37_a_axi3_conv/design_1_axi_interconnect_hp0_imp_auto_pc_0_axi_data_fifo_v2_1_36_axic_fifo/design_1_axi_interconnect_hp0_imp_auto_pc_0_axi_data_fifo_v2_1_36_fifo_gen/<hidden>/<hidden>/<hidden>/<hidden>/<hidden>/<hidden>
    SLICE_X23Y40         FDPE                                         f  design_1_wrapper/design_1/design_1_axi_interconnect_hp0_0/s00_couplers_imp_S4BDUK/design_1_axi_interconnect_hp0_imp_auto_pc_0/design_1_axi_interconnect_hp0_imp_auto_pc_0_axi_protocol_converter_v2_1_37_axi_protocol_converter/design_1_axi_interconnect_hp0_imp_auto_pc_0_axi_protocol_converter_v2_1_37_axi3_conv/design_1_axi_interconnect_hp0_imp_auto_pc_0_axi_protocol_converter_v2_1_37_a_axi3_conv/design_1_axi_interconnect_hp0_imp_auto_pc_0_axi_data_fifo_v2_1_36_axic_fifo/design_1_axi_interconnect_hp0_imp_auto_pc_0_axi_data_fifo_v2_1_36_fifo_gen/<hidden>/<hidden>/<hidden>/<hidden>/<hidden>/<hidden>
  -------------------------------------------------------------------    -------------------

                         (clock clk_fpga_0 rise edge)
                                                      0.000     0.000 r  
    PS7_X0Y0             PS7                          0.000     0.000 r  design_1_i/processing_system7_0/inst/PS7_i/FCLKCLK[0]
                         net (fo=1, routed)           1.088     1.088    design_1_i/processing_system7_0/inst/FCLK_CLK_unbuffered[0]
    BUFGCTRL_X0Y16       BUFG (Prop_bufg_I_O)         0.091     1.179 r  design_1_i/processing_system7_0/inst/buffer_fclk_clk_0.FCLK_CLK_0_BUFG/O
                         net (fo=11219, routed)       1.576     2.755    design_1_wrapper/design_1/design_1_axi_interconnect_hp0_0/s00_couplers_imp_S4BDUK/design_1_axi_interconnect_hp0_imp_auto_pc_0/design_1_axi_interconnect_hp0_imp_auto_pc_0_axi_protocol_converter_v2_1_37_axi_protocol_converter/design_1_axi_interconnect_hp0_imp_auto_pc_0_axi_protocol_converter_v2_1_37_axi3_conv/design_1_axi_interconnect_hp0_imp_auto_pc_0_axi_protocol_converter_v2_1_37_a_axi3_conv/design_1_axi_interconnect_hp0_imp_auto_pc_0_axi_data_fifo_v2_1_36_axic_fifo/design_1_axi_interconnect_hp0_imp_auto_pc_0_axi_data_fifo_v2_1_36_fifo_gen/<hidden>/<hidden>/<hidden>/<hidden>/<hidden>/<hidden>
    SLICE_X23Y40         FDPE                                         r  design_1_wrapper/design_1/design_1_axi_interconnect_hp0_0/s00_couplers_imp_S4BDUK/design_1_axi_interconnect_hp0_imp_auto_pc_0/design_1_axi_interconnect_hp0_imp_auto_pc_0_axi_protocol_converter_v2_1_37_axi_protocol_converter/design_1_axi_interconnect_hp0_imp_auto_pc_0_axi_protocol_converter_v2_1_37_axi3_conv/design_1_axi_interconnect_hp0_imp_auto_pc_0_axi_protocol_converter_v2_1_37_a_axi3_conv/design_1_axi_interconnect_hp0_imp_auto_pc_0_axi_data_fifo_v2_1_36_axic_fifo/design_1_axi_interconnect_hp0_imp_auto_pc_0_axi_data_fifo_v2_1_36_fifo_gen/<hidden>/<hidden>/<hidden>/<hidden>/<hidden>/<hidden>

Slack:                    inf
  Source:                 design_1_i/proc_sys_reset_0/U0/ACTIVE_LOW_PR_OUT_DFF[0].FDRE_PER_N/C
                            (rising edge-triggered cell FDRE clocked by clk_fpga_0  {rise@0.000ns fall@5.000ns period=10.000ns})
  Destination:            design_1_wrapper/design_1/design_1_axi_interconnect_hp0_0/s00_couplers_imp_S4BDUK/design_1_axi_interconnect_hp0_imp_auto_pc_0/design_1_axi_interconnect_hp0_imp_auto_pc_0_axi_protocol_converter_v2_1_37_axi_protocol_converter/design_1_axi_interconnect_hp0_imp_auto_pc_0_axi_protocol_converter_v2_1_37_axi3_conv/design_1_axi_interconnect_hp0_imp_auto_pc_0_axi_protocol_converter_v2_1_37_a_axi3_conv/design_1_axi_interconnect_hp0_imp_auto_pc_0_axi_data_fifo_v2_1_36_axic_fifo/design_1_axi_interconnect_hp0_imp_auto_pc_0_axi_data_fifo_v2_1_36_fifo_gen/<hidden>/<hidden>/<hidden>/<hidden>/<hidden>/<hidden>
                            (recovery check against rising-edge clock clk_fpga_0  {rise@0.000ns fall@5.000ns period=10.000ns})
  Path Group:             (none)
  Path Type:              Recovery (Max at Slow Process Corner)
  Data Path Delay:        5.877ns  (logic 0.580ns (9.868%)  route 5.297ns (90.132%))
  Logic Levels:           1  (LUT1=1)
  Clock Path Skew:        -0.179ns (DCD - SCD + CPR)
    Destination Clock Delay (DCD):    2.755ns
    Source Clock Delay      (SCD):    2.934ns
    Clock Pessimism Removal (CPR):    0.000ns
  Clock Uncertainty:      0.154ns  ((TSJ^2 + TIJ^2)^1/2 + DJ) / 2 + PE
    Total System Jitter     (TSJ):    0.071ns
    Total Input Jitter      (TIJ):    0.300ns
    Discrete Jitter          (DJ):    0.000ns
    Phase Error              (PE):    0.000ns
  Timing Exception:       False Path

    Location             Delay type                Incr(ns)  Path(ns)    Netlist Resource(s)
  -------------------------------------------------------------------    -------------------
                         (clock clk_fpga_0 rise edge)
                                                      0.000     0.000 r  
    PS7_X0Y0             PS7                          0.000     0.000 r  design_1_i/processing_system7_0/inst/PS7_i/FCLKCLK[0]
                         net (fo=1, routed)           1.193     1.193    design_1_i/processing_system7_0/inst/FCLK_CLK_unbuffered[0]
    BUFGCTRL_X0Y16       BUFG (Prop_bufg_I_O)         0.101     1.294 r  design_1_i/processing_system7_0/inst/buffer_fclk_clk_0.FCLK_CLK_0_BUFG/O
                         net (fo=11219, routed)       1.640     2.934    design_1_i/proc_sys_reset_0/U0/slowest_sync_clk
    SLICE_X52Y98         FDRE                                         r  design_1_i/proc_sys_reset_0/U0/ACTIVE_LOW_PR_OUT_DFF[0].FDRE_PER_N/C
  -------------------------------------------------------------------    -------------------
    SLICE_X52Y98         FDRE (Prop_fdre_C_Q)         0.456     3.390 r  design_1_i/proc_sys_reset_0/U0/ACTIVE_LOW_PR_OUT_DFF[0].FDRE_PER_N/Q
                         net (fo=42, routed)          4.430     7.820    design_1_i/axi_interconnect_hp0/s00_couplers/auto_pc/inst/gen_axi4_axi3.axi3_conv_inst/USE_READ.USE_SPLIT_R.read_addr_inst/USE_R_CHANNEL.cmd_queue/inst/aresetn
    SLICE_X18Y42         LUT1 (Prop_lut1_I0_O)        0.124     7.944 f  design_1_i/axi_interconnect_hp0/s00_couplers/auto_pc/inst/gen_axi4_axi3.axi3_conv_inst/USE_READ.USE_SPLIT_R.read_addr_inst/USE_R_CHANNEL.cmd_queue/inst/S_AXI_ASIZE_Q[2]_i_1/O
                         net (fo=44, routed)          0.868     8.811    design_1_wrapper/design_1/design_1_axi_interconnect_hp0_0/s00_couplers_imp_S4BDUK/design_1_axi_interconnect_hp0_imp_auto_pc_0/design_1_axi_interconnect_hp0_imp_auto_pc_0_axi_protocol_converter_v2_1_37_axi_protocol_converter/design_1_axi_interconnect_hp0_imp_auto_pc_0_axi_protocol_converter_v2_1_37_axi3_conv/design_1_axi_interconnect_hp0_imp_auto_pc_0_axi_protocol_converter_v2_1_37_a_axi3_conv/design_1_axi_interconnect_hp0_imp_auto_pc_0_axi_data_fifo_v2_1_36_axic_fifo/design_1_axi_interconnect_hp0_imp_auto_pc_0_axi_data_fifo_v2_1_36_fifo_gen/<hidden>/<hidden>/<hidden>/<hidden>/<hidden>/<hidden>
    SLICE_X23Y40         FDPE                                         f  design_1_wrapper/design_1/design_1_axi_interconnect_hp0_0/s00_couplers_imp_S4BDUK/design_1_axi_interconnect_hp0_imp_auto_pc_0/design_1_axi_interconnect_hp0_imp_auto_pc_0_axi_protocol_converter_v2_1_37_axi_protocol_converter/design_1_axi_interconnect_hp0_imp_auto_pc_0_axi_protocol_converter_v2_1_37_axi3_conv/design_1_axi_interconnect_hp0_imp_auto_pc_0_axi_protocol_converter_v2_1_37_a_axi3_conv/design_1_axi_interconnect_hp0_imp_auto_pc_0_axi_data_fifo_v2_1_36_axic_fifo/design_1_axi_interconnect_hp0_imp_auto_pc_0_axi_data_fifo_v2_1_36_fifo_gen/<hidden>/<hidden>/<hidden>/<hidden>/<hidden>/<hidden>
  -------------------------------------------------------------------    -------------------

                         (clock clk_fpga_0 rise edge)
                                                      0.000     0.000 r  
    PS7_X0Y0             PS7                          0.000     0.000 r  design_1_i/processing_system7_0/inst/PS7_i/FCLKCLK[0]
                         net (fo=1, routed)           1.088     1.088    design_1_i/processing_system7_0/inst/FCLK_CLK_unbuffered[0]
    BUFGCTRL_X0Y16       BUFG (Prop_bufg_I_O)         0.091     1.179 r  design_1_i/processing_system7_0/inst/buffer_fclk_clk_0.FCLK_CLK_0_BUFG/O
                         net (fo=11219, routed)       1.576     2.755    design_1_wrapper/design_1/design_1_axi_interconnect_hp0_0/s00_couplers_imp_S4BDUK/design_1_axi_interconnect_hp0_imp_auto_pc_0/design_1_axi_interconnect_hp0_imp_auto_pc_0_axi_protocol_converter_v2_1_37_axi_protocol_converter/design_1_axi_interconnect_hp0_imp_auto_pc_0_axi_protocol_converter_v2_1_37_axi3_conv/design_1_axi_interconnect_hp0_imp_auto_pc_0_axi_protocol_converter_v2_1_37_a_axi3_conv/design_1_axi_interconnect_hp0_imp_auto_pc_0_axi_data_fifo_v2_1_36_axic_fifo/design_1_axi_interconnect_hp0_imp_auto_pc_0_axi_data_fifo_v2_1_36_fifo_gen/<hidden>/<hidden>/<hidden>/<hidden>/<hidden>/<hidden>
    SLICE_X23Y40         FDPE                                         r  design_1_wrapper/design_1/design_1_axi_interconnect_hp0_0/s00_couplers_imp_S4BDUK/design_1_axi_interconnect_hp0_imp_auto_pc_0/design_1_axi_interconnect_hp0_imp_auto_pc_0_axi_protocol_converter_v2_1_37_axi_protocol_converter/design_1_axi_interconnect_hp0_imp_auto_pc_0_axi_protocol_converter_v2_1_37_axi3_conv/design_1_axi_interconnect_hp0_imp_auto_pc_0_axi_protocol_converter_v2_1_37_a_axi3_conv/design_1_axi_interconnect_hp0_imp_auto_pc_0_axi_data_fifo_v2_1_36_axic_fifo/design_1_axi_interconnect_hp0_imp_auto_pc_0_axi_data_fifo_v2_1_36_fifo_gen/<hidden>/<hidden>/<hidden>/<hidden>/<hidden>/<hidden>

Slack:                    inf
  Source:                 design_1_i/proc_sys_reset_0/U0/ACTIVE_LOW_PR_OUT_DFF[0].FDRE_PER_N/C
                            (rising edge-triggered cell FDRE clocked by clk_fpga_0  {rise@0.000ns fall@5.000ns period=10.000ns})
  Destination:            design_1_wrapper/design_1/design_1_axi_interconnect_hp0_0/s01_couplers_imp_12AUBLP/design_1_axi_interconnect_hp0_imp_auto_pc_1/design_1_axi_interconnect_hp0_imp_auto_pc_1_axi_protocol_converter_v2_1_37_axi_protocol_converter/design_1_axi_interconnect_hp0_imp_auto_pc_1_axi_protocol_converter_v2_1_37_axi3_conv/design_1_axi_interconnect_hp0_imp_auto_pc_1_axi_protocol_converter_v2_1_37_a_axi3_conv/design_1_axi_interconnect_hp0_imp_auto_pc_1_axi_data_fifo_v2_1_36_axic_fifo/design_1_axi_interconnect_hp0_imp_auto_pc_1_axi_data_fifo_v2_1_36_fifo_gen_1/<hidden>/<hidden>/<hidden>/<hidden>/<hidden>/<hidden>
                            (recovery check against rising-edge clock clk_fpga_0  {rise@0.000ns fall@5.000ns period=10.000ns})
  Path Group:             (none)
  Path Type:              Recovery (Max at Slow Process Corner)
  Data Path Delay:        5.619ns  (logic 0.609ns (10.839%)  route 5.010ns (89.161%))
  Logic Levels:           1  (LUT1=1)
  Clock Path Skew:        -0.185ns (DCD - SCD + CPR)
    Destination Clock Delay (DCD):    2.750ns
    Source Clock Delay      (SCD):    2.934ns
    Clock Pessimism Removal (CPR):    0.000ns
  Clock Uncertainty:      0.154ns  ((TSJ^2 + TIJ^2)^1/2 + DJ) / 2 + PE
    Total System Jitter     (TSJ):    0.071ns
    Total Input Jitter      (TIJ):    0.300ns
    Discrete Jitter          (DJ):    0.000ns
    Phase Error              (PE):    0.000ns
  Timing Exception:       False Path

    Location             Delay type                Incr(ns)  Path(ns)    Netlist Resource(s)
  -------------------------------------------------------------------    -------------------
                         (clock clk_fpga_0 rise edge)
                                                      0.000     0.000 r  
    PS7_X0Y0             PS7                          0.000     0.000 r  design_1_i/processing_system7_0/inst/PS7_i/FCLKCLK[0]
                         net (fo=1, routed)           1.193     1.193    design_1_i/processing_system7_0/inst/FCLK_CLK_unbuffered[0]
    BUFGCTRL_X0Y16       BUFG (Prop_bufg_I_O)         0.101     1.294 r  design_1_i/processing_system7_0/inst/buffer_fclk_clk_0.FCLK_CLK_0_BUFG/O
                         net (fo=11219, routed)       1.640     2.934    design_1_i/proc_sys_reset_0/U0/slowest_sync_clk
    SLICE_X52Y98         FDRE                                         r  design_1_i/proc_sys_reset_0/U0/ACTIVE_LOW_PR_OUT_DFF[0].FDRE_PER_N/C
  -------------------------------------------------------------------    -------------------
    SLICE_X52Y98         FDRE (Prop_fdre_C_Q)         0.456     3.390 r  design_1_i/proc_sys_reset_0/U0/ACTIVE_LOW_PR_OUT_DFF[0].FDRE_PER_N/Q
                         net (fo=42, routed)          3.972     7.362    design_1_i/axi_interconnect_hp0/s01_couplers/auto_pc/inst/gen_axi4_axi3.axi3_conv_inst/USE_WRITE.write_addr_inst/USE_BURSTS.cmd_queue/inst/aresetn
    SLICE_X23Y43         LUT1 (Prop_lut1_I0_O)        0.153     7.515 f  design_1_i/axi_interconnect_hp0/s01_couplers/auto_pc/inst/gen_axi4_axi3.axi3_conv_inst/USE_WRITE.write_addr_inst/USE_BURSTS.cmd_queue/inst/S_AXI_AREADY_I_i_1/O
                         net (fo=115, routed)         1.037     8.553    design_1_wrapper/design_1/design_1_axi_interconnect_hp0_0/s01_couplers_imp_12AUBLP/design_1_axi_interconnect_hp0_imp_auto_pc_1/design_1_axi_interconnect_hp0_imp_auto_pc_1_axi_protocol_converter_v2_1_37_axi_protocol_converter/design_1_axi_interconnect_hp0_imp_auto_pc_1_axi_protocol_converter_v2_1_37_axi3_conv/design_1_axi_interconnect_hp0_imp_auto_pc_1_axi_protocol_converter_v2_1_37_a_axi3_conv/design_1_axi_interconnect_hp0_imp_auto_pc_1_axi_data_fifo_v2_1_36_axic_fifo/design_1_axi_interconnect_hp0_imp_auto_pc_1_axi_data_fifo_v2_1_36_fifo_gen_1/<hidden>/<hidden>/<hidden>/<hidden>/<hidden>/<hidden>
    SLICE_X28Y41         FDPE                                         f  design_1_wrapper/design_1/design_1_axi_interconnect_hp0_0/s01_couplers_imp_12AUBLP/design_1_axi_interconnect_hp0_imp_auto_pc_1/design_1_axi_interconnect_hp0_imp_auto_pc_1_axi_protocol_converter_v2_1_37_axi_protocol_converter/design_1_axi_interconnect_hp0_imp_auto_pc_1_axi_protocol_converter_v2_1_37_axi3_conv/design_1_axi_interconnect_hp0_imp_auto_pc_1_axi_protocol_converter_v2_1_37_a_axi3_conv/design_1_axi_interconnect_hp0_imp_auto_pc_1_axi_data_fifo_v2_1_36_axic_fifo/design_1_axi_interconnect_hp0_imp_auto_pc_1_axi_data_fifo_v2_1_36_fifo_gen_1/<hidden>/<hidden>/<hidden>/<hidden>/<hidden>/<hidden>
  -------------------------------------------------------------------    -------------------

                         (clock clk_fpga_0 rise edge)
                                                      0.000     0.000 r  
    PS7_X0Y0             PS7                          0.000     0.000 r  design_1_i/processing_system7_0/inst/PS7_i/FCLKCLK[0]
                         net (fo=1, routed)           1.088     1.088    design_1_i/processing_system7_0/inst/FCLK_CLK_unbuffered[0]
    BUFGCTRL_X0Y16       BUFG (Prop_bufg_I_O)         0.091     1.179 r  design_1_i/processing_system7_0/inst/buffer_fclk_clk_0.FCLK_CLK_0_BUFG/O
                         net (fo=11219, routed)       1.570     2.749    design_1_wrapper/design_1/design_1_axi_interconnect_hp0_0/s01_couplers_imp_12AUBLP/design_1_axi_interconnect_hp0_imp_auto_pc_1/design_1_axi_interconnect_hp0_imp_auto_pc_1_axi_protocol_converter_v2_1_37_axi_protocol_converter/design_1_axi_interconnect_hp0_imp_auto_pc_1_axi_protocol_converter_v2_1_37_axi3_conv/design_1_axi_interconnect_hp0_imp_auto_pc_1_axi_protocol_converter_v2_1_37_a_axi3_conv/design_1_axi_interconnect_hp0_imp_auto_pc_1_axi_data_fifo_v2_1_36_axic_fifo/design_1_axi_interconnect_hp0_imp_auto_pc_1_axi_data_fifo_v2_1_36_fifo_gen_1/<hidden>/<hidden>/<hidden>/<hidden>/<hidden>/<hidden>
    SLICE_X28Y41         FDPE                                         r  design_1_wrapper/design_1/design_1_axi_interconnect_hp0_0/s01_couplers_imp_12AUBLP/design_1_axi_interconnect_hp0_imp_auto_pc_1/design_1_axi_interconnect_hp0_imp_auto_pc_1_axi_protocol_converter_v2_1_37_axi_protocol_converter/design_1_axi_interconnect_hp0_imp_auto_pc_1_axi_protocol_converter_v2_1_37_axi3_conv/design_1_axi_interconnect_hp0_imp_auto_pc_1_axi_protocol_converter_v2_1_37_a_axi3_conv/design_1_axi_interconnect_hp0_imp_auto_pc_1_axi_data_fifo_v2_1_36_axic_fifo/design_1_axi_interconnect_hp0_imp_auto_pc_1_axi_data_fifo_v2_1_36_fifo_gen_1/<hidden>/<hidden>/<hidden>/<hidden>/<hidden>/<hidden>

Slack:                    inf
  Source:                 design_1_i/proc_sys_reset_0/U0/ACTIVE_LOW_PR_OUT_DFF[0].FDRE_PER_N/C
                            (rising edge-triggered cell FDRE clocked by clk_fpga_0  {rise@0.000ns fall@5.000ns period=10.000ns})
  Destination:            design_1_wrapper/design_1/design_1_axi_interconnect_hp0_0/s01_couplers_imp_12AUBLP/design_1_axi_interconnect_hp0_imp_auto_pc_1/design_1_axi_interconnect_hp0_imp_auto_pc_1_axi_protocol_converter_v2_1_37_axi_protocol_converter/design_1_axi_interconnect_hp0_imp_auto_pc_1_axi_protocol_converter_v2_1_37_axi3_conv/design_1_axi_interconnect_hp0_imp_auto_pc_1_axi_protocol_converter_v2_1_37_a_axi3_conv/design_1_axi_interconnect_hp0_imp_auto_pc_1_axi_data_fifo_v2_1_36_axic_fifo/design_1_axi_interconnect_hp0_imp_auto_pc_1_axi_data_fifo_v2_1_36_fifo_gen_1/<hidden>/<hidden>/<hidden>/<hidden>/<hidden>/<hidden>
                            (recovery check against rising-edge clock clk_fpga_0  {rise@0.000ns fall@5.000ns period=10.000ns})
  Path Group:             (none)
  Path Type:              Recovery (Max at Slow Process Corner)
  Data Path Delay:        5.619ns  (logic 0.609ns (10.839%)  route 5.010ns (89.161%))
  Logic Levels:           1  (LUT1=1)
  Clock Path Skew:        -0.185ns (DCD - SCD + CPR)
    Destination Clock Delay (DCD):    2.750ns
    Source Clock Delay      (SCD):    2.934ns
    Clock Pessimism Removal (CPR):    0.000ns
  Clock Uncertainty:      0.154ns  ((TSJ^2 + TIJ^2)^1/2 + DJ) / 2 + PE
    Total System Jitter     (TSJ):    0.071ns
    Total Input Jitter      (TIJ):    0.300ns
    Discrete Jitter          (DJ):    0.000ns
    Phase Error              (PE):    0.000ns
  Timing Exception:       False Path

    Location             Delay type                Incr(ns)  Path(ns)    Netlist Resource(s)
  -------------------------------------------------------------------    -------------------
                         (clock clk_fpga_0 rise edge)
                                                      0.000     0.000 r  
    PS7_X0Y0             PS7                          0.000     0.000 r  design_1_i/processing_system7_0/inst/PS7_i/FCLKCLK[0]
                         net (fo=1, routed)           1.193     1.193    design_1_i/processing_system7_0/inst/FCLK_CLK_unbuffered[0]
    BUFGCTRL_X0Y16       BUFG (Prop_bufg_I_O)         0.101     1.294 r  design_1_i/processing_system7_0/inst/buffer_fclk_clk_0.FCLK_CLK_0_BUFG/O
                         net (fo=11219, routed)       1.640     2.934    design_1_i/proc_sys_reset_0/U0/slowest_sync_clk
    SLICE_X52Y98         FDRE                                         r  design_1_i/proc_sys_reset_0/U0/ACTIVE_LOW_PR_OUT_DFF[0].FDRE_PER_N/C
  -------------------------------------------------------------------    -------------------
    SLICE_X52Y98         FDRE (Prop_fdre_C_Q)         0.456     3.390 r  design_1_i/proc_sys_reset_0/U0/ACTIVE_LOW_PR_OUT_DFF[0].FDRE_PER_N/Q
                         net (fo=42, routed)          3.972     7.362    design_1_i/axi_interconnect_hp0/s01_couplers/auto_pc/inst/gen_axi4_axi3.axi3_conv_inst/USE_WRITE.write_addr_inst/USE_BURSTS.cmd_queue/inst/aresetn
    SLICE_X23Y43         LUT1 (Prop_lut1_I0_O)        0.153     7.515 f  design_1_i/axi_interconnect_hp0/s01_couplers/auto_pc/inst/gen_axi4_axi3.axi3_conv_inst/USE_WRITE.write_addr_inst/USE_BURSTS.cmd_queue/inst/S_AXI_AREADY_I_i_1/O
                         net (fo=115, routed)         1.037     8.553    design_1_wrapper/design_1/design_1_axi_interconnect_hp0_0/s01_couplers_imp_12AUBLP/design_1_axi_interconnect_hp0_imp_auto_pc_1/design_1_axi_interconnect_hp0_imp_auto_pc_1_axi_protocol_converter_v2_1_37_axi_protocol_converter/design_1_axi_interconnect_hp0_imp_auto_pc_1_axi_protocol_converter_v2_1_37_axi3_conv/design_1_axi_interconnect_hp0_imp_auto_pc_1_axi_protocol_converter_v2_1_37_a_axi3_conv/design_1_axi_interconnect_hp0_imp_auto_pc_1_axi_data_fifo_v2_1_36_axic_fifo/design_1_axi_interconnect_hp0_imp_auto_pc_1_axi_data_fifo_v2_1_36_fifo_gen_1/<hidden>/<hidden>/<hidden>/<hidden>/<hidden>/<hidden>
    SLICE_X28Y41         FDPE                                         f  design_1_wrapper/design_1/design_1_axi_interconnect_hp0_0/s01_couplers_imp_12AUBLP/design_1_axi_interconnect_hp0_imp_auto_pc_1/design_1_axi_interconnect_hp0_imp_auto_pc_1_axi_protocol_converter_v2_1_37_axi_protocol_converter/design_1_axi_interconnect_hp0_imp_auto_pc_1_axi_protocol_converter_v2_1_37_axi3_conv/design_1_axi_interconnect_hp0_imp_auto_pc_1_axi_protocol_converter_v2_1_37_a_axi3_conv/design_1_axi_interconnect_hp0_imp_auto_pc_1_axi_data_fifo_v2_1_36_axic_fifo/design_1_axi_interconnect_hp0_imp_auto_pc_1_axi_data_fifo_v2_1_36_fifo_gen_1/<hidden>/<hidden>/<hidden>/<hidden>/<hidden>/<hidden>
  -------------------------------------------------------------------    -------------------

                         (clock clk_fpga_0 rise edge)
                                                      0.000     0.000 r  
    PS7_X0Y0             PS7                          0.000     0.000 r  design_1_i/processing_system7_0/inst/PS7_i/FCLKCLK[0]
                         net (fo=1, routed)           1.088     1.088    design_1_i/processing_system7_0/inst/FCLK_CLK_unbuffered[0]
    BUFGCTRL_X0Y16       BUFG (Prop_bufg_I_O)         0.091     1.179 r  design_1_i/processing_system7_0/inst/buffer_fclk_clk_0.FCLK_CLK_0_BUFG/O
                         net (fo=11219, routed)       1.570     2.749    design_1_wrapper/design_1/design_1_axi_interconnect_hp0_0/s01_couplers_imp_12AUBLP/design_1_axi_interconnect_hp0_imp_auto_pc_1/design_1_axi_interconnect_hp0_imp_auto_pc_1_axi_protocol_converter_v2_1_37_axi_protocol_converter/design_1_axi_interconnect_hp0_imp_auto_pc_1_axi_protocol_converter_v2_1_37_axi3_conv/design_1_axi_interconnect_hp0_imp_auto_pc_1_axi_protocol_converter_v2_1_37_a_axi3_conv/design_1_axi_interconnect_hp0_imp_auto_pc_1_axi_data_fifo_v2_1_36_axic_fifo/design_1_axi_interconnect_hp0_imp_auto_pc_1_axi_data_fifo_v2_1_36_fifo_gen_1/<hidden>/<hidden>/<hidden>/<hidden>/<hidden>/<hidden>
    SLICE_X28Y41         FDPE                                         r  design_1_wrapper/design_1/design_1_axi_interconnect_hp0_0/s01_couplers_imp_12AUBLP/design_1_axi_interconnect_hp0_imp_auto_pc_1/design_1_axi_interconnect_hp0_imp_auto_pc_1_axi_protocol_converter_v2_1_37_axi_protocol_converter/design_1_axi_interconnect_hp0_imp_auto_pc_1_axi_protocol_converter_v2_1_37_axi3_conv/design_1_axi_interconnect_hp0_imp_auto_pc_1_axi_protocol_converter_v2_1_37_a_axi3_conv/design_1_axi_interconnect_hp0_imp_auto_pc_1_axi_data_fifo_v2_1_36_axic_fifo/design_1_axi_interconnect_hp0_imp_auto_pc_1_axi_data_fifo_v2_1_36_fifo_gen_1/<hidden>/<hidden>/<hidden>/<hidden>/<hidden>/<hidden>

Slack:                    inf
  Source:                 design_1_i/proc_sys_reset_0/U0/ACTIVE_LOW_PR_OUT_DFF[0].FDRE_PER_N/C
                            (rising edge-triggered cell FDRE clocked by clk_fpga_0  {rise@0.000ns fall@5.000ns period=10.000ns})
  Destination:            design_1_wrapper/design_1/design_1_axi_interconnect_hp0_0/s01_couplers_imp_12AUBLP/design_1_axi_interconnect_hp0_imp_auto_pc_1/design_1_axi_interconnect_hp0_imp_auto_pc_1_axi_protocol_converter_v2_1_37_axi_protocol_converter/design_1_axi_interconnect_hp0_imp_auto_pc_1_axi_protocol_converter_v2_1_37_axi3_conv/design_1_axi_interconnect_hp0_imp_auto_pc_1_axi_protocol_converter_v2_1_37_a_axi3_conv/design_1_axi_interconnect_hp0_imp_auto_pc_1_axi_data_fifo_v2_1_36_axic_fifo_0/design_1_axi_interconnect_hp0_imp_auto_pc_1_axi_data_fifo_v2_1_36_fifo_gen/<hidden>/<hidden>/<hidden>/<hidden>/<hidden>/<hidden>
                            (recovery check against rising-edge clock clk_fpga_0  {rise@0.000ns fall@5.000ns period=10.000ns})
  Path Group:             (none)
  Path Type:              Recovery (Max at Slow Process Corner)
  Data Path Delay:        5.619ns  (logic 0.609ns (10.839%)  route 5.010ns (89.161%))
  Logic Levels:           1  (LUT1=1)
  Clock Path Skew:        -0.185ns (DCD - SCD + CPR)
    Destination Clock Delay (DCD):    2.750ns
    Source Clock Delay      (SCD):    2.934ns
    Clock Pessimism Removal (CPR):    0.000ns
  Clock Uncertainty:      0.154ns  ((TSJ^2 + TIJ^2)^1/2 + DJ) / 2 + PE
    Total System Jitter     (TSJ):    0.071ns
    Total Input Jitter      (TIJ):    0.300ns
    Discrete Jitter          (DJ):    0.000ns
    Phase Error              (PE):    0.000ns
  Timing Exception:       False Path

    Location             Delay type                Incr(ns)  Path(ns)    Netlist Resource(s)
  -------------------------------------------------------------------    -------------------
                         (clock clk_fpga_0 rise edge)
                                                      0.000     0.000 r  
    PS7_X0Y0             PS7                          0.000     0.000 r  design_1_i/processing_system7_0/inst/PS7_i/FCLKCLK[0]
                         net (fo=1, routed)           1.193     1.193    design_1_i/processing_system7_0/inst/FCLK_CLK_unbuffered[0]
    BUFGCTRL_X0Y16       BUFG (Prop_bufg_I_O)         0.101     1.294 r  design_1_i/processing_system7_0/inst/buffer_fclk_clk_0.FCLK_CLK_0_BUFG/O
                         net (fo=11219, routed)       1.640     2.934    design_1_i/proc_sys_reset_0/U0/slowest_sync_clk
    SLICE_X52Y98         FDRE                                         r  design_1_i/proc_sys_reset_0/U0/ACTIVE_LOW_PR_OUT_DFF[0].FDRE_PER_N/C
  -------------------------------------------------------------------    -------------------
    SLICE_X52Y98         FDRE (Prop_fdre_C_Q)         0.456     3.390 r  design_1_i/proc_sys_reset_0/U0/ACTIVE_LOW_PR_OUT_DFF[0].FDRE_PER_N/Q
                         net (fo=42, routed)          3.972     7.362    design_1_i/axi_interconnect_hp0/s01_couplers/auto_pc/inst/gen_axi4_axi3.axi3_conv_inst/USE_WRITE.write_addr_inst/USE_BURSTS.cmd_queue/inst/aresetn
    SLICE_X23Y43         LUT1 (Prop_lut1_I0_O)        0.153     7.515 f  design_1_i/axi_interconnect_hp0/s01_couplers/auto_pc/inst/gen_axi4_axi3.axi3_conv_inst/USE_WRITE.write_addr_inst/USE_BURSTS.cmd_queue/inst/S_AXI_AREADY_I_i_1/O
                         net (fo=115, routed)         1.037     8.553    design_1_wrapper/design_1/design_1_axi_interconnect_hp0_0/s01_couplers_imp_12AUBLP/design_1_axi_interconnect_hp0_imp_auto_pc_1/design_1_axi_interconnect_hp0_imp_auto_pc_1_axi_protocol_converter_v2_1_37_axi_protocol_converter/design_1_axi_interconnect_hp0_imp_auto_pc_1_axi_protocol_converter_v2_1_37_axi3_conv/design_1_axi_interconnect_hp0_imp_auto_pc_1_axi_protocol_converter_v2_1_37_a_axi3_conv/design_1_axi_interconnect_hp0_imp_auto_pc_1_axi_data_fifo_v2_1_36_axic_fifo_0/design_1_axi_interconnect_hp0_imp_auto_pc_1_axi_data_fifo_v2_1_36_fifo_gen/<hidden>/<hidden>/<hidden>/<hidden>/<hidden>/<hidden>
    SLICE_X28Y41         FDPE                                         f  design_1_wrapper/design_1/design_1_axi_interconnect_hp0_0/s01_couplers_imp_12AUBLP/design_1_axi_interconnect_hp0_imp_auto_pc_1/design_1_axi_interconnect_hp0_imp_auto_pc_1_axi_protocol_converter_v2_1_37_axi_protocol_converter/design_1_axi_interconnect_hp0_imp_auto_pc_1_axi_protocol_converter_v2_1_37_axi3_conv/design_1_axi_interconnect_hp0_imp_auto_pc_1_axi_protocol_converter_v2_1_37_a_axi3_conv/design_1_axi_interconnect_hp0_imp_auto_pc_1_axi_data_fifo_v2_1_36_axic_fifo_0/design_1_axi_interconnect_hp0_imp_auto_pc_1_axi_data_fifo_v2_1_36_fifo_gen/<hidden>/<hidden>/<hidden>/<hidden>/<hidden>/<hidden>
  -------------------------------------------------------------------    -------------------

                         (clock clk_fpga_0 rise edge)
                                                      0.000     0.000 r  
    PS7_X0Y0             PS7                          0.000     0.000 r  design_1_i/processing_system7_0/inst/PS7_i/FCLKCLK[0]
                         net (fo=1, routed)           1.088     1.088    design_1_i/processing_system7_0/inst/FCLK_CLK_unbuffered[0]
    BUFGCTRL_X0Y16       BUFG (Prop_bufg_I_O)         0.091     1.179 r  design_1_i/processing_system7_0/inst/buffer_fclk_clk_0.FCLK_CLK_0_BUFG/O
                         net (fo=11219, routed)       1.570     2.749    design_1_wrapper/design_1/design_1_axi_interconnect_hp0_0/s01_couplers_imp_12AUBLP/design_1_axi_interconnect_hp0_imp_auto_pc_1/design_1_axi_interconnect_hp0_imp_auto_pc_1_axi_protocol_converter_v2_1_37_axi_protocol_converter/design_1_axi_interconnect_hp0_imp_auto_pc_1_axi_protocol_converter_v2_1_37_axi3_conv/design_1_axi_interconnect_hp0_imp_auto_pc_1_axi_protocol_converter_v2_1_37_a_axi3_conv/design_1_axi_interconnect_hp0_imp_auto_pc_1_axi_data_fifo_v2_1_36_axic_fifo_0/design_1_axi_interconnect_hp0_imp_auto_pc_1_axi_data_fifo_v2_1_36_fifo_gen/<hidden>/<hidden>/<hidden>/<hidden>/<hidden>/<hidden>
    SLICE_X28Y41         FDPE                                         r  design_1_wrapper/design_1/design_1_axi_interconnect_hp0_0/s01_couplers_imp_12AUBLP/design_1_axi_interconnect_hp0_imp_auto_pc_1/design_1_axi_interconnect_hp0_imp_auto_pc_1_axi_protocol_converter_v2_1_37_axi_protocol_converter/design_1_axi_interconnect_hp0_imp_auto_pc_1_axi_protocol_converter_v2_1_37_axi3_conv/design_1_axi_interconnect_hp0_imp_auto_pc_1_axi_protocol_converter_v2_1_37_a_axi3_conv/design_1_axi_interconnect_hp0_imp_auto_pc_1_axi_data_fifo_v2_1_36_axic_fifo_0/design_1_axi_interconnect_hp0_imp_auto_pc_1_axi_data_fifo_v2_1_36_fifo_gen/<hidden>/<hidden>/<hidden>/<hidden>/<hidden>/<hidden>

Slack:                    inf
  Source:                 design_1_i/proc_sys_reset_0/U0/ACTIVE_LOW_PR_OUT_DFF[0].FDRE_PER_N/C
                            (rising edge-triggered cell FDRE clocked by clk_fpga_0  {rise@0.000ns fall@5.000ns period=10.000ns})
  Destination:            design_1_wrapper/design_1/design_1_axi_interconnect_hp0_0/s01_couplers_imp_12AUBLP/design_1_axi_interconnect_hp0_imp_auto_pc_1/design_1_axi_interconnect_hp0_imp_auto_pc_1_axi_protocol_converter_v2_1_37_axi_protocol_converter/design_1_axi_interconnect_hp0_imp_auto_pc_1_axi_protocol_converter_v2_1_37_axi3_conv/design_1_axi_interconnect_hp0_imp_auto_pc_1_axi_protocol_converter_v2_1_37_a_axi3_conv/design_1_axi_interconnect_hp0_imp_auto_pc_1_axi_data_fifo_v2_1_36_axic_fifo_0/design_1_axi_interconnect_hp0_imp_auto_pc_1_axi_data_fifo_v2_1_36_fifo_gen/<hidden>/<hidden>/<hidden>/<hidden>/<hidden>/<hidden>
                            (recovery check against rising-edge clock clk_fpga_0  {rise@0.000ns fall@5.000ns period=10.000ns})
  Path Group:             (none)
  Path Type:              Recovery (Max at Slow Process Corner)
  Data Path Delay:        5.619ns  (logic 0.609ns (10.839%)  route 5.010ns (89.161%))
  Logic Levels:           1  (LUT1=1)
  Clock Path Skew:        -0.185ns (DCD - SCD + CPR)
    Destination Clock Delay (DCD):    2.750ns
    Source Clock Delay      (SCD):    2.934ns
    Clock Pessimism Removal (CPR):    0.000ns
  Clock Uncertainty:      0.154ns  ((TSJ^2 + TIJ^2)^1/2 + DJ) / 2 + PE
    Total System Jitter     (TSJ):    0.071ns
    Total Input Jitter      (TIJ):    0.300ns
    Discrete Jitter          (DJ):    0.000ns
    Phase Error              (PE):    0.000ns
  Timing Exception:       False Path

    Location             Delay type                Incr(ns)  Path(ns)    Netlist Resource(s)
  -------------------------------------------------------------------    -------------------
                         (clock clk_fpga_0 rise edge)
                                                      0.000     0.000 r  
    PS7_X0Y0             PS7                          0.000     0.000 r  design_1_i/processing_system7_0/inst/PS7_i/FCLKCLK[0]
                         net (fo=1, routed)           1.193     1.193    design_1_i/processing_system7_0/inst/FCLK_CLK_unbuffered[0]
    BUFGCTRL_X0Y16       BUFG (Prop_bufg_I_O)         0.101     1.294 r  design_1_i/processing_system7_0/inst/buffer_fclk_clk_0.FCLK_CLK_0_BUFG/O
                         net (fo=11219, routed)       1.640     2.934    design_1_i/proc_sys_reset_0/U0/slowest_sync_clk
    SLICE_X52Y98         FDRE                                         r  design_1_i/proc_sys_reset_0/U0/ACTIVE_LOW_PR_OUT_DFF[0].FDRE_PER_N/C
  -------------------------------------------------------------------    -------------------
    SLICE_X52Y98         FDRE (Prop_fdre_C_Q)         0.456     3.390 r  design_1_i/proc_sys_reset_0/U0/ACTIVE_LOW_PR_OUT_DFF[0].FDRE_PER_N/Q
                         net (fo=42, routed)          3.972     7.362    design_1_i/axi_interconnect_hp0/s01_couplers/auto_pc/inst/gen_axi4_axi3.axi3_conv_inst/USE_WRITE.write_addr_inst/USE_BURSTS.cmd_queue/inst/aresetn
    SLICE_X23Y43         LUT1 (Prop_lut1_I0_O)        0.153     7.515 f  design_1_i/axi_interconnect_hp0/s01_couplers/auto_pc/inst/gen_axi4_axi3.axi3_conv_inst/USE_WRITE.write_addr_inst/USE_BURSTS.cmd_queue/inst/S_AXI_AREADY_I_i_1/O
                         net (fo=115, routed)         1.037     8.553    design_1_wrapper/design_1/design_1_axi_interconnect_hp0_0/s01_couplers_imp_12AUBLP/design_1_axi_interconnect_hp0_imp_auto_pc_1/design_1_axi_interconnect_hp0_imp_auto_pc_1_axi_protocol_converter_v2_1_37_axi_protocol_converter/design_1_axi_interconnect_hp0_imp_auto_pc_1_axi_protocol_converter_v2_1_37_axi3_conv/design_1_axi_interconnect_hp0_imp_auto_pc_1_axi_protocol_converter_v2_1_37_a_axi3_conv/design_1_axi_interconnect_hp0_imp_auto_pc_1_axi_data_fifo_v2_1_36_axic_fifo_0/design_1_axi_interconnect_hp0_imp_auto_pc_1_axi_data_fifo_v2_1_36_fifo_gen/<hidden>/<hidden>/<hidden>/<hidden>/<hidden>/<hidden>
    SLICE_X28Y41         FDPE                                         f  design_1_wrapper/design_1/design_1_axi_interconnect_hp0_0/s01_couplers_imp_12AUBLP/design_1_axi_interconnect_hp0_imp_auto_pc_1/design_1_axi_interconnect_hp0_imp_auto_pc_1_axi_protocol_converter_v2_1_37_axi_protocol_converter/design_1_axi_interconnect_hp0_imp_auto_pc_1_axi_protocol_converter_v2_1_37_axi3_conv/design_1_axi_interconnect_hp0_imp_auto_pc_1_axi_protocol_converter_v2_1_37_a_axi3_conv/design_1_axi_interconnect_hp0_imp_auto_pc_1_axi_data_fifo_v2_1_36_axic_fifo_0/design_1_axi_interconnect_hp0_imp_auto_pc_1_axi_data_fifo_v2_1_36_fifo_gen/<hidden>/<hidden>/<hidden>/<hidden>/<hidden>/<hidden>
  -------------------------------------------------------------------    -------------------

                         (clock clk_fpga_0 rise edge)
                                                      0.000     0.000 r  
    PS7_X0Y0             PS7                          0.000     0.000 r  design_1_i/processing_system7_0/inst/PS7_i/FCLKCLK[0]
                         net (fo=1, routed)           1.088     1.088    design_1_i/processing_system7_0/inst/FCLK_CLK_unbuffered[0]
    BUFGCTRL_X0Y16       BUFG (Prop_bufg_I_O)         0.091     1.179 r  design_1_i/processing_system7_0/inst/buffer_fclk_clk_0.FCLK_CLK_0_BUFG/O
                         net (fo=11219, routed)       1.570     2.749    design_1_wrapper/design_1/design_1_axi_interconnect_hp0_0/s01_couplers_imp_12AUBLP/design_1_axi_interconnect_hp0_imp_auto_pc_1/design_1_axi_interconnect_hp0_imp_auto_pc_1_axi_protocol_converter_v2_1_37_axi_protocol_converter/design_1_axi_interconnect_hp0_imp_auto_pc_1_axi_protocol_converter_v2_1_37_axi3_conv/design_1_axi_interconnect_hp0_imp_auto_pc_1_axi_protocol_converter_v2_1_37_a_axi3_conv/design_1_axi_interconnect_hp0_imp_auto_pc_1_axi_data_fifo_v2_1_36_axic_fifo_0/design_1_axi_interconnect_hp0_imp_auto_pc_1_axi_data_fifo_v2_1_36_fifo_gen/<hidden>/<hidden>/<hidden>/<hidden>/<hidden>/<hidden>
    SLICE_X28Y41         FDPE                                         r  design_1_wrapper/design_1/design_1_axi_interconnect_hp0_0/s01_couplers_imp_12AUBLP/design_1_axi_interconnect_hp0_imp_auto_pc_1/design_1_axi_interconnect_hp0_imp_auto_pc_1_axi_protocol_converter_v2_1_37_axi_protocol_converter/design_1_axi_interconnect_hp0_imp_auto_pc_1_axi_protocol_converter_v2_1_37_axi3_conv/design_1_axi_interconnect_hp0_imp_auto_pc_1_axi_protocol_converter_v2_1_37_a_axi3_conv/design_1_axi_interconnect_hp0_imp_auto_pc_1_axi_data_fifo_v2_1_36_axic_fifo_0/design_1_axi_interconnect_hp0_imp_auto_pc_1_axi_data_fifo_v2_1_36_fifo_gen/<hidden>/<hidden>/<hidden>/<hidden>/<hidden>/<hidden>

Slack:                    inf
  Source:                 design_1_i/proc_sys_reset_0/U0/ACTIVE_LOW_PR_OUT_DFF[0].FDRE_PER_N/C
                            (rising edge-triggered cell FDRE clocked by clk_fpga_0  {rise@0.000ns fall@5.000ns period=10.000ns})
  Destination:            design_1_i/axi_dma_0/U0/I_RST_MODULE/REG_HRD_RST/syncstages_ff_reg[0]/D
                            (rising edge-triggered cell FDRE clocked by clk_fpga_0  {rise@0.000ns fall@5.000ns period=10.000ns})
  Path Group:             (none)
  Path Type:              Setup (Max at Slow Process Corner)
  Data Path Delay:        5.112ns  (logic 0.456ns (8.921%)  route 4.656ns (91.079%))
  Logic Levels:           0  
  Clock Path Skew:        -0.189ns (DCD - SCD + CPR)
    Destination Clock Delay (DCD):    2.745ns
    Source Clock Delay      (SCD):    2.934ns
    Clock Pessimism Removal (CPR):    0.000ns
  Clock Uncertainty:      0.154ns  ((TSJ^2 + TIJ^2)^1/2 + DJ) / 2 + PE
    Total System Jitter     (TSJ):    0.071ns
    Total Input Jitter      (TIJ):    0.300ns
    Discrete Jitter          (DJ):    0.000ns
    Phase Error              (PE):    0.000ns
  Timing Exception:       False Path

    Location             Delay type                Incr(ns)  Path(ns)    Netlist Resource(s)
  -------------------------------------------------------------------    -------------------
                         (clock clk_fpga_0 rise edge)
                                                      0.000     0.000 r  
    PS7_X0Y0             PS7                          0.000     0.000 r  design_1_i/processing_system7_0/inst/PS7_i/FCLKCLK[0]
                         net (fo=1, routed)           1.193     1.193    design_1_i/processing_system7_0/inst/FCLK_CLK_unbuffered[0]
    BUFGCTRL_X0Y16       BUFG (Prop_bufg_I_O)         0.101     1.294 r  design_1_i/processing_system7_0/inst/buffer_fclk_clk_0.FCLK_CLK_0_BUFG/O
                         net (fo=11219, routed)       1.640     2.934    design_1_i/proc_sys_reset_0/U0/slowest_sync_clk
    SLICE_X52Y98         FDRE                                         r  design_1_i/proc_sys_reset_0/U0/ACTIVE_LOW_PR_OUT_DFF[0].FDRE_PER_N/C
  -------------------------------------------------------------------    -------------------
    SLICE_X52Y98         FDRE (Prop_fdre_C_Q)         0.456     3.390 r  design_1_i/proc_sys_reset_0/U0/ACTIVE_LOW_PR_OUT_DFF[0].FDRE_PER_N/Q
                         net (fo=42, routed)          4.656     8.046    design_1_i/axi_dma_0/U0/I_RST_MODULE/REG_HRD_RST/src_rst
    SLICE_X26Y34         FDRE                                         r  design_1_i/axi_dma_0/U0/I_RST_MODULE/REG_HRD_RST/syncstages_ff_reg[0]/D
  -------------------------------------------------------------------    -------------------

                         (clock clk_fpga_0 rise edge)
                                                      0.000     0.000 r  
    PS7_X0Y0             PS7                          0.000     0.000 r  design_1_i/processing_system7_0/inst/PS7_i/FCLKCLK[0]
                         net (fo=1, routed)           1.088     1.088    design_1_i/processing_system7_0/inst/FCLK_CLK_unbuffered[0]
    BUFGCTRL_X0Y16       BUFG (Prop_bufg_I_O)         0.091     1.179 r  design_1_i/processing_system7_0/inst/buffer_fclk_clk_0.FCLK_CLK_0_BUFG/O
                         net (fo=11219, routed)       1.566     2.745    design_1_i/axi_dma_0/U0/I_RST_MODULE/REG_HRD_RST/dest_clk
    SLICE_X26Y34         FDRE                                         r  design_1_i/axi_dma_0/U0/I_RST_MODULE/REG_HRD_RST/syncstages_ff_reg[0]/C





Min Delay Paths
--------------------------------------------------------------------------------------
Slack:                    inf
  Source:                 design_1_i/proc_sys_reset_0/U0/ACTIVE_LOW_PR_OUT_DFF[0].FDRE_PER_N/C
                            (rising edge-triggered cell FDRE clocked by clk_fpga_0  {rise@0.000ns fall@5.000ns period=10.000ns})
  Destination:            design_1_i/axi_dma_0/U0/I_RST_MODULE/REG_HRD_RST/syncstages_ff_reg[0]/D
                            (rising edge-triggered cell FDRE clocked by clk_fpga_0  {rise@0.000ns fall@5.000ns period=10.000ns})
  Path Group:             (none)
  Path Type:              Hold (Min at Fast Process Corner)
  Data Path Delay:        2.177ns  (logic 0.141ns (6.478%)  route 2.036ns (93.522%))
  Logic Levels:           0  
  Clock Path Skew:        0.330ns (DCD - SCD - CPR)
    Destination Clock Delay (DCD):    1.219ns
    Source Clock Delay      (SCD):    0.889ns
    Clock Pessimism Removal (CPR):    -0.000ns
  Clock Uncertainty:      0.154ns  ((TSJ^2 + TIJ^2)^1/2 + DJ) / 2 + PE
    Total System Jitter     (TSJ):    0.071ns
    Total Input Jitter      (TIJ):    0.300ns
    Discrete Jitter          (DJ):    0.000ns
    Phase Error              (PE):    0.000ns
  Timing Exception:       False Path

    Location             Delay type                Incr(ns)  Path(ns)    Netlist Resource(s)
  -------------------------------------------------------------------    -------------------
                         (clock clk_fpga_0 rise edge)
                                                      0.000     0.000 r  
    PS7_X0Y0             PS7                          0.000     0.000 r  design_1_i/processing_system7_0/inst/PS7_i/FCLKCLK[0]
                         net (fo=1, routed)           0.310     0.310    design_1_i/processing_system7_0/inst/FCLK_CLK_unbuffered[0]
    BUFGCTRL_X0Y16       BUFG (Prop_bufg_I_O)         0.026     0.336 r  design_1_i/processing_system7_0/inst/buffer_fclk_clk_0.FCLK_CLK_0_BUFG/O
                         net (fo=11219, routed)       0.553     0.889    design_1_i/proc_sys_reset_0/U0/slowest_sync_clk
    SLICE_X52Y98         FDRE                                         r  design_1_i/proc_sys_reset_0/U0/ACTIVE_LOW_PR_OUT_DFF[0].FDRE_PER_N/C
  -------------------------------------------------------------------    -------------------
    SLICE_X52Y98         FDRE (Prop_fdre_C_Q)         0.141     1.030 r  design_1_i/proc_sys_reset_0/U0/ACTIVE_LOW_PR_OUT_DFF[0].FDRE_PER_N/Q
                         net (fo=42, routed)          2.036     3.065    design_1_i/axi_dma_0/U0/I_RST_MODULE/REG_HRD_RST/src_rst
    SLICE_X26Y34         FDRE                                         r  design_1_i/axi_dma_0/U0/I_RST_MODULE/REG_HRD_RST/syncstages_ff_reg[0]/D
  -------------------------------------------------------------------    -------------------

                         (clock clk_fpga_0 rise edge)
                                                      0.000     0.000 r  
    PS7_X0Y0             PS7                          0.000     0.000 r  design_1_i/processing_system7_0/inst/PS7_i/FCLKCLK[0]
                         net (fo=1, routed)           0.337     0.337    design_1_i/processing_system7_0/inst/FCLK_CLK_unbuffered[0]
    BUFGCTRL_X0Y16       BUFG (Prop_bufg_I_O)         0.029     0.366 r  design_1_i/processing_system7_0/inst/buffer_fclk_clk_0.FCLK_CLK_0_BUFG/O
                         net (fo=11219, routed)       0.853     1.219    design_1_i/axi_dma_0/U0/I_RST_MODULE/REG_HRD_RST/dest_clk
    SLICE_X26Y34         FDRE                                         r  design_1_i/axi_dma_0/U0/I_RST_MODULE/REG_HRD_RST/syncstages_ff_reg[0]/C

Slack:                    inf
  Source:                 design_1_i/proc_sys_reset_0/U0/ACTIVE_LOW_PR_OUT_DFF[0].FDRE_PER_N/C
                            (rising edge-triggered cell FDRE clocked by clk_fpga_0  {rise@0.000ns fall@5.000ns period=10.000ns})
  Destination:            design_1_wrapper/design_1/design_1_axi_interconnect_hp0_0/s01_couplers_imp_12AUBLP/design_1_axi_interconnect_hp0_imp_auto_pc_1/design_1_axi_interconnect_hp0_imp_auto_pc_1_axi_protocol_converter_v2_1_37_axi_protocol_converter/design_1_axi_interconnect_hp0_imp_auto_pc_1_axi_protocol_converter_v2_1_37_axi3_conv/design_1_axi_interconnect_hp0_imp_auto_pc_1_axi_protocol_converter_v2_1_37_a_axi3_conv/design_1_axi_interconnect_hp0_imp_auto_pc_1_axi_data_fifo_v2_1_36_axic_fifo/design_1_axi_interconnect_hp0_imp_auto_pc_1_axi_data_fifo_v2_1_36_fifo_gen_1/<hidden>/<hidden>/<hidden>/<hidden>/<hidden>/<hidden>
                            (removal check against rising-edge clock clk_fpga_0  {rise@0.000ns fall@5.000ns period=10.000ns})
  Path Group:             (none)
  Path Type:              Removal (Min at Fast Process Corner)
  Data Path Delay:        2.318ns  (logic 0.186ns (8.025%)  route 2.132ns (91.975%))
  Logic Levels:           1  (LUT1=1)
  Clock Path Skew:        0.334ns (DCD - SCD - CPR)
    Destination Clock Delay (DCD):    1.223ns
    Source Clock Delay      (SCD):    0.889ns
    Clock Pessimism Removal (CPR):    -0.000ns
  Clock Uncertainty:      0.154ns  ((TSJ^2 + TIJ^2)^1/2 + DJ) / 2 + PE
    Total System Jitter     (TSJ):    0.071ns
    Total Input Jitter      (TIJ):    0.300ns
    Discrete Jitter          (DJ):    0.000ns
    Phase Error              (PE):    0.000ns
  Timing Exception:       False Path

    Location             Delay type                Incr(ns)  Path(ns)    Netlist Resource(s)
  -------------------------------------------------------------------    -------------------
                         (clock clk_fpga_0 rise edge)
                                                      0.000     0.000 r  
    PS7_X0Y0             PS7                          0.000     0.000 r  design_1_i/processing_system7_0/inst/PS7_i/FCLKCLK[0]
                         net (fo=1, routed)           0.310     0.310    design_1_i/processing_system7_0/inst/FCLK_CLK_unbuffered[0]
    BUFGCTRL_X0Y16       BUFG (Prop_bufg_I_O)         0.026     0.336 r  design_1_i/processing_system7_0/inst/buffer_fclk_clk_0.FCLK_CLK_0_BUFG/O
                         net (fo=11219, routed)       0.553     0.889    design_1_i/proc_sys_reset_0/U0/slowest_sync_clk
    SLICE_X52Y98         FDRE                                         r  design_1_i/proc_sys_reset_0/U0/ACTIVE_LOW_PR_OUT_DFF[0].FDRE_PER_N/C
  -------------------------------------------------------------------    -------------------
    SLICE_X52Y98         FDRE (Prop_fdre_C_Q)         0.141     1.030 r  design_1_i/proc_sys_reset_0/U0/ACTIVE_LOW_PR_OUT_DFF[0].FDRE_PER_N/Q
                         net (fo=42, routed)          1.666     2.696    design_1_i/axi_interconnect_hp0/s01_couplers/auto_pc/inst/gen_axi4_axi3.axi3_conv_inst/USE_WRITE.write_addr_inst/USE_BURSTS.cmd_queue/inst/aresetn
    SLICE_X23Y43         LUT1 (Prop_lut1_I0_O)        0.045     2.741 f  design_1_i/axi_interconnect_hp0/s01_couplers/auto_pc/inst/gen_axi4_axi3.axi3_conv_inst/USE_WRITE.write_addr_inst/USE_BURSTS.cmd_queue/inst/S_AXI_AREADY_I_i_1/O
                         net (fo=115, routed)         0.465     3.206    design_1_wrapper/design_1/design_1_axi_interconnect_hp0_0/s01_couplers_imp_12AUBLP/design_1_axi_interconnect_hp0_imp_auto_pc_1/design_1_axi_interconnect_hp0_imp_auto_pc_1_axi_protocol_converter_v2_1_37_axi_protocol_converter/design_1_axi_interconnect_hp0_imp_auto_pc_1_axi_protocol_converter_v2_1_37_axi3_conv/design_1_axi_interconnect_hp0_imp_auto_pc_1_axi_protocol_converter_v2_1_37_a_axi3_conv/design_1_axi_interconnect_hp0_imp_auto_pc_1_axi_data_fifo_v2_1_36_axic_fifo/design_1_axi_interconnect_hp0_imp_auto_pc_1_axi_data_fifo_v2_1_36_fifo_gen_1/<hidden>/<hidden>/<hidden>/<hidden>/<hidden>/<hidden>
    SLICE_X28Y41         FDPE                                         f  design_1_wrapper/design_1/design_1_axi_interconnect_hp0_0/s01_couplers_imp_12AUBLP/design_1_axi_interconnect_hp0_imp_auto_pc_1/design_1_axi_interconnect_hp0_imp_auto_pc_1_axi_protocol_converter_v2_1_37_axi_protocol_converter/design_1_axi_interconnect_hp0_imp_auto_pc_1_axi_protocol_converter_v2_1_37_axi3_conv/design_1_axi_interconnect_hp0_imp_auto_pc_1_axi_protocol_converter_v2_1_37_a_axi3_conv/design_1_axi_interconnect_hp0_imp_auto_pc_1_axi_data_fifo_v2_1_36_axic_fifo/design_1_axi_interconnect_hp0_imp_auto_pc_1_axi_data_fifo_v2_1_36_fifo_gen_1/<hidden>/<hidden>/<hidden>/<hidden>/<hidden>/<hidden>
  -------------------------------------------------------------------    -------------------

                         (clock clk_fpga_0 rise edge)
                                                      0.000     0.000 r  
    PS7_X0Y0             PS7                          0.000     0.000 r  design_1_i/processing_system7_0/inst/PS7_i/FCLKCLK[0]
                         net (fo=1, routed)           0.337     0.337    design_1_i/processing_system7_0/inst/FCLK_CLK_unbuffered[0]
    BUFGCTRL_X0Y16       BUFG (Prop_bufg_I_O)         0.029     0.366 r  design_1_i/processing_system7_0/inst/buffer_fclk_clk_0.FCLK_CLK_0_BUFG/O
                         net (fo=11219, routed)       0.857     1.223    design_1_wrapper/design_1/design_1_axi_interconnect_hp0_0/s01_couplers_imp_12AUBLP/design_1_axi_interconnect_hp0_imp_auto_pc_1/design_1_axi_interconnect_hp0_imp_auto_pc_1_axi_protocol_converter_v2_1_37_axi_protocol_converter/design_1_axi_interconnect_hp0_imp_auto_pc_1_axi_protocol_converter_v2_1_37_axi3_conv/design_1_axi_interconnect_hp0_imp_auto_pc_1_axi_protocol_converter_v2_1_37_a_axi3_conv/design_1_axi_interconnect_hp0_imp_auto_pc_1_axi_data_fifo_v2_1_36_axic_fifo/design_1_axi_interconnect_hp0_imp_auto_pc_1_axi_data_fifo_v2_1_36_fifo_gen_1/<hidden>/<hidden>/<hidden>/<hidden>/<hidden>/<hidden>
    SLICE_X28Y41         FDPE                                         r  design_1_wrapper/design_1/design_1_axi_interconnect_hp0_0/s01_couplers_imp_12AUBLP/design_1_axi_interconnect_hp0_imp_auto_pc_1/design_1_axi_interconnect_hp0_imp_auto_pc_1_axi_protocol_converter_v2_1_37_axi_protocol_converter/design_1_axi_interconnect_hp0_imp_auto_pc_1_axi_protocol_converter_v2_1_37_axi3_conv/design_1_axi_interconnect_hp0_imp_auto_pc_1_axi_protocol_converter_v2_1_37_a_axi3_conv/design_1_axi_interconnect_hp0_imp_auto_pc_1_axi_data_fifo_v2_1_36_axic_fifo/design_1_axi_interconnect_hp0_imp_auto_pc_1_axi_data_fifo_v2_1_36_fifo_gen_1/<hidden>/<hidden>/<hidden>/<hidden>/<hidden>/<hidden>

Slack:                    inf
  Source:                 design_1_i/proc_sys_reset_0/U0/ACTIVE_LOW_PR_OUT_DFF[0].FDRE_PER_N/C
                            (rising edge-triggered cell FDRE clocked by clk_fpga_0  {rise@0.000ns fall@5.000ns period=10.000ns})
  Destination:            design_1_wrapper/design_1/design_1_axi_interconnect_hp0_0/s01_couplers_imp_12AUBLP/design_1_axi_interconnect_hp0_imp_auto_pc_1/design_1_axi_interconnect_hp0_imp_auto_pc_1_axi_protocol_converter_v2_1_37_axi_protocol_converter/design_1_axi_interconnect_hp0_imp_auto_pc_1_axi_protocol_converter_v2_1_37_axi3_conv/design_1_axi_interconnect_hp0_imp_auto_pc_1_axi_protocol_converter_v2_1_37_a_axi3_conv/design_1_axi_interconnect_hp0_imp_auto_pc_1_axi_data_fifo_v2_1_36_axic_fifo/design_1_axi_interconnect_hp0_imp_auto_pc_1_axi_data_fifo_v2_1_36_fifo_gen_1/<hidden>/<hidden>/<hidden>/<hidden>/<hidden>/<hidden>
                            (removal check against rising-edge clock clk_fpga_0  {rise@0.000ns fall@5.000ns period=10.000ns})
  Path Group:             (none)
  Path Type:              Removal (Min at Fast Process Corner)
  Data Path Delay:        2.318ns  (logic 0.186ns (8.025%)  route 2.132ns (91.975%))
  Logic Levels:           1  (LUT1=1)
  Clock Path Skew:        0.334ns (DCD - SCD - CPR)
    Destination Clock Delay (DCD):    1.223ns
    Source Clock Delay      (SCD):    0.889ns
    Clock Pessimism Removal (CPR):    -0.000ns
  Clock Uncertainty:      0.154ns  ((TSJ^2 + TIJ^2)^1/2 + DJ) / 2 + PE
    Total System Jitter     (TSJ):    0.071ns
    Total Input Jitter      (TIJ):    0.300ns
    Discrete Jitter          (DJ):    0.000ns
    Phase Error              (PE):    0.000ns
  Timing Exception:       False Path

    Location             Delay type                Incr(ns)  Path(ns)    Netlist Resource(s)
  -------------------------------------------------------------------    -------------------
                         (clock clk_fpga_0 rise edge)
                                                      0.000     0.000 r  
    PS7_X0Y0             PS7                          0.000     0.000 r  design_1_i/processing_system7_0/inst/PS7_i/FCLKCLK[0]
                         net (fo=1, routed)           0.310     0.310    design_1_i/processing_system7_0/inst/FCLK_CLK_unbuffered[0]
    BUFGCTRL_X0Y16       BUFG (Prop_bufg_I_O)         0.026     0.336 r  design_1_i/processing_system7_0/inst/buffer_fclk_clk_0.FCLK_CLK_0_BUFG/O
                         net (fo=11219, routed)       0.553     0.889    design_1_i/proc_sys_reset_0/U0/slowest_sync_clk
    SLICE_X52Y98         FDRE                                         r  design_1_i/proc_sys_reset_0/U0/ACTIVE_LOW_PR_OUT_DFF[0].FDRE_PER_N/C
  -------------------------------------------------------------------    -------------------
    SLICE_X52Y98         FDRE (Prop_fdre_C_Q)         0.141     1.030 r  design_1_i/proc_sys_reset_0/U0/ACTIVE_LOW_PR_OUT_DFF[0].FDRE_PER_N/Q
                         net (fo=42, routed)          1.666     2.696    design_1_i/axi_interconnect_hp0/s01_couplers/auto_pc/inst/gen_axi4_axi3.axi3_conv_inst/USE_WRITE.write_addr_inst/USE_BURSTS.cmd_queue/inst/aresetn
    SLICE_X23Y43         LUT1 (Prop_lut1_I0_O)        0.045     2.741 f  design_1_i/axi_interconnect_hp0/s01_couplers/auto_pc/inst/gen_axi4_axi3.axi3_conv_inst/USE_WRITE.write_addr_inst/USE_BURSTS.cmd_queue/inst/S_AXI_AREADY_I_i_1/O
                         net (fo=115, routed)         0.465     3.206    design_1_wrapper/design_1/design_1_axi_interconnect_hp0_0/s01_couplers_imp_12AUBLP/design_1_axi_interconnect_hp0_imp_auto_pc_1/design_1_axi_interconnect_hp0_imp_auto_pc_1_axi_protocol_converter_v2_1_37_axi_protocol_converter/design_1_axi_interconnect_hp0_imp_auto_pc_1_axi_protocol_converter_v2_1_37_axi3_conv/design_1_axi_interconnect_hp0_imp_auto_pc_1_axi_protocol_converter_v2_1_37_a_axi3_conv/design_1_axi_interconnect_hp0_imp_auto_pc_1_axi_data_fifo_v2_1_36_axic_fifo/design_1_axi_interconnect_hp0_imp_auto_pc_1_axi_data_fifo_v2_1_36_fifo_gen_1/<hidden>/<hidden>/<hidden>/<hidden>/<hidden>/<hidden>
    SLICE_X28Y41         FDPE                                         f  design_1_wrapper/design_1/design_1_axi_interconnect_hp0_0/s01_couplers_imp_12AUBLP/design_1_axi_interconnect_hp0_imp_auto_pc_1/design_1_axi_interconnect_hp0_imp_auto_pc_1_axi_protocol_converter_v2_1_37_axi_protocol_converter/design_1_axi_interconnect_hp0_imp_auto_pc_1_axi_protocol_converter_v2_1_37_axi3_conv/design_1_axi_interconnect_hp0_imp_auto_pc_1_axi_protocol_converter_v2_1_37_a_axi3_conv/design_1_axi_interconnect_hp0_imp_auto_pc_1_axi_data_fifo_v2_1_36_axic_fifo/design_1_axi_interconnect_hp0_imp_auto_pc_1_axi_data_fifo_v2_1_36_fifo_gen_1/<hidden>/<hidden>/<hidden>/<hidden>/<hidden>/<hidden>
  -------------------------------------------------------------------    -------------------

                         (clock clk_fpga_0 rise edge)
                                                      0.000     0.000 r  
    PS7_X0Y0             PS7                          0.000     0.000 r  design_1_i/processing_system7_0/inst/PS7_i/FCLKCLK[0]
                         net (fo=1, routed)           0.337     0.337    design_1_i/processing_system7_0/inst/FCLK_CLK_unbuffered[0]
    BUFGCTRL_X0Y16       BUFG (Prop_bufg_I_O)         0.029     0.366 r  design_1_i/processing_system7_0/inst/buffer_fclk_clk_0.FCLK_CLK_0_BUFG/O
                         net (fo=11219, routed)       0.857     1.223    design_1_wrapper/design_1/design_1_axi_interconnect_hp0_0/s01_couplers_imp_12AUBLP/design_1_axi_interconnect_hp0_imp_auto_pc_1/design_1_axi_interconnect_hp0_imp_auto_pc_1_axi_protocol_converter_v2_1_37_axi_protocol_converter/design_1_axi_interconnect_hp0_imp_auto_pc_1_axi_protocol_converter_v2_1_37_axi3_conv/design_1_axi_interconnect_hp0_imp_auto_pc_1_axi_protocol_converter_v2_1_37_a_axi3_conv/design_1_axi_interconnect_hp0_imp_auto_pc_1_axi_data_fifo_v2_1_36_axic_fifo/design_1_axi_interconnect_hp0_imp_auto_pc_1_axi_data_fifo_v2_1_36_fifo_gen_1/<hidden>/<hidden>/<hidden>/<hidden>/<hidden>/<hidden>
    SLICE_X28Y41         FDPE                                         r  design_1_wrapper/design_1/design_1_axi_interconnect_hp0_0/s01_couplers_imp_12AUBLP/design_1_axi_interconnect_hp0_imp_auto_pc_1/design_1_axi_interconnect_hp0_imp_auto_pc_1_axi_protocol_converter_v2_1_37_axi_protocol_converter/design_1_axi_interconnect_hp0_imp_auto_pc_1_axi_protocol_converter_v2_1_37_axi3_conv/design_1_axi_interconnect_hp0_imp_auto_pc_1_axi_protocol_converter_v2_1_37_a_axi3_conv/design_1_axi_interconnect_hp0_imp_auto_pc_1_axi_data_fifo_v2_1_36_axic_fifo/design_1_axi_interconnect_hp0_imp_auto_pc_1_axi_data_fifo_v2_1_36_fifo_gen_1/<hidden>/<hidden>/<hidden>/<hidden>/<hidden>/<hidden>

Slack:                    inf
  Source:                 design_1_i/proc_sys_reset_0/U0/ACTIVE_LOW_PR_OUT_DFF[0].FDRE_PER_N/C
                            (rising edge-triggered cell FDRE clocked by clk_fpga_0  {rise@0.000ns fall@5.000ns period=10.000ns})
  Destination:            design_1_wrapper/design_1/design_1_axi_interconnect_hp0_0/s01_couplers_imp_12AUBLP/design_1_axi_interconnect_hp0_imp_auto_pc_1/design_1_axi_interconnect_hp0_imp_auto_pc_1_axi_protocol_converter_v2_1_37_axi_protocol_converter/design_1_axi_interconnect_hp0_imp_auto_pc_1_axi_protocol_converter_v2_1_37_axi3_conv/design_1_axi_interconnect_hp0_imp_auto_pc_1_axi_protocol_converter_v2_1_37_a_axi3_conv/design_1_axi_interconnect_hp0_imp_auto_pc_1_axi_data_fifo_v2_1_36_axic_fifo_0/design_1_axi_interconnect_hp0_imp_auto_pc_1_axi_data_fifo_v2_1_36_fifo_gen/<hidden>/<hidden>/<hidden>/<hidden>/<hidden>/<hidden>
                            (removal check against rising-edge clock clk_fpga_0  {rise@0.000ns fall@5.000ns period=10.000ns})
  Path Group:             (none)
  Path Type:              Removal (Min at Fast Process Corner)
  Data Path Delay:        2.318ns  (logic 0.186ns (8.025%)  route 2.132ns (91.975%))
  Logic Levels:           1  (LUT1=1)
  Clock Path Skew:        0.334ns (DCD - SCD - CPR)
    Destination Clock Delay (DCD):    1.223ns
    Source Clock Delay      (SCD):    0.889ns
    Clock Pessimism Removal (CPR):    -0.000ns
  Clock Uncertainty:      0.154ns  ((TSJ^2 + TIJ^2)^1/2 + DJ) / 2 + PE
    Total System Jitter     (TSJ):    0.071ns
    Total Input Jitter      (TIJ):    0.300ns
    Discrete Jitter          (DJ):    0.000ns
    Phase Error              (PE):    0.000ns
  Timing Exception:       False Path

    Location             Delay type                Incr(ns)  Path(ns)    Netlist Resource(s)
  -------------------------------------------------------------------    -------------------
                         (clock clk_fpga_0 rise edge)
                                                      0.000     0.000 r  
    PS7_X0Y0             PS7                          0.000     0.000 r  design_1_i/processing_system7_0/inst/PS7_i/FCLKCLK[0]
                         net (fo=1, routed)           0.310     0.310    design_1_i/processing_system7_0/inst/FCLK_CLK_unbuffered[0]
    BUFGCTRL_X0Y16       BUFG (Prop_bufg_I_O)         0.026     0.336 r  design_1_i/processing_system7_0/inst/buffer_fclk_clk_0.FCLK_CLK_0_BUFG/O
                         net (fo=11219, routed)       0.553     0.889    design_1_i/proc_sys_reset_0/U0/slowest_sync_clk
    SLICE_X52Y98         FDRE                                         r  design_1_i/proc_sys_reset_0/U0/ACTIVE_LOW_PR_OUT_DFF[0].FDRE_PER_N/C
  -------------------------------------------------------------------    -------------------
    SLICE_X52Y98         FDRE (Prop_fdre_C_Q)         0.141     1.030 r  design_1_i/proc_sys_reset_0/U0/ACTIVE_LOW_PR_OUT_DFF[0].FDRE_PER_N/Q
                         net (fo=42, routed)          1.666     2.696    design_1_i/axi_interconnect_hp0/s01_couplers/auto_pc/inst/gen_axi4_axi3.axi3_conv_inst/USE_WRITE.write_addr_inst/USE_BURSTS.cmd_queue/inst/aresetn
    SLICE_X23Y43         LUT1 (Prop_lut1_I0_O)        0.045     2.741 f  design_1_i/axi_interconnect_hp0/s01_couplers/auto_pc/inst/gen_axi4_axi3.axi3_conv_inst/USE_WRITE.write_addr_inst/USE_BURSTS.cmd_queue/inst/S_AXI_AREADY_I_i_1/O
                         net (fo=115, routed)         0.465     3.206    design_1_wrapper/design_1/design_1_axi_interconnect_hp0_0/s01_couplers_imp_12AUBLP/design_1_axi_interconnect_hp0_imp_auto_pc_1/design_1_axi_interconnect_hp0_imp_auto_pc_1_axi_protocol_converter_v2_1_37_axi_protocol_converter/design_1_axi_interconnect_hp0_imp_auto_pc_1_axi_protocol_converter_v2_1_37_axi3_conv/design_1_axi_interconnect_hp0_imp_auto_pc_1_axi_protocol_converter_v2_1_37_a_axi3_conv/design_1_axi_interconnect_hp0_imp_auto_pc_1_axi_data_fifo_v2_1_36_axic_fifo_0/design_1_axi_interconnect_hp0_imp_auto_pc_1_axi_data_fifo_v2_1_36_fifo_gen/<hidden>/<hidden>/<hidden>/<hidden>/<hidden>/<hidden>
    SLICE_X28Y41         FDPE                                         f  design_1_wrapper/design_1/design_1_axi_interconnect_hp0_0/s01_couplers_imp_12AUBLP/design_1_axi_interconnect_hp0_imp_auto_pc_1/design_1_axi_interconnect_hp0_imp_auto_pc_1_axi_protocol_converter_v2_1_37_axi_protocol_converter/design_1_axi_interconnect_hp0_imp_auto_pc_1_axi_protocol_converter_v2_1_37_axi3_conv/design_1_axi_interconnect_hp0_imp_auto_pc_1_axi_protocol_converter_v2_1_37_a_axi3_conv/design_1_axi_interconnect_hp0_imp_auto_pc_1_axi_data_fifo_v2_1_36_axic_fifo_0/design_1_axi_interconnect_hp0_imp_auto_pc_1_axi_data_fifo_v2_1_36_fifo_gen/<hidden>/<hidden>/<hidden>/<hidden>/<hidden>/<hidden>
  -------------------------------------------------------------------    -------------------

                         (clock clk_fpga_0 rise edge)
                                                      0.000     0.000 r  
    PS7_X0Y0             PS7                          0.000     0.000 r  design_1_i/processing_system7_0/inst/PS7_i/FCLKCLK[0]
                         net (fo=1, routed)           0.337     0.337    design_1_i/processing_system7_0/inst/FCLK_CLK_unbuffered[0]
    BUFGCTRL_X0Y16       BUFG (Prop_bufg_I_O)         0.029     0.366 r  design_1_i/processing_system7_0/inst/buffer_fclk_clk_0.FCLK_CLK_0_BUFG/O
                         net (fo=11219, routed)       0.857     1.223    design_1_wrapper/design_1/design_1_axi_interconnect_hp0_0/s01_couplers_imp_12AUBLP/design_1_axi_interconnect_hp0_imp_auto_pc_1/design_1_axi_interconnect_hp0_imp_auto_pc_1_axi_protocol_converter_v2_1_37_axi_protocol_converter/design_1_axi_interconnect_hp0_imp_auto_pc_1_axi_protocol_converter_v2_1_37_axi3_conv/design_1_axi_interconnect_hp0_imp_auto_pc_1_axi_protocol_converter_v2_1_37_a_axi3_conv/design_1_axi_interconnect_hp0_imp_auto_pc_1_axi_data_fifo_v2_1_36_axic_fifo_0/design_1_axi_interconnect_hp0_imp_auto_pc_1_axi_data_fifo_v2_1_36_fifo_gen/<hidden>/<hidden>/<hidden>/<hidden>/<hidden>/<hidden>
    SLICE_X28Y41         FDPE                                         r  design_1_wrapper/design_1/design_1_axi_interconnect_hp0_0/s01_couplers_imp_12AUBLP/design_1_axi_interconnect_hp0_imp_auto_pc_1/design_1_axi_interconnect_hp0_imp_auto_pc_1_axi_protocol_converter_v2_1_37_axi_protocol_converter/design_1_axi_interconnect_hp0_imp_auto_pc_1_axi_protocol_converter_v2_1_37_axi3_conv/design_1_axi_interconnect_hp0_imp_auto_pc_1_axi_protocol_converter_v2_1_37_a_axi3_conv/design_1_axi_interconnect_hp0_imp_auto_pc_1_axi_data_fifo_v2_1_36_axic_fifo_0/design_1_axi_interconnect_hp0_imp_auto_pc_1_axi_data_fifo_v2_1_36_fifo_gen/<hidden>/<hidden>/<hidden>/<hidden>/<hidden>/<hidden>

Slack:                    inf
  Source:                 design_1_i/proc_sys_reset_0/U0/ACTIVE_LOW_PR_OUT_DFF[0].FDRE_PER_N/C
                            (rising edge-triggered cell FDRE clocked by clk_fpga_0  {rise@0.000ns fall@5.000ns period=10.000ns})
  Destination:            design_1_wrapper/design_1/design_1_axi_interconnect_hp0_0/s01_couplers_imp_12AUBLP/design_1_axi_interconnect_hp0_imp_auto_pc_1/design_1_axi_interconnect_hp0_imp_auto_pc_1_axi_protocol_converter_v2_1_37_axi_protocol_converter/design_1_axi_interconnect_hp0_imp_auto_pc_1_axi_protocol_converter_v2_1_37_axi3_conv/design_1_axi_interconnect_hp0_imp_auto_pc_1_axi_protocol_converter_v2_1_37_a_axi3_conv/design_1_axi_interconnect_hp0_imp_auto_pc_1_axi_data_fifo_v2_1_36_axic_fifo_0/design_1_axi_interconnect_hp0_imp_auto_pc_1_axi_data_fifo_v2_1_36_fifo_gen/<hidden>/<hidden>/<hidden>/<hidden>/<hidden>/<hidden>
                            (removal check against rising-edge clock clk_fpga_0  {rise@0.000ns fall@5.000ns period=10.000ns})
  Path Group:             (none)
  Path Type:              Removal (Min at Fast Process Corner)
  Data Path Delay:        2.318ns  (logic 0.186ns (8.025%)  route 2.132ns (91.975%))
  Logic Levels:           1  (LUT1=1)
  Clock Path Skew:        0.334ns (DCD - SCD - CPR)
    Destination Clock Delay (DCD):    1.223ns
    Source Clock Delay      (SCD):    0.889ns
    Clock Pessimism Removal (CPR):    -0.000ns
  Clock Uncertainty:      0.154ns  ((TSJ^2 + TIJ^2)^1/2 + DJ) / 2 + PE
    Total System Jitter     (TSJ):    0.071ns
    Total Input Jitter      (TIJ):    0.300ns
    Discrete Jitter          (DJ):    0.000ns
    Phase Error              (PE):    0.000ns
  Timing Exception:       False Path

    Location             Delay type                Incr(ns)  Path(ns)    Netlist Resource(s)
  -------------------------------------------------------------------    -------------------
                         (clock clk_fpga_0 rise edge)
                                                      0.000     0.000 r  
    PS7_X0Y0             PS7                          0.000     0.000 r  design_1_i/processing_system7_0/inst/PS7_i/FCLKCLK[0]
                         net (fo=1, routed)           0.310     0.310    design_1_i/processing_system7_0/inst/FCLK_CLK_unbuffered[0]
    BUFGCTRL_X0Y16       BUFG (Prop_bufg_I_O)         0.026     0.336 r  design_1_i/processing_system7_0/inst/buffer_fclk_clk_0.FCLK_CLK_0_BUFG/O
                         net (fo=11219, routed)       0.553     0.889    design_1_i/proc_sys_reset_0/U0/slowest_sync_clk
    SLICE_X52Y98         FDRE                                         r  design_1_i/proc_sys_reset_0/U0/ACTIVE_LOW_PR_OUT_DFF[0].FDRE_PER_N/C
  -------------------------------------------------------------------    -------------------
    SLICE_X52Y98         FDRE (Prop_fdre_C_Q)         0.141     1.030 r  design_1_i/proc_sys_reset_0/U0/ACTIVE_LOW_PR_OUT_DFF[0].FDRE_PER_N/Q
                         net (fo=42, routed)          1.666     2.696    design_1_i/axi_interconnect_hp0/s01_couplers/auto_pc/inst/gen_axi4_axi3.axi3_conv_inst/USE_WRITE.write_addr_inst/USE_BURSTS.cmd_queue/inst/aresetn
    SLICE_X23Y43         LUT1 (Prop_lut1_I0_O)        0.045     2.741 f  design_1_i/axi_interconnect_hp0/s01_couplers/auto_pc/inst/gen_axi4_axi3.axi3_conv_inst/USE_WRITE.write_addr_inst/USE_BURSTS.cmd_queue/inst/S_AXI_AREADY_I_i_1/O
                         net (fo=115, routed)         0.465     3.206    design_1_wrapper/design_1/design_1_axi_interconnect_hp0_0/s01_couplers_imp_12AUBLP/design_1_axi_interconnect_hp0_imp_auto_pc_1/design_1_axi_interconnect_hp0_imp_auto_pc_1_axi_protocol_converter_v2_1_37_axi_protocol_converter/design_1_axi_interconnect_hp0_imp_auto_pc_1_axi_protocol_converter_v2_1_37_axi3_conv/design_1_axi_interconnect_hp0_imp_auto_pc_1_axi_protocol_converter_v2_1_37_a_axi3_conv/design_1_axi_interconnect_hp0_imp_auto_pc_1_axi_data_fifo_v2_1_36_axic_fifo_0/design_1_axi_interconnect_hp0_imp_auto_pc_1_axi_data_fifo_v2_1_36_fifo_gen/<hidden>/<hidden>/<hidden>/<hidden>/<hidden>/<hidden>
    SLICE_X28Y41         FDPE                                         f  design_1_wrapper/design_1/design_1_axi_interconnect_hp0_0/s01_couplers_imp_12AUBLP/design_1_axi_interconnect_hp0_imp_auto_pc_1/design_1_axi_interconnect_hp0_imp_auto_pc_1_axi_protocol_converter_v2_1_37_axi_protocol_converter/design_1_axi_interconnect_hp0_imp_auto_pc_1_axi_protocol_converter_v2_1_37_axi3_conv/design_1_axi_interconnect_hp0_imp_auto_pc_1_axi_protocol_converter_v2_1_37_a_axi3_conv/design_1_axi_interconnect_hp0_imp_auto_pc_1_axi_data_fifo_v2_1_36_axic_fifo_0/design_1_axi_interconnect_hp0_imp_auto_pc_1_axi_data_fifo_v2_1_36_fifo_gen/<hidden>/<hidden>/<hidden>/<hidden>/<hidden>/<hidden>
  -------------------------------------------------------------------    -------------------

                         (clock clk_fpga_0 rise edge)
                                                      0.000     0.000 r  
    PS7_X0Y0             PS7                          0.000     0.000 r  design_1_i/processing_system7_0/inst/PS7_i/FCLKCLK[0]
                         net (fo=1, routed)           0.337     0.337    design_1_i/processing_system7_0/inst/FCLK_CLK_unbuffered[0]
    BUFGCTRL_X0Y16       BUFG (Prop_bufg_I_O)         0.029     0.366 r  design_1_i/processing_system7_0/inst/buffer_fclk_clk_0.FCLK_CLK_0_BUFG/O
                         net (fo=11219, routed)       0.857     1.223    design_1_wrapper/design_1/design_1_axi_interconnect_hp0_0/s01_couplers_imp_12AUBLP/design_1_axi_interconnect_hp0_imp_auto_pc_1/design_1_axi_interconnect_hp0_imp_auto_pc_1_axi_protocol_converter_v2_1_37_axi_protocol_converter/design_1_axi_interconnect_hp0_imp_auto_pc_1_axi_protocol_converter_v2_1_37_axi3_conv/design_1_axi_interconnect_hp0_imp_auto_pc_1_axi_protocol_converter_v2_1_37_a_axi3_conv/design_1_axi_interconnect_hp0_imp_auto_pc_1_axi_data_fifo_v2_1_36_axic_fifo_0/design_1_axi_interconnect_hp0_imp_auto_pc_1_axi_data_fifo_v2_1_36_fifo_gen/<hidden>/<hidden>/<hidden>/<hidden>/<hidden>/<hidden>
    SLICE_X28Y41         FDPE                                         r  design_1_wrapper/design_1/design_1_axi_interconnect_hp0_0/s01_couplers_imp_12AUBLP/design_1_axi_interconnect_hp0_imp_auto_pc_1/design_1_axi_interconnect_hp0_imp_auto_pc_1_axi_protocol_converter_v2_1_37_axi_protocol_converter/design_1_axi_interconnect_hp0_imp_auto_pc_1_axi_protocol_converter_v2_1_37_axi3_conv/design_1_axi_interconnect_hp0_imp_auto_pc_1_axi_protocol_converter_v2_1_37_a_axi3_conv/design_1_axi_interconnect_hp0_imp_auto_pc_1_axi_data_fifo_v2_1_36_axic_fifo_0/design_1_axi_interconnect_hp0_imp_auto_pc_1_axi_data_fifo_v2_1_36_fifo_gen/<hidden>/<hidden>/<hidden>/<hidden>/<hidden>/<hidden>

Slack:                    inf
  Source:                 design_1_i/proc_sys_reset_0/U0/ACTIVE_LOW_PR_OUT_DFF[0].FDRE_PER_N/C
                            (rising edge-triggered cell FDRE clocked by clk_fpga_0  {rise@0.000ns fall@5.000ns period=10.000ns})
  Destination:            design_1_wrapper/design_1/design_1_axi_interconnect_hp0_0/s00_couplers_imp_S4BDUK/design_1_axi_interconnect_hp0_imp_auto_pc_0/design_1_axi_interconnect_hp0_imp_auto_pc_0_axi_protocol_converter_v2_1_37_axi_protocol_converter/design_1_axi_interconnect_hp0_imp_auto_pc_0_axi_protocol_converter_v2_1_37_axi3_conv/design_1_axi_interconnect_hp0_imp_auto_pc_0_axi_protocol_converter_v2_1_37_a_axi3_conv/design_1_axi_interconnect_hp0_imp_auto_pc_0_axi_data_fifo_v2_1_36_axic_fifo/design_1_axi_interconnect_hp0_imp_auto_pc_0_axi_data_fifo_v2_1_36_fifo_gen/<hidden>/<hidden>/<hidden>/<hidden>/<hidden>/<hidden>
                            (removal check against rising-edge clock clk_fpga_0  {rise@0.000ns fall@5.000ns period=10.000ns})
  Path Group:             (none)
  Path Type:              Removal (Min at Fast Process Corner)
  Data Path Delay:        2.416ns  (logic 0.186ns (7.697%)  route 2.230ns (92.303%))
  Logic Levels:           1  (LUT1=1)
  Clock Path Skew:        0.339ns (DCD - SCD - CPR)
    Destination Clock Delay (DCD):    1.228ns
    Source Clock Delay      (SCD):    0.889ns
    Clock Pessimism Removal (CPR):    -0.000ns
  Clock Uncertainty:      0.154ns  ((TSJ^2 + TIJ^2)^1/2 + DJ) / 2 + PE
    Total System Jitter     (TSJ):    0.071ns
    Total Input Jitter      (TIJ):    0.300ns
    Discrete Jitter          (DJ):    0.000ns
    Phase Error              (PE):    0.000ns
  Timing Exception:       False Path

    Location             Delay type                Incr(ns)  Path(ns)    Netlist Resource(s)
  -------------------------------------------------------------------    -------------------
                         (clock clk_fpga_0 rise edge)
                                                      0.000     0.000 r  
    PS7_X0Y0             PS7                          0.000     0.000 r  design_1_i/processing_system7_0/inst/PS7_i/FCLKCLK[0]
                         net (fo=1, routed)           0.310     0.310    design_1_i/processing_system7_0/inst/FCLK_CLK_unbuffered[0]
    BUFGCTRL_X0Y16       BUFG (Prop_bufg_I_O)         0.026     0.336 r  design_1_i/processing_system7_0/inst/buffer_fclk_clk_0.FCLK_CLK_0_BUFG/O
                         net (fo=11219, routed)       0.553     0.889    design_1_i/proc_sys_reset_0/U0/slowest_sync_clk
    SLICE_X52Y98         FDRE                                         r  design_1_i/proc_sys_reset_0/U0/ACTIVE_LOW_PR_OUT_DFF[0].FDRE_PER_N/C
  -------------------------------------------------------------------    -------------------
    SLICE_X52Y98         FDRE (Prop_fdre_C_Q)         0.141     1.030 r  design_1_i/proc_sys_reset_0/U0/ACTIVE_LOW_PR_OUT_DFF[0].FDRE_PER_N/Q
                         net (fo=42, routed)          1.869     2.898    design_1_i/axi_interconnect_hp0/s00_couplers/auto_pc/inst/gen_axi4_axi3.axi3_conv_inst/USE_READ.USE_SPLIT_R.read_addr_inst/USE_R_CHANNEL.cmd_queue/inst/aresetn
    SLICE_X18Y42         LUT1 (Prop_lut1_I0_O)        0.045     2.943 f  design_1_i/axi_interconnect_hp0/s00_couplers/auto_pc/inst/gen_axi4_axi3.axi3_conv_inst/USE_READ.USE_SPLIT_R.read_addr_inst/USE_R_CHANNEL.cmd_queue/inst/S_AXI_ASIZE_Q[2]_i_1/O
                         net (fo=44, routed)          0.362     3.305    design_1_wrapper/design_1/design_1_axi_interconnect_hp0_0/s00_couplers_imp_S4BDUK/design_1_axi_interconnect_hp0_imp_auto_pc_0/design_1_axi_interconnect_hp0_imp_auto_pc_0_axi_protocol_converter_v2_1_37_axi_protocol_converter/design_1_axi_interconnect_hp0_imp_auto_pc_0_axi_protocol_converter_v2_1_37_axi3_conv/design_1_axi_interconnect_hp0_imp_auto_pc_0_axi_protocol_converter_v2_1_37_a_axi3_conv/design_1_axi_interconnect_hp0_imp_auto_pc_0_axi_data_fifo_v2_1_36_axic_fifo/design_1_axi_interconnect_hp0_imp_auto_pc_0_axi_data_fifo_v2_1_36_fifo_gen/<hidden>/<hidden>/<hidden>/<hidden>/<hidden>/<hidden>
    SLICE_X23Y40         FDPE                                         f  design_1_wrapper/design_1/design_1_axi_interconnect_hp0_0/s00_couplers_imp_S4BDUK/design_1_axi_interconnect_hp0_imp_auto_pc_0/design_1_axi_interconnect_hp0_imp_auto_pc_0_axi_protocol_converter_v2_1_37_axi_protocol_converter/design_1_axi_interconnect_hp0_imp_auto_pc_0_axi_protocol_converter_v2_1_37_axi3_conv/design_1_axi_interconnect_hp0_imp_auto_pc_0_axi_protocol_converter_v2_1_37_a_axi3_conv/design_1_axi_interconnect_hp0_imp_auto_pc_0_axi_data_fifo_v2_1_36_axic_fifo/design_1_axi_interconnect_hp0_imp_auto_pc_0_axi_data_fifo_v2_1_36_fifo_gen/<hidden>/<hidden>/<hidden>/<hidden>/<hidden>/<hidden>
  -------------------------------------------------------------------    -------------------

                         (clock clk_fpga_0 rise edge)
                                                      0.000     0.000 r  
    PS7_X0Y0             PS7                          0.000     0.000 r  design_1_i/processing_system7_0/inst/PS7_i/FCLKCLK[0]
                         net (fo=1, routed)           0.337     0.337    design_1_i/processing_system7_0/inst/FCLK_CLK_unbuffered[0]
    BUFGCTRL_X0Y16       BUFG (Prop_bufg_I_O)         0.029     0.366 r  design_1_i/processing_system7_0/inst/buffer_fclk_clk_0.FCLK_CLK_0_BUFG/O
                         net (fo=11219, routed)       0.862     1.228    design_1_wrapper/design_1/design_1_axi_interconnect_hp0_0/s00_couplers_imp_S4BDUK/design_1_axi_interconnect_hp0_imp_auto_pc_0/design_1_axi_interconnect_hp0_imp_auto_pc_0_axi_protocol_converter_v2_1_37_axi_protocol_converter/design_1_axi_interconnect_hp0_imp_auto_pc_0_axi_protocol_converter_v2_1_37_axi3_conv/design_1_axi_interconnect_hp0_imp_auto_pc_0_axi_protocol_converter_v2_1_37_a_axi3_conv/design_1_axi_interconnect_hp0_imp_auto_pc_0_axi_data_fifo_v2_1_36_axic_fifo/design_1_axi_interconnect_hp0_imp_auto_pc_0_axi_data_fifo_v2_1_36_fifo_gen/<hidden>/<hidden>/<hidden>/<hidden>/<hidden>/<hidden>
    SLICE_X23Y40         FDPE                                         r  design_1_wrapper/design_1/design_1_axi_interconnect_hp0_0/s00_couplers_imp_S4BDUK/design_1_axi_interconnect_hp0_imp_auto_pc_0/design_1_axi_interconnect_hp0_imp_auto_pc_0_axi_protocol_converter_v2_1_37_axi_protocol_converter/design_1_axi_interconnect_hp0_imp_auto_pc_0_axi_protocol_converter_v2_1_37_axi3_conv/design_1_axi_interconnect_hp0_imp_auto_pc_0_axi_protocol_converter_v2_1_37_a_axi3_conv/design_1_axi_interconnect_hp0_imp_auto_pc_0_axi_data_fifo_v2_1_36_axic_fifo/design_1_axi_interconnect_hp0_imp_auto_pc_0_axi_data_fifo_v2_1_36_fifo_gen/<hidden>/<hidden>/<hidden>/<hidden>/<hidden>/<hidden>

Slack:                    inf
  Source:                 design_1_i/proc_sys_reset_0/U0/ACTIVE_LOW_PR_OUT_DFF[0].FDRE_PER_N/C
                            (rising edge-triggered cell FDRE clocked by clk_fpga_0  {rise@0.000ns fall@5.000ns period=10.000ns})
  Destination:            design_1_wrapper/design_1/design_1_axi_interconnect_hp0_0/s00_couplers_imp_S4BDUK/design_1_axi_interconnect_hp0_imp_auto_pc_0/design_1_axi_interconnect_hp0_imp_auto_pc_0_axi_protocol_converter_v2_1_37_axi_protocol_converter/design_1_axi_interconnect_hp0_imp_auto_pc_0_axi_protocol_converter_v2_1_37_axi3_conv/design_1_axi_interconnect_hp0_imp_auto_pc_0_axi_protocol_converter_v2_1_37_a_axi3_conv/design_1_axi_interconnect_hp0_imp_auto_pc_0_axi_data_fifo_v2_1_36_axic_fifo/design_1_axi_interconnect_hp0_imp_auto_pc_0_axi_data_fifo_v2_1_36_fifo_gen/<hidden>/<hidden>/<hidden>/<hidden>/<hidden>/<hidden>
                            (removal check against rising-edge clock clk_fpga_0  {rise@0.000ns fall@5.000ns period=10.000ns})
  Path Group:             (none)
  Path Type:              Removal (Min at Fast Process Corner)
  Data Path Delay:        2.416ns  (logic 0.186ns (7.697%)  route 2.230ns (92.303%))
  Logic Levels:           1  (LUT1=1)
  Clock Path Skew:        0.339ns (DCD - SCD - CPR)
    Destination Clock Delay (DCD):    1.228ns
    Source Clock Delay      (SCD):    0.889ns
    Clock Pessimism Removal (CPR):    -0.000ns
  Clock Uncertainty:      0.154ns  ((TSJ^2 + TIJ^2)^1/2 + DJ) / 2 + PE
    Total System Jitter     (TSJ):    0.071ns
    Total Input Jitter      (TIJ):    0.300ns
    Discrete Jitter          (DJ):    0.000ns
    Phase Error              (PE):    0.000ns
  Timing Exception:       False Path

    Location             Delay type                Incr(ns)  Path(ns)    Netlist Resource(s)
  -------------------------------------------------------------------    -------------------
                         (clock clk_fpga_0 rise edge)
                                                      0.000     0.000 r  
    PS7_X0Y0             PS7                          0.000     0.000 r  design_1_i/processing_system7_0/inst/PS7_i/FCLKCLK[0]
                         net (fo=1, routed)           0.310     0.310    design_1_i/processing_system7_0/inst/FCLK_CLK_unbuffered[0]
    BUFGCTRL_X0Y16       BUFG (Prop_bufg_I_O)         0.026     0.336 r  design_1_i/processing_system7_0/inst/buffer_fclk_clk_0.FCLK_CLK_0_BUFG/O
                         net (fo=11219, routed)       0.553     0.889    design_1_i/proc_sys_reset_0/U0/slowest_sync_clk
    SLICE_X52Y98         FDRE                                         r  design_1_i/proc_sys_reset_0/U0/ACTIVE_LOW_PR_OUT_DFF[0].FDRE_PER_N/C
  -------------------------------------------------------------------    -------------------
    SLICE_X52Y98         FDRE (Prop_fdre_C_Q)         0.141     1.030 r  design_1_i/proc_sys_reset_0/U0/ACTIVE_LOW_PR_OUT_DFF[0].FDRE_PER_N/Q
                         net (fo=42, routed)          1.869     2.898    design_1_i/axi_interconnect_hp0/s00_couplers/auto_pc/inst/gen_axi4_axi3.axi3_conv_inst/USE_READ.USE_SPLIT_R.read_addr_inst/USE_R_CHANNEL.cmd_queue/inst/aresetn
    SLICE_X18Y42         LUT1 (Prop_lut1_I0_O)        0.045     2.943 f  design_1_i/axi_interconnect_hp0/s00_couplers/auto_pc/inst/gen_axi4_axi3.axi3_conv_inst/USE_READ.USE_SPLIT_R.read_addr_inst/USE_R_CHANNEL.cmd_queue/inst/S_AXI_ASIZE_Q[2]_i_1/O
                         net (fo=44, routed)          0.362     3.305    design_1_wrapper/design_1/design_1_axi_interconnect_hp0_0/s00_couplers_imp_S4BDUK/design_1_axi_interconnect_hp0_imp_auto_pc_0/design_1_axi_interconnect_hp0_imp_auto_pc_0_axi_protocol_converter_v2_1_37_axi_protocol_converter/design_1_axi_interconnect_hp0_imp_auto_pc_0_axi_protocol_converter_v2_1_37_axi3_conv/design_1_axi_interconnect_hp0_imp_auto_pc_0_axi_protocol_converter_v2_1_37_a_axi3_conv/design_1_axi_interconnect_hp0_imp_auto_pc_0_axi_data_fifo_v2_1_36_axic_fifo/design_1_axi_interconnect_hp0_imp_auto_pc_0_axi_data_fifo_v2_1_36_fifo_gen/<hidden>/<hidden>/<hidden>/<hidden>/<hidden>/<hidden>
    SLICE_X23Y40         FDPE                                         f  design_1_wrapper/design_1/design_1_axi_interconnect_hp0_0/s00_couplers_imp_S4BDUK/design_1_axi_interconnect_hp0_imp_auto_pc_0/design_1_axi_interconnect_hp0_imp_auto_pc_0_axi_protocol_converter_v2_1_37_axi_protocol_converter/design_1_axi_interconnect_hp0_imp_auto_pc_0_axi_protocol_converter_v2_1_37_axi3_conv/design_1_axi_interconnect_hp0_imp_auto_pc_0_axi_protocol_converter_v2_1_37_a_axi3_conv/design_1_axi_interconnect_hp0_imp_auto_pc_0_axi_data_fifo_v2_1_36_axic_fifo/design_1_axi_interconnect_hp0_imp_auto_pc_0_axi_data_fifo_v2_1_36_fifo_gen/<hidden>/<hidden>/<hidden>/<hidden>/<hidden>/<hidden>
  -------------------------------------------------------------------    -------------------

                         (clock clk_fpga_0 rise edge)
                                                      0.000     0.000 r  
    PS7_X0Y0             PS7                          0.000     0.000 r  design_1_i/processing_system7_0/inst/PS7_i/FCLKCLK[0]
                         net (fo=1, routed)           0.337     0.337    design_1_i/processing_system7_0/inst/FCLK_CLK_unbuffered[0]
    BUFGCTRL_X0Y16       BUFG (Prop_bufg_I_O)         0.029     0.366 r  design_1_i/processing_system7_0/inst/buffer_fclk_clk_0.FCLK_CLK_0_BUFG/O
                         net (fo=11219, routed)       0.862     1.228    design_1_wrapper/design_1/design_1_axi_interconnect_hp0_0/s00_couplers_imp_S4BDUK/design_1_axi_interconnect_hp0_imp_auto_pc_0/design_1_axi_interconnect_hp0_imp_auto_pc_0_axi_protocol_converter_v2_1_37_axi_protocol_converter/design_1_axi_interconnect_hp0_imp_auto_pc_0_axi_protocol_converter_v2_1_37_axi3_conv/design_1_axi_interconnect_hp0_imp_auto_pc_0_axi_protocol_converter_v2_1_37_a_axi3_conv/design_1_axi_interconnect_hp0_imp_auto_pc_0_axi_data_fifo_v2_1_36_axic_fifo/design_1_axi_interconnect_hp0_imp_auto_pc_0_axi_data_fifo_v2_1_36_fifo_gen/<hidden>/<hidden>/<hidden>/<hidden>/<hidden>/<hidden>
    SLICE_X23Y40         FDPE                                         r  design_1_wrapper/design_1/design_1_axi_interconnect_hp0_0/s00_couplers_imp_S4BDUK/design_1_axi_interconnect_hp0_imp_auto_pc_0/design_1_axi_interconnect_hp0_imp_auto_pc_0_axi_protocol_converter_v2_1_37_axi_protocol_converter/design_1_axi_interconnect_hp0_imp_auto_pc_0_axi_protocol_converter_v2_1_37_axi3_conv/design_1_axi_interconnect_hp0_imp_auto_pc_0_axi_protocol_converter_v2_1_37_a_axi3_conv/design_1_axi_interconnect_hp0_imp_auto_pc_0_axi_data_fifo_v2_1_36_axic_fifo/design_1_axi_interconnect_hp0_imp_auto_pc_0_axi_data_fifo_v2_1_36_fifo_gen/<hidden>/<hidden>/<hidden>/<hidden>/<hidden>/<hidden>





